metric,m0,m1,diff,ci_low,ci_high,n_prompts,n_m0,n_m1,direction,scale,contrast,kind,m0_tag,m1_tag,split,role,source,n_anchors
next_event_close_rate,0.2780511811023622,0.10679133858267717,-0.17125984251968504,-0.21100144230769233,-0.13268601190476195,118,127,127,m1_lower,4B,raw - cleaned (s42),treatment,qwen3-4b-cleanv2-s42,qwen3-4b-keep4-s42,test,all,all,127
continue_rate,0.7219488188976378,0.8932086614173228,0.17125984251968496,0.13268601190476198,0.21100144230769227,118,127,127,m1_higher,4B,raw - cleaned (s42),treatment,qwen3-4b-cleanv2-s42,qwen3-4b-keep4-s42,test,all,all,127
eos_without_close_rate,0.0,0.0,0.0,0.0,0.0,118,127,127,interval_covers_zero,4B,raw - cleaned (s42),treatment,qwen3-4b-cleanv2-s42,qwen3-4b-keep4-s42,test,all,all,127
unresolved_rate,0.0,0.0,0.0,0.0,0.0,118,127,127,interval_covers_zero,4B,raw - cleaned (s42),treatment,qwen3-4b-cleanv2-s42,qwen3-4b-keep4-s42,test,all,all,127
margin_first_policy,-3.877952755905513,-5.932227221597299,-2.054274465691786,-2.293336937793489,-1.825084364454443,118,127,127,m1_lower,4B,raw - cleaned (s42),treatment,qwen3-4b-cleanv2-s42,qwen3-4b-keep4-s42,test,all,all,127
margin_first_raw,-4.214566929133858,-5.65255905511811,-1.4379921259842519,-1.6053358564554432,-1.2775590551181102,118,127,127,m1_lower,4B,raw - cleaned (s42),treatment,qwen3-4b-cleanv2-s42,qwen3-4b-keep4-s42,test,all,all,127
close_prob_pre_filter,0.2743866276115889,0.11720412258869442,-0.15718250502289446,-0.18814358132706052,-0.1263654793147815,118,127,127,m1_lower,4B,raw - cleaned (s42),treatment,qwen3-4b-cleanv2-s42,qwen3-4b-keep4-s42,test,all,all,127
close_sampler_prob,0.27220416992821317,0.10644178685150506,-0.1657623830767081,-0.20134928231636834,-0.13105424900167406,118,127,127,m1_lower,4B,raw - cleaned (s42),treatment,qwen3-4b-cleanv2-s42,qwen3-4b-keep4-s42,test,all,all,127
eos_after_forced_close_prob,0.9999990446037679,0.9999980450948293,-9.995089386150013e-07,-1.3158466816626246e-06,-7.574769957524598e-07,118,127,127,m1_lower,4B,raw - cleaned (s42),treatment,qwen3-4b-cleanv2-s42,qwen3-4b-keep4-s42,test,all,all,127
next_event_close_rate,0.189453125,0.0244140625,-0.1650390625,-0.2197700652841782,-0.11407602813852821,61,64,64,m1_lower,4B,raw - cleaned (s42),treatment,qwen3-4b-cleanv2-s42,qwen3-4b-keep4-s42,test,all,qwen3-4b-cleanv2-s42,64
continue_rate,0.810546875,0.9755859375,0.1650390625,0.11407602813852807,0.2197700652841782,61,64,64,m1_higher,4B,raw - cleaned (s42),treatment,qwen3-4b-cleanv2-s42,qwen3-4b-keep4-s42,test,all,qwen3-4b-cleanv2-s42,64
eos_without_close_rate,0.0,0.0,0.0,0.0,0.0,61,64,64,interval_covers_zero,4B,raw - cleaned (s42),treatment,qwen3-4b-cleanv2-s42,qwen3-4b-keep4-s42,test,all,qwen3-4b-cleanv2-s42,64
unresolved_rate,0.0,0.0,0.0,0.0,0.0,61,64,64,interval_covers_zero,4B,raw - cleaned (s42),treatment,qwen3-4b-cleanv2-s42,qwen3-4b-keep4-s42,test,all,qwen3-4b-cleanv2-s42,64
margin_first_policy,-4.232700892857143,-6.609933035714286,-2.3772321428571423,-2.73053589715456,-2.027553763440861,61,64,64,m1_lower,4B,raw - cleaned (s42),treatment,qwen3-4b-cleanv2-s42,qwen3-4b-keep4-s42,test,all,qwen3-4b-cleanv2-s42,64
margin_first_raw,-4.462890625,-6.126953125,-1.6640625,-1.9113751280081928,-1.419287634408603,61,64,64,m1_lower,4B,raw - cleaned (s42),treatment,qwen3-4b-cleanv2-s42,qwen3-4b-keep4-s42,test,all,qwen3-4b-cleanv2-s42,64
close_prob_pre_filter,0.19843758963098335,0.04081424603035583,-0.15762334360062752,-0.20105957258553295,-0.11503339918844938,61,64,64,m1_lower,4B,raw - cleaned (s42),treatment,qwen3-4b-cleanv2-s42,qwen3-4b-keep4-s42,test,all,qwen3-4b-cleanv2-s42,64
close_sampler_prob,0.18536394660250047,0.026963369589748876,-0.1584005770127516,-0.20726811224544764,-0.1112273152962989,61,64,64,m1_lower,4B,raw - cleaned (s42),treatment,qwen3-4b-cleanv2-s42,qwen3-4b-keep4-s42,test,all,qwen3-4b-cleanv2-s42,64
eos_after_forced_close_prob,0.9999989511202098,0.9999979697165284,-9.81403681321602e-07,-1.221501881612519e-06,-7.492734188874197e-07,61,64,64,m1_lower,4B,raw - cleaned (s42),treatment,qwen3-4b-cleanv2-s42,qwen3-4b-keep4-s42,test,all,qwen3-4b-cleanv2-s42,64
next_event_close_rate,0.3680555555555556,0.19047619047619047,-0.17757936507936511,-0.23809988839285715,-0.12400793650793648,58,63,63,m1_lower,4B,raw - cleaned (s42),treatment,qwen3-4b-cleanv2-s42,qwen3-4b-keep4-s42,test,all,qwen3-4b-keep4-s42,63
continue_rate,0.6319444444444444,0.8095238095238095,0.17757936507936511,0.12400793650793651,0.23809988839285715,58,63,63,m1_higher,4B,raw - cleaned (s42),treatment,qwen3-4b-cleanv2-s42,qwen3-4b-keep4-s42,test,all,qwen3-4b-keep4-s42,63
eos_without_close_rate,0.0,0.0,0.0,0.0,0.0,58,63,63,interval_covers_zero,4B,raw - cleaned (s42),treatment,qwen3-4b-cleanv2-s42,qwen3-4b-keep4-s42,test,all,qwen3-4b-keep4-s42,63
unresolved_rate,0.0,0.0,0.0,0.0,0.0,58,63,63,interval_covers_zero,4B,raw - cleaned (s42),treatment,qwen3-4b-cleanv2-s42,qwen3-4b-keep4-s42,test,all,qwen3-4b-keep4-s42,63
margin_first_policy,-3.517573696145126,-5.243764172335601,-1.7261904761904754,-2.013261033321517,-1.4255798504773904,58,63,63,m1_lower,4B,raw - cleaned (s42),treatment,qwen3-4b-cleanv2-s42,qwen3-4b-keep4-s42,test,all,qwen3-4b-keep4-s42,63
margin_first_raw,-3.9623015873015874,-5.170634920634921,-1.2083333333333335,-1.409282723325062,-0.9979058953341745,58,63,63,m1_lower,4B,raw - cleaned (s42),treatment,qwen3-4b-cleanv2-s42,qwen3-4b-keep4-s42,test,all,qwen3-4b-keep4-s42,63
close_prob_pre_filter,0.3515412058776007,0.19480653687018126,-0.15673466900741942,-0.19996375054158455,-0.11623452887342045,58,63,63,m1_lower,4B,raw - cleaned (s42),treatment,qwen3-4b-cleanv2-s42,qwen3-4b-keep4-s42,test,all,qwen3-4b-keep4-s42,63
close_sampler_prob,0.3604228094971912,0.18718176629201924,-0.17324104320517195,-0.22516605517302204,-0.12591263399606706,58,63,63,m1_lower,4B,raw - cleaned (s42),treatment,qwen3-4b-cleanv2-s42,qwen3-4b-keep4-s42,test,all,qwen3-4b-keep4-s42,63
eos_after_forced_close_prob,0.999999139571192,0.9999981216696111,-1.0179015809130831e-06,-1.569453645414165e-06,-6.220156993363982e-07,58,63,63,m1_lower,4B,raw - cleaned (s42),treatment,qwen3-4b-cleanv2-s42,qwen3-4b-keep4-s42,test,all,qwen3-4b-keep4-s42,63
next_event_close_rate,0.5274621212121212,0.20549242424242425,-0.32196969696969696,-0.3750236742424242,-0.26609848484848486,66,66,66,m1_lower,4B,raw - cleaned (s42),treatment,qwen3-4b-cleanv2-s42,qwen3-4b-keep4-s42,test,natural_stop,all,66
continue_rate,0.4725378787878788,0.7945075757575758,0.321969696969697,0.26609848484848486,0.3750236742424241,66,66,66,m1_higher,4B,raw - cleaned (s42),treatment,qwen3-4b-cleanv2-s42,qwen3-4b-keep4-s42,test,natural_stop,all,66
eos_without_close_rate,0.0,0.0,0.0,0.0,0.0,66,66,66,interval_covers_zero,4B,raw - cleaned (s42),treatment,qwen3-4b-cleanv2-s42,qwen3-4b-keep4-s42,test,natural_stop,all,66
unresolved_rate,0.0,0.0,0.0,0.0,0.0,66,66,66,interval_covers_zero,4B,raw - cleaned (s42),treatment,qwen3-4b-cleanv2-s42,qwen3-4b-keep4-s42,test,natural_stop,all,66
margin_first_policy,0.0649350649350646,-1.9615800865800872,-2.026515151515152,-2.3484848484848486,-1.7234172077922085,66,66,66,m1_lower,4B,raw - cleaned (s42),treatment,qwen3-4b-cleanv2-s42,qwen3-4b-keep4-s42,test,natural_stop,all,66
margin_first_raw,-1.4545454545454546,-2.8731060606060606,-1.418560606060606,-1.643939393939394,-1.2063920454545456,66,66,66,m1_lower,4B,raw - cleaned (s42),treatment,qwen3-4b-cleanv2-s42,qwen3-4b-keep4-s42,test,natural_stop,all,66
close_prob_pre_filter,0.5071368264180147,0.2238710623946468,-0.2832657640233679,-0.3182424714708911,-0.24663196340412855,66,66,66,m1_lower,4B,raw - cleaned (s42),treatment,qwen3-4b-cleanv2-s42,qwen3-4b-keep4-s42,test,natural_stop,all,66
close_sampler_prob,0.5160107405533699,0.20481980197183544,-0.31119093858153446,-0.3529953607847655,-0.26909630617713665,66,66,66,m1_lower,4B,raw - cleaned (s42),treatment,qwen3-4b-cleanv2-s42,qwen3-4b-keep4-s42,test,natural_stop,all,66
eos_after_forced_close_prob,0.9999993027811924,0.9999985590549227,-7.437262696807778e-07,-9.389742158111281e-07,-5.847101010703073e-07,66,66,66,m1_lower,4B,raw - cleaned (s42),treatment,qwen3-4b-cleanv2-s42,qwen3-4b-keep4-s42,test,natural_stop,all,66
next_event_close_rate,0.36742424242424243,0.04734848484848485,-0.32007575757575757,-0.3825757575757576,-0.26131628787878813,33,33,33,m1_lower,4B,raw - cleaned (s42),treatment,qwen3-4b-cleanv2-s42,qwen3-4b-keep4-s42,test,natural_stop,qwen3-4b-cleanv2-s42,33
continue_rate,0.6325757575757576,0.9526515151515151,0.32007575757575757,0.26131628787878786,0.38257575757575757,33,33,33,m1_higher,4B,raw - cleaned (s42),treatment,qwen3-4b-cleanv2-s42,qwen3-4b-keep4-s42,test,natural_stop,qwen3-4b-cleanv2-s42,33
eos_without_close_rate,0.0,0.0,0.0,0.0,0.0,33,33,33,interval_covers_zero,4B,raw - cleaned (s42),treatment,qwen3-4b-cleanv2-s42,qwen3-4b-keep4-s42,test,natural_stop,qwen3-4b-cleanv2-s42,33
unresolved_rate,0.0,0.0,0.0,0.0,0.0,33,33,33,interval_covers_zero,4B,raw - cleaned (s42),treatment,qwen3-4b-cleanv2-s42,qwen3-4b-keep4-s42,test,natural_stop,qwen3-4b-cleanv2-s42,33
margin_first_policy,-0.5681818181818186,-3.3495670995670994,-2.7813852813852806,-3.2305194805194803,-2.342938311688311,33,33,33,m1_lower,4B,raw - cleaned (s42),treatment,qwen3-4b-cleanv2-s42,qwen3-4b-keep4-s42,test,natural_stop,qwen3-4b-cleanv2-s42,33
margin_first_raw,-1.8977272727272727,-3.8446969696969697,-1.946969696969697,-2.2613636363636362,-1.6400568181818185,33,33,33,m1_lower,4B,raw - cleaned (s42),treatment,qwen3-4b-cleanv2-s42,qwen3-4b-keep4-s42,test,natural_stop,qwen3-4b-cleanv2-s42,33
close_prob_pre_filter,0.3704117783752008,0.07788102135256002,-0.29253075702264075,-0.3373888390761469,-0.2528007804781376,33,33,33,m1_lower,4B,raw - cleaned (s42),treatment,qwen3-4b-cleanv2-s42,qwen3-4b-keep4-s42,test,natural_stop,qwen3-4b-cleanv2-s42,33
close_sampler_prob,0.3594937146230312,0.05229259556799782,-0.3072011190550334,-0.3609289056415292,-0.25673217654942904,33,33,33,m1_lower,4B,raw - cleaned (s42),treatment,qwen3-4b-cleanv2-s42,qwen3-4b-keep4-s42,test,natural_stop,qwen3-4b-cleanv2-s42,33
eos_after_forced_close_prob,0.9999991869776328,0.9999982014766504,-9.855009823755978e-07,-1.3423857211647405e-06,-7.12831807359038e-07,33,33,33,m1_lower,4B,raw - cleaned (s42),treatment,qwen3-4b-cleanv2-s42,qwen3-4b-keep4-s42,test,natural_stop,qwen3-4b-cleanv2-s42,33
next_event_close_rate,0.6875,0.36363636363636365,-0.32386363636363635,-0.4109848484848485,-0.24053030303030304,33,33,33,m1_lower,4B,raw - cleaned (s42),treatment,qwen3-4b-cleanv2-s42,qwen3-4b-keep4-s42,test,natural_stop,qwen3-4b-keep4-s42,33
continue_rate,0.3125,0.6363636363636364,0.32386363636363635,0.24053030303030304,0.4109848484848485,33,33,33,m1_higher,4B,raw - cleaned (s42),treatment,qwen3-4b-cleanv2-s42,qwen3-4b-keep4-s42,test,natural_stop,qwen3-4b-keep4-s42,33
eos_without_close_rate,0.0,0.0,0.0,0.0,0.0,33,33,33,interval_covers_zero,4B,raw - cleaned (s42),treatment,qwen3-4b-cleanv2-s42,qwen3-4b-keep4-s42,test,natural_stop,qwen3-4b-keep4-s42,33
unresolved_rate,0.0,0.0,0.0,0.0,0.0,33,33,33,interval_covers_zero,4B,raw - cleaned (s42),treatment,qwen3-4b-cleanv2-s42,qwen3-4b-keep4-s42,test,natural_stop,qwen3-4b-keep4-s42,33
margin_first_policy,0.6980519480519478,-0.5735930735930745,-1.2716450216450224,-1.5423430735930752,-1.0010822510822512,33,33,33,m1_lower,4B,raw - cleaned (s42),treatment,qwen3-4b-cleanv2-s42,qwen3-4b-keep4-s42,test,natural_stop,qwen3-4b-keep4-s42,33
margin_first_raw,-1.0113636363636365,-1.9015151515151516,-0.8901515151515151,-1.0796401515151515,-0.7007575757575757,33,33,33,m1_lower,4B,raw - cleaned (s42),treatment,qwen3-4b-cleanv2-s42,qwen3-4b-keep4-s42,test,natural_stop,qwen3-4b-keep4-s42,33
close_prob_pre_filter,0.6438618744608285,0.3698611034367336,-0.2740007710240949,-0.3322269364552017,-0.214549403287484,33,33,33,m1_lower,4B,raw - cleaned (s42),treatment,qwen3-4b-cleanv2-s42,qwen3-4b-keep4-s42,test,natural_stop,qwen3-4b-keep4-s42,33
close_sampler_prob,0.6725277664837087,0.3573470083756732,-0.31518075810803553,-0.3827936130372232,-0.24641512691804685,33,33,33,m1_lower,4B,raw - cleaned (s42),treatment,qwen3-4b-cleanv2-s42,qwen3-4b-keep4-s42,test,natural_stop,qwen3-4b-keep4-s42,33
eos_after_forced_close_prob,0.9999994185847517,0.9999989166331948,-5.019515568749355e-07,-6.620174290594693e-07,-3.6948151278248795e-07,33,33,33,m1_lower,4B,raw - cleaned (s42),treatment,qwen3-4b-cleanv2-s42,qwen3-4b-keep4-s42,test,natural_stop,qwen3-4b-keep4-s42,33
next_event_close_rate,0.0,0.0,0.0,0.0,0.0,33,33,33,interval_covers_zero,4B,raw - cleaned (s42),treatment,qwen3-4b-cleanv2-s42,qwen3-4b-keep4-s42,test,early_remaining,all,33
continue_rate,1.0,1.0,0.0,0.0,0.0,33,33,33,interval_covers_zero,4B,raw - cleaned (s42),treatment,qwen3-4b-cleanv2-s42,qwen3-4b-keep4-s42,test,early_remaining,all,33
eos_without_close_rate,0.0,0.0,0.0,0.0,0.0,33,33,33,interval_covers_zero,4B,raw - cleaned (s42),treatment,qwen3-4b-cleanv2-s42,qwen3-4b-keep4-s42,test,early_remaining,all,33
unresolved_rate,0.0,0.0,0.0,0.0,0.0,33,33,33,interval_covers_zero,4B,raw - cleaned (s42),treatment,qwen3-4b-cleanv2-s42,qwen3-4b-keep4-s42,test,early_remaining,all,33
margin_first_policy,-10.075757575757578,-11.866883116883118,-1.79112554112554,-2.3051948051948052,-1.3257575757575761,33,33,33,m1_lower,4B,raw - cleaned (s42),treatment,qwen3-4b-cleanv2-s42,qwen3-4b-keep4-s42,test,early_remaining,all,33
margin_first_raw,-8.553030303030303,-9.806818181818182,-1.253787878787879,-1.6136363636363642,-0.9280303030303028,33,33,33,m1_lower,4B,raw - cleaned (s42),treatment,qwen3-4b-cleanv2-s42,qwen3-4b-keep4-s42,test,early_remaining,all,33
close_prob_pre_filter,0.0032950004521866798,0.00020023265427084635,-0.0030947677979158332,-0.006178635606523756,-0.0008057644636415912,33,33,33,m1_lower,4B,raw - cleaned (s42),treatment,qwen3-4b-cleanv2-s42,qwen3-4b-keep4-s42,test,early_remaining,all,33
close_sampler_prob,0.0,0.0,0.0,0.0,0.0,33,33,33,interval_covers_zero,4B,raw - cleaned (s42),treatment,qwen3-4b-cleanv2-s42,qwen3-4b-keep4-s42,test,early_remaining,all,33
eos_after_forced_close_prob,0.9999984747190306,0.9999968441851864,-1.6305338441657824e-06,-2.7118291307859365e-06,-9.063344103027454e-07,33,33,33,m1_lower,4B,raw - cleaned (s42),treatment,qwen3-4b-cleanv2-s42,qwen3-4b-keep4-s42,test,early_remaining,all,33
next_event_close_rate,0.0,0.0,0.0,0.0,0.0,16,16,16,interval_covers_zero,4B,raw - cleaned (s42),treatment,qwen3-4b-cleanv2-s42,qwen3-4b-keep4-s42,test,early_remaining,qwen3-4b-cleanv2-s42,16
continue_rate,1.0,1.0,0.0,0.0,0.0,16,16,16,interval_covers_zero,4B,raw - cleaned (s42),treatment,qwen3-4b-cleanv2-s42,qwen3-4b-keep4-s42,test,early_remaining,qwen3-4b-cleanv2-s42,16
eos_without_close_rate,0.0,0.0,0.0,0.0,0.0,16,16,16,interval_covers_zero,4B,raw - cleaned (s42),treatment,qwen3-4b-cleanv2-s42,qwen3-4b-keep4-s42,test,early_remaining,qwen3-4b-cleanv2-s42,16
unresolved_rate,0.0,0.0,0.0,0.0,0.0,16,16,16,interval_covers_zero,4B,raw - cleaned (s42),treatment,qwen3-4b-cleanv2-s42,qwen3-4b-keep4-s42,test,early_remaining,qwen3-4b-cleanv2-s42,16
margin_first_policy,-9.88839285714286,-11.573660714285715,-1.6852678571428559,-2.466517857142856,-1.0044642857142865,16,16,16,m1_lower,4B,raw - cleaned (s42),treatment,qwen3-4b-cleanv2-s42,qwen3-4b-keep4-s42,test,early_remaining,qwen3-4b-cleanv2-s42,16
margin_first_raw,-8.421875,-9.6015625,-1.1796875,-1.7265625,-0.703125,16,16,16,m1_lower,4B,raw - cleaned (s42),treatment,qwen3-4b-cleanv2-s42,qwen3-4b-keep4-s42,test,early_remaining,qwen3-4b-cleanv2-s42,16
close_prob_pre_filter,0.003844008216852298,0.00026617282824917385,-0.003577835388603124,-0.008455604831473696,-0.0005012204184712568,16,16,16,m1_lower,4B,raw - cleaned (s42),treatment,qwen3-4b-cleanv2-s42,qwen3-4b-keep4-s42,test,early_remaining,qwen3-4b-cleanv2-s42,16
close_sampler_prob,0.0,0.0,0.0,0.0,0.0,16,16,16,interval_covers_zero,4B,raw - cleaned (s42),treatment,qwen3-4b-cleanv2-s42,qwen3-4b-keep4-s42,test,early_remaining,qwen3-4b-cleanv2-s42,16
eos_after_forced_close_prob,0.9999983231575509,0.999997211015806,-1.1121417449189153e-06,-1.663280146235735e-06,-5.646152552940545e-07,16,16,16,m1_lower,4B,raw - cleaned (s42),treatment,qwen3-4b-cleanv2-s42,qwen3-4b-keep4-s42,test,early_remaining,qwen3-4b-cleanv2-s42,16
next_event_close_rate,0.0,0.0,0.0,0.0,0.0,17,17,17,interval_covers_zero,4B,raw - cleaned (s42),treatment,qwen3-4b-cleanv2-s42,qwen3-4b-keep4-s42,test,early_remaining,qwen3-4b-keep4-s42,17
continue_rate,1.0,1.0,0.0,0.0,0.0,17,17,17,interval_covers_zero,4B,raw - cleaned (s42),treatment,qwen3-4b-cleanv2-s42,qwen3-4b-keep4-s42,test,early_remaining,qwen3-4b-keep4-s42,17
eos_without_close_rate,0.0,0.0,0.0,0.0,0.0,17,17,17,interval_covers_zero,4B,raw - cleaned (s42),treatment,qwen3-4b-cleanv2-s42,qwen3-4b-keep4-s42,test,early_remaining,qwen3-4b-keep4-s42,17
unresolved_rate,0.0,0.0,0.0,0.0,0.0,17,17,17,interval_covers_zero,4B,raw - cleaned (s42),treatment,qwen3-4b-cleanv2-s42,qwen3-4b-keep4-s42,test,early_remaining,qwen3-4b-keep4-s42,17
margin_first_policy,-10.252100840336137,-12.142857142857146,-1.8907563025210088,-2.594537815126051,-1.2605042016806713,17,17,17,m1_lower,4B,raw - cleaned (s42),treatment,qwen3-4b-cleanv2-s42,qwen3-4b-keep4-s42,test,early_remaining,qwen3-4b-keep4-s42,17
margin_first_raw,-8.676470588235293,-10.0,-1.3235294117647065,-1.8161764705882355,-0.882352941176471,17,17,17,m1_lower,4B,raw - cleaned (s42),treatment,qwen3-4b-cleanv2-s42,qwen3-4b-keep4-s42,test,early_remaining,qwen3-4b-keep4-s42,17
close_prob_pre_filter,0.0027782872619131578,0.00013817131405595,-0.002640115947857208,-0.00611857145135843,-5.191191463468551e-05,17,17,17,m1_lower,4B,raw - cleaned (s42),treatment,qwen3-4b-cleanv2-s42,qwen3-4b-keep4-s42,test,early_remaining,qwen3-4b-keep4-s42,17
close_sampler_prob,0.0,0.0,0.0,0.0,0.0,17,17,17,interval_covers_zero,4B,raw - cleaned (s42),treatment,qwen3-4b-cleanv2-s42,qwen3-4b-keep4-s42,test,early_remaining,qwen3-4b-keep4-s42,17
eos_after_forced_close_prob,0.9999986173651292,0.9999964989328386,-2.118432290587613e-06,-4.096462132463507e-06,-7.801752229197328e-07,17,17,17,m1_lower,4B,raw - cleaned (s42),treatment,qwen3-4b-cleanv2-s42,qwen3-4b-keep4-s42,test,early_remaining,qwen3-4b-keep4-s42,17
next_event_close_rate,0.017857142857142856,0.0,-0.017857142857142856,-0.044642857142857144,0.0,28,28,28,interval_covers_zero,4B,raw - cleaned (s42),treatment,qwen3-4b-cleanv2-s42,qwen3-4b-keep4-s42,test,pre_first_reuse,all,28
continue_rate,0.9821428571428571,1.0,0.017857142857142905,0.0,0.044642857142857095,28,28,28,interval_covers_zero,4B,raw - cleaned (s42),treatment,qwen3-4b-cleanv2-s42,qwen3-4b-keep4-s42,test,pre_first_reuse,all,28
eos_without_close_rate,0.0,0.0,0.0,0.0,0.0,28,28,28,interval_covers_zero,4B,raw - cleaned (s42),treatment,qwen3-4b-cleanv2-s42,qwen3-4b-keep4-s42,test,pre_first_reuse,all,28
unresolved_rate,0.0,0.0,0.0,0.0,0.0,28,28,28,interval_covers_zero,4B,raw - cleaned (s42),treatment,qwen3-4b-cleanv2-s42,qwen3-4b-keep4-s42,test,pre_first_reuse,all,28
margin_first_policy,-5.86734693877551,-8.29719387755102,-2.42984693877551,-2.991071428571428,-1.9196428571428577,28,28,28,m1_lower,4B,raw - cleaned (s42),treatment,qwen3-4b-cleanv2-s42,qwen3-4b-keep4-s42,test,pre_first_reuse,all,28
margin_first_raw,-5.607142857142857,-7.308035714285714,-1.7008928571428577,-2.09375,-1.34375,28,28,28,m1_lower,4B,raw - cleaned (s42),treatment,qwen3-4b-cleanv2-s42,qwen3-4b-keep4-s42,test,pre_first_reuse,all,28
close_prob_pre_filter,0.04526200529145157,0.003672349040234526,-0.04158965625121705,-0.06958572215754624,-0.01752146800979104,28,28,28,m1_lower,4B,raw - cleaned (s42),treatment,qwen3-4b-cleanv2-s42,qwen3-4b-keep4-s42,test,pre_first_reuse,all,28
close_sampler_prob,0.01832931087002354,0.0,-0.01832931087002354,-0.044612198126665246,0.0,28,28,28,interval_covers_zero,4B,raw - cleaned (s42),treatment,qwen3-4b-cleanv2-s42,qwen3-4b-keep4-s42,test,pre_first_reuse,all,28
eos_after_forced_close_prob,0.9999991076925646,0.9999982489752597,-8.587173049301455e-07,-1.1569907575226245e-06,-5.681785076538939e-07,28,28,28,m1_lower,4B,raw - cleaned (s42),treatment,qwen3-4b-cleanv2-s42,qwen3-4b-keep4-s42,test,pre_first_reuse,all,28
next_event_close_rate,0.0,0.0,0.0,0.0,0.0,15,15,15,interval_covers_zero,4B,raw - cleaned (s42),treatment,qwen3-4b-cleanv2-s42,qwen3-4b-keep4-s42,test,pre_first_reuse,qwen3-4b-cleanv2-s42,15
continue_rate,1.0,1.0,0.0,0.0,0.0,15,15,15,interval_covers_zero,4B,raw - cleaned (s42),treatment,qwen3-4b-cleanv2-s42,qwen3-4b-keep4-s42,test,pre_first_reuse,qwen3-4b-cleanv2-s42,15
eos_without_close_rate,0.0,0.0,0.0,0.0,0.0,15,15,15,interval_covers_zero,4B,raw - cleaned (s42),treatment,qwen3-4b-cleanv2-s42,qwen3-4b-keep4-s42,test,pre_first_reuse,qwen3-4b-cleanv2-s42,15
unresolved_rate,0.0,0.0,0.0,0.0,0.0,15,15,15,interval_covers_zero,4B,raw - cleaned (s42),treatment,qwen3-4b-cleanv2-s42,qwen3-4b-keep4-s42,test,pre_first_reuse,qwen3-4b-cleanv2-s42,15
margin_first_policy,-6.261904761904763,-8.488095238095237,-2.2261904761904745,-3.0476190476190466,-1.4761904761904736,15,15,15,m1_lower,4B,raw - cleaned (s42),treatment,qwen3-4b-cleanv2-s42,qwen3-4b-keep4-s42,test,pre_first_reuse,qwen3-4b-cleanv2-s42,15
margin_first_raw,-5.883333333333334,-7.441666666666666,-1.5583333333333327,-2.133333333333333,-1.0333333333333332,15,15,15,m1_lower,4B,raw - cleaned (s42),treatment,qwen3-4b-cleanv2-s42,qwen3-4b-keep4-s42,test,pre_first_reuse,qwen3-4b-cleanv2-s42,15
close_prob_pre_filter,0.027660861235444756,0.0025186184037537403,-0.025142242831691017,-0.0491726458649684,-0.00527548307482268,15,15,15,m1_lower,4B,raw - cleaned (s42),treatment,qwen3-4b-cleanv2-s42,qwen3-4b-keep4-s42,test,pre_first_reuse,qwen3-4b-cleanv2-s42,15
close_sampler_prob,0.0,0.0,0.0,0.0,0.0,15,15,15,interval_covers_zero,4B,raw - cleaned (s42),treatment,qwen3-4b-cleanv2-s42,qwen3-4b-keep4-s42,test,pre_first_reuse,qwen3-4b-cleanv2-s42,15
eos_after_forced_close_prob,0.9999991020607144,0.9999982691250303,-8.329356840919289e-07,-1.3244973012360717e-06,-3.6441720255575594e-07,15,15,15,m1_lower,4B,raw - cleaned (s42),treatment,qwen3-4b-cleanv2-s42,qwen3-4b-keep4-s42,test,pre_first_reuse,qwen3-4b-cleanv2-s42,15
next_event_close_rate,0.038461538461538464,0.0,-0.038461538461538464,-0.09615384615384616,0.0,13,13,13,interval_covers_zero,4B,raw - cleaned (s42),treatment,qwen3-4b-cleanv2-s42,qwen3-4b-keep4-s42,test,pre_first_reuse,qwen3-4b-keep4-s42,13
continue_rate,0.9615384615384616,1.0,0.038461538461538436,0.0,0.09615384615384615,13,13,13,interval_covers_zero,4B,raw - cleaned (s42),treatment,qwen3-4b-cleanv2-s42,qwen3-4b-keep4-s42,test,pre_first_reuse,qwen3-4b-keep4-s42,13
eos_without_close_rate,0.0,0.0,0.0,0.0,0.0,13,13,13,interval_covers_zero,4B,raw - cleaned (s42),treatment,qwen3-4b-cleanv2-s42,qwen3-4b-keep4-s42,test,pre_first_reuse,qwen3-4b-keep4-s42,13
unresolved_rate,0.0,0.0,0.0,0.0,0.0,13,13,13,interval_covers_zero,4B,raw - cleaned (s42),treatment,qwen3-4b-cleanv2-s42,qwen3-4b-keep4-s42,test,pre_first_reuse,qwen3-4b-keep4-s42,13
margin_first_policy,-5.412087912087912,-8.076923076923078,-2.664835164835166,-3.351991758241762,-1.9776785714285734,13,13,13,m1_lower,4B,raw - cleaned (s42),treatment,qwen3-4b-cleanv2-s42,qwen3-4b-keep4-s42,test,pre_first_reuse,qwen3-4b-keep4-s42,13
margin_first_raw,-5.288461538461538,-7.153846153846154,-1.8653846153846159,-2.3463942307692314,-1.3843750000000017,13,13,13,m1_lower,4B,raw - cleaned (s42),treatment,qwen3-4b-cleanv2-s42,qwen3-4b-keep4-s42,test,pre_first_reuse,qwen3-4b-keep4-s42,13
close_prob_pre_filter,0.0655710176637671,0.005003576697712357,-0.06056744096605475,-0.1100139487434427,-0.017604353095470267,13,13,13,m1_lower,4B,raw - cleaned (s42),treatment,qwen3-4b-cleanv2-s42,qwen3-4b-keep4-s42,test,pre_first_reuse,qwen3-4b-keep4-s42,13
close_sampler_prob,0.039478515720050705,0.0,-0.039478515720050705,-0.09608781134974054,0.0,13,13,13,interval_covers_zero,4B,raw - cleaned (s42),treatment,qwen3-4b-cleanv2-s42,qwen3-4b-keep4-s42,test,pre_first_reuse,qwen3-4b-keep4-s42,13
eos_after_forced_close_prob,0.9999991141908532,0.9999982257255241,-8.88465329085264e-07,-1.2090637325462561e-06,-5.706641266783886e-07,13,13,13,m1_lower,4B,raw - cleaned (s42),treatment,qwen3-4b-cleanv2-s42,qwen3-4b-keep4-s42,test,pre_first_reuse,qwen3-4b-keep4-s42,13
next_event_close_rate,0.29457364341085274,0.10077519379844961,-0.1937984496124031,-0.2342684282806313,-0.1555451127819549,117,129,129,m1_lower,4B,raw - cleaned (s42),treatment,qwen3-4b-cleanv2-s42,qwen3-4b-keep4-s42,dev,all,all,129
continue_rate,0.7054263565891473,0.8992248062015504,0.1937984496124031,0.15554511278195482,0.23426842828063132,117,129,129,m1_higher,4B,raw - cleaned (s42),treatment,qwen3-4b-cleanv2-s42,qwen3-4b-keep4-s42,dev,all,all,129
eos_without_close_rate,0.0,0.0,0.0,0.0,0.0,117,129,129,interval_covers_zero,4B,raw - cleaned (s42),treatment,qwen3-4b-cleanv2-s42,qwen3-4b-keep4-s42,dev,all,all,129
unresolved_rate,0.0,0.0,0.0,0.0,0.0,117,129,129,interval_covers_zero,4B,raw - cleaned (s42),treatment,qwen3-4b-cleanv2-s42,qwen3-4b-keep4-s42,dev,all,all,129
margin_first_policy,-4.245570321151716,-6.035437430786269,-1.789867109634553,-2.018155699779912,-1.5701860549972584,117,129,129,m1_lower,4B,raw - cleaned (s42),treatment,qwen3-4b-cleanv2-s42,qwen3-4b-keep4-s42,dev,all,all,129
margin_first_raw,-4.471899224806202,-5.724806201550388,-1.2529069767441863,-1.412708989845938,-1.099130238498081,117,129,129,m1_lower,4B,raw - cleaned (s42),treatment,qwen3-4b-cleanv2-s42,qwen3-4b-keep4-s42,dev,all,all,129
close_prob_pre_filter,0.2856976037628402,0.12064119905241436,-0.16505640471042585,-0.19363290643002876,-0.13629659635153826,117,129,129,m1_lower,4B,raw - cleaned (s42),treatment,qwen3-4b-cleanv2-s42,qwen3-4b-keep4-s42,dev,all,all,129
close_sampler_prob,0.28876065369334863,0.10698139646733379,-0.18177925722601485,-0.2160738223253826,-0.14756247889079324,117,129,129,m1_lower,4B,raw - cleaned (s42),treatment,qwen3-4b-cleanv2-s42,qwen3-4b-keep4-s42,dev,all,all,129
eos_after_forced_close_prob,0.9999988778152332,0.9999979386060116,-9.392092216176096e-07,-1.1663725552835126e-06,-7.113479205456131e-07,117,129,129,m1_lower,4B,raw - cleaned (s42),treatment,qwen3-4b-cleanv2-s42,qwen3-4b-keep4-s42,dev,all,all,129
next_event_close_rate,0.2216796875,0.03515625,-0.1865234375,-0.24609375,-0.13066378066378076,63,64,64,m1_lower,4B,raw - cleaned (s42),treatment,qwen3-4b-cleanv2-s42,qwen3-4b-keep4-s42,dev,all,qwen3-4b-cleanv2-s42,64
continue_rate,0.7783203125,0.96484375,0.1865234375,0.1306637806637807,0.24609375,63,64,64,m1_higher,4B,raw - cleaned (s42),treatment,qwen3-4b-cleanv2-s42,qwen3-4b-keep4-s42,dev,all,qwen3-4b-cleanv2-s42,64
eos_without_close_rate,0.0,0.0,0.0,0.0,0.0,63,64,64,interval_covers_zero,4B,raw - cleaned (s42),treatment,qwen3-4b-cleanv2-s42,qwen3-4b-keep4-s42,dev,all,qwen3-4b-cleanv2-s42,64
unresolved_rate,0.0,0.0,0.0,0.0,0.0,63,64,64,interval_covers_zero,4B,raw - cleaned (s42),treatment,qwen3-4b-cleanv2-s42,qwen3-4b-keep4-s42,dev,all,qwen3-4b-cleanv2-s42,64
margin_first_policy,-4.347098214285715,-6.545758928571431,-2.1986607142857153,-2.548217556253273,-1.8625686813186821,63,64,64,m1_lower,4B,raw - cleaned (s42),treatment,qwen3-4b-cleanv2-s42,qwen3-4b-keep4-s42,dev,all,qwen3-4b-cleanv2-s42,64
margin_first_raw,-4.54296875,-6.08203125,-1.5390625,-1.7837522893772897,-1.303798076923077,63,64,64,m1_lower,4B,raw - cleaned (s42),treatment,qwen3-4b-cleanv2-s42,qwen3-4b-keep4-s42,dev,all,qwen3-4b-cleanv2-s42,64
close_prob_pre_filter,0.22673377564685065,0.06059841224104132,-0.16613536340580934,-0.2097809318795573,-0.12428951272895072,63,64,64,m1_lower,4B,raw - cleaned (s42),treatment,qwen3-4b-cleanv2-s42,qwen3-4b-keep4-s42,dev,all,qwen3-4b-cleanv2-s42,64
close_sampler_prob,0.22192043151658644,0.03845774195494733,-0.1834626895616391,-0.23646713429770427,-0.13311425165202903,63,64,64,m1_lower,4B,raw - cleaned (s42),treatment,qwen3-4b-cleanv2-s42,qwen3-4b-keep4-s42,dev,all,qwen3-4b-cleanv2-s42,64
eos_after_forced_close_prob,0.9999988297514552,0.9999980406420147,-7.891094404577359e-07,-1.0905381144094006e-06,-4.4228052358819006e-07,63,64,64,m1_lower,4B,raw - cleaned (s42),treatment,qwen3-4b-cleanv2-s42,qwen3-4b-keep4-s42,dev,all,qwen3-4b-cleanv2-s42,64
next_event_close_rate,0.3663461538461538,0.16538461538461538,-0.20096153846153844,-0.2630597014925373,-0.14452373798076928,61,65,65,m1_lower,4B,raw - cleaned (s42),treatment,qwen3-4b-cleanv2-s42,qwen3-4b-keep4-s42,dev,all,qwen3-4b-keep4-s42,65
continue_rate,0.6336538461538461,0.8346153846153846,0.20096153846153852,0.14452373798076923,0.2630597014925372,61,65,65,m1_higher,4B,raw - cleaned (s42),treatment,qwen3-4b-cleanv2-s42,qwen3-4b-keep4-s42,dev,all,qwen3-4b-keep4-s42,65
eos_without_close_rate,0.0,0.0,0.0,0.0,0.0,61,65,65,interval_covers_zero,4B,raw - cleaned (s42),treatment,qwen3-4b-cleanv2-s42,qwen3-4b-keep4-s42,dev,all,qwen3-4b-keep4-s42,65
unresolved_rate,0.0,0.0,0.0,0.0,0.0,61,65,65,interval_covers_zero,4B,raw - cleaned (s42),treatment,qwen3-4b-cleanv2-s42,qwen3-4b-keep4-s42,dev,all,qwen3-4b-keep4-s42,65
margin_first_policy,-4.145604395604396,-5.532967032967034,-1.3873626373626378,-1.6721455627705637,-1.1076444249574828,61,65,65,m1_lower,4B,raw - cleaned (s42),treatment,qwen3-4b-cleanv2-s42,qwen3-4b-keep4-s42,dev,all,qwen3-4b-keep4-s42,65
margin_first_raw,-4.401923076923077,-5.373076923076923,-0.9711538461538458,-1.1705018939393934,-0.7753510974702383,61,65,65,m1_lower,4B,raw - cleaned (s42),treatment,qwen3-4b-cleanv2-s42,qwen3-4b-keep4-s42,dev,all,qwen3-4b-keep4-s42,65
close_prob_pre_filter,0.3437542960616607,0.17976025068207396,-0.16399404537958673,-0.20750431961947258,-0.12249445504254954,61,65,65,m1_lower,4B,raw - cleaned (s42),treatment,qwen3-4b-cleanv2-s42,qwen3-4b-keep4-s42,dev,all,qwen3-4b-keep4-s42,65
close_sampler_prob,0.3545725647596992,0.1744508409102989,-0.18012172384940034,-0.23009019987641377,-0.133041994618842,61,65,65,m1_lower,4B,raw - cleaned (s42),treatment,qwen3-4b-cleanv2-s42,qwen3-4b-keep4-s42,dev,all,qwen3-4b-keep4-s42,65
eos_after_forced_close_prob,0.9999989251395688,0.9999978381397934,-1.0869997754126004e-06,-1.4587737636628794e-06,-8.070278587152259e-07,61,65,65,m1_lower,4B,raw - cleaned (s42),treatment,qwen3-4b-cleanv2-s42,qwen3-4b-keep4-s42,dev,all,qwen3-4b-keep4-s42,65
next_event_close_rate,0.5655241935483871,0.20967741935483872,-0.3558467741935484,-0.41145833333333337,-0.30094758064516136,60,62,62,m1_lower,4B,raw - cleaned (s42),treatment,qwen3-4b-cleanv2-s42,qwen3-4b-keep4-s42,dev,natural_stop,all,62
continue_rate,0.4344758064516129,0.7903225806451613,0.3558467741935484,0.3009475806451613,0.4114583333333333,60,62,62,m1_higher,4B,raw - cleaned (s42),treatment,qwen3-4b-cleanv2-s42,qwen3-4b-keep4-s42,dev,natural_stop,all,62
eos_without_close_rate,0.0,0.0,0.0,0.0,0.0,60,62,62,interval_covers_zero,4B,raw - cleaned (s42),treatment,qwen3-4b-cleanv2-s42,qwen3-4b-keep4-s42,dev,natural_stop,all,62
unresolved_rate,0.0,0.0,0.0,0.0,0.0,60,62,62,interval_covers_zero,4B,raw - cleaned (s42),treatment,qwen3-4b-cleanv2-s42,qwen3-4b-keep4-s42,dev,natural_stop,all,62
margin_first_policy,0.2563364055299542,-1.670506912442397,-1.9268433179723512,-2.227861533957846,-1.6531898041474664,60,62,62,m1_lower,4B,raw - cleaned (s42),treatment,qwen3-4b-cleanv2-s42,qwen3-4b-keep4-s42,dev,natural_stop,all,62
margin_first_raw,-1.3205645161290323,-2.6693548387096775,-1.3487903225806452,-1.559503073770492,-1.1572328629032258,60,62,62,m1_lower,4B,raw - cleaned (s42),treatment,qwen3-4b-cleanv2-s42,qwen3-4b-keep4-s42,dev,natural_stop,all,62
close_prob_pre_filter,0.5481686382604078,0.24681007459826473,-0.3013585636621431,-0.33528842837876693,-0.26634273479381676,60,62,62,m1_lower,4B,raw - cleaned (s42),treatment,qwen3-4b-cleanv2-s42,qwen3-4b-keep4-s42,dev,natural_stop,all,62
close_sampler_prob,0.5609482412533872,0.22259032490783962,-0.33835791634554757,-0.38117104898117155,-0.29558315237992766,60,62,62,m1_lower,4B,raw - cleaned (s42),treatment,qwen3-4b-cleanv2-s42,qwen3-4b-keep4-s42,dev,natural_stop,all,62
eos_after_forced_close_prob,0.99999942544449,0.9999988128964171,-6.125480729313182e-07,-7.333327080444318e-07,-5.01821425716309e-07,60,62,62,m1_lower,4B,raw - cleaned (s42),treatment,qwen3-4b-cleanv2-s42,qwen3-4b-keep4-s42,dev,natural_stop,all,62
next_event_close_rate,0.4213709677419355,0.07258064516129033,-0.3487903225806452,-0.4194052419354839,-0.2741935483870968,31,31,31,m1_lower,4B,raw - cleaned (s42),treatment,qwen3-4b-cleanv2-s42,qwen3-4b-keep4-s42,dev,natural_stop,qwen3-4b-cleanv2-s42,31
continue_rate,0.5786290322580645,0.9274193548387096,0.34879032258064513,0.27419354838709686,0.4194052419354837,31,31,31,m1_higher,4B,raw - cleaned (s42),treatment,qwen3-4b-cleanv2-s42,qwen3-4b-keep4-s42,dev,natural_stop,qwen3-4b-cleanv2-s42,31
eos_without_close_rate,0.0,0.0,0.0,0.0,0.0,31,31,31,interval_covers_zero,4B,raw - cleaned (s42),treatment,qwen3-4b-cleanv2-s42,qwen3-4b-keep4-s42,dev,natural_stop,qwen3-4b-cleanv2-s42,31
unresolved_rate,0.0,0.0,0.0,0.0,0.0,31,31,31,interval_covers_zero,4B,raw - cleaned (s42),treatment,qwen3-4b-cleanv2-s42,qwen3-4b-keep4-s42,dev,natural_stop,qwen3-4b-cleanv2-s42,31
margin_first_policy,-0.27649769585253425,-2.776497695852536,-2.5000000000000018,-2.9493087557603674,-2.0910138248847945,31,31,31,m1_lower,4B,raw - cleaned (s42),treatment,qwen3-4b-cleanv2-s42,qwen3-4b-keep4-s42,dev,natural_stop,qwen3-4b-cleanv2-s42,31
margin_first_raw,-1.6935483870967742,-3.443548387096774,-1.7499999999999998,-2.064516129032258,-1.463709677419355,31,31,31,m1_lower,4B,raw - cleaned (s42),treatment,qwen3-4b-cleanv2-s42,qwen3-4b-keep4-s42,dev,natural_stop,qwen3-4b-cleanv2-s42,31
close_prob_pre_filter,0.43299657184361046,0.12244967208529126,-0.3105468997583192,-0.3521973570827745,-0.26937176047128686,31,31,31,m1_lower,4B,raw - cleaned (s42),treatment,qwen3-4b-cleanv2-s42,qwen3-4b-keep4-s42,dev,natural_stop,qwen3-4b-cleanv2-s42,31
close_sampler_prob,0.4297890160573187,0.07939662855214932,-0.3503923875051693,-0.4047767071631916,-0.292989248554467,31,31,31,m1_lower,4B,raw - cleaned (s42),treatment,qwen3-4b-cleanv2-s42,qwen3-4b-keep4-s42,dev,natural_stop,qwen3-4b-cleanv2-s42,31
eos_after_forced_close_prob,0.9999993584140378,0.999998787595109,-5.708189287911836e-07,-7.227383253288755e-07,-4.235604378066693e-07,31,31,31,m1_lower,4B,raw - cleaned (s42),treatment,qwen3-4b-cleanv2-s42,qwen3-4b-keep4-s42,dev,natural_stop,qwen3-4b-cleanv2-s42,31
next_event_close_rate,0.7096774193548387,0.3467741935483871,-0.3629032258064516,-0.45161290322580644,-0.27620967741935487,31,31,31,m1_lower,4B,raw - cleaned (s42),treatment,qwen3-4b-cleanv2-s42,qwen3-4b-keep4-s42,dev,natural_stop,qwen3-4b-keep4-s42,31
continue_rate,0.2903225806451613,0.6532258064516129,0.36290322580645157,0.27620967741935487,0.4516129032258064,31,31,31,m1_higher,4B,raw - cleaned (s42),treatment,qwen3-4b-cleanv2-s42,qwen3-4b-keep4-s42,dev,natural_stop,qwen3-4b-keep4-s42,31
eos_without_close_rate,0.0,0.0,0.0,0.0,0.0,31,31,31,interval_covers_zero,4B,raw - cleaned (s42),treatment,qwen3-4b-cleanv2-s42,qwen3-4b-keep4-s42,dev,natural_stop,qwen3-4b-keep4-s42,31
unresolved_rate,0.0,0.0,0.0,0.0,0.0,31,31,31,interval_covers_zero,4B,raw - cleaned (s42),treatment,qwen3-4b-cleanv2-s42,qwen3-4b-keep4-s42,dev,natural_stop,qwen3-4b-keep4-s42,31
margin_first_policy,0.7891705069124426,-0.5645161290322581,-1.3536866359447006,-1.6359447004608292,-1.0714285714285716,31,31,31,m1_lower,4B,raw - cleaned (s42),treatment,qwen3-4b-cleanv2-s42,qwen3-4b-keep4-s42,dev,natural_stop,qwen3-4b-keep4-s42,31
margin_first_raw,-0.9475806451612904,-1.8951612903225807,-0.9475806451612904,-1.1451612903225805,-0.75,31,31,31,m1_lower,4B,raw - cleaned (s42),treatment,qwen3-4b-cleanv2-s42,qwen3-4b-keep4-s42,dev,natural_stop,qwen3-4b-keep4-s42,31
close_prob_pre_filter,0.6633407046772054,0.3711704771112383,-0.2921702275659671,-0.3497395386123684,-0.23273008214584723,31,31,31,m1_lower,4B,raw - cleaned (s42),treatment,qwen3-4b-cleanv2-s42,qwen3-4b-keep4-s42,dev,natural_stop,qwen3-4b-keep4-s42,31
close_sampler_prob,0.6921074664494554,0.36578402126352993,-0.3263234451859255,-0.39431600496052066,-0.2579385819456409,31,31,31,m1_lower,4B,raw - cleaned (s42),treatment,qwen3-4b-cleanv2-s42,qwen3-4b-keep4-s42,dev,natural_stop,qwen3-4b-keep4-s42,31
eos_after_forced_close_prob,0.9999994924749427,0.9999988381977252,-6.54277217515542e-07,-8.068293513435743e-07,-4.928452711910891e-07,31,31,31,m1_lower,4B,raw - cleaned (s42),treatment,qwen3-4b-cleanv2-s42,qwen3-4b-keep4-s42,dev,natural_stop,qwen3-4b-keep4-s42,31
next_event_close_rate,0.012096774193548387,0.0,-0.012096774193548387,-0.036290322580645164,0.0,31,31,31,interval_covers_zero,4B,raw - cleaned (s42),treatment,qwen3-4b-cleanv2-s42,qwen3-4b-keep4-s42,dev,early_remaining,all,31
continue_rate,0.9879032258064516,1.0,0.012096774193548376,0.0,0.03629032258064513,31,31,31,interval_covers_zero,4B,raw - cleaned (s42),treatment,qwen3-4b-cleanv2-s42,qwen3-4b-keep4-s42,dev,early_remaining,all,31
eos_without_close_rate,0.0,0.0,0.0,0.0,0.0,31,31,31,interval_covers_zero,4B,raw - cleaned (s42),treatment,qwen3-4b-cleanv2-s42,qwen3-4b-keep4-s42,dev,early_remaining,all,31
unresolved_rate,0.0,0.0,0.0,0.0,0.0,31,31,31,interval_covers_zero,4B,raw - cleaned (s42),treatment,qwen3-4b-cleanv2-s42,qwen3-4b-keep4-s42,dev,early_remaining,all,31
margin_first_policy,-10.535714285714288,-11.572580645161294,-1.0368663594470053,-1.4863191244239653,-0.5990783410138274,31,31,31,m1_lower,4B,raw - cleaned (s42),treatment,qwen3-4b-cleanv2-s42,qwen3-4b-keep4-s42,dev,early_remaining,all,31
margin_first_raw,-8.875,-9.600806451612904,-0.7258064516129039,-1.0404233870967732,-0.41935483870967794,31,31,31,m1_lower,4B,raw - cleaned (s42),treatment,qwen3-4b-cleanv2-s42,qwen3-4b-keep4-s42,dev,early_remaining,all,31
close_prob_pre_filter,0.008952815558927333,0.0003127260630205156,-0.008640089495906817,-0.025071097274092603,-7.675231034531108e-05,31,31,31,m1_lower,4B,raw - cleaned (s42),treatment,qwen3-4b-cleanv2-s42,qwen3-4b-keep4-s42,dev,early_remaining,all,31
close_sampler_prob,0.008230048526816679,0.0,-0.008230048526816679,-0.024690145580450035,0.0,31,31,31,interval_covers_zero,4B,raw - cleaned (s42),treatment,qwen3-4b-cleanv2-s42,qwen3-4b-keep4-s42,dev,early_remaining,all,31
eos_after_forced_close_prob,0.9999981929151026,0.9999965075790448,-1.6853360578217291e-06,-2.3968778504468435e-06,-1.0687991490371257e-06,31,31,31,m1_lower,4B,raw - cleaned (s42),treatment,qwen3-4b-cleanv2-s42,qwen3-4b-keep4-s42,dev,early_remaining,all,31
next_event_close_rate,0.0234375,0.0,-0.0234375,-0.0703125,0.0,16,16,16,interval_covers_zero,4B,raw - cleaned (s42),treatment,qwen3-4b-cleanv2-s42,qwen3-4b-keep4-s42,dev,early_remaining,qwen3-4b-cleanv2-s42,16
continue_rate,0.9765625,1.0,0.0234375,0.0,0.0703125,16,16,16,interval_covers_zero,4B,raw - cleaned (s42),treatment,qwen3-4b-cleanv2-s42,qwen3-4b-keep4-s42,dev,early_remaining,qwen3-4b-cleanv2-s42,16
eos_without_close_rate,0.0,0.0,0.0,0.0,0.0,16,16,16,interval_covers_zero,4B,raw - cleaned (s42),treatment,qwen3-4b-cleanv2-s42,qwen3-4b-keep4-s42,dev,early_remaining,qwen3-4b-cleanv2-s42,16
unresolved_rate,0.0,0.0,0.0,0.0,0.0,16,16,16,interval_covers_zero,4B,raw - cleaned (s42),treatment,qwen3-4b-cleanv2-s42,qwen3-4b-keep4-s42,dev,early_remaining,qwen3-4b-cleanv2-s42,16
margin_first_policy,-9.687500000000002,-11.127232142857142,-1.4397321428571406,-2.087332589285714,-0.8705357142857153,16,16,16,m1_lower,4B,raw - cleaned (s42),treatment,qwen3-4b-cleanv2-s42,qwen3-4b-keep4-s42,dev,early_remaining,qwen3-4b-cleanv2-s42,16
margin_first_raw,-8.28125,-9.2890625,-1.0078125,-1.4611328125,-0.609375,16,16,16,m1_lower,4B,raw - cleaned (s42),treatment,qwen3-4b-cleanv2-s42,qwen3-4b-keep4-s42,dev,early_remaining,qwen3-4b-cleanv2-s42,16
close_prob_pre_filter,0.01704766592685841,0.0005550029549793071,-0.016492662971879103,-0.04851864646518582,-4.6283439674543075e-05,16,16,16,m1_lower,4B,raw - cleaned (s42),treatment,qwen3-4b-cleanv2-s42,qwen3-4b-keep4-s42,dev,early_remaining,qwen3-4b-cleanv2-s42,16
close_sampler_prob,0.015945719020707315,0.0,-0.015945719020707315,-0.047837157062121945,0.0,16,16,16,interval_covers_zero,4B,raw - cleaned (s42),treatment,qwen3-4b-cleanv2-s42,qwen3-4b-keep4-s42,dev,early_remaining,qwen3-4b-cleanv2-s42,16
eos_after_forced_close_prob,0.9999984677698297,0.9999969713818304,-1.4963879992890838e-06,-2.3106352876473e-06,-7.586352893024231e-07,16,16,16,m1_lower,4B,raw - cleaned (s42),treatment,qwen3-4b-cleanv2-s42,qwen3-4b-keep4-s42,dev,early_remaining,qwen3-4b-cleanv2-s42,16
next_event_close_rate,0.0,0.0,0.0,0.0,0.0,15,15,15,interval_covers_zero,4B,raw - cleaned (s42),treatment,qwen3-4b-cleanv2-s42,qwen3-4b-keep4-s42,dev,early_remaining,qwen3-4b-keep4-s42,15
continue_rate,1.0,1.0,0.0,0.0,0.0,15,15,15,interval_covers_zero,4B,raw - cleaned (s42),treatment,qwen3-4b-cleanv2-s42,qwen3-4b-keep4-s42,dev,early_remaining,qwen3-4b-keep4-s42,15
eos_without_close_rate,0.0,0.0,0.0,0.0,0.0,15,15,15,interval_covers_zero,4B,raw - cleaned (s42),treatment,qwen3-4b-cleanv2-s42,qwen3-4b-keep4-s42,dev,early_remaining,qwen3-4b-keep4-s42,15
unresolved_rate,0.0,0.0,0.0,0.0,0.0,15,15,15,interval_covers_zero,4B,raw - cleaned (s42),treatment,qwen3-4b-cleanv2-s42,qwen3-4b-keep4-s42,dev,early_remaining,qwen3-4b-keep4-s42,15
margin_first_policy,-11.440476190476192,-12.047619047619047,-0.6071428571428559,-1.095238095238095,-0.14285714285714407,15,15,15,m1_lower,4B,raw - cleaned (s42),treatment,qwen3-4b-cleanv2-s42,qwen3-4b-keep4-s42,dev,early_remaining,qwen3-4b-keep4-s42,15
margin_first_raw,-9.508333333333333,-9.933333333333334,-0.4250000000000007,-0.7666666666666657,-0.09999999999999964,15,15,15,m1_lower,4B,raw - cleaned (s42),treatment,qwen3-4b-cleanv2-s42,qwen3-4b-keep4-s42,dev,early_remaining,qwen3-4b-keep4-s42,15
close_prob_pre_filter,0.0003183084998008394,5.429737826447127e-05,-0.00026401112153636813,-0.0007189260884393654,-2.9759206944830515e-06,15,15,15,m1_lower,4B,raw - cleaned (s42),treatment,qwen3-4b-cleanv2-s42,qwen3-4b-keep4-s42,dev,early_remaining,qwen3-4b-keep4-s42,15
close_sampler_prob,0.0,0.0,0.0,0.0,0.0,15,15,15,interval_covers_zero,4B,raw - cleaned (s42),treatment,qwen3-4b-cleanv2-s42,qwen3-4b-keep4-s42,dev,early_remaining,qwen3-4b-keep4-s42,15
eos_after_forced_close_prob,0.9999978997367271,0.999996012856073,-1.8868806541672e-06,-3.112037946190194e-06,-9.861944932604285e-07,15,15,15,m1_lower,4B,raw - cleaned (s42),treatment,qwen3-4b-cleanv2-s42,qwen3-4b-keep4-s42,dev,early_remaining,qwen3-4b-keep4-s42,15
next_event_close_rate,0.07118055555555555,0.0,-0.07118055555555555,-0.14110367063492063,-0.019632554945055,35,36,36,m1_lower,4B,raw - cleaned (s42),treatment,qwen3-4b-cleanv2-s42,qwen3-4b-keep4-s42,dev,pre_first_reuse,all,36
continue_rate,0.9288194444444444,1.0,0.07118055555555558,0.019632554945054986,0.14110367063492052,35,36,36,m1_higher,4B,raw - cleaned (s42),treatment,qwen3-4b-cleanv2-s42,qwen3-4b-keep4-s42,dev,pre_first_reuse,all,36
eos_without_close_rate,0.0,0.0,0.0,0.0,0.0,35,36,36,interval_covers_zero,4B,raw - cleaned (s42),treatment,qwen3-4b-cleanv2-s42,qwen3-4b-keep4-s42,dev,pre_first_reuse,all,36
unresolved_rate,0.0,0.0,0.0,0.0,0.0,35,36,36,interval_covers_zero,4B,raw - cleaned (s42),treatment,qwen3-4b-cleanv2-s42,qwen3-4b-keep4-s42,dev,pre_first_reuse,all,36
margin_first_policy,-6.582341269841271,-8.784722222222221,-2.2023809523809508,-2.6734729308390017,-1.7162698412698418,35,36,36,m1_lower,4B,raw - cleaned (s42),treatment,qwen3-4b-cleanv2-s42,qwen3-4b-keep4-s42,dev,pre_first_reuse,all,36
margin_first_raw,-6.107638888888889,-7.649305555555555,-1.541666666666666,-1.871431051587302,-1.2013888888888893,35,36,36,m1_lower,4B,raw - cleaned (s42),treatment,qwen3-4b-cleanv2-s42,qwen3-4b-keep4-s42,dev,pre_first_reuse,all,36
close_prob_pre_filter,0.07197216752595412,0.006966542908761231,-0.06500562461719289,-0.1153912122287035,-0.026802641511977005,35,36,36,m1_lower,4B,raw - cleaned (s42),treatment,qwen3-4b-cleanv2-s42,qwen3-4b-keep4-s42,dev,pre_first_reuse,all,36
close_sampler_prob,0.06156116290001853,0.0,-0.06156116290001853,-0.118597841984002,-0.017837617570095318,35,36,36,m1_lower,4B,raw - cleaned (s42),treatment,qwen3-4b-cleanv2-s42,qwen3-4b-keep4-s42,dev,pre_first_reuse,all,36
eos_after_forced_close_prob,0.9999985244510705,0.9999976651568692,-8.592942013496696e-07,-1.299583017025374e-06,-3.199533205766621e-07,35,36,36,m1_lower,4B,raw - cleaned (s42),treatment,qwen3-4b-cleanv2-s42,qwen3-4b-keep4-s42,dev,pre_first_reuse,all,36
next_event_close_rate,0.04411764705882353,0.0,-0.04411764705882353,-0.11397058823529412,0.0,17,17,17,interval_covers_zero,4B,raw - cleaned (s42),treatment,qwen3-4b-cleanv2-s42,qwen3-4b-keep4-s42,dev,pre_first_reuse,qwen3-4b-cleanv2-s42,17
continue_rate,0.9558823529411765,1.0,0.044117647058823484,0.0,0.11397058823529416,17,17,17,interval_covers_zero,4B,raw - cleaned (s42),treatment,qwen3-4b-cleanv2-s42,qwen3-4b-keep4-s42,dev,pre_first_reuse,qwen3-4b-cleanv2-s42,17
eos_without_close_rate,0.0,0.0,0.0,0.0,0.0,17,17,17,interval_covers_zero,4B,raw - cleaned (s42),treatment,qwen3-4b-cleanv2-s42,qwen3-4b-keep4-s42,dev,pre_first_reuse,qwen3-4b-cleanv2-s42,17
unresolved_rate,0.0,0.0,0.0,0.0,0.0,17,17,17,interval_covers_zero,4B,raw - cleaned (s42),treatment,qwen3-4b-cleanv2-s42,qwen3-4b-keep4-s42,dev,pre_first_reuse,qwen3-4b-cleanv2-s42,17
margin_first_policy,-6.743697478991598,-9.107142857142858,-2.363445378151259,-3.014705882352942,-1.6911764705882355,17,17,17,m1_lower,4B,raw - cleaned (s42),treatment,qwen3-4b-cleanv2-s42,qwen3-4b-keep4-s42,dev,pre_first_reuse,qwen3-4b-cleanv2-s42,17
margin_first_raw,-6.220588235294118,-7.875,-1.6544117647058822,-2.110294117647059,-1.1838235294117645,17,17,17,m1_lower,4B,raw - cleaned (s42),treatment,qwen3-4b-cleanv2-s42,qwen3-4b-keep4-s42,dev,pre_first_reuse,qwen3-4b-cleanv2-s42,17
close_prob_pre_filter,0.04795913290686942,0.004322264794291017,-0.04363686811257841,-0.0948010376384576,-0.00761018933010391,17,17,17,m1_lower,4B,raw - cleaned (s42),treatment,qwen3-4b-cleanv2-s42,qwen3-4b-keep4-s42,dev,pre_first_reuse,qwen3-4b-cleanv2-s42,17
close_sampler_prob,0.03672450676196095,0.0,-0.03672450676196095,-0.09516578473698185,0.0,17,17,17,interval_covers_zero,4B,raw - cleaned (s42),treatment,qwen3-4b-cleanv2-s42,qwen3-4b-keep4-s42,dev,pre_first_reuse,qwen3-4b-cleanv2-s42,17
eos_after_forced_close_prob,0.9999982064082755,0.9999976849136052,-5.214946703357981e-07,-1.3119399117744735e-06,4.4209985903820297e-07,17,17,17,interval_covers_zero,4B,raw - cleaned (s42),treatment,qwen3-4b-cleanv2-s42,qwen3-4b-keep4-s42,dev,pre_first_reuse,qwen3-4b-cleanv2-s42,17
next_event_close_rate,0.09539473684210527,0.0,-0.09539473684210527,-0.21710526315789475,-0.013157894736842105,19,19,19,m1_lower,4B,raw - cleaned (s42),treatment,qwen3-4b-cleanv2-s42,qwen3-4b-keep4-s42,dev,pre_first_reuse,qwen3-4b-keep4-s42,19
continue_rate,0.9046052631578947,1.0,0.09539473684210531,0.013157894736842146,0.2171052631578947,19,19,19,m1_higher,4B,raw - cleaned (s42),treatment,qwen3-4b-cleanv2-s42,qwen3-4b-keep4-s42,dev,pre_first_reuse,qwen3-4b-keep4-s42,19
eos_without_close_rate,0.0,0.0,0.0,0.0,0.0,19,19,19,interval_covers_zero,4B,raw - cleaned (s42),treatment,qwen3-4b-cleanv2-s42,qwen3-4b-keep4-s42,dev,pre_first_reuse,qwen3-4b-keep4-s42,19
unresolved_rate,0.0,0.0,0.0,0.0,0.0,19,19,19,interval_covers_zero,4B,raw - cleaned (s42),treatment,qwen3-4b-cleanv2-s42,qwen3-4b-keep4-s42,dev,pre_first_reuse,qwen3-4b-keep4-s42,19
margin_first_policy,-6.43796992481203,-8.49624060150376,-2.0582706766917305,-2.650610902255642,-1.381578947368424,19,19,19,m1_lower,4B,raw - cleaned (s42),treatment,qwen3-4b-cleanv2-s42,qwen3-4b-keep4-s42,dev,pre_first_reuse,qwen3-4b-keep4-s42,19
margin_first_raw,-6.006578947368421,-7.447368421052632,-1.4407894736842106,-1.8554276315789477,-0.9671052631578947,19,19,19,m1_lower,4B,raw - cleaned (s42),treatment,qwen3-4b-cleanv2-s42,qwen3-4b-keep4-s42,dev,pre_first_reuse,qwen3-4b-keep4-s42,19
close_prob_pre_filter,0.09345751429039832,0.00933247595855037,-0.08412503833184795,-0.17044483233275426,-0.0212308096616563,19,19,19,m1_lower,4B,raw - cleaned (s42),treatment,qwen3-4b-cleanv2-s42,qwen3-4b-keep4-s42,dev,pre_first_reuse,qwen3-4b-keep4-s42,19
close_sampler_prob,0.08378343418143848,0.0,-0.08378343418143848,-0.1788460998632325,-0.015290556080807987,19,19,19,m1_lower,4B,raw - cleaned (s42),treatment,qwen3-4b-cleanv2-s42,qwen3-4b-keep4-s42,dev,pre_first_reuse,qwen3-4b-keep4-s42,19
eos_after_forced_close_prob,0.9999988090156763,0.9999976474797889,-1.1615358873617865e-06,-1.6421032265095947e-06,-7.326686975284159e-07,19,19,19,m1_lower,4B,raw - cleaned (s42),treatment,qwen3-4b-cleanv2-s42,qwen3-4b-keep4-s42,dev,pre_first_reuse,qwen3-4b-keep4-s42,19
next_event_close_rate,0.286376953125,0.103759765625,-0.1826171875,-0.21165036332305023,-0.15469257099391484,235,256,256,m1_lower,4B,raw - cleaned (s42),treatment,qwen3-4b-cleanv2-s42,qwen3-4b-keep4-s42,all,all,all,256
continue_rate,0.713623046875,0.896240234375,0.1826171875,0.15469257099391484,0.21165036332305018,235,256,256,m1_higher,4B,raw - cleaned (s42),treatment,qwen3-4b-cleanv2-s42,qwen3-4b-keep4-s42,all,all,all,256
eos_without_close_rate,0.0,0.0,0.0,0.0,0.0,235,256,256,interval_covers_zero,4B,raw - cleaned (s42),treatment,qwen3-4b-cleanv2-s42,qwen3-4b-keep4-s42,all,all,all,256
unresolved_rate,0.0,0.0,0.0,0.0,0.0,235,256,256,interval_covers_zero,4B,raw - cleaned (s42),treatment,qwen3-4b-cleanv2-s42,qwen3-4b-keep4-s42,all,all,all,256
margin_first_policy,-4.063197544642858,-5.984235491071429,-1.9210379464285712,-2.0927109296427493,-1.7562626680521336,235,256,256,m1_lower,4B,raw - cleaned (s42),treatment,qwen3-4b-cleanv2-s42,qwen3-4b-keep4-s42,all,all,all,256
margin_first_raw,-4.34423828125,-5.68896484375,-1.3447265625,-1.464897650749924,-1.229383867636495,235,256,256,m1_lower,4B,raw - cleaned (s42),treatment,qwen3-4b-cleanv2-s42,qwen3-4b-keep4-s42,all,all,all,256
close_prob_pre_filter,0.28008629918780537,0.1189360869004908,-0.16115021228731458,-0.18255123892676886,-0.13957009437521453,235,256,256,m1_lower,4B,raw - cleaned (s42),treatment,qwen3-4b-cleanv2-s42,qwen3-4b-keep4-s42,all,all,all,256
close_sampler_prob,0.28054708557548846,0.10671369950948123,-0.17383338606600723,-0.19911784848529687,-0.14878434175095084,235,256,256,m1_lower,4B,raw - cleaned (s42),treatment,qwen3-4b-cleanv2-s42,qwen3-4b-keep4-s42,all,all,all,256
eos_after_forced_close_prob,0.9999989605579829,0.9999979914344485,-9.691235344222449e-07,-1.158953991114986e-06,-8.056048321603006e-07,235,256,256,m1_lower,4B,raw - cleaned (s42),treatment,qwen3-4b-cleanv2-s42,qwen3-4b-keep4-s42,all,all,all,256
next_event_close_rate,0.20556640625,0.02978515625,-0.17578125,-0.21631426473302165,-0.1389985576923077,124,128,128,m1_lower,4B,raw - cleaned (s42),treatment,qwen3-4b-cleanv2-s42,qwen3-4b-keep4-s42,all,all,qwen3-4b-cleanv2-s42,128
continue_rate,0.79443359375,0.97021484375,0.17578125,0.1389985576923077,0.21631426473302162,124,128,128,m1_higher,4B,raw - cleaned (s42),treatment,qwen3-4b-cleanv2-s42,qwen3-4b-keep4-s42,all,all,qwen3-4b-cleanv2-s42,128
eos_without_close_rate,0.0,0.0,0.0,0.0,0.0,124,128,128,interval_covers_zero,4B,raw - cleaned (s42),treatment,qwen3-4b-cleanv2-s42,qwen3-4b-keep4-s42,all,all,qwen3-4b-cleanv2-s42,128
unresolved_rate,0.0,0.0,0.0,0.0,0.0,124,128,128,interval_covers_zero,4B,raw - cleaned (s42),treatment,qwen3-4b-cleanv2-s42,qwen3-4b-keep4-s42,all,all,qwen3-4b-cleanv2-s42,128
margin_first_policy,-4.289899553571428,-6.577845982142857,-2.287946428571429,-2.530933633295837,-2.0494305399325095,124,128,128,m1_lower,4B,raw - cleaned (s42),treatment,qwen3-4b-cleanv2-s42,qwen3-4b-keep4-s42,all,all,qwen3-4b-cleanv2-s42,128
margin_first_raw,-4.5029296875,-6.1044921875,-1.6015625,-1.771653543307087,-1.4346013779527553,124,128,128,m1_lower,4B,raw - cleaned (s42),treatment,qwen3-4b-cleanv2-s42,qwen3-4b-keep4-s42,all,all,qwen3-4b-cleanv2-s42,128
close_prob_pre_filter,0.212585682638917,0.05070632913569858,-0.16187935350321841,-0.1932000346046665,-0.13304408253946073,124,128,128,m1_lower,4B,raw - cleaned (s42),treatment,qwen3-4b-cleanv2-s42,qwen3-4b-keep4-s42,all,all,qwen3-4b-cleanv2-s42,128
close_sampler_prob,0.20364218905954345,0.0327105557723481,-0.17093163328719535,-0.20704074101624076,-0.13683936628765825,124,128,128,m1_lower,4B,raw - cleaned (s42),treatment,qwen3-4b-cleanv2-s42,qwen3-4b-keep4-s42,all,all,qwen3-4b-cleanv2-s42,128
eos_after_forced_close_prob,0.9999988904358323,0.9999980051792717,-8.852565606121132e-07,-1.0819141548684685e-06,-6.790155332919716e-07,124,128,128,m1_lower,4B,raw - cleaned (s42),treatment,qwen3-4b-cleanv2-s42,qwen3-4b-keep4-s42,all,all,qwen3-4b-cleanv2-s42,128
next_event_close_rate,0.3671875,0.177734375,-0.189453125,-0.2330829956551214,-0.14855014534883723,119,128,128,m1_lower,4B,raw - cleaned (s42),treatment,qwen3-4b-cleanv2-s42,qwen3-4b-keep4-s42,all,all,qwen3-4b-keep4-s42,128
continue_rate,0.6328125,0.822265625,0.189453125,0.14855014534883723,0.23308299565512144,119,128,128,m1_higher,4B,raw - cleaned (s42),treatment,qwen3-4b-cleanv2-s42,qwen3-4b-keep4-s42,all,all,qwen3-4b-keep4-s42,128
eos_without_close_rate,0.0,0.0,0.0,0.0,0.0,119,128,128,interval_covers_zero,4B,raw - cleaned (s42),treatment,qwen3-4b-cleanv2-s42,qwen3-4b-keep4-s42,all,all,qwen3-4b-keep4-s42,128
unresolved_rate,0.0,0.0,0.0,0.0,0.0,119,128,128,interval_covers_zero,4B,raw - cleaned (s42),treatment,qwen3-4b-cleanv2-s42,qwen3-4b-keep4-s42,all,all,qwen3-4b-keep4-s42,128
margin_first_policy,-3.8364955357142865,-5.390625000000001,-1.5541294642857144,-1.761035714285717,-1.3364760044642865,119,128,128,m1_lower,4B,raw - cleaned (s42),treatment,qwen3-4b-cleanv2-s42,qwen3-4b-keep4-s42,all,all,qwen3-4b-keep4-s42,128
margin_first_raw,-4.185546875,-5.2734375,-1.087890625,-1.2327249999999996,-0.9355332031250001,119,128,128,m1_lower,4B,raw - cleaned (s42),treatment,qwen3-4b-cleanv2-s42,qwen3-4b-keep4-s42,all,all,qwen3-4b-keep4-s42,128
close_prob_pre_filter,0.34758691573669376,0.18716584466528308,-0.16042107107141068,-0.19049135091499927,-0.1304328795741687,119,128,128,m1_lower,4B,raw - cleaned (s42),treatment,qwen3-4b-cleanv2-s42,qwen3-4b-keep4-s42,all,all,qwen3-4b-keep4-s42,128
close_sampler_prob,0.3574519820914336,0.18071684324661438,-0.1767351388448192,-0.21220095447895657,-0.14233635451246113,119,128,128,m1_lower,4B,raw - cleaned (s42),treatment,qwen3-4b-cleanv2-s42,qwen3-4b-keep4-s42,all,all,qwen3-4b-keep4-s42,128
eos_after_forced_close_prob,0.9999990306801334,0.9999979776896256,-1.0529905077882873e-06,-1.3788163711364598e-06,-7.995590889098293e-07,119,128,128,m1_lower,4B,raw - cleaned (s42),treatment,qwen3-4b-cleanv2-s42,qwen3-4b-keep4-s42,all,all,qwen3-4b-keep4-s42,128
next_event_close_rate,0.5458984375,0.20751953125,-0.33837890625,-0.3769535094734252,-0.30029056579109253,126,128,128,m1_lower,4B,raw - cleaned (s42),treatment,qwen3-4b-cleanv2-s42,qwen3-4b-keep4-s42,all,natural_stop,all,128
continue_rate,0.4541015625,0.79248046875,0.33837890625,0.30029056579109253,0.3769535094734252,126,128,128,m1_higher,4B,raw - cleaned (s42),treatment,qwen3-4b-cleanv2-s42,qwen3-4b-keep4-s42,all,natural_stop,all,128
eos_without_close_rate,0.0,0.0,0.0,0.0,0.0,126,128,128,interval_covers_zero,4B,raw - cleaned (s42),treatment,qwen3-4b-cleanv2-s42,qwen3-4b-keep4-s42,all,natural_stop,all,128
unresolved_rate,0.0,0.0,0.0,0.0,0.0,126,128,128,interval_covers_zero,4B,raw - cleaned (s42),treatment,qwen3-4b-cleanv2-s42,qwen3-4b-keep4-s42,all,natural_stop,all,128
margin_first_policy,0.15764508928571425,-1.8205915178571437,-1.9782366071428579,-2.1981897566719,-1.7677187153931344,126,128,128,m1_lower,4B,raw - cleaned (s42),treatment,qwen3-4b-cleanv2-s42,qwen3-4b-keep4-s42,all,natural_stop,all,128
margin_first_raw,-1.3896484375,-2.7744140625,-1.384765625,-1.5387328296703298,-1.237403100775194,126,128,128,m1_lower,4B,raw - cleaned (s42),treatment,qwen3-4b-cleanv2-s42,qwen3-4b-keep4-s42,all,natural_stop,all,128
close_prob_pre_filter,0.5270116102791739,0.23498214643077425,-0.2920294638483996,-0.3180003754272833,-0.26610686296561664,126,128,128,m1_lower,4B,raw - cleaned (s42),treatment,qwen3-4b-cleanv2-s42,qwen3-4b-keep4-s42,all,natural_stop,all,128
close_sampler_prob,0.5377773424549407,0.2134273990189625,-0.3243499434359782,-0.3563690341231606,-0.2935871253715962,126,128,128,m1_lower,4B,raw - cleaned (s42),treatment,qwen3-4b-cleanv2-s42,qwen3-4b-keep4-s42,all,natural_stop,all,128
eos_after_forced_close_prob,0.9999993621962272,0.9999986820093966,-6.801868306371972e-07,-7.946631917277181e-07,-5.811971433566933e-07,126,128,128,m1_lower,4B,raw - cleaned (s42),treatment,qwen3-4b-cleanv2-s42,qwen3-4b-keep4-s42,all,natural_stop,all,128
next_event_close_rate,0.3935546875,0.0595703125,-0.333984375,-0.3828125,-0.28515625,64,64,64,m1_lower,4B,raw - cleaned (s42),treatment,qwen3-4b-cleanv2-s42,qwen3-4b-keep4-s42,all,natural_stop,qwen3-4b-cleanv2-s42,64
continue_rate,0.6064453125,0.9404296875,0.333984375,0.28515625,0.3828125,64,64,64,m1_higher,4B,raw - cleaned (s42),treatment,qwen3-4b-cleanv2-s42,qwen3-4b-keep4-s42,all,natural_stop,qwen3-4b-cleanv2-s42,64
eos_without_close_rate,0.0,0.0,0.0,0.0,0.0,64,64,64,interval_covers_zero,4B,raw - cleaned (s42),treatment,qwen3-4b-cleanv2-s42,qwen3-4b-keep4-s42,all,natural_stop,qwen3-4b-cleanv2-s42,64
unresolved_rate,0.0,0.0,0.0,0.0,0.0,64,64,64,interval_covers_zero,4B,raw - cleaned (s42),treatment,qwen3-4b-cleanv2-s42,qwen3-4b-keep4-s42,all,natural_stop,qwen3-4b-cleanv2-s42,64
margin_first_policy,-0.4268973214285715,-3.0719866071428577,-2.645089285714286,-2.952008928571428,-2.3577008928571432,64,64,64,m1_lower,4B,raw - cleaned (s42),treatment,qwen3-4b-cleanv2-s42,qwen3-4b-keep4-s42,all,natural_stop,qwen3-4b-cleanv2-s42,64
margin_first_raw,-1.798828125,-3.650390625,-1.8515625,-2.06640625,-1.650390625,64,64,64,m1_lower,4B,raw - cleaned (s42),treatment,qwen3-4b-cleanv2-s42,qwen3-4b-keep4-s42,all,natural_stop,qwen3-4b-cleanv2-s42,64
close_prob_pre_filter,0.4007262877114618,0.0994689615512267,-0.3012573261602351,-0.3316864959229549,-0.27014060739333917,64,64,64,m1_lower,4B,raw - cleaned (s42),treatment,qwen3-4b-cleanv2-s42,qwen3-4b-keep4-s42,all,natural_stop,qwen3-4b-cleanv2-s42,64
close_sampler_prob,0.3935430012552642,0.0654211115446962,-0.328121889710568,-0.36775685852594425,-0.2882555645784549,64,64,64,m1_lower,4B,raw - cleaned (s42),treatment,qwen3-4b-cleanv2-s42,qwen3-4b-keep4-s42,all,natural_stop,qwen3-4b-cleanv2-s42,64
eos_after_forced_close_prob,0.9999992700171414,0.9999984853777788,-7.846393625943193e-07,-9.752931591833213e-07,-6.183481684823855e-07,64,64,64,m1_lower,4B,raw - cleaned (s42),treatment,qwen3-4b-cleanv2-s42,qwen3-4b-keep4-s42,all,natural_stop,qwen3-4b-cleanv2-s42,64
next_event_close_rate,0.6982421875,0.35546875,-0.3427734375,-0.4023681640625,-0.2822265625,64,64,64,m1_lower,4B,raw - cleaned (s42),treatment,qwen3-4b-cleanv2-s42,qwen3-4b-keep4-s42,all,natural_stop,qwen3-4b-keep4-s42,64
continue_rate,0.3017578125,0.64453125,0.3427734375,0.2822265625,0.40236816406249987,64,64,64,m1_higher,4B,raw - cleaned (s42),treatment,qwen3-4b-cleanv2-s42,qwen3-4b-keep4-s42,all,natural_stop,qwen3-4b-keep4-s42,64
eos_without_close_rate,0.0,0.0,0.0,0.0,0.0,64,64,64,interval_covers_zero,4B,raw - cleaned (s42),treatment,qwen3-4b-cleanv2-s42,qwen3-4b-keep4-s42,all,natural_stop,qwen3-4b-keep4-s42,64
unresolved_rate,0.0,0.0,0.0,0.0,0.0,64,64,64,interval_covers_zero,4B,raw - cleaned (s42),treatment,qwen3-4b-cleanv2-s42,qwen3-4b-keep4-s42,all,natural_stop,qwen3-4b-keep4-s42,64
margin_first_policy,0.7421875,-0.569196428571429,-1.311383928571429,-1.4955357142857144,-1.1132812500000009,64,64,64,m1_lower,4B,raw - cleaned (s42),treatment,qwen3-4b-cleanv2-s42,qwen3-4b-keep4-s42,all,natural_stop,qwen3-4b-keep4-s42,64
margin_first_raw,-0.98046875,-1.8984375,-0.91796875,-1.046875,-0.779296875,64,64,64,m1_lower,4B,raw - cleaned (s42),treatment,qwen3-4b-cleanv2-s42,qwen3-4b-keep4-s42,all,natural_stop,qwen3-4b-keep4-s42,64
close_prob_pre_filter,0.6532969328468861,0.37049533131032175,-0.2828016015365643,-0.3223504960818459,-0.24040069659197974,64,64,64,m1_lower,4B,raw - cleaned (s42),treatment,qwen3-4b-cleanv2-s42,qwen3-4b-keep4-s42,all,natural_stop,qwen3-4b-keep4-s42,64
close_sampler_prob,0.6820116836546173,0.3614336864932287,-0.3205779971613886,-0.3663532340297222,-0.2701881622646055,64,64,64,m1_lower,4B,raw - cleaned (s42),treatment,qwen3-4b-cleanv2-s42,qwen3-4b-keep4-s42,all,natural_stop,qwen3-4b-keep4-s42,64
eos_after_forced_close_prob,0.9999994543753129,0.9999988786410142,-5.757342986800751e-07,-6.841768509041612e-07,-4.6653888370884483e-07,64,64,64,m1_lower,4B,raw - cleaned (s42),treatment,qwen3-4b-cleanv2-s42,qwen3-4b-keep4-s42,all,natural_stop,qwen3-4b-keep4-s42,64
next_event_close_rate,0.005859375,0.0,-0.005859375,-0.017578125,0.0,64,64,64,interval_covers_zero,4B,raw - cleaned (s42),treatment,qwen3-4b-cleanv2-s42,qwen3-4b-keep4-s42,all,early_remaining,all,64
continue_rate,0.994140625,1.0,0.005859375,0.0,0.017578125,64,64,64,interval_covers_zero,4B,raw - cleaned (s42),treatment,qwen3-4b-cleanv2-s42,qwen3-4b-keep4-s42,all,early_remaining,all,64
eos_without_close_rate,0.0,0.0,0.0,0.0,0.0,64,64,64,interval_covers_zero,4B,raw - cleaned (s42),treatment,qwen3-4b-cleanv2-s42,qwen3-4b-keep4-s42,all,early_remaining,all,64
unresolved_rate,0.0,0.0,0.0,0.0,0.0,64,64,64,interval_covers_zero,4B,raw - cleaned (s42),treatment,qwen3-4b-cleanv2-s42,qwen3-4b-keep4-s42,all,early_remaining,all,64
margin_first_policy,-10.298549107142858,-11.724330357142858,-1.42578125,-1.7633928571428559,-1.07421875,64,64,64,m1_lower,4B,raw - cleaned (s42),treatment,qwen3-4b-cleanv2-s42,qwen3-4b-keep4-s42,all,early_remaining,all,64
margin_first_raw,-8.708984375,-9.70703125,-0.998046875,-1.234375,-0.751953125,64,64,64,m1_lower,4B,raw - cleaned (s42),treatment,qwen3-4b-cleanv2-s42,qwen3-4b-keep4-s42,all,early_remaining,all,64
close_prob_pre_filter,0.006035504644514182,0.00025472164913396735,-0.005780782995380215,-0.014671373985325802,-0.000876968579476832,64,64,64,m1_lower,4B,raw - cleaned (s42),treatment,qwen3-4b-cleanv2-s42,qwen3-4b-keep4-s42,all,early_remaining,all,64
close_sampler_prob,0.003986429755176829,0.0,-0.003986429755176829,-0.011959289265530486,0.0,64,64,64,interval_covers_zero,4B,raw - cleaned (s42),treatment,qwen3-4b-cleanv2-s42,qwen3-4b-keep4-s42,all,early_remaining,all,64
eos_after_forced_close_prob,0.999998338220253,0.9999966811415866,-1.6570786663949733e-06,-2.2821688757584945e-06,-1.153266605016801e-06,64,64,64,m1_lower,4B,raw - cleaned (s42),treatment,qwen3-4b-cleanv2-s42,qwen3-4b-keep4-s42,all,early_remaining,all,64
next_event_close_rate,0.01171875,0.0,-0.01171875,-0.03515625,0.0,32,32,32,interval_covers_zero,4B,raw - cleaned (s42),treatment,qwen3-4b-cleanv2-s42,qwen3-4b-keep4-s42,all,early_remaining,qwen3-4b-cleanv2-s42,32
continue_rate,0.98828125,1.0,0.01171875,0.0,0.03515625,32,32,32,interval_covers_zero,4B,raw - cleaned (s42),treatment,qwen3-4b-cleanv2-s42,qwen3-4b-keep4-s42,all,early_remaining,qwen3-4b-cleanv2-s42,32
eos_without_close_rate,0.0,0.0,0.0,0.0,0.0,32,32,32,interval_covers_zero,4B,raw - cleaned (s42),treatment,qwen3-4b-cleanv2-s42,qwen3-4b-keep4-s42,all,early_remaining,qwen3-4b-cleanv2-s42,32
unresolved_rate,0.0,0.0,0.0,0.0,0.0,32,32,32,interval_covers_zero,4B,raw - cleaned (s42),treatment,qwen3-4b-cleanv2-s42,qwen3-4b-keep4-s42,all,early_remaining,qwen3-4b-cleanv2-s42,32
margin_first_policy,-9.78794642857143,-11.350446428571429,-1.5624999999999982,-2.0591517857142847,-1.0991908482142851,32,32,32,m1_lower,4B,raw - cleaned (s42),treatment,qwen3-4b-cleanv2-s42,qwen3-4b-keep4-s42,all,early_remaining,qwen3-4b-cleanv2-s42,32
margin_first_raw,-8.3515625,-9.4453125,-1.09375,-1.44140625,-0.7694335937500005,32,32,32,m1_lower,4B,raw - cleaned (s42),treatment,qwen3-4b-cleanv2-s42,qwen3-4b-keep4-s42,all,early_remaining,qwen3-4b-cleanv2-s42,32
close_prob_pre_filter,0.010445837071855354,0.00041058789161424046,-0.010035249180241113,-0.027226621379393492,-0.0006509555047703215,32,32,32,m1_lower,4B,raw - cleaned (s42),treatment,qwen3-4b-cleanv2-s42,qwen3-4b-keep4-s42,all,early_remaining,qwen3-4b-cleanv2-s42,32
close_sampler_prob,0.007972859510353657,0.0,-0.007972859510353657,-0.023918578531060972,0.0,32,32,32,interval_covers_zero,4B,raw - cleaned (s42),treatment,qwen3-4b-cleanv2-s42,qwen3-4b-keep4-s42,all,early_remaining,qwen3-4b-cleanv2-s42,32
eos_after_forced_close_prob,0.9999983954636904,0.9999970911988182,-1.3042648722150219e-06,-1.811156466102748e-06,-8.410303079992022e-07,32,32,32,m1_lower,4B,raw - cleaned (s42),treatment,qwen3-4b-cleanv2-s42,qwen3-4b-keep4-s42,all,early_remaining,qwen3-4b-cleanv2-s42,32
next_event_close_rate,0.0,0.0,0.0,0.0,0.0,32,32,32,interval_covers_zero,4B,raw - cleaned (s42),treatment,qwen3-4b-cleanv2-s42,qwen3-4b-keep4-s42,all,early_remaining,qwen3-4b-keep4-s42,32
continue_rate,1.0,1.0,0.0,0.0,0.0,32,32,32,interval_covers_zero,4B,raw - cleaned (s42),treatment,qwen3-4b-cleanv2-s42,qwen3-4b-keep4-s42,all,early_remaining,qwen3-4b-keep4-s42,32
eos_without_close_rate,0.0,0.0,0.0,0.0,0.0,32,32,32,interval_covers_zero,4B,raw - cleaned (s42),treatment,qwen3-4b-cleanv2-s42,qwen3-4b-keep4-s42,all,early_remaining,qwen3-4b-keep4-s42,32
unresolved_rate,0.0,0.0,0.0,0.0,0.0,32,32,32,interval_covers_zero,4B,raw - cleaned (s42),treatment,qwen3-4b-cleanv2-s42,qwen3-4b-keep4-s42,all,early_remaining,qwen3-4b-keep4-s42,32
margin_first_policy,-10.809151785714288,-12.098214285714288,-1.2890625,-1.763532366071429,-0.8203125,32,32,32,m1_lower,4B,raw - cleaned (s42),treatment,qwen3-4b-cleanv2-s42,qwen3-4b-keep4-s42,all,early_remaining,qwen3-4b-keep4-s42,32
margin_first_raw,-9.06640625,-9.96875,-0.90234375,-1.23447265625,-0.57421875,32,32,32,m1_lower,4B,raw - cleaned (s42),treatment,qwen3-4b-cleanv2-s42,qwen3-4b-keep4-s42,all,early_remaining,qwen3-4b-keep4-s42,32
close_prob_pre_filter,0.0016251722171730083,9.885540665369433e-05,-0.001526316810519314,-0.003452686587410712,-0.00013289148710391596,32,32,32,m1_lower,4B,raw - cleaned (s42),treatment,qwen3-4b-cleanv2-s42,qwen3-4b-keep4-s42,all,early_remaining,qwen3-4b-keep4-s42,32
close_sampler_prob,0.0,0.0,0.0,0.0,0.0,32,32,32,interval_covers_zero,4B,raw - cleaned (s42),treatment,qwen3-4b-cleanv2-s42,qwen3-4b-keep4-s42,all,early_remaining,qwen3-4b-keep4-s42,32
eos_after_forced_close_prob,0.9999982809768158,0.9999962710843548,-2.0098924609079916e-06,-3.046437081696829e-06,-1.1227418521581047e-06,32,32,32,m1_lower,4B,raw - cleaned (s42),treatment,qwen3-4b-cleanv2-s42,qwen3-4b-keep4-s42,all,early_remaining,qwen3-4b-keep4-s42,32
next_event_close_rate,0.0478515625,0.0,-0.0478515625,-0.0884716796875,-0.016339962121212154,63,64,64,m1_lower,4B,raw - cleaned (s42),treatment,qwen3-4b-cleanv2-s42,qwen3-4b-keep4-s42,all,pre_first_reuse,all,64
continue_rate,0.9521484375,1.0,0.0478515625,0.016339962121212175,0.08847167968749996,63,64,64,m1_higher,4B,raw - cleaned (s42),treatment,qwen3-4b-cleanv2-s42,qwen3-4b-keep4-s42,all,pre_first_reuse,all,64
eos_without_close_rate,0.0,0.0,0.0,0.0,0.0,63,64,64,interval_covers_zero,4B,raw - cleaned (s42),treatment,qwen3-4b-cleanv2-s42,qwen3-4b-keep4-s42,all,pre_first_reuse,all,64
unresolved_rate,0.0,0.0,0.0,0.0,0.0,63,64,64,interval_covers_zero,4B,raw - cleaned (s42),treatment,qwen3-4b-cleanv2-s42,qwen3-4b-keep4-s42,all,pre_first_reuse,all,64
margin_first_policy,-6.269531250000001,-8.571428571428571,-2.3018973214285703,-2.655904549319726,-1.9528930890538037,63,64,64,m1_lower,4B,raw - cleaned (s42),treatment,qwen3-4b-cleanv2-s42,qwen3-4b-keep4-s42,all,pre_first_reuse,all,64
margin_first_raw,-5.888671875,-7.5,-1.611328125,-1.8591331845238095,-1.3670251623376626,63,64,64,m1_lower,4B,raw - cleaned (s42),treatment,qwen3-4b-cleanv2-s42,qwen3-4b-keep4-s42,all,pre_first_reuse,all,64
close_prob_pre_filter,0.060286471548359255,0.005525333091280797,-0.05476113845707846,-0.0852938072143419,-0.03126753909168816,63,64,64,m1_lower,4B,raw - cleaned (s42),treatment,qwen3-4b-cleanv2-s42,qwen3-4b-keep4-s42,all,pre_first_reuse,all,64
close_sampler_prob,0.04264722763689572,0.0,-0.04264722763689572,-0.07615877005296923,-0.01670475828051714,63,64,64,m1_lower,4B,raw - cleaned (s42),treatment,qwen3-4b-cleanv2-s42,qwen3-4b-keep4-s42,all,pre_first_reuse,all,64
eos_after_forced_close_prob,0.9999987796192242,0.9999979205774149,-8.59041809353478e-07,-1.1452246824722457e-06,-5.147229906299345e-07,63,64,64,m1_lower,4B,raw - cleaned (s42),treatment,qwen3-4b-cleanv2-s42,qwen3-4b-keep4-s42,all,pre_first_reuse,all,64
next_event_close_rate,0.0234375,0.0,-0.0234375,-0.060546875,0.0,32,32,32,interval_covers_zero,4B,raw - cleaned (s42),treatment,qwen3-4b-cleanv2-s42,qwen3-4b-keep4-s42,all,pre_first_reuse,qwen3-4b-cleanv2-s42,32
continue_rate,0.9765625,1.0,0.0234375,0.0,0.060546875,32,32,32,interval_covers_zero,4B,raw - cleaned (s42),treatment,qwen3-4b-cleanv2-s42,qwen3-4b-keep4-s42,all,pre_first_reuse,qwen3-4b-cleanv2-s42,32
eos_without_close_rate,0.0,0.0,0.0,0.0,0.0,32,32,32,interval_covers_zero,4B,raw - cleaned (s42),treatment,qwen3-4b-cleanv2-s42,qwen3-4b-keep4-s42,all,pre_first_reuse,qwen3-4b-cleanv2-s42,32
unresolved_rate,0.0,0.0,0.0,0.0,0.0,32,32,32,interval_covers_zero,4B,raw - cleaned (s42),treatment,qwen3-4b-cleanv2-s42,qwen3-4b-keep4-s42,all,pre_first_reuse,qwen3-4b-cleanv2-s42,32
margin_first_policy,-6.517857142857144,-8.816964285714285,-2.2991071428571406,-2.823800223214285,-1.8024553571428585,32,32,32,m1_lower,4B,raw - cleaned (s42),treatment,qwen3-4b-cleanv2-s42,qwen3-4b-keep4-s42,all,pre_first_reuse,qwen3-4b-cleanv2-s42,32
margin_first_raw,-6.0625,-7.671875,-1.609375,-1.97666015625,-1.26171875,32,32,32,m1_lower,4B,raw - cleaned (s42),treatment,qwen3-4b-cleanv2-s42,qwen3-4b-keep4-s42,all,pre_first_reuse,qwen3-4b-cleanv2-s42,32
close_prob_pre_filter,0.038444318060889104,0.0034768055487266677,-0.03496751251216244,-0.06387888949235457,-0.01377339260077586,32,32,32,m1_lower,4B,raw - cleaned (s42),treatment,qwen3-4b-cleanv2-s42,qwen3-4b-keep4-s42,all,pre_first_reuse,qwen3-4b-cleanv2-s42,32
close_sampler_prob,0.019509894217291754,0.0,-0.019509894217291754,-0.05055682314152161,0.0,32,32,32,interval_covers_zero,4B,raw - cleaned (s42),treatment,qwen3-4b-cleanv2-s42,qwen3-4b-keep4-s42,all,pre_first_reuse,qwen3-4b-cleanv2-s42,32
eos_after_forced_close_prob,0.9999986262453563,0.9999979587627106,-6.674826457109262e-07,-1.1280184102235857e-06,-1.0442579655434193e-07,32,32,32,m1_lower,4B,raw - cleaned (s42),treatment,qwen3-4b-cleanv2-s42,qwen3-4b-keep4-s42,all,pre_first_reuse,qwen3-4b-cleanv2-s42,32
next_event_close_rate,0.072265625,0.0,-0.072265625,-0.146533203125,-0.015625,32,32,32,m1_lower,4B,raw - cleaned (s42),treatment,qwen3-4b-cleanv2-s42,qwen3-4b-keep4-s42,all,pre_first_reuse,qwen3-4b-keep4-s42,32
continue_rate,0.927734375,1.0,0.072265625,0.015625,0.14653320312499973,32,32,32,m1_higher,4B,raw - cleaned (s42),treatment,qwen3-4b-cleanv2-s42,qwen3-4b-keep4-s42,all,pre_first_reuse,qwen3-4b-keep4-s42,32
eos_without_close_rate,0.0,0.0,0.0,0.0,0.0,32,32,32,interval_covers_zero,4B,raw - cleaned (s42),treatment,qwen3-4b-cleanv2-s42,qwen3-4b-keep4-s42,all,pre_first_reuse,qwen3-4b-keep4-s42,32
unresolved_rate,0.0,0.0,0.0,0.0,0.0,32,32,32,interval_covers_zero,4B,raw - cleaned (s42),treatment,qwen3-4b-cleanv2-s42,qwen3-4b-keep4-s42,all,pre_first_reuse,qwen3-4b-keep4-s42,32
margin_first_policy,-6.021205357142858,-8.325892857142858,-2.3046875,-2.7845982142857135,-1.863699776785714,32,32,32,m1_lower,4B,raw - cleaned (s42),treatment,qwen3-4b-cleanv2-s42,qwen3-4b-keep4-s42,all,pre_first_reuse,qwen3-4b-keep4-s42,32
margin_first_raw,-5.71484375,-7.328125,-1.61328125,-1.94921875,-1.3045898437500005,32,32,32,m1_lower,4B,raw - cleaned (s42),treatment,qwen3-4b-cleanv2-s42,qwen3-4b-keep4-s42,all,pre_first_reuse,qwen3-4b-keep4-s42,32
close_prob_pre_filter,0.08212862503582939,0.007573860633834928,-0.07455476440199446,-0.12796398327278105,-0.031916927777931106,32,32,32,m1_lower,4B,raw - cleaned (s42),treatment,qwen3-4b-cleanv2-s42,qwen3-4b-keep4-s42,all,pre_first_reuse,qwen3-4b-keep4-s42,32
close_sampler_prob,0.06578456105649969,0.0,-0.06578456105649969,-0.12616517272181094,-0.016038147011270643,32,32,32,m1_lower,4B,raw - cleaned (s42),treatment,qwen3-4b-cleanv2-s42,qwen3-4b-keep4-s42,all,pre_first_reuse,qwen3-4b-keep4-s42,32
eos_after_forced_close_prob,0.999998932993092,0.9999978823921188,-1.050600973107052e-06,-1.3556565602090841e-06,-7.550968709579831e-07,32,32,32,m1_lower,4B,raw - cleaned (s42),treatment,qwen3-4b-cleanv2-s42,qwen3-4b-keep4-s42,all,pre_first_reuse,qwen3-4b-keep4-s42,32
next_event_close_rate,0.2780511811023622,0.2298228346456693,-0.04822834645669291,-0.07576095779220778,-0.021321033296130977,118,127,127,m1_lower,4B,OBR 15% - cleaned (s42),treatment,qwen3-4b-cleanv2-s42,qwen3-4b-obr-p15-s42,test,all,all,127
continue_rate,0.7219488188976378,0.7701771653543307,0.04822834645669283,0.021321033296130987,0.0757609577922077,118,127,127,m1_higher,4B,OBR 15% - cleaned (s42),treatment,qwen3-4b-cleanv2-s42,qwen3-4b-obr-p15-s42,test,all,all,127
eos_without_close_rate,0.0,0.0,0.0,0.0,0.0,118,127,127,interval_covers_zero,4B,OBR 15% - cleaned (s42),treatment,qwen3-4b-cleanv2-s42,qwen3-4b-obr-p15-s42,test,all,all,127
unresolved_rate,0.0,0.0,0.0,0.0,0.0,118,127,127,interval_covers_zero,4B,OBR 15% - cleaned (s42),treatment,qwen3-4b-cleanv2-s42,qwen3-4b-obr-p15-s42,test,all,all,127
margin_first_policy,-3.877952755905513,-3.8259280089988756,0.052024746906637276,-0.14812268915442978,0.25874010340053527,118,127,127,interval_covers_zero,4B,OBR 15% - cleaned (s42),treatment,qwen3-4b-cleanv2-s42,qwen3-4b-obr-p15-s42,test,all,all,127
margin_first_raw,-4.214566929133858,-4.178149606299213,0.03641732283464538,-0.103685882408102,0.1811180723803751,118,127,127,interval_covers_zero,4B,OBR 15% - cleaned (s42),treatment,qwen3-4b-cleanv2-s42,qwen3-4b-obr-p15-s42,test,all,all,127
close_prob_pre_filter,0.2743866276115889,0.24757983328608207,-0.02680679432550681,-0.04588642477890775,-0.00857173708174514,118,127,127,m1_lower,4B,OBR 15% - cleaned (s42),treatment,qwen3-4b-cleanv2-s42,qwen3-4b-obr-p15-s42,test,all,all,127
close_sampler_prob,0.27220416992821317,0.233117551122672,-0.03908661880554118,-0.0646202405706632,-0.013634381920914545,118,127,127,m1_lower,4B,OBR 15% - cleaned (s42),treatment,qwen3-4b-cleanv2-s42,qwen3-4b-obr-p15-s42,test,all,all,127
eos_after_forced_close_prob,0.9999990446037679,0.9999992215779068,1.7697413889905533e-07,9.587724252857477e-08,2.630745246562371e-07,118,127,127,m1_higher,4B,OBR 15% - cleaned (s42),treatment,qwen3-4b-cleanv2-s42,qwen3-4b-obr-p15-s42,test,all,all,127
next_event_close_rate,0.189453125,0.1484375,-0.041015625,-0.07540739656518346,-0.00851954715061062,61,64,64,m1_lower,4B,OBR 15% - cleaned (s42),treatment,qwen3-4b-cleanv2-s42,qwen3-4b-obr-p15-s42,test,all,qwen3-4b-cleanv2-s42,64
continue_rate,0.810546875,0.8515625,0.041015625,0.008519547150610604,0.07540739656518335,61,64,64,m1_higher,4B,OBR 15% - cleaned (s42),treatment,qwen3-4b-cleanv2-s42,qwen3-4b-obr-p15-s42,test,all,qwen3-4b-cleanv2-s42,64
eos_without_close_rate,0.0,0.0,0.0,0.0,0.0,61,64,64,interval_covers_zero,4B,OBR 15% - cleaned (s42),treatment,qwen3-4b-cleanv2-s42,qwen3-4b-obr-p15-s42,test,all,qwen3-4b-cleanv2-s42,64
unresolved_rate,0.0,0.0,0.0,0.0,0.0,61,64,64,interval_covers_zero,4B,OBR 15% - cleaned (s42),treatment,qwen3-4b-cleanv2-s42,qwen3-4b-obr-p15-s42,test,all,qwen3-4b-cleanv2-s42,64
margin_first_policy,-4.232700892857143,-4.21875,0.013950892857143238,-0.2707373271889404,0.30499441964285845,61,64,64,interval_covers_zero,4B,OBR 15% - cleaned (s42),treatment,qwen3-4b-cleanv2-s42,qwen3-4b-obr-p15-s42,test,all,qwen3-4b-cleanv2-s42,64
margin_first_raw,-4.462890625,-4.453125,0.009765625,-0.189516129032258,0.21349609375000037,61,64,64,interval_covers_zero,4B,OBR 15% - cleaned (s42),treatment,qwen3-4b-cleanv2-s42,qwen3-4b-obr-p15-s42,test,all,qwen3-4b-cleanv2-s42,64
close_prob_pre_filter,0.19843758963098335,0.1784474028545165,-0.019990186776466856,-0.04544924009226827,0.0075230819435582,61,64,64,interval_covers_zero,4B,OBR 15% - cleaned (s42),treatment,qwen3-4b-cleanv2-s42,qwen3-4b-obr-p15-s42,test,all,qwen3-4b-cleanv2-s42,64
close_sampler_prob,0.18536394660250047,0.14808974767287245,-0.03727419892962802,-0.07180956738828832,-0.0032315664797256684,61,64,64,m1_lower,4B,OBR 15% - cleaned (s42),treatment,qwen3-4b-cleanv2-s42,qwen3-4b-obr-p15-s42,test,all,qwen3-4b-cleanv2-s42,64
eos_after_forced_close_prob,0.9999989511202098,0.9999992416513902,2.9053118044686244e-07,1.5720128438700965e-07,4.3388055727677773e-07,61,64,64,m1_higher,4B,OBR 15% - cleaned (s42),treatment,qwen3-4b-cleanv2-s42,qwen3-4b-obr-p15-s42,test,all,qwen3-4b-cleanv2-s42,64
next_event_close_rate,0.3680555555555556,0.3125,-0.05555555555555558,-0.10181723014888337,-0.014340769374068616,58,63,63,m1_lower,4B,OBR 15% - cleaned (s42),treatment,qwen3-4b-cleanv2-s42,qwen3-4b-obr-p15-s42,test,all,qwen3-4b-keep4-s42,63
continue_rate,0.6319444444444444,0.6875,0.05555555555555558,0.014340769374068597,0.10181723014888336,58,63,63,m1_higher,4B,OBR 15% - cleaned (s42),treatment,qwen3-4b-cleanv2-s42,qwen3-4b-obr-p15-s42,test,all,qwen3-4b-keep4-s42,63
eos_without_close_rate,0.0,0.0,0.0,0.0,0.0,58,63,63,interval_covers_zero,4B,OBR 15% - cleaned (s42),treatment,qwen3-4b-cleanv2-s42,qwen3-4b-obr-p15-s42,test,all,qwen3-4b-keep4-s42,63
unresolved_rate,0.0,0.0,0.0,0.0,0.0,58,63,63,interval_covers_zero,4B,OBR 15% - cleaned (s42),treatment,qwen3-4b-cleanv2-s42,qwen3-4b-obr-p15-s42,test,all,qwen3-4b-keep4-s42,63
margin_first_policy,-3.517573696145126,-3.42687074829932,0.09070294784580613,-0.19587340546316637,0.3928722760290573,58,63,63,interval_covers_zero,4B,OBR 15% - cleaned (s42),treatment,qwen3-4b-cleanv2-s42,qwen3-4b-obr-p15-s42,test,all,qwen3-4b-keep4-s42,63
margin_first_raw,-3.9623015873015874,-3.8988095238095237,0.06349206349206371,-0.13711138382421703,0.27501059322033927,58,63,63,interval_covers_zero,4B,OBR 15% - cleaned (s42),treatment,qwen3-4b-cleanv2-s42,qwen3-4b-obr-p15-s42,test,all,qwen3-4b-keep4-s42,63
close_prob_pre_filter,0.3515412058776007,0.317809603883228,-0.033731601994372695,-0.0627525673626405,-0.006513711717118718,58,63,63,m1_lower,4B,OBR 15% - cleaned (s42),treatment,qwen3-4b-cleanv2-s42,qwen3-4b-obr-p15-s42,test,all,qwen3-4b-keep4-s42,63
close_sampler_prob,0.3604228094971912,0.31949500224627786,-0.04092780725091333,-0.08027714243510252,-0.004013847655329755,58,63,63,m1_lower,4B,OBR 15% - cleaned (s42),treatment,qwen3-4b-cleanv2-s42,qwen3-4b-obr-p15-s42,test,all,qwen3-4b-keep4-s42,63
eos_after_forced_close_prob,0.999999139571192,0.9999992011857961,6.161460408549146e-08,-2.848893496110172e-08,1.43089308654587e-07,58,63,63,interval_covers_zero,4B,OBR 15% - cleaned (s42),treatment,qwen3-4b-cleanv2-s42,qwen3-4b-obr-p15-s42,test,all,qwen3-4b-keep4-s42,63
next_event_close_rate,0.5274621212121212,0.4337121212121212,-0.09375,-0.14393939393939392,-0.045454545454545414,66,66,66,m1_lower,4B,OBR 15% - cleaned (s42),treatment,qwen3-4b-cleanv2-s42,qwen3-4b-obr-p15-s42,test,natural_stop,all,66
continue_rate,0.4725378787878788,0.5662878787878788,0.09375,0.045454545454545414,0.14393939393939398,66,66,66,m1_higher,4B,OBR 15% - cleaned (s42),treatment,qwen3-4b-cleanv2-s42,qwen3-4b-obr-p15-s42,test,natural_stop,all,66
eos_without_close_rate,0.0,0.0,0.0,0.0,0.0,66,66,66,interval_covers_zero,4B,OBR 15% - cleaned (s42),treatment,qwen3-4b-cleanv2-s42,qwen3-4b-obr-p15-s42,test,natural_stop,all,66
unresolved_rate,0.0,0.0,0.0,0.0,0.0,66,66,66,interval_covers_zero,4B,OBR 15% - cleaned (s42),treatment,qwen3-4b-cleanv2-s42,qwen3-4b-obr-p15-s42,test,natural_stop,all,66
margin_first_policy,0.0649350649350646,-0.2651515151515147,-0.3300865800865793,-0.5059523809523799,-0.15151515151515077,66,66,66,m1_lower,4B,OBR 15% - cleaned (s42),treatment,qwen3-4b-cleanv2-s42,qwen3-4b-obr-p15-s42,test,natural_stop,all,66
margin_first_raw,-1.4545454545454546,-1.6856060606060606,-0.23106060606060597,-0.35416666666666674,-0.10606060606060597,66,66,66,m1_lower,4B,OBR 15% - cleaned (s42),treatment,qwen3-4b-cleanv2-s42,qwen3-4b-obr-p15-s42,test,natural_stop,all,66
close_prob_pre_filter,0.5071368264180147,0.45178351790235644,-0.055353308515658284,-0.08977343639640722,-0.020490366808044815,66,66,66,m1_lower,4B,OBR 15% - cleaned (s42),treatment,qwen3-4b-cleanv2-s42,qwen3-4b-obr-p15-s42,test,natural_stop,all,66
close_sampler_prob,0.5160107405533699,0.4386155136294667,-0.07739522692390322,-0.12277901738057731,-0.030728184411234927,66,66,66,m1_lower,4B,OBR 15% - cleaned (s42),treatment,qwen3-4b-cleanv2-s42,qwen3-4b-obr-p15-s42,test,natural_stop,all,66
eos_after_forced_close_prob,0.9999993027811924,0.9999994309473433,1.2816615091448824e-07,6.372955686784199e-08,2.0797435913155746e-07,66,66,66,m1_higher,4B,OBR 15% - cleaned (s42),treatment,qwen3-4b-cleanv2-s42,qwen3-4b-obr-p15-s42,test,natural_stop,all,66
next_event_close_rate,0.36742424242424243,0.2878787878787879,-0.07954545454545453,-0.14398674242424245,-0.01704545454545453,33,33,33,m1_lower,4B,OBR 15% - cleaned (s42),treatment,qwen3-4b-cleanv2-s42,qwen3-4b-obr-p15-s42,test,natural_stop,qwen3-4b-cleanv2-s42,33
continue_rate,0.6325757575757576,0.7121212121212122,0.07954545454545459,0.017045454545454475,0.14398674242424225,33,33,33,m1_higher,4B,OBR 15% - cleaned (s42),treatment,qwen3-4b-cleanv2-s42,qwen3-4b-obr-p15-s42,test,natural_stop,qwen3-4b-cleanv2-s42,33
eos_without_close_rate,0.0,0.0,0.0,0.0,0.0,33,33,33,interval_covers_zero,4B,OBR 15% - cleaned (s42),treatment,qwen3-4b-cleanv2-s42,qwen3-4b-obr-p15-s42,test,natural_stop,qwen3-4b-cleanv2-s42,33
unresolved_rate,0.0,0.0,0.0,0.0,0.0,33,33,33,interval_covers_zero,4B,OBR 15% - cleaned (s42),treatment,qwen3-4b-cleanv2-s42,qwen3-4b-obr-p15-s42,test,natural_stop,qwen3-4b-cleanv2-s42,33
margin_first_policy,-0.5681818181818186,-0.8820346320346322,-0.3138528138528136,-0.6006493506493491,-0.03787878787878768,33,33,33,m1_lower,4B,OBR 15% - cleaned (s42),treatment,qwen3-4b-cleanv2-s42,qwen3-4b-obr-p15-s42,test,natural_stop,qwen3-4b-cleanv2-s42,33
margin_first_raw,-1.8977272727272727,-2.117424242424242,-0.2196969696969695,-0.4204545454545452,-0.026515151515151596,33,33,33,m1_lower,4B,OBR 15% - cleaned (s42),treatment,qwen3-4b-cleanv2-s42,qwen3-4b-obr-p15-s42,test,natural_stop,qwen3-4b-cleanv2-s42,33
close_prob_pre_filter,0.3704117783752008,0.32968798930598214,-0.04072378906921864,-0.08995613021029866,0.01074818316941538,33,33,33,interval_covers_zero,4B,OBR 15% - cleaned (s42),treatment,qwen3-4b-cleanv2-s42,qwen3-4b-obr-p15-s42,test,natural_stop,qwen3-4b-cleanv2-s42,33
close_sampler_prob,0.3594937146230312,0.28720435912314657,-0.07228935549988463,-0.13697424997096574,-0.004254371278652977,33,33,33,m1_lower,4B,OBR 15% - cleaned (s42),treatment,qwen3-4b-cleanv2-s42,qwen3-4b-obr-p15-s42,test,natural_stop,qwen3-4b-cleanv2-s42,33
eos_after_forced_close_prob,0.9999991869776328,0.9999993726005038,1.856228709629093e-07,7.115364112075806e-08,3.2693948887330106e-07,33,33,33,m1_higher,4B,OBR 15% - cleaned (s42),treatment,qwen3-4b-cleanv2-s42,qwen3-4b-obr-p15-s42,test,natural_stop,qwen3-4b-cleanv2-s42,33
next_event_close_rate,0.6875,0.5795454545454546,-0.10795454545454541,-0.1799715909090909,-0.03977272727272718,33,33,33,m1_lower,4B,OBR 15% - cleaned (s42),treatment,qwen3-4b-cleanv2-s42,qwen3-4b-obr-p15-s42,test,natural_stop,qwen3-4b-keep4-s42,33
continue_rate,0.3125,0.42045454545454547,0.10795454545454547,0.03977272727272724,0.1799715909090907,33,33,33,m1_higher,4B,OBR 15% - cleaned (s42),treatment,qwen3-4b-cleanv2-s42,qwen3-4b-obr-p15-s42,test,natural_stop,qwen3-4b-keep4-s42,33
eos_without_close_rate,0.0,0.0,0.0,0.0,0.0,33,33,33,interval_covers_zero,4B,OBR 15% - cleaned (s42),treatment,qwen3-4b-cleanv2-s42,qwen3-4b-obr-p15-s42,test,natural_stop,qwen3-4b-keep4-s42,33
unresolved_rate,0.0,0.0,0.0,0.0,0.0,33,33,33,interval_covers_zero,4B,OBR 15% - cleaned (s42),treatment,qwen3-4b-cleanv2-s42,qwen3-4b-obr-p15-s42,test,natural_stop,qwen3-4b-keep4-s42,33
margin_first_policy,0.6980519480519478,0.3517316017316027,-0.3463203463203451,-0.5574945887445881,-0.12987012987012847,33,33,33,m1_lower,4B,OBR 15% - cleaned (s42),treatment,qwen3-4b-cleanv2-s42,qwen3-4b-obr-p15-s42,test,natural_stop,qwen3-4b-keep4-s42,33
margin_first_raw,-1.0113636363636365,-1.253787878787879,-0.24242424242424243,-0.3902462121212122,-0.09090909090909083,33,33,33,m1_lower,4B,OBR 15% - cleaned (s42),treatment,qwen3-4b-cleanv2-s42,qwen3-4b-obr-p15-s42,test,natural_stop,qwen3-4b-keep4-s42,33
close_prob_pre_filter,0.6438618744608285,0.5738790464987307,-0.06998282796209787,-0.1174081525308689,-0.023482348587020748,33,33,33,m1_lower,4B,OBR 15% - cleaned (s42),treatment,qwen3-4b-cleanv2-s42,qwen3-4b-obr-p15-s42,test,natural_stop,qwen3-4b-keep4-s42,33
close_sampler_prob,0.6725277664837087,0.5900266681357867,-0.08250109834792196,-0.1474200803489782,-0.02028229594980672,33,33,33,m1_lower,4B,OBR 15% - cleaned (s42),treatment,qwen3-4b-cleanv2-s42,qwen3-4b-obr-p15-s42,test,natural_stop,qwen3-4b-keep4-s42,33
eos_after_forced_close_prob,0.9999994185847517,0.9999994892941828,7.070943108811178e-08,9.87754858461365e-09,1.3072221839438568e-07,33,33,33,m1_higher,4B,OBR 15% - cleaned (s42),treatment,qwen3-4b-cleanv2-s42,qwen3-4b-obr-p15-s42,test,natural_stop,qwen3-4b-keep4-s42,33
next_event_close_rate,0.0,0.00946969696969697,0.00946969696969697,0.0,0.028409090909090908,33,33,33,interval_covers_zero,4B,OBR 15% - cleaned (s42),treatment,qwen3-4b-cleanv2-s42,qwen3-4b-obr-p15-s42,test,early_remaining,all,33
continue_rate,1.0,0.990530303030303,-0.009469696969697017,-0.02840909090909094,0.0,33,33,33,interval_covers_zero,4B,OBR 15% - cleaned (s42),treatment,qwen3-4b-cleanv2-s42,qwen3-4b-obr-p15-s42,test,early_remaining,all,33
eos_without_close_rate,0.0,0.0,0.0,0.0,0.0,33,33,33,interval_covers_zero,4B,OBR 15% - cleaned (s42),treatment,qwen3-4b-cleanv2-s42,qwen3-4b-obr-p15-s42,test,early_remaining,all,33
unresolved_rate,0.0,0.0,0.0,0.0,0.0,33,33,33,interval_covers_zero,4B,OBR 15% - cleaned (s42),treatment,qwen3-4b-cleanv2-s42,qwen3-4b-obr-p15-s42,test,early_remaining,all,33
margin_first_policy,-10.075757575757578,-9.420995670995671,0.6547619047619069,0.18925865800865813,1.1255411255411225,33,33,33,m1_higher,4B,OBR 15% - cleaned (s42),treatment,qwen3-4b-cleanv2-s42,qwen3-4b-obr-p15-s42,test,early_remaining,all,33
margin_first_raw,-8.553030303030303,-8.094696969696969,0.4583333333333339,0.13248106060606082,0.7878787878787872,33,33,33,m1_higher,4B,OBR 15% - cleaned (s42),treatment,qwen3-4b-cleanv2-s42,qwen3-4b-obr-p15-s42,test,early_remaining,all,33
close_prob_pre_filter,0.0032950004521866798,0.011175543222194214,0.007880542770007534,-0.0025007464221262314,0.026949668443547164,33,33,33,interval_covers_zero,4B,OBR 15% - cleaned (s42),treatment,qwen3-4b-cleanv2-s42,qwen3-4b-obr-p15-s42,test,early_remaining,all,33
close_sampler_prob,0.0,0.009959168076280903,0.009959168076280903,0.0,0.029877504228842704,33,33,33,interval_covers_zero,4B,OBR 15% - cleaned (s42),treatment,qwen3-4b-cleanv2-s42,qwen3-4b-obr-p15-s42,test,early_remaining,all,33
eos_after_forced_close_prob,0.9999984747190306,0.9999987246948114,2.499757808527292e-07,7.216854014391319e-09,5.247810435787814e-07,33,33,33,m1_higher,4B,OBR 15% - cleaned (s42),treatment,qwen3-4b-cleanv2-s42,qwen3-4b-obr-p15-s42,test,early_remaining,all,33
next_event_close_rate,0.0,0.0,0.0,0.0,0.0,16,16,16,interval_covers_zero,4B,OBR 15% - cleaned (s42),treatment,qwen3-4b-cleanv2-s42,qwen3-4b-obr-p15-s42,test,early_remaining,qwen3-4b-cleanv2-s42,16
continue_rate,1.0,1.0,0.0,0.0,0.0,16,16,16,interval_covers_zero,4B,OBR 15% - cleaned (s42),treatment,qwen3-4b-cleanv2-s42,qwen3-4b-obr-p15-s42,test,early_remaining,qwen3-4b-cleanv2-s42,16
eos_without_close_rate,0.0,0.0,0.0,0.0,0.0,16,16,16,interval_covers_zero,4B,OBR 15% - cleaned (s42),treatment,qwen3-4b-cleanv2-s42,qwen3-4b-obr-p15-s42,test,early_remaining,qwen3-4b-cleanv2-s42,16
unresolved_rate,0.0,0.0,0.0,0.0,0.0,16,16,16,interval_covers_zero,4B,OBR 15% - cleaned (s42),treatment,qwen3-4b-cleanv2-s42,qwen3-4b-obr-p15-s42,test,early_remaining,qwen3-4b-cleanv2-s42,16
margin_first_policy,-9.88839285714286,-9.464285714285715,0.4241071428571441,-0.03376116071428517,0.8934151785714267,16,16,16,interval_covers_zero,4B,OBR 15% - cleaned (s42),treatment,qwen3-4b-cleanv2-s42,qwen3-4b-obr-p15-s42,test,early_remaining,qwen3-4b-cleanv2-s42,16
margin_first_raw,-8.421875,-8.125,0.296875,-0.02363281249999999,0.6253906249999979,16,16,16,interval_covers_zero,4B,OBR 15% - cleaned (s42),treatment,qwen3-4b-cleanv2-s42,qwen3-4b-obr-p15-s42,test,early_remaining,qwen3-4b-cleanv2-s42,16
close_prob_pre_filter,0.003844008216852298,0.0020330527990851744,-0.0018109554177671238,-0.0048485197060701545,4.9406437501617956e-05,16,16,16,interval_covers_zero,4B,OBR 15% - cleaned (s42),treatment,qwen3-4b-cleanv2-s42,qwen3-4b-obr-p15-s42,test,early_remaining,qwen3-4b-cleanv2-s42,16
close_sampler_prob,0.0,0.0,0.0,0.0,0.0,16,16,16,interval_covers_zero,4B,OBR 15% - cleaned (s42),treatment,qwen3-4b-cleanv2-s42,qwen3-4b-obr-p15-s42,test,early_remaining,qwen3-4b-cleanv2-s42,16
eos_after_forced_close_prob,0.9999983231575509,0.9999988640899091,5.409323582394876e-07,1.2769842047677393e-07,9.707505126493875e-07,16,16,16,m1_higher,4B,OBR 15% - cleaned (s42),treatment,qwen3-4b-cleanv2-s42,qwen3-4b-obr-p15-s42,test,early_remaining,qwen3-4b-cleanv2-s42,16
next_event_close_rate,0.0,0.01838235294117647,0.01838235294117647,0.0,0.05514705882352941,17,17,17,interval_covers_zero,4B,OBR 15% - cleaned (s42),treatment,qwen3-4b-cleanv2-s42,qwen3-4b-obr-p15-s42,test,early_remaining,qwen3-4b-keep4-s42,17
continue_rate,1.0,0.9816176470588235,-0.018382352941176516,-0.05514705882352944,0.0,17,17,17,interval_covers_zero,4B,OBR 15% - cleaned (s42),treatment,qwen3-4b-cleanv2-s42,qwen3-4b-obr-p15-s42,test,early_remaining,qwen3-4b-keep4-s42,17
eos_without_close_rate,0.0,0.0,0.0,0.0,0.0,17,17,17,interval_covers_zero,4B,OBR 15% - cleaned (s42),treatment,qwen3-4b-cleanv2-s42,qwen3-4b-obr-p15-s42,test,early_remaining,qwen3-4b-keep4-s42,17
unresolved_rate,0.0,0.0,0.0,0.0,0.0,17,17,17,interval_covers_zero,4B,OBR 15% - cleaned (s42),treatment,qwen3-4b-cleanv2-s42,qwen3-4b-obr-p15-s42,test,early_remaining,qwen3-4b-keep4-s42,17
margin_first_policy,-10.252100840336137,-9.38025210084034,0.8718487394957979,0.08403361344537959,1.701680672268905,17,17,17,m1_higher,4B,OBR 15% - cleaned (s42),treatment,qwen3-4b-cleanv2-s42,qwen3-4b-obr-p15-s42,test,early_remaining,qwen3-4b-keep4-s42,17
margin_first_raw,-8.676470588235293,-8.066176470588236,0.610294117647058,0.0588235294117645,1.1911764705882346,17,17,17,m1_higher,4B,OBR 15% - cleaned (s42),treatment,qwen3-4b-cleanv2-s42,qwen3-4b-obr-p15-s42,test,early_remaining,qwen3-4b-keep4-s42,17
close_prob_pre_filter,0.0027782872619131578,0.019780240091002717,0.017001952829089558,-0.0020945675994969567,0.05318438806192228,17,17,17,interval_covers_zero,4B,OBR 15% - cleaned (s42),treatment,qwen3-4b-cleanv2-s42,qwen3-4b-obr-p15-s42,test,early_remaining,qwen3-4b-keep4-s42,17
close_sampler_prob,0.0,0.019332502736309987,0.019332502736309987,0.0,0.05799750820892996,17,17,17,interval_covers_zero,4B,OBR 15% - cleaned (s42),treatment,qwen3-4b-cleanv2-s42,qwen3-4b-obr-p15-s42,test,early_remaining,qwen3-4b-keep4-s42,17
eos_after_forced_close_prob,0.9999986173651292,0.9999985934994252,-2.3865703968617424e-08,-3.0148610204450145e-07,2.257450835180252e-07,17,17,17,interval_covers_zero,4B,OBR 15% - cleaned (s42),treatment,qwen3-4b-cleanv2-s42,qwen3-4b-obr-p15-s42,test,early_remaining,qwen3-4b-keep4-s42,17
next_event_close_rate,0.017857142857142856,0.008928571428571428,-0.008928571428571428,-0.026785714285714284,0.0,28,28,28,interval_covers_zero,4B,OBR 15% - cleaned (s42),treatment,qwen3-4b-cleanv2-s42,qwen3-4b-obr-p15-s42,test,pre_first_reuse,all,28
continue_rate,0.9821428571428571,0.9910714285714286,0.008928571428571508,0.0,0.0267857142857143,28,28,28,interval_covers_zero,4B,OBR 15% - cleaned (s42),treatment,qwen3-4b-cleanv2-s42,qwen3-4b-obr-p15-s42,test,pre_first_reuse,all,28
eos_without_close_rate,0.0,0.0,0.0,0.0,0.0,28,28,28,interval_covers_zero,4B,OBR 15% - cleaned (s42),treatment,qwen3-4b-cleanv2-s42,qwen3-4b-obr-p15-s42,test,pre_first_reuse,all,28
unresolved_rate,0.0,0.0,0.0,0.0,0.0,28,28,28,interval_covers_zero,4B,OBR 15% - cleaned (s42),treatment,qwen3-4b-cleanv2-s42,qwen3-4b-obr-p15-s42,test,pre_first_reuse,all,28
margin_first_policy,-5.86734693877551,-5.625,0.24234693877551017,-0.2999043367346941,0.7653061224489788,28,28,28,interval_covers_zero,4B,OBR 15% - cleaned (s42),treatment,qwen3-4b-cleanv2-s42,qwen3-4b-obr-p15-s42,test,pre_first_reuse,all,28
margin_first_raw,-5.607142857142857,-5.4375,0.16964285714285676,-0.2099330357142851,0.5357142857142856,28,28,28,interval_covers_zero,4B,OBR 15% - cleaned (s42),treatment,qwen3-4b-cleanv2-s42,qwen3-4b-obr-p15-s42,test,pre_first_reuse,all,28
close_prob_pre_filter,0.04526200529145157,0.04486191855158895,-0.00040008673986262344,-0.014290067586629965,0.013621982048810813,28,28,28,interval_covers_zero,4B,OBR 15% - cleaned (s42),treatment,qwen3-4b-cleanv2-s42,qwen3-4b-obr-p15-s42,test,pre_first_reuse,all,28
close_sampler_prob,0.01832931087002354,0.01173759094704535,-0.0065917199229781915,-0.02386072915985452,0.004085569390919943,28,28,28,interval_covers_zero,4B,OBR 15% - cleaned (s42),treatment,qwen3-4b-cleanv2-s42,qwen3-4b-obr-p15-s42,test,pre_first_reuse,all,28
eos_after_forced_close_prob,0.9999991076925646,0.9999993136764536,2.0598388894566e-07,1.0054109380597254e-07,3.4208365069510177e-07,28,28,28,m1_higher,4B,OBR 15% - cleaned (s42),treatment,qwen3-4b-cleanv2-s42,qwen3-4b-obr-p15-s42,test,pre_first_reuse,all,28
next_event_close_rate,0.0,0.0,0.0,0.0,0.0,15,15,15,interval_covers_zero,4B,OBR 15% - cleaned (s42),treatment,qwen3-4b-cleanv2-s42,qwen3-4b-obr-p15-s42,test,pre_first_reuse,qwen3-4b-cleanv2-s42,15
continue_rate,1.0,1.0,0.0,0.0,0.0,15,15,15,interval_covers_zero,4B,OBR 15% - cleaned (s42),treatment,qwen3-4b-cleanv2-s42,qwen3-4b-obr-p15-s42,test,pre_first_reuse,qwen3-4b-cleanv2-s42,15
eos_without_close_rate,0.0,0.0,0.0,0.0,0.0,15,15,15,interval_covers_zero,4B,OBR 15% - cleaned (s42),treatment,qwen3-4b-cleanv2-s42,qwen3-4b-obr-p15-s42,test,pre_first_reuse,qwen3-4b-cleanv2-s42,15
unresolved_rate,0.0,0.0,0.0,0.0,0.0,15,15,15,interval_covers_zero,4B,OBR 15% - cleaned (s42),treatment,qwen3-4b-cleanv2-s42,qwen3-4b-obr-p15-s42,test,pre_first_reuse,qwen3-4b-cleanv2-s42,15
margin_first_policy,-6.261904761904763,-5.964285714285716,0.29761904761904656,-0.6190476190476195,1.1669642857142861,15,15,15,interval_covers_zero,4B,OBR 15% - cleaned (s42),treatment,qwen3-4b-cleanv2-s42,qwen3-4b-obr-p15-s42,test,pre_first_reuse,qwen3-4b-cleanv2-s42,15
margin_first_raw,-5.883333333333334,-5.675,0.20833333333333393,-0.43333333333333357,0.8168749999999995,15,15,15,interval_covers_zero,4B,OBR 15% - cleaned (s42),treatment,qwen3-4b-cleanv2-s42,qwen3-4b-obr-p15-s42,test,pre_first_reuse,qwen3-4b-cleanv2-s42,15
close_prob_pre_filter,0.027660861235444756,0.033893419387085545,0.006232558151640789,-0.008681294830062374,0.020665794729016328,15,15,15,interval_covers_zero,4B,OBR 15% - cleaned (s42),treatment,qwen3-4b-cleanv2-s42,qwen3-4b-obr-p15-s42,test,pre_first_reuse,qwen3-4b-cleanv2-s42,15
close_sampler_prob,0.0,0.0,0.0,0.0,0.0,15,15,15,interval_covers_zero,4B,OBR 15% - cleaned (s42),treatment,qwen3-4b-cleanv2-s42,qwen3-4b-obr-p15-s42,test,pre_first_reuse,qwen3-4b-cleanv2-s42,15
eos_after_forced_close_prob,0.9999991020607144,0.999999356295587,2.5423487259867983e-07,1.0846877022407942e-07,4.588800692456596e-07,15,15,15,m1_higher,4B,OBR 15% - cleaned (s42),treatment,qwen3-4b-cleanv2-s42,qwen3-4b-obr-p15-s42,test,pre_first_reuse,qwen3-4b-cleanv2-s42,15
next_event_close_rate,0.038461538461538464,0.019230769230769232,-0.019230769230769232,-0.057692307692307696,0.0,13,13,13,interval_covers_zero,4B,OBR 15% - cleaned (s42),treatment,qwen3-4b-cleanv2-s42,qwen3-4b-obr-p15-s42,test,pre_first_reuse,qwen3-4b-keep4-s42,13
continue_rate,0.9615384615384616,0.9807692307692307,0.019230769230769162,0.0,0.05769230769230771,13,13,13,interval_covers_zero,4B,OBR 15% - cleaned (s42),treatment,qwen3-4b-cleanv2-s42,qwen3-4b-obr-p15-s42,test,pre_first_reuse,qwen3-4b-keep4-s42,13
eos_without_close_rate,0.0,0.0,0.0,0.0,0.0,13,13,13,interval_covers_zero,4B,OBR 15% - cleaned (s42),treatment,qwen3-4b-cleanv2-s42,qwen3-4b-obr-p15-s42,test,pre_first_reuse,qwen3-4b-keep4-s42,13
unresolved_rate,0.0,0.0,0.0,0.0,0.0,13,13,13,interval_covers_zero,4B,OBR 15% - cleaned (s42),treatment,qwen3-4b-cleanv2-s42,qwen3-4b-obr-p15-s42,test,pre_first_reuse,qwen3-4b-keep4-s42,13
margin_first_policy,-5.412087912087912,-5.233516483516485,0.17857142857142705,-0.4258241758241779,0.7967032967032948,13,13,13,interval_covers_zero,4B,OBR 15% - cleaned (s42),treatment,qwen3-4b-cleanv2-s42,qwen3-4b-obr-p15-s42,test,pre_first_reuse,qwen3-4b-keep4-s42,13
margin_first_raw,-5.288461538461538,-5.163461538461538,0.125,-0.29807692307692335,0.5576923076923075,13,13,13,interval_covers_zero,4B,OBR 15% - cleaned (s42),treatment,qwen3-4b-cleanv2-s42,qwen3-4b-obr-p15-s42,test,pre_first_reuse,qwen3-4b-keep4-s42,13
close_prob_pre_filter,0.0655710176637671,0.05751787912601598,-0.008053138537751123,-0.033080961427620965,0.0162321595045594,13,13,13,interval_covers_zero,4B,OBR 15% - cleaned (s42),treatment,qwen3-4b-cleanv2-s42,qwen3-4b-obr-p15-s42,test,pre_first_reuse,qwen3-4b-keep4-s42,13
close_sampler_prob,0.039478515720050705,0.02528096511671306,-0.014197550603337647,-0.05139233972891743,0.008799687918904495,13,13,13,interval_covers_zero,4B,OBR 15% - cleaned (s42),treatment,qwen3-4b-cleanv2-s42,qwen3-4b-obr-p15-s42,test,pre_first_reuse,qwen3-4b-keep4-s42,13
eos_after_forced_close_prob,0.9999991141908532,0.9999992645005302,1.5030967703832943e-07,1.3461489073440801e-08,3.2149118957824893e-07,13,13,13,m1_higher,4B,OBR 15% - cleaned (s42),treatment,qwen3-4b-cleanv2-s42,qwen3-4b-obr-p15-s42,test,pre_first_reuse,qwen3-4b-keep4-s42,13
next_event_close_rate,0.29457364341085274,0.25290697674418605,-0.041666666666666685,-0.07275390625,-0.011355987762237795,117,129,129,m1_lower,4B,OBR 15% - cleaned (s42),treatment,qwen3-4b-cleanv2-s42,qwen3-4b-obr-p15-s42,dev,all,all,129
continue_rate,0.7054263565891473,0.747093023255814,0.04166666666666663,0.011355987762237755,0.07275390625,117,129,129,m1_higher,4B,OBR 15% - cleaned (s42),treatment,qwen3-4b-cleanv2-s42,qwen3-4b-obr-p15-s42,dev,all,all,129
eos_without_close_rate,0.0,0.0,0.0,0.0,0.0,117,129,129,interval_covers_zero,4B,OBR 15% - cleaned (s42),treatment,qwen3-4b-cleanv2-s42,qwen3-4b-obr-p15-s42,dev,all,all,129
unresolved_rate,0.0,0.0,0.0,0.0,0.0,117,129,129,interval_covers_zero,4B,OBR 15% - cleaned (s42),treatment,qwen3-4b-cleanv2-s42,qwen3-4b-obr-p15-s42,dev,all,all,129
margin_first_policy,-4.245570321151716,-4.226190476190477,0.019379844961238568,-0.1701414231617994,0.2190338382876011,117,129,129,interval_covers_zero,4B,OBR 15% - cleaned (s42),treatment,qwen3-4b-cleanv2-s42,qwen3-4b-obr-p15-s42,dev,all,all,129
margin_first_raw,-4.471899224806202,-4.458333333333333,0.013565891472868685,-0.11909899621325917,0.1533236868013211,117,129,129,interval_covers_zero,4B,OBR 15% - cleaned (s42),treatment,qwen3-4b-cleanv2-s42,qwen3-4b-obr-p15-s42,dev,all,all,129
close_prob_pre_filter,0.2856976037628402,0.25362169153102504,-0.03207591223181516,-0.050934456680562824,-0.01250854153219493,117,129,129,m1_lower,4B,OBR 15% - cleaned (s42),treatment,qwen3-4b-cleanv2-s42,qwen3-4b-obr-p15-s42,dev,all,all,129
close_sampler_prob,0.28876065369334863,0.24734682937379018,-0.04141382431955845,-0.0660175247807045,-0.017209423287693607,117,129,129,m1_lower,4B,OBR 15% - cleaned (s42),treatment,qwen3-4b-cleanv2-s42,qwen3-4b-obr-p15-s42,dev,all,all,129
eos_after_forced_close_prob,0.9999988778152332,0.9999991622419034,2.8442667021622015e-07,1.6089111550821045e-07,4.451519919262958e-07,117,129,129,m1_higher,4B,OBR 15% - cleaned (s42),treatment,qwen3-4b-cleanv2-s42,qwen3-4b-obr-p15-s42,dev,all,all,129
next_event_close_rate,0.2216796875,0.1796875,-0.0419921875,-0.07738095238095237,-0.0048828125,63,64,64,m1_lower,4B,OBR 15% - cleaned (s42),treatment,qwen3-4b-cleanv2-s42,qwen3-4b-obr-p15-s42,dev,all,qwen3-4b-cleanv2-s42,64
continue_rate,0.7783203125,0.8203125,0.0419921875,0.0048828125,0.07738095238095233,63,64,64,m1_higher,4B,OBR 15% - cleaned (s42),treatment,qwen3-4b-cleanv2-s42,qwen3-4b-obr-p15-s42,dev,all,qwen3-4b-cleanv2-s42,64
eos_without_close_rate,0.0,0.0,0.0,0.0,0.0,63,64,64,interval_covers_zero,4B,OBR 15% - cleaned (s42),treatment,qwen3-4b-cleanv2-s42,qwen3-4b-obr-p15-s42,dev,all,qwen3-4b-cleanv2-s42,64
unresolved_rate,0.0,0.0,0.0,0.0,0.0,63,64,64,interval_covers_zero,4B,OBR 15% - cleaned (s42),treatment,qwen3-4b-cleanv2-s42,qwen3-4b-obr-p15-s42,dev,all,qwen3-4b-cleanv2-s42,64
margin_first_policy,-4.347098214285715,-4.587053571428572,-0.23995535714285676,-0.48188044749149544,0.008370535714285587,63,64,64,interval_covers_zero,4B,OBR 15% - cleaned (s42),treatment,qwen3-4b-cleanv2-s42,qwen3-4b-obr-p15-s42,dev,all,qwen3-4b-cleanv2-s42,64
margin_first_raw,-4.54296875,-4.7109375,-0.16796875,-0.3373163132440473,0.005859375,63,64,64,interval_covers_zero,4B,OBR 15% - cleaned (s42),treatment,qwen3-4b-cleanv2-s42,qwen3-4b-obr-p15-s42,dev,all,qwen3-4b-cleanv2-s42,64
close_prob_pre_filter,0.22673377564685065,0.19732124371237572,-0.029412531934474934,-0.056203073156756274,-0.0022817405177000425,63,64,64,m1_lower,4B,OBR 15% - cleaned (s42),treatment,qwen3-4b-cleanv2-s42,qwen3-4b-obr-p15-s42,dev,all,qwen3-4b-cleanv2-s42,64
close_sampler_prob,0.22192043151658644,0.17675340758781868,-0.04516702392876776,-0.07912838327683368,-0.01245763005450599,63,64,64,m1_lower,4B,OBR 15% - cleaned (s42),treatment,qwen3-4b-cleanv2-s42,qwen3-4b-obr-p15-s42,dev,all,qwen3-4b-cleanv2-s42,64
eos_after_forced_close_prob,0.9999988297514552,0.9999992118259912,3.8207453600946906e-07,1.7281526654699952e-07,7.15959064540028e-07,63,64,64,m1_higher,4B,OBR 15% - cleaned (s42),treatment,qwen3-4b-cleanv2-s42,qwen3-4b-obr-p15-s42,dev,all,qwen3-4b-cleanv2-s42,64
next_event_close_rate,0.3663461538461538,0.325,-0.04134615384615381,-0.08424015974967065,0.004734848484848453,61,65,65,interval_covers_zero,4B,OBR 15% - cleaned (s42),treatment,qwen3-4b-cleanv2-s42,qwen3-4b-obr-p15-s42,dev,all,qwen3-4b-keep4-s42,65
continue_rate,0.6336538461538461,0.675,0.04134615384615392,-0.004734848484848508,0.0842401597496706,61,65,65,interval_covers_zero,4B,OBR 15% - cleaned (s42),treatment,qwen3-4b-cleanv2-s42,qwen3-4b-obr-p15-s42,dev,all,qwen3-4b-keep4-s42,65
eos_without_close_rate,0.0,0.0,0.0,0.0,0.0,61,65,65,interval_covers_zero,4B,OBR 15% - cleaned (s42),treatment,qwen3-4b-cleanv2-s42,qwen3-4b-obr-p15-s42,dev,all,qwen3-4b-keep4-s42,65
unresolved_rate,0.0,0.0,0.0,0.0,0.0,61,65,65,interval_covers_zero,4B,OBR 15% - cleaned (s42),treatment,qwen3-4b-cleanv2-s42,qwen3-4b-obr-p15-s42,dev,all,qwen3-4b-keep4-s42,65
margin_first_policy,-4.145604395604396,-3.870879120879121,0.2747252747252751,-0.014466068685538321,0.5963598901098887,61,65,65,interval_covers_zero,4B,OBR 15% - cleaned (s42),treatment,qwen3-4b-cleanv2-s42,qwen3-4b-obr-p15-s42,dev,all,qwen3-4b-keep4-s42,65
margin_first_raw,-4.401923076923077,-4.209615384615384,0.1923076923076925,-0.01012624807987683,0.41745192307692214,61,65,65,interval_covers_zero,4B,OBR 15% - cleaned (s42),treatment,qwen3-4b-cleanv2-s42,qwen3-4b-obr-p15-s42,dev,all,qwen3-4b-keep4-s42,65
close_prob_pre_filter,0.3437542960616607,0.30905597861400275,-0.034698317447657945,-0.059223300394566615,-0.009397250217893805,61,65,65,m1_lower,4B,OBR 15% - cleaned (s42),treatment,qwen3-4b-cleanv2-s42,qwen3-4b-obr-p15-s42,dev,all,qwen3-4b-keep4-s42,65
close_sampler_prob,0.3545725647596992,0.31685419851690055,-0.03771836624279867,-0.0693900397011504,-0.004893209634784195,61,65,65,m1_lower,4B,OBR 15% - cleaned (s42),treatment,qwen3-4b-cleanv2-s42,qwen3-4b-obr-p15-s42,dev,all,qwen3-4b-keep4-s42,65
eos_after_forced_close_prob,0.9999989251395688,0.9999991134206475,1.8828107872792543e-07,6.345103890637027e-08,3.2946894708840704e-07,61,65,65,m1_higher,4B,OBR 15% - cleaned (s42),treatment,qwen3-4b-cleanv2-s42,qwen3-4b-obr-p15-s42,dev,all,qwen3-4b-keep4-s42,65
next_event_close_rate,0.5655241935483871,0.4939516129032258,-0.07157258064516131,-0.12502480158730164,-0.020152049731182883,60,62,62,m1_lower,4B,OBR 15% - cleaned (s42),treatment,qwen3-4b-cleanv2-s42,qwen3-4b-obr-p15-s42,dev,natural_stop,all,62
continue_rate,0.4344758064516129,0.5060483870967742,0.07157258064516137,0.02015204973118278,0.12502480158730145,60,62,62,m1_higher,4B,OBR 15% - cleaned (s42),treatment,qwen3-4b-cleanv2-s42,qwen3-4b-obr-p15-s42,dev,natural_stop,all,62
eos_without_close_rate,0.0,0.0,0.0,0.0,0.0,60,62,62,interval_covers_zero,4B,OBR 15% - cleaned (s42),treatment,qwen3-4b-cleanv2-s42,qwen3-4b-obr-p15-s42,dev,natural_stop,all,62
unresolved_rate,0.0,0.0,0.0,0.0,0.0,60,62,62,interval_covers_zero,4B,OBR 15% - cleaned (s42),treatment,qwen3-4b-cleanv2-s42,qwen3-4b-obr-p15-s42,dev,natural_stop,all,62
margin_first_policy,0.2563364055299542,-0.07200460829493112,-0.3283410138248853,-0.5064402810304462,-0.16666666666666774,60,62,62,m1_lower,4B,OBR 15% - cleaned (s42),treatment,qwen3-4b-cleanv2-s42,qwen3-4b-obr-p15-s42,dev,natural_stop,all,62
margin_first_raw,-1.3205645161290323,-1.5504032258064515,-0.22983870967741926,-0.3545081967213115,-0.1166666666666667,60,62,62,m1_lower,4B,OBR 15% - cleaned (s42),treatment,qwen3-4b-cleanv2-s42,qwen3-4b-obr-p15-s42,dev,natural_stop,all,62
close_prob_pre_filter,0.5481686382604078,0.4915181318595373,-0.05665050640087055,-0.09205912357774072,-0.021595646675168348,60,62,62,m1_lower,4B,OBR 15% - cleaned (s42),treatment,qwen3-4b-cleanv2-s42,qwen3-4b-obr-p15-s42,dev,natural_stop,all,62
close_sampler_prob,0.5609482412533872,0.48826229047598557,-0.07268595077740159,-0.1173383731176308,-0.03009623641334707,60,62,62,m1_lower,4B,OBR 15% - cleaned (s42),treatment,qwen3-4b-cleanv2-s42,qwen3-4b-obr-p15-s42,dev,natural_stop,all,62
eos_after_forced_close_prob,0.99999942544449,0.9999994891621189,6.371762883983223e-08,1.1200935301491911e-08,1.1991017960788495e-07,60,62,62,m1_higher,4B,OBR 15% - cleaned (s42),treatment,qwen3-4b-cleanv2-s42,qwen3-4b-obr-p15-s42,dev,natural_stop,all,62
next_event_close_rate,0.4213709677419355,0.3629032258064516,-0.058467741935483875,-0.12298387096774188,0.016129032258064502,31,31,31,interval_covers_zero,4B,OBR 15% - cleaned (s42),treatment,qwen3-4b-cleanv2-s42,qwen3-4b-obr-p15-s42,dev,natural_stop,qwen3-4b-cleanv2-s42,31
continue_rate,0.5786290322580645,0.6370967741935484,0.058467741935483875,-0.016129032258064502,0.12298387096774188,31,31,31,interval_covers_zero,4B,OBR 15% - cleaned (s42),treatment,qwen3-4b-cleanv2-s42,qwen3-4b-obr-p15-s42,dev,natural_stop,qwen3-4b-cleanv2-s42,31
eos_without_close_rate,0.0,0.0,0.0,0.0,0.0,31,31,31,interval_covers_zero,4B,OBR 15% - cleaned (s42),treatment,qwen3-4b-cleanv2-s42,qwen3-4b-obr-p15-s42,dev,natural_stop,qwen3-4b-cleanv2-s42,31
unresolved_rate,0.0,0.0,0.0,0.0,0.0,31,31,31,interval_covers_zero,4B,OBR 15% - cleaned (s42),treatment,qwen3-4b-cleanv2-s42,qwen3-4b-obr-p15-s42,dev,natural_stop,qwen3-4b-cleanv2-s42,31
margin_first_policy,-0.27649769585253425,-0.5817972350230421,-0.3052995391705079,-0.5702764976958538,-0.023041474654378606,31,31,31,m1_lower,4B,OBR 15% - cleaned (s42),treatment,qwen3-4b-cleanv2-s42,qwen3-4b-obr-p15-s42,dev,natural_stop,qwen3-4b-cleanv2-s42,31
margin_first_raw,-1.6935483870967742,-1.907258064516129,-0.21370967741935476,-0.39919354838709675,-0.016129032258064502,31,31,31,m1_lower,4B,OBR 15% - cleaned (s42),treatment,qwen3-4b-cleanv2-s42,qwen3-4b-obr-p15-s42,dev,natural_stop,qwen3-4b-cleanv2-s42,31
close_prob_pre_filter,0.43299657184361046,0.3882295138578141,-0.04476705798579633,-0.09543946480490519,0.010045207193126739,31,31,31,interval_covers_zero,4B,OBR 15% - cleaned (s42),treatment,qwen3-4b-cleanv2-s42,qwen3-4b-obr-p15-s42,dev,natural_stop,qwen3-4b-cleanv2-s42,31
close_sampler_prob,0.4297890160573187,0.35553862968016275,-0.07425038637715592,-0.13374949869738184,-0.007380642585781005,31,31,31,m1_lower,4B,OBR 15% - cleaned (s42),treatment,qwen3-4b-cleanv2-s42,qwen3-4b-obr-p15-s42,dev,natural_stop,qwen3-4b-cleanv2-s42,31
eos_after_forced_close_prob,0.9999993584140378,0.9999994859615852,1.275475474127319e-07,5.778880104445605e-08,2.1658853801842514e-07,31,31,31,m1_higher,4B,OBR 15% - cleaned (s42),treatment,qwen3-4b-cleanv2-s42,qwen3-4b-obr-p15-s42,dev,natural_stop,qwen3-4b-cleanv2-s42,31
next_event_close_rate,0.7096774193548387,0.625,-0.08467741935483875,-0.16335685483870968,-0.0040322580645161255,31,31,31,m1_lower,4B,OBR 15% - cleaned (s42),treatment,qwen3-4b-cleanv2-s42,qwen3-4b-obr-p15-s42,dev,natural_stop,qwen3-4b-keep4-s42,31
continue_rate,0.2903225806451613,0.375,0.08467741935483869,0.0040322580645161255,0.16335685483870943,31,31,31,m1_higher,4B,OBR 15% - cleaned (s42),treatment,qwen3-4b-cleanv2-s42,qwen3-4b-obr-p15-s42,dev,natural_stop,qwen3-4b-keep4-s42,31
eos_without_close_rate,0.0,0.0,0.0,0.0,0.0,31,31,31,interval_covers_zero,4B,OBR 15% - cleaned (s42),treatment,qwen3-4b-cleanv2-s42,qwen3-4b-obr-p15-s42,dev,natural_stop,qwen3-4b-keep4-s42,31
unresolved_rate,0.0,0.0,0.0,0.0,0.0,31,31,31,interval_covers_zero,4B,OBR 15% - cleaned (s42),treatment,qwen3-4b-cleanv2-s42,qwen3-4b-obr-p15-s42,dev,natural_stop,qwen3-4b-keep4-s42,31
margin_first_policy,0.7891705069124426,0.4377880184331799,-0.35138248847926273,-0.5702764976958519,-0.12096774193548321,31,31,31,m1_lower,4B,OBR 15% - cleaned (s42),treatment,qwen3-4b-cleanv2-s42,qwen3-4b-obr-p15-s42,dev,natural_stop,qwen3-4b-keep4-s42,31
margin_first_raw,-0.9475806451612904,-1.1935483870967742,-0.24596774193548387,-0.39919354838709675,-0.08467741935483875,31,31,31,m1_lower,4B,OBR 15% - cleaned (s42),treatment,qwen3-4b-cleanv2-s42,qwen3-4b-obr-p15-s42,dev,natural_stop,qwen3-4b-keep4-s42,31
close_prob_pre_filter,0.6633407046772054,0.5948067498612605,-0.06853395481594493,-0.1166701351948106,-0.01878595942911726,31,31,31,m1_lower,4B,OBR 15% - cleaned (s42),treatment,qwen3-4b-cleanv2-s42,qwen3-4b-obr-p15-s42,dev,natural_stop,qwen3-4b-keep4-s42,31
close_sampler_prob,0.6921074664494554,0.6209859512718084,-0.07112151517764698,-0.1330608525085182,-0.006846890663485001,31,31,31,m1_lower,4B,OBR 15% - cleaned (s42),treatment,qwen3-4b-cleanv2-s42,qwen3-4b-obr-p15-s42,dev,natural_stop,qwen3-4b-keep4-s42,31
eos_after_forced_close_prob,0.9999994924749427,0.999999492362652,-1.122907322681499e-10,-7.030511116334903e-08,6.693814345315461e-08,31,31,31,interval_covers_zero,4B,OBR 15% - cleaned (s42),treatment,qwen3-4b-cleanv2-s42,qwen3-4b-obr-p15-s42,dev,natural_stop,qwen3-4b-keep4-s42,31
next_event_close_rate,0.012096774193548387,0.0,-0.012096774193548387,-0.036290322580645164,0.0,31,31,31,interval_covers_zero,4B,OBR 15% - cleaned (s42),treatment,qwen3-4b-cleanv2-s42,qwen3-4b-obr-p15-s42,dev,early_remaining,all,31
continue_rate,0.9879032258064516,1.0,0.012096774193548376,0.0,0.03629032258064513,31,31,31,interval_covers_zero,4B,OBR 15% - cleaned (s42),treatment,qwen3-4b-cleanv2-s42,qwen3-4b-obr-p15-s42,dev,early_remaining,all,31
eos_without_close_rate,0.0,0.0,0.0,0.0,0.0,31,31,31,interval_covers_zero,4B,OBR 15% - cleaned (s42),treatment,qwen3-4b-cleanv2-s42,qwen3-4b-obr-p15-s42,dev,early_remaining,all,31
unresolved_rate,0.0,0.0,0.0,0.0,0.0,31,31,31,interval_covers_zero,4B,OBR 15% - cleaned (s42),treatment,qwen3-4b-cleanv2-s42,qwen3-4b-obr-p15-s42,dev,early_remaining,all,31
margin_first_policy,-10.535714285714288,-10.069124423963135,0.466589861751153,0.045938940092162914,0.904377880184331,31,31,31,m1_higher,4B,OBR 15% - cleaned (s42),treatment,qwen3-4b-cleanv2-s42,qwen3-4b-obr-p15-s42,dev,early_remaining,all,31
margin_first_raw,-8.875,-8.548387096774194,0.32661290322580605,0.03215725806451526,0.633064516129032,31,31,31,m1_higher,4B,OBR 15% - cleaned (s42),treatment,qwen3-4b-cleanv2-s42,qwen3-4b-obr-p15-s42,dev,early_remaining,all,31
close_prob_pre_filter,0.008952815558927333,0.0015678615485969103,-0.007384954010330422,-0.021973331532265453,0.0001220270174827996,31,31,31,interval_covers_zero,4B,OBR 15% - cleaned (s42),treatment,qwen3-4b-cleanv2-s42,qwen3-4b-obr-p15-s42,dev,early_remaining,all,31
close_sampler_prob,0.008230048526816679,0.0,-0.008230048526816679,-0.024690145580450035,0.0,31,31,31,interval_covers_zero,4B,OBR 15% - cleaned (s42),treatment,qwen3-4b-cleanv2-s42,qwen3-4b-obr-p15-s42,dev,early_remaining,all,31
eos_after_forced_close_prob,0.9999981929151026,0.9999986678118578,4.7489675514267304e-07,2.435183269200447e-07,7.129707083247671e-07,31,31,31,m1_higher,4B,OBR 15% - cleaned (s42),treatment,qwen3-4b-cleanv2-s42,qwen3-4b-obr-p15-s42,dev,early_remaining,all,31
next_event_close_rate,0.0234375,0.0,-0.0234375,-0.0703125,0.0,16,16,16,interval_covers_zero,4B,OBR 15% - cleaned (s42),treatment,qwen3-4b-cleanv2-s42,qwen3-4b-obr-p15-s42,dev,early_remaining,qwen3-4b-cleanv2-s42,16
continue_rate,0.9765625,1.0,0.0234375,0.0,0.0703125,16,16,16,interval_covers_zero,4B,OBR 15% - cleaned (s42),treatment,qwen3-4b-cleanv2-s42,qwen3-4b-obr-p15-s42,dev,early_remaining,qwen3-4b-cleanv2-s42,16
eos_without_close_rate,0.0,0.0,0.0,0.0,0.0,16,16,16,interval_covers_zero,4B,OBR 15% - cleaned (s42),treatment,qwen3-4b-cleanv2-s42,qwen3-4b-obr-p15-s42,dev,early_remaining,qwen3-4b-cleanv2-s42,16
unresolved_rate,0.0,0.0,0.0,0.0,0.0,16,16,16,interval_covers_zero,4B,OBR 15% - cleaned (s42),treatment,qwen3-4b-cleanv2-s42,qwen3-4b-obr-p15-s42,dev,early_remaining,qwen3-4b-cleanv2-s42,16
margin_first_policy,-9.687500000000002,-9.754464285714288,-0.06696428571428648,-0.6361607142857135,0.4799107142857136,16,16,16,interval_covers_zero,4B,OBR 15% - cleaned (s42),treatment,qwen3-4b-cleanv2-s42,qwen3-4b-obr-p15-s42,dev,early_remaining,qwen3-4b-cleanv2-s42,16
margin_first_raw,-8.28125,-8.328125,-0.046875,-0.4453125,0.3359375,16,16,16,interval_covers_zero,4B,OBR 15% - cleaned (s42),treatment,qwen3-4b-cleanv2-s42,qwen3-4b-obr-p15-s42,dev,early_remaining,qwen3-4b-cleanv2-s42,16
close_prob_pre_filter,0.01704766592685841,0.002639556741954038,-0.014408109184904372,-0.04274547514797141,4.762468705073158e-05,16,16,16,interval_covers_zero,4B,OBR 15% - cleaned (s42),treatment,qwen3-4b-cleanv2-s42,qwen3-4b-obr-p15-s42,dev,early_remaining,qwen3-4b-cleanv2-s42,16
close_sampler_prob,0.015945719020707315,0.0,-0.015945719020707315,-0.047837157062121945,0.0,16,16,16,interval_covers_zero,4B,OBR 15% - cleaned (s42),treatment,qwen3-4b-cleanv2-s42,qwen3-4b-obr-p15-s42,dev,early_remaining,qwen3-4b-cleanv2-s42,16
eos_after_forced_close_prob,0.9999984677698297,0.9999988973181495,4.295483198024641e-07,2.3009414122643346e-07,6.16435966849238e-07,16,16,16,m1_higher,4B,OBR 15% - cleaned (s42),treatment,qwen3-4b-cleanv2-s42,qwen3-4b-obr-p15-s42,dev,early_remaining,qwen3-4b-cleanv2-s42,16
next_event_close_rate,0.0,0.0,0.0,0.0,0.0,15,15,15,interval_covers_zero,4B,OBR 15% - cleaned (s42),treatment,qwen3-4b-cleanv2-s42,qwen3-4b-obr-p15-s42,dev,early_remaining,qwen3-4b-keep4-s42,15
continue_rate,1.0,1.0,0.0,0.0,0.0,15,15,15,interval_covers_zero,4B,OBR 15% - cleaned (s42),treatment,qwen3-4b-cleanv2-s42,qwen3-4b-obr-p15-s42,dev,early_remaining,qwen3-4b-keep4-s42,15
eos_without_close_rate,0.0,0.0,0.0,0.0,0.0,15,15,15,interval_covers_zero,4B,OBR 15% - cleaned (s42),treatment,qwen3-4b-cleanv2-s42,qwen3-4b-obr-p15-s42,dev,early_remaining,qwen3-4b-keep4-s42,15
unresolved_rate,0.0,0.0,0.0,0.0,0.0,15,15,15,interval_covers_zero,4B,OBR 15% - cleaned (s42),treatment,qwen3-4b-cleanv2-s42,qwen3-4b-obr-p15-s42,dev,early_remaining,qwen3-4b-keep4-s42,15
margin_first_policy,-11.440476190476192,-10.404761904761905,1.0357142857142865,0.4997023809523775,1.6547619047619069,15,15,15,m1_higher,4B,OBR 15% - cleaned (s42),treatment,qwen3-4b-cleanv2-s42,qwen3-4b-obr-p15-s42,dev,early_remaining,qwen3-4b-keep4-s42,15
margin_first_raw,-9.508333333333333,-8.783333333333333,0.7249999999999996,0.34979166666666633,1.1583333333333332,15,15,15,m1_higher,4B,OBR 15% - cleaned (s42),treatment,qwen3-4b-cleanv2-s42,qwen3-4b-obr-p15-s42,dev,early_remaining,qwen3-4b-keep4-s42,15
close_prob_pre_filter,0.0003183084998008394,0.0004247200090159737,0.0001064115092151343,-7.13183157870725e-05,0.00035290836284453646,15,15,15,interval_covers_zero,4B,OBR 15% - cleaned (s42),treatment,qwen3-4b-cleanv2-s42,qwen3-4b-obr-p15-s42,dev,early_remaining,qwen3-4b-keep4-s42,15
close_sampler_prob,0.0,0.0,0.0,0.0,0.0,15,15,15,interval_covers_zero,4B,OBR 15% - cleaned (s42),treatment,qwen3-4b-cleanv2-s42,qwen3-4b-obr-p15-s42,dev,early_remaining,qwen3-4b-keep4-s42,15
eos_after_forced_close_prob,0.9999978997367271,0.9999984230051471,5.232684199274473e-07,9.772595212231838e-08,9.6821726420504e-07,15,15,15,m1_higher,4B,OBR 15% - cleaned (s42),treatment,qwen3-4b-cleanv2-s42,qwen3-4b-obr-p15-s42,dev,early_remaining,qwen3-4b-keep4-s42,15
next_event_close_rate,0.07118055555555555,0.05555555555555555,-0.015625,-0.05759985902255639,0.030357142857142853,35,36,36,interval_covers_zero,4B,OBR 15% - cleaned (s42),treatment,qwen3-4b-cleanv2-s42,qwen3-4b-obr-p15-s42,dev,pre_first_reuse,all,36
continue_rate,0.9288194444444444,0.9444444444444444,0.015625,-0.03035714285714286,0.057599859022556175,35,36,36,interval_covers_zero,4B,OBR 15% - cleaned (s42),treatment,qwen3-4b-cleanv2-s42,qwen3-4b-obr-p15-s42,dev,pre_first_reuse,all,36
eos_without_close_rate,0.0,0.0,0.0,0.0,0.0,35,36,36,interval_covers_zero,4B,OBR 15% - cleaned (s42),treatment,qwen3-4b-cleanv2-s42,qwen3-4b-obr-p15-s42,dev,pre_first_reuse,all,36
unresolved_rate,0.0,0.0,0.0,0.0,0.0,35,36,36,interval_covers_zero,4B,OBR 15% - cleaned (s42),treatment,qwen3-4b-cleanv2-s42,qwen3-4b-obr-p15-s42,dev,pre_first_reuse,all,36
margin_first_policy,-6.582341269841271,-6.349206349206351,0.23313492063492003,-0.26033163265306325,0.8176887531328313,35,36,36,interval_covers_zero,4B,OBR 15% - cleaned (s42),treatment,qwen3-4b-cleanv2-s42,qwen3-4b-obr-p15-s42,dev,pre_first_reuse,all,36
margin_first_raw,-6.107638888888889,-5.944444444444445,0.16319444444444464,-0.18223214285714265,0.5723821271929818,35,36,36,interval_covers_zero,4B,OBR 15% - cleaned (s42),treatment,qwen3-4b-cleanv2-s42,qwen3-4b-obr-p15-s42,dev,pre_first_reuse,all,36
close_prob_pre_filter,0.07197216752595412,0.06095750900567806,-0.011014658520276055,-0.03402470979114169,0.00843482915597893,35,36,36,interval_covers_zero,4B,OBR 15% - cleaned (s42),treatment,qwen3-4b-cleanv2-s42,qwen3-4b-obr-p15-s42,dev,pre_first_reuse,all,36
close_sampler_prob,0.06156116290001853,0.04542997165855077,-0.01613119124146776,-0.04521234181470253,0.010644001501368306,35,36,36,interval_covers_zero,4B,OBR 15% - cleaned (s42),treatment,qwen3-4b-cleanv2-s42,qwen3-4b-obr-p15-s42,dev,pre_first_reuse,all,36
eos_after_forced_close_prob,0.9999985244510705,0.9999990249718496,5.005207790453881e-07,1.3589064806196483e-07,1.0310630554483113e-06,35,36,36,m1_higher,4B,OBR 15% - cleaned (s42),treatment,qwen3-4b-cleanv2-s42,qwen3-4b-obr-p15-s42,dev,pre_first_reuse,all,36
next_event_close_rate,0.04411764705882353,0.014705882352941176,-0.029411764705882356,-0.07720588235294118,0.0,17,17,17,interval_covers_zero,4B,OBR 15% - cleaned (s42),treatment,qwen3-4b-cleanv2-s42,qwen3-4b-obr-p15-s42,dev,pre_first_reuse,qwen3-4b-cleanv2-s42,17
continue_rate,0.9558823529411765,0.9852941176470589,0.02941176470588236,0.0,0.07720588235294112,17,17,17,interval_covers_zero,4B,OBR 15% - cleaned (s42),treatment,qwen3-4b-cleanv2-s42,qwen3-4b-obr-p15-s42,dev,pre_first_reuse,qwen3-4b-cleanv2-s42,17
eos_without_close_rate,0.0,0.0,0.0,0.0,0.0,17,17,17,interval_covers_zero,4B,OBR 15% - cleaned (s42),treatment,qwen3-4b-cleanv2-s42,qwen3-4b-obr-p15-s42,dev,pre_first_reuse,qwen3-4b-cleanv2-s42,17
unresolved_rate,0.0,0.0,0.0,0.0,0.0,17,17,17,interval_covers_zero,4B,OBR 15% - cleaned (s42),treatment,qwen3-4b-cleanv2-s42,qwen3-4b-obr-p15-s42,dev,pre_first_reuse,qwen3-4b-cleanv2-s42,17
margin_first_policy,-6.743697478991598,-7.027310924369748,-0.28361344537814936,-0.8403361344537821,0.22058823529411958,17,17,17,interval_covers_zero,4B,OBR 15% - cleaned (s42),treatment,qwen3-4b-cleanv2-s42,qwen3-4b-obr-p15-s42,dev,pre_first_reuse,qwen3-4b-cleanv2-s42,17
margin_first_raw,-6.220588235294118,-6.419117647058823,-0.19852941176470562,-0.5882352941176467,0.1544117647058823,17,17,17,interval_covers_zero,4B,OBR 15% - cleaned (s42),treatment,qwen3-4b-cleanv2-s42,qwen3-4b-obr-p15-s42,dev,pre_first_reuse,qwen3-4b-cleanv2-s42,17
close_prob_pre_filter,0.04795913290686942,0.03242422118403204,-0.015534911722837379,-0.04626740263302467,0.005076779233804615,17,17,17,interval_covers_zero,4B,OBR 15% - cleaned (s42),treatment,qwen3-4b-cleanv2-s42,qwen3-4b-obr-p15-s42,dev,pre_first_reuse,qwen3-4b-cleanv2-s42,17
close_sampler_prob,0.03672450676196095,0.017089445031491193,-0.019635061730469756,-0.054277859009840515,0.0,17,17,17,interval_covers_zero,4B,OBR 15% - cleaned (s42),treatment,qwen3-4b-cleanv2-s42,qwen3-4b-obr-p15-s42,dev,pre_first_reuse,qwen3-4b-cleanv2-s42,17
eos_after_forced_close_prob,0.9999982064082755,0.9999990079390526,8.015307770836699e-07,9.581592273211204e-08,1.880092765918494e-06,17,17,17,m1_higher,4B,OBR 15% - cleaned (s42),treatment,qwen3-4b-cleanv2-s42,qwen3-4b-obr-p15-s42,dev,pre_first_reuse,qwen3-4b-cleanv2-s42,17
next_event_close_rate,0.09539473684210527,0.09210526315789473,-0.0032894736842105365,-0.07236842105263158,0.07245065789473638,19,19,19,interval_covers_zero,4B,OBR 15% - cleaned (s42),treatment,qwen3-4b-cleanv2-s42,qwen3-4b-obr-p15-s42,dev,pre_first_reuse,qwen3-4b-keep4-s42,19
continue_rate,0.9046052631578947,0.9078947368421053,0.00328947368421062,-0.07245065789473679,0.07236842105263153,19,19,19,interval_covers_zero,4B,OBR 15% - cleaned (s42),treatment,qwen3-4b-cleanv2-s42,qwen3-4b-obr-p15-s42,dev,pre_first_reuse,qwen3-4b-keep4-s42,19
eos_without_close_rate,0.0,0.0,0.0,0.0,0.0,19,19,19,interval_covers_zero,4B,OBR 15% - cleaned (s42),treatment,qwen3-4b-cleanv2-s42,qwen3-4b-obr-p15-s42,dev,pre_first_reuse,qwen3-4b-keep4-s42,19
unresolved_rate,0.0,0.0,0.0,0.0,0.0,19,19,19,interval_covers_zero,4B,OBR 15% - cleaned (s42),treatment,qwen3-4b-cleanv2-s42,qwen3-4b-obr-p15-s42,dev,pre_first_reuse,qwen3-4b-keep4-s42,19
margin_first_policy,-6.43796992481203,-5.742481203007518,0.6954887218045123,-0.04699248120300672,1.5977443609022552,19,19,19,interval_covers_zero,4B,OBR 15% - cleaned (s42),treatment,qwen3-4b-cleanv2-s42,qwen3-4b-obr-p15-s42,dev,pre_first_reuse,qwen3-4b-keep4-s42,19
margin_first_raw,-6.006578947368421,-5.519736842105263,0.4868421052631584,-0.03289473684210531,1.1184210526315788,19,19,19,interval_covers_zero,4B,OBR 15% - cleaned (s42),treatment,qwen3-4b-cleanv2-s42,qwen3-4b-obr-p15-s42,dev,pre_first_reuse,qwen3-4b-keep4-s42,19
close_prob_pre_filter,0.09345751429039832,0.08648729284609817,-0.006970221444300151,-0.042692788545738394,0.021843881516397563,19,19,19,interval_covers_zero,4B,OBR 15% - cleaned (s42),treatment,qwen3-4b-cleanv2-s42,qwen3-4b-obr-p15-s42,dev,pre_first_reuse,qwen3-4b-keep4-s42,19
close_sampler_prob,0.08378343418143848,0.07078728495644618,-0.012996149224992301,-0.06250985772445365,0.028939237890543153,19,19,19,interval_covers_zero,4B,OBR 15% - cleaned (s42),treatment,qwen3-4b-cleanv2-s42,qwen3-4b-obr-p15-s42,dev,pre_first_reuse,qwen3-4b-keep4-s42,19
eos_after_forced_close_prob,0.9999988090156763,0.9999990402117203,2.311960439760341e-07,2.65713803265788e-08,4.4200453897802465e-07,19,19,19,m1_higher,4B,OBR 15% - cleaned (s42),treatment,qwen3-4b-cleanv2-s42,qwen3-4b-obr-p15-s42,dev,pre_first_reuse,qwen3-4b-keep4-s42,19
next_event_close_rate,0.286376953125,0.241455078125,-0.044921875,-0.06584001455061275,-0.023685513519924112,235,256,256,m1_lower,4B,OBR 15% - cleaned (s42),treatment,qwen3-4b-cleanv2-s42,qwen3-4b-obr-p15-s42,all,all,all,256
continue_rate,0.713623046875,0.758544921875,0.044921875,0.0236855135199242,0.06584001455061271,235,256,256,m1_higher,4B,OBR 15% - cleaned (s42),treatment,qwen3-4b-cleanv2-s42,qwen3-4b-obr-p15-s42,all,all,all,256
eos_without_close_rate,0.0,0.0,0.0,0.0,0.0,235,256,256,interval_covers_zero,4B,OBR 15% - cleaned (s42),treatment,qwen3-4b-cleanv2-s42,qwen3-4b-obr-p15-s42,all,all,all,256
unresolved_rate,0.0,0.0,0.0,0.0,0.0,235,256,256,interval_covers_zero,4B,OBR 15% - cleaned (s42),treatment,qwen3-4b-cleanv2-s42,qwen3-4b-obr-p15-s42,all,all,all,256
margin_first_policy,-4.063197544642858,-4.027622767857144,0.035574776785713524,-0.11339086014634145,0.18083827764976879,235,256,256,interval_covers_zero,4B,OBR 15% - cleaned (s42),treatment,qwen3-4b-cleanv2-s42,qwen3-4b-obr-p15-s42,all,all,all,256
margin_first_raw,-4.34423828125,-4.3193359375,0.02490234375,-0.079373602102438,0.1265867943548387,235,256,256,interval_covers_zero,4B,OBR 15% - cleaned (s42),treatment,qwen3-4b-cleanv2-s42,qwen3-4b-obr-p15-s42,all,all,all,256
close_prob_pre_filter,0.28008629918780537,0.25062436341732286,-0.029461935770482506,-0.04290035374658409,-0.015458447955616047,235,256,256,m1_lower,4B,OBR 15% - cleaned (s42),treatment,qwen3-4b-cleanv2-s42,qwen3-4b-obr-p15-s42,all,all,all,256
close_sampler_prob,0.28054708557548846,0.2402877733663995,-0.04025931220908896,-0.05809348163319547,-0.021702739801776037,235,256,256,m1_lower,4B,OBR 15% - cleaned (s42),treatment,qwen3-4b-cleanv2-s42,qwen3-4b-obr-p15-s42,all,all,all,256
eos_after_forced_close_prob,0.9999989605579829,0.9999991916781237,2.3112014080339804e-07,1.5456759333287716e-07,3.2608744735262986e-07,235,256,256,m1_higher,4B,OBR 15% - cleaned (s42),treatment,qwen3-4b-cleanv2-s42,qwen3-4b-obr-p15-s42,all,all,all,256
next_event_close_rate,0.20556640625,0.1640625,-0.04150390625,-0.06701150793650794,-0.01611328125,124,128,128,m1_lower,4B,OBR 15% - cleaned (s42),treatment,qwen3-4b-cleanv2-s42,qwen3-4b-obr-p15-s42,all,all,qwen3-4b-cleanv2-s42,128
continue_rate,0.79443359375,0.8359375,0.04150390625,0.01611328125,0.06701150793650783,124,128,128,m1_higher,4B,OBR 15% - cleaned (s42),treatment,qwen3-4b-cleanv2-s42,qwen3-4b-obr-p15-s42,all,all,qwen3-4b-cleanv2-s42,128
eos_without_close_rate,0.0,0.0,0.0,0.0,0.0,124,128,128,interval_covers_zero,4B,OBR 15% - cleaned (s42),treatment,qwen3-4b-cleanv2-s42,qwen3-4b-obr-p15-s42,all,all,qwen3-4b-cleanv2-s42,128
unresolved_rate,0.0,0.0,0.0,0.0,0.0,124,128,128,interval_covers_zero,4B,OBR 15% - cleaned (s42),treatment,qwen3-4b-cleanv2-s42,qwen3-4b-obr-p15-s42,all,all,qwen3-4b-cleanv2-s42,128
margin_first_policy,-4.289899553571428,-4.402901785714286,-0.11300223214285765,-0.2985604625207642,0.08093410420127281,124,128,128,interval_covers_zero,4B,OBR 15% - cleaned (s42),treatment,qwen3-4b-cleanv2-s42,qwen3-4b-obr-p15-s42,all,all,qwen3-4b-cleanv2-s42,128
margin_first_raw,-4.5029296875,-4.58203125,-0.0791015625,-0.2089923237645349,0.05665387294089141,124,128,128,interval_covers_zero,4B,OBR 15% - cleaned (s42),treatment,qwen3-4b-cleanv2-s42,qwen3-4b-obr-p15-s42,all,all,qwen3-4b-cleanv2-s42,128
close_prob_pre_filter,0.212585682638917,0.18788432328344612,-0.02470135935547088,-0.04377492114110325,-0.005664906016097716,124,128,128,m1_lower,4B,OBR 15% - cleaned (s42),treatment,qwen3-4b-cleanv2-s42,qwen3-4b-obr-p15-s42,all,all,qwen3-4b-cleanv2-s42,128
close_sampler_prob,0.20364218905954345,0.16242157763034556,-0.04122061142919789,-0.06570682220762761,-0.01679779738180934,124,128,128,m1_lower,4B,OBR 15% - cleaned (s42),treatment,qwen3-4b-cleanv2-s42,qwen3-4b-obr-p15-s42,all,all,qwen3-4b-cleanv2-s42,128
eos_after_forced_close_prob,0.9999988904358323,0.9999992267386907,3.3630285833918805e-07,2.0497941856933987e-07,5.102686309405023e-07,124,128,128,m1_higher,4B,OBR 15% - cleaned (s42),treatment,qwen3-4b-cleanv2-s42,qwen3-4b-obr-p15-s42,all,all,qwen3-4b-cleanv2-s42,128
next_event_close_rate,0.3671875,0.31884765625,-0.04833984375,-0.08111408219421269,-0.016365825365579317,119,128,128,m1_lower,4B,OBR 15% - cleaned (s42),treatment,qwen3-4b-cleanv2-s42,qwen3-4b-obr-p15-s42,all,all,qwen3-4b-keep4-s42,128
continue_rate,0.6328125,0.68115234375,0.04833984375,0.016365825365579352,0.08111408219421265,119,128,128,m1_higher,4B,OBR 15% - cleaned (s42),treatment,qwen3-4b-cleanv2-s42,qwen3-4b-obr-p15-s42,all,all,qwen3-4b-keep4-s42,128
eos_without_close_rate,0.0,0.0,0.0,0.0,0.0,119,128,128,interval_covers_zero,4B,OBR 15% - cleaned (s42),treatment,qwen3-4b-cleanv2-s42,qwen3-4b-obr-p15-s42,all,all,qwen3-4b-keep4-s42,128
unresolved_rate,0.0,0.0,0.0,0.0,0.0,119,128,128,interval_covers_zero,4B,OBR 15% - cleaned (s42),treatment,qwen3-4b-cleanv2-s42,qwen3-4b-obr-p15-s42,all,all,qwen3-4b-keep4-s42,128
margin_first_policy,-3.8364955357142865,-3.6523437500000004,0.18415178571428603,-0.01937984496123992,0.41572664835164885,119,128,128,interval_covers_zero,4B,OBR 15% - cleaned (s42),treatment,qwen3-4b-cleanv2-s42,qwen3-4b-obr-p15-s42,all,all,qwen3-4b-keep4-s42,128
margin_first_raw,-4.185546875,-4.056640625,0.12890625,-0.013565891472868685,0.29100865384615415,119,128,128,interval_covers_zero,4B,OBR 15% - cleaned (s42),treatment,qwen3-4b-cleanv2-s42,qwen3-4b-obr-p15-s42,all,all,qwen3-4b-keep4-s42,128
close_prob_pre_filter,0.34758691573669376,0.31336440355119954,-0.034222512185494214,-0.053762748358017726,-0.01573870689167181,119,128,128,m1_lower,4B,OBR 15% - cleaned (s42),treatment,qwen3-4b-cleanv2-s42,qwen3-4b-obr-p15-s42,all,all,qwen3-4b-keep4-s42,128
close_sampler_prob,0.3574519820914336,0.3181539691024534,-0.03929801298898017,-0.06552250043357749,-0.014537999028065069,119,128,128,m1_lower,4B,OBR 15% - cleaned (s42),treatment,qwen3-4b-cleanv2-s42,qwen3-4b-obr-p15-s42,all,all,qwen3-4b-keep4-s42,128
eos_after_forced_close_prob,0.9999990306801334,0.9999991566175569,1.2593742348965264e-07,4.3728534271370024e-08,2.1355771173681146e-07,119,128,128,m1_higher,4B,OBR 15% - cleaned (s42),treatment,qwen3-4b-cleanv2-s42,qwen3-4b-obr-p15-s42,all,all,qwen3-4b-keep4-s42,128
next_event_close_rate,0.5458984375,0.462890625,-0.0830078125,-0.11826923076923074,-0.04736030158095474,126,128,128,m1_lower,4B,OBR 15% - cleaned (s42),treatment,qwen3-4b-cleanv2-s42,qwen3-4b-obr-p15-s42,all,natural_stop,all,128
continue_rate,0.4541015625,0.537109375,0.0830078125,0.04736030158095472,0.11826923076923074,126,128,128,m1_higher,4B,OBR 15% - cleaned (s42),treatment,qwen3-4b-cleanv2-s42,qwen3-4b-obr-p15-s42,all,natural_stop,all,128
eos_without_close_rate,0.0,0.0,0.0,0.0,0.0,126,128,128,interval_covers_zero,4B,OBR 15% - cleaned (s42),treatment,qwen3-4b-cleanv2-s42,qwen3-4b-obr-p15-s42,all,natural_stop,all,128
unresolved_rate,0.0,0.0,0.0,0.0,0.0,126,128,128,interval_covers_zero,4B,OBR 15% - cleaned (s42),treatment,qwen3-4b-cleanv2-s42,qwen3-4b-obr-p15-s42,all,natural_stop,all,128
margin_first_policy,0.15764508928571425,-0.17159598214285704,-0.3292410714285713,-0.4553078600788527,-0.20832747469066332,126,128,128,m1_lower,4B,OBR 15% - cleaned (s42),treatment,qwen3-4b-cleanv2-s42,qwen3-4b-obr-p15-s42,all,natural_stop,all,128
margin_first_raw,-1.3896484375,-1.6201171875,-0.23046875,-0.3187155020551967,-0.1458292322834645,126,128,128,m1_lower,4B,OBR 15% - cleaned (s42),treatment,qwen3-4b-cleanv2-s42,qwen3-4b-obr-p15-s42,all,natural_stop,all,128
close_prob_pre_filter,0.5270116102791739,0.4710299715378659,-0.05598163874130796,-0.08168372686909181,-0.03153502799021232,126,128,128,m1_lower,4B,OBR 15% - cleaned (s42),treatment,qwen3-4b-cleanv2-s42,qwen3-4b-obr-p15-s42,all,natural_stop,all,128
close_sampler_prob,0.5377773424549407,0.46266317116449934,-0.07511417129044134,-0.10672296016922629,-0.04355490271843061,126,128,128,m1_lower,4B,OBR 15% - cleaned (s42),treatment,qwen3-4b-cleanv2-s42,qwen3-4b-obr-p15-s42,all,natural_stop,all,128
eos_after_forced_close_prob,0.9999993621962272,0.9999994591451252,9.694889802069895e-08,5.315645419390336e-08,1.4411598325270167e-07,126,128,128,m1_higher,4B,OBR 15% - cleaned (s42),treatment,qwen3-4b-cleanv2-s42,qwen3-4b-obr-p15-s42,all,natural_stop,all,128
next_event_close_rate,0.3935546875,0.32421875,-0.0693359375,-0.1152587890625,-0.021484375,64,64,64,m1_lower,4B,OBR 15% - cleaned (s42),treatment,qwen3-4b-cleanv2-s42,qwen3-4b-obr-p15-s42,all,natural_stop,qwen3-4b-cleanv2-s42,64
continue_rate,0.6064453125,0.67578125,0.0693359375,0.021484375,0.11525878906249987,64,64,64,m1_higher,4B,OBR 15% - cleaned (s42),treatment,qwen3-4b-cleanv2-s42,qwen3-4b-obr-p15-s42,all,natural_stop,qwen3-4b-cleanv2-s42,64
eos_without_close_rate,0.0,0.0,0.0,0.0,0.0,64,64,64,interval_covers_zero,4B,OBR 15% - cleaned (s42),treatment,qwen3-4b-cleanv2-s42,qwen3-4b-obr-p15-s42,all,natural_stop,qwen3-4b-cleanv2-s42,64
unresolved_rate,0.0,0.0,0.0,0.0,0.0,64,64,64,interval_covers_zero,4B,OBR 15% - cleaned (s42),treatment,qwen3-4b-cleanv2-s42,qwen3-4b-obr-p15-s42,all,natural_stop,qwen3-4b-cleanv2-s42,64
margin_first_policy,-0.4268973214285715,-0.7366071428571432,-0.30970982142857173,-0.5022321428571429,-0.11990792410714406,64,64,64,m1_lower,4B,OBR 15% - cleaned (s42),treatment,qwen3-4b-cleanv2-s42,qwen3-4b-obr-p15-s42,all,natural_stop,qwen3-4b-cleanv2-s42,64
margin_first_raw,-1.798828125,-2.015625,-0.216796875,-0.3515625,-0.08393554687500027,64,64,64,m1_lower,4B,OBR 15% - cleaned (s42),treatment,qwen3-4b-cleanv2-s42,qwen3-4b-obr-p15-s42,all,natural_stop,qwen3-4b-cleanv2-s42,64
close_prob_pre_filter,0.4007262877114618,0.35804404026077574,-0.04268224745068605,-0.07733396244380167,-0.0069872895393586635,64,64,64,m1_lower,4B,OBR 15% - cleaned (s42),treatment,qwen3-4b-cleanv2-s42,qwen3-4b-obr-p15-s42,all,natural_stop,qwen3-4b-cleanv2-s42,64
close_sampler_prob,0.3935430012552642,0.32030377142420124,-0.07323922983106296,-0.11772856228000259,-0.028099922956440565,64,64,64,m1_lower,4B,OBR 15% - cleaned (s42),treatment,qwen3-4b-cleanv2-s42,qwen3-4b-obr-p15-s42,all,natural_stop,qwen3-4b-cleanv2-s42,64
eos_after_forced_close_prob,0.9999992700171414,0.9999994275097777,1.574926362657436e-07,9.02573590921829e-08,2.4198407268805063e-07,64,64,64,m1_higher,4B,OBR 15% - cleaned (s42),treatment,qwen3-4b-cleanv2-s42,qwen3-4b-obr-p15-s42,all,natural_stop,qwen3-4b-cleanv2-s42,64
next_event_close_rate,0.6982421875,0.6015625,-0.0966796875,-0.150390625,-0.044921875,64,64,64,m1_lower,4B,OBR 15% - cleaned (s42),treatment,qwen3-4b-cleanv2-s42,qwen3-4b-obr-p15-s42,all,natural_stop,qwen3-4b-keep4-s42,64
continue_rate,0.3017578125,0.3984375,0.0966796875,0.044921875,0.150390625,64,64,64,m1_higher,4B,OBR 15% - cleaned (s42),treatment,qwen3-4b-cleanv2-s42,qwen3-4b-obr-p15-s42,all,natural_stop,qwen3-4b-keep4-s42,64
eos_without_close_rate,0.0,0.0,0.0,0.0,0.0,64,64,64,interval_covers_zero,4B,OBR 15% - cleaned (s42),treatment,qwen3-4b-cleanv2-s42,qwen3-4b-obr-p15-s42,all,natural_stop,qwen3-4b-keep4-s42,64
unresolved_rate,0.0,0.0,0.0,0.0,0.0,64,64,64,interval_covers_zero,4B,OBR 15% - cleaned (s42),treatment,qwen3-4b-cleanv2-s42,qwen3-4b-obr-p15-s42,all,natural_stop,qwen3-4b-keep4-s42,64
margin_first_policy,0.7421875,0.39341517857142916,-0.34877232142857084,-0.49672154017857106,-0.19531249999999922,64,64,64,m1_lower,4B,OBR 15% - cleaned (s42),treatment,qwen3-4b-cleanv2-s42,qwen3-4b-obr-p15-s42,all,natural_stop,qwen3-4b-keep4-s42,64
margin_first_raw,-0.98046875,-1.224609375,-0.244140625,-0.347705078125,-0.13671875,64,64,64,m1_lower,4B,OBR 15% - cleaned (s42),treatment,qwen3-4b-cleanv2-s42,qwen3-4b-obr-p15-s42,all,natural_stop,qwen3-4b-keep4-s42,64
close_prob_pre_filter,0.6532969328468861,0.5840159028149561,-0.06928103003192998,-0.10302150601699513,-0.03653150457037589,64,64,64,m1_lower,4B,OBR 15% - cleaned (s42),treatment,qwen3-4b-cleanv2-s42,qwen3-4b-obr-p15-s42,all,natural_stop,qwen3-4b-keep4-s42,64
close_sampler_prob,0.6820116836546173,0.6050225709047972,-0.07698911274982012,-0.12159371679690452,-0.031825831007003966,64,64,64,m1_lower,4B,OBR 15% - cleaned (s42),treatment,qwen3-4b-cleanv2-s42,qwen3-4b-obr-p15-s42,all,natural_stop,qwen3-4b-keep4-s42,64
eos_after_forced_close_prob,0.9999994543753129,0.9999994907804726,3.640515966463198e-08,-9.596542835388355e-09,8.16371079431776e-08,64,64,64,interval_covers_zero,4B,OBR 15% - cleaned (s42),treatment,qwen3-4b-cleanv2-s42,qwen3-4b-obr-p15-s42,all,natural_stop,qwen3-4b-keep4-s42,64
next_event_close_rate,0.005859375,0.0048828125,-0.0009765625,-0.017578125,0.0146484375,64,64,64,interval_covers_zero,4B,OBR 15% - cleaned (s42),treatment,qwen3-4b-cleanv2-s42,qwen3-4b-obr-p15-s42,all,early_remaining,all,64
continue_rate,0.994140625,0.9951171875,0.0009765625,-0.0146484375,0.017578125,64,64,64,interval_covers_zero,4B,OBR 15% - cleaned (s42),treatment,qwen3-4b-cleanv2-s42,qwen3-4b-obr-p15-s42,all,early_remaining,all,64
eos_without_close_rate,0.0,0.0,0.0,0.0,0.0,64,64,64,interval_covers_zero,4B,OBR 15% - cleaned (s42),treatment,qwen3-4b-cleanv2-s42,qwen3-4b-obr-p15-s42,all,early_remaining,all,64
unresolved_rate,0.0,0.0,0.0,0.0,0.0,64,64,64,interval_covers_zero,4B,OBR 15% - cleaned (s42),treatment,qwen3-4b-cleanv2-s42,qwen3-4b-obr-p15-s42,all,early_remaining,all,64
margin_first_policy,-10.298549107142858,-9.734933035714286,0.5636160714285712,0.24274553571428642,0.8817661830357141,64,64,64,m1_higher,4B,OBR 15% - cleaned (s42),treatment,qwen3-4b-cleanv2-s42,qwen3-4b-obr-p15-s42,all,early_remaining,all,64
margin_first_raw,-8.708984375,-8.314453125,0.39453125,0.169921875,0.6172363281249997,64,64,64,m1_higher,4B,OBR 15% - cleaned (s42),treatment,qwen3-4b-cleanv2-s42,qwen3-4b-obr-p15-s42,all,early_remaining,all,64
close_prob_pre_filter,0.006035504644514182,0.006521822411545519,0.0004863177670313369,-0.010953888166749734,0.013282701357581259,64,64,64,interval_covers_zero,4B,OBR 15% - cleaned (s42),treatment,qwen3-4b-cleanv2-s42,qwen3-4b-obr-p15-s42,all,early_remaining,all,64
close_sampler_prob,0.003986429755176829,0.00513519603933234,0.0011487662841555115,-0.011959289265530486,0.01540558811799702,64,64,64,interval_covers_zero,4B,OBR 15% - cleaned (s42),treatment,qwen3-4b-cleanv2-s42,qwen3-4b-obr-p15-s42,all,early_remaining,all,64
eos_after_forced_close_prob,0.999998338220253,0.9999986971421309,3.5892187788544305e-07,1.861126945362779e-07,5.579156298729513e-07,64,64,64,m1_higher,4B,OBR 15% - cleaned (s42),treatment,qwen3-4b-cleanv2-s42,qwen3-4b-obr-p15-s42,all,early_remaining,all,64
next_event_close_rate,0.01171875,0.0,-0.01171875,-0.03515625,0.0,32,32,32,interval_covers_zero,4B,OBR 15% - cleaned (s42),treatment,qwen3-4b-cleanv2-s42,qwen3-4b-obr-p15-s42,all,early_remaining,qwen3-4b-cleanv2-s42,32
continue_rate,0.98828125,1.0,0.01171875,0.0,0.03515625,32,32,32,interval_covers_zero,4B,OBR 15% - cleaned (s42),treatment,qwen3-4b-cleanv2-s42,qwen3-4b-obr-p15-s42,all,early_remaining,qwen3-4b-cleanv2-s42,32
eos_without_close_rate,0.0,0.0,0.0,0.0,0.0,32,32,32,interval_covers_zero,4B,OBR 15% - cleaned (s42),treatment,qwen3-4b-cleanv2-s42,qwen3-4b-obr-p15-s42,all,early_remaining,qwen3-4b-cleanv2-s42,32
unresolved_rate,0.0,0.0,0.0,0.0,0.0,32,32,32,interval_covers_zero,4B,OBR 15% - cleaned (s42),treatment,qwen3-4b-cleanv2-s42,qwen3-4b-obr-p15-s42,all,early_remaining,qwen3-4b-cleanv2-s42,32
margin_first_policy,-9.78794642857143,-9.609375,0.1785714285714306,-0.18415178571428648,0.5470145089285724,32,32,32,interval_covers_zero,4B,OBR 15% - cleaned (s42),treatment,qwen3-4b-cleanv2-s42,qwen3-4b-obr-p15-s42,all,early_remaining,qwen3-4b-cleanv2-s42,32
margin_first_raw,-8.3515625,-8.2265625,0.125,-0.12890625,0.38291015624999947,32,32,32,interval_covers_zero,4B,OBR 15% - cleaned (s42),treatment,qwen3-4b-cleanv2-s42,qwen3-4b-obr-p15-s42,all,early_remaining,qwen3-4b-cleanv2-s42,32
close_prob_pre_filter,0.010445837071855354,0.0023363047705196064,-0.008109532301335747,-0.0231291625063739,-0.0001878600558632295,32,32,32,m1_lower,4B,OBR 15% - cleaned (s42),treatment,qwen3-4b-cleanv2-s42,qwen3-4b-obr-p15-s42,all,early_remaining,qwen3-4b-cleanv2-s42,32
close_sampler_prob,0.007972859510353657,0.0,-0.007972859510353657,-0.023918578531060972,0.0,32,32,32,interval_covers_zero,4B,OBR 15% - cleaned (s42),treatment,qwen3-4b-cleanv2-s42,qwen3-4b-obr-p15-s42,all,early_remaining,qwen3-4b-cleanv2-s42,32
eos_after_forced_close_prob,0.9999983954636904,0.9999988807040292,4.852403387989312e-07,2.5200792519997075e-07,7.206848416096977e-07,32,32,32,m1_higher,4B,OBR 15% - cleaned (s42),treatment,qwen3-4b-cleanv2-s42,qwen3-4b-obr-p15-s42,all,early_remaining,qwen3-4b-cleanv2-s42,32
next_event_close_rate,0.0,0.009765625,0.009765625,0.0,0.029296875,32,32,32,interval_covers_zero,4B,OBR 15% - cleaned (s42),treatment,qwen3-4b-cleanv2-s42,qwen3-4b-obr-p15-s42,all,early_remaining,qwen3-4b-keep4-s42,32
continue_rate,1.0,0.990234375,-0.009765625,-0.029296875,0.0,32,32,32,interval_covers_zero,4B,OBR 15% - cleaned (s42),treatment,qwen3-4b-cleanv2-s42,qwen3-4b-obr-p15-s42,all,early_remaining,qwen3-4b-keep4-s42,32
eos_without_close_rate,0.0,0.0,0.0,0.0,0.0,32,32,32,interval_covers_zero,4B,OBR 15% - cleaned (s42),treatment,qwen3-4b-cleanv2-s42,qwen3-4b-obr-p15-s42,all,early_remaining,qwen3-4b-keep4-s42,32
unresolved_rate,0.0,0.0,0.0,0.0,0.0,32,32,32,interval_covers_zero,4B,OBR 15% - cleaned (s42),treatment,qwen3-4b-cleanv2-s42,qwen3-4b-obr-p15-s42,all,early_remaining,qwen3-4b-keep4-s42,32
margin_first_policy,-10.809151785714288,-9.860491071428573,0.9486607142857153,0.4464285714285712,1.4733537946428554,32,32,32,m1_higher,4B,OBR 15% - cleaned (s42),treatment,qwen3-4b-cleanv2-s42,qwen3-4b-obr-p15-s42,all,early_remaining,qwen3-4b-keep4-s42,32
margin_first_raw,-9.06640625,-8.40234375,0.6640625,0.3125,1.0313476562499995,32,32,32,m1_higher,4B,OBR 15% - cleaned (s42),treatment,qwen3-4b-cleanv2-s42,qwen3-4b-obr-p15-s42,all,early_remaining,qwen3-4b-keep4-s42,32
close_prob_pre_filter,0.0016251722171730083,0.010707340052571433,0.009082167835398424,-0.0009606409066955011,0.02830016055588996,32,32,32,interval_covers_zero,4B,OBR 15% - cleaned (s42),treatment,qwen3-4b-cleanv2-s42,qwen3-4b-obr-p15-s42,all,early_remaining,qwen3-4b-keep4-s42,32
close_sampler_prob,0.0,0.01027039207866468,0.01027039207866468,0.0,0.03081117623599404,32,32,32,interval_covers_zero,4B,OBR 15% - cleaned (s42),treatment,qwen3-4b-cleanv2-s42,qwen3-4b-obr-p15-s42,all,early_remaining,qwen3-4b-keep4-s42,32
eos_after_forced_close_prob,0.9999982809768158,0.9999985135802323,2.3260341652786565e-07,-1.8087941838773602e-08,4.971873376474754e-07,32,32,32,interval_covers_zero,4B,OBR 15% - cleaned (s42),treatment,qwen3-4b-cleanv2-s42,qwen3-4b-obr-p15-s42,all,early_remaining,qwen3-4b-keep4-s42,32
next_event_close_rate,0.0478515625,0.03515625,-0.0126953125,-0.0390625,0.012896825396825393,63,64,64,interval_covers_zero,4B,OBR 15% - cleaned (s42),treatment,qwen3-4b-cleanv2-s42,qwen3-4b-obr-p15-s42,all,pre_first_reuse,all,64
continue_rate,0.9521484375,0.96484375,0.0126953125,-0.012896825396825351,0.0390625,63,64,64,interval_covers_zero,4B,OBR 15% - cleaned (s42),treatment,qwen3-4b-cleanv2-s42,qwen3-4b-obr-p15-s42,all,pre_first_reuse,all,64
eos_without_close_rate,0.0,0.0,0.0,0.0,0.0,63,64,64,interval_covers_zero,4B,OBR 15% - cleaned (s42),treatment,qwen3-4b-cleanv2-s42,qwen3-4b-obr-p15-s42,all,pre_first_reuse,all,64
unresolved_rate,0.0,0.0,0.0,0.0,0.0,63,64,64,interval_covers_zero,4B,OBR 15% - cleaned (s42),treatment,qwen3-4b-cleanv2-s42,qwen3-4b-obr-p15-s42,all,pre_first_reuse,all,64
margin_first_policy,-6.269531250000001,-6.032366071428573,0.23716517857142794,-0.16440462903911557,0.6349516369047613,63,64,64,interval_covers_zero,4B,OBR 15% - cleaned (s42),treatment,qwen3-4b-cleanv2-s42,qwen3-4b-obr-p15-s42,all,pre_first_reuse,all,64
margin_first_raw,-5.888671875,-5.72265625,0.166015625,-0.11508324032738056,0.4444661458333334,63,64,64,interval_covers_zero,4B,OBR 15% - cleaned (s42),treatment,qwen3-4b-cleanv2-s42,qwen3-4b-obr-p15-s42,all,pre_first_reuse,all,64
close_prob_pre_filter,0.060286471548359255,0.05391568818201408,-0.006370783366345174,-0.021164243194563764,0.005927290232230901,63,64,64,interval_covers_zero,4B,OBR 15% - cleaned (s42),treatment,qwen3-4b-cleanv2-s42,qwen3-4b-obr-p15-s42,all,pre_first_reuse,all,64
close_sampler_prob,0.04264722763689572,0.030689555097267153,-0.011957672539628567,-0.030574654210287874,0.0034985382982859066,63,64,64,interval_covers_zero,4B,OBR 15% - cleaned (s42),treatment,qwen3-4b-cleanv2-s42,qwen3-4b-obr-p15-s42,all,pre_first_reuse,all,64
eos_after_forced_close_prob,0.9999987796192242,0.9999991512801136,3.7166088939777353e-07,1.5227309075049878e-07,7.066332852301287e-07,63,64,64,m1_higher,4B,OBR 15% - cleaned (s42),treatment,qwen3-4b-cleanv2-s42,qwen3-4b-obr-p15-s42,all,pre_first_reuse,all,64
next_event_close_rate,0.0234375,0.0078125,-0.015625,-0.041015625,0.0,32,32,32,interval_covers_zero,4B,OBR 15% - cleaned (s42),treatment,qwen3-4b-cleanv2-s42,qwen3-4b-obr-p15-s42,all,pre_first_reuse,qwen3-4b-cleanv2-s42,32
continue_rate,0.9765625,0.9921875,0.015625,0.0,0.041015625,32,32,32,interval_covers_zero,4B,OBR 15% - cleaned (s42),treatment,qwen3-4b-cleanv2-s42,qwen3-4b-obr-p15-s42,all,pre_first_reuse,qwen3-4b-cleanv2-s42,32
eos_without_close_rate,0.0,0.0,0.0,0.0,0.0,32,32,32,interval_covers_zero,4B,OBR 15% - cleaned (s42),treatment,qwen3-4b-cleanv2-s42,qwen3-4b-obr-p15-s42,all,pre_first_reuse,qwen3-4b-cleanv2-s42,32
unresolved_rate,0.0,0.0,0.0,0.0,0.0,32,32,32,interval_covers_zero,4B,OBR 15% - cleaned (s42),treatment,qwen3-4b-cleanv2-s42,qwen3-4b-obr-p15-s42,all,pre_first_reuse,qwen3-4b-cleanv2-s42,32
margin_first_policy,-6.517857142857144,-6.529017857142857,-0.011160714285712636,-0.546875,0.49665178571428736,32,32,32,interval_covers_zero,4B,OBR 15% - cleaned (s42),treatment,qwen3-4b-cleanv2-s42,qwen3-4b-obr-p15-s42,all,pre_first_reuse,qwen3-4b-cleanv2-s42,32
margin_first_raw,-6.0625,-6.0703125,-0.0078125,-0.3828125,0.34765625,32,32,32,interval_covers_zero,4B,OBR 15% - cleaned (s42),treatment,qwen3-4b-cleanv2-s42,qwen3-4b-obr-p15-s42,all,pre_first_reuse,qwen3-4b-cleanv2-s42,32
close_prob_pre_filter,0.038444318060889104,0.03311290784171337,-0.005331410219175735,-0.02311407473203697,0.0088779842523509,32,32,32,interval_covers_zero,4B,OBR 15% - cleaned (s42),treatment,qwen3-4b-cleanv2-s42,qwen3-4b-obr-p15-s42,all,pre_first_reuse,qwen3-4b-cleanv2-s42,32
close_sampler_prob,0.019509894217291754,0.009078767672979696,-0.010431126544312058,-0.028835112598977777,0.0,32,32,32,interval_covers_zero,4B,OBR 15% - cleaned (s42),treatment,qwen3-4b-cleanv2-s42,qwen3-4b-obr-p15-s42,all,pre_first_reuse,qwen3-4b-cleanv2-s42,32
eos_after_forced_close_prob,0.9999986262453563,0.9999991712311781,5.449858218042891e-07,1.534608088771261e-07,1.123495795907203e-06,32,32,32,m1_higher,4B,OBR 15% - cleaned (s42),treatment,qwen3-4b-cleanv2-s42,qwen3-4b-obr-p15-s42,all,pre_first_reuse,qwen3-4b-cleanv2-s42,32
next_event_close_rate,0.072265625,0.0625,-0.009765625,-0.0546875,0.041015625,32,32,32,interval_covers_zero,4B,OBR 15% - cleaned (s42),treatment,qwen3-4b-cleanv2-s42,qwen3-4b-obr-p15-s42,all,pre_first_reuse,qwen3-4b-keep4-s42,32
continue_rate,0.927734375,0.9375,0.009765625,-0.041015625,0.0546875,32,32,32,interval_covers_zero,4B,OBR 15% - cleaned (s42),treatment,qwen3-4b-cleanv2-s42,qwen3-4b-obr-p15-s42,all,pre_first_reuse,qwen3-4b-keep4-s42,32
eos_without_close_rate,0.0,0.0,0.0,0.0,0.0,32,32,32,interval_covers_zero,4B,OBR 15% - cleaned (s42),treatment,qwen3-4b-cleanv2-s42,qwen3-4b-obr-p15-s42,all,pre_first_reuse,qwen3-4b-keep4-s42,32
unresolved_rate,0.0,0.0,0.0,0.0,0.0,32,32,32,interval_covers_zero,4B,OBR 15% - cleaned (s42),treatment,qwen3-4b-cleanv2-s42,qwen3-4b-obr-p15-s42,all,pre_first_reuse,qwen3-4b-keep4-s42,32
margin_first_policy,-6.021205357142858,-5.5357142857142865,0.4854910714285712,-0.04478236607142906,1.0604073660714284,32,32,32,interval_covers_zero,4B,OBR 15% - cleaned (s42),treatment,qwen3-4b-cleanv2-s42,qwen3-4b-obr-p15-s42,all,pre_first_reuse,qwen3-4b-keep4-s42,32
margin_first_raw,-5.71484375,-5.375,0.33984375,-0.031347656249999994,0.7422851562499995,32,32,32,interval_covers_zero,4B,OBR 15% - cleaned (s42),treatment,qwen3-4b-cleanv2-s42,qwen3-4b-obr-p15-s42,all,pre_first_reuse,qwen3-4b-keep4-s42,32
close_prob_pre_filter,0.08212862503582939,0.07471846852231477,-0.007410156513514621,-0.03021267438916135,0.012942813437713776,32,32,32,interval_covers_zero,4B,OBR 15% - cleaned (s42),treatment,qwen3-4b-cleanv2-s42,qwen3-4b-obr-p15-s42,all,pre_first_reuse,qwen3-4b-keep4-s42,32
close_sampler_prob,0.06578456105649969,0.05230034252155459,-0.013484218534945094,-0.04627903793003954,0.015021822628485105,32,32,32,interval_covers_zero,4B,OBR 15% - cleaned (s42),treatment,qwen3-4b-cleanv2-s42,qwen3-4b-obr-p15-s42,all,pre_first_reuse,qwen3-4b-keep4-s42,32
eos_after_forced_close_prob,0.999998932993092,0.9999991313290494,1.9833595743534715e-07,5.7831622887749566e-08,3.375218428830483e-07,32,32,32,m1_higher,4B,OBR 15% - cleaned (s42),treatment,qwen3-4b-cleanv2-s42,qwen3-4b-obr-p15-s42,all,pre_first_reuse,qwen3-4b-keep4-s42,32
next_event_close_rate,0.2706692913385827,0.07824803149606299,-0.1924212598425197,-0.2405018849206349,-0.1483707291876638,118,127,127,m1_lower,4B,raw - cleaned (s123),treatment,qwen3-4b-cleanv2-s123,qwen3-4b-keep4-s123,test,all,all,127
continue_rate,0.7293307086614174,0.921751968503937,0.19242125984251968,0.14837072918766372,0.24050188492063496,118,127,127,m1_higher,4B,raw - cleaned (s123),treatment,qwen3-4b-cleanv2-s123,qwen3-4b-keep4-s123,test,all,all,127
eos_without_close_rate,0.0,0.0,0.0,0.0,0.0,118,127,127,interval_covers_zero,4B,raw - cleaned (s123),treatment,qwen3-4b-cleanv2-s123,qwen3-4b-keep4-s123,test,all,all,127
unresolved_rate,0.0,0.0,0.0,0.0,0.0,118,127,127,interval_covers_zero,4B,raw - cleaned (s123),treatment,qwen3-4b-cleanv2-s123,qwen3-4b-keep4-s123,test,all,all,127
margin_first_policy,-3.9707536557930267,-5.840832395950507,-1.87007874015748,-2.1097545833484532,-1.6439771030363366,118,127,127,m1_lower,4B,raw - cleaned (s123),treatment,qwen3-4b-cleanv2-s123,qwen3-4b-keep4-s123,test,all,all,127
margin_first_raw,-4.2795275590551185,-5.588582677165355,-1.3090551181102361,-1.4768282083439168,-1.150783972125436,118,127,127,m1_lower,4B,raw - cleaned (s123),treatment,qwen3-4b-cleanv2-s123,qwen3-4b-keep4-s123,test,all,all,127
close_prob_pre_filter,0.278292593806707,0.10481460268690389,-0.1734779911198031,-0.2072522631791255,-0.13904709256628706,118,127,127,m1_lower,4B,raw - cleaned (s123),treatment,qwen3-4b-cleanv2-s123,qwen3-4b-keep4-s123,test,all,all,127
close_sampler_prob,0.27058757214410256,0.07828026730148979,-0.19230730484261277,-0.23453940119061495,-0.1503331049190044,118,127,127,m1_lower,4B,raw - cleaned (s123),treatment,qwen3-4b-cleanv2-s123,qwen3-4b-keep4-s123,test,all,all,127
eos_after_forced_close_prob,0.9999989538063867,0.9999971432584238,-1.8105479628882648e-06,-3.7402653625756566e-06,-6.987435511862651e-07,118,127,127,m1_lower,4B,raw - cleaned (s123),treatment,qwen3-4b-cleanv2-s123,qwen3-4b-keep4-s123,test,all,all,127
next_event_close_rate,0.181640625,0.0126953125,-0.1689453125,-0.2338773681515617,-0.10813492063492064,61,64,64,m1_lower,4B,raw - cleaned (s123),treatment,qwen3-4b-cleanv2-s123,qwen3-4b-keep4-s123,test,all,qwen3-4b-cleanv2-s42,64
continue_rate,0.818359375,0.9873046875,0.1689453125,0.10813492063492058,0.23387736815156168,61,64,64,m1_higher,4B,raw - cleaned (s123),treatment,qwen3-4b-cleanv2-s123,qwen3-4b-keep4-s123,test,all,qwen3-4b-cleanv2-s42,64
eos_without_close_rate,0.0,0.0,0.0,0.0,0.0,61,64,64,interval_covers_zero,4B,raw - cleaned (s123),treatment,qwen3-4b-cleanv2-s123,qwen3-4b-keep4-s123,test,all,qwen3-4b-cleanv2-s42,64
unresolved_rate,0.0,0.0,0.0,0.0,0.0,61,64,64,interval_covers_zero,4B,raw - cleaned (s123),treatment,qwen3-4b-cleanv2-s123,qwen3-4b-keep4-s123,test,all,qwen3-4b-cleanv2-s42,64
margin_first_policy,-4.347098214285715,-6.442522321428572,-2.0954241071428568,-2.448167591816785,-1.7197724654377864,61,64,64,m1_lower,4B,raw - cleaned (s123),treatment,qwen3-4b-cleanv2-s123,qwen3-4b-keep4-s123,test,all,qwen3-4b-cleanv2-s42,64
margin_first_raw,-4.54296875,-6.009765625,-1.466796875,-1.713717314271749,-1.203840725806451,61,64,64,m1_lower,4B,raw - cleaned (s123),treatment,qwen3-4b-cleanv2-s123,qwen3-4b-keep4-s123,test,all,qwen3-4b-cleanv2-s42,64
close_prob_pre_filter,0.20497797924623443,0.03886751181031608,-0.16611046743591834,-0.2141521884207562,-0.11933068533784696,61,64,64,m1_lower,4B,raw - cleaned (s123),treatment,qwen3-4b-cleanv2-s123,qwen3-4b-keep4-s123,test,all,qwen3-4b-cleanv2-s42,64
close_sampler_prob,0.18338438147077205,0.014582922484174891,-0.16880145898659715,-0.2314745922219667,-0.11109090743619936,61,64,64,m1_lower,4B,raw - cleaned (s123),treatment,qwen3-4b-cleanv2-s123,qwen3-4b-keep4-s123,test,all,qwen3-4b-cleanv2-s42,64
eos_after_forced_close_prob,0.9999989734157886,0.9999980023292734,-9.710865152001702e-07,-1.5255839704575447e-06,-5.113422879704511e-07,61,64,64,m1_lower,4B,raw - cleaned (s123),treatment,qwen3-4b-cleanv2-s123,qwen3-4b-keep4-s123,test,all,qwen3-4b-cleanv2-s42,64
next_event_close_rate,0.3611111111111111,0.14484126984126985,-0.21626984126984125,-0.2787830171130952,-0.15530303030303033,58,63,63,m1_lower,4B,raw - cleaned (s123),treatment,qwen3-4b-cleanv2-s123,qwen3-4b-keep4-s123,test,all,qwen3-4b-keep4-s42,63
continue_rate,0.6388888888888888,0.8551587301587301,0.21626984126984128,0.15530303030303028,0.27878301711309517,58,63,63,m1_higher,4B,raw - cleaned (s123),treatment,qwen3-4b-cleanv2-s123,qwen3-4b-keep4-s123,test,all,qwen3-4b-keep4-s42,63
eos_without_close_rate,0.0,0.0,0.0,0.0,0.0,58,63,63,interval_covers_zero,4B,raw - cleaned (s123),treatment,qwen3-4b-cleanv2-s123,qwen3-4b-keep4-s123,test,all,qwen3-4b-keep4-s42,63
unresolved_rate,0.0,0.0,0.0,0.0,0.0,58,63,63,interval_covers_zero,4B,raw - cleaned (s123),treatment,qwen3-4b-cleanv2-s123,qwen3-4b-keep4-s123,test,all,qwen3-4b-keep4-s42,63
margin_first_policy,-3.5884353741496606,-5.229591836734695,-1.6411564625850343,-1.9197172619047616,-1.3462691326530616,58,63,63,m1_lower,4B,raw - cleaned (s123),treatment,qwen3-4b-cleanv2-s123,qwen3-4b-keep4-s123,test,all,qwen3-4b-keep4-s42,63
margin_first_raw,-4.011904761904762,-5.160714285714286,-1.1488095238095237,-1.3438020833333333,-0.942388392857143,58,63,63,m1_lower,4B,raw - cleaned (s123),treatment,qwen3-4b-cleanv2-s123,qwen3-4b-keep4-s123,test,all,qwen3-4b-keep4-s42,63
close_prob_pre_filter,0.3527709324078219,0.17180847278375502,-0.1809624596240669,-0.22673757939074593,-0.13959007225911388,58,63,63,m1_lower,4B,raw - cleaned (s123),treatment,qwen3-4b-cleanv2-s123,qwen3-4b-keep4-s123,test,all,qwen3-4b-keep4-s42,63
close_sampler_prob,0.3591749404471684,0.14298868108415888,-0.21618625936300953,-0.2735822316729895,-0.1641964432576397,58,63,63,m1_lower,4B,raw - cleaned (s123),treatment,qwen3-4b-cleanv2-s123,qwen3-4b-keep4-s123,test,all,qwen3-4b-keep4-s42,63
eos_after_forced_close_prob,0.9999989338857247,0.999996270551529,-2.6633341957404966e-06,-6.350168354801733e-06,-5.902529210427556e-07,58,63,63,m1_lower,4B,raw - cleaned (s123),treatment,qwen3-4b-cleanv2-s123,qwen3-4b-keep4-s123,test,all,qwen3-4b-keep4-s42,63
next_event_close_rate,0.5104166666666666,0.15056818181818182,-0.3598484848484848,-0.41953125,-0.29640151515151514,66,66,66,m1_lower,4B,raw - cleaned (s123),treatment,qwen3-4b-cleanv2-s123,qwen3-4b-keep4-s123,test,natural_stop,all,66
continue_rate,0.4895833333333333,0.8494318181818182,0.3598484848484849,0.29640151515151514,0.4195312499999999,66,66,66,m1_higher,4B,raw - cleaned (s123),treatment,qwen3-4b-cleanv2-s123,qwen3-4b-keep4-s123,test,natural_stop,all,66
eos_without_close_rate,0.0,0.0,0.0,0.0,0.0,66,66,66,interval_covers_zero,4B,raw - cleaned (s123),treatment,qwen3-4b-cleanv2-s123,qwen3-4b-keep4-s123,test,natural_stop,all,66
unresolved_rate,0.0,0.0,0.0,0.0,0.0,66,66,66,interval_covers_zero,4B,raw - cleaned (s123),treatment,qwen3-4b-cleanv2-s123,qwen3-4b-keep4-s123,test,natural_stop,all,66
margin_first_policy,0.059523809523809014,-2.0265151515151514,-2.0860389610389602,-2.3566017316017303,-1.826298701298701,66,66,66,m1_lower,4B,raw - cleaned (s123),treatment,qwen3-4b-cleanv2-s123,qwen3-4b-keep4-s123,test,natural_stop,all,66
margin_first_raw,-1.4583333333333333,-2.918560606060606,-1.4602272727272727,-1.649621212121212,-1.2784090909090908,66,66,66,m1_lower,4B,raw - cleaned (s123),treatment,qwen3-4b-cleanv2-s123,qwen3-4b-keep4-s123,test,natural_stop,all,66
close_prob_pre_filter,0.5122356121070004,0.20036484027389434,-0.3118707718331061,-0.3487484232178861,-0.27172838731722976,66,66,66,m1_lower,4B,raw - cleaned (s123),treatment,qwen3-4b-cleanv2-s123,qwen3-4b-keep4-s123,test,natural_stop,all,66
close_sampler_prob,0.5100371169936423,0.15063021132256368,-0.3594069056710786,-0.41103367694214904,-0.30388317636470724,66,66,66,m1_lower,4B,raw - cleaned (s123),treatment,qwen3-4b-cleanv2-s123,qwen3-4b-keep4-s123,test,natural_stop,all,66
eos_after_forced_close_prob,0.9999992855038561,0.9999985347966774,-7.507071786427844e-07,-1.2436254846148743e-06,-3.7624142384118383e-07,66,66,66,m1_lower,4B,raw - cleaned (s123),treatment,qwen3-4b-cleanv2-s123,qwen3-4b-keep4-s123,test,natural_stop,all,66
next_event_close_rate,0.3522727272727273,0.02462121212121212,-0.3276515151515152,-0.42234848484848486,-0.240530303030303,33,33,33,m1_lower,4B,raw - cleaned (s123),treatment,qwen3-4b-cleanv2-s123,qwen3-4b-keep4-s123,test,natural_stop,qwen3-4b-cleanv2-s42,33
continue_rate,0.6477272727272727,0.9753787878787878,0.32765151515151514,0.24053030303030298,0.42234848484848486,33,33,33,m1_higher,4B,raw - cleaned (s123),treatment,qwen3-4b-cleanv2-s123,qwen3-4b-keep4-s123,test,natural_stop,qwen3-4b-cleanv2-s42,33
eos_without_close_rate,0.0,0.0,0.0,0.0,0.0,33,33,33,interval_covers_zero,4B,raw - cleaned (s123),treatment,qwen3-4b-cleanv2-s123,qwen3-4b-keep4-s123,test,natural_stop,qwen3-4b-cleanv2-s42,33
unresolved_rate,0.0,0.0,0.0,0.0,0.0,33,33,33,interval_covers_zero,4B,raw - cleaned (s123),treatment,qwen3-4b-cleanv2-s123,qwen3-4b-keep4-s123,test,natural_stop,qwen3-4b-cleanv2-s42,33
margin_first_policy,-0.5519480519480522,-3.23051948051948,-2.678571428571428,-3.025027056277055,-2.3160173160173145,33,33,33,m1_lower,4B,raw - cleaned (s123),treatment,qwen3-4b-cleanv2-s123,qwen3-4b-keep4-s123,test,natural_stop,qwen3-4b-cleanv2-s42,33
margin_first_raw,-1.8863636363636365,-3.7613636363636362,-1.8749999999999998,-2.117518939393939,-1.621212121212121,33,33,33,m1_lower,4B,raw - cleaned (s123),treatment,qwen3-4b-cleanv2-s123,qwen3-4b-keep4-s123,test,natural_stop,qwen3-4b-cleanv2-s42,33
close_prob_pre_filter,0.38376965129955365,0.07408920956794522,-0.3096804417316084,-0.36610306540672627,-0.25517857051283716,33,33,33,m1_lower,4B,raw - cleaned (s123),treatment,qwen3-4b-cleanv2-s123,qwen3-4b-keep4-s123,test,natural_stop,qwen3-4b-cleanv2-s42,33
close_sampler_prob,0.35565455800392154,0.028282031484460395,-0.32737252651946114,-0.4095883509555217,-0.24513487136352063,33,33,33,m1_lower,4B,raw - cleaned (s123),treatment,qwen3-4b-cleanv2-s123,qwen3-4b-keep4-s123,test,natural_stop,qwen3-4b-cleanv2-s42,33
eos_after_forced_close_prob,0.9999991792587813,0.999998097475248,-1.0817835333076786e-06,-2.0831263129017506e-06,-3.8734593897638046e-07,33,33,33,m1_lower,4B,raw - cleaned (s123),treatment,qwen3-4b-cleanv2-s123,qwen3-4b-keep4-s123,test,natural_stop,qwen3-4b-cleanv2-s42,33
next_event_close_rate,0.6685606060606061,0.2765151515151515,-0.3920454545454546,-0.4716382575757576,-0.3162878787878788,33,33,33,m1_lower,4B,raw - cleaned (s123),treatment,qwen3-4b-cleanv2-s123,qwen3-4b-keep4-s123,test,natural_stop,qwen3-4b-keep4-s42,33
continue_rate,0.3314393939393939,0.7234848484848485,0.3920454545454546,0.3162878787878788,0.4716382575757573,33,33,33,m1_higher,4B,raw - cleaned (s123),treatment,qwen3-4b-cleanv2-s123,qwen3-4b-keep4-s123,test,natural_stop,qwen3-4b-keep4-s42,33
eos_without_close_rate,0.0,0.0,0.0,0.0,0.0,33,33,33,interval_covers_zero,4B,raw - cleaned (s123),treatment,qwen3-4b-cleanv2-s123,qwen3-4b-keep4-s123,test,natural_stop,qwen3-4b-keep4-s42,33
unresolved_rate,0.0,0.0,0.0,0.0,0.0,33,33,33,interval_covers_zero,4B,raw - cleaned (s123),treatment,qwen3-4b-cleanv2-s123,qwen3-4b-keep4-s123,test,natural_stop,qwen3-4b-keep4-s42,33
margin_first_policy,0.6709956709956703,-0.8225108225108233,-1.4935064935064934,-1.7207792207792205,-1.27150974025974,33,33,33,m1_lower,4B,raw - cleaned (s123),treatment,qwen3-4b-cleanv2-s123,qwen3-4b-keep4-s123,test,natural_stop,qwen3-4b-keep4-s42,33
margin_first_raw,-1.0303030303030303,-2.0757575757575757,-1.0454545454545454,-1.2045454545454546,-0.8900568181818185,33,33,33,m1_lower,4B,raw - cleaned (s123),treatment,qwen3-4b-cleanv2-s123,qwen3-4b-keep4-s123,test,natural_stop,qwen3-4b-keep4-s42,33
close_prob_pre_filter,0.6407015729144473,0.32664047097984344,-0.31406110193460385,-0.36244870117299455,-0.26471459579996964,33,33,33,m1_lower,4B,raw - cleaned (s123),treatment,qwen3-4b-cleanv2-s123,qwen3-4b-keep4-s123,test,natural_stop,qwen3-4b-keep4-s42,33
close_sampler_prob,0.6644196759833629,0.27297839116066697,-0.39144128482269597,-0.45001720115213484,-0.3292207806254727,33,33,33,m1_lower,4B,raw - cleaned (s123),treatment,qwen3-4b-cleanv2-s123,qwen3-4b-keep4-s123,test,natural_stop,qwen3-4b-keep4-s42,33
eos_after_forced_close_prob,0.999999391748931,0.9999989721181068,-4.196308241999347e-07,-6.053925260457449e-07,-2.6073437061624506e-07,33,33,33,m1_lower,4B,raw - cleaned (s123),treatment,qwen3-4b-cleanv2-s123,qwen3-4b-keep4-s123,test,natural_stop,qwen3-4b-keep4-s42,33
next_event_close_rate,0.0,0.0,0.0,0.0,0.0,33,33,33,interval_covers_zero,4B,raw - cleaned (s123),treatment,qwen3-4b-cleanv2-s123,qwen3-4b-keep4-s123,test,early_remaining,all,33
continue_rate,1.0,1.0,0.0,0.0,0.0,33,33,33,interval_covers_zero,4B,raw - cleaned (s123),treatment,qwen3-4b-cleanv2-s123,qwen3-4b-keep4-s123,test,early_remaining,all,33
eos_without_close_rate,0.0,0.0,0.0,0.0,0.0,33,33,33,interval_covers_zero,4B,raw - cleaned (s123),treatment,qwen3-4b-cleanv2-s123,qwen3-4b-keep4-s123,test,early_remaining,all,33
unresolved_rate,0.0,0.0,0.0,0.0,0.0,33,33,33,interval_covers_zero,4B,raw - cleaned (s123),treatment,qwen3-4b-cleanv2-s123,qwen3-4b-keep4-s123,test,early_remaining,all,33
margin_first_policy,-10.265151515151517,-11.569264069264069,-1.3041125541125513,-1.812770562770563,-0.8170995670995662,33,33,33,m1_lower,4B,raw - cleaned (s123),treatment,qwen3-4b-cleanv2-s123,qwen3-4b-keep4-s123,test,early_remaining,all,33
margin_first_raw,-8.68560606060606,-9.598484848484848,-0.9128787878787872,-1.2689393939393927,-0.5719696969696972,33,33,33,m1_lower,4B,raw - cleaned (s123),treatment,qwen3-4b-cleanv2-s123,qwen3-4b-keep4-s123,test,early_remaining,all,33
close_prob_pre_filter,0.0023346174599338434,0.00017329048407316137,-0.002161326975860682,-0.0043225035273703576,-0.0005327611307400528,33,33,33,m1_lower,4B,raw - cleaned (s123),treatment,qwen3-4b-cleanv2-s123,qwen3-4b-keep4-s123,test,early_remaining,all,33
close_sampler_prob,0.0,0.0,0.0,0.0,0.0,33,33,33,interval_covers_zero,4B,raw - cleaned (s123),treatment,qwen3-4b-cleanv2-s123,qwen3-4b-keep4-s123,test,early_remaining,all,33
eos_after_forced_close_prob,0.999998200091212,0.999993594063092,-4.606028120024419e-06,-1.1505935282324354e-05,-8.498144602853153e-07,33,33,33,m1_lower,4B,raw - cleaned (s123),treatment,qwen3-4b-cleanv2-s123,qwen3-4b-keep4-s123,test,early_remaining,all,33
next_event_close_rate,0.0,0.0,0.0,0.0,0.0,16,16,16,interval_covers_zero,4B,raw - cleaned (s123),treatment,qwen3-4b-cleanv2-s123,qwen3-4b-keep4-s123,test,early_remaining,qwen3-4b-cleanv2-s42,16
continue_rate,1.0,1.0,0.0,0.0,0.0,16,16,16,interval_covers_zero,4B,raw - cleaned (s123),treatment,qwen3-4b-cleanv2-s123,qwen3-4b-keep4-s123,test,early_remaining,qwen3-4b-cleanv2-s42,16
eos_without_close_rate,0.0,0.0,0.0,0.0,0.0,16,16,16,interval_covers_zero,4B,raw - cleaned (s123),treatment,qwen3-4b-cleanv2-s123,qwen3-4b-keep4-s123,test,early_remaining,qwen3-4b-cleanv2-s42,16
unresolved_rate,0.0,0.0,0.0,0.0,0.0,16,16,16,interval_covers_zero,4B,raw - cleaned (s123),treatment,qwen3-4b-cleanv2-s123,qwen3-4b-keep4-s123,test,early_remaining,qwen3-4b-cleanv2-s42,16
margin_first_policy,-10.033482142857142,-11.27232142857143,-1.2388392857142883,-1.9310825892857157,-0.5354352678571435,16,16,16,m1_lower,4B,raw - cleaned (s123),treatment,qwen3-4b-cleanv2-s123,qwen3-4b-keep4-s123,test,early_remaining,qwen3-4b-cleanv2-s42,16
margin_first_raw,-8.5234375,-9.390625,-0.8671875,-1.3517578125,-0.37480468750000107,16,16,16,m1_lower,4B,raw - cleaned (s123),treatment,qwen3-4b-cleanv2-s123,qwen3-4b-keep4-s123,test,early_remaining,qwen3-4b-cleanv2-s42,16
close_prob_pre_filter,0.0028932940082607808,0.0002280608931152357,-0.002665233115145545,-0.005760052965991868,-0.00025836929256762875,16,16,16,m1_lower,4B,raw - cleaned (s123),treatment,qwen3-4b-cleanv2-s123,qwen3-4b-keep4-s123,test,early_remaining,qwen3-4b-cleanv2-s42,16
close_sampler_prob,0.0,0.0,0.0,0.0,0.0,16,16,16,interval_covers_zero,4B,raw - cleaned (s123),treatment,qwen3-4b-cleanv2-s123,qwen3-4b-keep4-s123,test,early_remaining,qwen3-4b-cleanv2-s42,16
eos_after_forced_close_prob,0.9999984719559806,0.9999970801482797,-1.3918077008678864e-06,-2.3748649782384666e-06,-5.835818417315732e-07,16,16,16,m1_lower,4B,raw - cleaned (s123),treatment,qwen3-4b-cleanv2-s123,qwen3-4b-keep4-s123,test,early_remaining,qwen3-4b-cleanv2-s42,16
next_event_close_rate,0.0,0.0,0.0,0.0,0.0,17,17,17,interval_covers_zero,4B,raw - cleaned (s123),treatment,qwen3-4b-cleanv2-s123,qwen3-4b-keep4-s123,test,early_remaining,qwen3-4b-keep4-s42,17
continue_rate,1.0,1.0,0.0,0.0,0.0,17,17,17,interval_covers_zero,4B,raw - cleaned (s123),treatment,qwen3-4b-cleanv2-s123,qwen3-4b-keep4-s123,test,early_remaining,qwen3-4b-keep4-s42,17
eos_without_close_rate,0.0,0.0,0.0,0.0,0.0,17,17,17,interval_covers_zero,4B,raw - cleaned (s123),treatment,qwen3-4b-cleanv2-s123,qwen3-4b-keep4-s123,test,early_remaining,qwen3-4b-keep4-s42,17
unresolved_rate,0.0,0.0,0.0,0.0,0.0,17,17,17,interval_covers_zero,4B,raw - cleaned (s123),treatment,qwen3-4b-cleanv2-s123,qwen3-4b-keep4-s123,test,early_remaining,qwen3-4b-keep4-s42,17
margin_first_policy,-10.483193277310924,-11.848739495798318,-1.3655462184873937,-2.1428571428571423,-0.6825105042016807,17,17,17,m1_lower,4B,raw - cleaned (s123),treatment,qwen3-4b-cleanv2-s123,qwen3-4b-keep4-s123,test,early_remaining,qwen3-4b-keep4-s42,17
margin_first_raw,-8.838235294117647,-9.794117647058824,-0.9558823529411775,-1.5,-0.47775735294117627,17,17,17,m1_lower,4B,raw - cleaned (s123),treatment,qwen3-4b-cleanv2-s123,qwen3-4b-keep4-s123,test,early_remaining,qwen3-4b-keep4-s42,17
close_prob_pre_filter,0.001808804237979079,0.00012174186379826787,-0.0016870623741808111,-0.004480033261590665,-3.44565064769165e-05,17,17,17,m1_lower,4B,raw - cleaned (s123),treatment,qwen3-4b-cleanv2-s123,qwen3-4b-keep4-s123,test,early_remaining,qwen3-4b-keep4-s42,17
close_sampler_prob,0.0,0.0,0.0,0.0,0.0,17,17,17,interval_covers_zero,4B,raw - cleaned (s123),treatment,qwen3-4b-cleanv2-s123,qwen3-4b-keep4-s123,test,early_remaining,qwen3-4b-keep4-s42,17
eos_after_forced_close_prob,0.9999979442184883,0.9999903130417391,-7.631176749178792e-06,-2.0882246922190872e-05,-6.039974812993566e-07,17,17,17,m1_lower,4B,raw - cleaned (s123),treatment,qwen3-4b-cleanv2-s123,qwen3-4b-keep4-s123,test,early_remaining,qwen3-4b-keep4-s42,17
next_event_close_rate,0.024553571428571428,0.0,-0.024553571428571428,-0.0625,0.0,28,28,28,interval_covers_zero,4B,raw - cleaned (s123),treatment,qwen3-4b-cleanv2-s123,qwen3-4b-keep4-s123,test,pre_first_reuse,all,28
continue_rate,0.9754464285714286,1.0,0.024553571428571397,0.0,0.0625,28,28,28,interval_covers_zero,4B,raw - cleaned (s123),treatment,qwen3-4b-cleanv2-s123,qwen3-4b-keep4-s123,test,pre_first_reuse,all,28
eos_without_close_rate,0.0,0.0,0.0,0.0,0.0,28,28,28,interval_covers_zero,4B,raw - cleaned (s123),treatment,qwen3-4b-cleanv2-s123,qwen3-4b-keep4-s123,test,pre_first_reuse,all,28
unresolved_rate,0.0,0.0,0.0,0.0,0.0,28,28,28,interval_covers_zero,4B,raw - cleaned (s123),treatment,qwen3-4b-cleanv2-s123,qwen3-4b-keep4-s123,test,pre_first_reuse,all,28
margin_first_policy,-6.052295918367348,-8.080357142857144,-2.0280612244897958,-2.634088010204084,-1.434789540816328,28,28,28,m1_lower,4B,raw - cleaned (s123),treatment,qwen3-4b-cleanv2-s123,qwen3-4b-keep4-s123,test,pre_first_reuse,all,28
margin_first_raw,-5.736607142857143,-7.15625,-1.4196428571428568,-1.843861607142857,-1.004352678571429,28,28,28,m1_lower,4B,raw - cleaned (s123),treatment,qwen3-4b-cleanv2-s123,qwen3-4b-keep4-s123,test,pre_first_reuse,all,28
close_prob_pre_filter,0.05209166565042639,0.0029163034709054625,-0.049175362179520926,-0.08651471227704384,-0.01768692592138308,28,28,28,m1_lower,4B,raw - cleaned (s123),treatment,qwen3-4b-cleanv2-s123,qwen3-4b-keep4-s123,test,pre_first_reuse,all,28
close_sampler_prob,0.025077569311451126,0.0,-0.025077569311451126,-0.06053087310630762,0.0,28,28,28,interval_covers_zero,4B,raw - cleaned (s123),treatment,qwen3-4b-cleanv2-s123,qwen3-4b-keep4-s123,test,pre_first_reuse,all,28
eos_after_forced_close_prob,0.9999990602552368,0.9999980461841812,-1.0140710555717192e-06,-2.1211011583699426e-06,-3.1734516753867427e-07,28,28,28,m1_lower,4B,raw - cleaned (s123),treatment,qwen3-4b-cleanv2-s123,qwen3-4b-keep4-s123,test,pre_first_reuse,all,28
next_event_close_rate,0.0,0.0,0.0,0.0,0.0,15,15,15,interval_covers_zero,4B,raw - cleaned (s123),treatment,qwen3-4b-cleanv2-s123,qwen3-4b-keep4-s123,test,pre_first_reuse,qwen3-4b-cleanv2-s42,15
continue_rate,1.0,1.0,0.0,0.0,0.0,15,15,15,interval_covers_zero,4B,raw - cleaned (s123),treatment,qwen3-4b-cleanv2-s123,qwen3-4b-keep4-s123,test,pre_first_reuse,qwen3-4b-cleanv2-s42,15
eos_without_close_rate,0.0,0.0,0.0,0.0,0.0,15,15,15,interval_covers_zero,4B,raw - cleaned (s123),treatment,qwen3-4b-cleanv2-s123,qwen3-4b-keep4-s123,test,pre_first_reuse,qwen3-4b-cleanv2-s42,15
unresolved_rate,0.0,0.0,0.0,0.0,0.0,15,15,15,interval_covers_zero,4B,raw - cleaned (s123),treatment,qwen3-4b-cleanv2-s123,qwen3-4b-keep4-s123,test,pre_first_reuse,qwen3-4b-cleanv2-s42,15
margin_first_policy,-6.630952380952381,-8.357142857142858,-1.7261904761904763,-2.666666666666667,-0.8333333333333348,15,15,15,m1_lower,4B,raw - cleaned (s123),treatment,qwen3-4b-cleanv2-s123,qwen3-4b-keep4-s123,test,pre_first_reuse,qwen3-4b-cleanv2-s42,15
margin_first_raw,-6.141666666666667,-7.35,-1.208333333333333,-1.8666666666666671,-0.5833333333333339,15,15,15,m1_lower,4B,raw - cleaned (s123),treatment,qwen3-4b-cleanv2-s123,qwen3-4b-keep4-s123,test,pre_first_reuse,qwen3-4b-cleanv2-s42,15
close_prob_pre_filter,0.027193298316104064,0.0025951910552128527,-0.024598107260891212,-0.04725337900567321,-0.005410231523500484,15,15,15,m1_lower,4B,raw - cleaned (s123),treatment,qwen3-4b-cleanv2-s123,qwen3-4b-keep4-s123,test,pre_first_reuse,qwen3-4b-cleanv2-s42,15
close_sampler_prob,0.0,0.0,0.0,0.0,0.0,15,15,15,interval_covers_zero,4B,raw - cleaned (s123),treatment,qwen3-4b-cleanv2-s123,qwen3-4b-keep4-s123,test,pre_first_reuse,qwen3-4b-cleanv2-s42,15
eos_after_forced_close_prob,0.9999990554516667,0.9999987766678554,-2.7878381125834295e-07,-6.254174895276021e-07,5.3823971013499985e-08,15,15,15,interval_covers_zero,4B,raw - cleaned (s123),treatment,qwen3-4b-cleanv2-s123,qwen3-4b-keep4-s123,test,pre_first_reuse,qwen3-4b-cleanv2-s42,15
next_event_close_rate,0.052884615384615384,0.0,-0.052884615384615384,-0.125,0.0,13,13,13,interval_covers_zero,4B,raw - cleaned (s123),treatment,qwen3-4b-cleanv2-s123,qwen3-4b-keep4-s123,test,pre_first_reuse,qwen3-4b-keep4-s42,13
continue_rate,0.9471153846153846,1.0,0.05288461538461542,0.0,0.125,13,13,13,interval_covers_zero,4B,raw - cleaned (s123),treatment,qwen3-4b-cleanv2-s123,qwen3-4b-keep4-s123,test,pre_first_reuse,qwen3-4b-keep4-s42,13
eos_without_close_rate,0.0,0.0,0.0,0.0,0.0,13,13,13,interval_covers_zero,4B,raw - cleaned (s123),treatment,qwen3-4b-cleanv2-s123,qwen3-4b-keep4-s123,test,pre_first_reuse,qwen3-4b-keep4-s42,13
unresolved_rate,0.0,0.0,0.0,0.0,0.0,13,13,13,interval_covers_zero,4B,raw - cleaned (s123),treatment,qwen3-4b-cleanv2-s123,qwen3-4b-keep4-s123,test,pre_first_reuse,qwen3-4b-keep4-s42,13
margin_first_policy,-5.384615384615387,-7.760989010989013,-2.376373626373626,-3.104395604395606,-1.6483516483516478,13,13,13,m1_lower,4B,raw - cleaned (s123),treatment,qwen3-4b-cleanv2-s123,qwen3-4b-keep4-s123,test,pre_first_reuse,qwen3-4b-keep4-s42,13
margin_first_raw,-5.269230769230769,-6.9326923076923075,-1.6634615384615383,-2.1730769230769234,-1.1538461538461542,13,13,13,m1_lower,4B,raw - cleaned (s123),treatment,qwen3-4b-cleanv2-s123,qwen3-4b-keep4-s123,test,pre_first_reuse,qwen3-4b-keep4-s42,13
close_prob_pre_filter,0.08082055103618292,0.003286817796704628,-0.07753373323947829,-0.14686942891919702,-0.015676338506468462,13,13,13,m1_lower,4B,raw - cleaned (s123),treatment,qwen3-4b-cleanv2-s123,qwen3-4b-keep4-s123,test,pre_first_reuse,qwen3-4b-keep4-s42,13
close_sampler_prob,0.05401322620927935,0.0,-0.05401322620927935,-0.13037418822897026,0.0,13,13,13,interval_covers_zero,4B,raw - cleaned (s123),treatment,qwen3-4b-cleanv2-s123,qwen3-4b-keep4-s123,test,pre_first_reuse,qwen3-4b-keep4-s42,13
eos_after_forced_close_prob,0.9999990657978175,0.9999972033184027,-1.862479414804774e-06,-3.972025533763302e-06,-4.536801759769119e-07,13,13,13,m1_lower,4B,raw - cleaned (s123),treatment,qwen3-4b-cleanv2-s123,qwen3-4b-keep4-s123,test,pre_first_reuse,qwen3-4b-keep4-s42,13
next_event_close_rate,0.28972868217054265,0.09205426356589147,-0.19767441860465118,-0.2408136029411765,-0.15814034090909093,117,129,129,m1_lower,4B,raw - cleaned (s123),treatment,qwen3-4b-cleanv2-s123,qwen3-4b-keep4-s123,dev,all,all,129
continue_rate,0.7102713178294574,0.9079457364341085,0.19767441860465107,0.15814034090909085,0.24081360294117637,117,129,129,m1_higher,4B,raw - cleaned (s123),treatment,qwen3-4b-cleanv2-s123,qwen3-4b-keep4-s123,dev,all,all,129
eos_without_close_rate,0.0,0.0,0.0,0.0,0.0,117,129,129,interval_covers_zero,4B,raw - cleaned (s123),treatment,qwen3-4b-cleanv2-s123,qwen3-4b-keep4-s123,dev,all,all,129
unresolved_rate,0.0,0.0,0.0,0.0,0.0,117,129,129,interval_covers_zero,4B,raw - cleaned (s123),treatment,qwen3-4b-cleanv2-s123,qwen3-4b-keep4-s123,dev,all,all,129
margin_first_policy,-4.206810631229235,-5.9689922480620154,-1.7621816168327804,-2.000013950892857,-1.5401653894825644,117,129,129,m1_lower,4B,raw - cleaned (s123),treatment,qwen3-4b-cleanv2-s123,qwen3-4b-keep4-s123,dev,all,all,129
margin_first_raw,-4.444767441860465,-5.678294573643411,-1.233527131782946,-1.4000097656250003,-1.0781157726377952,117,129,129,m1_lower,4B,raw - cleaned (s123),treatment,qwen3-4b-cleanv2-s123,qwen3-4b-keep4-s123,dev,all,all,129
close_prob_pre_filter,0.28867190497815187,0.1196277832555086,-0.16904412172264327,-0.20016140470977353,-0.14093687776940877,117,129,129,m1_lower,4B,raw - cleaned (s123),treatment,qwen3-4b-cleanv2-s123,qwen3-4b-keep4-s123,dev,all,all,129
close_sampler_prob,0.2890767194395577,0.09714284286811727,-0.19193387657144045,-0.2296114359518953,-0.1573205792516333,117,129,129,m1_lower,4B,raw - cleaned (s123),treatment,qwen3-4b-cleanv2-s123,qwen3-4b-keep4-s123,dev,all,all,129
eos_after_forced_close_prob,0.9999988624942109,0.9999972358482231,-1.6266459877956052e-06,-2.4124286562898777e-06,-9.939055610114217e-07,117,129,129,m1_lower,4B,raw - cleaned (s123),treatment,qwen3-4b-cleanv2-s123,qwen3-4b-keep4-s123,dev,all,all,129
next_event_close_rate,0.220703125,0.037109375,-0.18359375,-0.24609375,-0.1259920634920635,63,64,64,m1_lower,4B,raw - cleaned (s123),treatment,qwen3-4b-cleanv2-s123,qwen3-4b-keep4-s123,dev,all,qwen3-4b-cleanv2-s42,64
continue_rate,0.779296875,0.962890625,0.18359375,0.1259920634920635,0.24609375,63,64,64,m1_higher,4B,raw - cleaned (s123),treatment,qwen3-4b-cleanv2-s123,qwen3-4b-keep4-s123,dev,all,qwen3-4b-cleanv2-s42,64
eos_without_close_rate,0.0,0.0,0.0,0.0,0.0,63,64,64,interval_covers_zero,4B,raw - cleaned (s123),treatment,qwen3-4b-cleanv2-s123,qwen3-4b-keep4-s123,dev,all,qwen3-4b-cleanv2-s42,64
unresolved_rate,0.0,0.0,0.0,0.0,0.0,63,64,64,interval_covers_zero,4B,raw - cleaned (s123),treatment,qwen3-4b-cleanv2-s123,qwen3-4b-keep4-s123,dev,all,qwen3-4b-cleanv2-s42,64
margin_first_policy,-4.294084821428573,-6.358816964285715,-2.0647321428571423,-2.403769841269841,-1.7271205357142856,63,64,64,m1_lower,4B,raw - cleaned (s123),treatment,qwen3-4b-cleanv2-s123,qwen3-4b-keep4-s123,dev,all,qwen3-4b-cleanv2-s42,64
margin_first_raw,-4.505859375,-5.951171875,-1.4453125,-1.682638888888889,-1.208984375,63,64,64,m1_lower,4B,raw - cleaned (s123),treatment,qwen3-4b-cleanv2-s123,qwen3-4b-keep4-s123,dev,all,qwen3-4b-cleanv2-s42,64
close_prob_pre_filter,0.23351491670819646,0.062447329640468965,-0.1710675870677275,-0.21881845076487336,-0.12580210334885997,63,64,64,m1_lower,4B,raw - cleaned (s123),treatment,qwen3-4b-cleanv2-s123,qwen3-4b-keep4-s123,dev,all,qwen3-4b-cleanv2-s42,64
close_sampler_prob,0.22211881539199624,0.034916745670299565,-0.18720206972169667,-0.24691644162228074,-0.13195608963019528,63,64,64,m1_lower,4B,raw - cleaned (s123),treatment,qwen3-4b-cleanv2-s123,qwen3-4b-keep4-s123,dev,all,qwen3-4b-cleanv2-s42,64
eos_after_forced_close_prob,0.9999987611218238,0.9999970715763346,-1.6895454892917883e-06,-3.0460906731449857e-06,-7.25225789915962e-07,63,64,64,m1_lower,4B,raw - cleaned (s123),treatment,qwen3-4b-cleanv2-s123,qwen3-4b-keep4-s123,dev,all,qwen3-4b-cleanv2-s42,64
next_event_close_rate,0.3576923076923077,0.14615384615384616,-0.21153846153846154,-0.2714299665178571,-0.1548065476190476,61,65,65,m1_lower,4B,raw - cleaned (s123),treatment,qwen3-4b-cleanv2-s123,qwen3-4b-keep4-s123,dev,all,qwen3-4b-keep4-s42,65
continue_rate,0.6423076923076924,0.8538461538461538,0.21153846153846145,0.15480654761904764,0.27142996651785717,61,65,65,m1_higher,4B,raw - cleaned (s123),treatment,qwen3-4b-cleanv2-s123,qwen3-4b-keep4-s123,dev,all,qwen3-4b-keep4-s42,65
eos_without_close_rate,0.0,0.0,0.0,0.0,0.0,61,65,65,interval_covers_zero,4B,raw - cleaned (s123),treatment,qwen3-4b-cleanv2-s123,qwen3-4b-keep4-s123,dev,all,qwen3-4b-keep4-s42,65
unresolved_rate,0.0,0.0,0.0,0.0,0.0,61,65,65,interval_covers_zero,4B,raw - cleaned (s123),treatment,qwen3-4b-cleanv2-s123,qwen3-4b-keep4-s123,dev,all,qwen3-4b-keep4-s42,65
margin_first_policy,-4.120879120879121,-5.585164835164835,-1.4642857142857135,-1.7720424107142856,-1.1579218569988476,61,65,65,m1_lower,4B,raw - cleaned (s123),treatment,qwen3-4b-cleanv2-s123,qwen3-4b-keep4-s123,dev,all,qwen3-4b-keep4-s42,65
margin_first_raw,-4.384615384615385,-5.4096153846153845,-1.0249999999999995,-1.2404296874999996,-0.8105452998991935,61,65,65,m1_lower,4B,raw - cleaned (s123),treatment,qwen3-4b-cleanv2-s123,qwen3-4b-keep4-s123,dev,all,qwen3-4b-keep4-s42,65
close_prob_pre_filter,0.3429803241978003,0.17592853758416305,-0.16705178661363723,-0.20641966734776074,-0.1284356116963717,61,65,65,m1_lower,4B,raw - cleaned (s123),treatment,qwen3-4b-cleanv2-s123,qwen3-4b-keep4-s123,dev,all,qwen3-4b-keep4-s42,65
close_sampler_prob,0.3550045018863874,0.15841161549366084,-0.19659288639272654,-0.24550371119420272,-0.14689505700866357,61,65,65,m1_lower,4B,raw - cleaned (s123),treatment,qwen3-4b-cleanv2-s123,qwen3-4b-keep4-s123,dev,all,qwen3-4b-keep4-s42,65
eos_after_forced_close_prob,0.999998962307023,0.9999973975928518,-1.564714171231607e-06,-2.5748546013365512e-06,-8.431833453115271e-07,61,65,65,m1_lower,4B,raw - cleaned (s123),treatment,qwen3-4b-cleanv2-s123,qwen3-4b-keep4-s123,dev,all,qwen3-4b-keep4-s42,65
next_event_close_rate,0.5685483870967742,0.19153225806451613,-0.3770161290322581,-0.4314516129032258,-0.3194391025641027,60,62,62,m1_lower,4B,raw - cleaned (s123),treatment,qwen3-4b-cleanv2-s123,qwen3-4b-keep4-s123,dev,natural_stop,all,62
continue_rate,0.4314516129032258,0.8084677419354839,0.37701612903225806,0.3194391025641026,0.43145161290322576,60,62,62,m1_higher,4B,raw - cleaned (s123),treatment,qwen3-4b-cleanv2-s123,qwen3-4b-keep4-s123,dev,natural_stop,all,62
eos_without_close_rate,0.0,0.0,0.0,0.0,0.0,60,62,62,interval_covers_zero,4B,raw - cleaned (s123),treatment,qwen3-4b-cleanv2-s123,qwen3-4b-keep4-s123,dev,natural_stop,all,62
unresolved_rate,0.0,0.0,0.0,0.0,0.0,60,62,62,interval_covers_zero,4B,raw - cleaned (s123),treatment,qwen3-4b-cleanv2-s123,qwen3-4b-keep4-s123,dev,natural_stop,all,62
margin_first_policy,0.2908986175115211,-1.6071428571428574,-1.8980414746543786,-2.1545289718214105,-1.6487351190476216,60,62,62,m1_lower,4B,raw - cleaned (s123),treatment,qwen3-4b-cleanv2-s123,qwen3-4b-keep4-s123,dev,natural_stop,all,62
margin_first_raw,-1.2963709677419355,-2.625,-1.3286290322580645,-1.5081702802749868,-1.1541145833333337,60,62,62,m1_lower,4B,raw - cleaned (s123),treatment,qwen3-4b-cleanv2-s123,qwen3-4b-keep4-s123,dev,natural_stop,all,62
close_prob_pre_filter,0.5550638634141152,0.2427866447845414,-0.3122772186295738,-0.3473858949525534,-0.2776182192623098,60,62,62,m1_lower,4B,raw - cleaned (s123),treatment,qwen3-4b-cleanv2-s123,qwen3-4b-keep4-s123,dev,natural_stop,all,62
close_sampler_prob,0.5671203336610917,0.20211978596753433,-0.3650005476935574,-0.41129003158970895,-0.31983862668201013,60,62,62,m1_lower,4B,raw - cleaned (s123),treatment,qwen3-4b-cleanv2-s123,qwen3-4b-keep4-s123,dev,natural_stop,all,62
eos_after_forced_close_prob,0.9999993675818214,0.9999988067441657,-5.608376556498484e-07,-9.149382305201348e-07,-2.882920620089769e-07,60,62,62,m1_lower,4B,raw - cleaned (s123),treatment,qwen3-4b-cleanv2-s123,qwen3-4b-keep4-s123,dev,natural_stop,all,62
next_event_close_rate,0.42943548387096775,0.07661290322580645,-0.3528225806451613,-0.43553427419354845,-0.2681451612903226,31,31,31,m1_lower,4B,raw - cleaned (s123),treatment,qwen3-4b-cleanv2-s123,qwen3-4b-keep4-s123,dev,natural_stop,qwen3-4b-cleanv2-s42,31
continue_rate,0.5705645161290323,0.9233870967741935,0.35282258064516125,0.2681451612903226,0.4355342741935482,31,31,31,m1_higher,4B,raw - cleaned (s123),treatment,qwen3-4b-cleanv2-s123,qwen3-4b-keep4-s123,dev,natural_stop,qwen3-4b-cleanv2-s42,31
eos_without_close_rate,0.0,0.0,0.0,0.0,0.0,31,31,31,interval_covers_zero,4B,raw - cleaned (s123),treatment,qwen3-4b-cleanv2-s123,qwen3-4b-keep4-s123,dev,natural_stop,qwen3-4b-cleanv2-s42,31
unresolved_rate,0.0,0.0,0.0,0.0,0.0,31,31,31,interval_covers_zero,4B,raw - cleaned (s123),treatment,qwen3-4b-cleanv2-s123,qwen3-4b-keep4-s123,dev,natural_stop,qwen3-4b-cleanv2-s42,31
margin_first_policy,-0.2361751152073732,-2.5518433179723505,-2.3156682027649773,-2.736175115207374,-1.9412442396313363,31,31,31,m1_lower,4B,raw - cleaned (s123),treatment,qwen3-4b-cleanv2-s123,qwen3-4b-keep4-s123,dev,natural_stop,qwen3-4b-cleanv2-s42,31
margin_first_raw,-1.6653225806451613,-3.286290322580645,-1.6209677419354838,-1.9153225806451613,-1.3588709677419355,31,31,31,m1_lower,4B,raw - cleaned (s123),treatment,qwen3-4b-cleanv2-s123,qwen3-4b-keep4-s123,dev,natural_stop,qwen3-4b-cleanv2-s42,31
close_prob_pre_filter,0.44510488891253536,0.12607782922427452,-0.31902705968826084,-0.3738348434134644,-0.26592148294600837,31,31,31,m1_lower,4B,raw - cleaned (s123),treatment,qwen3-4b-cleanv2-s123,qwen3-4b-keep4-s123,dev,natural_stop,qwen3-4b-cleanv2-s42,31
close_sampler_prob,0.4303645022162523,0.07208618460965073,-0.35827831760660156,-0.4306804760628955,-0.2835501932046097,31,31,31,m1_lower,4B,raw - cleaned (s123),treatment,qwen3-4b-cleanv2-s123,qwen3-4b-keep4-s123,dev,natural_stop,qwen3-4b-cleanv2-s42,31
eos_after_forced_close_prob,0.9999993240900005,0.9999988914228309,-4.3266716953649365e-07,-6.979328887685154e-07,-2.1669233862542382e-07,31,31,31,m1_lower,4B,raw - cleaned (s123),treatment,qwen3-4b-cleanv2-s123,qwen3-4b-keep4-s123,dev,natural_stop,qwen3-4b-cleanv2-s42,31
next_event_close_rate,0.7076612903225806,0.3064516129032258,-0.4012096774193548,-0.4798387096774193,-0.3245967741935484,31,31,31,m1_lower,4B,raw - cleaned (s123),treatment,qwen3-4b-cleanv2-s123,qwen3-4b-keep4-s123,dev,natural_stop,qwen3-4b-keep4-s42,31
continue_rate,0.2923387096774194,0.6935483870967742,0.40120967741935487,0.3245967741935484,0.4798387096774194,31,31,31,m1_higher,4B,raw - cleaned (s123),treatment,qwen3-4b-cleanv2-s123,qwen3-4b-keep4-s123,dev,natural_stop,qwen3-4b-keep4-s42,31
eos_without_close_rate,0.0,0.0,0.0,0.0,0.0,31,31,31,interval_covers_zero,4B,raw - cleaned (s123),treatment,qwen3-4b-cleanv2-s123,qwen3-4b-keep4-s123,dev,natural_stop,qwen3-4b-keep4-s42,31
unresolved_rate,0.0,0.0,0.0,0.0,0.0,31,31,31,interval_covers_zero,4B,raw - cleaned (s123),treatment,qwen3-4b-cleanv2-s123,qwen3-4b-keep4-s123,dev,natural_stop,qwen3-4b-keep4-s42,31
margin_first_policy,0.8179723502304154,-0.6624423963133642,-1.4804147465437796,-1.7165898617511521,-1.2557603686635952,31,31,31,m1_lower,4B,raw - cleaned (s123),treatment,qwen3-4b-cleanv2-s123,qwen3-4b-keep4-s123,dev,natural_stop,qwen3-4b-keep4-s42,31
margin_first_raw,-0.9274193548387096,-1.9637096774193548,-1.036290322580645,-1.2016129032258065,-0.8790322580645161,31,31,31,m1_lower,4B,raw - cleaned (s123),treatment,qwen3-4b-cleanv2-s123,qwen3-4b-keep4-s123,dev,natural_stop,qwen3-4b-keep4-s42,31
close_prob_pre_filter,0.6650228379156954,0.35949546034480834,-0.30552737757088705,-0.35229820802366113,-0.25923236070672867,31,31,31,m1_lower,4B,raw - cleaned (s123),treatment,qwen3-4b-cleanv2-s123,qwen3-4b-keep4-s123,dev,natural_stop,qwen3-4b-keep4-s42,31
close_sampler_prob,0.703876165105931,0.33215338732541794,-0.37172277778051305,-0.4315201079566302,-0.3168920848971369,31,31,31,m1_lower,4B,raw - cleaned (s123),treatment,qwen3-4b-cleanv2-s123,qwen3-4b-keep4-s123,dev,natural_stop,qwen3-4b-keep4-s42,31
eos_after_forced_close_prob,0.9999994110736421,0.9999987220655,-6.890081420962701e-07,-1.360898241400954e-06,-2.457359103369419e-07,31,31,31,m1_lower,4B,raw - cleaned (s123),treatment,qwen3-4b-cleanv2-s123,qwen3-4b-keep4-s123,dev,natural_stop,qwen3-4b-keep4-s42,31
next_event_close_rate,0.012096774193548387,0.0,-0.012096774193548387,-0.036290322580645164,0.0,31,31,31,interval_covers_zero,4B,raw - cleaned (s123),treatment,qwen3-4b-cleanv2-s123,qwen3-4b-keep4-s123,dev,early_remaining,all,31
continue_rate,0.9879032258064516,1.0,0.012096774193548376,0.0,0.03629032258064513,31,31,31,interval_covers_zero,4B,raw - cleaned (s123),treatment,qwen3-4b-cleanv2-s123,qwen3-4b-keep4-s123,dev,early_remaining,all,31
eos_without_close_rate,0.0,0.0,0.0,0.0,0.0,31,31,31,interval_covers_zero,4B,raw - cleaned (s123),treatment,qwen3-4b-cleanv2-s123,qwen3-4b-keep4-s123,dev,early_remaining,all,31
unresolved_rate,0.0,0.0,0.0,0.0,0.0,31,31,31,interval_covers_zero,4B,raw - cleaned (s123),treatment,qwen3-4b-cleanv2-s123,qwen3-4b-keep4-s123,dev,early_remaining,all,31
margin_first_policy,-10.58755760368664,-11.40552995391705,-0.8179723502304093,-1.2269585253456228,-0.4089861751152064,31,31,31,m1_lower,4B,raw - cleaned (s123),treatment,qwen3-4b-cleanv2-s123,qwen3-4b-keep4-s123,dev,early_remaining,all,31
margin_first_raw,-8.911290322580646,-9.483870967741936,-0.57258064516129,-0.858870967741935,-0.2862903225806459,31,31,31,m1_lower,4B,raw - cleaned (s123),treatment,qwen3-4b-cleanv2-s123,qwen3-4b-keep4-s123,dev,early_remaining,all,31
close_prob_pre_filter,0.010320231294842403,0.00036304518913395236,-0.00995718610570845,-0.02887439846481404,-7.159332749459987e-05,31,31,31,m1_lower,4B,raw - cleaned (s123),treatment,qwen3-4b-cleanv2-s123,qwen3-4b-keep4-s123,dev,early_remaining,all,31
close_sampler_prob,0.009371631146301622,0.0,-0.009371631146301622,-0.028114893438904866,0.0,31,31,31,interval_covers_zero,4B,raw - cleaned (s123),treatment,qwen3-4b-cleanv2-s123,qwen3-4b-keep4-s123,dev,early_remaining,all,31
eos_after_forced_close_prob,0.999997965854932,0.9999951672319077,-2.7986230242138532e-06,-4.9788064394235e-06,-9.380275319353942e-07,31,31,31,m1_lower,4B,raw - cleaned (s123),treatment,qwen3-4b-cleanv2-s123,qwen3-4b-keep4-s123,dev,early_remaining,all,31
next_event_close_rate,0.0234375,0.0,-0.0234375,-0.0703125,0.0,16,16,16,interval_covers_zero,4B,raw - cleaned (s123),treatment,qwen3-4b-cleanv2-s123,qwen3-4b-keep4-s123,dev,early_remaining,qwen3-4b-cleanv2-s42,16
continue_rate,0.9765625,1.0,0.0234375,0.0,0.0703125,16,16,16,interval_covers_zero,4B,raw - cleaned (s123),treatment,qwen3-4b-cleanv2-s123,qwen3-4b-keep4-s123,dev,early_remaining,qwen3-4b-cleanv2-s42,16
eos_without_close_rate,0.0,0.0,0.0,0.0,0.0,16,16,16,interval_covers_zero,4B,raw - cleaned (s123),treatment,qwen3-4b-cleanv2-s123,qwen3-4b-keep4-s123,dev,early_remaining,qwen3-4b-cleanv2-s42,16
unresolved_rate,0.0,0.0,0.0,0.0,0.0,16,16,16,interval_covers_zero,4B,raw - cleaned (s123),treatment,qwen3-4b-cleanv2-s123,qwen3-4b-keep4-s123,dev,early_remaining,qwen3-4b-cleanv2-s42,16
margin_first_policy,-9.676339285714286,-10.88169642857143,-1.2053571428571441,-1.8417968749999996,-0.5691964285714288,16,16,16,m1_lower,4B,raw - cleaned (s123),treatment,qwen3-4b-cleanv2-s123,qwen3-4b-keep4-s123,dev,early_remaining,qwen3-4b-cleanv2-s42,16
margin_first_raw,-8.2734375,-9.1171875,-0.84375,-1.2892578125,-0.3984375,16,16,16,m1_lower,4B,raw - cleaned (s123),treatment,qwen3-4b-cleanv2-s123,qwen3-4b-keep4-s123,dev,early_remaining,qwen3-4b-cleanv2-s42,16
close_prob_pre_filter,0.019684695805713873,0.0006161354405235431,-0.01906856036519033,-0.055910613379202646,-5.141145145631127e-05,16,16,16,m1_lower,4B,raw - cleaned (s123),treatment,qwen3-4b-cleanv2-s123,qwen3-4b-keep4-s123,dev,early_remaining,qwen3-4b-cleanv2-s42,16
close_sampler_prob,0.018157535345959392,0.0,-0.018157535345959392,-0.05447260603787818,0.0,16,16,16,interval_covers_zero,4B,raw - cleaned (s123),treatment,qwen3-4b-cleanv2-s123,qwen3-4b-keep4-s123,dev,early_remaining,qwen3-4b-cleanv2-s42,16
eos_after_forced_close_prob,0.9999979301324242,0.9999957763404117,-2.153792012515865e-06,-4.948625725587075e-06,-3.979947154342253e-07,16,16,16,m1_lower,4B,raw - cleaned (s123),treatment,qwen3-4b-cleanv2-s123,qwen3-4b-keep4-s123,dev,early_remaining,qwen3-4b-cleanv2-s42,16
next_event_close_rate,0.0,0.0,0.0,0.0,0.0,15,15,15,interval_covers_zero,4B,raw - cleaned (s123),treatment,qwen3-4b-cleanv2-s123,qwen3-4b-keep4-s123,dev,early_remaining,qwen3-4b-keep4-s42,15
continue_rate,1.0,1.0,0.0,0.0,0.0,15,15,15,interval_covers_zero,4B,raw - cleaned (s123),treatment,qwen3-4b-cleanv2-s123,qwen3-4b-keep4-s123,dev,early_remaining,qwen3-4b-keep4-s42,15
eos_without_close_rate,0.0,0.0,0.0,0.0,0.0,15,15,15,interval_covers_zero,4B,raw - cleaned (s123),treatment,qwen3-4b-cleanv2-s123,qwen3-4b-keep4-s123,dev,early_remaining,qwen3-4b-keep4-s42,15
unresolved_rate,0.0,0.0,0.0,0.0,0.0,15,15,15,interval_covers_zero,4B,raw - cleaned (s123),treatment,qwen3-4b-cleanv2-s123,qwen3-4b-keep4-s123,dev,early_remaining,qwen3-4b-keep4-s42,15
margin_first_policy,-11.559523809523812,-11.964285714285719,-0.4047619047619069,-0.7857142857142847,0.01190476190476275,15,15,15,interval_covers_zero,4B,raw - cleaned (s123),treatment,qwen3-4b-cleanv2-s123,qwen3-4b-keep4-s123,dev,early_remaining,qwen3-4b-keep4-s42,15
margin_first_raw,-9.591666666666667,-9.875,-0.2833333333333332,-0.5500000000000007,0.00833333333333286,15,15,15,interval_covers_zero,4B,raw - cleaned (s123),treatment,qwen3-4b-cleanv2-s123,qwen3-4b-keep4-s123,dev,early_remaining,qwen3-4b-keep4-s42,15
close_prob_pre_filter,0.00033146914991283977,9.308225431838912e-05,-0.00023838689559445064,-0.0006383591402402419,-8.133964443347026e-06,15,15,15,m1_lower,4B,raw - cleaned (s123),treatment,qwen3-4b-cleanv2-s123,qwen3-4b-keep4-s123,dev,early_remaining,qwen3-4b-keep4-s42,15
close_sampler_prob,0.0,0.0,0.0,0.0,0.0,15,15,15,interval_covers_zero,4B,raw - cleaned (s123),treatment,qwen3-4b-cleanv2-s123,qwen3-4b-keep4-s123,dev,early_remaining,qwen3-4b-keep4-s42,15
eos_after_forced_close_prob,0.9999980039589403,0.9999945175161705,-3.486442769817799e-06,-7.035789668541348e-06,-8.583554316682343e-07,15,15,15,m1_lower,4B,raw - cleaned (s123),treatment,qwen3-4b-cleanv2-s123,qwen3-4b-keep4-s123,dev,early_remaining,qwen3-4b-keep4-s42,15
next_event_close_rate,0.04861111111111111,0.0,-0.04861111111111111,-0.11112049549549549,-0.006944444444444444,35,36,36,m1_lower,4B,raw - cleaned (s123),treatment,qwen3-4b-cleanv2-s123,qwen3-4b-keep4-s123,dev,pre_first_reuse,all,36
continue_rate,0.9513888888888888,1.0,0.04861111111111116,0.00694444444444442,0.11112049549549549,35,36,36,m1_higher,4B,raw - cleaned (s123),treatment,qwen3-4b-cleanv2-s123,qwen3-4b-keep4-s123,dev,pre_first_reuse,all,36
eos_without_close_rate,0.0,0.0,0.0,0.0,0.0,35,36,36,interval_covers_zero,4B,raw - cleaned (s123),treatment,qwen3-4b-cleanv2-s123,qwen3-4b-keep4-s123,dev,pre_first_reuse,all,36
unresolved_rate,0.0,0.0,0.0,0.0,0.0,35,36,36,interval_covers_zero,4B,raw - cleaned (s123),treatment,qwen3-4b-cleanv2-s123,qwen3-4b-keep4-s123,dev,pre_first_reuse,all,36
margin_first_policy,-6.458333333333335,-8.799603174603176,-2.341269841269841,-2.8520443594104288,-1.8231907894736847,35,36,36,m1_lower,4B,raw - cleaned (s123),treatment,qwen3-4b-cleanv2-s123,qwen3-4b-keep4-s123,dev,pre_first_reuse,all,36
margin_first_raw,-6.020833333333333,-7.659722222222222,-1.6388888888888893,-1.996431051587302,-1.2762335526315793,35,36,36,m1_lower,4B,raw - cleaned (s123),treatment,qwen3-4b-cleanv2-s123,qwen3-4b-keep4-s123,dev,pre_first_reuse,all,36
close_prob_pre_filter,0.06957747334350917,0.01022104617933026,-0.05935642716417891,-0.10398239585336552,-0.025409178622941862,35,36,36,m1_lower,4B,raw - cleaned (s123),treatment,qwen3-4b-cleanv2-s123,qwen3-4b-keep4-s123,dev,pre_first_reuse,all,36
close_sampler_prob,0.05108098764388626,0.0,-0.05108098764388626,-0.10574152965853675,-0.009129237403257539,35,36,36,m1_lower,4B,raw - cleaned (s123),treatment,qwen3-4b-cleanv2-s123,qwen3-4b-keep4-s123,dev,pre_first_reuse,all,36
eos_after_forced_close_prob,0.9999987647271499,0.9999963117248151,-2.453002334812382e-06,-4.348555998145986e-06,-1.135470642801839e-06,35,36,36,m1_lower,4B,raw - cleaned (s123),treatment,qwen3-4b-cleanv2-s123,qwen3-4b-keep4-s123,dev,pre_first_reuse,all,36
next_event_close_rate,0.025735294117647058,0.0,-0.025735294117647058,-0.06985294117647059,0.0,17,17,17,interval_covers_zero,4B,raw - cleaned (s123),treatment,qwen3-4b-cleanv2-s123,qwen3-4b-keep4-s123,dev,pre_first_reuse,qwen3-4b-cleanv2-s42,17
continue_rate,0.9742647058823529,1.0,0.02573529411764708,0.0,0.06985294117647056,17,17,17,interval_covers_zero,4B,raw - cleaned (s123),treatment,qwen3-4b-cleanv2-s123,qwen3-4b-keep4-s123,dev,pre_first_reuse,qwen3-4b-cleanv2-s42,17
eos_without_close_rate,0.0,0.0,0.0,0.0,0.0,17,17,17,interval_covers_zero,4B,raw - cleaned (s123),treatment,qwen3-4b-cleanv2-s123,qwen3-4b-keep4-s123,dev,pre_first_reuse,qwen3-4b-cleanv2-s42,17
unresolved_rate,0.0,0.0,0.0,0.0,0.0,17,17,17,interval_covers_zero,4B,raw - cleaned (s123),treatment,qwen3-4b-cleanv2-s123,qwen3-4b-keep4-s123,dev,pre_first_reuse,qwen3-4b-cleanv2-s42,17
margin_first_policy,-6.628151260504203,-9.044117647058826,-2.415966386554623,-3.1197478991596643,-1.7644432773109224,17,17,17,m1_lower,4B,raw - cleaned (s123),treatment,qwen3-4b-cleanv2-s123,qwen3-4b-keep4-s123,dev,pre_first_reuse,qwen3-4b-cleanv2-s42,17
margin_first_raw,-6.139705882352941,-7.830882352941177,-1.6911764705882355,-2.1838235294117654,-1.2351102941176473,17,17,17,m1_lower,4B,raw - cleaned (s123),treatment,qwen3-4b-cleanv2-s123,qwen3-4b-keep4-s123,dev,pre_first_reuse,qwen3-4b-cleanv2-s42,17
close_prob_pre_filter,0.04892635177320903,0.004609307293478036,-0.044317044479731,-0.09063540144010467,-0.010142944440956385,17,17,17,m1_lower,4B,raw - cleaned (s123),treatment,qwen3-4b-cleanv2-s123,qwen3-4b-keep4-s123,dev,pre_first_reuse,qwen3-4b-cleanv2-s42,17
close_sampler_prob,0.034340238285211086,0.0,-0.034340238285211086,-0.08801297930673224,0.0,17,17,17,interval_covers_zero,4B,raw - cleaned (s123),treatment,qwen3-4b-cleanv2-s123,qwen3-4b-keep4-s123,dev,pre_first_reuse,qwen3-4b-cleanv2-s42,17
eos_after_forced_close_prob,0.9999985166404654,0.9999949720782972,-3.544562168111831e-06,-7.559605534757097e-06,-1.043286776766794e-06,17,17,17,m1_lower,4B,raw - cleaned (s123),treatment,qwen3-4b-cleanv2-s123,qwen3-4b-keep4-s123,dev,pre_first_reuse,qwen3-4b-cleanv2-s42,17
next_event_close_rate,0.06907894736842106,0.0,-0.06907894736842106,-0.18092105263157895,0.0,19,19,19,interval_covers_zero,4B,raw - cleaned (s123),treatment,qwen3-4b-cleanv2-s123,qwen3-4b-keep4-s123,dev,pre_first_reuse,qwen3-4b-keep4-s42,19
continue_rate,0.930921052631579,1.0,0.06907894736842102,0.0,0.18092105263157898,19,19,19,interval_covers_zero,4B,raw - cleaned (s123),treatment,qwen3-4b-cleanv2-s123,qwen3-4b-keep4-s123,dev,pre_first_reuse,qwen3-4b-keep4-s42,19
eos_without_close_rate,0.0,0.0,0.0,0.0,0.0,19,19,19,interval_covers_zero,4B,raw - cleaned (s123),treatment,qwen3-4b-cleanv2-s123,qwen3-4b-keep4-s123,dev,pre_first_reuse,qwen3-4b-keep4-s42,19
unresolved_rate,0.0,0.0,0.0,0.0,0.0,19,19,19,interval_covers_zero,4B,raw - cleaned (s123),treatment,qwen3-4b-cleanv2-s123,qwen3-4b-keep4-s123,dev,pre_first_reuse,qwen3-4b-keep4-s42,19
margin_first_policy,-6.30639097744361,-8.580827067669174,-2.2744360902255645,-3.007518796992482,-1.541353383458647,19,19,19,m1_lower,4B,raw - cleaned (s123),treatment,qwen3-4b-cleanv2-s123,qwen3-4b-keep4-s123,dev,pre_first_reuse,qwen3-4b-keep4-s42,19
margin_first_raw,-5.9144736842105265,-7.506578947368421,-1.5921052631578947,-2.105263157894737,-1.078947368421053,19,19,19,m1_lower,4B,raw - cleaned (s123),treatment,qwen3-4b-cleanv2-s123,qwen3-4b-keep4-s123,dev,pre_first_reuse,qwen3-4b-keep4-s42,19
close_prob_pre_filter,0.08805479264325139,0.015242075708776986,-0.0728127169344744,-0.14806928592811774,-0.019589945058371586,19,19,19,m1_lower,4B,raw - cleaned (s123),treatment,qwen3-4b-cleanv2-s123,qwen3-4b-keep4-s123,dev,pre_first_reuse,qwen3-4b-keep4-s42,19
close_sampler_prob,0.06605955285954301,0.0,-0.06605955285954301,-0.15789473684210525,0.0,19,19,19,interval_covers_zero,4B,raw - cleaned (s123),treatment,qwen3-4b-cleanv2-s123,qwen3-4b-keep4-s123,dev,pre_first_reuse,qwen3-4b-keep4-s42,19
eos_after_forced_close_prob,0.9999989866994465,0.9999975103559101,-1.476343536421787e-06,-2.2776704080962327e-06,-7.734214850257943e-07,19,19,19,m1_lower,4B,raw - cleaned (s123),treatment,qwen3-4b-cleanv2-s123,qwen3-4b-keep4-s123,dev,pre_first_reuse,qwen3-4b-keep4-s42,19
next_event_close_rate,0.2802734375,0.085205078125,-0.195068359375,-0.22515082046332044,-0.16551165282483224,235,256,256,m1_lower,4B,raw - cleaned (s123),treatment,qwen3-4b-cleanv2-s123,qwen3-4b-keep4-s123,all,all,all,256
continue_rate,0.7197265625,0.914794921875,0.195068359375,0.16551165282483216,0.2251508204633204,235,256,256,m1_higher,4B,raw - cleaned (s123),treatment,qwen3-4b-cleanv2-s123,qwen3-4b-keep4-s123,all,all,all,256
eos_without_close_rate,0.0,0.0,0.0,0.0,0.0,235,256,256,interval_covers_zero,4B,raw - cleaned (s123),treatment,qwen3-4b-cleanv2-s123,qwen3-4b-keep4-s123,all,all,all,256
unresolved_rate,0.0,0.0,0.0,0.0,0.0,235,256,256,interval_covers_zero,4B,raw - cleaned (s123),treatment,qwen3-4b-cleanv2-s123,qwen3-4b-keep4-s123,all,all,all,256
margin_first_policy,-4.089704241071429,-5.905412946428573,-1.8157087053571441,-1.9823608530221106,-1.6529935012589991,235,256,256,m1_lower,4B,raw - cleaned (s123),treatment,qwen3-4b-cleanv2-s123,qwen3-4b-keep4-s123,all,all,all,256
margin_first_raw,-4.36279296875,-5.6337890625,-1.27099609375,-1.3876525971154774,-1.1570954508812996,235,256,256,m1_lower,4B,raw - cleaned (s123),treatment,qwen3-4b-cleanv2-s123,qwen3-4b-keep4-s123,all,all,all,256
close_prob_pre_filter,0.28352279357669286,0.11227905695780235,-0.1712437366188905,-0.19339067434023158,-0.1492701995056589,235,256,256,m1_lower,4B,raw - cleaned (s123),treatment,qwen3-4b-cleanv2-s123,qwen3-4b-keep4-s123,all,all,all,256
close_sampler_prob,0.27990436902345295,0.08778523702061067,-0.19211913200284228,-0.22033268040002815,-0.16470224999094862,235,256,256,m1_lower,4B,raw - cleaned (s123),treatment,qwen3-4b-cleanv2-s123,qwen3-4b-keep4-s123,all,all,all,256
eos_after_forced_close_prob,0.9999989077936107,0.9999971899150022,-1.7178786084759423e-06,-2.7670888756298195e-06,-9.982620655574205e-07,235,256,256,m1_lower,4B,raw - cleaned (s123),treatment,qwen3-4b-cleanv2-s123,qwen3-4b-keep4-s123,all,all,all,256
next_event_close_rate,0.201171875,0.02490234375,-0.17626953125,-0.2214622677780512,-0.13392681383577054,124,128,128,m1_lower,4B,raw - cleaned (s123),treatment,qwen3-4b-cleanv2-s123,qwen3-4b-keep4-s123,all,all,qwen3-4b-cleanv2-s42,128
continue_rate,0.798828125,0.97509765625,0.17626953125,0.13392681383577051,0.2214622677780512,124,128,128,m1_higher,4B,raw - cleaned (s123),treatment,qwen3-4b-cleanv2-s123,qwen3-4b-keep4-s123,all,all,qwen3-4b-cleanv2-s42,128
eos_without_close_rate,0.0,0.0,0.0,0.0,0.0,124,128,128,interval_covers_zero,4B,raw - cleaned (s123),treatment,qwen3-4b-cleanv2-s123,qwen3-4b-keep4-s123,all,all,qwen3-4b-cleanv2-s42,128
unresolved_rate,0.0,0.0,0.0,0.0,0.0,124,128,128,interval_covers_zero,4B,raw - cleaned (s123),treatment,qwen3-4b-cleanv2-s123,qwen3-4b-keep4-s123,all,all,qwen3-4b-cleanv2-s42,128
margin_first_policy,-4.320591517857142,-6.400669642857143,-2.080078125000001,-2.3173392857142865,-1.8378472222222222,124,128,128,m1_lower,4B,raw - cleaned (s123),treatment,qwen3-4b-cleanv2-s123,qwen3-4b-keep4-s123,all,all,qwen3-4b-cleanv2-s42,128
margin_first_raw,-4.5244140625,-5.98046875,-1.4560546875,-1.6221374999999993,-1.286493055555556,124,128,128,m1_lower,4B,raw - cleaned (s123),treatment,qwen3-4b-cleanv2-s123,qwen3-4b-keep4-s123,all,all,qwen3-4b-cleanv2-s42,128
close_prob_pre_filter,0.21924644797721546,0.050657420725392525,-0.16858902725182293,-0.20226625031986264,-0.13658245425202886,124,128,128,m1_lower,4B,raw - cleaned (s123),treatment,qwen3-4b-cleanv2-s123,qwen3-4b-keep4-s123,all,all,qwen3-4b-cleanv2-s42,128
close_sampler_prob,0.20275159843138413,0.02474983407723723,-0.17800176435414689,-0.2211629893378144,-0.13732773149068847,124,128,128,m1_lower,4B,raw - cleaned (s123),treatment,qwen3-4b-cleanv2-s123,qwen3-4b-keep4-s123,all,all,qwen3-4b-cleanv2-s42,128
eos_after_forced_close_prob,0.999998867268806,0.999997536952804,-1.3303160020239346e-06,-2.0718589935575516e-06,-7.625729176258264e-07,124,128,128,m1_lower,4B,raw - cleaned (s123),treatment,qwen3-4b-cleanv2-s123,qwen3-4b-keep4-s123,all,all,qwen3-4b-cleanv2-s42,128
next_event_close_rate,0.359375,0.1455078125,-0.2138671875,-0.2591562325451499,-0.16943003737081694,119,128,128,m1_lower,4B,raw - cleaned (s123),treatment,qwen3-4b-cleanv2-s123,qwen3-4b-keep4-s123,all,all,qwen3-4b-keep4-s42,128
continue_rate,0.640625,0.8544921875,0.2138671875,0.16943003737081694,0.25915623254514986,119,128,128,m1_higher,4B,raw - cleaned (s123),treatment,qwen3-4b-cleanv2-s123,qwen3-4b-keep4-s123,all,all,qwen3-4b-keep4-s42,128
eos_without_close_rate,0.0,0.0,0.0,0.0,0.0,119,128,128,interval_covers_zero,4B,raw - cleaned (s123),treatment,qwen3-4b-cleanv2-s123,qwen3-4b-keep4-s123,all,all,qwen3-4b-keep4-s42,128
unresolved_rate,0.0,0.0,0.0,0.0,0.0,119,128,128,interval_covers_zero,4B,raw - cleaned (s123),treatment,qwen3-4b-cleanv2-s123,qwen3-4b-keep4-s123,all,all,qwen3-4b-keep4-s42,128
margin_first_policy,-3.8588169642857144,-5.410156249999999,-1.5513392857142847,-1.7633971830011075,-1.3392857142857144,119,128,128,m1_lower,4B,raw - cleaned (s123),treatment,qwen3-4b-cleanv2-s123,qwen3-4b-keep4-s123,all,all,qwen3-4b-keep4-s42,128
margin_first_raw,-4.201171875,-5.287109375,-1.0859375,-1.2343780281007752,-0.9375,119,128,128,m1_lower,4B,raw - cleaned (s123),treatment,qwen3-4b-cleanv2-s123,qwen3-4b-keep4-s123,all,all,qwen3-4b-keep4-s42,128
close_prob_pre_filter,0.3477991391761704,0.1739006931902122,-0.1738984459859582,-0.20465125480389942,-0.1440420513941901,119,128,128,m1_lower,4B,raw - cleaned (s123),treatment,qwen3-4b-cleanv2-s123,qwen3-4b-keep4-s123,all,all,qwen3-4b-keep4-s42,128
close_sampler_prob,0.3570571396155218,0.1508206399639841,-0.20623649965153773,-0.24492045987965239,-0.16878476372473744,119,128,128,m1_lower,4B,raw - cleaned (s123),treatment,qwen3-4b-cleanv2-s123,qwen3-4b-keep4-s123,all,all,qwen3-4b-keep4-s42,128
eos_after_forced_close_prob,0.9999989483184151,0.9999968428772006,-2.105441214483861e-06,-4.10937681904755e-06,-8.990460885260898e-07,119,128,128,m1_lower,4B,raw - cleaned (s123),treatment,qwen3-4b-cleanv2-s123,qwen3-4b-keep4-s123,all,all,qwen3-4b-keep4-s42,128
next_event_close_rate,0.53857421875,0.17041015625,-0.3681640625,-0.40994632750984256,-0.32578480637918306,126,128,128,m1_lower,4B,raw - cleaned (s123),treatment,qwen3-4b-cleanv2-s123,qwen3-4b-keep4-s123,all,natural_stop,all,128
continue_rate,0.46142578125,0.82958984375,0.3681640625,0.32578480637918306,0.40994632750984256,126,128,128,m1_higher,4B,raw - cleaned (s123),treatment,qwen3-4b-cleanv2-s123,qwen3-4b-keep4-s123,all,natural_stop,all,128
eos_without_close_rate,0.0,0.0,0.0,0.0,0.0,126,128,128,interval_covers_zero,4B,raw - cleaned (s123),treatment,qwen3-4b-cleanv2-s123,qwen3-4b-keep4-s123,all,natural_stop,all,128
unresolved_rate,0.0,0.0,0.0,0.0,0.0,126,128,128,interval_covers_zero,4B,raw - cleaned (s123),treatment,qwen3-4b-cleanv2-s123,qwen3-4b-keep4-s123,all,natural_stop,all,128
margin_first_policy,0.17159598214285704,-1.8233816964285716,-1.9949776785714286,-2.1836520979935647,-1.8205847587036268,126,128,128,m1_lower,4B,raw - cleaned (s123),treatment,qwen3-4b-cleanv2-s123,qwen3-4b-keep4-s123,all,natural_stop,all,128
margin_first_raw,-1.3798828125,-2.7763671875,-1.396484375,-1.5285564685954953,-1.2744093310925388,126,128,128,m1_lower,4B,raw - cleaned (s123),treatment,qwen3-4b-cleanv2-s123,qwen3-4b-keep4-s123,all,natural_stop,all,128
close_prob_pre_filter,0.5329805463338843,0.22091290183373902,-0.31206764450014524,-0.3389255799334268,-0.2853811395822693,126,128,128,m1_lower,4B,raw - cleaned (s123),treatment,qwen3-4b-cleanv2-s123,qwen3-4b-keep4-s123,all,natural_stop,all,128
close_sampler_prob,0.5376868000669379,0.1755704740412213,-0.36211632602571664,-0.39812396925337307,-0.32627313799537416,126,128,128,m1_lower,4B,raw - cleaned (s123),treatment,qwen3-4b-cleanv2-s123,qwen3-4b-keep4-s123,all,natural_stop,all,128
eos_after_forced_close_prob,0.9999993252603706,0.999998666521242,-6.587391285783895e-07,-9.54639671985058e-07,-4.169620964999954e-07,126,128,128,m1_lower,4B,raw - cleaned (s123),treatment,qwen3-4b-cleanv2-s123,qwen3-4b-keep4-s123,all,natural_stop,all,128
next_event_close_rate,0.3896484375,0.0498046875,-0.33984375,-0.4052978515625,-0.2783203125,64,64,64,m1_lower,4B,raw - cleaned (s123),treatment,qwen3-4b-cleanv2-s123,qwen3-4b-keep4-s123,all,natural_stop,qwen3-4b-cleanv2-s42,64
continue_rate,0.6103515625,0.9501953125,0.33984375,0.2783203125,0.40529785156249987,64,64,64,m1_higher,4B,raw - cleaned (s123),treatment,qwen3-4b-cleanv2-s123,qwen3-4b-keep4-s123,all,natural_stop,qwen3-4b-cleanv2-s42,64
eos_without_close_rate,0.0,0.0,0.0,0.0,0.0,64,64,64,interval_covers_zero,4B,raw - cleaned (s123),treatment,qwen3-4b-cleanv2-s123,qwen3-4b-keep4-s123,all,natural_stop,qwen3-4b-cleanv2-s42,64
unresolved_rate,0.0,0.0,0.0,0.0,0.0,64,64,64,interval_covers_zero,4B,raw - cleaned (s123),treatment,qwen3-4b-cleanv2-s123,qwen3-4b-keep4-s123,all,natural_stop,qwen3-4b-cleanv2-s42,64
margin_first_policy,-0.3989955357142858,-2.9017857142857144,-2.502790178571429,-2.773437499999999,-2.234933035714286,64,64,64,m1_lower,4B,raw - cleaned (s123),treatment,qwen3-4b-cleanv2-s123,qwen3-4b-keep4-s123,all,natural_stop,qwen3-4b-cleanv2-s42,64
margin_first_raw,-1.779296875,-3.53125,-1.751953125,-1.94140625,-1.564453125,64,64,64,m1_lower,4B,raw - cleaned (s123),treatment,qwen3-4b-cleanv2-s123,qwen3-4b-keep4-s123,all,natural_stop,qwen3-4b-cleanv2-s42,64
close_prob_pre_filter,0.41347890701834167,0.09927119721397973,-0.31420770980436197,-0.3562877003698222,-0.2755021532678989,64,64,64,m1_lower,4B,raw - cleaned (s123),treatment,qwen3-4b-cleanv2-s123,qwen3-4b-keep4-s123,all,natural_stop,qwen3-4b-cleanv2-s42,64
close_sampler_prob,0.3918421872317692,0.04949966815447446,-0.34234251907729474,-0.4013682210618955,-0.2851723034528793,64,64,64,m1_lower,4B,raw - cleaned (s123),treatment,qwen3-4b-cleanv2-s123,qwen3-4b-keep4-s123,all,natural_stop,qwen3-4b-cleanv2-s42,64
eos_after_forced_close_prob,0.9999992494114032,0.9999984820436086,-7.673677945296831e-07,-1.2909789768922319e-06,-3.789066155557299e-07,64,64,64,m1_lower,4B,raw - cleaned (s123),treatment,qwen3-4b-cleanv2-s123,qwen3-4b-keep4-s123,all,natural_stop,qwen3-4b-cleanv2-s42,64
next_event_close_rate,0.6875,0.291015625,-0.396484375,-0.453125,-0.33984375,64,64,64,m1_lower,4B,raw - cleaned (s123),treatment,qwen3-4b-cleanv2-s123,qwen3-4b-keep4-s123,all,natural_stop,qwen3-4b-keep4-s42,64
continue_rate,0.3125,0.708984375,0.396484375,0.33984375,0.453125,64,64,64,m1_higher,4B,raw - cleaned (s123),treatment,qwen3-4b-cleanv2-s123,qwen3-4b-keep4-s123,all,natural_stop,qwen3-4b-keep4-s42,64
eos_without_close_rate,0.0,0.0,0.0,0.0,0.0,64,64,64,interval_covers_zero,4B,raw - cleaned (s123),treatment,qwen3-4b-cleanv2-s123,qwen3-4b-keep4-s123,all,natural_stop,qwen3-4b-keep4-s42,64
unresolved_rate,0.0,0.0,0.0,0.0,0.0,64,64,64,interval_covers_zero,4B,raw - cleaned (s123),treatment,qwen3-4b-cleanv2-s123,qwen3-4b-keep4-s123,all,natural_stop,qwen3-4b-keep4-s42,64
margin_first_policy,0.7421874999999999,-0.744977678571429,-1.4871651785714288,-1.6489955357142856,-1.3280552455357142,64,64,64,m1_lower,4B,raw - cleaned (s123),treatment,qwen3-4b-cleanv2-s123,qwen3-4b-keep4-s123,all,natural_stop,qwen3-4b-keep4-s42,64
margin_first_raw,-0.98046875,-2.021484375,-1.041015625,-1.154296875,-0.9296386718750003,64,64,64,m1_lower,4B,raw - cleaned (s123),treatment,qwen3-4b-cleanv2-s123,qwen3-4b-keep4-s123,all,natural_stop,qwen3-4b-keep4-s42,64
close_prob_pre_filter,0.6524821856494267,0.34255460645349833,-0.3099275791959284,-0.3439010140637547,-0.2757704924558898,64,64,64,m1_lower,4B,raw - cleaned (s123),treatment,qwen3-4b-cleanv2-s123,qwen3-4b-keep4-s123,all,natural_stop,qwen3-4b-keep4-s42,64
close_sampler_prob,0.6835314129021068,0.3016412799279682,-0.38189013297413865,-0.425615796240093,-0.33841151555487686,64,64,64,m1_lower,4B,raw - cleaned (s123),treatment,qwen3-4b-cleanv2-s123,qwen3-4b-keep4-s123,all,natural_stop,qwen3-4b-keep4-s42,64
eos_after_forced_close_prob,0.999999401109338,0.9999988509988755,-5.501104625160735e-07,-9.042756186461443e-07,-3.063658676388803e-07,64,64,64,m1_lower,4B,raw - cleaned (s123),treatment,qwen3-4b-cleanv2-s123,qwen3-4b-keep4-s123,all,natural_stop,qwen3-4b-keep4-s42,64
next_event_close_rate,0.005859375,0.0,-0.005859375,-0.017578125,0.0,64,64,64,interval_covers_zero,4B,raw - cleaned (s123),treatment,qwen3-4b-cleanv2-s123,qwen3-4b-keep4-s123,all,early_remaining,all,64
continue_rate,0.994140625,1.0,0.005859375,0.0,0.017578125,64,64,64,interval_covers_zero,4B,raw - cleaned (s123),treatment,qwen3-4b-cleanv2-s123,qwen3-4b-keep4-s123,all,early_remaining,all,64
eos_without_close_rate,0.0,0.0,0.0,0.0,0.0,64,64,64,interval_covers_zero,4B,raw - cleaned (s123),treatment,qwen3-4b-cleanv2-s123,qwen3-4b-keep4-s123,all,early_remaining,all,64
unresolved_rate,0.0,0.0,0.0,0.0,0.0,64,64,64,interval_covers_zero,4B,raw - cleaned (s123),treatment,qwen3-4b-cleanv2-s123,qwen3-4b-keep4-s123,all,early_remaining,all,64
margin_first_policy,-10.421316964285715,-11.489955357142858,-1.0686383928571423,-1.3951590401785687,-0.7366071428571423,64,64,64,m1_lower,4B,raw - cleaned (s123),treatment,qwen3-4b-cleanv2-s123,qwen3-4b-keep4-s123,all,early_remaining,all,64
margin_first_raw,-8.794921875,-9.54296875,-0.748046875,-0.976611328125,-0.515625,64,64,64,m1_lower,4B,raw - cleaned (s123),treatment,qwen3-4b-cleanv2-s123,qwen3-4b-keep4-s123,all,early_remaining,all,64
close_prob_pre_filter,0.006202649161217679,0.00026520291933698206,-0.005937446241880697,-0.015657640951530678,-0.000678297663637048,64,64,64,m1_lower,4B,raw - cleaned (s123),treatment,qwen3-4b-cleanv2-s123,qwen3-4b-keep4-s123,all,early_remaining,all,64
close_sampler_prob,0.004539383836489848,0.0,-0.004539383836489848,-0.013618151509469545,0.0,64,64,64,interval_covers_zero,4B,raw - cleaned (s123),treatment,qwen3-4b-cleanv2-s123,qwen3-4b-keep4-s123,all,early_remaining,all,64
eos_after_forced_close_prob,0.9999980866330138,0.9999943560667373,-3.730566276560765e-06,-7.64709871562408e-06,-1.3287036827014378e-06,64,64,64,m1_lower,4B,raw - cleaned (s123),treatment,qwen3-4b-cleanv2-s123,qwen3-4b-keep4-s123,all,early_remaining,all,64
next_event_close_rate,0.01171875,0.0,-0.01171875,-0.03515625,0.0,32,32,32,interval_covers_zero,4B,raw - cleaned (s123),treatment,qwen3-4b-cleanv2-s123,qwen3-4b-keep4-s123,all,early_remaining,qwen3-4b-cleanv2-s42,32
continue_rate,0.98828125,1.0,0.01171875,0.0,0.03515625,32,32,32,interval_covers_zero,4B,raw - cleaned (s123),treatment,qwen3-4b-cleanv2-s123,qwen3-4b-keep4-s123,all,early_remaining,qwen3-4b-cleanv2-s42,32
eos_without_close_rate,0.0,0.0,0.0,0.0,0.0,32,32,32,interval_covers_zero,4B,raw - cleaned (s123),treatment,qwen3-4b-cleanv2-s123,qwen3-4b-keep4-s123,all,early_remaining,qwen3-4b-cleanv2-s42,32
unresolved_rate,0.0,0.0,0.0,0.0,0.0,32,32,32,interval_covers_zero,4B,raw - cleaned (s123),treatment,qwen3-4b-cleanv2-s123,qwen3-4b-keep4-s123,all,early_remaining,qwen3-4b-cleanv2-s42,32
margin_first_policy,-9.854910714285715,-11.077008928571429,-1.2220982142857135,-1.702008928571427,-0.7421875000000018,32,32,32,m1_lower,4B,raw - cleaned (s123),treatment,qwen3-4b-cleanv2-s123,qwen3-4b-keep4-s123,all,early_remaining,qwen3-4b-cleanv2-s42,32
margin_first_raw,-8.3984375,-9.25390625,-0.85546875,-1.19140625,-0.51953125,32,32,32,m1_lower,4B,raw - cleaned (s123),treatment,qwen3-4b-cleanv2-s123,qwen3-4b-keep4-s123,all,early_remaining,qwen3-4b-cleanv2-s42,32
close_prob_pre_filter,0.011288994906987327,0.0004220981668193894,-0.010866896740167938,-0.03013198728242385,-0.0006440176491668018,32,32,32,m1_lower,4B,raw - cleaned (s123),treatment,qwen3-4b-cleanv2-s123,qwen3-4b-keep4-s123,all,early_remaining,qwen3-4b-cleanv2-s42,32
close_sampler_prob,0.009078767672979696,0.0,-0.009078767672979696,-0.02723630301893909,0.0,32,32,32,interval_covers_zero,4B,raw - cleaned (s123),treatment,qwen3-4b-cleanv2-s123,qwen3-4b-keep4-s123,all,early_remaining,qwen3-4b-cleanv2-s42,32
eos_after_forced_close_prob,0.9999982010442023,0.9999964282443456,-1.7727998566918757e-06,-3.3856021321887477e-06,-7.323981574547394e-07,32,32,32,m1_lower,4B,raw - cleaned (s123),treatment,qwen3-4b-cleanv2-s123,qwen3-4b-keep4-s123,all,early_remaining,qwen3-4b-cleanv2-s42,32
next_event_close_rate,0.0,0.0,0.0,0.0,0.0,32,32,32,interval_covers_zero,4B,raw - cleaned (s123),treatment,qwen3-4b-cleanv2-s123,qwen3-4b-keep4-s123,all,early_remaining,qwen3-4b-keep4-s42,32
continue_rate,1.0,1.0,0.0,0.0,0.0,32,32,32,interval_covers_zero,4B,raw - cleaned (s123),treatment,qwen3-4b-cleanv2-s123,qwen3-4b-keep4-s123,all,early_remaining,qwen3-4b-keep4-s42,32
eos_without_close_rate,0.0,0.0,0.0,0.0,0.0,32,32,32,interval_covers_zero,4B,raw - cleaned (s123),treatment,qwen3-4b-cleanv2-s123,qwen3-4b-keep4-s123,all,early_remaining,qwen3-4b-keep4-s42,32
unresolved_rate,0.0,0.0,0.0,0.0,0.0,32,32,32,interval_covers_zero,4B,raw - cleaned (s123),treatment,qwen3-4b-cleanv2-s123,qwen3-4b-keep4-s123,all,early_remaining,qwen3-4b-keep4-s42,32
margin_first_policy,-10.987723214285715,-11.902901785714285,-0.9151785714285694,-1.3727678571428559,-0.46874999999999994,32,32,32,m1_lower,4B,raw - cleaned (s123),treatment,qwen3-4b-cleanv2-s123,qwen3-4b-keep4-s123,all,early_remaining,qwen3-4b-keep4-s42,32
margin_first_raw,-9.19140625,-9.83203125,-0.640625,-0.9609375,-0.328125,32,32,32,m1_lower,4B,raw - cleaned (s123),treatment,qwen3-4b-cleanv2-s123,qwen3-4b-keep4-s123,all,early_remaining,qwen3-4b-keep4-s42,32
close_prob_pre_filter,0.0011163034154480292,0.00010830767185457472,-0.0010079957435934544,-0.0024651842176059576,-0.00010430083222857294,32,32,32,m1_lower,4B,raw - cleaned (s123),treatment,qwen3-4b-cleanv2-s123,qwen3-4b-keep4-s123,all,early_remaining,qwen3-4b-keep4-s42,32
close_sampler_prob,0.0,0.0,0.0,0.0,0.0,32,32,32,interval_covers_zero,4B,raw - cleaned (s123),treatment,qwen3-4b-cleanv2-s123,qwen3-4b-keep4-s123,all,early_remaining,qwen3-4b-keep4-s42,32
eos_after_forced_close_prob,0.9999979722218253,0.9999922838891288,-5.688332696540677e-06,-1.3055302634271126e-05,-1.160962149140966e-06,32,32,32,m1_lower,4B,raw - cleaned (s123),treatment,qwen3-4b-cleanv2-s123,qwen3-4b-keep4-s123,all,early_remaining,qwen3-4b-keep4-s42,32
next_event_close_rate,0.0380859375,0.0,-0.0380859375,-0.078125,-0.010576923076923078,63,64,64,m1_lower,4B,raw - cleaned (s123),treatment,qwen3-4b-cleanv2-s123,qwen3-4b-keep4-s123,all,pre_first_reuse,all,64
continue_rate,0.9619140625,1.0,0.0380859375,0.01057692307692304,0.078125,63,64,64,m1_higher,4B,raw - cleaned (s123),treatment,qwen3-4b-cleanv2-s123,qwen3-4b-keep4-s123,all,pre_first_reuse,all,64
eos_without_close_rate,0.0,0.0,0.0,0.0,0.0,63,64,64,interval_covers_zero,4B,raw - cleaned (s123),treatment,qwen3-4b-cleanv2-s123,qwen3-4b-keep4-s123,all,pre_first_reuse,all,64
unresolved_rate,0.0,0.0,0.0,0.0,0.0,63,64,64,interval_covers_zero,4B,raw - cleaned (s123),treatment,qwen3-4b-cleanv2-s123,qwen3-4b-keep4-s123,all,pre_first_reuse,all,64
margin_first_policy,-6.280691964285715,-8.484933035714285,-2.2042410714285694,-2.5837095846861478,-1.813594933712122,63,64,64,m1_lower,4B,raw - cleaned (s123),treatment,qwen3-4b-cleanv2-s123,qwen3-4b-keep4-s123,all,pre_first_reuse,all,64
margin_first_raw,-5.896484375,-7.439453125,-1.54296875,-1.808596709280303,-1.2695164535984849,63,64,64,m1_lower,4B,raw - cleaned (s123),treatment,qwen3-4b-cleanv2-s123,qwen3-4b-keep4-s123,all,pre_first_reuse,all,64
close_prob_pre_filter,0.06192743247778545,0.007025221244394411,-0.054902211233391035,-0.08494064332999386,-0.031835352406722195,63,64,64,m1_lower,4B,raw - cleaned (s123),treatment,qwen3-4b-cleanv2-s123,qwen3-4b-keep4-s123,all,pre_first_reuse,all,64
close_sampler_prob,0.03970449212344589,0.0,-0.03970449212344589,-0.07418850931179584,-0.013652387388311378,63,64,64,m1_lower,4B,raw - cleaned (s123),treatment,qwen3-4b-cleanv2-s123,qwen3-4b-keep4-s123,all,pre_first_reuse,all,64
eos_after_forced_close_prob,0.9999988940206879,0.9999970705507878,-1.823469900075203e-06,-3.1808737437966083e-06,-9.896520274388365e-07,63,64,64,m1_lower,4B,raw - cleaned (s123),treatment,qwen3-4b-cleanv2-s123,qwen3-4b-keep4-s123,all,pre_first_reuse,all,64
next_event_close_rate,0.013671875,0.0,-0.013671875,-0.037109375,0.0,32,32,32,interval_covers_zero,4B,raw - cleaned (s123),treatment,qwen3-4b-cleanv2-s123,qwen3-4b-keep4-s123,all,pre_first_reuse,qwen3-4b-cleanv2-s42,32
continue_rate,0.986328125,1.0,0.013671875,0.0,0.037109375,32,32,32,interval_covers_zero,4B,raw - cleaned (s123),treatment,qwen3-4b-cleanv2-s123,qwen3-4b-keep4-s123,all,pre_first_reuse,qwen3-4b-cleanv2-s42,32
eos_without_close_rate,0.0,0.0,0.0,0.0,0.0,32,32,32,interval_covers_zero,4B,raw - cleaned (s123),treatment,qwen3-4b-cleanv2-s123,qwen3-4b-keep4-s123,all,pre_first_reuse,qwen3-4b-cleanv2-s42,32
unresolved_rate,0.0,0.0,0.0,0.0,0.0,32,32,32,interval_covers_zero,4B,raw - cleaned (s123),treatment,qwen3-4b-cleanv2-s123,qwen3-4b-keep4-s123,all,pre_first_reuse,qwen3-4b-cleanv2-s42,32
margin_first_policy,-6.6294642857142865,-8.722098214285715,-2.092633928571429,-2.650948660714287,-1.5177176339285725,32,32,32,m1_lower,4B,raw - cleaned (s123),treatment,qwen3-4b-cleanv2-s123,qwen3-4b-keep4-s123,all,pre_first_reuse,qwen3-4b-cleanv2-s42,32
margin_first_raw,-6.140625,-7.60546875,-1.46484375,-1.8556640625,-1.0624023437500005,32,32,32,m1_lower,4B,raw - cleaned (s123),treatment,qwen3-4b-cleanv2-s123,qwen3-4b-keep4-s123,all,pre_first_reuse,qwen3-4b-cleanv2-s42,32
close_prob_pre_filter,0.03873898296519108,0.0036651903067912313,-0.03507379265839985,-0.06010375785180818,-0.015211368470789821,32,32,32,m1_lower,4B,raw - cleaned (s123),treatment,qwen3-4b-cleanv2-s123,qwen3-4b-keep4-s123,all,pre_first_reuse,qwen3-4b-cleanv2-s42,32
close_sampler_prob,0.018243251589018388,0.0,-0.018243251589018388,-0.04675689525670151,0.0,32,32,32,interval_covers_zero,4B,raw - cleaned (s123),treatment,qwen3-4b-cleanv2-s123,qwen3-4b-keep4-s123,all,pre_first_reuse,qwen3-4b-cleanv2-s42,32
eos_after_forced_close_prob,0.999998769208216,0.9999967554796527,-2.013728563232675e-06,-4.176308547645946e-06,-5.865197704707506e-07,32,32,32,m1_lower,4B,raw - cleaned (s123),treatment,qwen3-4b-cleanv2-s123,qwen3-4b-keep4-s123,all,pre_first_reuse,qwen3-4b-cleanv2-s42,32
next_event_close_rate,0.0625,0.0,-0.0625,-0.138671875,-0.0078125,32,32,32,m1_lower,4B,raw - cleaned (s123),treatment,qwen3-4b-cleanv2-s123,qwen3-4b-keep4-s123,all,pre_first_reuse,qwen3-4b-keep4-s42,32
continue_rate,0.9375,1.0,0.0625,0.0078125,0.138671875,32,32,32,m1_higher,4B,raw - cleaned (s123),treatment,qwen3-4b-cleanv2-s123,qwen3-4b-keep4-s123,all,pre_first_reuse,qwen3-4b-keep4-s42,32
eos_without_close_rate,0.0,0.0,0.0,0.0,0.0,32,32,32,interval_covers_zero,4B,raw - cleaned (s123),treatment,qwen3-4b-cleanv2-s123,qwen3-4b-keep4-s123,all,pre_first_reuse,qwen3-4b-keep4-s42,32
unresolved_rate,0.0,0.0,0.0,0.0,0.0,32,32,32,interval_covers_zero,4B,raw - cleaned (s123),treatment,qwen3-4b-cleanv2-s123,qwen3-4b-keep4-s123,all,pre_first_reuse,qwen3-4b-keep4-s42,32
margin_first_policy,-5.931919642857144,-8.247767857142858,-2.3158482142857135,-2.8293805803571423,-1.8080357142857153,32,32,32,m1_lower,4B,raw - cleaned (s123),treatment,qwen3-4b-cleanv2-s123,qwen3-4b-keep4-s123,all,pre_first_reuse,qwen3-4b-keep4-s42,32
margin_first_raw,-5.65234375,-7.2734375,-1.62109375,-1.98056640625,-1.265625,32,32,32,m1_lower,4B,raw - cleaned (s123),treatment,qwen3-4b-cleanv2-s123,qwen3-4b-keep4-s123,all,pre_first_reuse,qwen3-4b-keep4-s42,32
close_prob_pre_filter,0.08511588199037981,0.01038525218199759,-0.07473062980838222,-0.1285626880031805,-0.03239120246218187,32,32,32,m1_lower,4B,raw - cleaned (s123),treatment,qwen3-4b-cleanv2-s123,qwen3-4b-keep4-s123,all,pre_first_reuse,qwen3-4b-keep4-s42,32
close_sampler_prob,0.061165732657873395,0.0,-0.061165732657873395,-0.12548541967357335,-0.012864105474540036,32,32,32,m1_lower,4B,raw - cleaned (s123),treatment,qwen3-4b-cleanv2-s123,qwen3-4b-keep4-s123,all,pre_first_reuse,qwen3-4b-keep4-s42,32
eos_after_forced_close_prob,0.9999990188331596,0.9999973856219228,-1.6332112368067087e-06,-2.557162511912514e-06,-8.550145539937276e-07,32,32,32,m1_lower,4B,raw - cleaned (s123),treatment,qwen3-4b-cleanv2-s123,qwen3-4b-keep4-s123,all,pre_first_reuse,qwen3-4b-keep4-s42,32
next_event_close_rate,0.2706692913385827,0.24015748031496062,-0.030511811023622076,-0.05224808094113372,-0.00984251968503938,118,127,127,m1_lower,4B,OBR 15% - cleaned (s123),treatment,qwen3-4b-cleanv2-s123,qwen3-4b-obr-p15-s123,test,all,all,127
continue_rate,0.7293307086614174,0.7598425196850394,0.030511811023621993,0.00984251968503946,0.05224808094113371,118,127,127,m1_higher,4B,OBR 15% - cleaned (s123),treatment,qwen3-4b-cleanv2-s123,qwen3-4b-obr-p15-s123,test,all,all,127
eos_without_close_rate,0.0,0.0,0.0,0.0,0.0,118,127,127,interval_covers_zero,4B,OBR 15% - cleaned (s123),treatment,qwen3-4b-cleanv2-s123,qwen3-4b-obr-p15-s123,test,all,all,127
unresolved_rate,0.0,0.0,0.0,0.0,0.0,118,127,127,interval_covers_zero,4B,OBR 15% - cleaned (s123),treatment,qwen3-4b-cleanv2-s123,qwen3-4b-obr-p15-s123,test,all,all,127
margin_first_policy,-3.9707536557930267,-3.9384139482564686,0.03233970753655813,-0.17720050618672806,0.2538130513291111,118,127,127,interval_covers_zero,4B,OBR 15% - cleaned (s123),treatment,qwen3-4b-cleanv2-s123,qwen3-4b-obr-p15-s123,test,all,all,127
margin_first_raw,-4.2795275590551185,-4.256889763779528,0.022637795275590733,-0.12404035433070888,0.1776691359303775,118,127,127,interval_covers_zero,4B,OBR 15% - cleaned (s123),treatment,qwen3-4b-cleanv2-s123,qwen3-4b-obr-p15-s123,test,all,all,127
close_prob_pre_filter,0.278292593806707,0.2550425483026226,-0.023250045504084438,-0.039275564131101746,-0.007943181375166995,118,127,127,m1_lower,4B,OBR 15% - cleaned (s123),treatment,qwen3-4b-cleanv2-s123,qwen3-4b-obr-p15-s123,test,all,all,127
close_sampler_prob,0.27058757214410256,0.2461617517207327,-0.024425820423369854,-0.04613545675738273,-0.004448440194810684,118,127,127,m1_lower,4B,OBR 15% - cleaned (s123),treatment,qwen3-4b-cleanv2-s123,qwen3-4b-obr-p15-s123,test,all,all,127
eos_after_forced_close_prob,0.9999989538063867,0.9999988544235795,-9.938280720600545e-08,-2.32072049705101e-07,5.3331148661128694e-08,118,127,127,interval_covers_zero,4B,OBR 15% - cleaned (s123),treatment,qwen3-4b-cleanv2-s123,qwen3-4b-obr-p15-s123,test,all,all,127
next_event_close_rate,0.181640625,0.1494140625,-0.0322265625,-0.0625,-0.0020153289810547897,61,64,64,m1_lower,4B,OBR 15% - cleaned (s123),treatment,qwen3-4b-cleanv2-s123,qwen3-4b-obr-p15-s123,test,all,qwen3-4b-cleanv2-s42,64
continue_rate,0.818359375,0.8505859375,0.0322265625,0.0020153289810548396,0.0625,61,64,64,m1_higher,4B,OBR 15% - cleaned (s123),treatment,qwen3-4b-cleanv2-s123,qwen3-4b-obr-p15-s123,test,all,qwen3-4b-cleanv2-s42,64
eos_without_close_rate,0.0,0.0,0.0,0.0,0.0,61,64,64,interval_covers_zero,4B,OBR 15% - cleaned (s123),treatment,qwen3-4b-cleanv2-s123,qwen3-4b-obr-p15-s123,test,all,qwen3-4b-cleanv2-s42,64
unresolved_rate,0.0,0.0,0.0,0.0,0.0,61,64,64,interval_covers_zero,4B,OBR 15% - cleaned (s123),treatment,qwen3-4b-cleanv2-s123,qwen3-4b-obr-p15-s123,test,all,qwen3-4b-cleanv2-s42,64
margin_first_policy,-4.347098214285715,-4.391741071428572,-0.04464285714285676,-0.3255553355414734,0.26380494505494545,61,64,64,interval_covers_zero,4B,OBR 15% - cleaned (s123),treatment,qwen3-4b-cleanv2-s123,qwen3-4b-obr-p15-s123,test,all,qwen3-4b-cleanv2-s42,64
margin_first_raw,-4.54296875,-4.57421875,-0.03125,-0.22788873487903286,0.1846634615384615,61,64,64,interval_covers_zero,4B,OBR 15% - cleaned (s123),treatment,qwen3-4b-cleanv2-s123,qwen3-4b-obr-p15-s123,test,all,qwen3-4b-cleanv2-s42,64
close_prob_pre_filter,0.20497797924623443,0.17991724498141232,-0.02506073426482211,-0.04303675867561841,-0.006808222603353385,61,64,64,m1_lower,4B,OBR 15% - cleaned (s123),treatment,qwen3-4b-cleanv2-s123,qwen3-4b-obr-p15-s123,test,all,qwen3-4b-cleanv2-s42,64
close_sampler_prob,0.18338438147077205,0.15676099835382992,-0.026623383116942123,-0.05315149082917119,-0.0003387838651433472,61,64,64,m1_lower,4B,OBR 15% - cleaned (s123),treatment,qwen3-4b-cleanv2-s123,qwen3-4b-obr-p15-s123,test,all,qwen3-4b-cleanv2-s42,64
eos_after_forced_close_prob,0.9999989734157886,0.9999988572205069,-1.1619528172968074e-07,-2.4125733133761874e-07,-4.062843417251866e-09,61,64,64,m1_lower,4B,OBR 15% - cleaned (s123),treatment,qwen3-4b-cleanv2-s123,qwen3-4b-obr-p15-s123,test,all,qwen3-4b-cleanv2-s42,64
next_event_close_rate,0.3611111111111111,0.3323412698412698,-0.02876984126984128,-0.061508699633699634,0.0020169553146483273,58,63,63,interval_covers_zero,4B,OBR 15% - cleaned (s123),treatment,qwen3-4b-cleanv2-s123,qwen3-4b-obr-p15-s123,test,all,qwen3-4b-keep4-s42,63
continue_rate,0.6388888888888888,0.6676587301587301,0.02876984126984128,-0.002016955314648386,0.061508699633699634,58,63,63,interval_covers_zero,4B,OBR 15% - cleaned (s123),treatment,qwen3-4b-cleanv2-s123,qwen3-4b-obr-p15-s123,test,all,qwen3-4b-keep4-s42,63
eos_without_close_rate,0.0,0.0,0.0,0.0,0.0,58,63,63,interval_covers_zero,4B,OBR 15% - cleaned (s123),treatment,qwen3-4b-cleanv2-s123,qwen3-4b-obr-p15-s123,test,all,qwen3-4b-keep4-s42,63
unresolved_rate,0.0,0.0,0.0,0.0,0.0,58,63,63,interval_covers_zero,4B,OBR 15% - cleaned (s123),treatment,qwen3-4b-cleanv2-s123,qwen3-4b-obr-p15-s123,test,all,qwen3-4b-keep4-s42,63
margin_first_policy,-3.5884353741496606,-3.477891156462585,0.11054421768707545,-0.19816384787087934,0.4592029993815702,58,63,63,interval_covers_zero,4B,OBR 15% - cleaned (s123),treatment,qwen3-4b-cleanv2-s123,qwen3-4b-obr-p15-s123,test,all,qwen3-4b-keep4-s42,63
margin_first_raw,-4.011904761904762,-3.9345238095238093,0.07738095238095255,-0.13871469350961538,0.32144209956709924,58,63,63,interval_covers_zero,4B,OBR 15% - cleaned (s123),treatment,qwen3-4b-cleanv2-s123,qwen3-4b-obr-p15-s123,test,all,qwen3-4b-keep4-s42,63
close_prob_pre_filter,0.3527709324078219,0.33136031675591554,-0.021410615651906384,-0.04801772945540436,0.004421268044058606,58,63,63,interval_covers_zero,4B,OBR 15% - cleaned (s123),treatment,qwen3-4b-cleanv2-s123,qwen3-4b-obr-p15-s123,test,all,qwen3-4b-keep4-s42,63
close_sampler_prob,0.3591749404471684,0.3369815646648879,-0.022193375782280533,-0.05557702055431596,0.009091347822259883,58,63,63,interval_covers_zero,4B,OBR 15% - cleaned (s123),treatment,qwen3-4b-cleanv2-s123,qwen3-4b-obr-p15-s123,test,all,qwen3-4b-keep4-s42,63
eos_after_forced_close_prob,0.9999989338857247,0.9999988515822565,-8.230346815185641e-08,-3.014269840395656e-07,1.9406071494199032e-07,58,63,63,interval_covers_zero,4B,OBR 15% - cleaned (s123),treatment,qwen3-4b-cleanv2-s123,qwen3-4b-obr-p15-s123,test,all,qwen3-4b-keep4-s42,63
next_event_close_rate,0.5104166666666666,0.4460227272727273,-0.06439393939393934,-0.10416666666666669,-0.027462121212121215,66,66,66,m1_lower,4B,OBR 15% - cleaned (s123),treatment,qwen3-4b-cleanv2-s123,qwen3-4b-obr-p15-s123,test,natural_stop,all,66
continue_rate,0.4895833333333333,0.5539772727272727,0.06439393939393939,0.027462121212121215,0.10416666666666663,66,66,66,m1_higher,4B,OBR 15% - cleaned (s123),treatment,qwen3-4b-cleanv2-s123,qwen3-4b-obr-p15-s123,test,natural_stop,all,66
eos_without_close_rate,0.0,0.0,0.0,0.0,0.0,66,66,66,interval_covers_zero,4B,OBR 15% - cleaned (s123),treatment,qwen3-4b-cleanv2-s123,qwen3-4b-obr-p15-s123,test,natural_stop,all,66
unresolved_rate,0.0,0.0,0.0,0.0,0.0,66,66,66,interval_covers_zero,4B,OBR 15% - cleaned (s123),treatment,qwen3-4b-cleanv2-s123,qwen3-4b-obr-p15-s123,test,natural_stop,all,66
margin_first_policy,0.059523809523809014,-0.22997835497835478,-0.2895021645021638,-0.43019480519480413,-0.15151515151515085,66,66,66,m1_lower,4B,OBR 15% - cleaned (s123),treatment,qwen3-4b-cleanv2-s123,qwen3-4b-obr-p15-s123,test,natural_stop,all,66
margin_first_raw,-1.4583333333333333,-1.6609848484848484,-0.20265151515151514,-0.30113636363636354,-0.10606060606060619,66,66,66,m1_lower,4B,OBR 15% - cleaned (s123),treatment,qwen3-4b-cleanv2-s123,qwen3-4b-obr-p15-s123,test,natural_stop,all,66
close_prob_pre_filter,0.5122356121070004,0.4637237532415178,-0.04851185886548259,-0.07559636766395669,-0.02120610898202663,66,66,66,m1_lower,4B,OBR 15% - cleaned (s123),treatment,qwen3-4b-cleanv2-s123,qwen3-4b-obr-p15-s123,test,natural_stop,all,66
close_sampler_prob,0.5100371169936423,0.45764844181822667,-0.05238867517541562,-0.0888839176434577,-0.015937140746006724,66,66,66,m1_lower,4B,OBR 15% - cleaned (s123),treatment,qwen3-4b-cleanv2-s123,qwen3-4b-obr-p15-s123,test,natural_stop,all,66
eos_after_forced_close_prob,0.9999992855038561,0.9999992001905332,-8.53133228506664e-08,-1.6598257981947917e-07,-3.7453581874791555e-09,66,66,66,m1_lower,4B,OBR 15% - cleaned (s123),treatment,qwen3-4b-cleanv2-s123,qwen3-4b-obr-p15-s123,test,natural_stop,all,66
next_event_close_rate,0.3522727272727273,0.2821969696969697,-0.07007575757575757,-0.12315340909090909,-0.017045454545454586,33,33,33,m1_lower,4B,OBR 15% - cleaned (s123),treatment,qwen3-4b-cleanv2-s123,qwen3-4b-obr-p15-s123,test,natural_stop,qwen3-4b-cleanv2-s42,33
continue_rate,0.6477272727272727,0.7178030303030303,0.07007575757575757,0.017045454545454586,0.12315340909090888,33,33,33,m1_higher,4B,OBR 15% - cleaned (s123),treatment,qwen3-4b-cleanv2-s123,qwen3-4b-obr-p15-s123,test,natural_stop,qwen3-4b-cleanv2-s42,33
eos_without_close_rate,0.0,0.0,0.0,0.0,0.0,33,33,33,interval_covers_zero,4B,OBR 15% - cleaned (s123),treatment,qwen3-4b-cleanv2-s123,qwen3-4b-obr-p15-s123,test,natural_stop,qwen3-4b-cleanv2-s42,33
unresolved_rate,0.0,0.0,0.0,0.0,0.0,33,33,33,interval_covers_zero,4B,OBR 15% - cleaned (s123),treatment,qwen3-4b-cleanv2-s123,qwen3-4b-obr-p15-s123,test,natural_stop,qwen3-4b-cleanv2-s42,33
margin_first_policy,-0.5519480519480522,-0.9145021645021646,-0.3625541125541124,-0.551948051948052,-0.17316017316017338,33,33,33,m1_lower,4B,OBR 15% - cleaned (s123),treatment,qwen3-4b-cleanv2-s123,qwen3-4b-obr-p15-s123,test,natural_stop,qwen3-4b-cleanv2-s42,33
margin_first_raw,-1.8863636363636365,-2.140151515151515,-0.2537878787878787,-0.38636363636363646,-0.1212121212121211,33,33,33,m1_lower,4B,OBR 15% - cleaned (s123),treatment,qwen3-4b-cleanv2-s123,qwen3-4b-obr-p15-s123,test,natural_stop,qwen3-4b-cleanv2-s42,33
close_prob_pre_filter,0.38376965129955365,0.3314400807641309,-0.052329570535422754,-0.08431482738545529,-0.020623213349874794,33,33,33,m1_lower,4B,OBR 15% - cleaned (s123),treatment,qwen3-4b-cleanv2-s123,qwen3-4b-obr-p15-s123,test,natural_stop,qwen3-4b-cleanv2-s42,33
close_sampler_prob,0.35565455800392154,0.29727284108544877,-0.05838171691847277,-0.10494458070940335,-0.010868532726905376,33,33,33,m1_lower,4B,OBR 15% - cleaned (s123),treatment,qwen3-4b-cleanv2-s123,qwen3-4b-obr-p15-s123,test,natural_stop,qwen3-4b-cleanv2-s42,33
eos_after_forced_close_prob,0.9999991792587813,0.9999991062266402,-7.303214111242795e-08,-2.1858614319691937e-07,6.17609998670996e-08,33,33,33,interval_covers_zero,4B,OBR 15% - cleaned (s123),treatment,qwen3-4b-cleanv2-s123,qwen3-4b-obr-p15-s123,test,natural_stop,qwen3-4b-cleanv2-s42,33
next_event_close_rate,0.6685606060606061,0.6098484848484849,-0.058712121212121215,-0.10606060606060608,-0.009469696969697013,33,33,33,m1_lower,4B,OBR 15% - cleaned (s123),treatment,qwen3-4b-cleanv2-s123,qwen3-4b-obr-p15-s123,test,natural_stop,qwen3-4b-keep4-s42,33
continue_rate,0.3314393939393939,0.39015151515151514,0.058712121212121215,0.009469696969696961,0.10606060606060608,33,33,33,m1_higher,4B,OBR 15% - cleaned (s123),treatment,qwen3-4b-cleanv2-s123,qwen3-4b-obr-p15-s123,test,natural_stop,qwen3-4b-keep4-s42,33
eos_without_close_rate,0.0,0.0,0.0,0.0,0.0,33,33,33,interval_covers_zero,4B,OBR 15% - cleaned (s123),treatment,qwen3-4b-cleanv2-s123,qwen3-4b-obr-p15-s123,test,natural_stop,qwen3-4b-keep4-s42,33
unresolved_rate,0.0,0.0,0.0,0.0,0.0,33,33,33,interval_covers_zero,4B,OBR 15% - cleaned (s123),treatment,qwen3-4b-cleanv2-s123,qwen3-4b-obr-p15-s123,test,natural_stop,qwen3-4b-keep4-s42,33
margin_first_policy,0.6709956709956703,0.454545454545455,-0.21645021645021528,-0.4058441558441549,-0.016233766233764713,33,33,33,m1_lower,4B,OBR 15% - cleaned (s123),treatment,qwen3-4b-cleanv2-s123,qwen3-4b-obr-p15-s123,test,natural_stop,qwen3-4b-keep4-s42,33
margin_first_raw,-1.0303030303030303,-1.1818181818181819,-0.1515151515151516,-0.28409090909090917,-0.011363636363636354,33,33,33,m1_lower,4B,OBR 15% - cleaned (s123),treatment,qwen3-4b-cleanv2-s123,qwen3-4b-obr-p15-s123,test,natural_stop,qwen3-4b-keep4-s42,33
close_prob_pre_filter,0.6407015729144473,0.5960074257189046,-0.044694147195542655,-0.08548055566892329,0.000685730028330263,33,33,33,interval_covers_zero,4B,OBR 15% - cleaned (s123),treatment,qwen3-4b-cleanv2-s123,qwen3-4b-obr-p15-s123,test,natural_stop,qwen3-4b-keep4-s42,33
close_sampler_prob,0.6644196759833629,0.6180240425510046,-0.04639563343235831,-0.09727875355749865,0.006540989465194619,33,33,33,interval_covers_zero,4B,OBR 15% - cleaned (s123),treatment,qwen3-4b-cleanv2-s123,qwen3-4b-obr-p15-s123,test,natural_stop,qwen3-4b-keep4-s42,33
eos_after_forced_close_prob,0.999999391748931,0.9999992941544262,-9.759450481094945e-08,-1.876652365756515e-07,-1.6528914015268035e-08,33,33,33,m1_lower,4B,OBR 15% - cleaned (s123),treatment,qwen3-4b-cleanv2-s123,qwen3-4b-obr-p15-s123,test,natural_stop,qwen3-4b-keep4-s42,33
next_event_close_rate,0.0,0.00946969696969697,0.00946969696969697,0.0,0.028409090909090908,33,33,33,interval_covers_zero,4B,OBR 15% - cleaned (s123),treatment,qwen3-4b-cleanv2-s123,qwen3-4b-obr-p15-s123,test,early_remaining,all,33
continue_rate,1.0,0.990530303030303,-0.009469696969697017,-0.02840909090909094,0.0,33,33,33,interval_covers_zero,4B,OBR 15% - cleaned (s123),treatment,qwen3-4b-cleanv2-s123,qwen3-4b-obr-p15-s123,test,early_remaining,all,33
eos_without_close_rate,0.0,0.0,0.0,0.0,0.0,33,33,33,interval_covers_zero,4B,OBR 15% - cleaned (s123),treatment,qwen3-4b-cleanv2-s123,qwen3-4b-obr-p15-s123,test,early_remaining,all,33
unresolved_rate,0.0,0.0,0.0,0.0,0.0,33,33,33,interval_covers_zero,4B,OBR 15% - cleaned (s123),treatment,qwen3-4b-cleanv2-s123,qwen3-4b-obr-p15-s123,test,early_remaining,all,33
margin_first_policy,-10.265151515151517,-9.837662337662339,0.4274891774891785,-0.1137716450216482,1.0066287878787863,33,33,33,interval_covers_zero,4B,OBR 15% - cleaned (s123),treatment,qwen3-4b-cleanv2-s123,qwen3-4b-obr-p15-s123,test,early_remaining,all,33
margin_first_raw,-8.68560606060606,-8.386363636363637,0.29924242424242387,-0.079640151515152,0.7046401515151506,33,33,33,interval_covers_zero,4B,OBR 15% - cleaned (s123),treatment,qwen3-4b-cleanv2-s123,qwen3-4b-obr-p15-s123,test,early_remaining,all,33
close_prob_pre_filter,0.0023346174599338434,0.010127429166719609,0.0077928117067857655,-0.0010487289122108436,0.024500362445282732,33,33,33,interval_covers_zero,4B,OBR 15% - cleaned (s123),treatment,qwen3-4b-cleanv2-s123,qwen3-4b-obr-p15-s123,test,early_remaining,all,33
close_sampler_prob,0.0,0.00880365350107122,0.00880365350107122,0.0,0.026410960503213662,33,33,33,interval_covers_zero,4B,OBR 15% - cleaned (s123),treatment,qwen3-4b-cleanv2-s123,qwen3-4b-obr-p15-s123,test,early_remaining,all,33
eos_after_forced_close_prob,0.999998200091212,0.999998206777616,6.686403986044809e-09,-4.0377541997704825e-07,5.167971136338365e-07,33,33,33,interval_covers_zero,4B,OBR 15% - cleaned (s123),treatment,qwen3-4b-cleanv2-s123,qwen3-4b-obr-p15-s123,test,early_remaining,all,33
next_event_close_rate,0.0,0.0,0.0,0.0,0.0,16,16,16,interval_covers_zero,4B,OBR 15% - cleaned (s123),treatment,qwen3-4b-cleanv2-s123,qwen3-4b-obr-p15-s123,test,early_remaining,qwen3-4b-cleanv2-s42,16
continue_rate,1.0,1.0,0.0,0.0,0.0,16,16,16,interval_covers_zero,4B,OBR 15% - cleaned (s123),treatment,qwen3-4b-cleanv2-s123,qwen3-4b-obr-p15-s123,test,early_remaining,qwen3-4b-cleanv2-s42,16
eos_without_close_rate,0.0,0.0,0.0,0.0,0.0,16,16,16,interval_covers_zero,4B,OBR 15% - cleaned (s123),treatment,qwen3-4b-cleanv2-s123,qwen3-4b-obr-p15-s123,test,early_remaining,qwen3-4b-cleanv2-s42,16
unresolved_rate,0.0,0.0,0.0,0.0,0.0,16,16,16,interval_covers_zero,4B,OBR 15% - cleaned (s123),treatment,qwen3-4b-cleanv2-s123,qwen3-4b-obr-p15-s123,test,early_remaining,qwen3-4b-cleanv2-s42,16
margin_first_policy,-10.033482142857142,-9.899553571428573,0.1339285714285694,-0.4464285714285677,0.6584821428571423,16,16,16,interval_covers_zero,4B,OBR 15% - cleaned (s123),treatment,qwen3-4b-cleanv2-s123,qwen3-4b-obr-p15-s123,test,early_remaining,qwen3-4b-cleanv2-s42,16
margin_first_raw,-8.5234375,-8.4296875,0.09375,-0.3125,0.4609375,16,16,16,interval_covers_zero,4B,OBR 15% - cleaned (s123),treatment,qwen3-4b-cleanv2-s123,qwen3-4b-obr-p15-s123,test,early_remaining,qwen3-4b-cleanv2-s42,16
close_prob_pre_filter,0.0028932940082607808,0.0016631461905527534,-0.0012301478177080274,-0.002809904905219231,-4.4556492769600344e-05,16,16,16,m1_lower,4B,OBR 15% - cleaned (s123),treatment,qwen3-4b-cleanv2-s123,qwen3-4b-obr-p15-s123,test,early_remaining,qwen3-4b-cleanv2-s42,16
close_sampler_prob,0.0,0.0,0.0,0.0,0.0,16,16,16,interval_covers_zero,4B,OBR 15% - cleaned (s123),treatment,qwen3-4b-cleanv2-s123,qwen3-4b-obr-p15-s123,test,early_remaining,qwen3-4b-cleanv2-s42,16
eos_after_forced_close_prob,0.9999984719559806,0.9999982111017243,-2.608542563065086e-07,-6.303229999310434e-07,7.531286709827609e-08,16,16,16,interval_covers_zero,4B,OBR 15% - cleaned (s123),treatment,qwen3-4b-cleanv2-s123,qwen3-4b-obr-p15-s123,test,early_remaining,qwen3-4b-cleanv2-s42,16
next_event_close_rate,0.0,0.01838235294117647,0.01838235294117647,0.0,0.05514705882352941,17,17,17,interval_covers_zero,4B,OBR 15% - cleaned (s123),treatment,qwen3-4b-cleanv2-s123,qwen3-4b-obr-p15-s123,test,early_remaining,qwen3-4b-keep4-s42,17
continue_rate,1.0,0.9816176470588235,-0.018382352941176516,-0.05514705882352944,0.0,17,17,17,interval_covers_zero,4B,OBR 15% - cleaned (s123),treatment,qwen3-4b-cleanv2-s123,qwen3-4b-obr-p15-s123,test,early_remaining,qwen3-4b-keep4-s42,17
eos_without_close_rate,0.0,0.0,0.0,0.0,0.0,17,17,17,interval_covers_zero,4B,OBR 15% - cleaned (s123),treatment,qwen3-4b-cleanv2-s123,qwen3-4b-obr-p15-s123,test,early_remaining,qwen3-4b-keep4-s42,17
unresolved_rate,0.0,0.0,0.0,0.0,0.0,17,17,17,interval_covers_zero,4B,OBR 15% - cleaned (s123),treatment,qwen3-4b-cleanv2-s123,qwen3-4b-obr-p15-s123,test,early_remaining,qwen3-4b-keep4-s42,17
margin_first_policy,-10.483193277310924,-9.779411764705882,0.7037815126050422,-0.18907563025210194,1.6491596638655448,17,17,17,interval_covers_zero,4B,OBR 15% - cleaned (s123),treatment,qwen3-4b-cleanv2-s123,qwen3-4b-obr-p15-s123,test,early_remaining,qwen3-4b-keep4-s42,17
margin_first_raw,-8.838235294117647,-8.345588235294118,0.492647058823529,-0.132352941176471,1.1544117647058822,17,17,17,interval_covers_zero,4B,OBR 15% - cleaned (s123),treatment,qwen3-4b-cleanv2-s123,qwen3-4b-obr-p15-s123,test,early_remaining,qwen3-4b-keep4-s42,17
close_prob_pre_filter,0.001808804237979079,0.01809381314428841,0.016285008906309333,-9.803476246057533e-05,0.048319528909803205,17,17,17,interval_covers_zero,4B,OBR 15% - cleaned (s123),treatment,qwen3-4b-cleanv2-s123,qwen3-4b-obr-p15-s123,test,early_remaining,qwen3-4b-keep4-s42,17
close_sampler_prob,0.0,0.017089445031491193,0.017089445031491193,0.0,0.05126833509447358,17,17,17,interval_covers_zero,4B,OBR 15% - cleaned (s123),treatment,qwen3-4b-cleanv2-s123,qwen3-4b-obr-p15-s123,test,early_remaining,qwen3-4b-keep4-s42,17
eos_after_forced_close_prob,0.9999979442184883,0.999998202707867,2.5848937867944954e-07,-4.632095112366841e-07,1.1799084546765253e-06,17,17,17,interval_covers_zero,4B,OBR 15% - cleaned (s123),treatment,qwen3-4b-cleanv2-s123,qwen3-4b-obr-p15-s123,test,early_remaining,qwen3-4b-keep4-s42,17
next_event_close_rate,0.024553571428571428,0.026785714285714284,0.002232142857142856,-0.02455357142857143,0.02901785714285714,28,28,28,interval_covers_zero,4B,OBR 15% - cleaned (s123),treatment,qwen3-4b-cleanv2-s123,qwen3-4b-obr-p15-s123,test,pre_first_reuse,all,28
continue_rate,0.9754464285714286,0.9732142857142857,-0.0022321428571429047,-0.029017857142857095,0.024553571428571397,28,28,28,interval_covers_zero,4B,OBR 15% - cleaned (s123),treatment,qwen3-4b-cleanv2-s123,qwen3-4b-obr-p15-s123,test,pre_first_reuse,all,28
eos_without_close_rate,0.0,0.0,0.0,0.0,0.0,28,28,28,interval_covers_zero,4B,OBR 15% - cleaned (s123),treatment,qwen3-4b-cleanv2-s123,qwen3-4b-obr-p15-s123,test,pre_first_reuse,all,28
unresolved_rate,0.0,0.0,0.0,0.0,0.0,28,28,28,interval_covers_zero,4B,OBR 15% - cleaned (s123),treatment,qwen3-4b-cleanv2-s123,qwen3-4b-obr-p15-s123,test,pre_first_reuse,all,28
margin_first_policy,-6.052295918367348,-5.7270408163265305,0.32525510204081787,-0.2040816326530619,0.9566326530612219,28,28,28,interval_covers_zero,4B,OBR 15% - cleaned (s123),treatment,qwen3-4b-cleanv2-s123,qwen3-4b-obr-p15-s123,test,pre_first_reuse,all,28
margin_first_raw,-5.736607142857143,-5.508928571428571,0.22767857142857206,-0.14285714285714324,0.6696428571428568,28,28,28,interval_covers_zero,4B,OBR 15% - cleaned (s123),treatment,qwen3-4b-cleanv2-s123,qwen3-4b-obr-p15-s123,test,pre_first_reuse,all,28
close_prob_pre_filter,0.05209166565042639,0.05180109849968384,-0.0002905671507425489,-0.017610491209885233,0.01666104073158822,28,28,28,interval_covers_zero,4B,OBR 15% - cleaned (s123),treatment,qwen3-4b-cleanv2-s123,qwen3-4b-obr-p15-s123,test,pre_first_reuse,all,28
close_sampler_prob,0.025077569311451126,0.027400883678383583,0.0023233143669324566,-0.02638173098649645,0.02860620162357417,28,28,28,interval_covers_zero,4B,OBR 15% - cleaned (s123),treatment,qwen3-4b-cleanv2-s123,qwen3-4b-obr-p15-s123,test,pre_first_reuse,all,28
eos_after_forced_close_prob,0.9999990602552368,0.9999988026985029,-2.5755673382921174e-07,-4.5101397477265157e-07,-9.387206091060485e-08,28,28,28,m1_lower,4B,OBR 15% - cleaned (s123),treatment,qwen3-4b-cleanv2-s123,qwen3-4b-obr-p15-s123,test,pre_first_reuse,all,28
next_event_close_rate,0.0,0.016666666666666666,0.016666666666666666,0.0,0.05,15,15,15,interval_covers_zero,4B,OBR 15% - cleaned (s123),treatment,qwen3-4b-cleanv2-s123,qwen3-4b-obr-p15-s123,test,pre_first_reuse,qwen3-4b-cleanv2-s42,15
continue_rate,1.0,0.9833333333333333,-0.01666666666666672,-0.050000000000000044,0.0,15,15,15,interval_covers_zero,4B,OBR 15% - cleaned (s123),treatment,qwen3-4b-cleanv2-s123,qwen3-4b-obr-p15-s123,test,pre_first_reuse,qwen3-4b-cleanv2-s42,15
eos_without_close_rate,0.0,0.0,0.0,0.0,0.0,15,15,15,interval_covers_zero,4B,OBR 15% - cleaned (s123),treatment,qwen3-4b-cleanv2-s123,qwen3-4b-obr-p15-s123,test,pre_first_reuse,qwen3-4b-cleanv2-s42,15
unresolved_rate,0.0,0.0,0.0,0.0,0.0,15,15,15,interval_covers_zero,4B,OBR 15% - cleaned (s123),treatment,qwen3-4b-cleanv2-s123,qwen3-4b-obr-p15-s123,test,pre_first_reuse,qwen3-4b-cleanv2-s42,15
margin_first_policy,-6.630952380952381,-6.166666666666667,0.4642857142857144,-0.5,1.524107142857141,15,15,15,interval_covers_zero,4B,OBR 15% - cleaned (s123),treatment,qwen3-4b-cleanv2-s123,qwen3-4b-obr-p15-s123,test,pre_first_reuse,qwen3-4b-cleanv2-s42,15
margin_first_raw,-6.141666666666667,-5.816666666666666,0.3250000000000002,-0.34999999999999964,1.0668749999999987,15,15,15,interval_covers_zero,4B,OBR 15% - cleaned (s123),treatment,qwen3-4b-cleanv2-s123,qwen3-4b-obr-p15-s123,test,pre_first_reuse,qwen3-4b-cleanv2-s42,15
close_prob_pre_filter,0.027193298316104064,0.03670471163634833,0.009511413320244265,-0.004640194757501546,0.024512903339636592,15,15,15,interval_covers_zero,4B,OBR 15% - cleaned (s123),treatment,qwen3-4b-cleanv2-s123,qwen3-4b-obr-p15-s123,test,pre_first_reuse,qwen3-4b-cleanv2-s42,15
close_sampler_prob,0.0,0.014846675921687256,0.014846675921687256,0.0,0.04454002776506177,15,15,15,interval_covers_zero,4B,OBR 15% - cleaned (s123),treatment,qwen3-4b-cleanv2-s123,qwen3-4b-obr-p15-s123,test,pre_first_reuse,qwen3-4b-cleanv2-s42,15
eos_after_forced_close_prob,0.9999990554516667,0.9999989986003816,-5.685128512400439e-08,-1.8126457537737117e-07,7.680260158682273e-08,15,15,15,interval_covers_zero,4B,OBR 15% - cleaned (s123),treatment,qwen3-4b-cleanv2-s123,qwen3-4b-obr-p15-s123,test,pre_first_reuse,qwen3-4b-cleanv2-s42,15
next_event_close_rate,0.052884615384615384,0.038461538461538464,-0.01442307692307692,-0.057692307692307696,0.014423076923076927,13,13,13,interval_covers_zero,4B,OBR 15% - cleaned (s123),treatment,qwen3-4b-cleanv2-s123,qwen3-4b-obr-p15-s123,test,pre_first_reuse,qwen3-4b-keep4-s42,13
continue_rate,0.9471153846153846,0.9615384615384616,0.014423076923076983,-0.014423076923076983,0.05769230769230771,13,13,13,interval_covers_zero,4B,OBR 15% - cleaned (s123),treatment,qwen3-4b-cleanv2-s123,qwen3-4b-obr-p15-s123,test,pre_first_reuse,qwen3-4b-keep4-s42,13
eos_without_close_rate,0.0,0.0,0.0,0.0,0.0,13,13,13,interval_covers_zero,4B,OBR 15% - cleaned (s123),treatment,qwen3-4b-cleanv2-s123,qwen3-4b-obr-p15-s123,test,pre_first_reuse,qwen3-4b-keep4-s42,13
unresolved_rate,0.0,0.0,0.0,0.0,0.0,13,13,13,interval_covers_zero,4B,OBR 15% - cleaned (s123),treatment,qwen3-4b-cleanv2-s123,qwen3-4b-obr-p15-s123,test,pre_first_reuse,qwen3-4b-keep4-s42,13
margin_first_policy,-5.384615384615387,-5.219780219780221,0.16483516483516603,-0.41208791208791196,0.8104395604395602,13,13,13,interval_covers_zero,4B,OBR 15% - cleaned (s123),treatment,qwen3-4b-cleanv2-s123,qwen3-4b-obr-p15-s123,test,pre_first_reuse,qwen3-4b-keep4-s42,13
margin_first_raw,-5.269230769230769,-5.153846153846154,0.11538461538461497,-0.2884615384615383,0.5673076923076925,13,13,13,interval_covers_zero,4B,OBR 15% - cleaned (s123),treatment,qwen3-4b-cleanv2-s123,qwen3-4b-obr-p15-s123,test,pre_first_reuse,qwen3-4b-keep4-s42,13
close_prob_pre_filter,0.08082055103618292,0.06922000641891714,-0.011600544617265784,-0.045054496205743116,0.021587742383537743,13,13,13,interval_covers_zero,4B,OBR 15% - cleaned (s123),treatment,qwen3-4b-cleanv2-s123,qwen3-4b-obr-p15-s123,test,pre_first_reuse,qwen3-4b-keep4-s42,13
close_sampler_prob,0.05401322620927935,0.04188650801303319,-0.01212671819624616,-0.0670432074312347,0.030663052842496222,13,13,13,interval_covers_zero,4B,OBR 15% - cleaned (s123),treatment,qwen3-4b-cleanv2-s123,qwen3-4b-obr-p15-s123,test,pre_first_reuse,qwen3-4b-keep4-s42,13
eos_after_forced_close_prob,0.9999990657978175,0.9999985766578737,-4.891399437711996e-07,-8.16074870510497e-07,-2.0982958919002484e-07,13,13,13,m1_lower,4B,OBR 15% - cleaned (s123),treatment,qwen3-4b-cleanv2-s123,qwen3-4b-obr-p15-s123,test,pre_first_reuse,qwen3-4b-keep4-s42,13
next_event_close_rate,0.28972868217054265,0.25726744186046513,-0.03246124031007752,-0.06393213636092558,-0.0032816416040100517,117,129,129,m1_lower,4B,OBR 15% - cleaned (s123),treatment,qwen3-4b-cleanv2-s123,qwen3-4b-obr-p15-s123,dev,all,all,129
continue_rate,0.7102713178294574,0.7427325581395349,0.032461240310077466,0.0032816416040100083,0.06393213636092558,117,129,129,m1_higher,4B,OBR 15% - cleaned (s123),treatment,qwen3-4b-cleanv2-s123,qwen3-4b-obr-p15-s123,dev,all,all,129
eos_without_close_rate,0.0,0.0,0.0,0.0,0.0,117,129,129,interval_covers_zero,4B,OBR 15% - cleaned (s123),treatment,qwen3-4b-cleanv2-s123,qwen3-4b-obr-p15-s123,dev,all,all,129
unresolved_rate,0.0,0.0,0.0,0.0,0.0,117,129,129,interval_covers_zero,4B,OBR 15% - cleaned (s123),treatment,qwen3-4b-cleanv2-s123,qwen3-4b-obr-p15-s123,dev,all,all,129
margin_first_policy,-4.206810631229235,-4.4019933554817285,-0.1951827242524935,-0.39145022497187854,0.00846591892359581,117,129,129,interval_covers_zero,4B,OBR 15% - cleaned (s123),treatment,qwen3-4b-cleanv2-s123,qwen3-4b-obr-p15-s123,dev,all,all,129
margin_first_raw,-4.444767441860465,-4.5813953488372094,-0.1366279069767442,-0.27401515748031496,0.005926143246517566,117,129,129,interval_covers_zero,4B,OBR 15% - cleaned (s123),treatment,qwen3-4b-cleanv2-s123,qwen3-4b-obr-p15-s123,dev,all,all,129
close_prob_pre_filter,0.28867190497815187,0.25970476837761347,-0.0289671366005384,-0.048893269007425064,-0.007971817916322713,117,129,129,m1_lower,4B,OBR 15% - cleaned (s123),treatment,qwen3-4b-cleanv2-s123,qwen3-4b-obr-p15-s123,dev,all,all,129
close_sampler_prob,0.2890767194395577,0.2564442267695778,-0.03263249266997992,-0.05970771880782854,-0.007315187097383593,117,129,129,m1_lower,4B,OBR 15% - cleaned (s123),treatment,qwen3-4b-cleanv2-s123,qwen3-4b-obr-p15-s123,dev,all,all,129
eos_after_forced_close_prob,0.9999988624942109,0.9999987025704533,-1.5992375757001298e-07,-3.847904080533926e-07,4.0684614519004165e-08,117,129,129,interval_covers_zero,4B,OBR 15% - cleaned (s123),treatment,qwen3-4b-cleanv2-s123,qwen3-4b-obr-p15-s123,dev,all,all,129
next_event_close_rate,0.220703125,0.18359375,-0.037109375,-0.0791015625,0.0048095703125,63,64,64,interval_covers_zero,4B,OBR 15% - cleaned (s123),treatment,qwen3-4b-cleanv2-s123,qwen3-4b-obr-p15-s123,dev,all,qwen3-4b-cleanv2-s42,64
continue_rate,0.779296875,0.81640625,0.037109375,-0.004809570312500092,0.0791015625,63,64,64,interval_covers_zero,4B,OBR 15% - cleaned (s123),treatment,qwen3-4b-cleanv2-s123,qwen3-4b-obr-p15-s123,dev,all,qwen3-4b-cleanv2-s42,64
eos_without_close_rate,0.0,0.0,0.0,0.0,0.0,63,64,64,interval_covers_zero,4B,OBR 15% - cleaned (s123),treatment,qwen3-4b-cleanv2-s123,qwen3-4b-obr-p15-s123,dev,all,qwen3-4b-cleanv2-s42,64
unresolved_rate,0.0,0.0,0.0,0.0,0.0,63,64,64,interval_covers_zero,4B,OBR 15% - cleaned (s123),treatment,qwen3-4b-cleanv2-s123,qwen3-4b-obr-p15-s123,dev,all,qwen3-4b-cleanv2-s42,64
margin_first_policy,-4.294084821428573,-4.787946428571429,-0.4938616071428559,-0.7927790959040947,-0.19524828160430788,63,64,64,m1_lower,4B,OBR 15% - cleaned (s123),treatment,qwen3-4b-cleanv2-s123,qwen3-4b-obr-p15-s123,dev,all,qwen3-4b-cleanv2-s42,64
margin_first_raw,-4.505859375,-4.8515625,-0.345703125,-0.5549453671328678,-0.1366737971230161,63,64,64,m1_lower,4B,OBR 15% - cleaned (s123),treatment,qwen3-4b-cleanv2-s123,qwen3-4b-obr-p15-s123,dev,all,qwen3-4b-cleanv2-s42,64
close_prob_pre_filter,0.23351491670819646,0.2000586251455364,-0.03345629156266006,-0.06386860484516879,-0.0005747446140485821,63,64,64,m1_lower,4B,OBR 15% - cleaned (s123),treatment,qwen3-4b-cleanv2-s123,qwen3-4b-obr-p15-s123,dev,all,qwen3-4b-cleanv2-s42,64
close_sampler_prob,0.22211881539199624,0.1851353043088741,-0.036983511083122145,-0.07374804353522334,-0.00010895780040324158,63,64,64,m1_lower,4B,OBR 15% - cleaned (s123),treatment,qwen3-4b-cleanv2-s123,qwen3-4b-obr-p15-s123,dev,all,qwen3-4b-cleanv2-s42,64
eos_after_forced_close_prob,0.9999987611218238,0.9999988425425405,8.142071661332295e-08,-1.2024866646864751e-07,3.4163982162438427e-07,63,64,64,interval_covers_zero,4B,OBR 15% - cleaned (s123),treatment,qwen3-4b-cleanv2-s123,qwen3-4b-obr-p15-s123,dev,all,qwen3-4b-cleanv2-s42,64
next_event_close_rate,0.3576923076923077,0.3298076923076923,-0.027884615384615397,-0.07089552238805968,0.0173076923076923,61,65,65,interval_covers_zero,4B,OBR 15% - cleaned (s123),treatment,qwen3-4b-cleanv2-s123,qwen3-4b-obr-p15-s123,dev,all,qwen3-4b-keep4-s42,65
continue_rate,0.6423076923076924,0.6701923076923076,0.027884615384615286,-0.01730769230769225,0.07089552238805974,61,65,65,interval_covers_zero,4B,OBR 15% - cleaned (s123),treatment,qwen3-4b-cleanv2-s123,qwen3-4b-obr-p15-s123,dev,all,qwen3-4b-keep4-s42,65
eos_without_close_rate,0.0,0.0,0.0,0.0,0.0,61,65,65,interval_covers_zero,4B,OBR 15% - cleaned (s123),treatment,qwen3-4b-cleanv2-s123,qwen3-4b-obr-p15-s123,dev,all,qwen3-4b-keep4-s42,65
unresolved_rate,0.0,0.0,0.0,0.0,0.0,61,65,65,interval_covers_zero,4B,OBR 15% - cleaned (s123),treatment,qwen3-4b-cleanv2-s123,qwen3-4b-obr-p15-s123,dev,all,qwen3-4b-keep4-s42,65
margin_first_policy,-4.120879120879121,-4.021978021978022,0.09890109890109944,-0.18136385728686596,0.40779203472433806,61,65,65,interval_covers_zero,4B,OBR 15% - cleaned (s123),treatment,qwen3-4b-cleanv2-s123,qwen3-4b-obr-p15-s123,dev,all,qwen3-4b-keep4-s42,65
margin_first_raw,-4.384615384615385,-4.315384615384615,0.06923076923076987,-0.12695470010080645,0.28545442430703555,61,65,65,interval_covers_zero,4B,OBR 15% - cleaned (s123),treatment,qwen3-4b-cleanv2-s123,qwen3-4b-obr-p15-s123,dev,all,qwen3-4b-keep4-s42,65
close_prob_pre_filter,0.3429803241978003,0.31843327863688947,-0.024547045560910807,-0.05248702062317757,0.005163565165798756,61,65,65,interval_covers_zero,4B,OBR 15% - cleaned (s123),treatment,qwen3-4b-cleanv2-s123,qwen3-4b-obr-p15-s123,dev,all,qwen3-4b-keep4-s42,65
close_sampler_prob,0.3550045018863874,0.3266560888847322,-0.028348413001655193,-0.06379595856882508,0.0098012283626244,61,65,65,interval_covers_zero,4B,OBR 15% - cleaned (s123),treatment,qwen3-4b-cleanv2-s123,qwen3-4b-obr-p15-s123,dev,all,qwen3-4b-keep4-s42,65
eos_after_forced_close_prob,0.999998962307023,0.9999985647517827,-3.975552402835092e-07,-7.803411946810668e-07,-1.1382337155863019e-07,61,65,65,m1_lower,4B,OBR 15% - cleaned (s123),treatment,qwen3-4b-cleanv2-s123,qwen3-4b-obr-p15-s123,dev,all,qwen3-4b-keep4-s42,65
next_event_close_rate,0.5685483870967742,0.5120967741935484,-0.05645161290322587,-0.10962197580645167,-0.0010237769971376447,60,62,62,m1_lower,4B,OBR 15% - cleaned (s123),treatment,qwen3-4b-cleanv2-s123,qwen3-4b-obr-p15-s123,dev,natural_stop,all,62
continue_rate,0.4314516129032258,0.4879032258064516,0.05645161290322581,0.0010237769971376404,0.10962197580645158,60,62,62,m1_higher,4B,OBR 15% - cleaned (s123),treatment,qwen3-4b-cleanv2-s123,qwen3-4b-obr-p15-s123,dev,natural_stop,all,62
eos_without_close_rate,0.0,0.0,0.0,0.0,0.0,60,62,62,interval_covers_zero,4B,OBR 15% - cleaned (s123),treatment,qwen3-4b-cleanv2-s123,qwen3-4b-obr-p15-s123,dev,natural_stop,all,62
unresolved_rate,0.0,0.0,0.0,0.0,0.0,60,62,62,interval_covers_zero,4B,OBR 15% - cleaned (s123),treatment,qwen3-4b-cleanv2-s123,qwen3-4b-obr-p15-s123,dev,natural_stop,all,62
margin_first_policy,0.2908986175115211,-0.034562211981566525,-0.3254608294930876,-0.5190317180299534,-0.13392857142857117,60,62,62,m1_lower,4B,OBR 15% - cleaned (s123),treatment,qwen3-4b-cleanv2-s123,qwen3-4b-obr-p15-s123,dev,natural_stop,all,62
margin_first_raw,-1.2963709677419355,-1.5241935483870968,-0.22782258064516125,-0.36332220262096776,-0.09375,60,62,62,m1_lower,4B,OBR 15% - cleaned (s123),treatment,qwen3-4b-cleanv2-s123,qwen3-4b-obr-p15-s123,dev,natural_stop,all,62
close_prob_pre_filter,0.5550638634141152,0.5034694103092628,-0.051594453104852334,-0.0900009607243664,-0.012309237675555753,60,62,62,m1_lower,4B,OBR 15% - cleaned (s123),treatment,qwen3-4b-cleanv2-s123,qwen3-4b-obr-p15-s123,dev,natural_stop,all,62
close_sampler_prob,0.5671203336610917,0.509210358784079,-0.05790997487701266,-0.10375136652700222,-0.008607721519124246,60,62,62,m1_lower,4B,OBR 15% - cleaned (s123),treatment,qwen3-4b-cleanv2-s123,qwen3-4b-obr-p15-s123,dev,natural_stop,all,62
eos_after_forced_close_prob,0.9999993675818214,0.9999992583777453,-1.0920407611525462e-07,-2.3251145454539212e-07,-5.533042390926223e-09,60,62,62,m1_lower,4B,OBR 15% - cleaned (s123),treatment,qwen3-4b-cleanv2-s123,qwen3-4b-obr-p15-s123,dev,natural_stop,all,62
next_event_close_rate,0.42943548387096775,0.375,-0.05443548387096775,-0.12701612903225806,0.024193548387096753,31,31,31,interval_covers_zero,4B,OBR 15% - cleaned (s123),treatment,qwen3-4b-cleanv2-s123,qwen3-4b-obr-p15-s123,dev,natural_stop,qwen3-4b-cleanv2-s42,31
continue_rate,0.5705645161290323,0.625,0.05443548387096775,-0.024193548387096808,0.12701612903225812,31,31,31,interval_covers_zero,4B,OBR 15% - cleaned (s123),treatment,qwen3-4b-cleanv2-s123,qwen3-4b-obr-p15-s123,dev,natural_stop,qwen3-4b-cleanv2-s42,31
eos_without_close_rate,0.0,0.0,0.0,0.0,0.0,31,31,31,interval_covers_zero,4B,OBR 15% - cleaned (s123),treatment,qwen3-4b-cleanv2-s123,qwen3-4b-obr-p15-s123,dev,natural_stop,qwen3-4b-cleanv2-s42,31
unresolved_rate,0.0,0.0,0.0,0.0,0.0,31,31,31,interval_covers_zero,4B,OBR 15% - cleaned (s123),treatment,qwen3-4b-cleanv2-s123,qwen3-4b-obr-p15-s123,dev,natural_stop,qwen3-4b-cleanv2-s42,31
margin_first_policy,-0.2361751152073732,-0.6105990783410135,-0.37442396313364024,-0.6625864055299538,-0.06898041474654314,31,31,31,m1_lower,4B,OBR 15% - cleaned (s123),treatment,qwen3-4b-cleanv2-s123,qwen3-4b-obr-p15-s123,dev,natural_stop,qwen3-4b-cleanv2-s42,31
margin_first_raw,-1.6653225806451613,-1.9274193548387097,-0.2620967741935485,-0.46381048387096785,-0.04828629032258115,31,31,31,m1_lower,4B,OBR 15% - cleaned (s123),treatment,qwen3-4b-cleanv2-s123,qwen3-4b-obr-p15-s123,dev,natural_stop,qwen3-4b-cleanv2-s42,31
close_prob_pre_filter,0.44510488891253536,0.3913262671718322,-0.053778621740703136,-0.10812474935716745,0.007778339303768307,31,31,31,interval_covers_zero,4B,OBR 15% - cleaned (s123),treatment,qwen3-4b-cleanv2-s123,qwen3-4b-obr-p15-s123,dev,natural_stop,qwen3-4b-cleanv2-s42,31
close_sampler_prob,0.4303645022162523,0.37398477327214913,-0.05637972894410315,-0.12109620795816659,0.01253843180781796,31,31,31,interval_covers_zero,4B,OBR 15% - cleaned (s123),treatment,qwen3-4b-cleanv2-s123,qwen3-4b-obr-p15-s123,dev,natural_stop,qwen3-4b-cleanv2-s42,31
eos_after_forced_close_prob,0.9999993240900005,0.9999993046048378,-1.9485162705557002e-08,-1.0874941709648756e-07,7.150300038449851e-08,31,31,31,interval_covers_zero,4B,OBR 15% - cleaned (s123),treatment,qwen3-4b-cleanv2-s123,qwen3-4b-obr-p15-s123,dev,natural_stop,qwen3-4b-cleanv2-s42,31
next_event_close_rate,0.7076612903225806,0.6491935483870968,-0.058467741935483875,-0.13709677419354838,0.022177419354838745,31,31,31,interval_covers_zero,4B,OBR 15% - cleaned (s123),treatment,qwen3-4b-cleanv2-s123,qwen3-4b-obr-p15-s123,dev,natural_stop,qwen3-4b-keep4-s42,31
continue_rate,0.2923387096774194,0.35080645161290325,0.058467741935483875,-0.02217741935483869,0.1370967741935484,31,31,31,interval_covers_zero,4B,OBR 15% - cleaned (s123),treatment,qwen3-4b-cleanv2-s123,qwen3-4b-obr-p15-s123,dev,natural_stop,qwen3-4b-keep4-s42,31
eos_without_close_rate,0.0,0.0,0.0,0.0,0.0,31,31,31,interval_covers_zero,4B,OBR 15% - cleaned (s123),treatment,qwen3-4b-cleanv2-s123,qwen3-4b-obr-p15-s123,dev,natural_stop,qwen3-4b-keep4-s42,31
unresolved_rate,0.0,0.0,0.0,0.0,0.0,31,31,31,interval_covers_zero,4B,OBR 15% - cleaned (s123),treatment,qwen3-4b-cleanv2-s123,qwen3-4b-obr-p15-s123,dev,natural_stop,qwen3-4b-keep4-s42,31
margin_first_policy,0.8179723502304154,0.5414746543778803,-0.27649769585253503,-0.5184331797235029,-0.017281105990783783,31,31,31,m1_lower,4B,OBR 15% - cleaned (s123),treatment,qwen3-4b-cleanv2-s123,qwen3-4b-obr-p15-s123,dev,natural_stop,qwen3-4b-keep4-s42,31
margin_first_raw,-0.9274193548387096,-1.1209677419354838,-0.19354838709677413,-0.36290322580645173,-0.012096774193548265,31,31,31,m1_lower,4B,OBR 15% - cleaned (s123),treatment,qwen3-4b-cleanv2-s123,qwen3-4b-obr-p15-s123,dev,natural_stop,qwen3-4b-keep4-s42,31
close_prob_pre_filter,0.6650228379156954,0.6156125534466937,-0.04941028446900164,-0.10467511516070972,0.008163744563071127,31,31,31,interval_covers_zero,4B,OBR 15% - cleaned (s123),treatment,qwen3-4b-cleanv2-s123,qwen3-4b-obr-p15-s123,dev,natural_stop,qwen3-4b-keep4-s42,31
close_sampler_prob,0.703876165105931,0.6444359442960088,-0.05944022080992217,-0.12358445220598298,0.011052960516936543,31,31,31,interval_covers_zero,4B,OBR 15% - cleaned (s123),treatment,qwen3-4b-cleanv2-s123,qwen3-4b-obr-p15-s123,dev,natural_stop,qwen3-4b-keep4-s42,31
eos_after_forced_close_prob,0.9999994110736421,0.9999992121506531,-1.9892298896984073e-07,-4.413078257325953e-07,2.9454450933829605e-09,31,31,31,interval_covers_zero,4B,OBR 15% - cleaned (s123),treatment,qwen3-4b-cleanv2-s123,qwen3-4b-obr-p15-s123,dev,natural_stop,qwen3-4b-keep4-s42,31
next_event_close_rate,0.012096774193548387,0.0,-0.012096774193548387,-0.036290322580645164,0.0,31,31,31,interval_covers_zero,4B,OBR 15% - cleaned (s123),treatment,qwen3-4b-cleanv2-s123,qwen3-4b-obr-p15-s123,dev,early_remaining,all,31
continue_rate,0.9879032258064516,1.0,0.012096774193548376,0.0,0.03629032258064513,31,31,31,interval_covers_zero,4B,OBR 15% - cleaned (s123),treatment,qwen3-4b-cleanv2-s123,qwen3-4b-obr-p15-s123,dev,early_remaining,all,31
eos_without_close_rate,0.0,0.0,0.0,0.0,0.0,31,31,31,interval_covers_zero,4B,OBR 15% - cleaned (s123),treatment,qwen3-4b-cleanv2-s123,qwen3-4b-obr-p15-s123,dev,early_remaining,all,31
unresolved_rate,0.0,0.0,0.0,0.0,0.0,31,31,31,interval_covers_zero,4B,OBR 15% - cleaned (s123),treatment,qwen3-4b-cleanv2-s123,qwen3-4b-obr-p15-s123,dev,early_remaining,all,31
margin_first_policy,-10.58755760368664,-10.587557603686639,1.7763568394002505e-15,-0.50172811059908,0.489775345622121,31,31,31,interval_covers_zero,4B,OBR 15% - cleaned (s123),treatment,qwen3-4b-cleanv2-s123,qwen3-4b-obr-p15-s123,dev,early_remaining,all,31
margin_first_raw,-8.911290322580646,-8.911290322580646,0.0,-0.3512096774193555,0.3428427419354825,31,31,31,interval_covers_zero,4B,OBR 15% - cleaned (s123),treatment,qwen3-4b-cleanv2-s123,qwen3-4b-obr-p15-s123,dev,early_remaining,all,31
close_prob_pre_filter,0.010320231294842403,0.0011392547998035267,-0.009180976495038877,-0.02761462392709118,0.00021653154137177508,31,31,31,interval_covers_zero,4B,OBR 15% - cleaned (s123),treatment,qwen3-4b-cleanv2-s123,qwen3-4b-obr-p15-s123,dev,early_remaining,all,31
close_sampler_prob,0.009371631146301622,0.0,-0.009371631146301622,-0.028114893438904866,0.0,31,31,31,interval_covers_zero,4B,OBR 15% - cleaned (s123),treatment,qwen3-4b-cleanv2-s123,qwen3-4b-obr-p15-s123,dev,early_remaining,all,31
eos_after_forced_close_prob,0.999997965854932,0.9999978219563178,-1.4389861413555138e-07,-8.428724210668426e-07,5.157519156834258e-07,31,31,31,interval_covers_zero,4B,OBR 15% - cleaned (s123),treatment,qwen3-4b-cleanv2-s123,qwen3-4b-obr-p15-s123,dev,early_remaining,all,31
next_event_close_rate,0.0234375,0.0,-0.0234375,-0.0703125,0.0,16,16,16,interval_covers_zero,4B,OBR 15% - cleaned (s123),treatment,qwen3-4b-cleanv2-s123,qwen3-4b-obr-p15-s123,dev,early_remaining,qwen3-4b-cleanv2-s42,16
continue_rate,0.9765625,1.0,0.0234375,0.0,0.0703125,16,16,16,interval_covers_zero,4B,OBR 15% - cleaned (s123),treatment,qwen3-4b-cleanv2-s123,qwen3-4b-obr-p15-s123,dev,early_remaining,qwen3-4b-cleanv2-s42,16
eos_without_close_rate,0.0,0.0,0.0,0.0,0.0,16,16,16,interval_covers_zero,4B,OBR 15% - cleaned (s123),treatment,qwen3-4b-cleanv2-s123,qwen3-4b-obr-p15-s123,dev,early_remaining,qwen3-4b-cleanv2-s42,16
unresolved_rate,0.0,0.0,0.0,0.0,0.0,16,16,16,interval_covers_zero,4B,OBR 15% - cleaned (s123),treatment,qwen3-4b-cleanv2-s123,qwen3-4b-obr-p15-s123,dev,early_remaining,qwen3-4b-cleanv2-s42,16
margin_first_policy,-9.676339285714286,-10.379464285714288,-0.7031250000000018,-1.3950892857142856,-0.10016741071428578,16,16,16,m1_lower,4B,OBR 15% - cleaned (s123),treatment,qwen3-4b-cleanv2-s123,qwen3-4b-obr-p15-s123,dev,early_remaining,qwen3-4b-cleanv2-s42,16
margin_first_raw,-8.2734375,-8.765625,-0.4921875,-0.9765625,-0.07011718750000107,16,16,16,m1_lower,4B,OBR 15% - cleaned (s123),treatment,qwen3-4b-cleanv2-s123,qwen3-4b-obr-p15-s123,dev,early_remaining,qwen3-4b-cleanv2-s42,16
close_prob_pre_filter,0.019684695805713873,0.0016691512511842355,-0.01801554455452964,-0.05370263996407852,-3.338284608760018e-05,16,16,16,m1_lower,4B,OBR 15% - cleaned (s123),treatment,qwen3-4b-cleanv2-s123,qwen3-4b-obr-p15-s123,dev,early_remaining,qwen3-4b-cleanv2-s42,16
close_sampler_prob,0.018157535345959392,0.0,-0.018157535345959392,-0.05447260603787818,0.0,16,16,16,interval_covers_zero,4B,OBR 15% - cleaned (s123),treatment,qwen3-4b-cleanv2-s123,qwen3-4b-obr-p15-s123,dev,early_remaining,qwen3-4b-cleanv2-s42,16
eos_after_forced_close_prob,0.9999979301324242,0.9999982065374942,2.764050699433085e-07,-2.8718024166762833e-07,9.774999934736287e-07,16,16,16,interval_covers_zero,4B,OBR 15% - cleaned (s123),treatment,qwen3-4b-cleanv2-s123,qwen3-4b-obr-p15-s123,dev,early_remaining,qwen3-4b-cleanv2-s42,16
next_event_close_rate,0.0,0.0,0.0,0.0,0.0,15,15,15,interval_covers_zero,4B,OBR 15% - cleaned (s123),treatment,qwen3-4b-cleanv2-s123,qwen3-4b-obr-p15-s123,dev,early_remaining,qwen3-4b-keep4-s42,15
continue_rate,1.0,1.0,0.0,0.0,0.0,15,15,15,interval_covers_zero,4B,OBR 15% - cleaned (s123),treatment,qwen3-4b-cleanv2-s123,qwen3-4b-obr-p15-s123,dev,early_remaining,qwen3-4b-keep4-s42,15
eos_without_close_rate,0.0,0.0,0.0,0.0,0.0,15,15,15,interval_covers_zero,4B,OBR 15% - cleaned (s123),treatment,qwen3-4b-cleanv2-s123,qwen3-4b-obr-p15-s123,dev,early_remaining,qwen3-4b-keep4-s42,15
unresolved_rate,0.0,0.0,0.0,0.0,0.0,15,15,15,interval_covers_zero,4B,OBR 15% - cleaned (s123),treatment,qwen3-4b-cleanv2-s123,qwen3-4b-obr-p15-s123,dev,early_remaining,qwen3-4b-keep4-s42,15
margin_first_policy,-11.559523809523812,-10.809523809523808,0.7500000000000036,0.2258928571428573,1.2857142857142865,15,15,15,m1_higher,4B,OBR 15% - cleaned (s123),treatment,qwen3-4b-cleanv2-s123,qwen3-4b-obr-p15-s123,dev,early_remaining,qwen3-4b-keep4-s42,15
margin_first_raw,-9.591666666666667,-9.066666666666666,0.5250000000000004,0.1581249999999999,0.9000000000000004,15,15,15,m1_higher,4B,OBR 15% - cleaned (s123),treatment,qwen3-4b-cleanv2-s123,qwen3-4b-obr-p15-s123,dev,early_remaining,qwen3-4b-keep4-s42,15
close_prob_pre_filter,0.00033146914991283977,0.0005740319183307701,0.0002425627684179303,5.881407632636897e-06,0.0006901302923524265,15,15,15,m1_higher,4B,OBR 15% - cleaned (s123),treatment,qwen3-4b-cleanv2-s123,qwen3-4b-obr-p15-s123,dev,early_remaining,qwen3-4b-keep4-s42,15
close_sampler_prob,0.0,0.0,0.0,0.0,0.0,15,15,15,interval_covers_zero,4B,OBR 15% - cleaned (s123),treatment,qwen3-4b-cleanv2-s123,qwen3-4b-obr-p15-s123,dev,early_remaining,qwen3-4b-keep4-s42,15
eos_after_forced_close_prob,0.9999980039589403,0.9999974117363968,-5.922225435606165e-07,-1.8473852490347165e-06,4.5656783001501946e-07,15,15,15,interval_covers_zero,4B,OBR 15% - cleaned (s123),treatment,qwen3-4b-cleanv2-s123,qwen3-4b-obr-p15-s123,dev,early_remaining,qwen3-4b-keep4-s42,15
next_event_close_rate,0.04861111111111111,0.03993055555555555,-0.00868055555555556,-0.04341568130630632,0.027777777777777776,35,36,36,interval_covers_zero,4B,OBR 15% - cleaned (s123),treatment,qwen3-4b-cleanv2-s123,qwen3-4b-obr-p15-s123,dev,pre_first_reuse,all,36
continue_rate,0.9513888888888888,0.9600694444444444,0.00868055555555558,-0.02777777777777779,0.04341568130630625,35,36,36,interval_covers_zero,4B,OBR 15% - cleaned (s123),treatment,qwen3-4b-cleanv2-s123,qwen3-4b-obr-p15-s123,dev,pre_first_reuse,all,36
eos_without_close_rate,0.0,0.0,0.0,0.0,0.0,35,36,36,interval_covers_zero,4B,OBR 15% - cleaned (s123),treatment,qwen3-4b-cleanv2-s123,qwen3-4b-obr-p15-s123,dev,pre_first_reuse,all,36
unresolved_rate,0.0,0.0,0.0,0.0,0.0,35,36,36,interval_covers_zero,4B,OBR 15% - cleaned (s123),treatment,qwen3-4b-cleanv2-s123,qwen3-4b-obr-p15-s123,dev,pre_first_reuse,all,36
margin_first_policy,-6.458333333333335,-6.597222222222221,-0.13888888888888662,-0.6598462301587293,0.4276550751879695,35,36,36,interval_covers_zero,4B,OBR 15% - cleaned (s123),treatment,qwen3-4b-cleanv2-s123,qwen3-4b-obr-p15-s123,dev,pre_first_reuse,all,36
margin_first_raw,-6.020833333333333,-6.118055555555555,-0.09722222222222232,-0.4618923611111109,0.2993585526315785,35,36,36,interval_covers_zero,4B,OBR 15% - cleaned (s123),treatment,qwen3-4b-cleanv2-s123,qwen3-4b-obr-p15-s123,dev,pre_first_reuse,all,36
close_prob_pre_filter,0.06957747334350917,0.06254152174288703,-0.007035951600622134,-0.028524172253795048,0.014095849806469848,35,36,36,interval_covers_zero,4B,OBR 15% - cleaned (s123),treatment,qwen3-4b-cleanv2-s123,qwen3-4b-obr-p15-s123,dev,pre_first_reuse,all,36
close_sampler_prob,0.05108098764388626,0.04195175024062868,-0.009129237403257578,-0.04064856017224272,0.02286952084362683,35,36,36,interval_covers_zero,4B,OBR 15% - cleaned (s123),treatment,qwen3-4b-cleanv2-s123,qwen3-4b-obr-p15-s123,dev,pre_first_reuse,all,36
eos_after_forced_close_prob,0.9999987647271499,0.9999985036534002,-2.6107374972994535e-07,-6.515138500029493e-07,1.4662040785651217e-07,35,36,36,interval_covers_zero,4B,OBR 15% - cleaned (s123),treatment,qwen3-4b-cleanv2-s123,qwen3-4b-obr-p15-s123,dev,pre_first_reuse,all,36
next_event_close_rate,0.025735294117647058,0.007352941176470588,-0.018382352941176468,-0.05514705882352941,0.0,17,17,17,interval_covers_zero,4B,OBR 15% - cleaned (s123),treatment,qwen3-4b-cleanv2-s123,qwen3-4b-obr-p15-s123,dev,pre_first_reuse,qwen3-4b-cleanv2-s42,17
continue_rate,0.9742647058823529,0.9926470588235294,0.018382352941176516,0.0,0.05514705882352944,17,17,17,interval_covers_zero,4B,OBR 15% - cleaned (s123),treatment,qwen3-4b-cleanv2-s123,qwen3-4b-obr-p15-s123,dev,pre_first_reuse,qwen3-4b-cleanv2-s42,17
eos_without_close_rate,0.0,0.0,0.0,0.0,0.0,17,17,17,interval_covers_zero,4B,OBR 15% - cleaned (s123),treatment,qwen3-4b-cleanv2-s123,qwen3-4b-obr-p15-s123,dev,pre_first_reuse,qwen3-4b-cleanv2-s42,17
unresolved_rate,0.0,0.0,0.0,0.0,0.0,17,17,17,interval_covers_zero,4B,OBR 15% - cleaned (s123),treatment,qwen3-4b-cleanv2-s123,qwen3-4b-obr-p15-s123,dev,pre_first_reuse,qwen3-4b-cleanv2-s42,17
margin_first_policy,-6.628151260504203,-7.142857142857144,-0.5147058823529411,-1.2079831932773102,0.1470588235294148,17,17,17,interval_covers_zero,4B,OBR 15% - cleaned (s123),treatment,qwen3-4b-cleanv2-s123,qwen3-4b-obr-p15-s123,dev,pre_first_reuse,qwen3-4b-cleanv2-s42,17
margin_first_raw,-6.139705882352941,-6.5,-0.3602941176470589,-0.8455882352941178,0.1029411764705879,17,17,17,interval_covers_zero,4B,OBR 15% - cleaned (s123),treatment,qwen3-4b-cleanv2-s123,qwen3-4b-obr-p15-s123,dev,pre_first_reuse,qwen3-4b-cleanv2-s42,17
close_prob_pre_filter,0.04892635177320903,0.037995959233446126,-0.010930392539762905,-0.042828785247717084,0.010947538694350232,17,17,17,interval_covers_zero,4B,OBR 15% - cleaned (s123),treatment,qwen3-4b-cleanv2-s123,qwen3-4b-obr-p15-s123,dev,pre_first_reuse,qwen3-4b-cleanv2-s42,17
close_sampler_prob,0.034340238285211086,0.015007735548901002,-0.019332502736310084,-0.05799750820893025,0.0,17,17,17,interval_covers_zero,4B,OBR 15% - cleaned (s123),treatment,qwen3-4b-cleanv2-s123,qwen3-4b-obr-p15-s123,dev,pre_first_reuse,qwen3-4b-cleanv2-s42,17
eos_after_forced_close_prob,0.9999985166404654,0.9999985985513362,8.191087086384385e-08,-4.054753013460477e-07,7.607946003851392e-07,17,17,17,interval_covers_zero,4B,OBR 15% - cleaned (s123),treatment,qwen3-4b-cleanv2-s123,qwen3-4b-obr-p15-s123,dev,pre_first_reuse,qwen3-4b-cleanv2-s42,17
next_event_close_rate,0.06907894736842106,0.06907894736842106,0.0,-0.052631578947368425,0.06578947368421054,19,19,19,interval_covers_zero,4B,OBR 15% - cleaned (s123),treatment,qwen3-4b-cleanv2-s123,qwen3-4b-obr-p15-s123,dev,pre_first_reuse,qwen3-4b-keep4-s42,19
continue_rate,0.930921052631579,0.930921052631579,0.0,-0.06578947368421051,0.052631578947368474,19,19,19,interval_covers_zero,4B,OBR 15% - cleaned (s123),treatment,qwen3-4b-cleanv2-s123,qwen3-4b-obr-p15-s123,dev,pre_first_reuse,qwen3-4b-keep4-s42,19
eos_without_close_rate,0.0,0.0,0.0,0.0,0.0,19,19,19,interval_covers_zero,4B,OBR 15% - cleaned (s123),treatment,qwen3-4b-cleanv2-s123,qwen3-4b-obr-p15-s123,dev,pre_first_reuse,qwen3-4b-keep4-s42,19
unresolved_rate,0.0,0.0,0.0,0.0,0.0,19,19,19,interval_covers_zero,4B,OBR 15% - cleaned (s123),treatment,qwen3-4b-cleanv2-s123,qwen3-4b-obr-p15-s123,dev,pre_first_reuse,qwen3-4b-keep4-s42,19
margin_first_policy,-6.30639097744361,-6.109022556390976,0.19736842105263364,-0.5733082706766899,1.0432330827067657,19,19,19,interval_covers_zero,4B,OBR 15% - cleaned (s123),treatment,qwen3-4b-cleanv2-s123,qwen3-4b-obr-p15-s123,dev,pre_first_reuse,qwen3-4b-keep4-s42,19
margin_first_raw,-5.9144736842105265,-5.776315789473684,0.13815789473684248,-0.40131578947368407,0.7302631578947363,19,19,19,interval_covers_zero,4B,OBR 15% - cleaned (s123),treatment,qwen3-4b-cleanv2-s123,qwen3-4b-obr-p15-s123,dev,pre_first_reuse,qwen3-4b-keep4-s42,19
close_prob_pre_filter,0.08805479264325139,0.08450334083028156,-0.0035514518129698275,-0.035341450949893174,0.028975030469044753,19,19,19,interval_covers_zero,4B,OBR 15% - cleaned (s123),treatment,qwen3-4b-cleanv2-s123,qwen3-4b-obr-p15-s123,dev,pre_first_reuse,qwen3-4b-keep4-s42,19
close_sampler_prob,0.06605955285954301,0.06605955285954294,-6.938893903907228e-17,-0.04852180967620623,0.05156961164339642,19,19,19,interval_covers_zero,4B,OBR 15% - cleaned (s123),treatment,qwen3-4b-cleanv2-s123,qwen3-4b-obr-p15-s123,dev,pre_first_reuse,qwen3-4b-keep4-s42,19
eos_after_forced_close_prob,0.9999989866994465,0.9999984187447206,-5.679547259163087e-07,-1.1072537477258005e-06,-1.2873889737030644e-07,19,19,19,m1_lower,4B,OBR 15% - cleaned (s123),treatment,qwen3-4b-cleanv2-s123,qwen3-4b-obr-p15-s123,dev,pre_first_reuse,qwen3-4b-keep4-s42,19
next_event_close_rate,0.2802734375,0.248779296875,-0.031494140625,-0.0507237962062257,-0.012404533742240181,235,256,256,m1_lower,4B,OBR 15% - cleaned (s123),treatment,qwen3-4b-cleanv2-s123,qwen3-4b-obr-p15-s123,all,all,all,256
continue_rate,0.7197265625,0.751220703125,0.031494140625,0.012404533742240185,0.05072379620622565,235,256,256,m1_higher,4B,OBR 15% - cleaned (s123),treatment,qwen3-4b-cleanv2-s123,qwen3-4b-obr-p15-s123,all,all,all,256
eos_without_close_rate,0.0,0.0,0.0,0.0,0.0,235,256,256,interval_covers_zero,4B,OBR 15% - cleaned (s123),treatment,qwen3-4b-cleanv2-s123,qwen3-4b-obr-p15-s123,all,all,all,256
unresolved_rate,0.0,0.0,0.0,0.0,0.0,235,256,256,interval_covers_zero,4B,OBR 15% - cleaned (s123),treatment,qwen3-4b-cleanv2-s123,qwen3-4b-obr-p15-s123,all,all,all,256
margin_first_policy,-4.089704241071429,-4.172014508928573,-0.08231026785714413,-0.23039439613054485,0.07745674415247539,235,256,256,interval_covers_zero,4B,OBR 15% - cleaned (s123),treatment,qwen3-4b-cleanv2-s123,qwen3-4b-obr-p15-s123,all,all,all,256
margin_first_raw,-4.36279296875,-4.42041015625,-0.0576171875,-0.16127607729138155,0.0542197209067325,235,256,256,interval_covers_zero,4B,OBR 15% - cleaned (s123),treatment,qwen3-4b-cleanv2-s123,qwen3-4b-obr-p15-s123,all,all,all,256
close_prob_pre_filter,0.28352279357669286,0.257391870137286,-0.026130923439406872,-0.03879827280855357,-0.01296651203058155,235,256,256,m1_lower,4B,OBR 15% - cleaned (s123),treatment,qwen3-4b-cleanv2-s123,qwen3-4b-obr-p15-s123,all,all,all,256
close_sampler_prob,0.27990436902345295,0.2513431551633148,-0.028561213860138157,-0.04601238233481924,-0.012173627940329109,235,256,256,m1_lower,4B,OBR 15% - cleaned (s123),treatment,qwen3-4b-cleanv2-s123,qwen3-4b-obr-p15-s123,all,all,all,256
eos_after_forced_close_prob,0.9999989077936107,0.9999987779038402,-1.2988977049488426e-07,-2.594604439215553e-07,-7.265252371935305e-09,235,256,256,m1_lower,4B,OBR 15% - cleaned (s123),treatment,qwen3-4b-cleanv2-s123,qwen3-4b-obr-p15-s123,all,all,all,256
next_event_close_rate,0.201171875,0.16650390625,-0.03466796875,-0.060039370078740134,-0.009350393700787413,124,128,128,m1_lower,4B,OBR 15% - cleaned (s123),treatment,qwen3-4b-cleanv2-s123,qwen3-4b-obr-p15-s123,all,all,qwen3-4b-cleanv2-s42,128
continue_rate,0.798828125,0.83349609375,0.03466796875,0.009350393700787385,0.06003937007874016,124,128,128,m1_higher,4B,OBR 15% - cleaned (s123),treatment,qwen3-4b-cleanv2-s123,qwen3-4b-obr-p15-s123,all,all,qwen3-4b-cleanv2-s42,128
eos_without_close_rate,0.0,0.0,0.0,0.0,0.0,124,128,128,interval_covers_zero,4B,OBR 15% - cleaned (s123),treatment,qwen3-4b-cleanv2-s123,qwen3-4b-obr-p15-s123,all,all,qwen3-4b-cleanv2-s42,128
unresolved_rate,0.0,0.0,0.0,0.0,0.0,124,128,128,interval_covers_zero,4B,OBR 15% - cleaned (s123),treatment,qwen3-4b-cleanv2-s123,qwen3-4b-obr-p15-s123,all,all,qwen3-4b-cleanv2-s42,128
margin_first_policy,-4.320591517857142,-4.58984375,-0.26925223214285765,-0.4725376674107144,-0.06229235880398674,124,128,128,m1_lower,4B,OBR 15% - cleaned (s123),treatment,qwen3-4b-cleanv2-s123,qwen3-4b-obr-p15-s123,all,all,qwen3-4b-cleanv2-s42,128
margin_first_raw,-4.5244140625,-4.712890625,-0.1884765625,-0.3307763671874997,-0.04360465116279055,124,128,128,m1_lower,4B,OBR 15% - cleaned (s123),treatment,qwen3-4b-cleanv2-s123,qwen3-4b-obr-p15-s123,all,all,qwen3-4b-cleanv2-s42,128
close_prob_pre_filter,0.21924644797721546,0.18998793506347433,-0.029258512913741125,-0.04732106374718389,-0.01178697956061138,124,128,128,m1_lower,4B,OBR 15% - cleaned (s123),treatment,qwen3-4b-cleanv2-s123,qwen3-4b-obr-p15-s123,all,all,qwen3-4b-cleanv2-s42,128
close_sampler_prob,0.20275159843138413,0.17094815133135205,-0.03180344710003208,-0.053956226255144527,-0.009993434074982592,124,128,128,m1_lower,4B,OBR 15% - cleaned (s123),treatment,qwen3-4b-cleanv2-s123,qwen3-4b-obr-p15-s123,all,all,qwen3-4b-cleanv2-s42,128
eos_after_forced_close_prob,0.999998867268806,0.9999988498815238,-1.738728228062314e-08,-1.3973251996035608e-07,1.2049930109558902e-07,124,128,128,interval_covers_zero,4B,OBR 15% - cleaned (s123),treatment,qwen3-4b-cleanv2-s123,qwen3-4b-obr-p15-s123,all,all,qwen3-4b-cleanv2-s42,128
next_event_close_rate,0.359375,0.3310546875,-0.0283203125,-0.05462752214566931,-0.002560954784752791,119,128,128,m1_lower,4B,OBR 15% - cleaned (s123),treatment,qwen3-4b-cleanv2-s123,qwen3-4b-obr-p15-s123,all,all,qwen3-4b-keep4-s42,128
continue_rate,0.640625,0.6689453125,0.0283203125,0.002560954784752789,0.054627522145669294,119,128,128,m1_higher,4B,OBR 15% - cleaned (s123),treatment,qwen3-4b-cleanv2-s123,qwen3-4b-obr-p15-s123,all,all,qwen3-4b-keep4-s42,128
eos_without_close_rate,0.0,0.0,0.0,0.0,0.0,119,128,128,interval_covers_zero,4B,OBR 15% - cleaned (s123),treatment,qwen3-4b-cleanv2-s123,qwen3-4b-obr-p15-s123,all,all,qwen3-4b-keep4-s42,128
unresolved_rate,0.0,0.0,0.0,0.0,0.0,119,128,128,interval_covers_zero,4B,OBR 15% - cleaned (s123),treatment,qwen3-4b-cleanv2-s123,qwen3-4b-obr-p15-s123,all,all,qwen3-4b-keep4-s42,128
margin_first_policy,-3.8588169642857144,-3.7541852678571432,0.10463169642857117,-0.1000309336332959,0.3288534926165601,119,128,128,interval_covers_zero,4B,OBR 15% - cleaned (s123),treatment,qwen3-4b-cleanv2-s123,qwen3-4b-obr-p15-s123,all,all,qwen3-4b-keep4-s42,128
margin_first_raw,-4.201171875,-4.1279296875,0.0732421875,-0.07002165354330739,0.23019744483159102,119,128,128,interval_covers_zero,4B,OBR 15% - cleaned (s123),treatment,qwen3-4b-cleanv2-s123,qwen3-4b-obr-p15-s123,all,all,qwen3-4b-keep4-s42,128
close_prob_pre_filter,0.3477991391761704,0.3247958052110976,-0.023003333965072814,-0.04286351415012336,-0.004134273353807999,119,128,128,m1_lower,4B,OBR 15% - cleaned (s123),treatment,qwen3-4b-cleanv2-s123,qwen3-4b-obr-p15-s123,all,all,qwen3-4b-keep4-s42,128
close_sampler_prob,0.3570571396155218,0.33173815899527753,-0.02531898062024429,-0.049726971082800324,-0.0018353862465248555,119,128,128,m1_lower,4B,OBR 15% - cleaned (s123),treatment,qwen3-4b-cleanv2-s123,qwen3-4b-obr-p15-s123,all,all,qwen3-4b-keep4-s42,128
eos_after_forced_close_prob,0.9999989483184151,0.9999987059261566,-2.423922584871008e-07,-4.6499099139729607e-07,-3.910042117860652e-08,119,128,128,m1_lower,4B,OBR 15% - cleaned (s123),treatment,qwen3-4b-cleanv2-s123,qwen3-4b-obr-p15-s123,all,all,qwen3-4b-keep4-s42,128
next_event_close_rate,0.53857421875,0.47802734375,-0.060546875,-0.09303536821705431,-0.025587806632344005,126,128,128,m1_lower,4B,OBR 15% - cleaned (s123),treatment,qwen3-4b-cleanv2-s123,qwen3-4b-obr-p15-s123,all,natural_stop,all,128
continue_rate,0.46142578125,0.52197265625,0.060546875,0.025587806632344043,0.09303536821705426,126,128,128,m1_higher,4B,OBR 15% - cleaned (s123),treatment,qwen3-4b-cleanv2-s123,qwen3-4b-obr-p15-s123,all,natural_stop,all,128
eos_without_close_rate,0.0,0.0,0.0,0.0,0.0,126,128,128,interval_covers_zero,4B,OBR 15% - cleaned (s123),treatment,qwen3-4b-cleanv2-s123,qwen3-4b-obr-p15-s123,all,natural_stop,all,128
unresolved_rate,0.0,0.0,0.0,0.0,0.0,126,128,128,interval_covers_zero,4B,OBR 15% - cleaned (s123),treatment,qwen3-4b-cleanv2-s123,qwen3-4b-obr-p15-s123,all,natural_stop,all,128
margin_first_policy,0.17159598214285704,-0.13532366071428548,-0.3069196428571425,-0.4263623569582864,-0.17853627671540992,126,128,128,m1_lower,4B,OBR 15% - cleaned (s123),treatment,qwen3-4b-cleanv2-s123,qwen3-4b-obr-p15-s123,all,natural_stop,all,128
margin_first_raw,-1.3798828125,-1.5947265625,-0.21484375,-0.29845364987080114,-0.12497539370078753,126,128,128,m1_lower,4B,OBR 15% - cleaned (s123),treatment,qwen3-4b-cleanv2-s123,qwen3-4b-obr-p15-s123,all,natural_stop,all,128
close_prob_pre_filter,0.5329805463338843,0.48297555588370683,-0.05000499045017742,-0.07435013156282362,-0.02426623149335971,126,128,128,m1_lower,4B,OBR 15% - cleaned (s123),treatment,qwen3-4b-cleanv2-s123,qwen3-4b-obr-p15-s123,all,natural_stop,all,128
close_sampler_prob,0.5376868000669379,0.4826237453485615,-0.055063054718376414,-0.08498529991750979,-0.02391421221600462,126,128,128,m1_lower,4B,OBR 15% - cleaned (s123),treatment,qwen3-4b-cleanv2-s123,qwen3-4b-obr-p15-s123,all,natural_stop,all,128
eos_after_forced_close_prob,0.9999993252603706,0.9999992283749641,-9.688540647534438e-08,-1.705123016060295e-07,-2.8225856724128987e-08,126,128,128,m1_lower,4B,OBR 15% - cleaned (s123),treatment,qwen3-4b-cleanv2-s123,qwen3-4b-obr-p15-s123,all,natural_stop,all,128
next_event_close_rate,0.3896484375,0.3271484375,-0.0625,-0.1083984375,-0.0166015625,64,64,64,m1_lower,4B,OBR 15% - cleaned (s123),treatment,qwen3-4b-cleanv2-s123,qwen3-4b-obr-p15-s123,all,natural_stop,qwen3-4b-cleanv2-s42,64
continue_rate,0.6103515625,0.6728515625,0.0625,0.0166015625,0.1083984375,64,64,64,m1_higher,4B,OBR 15% - cleaned (s123),treatment,qwen3-4b-cleanv2-s123,qwen3-4b-obr-p15-s123,all,natural_stop,qwen3-4b-cleanv2-s42,64
eos_without_close_rate,0.0,0.0,0.0,0.0,0.0,64,64,64,interval_covers_zero,4B,OBR 15% - cleaned (s123),treatment,qwen3-4b-cleanv2-s123,qwen3-4b-obr-p15-s123,all,natural_stop,qwen3-4b-cleanv2-s42,64
unresolved_rate,0.0,0.0,0.0,0.0,0.0,64,64,64,interval_covers_zero,4B,OBR 15% - cleaned (s123),treatment,qwen3-4b-cleanv2-s123,qwen3-4b-obr-p15-s123,all,natural_stop,qwen3-4b-cleanv2-s42,64
margin_first_policy,-0.3989955357142858,-0.767299107142857,-0.3683035714285712,-0.544084821428571,-0.1897321428571429,64,64,64,m1_lower,4B,OBR 15% - cleaned (s123),treatment,qwen3-4b-cleanv2-s123,qwen3-4b-obr-p15-s123,all,natural_stop,qwen3-4b-cleanv2-s42,64
margin_first_raw,-1.779296875,-2.037109375,-0.2578125,-0.380859375,-0.1328125,64,64,64,m1_lower,4B,OBR 15% - cleaned (s123),treatment,qwen3-4b-cleanv2-s123,qwen3-4b-obr-p15-s123,all,natural_stop,qwen3-4b-cleanv2-s42,64
close_prob_pre_filter,0.41347890701834167,0.36044745230536124,-0.05303145471298043,-0.0852763378212076,-0.01979428399383926,64,64,64,m1_lower,4B,OBR 15% - cleaned (s123),treatment,qwen3-4b-cleanv2-s123,qwen3-4b-obr-p15-s123,all,natural_stop,qwen3-4b-cleanv2-s42,64
close_sampler_prob,0.3918421872317692,0.3344301832383818,-0.05741200399338742,-0.09750576470188825,-0.016557030124043522,64,64,64,m1_lower,4B,OBR 15% - cleaned (s123),treatment,qwen3-4b-cleanv2-s123,qwen3-4b-obr-p15-s123,all,natural_stop,qwen3-4b-cleanv2-s42,64
eos_after_forced_close_prob,0.9999992494114032,0.9999992023160796,-4.709532352986656e-08,-1.3453960722720205e-07,3.947373522494855e-08,64,64,64,interval_covers_zero,4B,OBR 15% - cleaned (s123),treatment,qwen3-4b-cleanv2-s123,qwen3-4b-obr-p15-s123,all,natural_stop,qwen3-4b-cleanv2-s42,64
next_event_close_rate,0.6875,0.62890625,-0.05859375,-0.1044921875,-0.01171875,64,64,64,m1_lower,4B,OBR 15% - cleaned (s123),treatment,qwen3-4b-cleanv2-s123,qwen3-4b-obr-p15-s123,all,natural_stop,qwen3-4b-keep4-s42,64
continue_rate,0.3125,0.37109375,0.05859375,0.01171875,0.1044921875,64,64,64,m1_higher,4B,OBR 15% - cleaned (s123),treatment,qwen3-4b-cleanv2-s123,qwen3-4b-obr-p15-s123,all,natural_stop,qwen3-4b-keep4-s42,64
eos_without_close_rate,0.0,0.0,0.0,0.0,0.0,64,64,64,interval_covers_zero,4B,OBR 15% - cleaned (s123),treatment,qwen3-4b-cleanv2-s123,qwen3-4b-obr-p15-s123,all,natural_stop,qwen3-4b-keep4-s42,64
unresolved_rate,0.0,0.0,0.0,0.0,0.0,64,64,64,interval_covers_zero,4B,OBR 15% - cleaned (s123),treatment,qwen3-4b-cleanv2-s123,qwen3-4b-obr-p15-s123,all,natural_stop,qwen3-4b-keep4-s42,64
margin_first_policy,0.7421874999999999,0.49665178571428603,-0.24553571428571386,-0.4017857142857133,-0.08921595982142821,64,64,64,m1_lower,4B,OBR 15% - cleaned (s123),treatment,qwen3-4b-cleanv2-s123,qwen3-4b-obr-p15-s123,all,natural_stop,qwen3-4b-keep4-s42,64
margin_first_raw,-0.98046875,-1.15234375,-0.171875,-0.28125,-0.062451171875000266,64,64,64,m1_lower,4B,OBR 15% - cleaned (s123),treatment,qwen3-4b-cleanv2-s123,qwen3-4b-obr-p15-s123,all,natural_stop,qwen3-4b-keep4-s42,64
close_prob_pre_filter,0.6524821856494267,0.6055036594620524,-0.0469785261873743,-0.0817936034434762,-0.012960203957657882,64,64,64,m1_lower,4B,OBR 15% - cleaned (s123),treatment,qwen3-4b-cleanv2-s123,qwen3-4b-obr-p15-s123,all,natural_stop,qwen3-4b-keep4-s42,64
close_sampler_prob,0.6835314129021068,0.6308173074587411,-0.052714105443365744,-0.09485734608746432,-0.009110121613826816,64,64,64,m1_lower,4B,OBR 15% - cleaned (s123),treatment,qwen3-4b-cleanv2-s123,qwen3-4b-obr-p15-s123,all,natural_stop,qwen3-4b-keep4-s42,64
eos_after_forced_close_prob,0.999999401109338,0.9999992544338485,-1.466754895318445e-07,-2.654698783799425e-07,-4.3092861509719374e-08,64,64,64,m1_lower,4B,OBR 15% - cleaned (s123),treatment,qwen3-4b-cleanv2-s123,qwen3-4b-obr-p15-s123,all,natural_stop,qwen3-4b-keep4-s42,64
next_event_close_rate,0.005859375,0.0048828125,-0.0009765625,-0.017578125,0.0146484375,64,64,64,interval_covers_zero,4B,OBR 15% - cleaned (s123),treatment,qwen3-4b-cleanv2-s123,qwen3-4b-obr-p15-s123,all,early_remaining,all,64
continue_rate,0.994140625,0.9951171875,0.0009765625,-0.0146484375,0.017578125,64,64,64,interval_covers_zero,4B,OBR 15% - cleaned (s123),treatment,qwen3-4b-cleanv2-s123,qwen3-4b-obr-p15-s123,all,early_remaining,all,64
eos_without_close_rate,0.0,0.0,0.0,0.0,0.0,64,64,64,interval_covers_zero,4B,OBR 15% - cleaned (s123),treatment,qwen3-4b-cleanv2-s123,qwen3-4b-obr-p15-s123,all,early_remaining,all,64
unresolved_rate,0.0,0.0,0.0,0.0,0.0,64,64,64,interval_covers_zero,4B,OBR 15% - cleaned (s123),treatment,qwen3-4b-cleanv2-s123,qwen3-4b-obr-p15-s123,all,early_remaining,all,64
margin_first_policy,-10.421316964285715,-10.200892857142858,0.22042410714285765,-0.1534598214285694,0.5804268973214277,64,64,64,interval_covers_zero,4B,OBR 15% - cleaned (s123),treatment,qwen3-4b-cleanv2-s123,qwen3-4b-obr-p15-s123,all,early_remaining,all,64
margin_first_raw,-8.794921875,-8.640625,0.154296875,-0.107421875,0.40629882812499973,64,64,64,interval_covers_zero,4B,OBR 15% - cleaned (s123),treatment,qwen3-4b-cleanv2-s123,qwen3-4b-obr-p15-s123,all,early_remaining,all,64
close_prob_pre_filter,0.006202649161217679,0.00577378220774463,-0.00042886695347304875,-0.013600473790174213,0.01209465409702896,64,64,64,interval_covers_zero,4B,OBR 15% - cleaned (s123),treatment,qwen3-4b-cleanv2-s123,qwen3-4b-obr-p15-s123,all,early_remaining,all,64
close_sampler_prob,0.004539383836489848,0.004539383836489848,0.0,-0.013618151509469545,0.013618151509469545,64,64,64,interval_covers_zero,4B,OBR 15% - cleaned (s123),treatment,qwen3-4b-cleanv2-s123,qwen3-4b-obr-p15-s123,all,early_remaining,all,64
eos_after_forced_close_prob,0.9999980866330138,0.9999980203797998,-6.625321402609075e-08,-4.7389015991328163e-07,3.402525204254657e-07,64,64,64,interval_covers_zero,4B,OBR 15% - cleaned (s123),treatment,qwen3-4b-cleanv2-s123,qwen3-4b-obr-p15-s123,all,early_remaining,all,64
next_event_close_rate,0.01171875,0.0,-0.01171875,-0.03515625,0.0,32,32,32,interval_covers_zero,4B,OBR 15% - cleaned (s123),treatment,qwen3-4b-cleanv2-s123,qwen3-4b-obr-p15-s123,all,early_remaining,qwen3-4b-cleanv2-s42,32
continue_rate,0.98828125,1.0,0.01171875,0.0,0.03515625,32,32,32,interval_covers_zero,4B,OBR 15% - cleaned (s123),treatment,qwen3-4b-cleanv2-s123,qwen3-4b-obr-p15-s123,all,early_remaining,qwen3-4b-cleanv2-s42,32
eos_without_close_rate,0.0,0.0,0.0,0.0,0.0,32,32,32,interval_covers_zero,4B,OBR 15% - cleaned (s123),treatment,qwen3-4b-cleanv2-s123,qwen3-4b-obr-p15-s123,all,early_remaining,qwen3-4b-cleanv2-s42,32
unresolved_rate,0.0,0.0,0.0,0.0,0.0,32,32,32,interval_covers_zero,4B,OBR 15% - cleaned (s123),treatment,qwen3-4b-cleanv2-s123,qwen3-4b-obr-p15-s123,all,early_remaining,qwen3-4b-cleanv2-s42,32
margin_first_policy,-9.854910714285715,-10.13950892857143,-0.2845982142857153,-0.7533482142857117,0.16755022321428595,32,32,32,interval_covers_zero,4B,OBR 15% - cleaned (s123),treatment,qwen3-4b-cleanv2-s123,qwen3-4b-obr-p15-s123,all,early_remaining,qwen3-4b-cleanv2-s42,32
margin_first_raw,-8.3984375,-8.59765625,-0.19921875,-0.52734375,0.11728515624999947,32,32,32,interval_covers_zero,4B,OBR 15% - cleaned (s123),treatment,qwen3-4b-cleanv2-s123,qwen3-4b-obr-p15-s123,all,early_remaining,qwen3-4b-cleanv2-s42,32
close_prob_pre_filter,0.011288994906987327,0.0016661487208684943,-0.009622846186118833,-0.027821753613235828,-0.00024884815112113175,32,32,32,m1_lower,4B,OBR 15% - cleaned (s123),treatment,qwen3-4b-cleanv2-s123,qwen3-4b-obr-p15-s123,all,early_remaining,qwen3-4b-cleanv2-s42,32
close_sampler_prob,0.009078767672979696,0.0,-0.009078767672979696,-0.02723630301893909,0.0,32,32,32,interval_covers_zero,4B,OBR 15% - cleaned (s123),treatment,qwen3-4b-cleanv2-s123,qwen3-4b-obr-p15-s123,all,early_remaining,qwen3-4b-cleanv2-s42,32
eos_after_forced_close_prob,0.9999982010442023,0.9999982088196092,7.775406873911095e-09,-3.5715964293303594e-07,4.097825560794852e-07,32,32,32,interval_covers_zero,4B,OBR 15% - cleaned (s123),treatment,qwen3-4b-cleanv2-s123,qwen3-4b-obr-p15-s123,all,early_remaining,qwen3-4b-cleanv2-s42,32
next_event_close_rate,0.0,0.009765625,0.009765625,0.0,0.029296875,32,32,32,interval_covers_zero,4B,OBR 15% - cleaned (s123),treatment,qwen3-4b-cleanv2-s123,qwen3-4b-obr-p15-s123,all,early_remaining,qwen3-4b-keep4-s42,32
continue_rate,1.0,0.990234375,-0.009765625,-0.029296875,0.0,32,32,32,interval_covers_zero,4B,OBR 15% - cleaned (s123),treatment,qwen3-4b-cleanv2-s123,qwen3-4b-obr-p15-s123,all,early_remaining,qwen3-4b-keep4-s42,32
eos_without_close_rate,0.0,0.0,0.0,0.0,0.0,32,32,32,interval_covers_zero,4B,OBR 15% - cleaned (s123),treatment,qwen3-4b-cleanv2-s123,qwen3-4b-obr-p15-s123,all,early_remaining,qwen3-4b-keep4-s42,32
unresolved_rate,0.0,0.0,0.0,0.0,0.0,32,32,32,interval_covers_zero,4B,OBR 15% - cleaned (s123),treatment,qwen3-4b-cleanv2-s123,qwen3-4b-obr-p15-s123,all,early_remaining,qwen3-4b-keep4-s42,32
margin_first_policy,-10.987723214285715,-10.262276785714285,0.7254464285714306,0.17285156249999983,1.2890624999999982,32,32,32,m1_higher,4B,OBR 15% - cleaned (s123),treatment,qwen3-4b-cleanv2-s123,qwen3-4b-obr-p15-s123,all,early_remaining,qwen3-4b-keep4-s42,32
margin_first_raw,-9.19140625,-8.68359375,0.5078125,0.12099609375,0.90234375,32,32,32,m1_higher,4B,OBR 15% - cleaned (s123),treatment,qwen3-4b-cleanv2-s123,qwen3-4b-obr-p15-s123,all,early_remaining,qwen3-4b-keep4-s42,32
close_prob_pre_filter,0.0011163034154480292,0.009881415694620768,0.008765112279172739,1.8678854385937663e-05,0.025649071525402172,32,32,32,m1_higher,4B,OBR 15% - cleaned (s123),treatment,qwen3-4b-cleanv2-s123,qwen3-4b-obr-p15-s123,all,early_remaining,qwen3-4b-keep4-s42,32
close_sampler_prob,0.0,0.009078767672979696,0.009078767672979696,0.0,0.02723630301893909,32,32,32,interval_covers_zero,4B,OBR 15% - cleaned (s123),treatment,qwen3-4b-cleanv2-s123,qwen3-4b-obr-p15-s123,all,early_remaining,qwen3-4b-keep4-s42,32
eos_after_forced_close_prob,0.9999979722218253,0.9999978319399903,-1.402818350371149e-07,-8.701779347697336e-07,5.916115888932037e-07,32,32,32,interval_covers_zero,4B,OBR 15% - cleaned (s123),treatment,qwen3-4b-cleanv2-s123,qwen3-4b-obr-p15-s123,all,early_remaining,qwen3-4b-keep4-s42,32
next_event_close_rate,0.0380859375,0.0341796875,-0.00390625,-0.026785714285714288,0.020508176888992535,63,64,64,interval_covers_zero,4B,OBR 15% - cleaned (s123),treatment,qwen3-4b-cleanv2-s123,qwen3-4b-obr-p15-s123,all,pre_first_reuse,all,64
continue_rate,0.9619140625,0.9658203125,0.00390625,-0.02050817688899254,0.0267857142857143,63,64,64,interval_covers_zero,4B,OBR 15% - cleaned (s123),treatment,qwen3-4b-cleanv2-s123,qwen3-4b-obr-p15-s123,all,pre_first_reuse,all,64
eos_without_close_rate,0.0,0.0,0.0,0.0,0.0,63,64,64,interval_covers_zero,4B,OBR 15% - cleaned (s123),treatment,qwen3-4b-cleanv2-s123,qwen3-4b-obr-p15-s123,all,pre_first_reuse,all,64
unresolved_rate,0.0,0.0,0.0,0.0,0.0,63,64,64,interval_covers_zero,4B,OBR 15% - cleaned (s123),treatment,qwen3-4b-cleanv2-s123,qwen3-4b-obr-p15-s123,all,pre_first_reuse,all,64
margin_first_policy,-6.280691964285715,-6.216517857142858,0.06417410714285765,-0.36279296874999917,0.4917942176870764,63,64,64,interval_covers_zero,4B,OBR 15% - cleaned (s123),treatment,qwen3-4b-cleanv2-s123,qwen3-4b-obr-p15-s123,all,pre_first_reuse,all,64
margin_first_raw,-5.896484375,-5.8515625,0.044921875,-0.253955078125,0.34425595238095236,63,64,64,interval_covers_zero,4B,OBR 15% - cleaned (s123),treatment,qwen3-4b-cleanv2-s123,qwen3-4b-obr-p15-s123,all,pre_first_reuse,all,64
close_prob_pre_filter,0.06192743247778545,0.05784258657398563,-0.004084845903799816,-0.01894819239145436,0.010702958805591823,63,64,64,interval_covers_zero,4B,OBR 15% - cleaned (s123),treatment,qwen3-4b-cleanv2-s123,qwen3-4b-obr-p15-s123,all,pre_first_reuse,all,64
close_sampler_prob,0.03970449212344589,0.035585746119646454,-0.0041187460037994394,-0.026127122879404715,0.01820860172489659,63,64,64,interval_covers_zero,4B,OBR 15% - cleaned (s123),treatment,qwen3-4b-cleanv2-s123,qwen3-4b-obr-p15-s123,all,pre_first_reuse,all,64
eos_after_forced_close_prob,0.9999988940206879,0.9999986344856326,-2.5953505522480214e-07,-4.960928693037437e-07,-1.3464908657501226e-08,63,64,64,m1_lower,4B,OBR 15% - cleaned (s123),treatment,qwen3-4b-cleanv2-s123,qwen3-4b-obr-p15-s123,all,pre_first_reuse,all,64
next_event_close_rate,0.013671875,0.01171875,-0.001953125,-0.029296875,0.0234375,32,32,32,interval_covers_zero,4B,OBR 15% - cleaned (s123),treatment,qwen3-4b-cleanv2-s123,qwen3-4b-obr-p15-s123,all,pre_first_reuse,qwen3-4b-cleanv2-s42,32
continue_rate,0.986328125,0.98828125,0.001953125,-0.0234375,0.029296875,32,32,32,interval_covers_zero,4B,OBR 15% - cleaned (s123),treatment,qwen3-4b-cleanv2-s123,qwen3-4b-obr-p15-s123,all,pre_first_reuse,qwen3-4b-cleanv2-s42,32
eos_without_close_rate,0.0,0.0,0.0,0.0,0.0,32,32,32,interval_covers_zero,4B,OBR 15% - cleaned (s123),treatment,qwen3-4b-cleanv2-s123,qwen3-4b-obr-p15-s123,all,pre_first_reuse,qwen3-4b-cleanv2-s42,32
unresolved_rate,0.0,0.0,0.0,0.0,0.0,32,32,32,interval_covers_zero,4B,OBR 15% - cleaned (s123),treatment,qwen3-4b-cleanv2-s123,qwen3-4b-obr-p15-s123,all,pre_first_reuse,qwen3-4b-cleanv2-s42,32
margin_first_policy,-6.6294642857142865,-6.685267857142858,-0.055803571428571175,-0.6640624999999991,0.5691964285714288,32,32,32,interval_covers_zero,4B,OBR 15% - cleaned (s123),treatment,qwen3-4b-cleanv2-s123,qwen3-4b-obr-p15-s123,all,pre_first_reuse,qwen3-4b-cleanv2-s42,32
margin_first_raw,-6.140625,-6.1796875,-0.0390625,-0.46484375,0.3984375,32,32,32,interval_covers_zero,4B,OBR 15% - cleaned (s123),treatment,qwen3-4b-cleanv2-s123,qwen3-4b-obr-p15-s123,all,pre_first_reuse,qwen3-4b-cleanv2-s42,32
close_prob_pre_filter,0.03873898296519108,0.03739068692230653,-0.001348296042884549,-0.019938826994114648,0.013521562762454382,32,32,32,interval_covers_zero,4B,OBR 15% - cleaned (s123),treatment,qwen3-4b-cleanv2-s123,qwen3-4b-obr-p15-s123,all,pre_first_reuse,qwen3-4b-cleanv2-s42,32
close_sampler_prob,0.018243251589018388,0.014932238848644558,-0.0033110127403738303,-0.030811176235994192,0.020878138014872705,32,32,32,interval_covers_zero,4B,OBR 15% - cleaned (s123),treatment,qwen3-4b-cleanv2-s123,qwen3-4b-obr-p15-s123,all,pre_first_reuse,qwen3-4b-cleanv2-s42,32
eos_after_forced_close_prob,0.999998769208216,0.9999987860743262,1.6866110286173353e-08,-2.4255563963737623e-07,3.748543816628474e-07,32,32,32,interval_covers_zero,4B,OBR 15% - cleaned (s123),treatment,qwen3-4b-cleanv2-s123,qwen3-4b-obr-p15-s123,all,pre_first_reuse,qwen3-4b-cleanv2-s42,32
next_event_close_rate,0.0625,0.056640625,-0.005859375,-0.04296875,0.0390625,32,32,32,interval_covers_zero,4B,OBR 15% - cleaned (s123),treatment,qwen3-4b-cleanv2-s123,qwen3-4b-obr-p15-s123,all,pre_first_reuse,qwen3-4b-keep4-s42,32
continue_rate,0.9375,0.943359375,0.005859375,-0.0390625,0.04296875,32,32,32,interval_covers_zero,4B,OBR 15% - cleaned (s123),treatment,qwen3-4b-cleanv2-s123,qwen3-4b-obr-p15-s123,all,pre_first_reuse,qwen3-4b-keep4-s42,32
eos_without_close_rate,0.0,0.0,0.0,0.0,0.0,32,32,32,interval_covers_zero,4B,OBR 15% - cleaned (s123),treatment,qwen3-4b-cleanv2-s123,qwen3-4b-obr-p15-s123,all,pre_first_reuse,qwen3-4b-keep4-s42,32
unresolved_rate,0.0,0.0,0.0,0.0,0.0,32,32,32,interval_covers_zero,4B,OBR 15% - cleaned (s123),treatment,qwen3-4b-cleanv2-s123,qwen3-4b-obr-p15-s123,all,pre_first_reuse,qwen3-4b-keep4-s42,32
margin_first_policy,-5.931919642857144,-5.747767857142858,0.18415178571428648,-0.3517020089285723,0.7646484375000003,32,32,32,interval_covers_zero,4B,OBR 15% - cleaned (s123),treatment,qwen3-4b-cleanv2-s123,qwen3-4b-obr-p15-s123,all,pre_first_reuse,qwen3-4b-keep4-s42,32
margin_first_raw,-5.65234375,-5.5234375,0.12890625,-0.24619140625,0.5352539062499995,32,32,32,interval_covers_zero,4B,OBR 15% - cleaned (s123),treatment,qwen3-4b-cleanv2-s123,qwen3-4b-obr-p15-s123,all,pre_first_reuse,qwen3-4b-keep4-s42,32
close_prob_pre_filter,0.08511588199037981,0.07829448622566476,-0.006821395764715049,-0.02998144051184144,0.018395574747356674,32,32,32,interval_covers_zero,4B,OBR 15% - cleaned (s123),treatment,qwen3-4b-cleanv2-s123,qwen3-4b-obr-p15-s123,all,pre_first_reuse,qwen3-4b-keep4-s42,32
close_sampler_prob,0.061165732657873395,0.05623925339064835,-0.004926479267225045,-0.03937480021761948,0.03403278776058958,32,32,32,interval_covers_zero,4B,OBR 15% - cleaned (s123),treatment,qwen3-4b-cleanv2-s123,qwen3-4b-obr-p15-s123,all,pre_first_reuse,qwen3-4b-keep4-s42,32
eos_after_forced_close_prob,0.9999990188331596,0.999998482896939,-5.35936220513733e-07,-8.592004023921796e-07,-2.479920501480283e-07,32,32,32,m1_lower,4B,OBR 15% - cleaned (s123),treatment,qwen3-4b-cleanv2-s123,qwen3-4b-obr-p15-s123,all,pre_first_reuse,qwen3-4b-keep4-s42,32
next_event_close_rate,0.2780511811023622,0.2706692913385827,-0.0073818897637795144,-0.026084680003662316,0.011538461538461553,118,127,127,interval_covers_zero,4B,training seed only (cleaned s123 - s42),seed,qwen3-4b-cleanv2-s42,qwen3-4b-cleanv2-s123,test,all,all,127
continue_rate,0.7219488188976378,0.7293307086614174,0.0073818897637795144,-0.011538461538461501,0.026084680003662274,118,127,127,interval_covers_zero,4B,training seed only (cleaned s123 - s42),seed,qwen3-4b-cleanv2-s42,qwen3-4b-cleanv2-s123,test,all,all,127
eos_without_close_rate,0.0,0.0,0.0,0.0,0.0,118,127,127,interval_covers_zero,4B,training seed only (cleaned s123 - s42),seed,qwen3-4b-cleanv2-s42,qwen3-4b-cleanv2-s123,test,all,all,127
unresolved_rate,0.0,0.0,0.0,0.0,0.0,118,127,127,interval_covers_zero,4B,training seed only (cleaned s123 - s42),seed,qwen3-4b-cleanv2-s42,qwen3-4b-cleanv2-s123,test,all,all,127
margin_first_policy,-3.877952755905513,-3.9707536557930267,-0.09280089988751383,-0.18427167378579457,0.004282770800627264,118,127,127,interval_covers_zero,4B,training seed only (cleaned s123 - s42),seed,qwen3-4b-cleanv2-s42,qwen3-4b-cleanv2-s123,test,all,all,127
margin_first_raw,-4.214566929133858,-4.2795275590551185,-0.06496062992126017,-0.12899017165005539,0.0029979395604387816,118,127,127,interval_covers_zero,4B,training seed only (cleaned s123 - s42),seed,qwen3-4b-cleanv2-s42,qwen3-4b-cleanv2-s123,test,all,all,127
close_prob_pre_filter,0.2743866276115889,0.278292593806707,0.003905966195118127,-0.007468780498083282,0.015386328246220674,118,127,127,interval_covers_zero,4B,training seed only (cleaned s123 - s42),seed,qwen3-4b-cleanv2-s42,qwen3-4b-cleanv2-s123,test,all,all,127
close_sampler_prob,0.27220416992821317,0.27058757214410256,-0.0016165977841106072,-0.017269577597981773,0.014377621180985272,118,127,127,interval_covers_zero,4B,training seed only (cleaned s123 - s42),seed,qwen3-4b-cleanv2-s42,qwen3-4b-cleanv2-s123,test,all,all,127
eos_after_forced_close_prob,0.9999990446037679,0.9999989538063867,-9.079738116923863e-08,-2.330741511957779e-07,1.7993972500906923e-08,118,127,127,interval_covers_zero,4B,training seed only (cleaned s123 - s42),seed,qwen3-4b-cleanv2-s42,qwen3-4b-cleanv2-s123,test,all,all,127
next_event_close_rate,0.189453125,0.181640625,-0.0078125,-0.03655273437500001,0.021153846153846162,61,64,64,interval_covers_zero,4B,training seed only (cleaned s123 - s42),seed,qwen3-4b-cleanv2-s42,qwen3-4b-cleanv2-s123,test,all,qwen3-4b-cleanv2-s42,64
continue_rate,0.810546875,0.818359375,0.0078125,-0.02115384615384619,0.0365527343749999,61,64,64,interval_covers_zero,4B,training seed only (cleaned s123 - s42),seed,qwen3-4b-cleanv2-s42,qwen3-4b-cleanv2-s123,test,all,qwen3-4b-cleanv2-s42,64
eos_without_close_rate,0.0,0.0,0.0,0.0,0.0,61,64,64,interval_covers_zero,4B,training seed only (cleaned s123 - s42),seed,qwen3-4b-cleanv2-s42,qwen3-4b-cleanv2-s123,test,all,qwen3-4b-cleanv2-s42,64
unresolved_rate,0.0,0.0,0.0,0.0,0.0,61,64,64,interval_covers_zero,4B,training seed only (cleaned s123 - s42),seed,qwen3-4b-cleanv2-s42,qwen3-4b-cleanv2-s123,test,all,qwen3-4b-cleanv2-s42,64
margin_first_policy,-4.232700892857143,-4.347098214285715,-0.11439732142857206,-0.25113208064988357,0.030716715869815222,61,64,64,interval_covers_zero,4B,training seed only (cleaned s123 - s42),seed,qwen3-4b-cleanv2-s42,qwen3-4b-cleanv2-s123,test,all,qwen3-4b-cleanv2-s42,64
margin_first_raw,-4.462890625,-4.54296875,-0.080078125,-0.17579245645491803,0.02150170110887087,61,64,64,interval_covers_zero,4B,training seed only (cleaned s123 - s42),seed,qwen3-4b-cleanv2-s42,qwen3-4b-cleanv2-s123,test,all,qwen3-4b-cleanv2-s42,64
close_prob_pre_filter,0.19843758963098335,0.20497797924623443,0.00654038961525108,-0.012160858910573858,0.026636611262772794,61,64,64,interval_covers_zero,4B,training seed only (cleaned s123 - s42),seed,qwen3-4b-cleanv2-s42,qwen3-4b-cleanv2-s123,test,all,qwen3-4b-cleanv2-s42,64
close_sampler_prob,0.18536394660250047,0.18338438147077205,-0.0019795651317284224,-0.027221404723985522,0.024160691576649993,61,64,64,interval_covers_zero,4B,training seed only (cleaned s123 - s42),seed,qwen3-4b-cleanv2-s42,qwen3-4b-cleanv2-s123,test,all,qwen3-4b-cleanv2-s42,64
eos_after_forced_close_prob,0.9999989511202098,0.9999989734157886,2.229557882760247e-08,-8.135731747183072e-08,1.2489677991556202e-07,61,64,64,interval_covers_zero,4B,training seed only (cleaned s123 - s42),seed,qwen3-4b-cleanv2-s42,qwen3-4b-cleanv2-s123,test,all,qwen3-4b-cleanv2-s42,64
next_event_close_rate,0.3680555555555556,0.3611111111111111,-0.006944444444444475,-0.028769841269841223,0.014112903225806439,58,63,63,interval_covers_zero,4B,training seed only (cleaned s123 - s42),seed,qwen3-4b-cleanv2-s42,qwen3-4b-cleanv2-s123,test,all,qwen3-4b-keep4-s42,63
continue_rate,0.6319444444444444,0.6388888888888888,0.00694444444444442,-0.014112903225806495,0.02876984126984117,58,63,63,interval_covers_zero,4B,training seed only (cleaned s123 - s42),seed,qwen3-4b-cleanv2-s42,qwen3-4b-cleanv2-s123,test,all,qwen3-4b-keep4-s42,63
eos_without_close_rate,0.0,0.0,0.0,0.0,0.0,58,63,63,interval_covers_zero,4B,training seed only (cleaned s123 - s42),seed,qwen3-4b-cleanv2-s42,qwen3-4b-cleanv2-s123,test,all,qwen3-4b-keep4-s42,63
unresolved_rate,0.0,0.0,0.0,0.0,0.0,58,63,63,interval_covers_zero,4B,training seed only (cleaned s123 - s42),seed,qwen3-4b-cleanv2-s42,qwen3-4b-cleanv2-s123,test,all,qwen3-4b-keep4-s42,63
margin_first_policy,-3.517573696145126,-3.5884353741496606,-0.07086167800453458,-0.2012563089752038,0.06440281030444922,58,63,63,interval_covers_zero,4B,training seed only (cleaned s123 - s42),seed,qwen3-4b-cleanv2-s42,qwen3-4b-cleanv2-s123,test,all,qwen3-4b-keep4-s42,63
margin_first_raw,-3.9623015873015874,-4.011904761904762,-0.04960317460317443,-0.14087941628264203,0.04508196721311464,58,63,63,interval_covers_zero,4B,training seed only (cleaned s123 - s42),seed,qwen3-4b-cleanv2-s42,qwen3-4b-cleanv2-s123,test,all,qwen3-4b-keep4-s42,63
close_prob_pre_filter,0.3515412058776007,0.3527709324078219,0.0012297265302212423,-0.012053108780761936,0.014821802880847773,58,63,63,interval_covers_zero,4B,training seed only (cleaned s123 - s42),seed,qwen3-4b-cleanv2-s42,qwen3-4b-cleanv2-s123,test,all,qwen3-4b-keep4-s42,63
close_sampler_prob,0.3604228094971912,0.3591749404471684,-0.0012478690500227763,-0.019867882246092764,0.017538504643077366,58,63,63,interval_covers_zero,4B,training seed only (cleaned s123 - s42),seed,qwen3-4b-cleanv2-s42,qwen3-4b-cleanv2-s123,test,all,qwen3-4b-keep4-s42,63
eos_after_forced_close_prob,0.999999139571192,0.9999989338857247,-2.05685467324912e-07,-4.67704267570479e-07,-2.2364432020194417e-08,58,63,63,m1_lower,4B,training seed only (cleaned s123 - s42),seed,qwen3-4b-cleanv2-s42,qwen3-4b-cleanv2-s123,test,all,qwen3-4b-keep4-s42,63
next_event_close_rate,0.5274621212121212,0.5104166666666666,-0.017045454545454586,-0.051136363636363646,0.016098484848484862,66,66,66,interval_covers_zero,4B,training seed only (cleaned s123 - s42),seed,qwen3-4b-cleanv2-s42,qwen3-4b-cleanv2-s123,test,natural_stop,all,66
continue_rate,0.4725378787878788,0.4895833333333333,0.01704545454545453,-0.016098484848484862,0.051136363636363646,66,66,66,interval_covers_zero,4B,training seed only (cleaned s123 - s42),seed,qwen3-4b-cleanv2-s42,qwen3-4b-cleanv2-s123,test,natural_stop,all,66
eos_without_close_rate,0.0,0.0,0.0,0.0,0.0,66,66,66,interval_covers_zero,4B,training seed only (cleaned s123 - s42),seed,qwen3-4b-cleanv2-s42,qwen3-4b-cleanv2-s123,test,natural_stop,all,66
unresolved_rate,0.0,0.0,0.0,0.0,0.0,66,66,66,interval_covers_zero,4B,training seed only (cleaned s123 - s42),seed,qwen3-4b-cleanv2-s42,qwen3-4b-cleanv2-s123,test,natural_stop,all,66
margin_first_policy,0.0649350649350646,0.059523809523809014,-0.005411255411255582,-0.11093073593073612,0.09740259740259702,66,66,66,interval_covers_zero,4B,training seed only (cleaned s123 - s42),seed,qwen3-4b-cleanv2-s42,qwen3-4b-cleanv2-s123,test,natural_stop,all,66
margin_first_raw,-1.4545454545454546,-1.4583333333333333,-0.0037878787878786735,-0.07765151515151514,0.06818181818181812,66,66,66,interval_covers_zero,4B,training seed only (cleaned s123 - s42),seed,qwen3-4b-cleanv2-s42,qwen3-4b-cleanv2-s123,test,natural_stop,all,66
close_prob_pre_filter,0.5071368264180147,0.5122356121070004,0.005098785688985696,-0.016781422038467574,0.02660800749321677,66,66,66,interval_covers_zero,4B,training seed only (cleaned s123 - s42),seed,qwen3-4b-cleanv2-s42,qwen3-4b-cleanv2-s123,test,natural_stop,all,66
close_sampler_prob,0.5160107405533699,0.5100371169936423,-0.005973623559727637,-0.03557337138790869,0.02290219237701105,66,66,66,interval_covers_zero,4B,training seed only (cleaned s123 - s42),seed,qwen3-4b-cleanv2-s42,qwen3-4b-cleanv2-s123,test,natural_stop,all,66
eos_after_forced_close_prob,0.9999993027811924,0.9999992855038561,-1.7277336339382998e-08,-6.936855248551588e-08,3.226082956886405e-08,66,66,66,interval_covers_zero,4B,training seed only (cleaned s123 - s42),seed,qwen3-4b-cleanv2-s42,qwen3-4b-cleanv2-s123,test,natural_stop,all,66
next_event_close_rate,0.36742424242424243,0.3522727272727273,-0.015151515151515138,-0.0757575757575758,0.03977272727272729,33,33,33,interval_covers_zero,4B,training seed only (cleaned s123 - s42),seed,qwen3-4b-cleanv2-s42,qwen3-4b-cleanv2-s123,test,natural_stop,qwen3-4b-cleanv2-s42,33
continue_rate,0.6325757575757576,0.6477272727272727,0.015151515151515138,-0.03977272727272729,0.0757575757575758,33,33,33,interval_covers_zero,4B,training seed only (cleaned s123 - s42),seed,qwen3-4b-cleanv2-s42,qwen3-4b-cleanv2-s123,test,natural_stop,qwen3-4b-cleanv2-s42,33
eos_without_close_rate,0.0,0.0,0.0,0.0,0.0,33,33,33,interval_covers_zero,4B,training seed only (cleaned s123 - s42),seed,qwen3-4b-cleanv2-s42,qwen3-4b-cleanv2-s123,test,natural_stop,qwen3-4b-cleanv2-s42,33
unresolved_rate,0.0,0.0,0.0,0.0,0.0,33,33,33,interval_covers_zero,4B,training seed only (cleaned s123 - s42),seed,qwen3-4b-cleanv2-s42,qwen3-4b-cleanv2-s123,test,natural_stop,qwen3-4b-cleanv2-s42,33
margin_first_policy,-0.5681818181818186,-0.5519480519480522,0.016233766233766378,-0.16774891774891776,0.20021645021645013,33,33,33,interval_covers_zero,4B,training seed only (cleaned s123 - s42),seed,qwen3-4b-cleanv2-s42,qwen3-4b-cleanv2-s123,test,natural_stop,qwen3-4b-cleanv2-s42,33
margin_first_raw,-1.8977272727272727,-1.8863636363636365,0.011363636363636243,-0.11742424242424243,0.14015151515151514,33,33,33,interval_covers_zero,4B,training seed only (cleaned s123 - s42),seed,qwen3-4b-cleanv2-s42,qwen3-4b-cleanv2-s123,test,natural_stop,qwen3-4b-cleanv2-s42,33
close_prob_pre_filter,0.3704117783752008,0.38376965129955365,0.013357872924352865,-0.02417161578768706,0.05128224352691317,33,33,33,interval_covers_zero,4B,training seed only (cleaned s123 - s42),seed,qwen3-4b-cleanv2-s42,qwen3-4b-cleanv2-s123,test,natural_stop,qwen3-4b-cleanv2-s42,33
close_sampler_prob,0.3594937146230312,0.35565455800392154,-0.0038391566191096627,-0.056590112034453736,0.04640282139776827,33,33,33,interval_covers_zero,4B,training seed only (cleaned s123 - s42),seed,qwen3-4b-cleanv2-s42,qwen3-4b-cleanv2-s123,test,natural_stop,qwen3-4b-cleanv2-s42,33
eos_after_forced_close_prob,0.9999991869776328,0.9999991792587813,-7.718851446902875e-09,-1.0053253577946286e-07,7.508803693268006e-08,33,33,33,interval_covers_zero,4B,training seed only (cleaned s123 - s42),seed,qwen3-4b-cleanv2-s42,qwen3-4b-cleanv2-s123,test,natural_stop,qwen3-4b-cleanv2-s42,33
next_event_close_rate,0.6875,0.6685606060606061,-0.018939393939393923,-0.05681818181818177,0.018939393939393923,33,33,33,interval_covers_zero,4B,training seed only (cleaned s123 - s42),seed,qwen3-4b-cleanv2-s42,qwen3-4b-cleanv2-s123,test,natural_stop,qwen3-4b-keep4-s42,33
continue_rate,0.3125,0.3314393939393939,0.018939393939393923,-0.018939393939393923,0.05681818181818182,33,33,33,interval_covers_zero,4B,training seed only (cleaned s123 - s42),seed,qwen3-4b-cleanv2-s42,qwen3-4b-cleanv2-s123,test,natural_stop,qwen3-4b-keep4-s42,33
eos_without_close_rate,0.0,0.0,0.0,0.0,0.0,33,33,33,interval_covers_zero,4B,training seed only (cleaned s123 - s42),seed,qwen3-4b-cleanv2-s42,qwen3-4b-cleanv2-s123,test,natural_stop,qwen3-4b-keep4-s42,33
unresolved_rate,0.0,0.0,0.0,0.0,0.0,33,33,33,interval_covers_zero,4B,training seed only (cleaned s123 - s42),seed,qwen3-4b-cleanv2-s42,qwen3-4b-cleanv2-s123,test,natural_stop,qwen3-4b-keep4-s42,33
margin_first_policy,0.6980519480519478,0.6709956709956703,-0.027056277056277556,-0.14610389610389707,0.09199134199134155,33,33,33,interval_covers_zero,4B,training seed only (cleaned s123 - s42),seed,qwen3-4b-cleanv2-s42,qwen3-4b-cleanv2-s123,test,natural_stop,qwen3-4b-keep4-s42,33
margin_first_raw,-1.0113636363636365,-1.0303030303030303,-0.01893939393939381,-0.10227272727272729,0.06439393939393945,33,33,33,interval_covers_zero,4B,training seed only (cleaned s123 - s42),seed,qwen3-4b-cleanv2-s42,qwen3-4b-cleanv2-s123,test,natural_stop,qwen3-4b-keep4-s42,33
close_prob_pre_filter,0.6438618744608285,0.6407015729144473,-0.00316030154638125,-0.028286469018437475,0.02053301335910373,33,33,33,interval_covers_zero,4B,training seed only (cleaned s123 - s42),seed,qwen3-4b-cleanv2-s42,qwen3-4b-cleanv2-s123,test,natural_stop,qwen3-4b-keep4-s42,33
close_sampler_prob,0.6725277664837087,0.6644196759833629,-0.008108090500345777,-0.04285611631337035,0.026559481147928398,33,33,33,interval_covers_zero,4B,training seed only (cleaned s123 - s42),seed,qwen3-4b-cleanv2-s42,qwen3-4b-cleanv2-s123,test,natural_stop,qwen3-4b-keep4-s42,33
eos_after_forced_close_prob,0.9999994185847517,0.999999391748931,-2.683582067675161e-08,-7.714720121898556e-08,2.8573797081210505e-08,33,33,33,interval_covers_zero,4B,training seed only (cleaned s123 - s42),seed,qwen3-4b-cleanv2-s42,qwen3-4b-cleanv2-s123,test,natural_stop,qwen3-4b-keep4-s42,33
next_event_close_rate,0.0,0.0,0.0,0.0,0.0,33,33,33,interval_covers_zero,4B,training seed only (cleaned s123 - s42),seed,qwen3-4b-cleanv2-s42,qwen3-4b-cleanv2-s123,test,early_remaining,all,33
continue_rate,1.0,1.0,0.0,0.0,0.0,33,33,33,interval_covers_zero,4B,training seed only (cleaned s123 - s42),seed,qwen3-4b-cleanv2-s42,qwen3-4b-cleanv2-s123,test,early_remaining,all,33
eos_without_close_rate,0.0,0.0,0.0,0.0,0.0,33,33,33,interval_covers_zero,4B,training seed only (cleaned s123 - s42),seed,qwen3-4b-cleanv2-s42,qwen3-4b-cleanv2-s123,test,early_remaining,all,33
unresolved_rate,0.0,0.0,0.0,0.0,0.0,33,33,33,interval_covers_zero,4B,training seed only (cleaned s123 - s42),seed,qwen3-4b-cleanv2-s42,qwen3-4b-cleanv2-s123,test,early_remaining,all,33
margin_first_policy,-10.075757575757578,-10.265151515151517,-0.18939393939393945,-0.38974567099567253,0.010822510822508891,33,33,33,interval_covers_zero,4B,training seed only (cleaned s123 - s42),seed,qwen3-4b-cleanv2-s42,qwen3-4b-cleanv2-s123,test,early_remaining,all,33
margin_first_raw,-8.553030303030303,-8.68560606060606,-0.1325757575757578,-0.2728219696969703,0.007575757575757791,33,33,33,interval_covers_zero,4B,training seed only (cleaned s123 - s42),seed,qwen3-4b-cleanv2-s42,qwen3-4b-cleanv2-s123,test,early_remaining,all,33
close_prob_pre_filter,0.0032950004521866798,0.0023346174599338434,-0.0009603829922528364,-0.002271711351592448,1.5555751353887753e-05,33,33,33,interval_covers_zero,4B,training seed only (cleaned s123 - s42),seed,qwen3-4b-cleanv2-s42,qwen3-4b-cleanv2-s123,test,early_remaining,all,33
close_sampler_prob,0.0,0.0,0.0,0.0,0.0,33,33,33,interval_covers_zero,4B,training seed only (cleaned s123 - s42),seed,qwen3-4b-cleanv2-s42,qwen3-4b-cleanv2-s123,test,early_remaining,all,33
eos_after_forced_close_prob,0.9999984747190306,0.999998200091212,-2.746278185972173e-07,-7.700632849078071e-07,1.0016723339945047e-07,33,33,33,interval_covers_zero,4B,training seed only (cleaned s123 - s42),seed,qwen3-4b-cleanv2-s42,qwen3-4b-cleanv2-s123,test,early_remaining,all,33
next_event_close_rate,0.0,0.0,0.0,0.0,0.0,16,16,16,interval_covers_zero,4B,training seed only (cleaned s123 - s42),seed,qwen3-4b-cleanv2-s42,qwen3-4b-cleanv2-s123,test,early_remaining,qwen3-4b-cleanv2-s42,16
continue_rate,1.0,1.0,0.0,0.0,0.0,16,16,16,interval_covers_zero,4B,training seed only (cleaned s123 - s42),seed,qwen3-4b-cleanv2-s42,qwen3-4b-cleanv2-s123,test,early_remaining,qwen3-4b-cleanv2-s42,16
eos_without_close_rate,0.0,0.0,0.0,0.0,0.0,16,16,16,interval_covers_zero,4B,training seed only (cleaned s123 - s42),seed,qwen3-4b-cleanv2-s42,qwen3-4b-cleanv2-s123,test,early_remaining,qwen3-4b-cleanv2-s42,16
unresolved_rate,0.0,0.0,0.0,0.0,0.0,16,16,16,interval_covers_zero,4B,training seed only (cleaned s123 - s42),seed,qwen3-4b-cleanv2-s42,qwen3-4b-cleanv2-s123,test,early_remaining,qwen3-4b-cleanv2-s42,16
margin_first_policy,-9.88839285714286,-10.033482142857142,-0.14508928571428292,-0.3794642857142847,0.10044642857142883,16,16,16,interval_covers_zero,4B,training seed only (cleaned s123 - s42),seed,qwen3-4b-cleanv2-s42,qwen3-4b-cleanv2-s123,test,early_remaining,qwen3-4b-cleanv2-s42,16
margin_first_raw,-8.421875,-8.5234375,-0.1015625,-0.265625,0.0703125,16,16,16,interval_covers_zero,4B,training seed only (cleaned s123 - s42),seed,qwen3-4b-cleanv2-s42,qwen3-4b-cleanv2-s123,test,early_remaining,qwen3-4b-cleanv2-s42,16
close_prob_pre_filter,0.003844008216852298,0.0028932940082607808,-0.0009507142085915174,-0.0031488770851973093,0.000507393707759607,16,16,16,interval_covers_zero,4B,training seed only (cleaned s123 - s42),seed,qwen3-4b-cleanv2-s42,qwen3-4b-cleanv2-s123,test,early_remaining,qwen3-4b-cleanv2-s42,16
close_sampler_prob,0.0,0.0,0.0,0.0,0.0,16,16,16,interval_covers_zero,4B,training seed only (cleaned s123 - s42),seed,qwen3-4b-cleanv2-s42,qwen3-4b-cleanv2-s123,test,early_remaining,qwen3-4b-cleanv2-s42,16
eos_after_forced_close_prob,0.9999983231575509,0.9999984719559806,1.487984296888456e-07,-1.5306377479928912e-07,4.391608313086825e-07,16,16,16,interval_covers_zero,4B,training seed only (cleaned s123 - s42),seed,qwen3-4b-cleanv2-s42,qwen3-4b-cleanv2-s123,test,early_remaining,qwen3-4b-cleanv2-s42,16
next_event_close_rate,0.0,0.0,0.0,0.0,0.0,17,17,17,interval_covers_zero,4B,training seed only (cleaned s123 - s42),seed,qwen3-4b-cleanv2-s42,qwen3-4b-cleanv2-s123,test,early_remaining,qwen3-4b-keep4-s42,17
continue_rate,1.0,1.0,0.0,0.0,0.0,17,17,17,interval_covers_zero,4B,training seed only (cleaned s123 - s42),seed,qwen3-4b-cleanv2-s42,qwen3-4b-cleanv2-s123,test,early_remaining,qwen3-4b-keep4-s42,17
eos_without_close_rate,0.0,0.0,0.0,0.0,0.0,17,17,17,interval_covers_zero,4B,training seed only (cleaned s123 - s42),seed,qwen3-4b-cleanv2-s42,qwen3-4b-cleanv2-s123,test,early_remaining,qwen3-4b-keep4-s42,17
unresolved_rate,0.0,0.0,0.0,0.0,0.0,17,17,17,interval_covers_zero,4B,training seed only (cleaned s123 - s42),seed,qwen3-4b-cleanv2-s42,qwen3-4b-cleanv2-s123,test,early_remaining,qwen3-4b-keep4-s42,17
margin_first_policy,-10.252100840336137,-10.483193277310924,-0.23109243697478732,-0.5882352941176432,0.10504201680672587,17,17,17,interval_covers_zero,4B,training seed only (cleaned s123 - s42),seed,qwen3-4b-cleanv2-s42,qwen3-4b-cleanv2-s123,test,early_remaining,qwen3-4b-keep4-s42,17
margin_first_raw,-8.676470588235293,-8.838235294117647,-0.16176470588235325,-0.41176470588235237,0.07352941176470651,17,17,17,interval_covers_zero,4B,training seed only (cleaned s123 - s42),seed,qwen3-4b-cleanv2-s42,qwen3-4b-cleanv2-s123,test,early_remaining,qwen3-4b-keep4-s42,17
close_prob_pre_filter,0.0027782872619131578,0.001808804237979079,-0.0009694830239340788,-0.0023837305233630956,-1.7211032020090435e-05,17,17,17,m1_lower,4B,training seed only (cleaned s123 - s42),seed,qwen3-4b-cleanv2-s42,qwen3-4b-cleanv2-s123,test,early_remaining,qwen3-4b-keep4-s42,17
close_sampler_prob,0.0,0.0,0.0,0.0,0.0,17,17,17,interval_covers_zero,4B,training seed only (cleaned s123 - s42),seed,qwen3-4b-cleanv2-s42,qwen3-4b-cleanv2-s123,test,early_remaining,qwen3-4b-keep4-s42,17
eos_after_forced_close_prob,0.9999986173651292,0.9999979442184883,-6.731466408727016e-07,-1.5828359590602804e-06,-4.231215769423553e-08,17,17,17,m1_lower,4B,training seed only (cleaned s123 - s42),seed,qwen3-4b-cleanv2-s42,qwen3-4b-cleanv2-s123,test,early_remaining,qwen3-4b-keep4-s42,17
next_event_close_rate,0.017857142857142856,0.024553571428571428,0.006696428571428572,0.0,0.02008928571428572,28,28,28,interval_covers_zero,4B,training seed only (cleaned s123 - s42),seed,qwen3-4b-cleanv2-s42,qwen3-4b-cleanv2-s123,test,pre_first_reuse,all,28
continue_rate,0.9821428571428571,0.9754464285714286,-0.006696428571428492,-0.0200892857142857,0.0,28,28,28,interval_covers_zero,4B,training seed only (cleaned s123 - s42),seed,qwen3-4b-cleanv2-s42,qwen3-4b-cleanv2-s123,test,pre_first_reuse,all,28
eos_without_close_rate,0.0,0.0,0.0,0.0,0.0,28,28,28,interval_covers_zero,4B,training seed only (cleaned s123 - s42),seed,qwen3-4b-cleanv2-s42,qwen3-4b-cleanv2-s123,test,pre_first_reuse,all,28
unresolved_rate,0.0,0.0,0.0,0.0,0.0,28,28,28,interval_covers_zero,4B,training seed only (cleaned s123 - s42),seed,qwen3-4b-cleanv2-s42,qwen3-4b-cleanv2-s123,test,pre_first_reuse,all,28
margin_first_policy,-5.86734693877551,-6.052295918367348,-0.1849489795918382,-0.4081632653061247,0.05739795918367285,28,28,28,interval_covers_zero,4B,training seed only (cleaned s123 - s42),seed,qwen3-4b-cleanv2-s42,qwen3-4b-cleanv2-s123,test,pre_first_reuse,all,28
margin_first_raw,-5.607142857142857,-5.736607142857143,-0.12946428571428648,-0.2857142857142865,0.04017857142857206,28,28,28,interval_covers_zero,4B,training seed only (cleaned s123 - s42),seed,qwen3-4b-cleanv2-s42,qwen3-4b-cleanv2-s123,test,pre_first_reuse,all,28
close_prob_pre_filter,0.04526200529145157,0.05209166565042639,0.0068296603589748164,-0.0035723817314434582,0.01897582830907768,28,28,28,interval_covers_zero,4B,training seed only (cleaned s123 - s42),seed,qwen3-4b-cleanv2-s42,qwen3-4b-cleanv2-s123,test,pre_first_reuse,all,28
close_sampler_prob,0.01832931087002354,0.025077569311451126,0.0067482584414275855,0.0,0.017304401378561554,28,28,28,interval_covers_zero,4B,training seed only (cleaned s123 - s42),seed,qwen3-4b-cleanv2-s42,qwen3-4b-cleanv2-s123,test,pre_first_reuse,all,28
eos_after_forced_close_prob,0.9999991076925646,0.9999990602552368,-4.7437327843624644e-08,-1.7685801470546103e-07,9.295718313429001e-08,28,28,28,interval_covers_zero,4B,training seed only (cleaned s123 - s42),seed,qwen3-4b-cleanv2-s42,qwen3-4b-cleanv2-s123,test,pre_first_reuse,all,28
next_event_close_rate,0.0,0.0,0.0,0.0,0.0,15,15,15,interval_covers_zero,4B,training seed only (cleaned s123 - s42),seed,qwen3-4b-cleanv2-s42,qwen3-4b-cleanv2-s123,test,pre_first_reuse,qwen3-4b-cleanv2-s42,15
continue_rate,1.0,1.0,0.0,0.0,0.0,15,15,15,interval_covers_zero,4B,training seed only (cleaned s123 - s42),seed,qwen3-4b-cleanv2-s42,qwen3-4b-cleanv2-s123,test,pre_first_reuse,qwen3-4b-cleanv2-s42,15
eos_without_close_rate,0.0,0.0,0.0,0.0,0.0,15,15,15,interval_covers_zero,4B,training seed only (cleaned s123 - s42),seed,qwen3-4b-cleanv2-s42,qwen3-4b-cleanv2-s123,test,pre_first_reuse,qwen3-4b-cleanv2-s42,15
unresolved_rate,0.0,0.0,0.0,0.0,0.0,15,15,15,interval_covers_zero,4B,training seed only (cleaned s123 - s42),seed,qwen3-4b-cleanv2-s42,qwen3-4b-cleanv2-s123,test,pre_first_reuse,qwen3-4b-cleanv2-s42,15
margin_first_policy,-6.261904761904763,-6.630952380952381,-0.3690476190476186,-0.6904761904761916,-0.0357142857142847,15,15,15,m1_lower,4B,training seed only (cleaned s123 - s42),seed,qwen3-4b-cleanv2-s42,qwen3-4b-cleanv2-s123,test,pre_first_reuse,qwen3-4b-cleanv2-s42,15
margin_first_raw,-5.883333333333334,-6.141666666666667,-0.25833333333333286,-0.4833333333333334,-0.025000000000000334,15,15,15,m1_lower,4B,training seed only (cleaned s123 - s42),seed,qwen3-4b-cleanv2-s42,qwen3-4b-cleanv2-s123,test,pre_first_reuse,qwen3-4b-cleanv2-s42,15
close_prob_pre_filter,0.027660861235444756,0.027193298316104064,-0.0004675629193406916,-0.009841630337779695,0.009528252851760064,15,15,15,interval_covers_zero,4B,training seed only (cleaned s123 - s42),seed,qwen3-4b-cleanv2-s42,qwen3-4b-cleanv2-s123,test,pre_first_reuse,qwen3-4b-cleanv2-s42,15
close_sampler_prob,0.0,0.0,0.0,0.0,0.0,15,15,15,interval_covers_zero,4B,training seed only (cleaned s123 - s42),seed,qwen3-4b-cleanv2-s42,qwen3-4b-cleanv2-s123,test,pre_first_reuse,qwen3-4b-cleanv2-s42,15
eos_after_forced_close_prob,0.9999991020607144,0.9999990554516667,-4.6609047732459885e-08,-2.614256396443748e-07,1.769605291995768e-07,15,15,15,interval_covers_zero,4B,training seed only (cleaned s123 - s42),seed,qwen3-4b-cleanv2-s42,qwen3-4b-cleanv2-s123,test,pre_first_reuse,qwen3-4b-cleanv2-s42,15
next_event_close_rate,0.038461538461538464,0.052884615384615384,0.01442307692307692,0.0,0.04326923076923077,13,13,13,interval_covers_zero,4B,training seed only (cleaned s123 - s42),seed,qwen3-4b-cleanv2-s42,qwen3-4b-cleanv2-s123,test,pre_first_reuse,qwen3-4b-keep4-s42,13
continue_rate,0.9615384615384616,0.9471153846153846,-0.014423076923076983,-0.04326923076923084,0.0,13,13,13,interval_covers_zero,4B,training seed only (cleaned s123 - s42),seed,qwen3-4b-cleanv2-s42,qwen3-4b-cleanv2-s123,test,pre_first_reuse,qwen3-4b-keep4-s42,13
eos_without_close_rate,0.0,0.0,0.0,0.0,0.0,13,13,13,interval_covers_zero,4B,training seed only (cleaned s123 - s42),seed,qwen3-4b-cleanv2-s42,qwen3-4b-cleanv2-s123,test,pre_first_reuse,qwen3-4b-keep4-s42,13
unresolved_rate,0.0,0.0,0.0,0.0,0.0,13,13,13,interval_covers_zero,4B,training seed only (cleaned s123 - s42),seed,qwen3-4b-cleanv2-s42,qwen3-4b-cleanv2-s123,test,pre_first_reuse,qwen3-4b-keep4-s42,13
margin_first_policy,-5.412087912087912,-5.384615384615387,0.0274725274725256,-0.2335164835164827,0.302197802197802,13,13,13,interval_covers_zero,4B,training seed only (cleaned s123 - s42),seed,qwen3-4b-cleanv2-s42,qwen3-4b-cleanv2-s123,test,pre_first_reuse,qwen3-4b-keep4-s42,13
margin_first_raw,-5.288461538461538,-5.269230769230769,0.019230769230769162,-0.16346153846153832,0.21153846153846168,13,13,13,interval_covers_zero,4B,training seed only (cleaned s123 - s42),seed,qwen3-4b-cleanv2-s42,qwen3-4b-cleanv2-s123,test,pre_first_reuse,qwen3-4b-keep4-s42,13
close_prob_pre_filter,0.0655710176637671,0.08082055103618292,0.015249533372415816,-0.004174670412936578,0.037449378624821,13,13,13,interval_covers_zero,4B,training seed only (cleaned s123 - s42),seed,qwen3-4b-cleanv2-s42,qwen3-4b-cleanv2-s123,test,pre_first_reuse,qwen3-4b-keep4-s42,13
close_sampler_prob,0.039478515720050705,0.05401322620927935,0.014534710489228643,0.0,0.034286376879229724,13,13,13,interval_covers_zero,4B,training seed only (cleaned s123 - s42),seed,qwen3-4b-cleanv2-s42,qwen3-4b-cleanv2-s123,test,pre_first_reuse,qwen3-4b-keep4-s42,13
eos_after_forced_close_prob,0.9999991141908532,0.9999990657978175,-4.8393035689819897e-08,-1.895324229589379e-07,8.006432907770027e-08,13,13,13,interval_covers_zero,4B,training seed only (cleaned s123 - s42),seed,qwen3-4b-cleanv2-s42,qwen3-4b-cleanv2-s123,test,pre_first_reuse,qwen3-4b-keep4-s42,13
next_event_close_rate,0.29457364341085274,0.28972868217054265,-0.004844961240310086,-0.02379178473235325,0.013787482979101229,117,129,129,interval_covers_zero,4B,training seed only (cleaned s123 - s42),seed,qwen3-4b-cleanv2-s42,qwen3-4b-cleanv2-s123,dev,all,all,129
continue_rate,0.7054263565891473,0.7102713178294574,0.004844961240310086,-0.013787482979101378,0.023791784732353227,117,129,129,interval_covers_zero,4B,training seed only (cleaned s123 - s42),seed,qwen3-4b-cleanv2-s42,qwen3-4b-cleanv2-s123,dev,all,all,129
eos_without_close_rate,0.0,0.0,0.0,0.0,0.0,117,129,129,interval_covers_zero,4B,training seed only (cleaned s123 - s42),seed,qwen3-4b-cleanv2-s42,qwen3-4b-cleanv2-s123,dev,all,all,129
unresolved_rate,0.0,0.0,0.0,0.0,0.0,117,129,129,interval_covers_zero,4B,training seed only (cleaned s123 - s42),seed,qwen3-4b-cleanv2-s42,qwen3-4b-cleanv2-s123,dev,all,all,129
margin_first_policy,-4.245570321151716,-4.206810631229235,0.03875968992248069,-0.04708145241053905,0.12695840942911166,117,129,129,interval_covers_zero,4B,training seed only (cleaned s123 - s42),seed,qwen3-4b-cleanv2-s42,qwen3-4b-cleanv2-s123,dev,all,all,129
margin_first_raw,-4.471899224806202,-4.444767441860465,0.027131782945736482,-0.032957016687377584,0.08887088660037877,117,129,129,interval_covers_zero,4B,training seed only (cleaned s123 - s42),seed,qwen3-4b-cleanv2-s42,qwen3-4b-cleanv2-s123,dev,all,all,129
close_prob_pre_filter,0.2856976037628402,0.28867190497815187,0.00297430121531167,-0.008372260958373666,0.014214482705122575,117,129,129,interval_covers_zero,4B,training seed only (cleaned s123 - s42),seed,qwen3-4b-cleanv2-s42,qwen3-4b-cleanv2-s123,dev,all,all,129
close_sampler_prob,0.28876065369334863,0.2890767194395577,0.000316065746209071,-0.01442551005064462,0.014734717532878817,117,129,129,interval_covers_zero,4B,training seed only (cleaned s123 - s42),seed,qwen3-4b-cleanv2-s42,qwen3-4b-cleanv2-s123,dev,all,all,129
eos_after_forced_close_prob,0.9999988778152332,0.9999988624942109,-1.532102233969823e-08,-1.413409703970858e-07,1.226389716529885e-07,117,129,129,interval_covers_zero,4B,training seed only (cleaned s123 - s42),seed,qwen3-4b-cleanv2-s42,qwen3-4b-cleanv2-s123,dev,all,all,129
next_event_close_rate,0.2216796875,0.220703125,-0.0009765625,-0.02734375,0.02734375,63,64,64,interval_covers_zero,4B,training seed only (cleaned s123 - s42),seed,qwen3-4b-cleanv2-s42,qwen3-4b-cleanv2-s123,dev,all,qwen3-4b-cleanv2-s42,64
continue_rate,0.7783203125,0.779296875,0.0009765625,-0.02734375,0.02734375,63,64,64,interval_covers_zero,4B,training seed only (cleaned s123 - s42),seed,qwen3-4b-cleanv2-s42,qwen3-4b-cleanv2-s123,dev,all,qwen3-4b-cleanv2-s42,64
eos_without_close_rate,0.0,0.0,0.0,0.0,0.0,63,64,64,interval_covers_zero,4B,training seed only (cleaned s123 - s42),seed,qwen3-4b-cleanv2-s42,qwen3-4b-cleanv2-s123,dev,all,qwen3-4b-cleanv2-s42,64
unresolved_rate,0.0,0.0,0.0,0.0,0.0,63,64,64,interval_covers_zero,4B,training seed only (cleaned s123 - s42),seed,qwen3-4b-cleanv2-s42,qwen3-4b-cleanv2-s123,dev,all,qwen3-4b-cleanv2-s42,64
margin_first_policy,-4.347098214285715,-4.294084821428573,0.05301339285714235,-0.07936507936507822,0.18406808035714217,63,64,64,interval_covers_zero,4B,training seed only (cleaned s123 - s42),seed,qwen3-4b-cleanv2-s42,qwen3-4b-cleanv2-s123,dev,all,qwen3-4b-cleanv2-s42,64
margin_first_raw,-4.54296875,-4.505859375,0.037109375,-0.05555555555555538,0.12884765625000041,63,64,64,interval_covers_zero,4B,training seed only (cleaned s123 - s42),seed,qwen3-4b-cleanv2-s42,qwen3-4b-cleanv2-s123,dev,all,qwen3-4b-cleanv2-s42,64
close_prob_pre_filter,0.22673377564685065,0.23351491670819646,0.006781141061345808,-0.008996276219097658,0.023974275786638275,63,64,64,interval_covers_zero,4B,training seed only (cleaned s123 - s42),seed,qwen3-4b-cleanv2-s42,qwen3-4b-cleanv2-s123,dev,all,qwen3-4b-cleanv2-s42,64
close_sampler_prob,0.22192043151658644,0.22211881539199624,0.00019838387540979663,-0.021296172447131924,0.02329617331399427,63,64,64,interval_covers_zero,4B,training seed only (cleaned s123 - s42),seed,qwen3-4b-cleanv2-s42,qwen3-4b-cleanv2-s123,dev,all,qwen3-4b-cleanv2-s42,64
eos_after_forced_close_prob,0.9999988297514552,0.9999987611218238,-6.862963131126776e-08,-2.7694628441377043e-07,1.1924409717145565e-07,63,64,64,interval_covers_zero,4B,training seed only (cleaned s123 - s42),seed,qwen3-4b-cleanv2-s42,qwen3-4b-cleanv2-s123,dev,all,qwen3-4b-cleanv2-s42,64
next_event_close_rate,0.3663461538461538,0.3576923076923077,-0.008653846153846123,-0.03693181818181818,0.018145161290322565,61,65,65,interval_covers_zero,4B,training seed only (cleaned s123 - s42),seed,qwen3-4b-cleanv2-s42,qwen3-4b-cleanv2-s123,dev,all,qwen3-4b-keep4-s42,65
continue_rate,0.6336538461538461,0.6423076923076924,0.008653846153846234,-0.01814516129032262,0.03693181818181812,61,65,65,interval_covers_zero,4B,training seed only (cleaned s123 - s42),seed,qwen3-4b-cleanv2-s42,qwen3-4b-cleanv2-s123,dev,all,qwen3-4b-keep4-s42,65
eos_without_close_rate,0.0,0.0,0.0,0.0,0.0,61,65,65,interval_covers_zero,4B,training seed only (cleaned s123 - s42),seed,qwen3-4b-cleanv2-s42,qwen3-4b-cleanv2-s123,dev,all,qwen3-4b-keep4-s42,65
unresolved_rate,0.0,0.0,0.0,0.0,0.0,61,65,65,interval_covers_zero,4B,training seed only (cleaned s123 - s42),seed,qwen3-4b-cleanv2-s42,qwen3-4b-cleanv2-s123,dev,all,qwen3-4b-keep4-s42,65
margin_first_policy,-4.145604395604396,-4.120879120879121,0.024725274725274637,-0.08517080745341674,0.13955265525053306,61,65,65,interval_covers_zero,4B,training seed only (cleaned s123 - s42),seed,qwen3-4b-cleanv2-s42,qwen3-4b-cleanv2-s123,dev,all,qwen3-4b-keep4-s42,65
margin_first_raw,-4.401923076923077,-4.384615384615385,0.017307692307691802,-0.059619565217391514,0.09768685867537297,61,65,65,interval_covers_zero,4B,training seed only (cleaned s123 - s42),seed,qwen3-4b-cleanv2-s42,qwen3-4b-cleanv2-s123,dev,all,qwen3-4b-keep4-s42,65
close_prob_pre_filter,0.3437542960616607,0.3429803241978003,-0.0007739718638604121,-0.016460550196874438,0.014360106372053344,61,65,65,interval_covers_zero,4B,training seed only (cleaned s123 - s42),seed,qwen3-4b-cleanv2-s42,qwen3-4b-cleanv2-s123,dev,all,qwen3-4b-keep4-s42,65
close_sampler_prob,0.3545725647596992,0.3550045018863874,0.0004319371266881533,-0.019646065837533276,0.01995963512801593,61,65,65,interval_covers_zero,4B,training seed only (cleaned s123 - s42),seed,qwen3-4b-cleanv2-s42,qwen3-4b-cleanv2-s123,dev,all,qwen3-4b-keep4-s42,65
eos_after_forced_close_prob,0.9999989251395688,0.999998962307023,3.7167454225439656e-08,-1.3180453375394308e-07,2.2493394815914472e-07,61,65,65,interval_covers_zero,4B,training seed only (cleaned s123 - s42),seed,qwen3-4b-cleanv2-s42,qwen3-4b-cleanv2-s123,dev,all,qwen3-4b-keep4-s42,65
next_event_close_rate,0.5655241935483871,0.5685483870967742,0.003024193548387122,-0.032258064516129004,0.04261476370851369,60,62,62,interval_covers_zero,4B,training seed only (cleaned s123 - s42),seed,qwen3-4b-cleanv2-s42,qwen3-4b-cleanv2-s123,dev,natural_stop,all,62
continue_rate,0.4344758064516129,0.4314516129032258,-0.0030241935483870663,-0.0426147637085137,0.032258064516129004,60,62,62,interval_covers_zero,4B,training seed only (cleaned s123 - s42),seed,qwen3-4b-cleanv2-s42,qwen3-4b-cleanv2-s123,dev,natural_stop,all,62
eos_without_close_rate,0.0,0.0,0.0,0.0,0.0,60,62,62,interval_covers_zero,4B,training seed only (cleaned s123 - s42),seed,qwen3-4b-cleanv2-s42,qwen3-4b-cleanv2-s123,dev,natural_stop,all,62
unresolved_rate,0.0,0.0,0.0,0.0,0.0,60,62,62,interval_covers_zero,4B,training seed only (cleaned s123 - s42),seed,qwen3-4b-cleanv2-s42,qwen3-4b-cleanv2-s123,dev,natural_stop,all,62
margin_first_policy,0.2563364055299542,0.2908986175115211,0.03456221198156689,-0.0644225586409427,0.14114389035183958,60,62,62,interval_covers_zero,4B,training seed only (cleaned s123 - s42),seed,qwen3-4b-cleanv2-s42,qwen3-4b-cleanv2-s123,dev,natural_stop,all,62
margin_first_raw,-1.3205645161290323,-1.2963709677419355,0.024193548387096753,-0.045095791048659996,0.09880072324628779,60,62,62,interval_covers_zero,4B,training seed only (cleaned s123 - s42),seed,qwen3-4b-cleanv2-s42,qwen3-4b-cleanv2-s123,dev,natural_stop,all,62
close_prob_pre_filter,0.5481686382604078,0.5550638634141152,0.0068952251537073295,-0.015205782297073497,0.030496611911656746,60,62,62,interval_covers_zero,4B,training seed only (cleaned s123 - s42),seed,qwen3-4b-cleanv2-s42,qwen3-4b-cleanv2-s123,dev,natural_stop,all,62
close_sampler_prob,0.5609482412533872,0.5671203336610917,0.006172092407704555,-0.022625872345626304,0.03586345199053318,60,62,62,interval_covers_zero,4B,training seed only (cleaned s123 - s42),seed,qwen3-4b-cleanv2-s42,qwen3-4b-cleanv2-s123,dev,natural_stop,all,62
eos_after_forced_close_prob,0.99999942544449,0.9999993675818214,-5.786266865648315e-08,-1.1761016298073024e-07,2.7703221328057e-09,60,62,62,interval_covers_zero,4B,training seed only (cleaned s123 - s42),seed,qwen3-4b-cleanv2-s42,qwen3-4b-cleanv2-s123,dev,natural_stop,all,62
next_event_close_rate,0.4213709677419355,0.42943548387096775,0.008064516129032251,-0.04032258064516131,0.06048387096774188,31,31,31,interval_covers_zero,4B,training seed only (cleaned s123 - s42),seed,qwen3-4b-cleanv2-s42,qwen3-4b-cleanv2-s123,dev,natural_stop,qwen3-4b-cleanv2-s42,31
continue_rate,0.5786290322580645,0.5705645161290323,-0.008064516129032251,-0.06048387096774188,0.040322580645161366,31,31,31,interval_covers_zero,4B,training seed only (cleaned s123 - s42),seed,qwen3-4b-cleanv2-s42,qwen3-4b-cleanv2-s123,dev,natural_stop,qwen3-4b-cleanv2-s42,31
eos_without_close_rate,0.0,0.0,0.0,0.0,0.0,31,31,31,interval_covers_zero,4B,training seed only (cleaned s123 - s42),seed,qwen3-4b-cleanv2-s42,qwen3-4b-cleanv2-s123,dev,natural_stop,qwen3-4b-cleanv2-s42,31
unresolved_rate,0.0,0.0,0.0,0.0,0.0,31,31,31,interval_covers_zero,4B,training seed only (cleaned s123 - s42),seed,qwen3-4b-cleanv2-s42,qwen3-4b-cleanv2-s123,dev,natural_stop,qwen3-4b-cleanv2-s42,31
margin_first_policy,-0.27649769585253425,-0.2361751152073732,0.04032258064516106,-0.1094470046082957,0.201612903225806,31,31,31,interval_covers_zero,4B,training seed only (cleaned s123 - s42),seed,qwen3-4b-cleanv2-s42,qwen3-4b-cleanv2-s123,dev,natural_stop,qwen3-4b-cleanv2-s42,31
margin_first_raw,-1.6935483870967742,-1.6653225806451613,0.02822580645161299,-0.0766129032258065,0.1411290322580645,31,31,31,interval_covers_zero,4B,training seed only (cleaned s123 - s42),seed,qwen3-4b-cleanv2-s42,qwen3-4b-cleanv2-s123,dev,natural_stop,qwen3-4b-cleanv2-s42,31
close_prob_pre_filter,0.43299657184361046,0.44510488891253536,0.012108317068924901,-0.020917762212702518,0.04668486261802423,31,31,31,interval_covers_zero,4B,training seed only (cleaned s123 - s42),seed,qwen3-4b-cleanv2-s42,qwen3-4b-cleanv2-s123,dev,natural_stop,qwen3-4b-cleanv2-s42,31
close_sampler_prob,0.4297890160573187,0.4303645022162523,0.0005754861589336024,-0.04519859600476968,0.045991115325440965,31,31,31,interval_covers_zero,4B,training seed only (cleaned s123 - s42),seed,qwen3-4b-cleanv2-s42,qwen3-4b-cleanv2-s123,dev,natural_stop,qwen3-4b-cleanv2-s42,31
eos_after_forced_close_prob,0.9999993584140378,0.9999993240900005,-3.432403727909872e-08,-1.3008839408468198e-07,5.635448145635543e-08,31,31,31,interval_covers_zero,4B,training seed only (cleaned s123 - s42),seed,qwen3-4b-cleanv2-s42,qwen3-4b-cleanv2-s123,dev,natural_stop,qwen3-4b-cleanv2-s42,31
next_event_close_rate,0.7096774193548387,0.7076612903225806,-0.0020161290322581182,-0.05246975806451619,0.050403225806451624,31,31,31,interval_covers_zero,4B,training seed only (cleaned s123 - s42),seed,qwen3-4b-cleanv2-s42,qwen3-4b-cleanv2-s123,dev,natural_stop,qwen3-4b-keep4-s42,31
continue_rate,0.2903225806451613,0.2923387096774194,0.0020161290322580627,-0.050403225806451624,0.05246975806451586,31,31,31,interval_covers_zero,4B,training seed only (cleaned s123 - s42),seed,qwen3-4b-cleanv2-s42,qwen3-4b-cleanv2-s123,dev,natural_stop,qwen3-4b-keep4-s42,31
eos_without_close_rate,0.0,0.0,0.0,0.0,0.0,31,31,31,interval_covers_zero,4B,training seed only (cleaned s123 - s42),seed,qwen3-4b-cleanv2-s42,qwen3-4b-cleanv2-s123,dev,natural_stop,qwen3-4b-keep4-s42,31
unresolved_rate,0.0,0.0,0.0,0.0,0.0,31,31,31,interval_covers_zero,4B,training seed only (cleaned s123 - s42),seed,qwen3-4b-cleanv2-s42,qwen3-4b-cleanv2-s123,dev,natural_stop,qwen3-4b-keep4-s42,31
margin_first_policy,0.7891705069124426,0.8179723502304154,0.028801843317972753,-0.10944700460829448,0.1612903225806438,31,31,31,interval_covers_zero,4B,training seed only (cleaned s123 - s42),seed,qwen3-4b-cleanv2-s42,qwen3-4b-cleanv2-s123,dev,natural_stop,qwen3-4b-keep4-s42,31
margin_first_raw,-0.9475806451612904,-0.9274193548387096,0.02016129032258074,-0.0766129032258065,0.11290322580645151,31,31,31,interval_covers_zero,4B,training seed only (cleaned s123 - s42),seed,qwen3-4b-cleanv2-s42,qwen3-4b-cleanv2-s123,dev,natural_stop,qwen3-4b-keep4-s42,31
close_prob_pre_filter,0.6633407046772054,0.6650228379156954,0.00168213323848998,-0.03039619286118111,0.03124257981091182,31,31,31,interval_covers_zero,4B,training seed only (cleaned s123 - s42),seed,qwen3-4b-cleanv2-s42,qwen3-4b-cleanv2-s123,dev,natural_stop,qwen3-4b-keep4-s42,31
close_sampler_prob,0.6921074664494554,0.703876165105931,0.011768698656475562,-0.02307204253172494,0.047448551712527924,31,31,31,interval_covers_zero,4B,training seed only (cleaned s123 - s42),seed,qwen3-4b-cleanv2-s42,qwen3-4b-cleanv2-s123,dev,natural_stop,qwen3-4b-keep4-s42,31
eos_after_forced_close_prob,0.9999994924749427,0.9999994110736421,-8.14013005889791e-08,-1.51588948768544e-07,-1.2634577176151626e-08,31,31,31,m1_lower,4B,training seed only (cleaned s123 - s42),seed,qwen3-4b-cleanv2-s42,qwen3-4b-cleanv2-s123,dev,natural_stop,qwen3-4b-keep4-s42,31
next_event_close_rate,0.012096774193548387,0.012096774193548387,0.0,0.0,0.0,31,31,31,interval_covers_zero,4B,training seed only (cleaned s123 - s42),seed,qwen3-4b-cleanv2-s42,qwen3-4b-cleanv2-s123,dev,early_remaining,all,31
continue_rate,0.9879032258064516,0.9879032258064516,0.0,0.0,0.0,31,31,31,interval_covers_zero,4B,training seed only (cleaned s123 - s42),seed,qwen3-4b-cleanv2-s42,qwen3-4b-cleanv2-s123,dev,early_remaining,all,31
eos_without_close_rate,0.0,0.0,0.0,0.0,0.0,31,31,31,interval_covers_zero,4B,training seed only (cleaned s123 - s42),seed,qwen3-4b-cleanv2-s42,qwen3-4b-cleanv2-s123,dev,early_remaining,all,31
unresolved_rate,0.0,0.0,0.0,0.0,0.0,31,31,31,interval_covers_zero,4B,training seed only (cleaned s123 - s42),seed,qwen3-4b-cleanv2-s42,qwen3-4b-cleanv2-s123,dev,early_remaining,all,31
margin_first_policy,-10.535714285714288,-10.58755760368664,-0.05184331797235231,-0.24769585253456228,0.14400921658986304,31,31,31,interval_covers_zero,4B,training seed only (cleaned s123 - s42),seed,qwen3-4b-cleanv2-s42,qwen3-4b-cleanv2-s123,dev,early_remaining,all,31
margin_first_raw,-8.875,-8.911290322580646,-0.036290322580645906,-0.17338709677419223,0.10080645161290391,31,31,31,interval_covers_zero,4B,training seed only (cleaned s123 - s42),seed,qwen3-4b-cleanv2-s42,qwen3-4b-cleanv2-s123,dev,early_remaining,all,31
close_prob_pre_filter,0.008952815558927333,0.010320231294842403,0.0013674157359150705,-7.389741521867499e-06,0.0038548608420936256,31,31,31,interval_covers_zero,4B,training seed only (cleaned s123 - s42),seed,qwen3-4b-cleanv2-s42,qwen3-4b-cleanv2-s123,dev,early_remaining,all,31
close_sampler_prob,0.008230048526816679,0.009371631146301622,0.0011415826194849429,0.0,0.0034247478584548303,31,31,31,interval_covers_zero,4B,training seed only (cleaned s123 - s42),seed,qwen3-4b-cleanv2-s42,qwen3-4b-cleanv2-s123,dev,early_remaining,all,31
eos_after_forced_close_prob,0.9999981929151026,0.999997965854932,-2.270601706655384e-07,-6.827010377158382e-07,2.094722718642965e-07,31,31,31,interval_covers_zero,4B,training seed only (cleaned s123 - s42),seed,qwen3-4b-cleanv2-s42,qwen3-4b-cleanv2-s123,dev,early_remaining,all,31
next_event_close_rate,0.0234375,0.0234375,0.0,0.0,0.0,16,16,16,interval_covers_zero,4B,training seed only (cleaned s123 - s42),seed,qwen3-4b-cleanv2-s42,qwen3-4b-cleanv2-s123,dev,early_remaining,qwen3-4b-cleanv2-s42,16
continue_rate,0.9765625,0.9765625,0.0,0.0,0.0,16,16,16,interval_covers_zero,4B,training seed only (cleaned s123 - s42),seed,qwen3-4b-cleanv2-s42,qwen3-4b-cleanv2-s123,dev,early_remaining,qwen3-4b-cleanv2-s42,16
eos_without_close_rate,0.0,0.0,0.0,0.0,0.0,16,16,16,interval_covers_zero,4B,training seed only (cleaned s123 - s42),seed,qwen3-4b-cleanv2-s42,qwen3-4b-cleanv2-s123,dev,early_remaining,qwen3-4b-cleanv2-s42,16
unresolved_rate,0.0,0.0,0.0,0.0,0.0,16,16,16,interval_covers_zero,4B,training seed only (cleaned s123 - s42),seed,qwen3-4b-cleanv2-s42,qwen3-4b-cleanv2-s123,dev,early_remaining,qwen3-4b-cleanv2-s42,16
margin_first_policy,-9.687500000000002,-9.676339285714286,0.0111607142857153,-0.301618303571431,0.3236607142857153,16,16,16,interval_covers_zero,4B,training seed only (cleaned s123 - s42),seed,qwen3-4b-cleanv2-s42,qwen3-4b-cleanv2-s123,dev,early_remaining,qwen3-4b-cleanv2-s42,16
margin_first_raw,-8.28125,-8.2734375,0.0078125,-0.2111328125,0.2265625,16,16,16,interval_covers_zero,4B,training seed only (cleaned s123 - s42),seed,qwen3-4b-cleanv2-s42,qwen3-4b-cleanv2-s123,dev,early_remaining,qwen3-4b-cleanv2-s42,16
close_prob_pre_filter,0.01704766592685841,0.019684695805713873,0.002637029878855463,-2.6998249347581582e-05,0.007472425893753463,16,16,16,interval_covers_zero,4B,training seed only (cleaned s123 - s42),seed,qwen3-4b-cleanv2-s42,qwen3-4b-cleanv2-s123,dev,early_remaining,qwen3-4b-cleanv2-s42,16
close_sampler_prob,0.015945719020707315,0.018157535345959392,0.002211816325252077,0.0,0.006635448975756235,16,16,16,interval_covers_zero,4B,training seed only (cleaned s123 - s42),seed,qwen3-4b-cleanv2-s42,qwen3-4b-cleanv2-s123,dev,early_remaining,qwen3-4b-cleanv2-s42,16
eos_after_forced_close_prob,0.9999984677698297,0.9999979301324242,-5.376374054844035e-07,-1.0984639308792011e-06,-2.396819111794019e-08,16,16,16,m1_lower,4B,training seed only (cleaned s123 - s42),seed,qwen3-4b-cleanv2-s42,qwen3-4b-cleanv2-s123,dev,early_remaining,qwen3-4b-cleanv2-s42,16
next_event_close_rate,0.0,0.0,0.0,0.0,0.0,15,15,15,interval_covers_zero,4B,training seed only (cleaned s123 - s42),seed,qwen3-4b-cleanv2-s42,qwen3-4b-cleanv2-s123,dev,early_remaining,qwen3-4b-keep4-s42,15
continue_rate,1.0,1.0,0.0,0.0,0.0,15,15,15,interval_covers_zero,4B,training seed only (cleaned s123 - s42),seed,qwen3-4b-cleanv2-s42,qwen3-4b-cleanv2-s123,dev,early_remaining,qwen3-4b-keep4-s42,15
eos_without_close_rate,0.0,0.0,0.0,0.0,0.0,15,15,15,interval_covers_zero,4B,training seed only (cleaned s123 - s42),seed,qwen3-4b-cleanv2-s42,qwen3-4b-cleanv2-s123,dev,early_remaining,qwen3-4b-keep4-s42,15
unresolved_rate,0.0,0.0,0.0,0.0,0.0,15,15,15,interval_covers_zero,4B,training seed only (cleaned s123 - s42),seed,qwen3-4b-cleanv2-s42,qwen3-4b-cleanv2-s123,dev,early_remaining,qwen3-4b-keep4-s42,15
margin_first_policy,-11.440476190476192,-11.559523809523812,-0.1190476190476204,-0.3333333333333339,0.0952380952380949,15,15,15,interval_covers_zero,4B,training seed only (cleaned s123 - s42),seed,qwen3-4b-cleanv2-s42,qwen3-4b-cleanv2-s123,dev,early_remaining,qwen3-4b-keep4-s42,15
margin_first_raw,-9.508333333333333,-9.591666666666667,-0.08333333333333393,-0.2333333333333325,0.06666666666666643,15,15,15,interval_covers_zero,4B,training seed only (cleaned s123 - s42),seed,qwen3-4b-cleanv2-s42,qwen3-4b-cleanv2-s123,dev,early_remaining,qwen3-4b-keep4-s42,15
close_prob_pre_filter,0.0003183084998008394,0.00033146914991283977,1.3160650112000382e-05,-3.541454806012795e-06,4.3460307985779255e-05,15,15,15,interval_covers_zero,4B,training seed only (cleaned s123 - s42),seed,qwen3-4b-cleanv2-s42,qwen3-4b-cleanv2-s123,dev,early_remaining,qwen3-4b-keep4-s42,15
close_sampler_prob,0.0,0.0,0.0,0.0,0.0,15,15,15,interval_covers_zero,4B,training seed only (cleaned s123 - s42),seed,qwen3-4b-cleanv2-s42,qwen3-4b-cleanv2-s123,dev,early_remaining,qwen3-4b-keep4-s42,15
eos_after_forced_close_prob,0.9999978997367271,0.9999980039589403,1.0422221319306146e-07,-5.946609879348142e-07,7.827641172797325e-07,15,15,15,interval_covers_zero,4B,training seed only (cleaned s123 - s42),seed,qwen3-4b-cleanv2-s42,qwen3-4b-cleanv2-s123,dev,early_remaining,qwen3-4b-keep4-s42,15
next_event_close_rate,0.07118055555555555,0.04861111111111111,-0.02256944444444444,-0.05555555555555555,0.0,35,36,36,interval_covers_zero,4B,training seed only (cleaned s123 - s42),seed,qwen3-4b-cleanv2-s42,qwen3-4b-cleanv2-s123,dev,pre_first_reuse,all,36
continue_rate,0.9288194444444444,0.9513888888888888,0.02256944444444442,0.0,0.05555555555555558,35,36,36,interval_covers_zero,4B,training seed only (cleaned s123 - s42),seed,qwen3-4b-cleanv2-s42,qwen3-4b-cleanv2-s123,dev,pre_first_reuse,all,36
eos_without_close_rate,0.0,0.0,0.0,0.0,0.0,35,36,36,interval_covers_zero,4B,training seed only (cleaned s123 - s42),seed,qwen3-4b-cleanv2-s42,qwen3-4b-cleanv2-s123,dev,pre_first_reuse,all,36
unresolved_rate,0.0,0.0,0.0,0.0,0.0,35,36,36,interval_covers_zero,4B,training seed only (cleaned s123 - s42),seed,qwen3-4b-cleanv2-s42,qwen3-4b-cleanv2-s123,dev,pre_first_reuse,all,36
margin_first_policy,-6.582341269841271,-6.458333333333335,0.12400793650793585,-0.07440476190476102,0.3214533730158735,35,36,36,interval_covers_zero,4B,training seed only (cleaned s123 - s42),seed,qwen3-4b-cleanv2-s42,qwen3-4b-cleanv2-s123,dev,pre_first_reuse,all,36
margin_first_raw,-6.107638888888889,-6.020833333333333,0.08680555555555625,-0.05208333333333306,0.22501736111111065,35,36,36,interval_covers_zero,4B,training seed only (cleaned s123 - s42),seed,qwen3-4b-cleanv2-s42,qwen3-4b-cleanv2-s123,dev,pre_first_reuse,all,36
close_prob_pre_filter,0.07197216752595412,0.06957747334350917,-0.002394694182444951,-0.01597181267219818,0.008052538315704518,35,36,36,interval_covers_zero,4B,training seed only (cleaned s123 - s42),seed,qwen3-4b-cleanv2-s42,qwen3-4b-cleanv2-s123,dev,pre_first_reuse,all,36
close_sampler_prob,0.06156116290001853,0.05108098764388626,-0.01048017525613227,-0.034160519715276484,0.004985856879252473,35,36,36,interval_covers_zero,4B,training seed only (cleaned s123 - s42),seed,qwen3-4b-cleanv2-s42,qwen3-4b-cleanv2-s123,dev,pre_first_reuse,all,36
eos_after_forced_close_prob,0.9999985244510705,0.9999987647271499,2.4027607936627504e-07,7.035612616945742e-08,4.568511870500779e-07,35,36,36,m1_higher,4B,training seed only (cleaned s123 - s42),seed,qwen3-4b-cleanv2-s42,qwen3-4b-cleanv2-s123,dev,pre_first_reuse,all,36
next_event_close_rate,0.04411764705882353,0.025735294117647058,-0.018382352941176475,-0.05514705882352941,0.0,17,17,17,interval_covers_zero,4B,training seed only (cleaned s123 - s42),seed,qwen3-4b-cleanv2-s42,qwen3-4b-cleanv2-s123,dev,pre_first_reuse,qwen3-4b-cleanv2-s42,17
continue_rate,0.9558823529411765,0.9742647058823529,0.018382352941176405,0.0,0.05514705882352944,17,17,17,interval_covers_zero,4B,training seed only (cleaned s123 - s42),seed,qwen3-4b-cleanv2-s42,qwen3-4b-cleanv2-s123,dev,pre_first_reuse,qwen3-4b-cleanv2-s42,17
eos_without_close_rate,0.0,0.0,0.0,0.0,0.0,17,17,17,interval_covers_zero,4B,training seed only (cleaned s123 - s42),seed,qwen3-4b-cleanv2-s42,qwen3-4b-cleanv2-s123,dev,pre_first_reuse,qwen3-4b-cleanv2-s42,17
unresolved_rate,0.0,0.0,0.0,0.0,0.0,17,17,17,interval_covers_zero,4B,training seed only (cleaned s123 - s42),seed,qwen3-4b-cleanv2-s42,qwen3-4b-cleanv2-s123,dev,pre_first_reuse,qwen3-4b-cleanv2-s42,17
margin_first_policy,-6.743697478991598,-6.628151260504203,0.11554621848739544,-0.17857142857142883,0.39942226890756277,17,17,17,interval_covers_zero,4B,training seed only (cleaned s123 - s42),seed,qwen3-4b-cleanv2-s42,qwen3-4b-cleanv2-s123,dev,pre_first_reuse,qwen3-4b-cleanv2-s42,17
margin_first_raw,-6.220588235294118,-6.139705882352941,0.08088235294117663,-0.125,0.27959558823529385,17,17,17,interval_covers_zero,4B,training seed only (cleaned s123 - s42),seed,qwen3-4b-cleanv2-s42,qwen3-4b-cleanv2-s123,dev,pre_first_reuse,qwen3-4b-cleanv2-s42,17
close_prob_pre_filter,0.04795913290686942,0.04892635177320903,0.00096721886633961,-0.01771398909537883,0.015918058127955638,17,17,17,interval_covers_zero,4B,training seed only (cleaned s123 - s42),seed,qwen3-4b-cleanv2-s42,qwen3-4b-cleanv2-s123,dev,pre_first_reuse,qwen3-4b-cleanv2-s42,17
close_sampler_prob,0.03672450676196095,0.034340238285211086,-0.0023842684767498637,-0.020127106992476843,0.012974301562227238,17,17,17,interval_covers_zero,4B,training seed only (cleaned s123 - s42),seed,qwen3-4b-cleanv2-s42,qwen3-4b-cleanv2-s123,dev,pre_first_reuse,qwen3-4b-cleanv2-s42,17
eos_after_forced_close_prob,0.9999982064082755,0.9999985166404654,3.102321898262872e-07,1.0630334010275357e-08,7.511524250242151e-07,17,17,17,m1_higher,4B,training seed only (cleaned s123 - s42),seed,qwen3-4b-cleanv2-s42,qwen3-4b-cleanv2-s123,dev,pre_first_reuse,qwen3-4b-cleanv2-s42,17
next_event_close_rate,0.09539473684210527,0.06907894736842106,-0.02631578947368421,-0.07894736842105263,0.0,19,19,19,interval_covers_zero,4B,training seed only (cleaned s123 - s42),seed,qwen3-4b-cleanv2-s42,qwen3-4b-cleanv2-s123,dev,pre_first_reuse,qwen3-4b-keep4-s42,19
continue_rate,0.9046052631578947,0.930921052631579,0.026315789473684292,0.0,0.07894736842105265,19,19,19,interval_covers_zero,4B,training seed only (cleaned s123 - s42),seed,qwen3-4b-cleanv2-s42,qwen3-4b-cleanv2-s123,dev,pre_first_reuse,qwen3-4b-keep4-s42,19
eos_without_close_rate,0.0,0.0,0.0,0.0,0.0,19,19,19,interval_covers_zero,4B,training seed only (cleaned s123 - s42),seed,qwen3-4b-cleanv2-s42,qwen3-4b-cleanv2-s123,dev,pre_first_reuse,qwen3-4b-keep4-s42,19
unresolved_rate,0.0,0.0,0.0,0.0,0.0,19,19,19,interval_covers_zero,4B,training seed only (cleaned s123 - s42),seed,qwen3-4b-cleanv2-s42,qwen3-4b-cleanv2-s123,dev,pre_first_reuse,qwen3-4b-keep4-s42,19
margin_first_policy,-6.43796992481203,-6.30639097744361,0.13157894736842035,-0.13157894736842124,0.4229323308270665,19,19,19,interval_covers_zero,4B,training seed only (cleaned s123 - s42),seed,qwen3-4b-cleanv2-s42,qwen3-4b-cleanv2-s123,dev,pre_first_reuse,qwen3-4b-keep4-s42,19
margin_first_raw,-6.006578947368421,-5.9144736842105265,0.09210526315789469,-0.09210526315789469,0.2960526315789469,19,19,19,interval_covers_zero,4B,training seed only (cleaned s123 - s42),seed,qwen3-4b-cleanv2-s42,qwen3-4b-cleanv2-s123,dev,pre_first_reuse,qwen3-4b-keep4-s42,19
close_prob_pre_filter,0.09345751429039832,0.08805479264325139,-0.0054027216471469325,-0.02716901505474721,0.008751970872834943,19,19,19,interval_covers_zero,4B,training seed only (cleaned s123 - s42),seed,qwen3-4b-cleanv2-s42,qwen3-4b-cleanv2-s123,dev,pre_first_reuse,qwen3-4b-keep4-s42,19
close_sampler_prob,0.08378343418143848,0.06605955285954301,-0.017723881321895466,-0.06015496805632091,0.006983324090634597,19,19,19,interval_covers_zero,4B,training seed only (cleaned s123 - s42),seed,qwen3-4b-cleanv2-s42,qwen3-4b-cleanv2-s123,dev,pre_first_reuse,qwen3-4b-keep4-s42,19
eos_after_forced_close_prob,0.9999988090156763,0.9999989866994465,1.7768377025273452e-07,2.3255920908460403e-08,3.438208595246683e-07,19,19,19,m1_higher,4B,training seed only (cleaned s123 - s42),seed,qwen3-4b-cleanv2-s42,qwen3-4b-cleanv2-s123,dev,pre_first_reuse,qwen3-4b-keep4-s42,19
next_event_close_rate,0.286376953125,0.2802734375,-0.006103515625,-0.019943340420787114,0.00700134969978124,235,256,256,interval_covers_zero,4B,training seed only (cleaned s123 - s42),seed,qwen3-4b-cleanv2-s42,qwen3-4b-cleanv2-s123,all,all,all,256
continue_rate,0.713623046875,0.7197265625,0.006103515625,-0.007001349699781339,0.019943340420787162,235,256,256,interval_covers_zero,4B,training seed only (cleaned s123 - s42),seed,qwen3-4b-cleanv2-s42,qwen3-4b-cleanv2-s123,all,all,all,256
eos_without_close_rate,0.0,0.0,0.0,0.0,0.0,235,256,256,interval_covers_zero,4B,training seed only (cleaned s123 - s42),seed,qwen3-4b-cleanv2-s42,qwen3-4b-cleanv2-s123,all,all,all,256
unresolved_rate,0.0,0.0,0.0,0.0,0.0,235,256,256,interval_covers_zero,4B,training seed only (cleaned s123 - s42),seed,qwen3-4b-cleanv2-s42,qwen3-4b-cleanv2-s123,all,all,all,256
margin_first_policy,-4.063197544642858,-4.089704241071429,-0.026506696428571175,-0.0903447511817241,0.038215675375208334,235,256,256,interval_covers_zero,4B,training seed only (cleaned s123 - s42),seed,qwen3-4b-cleanv2-s42,qwen3-4b-cleanv2-s123,all,all,all,256
margin_first_raw,-4.34423828125,-4.36279296875,-0.0185546875,-0.06324132582720524,0.026750972762645396,235,256,256,interval_covers_zero,4B,training seed only (cleaned s123 - s42),seed,qwen3-4b-cleanv2-s42,qwen3-4b-cleanv2-s123,all,all,all,256
close_prob_pre_filter,0.28008629918780537,0.28352279357669286,0.00343649438888749,-0.004621982208216023,0.011612185006086906,235,256,256,interval_covers_zero,4B,training seed only (cleaned s123 - s42),seed,qwen3-4b-cleanv2-s42,qwen3-4b-cleanv2-s123,all,all,all,256
close_sampler_prob,0.28054708557548846,0.27990436902345295,-0.000642716552035516,-0.011661367918912634,0.010170768235238846,235,256,256,interval_covers_zero,4B,training seed only (cleaned s123 - s42),seed,qwen3-4b-cleanv2-s42,qwen3-4b-cleanv2-s123,all,all,all,256
eos_after_forced_close_prob,0.9999989605579829,0.9999989077936107,-5.2764372204805454e-08,-1.4647757190511257e-07,3.469045678494699e-08,235,256,256,interval_covers_zero,4B,training seed only (cleaned s123 - s42),seed,qwen3-4b-cleanv2-s42,qwen3-4b-cleanv2-s123,all,all,all,256
next_event_close_rate,0.20556640625,0.201171875,-0.00439453125,-0.023625003814930122,0.016346726190476186,124,128,128,interval_covers_zero,4B,training seed only (cleaned s123 - s42),seed,qwen3-4b-cleanv2-s42,qwen3-4b-cleanv2-s123,all,all,qwen3-4b-cleanv2-s42,128
continue_rate,0.79443359375,0.798828125,0.00439453125,-0.016346726190476245,0.023625003814930053,124,128,128,interval_covers_zero,4B,training seed only (cleaned s123 - s42),seed,qwen3-4b-cleanv2-s42,qwen3-4b-cleanv2-s123,all,all,qwen3-4b-cleanv2-s42,128
eos_without_close_rate,0.0,0.0,0.0,0.0,0.0,124,128,128,interval_covers_zero,4B,training seed only (cleaned s123 - s42),seed,qwen3-4b-cleanv2-s42,qwen3-4b-cleanv2-s123,all,all,qwen3-4b-cleanv2-s42,128
unresolved_rate,0.0,0.0,0.0,0.0,0.0,124,128,128,interval_covers_zero,4B,training seed only (cleaned s123 - s42),seed,qwen3-4b-cleanv2-s42,qwen3-4b-cleanv2-s123,all,all,qwen3-4b-cleanv2-s42,128
margin_first_policy,-4.289899553571428,-4.320591517857142,-0.030691964285714413,-0.12936844198186154,0.0703037120359964,124,128,128,interval_covers_zero,4B,training seed only (cleaned s123 - s42),seed,qwen3-4b-cleanv2-s42,qwen3-4b-cleanv2-s123,all,all,qwen3-4b-cleanv2-s42,128
margin_first_raw,-4.5029296875,-4.5244140625,-0.021484375,-0.09055790938730299,0.04921259842519721,124,128,128,interval_covers_zero,4B,training seed only (cleaned s123 - s42),seed,qwen3-4b-cleanv2-s42,qwen3-4b-cleanv2-s123,all,all,qwen3-4b-cleanv2-s42,128
close_prob_pre_filter,0.212585682638917,0.21924644797721546,0.006660765338298458,-0.005656054467195218,0.019847936697134277,124,128,128,interval_covers_zero,4B,training seed only (cleaned s123 - s42),seed,qwen3-4b-cleanv2-s42,qwen3-4b-cleanv2-s123,all,all,qwen3-4b-cleanv2-s42,128
close_sampler_prob,0.20364218905954345,0.20275159843138413,-0.0008905906281593268,-0.01713335577003305,0.01638247892549009,124,128,128,interval_covers_zero,4B,training seed only (cleaned s123 - s42),seed,qwen3-4b-cleanv2-s42,qwen3-4b-cleanv2-s123,all,all,qwen3-4b-cleanv2-s42,128
eos_after_forced_close_prob,0.9999988904358323,0.999998867268806,-2.3167026297343796e-08,-1.3444755834757237e-07,8.195781358022451e-08,124,128,128,interval_covers_zero,4B,training seed only (cleaned s123 - s42),seed,qwen3-4b-cleanv2-s42,qwen3-4b-cleanv2-s123,all,all,qwen3-4b-cleanv2-s42,128
next_event_close_rate,0.3671875,0.359375,-0.0078125,-0.025999999999999968,0.010257975260416646,119,128,128,interval_covers_zero,4B,training seed only (cleaned s123 - s42),seed,qwen3-4b-cleanv2-s42,qwen3-4b-cleanv2-s123,all,all,qwen3-4b-keep4-s42,128
continue_rate,0.6328125,0.640625,0.0078125,-0.010257975260416665,0.026000000000000023,119,128,128,interval_covers_zero,4B,training seed only (cleaned s123 - s42),seed,qwen3-4b-cleanv2-s42,qwen3-4b-cleanv2-s123,all,all,qwen3-4b-keep4-s42,128
eos_without_close_rate,0.0,0.0,0.0,0.0,0.0,119,128,128,interval_covers_zero,4B,training seed only (cleaned s123 - s42),seed,qwen3-4b-cleanv2-s42,qwen3-4b-cleanv2-s123,all,all,qwen3-4b-keep4-s42,128
unresolved_rate,0.0,0.0,0.0,0.0,0.0,119,128,128,interval_covers_zero,4B,training seed only (cleaned s123 - s42),seed,qwen3-4b-cleanv2-s42,qwen3-4b-cleanv2-s123,all,all,qwen3-4b-keep4-s42,128
margin_first_policy,-3.8364955357142865,-3.8588169642857144,-0.022321428571427937,-0.10488156956330888,0.06543784078516947,119,128,128,interval_covers_zero,4B,training seed only (cleaned s123 - s42),seed,qwen3-4b-cleanv2-s42,qwen3-4b-cleanv2-s123,all,all,qwen3-4b-keep4-s42,128
margin_first_raw,-4.185546875,-4.201171875,-0.015625,-0.0734170986943166,0.04580648854961859,119,128,128,interval_covers_zero,4B,training seed only (cleaned s123 - s42),seed,qwen3-4b-cleanv2-s42,qwen3-4b-cleanv2-s123,all,all,qwen3-4b-keep4-s42,128
close_prob_pre_filter,0.34758691573669376,0.3477991391761704,0.00021222343947663314,-0.009593344689193022,0.010306478054397493,119,128,128,interval_covers_zero,4B,training seed only (cleaned s123 - s42),seed,qwen3-4b-cleanv2-s42,qwen3-4b-cleanv2-s123,all,all,qwen3-4b-keep4-s42,128
close_sampler_prob,0.3574519820914336,0.3570571396155218,-0.0003948424759117608,-0.014322420848947564,0.013099314202946993,119,128,128,interval_covers_zero,4B,training seed only (cleaned s123 - s42),seed,qwen3-4b-cleanv2-s42,qwen3-4b-cleanv2-s123,all,all,qwen3-4b-keep4-s42,128
eos_after_forced_close_prob,0.9999990306801334,0.9999989483184151,-8.236171833431172e-08,-2.3274073710777277e-07,5.6554920377371806e-08,119,128,128,interval_covers_zero,4B,training seed only (cleaned s123 - s42),seed,qwen3-4b-cleanv2-s42,qwen3-4b-cleanv2-s123,all,all,qwen3-4b-keep4-s42,128
next_event_close_rate,0.5458984375,0.53857421875,-0.00732421875,-0.032952171148255764,0.0185546875,126,128,128,interval_covers_zero,4B,training seed only (cleaned s123 - s42),seed,qwen3-4b-cleanv2-s42,qwen3-4b-cleanv2-s123,all,natural_stop,all,128
continue_rate,0.4541015625,0.46142578125,0.00732421875,-0.0185546875,0.03295217114825573,126,128,128,interval_covers_zero,4B,training seed only (cleaned s123 - s42),seed,qwen3-4b-cleanv2-s42,qwen3-4b-cleanv2-s123,all,natural_stop,all,128
eos_without_close_rate,0.0,0.0,0.0,0.0,0.0,126,128,128,interval_covers_zero,4B,training seed only (cleaned s123 - s42),seed,qwen3-4b-cleanv2-s42,qwen3-4b-cleanv2-s123,all,natural_stop,all,128
unresolved_rate,0.0,0.0,0.0,0.0,0.0,126,128,128,interval_covers_zero,4B,training seed only (cleaned s123 - s42),seed,qwen3-4b-cleanv2-s42,qwen3-4b-cleanv2-s123,all,natural_stop,all,128
margin_first_policy,0.15764508928571425,0.17159598214285704,0.013950892857142794,-0.06468895239839241,0.08928571428571437,126,128,128,interval_covers_zero,4B,training seed only (cleaned s123 - s42),seed,qwen3-4b-cleanv2-s42,qwen3-4b-cleanv2-s123,all,natural_stop,all,128
margin_first_raw,-1.3896484375,-1.3798828125,0.009765625,-0.045282266678874576,0.0625,126,128,128,interval_covers_zero,4B,training seed only (cleaned s123 - s42),seed,qwen3-4b-cleanv2-s42,qwen3-4b-cleanv2-s123,all,natural_stop,all,128
close_prob_pre_filter,0.5270116102791739,0.5329805463338843,0.005968936054710383,-0.010775100882577812,0.022326940922673816,126,128,128,interval_covers_zero,4B,training seed only (cleaned s123 - s42),seed,qwen3-4b-cleanv2-s42,qwen3-4b-cleanv2-s123,all,natural_stop,all,128
close_sampler_prob,0.5377773424549407,0.5376868000669379,-9.054238800276782e-05,-0.022211960154952092,0.021177251360318058,126,128,128,interval_covers_zero,4B,training seed only (cleaned s123 - s42),seed,qwen3-4b-cleanv2-s42,qwen3-4b-cleanv2-s123,all,natural_stop,all,128
eos_after_forced_close_prob,0.9999993621962272,0.9999993252603706,-3.6935856595476935e-08,-7.772211220724578e-08,3.5318715868592225e-09,126,128,128,interval_covers_zero,4B,training seed only (cleaned s123 - s42),seed,qwen3-4b-cleanv2-s42,qwen3-4b-cleanv2-s123,all,natural_stop,all,128
next_event_close_rate,0.3935546875,0.3896484375,-0.00390625,-0.044921875,0.0341796875,64,64,64,interval_covers_zero,4B,training seed only (cleaned s123 - s42),seed,qwen3-4b-cleanv2-s42,qwen3-4b-cleanv2-s123,all,natural_stop,qwen3-4b-cleanv2-s42,64
continue_rate,0.6064453125,0.6103515625,0.00390625,-0.0341796875,0.044921875,64,64,64,interval_covers_zero,4B,training seed only (cleaned s123 - s42),seed,qwen3-4b-cleanv2-s42,qwen3-4b-cleanv2-s123,all,natural_stop,qwen3-4b-cleanv2-s42,64
eos_without_close_rate,0.0,0.0,0.0,0.0,0.0,64,64,64,interval_covers_zero,4B,training seed only (cleaned s123 - s42),seed,qwen3-4b-cleanv2-s42,qwen3-4b-cleanv2-s123,all,natural_stop,qwen3-4b-cleanv2-s42,64
unresolved_rate,0.0,0.0,0.0,0.0,0.0,64,64,64,interval_covers_zero,4B,training seed only (cleaned s123 - s42),seed,qwen3-4b-cleanv2-s42,qwen3-4b-cleanv2-s123,all,natural_stop,qwen3-4b-cleanv2-s42,64
margin_first_policy,-0.4268973214285715,-0.3989955357142858,0.0279017857142857,-0.09486607142857129,0.1450892857142857,64,64,64,interval_covers_zero,4B,training seed only (cleaned s123 - s42),seed,qwen3-4b-cleanv2-s42,qwen3-4b-cleanv2-s123,all,natural_stop,qwen3-4b-cleanv2-s42,64
margin_first_raw,-1.798828125,-1.779296875,0.01953125,-0.06640625,0.1015625,64,64,64,interval_covers_zero,4B,training seed only (cleaned s123 - s42),seed,qwen3-4b-cleanv2-s42,qwen3-4b-cleanv2-s123,all,natural_stop,qwen3-4b-cleanv2-s42,64
close_prob_pre_filter,0.4007262877114618,0.41347890701834167,0.012752619306879875,-0.012810168713973254,0.03718044051361262,64,64,64,interval_covers_zero,4B,training seed only (cleaned s123 - s42),seed,qwen3-4b-cleanv2-s42,qwen3-4b-cleanv2-s123,all,natural_stop,qwen3-4b-cleanv2-s42,64
close_sampler_prob,0.3935430012552642,0.3918421872317692,-0.0017008140234949787,-0.03681264700490617,0.03192429023253241,64,64,64,interval_covers_zero,4B,training seed only (cleaned s123 - s42),seed,qwen3-4b-cleanv2-s42,qwen3-4b-cleanv2-s123,all,natural_stop,qwen3-4b-cleanv2-s42,64
eos_after_forced_close_prob,0.9999992700171414,0.9999992494114032,-2.060573822681988e-08,-8.739739747742891e-08,4.0333871714759406e-08,64,64,64,interval_covers_zero,4B,training seed only (cleaned s123 - s42),seed,qwen3-4b-cleanv2-s42,qwen3-4b-cleanv2-s123,all,natural_stop,qwen3-4b-cleanv2-s42,64
next_event_close_rate,0.6982421875,0.6875,-0.0107421875,-0.04296875,0.021484375,64,64,64,interval_covers_zero,4B,training seed only (cleaned s123 - s42),seed,qwen3-4b-cleanv2-s42,qwen3-4b-cleanv2-s123,all,natural_stop,qwen3-4b-keep4-s42,64
continue_rate,0.3017578125,0.3125,0.0107421875,-0.021484375,0.04296875,64,64,64,interval_covers_zero,4B,training seed only (cleaned s123 - s42),seed,qwen3-4b-cleanv2-s42,qwen3-4b-cleanv2-s123,all,natural_stop,qwen3-4b-keep4-s42,64
eos_without_close_rate,0.0,0.0,0.0,0.0,0.0,64,64,64,interval_covers_zero,4B,training seed only (cleaned s123 - s42),seed,qwen3-4b-cleanv2-s42,qwen3-4b-cleanv2-s123,all,natural_stop,qwen3-4b-keep4-s42,64
unresolved_rate,0.0,0.0,0.0,0.0,0.0,64,64,64,interval_covers_zero,4B,training seed only (cleaned s123 - s42),seed,qwen3-4b-cleanv2-s42,qwen3-4b-cleanv2-s123,all,natural_stop,qwen3-4b-keep4-s42,64
margin_first_policy,0.7421875,0.7421874999999999,-1.1102230246251565e-16,-0.09486607142857074,0.08935546874999983,64,64,64,interval_covers_zero,4B,training seed only (cleaned s123 - s42),seed,qwen3-4b-cleanv2-s42,qwen3-4b-cleanv2-s123,all,natural_stop,qwen3-4b-keep4-s42,64
margin_first_raw,-0.98046875,-0.98046875,0.0,-0.06640625,0.06254882812499973,64,64,64,interval_covers_zero,4B,training seed only (cleaned s123 - s42),seed,qwen3-4b-cleanv2-s42,qwen3-4b-cleanv2-s123,all,natural_stop,qwen3-4b-keep4-s42,64
close_prob_pre_filter,0.6532969328468861,0.6524821856494267,-0.0008147471974593312,-0.02106971788101816,0.01912098589600549,64,64,64,interval_covers_zero,4B,training seed only (cleaned s123 - s42),seed,qwen3-4b-cleanv2-s42,qwen3-4b-cleanv2-s123,all,natural_stop,qwen3-4b-keep4-s42,64
close_sampler_prob,0.6820116836546173,0.6835314129021068,0.001519729247489554,-0.02496824742134345,0.027275558897280765,64,64,64,interval_covers_zero,4B,training seed only (cleaned s123 - s42),seed,qwen3-4b-cleanv2-s42,qwen3-4b-cleanv2-s123,all,natural_stop,qwen3-4b-keep4-s42,64
eos_after_forced_close_prob,0.9999994543753129,0.999999401109338,-5.3265974853111686e-08,-9.601927557778555e-08,-1.0016532719925318e-08,64,64,64,m1_lower,4B,training seed only (cleaned s123 - s42),seed,qwen3-4b-cleanv2-s42,qwen3-4b-cleanv2-s123,all,natural_stop,qwen3-4b-keep4-s42,64
next_event_close_rate,0.005859375,0.005859375,0.0,0.0,0.0,64,64,64,interval_covers_zero,4B,training seed only (cleaned s123 - s42),seed,qwen3-4b-cleanv2-s42,qwen3-4b-cleanv2-s123,all,early_remaining,all,64
continue_rate,0.994140625,0.994140625,0.0,0.0,0.0,64,64,64,interval_covers_zero,4B,training seed only (cleaned s123 - s42),seed,qwen3-4b-cleanv2-s42,qwen3-4b-cleanv2-s123,all,early_remaining,all,64
eos_without_close_rate,0.0,0.0,0.0,0.0,0.0,64,64,64,interval_covers_zero,4B,training seed only (cleaned s123 - s42),seed,qwen3-4b-cleanv2-s42,qwen3-4b-cleanv2-s123,all,early_remaining,all,64
unresolved_rate,0.0,0.0,0.0,0.0,0.0,64,64,64,interval_covers_zero,4B,training seed only (cleaned s123 - s42),seed,qwen3-4b-cleanv2-s42,qwen3-4b-cleanv2-s123,all,early_remaining,all,64
margin_first_policy,-10.298549107142858,-10.421316964285715,-0.12276785714285765,-0.2650669642857153,0.0167410714285694,64,64,64,interval_covers_zero,4B,training seed only (cleaned s123 - s42),seed,qwen3-4b-cleanv2-s42,qwen3-4b-cleanv2-s123,all,early_remaining,all,64
margin_first_raw,-8.708984375,-8.794921875,-0.0859375,-0.185546875,0.01171875,64,64,64,interval_covers_zero,4B,training seed only (cleaned s123 - s42),seed,qwen3-4b-cleanv2-s42,qwen3-4b-cleanv2-s123,all,early_remaining,all,64
close_prob_pre_filter,0.006035504644514182,0.006202649161217679,0.00016714451670349698,-0.0008910678470058568,0.0016357993880694532,64,64,64,interval_covers_zero,4B,training seed only (cleaned s123 - s42),seed,qwen3-4b-cleanv2-s42,qwen3-4b-cleanv2-s123,all,early_remaining,all,64
close_sampler_prob,0.003986429755176829,0.004539383836489848,0.0005529540813130193,0.0,0.0016588622439390587,64,64,64,interval_covers_zero,4B,training seed only (cleaned s123 - s42),seed,qwen3-4b-cleanv2-s42,qwen3-4b-cleanv2-s123,all,early_remaining,all,64
eos_after_forced_close_prob,0.999998338220253,0.9999980866330138,-2.5158723915286174e-07,-5.843213229550503e-07,4.321939854612373e-08,64,64,64,interval_covers_zero,4B,training seed only (cleaned s123 - s42),seed,qwen3-4b-cleanv2-s42,qwen3-4b-cleanv2-s123,all,early_remaining,all,64
next_event_close_rate,0.01171875,0.01171875,0.0,0.0,0.0,32,32,32,interval_covers_zero,4B,training seed only (cleaned s123 - s42),seed,qwen3-4b-cleanv2-s42,qwen3-4b-cleanv2-s123,all,early_remaining,qwen3-4b-cleanv2-s42,32
continue_rate,0.98828125,0.98828125,0.0,0.0,0.0,32,32,32,interval_covers_zero,4B,training seed only (cleaned s123 - s42),seed,qwen3-4b-cleanv2-s42,qwen3-4b-cleanv2-s123,all,early_remaining,qwen3-4b-cleanv2-s42,32
eos_without_close_rate,0.0,0.0,0.0,0.0,0.0,32,32,32,interval_covers_zero,4B,training seed only (cleaned s123 - s42),seed,qwen3-4b-cleanv2-s42,qwen3-4b-cleanv2-s123,all,early_remaining,qwen3-4b-cleanv2-s42,32
unresolved_rate,0.0,0.0,0.0,0.0,0.0,32,32,32,interval_covers_zero,4B,training seed only (cleaned s123 - s42),seed,qwen3-4b-cleanv2-s42,qwen3-4b-cleanv2-s123,all,early_remaining,qwen3-4b-cleanv2-s42,32
margin_first_policy,-9.78794642857143,-9.854910714285715,-0.0669642857142847,-0.2734375,0.12834821428571358,32,32,32,interval_covers_zero,4B,training seed only (cleaned s123 - s42),seed,qwen3-4b-cleanv2-s42,qwen3-4b-cleanv2-s123,all,early_remaining,qwen3-4b-cleanv2-s42,32
margin_first_raw,-8.3515625,-8.3984375,-0.046875,-0.19140625,0.08984375,32,32,32,interval_covers_zero,4B,training seed only (cleaned s123 - s42),seed,qwen3-4b-cleanv2-s42,qwen3-4b-cleanv2-s123,all,early_remaining,qwen3-4b-cleanv2-s42,32
close_prob_pre_filter,0.010445837071855354,0.011288994906987327,0.0008431578351319729,-0.0011788338523169863,0.0035318811666246075,32,32,32,interval_covers_zero,4B,training seed only (cleaned s123 - s42),seed,qwen3-4b-cleanv2-s42,qwen3-4b-cleanv2-s123,all,early_remaining,qwen3-4b-cleanv2-s42,32
close_sampler_prob,0.007972859510353657,0.009078767672979696,0.0011059081626260386,0.0,0.0033177244878781174,32,32,32,interval_covers_zero,4B,training seed only (cleaned s123 - s42),seed,qwen3-4b-cleanv2-s42,qwen3-4b-cleanv2-s123,all,early_remaining,qwen3-4b-cleanv2-s42,32
eos_after_forced_close_prob,0.9999983954636904,0.9999982010442023,-1.9441948806431242e-07,-5.557157969432458e-07,1.0464477985527835e-07,32,32,32,interval_covers_zero,4B,training seed only (cleaned s123 - s42),seed,qwen3-4b-cleanv2-s42,qwen3-4b-cleanv2-s123,all,early_remaining,qwen3-4b-cleanv2-s42,32
next_event_close_rate,0.0,0.0,0.0,0.0,0.0,32,32,32,interval_covers_zero,4B,training seed only (cleaned s123 - s42),seed,qwen3-4b-cleanv2-s42,qwen3-4b-cleanv2-s123,all,early_remaining,qwen3-4b-keep4-s42,32
continue_rate,1.0,1.0,0.0,0.0,0.0,32,32,32,interval_covers_zero,4B,training seed only (cleaned s123 - s42),seed,qwen3-4b-cleanv2-s42,qwen3-4b-cleanv2-s123,all,early_remaining,qwen3-4b-keep4-s42,32
eos_without_close_rate,0.0,0.0,0.0,0.0,0.0,32,32,32,interval_covers_zero,4B,training seed only (cleaned s123 - s42),seed,qwen3-4b-cleanv2-s42,qwen3-4b-cleanv2-s123,all,early_remaining,qwen3-4b-keep4-s42,32
unresolved_rate,0.0,0.0,0.0,0.0,0.0,32,32,32,interval_covers_zero,4B,training seed only (cleaned s123 - s42),seed,qwen3-4b-cleanv2-s42,qwen3-4b-cleanv2-s123,all,early_remaining,qwen3-4b-keep4-s42,32
margin_first_policy,-10.809151785714288,-10.987723214285715,-0.17857142857142705,-0.3850446428571441,0.03348214285714244,32,32,32,interval_covers_zero,4B,training seed only (cleaned s123 - s42),seed,qwen3-4b-cleanv2-s42,qwen3-4b-cleanv2-s123,all,early_remaining,qwen3-4b-keep4-s42,32
margin_first_raw,-9.06640625,-9.19140625,-0.125,-0.26953125,0.0234375,32,32,32,interval_covers_zero,4B,training seed only (cleaned s123 - s42),seed,qwen3-4b-cleanv2-s42,qwen3-4b-cleanv2-s123,all,early_remaining,qwen3-4b-keep4-s42,32
close_prob_pre_filter,0.0016251722171730083,0.0011163034154480292,-0.0005088688017249792,-0.0013195271540263692,1.822174637091123e-06,32,32,32,interval_covers_zero,4B,training seed only (cleaned s123 - s42),seed,qwen3-4b-cleanv2-s42,qwen3-4b-cleanv2-s123,all,early_remaining,qwen3-4b-keep4-s42,32
close_sampler_prob,0.0,0.0,0.0,0.0,0.0,32,32,32,interval_covers_zero,4B,training seed only (cleaned s123 - s42),seed,qwen3-4b-cleanv2-s42,qwen3-4b-cleanv2-s123,all,early_remaining,qwen3-4b-keep4-s42,32
eos_after_forced_close_prob,0.9999982809768158,0.9999979722218253,-3.0875499046345567e-07,-8.821578542261843e-07,1.9792246853667083e-07,32,32,32,interval_covers_zero,4B,training seed only (cleaned s123 - s42),seed,qwen3-4b-cleanv2-s42,qwen3-4b-cleanv2-s123,all,early_remaining,qwen3-4b-keep4-s42,32
next_event_close_rate,0.0478515625,0.0380859375,-0.009765625,-0.030753968253968256,0.005859375,63,64,64,interval_covers_zero,4B,training seed only (cleaned s123 - s42),seed,qwen3-4b-cleanv2-s42,qwen3-4b-cleanv2-s123,all,pre_first_reuse,all,64
continue_rate,0.9521484375,0.9619140625,0.009765625,-0.005859375,0.030753968253968256,63,64,64,interval_covers_zero,4B,training seed only (cleaned s123 - s42),seed,qwen3-4b-cleanv2-s42,qwen3-4b-cleanv2-s123,all,pre_first_reuse,all,64
eos_without_close_rate,0.0,0.0,0.0,0.0,0.0,63,64,64,interval_covers_zero,4B,training seed only (cleaned s123 - s42),seed,qwen3-4b-cleanv2-s42,qwen3-4b-cleanv2-s123,all,pre_first_reuse,all,64
unresolved_rate,0.0,0.0,0.0,0.0,0.0,63,64,64,interval_covers_zero,4B,training seed only (cleaned s123 - s42),seed,qwen3-4b-cleanv2-s42,qwen3-4b-cleanv2-s123,all,pre_first_reuse,all,64
margin_first_policy,-6.269531250000001,-6.280691964285715,-0.011160714285714413,-0.1587379092261908,0.14457110969387657,63,64,64,interval_covers_zero,4B,training seed only (cleaned s123 - s42),seed,qwen3-4b-cleanv2-s42,qwen3-4b-cleanv2-s123,all,pre_first_reuse,all,64
margin_first_raw,-5.888671875,-5.896484375,-0.0078125,-0.11111653645833294,0.10119977678571432,63,64,64,interval_covers_zero,4B,training seed only (cleaned s123 - s42),seed,qwen3-4b-cleanv2-s42,qwen3-4b-cleanv2-s123,all,pre_first_reuse,all,64
close_prob_pre_filter,0.060286471548359255,0.06192743247778545,0.0016409609294261926,-0.007547303716636558,0.010176711695378838,63,64,64,interval_covers_zero,4B,training seed only (cleaned s123 - s42),seed,qwen3-4b-cleanv2-s42,qwen3-4b-cleanv2-s123,all,pre_first_reuse,all,64
close_sampler_prob,0.04264722763689572,0.03970449212344589,-0.002942735513449826,-0.017592180210265734,0.007922238052437434,63,64,64,interval_covers_zero,4B,training seed only (cleaned s123 - s42),seed,qwen3-4b-cleanv2-s42,qwen3-4b-cleanv2-s123,all,pre_first_reuse,all,64
eos_after_forced_close_prob,0.9999987796192242,0.9999988940206879,1.144014636356161e-07,-3.095403811048669e-09,2.611929561718848e-07,63,64,64,interval_covers_zero,4B,training seed only (cleaned s123 - s42),seed,qwen3-4b-cleanv2-s42,qwen3-4b-cleanv2-s123,all,pre_first_reuse,all,64
next_event_close_rate,0.0234375,0.013671875,-0.009765625,-0.029296875,0.0,32,32,32,interval_covers_zero,4B,training seed only (cleaned s123 - s42),seed,qwen3-4b-cleanv2-s42,qwen3-4b-cleanv2-s123,all,pre_first_reuse,qwen3-4b-cleanv2-s42,32
continue_rate,0.9765625,0.986328125,0.009765625,0.0,0.029296875,32,32,32,interval_covers_zero,4B,training seed only (cleaned s123 - s42),seed,qwen3-4b-cleanv2-s42,qwen3-4b-cleanv2-s123,all,pre_first_reuse,qwen3-4b-cleanv2-s42,32
eos_without_close_rate,0.0,0.0,0.0,0.0,0.0,32,32,32,interval_covers_zero,4B,training seed only (cleaned s123 - s42),seed,qwen3-4b-cleanv2-s42,qwen3-4b-cleanv2-s123,all,pre_first_reuse,qwen3-4b-cleanv2-s42,32
unresolved_rate,0.0,0.0,0.0,0.0,0.0,32,32,32,interval_covers_zero,4B,training seed only (cleaned s123 - s42),seed,qwen3-4b-cleanv2-s42,qwen3-4b-cleanv2-s123,all,pre_first_reuse,qwen3-4b-cleanv2-s42,32
margin_first_policy,-6.517857142857144,-6.6294642857142865,-0.11160714285714235,-0.3404017857142865,0.11160714285714235,32,32,32,interval_covers_zero,4B,training seed only (cleaned s123 - s42),seed,qwen3-4b-cleanv2-s42,qwen3-4b-cleanv2-s123,all,pre_first_reuse,qwen3-4b-cleanv2-s42,32
margin_first_raw,-6.0625,-6.140625,-0.078125,-0.23828125,0.078125,32,32,32,interval_covers_zero,4B,training seed only (cleaned s123 - s42),seed,qwen3-4b-cleanv2-s42,qwen3-4b-cleanv2-s123,all,pre_first_reuse,qwen3-4b-cleanv2-s42,32
close_prob_pre_filter,0.038444318060889104,0.03873898296519108,0.0002946649043019736,-0.010688064238489644,0.009864768544647028,32,32,32,interval_covers_zero,4B,training seed only (cleaned s123 - s42),seed,qwen3-4b-cleanv2-s42,qwen3-4b-cleanv2-s123,all,pre_first_reuse,qwen3-4b-cleanv2-s42,32
close_sampler_prob,0.019509894217291754,0.018243251589018388,-0.0012666426282733657,-0.01069252558975332,0.00689259770493322,32,32,32,interval_covers_zero,4B,training seed only (cleaned s123 - s42),seed,qwen3-4b-cleanv2-s42,qwen3-4b-cleanv2-s123,all,pre_first_reuse,qwen3-4b-cleanv2-s42,32
eos_after_forced_close_prob,0.9999986262453563,0.999998769208216,1.429628596616439e-07,-5.796373030719781e-08,3.9686617651635264e-07,32,32,32,interval_covers_zero,4B,training seed only (cleaned s123 - s42),seed,qwen3-4b-cleanv2-s42,qwen3-4b-cleanv2-s123,all,pre_first_reuse,qwen3-4b-cleanv2-s42,32
next_event_close_rate,0.072265625,0.0625,-0.009765625,-0.046875,0.017578125,32,32,32,interval_covers_zero,4B,training seed only (cleaned s123 - s42),seed,qwen3-4b-cleanv2-s42,qwen3-4b-cleanv2-s123,all,pre_first_reuse,qwen3-4b-keep4-s42,32
continue_rate,0.927734375,0.9375,0.009765625,-0.017578125,0.046875,32,32,32,interval_covers_zero,4B,training seed only (cleaned s123 - s42),seed,qwen3-4b-cleanv2-s42,qwen3-4b-cleanv2-s123,all,pre_first_reuse,qwen3-4b-keep4-s42,32
eos_without_close_rate,0.0,0.0,0.0,0.0,0.0,32,32,32,interval_covers_zero,4B,training seed only (cleaned s123 - s42),seed,qwen3-4b-cleanv2-s42,qwen3-4b-cleanv2-s123,all,pre_first_reuse,qwen3-4b-keep4-s42,32
unresolved_rate,0.0,0.0,0.0,0.0,0.0,32,32,32,interval_covers_zero,4B,training seed only (cleaned s123 - s42),seed,qwen3-4b-cleanv2-s42,qwen3-4b-cleanv2-s123,all,pre_first_reuse,qwen3-4b-keep4-s42,32
margin_first_policy,-6.021205357142858,-5.931919642857144,0.08928571428571352,-0.08928571428571533,0.2901785714285712,32,32,32,interval_covers_zero,4B,training seed only (cleaned s123 - s42),seed,qwen3-4b-cleanv2-s42,qwen3-4b-cleanv2-s123,all,pre_first_reuse,qwen3-4b-keep4-s42,32
margin_first_raw,-5.71484375,-5.65234375,0.0625,-0.0625,0.203125,32,32,32,interval_covers_zero,4B,training seed only (cleaned s123 - s42),seed,qwen3-4b-cleanv2-s42,qwen3-4b-cleanv2-s123,all,pre_first_reuse,qwen3-4b-keep4-s42,32
close_prob_pre_filter,0.08212862503582939,0.08511588199037981,0.0029872569545504185,-0.012762773113810053,0.017204190896974517,32,32,32,interval_covers_zero,4B,training seed only (cleaned s123 - s42),seed,qwen3-4b-cleanv2-s42,qwen3-4b-cleanv2-s123,all,pre_first_reuse,qwen3-4b-keep4-s42,32
close_sampler_prob,0.06578456105649969,0.061165732657873395,-0.00461882839862629,-0.03369005193931507,0.014396453920869204,32,32,32,interval_covers_zero,4B,training seed only (cleaned s123 - s42),seed,qwen3-4b-cleanv2-s42,qwen3-4b-cleanv2-s123,all,pre_first_reuse,qwen3-4b-keep4-s42,32
eos_after_forced_close_prob,0.999998932993092,0.9999990188331596,8.584006760958829e-08,-2.8316375086379074e-08,1.9839664942566942e-07,32,32,32,interval_covers_zero,4B,training seed only (cleaned s123 - s42),seed,qwen3-4b-cleanv2-s42,qwen3-4b-cleanv2-s123,all,pre_first_reuse,qwen3-4b-keep4-s42,32
