episode_variant,capture_kind,model,episode_ordinal,gap_at_risk,gap_stop_events,gap_censored,gap_stop_hazard,episodes_started,capture_events,inepisode_stop_events,inepisode_censored,capture_hazard_given_episode,capture_cif_after_episode,stop_cif_after_episode,event_free_survival
lineage,primary,M0,1,8848,2362,2,0.26695298372513565,6484,84,298,0,0.012954966070326958,0.00949659922379528,0.3006433000190761,0.6898601007571287
lineage,primary,M0,2,6102,1300,0,0.21304490331039003,4802,52,308,0,0.010828821324448146,0.015375446362335217,0.48243534230315716,0.5021892113345077
lineage,primary,M0,3,4442,716,0,0.16118865375956776,3726,42,280,0,0.011272141706924315,0.02012374597423286,0.5950378759567297,0.3848383780690374
lineage,primary,M0,4,3404,420,0,0.12338425381903642,2984,47,266,0,0.015750670241286863,0.025437319349451648,0.6725934362843913,0.3019692443661572
lineage,primary,M0,5,2671,289,1,0.10819917633845001,2381,34,233,0,0.014279714405711887,0.029282795329615707,0.7316190804919486,0.23909812417843593
lineage,primary,M0,6,2114,210,0,0.09933774834437085,1904,30,200,0,0.015756302521008403,0.032675862370936934,0.7779909967233387,0.18933314090572456
lineage,primary,M0,7,1674,122,0,0.07287933094384708,1552,18,156,0,0.011597938144329897,0.03471170259572967,0.8094334179729155,0.1558548794313551
lineage,primary,M0,8,1378,115,0,0.08345428156748912,1263,24,115,0,0.019002375296912115,0.03742615622878665,0.8354469319563782,0.12712691181483537
lineage,primary,M0,9,1124,81,0,0.07206405693950178,1043,12,145,0,0.011505273250239693,0.038783383045315145,0.8610080370009981,0.10020857995368695
lineage,primary,M0,10,886,59,0,0.06659142212189616,827,11,107,0,0.013301088270858524,0.040027507627132926,0.8797830079629756,0.08018948440989171
lineage,primary,M0,11,709,36,0,0.05077574047954866,673,5,75,0,0.007429420505200594,0.04059301880068646,0.8923373560158642,0.06706962518344962
lineage,primary,M0,12,593,38,0,0.06408094435075885,555,4,69,0,0.007207207207207207,0.041045427739529294,0.9044392951299098,0.054515277130561084
lineage,primary,M0,13,482,22,0,0.04564315352697095,460,5,55,0,0.010869565217391304,0.04161093891308283,0.9131481672026343,0.045240893884283054
lineage,primary,M0,14,400,15,0,0.0375,385,7,38,0,0.01818181818181818,0.04240265455605779,0.9191425856423017,0.0384547598016406
lineage,primary,M0,15,340,14,0,0.041176470588235294,326,3,46,0,0.009202453987730062,0.04274196126018991,0.9259287197249442,0.03132931901486602
lineage,primary,M0,16,277,12,0,0.04332129963898917,265,2,36,0,0.007547169811320755,0.042968165729611325,0.9313576269910582,0.02567420727933064
lineage,primary,M0,17,227,6,0,0.02643171806167401,221,4,34,0,0.01809954751131222,0.04342057466845416,0.9358817163794865,0.0206977089520595
lineage,primary,M0,18,183,11,0,0.060109289617486336,172,0,23,0,0.0,0.04342057466845416,0.9397271923596505,0.016852232971895437
lineage,primary,M0,19,149,4,0,0.026845637583892617,145,3,16,0,0.020689655172413793,0.04375988137258628,0.9419892370538646,0.014250881573549161
lineage,primary,M0,20,126,5,0,0.03968253968253968,121,0,25,0,0.0,0.04375988137258628,0.9453823040951859,0.010857814532227934
lineage,primary,M0,21,96,5,0,0.052083333333333336,91,0,8,0,0.0,0.04375988137258628,0.9468526331464251,0.009387485480988734
lineage,primary,M0,22,83,6,0,0.07228915662650602,77,0,8,0,0.0,0.04375988137258628,0.948436064432375,0.0078040541950388275
lineage,primary,M0,23,69,4,0,0.057971014492753624,65,1,4,0,0.015384615384615385,0.04387298360729699,0.9493408823100606,0.006786134082642458
lineage,primary,M0,24,60,4,0,0.06666666666666667,56,0,6,0,0.0,0.04387298360729699,0.9504719046571677,0.005655111735535383
lineage,primary,M0,25,50,1,0,0.02,49,0,9,0,0.0,0.04387298360729699,0.9516029270042747,0.004524089388428306
lineage,primary,M0,26,40,2,0,0.05,38,0,5,0,0.0,0.04387298360729699,0.9523946426472497,0.0037323737454533525
lineage,primary,M0,27,33,0,0,0.0,33,0,6,0,0.0,0.04387298360729699,0.953073256055514,0.0030537603371891065
lineage,primary,M0,28,27,0,0,0.0,27,0,6,0,0.0,0.04387298360729699,0.9537518694637782,0.0023751469289248605
lineage,primary,M0,29,21,1,0,0.047619047619047616,20,0,3,0,0.0,0.04387298360729699,0.954204278402621,0.0019227379900820297
lineage,primary,M0,30,17,0,0,0.0,17,1,6,0,0.058823529411764705,0.043986085842007694,0.9548828918108853,0.0011310223471070761
lineage,primary,M0,31,10,0,0,0.0,10,0,2,0,0.0,0.043986085842007694,0.9551090962803067,0.000904817877685661
lineage,primary,M0,32,8,0,0,0.0,8,0,2,0,0.0,0.043986085842007694,0.9553353007497282,0.0006786134082642458
lineage,primary,M0,33,6,0,0,0.0,6,0,0,0,0.0,0.043986085842007694,0.9553353007497282,0.0006786134082642458
lineage,primary,M0,34,6,0,0,0.0,6,0,0,0,0.0,0.043986085842007694,0.9553353007497282,0.0006786134082642458
lineage,primary,M0,35,6,0,0,0.0,6,0,1,0,0.0,0.043986085842007694,0.9554484029844389,0.0005655111735535382
lineage,primary,M0,36,5,0,0,0.0,5,0,1,0,0.0,0.043986085842007694,0.9555615052191496,0.0004524089388428306
lineage,primary,M0,37,4,0,0,0.0,4,0,0,0,0.0,0.043986085842007694,0.9555615052191496,0.0004524089388428306
lineage,primary,M0,38,4,0,0,0.0,4,0,0,0,0.0,0.043986085842007694,0.9555615052191496,0.0004524089388428306
lineage,primary,M0,39,4,0,0,0.0,4,0,0,0,0.0,0.043986085842007694,0.9555615052191496,0.0004524089388428306
lineage,primary,M0,40,4,0,0,0.0,4,0,0,0,0.0,0.043986085842007694,0.9555615052191496,0.0004524089388428306
lineage,primary,M0,41,4,0,0,0.0,4,0,0,0,0.0,0.043986085842007694,0.9555615052191496,0.0004524089388428306
lineage,primary,M0,42,4,0,0,0.0,4,0,0,0,0.0,0.043986085842007694,0.9555615052191496,0.0004524089388428306
lineage,primary,M0,43,4,0,0,0.0,4,0,1,0,0.0,0.043986085842007694,0.9556746074538603,0.00033930670413212294
lineage,primary,M0,44,3,0,0,0.0,3,0,1,0,0.0,0.043986085842007694,0.9557877096885711,0.00022620446942141532
lineage,primary,M0,45,2,0,0,0.0,2,0,1,0,0.0,0.043986085842007694,0.9559008119232818,0.00011310223471070766
lineage,primary,M0,46,1,0,0,0.0,1,0,0,0,0.0,0.043986085842007694,0.9559008119232818,0.00011310223471070766
lineage,primary,M0,47,1,0,0,0.0,1,0,1,0,0.0,0.043986085842007694,0.9560139141579925,0.0
lineage,primary,M0,48,0,0,0,0.0,0,0,0,0,0.0,0.043986085842007694,0.9560139141579925,0.0
lineage,primary,M0,49,0,0,0,0.0,0,0,0,0,0.0,0.043986085842007694,0.9560139141579925,0.0
lineage,primary,M0,50,0,0,0,0.0,0,0,0,0,0.0,0.043986085842007694,0.9560139141579925,0.0
lineage,primary,M0,51,0,0,0,0.0,0,0,0,0,0.0,0.043986085842007694,0.9560139141579925,0.0
lineage,primary,M0,52,0,0,0,0.0,0,0,0,0,0.0,0.043986085842007694,0.9560139141579925,0.0
lineage,primary,M0,53,0,0,0,0.0,0,0,0,0,0.0,0.043986085842007694,0.9560139141579925,0.0
lineage,primary,M0,54,0,0,0,0.0,0,0,0,0,0.0,0.043986085842007694,0.9560139141579925,0.0
lineage,primary,M0,55,0,0,0,0.0,0,0,0,0,0.0,0.043986085842007694,0.9560139141579925,0.0
lineage,primary,M0,56,0,0,0,0.0,0,0,0,0,0.0,0.043986085842007694,0.9560139141579925,0.0
lineage,primary,M0,57,0,0,0,0.0,0,0,0,0,0.0,0.043986085842007694,0.9560139141579925,0.0
lineage,primary,M0,58,0,0,0,0.0,0,0,0,0,0.0,0.043986085842007694,0.9560139141579925,0.0
lineage,primary,M0,59,0,0,0,0.0,0,0,0,0,0.0,0.043986085842007694,0.9560139141579925,0.0
lineage,primary,M0,60,0,0,0,0.0,0,0,0,0,0.0,0.043986085842007694,0.9560139141579925,0.0
lineage,primary,M0,61,0,0,0,0.0,0,0,0,0,0.0,0.043986085842007694,0.9560139141579925,0.0
lineage,primary,M0,62,0,0,0,0.0,0,0,0,0,0.0,0.043986085842007694,0.9560139141579925,0.0
lineage,primary,M0,63,0,0,0,0.0,0,0,0,0,0.0,0.043986085842007694,0.9560139141579925,0.0
lineage,primary,M0,64,0,0,0,0.0,0,0,0,0,0.0,0.043986085842007694,0.9560139141579925,0.0
lineage,primary,M0,65,0,0,0,0.0,0,0,0,0,0.0,0.043986085842007694,0.9560139141579925,0.0
lineage,primary,M0,66,0,0,0,0.0,0,0,0,0,0.0,0.043986085842007694,0.9560139141579925,0.0
lineage,primary,M0,67,0,0,0,0.0,0,0,0,0,0.0,0.043986085842007694,0.9560139141579925,0.0
lineage,primary,M0,68,0,0,0,0.0,0,0,0,0,0.0,0.043986085842007694,0.9560139141579925,0.0
lineage,primary,M0,69,0,0,0,0.0,0,0,0,0,0.0,0.043986085842007694,0.9560139141579925,0.0
lineage,primary,M0,70,0,0,0,0.0,0,0,0,0,0.0,0.043986085842007694,0.9560139141579925,0.0
lineage,primary,M0,71,0,0,0,0.0,0,0,0,0,0.0,0.043986085842007694,0.9560139141579925,0.0
lineage,primary,M0,72,0,0,0,0.0,0,0,0,0,0.0,0.043986085842007694,0.9560139141579925,0.0
lineage,primary,M0,73,0,0,0,0.0,0,0,0,0,0.0,0.043986085842007694,0.9560139141579925,0.0
lineage,primary,M0,74,0,0,0,0.0,0,0,0,0,0.0,0.043986085842007694,0.9560139141579925,0.0
lineage,primary,M0,75,0,0,0,0.0,0,0,0,0,0.0,0.043986085842007694,0.9560139141579925,0.0
lineage,primary,M0,76,0,0,0,0.0,0,0,0,0,0.0,0.043986085842007694,0.9560139141579925,0.0
lineage,primary,M0,77,0,0,0,0.0,0,0,0,0,0.0,0.043986085842007694,0.9560139141579925,0.0
lineage,primary,M0,78,0,0,0,0.0,0,0,0,0,0.0,0.043986085842007694,0.9560139141579925,0.0
lineage,primary,M0,79,0,0,0,0.0,0,0,0,0,0.0,0.043986085842007694,0.9560139141579925,0.0
lineage,primary,M0,80,0,0,0,0.0,0,0,0,0,0.0,0.043986085842007694,0.9560139141579925,0.0
lineage,primary,M0,81,0,0,0,0.0,0,0,0,0,0.0,0.043986085842007694,0.9560139141579925,0.0
lineage,primary,M0,82,0,0,0,0.0,0,0,0,0,0.0,0.043986085842007694,0.9560139141579925,0.0
lineage,primary,M0,83,0,0,0,0.0,0,0,0,0,0.0,0.043986085842007694,0.9560139141579925,0.0
lineage,primary,M0,84,0,0,0,0.0,0,0,0,0,0.0,0.043986085842007694,0.9560139141579925,0.0
lineage,primary,M0,85,0,0,0,0.0,0,0,0,0,0.0,0.043986085842007694,0.9560139141579925,0.0
lineage,primary,M0,86,0,0,0,0.0,0,0,0,0,0.0,0.043986085842007694,0.9560139141579925,0.0
lineage,primary,M0,87,0,0,0,0.0,0,0,0,0,0.0,0.043986085842007694,0.9560139141579925,0.0
lineage,primary,M0,88,0,0,0,0.0,0,0,0,0,0.0,0.043986085842007694,0.9560139141579925,0.0
lineage,primary,M0,89,0,0,0,0.0,0,0,0,0,0.0,0.043986085842007694,0.9560139141579925,0.0
lineage,primary,M0,90,0,0,0,0.0,0,0,0,0,0.0,0.043986085842007694,0.9560139141579925,0.0
lineage,primary,M0,91,0,0,0,0.0,0,0,0,0,0.0,0.043986085842007694,0.9560139141579925,0.0
lineage,primary,M0,92,0,0,0,0.0,0,0,0,0,0.0,0.043986085842007694,0.9560139141579925,0.0
lineage,primary,M0,93,0,0,0,0.0,0,0,0,0,0.0,0.043986085842007694,0.9560139141579925,0.0
lineage,primary,M0,94,0,0,0,0.0,0,0,0,0,0.0,0.043986085842007694,0.9560139141579925,0.0
lineage,primary,M0,95,0,0,0,0.0,0,0,0,0,0.0,0.043986085842007694,0.9560139141579925,0.0
lineage,primary,M0,96,0,0,0,0.0,0,0,0,0,0.0,0.043986085842007694,0.9560139141579925,0.0
lineage,primary,M0,97,0,0,0,0.0,0,0,0,0,0.0,0.043986085842007694,0.9560139141579925,0.0
lineage,primary,M0,98,0,0,0,0.0,0,0,0,0,0.0,0.043986085842007694,0.9560139141579925,0.0
lineage,primary,M0,99,0,0,0,0.0,0,0,0,0,0.0,0.043986085842007694,0.9560139141579925,0.0
lineage,primary,M0,100,0,0,0,0.0,0,0,0,0,0.0,0.043986085842007694,0.9560139141579925,0.0
lineage,primary,M0,101,0,0,0,0.0,0,0,0,0,0.0,0.043986085842007694,0.9560139141579925,0.0
lineage,primary,M0,102,0,0,0,0.0,0,0,0,0,0.0,0.043986085842007694,0.9560139141579925,0.0
lineage,primary,M0,103,0,0,0,0.0,0,0,0,0,0.0,0.043986085842007694,0.9560139141579925,0.0
lineage,primary,M0,104,0,0,0,0.0,0,0,0,0,0.0,0.043986085842007694,0.9560139141579925,0.0
lineage,primary,M0,105,0,0,0,0.0,0,0,0,0,0.0,0.043986085842007694,0.9560139141579925,0.0
lineage,primary,M0,106,0,0,0,0.0,0,0,0,0,0.0,0.043986085842007694,0.9560139141579925,0.0
lineage,primary,M0,107,0,0,0,0.0,0,0,0,0,0.0,0.043986085842007694,0.9560139141579925,0.0
lineage,primary,M0,108,0,0,0,0.0,0,0,0,0,0.0,0.043986085842007694,0.9560139141579925,0.0
lineage,primary,M0,109,0,0,0,0.0,0,0,0,0,0.0,0.043986085842007694,0.9560139141579925,0.0
lineage,primary,M0,110,0,0,0,0.0,0,0,0,0,0.0,0.043986085842007694,0.9560139141579925,0.0
lineage,primary,M0,111,0,0,0,0.0,0,0,0,0,0.0,0.043986085842007694,0.9560139141579925,0.0
lineage,primary,M0,112,0,0,0,0.0,0,0,0,0,0.0,0.043986085842007694,0.9560139141579925,0.0
lineage,primary,M0,113,0,0,0,0.0,0,0,0,0,0.0,0.043986085842007694,0.9560139141579925,0.0
lineage,primary,M0,114,0,0,0,0.0,0,0,0,0,0.0,0.043986085842007694,0.9560139141579925,0.0
lineage,primary,M0,115,0,0,0,0.0,0,0,0,0,0.0,0.043986085842007694,0.9560139141579925,0.0
lineage,primary,M0,116,0,0,0,0.0,0,0,0,0,0.0,0.043986085842007694,0.9560139141579925,0.0
lineage,primary,M0,117,0,0,0,0.0,0,0,0,0,0.0,0.043986085842007694,0.9560139141579925,0.0
lineage,primary,M0,118,0,0,0,0.0,0,0,0,0,0.0,0.043986085842007694,0.9560139141579925,0.0
lineage,primary,M0,119,0,0,0,0.0,0,0,0,0,0.0,0.043986085842007694,0.9560139141579925,0.0
lineage,primary,M0,120,0,0,0,0.0,0,0,0,0,0.0,0.043986085842007694,0.9560139141579925,0.0
lineage,primary,M0,121,0,0,0,0.0,0,0,0,0,0.0,0.043986085842007694,0.9560139141579925,0.0
lineage,primary,M0,122,0,0,0,0.0,0,0,0,0,0.0,0.043986085842007694,0.9560139141579925,0.0
lineage,primary,M0,123,0,0,0,0.0,0,0,0,0,0.0,0.043986085842007694,0.9560139141579925,0.0
lineage,primary,M0,124,0,0,0,0.0,0,0,0,0,0.0,0.043986085842007694,0.9560139141579925,0.0
lineage,primary,M1,1,8848,2137,1,0.24152350813743217,6710,89,218,0,0.013263785394932935,0.010060269415166696,0.26616551636784047,0.7237742142169928
lineage,primary,M1,2,6403,1170,4,0.18272684679056692,5229,105,265,0,0.020080321285140562,0.021938205846186803,0.42839614540784454,0.5496656487459687
lineage,primary,M1,3,4859,686,0,0.14118131302737189,4173,122,243,0,0.02923556194584232,0.03573923674699112,0.5334876020213463,0.4307731612316626
lineage,primary,M1,4,3808,414,0,0.10871848739495799,3394,79,247,0,0.023276370064820272,0.044675969871282445,0.6082620399347205,0.347061990193997
lineage,primary,M1,5,3068,266,0,0.08670143415906127,2802,80,215,0,0.028551034975017844,0.053725826199678715,0.6626743011092031,0.2835998726911182
lineage,primary,M1,6,2507,201,1,0.08017550857598724,2305,89,193,0,0.0386117136659436,0.06379815924578544,0.7072543154477662,0.22894752530644844
lineage,primary,M1,7,2023,137,0,0.06772120612951063,1886,53,175,0,0.028101802757158005,0.0697962901608827,0.7425640672498481,0.18763964258926916
lineage,primary,M1,8,1658,104,0,0.06272617611580217,1554,48,164,0,0.03088803088803089,0.07522855966889533,0.7728942386695852,0.1518772016615194
lineage,primary,M1,9,1342,71,0,0.05290611028315946,1271,29,117,0,0.022816679779701022,0.07851055582998628,0.7941706275759679,0.1273188165940457
lineage,primary,M1,10,1125,69,0,0.06133333333333333,1056,28,115,0,0.026515151515151516,0.08167937970966031,0.8149943273566829,0.10332629293365665
lineage,primary,M1,11,913,43,1,0.047097480832420595,869,25,90,0,0.028768699654775604,0.08451194256445688,0.8300579617348784,0.08543009570066447
lineage,primary,M1,12,754,44,0,0.058355437665782495,710,18,74,0,0.02535211267605634,0.08655138781991041,0.8434276584095183,0.07002095377057115
lineage,primary,M1,13,618,27,0,0.043689320388349516,591,12,56,0,0.02030456852791878,0.08791101799021277,0.8528317670874429,0.05925721492234418
lineage,primary,M1,14,523,21,0,0.040152963671128104,502,9,54,0,0.017928286852589643,0.08893074061793953,0.8613294556518326,0.04973980373022772
lineage,primary,M1,15,439,16,0,0.03644646924829157,423,6,45,0,0.014184397163120567,0.0896105557030907,0.8682409090175363,0.042148535279372915
lineage,primary,M1,16,372,13,0,0.03494623655913978,359,4,36,0,0.011142061281337047,0.09006376575985815,0.8737927322129375,0.03614350202720419
lineage,primary,M1,17,319,12,0,0.03761755485893417,307,11,28,0,0.035830618892508145,0.09131009341596864,0.878324832780612,0.030365073803419195
lineage,primary,M1,18,268,6,0,0.022388059701492536,262,6,35,0,0.022900763358778626,0.09198990850111982,0.8829702358624784,0.02503985563640165
lineage,primary,M1,19,221,8,0,0.03619909502262444,213,2,22,0,0.009389671361502348,0.09221651352950355,0.8863693112882343,0.021414175182262046
lineage,primary,M1,20,189,10,0,0.05291005291005291,179,1,22,0,0.00558659217877095,0.09232981604369542,0.8899949917423738,0.017675192213930577
lineage,primary,M1,21,156,4,0,0.02564102564102564,152,4,19,0,0.02631578947368421,0.09278302610046286,0.8926009495687867,0.014616024330750285
lineage,primary,M1,22,129,2,0,0.015503875968992248,127,6,13,0,0.047244094488188976,0.09346284118561404,0.8943004872816646,0.012236671532721169
lineage,primary,M1,23,108,5,0,0.046296296296296294,103,2,12,0,0.019417475728155338,0.09368944621399777,0.8962266300229262,0.01008392376307578
lineage,primary,M1,24,89,2,0,0.02247191011235955,87,0,8,0,0.0,0.09368944621399777,0.8973596551648448,0.008950898621157152
lineage,primary,M1,25,79,0,0,0.0,79,2,9,0,0.02531645569620253,0.0939160512423815,0.8983793777925716,0.007704570965046663
lineage,primary,M1,26,68,0,0,0.0,68,0,9,0,0.0,0.0939160512423815,0.8993991004202984,0.006684848337319899
lineage,primary,M1,27,59,1,0,0.01694915254237288,58,3,2,0,0.05172413793103448,0.09425595878495709,0.8997390079628739,0.0060050332521687224
lineage,primary,M1,28,53,0,0,0.0,53,1,9,0,0.018867924528301886,0.09436926129914895,0.9007587305906006,0.004872008110250096
lineage,primary,M1,29,43,0,0,0.0,43,0,7,0,0.0,0.09436926129914895,0.9015518481899437,0.004078890510907057
lineage,primary,M1,30,36,1,0,0.027777777777777776,35,1,6,0,0.02857142857142857,0.09448256381334082,0.9023449657892867,0.0031724703973721557
lineage,primary,M1,31,28,0,0,0.0,28,0,1,0,0.0,0.09448256381334082,0.9024582683034785,0.003059167883180293
lineage,primary,M1,32,27,2,0,0.07407407407407407,25,0,3,0,0.0,0.09448256381334082,0.9030247808744378,0.0024926553122209794
lineage,primary,M1,33,22,0,0,0.0,22,1,3,0,0.045454545454545456,0.09459586632753268,0.9033646884170135,0.0020394452554535285
lineage,primary,M1,34,18,0,0,0.0,18,0,2,0,0.0,0.09459586632753268,0.9035912934453971,0.001812840227069803
lineage,primary,M1,35,16,2,0,0.125,14,0,0,0,0.0,0.09459586632753268,0.9038178984737808,0.0015862351986860776
lineage,primary,M1,36,14,0,0,0.0,14,0,3,0,0.0,0.09459586632753268,0.9041578060163564,0.0012463276561104895
lineage,primary,M1,37,11,0,0,0.0,11,1,0,0,0.09090909090909091,0.09470916884172455,0.9041578060163564,0.0011330251419186268
lineage,primary,M1,38,10,0,0,0.0,10,0,2,0,0.0,0.09470916884172455,0.9043844110447401,0.0009064201135349014
lineage,primary,M1,39,8,0,0,0.0,8,0,1,0,0.0,0.09470916884172455,0.9044977135589319,0.0007931175993430387
lineage,primary,M1,40,7,0,0,0.0,7,1,2,0,0.14285714285714285,0.09482247135591641,0.9047243185873156,0.00045321005676745066
lineage,primary,M1,41,4,0,0,0.0,4,0,0,0,0.0,0.09482247135591641,0.9047243185873156,0.00045321005676745066
lineage,primary,M1,42,4,0,0,0.0,4,0,1,0,0.0,0.09482247135591641,0.9048376211015074,0.000339907542575588
lineage,primary,M1,43,3,0,0,0.0,3,0,0,0,0.0,0.09482247135591641,0.9048376211015074,0.000339907542575588
lineage,primary,M1,44,3,0,0,0.0,3,0,1,0,0.0,0.09482247135591641,0.9049509236156993,0.00022660502838372536
lineage,primary,M1,45,2,0,0,0.0,2,0,0,0,0.0,0.09482247135591641,0.9049509236156993,0.00022660502838372536
lineage,primary,M1,46,2,0,0,0.0,2,0,0,0,0.0,0.09482247135591641,0.9049509236156993,0.00022660502838372536
lineage,primary,M1,47,2,0,0,0.0,2,0,0,0,0.0,0.09482247135591641,0.9049509236156993,0.00022660502838372536
lineage,primary,M1,48,2,0,0,0.0,2,0,0,0,0.0,0.09482247135591641,0.9049509236156993,0.00022660502838372536
lineage,primary,M1,49,2,0,0,0.0,2,0,0,0,0.0,0.09482247135591641,0.9049509236156993,0.00022660502838372536
lineage,primary,M1,50,2,0,0,0.0,2,0,0,0,0.0,0.09482247135591641,0.9049509236156993,0.00022660502838372536
lineage,primary,M1,51,2,0,0,0.0,2,0,0,0,0.0,0.09482247135591641,0.9049509236156993,0.00022660502838372536
lineage,primary,M1,52,2,0,0,0.0,2,0,0,0,0.0,0.09482247135591641,0.9049509236156993,0.00022660502838372536
lineage,primary,M1,53,2,0,0,0.0,2,0,0,0,0.0,0.09482247135591641,0.9049509236156993,0.00022660502838372536
lineage,primary,M1,54,2,0,0,0.0,2,0,1,0,0.0,0.09482247135591641,0.9050642261298911,0.00011330251419186268
lineage,primary,M1,55,1,0,0,0.0,1,0,0,0,0.0,0.09482247135591641,0.9050642261298911,0.00011330251419186268
lineage,primary,M1,56,1,0,0,0.0,1,0,0,0,0.0,0.09482247135591641,0.9050642261298911,0.00011330251419186268
lineage,primary,M1,57,1,0,0,0.0,1,0,0,0,0.0,0.09482247135591641,0.9050642261298911,0.00011330251419186268
lineage,primary,M1,58,1,0,0,0.0,1,0,0,0,0.0,0.09482247135591641,0.9050642261298911,0.00011330251419186268
lineage,primary,M1,59,1,0,0,0.0,1,0,0,0,0.0,0.09482247135591641,0.9050642261298911,0.00011330251419186268
lineage,primary,M1,60,1,0,0,0.0,1,0,0,0,0.0,0.09482247135591641,0.9050642261298911,0.00011330251419186268
lineage,primary,M1,61,1,0,0,0.0,1,0,0,0,0.0,0.09482247135591641,0.9050642261298911,0.00011330251419186268
lineage,primary,M1,62,1,0,0,0.0,1,0,0,0,0.0,0.09482247135591641,0.9050642261298911,0.00011330251419186268
lineage,primary,M1,63,1,0,0,0.0,1,0,0,0,0.0,0.09482247135591641,0.9050642261298911,0.00011330251419186268
lineage,primary,M1,64,1,0,0,0.0,1,0,0,0,0.0,0.09482247135591641,0.9050642261298911,0.00011330251419186268
lineage,primary,M1,65,1,0,0,0.0,1,0,0,0,0.0,0.09482247135591641,0.9050642261298911,0.00011330251419186268
lineage,primary,M1,66,1,0,0,0.0,1,0,0,0,0.0,0.09482247135591641,0.9050642261298911,0.00011330251419186268
lineage,primary,M1,67,1,0,0,0.0,1,0,0,0,0.0,0.09482247135591641,0.9050642261298911,0.00011330251419186268
lineage,primary,M1,68,1,0,0,0.0,1,0,0,0,0.0,0.09482247135591641,0.9050642261298911,0.00011330251419186268
lineage,primary,M1,69,1,0,0,0.0,1,0,0,0,0.0,0.09482247135591641,0.9050642261298911,0.00011330251419186268
lineage,primary,M1,70,1,0,0,0.0,1,0,0,0,0.0,0.09482247135591641,0.9050642261298911,0.00011330251419186268
lineage,primary,M1,71,1,0,0,0.0,1,0,0,0,0.0,0.09482247135591641,0.9050642261298911,0.00011330251419186268
lineage,primary,M1,72,1,0,0,0.0,1,0,0,0,0.0,0.09482247135591641,0.9050642261298911,0.00011330251419186268
lineage,primary,M1,73,1,0,0,0.0,1,0,0,0,0.0,0.09482247135591641,0.9050642261298911,0.00011330251419186268
lineage,primary,M1,74,1,0,0,0.0,1,0,0,0,0.0,0.09482247135591641,0.9050642261298911,0.00011330251419186268
lineage,primary,M1,75,1,0,0,0.0,1,0,0,0,0.0,0.09482247135591641,0.9050642261298911,0.00011330251419186268
lineage,primary,M1,76,1,0,0,0.0,1,0,0,0,0.0,0.09482247135591641,0.9050642261298911,0.00011330251419186268
lineage,primary,M1,77,1,0,0,0.0,1,0,0,0,0.0,0.09482247135591641,0.9050642261298911,0.00011330251419186268
lineage,primary,M1,78,1,0,0,0.0,1,0,0,0,0.0,0.09482247135591641,0.9050642261298911,0.00011330251419186268
lineage,primary,M1,79,1,0,0,0.0,1,0,0,0,0.0,0.09482247135591641,0.9050642261298911,0.00011330251419186268
lineage,primary,M1,80,1,0,0,0.0,1,0,0,0,0.0,0.09482247135591641,0.9050642261298911,0.00011330251419186268
lineage,primary,M1,81,1,0,0,0.0,1,0,0,0,0.0,0.09482247135591641,0.9050642261298911,0.00011330251419186268
lineage,primary,M1,82,1,0,0,0.0,1,0,0,0,0.0,0.09482247135591641,0.9050642261298911,0.00011330251419186268
lineage,primary,M1,83,1,0,0,0.0,1,0,0,0,0.0,0.09482247135591641,0.9050642261298911,0.00011330251419186268
lineage,primary,M1,84,1,0,0,0.0,1,0,0,0,0.0,0.09482247135591641,0.9050642261298911,0.00011330251419186268
lineage,primary,M1,85,1,0,0,0.0,1,0,0,0,0.0,0.09482247135591641,0.9050642261298911,0.00011330251419186268
lineage,primary,M1,86,1,0,0,0.0,1,0,0,0,0.0,0.09482247135591641,0.9050642261298911,0.00011330251419186268
lineage,primary,M1,87,1,0,0,0.0,1,0,0,0,0.0,0.09482247135591641,0.9050642261298911,0.00011330251419186268
lineage,primary,M1,88,1,0,0,0.0,1,0,0,0,0.0,0.09482247135591641,0.9050642261298911,0.00011330251419186268
lineage,primary,M1,89,1,0,0,0.0,1,0,0,0,0.0,0.09482247135591641,0.9050642261298911,0.00011330251419186268
lineage,primary,M1,90,1,0,0,0.0,1,0,0,0,0.0,0.09482247135591641,0.9050642261298911,0.00011330251419186268
lineage,primary,M1,91,1,0,0,0.0,1,0,0,0,0.0,0.09482247135591641,0.9050642261298911,0.00011330251419186268
lineage,primary,M1,92,1,0,0,0.0,1,0,0,0,0.0,0.09482247135591641,0.9050642261298911,0.00011330251419186268
lineage,primary,M1,93,1,0,0,0.0,1,0,0,0,0.0,0.09482247135591641,0.9050642261298911,0.00011330251419186268
lineage,primary,M1,94,1,0,0,0.0,1,0,0,0,0.0,0.09482247135591641,0.9050642261298911,0.00011330251419186268
lineage,primary,M1,95,1,0,0,0.0,1,0,0,0,0.0,0.09482247135591641,0.9050642261298911,0.00011330251419186268
lineage,primary,M1,96,1,0,0,0.0,1,0,0,0,0.0,0.09482247135591641,0.9050642261298911,0.00011330251419186268
lineage,primary,M1,97,1,0,0,0.0,1,0,0,0,0.0,0.09482247135591641,0.9050642261298911,0.00011330251419186268
lineage,primary,M1,98,1,0,0,0.0,1,0,0,0,0.0,0.09482247135591641,0.9050642261298911,0.00011330251419186268
lineage,primary,M1,99,1,0,0,0.0,1,0,0,0,0.0,0.09482247135591641,0.9050642261298911,0.00011330251419186268
lineage,primary,M1,100,1,0,0,0.0,1,0,0,0,0.0,0.09482247135591641,0.9050642261298911,0.00011330251419186268
lineage,primary,M1,101,1,0,0,0.0,1,0,0,0,0.0,0.09482247135591641,0.9050642261298911,0.00011330251419186268
lineage,primary,M1,102,1,0,0,0.0,1,0,0,0,0.0,0.09482247135591641,0.9050642261298911,0.00011330251419186268
lineage,primary,M1,103,1,0,0,0.0,1,0,0,0,0.0,0.09482247135591641,0.9050642261298911,0.00011330251419186268
lineage,primary,M1,104,1,0,0,0.0,1,0,0,0,0.0,0.09482247135591641,0.9050642261298911,0.00011330251419186268
lineage,primary,M1,105,1,0,0,0.0,1,0,0,0,0.0,0.09482247135591641,0.9050642261298911,0.00011330251419186268
lineage,primary,M1,106,1,0,0,0.0,1,0,0,0,0.0,0.09482247135591641,0.9050642261298911,0.00011330251419186268
lineage,primary,M1,107,1,0,0,0.0,1,0,0,0,0.0,0.09482247135591641,0.9050642261298911,0.00011330251419186268
lineage,primary,M1,108,1,0,0,0.0,1,0,0,0,0.0,0.09482247135591641,0.9050642261298911,0.00011330251419186268
lineage,primary,M1,109,1,0,0,0.0,1,0,0,0,0.0,0.09482247135591641,0.9050642261298911,0.00011330251419186268
lineage,primary,M1,110,1,0,0,0.0,1,0,0,0,0.0,0.09482247135591641,0.9050642261298911,0.00011330251419186268
lineage,primary,M1,111,1,0,0,0.0,1,0,0,0,0.0,0.09482247135591641,0.9050642261298911,0.00011330251419186268
lineage,primary,M1,112,1,0,0,0.0,1,0,0,0,0.0,0.09482247135591641,0.9050642261298911,0.00011330251419186268
lineage,primary,M1,113,1,0,0,0.0,1,0,0,0,0.0,0.09482247135591641,0.9050642261298911,0.00011330251419186268
lineage,primary,M1,114,1,0,0,0.0,1,0,0,0,0.0,0.09482247135591641,0.9050642261298911,0.00011330251419186268
lineage,primary,M1,115,1,0,0,0.0,1,0,0,0,0.0,0.09482247135591641,0.9050642261298911,0.00011330251419186268
lineage,primary,M1,116,1,0,0,0.0,1,0,0,0,0.0,0.09482247135591641,0.9050642261298911,0.00011330251419186268
lineage,primary,M1,117,1,0,0,0.0,1,0,0,0,0.0,0.09482247135591641,0.9050642261298911,0.00011330251419186268
lineage,primary,M1,118,1,0,0,0.0,1,0,0,0,0.0,0.09482247135591641,0.9050642261298911,0.00011330251419186268
lineage,primary,M1,119,1,0,0,0.0,1,0,0,0,0.0,0.09482247135591641,0.9050642261298911,0.00011330251419186268
lineage,primary,M1,120,1,0,0,0.0,1,0,0,0,0.0,0.09482247135591641,0.9050642261298911,0.00011330251419186268
lineage,primary,M1,121,1,0,0,0.0,1,0,0,0,0.0,0.09482247135591641,0.9050642261298911,0.00011330251419186268
lineage,primary,M1,122,1,0,0,0.0,1,0,0,0,0.0,0.09482247135591641,0.9050642261298911,0.00011330251419186268
lineage,primary,M1,123,1,0,0,0.0,1,0,0,0,0.0,0.09482247135591641,0.9050642261298911,0.00011330251419186268
lineage,primary,M1,124,1,0,0,0.0,1,0,1,0,0.0,0.09482247135591641,0.905177528644083,0.0
lineage,legacy,M0,1,8848,2362,2,0.26695298372513565,6484,14,356,5,0.00215916101172116,0.0015827665372992136,0.30720047567360137,0.6912167577890994
lineage,legacy,M0,2,6109,1300,0,0.21280078572597808,4809,10,346,2,0.002079434393844874,0.0027142393770260087,0.4934409050926319,0.5038448555303421
lineage,legacy,M0,3,4451,718,0,0.16131206470456078,3733,6,311,5,0.0016072863648540047,0.0033934281285834234,0.6099217759847285,0.3866847958866881
lineage,legacy,M0,4,3411,420,0,0.12313104661389622,2991,5,303,3,0.001671681711802073,0.003960248409859718,0.6918839886572807,0.3041557629328596
lineage,legacy,M0,5,2680,289,1,0.10783582089552239,2390,3,261,3,0.0012552301255230125,0.004300863736081757,0.7543164084145669,0.24138272784935144
lineage,legacy,M0,6,2123,210,0,0.09891662741403674,1913,1,223,3,0.0005227391531625719,0.004414562618723938,0.8035480245986316,0.19203741278264463
lineage,legacy,M0,7,1686,122,0,0.07236061684460261,1564,2,170,0,0.0012787723785166241,0.0046423650063664584,0.8368071731944396,0.15855046179919416
lineage,legacy,M0,8,1392,115,0,0.08261494252873564,1277,1,137,1,0.0007830853563038371,0.004756266200187718,0.8655102740373972,0.12973345976241532
lineage,legacy,M0,9,1138,82,0,0.07205623901581722,1056,0,156,1,0.0,0.004756266200187718,0.8926425793304156,0.10260115446939701
lineage,legacy,M0,10,899,59,0,0.06562847608453838,840,1,114,1,0.0011904761904761906,0.004870394291922309,0.9123867392004997,0.08274286650757824
lineage,legacy,M0,11,724,36,0,0.049723756906077346,688,0,77,0,0.0,0.004870394291922309,0.9253010263764062,0.06982857933167169
lineage,legacy,M0,12,611,38,0,0.062193126022913256,573,2,69,0,0.0034904013961605585,0.005098965746363133,0.9375295991889904,0.057371435064646786
lineage,legacy,M0,13,502,22,0,0.043824701195219126,480,0,58,3,0.0,0.005098965746363133,0.9466724573666233,0.04822857688701384
lineage,legacy,M0,14,419,15,0,0.03579952267303103,404,0,45,1,0.0,0.005098965746363133,0.953578697493642,0.04132233675999515
lineage,legacy,M0,15,358,14,0,0.03910614525139665,344,0,47,1,0.0,0.005098965746363133,0.9606196543158758,0.03428137993776134
lineage,legacy,M0,16,296,12,0,0.04054054054054054,284,0,37,0,0.0,0.005098965746363133,0.9662946124812485,0.028606421772388688
lineage,legacy,M0,17,247,6,0,0.024291497975708502,241,0,38,1,0.0,0.005098965746363133,0.9713904932828076,0.02351054097082957
lineage,legacy,M0,18,202,11,0,0.054455445544554455,191,0,25,0,0.0,0.005098965746363133,0.9755804906835495,0.019320543570087664
lineage,legacy,M0,19,166,4,0,0.024096385542168676,162,0,20,0,0.0,0.005098965746363133,0.978373822284044,0.016527211969593062
lineage,legacy,M0,20,142,5,0,0.035211267605633804,137,0,25,0,0.0,0.005098965746363133,0.9818654867846622,0.013035547468974812
lineage,legacy,M0,21,112,5,0,0.044642857142857144,107,0,8,0,0.0,0.005098965746363133,0.9833785414015968,0.011522492852040236
lineage,legacy,M0,22,99,6,0,0.06060606060606061,93,0,9,0,0.0,0.005098965746363133,0.9851243736519059,0.009776660601731109
lineage,legacy,M0,23,84,4,0,0.047619047619047616,80,0,5,0,0.0,0.005098965746363133,0.9861718730020913,0.008729161251545632
lineage,legacy,M0,24,75,4,0,0.05333333333333334,71,0,8,0,0.0,0.005098965746363133,0.9875685388023385,0.0073324954512983325
lineage,legacy,M0,25,63,1,0,0.015873015873015872,62,0,9,0,0.0,0.005098965746363133,0.9887324269692113,0.006168607284425582
lineage,legacy,M0,26,53,2,0,0.03773584905660377,51,0,6,0,0.0,0.005098965746363133,0.9896635375027095,0.0052374967509273805
lineage,legacy,M0,27,45,0,0,0.0,45,0,6,1,0.0,0.005098965746363133,0.9903618704028332,0.00453916385080373
lineage,legacy,M0,28,38,0,0,0.0,38,0,7,0,0.0,0.005098965746363133,0.9911980321648234,0.0037030020888135693
lineage,legacy,M0,29,31,1,0,0.03225806451612903,30,0,3,0,0.0,0.005098965746363133,0.9916758388859606,0.003225195367676335
lineage,legacy,M0,30,27,0,0,0.0,27,0,6,0,0.0,0.005098965746363133,0.9923925489676664,0.0025084852859704825
lineage,legacy,M0,31,21,0,0,0.0,21,0,2,0,0.0,0.005098965746363133,0.992631452328235,0.002269581925401865
lineage,legacy,M0,32,19,0,0,0.0,19,0,2,0,0.0,0.005098965746363133,0.9928703556888037,0.0020306785648332476
lineage,legacy,M0,33,17,0,0,0.0,17,0,0,0,0.0,0.005098965746363133,0.9928703556888037,0.0020306785648332476
lineage,legacy,M0,34,17,0,0,0.0,17,0,0,0,0.0,0.005098965746363133,0.9928703556888037,0.0020306785648332476
lineage,legacy,M0,35,17,0,0,0.0,17,0,1,0,0.0,0.005098965746363133,0.9929898073690879,0.001911226884548939
lineage,legacy,M0,36,16,0,0,0.0,16,0,1,0,0.0,0.005098965746363133,0.9931092590493722,0.0017917752042646302
lineage,legacy,M0,37,15,0,0,0.0,15,0,0,0,0.0,0.005098965746363133,0.9931092590493722,0.0017917752042646302
lineage,legacy,M0,38,15,0,0,0.0,15,0,0,0,0.0,0.005098965746363133,0.9931092590493722,0.0017917752042646302
lineage,legacy,M0,39,15,0,0,0.0,15,0,0,0,0.0,0.005098965746363133,0.9931092590493722,0.0017917752042646302
lineage,legacy,M0,40,15,0,0,0.0,15,0,0,0,0.0,0.005098965746363133,0.9931092590493722,0.0017917752042646302
lineage,legacy,M0,41,15,0,0,0.0,15,0,0,0,0.0,0.005098965746363133,0.9931092590493722,0.0017917752042646302
lineage,legacy,M0,42,15,0,0,0.0,15,0,0,0,0.0,0.005098965746363133,0.9931092590493722,0.0017917752042646302
lineage,legacy,M0,43,15,0,0,0.0,15,0,1,0,0.0,0.005098965746363133,0.9932287107296565,0.0016723235239803215
lineage,legacy,M0,44,14,0,0,0.0,14,0,1,0,0.0,0.005098965746363133,0.9933481624099407,0.0015528718436960127
lineage,legacy,M0,45,13,0,0,0.0,13,0,1,0,0.0,0.005098965746363133,0.993467614090225,0.0014334201634117042
lineage,legacy,M0,46,12,0,0,0.0,12,0,0,0,0.0,0.005098965746363133,0.993467614090225,0.0014334201634117042
lineage,legacy,M0,47,12,0,0,0.0,12,0,1,0,0.0,0.005098965746363133,0.9935870657705093,0.0013139684831273955
lineage,legacy,M0,48,11,0,0,0.0,11,0,1,0,0.0,0.005098965746363133,0.9937065174507935,0.0011945168028430868
lineage,legacy,M0,49,10,0,0,0.0,10,0,0,0,0.0,0.005098965746363133,0.9937065174507935,0.0011945168028430868
lineage,legacy,M0,50,10,0,0,0.0,10,0,0,0,0.0,0.005098965746363133,0.9937065174507935,0.0011945168028430868
lineage,legacy,M0,51,10,0,0,0.0,10,0,0,0,0.0,0.005098965746363133,0.9937065174507935,0.0011945168028430868
lineage,legacy,M0,52,10,0,0,0.0,10,0,1,0,0.0,0.005098965746363133,0.9938259691310778,0.001075065122558778
lineage,legacy,M0,53,9,0,0,0.0,9,0,0,0,0.0,0.005098965746363133,0.9938259691310778,0.001075065122558778
lineage,legacy,M0,54,9,0,0,0.0,9,0,0,0,0.0,0.005098965746363133,0.9938259691310778,0.001075065122558778
lineage,legacy,M0,55,9,0,0,0.0,9,0,0,0,0.0,0.005098965746363133,0.9938259691310778,0.001075065122558778
lineage,legacy,M0,56,9,0,0,0.0,9,0,0,0,0.0,0.005098965746363133,0.9938259691310778,0.001075065122558778
lineage,legacy,M0,57,9,0,0,0.0,9,0,0,0,0.0,0.005098965746363133,0.9938259691310778,0.001075065122558778
lineage,legacy,M0,58,9,0,0,0.0,9,0,0,0,0.0,0.005098965746363133,0.9938259691310778,0.001075065122558778
lineage,legacy,M0,59,9,0,0,0.0,9,0,0,0,0.0,0.005098965746363133,0.9938259691310778,0.001075065122558778
lineage,legacy,M0,60,9,0,0,0.0,9,0,0,0,0.0,0.005098965746363133,0.9938259691310778,0.001075065122558778
lineage,legacy,M0,61,9,0,0,0.0,9,0,0,1,0.0,0.005098965746363133,0.9938259691310778,0.001075065122558778
lineage,legacy,M0,62,8,0,0,0.0,8,0,0,0,0.0,0.005098965746363133,0.9938259691310778,0.001075065122558778
lineage,legacy,M0,63,8,0,0,0.0,8,0,0,0,0.0,0.005098965746363133,0.9938259691310778,0.001075065122558778
lineage,legacy,M0,64,8,0,0,0.0,8,0,0,0,0.0,0.005098965746363133,0.9938259691310778,0.001075065122558778
lineage,legacy,M0,65,8,0,0,0.0,8,0,0,0,0.0,0.005098965746363133,0.9938259691310778,0.001075065122558778
lineage,legacy,M0,66,8,0,0,0.0,8,0,0,0,0.0,0.005098965746363133,0.9938259691310778,0.001075065122558778
lineage,legacy,M0,67,8,0,0,0.0,8,0,0,0,0.0,0.005098965746363133,0.9938259691310778,0.001075065122558778
lineage,legacy,M0,68,8,0,0,0.0,8,0,0,0,0.0,0.005098965746363133,0.9938259691310778,0.001075065122558778
lineage,legacy,M0,69,8,0,0,0.0,8,0,0,1,0.0,0.005098965746363133,0.9938259691310778,0.001075065122558778
lineage,legacy,M0,70,7,0,0,0.0,7,0,0,0,0.0,0.005098965746363133,0.9938259691310778,0.001075065122558778
lineage,legacy,M0,71,7,0,0,0.0,7,0,0,0,0.0,0.005098965746363133,0.9938259691310778,0.001075065122558778
lineage,legacy,M0,72,7,0,0,0.0,7,0,0,0,0.0,0.005098965746363133,0.9938259691310778,0.001075065122558778
lineage,legacy,M0,73,7,0,0,0.0,7,0,0,0,0.0,0.005098965746363133,0.9938259691310778,0.001075065122558778
lineage,legacy,M0,74,7,0,0,0.0,7,0,0,0,0.0,0.005098965746363133,0.9938259691310778,0.001075065122558778
lineage,legacy,M0,75,7,0,0,0.0,7,0,0,0,0.0,0.005098965746363133,0.9938259691310778,0.001075065122558778
lineage,legacy,M0,76,7,0,0,0.0,7,0,0,0,0.0,0.005098965746363133,0.9938259691310778,0.001075065122558778
lineage,legacy,M0,77,7,0,0,0.0,7,0,0,0,0.0,0.005098965746363133,0.9938259691310778,0.001075065122558778
lineage,legacy,M0,78,7,0,0,0.0,7,0,0,1,0.0,0.005098965746363133,0.9938259691310778,0.001075065122558778
lineage,legacy,M0,79,6,0,0,0.0,6,0,0,0,0.0,0.005098965746363133,0.9938259691310778,0.001075065122558778
lineage,legacy,M0,80,6,0,0,0.0,6,0,0,0,0.0,0.005098965746363133,0.9938259691310778,0.001075065122558778
lineage,legacy,M0,81,6,0,0,0.0,6,0,0,0,0.0,0.005098965746363133,0.9938259691310778,0.001075065122558778
lineage,legacy,M0,82,6,0,0,0.0,6,0,0,0,0.0,0.005098965746363133,0.9938259691310778,0.001075065122558778
lineage,legacy,M0,83,6,0,0,0.0,6,0,0,0,0.0,0.005098965746363133,0.9938259691310778,0.001075065122558778
lineage,legacy,M0,84,6,0,0,0.0,6,0,0,0,0.0,0.005098965746363133,0.9938259691310778,0.001075065122558778
lineage,legacy,M0,85,6,0,0,0.0,6,0,0,0,0.0,0.005098965746363133,0.9938259691310778,0.001075065122558778
lineage,legacy,M0,86,6,0,0,0.0,6,0,0,0,0.0,0.005098965746363133,0.9938259691310778,0.001075065122558778
lineage,legacy,M0,87,6,0,0,0.0,6,0,0,0,0.0,0.005098965746363133,0.9938259691310778,0.001075065122558778
lineage,legacy,M0,88,6,0,0,0.0,6,0,0,0,0.0,0.005098965746363133,0.9938259691310778,0.001075065122558778
lineage,legacy,M0,89,6,0,0,0.0,6,0,0,0,0.0,0.005098965746363133,0.9938259691310778,0.001075065122558778
lineage,legacy,M0,90,6,0,0,0.0,6,0,0,0,0.0,0.005098965746363133,0.9938259691310778,0.001075065122558778
lineage,legacy,M0,91,6,0,0,0.0,6,0,0,0,0.0,0.005098965746363133,0.9938259691310778,0.001075065122558778
lineage,legacy,M0,92,6,0,0,0.0,6,0,0,0,0.0,0.005098965746363133,0.9938259691310778,0.001075065122558778
lineage,legacy,M0,93,6,0,0,0.0,6,0,0,0,0.0,0.005098965746363133,0.9938259691310778,0.001075065122558778
lineage,legacy,M0,94,6,0,0,0.0,6,0,0,0,0.0,0.005098965746363133,0.9938259691310778,0.001075065122558778
lineage,legacy,M0,95,6,0,0,0.0,6,0,0,0,0.0,0.005098965746363133,0.9938259691310778,0.001075065122558778
lineage,legacy,M0,96,6,0,0,0.0,6,0,0,0,0.0,0.005098965746363133,0.9938259691310778,0.001075065122558778
lineage,legacy,M0,97,6,0,0,0.0,6,0,0,0,0.0,0.005098965746363133,0.9938259691310778,0.001075065122558778
lineage,legacy,M0,98,6,0,0,0.0,6,0,0,0,0.0,0.005098965746363133,0.9938259691310778,0.001075065122558778
lineage,legacy,M0,99,6,0,0,0.0,6,0,0,0,0.0,0.005098965746363133,0.9938259691310778,0.001075065122558778
lineage,legacy,M0,100,6,0,0,0.0,6,0,0,0,0.0,0.005098965746363133,0.9938259691310778,0.001075065122558778
lineage,legacy,M0,101,6,0,0,0.0,6,0,0,0,0.0,0.005098965746363133,0.9938259691310778,0.001075065122558778
lineage,legacy,M0,102,6,0,0,0.0,6,0,0,0,0.0,0.005098965746363133,0.9938259691310778,0.001075065122558778
lineage,legacy,M0,103,6,0,0,0.0,6,0,0,0,0.0,0.005098965746363133,0.9938259691310778,0.001075065122558778
lineage,legacy,M0,104,6,0,0,0.0,6,0,0,0,0.0,0.005098965746363133,0.9938259691310778,0.001075065122558778
lineage,legacy,M0,105,6,0,0,0.0,6,0,1,0,0.0,0.005098965746363133,0.9940051466515043,0.0008958876021323151
lineage,legacy,M0,106,5,0,0,0.0,5,0,0,0,0.0,0.005098965746363133,0.9940051466515043,0.0008958876021323151
lineage,legacy,M0,107,5,0,0,0.0,5,0,0,0,0.0,0.005098965746363133,0.9940051466515043,0.0008958876021323151
lineage,legacy,M0,108,5,0,0,0.0,5,0,0,0,0.0,0.005098965746363133,0.9940051466515043,0.0008958876021323151
lineage,legacy,M0,109,5,0,0,0.0,5,0,0,0,0.0,0.005098965746363133,0.9940051466515043,0.0008958876021323151
lineage,legacy,M0,110,5,0,0,0.0,5,0,0,0,0.0,0.005098965746363133,0.9940051466515043,0.0008958876021323151
lineage,legacy,M0,111,5,0,0,0.0,5,0,0,0,0.0,0.005098965746363133,0.9940051466515043,0.0008958876021323151
lineage,legacy,M0,112,5,0,0,0.0,5,0,0,0,0.0,0.005098965746363133,0.9940051466515043,0.0008958876021323151
lineage,legacy,M0,113,5,0,0,0.0,5,0,0,0,0.0,0.005098965746363133,0.9940051466515043,0.0008958876021323151
lineage,legacy,M0,114,5,0,0,0.0,5,0,0,0,0.0,0.005098965746363133,0.9940051466515043,0.0008958876021323151
lineage,legacy,M0,115,5,0,0,0.0,5,0,0,0,0.0,0.005098965746363133,0.9940051466515043,0.0008958876021323151
lineage,legacy,M0,116,5,0,0,0.0,5,0,0,0,0.0,0.005098965746363133,0.9940051466515043,0.0008958876021323151
lineage,legacy,M0,117,5,0,0,0.0,5,0,0,0,0.0,0.005098965746363133,0.9940051466515043,0.0008958876021323151
lineage,legacy,M0,118,5,0,0,0.0,5,0,0,0,0.0,0.005098965746363133,0.9940051466515043,0.0008958876021323151
lineage,legacy,M0,119,5,0,0,0.0,5,0,0,0,0.0,0.005098965746363133,0.9940051466515043,0.0008958876021323151
lineage,legacy,M0,120,5,0,0,0.0,5,0,0,0,0.0,0.005098965746363133,0.9940051466515043,0.0008958876021323151
lineage,legacy,M0,121,5,0,0,0.0,5,0,0,0,0.0,0.005098965746363133,0.9940051466515043,0.0008958876021323151
lineage,legacy,M0,122,5,0,0,0.0,5,0,0,0,0.0,0.005098965746363133,0.9940051466515043,0.0008958876021323151
lineage,legacy,M0,123,5,0,0,0.0,5,0,0,0,0.0,0.005098965746363133,0.9940051466515043,0.0008958876021323151
lineage,legacy,M0,124,5,0,0,0.0,5,0,0,0,0.0,0.005098965746363133,0.9940051466515043,0.0008958876021323151
lineage,legacy,M0,125,5,0,0,0.0,5,0,0,0,0.0,0.005098965746363133,0.9940051466515043,0.0008958876021323151
lineage,legacy,M0,126,5,0,0,0.0,5,0,0,0,0.0,0.005098965746363133,0.9940051466515043,0.0008958876021323151
lineage,legacy,M0,127,5,0,0,0.0,5,0,1,0,0.0,0.005098965746363133,0.9941843241719308,0.0007167100817058521
lineage,legacy,M0,128,4,0,0,0.0,4,0,0,0,0.0,0.005098965746363133,0.9941843241719308,0.0007167100817058521
lineage,legacy,M0,129,4,0,0,0.0,4,0,0,0,0.0,0.005098965746363133,0.9941843241719308,0.0007167100817058521
lineage,legacy,M0,130,4,0,0,0.0,4,0,0,0,0.0,0.005098965746363133,0.9941843241719308,0.0007167100817058521
lineage,legacy,M0,131,4,0,0,0.0,4,0,0,0,0.0,0.005098965746363133,0.9941843241719308,0.0007167100817058521
lineage,legacy,M0,132,4,0,0,0.0,4,0,0,0,0.0,0.005098965746363133,0.9941843241719308,0.0007167100817058521
lineage,legacy,M0,133,4,0,0,0.0,4,0,0,0,0.0,0.005098965746363133,0.9941843241719308,0.0007167100817058521
lineage,legacy,M0,134,4,0,0,0.0,4,0,0,0,0.0,0.005098965746363133,0.9941843241719308,0.0007167100817058521
lineage,legacy,M0,135,4,0,0,0.0,4,0,0,0,0.0,0.005098965746363133,0.9941843241719308,0.0007167100817058521
lineage,legacy,M0,136,4,0,0,0.0,4,0,0,0,0.0,0.005098965746363133,0.9941843241719308,0.0007167100817058521
lineage,legacy,M0,137,4,0,0,0.0,4,0,0,0,0.0,0.005098965746363133,0.9941843241719308,0.0007167100817058521
lineage,legacy,M0,138,4,0,0,0.0,4,0,0,0,0.0,0.005098965746363133,0.9941843241719308,0.0007167100817058521
lineage,legacy,M0,139,4,0,0,0.0,4,0,0,0,0.0,0.005098965746363133,0.9941843241719308,0.0007167100817058521
lineage,legacy,M0,140,4,0,0,0.0,4,0,0,0,0.0,0.005098965746363133,0.9941843241719308,0.0007167100817058521
lineage,legacy,M0,141,4,0,0,0.0,4,0,0,0,0.0,0.005098965746363133,0.9941843241719308,0.0007167100817058521
lineage,legacy,M0,142,4,0,0,0.0,4,0,0,0,0.0,0.005098965746363133,0.9941843241719308,0.0007167100817058521
lineage,legacy,M0,143,4,0,0,0.0,4,0,0,0,0.0,0.005098965746363133,0.9941843241719308,0.0007167100817058521
lineage,legacy,M0,144,4,0,0,0.0,4,0,0,1,0.0,0.005098965746363133,0.9941843241719308,0.0007167100817058521
lineage,legacy,M0,145,3,0,0,0.0,3,0,0,0,0.0,0.005098965746363133,0.9941843241719308,0.0007167100817058521
lineage,legacy,M0,146,3,0,0,0.0,3,0,0,0,0.0,0.005098965746363133,0.9941843241719308,0.0007167100817058521
lineage,legacy,M0,147,3,0,0,0.0,3,0,0,0,0.0,0.005098965746363133,0.9941843241719308,0.0007167100817058521
lineage,legacy,M0,148,3,0,0,0.0,3,0,0,0,0.0,0.005098965746363133,0.9941843241719308,0.0007167100817058521
lineage,legacy,M0,149,3,0,0,0.0,3,0,0,0,0.0,0.005098965746363133,0.9941843241719308,0.0007167100817058521
lineage,legacy,M0,150,3,0,0,0.0,3,0,0,0,0.0,0.005098965746363133,0.9941843241719308,0.0007167100817058521
lineage,legacy,M0,151,3,0,0,0.0,3,0,0,0,0.0,0.005098965746363133,0.9941843241719308,0.0007167100817058521
lineage,legacy,M0,152,3,0,0,0.0,3,0,0,0,0.0,0.005098965746363133,0.9941843241719308,0.0007167100817058521
lineage,legacy,M0,153,3,0,0,0.0,3,0,0,0,0.0,0.005098965746363133,0.9941843241719308,0.0007167100817058521
lineage,legacy,M0,154,3,0,0,0.0,3,0,0,0,0.0,0.005098965746363133,0.9941843241719308,0.0007167100817058521
lineage,legacy,M0,155,3,0,0,0.0,3,0,0,0,0.0,0.005098965746363133,0.9941843241719308,0.0007167100817058521
lineage,legacy,M0,156,3,0,0,0.0,3,0,0,1,0.0,0.005098965746363133,0.9941843241719308,0.0007167100817058521
lineage,legacy,M0,157,2,0,0,0.0,2,0,0,0,0.0,0.005098965746363133,0.9941843241719308,0.0007167100817058521
lineage,legacy,M0,158,2,0,0,0.0,2,0,0,0,0.0,0.005098965746363133,0.9941843241719308,0.0007167100817058521
lineage,legacy,M0,159,2,0,0,0.0,2,0,0,0,0.0,0.005098965746363133,0.9941843241719308,0.0007167100817058521
lineage,legacy,M0,160,2,0,0,0.0,2,0,0,0,0.0,0.005098965746363133,0.9941843241719308,0.0007167100817058521
lineage,legacy,M0,161,2,0,0,0.0,2,0,0,0,0.0,0.005098965746363133,0.9941843241719308,0.0007167100817058521
lineage,legacy,M0,162,2,0,0,0.0,2,0,0,0,0.0,0.005098965746363133,0.9941843241719308,0.0007167100817058521
lineage,legacy,M0,163,2,0,0,0.0,2,0,0,0,0.0,0.005098965746363133,0.9941843241719308,0.0007167100817058521
lineage,legacy,M0,164,2,0,0,0.0,2,0,0,0,0.0,0.005098965746363133,0.9941843241719308,0.0007167100817058521
lineage,legacy,M0,165,2,0,0,0.0,2,0,0,0,0.0,0.005098965746363133,0.9941843241719308,0.0007167100817058521
lineage,legacy,M0,166,2,0,0,0.0,2,0,0,0,0.0,0.005098965746363133,0.9941843241719308,0.0007167100817058521
lineage,legacy,M0,167,2,0,0,0.0,2,0,0,0,0.0,0.005098965746363133,0.9941843241719308,0.0007167100817058521
lineage,legacy,M0,168,2,0,0,0.0,2,0,0,0,0.0,0.005098965746363133,0.9941843241719308,0.0007167100817058521
lineage,legacy,M0,169,2,0,0,0.0,2,0,0,0,0.0,0.005098965746363133,0.9941843241719308,0.0007167100817058521
lineage,legacy,M0,170,2,0,0,0.0,2,0,0,0,0.0,0.005098965746363133,0.9941843241719308,0.0007167100817058521
lineage,legacy,M0,171,2,0,0,0.0,2,0,0,0,0.0,0.005098965746363133,0.9941843241719308,0.0007167100817058521
lineage,legacy,M0,172,2,0,0,0.0,2,0,0,0,0.0,0.005098965746363133,0.9941843241719308,0.0007167100817058521
lineage,legacy,M0,173,2,0,0,0.0,2,0,0,0,0.0,0.005098965746363133,0.9941843241719308,0.0007167100817058521
lineage,legacy,M0,174,2,0,0,0.0,2,0,0,0,0.0,0.005098965746363133,0.9941843241719308,0.0007167100817058521
lineage,legacy,M0,175,2,0,0,0.0,2,0,0,0,0.0,0.005098965746363133,0.9941843241719308,0.0007167100817058521
lineage,legacy,M0,176,2,0,0,0.0,2,0,0,0,0.0,0.005098965746363133,0.9941843241719308,0.0007167100817058521
lineage,legacy,M0,177,2,0,0,0.0,2,0,0,0,0.0,0.005098965746363133,0.9941843241719308,0.0007167100817058521
lineage,legacy,M0,178,2,0,0,0.0,2,0,0,0,0.0,0.005098965746363133,0.9941843241719308,0.0007167100817058521
lineage,legacy,M0,179,2,0,0,0.0,2,0,0,0,0.0,0.005098965746363133,0.9941843241719308,0.0007167100817058521
lineage,legacy,M0,180,2,0,0,0.0,2,0,0,0,0.0,0.005098965746363133,0.9941843241719308,0.0007167100817058521
lineage,legacy,M0,181,2,0,0,0.0,2,0,0,0,0.0,0.005098965746363133,0.9941843241719308,0.0007167100817058521
lineage,legacy,M0,182,2,0,0,0.0,2,0,0,0,0.0,0.005098965746363133,0.9941843241719308,0.0007167100817058521
lineage,legacy,M0,183,2,0,0,0.0,2,0,0,0,0.0,0.005098965746363133,0.9941843241719308,0.0007167100817058521
lineage,legacy,M0,184,2,0,0,0.0,2,0,0,0,0.0,0.005098965746363133,0.9941843241719308,0.0007167100817058521
lineage,legacy,M0,185,2,0,0,0.0,2,0,0,0,0.0,0.005098965746363133,0.9941843241719308,0.0007167100817058521
lineage,legacy,M0,186,2,0,0,0.0,2,0,0,0,0.0,0.005098965746363133,0.9941843241719308,0.0007167100817058521
lineage,legacy,M0,187,2,0,0,0.0,2,0,0,0,0.0,0.005098965746363133,0.9941843241719308,0.0007167100817058521
lineage,legacy,M0,188,2,0,0,0.0,2,0,0,0,0.0,0.005098965746363133,0.9941843241719308,0.0007167100817058521
lineage,legacy,M0,189,2,0,0,0.0,2,0,0,0,0.0,0.005098965746363133,0.9941843241719308,0.0007167100817058521
lineage,legacy,M0,190,2,0,0,0.0,2,0,0,0,0.0,0.005098965746363133,0.9941843241719308,0.0007167100817058521
lineage,legacy,M0,191,2,0,0,0.0,2,0,0,0,0.0,0.005098965746363133,0.9941843241719308,0.0007167100817058521
lineage,legacy,M0,192,2,0,0,0.0,2,0,0,0,0.0,0.005098965746363133,0.9941843241719308,0.0007167100817058521
lineage,legacy,M0,193,2,0,0,0.0,2,0,0,0,0.0,0.005098965746363133,0.9941843241719308,0.0007167100817058521
lineage,legacy,M0,194,2,0,0,0.0,2,0,0,0,0.0,0.005098965746363133,0.9941843241719308,0.0007167100817058521
lineage,legacy,M0,195,2,0,0,0.0,2,0,0,0,0.0,0.005098965746363133,0.9941843241719308,0.0007167100817058521
lineage,legacy,M0,196,2,0,0,0.0,2,0,0,0,0.0,0.005098965746363133,0.9941843241719308,0.0007167100817058521
lineage,legacy,M0,197,2,0,0,0.0,2,0,0,0,0.0,0.005098965746363133,0.9941843241719308,0.0007167100817058521
lineage,legacy,M0,198,2,0,0,0.0,2,0,0,0,0.0,0.005098965746363133,0.9941843241719308,0.0007167100817058521
lineage,legacy,M0,199,2,0,0,0.0,2,0,0,0,0.0,0.005098965746363133,0.9941843241719308,0.0007167100817058521
lineage,legacy,M0,200,2,0,0,0.0,2,0,0,0,0.0,0.005098965746363133,0.9941843241719308,0.0007167100817058521
lineage,legacy,M0,201,2,0,0,0.0,2,0,0,0,0.0,0.005098965746363133,0.9941843241719308,0.0007167100817058521
lineage,legacy,M0,202,2,0,0,0.0,2,0,0,0,0.0,0.005098965746363133,0.9941843241719308,0.0007167100817058521
lineage,legacy,M0,203,2,0,0,0.0,2,0,0,0,0.0,0.005098965746363133,0.9941843241719308,0.0007167100817058521
lineage,legacy,M0,204,2,0,0,0.0,2,0,0,0,0.0,0.005098965746363133,0.9941843241719308,0.0007167100817058521
lineage,legacy,M0,205,2,0,0,0.0,2,0,0,0,0.0,0.005098965746363133,0.9941843241719308,0.0007167100817058521
lineage,legacy,M0,206,2,0,0,0.0,2,0,0,0,0.0,0.005098965746363133,0.9941843241719308,0.0007167100817058521
lineage,legacy,M0,207,2,0,0,0.0,2,0,0,0,0.0,0.005098965746363133,0.9941843241719308,0.0007167100817058521
lineage,legacy,M0,208,2,0,0,0.0,2,0,0,0,0.0,0.005098965746363133,0.9941843241719308,0.0007167100817058521
lineage,legacy,M0,209,2,0,0,0.0,2,0,0,0,0.0,0.005098965746363133,0.9941843241719308,0.0007167100817058521
lineage,legacy,M0,210,2,0,0,0.0,2,0,0,0,0.0,0.005098965746363133,0.9941843241719308,0.0007167100817058521
lineage,legacy,M0,211,2,0,0,0.0,2,0,0,0,0.0,0.005098965746363133,0.9941843241719308,0.0007167100817058521
lineage,legacy,M0,212,2,0,0,0.0,2,0,0,0,0.0,0.005098965746363133,0.9941843241719308,0.0007167100817058521
lineage,legacy,M0,213,2,0,0,0.0,2,0,0,0,0.0,0.005098965746363133,0.9941843241719308,0.0007167100817058521
lineage,legacy,M0,214,2,0,0,0.0,2,0,0,0,0.0,0.005098965746363133,0.9941843241719308,0.0007167100817058521
lineage,legacy,M0,215,2,0,0,0.0,2,0,0,0,0.0,0.005098965746363133,0.9941843241719308,0.0007167100817058521
lineage,legacy,M0,216,2,0,0,0.0,2,0,0,0,0.0,0.005098965746363133,0.9941843241719308,0.0007167100817058521
lineage,legacy,M0,217,2,0,0,0.0,2,0,0,0,0.0,0.005098965746363133,0.9941843241719308,0.0007167100817058521
lineage,legacy,M0,218,2,0,0,0.0,2,0,0,0,0.0,0.005098965746363133,0.9941843241719308,0.0007167100817058521
lineage,legacy,M0,219,2,0,0,0.0,2,0,0,0,0.0,0.005098965746363133,0.9941843241719308,0.0007167100817058521
lineage,legacy,M0,220,2,0,0,0.0,2,0,0,0,0.0,0.005098965746363133,0.9941843241719308,0.0007167100817058521
lineage,legacy,M0,221,2,0,0,0.0,2,0,0,0,0.0,0.005098965746363133,0.9941843241719308,0.0007167100817058521
lineage,legacy,M0,222,2,0,0,0.0,2,0,0,0,0.0,0.005098965746363133,0.9941843241719308,0.0007167100817058521
lineage,legacy,M0,223,2,0,0,0.0,2,0,0,0,0.0,0.005098965746363133,0.9941843241719308,0.0007167100817058521
lineage,legacy,M0,224,2,0,0,0.0,2,0,0,0,0.0,0.005098965746363133,0.9941843241719308,0.0007167100817058521
lineage,legacy,M0,225,2,0,0,0.0,2,0,0,0,0.0,0.005098965746363133,0.9941843241719308,0.0007167100817058521
lineage,legacy,M0,226,2,0,0,0.0,2,0,0,0,0.0,0.005098965746363133,0.9941843241719308,0.0007167100817058521
lineage,legacy,M0,227,2,0,0,0.0,2,0,0,0,0.0,0.005098965746363133,0.9941843241719308,0.0007167100817058521
lineage,legacy,M0,228,2,0,0,0.0,2,0,0,0,0.0,0.005098965746363133,0.9941843241719308,0.0007167100817058521
lineage,legacy,M0,229,2,0,0,0.0,2,0,0,0,0.0,0.005098965746363133,0.9941843241719308,0.0007167100817058521
lineage,legacy,M0,230,2,0,0,0.0,2,0,0,0,0.0,0.005098965746363133,0.9941843241719308,0.0007167100817058521
lineage,legacy,M0,231,2,0,0,0.0,2,0,0,0,0.0,0.005098965746363133,0.9941843241719308,0.0007167100817058521
lineage,legacy,M0,232,2,0,0,0.0,2,0,0,0,0.0,0.005098965746363133,0.9941843241719308,0.0007167100817058521
lineage,legacy,M0,233,2,0,0,0.0,2,0,0,0,0.0,0.005098965746363133,0.9941843241719308,0.0007167100817058521
lineage,legacy,M0,234,2,0,0,0.0,2,0,0,0,0.0,0.005098965746363133,0.9941843241719308,0.0007167100817058521
lineage,legacy,M0,235,2,0,0,0.0,2,0,0,0,0.0,0.005098965746363133,0.9941843241719308,0.0007167100817058521
lineage,legacy,M0,236,2,0,0,0.0,2,0,0,0,0.0,0.005098965746363133,0.9941843241719308,0.0007167100817058521
lineage,legacy,M0,237,2,0,0,0.0,2,0,0,0,0.0,0.005098965746363133,0.9941843241719308,0.0007167100817058521
lineage,legacy,M0,238,2,0,0,0.0,2,0,1,0,0.0,0.005098965746363133,0.9945426792127837,0.00035835504085292606
lineage,legacy,M0,239,1,0,0,0.0,1,0,0,0,0.0,0.005098965746363133,0.9945426792127837,0.00035835504085292606
lineage,legacy,M0,240,1,0,0,0.0,1,0,0,0,0.0,0.005098965746363133,0.9945426792127837,0.00035835504085292606
lineage,legacy,M0,241,1,0,0,0.0,1,0,0,0,0.0,0.005098965746363133,0.9945426792127837,0.00035835504085292606
lineage,legacy,M0,242,1,0,0,0.0,1,0,0,0,0.0,0.005098965746363133,0.9945426792127837,0.00035835504085292606
lineage,legacy,M0,243,1,0,0,0.0,1,0,0,0,0.0,0.005098965746363133,0.9945426792127837,0.00035835504085292606
lineage,legacy,M0,244,1,0,0,0.0,1,0,0,0,0.0,0.005098965746363133,0.9945426792127837,0.00035835504085292606
lineage,legacy,M0,245,1,0,0,0.0,1,0,0,0,0.0,0.005098965746363133,0.9945426792127837,0.00035835504085292606
lineage,legacy,M0,246,1,0,0,0.0,1,0,0,0,0.0,0.005098965746363133,0.9945426792127837,0.00035835504085292606
lineage,legacy,M0,247,1,0,0,0.0,1,0,0,0,0.0,0.005098965746363133,0.9945426792127837,0.00035835504085292606
lineage,legacy,M0,248,1,0,0,0.0,1,0,0,0,0.0,0.005098965746363133,0.9945426792127837,0.00035835504085292606
lineage,legacy,M0,249,1,0,0,0.0,1,0,0,0,0.0,0.005098965746363133,0.9945426792127837,0.00035835504085292606
lineage,legacy,M0,250,1,0,0,0.0,1,0,0,0,0.0,0.005098965746363133,0.9945426792127837,0.00035835504085292606
lineage,legacy,M0,251,1,0,0,0.0,1,0,0,0,0.0,0.005098965746363133,0.9945426792127837,0.00035835504085292606
lineage,legacy,M0,252,1,0,0,0.0,1,0,0,0,0.0,0.005098965746363133,0.9945426792127837,0.00035835504085292606
lineage,legacy,M0,253,1,0,0,0.0,1,0,0,0,0.0,0.005098965746363133,0.9945426792127837,0.00035835504085292606
lineage,legacy,M0,254,1,0,0,0.0,1,0,0,0,0.0,0.005098965746363133,0.9945426792127837,0.00035835504085292606
lineage,legacy,M0,255,1,0,0,0.0,1,0,0,0,0.0,0.005098965746363133,0.9945426792127837,0.00035835504085292606
lineage,legacy,M0,256,1,0,0,0.0,1,0,0,0,0.0,0.005098965746363133,0.9945426792127837,0.00035835504085292606
lineage,legacy,M0,257,1,0,0,0.0,1,0,0,0,0.0,0.005098965746363133,0.9945426792127837,0.00035835504085292606
lineage,legacy,M0,258,1,0,0,0.0,1,0,0,0,0.0,0.005098965746363133,0.9945426792127837,0.00035835504085292606
lineage,legacy,M0,259,1,0,0,0.0,1,0,0,0,0.0,0.005098965746363133,0.9945426792127837,0.00035835504085292606
lineage,legacy,M0,260,1,0,0,0.0,1,0,0,0,0.0,0.005098965746363133,0.9945426792127837,0.00035835504085292606
lineage,legacy,M0,261,1,0,0,0.0,1,0,0,0,0.0,0.005098965746363133,0.9945426792127837,0.00035835504085292606
lineage,legacy,M0,262,1,0,0,0.0,1,0,0,0,0.0,0.005098965746363133,0.9945426792127837,0.00035835504085292606
lineage,legacy,M0,263,1,0,0,0.0,1,0,0,0,0.0,0.005098965746363133,0.9945426792127837,0.00035835504085292606
lineage,legacy,M0,264,1,0,0,0.0,1,0,0,0,0.0,0.005098965746363133,0.9945426792127837,0.00035835504085292606
lineage,legacy,M0,265,1,0,0,0.0,1,0,0,0,0.0,0.005098965746363133,0.9945426792127837,0.00035835504085292606
lineage,legacy,M0,266,1,0,0,0.0,1,0,0,0,0.0,0.005098965746363133,0.9945426792127837,0.00035835504085292606
lineage,legacy,M0,267,1,0,0,0.0,1,0,1,0,0.0,0.005098965746363133,0.9949010342536366,0.0
lineage,legacy,M1,1,8848,2137,1,0.24152350813743217,6710,21,276,4,0.0031296572280178838,0.002373771435039333,0.2727216469979491,0.7249045815670115
lineage,legacy,M1,2,6409,1170,4,0.18255578093306288,5235,21,336,9,0.0040114613180515755,0.004750839295807031,0.4430902547601532,0.5521589059440397
lineage,legacy,M1,3,4869,687,0,0.14109673444239063,4182,15,339,2,0.003586800573888092,0.0064518833683395015,0.5594416693213742,0.43410644731028636
lineage,legacy,M1,4,3826,414,0,0.10820700470465237,3412,10,307,4,0.0029308323563892145,0.00758650555158646,0.6412479287334799,0.3511655657149337
lineage,legacy,M1,5,3091,266,0,0.08605629246198641,2825,8,277,3,0.002831858407079646,0.00849537793130806,0.7029376415070836,0.2885669805616084
lineage,legacy,M1,6,2537,203,1,0.08001576665352779,2333,8,269,3,0.0034290612944706386,0.009405715084779394,0.7566376364730879,0.2339566484421327
lineage,legacy,M1,7,2053,137,0,0.06673161227471992,1916,7,217,2,0.0036534446764091857,0.010203424066316134,0.7969789192536603,0.19281765668002368
lineage,legacy,M1,8,1690,104,0,0.06153846153846154,1586,6,200,0,0.0037831021437578815,0.010887983794174206,0.8316632787984692,0.1574487374073566
lineage,legacy,M1,9,1380,71,0,0.05144927536231884,1309,1,138,0,0.0007639419404125286,0.011002077082150551,0.8555087759855254,0.13348914693232408
lineage,legacy,M1,10,1170,69,0,0.05897435897435897,1101,4,136,1,0.0036330608537693005,0.011458450234055933,0.8788979000206762,0.10964364974526788
lineage,legacy,M1,11,960,44,1,0.04583333333333333,915,5,115,1,0.00546448087431694,0.012030135019840685,0.8970719840403837,0.0908978809397757
lineage,legacy,M1,12,794,44,0,0.055415617128463476,750,1,88,3,0.0013333333333333333,0.012144615978203124,0.9121834705442254,0.07567191347757146
lineage,legacy,M1,13,658,27,0,0.041033434650455926,631,2,64,1,0.003169572107765452,0.012374621794244374,0.9226487351741023,0.06497664303165329
lineage,legacy,M1,14,564,21,0,0.03723404255319149,543,1,62,2,0.001841620626151013,0.012489828608130284,0.9322109007266328,0.055299270665236835
lineage,legacy,M1,15,478,16,0,0.03347280334728033,462,1,51,0,0.0021645021645021645,0.012605517458894377,0.9399620537278272,0.04743242881327846
lineage,legacy,M1,16,410,13,0,0.03170731707317073,397,1,42,0,0.0025188916876574307,0.012721206309658471,0.9463249405198523,0.040953853170489204
lineage,legacy,M1,17,354,13,0,0.03672316384180791,341,1,41,0,0.002932551319648094,0.012836895160422565,0.9525721384611133,0.034590966378464046
lineage,legacy,M1,18,299,6,0,0.020066889632107024,293,0,37,0,0.0,0.012836895160422565,0.9575467590439694,0.029616345795608012
lineage,legacy,M1,19,256,8,0,0.03125,248,0,28,0,0.0,0.012836895160422565,0.9617115576714766,0.025451547168100636
lineage,legacy,M1,20,220,10,0,0.045454545454545456,210,0,25,0,0.0,0.012836895160422565,0.96576066744822,0.021402437391357353
lineage,legacy,M1,21,185,5,0,0.02702702702702703,180,1,21,0,0.005555555555555556,0.012952584011186659,0.9687685775680864,0.01827883842072682
lineage,legacy,M1,22,158,2,0,0.012658227848101266,156,0,21,0,0.0,0.012952584011186659,0.9714294211356606,0.015617994853152663
lineage,legacy,M1,23,135,5,0,0.037037037037037035,130,0,15,0,0.0,0.012952584011186659,0.9737431981509425,0.013304217837870789
lineage,legacy,M1,24,115,2,0,0.017391304347826087,113,0,9,0,0.0,0.012952584011186659,0.9750157755093475,0.012031640479465757
lineage,legacy,M1,25,104,0,0,0.0,104,0,11,0,0.0,0.012952584011186659,0.9762883528677525,0.010759063121060725
lineage,legacy,M1,26,93,0,0,0.0,93,0,14,0,0.0,0.012952584011186659,0.9779079967784499,0.009139419210363412
lineage,legacy,M1,27,79,1,0,0.012658227848101266,78,0,5,0,0.0,0.012952584011186659,0.9786021298830344,0.008445286105778849
lineage,legacy,M1,28,73,0,0,0.0,73,0,11,0,0.0,0.012952584011186659,0.9798747072414394,0.007172708747373817
lineage,legacy,M1,29,62,0,0,0.0,62,0,8,0,0.0,0.012952584011186659,0.9808002180475522,0.006247197941261067
lineage,legacy,M1,30,54,1,0,0.018518518518518517,53,0,8,0,0.0,0.012952584011186659,0.9818414177044291,0.005205998284384223
lineage,legacy,M1,31,45,0,0,0.0,45,0,1,0,0.0,0.012952584011186659,0.9819571065551932,0.005090309433620129
lineage,legacy,M1,32,44,2,0,0.045454545454545456,42,0,4,0,0.0,0.012952584011186659,0.9826512396597777,0.004396176329035566
lineage,legacy,M1,33,38,0,0,0.0,38,0,4,0,0.0,0.012952584011186659,0.9831139950628341,0.003933420925979191
lineage,legacy,M1,34,34,0,0,0.0,34,0,2,0,0.0,0.012952584011186659,0.9833453727643623,0.0037020432244510033
lineage,legacy,M1,35,32,2,0,0.0625,30,0,0,0,0.0,0.012952584011186659,0.9835767504658904,0.0034706655229228157
lineage,legacy,M1,36,30,0,0,0.0,30,0,3,0,0.0,0.012952584011186659,0.9839238170181828,0.0031235989706305343
lineage,legacy,M1,37,27,0,0,0.0,27,0,2,0,0.0,0.012952584011186659,0.9841551947197109,0.0028922212691023467
lineage,legacy,M1,38,25,0,0,0.0,25,0,3,0,0.0,0.012952584011186659,0.9845022612720032,0.0025451547168100653
lineage,legacy,M1,39,22,0,0,0.0,22,0,1,0,0.0,0.012952584011186659,0.9846179501227673,0.0024294658660459715
lineage,legacy,M1,40,21,0,0,0.0,21,0,2,0,0.0,0.012952584011186659,0.9848493278242955,0.002198088164517784
lineage,legacy,M1,41,19,0,0,0.0,19,0,0,0,0.0,0.012952584011186659,0.9848493278242955,0.002198088164517784
lineage,legacy,M1,42,19,0,0,0.0,19,0,1,0,0.0,0.012952584011186659,0.9849650166750595,0.00208239931375369
lineage,legacy,M1,43,18,0,0,0.0,18,0,0,0,0.0,0.012952584011186659,0.9849650166750595,0.00208239931375369
lineage,legacy,M1,44,18,0,0,0.0,18,0,1,0,0.0,0.012952584011186659,0.9850807055258236,0.0019667104629895963
lineage,legacy,M1,45,17,0,0,0.0,17,0,0,0,0.0,0.012952584011186659,0.9850807055258236,0.0019667104629895963
lineage,legacy,M1,46,17,0,0,0.0,17,0,0,0,0.0,0.012952584011186659,0.9850807055258236,0.0019667104629895963
lineage,legacy,M1,47,17,0,0,0.0,17,0,0,0,0.0,0.012952584011186659,0.9850807055258236,0.0019667104629895963
lineage,legacy,M1,48,17,0,0,0.0,17,0,0,0,0.0,0.012952584011186659,0.9850807055258236,0.0019667104629895963
lineage,legacy,M1,49,17,0,0,0.0,17,0,1,0,0.0,0.012952584011186659,0.9851963943765877,0.0018510216122255023
lineage,legacy,M1,50,16,0,0,0.0,16,0,0,0,0.0,0.012952584011186659,0.9851963943765877,0.0018510216122255023
lineage,legacy,M1,51,16,0,0,0.0,16,0,1,0,0.0,0.012952584011186659,0.9853120832273518,0.0017353327614614085
lineage,legacy,M1,52,15,0,0,0.0,15,0,0,0,0.0,0.012952584011186659,0.9853120832273518,0.0017353327614614085
lineage,legacy,M1,53,15,0,0,0.0,15,0,0,0,0.0,0.012952584011186659,0.9853120832273518,0.0017353327614614085
lineage,legacy,M1,54,15,0,0,0.0,15,0,1,0,0.0,0.012952584011186659,0.9854277720781158,0.0016196439106973147
lineage,legacy,M1,55,14,0,0,0.0,14,0,1,0,0.0,0.012952584011186659,0.9855434609288799,0.0015039550599332209
lineage,legacy,M1,56,13,0,0,0.0,13,0,0,0,0.0,0.012952584011186659,0.9855434609288799,0.0015039550599332209
lineage,legacy,M1,57,13,0,0,0.0,13,0,0,0,0.0,0.012952584011186659,0.9855434609288799,0.0015039550599332209
lineage,legacy,M1,58,13,0,0,0.0,13,0,0,0,0.0,0.012952584011186659,0.9855434609288799,0.0015039550599332209
lineage,legacy,M1,59,13,0,0,0.0,13,0,0,0,0.0,0.012952584011186659,0.9855434609288799,0.0015039550599332209
lineage,legacy,M1,60,13,0,0,0.0,13,0,0,0,0.0,0.012952584011186659,0.9855434609288799,0.0015039550599332209
lineage,legacy,M1,61,13,0,0,0.0,13,0,0,0,0.0,0.012952584011186659,0.9855434609288799,0.0015039550599332209
lineage,legacy,M1,62,13,0,0,0.0,13,0,0,0,0.0,0.012952584011186659,0.9855434609288799,0.0015039550599332209
lineage,legacy,M1,63,13,0,0,0.0,13,0,0,0,0.0,0.012952584011186659,0.9855434609288799,0.0015039550599332209
lineage,legacy,M1,64,13,0,0,0.0,13,0,0,0,0.0,0.012952584011186659,0.9855434609288799,0.0015039550599332209
lineage,legacy,M1,65,13,0,0,0.0,13,0,1,0,0.0,0.012952584011186659,0.985659149779644,0.001388266209169127
lineage,legacy,M1,66,12,0,0,0.0,12,0,0,0,0.0,0.012952584011186659,0.985659149779644,0.001388266209169127
lineage,legacy,M1,67,12,0,0,0.0,12,0,0,0,0.0,0.012952584011186659,0.985659149779644,0.001388266209169127
lineage,legacy,M1,68,12,0,0,0.0,12,0,0,0,0.0,0.012952584011186659,0.985659149779644,0.001388266209169127
lineage,legacy,M1,69,12,0,0,0.0,12,0,1,0,0.0,0.012952584011186659,0.985774838630408,0.001272577358405033
lineage,legacy,M1,70,11,0,0,0.0,11,0,0,0,0.0,0.012952584011186659,0.985774838630408,0.001272577358405033
lineage,legacy,M1,71,11,0,0,0.0,11,0,1,0,0.0,0.012952584011186659,0.9858905274811721,0.001156888507640939
lineage,legacy,M1,72,10,0,0,0.0,10,0,0,0,0.0,0.012952584011186659,0.9858905274811721,0.001156888507640939
lineage,legacy,M1,73,10,0,0,0.0,10,0,0,0,0.0,0.012952584011186659,0.9858905274811721,0.001156888507640939
lineage,legacy,M1,74,10,0,0,0.0,10,0,0,0,0.0,0.012952584011186659,0.9858905274811721,0.001156888507640939
lineage,legacy,M1,75,10,0,0,0.0,10,0,1,0,0.0,0.012952584011186659,0.9860062163319362,0.0010411996568768453
lineage,legacy,M1,76,9,0,0,0.0,9,0,0,0,0.0,0.012952584011186659,0.9860062163319362,0.0010411996568768453
lineage,legacy,M1,77,9,0,0,0.0,9,0,0,0,0.0,0.012952584011186659,0.9860062163319362,0.0010411996568768453
lineage,legacy,M1,78,9,0,0,0.0,9,0,0,0,0.0,0.012952584011186659,0.9860062163319362,0.0010411996568768453
lineage,legacy,M1,79,9,0,0,0.0,9,0,0,0,0.0,0.012952584011186659,0.9860062163319362,0.0010411996568768453
lineage,legacy,M1,80,9,0,0,0.0,9,0,0,0,0.0,0.012952584011186659,0.9860062163319362,0.0010411996568768453
lineage,legacy,M1,81,9,0,0,0.0,9,0,0,0,0.0,0.012952584011186659,0.9860062163319362,0.0010411996568768453
lineage,legacy,M1,82,9,0,0,0.0,9,0,0,0,0.0,0.012952584011186659,0.9860062163319362,0.0010411996568768453
lineage,legacy,M1,83,9,0,0,0.0,9,0,0,0,0.0,0.012952584011186659,0.9860062163319362,0.0010411996568768453
lineage,legacy,M1,84,9,0,0,0.0,9,0,0,0,0.0,0.012952584011186659,0.9860062163319362,0.0010411996568768453
lineage,legacy,M1,85,9,0,0,0.0,9,0,0,0,0.0,0.012952584011186659,0.9860062163319362,0.0010411996568768453
lineage,legacy,M1,86,9,0,0,0.0,9,0,0,0,0.0,0.012952584011186659,0.9860062163319362,0.0010411996568768453
lineage,legacy,M1,87,9,0,0,0.0,9,0,0,0,0.0,0.012952584011186659,0.9860062163319362,0.0010411996568768453
lineage,legacy,M1,88,9,0,0,0.0,9,0,0,0,0.0,0.012952584011186659,0.9860062163319362,0.0010411996568768453
lineage,legacy,M1,89,9,0,0,0.0,9,0,0,0,0.0,0.012952584011186659,0.9860062163319362,0.0010411996568768453
lineage,legacy,M1,90,9,0,0,0.0,9,0,0,0,0.0,0.012952584011186659,0.9860062163319362,0.0010411996568768453
lineage,legacy,M1,91,9,0,0,0.0,9,0,0,0,0.0,0.012952584011186659,0.9860062163319362,0.0010411996568768453
lineage,legacy,M1,92,9,0,0,0.0,9,0,0,1,0.0,0.012952584011186659,0.9860062163319362,0.0010411996568768453
lineage,legacy,M1,93,8,0,0,0.0,8,0,0,0,0.0,0.012952584011186659,0.9860062163319362,0.0010411996568768453
lineage,legacy,M1,94,8,0,0,0.0,8,0,0,0,0.0,0.012952584011186659,0.9860062163319362,0.0010411996568768453
lineage,legacy,M1,95,8,0,0,0.0,8,0,0,0,0.0,0.012952584011186659,0.9860062163319362,0.0010411996568768453
lineage,legacy,M1,96,8,0,0,0.0,8,0,0,0,0.0,0.012952584011186659,0.9860062163319362,0.0010411996568768453
lineage,legacy,M1,97,8,0,0,0.0,8,0,0,1,0.0,0.012952584011186659,0.9860062163319362,0.0010411996568768453
lineage,legacy,M1,98,7,0,0,0.0,7,0,0,0,0.0,0.012952584011186659,0.9860062163319362,0.0010411996568768453
lineage,legacy,M1,99,7,0,0,0.0,7,0,0,0,0.0,0.012952584011186659,0.9860062163319362,0.0010411996568768453
lineage,legacy,M1,100,7,0,0,0.0,7,0,0,0,0.0,0.012952584011186659,0.9860062163319362,0.0010411996568768453
lineage,legacy,M1,101,7,0,0,0.0,7,0,0,0,0.0,0.012952584011186659,0.9860062163319362,0.0010411996568768453
lineage,legacy,M1,102,7,0,0,0.0,7,0,0,0,0.0,0.012952584011186659,0.9860062163319362,0.0010411996568768453
lineage,legacy,M1,103,7,0,0,0.0,7,0,0,0,0.0,0.012952584011186659,0.9860062163319362,0.0010411996568768453
lineage,legacy,M1,104,7,0,0,0.0,7,0,0,0,0.0,0.012952584011186659,0.9860062163319362,0.0010411996568768453
lineage,legacy,M1,105,7,0,0,0.0,7,0,0,0,0.0,0.012952584011186659,0.9860062163319362,0.0010411996568768453
lineage,legacy,M1,106,7,0,0,0.0,7,0,0,0,0.0,0.012952584011186659,0.9860062163319362,0.0010411996568768453
lineage,legacy,M1,107,7,0,0,0.0,7,0,0,0,0.0,0.012952584011186659,0.9860062163319362,0.0010411996568768453
lineage,legacy,M1,108,7,0,0,0.0,7,0,0,0,0.0,0.012952584011186659,0.9860062163319362,0.0010411996568768453
lineage,legacy,M1,109,7,0,0,0.0,7,0,0,0,0.0,0.012952584011186659,0.9860062163319362,0.0010411996568768453
lineage,legacy,M1,110,7,0,0,0.0,7,0,0,0,0.0,0.012952584011186659,0.9860062163319362,0.0010411996568768453
lineage,legacy,M1,111,7,0,0,0.0,7,0,0,0,0.0,0.012952584011186659,0.9860062163319362,0.0010411996568768453
lineage,legacy,M1,112,7,0,0,0.0,7,0,0,0,0.0,0.012952584011186659,0.9860062163319362,0.0010411996568768453
lineage,legacy,M1,113,7,0,0,0.0,7,0,0,0,0.0,0.012952584011186659,0.9860062163319362,0.0010411996568768453
lineage,legacy,M1,114,7,0,0,0.0,7,0,0,0,0.0,0.012952584011186659,0.9860062163319362,0.0010411996568768453
lineage,legacy,M1,115,7,0,0,0.0,7,0,0,0,0.0,0.012952584011186659,0.9860062163319362,0.0010411996568768453
lineage,legacy,M1,116,7,0,0,0.0,7,0,0,0,0.0,0.012952584011186659,0.9860062163319362,0.0010411996568768453
lineage,legacy,M1,117,7,0,0,0.0,7,0,0,0,0.0,0.012952584011186659,0.9860062163319362,0.0010411996568768453
lineage,legacy,M1,118,7,0,0,0.0,7,0,0,0,0.0,0.012952584011186659,0.9860062163319362,0.0010411996568768453
lineage,legacy,M1,119,7,0,0,0.0,7,0,0,0,0.0,0.012952584011186659,0.9860062163319362,0.0010411996568768453
lineage,legacy,M1,120,7,0,0,0.0,7,0,0,0,0.0,0.012952584011186659,0.9860062163319362,0.0010411996568768453
lineage,legacy,M1,121,7,0,0,0.0,7,0,0,1,0.0,0.012952584011186659,0.9860062163319362,0.0010411996568768453
lineage,legacy,M1,122,6,0,0,0.0,6,0,0,0,0.0,0.012952584011186659,0.9860062163319362,0.0010411996568768453
lineage,legacy,M1,123,6,0,0,0.0,6,0,0,1,0.0,0.012952584011186659,0.9860062163319362,0.0010411996568768453
lineage,legacy,M1,124,5,0,0,0.0,5,0,1,0,0.0,0.012952584011186659,0.9862144562633116,0.0008329597255014763
lineage,legacy,M1,125,4,0,0,0.0,4,0,0,0,0.0,0.012952584011186659,0.9862144562633116,0.0008329597255014763
lineage,legacy,M1,126,4,0,0,0.0,4,0,0,0,0.0,0.012952584011186659,0.9862144562633116,0.0008329597255014763
lineage,legacy,M1,127,4,0,0,0.0,4,0,0,0,0.0,0.012952584011186659,0.9862144562633116,0.0008329597255014763
lineage,legacy,M1,128,4,0,0,0.0,4,0,0,0,0.0,0.012952584011186659,0.9862144562633116,0.0008329597255014763
lineage,legacy,M1,129,4,0,0,0.0,4,0,0,0,0.0,0.012952584011186659,0.9862144562633116,0.0008329597255014763
lineage,legacy,M1,130,4,0,0,0.0,4,0,0,0,0.0,0.012952584011186659,0.9862144562633116,0.0008329597255014763
lineage,legacy,M1,131,4,0,0,0.0,4,0,0,0,0.0,0.012952584011186659,0.9862144562633116,0.0008329597255014763
lineage,legacy,M1,132,4,0,0,0.0,4,0,0,0,0.0,0.012952584011186659,0.9862144562633116,0.0008329597255014763
lineage,legacy,M1,133,4,0,0,0.0,4,0,0,0,0.0,0.012952584011186659,0.9862144562633116,0.0008329597255014763
lineage,legacy,M1,134,4,0,0,0.0,4,0,0,0,0.0,0.012952584011186659,0.9862144562633116,0.0008329597255014763
lineage,legacy,M1,135,4,0,0,0.0,4,0,0,0,0.0,0.012952584011186659,0.9862144562633116,0.0008329597255014763
lineage,legacy,M1,136,4,0,0,0.0,4,0,0,0,0.0,0.012952584011186659,0.9862144562633116,0.0008329597255014763
lineage,legacy,M1,137,4,0,0,0.0,4,0,0,0,0.0,0.012952584011186659,0.9862144562633116,0.0008329597255014763
lineage,legacy,M1,138,4,0,0,0.0,4,0,0,0,0.0,0.012952584011186659,0.9862144562633116,0.0008329597255014763
lineage,legacy,M1,139,4,0,0,0.0,4,0,0,0,0.0,0.012952584011186659,0.9862144562633116,0.0008329597255014763
lineage,legacy,M1,140,4,0,0,0.0,4,0,0,0,0.0,0.012952584011186659,0.9862144562633116,0.0008329597255014763
lineage,legacy,M1,141,4,0,0,0.0,4,0,0,0,0.0,0.012952584011186659,0.9862144562633116,0.0008329597255014763
lineage,legacy,M1,142,4,0,0,0.0,4,0,0,0,0.0,0.012952584011186659,0.9862144562633116,0.0008329597255014763
lineage,legacy,M1,143,4,0,0,0.0,4,0,0,0,0.0,0.012952584011186659,0.9862144562633116,0.0008329597255014763
lineage,legacy,M1,144,4,0,0,0.0,4,0,0,0,0.0,0.012952584011186659,0.9862144562633116,0.0008329597255014763
lineage,legacy,M1,145,4,0,0,0.0,4,0,0,0,0.0,0.012952584011186659,0.9862144562633116,0.0008329597255014763
lineage,legacy,M1,146,4,0,0,0.0,4,0,1,0,0.0,0.012952584011186659,0.986422696194687,0.0006247197941261072
lineage,legacy,M1,147,3,0,0,0.0,3,0,0,0,0.0,0.012952584011186659,0.986422696194687,0.0006247197941261072
lineage,legacy,M1,148,3,0,0,0.0,3,0,0,0,0.0,0.012952584011186659,0.986422696194687,0.0006247197941261072
lineage,legacy,M1,149,3,0,0,0.0,3,0,0,0,0.0,0.012952584011186659,0.986422696194687,0.0006247197941261072
lineage,legacy,M1,150,3,0,0,0.0,3,0,0,0,0.0,0.012952584011186659,0.986422696194687,0.0006247197941261072
lineage,legacy,M1,151,3,0,0,0.0,3,0,0,0,0.0,0.012952584011186659,0.986422696194687,0.0006247197941261072
lineage,legacy,M1,152,3,0,0,0.0,3,0,0,0,0.0,0.012952584011186659,0.986422696194687,0.0006247197941261072
lineage,legacy,M1,153,3,0,0,0.0,3,0,0,0,0.0,0.012952584011186659,0.986422696194687,0.0006247197941261072
lineage,legacy,M1,154,3,0,0,0.0,3,0,0,0,0.0,0.012952584011186659,0.986422696194687,0.0006247197941261072
lineage,legacy,M1,155,3,0,0,0.0,3,0,0,0,0.0,0.012952584011186659,0.986422696194687,0.0006247197941261072
lineage,legacy,M1,156,3,0,0,0.0,3,0,0,0,0.0,0.012952584011186659,0.986422696194687,0.0006247197941261072
lineage,legacy,M1,157,3,0,0,0.0,3,0,0,0,0.0,0.012952584011186659,0.986422696194687,0.0006247197941261072
lineage,legacy,M1,158,3,0,0,0.0,3,0,0,0,0.0,0.012952584011186659,0.986422696194687,0.0006247197941261072
lineage,legacy,M1,159,3,0,0,0.0,3,0,0,0,0.0,0.012952584011186659,0.986422696194687,0.0006247197941261072
lineage,legacy,M1,160,3,0,0,0.0,3,0,0,0,0.0,0.012952584011186659,0.986422696194687,0.0006247197941261072
lineage,legacy,M1,161,3,0,0,0.0,3,0,0,0,0.0,0.012952584011186659,0.986422696194687,0.0006247197941261072
lineage,legacy,M1,162,3,0,0,0.0,3,0,0,0,0.0,0.012952584011186659,0.986422696194687,0.0006247197941261072
lineage,legacy,M1,163,3,0,0,0.0,3,0,0,0,0.0,0.012952584011186659,0.986422696194687,0.0006247197941261072
lineage,legacy,M1,164,3,0,0,0.0,3,0,0,0,0.0,0.012952584011186659,0.986422696194687,0.0006247197941261072
lineage,legacy,M1,165,3,0,0,0.0,3,0,0,0,0.0,0.012952584011186659,0.986422696194687,0.0006247197941261072
lineage,legacy,M1,166,3,0,0,0.0,3,0,0,0,0.0,0.012952584011186659,0.986422696194687,0.0006247197941261072
lineage,legacy,M1,167,3,0,0,0.0,3,0,0,0,0.0,0.012952584011186659,0.986422696194687,0.0006247197941261072
lineage,legacy,M1,168,3,0,0,0.0,3,0,0,0,0.0,0.012952584011186659,0.986422696194687,0.0006247197941261072
lineage,legacy,M1,169,3,0,0,0.0,3,0,0,0,0.0,0.012952584011186659,0.986422696194687,0.0006247197941261072
lineage,legacy,M1,170,3,0,0,0.0,3,0,0,0,0.0,0.012952584011186659,0.986422696194687,0.0006247197941261072
lineage,legacy,M1,171,3,0,0,0.0,3,0,0,0,0.0,0.012952584011186659,0.986422696194687,0.0006247197941261072
lineage,legacy,M1,172,3,0,0,0.0,3,0,0,0,0.0,0.012952584011186659,0.986422696194687,0.0006247197941261072
lineage,legacy,M1,173,3,0,0,0.0,3,0,0,0,0.0,0.012952584011186659,0.986422696194687,0.0006247197941261072
lineage,legacy,M1,174,3,0,0,0.0,3,0,0,0,0.0,0.012952584011186659,0.986422696194687,0.0006247197941261072
lineage,legacy,M1,175,3,0,0,0.0,3,0,0,0,0.0,0.012952584011186659,0.986422696194687,0.0006247197941261072
lineage,legacy,M1,176,3,0,0,0.0,3,0,0,0,0.0,0.012952584011186659,0.986422696194687,0.0006247197941261072
lineage,legacy,M1,177,3,0,0,0.0,3,0,0,0,0.0,0.012952584011186659,0.986422696194687,0.0006247197941261072
lineage,legacy,M1,178,3,0,0,0.0,3,0,0,0,0.0,0.012952584011186659,0.986422696194687,0.0006247197941261072
lineage,legacy,M1,179,3,0,0,0.0,3,0,0,0,0.0,0.012952584011186659,0.986422696194687,0.0006247197941261072
lineage,legacy,M1,180,3,0,0,0.0,3,0,0,0,0.0,0.012952584011186659,0.986422696194687,0.0006247197941261072
lineage,legacy,M1,181,3,0,0,0.0,3,0,0,0,0.0,0.012952584011186659,0.986422696194687,0.0006247197941261072
lineage,legacy,M1,182,3,0,0,0.0,3,0,0,0,0.0,0.012952584011186659,0.986422696194687,0.0006247197941261072
lineage,legacy,M1,183,3,0,0,0.0,3,0,0,0,0.0,0.012952584011186659,0.986422696194687,0.0006247197941261072
lineage,legacy,M1,184,3,0,0,0.0,3,0,0,0,0.0,0.012952584011186659,0.986422696194687,0.0006247197941261072
lineage,legacy,M1,185,3,0,0,0.0,3,0,0,0,0.0,0.012952584011186659,0.986422696194687,0.0006247197941261072
lineage,legacy,M1,186,3,0,0,0.0,3,0,0,0,0.0,0.012952584011186659,0.986422696194687,0.0006247197941261072
lineage,legacy,M1,187,3,0,0,0.0,3,0,0,1,0.0,0.012952584011186659,0.986422696194687,0.0006247197941261072
lineage,legacy,M1,188,2,0,0,0.0,2,0,0,0,0.0,0.012952584011186659,0.986422696194687,0.0006247197941261072
lineage,legacy,M1,189,2,0,0,0.0,2,0,0,0,0.0,0.012952584011186659,0.986422696194687,0.0006247197941261072
lineage,legacy,M1,190,2,0,0,0.0,2,0,0,0,0.0,0.012952584011186659,0.986422696194687,0.0006247197941261072
lineage,legacy,M1,191,2,0,0,0.0,2,0,0,0,0.0,0.012952584011186659,0.986422696194687,0.0006247197941261072
lineage,legacy,M1,192,2,0,0,0.0,2,0,0,0,0.0,0.012952584011186659,0.986422696194687,0.0006247197941261072
lineage,legacy,M1,193,2,0,0,0.0,2,0,0,1,0.0,0.012952584011186659,0.986422696194687,0.0006247197941261072
lineage,legacy,M1,194,1,0,0,0.0,1,0,0,0,0.0,0.012952584011186659,0.986422696194687,0.0006247197941261072
lineage,legacy,M1,195,1,0,0,0.0,1,0,0,0,0.0,0.012952584011186659,0.986422696194687,0.0006247197941261072
lineage,legacy,M1,196,1,0,0,0.0,1,0,0,0,0.0,0.012952584011186659,0.986422696194687,0.0006247197941261072
lineage,legacy,M1,197,1,0,0,0.0,1,0,0,0,0.0,0.012952584011186659,0.986422696194687,0.0006247197941261072
lineage,legacy,M1,198,1,0,0,0.0,1,0,0,0,0.0,0.012952584011186659,0.986422696194687,0.0006247197941261072
lineage,legacy,M1,199,1,0,0,0.0,1,0,0,0,0.0,0.012952584011186659,0.986422696194687,0.0006247197941261072
lineage,legacy,M1,200,1,0,0,0.0,1,0,0,0,0.0,0.012952584011186659,0.986422696194687,0.0006247197941261072
lineage,legacy,M1,201,1,0,0,0.0,1,0,0,0,0.0,0.012952584011186659,0.986422696194687,0.0006247197941261072
lineage,legacy,M1,202,1,0,0,0.0,1,0,0,0,0.0,0.012952584011186659,0.986422696194687,0.0006247197941261072
lineage,legacy,M1,203,1,0,0,0.0,1,0,0,0,0.0,0.012952584011186659,0.986422696194687,0.0006247197941261072
lineage,legacy,M1,204,1,0,0,0.0,1,0,0,0,0.0,0.012952584011186659,0.986422696194687,0.0006247197941261072
lineage,legacy,M1,205,1,0,0,0.0,1,0,0,0,0.0,0.012952584011186659,0.986422696194687,0.0006247197941261072
lineage,legacy,M1,206,1,0,0,0.0,1,0,0,0,0.0,0.012952584011186659,0.986422696194687,0.0006247197941261072
lineage,legacy,M1,207,1,0,0,0.0,1,0,0,0,0.0,0.012952584011186659,0.986422696194687,0.0006247197941261072
lineage,legacy,M1,208,1,0,0,0.0,1,0,0,0,0.0,0.012952584011186659,0.986422696194687,0.0006247197941261072
lineage,legacy,M1,209,1,0,0,0.0,1,0,0,0,0.0,0.012952584011186659,0.986422696194687,0.0006247197941261072
lineage,legacy,M1,210,1,0,0,0.0,1,0,0,0,0.0,0.012952584011186659,0.986422696194687,0.0006247197941261072
lineage,legacy,M1,211,1,0,0,0.0,1,0,0,0,0.0,0.012952584011186659,0.986422696194687,0.0006247197941261072
lineage,legacy,M1,212,1,0,0,0.0,1,0,0,0,0.0,0.012952584011186659,0.986422696194687,0.0006247197941261072
lineage,legacy,M1,213,1,0,0,0.0,1,0,0,0,0.0,0.012952584011186659,0.986422696194687,0.0006247197941261072
lineage,legacy,M1,214,1,0,0,0.0,1,0,0,0,0.0,0.012952584011186659,0.986422696194687,0.0006247197941261072
lineage,legacy,M1,215,1,0,0,0.0,1,0,0,0,0.0,0.012952584011186659,0.986422696194687,0.0006247197941261072
lineage,legacy,M1,216,1,0,0,0.0,1,0,0,0,0.0,0.012952584011186659,0.986422696194687,0.0006247197941261072
lineage,legacy,M1,217,1,0,0,0.0,1,0,0,0,0.0,0.012952584011186659,0.986422696194687,0.0006247197941261072
lineage,legacy,M1,218,1,0,0,0.0,1,0,0,0,0.0,0.012952584011186659,0.986422696194687,0.0006247197941261072
lineage,legacy,M1,219,1,0,0,0.0,1,0,0,0,0.0,0.012952584011186659,0.986422696194687,0.0006247197941261072
lineage,legacy,M1,220,1,0,0,0.0,1,0,0,0,0.0,0.012952584011186659,0.986422696194687,0.0006247197941261072
lineage,legacy,M1,221,1,0,0,0.0,1,0,0,0,0.0,0.012952584011186659,0.986422696194687,0.0006247197941261072
lineage,legacy,M1,222,1,0,0,0.0,1,0,0,0,0.0,0.012952584011186659,0.986422696194687,0.0006247197941261072
lineage,legacy,M1,223,1,0,0,0.0,1,0,0,0,0.0,0.012952584011186659,0.986422696194687,0.0006247197941261072
lineage,legacy,M1,224,1,0,0,0.0,1,0,0,0,0.0,0.012952584011186659,0.986422696194687,0.0006247197941261072
lineage,legacy,M1,225,1,0,0,0.0,1,0,0,0,0.0,0.012952584011186659,0.986422696194687,0.0006247197941261072
lineage,legacy,M1,226,1,0,0,0.0,1,0,0,0,0.0,0.012952584011186659,0.986422696194687,0.0006247197941261072
lineage,legacy,M1,227,1,0,0,0.0,1,0,0,0,0.0,0.012952584011186659,0.986422696194687,0.0006247197941261072
lineage,legacy,M1,228,1,0,0,0.0,1,0,0,0,0.0,0.012952584011186659,0.986422696194687,0.0006247197941261072
lineage,legacy,M1,229,1,0,0,0.0,1,0,0,0,0.0,0.012952584011186659,0.986422696194687,0.0006247197941261072
lineage,legacy,M1,230,1,0,0,0.0,1,0,0,0,0.0,0.012952584011186659,0.986422696194687,0.0006247197941261072
lineage,legacy,M1,231,1,0,0,0.0,1,0,0,0,0.0,0.012952584011186659,0.986422696194687,0.0006247197941261072
lineage,legacy,M1,232,1,0,0,0.0,1,0,0,0,0.0,0.012952584011186659,0.986422696194687,0.0006247197941261072
lineage,legacy,M1,233,1,0,0,0.0,1,0,0,0,0.0,0.012952584011186659,0.986422696194687,0.0006247197941261072
lineage,legacy,M1,234,1,0,0,0.0,1,0,0,0,0.0,0.012952584011186659,0.986422696194687,0.0006247197941261072
lineage,legacy,M1,235,1,0,0,0.0,1,0,0,0,0.0,0.012952584011186659,0.986422696194687,0.0006247197941261072
lineage,legacy,M1,236,1,0,0,0.0,1,0,0,0,0.0,0.012952584011186659,0.986422696194687,0.0006247197941261072
lineage,legacy,M1,237,1,0,0,0.0,1,0,0,0,0.0,0.012952584011186659,0.986422696194687,0.0006247197941261072
lineage,legacy,M1,238,1,0,0,0.0,1,0,0,0,0.0,0.012952584011186659,0.986422696194687,0.0006247197941261072
lineage,legacy,M1,239,1,0,0,0.0,1,0,0,0,0.0,0.012952584011186659,0.986422696194687,0.0006247197941261072
lineage,legacy,M1,240,1,0,0,0.0,1,0,0,0,0.0,0.012952584011186659,0.986422696194687,0.0006247197941261072
lineage,legacy,M1,241,1,0,0,0.0,1,0,0,0,0.0,0.012952584011186659,0.986422696194687,0.0006247197941261072
lineage,legacy,M1,242,1,0,0,0.0,1,0,0,0,0.0,0.012952584011186659,0.986422696194687,0.0006247197941261072
lineage,legacy,M1,243,1,0,0,0.0,1,0,0,0,0.0,0.012952584011186659,0.986422696194687,0.0006247197941261072
lineage,legacy,M1,244,1,0,0,0.0,1,0,0,0,0.0,0.012952584011186659,0.986422696194687,0.0006247197941261072
lineage,legacy,M1,245,1,0,0,0.0,1,0,0,0,0.0,0.012952584011186659,0.986422696194687,0.0006247197941261072
lineage,legacy,M1,246,1,0,0,0.0,1,0,0,0,0.0,0.012952584011186659,0.986422696194687,0.0006247197941261072
lineage,legacy,M1,247,1,0,0,0.0,1,0,0,0,0.0,0.012952584011186659,0.986422696194687,0.0006247197941261072
lineage,legacy,M1,248,1,0,0,0.0,1,0,0,0,0.0,0.012952584011186659,0.986422696194687,0.0006247197941261072
lineage,legacy,M1,249,1,0,0,0.0,1,0,0,0,0.0,0.012952584011186659,0.986422696194687,0.0006247197941261072
lineage,legacy,M1,250,1,0,0,0.0,1,0,0,0,0.0,0.012952584011186659,0.986422696194687,0.0006247197941261072
lineage,legacy,M1,251,1,0,0,0.0,1,0,0,0,0.0,0.012952584011186659,0.986422696194687,0.0006247197941261072
lineage,legacy,M1,252,1,0,0,0.0,1,0,0,1,0.0,0.012952584011186659,0.986422696194687,0.0006247197941261072
lineage,legacy,M1,253,0,0,0,0.0,0,0,0,0,0.0,0.012952584011186659,0.986422696194687,0.0006247197941261072
lineage,legacy,M1,254,0,0,0,0.0,0,0,0,0,0.0,0.012952584011186659,0.986422696194687,0.0006247197941261072
lineage,legacy,M1,255,0,0,0,0.0,0,0,0,0,0.0,0.012952584011186659,0.986422696194687,0.0006247197941261072
lineage,legacy,M1,256,0,0,0,0.0,0,0,0,0,0.0,0.012952584011186659,0.986422696194687,0.0006247197941261072
lineage,legacy,M1,257,0,0,0,0.0,0,0,0,0,0.0,0.012952584011186659,0.986422696194687,0.0006247197941261072
lineage,legacy,M1,258,0,0,0,0.0,0,0,0,0,0.0,0.012952584011186659,0.986422696194687,0.0006247197941261072
lineage,legacy,M1,259,0,0,0,0.0,0,0,0,0,0.0,0.012952584011186659,0.986422696194687,0.0006247197941261072
lineage,legacy,M1,260,0,0,0,0.0,0,0,0,0,0.0,0.012952584011186659,0.986422696194687,0.0006247197941261072
lineage,legacy,M1,261,0,0,0,0.0,0,0,0,0,0.0,0.012952584011186659,0.986422696194687,0.0006247197941261072
lineage,legacy,M1,262,0,0,0,0.0,0,0,0,0,0.0,0.012952584011186659,0.986422696194687,0.0006247197941261072
lineage,legacy,M1,263,0,0,0,0.0,0,0,0,0,0.0,0.012952584011186659,0.986422696194687,0.0006247197941261072
lineage,legacy,M1,264,0,0,0,0.0,0,0,0,0,0.0,0.012952584011186659,0.986422696194687,0.0006247197941261072
lineage,legacy,M1,265,0,0,0,0.0,0,0,0,0,0.0,0.012952584011186659,0.986422696194687,0.0006247197941261072
lineage,legacy,M1,266,0,0,0,0.0,0,0,0,0,0.0,0.012952584011186659,0.986422696194687,0.0006247197941261072
lineage,legacy,M1,267,0,0,0,0.0,0,0,0,0,0.0,0.012952584011186659,0.986422696194687,0.0006247197941261072
contiguous,primary,M0,1,8848,2362,2,0.26695298372513565,6484,112,435,0,0.01727328809376928,0.012662132298393709,0.3161318011340755,0.6712060665675308
contiguous,primary,M0,2,5937,1567,0,0.26393801583291226,4370,101,550,0,0.02311212814645309,0.02408066231748089,0.5554687125242495,0.42045062515826964
contiguous,primary,M0,3,3719,786,1,0.2113471363269696,2932,83,489,0,0.028308321964529332,0.033467407178949984,0.6996323774828928,0.2669002153381573
contiguous,primary,M0,4,2360,486,0,0.2059322033898305,1874,42,382,0,0.022411953041622197,0.03821732626547651,0.7977973719377743,0.1639853017967492
contiguous,primary,M0,5,1450,266,0,0.18344827586206897,1184,24,264,0,0.02027027027027027,0.040931565743491674,0.8577368270772757,0.1013316071792326
contiguous,primary,M0,6,896,165,0,0.18415178571428573,731,6,176,0,0.008207934336525308,0.041610125612995465,0.8963016463274077,0.06208822805959677
contiguous,primary,M0,7,549,91,0,0.1657559198542805,458,9,101,0,0.019650655021834062,0.04262796541725115,0.9180155621515289,0.039356472431219806
contiguous,primary,M0,8,348,59,0,0.16954022988505746,289,4,77,0,0.01384083044982699,0.04308033866358701,0.9333962525269482,0.023523408809464713
contiguous,primary,M0,9,208,25,0,0.1201923076923077,183,3,52,0,0.01639344262295082,0.0434196185983389,0.9421044375189136,0.014475943882747516
contiguous,primary,M0,10,128,19,0,0.1484375,109,4,22,0,0.03669724770642202,0.04387199184467476,0.9467412632938561,0.009386744861469091
contiguous,primary,M0,11,83,13,0,0.1566265060240964,70,1,21,0,0.014285714285714285,0.04398508515625872,0.950586435887711,0.005428478956030318
contiguous,primary,M0,12,48,8,0,0.16666666666666666,40,0,12,0,0.0,0.04398508515625872,0.9528483021193902,0.003166612724351019
contiguous,primary,M0,13,28,6,0,0.21428571428571427,22,0,5,0,0.0,0.04398508515625872,0.9540923285468138,0.0019225862969274043
contiguous,primary,M0,14,17,3,0,0.17647058823529413,14,0,6,0,0.0,0.04398508515625872,0.9551101683510695,0.0009047464926717196
contiguous,primary,M0,15,8,3,0,0.375,5,0,2,0,0.0,0.04398508515625872,0.9556756349089894,0.0003392799347518948
contiguous,primary,M0,16,3,0,0,0.0,3,0,1,0,0.0,0.04398508515625872,0.9557887282205734,0.0002261866231679299
contiguous,primary,M0,17,2,0,0,0.0,2,0,0,0,0.0,0.04398508515625872,0.9557887282205734,0.0002261866231679299
contiguous,primary,M0,18,2,0,0,0.0,2,0,0,0,0.0,0.04398508515625872,0.9557887282205734,0.0002261866231679299
contiguous,primary,M0,19,2,0,0,0.0,2,0,0,0,0.0,0.04398508515625872,0.9557887282205734,0.0002261866231679299
contiguous,primary,M0,20,2,0,0,0.0,2,0,0,0,0.0,0.04398508515625872,0.9557887282205734,0.0002261866231679299
contiguous,primary,M0,21,2,0,0,0.0,2,0,0,0,0.0,0.04398508515625872,0.9557887282205734,0.0002261866231679299
contiguous,primary,M0,22,2,0,0,0.0,2,0,1,0,0.0,0.04398508515625872,0.9559018215321573,0.00011309331158396495
contiguous,primary,M0,23,1,0,0,0.0,1,0,0,0,0.0,0.04398508515625872,0.9559018215321573,0.00011309331158396495
contiguous,primary,M0,24,1,0,0,0.0,1,0,0,0,0.0,0.04398508515625872,0.9559018215321573,0.00011309331158396495
contiguous,primary,M0,25,1,1,0,1.0,0,0,0,0,0.0,0.04398508515625872,0.9560149148437412,0.0
contiguous,primary,M0,26,0,0,0,0.0,0,0,0,0,0.0,0.04398508515625872,0.9560149148437412,0.0
contiguous,primary,M0,27,0,0,0,0.0,0,0,0,0,0.0,0.04398508515625872,0.9560149148437412,0.0
contiguous,primary,M0,28,0,0,0,0.0,0,0,0,0,0.0,0.04398508515625872,0.9560149148437412,0.0
contiguous,primary,M0,29,0,0,0,0.0,0,0,0,0,0.0,0.04398508515625872,0.9560149148437412,0.0
contiguous,primary,M0,30,0,0,0,0.0,0,0,0,0,0.0,0.04398508515625872,0.9560149148437412,0.0
contiguous,primary,M0,31,0,0,0,0.0,0,0,0,0,0.0,0.04398508515625872,0.9560149148437412,0.0
contiguous,primary,M0,32,0,0,0,0.0,0,0,0,0,0.0,0.04398508515625872,0.9560149148437412,0.0
contiguous,primary,M0,33,0,0,0,0.0,0,0,0,0,0.0,0.04398508515625872,0.9560149148437412,0.0
contiguous,primary,M0,34,0,0,0,0.0,0,0,0,0,0.0,0.04398508515625872,0.9560149148437412,0.0
contiguous,primary,M0,35,0,0,0,0.0,0,0,0,0,0.0,0.04398508515625872,0.9560149148437412,0.0
contiguous,primary,M0,36,0,0,0,0.0,0,0,0,0,0.0,0.04398508515625872,0.9560149148437412,0.0
contiguous,primary,M0,37,0,0,0,0.0,0,0,0,0,0.0,0.04398508515625872,0.9560149148437412,0.0
contiguous,primary,M0,38,0,0,0,0.0,0,0,0,0,0.0,0.04398508515625872,0.9560149148437412,0.0
contiguous,primary,M0,39,0,0,0,0.0,0,0,0,0,0.0,0.04398508515625872,0.9560149148437412,0.0
contiguous,primary,M0,40,0,0,0,0.0,0,0,0,0,0.0,0.04398508515625872,0.9560149148437412,0.0
contiguous,primary,M0,41,0,0,0,0.0,0,0,0,0,0.0,0.04398508515625872,0.9560149148437412,0.0
contiguous,primary,M0,42,0,0,0,0.0,0,0,0,0,0.0,0.04398508515625872,0.9560149148437412,0.0
contiguous,primary,M0,43,0,0,0,0.0,0,0,0,0,0.0,0.04398508515625872,0.9560149148437412,0.0
contiguous,primary,M1,1,8848,2137,1,0.24152350813743217,6710,156,336,0,0.02324888226527571,0.01763373066029219,0.27950385109806153,0.7028624182416463
contiguous,primary,M1,2,6218,1367,4,0.21984560952074622,4847,200,510,0,0.04126263668248401,0.04025973443557942,0.4917213774726043,0.4680188880918163
contiguous,primary,M1,3,4137,781,0,0.1887841430988639,3356,190,450,0,0.056615017878426696,0.06175443802210228,0.6309844307094972,0.3072611312684005
contiguous,primary,M1,4,2716,458,0,0.16863033873343153,2258,110,401,0,0.048715677590788306,0.07419874009851025,0.7281631169243559,0.19763814297713386
contiguous,primary,M1,5,1747,296,0,0.16943331425300515,1451,78,290,0,0.053756030323914544,0.08302288157087227,0.7944573079859474,0.12251981044318029
contiguous,primary,M1,6,1083,151,1,0.1394275161588181,931,49,187,0,0.05263157894736842,0.08857220670733745,0.8327179775815747,0.07870981571108777
contiguous,primary,M1,7,695,107,0,0.1539568345323741,588,19,114,0,0.03231292517006803,0.09072398584188518,0.8577465664623667,0.05152944769574812
contiguous,primary,M1,8,455,56,0,0.12307692307692308,399,18,76,0,0.045112781954887216,0.09276251344303565,0.8726957688708035,0.03454171768616083
contiguous,primary,M1,9,305,33,0,0.10819672131147541,272,5,59,0,0.01838235294117647,0.0933287711100219,0.8831149099433503,0.02355631894662771
contiguous,primary,M1,10,208,33,0,0.15865384615384615,175,3,32,0,0.017142857142857144,0.09366852571021364,0.8904762596141714,0.015855214675614803
contiguous,primary,M1,11,140,19,1,0.1357142857142857,120,3,22,0,0.025,0.09401111159874032,0.8951403352645814,0.010848553136678107
contiguous,primary,M1,12,95,10,0,0.10526315789473684,85,1,20,0,0.011764705882352941,0.09412530689491587,0.8985661941498481,0.007308498955235777
contiguous,primary,M1,13,64,10,0,0.15625,54,2,9,0,0.037037037037037035,0.09435369748726699,0.9007359047771837,0.004910397735549038
contiguous,primary,M1,14,43,8,0,0.18604651162790697,35,0,7,0,0.0,0.09435369748726699,0.902448834219817,0.003197468292915653
contiguous,primary,M1,15,28,5,0,0.17857142857142858,23,0,5,0,0.0,0.09435369748726699,0.9035907871815726,0.0020555153311600624
contiguous,primary,M1,16,18,1,0,0.05555555555555555,17,3,2,0,0.17647058823529413,0.09469628337579367,0.9039333730700992,0.0013703435541067082
contiguous,primary,M1,17,12,1,0,0.08333333333333333,11,0,4,0,0.0,0.09469628337579367,0.904504349550977,0.0007993670732289131
contiguous,primary,M1,18,7,1,0,0.14285714285714285,6,0,3,0,0.0,0.09469628337579367,0.9049611307356792,0.00034258588852667705
contiguous,primary,M1,19,3,0,0,0.0,3,0,0,0,0.0,0.09469628337579367,0.9049611307356792,0.00034258588852667705
contiguous,primary,M1,20,3,0,0,0.0,3,0,0,0,0.0,0.09469628337579367,0.9049611307356792,0.00034258588852667705
contiguous,primary,M1,21,3,0,0,0.0,3,0,0,0,0.0,0.09469628337579367,0.9049611307356792,0.00034258588852667705
contiguous,primary,M1,22,3,0,0,0.0,3,0,0,0,0.0,0.09469628337579367,0.9049611307356792,0.00034258588852667705
contiguous,primary,M1,23,3,0,0,0.0,3,0,0,0,0.0,0.09469628337579367,0.9049611307356792,0.00034258588852667705
contiguous,primary,M1,24,3,0,0,0.0,3,0,0,0,0.0,0.09469628337579367,0.9049611307356792,0.00034258588852667705
contiguous,primary,M1,25,3,0,0,0.0,3,0,1,0,0.0,0.09469628337579367,0.9050753260318547,0.00022839059235111805
contiguous,primary,M1,26,2,0,0,0.0,2,0,0,0,0.0,0.09469628337579367,0.9050753260318547,0.00022839059235111805
contiguous,primary,M1,27,2,0,0,0.0,2,0,0,0,0.0,0.09469628337579367,0.9050753260318547,0.00022839059235111805
contiguous,primary,M1,28,2,0,0,0.0,2,0,0,0,0.0,0.09469628337579367,0.9050753260318547,0.00022839059235111805
contiguous,primary,M1,29,2,0,0,0.0,2,0,0,0,0.0,0.09469628337579367,0.9050753260318547,0.00022839059235111805
contiguous,primary,M1,30,2,0,0,0.0,2,0,0,0,0.0,0.09469628337579367,0.9050753260318547,0.00022839059235111805
contiguous,primary,M1,31,2,0,0,0.0,2,0,0,0,0.0,0.09469628337579367,0.9050753260318547,0.00022839059235111805
contiguous,primary,M1,32,2,0,0,0.0,2,0,0,0,0.0,0.09469628337579367,0.9050753260318547,0.00022839059235111805
contiguous,primary,M1,33,2,0,0,0.0,2,0,0,0,0.0,0.09469628337579367,0.9050753260318547,0.00022839059235111805
contiguous,primary,M1,34,2,0,0,0.0,2,0,0,0,0.0,0.09469628337579367,0.9050753260318547,0.00022839059235111805
contiguous,primary,M1,35,2,0,0,0.0,2,0,0,0,0.0,0.09469628337579367,0.9050753260318547,0.00022839059235111805
contiguous,primary,M1,36,2,0,0,0.0,2,0,0,0,0.0,0.09469628337579367,0.9050753260318547,0.00022839059235111805
contiguous,primary,M1,37,2,0,0,0.0,2,0,0,0,0.0,0.09469628337579367,0.9050753260318547,0.00022839059235111805
contiguous,primary,M1,38,2,0,0,0.0,2,1,0,0,0.5,0.09481047867196922,0.9050753260318547,0.00011419529617555903
contiguous,primary,M1,39,1,0,0,0.0,1,0,0,0,0.0,0.09481047867196922,0.9050753260318547,0.00011419529617555903
contiguous,primary,M1,40,1,0,0,0.0,1,0,0,0,0.0,0.09481047867196922,0.9050753260318547,0.00011419529617555903
contiguous,primary,M1,41,1,0,0,0.0,1,0,0,0,0.0,0.09481047867196922,0.9050753260318547,0.00011419529617555903
contiguous,primary,M1,42,1,0,0,0.0,1,0,0,0,0.0,0.09481047867196922,0.9050753260318547,0.00011419529617555903
contiguous,primary,M1,43,1,0,0,0.0,1,0,1,0,0.0,0.09481047867196922,0.9051895213280302,0.0
contiguous,legacy,M0,1,8848,2362,2,0.26695298372513565,6484,17,515,8,0.002621838371375694,0.0019219307952919023,0.3251761813472139,0.6729018878574943
contiguous,legacy,M0,2,5944,1568,0,0.26379542395693134,4376,13,628,9,0.002970749542961609,0.0033936206576989387,0.5737785611815102,0.4228278181607909
contiguous,legacy,M0,3,3726,787,1,0.21121846484165324,2938,8,556,8,0.002722940776038121,0.004301772531127184,0.7262041590290411,0.26949406843983165
contiguous,legacy,M0,4,2366,486,0,0.20540997464074387,1880,4,418,5,0.002127659574468085,0.004757383804905428,0.8291723069029243,0.16607030929217015
contiguous,legacy,M0,5,1453,266,0,0.18306951135581556,1187,2,284,3,0.0016849199663016006,0.004985973356580817,0.8920344336136563,0.10297959302976276
contiguous,legacy,M0,6,898,166,0,0.18485523385300667,732,0,183,0,0.0,0.004985973356580817,0.9320565694348002,0.06295745720861887
contiguous,legacy,M0,7,549,91,0,0.1657559198542805,458,1,108,1,0.002183406113537118,0.005100649963518192,0.9548772142153378,0.04002213582114387
contiguous,legacy,M0,8,348,59,0,0.16954022988505746,289,0,81,0,0.0,0.005100649963518192,0.970978073453729,0.023921276582752653
contiguous,legacy,M0,9,208,25,0,0.1201923076923077,183,0,54,1,0.0,0.005100649963518192,0.9800635583096783,0.014835791726803329
contiguous,legacy,M0,10,128,19,0,0.1484375,109,0,25,1,0.0,0.005100649963518192,0.9851633617157669,0.009735988320714685
contiguous,legacy,M0,11,83,13,0,0.1566265060240964,70,0,22,0,0.0,0.005100649963518192,0.9892688989594418,0.005630451077039818
contiguous,legacy,M0,12,48,8,0,0.16666666666666666,40,0,12,0,0.0,0.005100649963518192,0.9916149202415417,0.003284429794939894
contiguous,legacy,M0,13,28,6,0,0.21428571428571427,22,0,5,0,0.0,0.005100649963518192,0.9929052319466967,0.0019941180897849356
contiguous,legacy,M0,14,17,3,0,0.17647058823529413,14,0,6,0,0.0,0.005100649963518192,0.9939609415236417,0.0009384085128399696
contiguous,legacy,M0,15,8,3,0,0.375,5,0,2,0,0.0,0.005100649963518192,0.9945474468441667,0.00035190319231498857
contiguous,legacy,M0,16,3,0,0,0.0,3,0,1,0,0.0,0.005100649963518192,0.9946647479082718,0.00023460212820999242
contiguous,legacy,M0,17,2,0,0,0.0,2,0,0,0,0.0,0.005100649963518192,0.9946647479082718,0.00023460212820999242
contiguous,legacy,M0,18,2,0,0,0.0,2,0,0,0,0.0,0.005100649963518192,0.9946647479082718,0.00023460212820999242
contiguous,legacy,M0,19,2,0,0,0.0,2,0,0,0,0.0,0.005100649963518192,0.9946647479082718,0.00023460212820999242
contiguous,legacy,M0,20,2,0,0,0.0,2,0,0,0,0.0,0.005100649963518192,0.9946647479082718,0.00023460212820999242
contiguous,legacy,M0,21,2,0,0,0.0,2,0,0,0,0.0,0.005100649963518192,0.9946647479082718,0.00023460212820999242
contiguous,legacy,M0,22,2,0,0,0.0,2,0,1,0,0.0,0.005100649963518192,0.9947820489723768,0.00011730106410499621
contiguous,legacy,M0,23,1,0,0,0.0,1,0,0,0,0.0,0.005100649963518192,0.9947820489723768,0.00011730106410499621
contiguous,legacy,M0,24,1,0,0,0.0,1,0,0,0,0.0,0.005100649963518192,0.9947820489723768,0.00011730106410499621
contiguous,legacy,M0,25,1,1,0,1.0,0,0,0,0,0.0,0.005100649963518192,0.9948993500364818,0.0
contiguous,legacy,M0,26,0,0,0,0.0,0,0,0,0,0.0,0.005100649963518192,0.9948993500364818,0.0
contiguous,legacy,M0,27,0,0,0,0.0,0,0,0,0,0.0,0.005100649963518192,0.9948993500364818,0.0
contiguous,legacy,M0,28,0,0,0,0.0,0,0,0,0,0.0,0.005100649963518192,0.9948993500364818,0.0
contiguous,legacy,M0,29,0,0,0,0.0,0,0,0,0,0.0,0.005100649963518192,0.9948993500364818,0.0
contiguous,legacy,M0,30,0,0,0,0.0,0,0,0,0,0.0,0.005100649963518192,0.9948993500364818,0.0
contiguous,legacy,M0,31,0,0,0,0.0,0,0,0,0,0.0,0.005100649963518192,0.9948993500364818,0.0
contiguous,legacy,M0,32,0,0,0,0.0,0,0,0,0,0.0,0.005100649963518192,0.9948993500364818,0.0
contiguous,legacy,M0,33,0,0,0,0.0,0,0,0,0,0.0,0.005100649963518192,0.9948993500364818,0.0
contiguous,legacy,M0,34,0,0,0,0.0,0,0,0,0,0.0,0.005100649963518192,0.9948993500364818,0.0
contiguous,legacy,M0,35,0,0,0,0.0,0,0,0,0,0.0,0.005100649963518192,0.9948993500364818,0.0
contiguous,legacy,M0,36,0,0,0,0.0,0,0,0,0,0.0,0.005100649963518192,0.9948993500364818,0.0
contiguous,legacy,M0,37,0,0,0,0.0,0,0,0,0,0.0,0.005100649963518192,0.9948993500364818,0.0
contiguous,legacy,M0,38,0,0,0,0.0,0,0,0,0,0.0,0.005100649963518192,0.9948993500364818,0.0
contiguous,legacy,M0,39,0,0,0,0.0,0,0,0,0,0.0,0.005100649963518192,0.9948993500364818,0.0
contiguous,legacy,M0,40,0,0,0,0.0,0,0,0,0,0.0,0.005100649963518192,0.9948993500364818,0.0
contiguous,legacy,M0,41,0,0,0,0.0,0,0,0,0,0.0,0.005100649963518192,0.9948993500364818,0.0
contiguous,legacy,M0,42,0,0,0,0.0,0,0,0,0,0.0,0.005100649963518192,0.9948993500364818,0.0
contiguous,legacy,M0,43,0,0,0,0.0,0,0,0,0,0.0,0.005100649963518192,0.9948993500364818,0.0
contiguous,legacy,M1,1,8848,2137,1,0.24152350813743217,6710,22,454,10,0.003278688524590164,0.002486808170041206,0.29284218582828253,0.7046710060016762
contiguous,legacy,M1,2,6224,1367,4,0.219633676092545,4853,34,665,8,0.007005975685143211,0.006339404866023418,0.5229639282189734,0.4706966669150031
contiguous,legacy,M1,3,4146,783,0,0.18885672937771347,3363,21,607,9,0.006244424620874219,0.008723541384406211,0.6807710596738346,0.31050539894175916
contiguous,legacy,M1,4,2726,459,0,0.16837857666911224,2267,14,491,7,0.0061755624172915745,0.010318213279191475,0.7889809382485489,0.20070084847225958
contiguous,legacy,M1,5,1755,296,0,0.16866096866096866,1459,8,360,2,0.0054832076764907475,0.011233088941743085,0.8640007425777809,0.12476616848047589
contiguous,legacy,M1,6,1089,152,1,0.13957759412304868,936,7,225,3,0.007478632478632479,0.012035932155409903,0.9072209789272415,0.08074308891734847
contiguous,legacy,M1,7,701,107,0,0.15263908701854492,594,4,131,0,0.006734006734006734,0.012496663047948268,0.9346344670332742,0.052868869918777386
contiguous,legacy,M1,8,459,57,0,0.12418300653594772,402,3,91,1,0.007462686567164179,0.012842211217352042,0.9516815100571937,0.035476278725454106
contiguous,legacy,M1,9,307,33,0,0.10749185667752444,274,0,64,0,0.0,0.012842211217352042,0.9628906274395033,0.024267161343144505
contiguous,legacy,M1,10,210,33,0,0.15714285714285714,177,1,35,0,0.005649717514124294,0.012957769128509872,0.9707485653982357,0.016293665473254167
contiguous,legacy,M1,11,141,20,1,0.14184397163120568,120,0,25,0,0.0,0.012957769128509872,0.9759727459651627,0.011069484906327226
contiguous,legacy,M1,12,95,10,0,0.10526315789473684,85,0,20,1,0.0,0.012957769128509872,0.9794683727776872,0.007573858093802838
contiguous,legacy,M1,13,64,10,0,0.15625,54,0,11,0,0.0,0.012957769128509872,0.9819535449647162,0.005088685906773782
contiguous,legacy,M1,14,43,8,0,0.18604651162790697,35,0,7,0,0.0,0.012957769128509872,0.9837286679554512,0.003313562916038742
contiguous,legacy,M1,15,28,5,0,0.17857142857142858,23,0,5,0,0.0,0.012957769128509872,0.9849120832826078,0.0021301475888820484
contiguous,legacy,M1,16,18,1,0,0.05555555555555555,17,0,5,0,0.0,0.012957769128509872,0.9856221324789017,0.001420098392588032
contiguous,legacy,M1,17,12,1,0,0.08333333333333333,11,0,4,0,0.0,0.012957769128509872,0.98621384014248,0.0008283907290096853
contiguous,legacy,M1,18,7,1,0,0.14285714285714285,6,0,3,0,0.0,0.012957769128509872,0.9866872062733426,0.000355024598147008
contiguous,legacy,M1,19,3,0,0,0.0,3,0,0,0,0.0,0.012957769128509872,0.9866872062733426,0.000355024598147008
contiguous,legacy,M1,20,3,0,0,0.0,3,0,0,0,0.0,0.012957769128509872,0.9866872062733426,0.000355024598147008
contiguous,legacy,M1,21,3,0,0,0.0,3,0,0,0,0.0,0.012957769128509872,0.9866872062733426,0.000355024598147008
contiguous,legacy,M1,22,3,0,0,0.0,3,0,0,0,0.0,0.012957769128509872,0.9866872062733426,0.000355024598147008
contiguous,legacy,M1,23,3,0,0,0.0,3,0,0,0,0.0,0.012957769128509872,0.9866872062733426,0.000355024598147008
contiguous,legacy,M1,24,3,0,0,0.0,3,0,0,0,0.0,0.012957769128509872,0.9866872062733426,0.000355024598147008
contiguous,legacy,M1,25,3,0,0,0.0,3,0,1,0,0.0,0.012957769128509872,0.9868055478060582,0.0002366830654313387
contiguous,legacy,M1,26,2,0,0,0.0,2,0,0,0,0.0,0.012957769128509872,0.9868055478060582,0.0002366830654313387
contiguous,legacy,M1,27,2,0,0,0.0,2,0,0,0,0.0,0.012957769128509872,0.9868055478060582,0.0002366830654313387
contiguous,legacy,M1,28,2,0,0,0.0,2,0,0,0,0.0,0.012957769128509872,0.9868055478060582,0.0002366830654313387
contiguous,legacy,M1,29,2,0,0,0.0,2,0,0,0,0.0,0.012957769128509872,0.9868055478060582,0.0002366830654313387
contiguous,legacy,M1,30,2,0,0,0.0,2,0,0,0,0.0,0.012957769128509872,0.9868055478060582,0.0002366830654313387
contiguous,legacy,M1,31,2,0,0,0.0,2,0,0,0,0.0,0.012957769128509872,0.9868055478060582,0.0002366830654313387
contiguous,legacy,M1,32,2,0,0,0.0,2,0,0,0,0.0,0.012957769128509872,0.9868055478060582,0.0002366830654313387
contiguous,legacy,M1,33,2,0,0,0.0,2,0,0,0,0.0,0.012957769128509872,0.9868055478060582,0.0002366830654313387
contiguous,legacy,M1,34,2,0,0,0.0,2,0,0,0,0.0,0.012957769128509872,0.9868055478060582,0.0002366830654313387
contiguous,legacy,M1,35,2,0,0,0.0,2,0,0,0,0.0,0.012957769128509872,0.9868055478060582,0.0002366830654313387
contiguous,legacy,M1,36,2,0,0,0.0,2,0,0,0,0.0,0.012957769128509872,0.9868055478060582,0.0002366830654313387
contiguous,legacy,M1,37,2,0,0,0.0,2,0,0,0,0.0,0.012957769128509872,0.9868055478060582,0.0002366830654313387
contiguous,legacy,M1,38,2,0,0,0.0,2,0,0,1,0.0,0.012957769128509872,0.9868055478060582,0.0002366830654313387
contiguous,legacy,M1,39,1,0,0,0.0,1,0,0,0,0.0,0.012957769128509872,0.9868055478060582,0.0002366830654313387
contiguous,legacy,M1,40,1,0,0,0.0,1,0,0,0,0.0,0.012957769128509872,0.9868055478060582,0.0002366830654313387
contiguous,legacy,M1,41,1,0,0,0.0,1,0,0,0,0.0,0.012957769128509872,0.9868055478060582,0.0002366830654313387
contiguous,legacy,M1,42,1,0,0,0.0,1,0,0,0,0.0,0.012957769128509872,0.9868055478060582,0.0002366830654313387
contiguous,legacy,M1,43,1,0,0,0.0,1,0,1,0,0.0,0.012957769128509872,0.9870422308714896,0.0
