tag,sample_id,stable_prompt_id,blocks_after_capture,novel_triples_after_capture,new_gold_triples_after_capture,new_gold_pairs_after_capture,gold_pairs_covered_at_capture,gold_pairs_total
qwen3-4b-keep4-s123,qwen3-4b-keep4-s123:1:0,1,24,0,0,0,3,88
qwen3-4b-keep4-s123,qwen3-4b-keep4-s123:1:1,1,11,0,0,0,14,88
qwen3-4b-keep4-s123,qwen3-4b-keep4-s123:1:2,1,14,0,0,0,4,88
qwen3-4b-keep4-s123,qwen3-4b-keep4-s123:1:3,1,472,0,0,0,18,88
qwen3-4b-keep4-s123,qwen3-4b-keep4-s123:1:4,1,302,0,0,0,10,88
qwen3-4b-keep4-s123,qwen3-4b-keep4-s123:1:5,1,359,0,0,0,19,88
qwen3-4b-keep4-s123,qwen3-4b-keep4-s123:1:6,1,417,0,0,0,3,88
qwen3-4b-keep4-s123,qwen3-4b-keep4-s123:2:0,2,294,0,0,0,12,93
qwen3-4b-keep4-s123,qwen3-4b-keep4-s123:2:1,2,308,0,0,0,13,93
qwen3-4b-keep4-s123,qwen3-4b-keep4-s123:2:2,2,125,0,0,0,5,93
qwen3-4b-keep4-s123,qwen3-4b-keep4-s123:2:3,2,370,0,0,0,3,93
qwen3-4b-keep4-s123,qwen3-4b-keep4-s123:2:4,2,6,0,0,0,15,93
qwen3-4b-keep4-s123,qwen3-4b-keep4-s123:2:5,2,285,0,0,0,17,93
qwen3-4b-keep4-s123,qwen3-4b-keep4-s123:2:6,2,230,0,0,0,19,93
qwen3-4b-keep4-s123,qwen3-4b-keep4-s123:2:7,2,284,0,0,0,10,93
qwen3-4b-keep4-s123,qwen3-4b-keep4-s123:4:0,4,354,0,0,0,4,46
qwen3-4b-keep4-s123,qwen3-4b-keep4-s123:4:1,4,427,0,0,0,9,46
qwen3-4b-keep4-s123,qwen3-4b-keep4-s123:4:2,4,502,0,0,0,7,46
qwen3-4b-keep4-s123,qwen3-4b-keep4-s123:4:3,4,469,0,0,0,3,46
qwen3-4b-keep4-s123,qwen3-4b-keep4-s123:4:4,4,386,0,0,0,7,46
qwen3-4b-keep4-s123,qwen3-4b-keep4-s123:4:5,4,486,0,0,0,4,46
qwen3-4b-keep4-s123,qwen3-4b-keep4-s123:4:6,4,487,0,0,0,9,46
qwen3-4b-keep4-s123,qwen3-4b-keep4-s123:4:7,4,379,0,0,0,5,46
qwen3-4b-keep4-s123,qwen3-4b-keep4-s123:5:0,5,22,0,0,0,46,94
qwen3-4b-keep4-s123,qwen3-4b-keep4-s123:5:1,5,239,0,0,0,44,94
qwen3-4b-keep4-s123,qwen3-4b-keep4-s123:5:2,5,482,0,0,0,17,94
qwen3-4b-keep4-s123,qwen3-4b-keep4-s123:5:3,5,370,0,0,0,24,94
qwen3-4b-keep4-s123,qwen3-4b-keep4-s123:5:4,5,0,0,0,0,37,94
qwen3-4b-keep4-s123,qwen3-4b-keep4-s123:5:5,5,322,0,0,0,40,94
qwen3-4b-keep4-s123,qwen3-4b-keep4-s123:5:6,5,322,0,0,0,8,94
qwen3-4b-keep4-s123,qwen3-4b-keep4-s123:5:7,5,364,0,0,0,33,94
qwen3-4b-keep4-s123,qwen3-4b-keep4-s123:6:1,6,436,0,0,0,8,27
qwen3-4b-keep4-s123,qwen3-4b-keep4-s123:6:3,6,376,0,0,0,12,27
qwen3-4b-keep4-s123,qwen3-4b-keep4-s123:8:2,8,390,0,0,0,2,16
qwen3-4b-keep4-s123,qwen3-4b-keep4-s123:8:5,8,370,0,0,0,3,16
qwen3-4b-keep4-s123,qwen3-4b-keep4-s123:8:6,8,433,0,0,0,3,16
qwen3-4b-keep4-s123,qwen3-4b-keep4-s123:9:0,9,5,0,0,0,11,54
qwen3-4b-keep4-s123,qwen3-4b-keep4-s123:9:2,9,11,0,0,0,10,54
qwen3-4b-keep4-s123,qwen3-4b-keep4-s123:9:4,9,25,0,0,0,17,54
qwen3-4b-keep4-s123,qwen3-4b-keep4-s123:9:5,9,0,0,0,0,11,54
qwen3-4b-keep4-s123,qwen3-4b-keep4-s123:12:0,12,369,0,0,0,39,57
qwen3-4b-keep4-s123,qwen3-4b-keep4-s123:12:1,12,457,0,0,0,35,57
qwen3-4b-keep4-s123,qwen3-4b-keep4-s123:12:2,12,429,0,0,0,42,57
qwen3-4b-keep4-s123,qwen3-4b-keep4-s123:13:2,13,415,0,0,0,10,30
qwen3-4b-keep4-s123,qwen3-4b-keep4-s123:14:1,14,392,0,0,0,13,81
qwen3-4b-keep4-s123,qwen3-4b-keep4-s123:14:2,14,418,0,0,0,9,81
qwen3-4b-keep4-s123,qwen3-4b-keep4-s123:14:3,14,365,0,0,0,12,81
qwen3-4b-keep4-s123,qwen3-4b-keep4-s123:14:4,14,462,0,0,0,10,81
qwen3-4b-keep4-s123,qwen3-4b-keep4-s123:14:5,14,388,0,0,0,8,81
qwen3-4b-keep4-s123,qwen3-4b-keep4-s123:14:6,14,390,10,0,2,12,81
qwen3-4b-keep4-s123,qwen3-4b-keep4-s123:14:7,14,0,0,0,0,14,81
qwen3-4b-keep4-s123,qwen3-4b-keep4-s123:16:0,16,275,0,0,0,13,78
qwen3-4b-keep4-s123,qwen3-4b-keep4-s123:16:1,16,238,0,0,0,7,78
qwen3-4b-keep4-s123,qwen3-4b-keep4-s123:16:2,16,307,0,0,0,7,78
qwen3-4b-keep4-s123,qwen3-4b-keep4-s123:16:3,16,223,0,0,0,9,78
qwen3-4b-keep4-s123,qwen3-4b-keep4-s123:16:4,16,345,0,0,0,12,78
qwen3-4b-keep4-s123,qwen3-4b-keep4-s123:16:5,16,404,0,0,0,19,78
qwen3-4b-keep4-s123,qwen3-4b-keep4-s123:16:7,16,175,0,0,0,6,78
qwen3-4b-keep4-s123,qwen3-4b-keep4-s123:17:0,17,44,0,0,0,9,70
qwen3-4b-keep4-s123,qwen3-4b-keep4-s123:17:2,17,8,0,0,0,17,70
qwen3-4b-keep4-s123,qwen3-4b-keep4-s123:17:4,17,14,0,0,0,10,70
qwen3-4b-keep4-s123,qwen3-4b-keep4-s123:17:6,17,479,0,0,0,25,70
qwen3-4b-keep4-s123,qwen3-4b-keep4-s123:19:0,19,4,0,0,0,16,51
qwen3-4b-keep4-s123,qwen3-4b-keep4-s123:19:6,19,21,0,0,0,20,51
qwen3-4b-keep4-s123,qwen3-4b-keep4-s123:20:1,20,41,0,0,0,21,90
qwen3-4b-keep4-s123,qwen3-4b-keep4-s123:20:2,20,564,0,0,0,9,90
qwen3-4b-keep4-s123,qwen3-4b-keep4-s123:20:3,20,549,0,0,0,11,90
qwen3-4b-keep4-s123,qwen3-4b-keep4-s123:20:4,20,445,0,0,0,3,90
qwen3-4b-keep4-s123,qwen3-4b-keep4-s123:20:5,20,416,0,0,0,13,90
qwen3-4b-keep4-s123,qwen3-4b-keep4-s123:20:6,20,451,0,0,0,16,90
qwen3-4b-keep4-s123,qwen3-4b-keep4-s123:20:7,20,374,0,0,0,19,90
qwen3-4b-keep4-s123,qwen3-4b-keep4-s123:21:0,21,0,0,0,0,17,71
qwen3-4b-keep4-s123,qwen3-4b-keep4-s123:21:1,21,233,0,0,0,20,71
qwen3-4b-keep4-s123,qwen3-4b-keep4-s123:21:2,21,365,0,0,0,17,71
qwen3-4b-keep4-s123,qwen3-4b-keep4-s123:21:5,21,293,0,0,0,21,71
qwen3-4b-keep4-s123,qwen3-4b-keep4-s123:21:7,21,46,0,0,0,17,71
qwen3-4b-keep4-s123,qwen3-4b-keep4-s123:22:0,22,405,0,0,0,11,60
qwen3-4b-keep4-s123,qwen3-4b-keep4-s123:22:1,22,557,0,0,0,8,60
qwen3-4b-keep4-s123,qwen3-4b-keep4-s123:22:2,22,630,0,0,0,19,60
qwen3-4b-keep4-s123,qwen3-4b-keep4-s123:22:3,22,39,0,0,0,7,60
qwen3-4b-keep4-s123,qwen3-4b-keep4-s123:22:5,22,1,0,0,0,10,60
qwen3-4b-keep4-s123,qwen3-4b-keep4-s123:23:1,23,91,0,0,0,17,74
qwen3-4b-keep4-s123,qwen3-4b-keep4-s123:23:2,23,382,0,0,0,10,74
qwen3-4b-keep4-s123,qwen3-4b-keep4-s123:23:3,23,531,0,0,0,8,74
qwen3-4b-keep4-s123,qwen3-4b-keep4-s123:23:4,23,478,0,0,0,5,74
qwen3-4b-keep4-s123,qwen3-4b-keep4-s123:23:5,23,469,0,0,0,10,74
qwen3-4b-keep4-s123,qwen3-4b-keep4-s123:23:6,23,330,0,0,0,8,74
qwen3-4b-keep4-s123,qwen3-4b-keep4-s123:23:7,23,330,0,0,0,13,74
qwen3-4b-keep4-s123,qwen3-4b-keep4-s123:25:0,25,471,0,0,0,17,61
qwen3-4b-keep4-s123,qwen3-4b-keep4-s123:25:1,25,387,67,1,3,11,61
qwen3-4b-keep4-s123,qwen3-4b-keep4-s123:25:2,25,334,0,0,0,16,61
qwen3-4b-keep4-s123,qwen3-4b-keep4-s123:25:3,25,470,0,0,0,11,61
qwen3-4b-keep4-s123,qwen3-4b-keep4-s123:25:4,25,487,0,0,0,12,61
qwen3-4b-keep4-s123,qwen3-4b-keep4-s123:25:7,25,9,0,0,0,14,61
qwen3-4b-keep4-s123,qwen3-4b-keep4-s123:26:4,26,193,0,0,0,21,60
qwen3-4b-keep4-s123,qwen3-4b-keep4-s123:26:7,26,119,0,0,0,25,60
qwen3-4b-keep4-s123,qwen3-4b-keep4-s123:28:0,28,471,0,0,0,24,59
qwen3-4b-keep4-s123,qwen3-4b-keep4-s123:28:1,28,499,0,0,0,14,59
qwen3-4b-keep4-s123,qwen3-4b-keep4-s123:28:3,28,426,0,0,0,26,59
qwen3-4b-keep4-s123,qwen3-4b-keep4-s123:28:6,28,3,0,0,0,30,59
qwen3-4b-keep4-s123,qwen3-4b-keep4-s123:29:5,29,332,0,0,0,25,120
qwen3-4b-keep4-s123,qwen3-4b-keep4-s123:31:0,31,344,0,0,0,11,86
qwen3-4b-keep4-s123,qwen3-4b-keep4-s123:31:1,31,0,0,0,0,8,86
qwen3-4b-keep4-s123,qwen3-4b-keep4-s123:31:3,31,466,0,0,0,4,86
qwen3-4b-keep4-s123,qwen3-4b-keep4-s123:31:4,31,441,0,0,0,4,86
qwen3-4b-keep4-s123,qwen3-4b-keep4-s123:31:5,31,368,0,0,0,15,86
qwen3-4b-keep4-s123,qwen3-4b-keep4-s123:31:6,31,397,0,0,0,10,86
qwen3-4b-keep4-s123,qwen3-4b-keep4-s123:31:7,31,405,0,0,0,5,86
qwen3-4b-keep4-s123,qwen3-4b-keep4-s123:32:1,32,499,0,0,0,1,44
qwen3-4b-keep4-s123,qwen3-4b-keep4-s123:32:6,32,5,0,0,0,7,44
qwen3-4b-keep4-s123,qwen3-4b-keep4-s123:32:7,32,463,0,0,0,15,44
qwen3-4b-keep4-s123,qwen3-4b-keep4-s123:33:0,33,10,0,0,0,25,100
qwen3-4b-keep4-s123,qwen3-4b-keep4-s123:33:1,33,19,0,0,0,28,100
qwen3-4b-keep4-s123,qwen3-4b-keep4-s123:33:2,33,74,0,0,0,8,100
qwen3-4b-keep4-s123,qwen3-4b-keep4-s123:33:4,33,0,0,0,0,13,100
qwen3-4b-keep4-s123,qwen3-4b-keep4-s123:35:0,35,212,0,0,0,18,59
qwen3-4b-keep4-s123,qwen3-4b-keep4-s123:35:1,35,229,0,0,0,10,59
qwen3-4b-keep4-s123,qwen3-4b-keep4-s123:35:2,35,313,0,0,0,13,59
qwen3-4b-keep4-s123,qwen3-4b-keep4-s123:35:3,35,338,0,0,0,11,59
qwen3-4b-keep4-s123,qwen3-4b-keep4-s123:35:4,35,0,0,0,0,6,59
qwen3-4b-keep4-s123,qwen3-4b-keep4-s123:35:5,35,287,0,0,0,19,59
qwen3-4b-keep4-s123,qwen3-4b-keep4-s123:35:6,35,453,0,0,0,13,59
qwen3-4b-keep4-s123,qwen3-4b-keep4-s123:35:7,35,382,0,0,0,18,59
qwen3-4b-keep4-s123,qwen3-4b-keep4-s123:38:3,38,15,0,0,0,36,62
qwen3-4b-keep4-s123,qwen3-4b-keep4-s123:40:0,40,387,0,0,0,2,32
qwen3-4b-keep4-s123,qwen3-4b-keep4-s123:40:1,40,240,0,0,0,5,32
qwen3-4b-keep4-s123,qwen3-4b-keep4-s123:40:2,40,322,0,0,0,3,32
qwen3-4b-keep4-s123,qwen3-4b-keep4-s123:40:3,40,255,0,0,0,5,32
qwen3-4b-keep4-s123,qwen3-4b-keep4-s123:40:4,40,245,0,0,0,8,32
qwen3-4b-keep4-s123,qwen3-4b-keep4-s123:40:5,40,247,18,0,1,10,32
qwen3-4b-keep4-s123,qwen3-4b-keep4-s123:40:6,40,360,123,2,2,7,32
qwen3-4b-keep4-s123,qwen3-4b-keep4-s123:42:0,42,438,0,0,0,10,56
qwen3-4b-keep4-s123,qwen3-4b-keep4-s123:42:1,42,21,0,0,0,7,56
qwen3-4b-keep4-s123,qwen3-4b-keep4-s123:42:2,42,345,0,0,0,12,56
qwen3-4b-keep4-s123,qwen3-4b-keep4-s123:42:3,42,28,0,0,0,15,56
qwen3-4b-keep4-s123,qwen3-4b-keep4-s123:42:4,42,459,0,0,0,15,56
qwen3-4b-keep4-s123,qwen3-4b-keep4-s123:42:5,42,316,0,0,0,8,56
qwen3-4b-keep4-s123,qwen3-4b-keep4-s123:42:6,42,399,0,0,0,10,56
qwen3-4b-keep4-s123,qwen3-4b-keep4-s123:42:7,42,394,0,0,0,12,56
qwen3-4b-keep4-s123,qwen3-4b-keep4-s123:45:1,45,37,0,0,0,9,77
qwen3-4b-keep4-s123,qwen3-4b-keep4-s123:45:6,45,9,0,0,0,17,77
qwen3-4b-keep4-s123,qwen3-4b-keep4-s123:45:7,45,366,0,0,0,8,77
qwen3-4b-keep4-s123,qwen3-4b-keep4-s123:48:0,48,384,0,0,0,7,80
qwen3-4b-keep4-s123,qwen3-4b-keep4-s123:48:1,48,379,0,0,0,9,80
qwen3-4b-keep4-s123,qwen3-4b-keep4-s123:48:2,48,444,0,0,0,8,80
qwen3-4b-keep4-s123,qwen3-4b-keep4-s123:48:3,48,308,0,0,0,6,80
qwen3-4b-keep4-s123,qwen3-4b-keep4-s123:48:4,48,338,0,0,0,6,80
qwen3-4b-keep4-s123,qwen3-4b-keep4-s123:48:5,48,413,0,0,0,9,80
qwen3-4b-keep4-s123,qwen3-4b-keep4-s123:48:6,48,436,0,0,0,5,80
qwen3-4b-keep4-s123,qwen3-4b-keep4-s123:48:7,48,472,0,0,0,6,80
qwen3-4b-keep4-s123,qwen3-4b-keep4-s123:49:2,49,225,0,0,0,19,51
qwen3-4b-keep4-s123,qwen3-4b-keep4-s123:50:1,50,2,0,0,0,28,70
qwen3-4b-keep4-s123,qwen3-4b-keep4-s123:50:3,50,13,0,0,0,23,70
qwen3-4b-keep4-s123,qwen3-4b-keep4-s123:50:6,50,6,0,0,0,25,70
qwen3-4b-keep4-s123,qwen3-4b-keep4-s123:51:2,51,101,0,0,0,52,120
qwen3-4b-keep4-s123,qwen3-4b-keep4-s123:51:3,51,374,0,0,0,39,120
qwen3-4b-keep4-s123,qwen3-4b-keep4-s123:51:4,51,288,0,0,0,19,120
qwen3-4b-keep4-s123,qwen3-4b-keep4-s123:52:1,52,369,0,0,0,10,26
qwen3-4b-keep4-s123,qwen3-4b-keep4-s123:52:3,52,1,0,0,0,16,26
qwen3-4b-keep4-s123,qwen3-4b-keep4-s123:52:6,52,212,0,0,0,8,26
qwen3-4b-keep4-s123,qwen3-4b-keep4-s123:53:7,53,6,0,0,0,46,86
qwen3-4b-keep4-s123,qwen3-4b-keep4-s123:54:0,54,592,0,0,0,4,16
qwen3-4b-keep4-s123,qwen3-4b-keep4-s123:54:2,54,464,0,0,0,3,16
qwen3-4b-keep4-s123,qwen3-4b-keep4-s123:54:3,54,446,0,0,0,3,16
qwen3-4b-keep4-s123,qwen3-4b-keep4-s123:54:5,54,1,0,0,0,3,16
qwen3-4b-keep4-s123,qwen3-4b-keep4-s123:55:0,55,435,0,0,0,12,44
qwen3-4b-keep4-s123,qwen3-4b-keep4-s123:55:1,55,453,0,0,0,10,44
qwen3-4b-keep4-s123,qwen3-4b-keep4-s123:55:2,55,484,0,0,0,10,44
qwen3-4b-keep4-s123,qwen3-4b-keep4-s123:55:3,55,18,0,0,0,12,44
qwen3-4b-keep4-s123,qwen3-4b-keep4-s123:55:4,55,454,0,0,0,6,44
qwen3-4b-keep4-s123,qwen3-4b-keep4-s123:55:7,55,544,0,0,0,6,44
qwen3-4b-keep4-s123,qwen3-4b-keep4-s123:56:4,56,4,0,0,0,20,52
qwen3-4b-keep4-s123,qwen3-4b-keep4-s123:58:6,58,365,0,0,0,13,49
qwen3-4b-keep4-s123,qwen3-4b-keep4-s123:59:2,59,282,0,0,0,50,70
qwen3-4b-keep4-s123,qwen3-4b-keep4-s123:59:4,59,0,0,0,0,36,70
qwen3-4b-keep4-s123,qwen3-4b-keep4-s123:60:0,60,28,0,0,0,20,95
qwen3-4b-keep4-s123,qwen3-4b-keep4-s123:60:1,60,408,0,0,0,15,95
qwen3-4b-keep4-s123,qwen3-4b-keep4-s123:60:2,60,5,0,0,0,17,95
qwen3-4b-keep4-s123,qwen3-4b-keep4-s123:60:3,60,425,0,0,0,11,95
qwen3-4b-keep4-s123,qwen3-4b-keep4-s123:60:4,60,376,0,0,0,17,95
qwen3-4b-keep4-s123,qwen3-4b-keep4-s123:60:5,60,483,0,0,0,16,95
qwen3-4b-keep4-s123,qwen3-4b-keep4-s123:60:6,60,420,0,0,0,13,95
qwen3-4b-keep4-s123,qwen3-4b-keep4-s123:60:7,60,10,0,0,0,11,95
qwen3-4b-keep4-s123,qwen3-4b-keep4-s123:61:3,61,19,0,0,0,38,78
qwen3-4b-keep4-s123,qwen3-4b-keep4-s123:61:7,61,257,22,0,0,49,78
qwen3-4b-keep4-s123,qwen3-4b-keep4-s123:62:0,62,318,0,0,0,18,88
qwen3-4b-keep4-s123,qwen3-4b-keep4-s123:63:2,63,0,0,0,0,13,45
qwen3-4b-keep4-s123,qwen3-4b-keep4-s123:63:5,63,370,0,0,0,9,45
qwen3-4b-keep4-s123,qwen3-4b-keep4-s123:64:0,64,348,0,0,0,8,56
qwen3-4b-keep4-s123,qwen3-4b-keep4-s123:64:1,64,434,0,0,0,4,56
qwen3-4b-keep4-s123,qwen3-4b-keep4-s123:64:2,64,388,0,0,0,6,56
qwen3-4b-keep4-s123,qwen3-4b-keep4-s123:64:3,64,339,0,0,0,4,56
qwen3-4b-keep4-s123,qwen3-4b-keep4-s123:64:4,64,373,0,0,0,9,56
qwen3-4b-keep4-s123,qwen3-4b-keep4-s123:64:5,64,263,0,0,0,7,56
qwen3-4b-keep4-s123,qwen3-4b-keep4-s123:64:6,64,388,0,0,0,5,56
qwen3-4b-keep4-s123,qwen3-4b-keep4-s123:64:7,64,333,0,0,0,5,56
qwen3-4b-keep4-s123,qwen3-4b-keep4-s123:65:1,65,246,0,0,0,18,59
qwen3-4b-keep4-s123,qwen3-4b-keep4-s123:65:6,65,424,0,0,0,14,59
qwen3-4b-keep4-s123,qwen3-4b-keep4-s123:66:2,66,448,0,0,0,30,65
qwen3-4b-keep4-s123,qwen3-4b-keep4-s123:66:7,66,28,0,0,0,25,65
qwen3-4b-keep4-s123,qwen3-4b-keep4-s123:67:0,67,515,0,0,0,2,78
qwen3-4b-keep4-s123,qwen3-4b-keep4-s123:67:1,67,443,0,0,0,3,78
qwen3-4b-keep4-s123,qwen3-4b-keep4-s123:67:2,67,551,0,0,0,2,78
qwen3-4b-keep4-s123,qwen3-4b-keep4-s123:67:3,67,552,0,0,0,3,78
qwen3-4b-keep4-s123,qwen3-4b-keep4-s123:67:4,67,320,0,0,0,4,78
qwen3-4b-keep4-s123,qwen3-4b-keep4-s123:67:5,67,427,1,0,0,3,78
qwen3-4b-keep4-s123,qwen3-4b-keep4-s123:67:6,67,373,0,0,0,16,78
qwen3-4b-keep4-s123,qwen3-4b-keep4-s123:67:7,67,29,4,0,0,1,78
qwen3-4b-keep4-s123,qwen3-4b-keep4-s123:68:0,68,42,0,0,0,29,82
qwen3-4b-keep4-s123,qwen3-4b-keep4-s123:68:1,68,467,0,0,0,33,82
qwen3-4b-keep4-s123,qwen3-4b-keep4-s123:68:2,68,0,0,0,0,29,82
qwen3-4b-keep4-s123,qwen3-4b-keep4-s123:68:3,68,446,0,0,0,28,82
qwen3-4b-keep4-s123,qwen3-4b-keep4-s123:68:7,68,412,0,0,0,21,82
qwen3-4b-keep4-s123,qwen3-4b-keep4-s123:69:0,69,351,0,0,0,18,62
qwen3-4b-keep4-s123,qwen3-4b-keep4-s123:69:1,69,375,0,0,0,13,62
qwen3-4b-keep4-s123,qwen3-4b-keep4-s123:69:3,69,419,0,0,0,22,62
qwen3-4b-keep4-s123,qwen3-4b-keep4-s123:69:4,69,465,0,0,0,18,62
qwen3-4b-keep4-s123,qwen3-4b-keep4-s123:69:5,69,56,19,0,2,25,62
qwen3-4b-keep4-s123,qwen3-4b-keep4-s123:69:6,69,428,0,0,0,22,62
qwen3-4b-keep4-s123,qwen3-4b-keep4-s123:69:7,69,385,0,0,0,20,62
qwen3-4b-keep4-s123,qwen3-4b-keep4-s123:70:0,70,353,0,0,0,17,115
qwen3-4b-keep4-s123,qwen3-4b-keep4-s123:70:1,70,349,0,0,0,17,115
qwen3-4b-keep4-s123,qwen3-4b-keep4-s123:70:2,70,383,0,0,0,7,115
qwen3-4b-keep4-s123,qwen3-4b-keep4-s123:70:3,70,324,0,0,0,15,115
qwen3-4b-keep4-s123,qwen3-4b-keep4-s123:70:4,70,357,0,0,0,18,115
qwen3-4b-keep4-s123,qwen3-4b-keep4-s123:70:5,70,336,59,2,6,26,115
qwen3-4b-keep4-s123,qwen3-4b-keep4-s123:70:6,70,24,0,0,0,14,115
qwen3-4b-keep4-s123,qwen3-4b-keep4-s123:70:7,70,0,0,0,0,17,115
qwen3-4b-keep4-s123,qwen3-4b-keep4-s123:72:7,72,0,0,0,0,37,74
qwen3-4b-keep4-s123,qwen3-4b-keep4-s123:74:0,74,12,0,0,0,10,45
qwen3-4b-keep4-s123,qwen3-4b-keep4-s123:74:2,74,1,0,0,0,7,45
qwen3-4b-keep4-s123,qwen3-4b-keep4-s123:74:4,74,237,0,0,0,7,45
qwen3-4b-keep4-s123,qwen3-4b-keep4-s123:74:5,74,404,0,0,0,7,45
qwen3-4b-keep4-s123,qwen3-4b-keep4-s123:74:6,74,199,0,0,0,7,45
qwen3-4b-keep4-s123,qwen3-4b-keep4-s123:74:7,74,241,0,0,0,7,45
qwen3-4b-keep4-s123,qwen3-4b-keep4-s123:75:0,75,400,0,0,0,13,59
qwen3-4b-keep4-s123,qwen3-4b-keep4-s123:75:2,75,444,0,0,0,13,59
qwen3-4b-keep4-s123,qwen3-4b-keep4-s123:75:3,75,412,0,0,0,20,59
qwen3-4b-keep4-s123,qwen3-4b-keep4-s123:75:4,75,398,0,0,0,7,59
qwen3-4b-keep4-s123,qwen3-4b-keep4-s123:75:7,75,379,0,0,0,8,59
qwen3-4b-keep4-s123,qwen3-4b-keep4-s123:76:0,76,319,0,0,0,3,39
qwen3-4b-keep4-s123,qwen3-4b-keep4-s123:76:1,76,187,0,0,0,0,39
qwen3-4b-keep4-s123,qwen3-4b-keep4-s123:76:2,76,254,0,0,0,0,39
qwen3-4b-keep4-s123,qwen3-4b-keep4-s123:76:3,76,238,0,0,0,2,39
qwen3-4b-keep4-s123,qwen3-4b-keep4-s123:76:4,76,362,0,0,0,5,39
qwen3-4b-keep4-s123,qwen3-4b-keep4-s123:76:5,76,3,0,0,0,3,39
qwen3-4b-keep4-s123,qwen3-4b-keep4-s123:77:0,77,271,0,0,0,10,55
qwen3-4b-keep4-s123,qwen3-4b-keep4-s123:77:2,77,338,0,0,0,1,55
qwen3-4b-keep4-s123,qwen3-4b-keep4-s123:77:3,77,0,0,0,0,15,55
qwen3-4b-keep4-s123,qwen3-4b-keep4-s123:77:4,77,4,0,0,0,15,55
qwen3-4b-keep4-s123,qwen3-4b-keep4-s123:77:5,77,159,0,0,0,7,55
qwen3-4b-keep4-s123,qwen3-4b-keep4-s123:77:6,77,298,0,0,0,12,55
qwen3-4b-keep4-s123,qwen3-4b-keep4-s123:77:7,77,259,0,0,0,5,55
qwen3-4b-keep4-s123,qwen3-4b-keep4-s123:80:5,80,8,0,0,0,8,24
qwen3-4b-keep4-s123,qwen3-4b-keep4-s123:81:0,81,364,0,0,0,26,110
qwen3-4b-keep4-s123,qwen3-4b-keep4-s123:81:1,81,6,0,0,0,25,110
qwen3-4b-keep4-s123,qwen3-4b-keep4-s123:81:2,81,461,0,0,0,32,110
qwen3-4b-keep4-s123,qwen3-4b-keep4-s123:81:5,81,411,0,0,0,13,110
qwen3-4b-keep4-s123,qwen3-4b-keep4-s123:81:6,81,337,0,0,0,38,110
qwen3-4b-keep4-s123,qwen3-4b-keep4-s123:81:7,81,386,0,0,0,13,110
qwen3-4b-keep4-s123,qwen3-4b-keep4-s123:82:0,82,414,0,0,0,24,56
qwen3-4b-keep4-s123,qwen3-4b-keep4-s123:82:4,82,368,0,0,0,13,56
qwen3-4b-keep4-s123,qwen3-4b-keep4-s123:82:5,82,420,0,0,0,20,56
qwen3-4b-keep4-s123,qwen3-4b-keep4-s123:82:7,82,0,0,0,0,11,56
qwen3-4b-keep4-s123,qwen3-4b-keep4-s123:83:4,83,341,0,0,0,7,91
qwen3-4b-keep4-s123,qwen3-4b-keep4-s123:83:5,83,32,0,0,0,12,91
qwen3-4b-keep4-s123,qwen3-4b-keep4-s123:83:6,83,333,0,0,0,4,91
qwen3-4b-keep4-s123,qwen3-4b-keep4-s123:85:0,85,373,0,0,0,13,61
qwen3-4b-keep4-s123,qwen3-4b-keep4-s123:85:1,85,5,0,0,0,6,61
qwen3-4b-keep4-s123,qwen3-4b-keep4-s123:85:2,85,392,0,0,0,11,61
qwen3-4b-keep4-s123,qwen3-4b-keep4-s123:85:3,85,222,0,0,0,7,61
qwen3-4b-keep4-s123,qwen3-4b-keep4-s123:85:4,85,297,0,0,0,8,61
qwen3-4b-keep4-s123,qwen3-4b-keep4-s123:85:5,85,361,0,0,0,7,61
qwen3-4b-keep4-s123,qwen3-4b-keep4-s123:85:6,85,380,0,0,0,5,61
qwen3-4b-keep4-s123,qwen3-4b-keep4-s123:86:0,86,540,0,0,0,18,45
qwen3-4b-keep4-s123,qwen3-4b-keep4-s123:86:1,86,365,0,0,0,17,45
qwen3-4b-keep4-s123,qwen3-4b-keep4-s123:86:5,86,2,0,0,0,15,45
qwen3-4b-keep4-s123,qwen3-4b-keep4-s123:86:7,86,0,0,0,0,19,45
qwen3-4b-keep4-s123,qwen3-4b-keep4-s123:87:0,87,512,0,0,0,7,43
qwen3-4b-keep4-s123,qwen3-4b-keep4-s123:87:1,87,288,0,0,0,7,43
qwen3-4b-keep4-s123,qwen3-4b-keep4-s123:87:2,87,319,0,0,0,7,43
qwen3-4b-keep4-s123,qwen3-4b-keep4-s123:87:3,87,398,0,0,0,7,43
qwen3-4b-keep4-s123,qwen3-4b-keep4-s123:87:5,87,445,0,0,0,7,43
qwen3-4b-keep4-s123,qwen3-4b-keep4-s123:87:6,87,351,0,0,0,10,43
qwen3-4b-keep4-s123,qwen3-4b-keep4-s123:87:7,87,400,0,0,0,7,43
qwen3-4b-keep4-s123,qwen3-4b-keep4-s123:88:1,88,9,0,0,0,16,42
qwen3-4b-keep4-s123,qwen3-4b-keep4-s123:88:4,88,375,0,0,0,8,42
qwen3-4b-keep4-s123,qwen3-4b-keep4-s123:89:1,89,2,0,0,0,32,74
qwen3-4b-keep4-s123,qwen3-4b-keep4-s123:89:2,89,436,0,0,0,28,74
qwen3-4b-keep4-s123,qwen3-4b-keep4-s123:89:3,89,366,0,0,0,20,74
qwen3-4b-keep4-s123,qwen3-4b-keep4-s123:89:6,89,0,0,0,0,38,74
qwen3-4b-keep4-s123,qwen3-4b-keep4-s123:89:7,89,6,0,0,0,31,74
qwen3-4b-keep4-s123,qwen3-4b-keep4-s123:90:5,90,41,0,0,0,18,43
qwen3-4b-keep4-s123,qwen3-4b-keep4-s123:91:2,91,359,0,0,0,22,70
qwen3-4b-keep4-s123,qwen3-4b-keep4-s123:91:5,91,10,0,0,0,30,70
qwen3-4b-keep4-s123,qwen3-4b-keep4-s123:91:6,91,1,0,0,0,22,70
qwen3-4b-keep4-s123,qwen3-4b-keep4-s123:91:7,91,499,0,0,0,12,70
qwen3-4b-keep4-s123,qwen3-4b-keep4-s123:93:1,93,17,0,0,0,17,47
qwen3-4b-keep4-s123,qwen3-4b-keep4-s123:93:2,93,489,0,0,0,9,47
qwen3-4b-keep4-s123,qwen3-4b-keep4-s123:93:5,93,414,0,0,0,12,47
qwen3-4b-keep4-s123,qwen3-4b-keep4-s123:93:6,93,53,0,0,0,18,47
qwen3-4b-keep4-s123,qwen3-4b-keep4-s123:94:4,94,17,0,0,0,8,55
qwen3-4b-keep4-s123,qwen3-4b-keep4-s123:94:5,94,248,0,0,0,10,55
qwen3-4b-keep4-s123,qwen3-4b-keep4-s123:94:7,94,285,0,0,0,13,55
qwen3-4b-keep4-s123,qwen3-4b-keep4-s123:95:4,95,496,0,0,0,9,51
qwen3-4b-keep4-s123,qwen3-4b-keep4-s123:95:7,95,450,0,0,0,14,51
qwen3-4b-keep4-s123,qwen3-4b-keep4-s123:96:0,96,429,0,0,0,21,40
qwen3-4b-keep4-s123,qwen3-4b-keep4-s123:96:3,96,533,0,0,0,19,40
qwen3-4b-keep4-s123,qwen3-4b-keep4-s123:96:5,96,293,0,0,0,21,40
qwen3-4b-keep4-s123,qwen3-4b-keep4-s123:97:3,97,433,0,0,0,5,33
qwen3-4b-keep4-s123,qwen3-4b-keep4-s123:99:3,99,1,0,0,0,4,14
qwen3-4b-keep4-s123,qwen3-4b-keep4-s123:100:1,100,487,0,0,0,15,62
qwen3-4b-keep4-s123,qwen3-4b-keep4-s123:100:3,100,28,15,0,2,20,62
qwen3-4b-keep4-s123,qwen3-4b-keep4-s123:102:7,102,10,0,0,0,31,68
qwen3-4b-keep4-s123,qwen3-4b-keep4-s123:103:0,103,423,0,0,0,21,47
qwen3-4b-keep4-s123,qwen3-4b-keep4-s123:103:1,103,433,0,0,0,21,47
qwen3-4b-keep4-s123,qwen3-4b-keep4-s123:103:3,103,29,0,0,0,23,47
qwen3-4b-keep4-s123,qwen3-4b-keep4-s123:103:4,103,328,0,0,0,22,47
qwen3-4b-keep4-s123,qwen3-4b-keep4-s123:103:5,103,367,0,0,0,32,47
qwen3-4b-keep4-s123,qwen3-4b-keep4-s123:103:7,103,128,0,0,0,23,47
qwen3-4b-keep4-s123,qwen3-4b-keep4-s123:104:1,104,1,0,0,0,14,55
qwen3-4b-keep4-s123,qwen3-4b-keep4-s123:104:4,104,379,0,0,0,8,55
qwen3-4b-keep4-s123,qwen3-4b-keep4-s123:105:7,105,17,0,0,0,15,37
qwen3-4b-keep4-s123,qwen3-4b-keep4-s123:106:4,106,380,0,0,0,17,31
qwen3-4b-keep4-s123,qwen3-4b-keep4-s123:106:5,106,6,0,0,0,10,31
qwen3-4b-keep4-s123,qwen3-4b-keep4-s123:108:5,108,1,0,0,0,30,89
qwen3-4b-keep4-s123,qwen3-4b-keep4-s123:108:7,108,2,0,0,0,29,89
qwen3-4b-keep4-s123,qwen3-4b-keep4-s123:111:0,111,2,0,0,0,9,28
qwen3-4b-keep4-s123,qwen3-4b-keep4-s123:111:3,111,542,0,0,0,5,28
qwen3-4b-keep4-s123,qwen3-4b-keep4-s123:111:4,111,29,18,2,3,12,28
qwen3-4b-keep4-s123,qwen3-4b-keep4-s123:111:5,111,9,0,0,0,11,28
qwen3-4b-keep4-s123,qwen3-4b-keep4-s123:111:6,111,472,0,0,0,5,28
qwen3-4b-keep4-s123,qwen3-4b-keep4-s123:111:7,111,440,0,0,0,12,28
qwen3-4b-keep4-s123,qwen3-4b-keep4-s123:112:1,112,318,0,0,0,21,36
qwen3-4b-keep4-s123,qwen3-4b-keep4-s123:112:2,112,334,0,0,0,23,36
qwen3-4b-keep4-s123,qwen3-4b-keep4-s123:112:3,112,422,0,0,0,15,36
qwen3-4b-keep4-s123,qwen3-4b-keep4-s123:112:5,112,300,0,0,0,12,36
qwen3-4b-keep4-s123,qwen3-4b-keep4-s123:112:7,112,0,0,0,0,20,36
qwen3-4b-keep4-s123,qwen3-4b-keep4-s123:113:0,113,432,0,0,0,4,9
qwen3-4b-keep4-s123,qwen3-4b-keep4-s123:113:1,113,427,0,0,0,2,9
qwen3-4b-keep4-s123,qwen3-4b-keep4-s123:113:4,113,130,0,0,0,4,9
qwen3-4b-keep4-s123,qwen3-4b-keep4-s123:113:5,113,421,0,0,0,0,9
qwen3-4b-keep4-s123,qwen3-4b-keep4-s123:113:6,113,430,0,0,0,1,9
qwen3-4b-keep4-s123,qwen3-4b-keep4-s123:113:7,113,330,0,0,0,3,9
qwen3-4b-keep4-s123,qwen3-4b-keep4-s123:116:0,116,1,0,0,0,6,32
qwen3-4b-keep4-s123,qwen3-4b-keep4-s123:116:7,116,11,0,0,0,10,32
qwen3-4b-keep4-s123,qwen3-4b-keep4-s123:117:0,117,12,0,0,0,8,41
qwen3-4b-keep4-s123,qwen3-4b-keep4-s123:117:1,117,388,0,0,0,8,41
qwen3-4b-keep4-s123,qwen3-4b-keep4-s123:117:2,117,319,0,0,0,9,41
qwen3-4b-keep4-s123,qwen3-4b-keep4-s123:117:3,117,374,0,0,0,3,41
qwen3-4b-keep4-s123,qwen3-4b-keep4-s123:117:4,117,307,0,0,0,4,41
qwen3-4b-keep4-s123,qwen3-4b-keep4-s123:117:5,117,25,0,0,0,5,41
qwen3-4b-keep4-s123,qwen3-4b-keep4-s123:117:7,117,428,0,0,0,7,41
qwen3-4b-keep4-s123,qwen3-4b-keep4-s123:118:0,118,404,0,0,0,23,60
qwen3-4b-keep4-s123,qwen3-4b-keep4-s123:118:1,118,417,0,0,0,17,60
qwen3-4b-keep4-s123,qwen3-4b-keep4-s123:118:2,118,448,3,0,0,22,60
qwen3-4b-keep4-s123,qwen3-4b-keep4-s123:118:3,118,67,35,1,3,22,60
qwen3-4b-keep4-s123,qwen3-4b-keep4-s123:118:5,118,385,0,0,0,23,60
qwen3-4b-keep4-s123,qwen3-4b-keep4-s123:118:6,118,511,19,2,5,18,60
qwen3-4b-keep4-s123,qwen3-4b-keep4-s123:118:7,118,479,0,0,0,16,60
qwen3-4b-keep4-s123,qwen3-4b-keep4-s123:119:1,119,345,0,0,0,18,86
qwen3-4b-keep4-s123,qwen3-4b-keep4-s123:119:3,119,462,0,0,0,13,86
qwen3-4b-keep4-s123,qwen3-4b-keep4-s123:119:4,119,0,0,0,0,13,86
qwen3-4b-keep4-s123,qwen3-4b-keep4-s123:119:5,119,502,0,0,0,10,86
qwen3-4b-keep4-s123,qwen3-4b-keep4-s123:119:6,119,29,0,0,0,18,86
qwen3-4b-keep4-s123,qwen3-4b-keep4-s123:119:7,119,462,0,0,0,6,86
qwen3-4b-keep4-s123,qwen3-4b-keep4-s123:120:6,120,15,0,0,0,13,38
qwen3-4b-keep4-s123,qwen3-4b-keep4-s123:121:4,121,265,0,0,0,33,65
qwen3-4b-keep4-s123,qwen3-4b-keep4-s123:122:1,122,28,0,0,0,46,84
qwen3-4b-keep4-s123,qwen3-4b-keep4-s123:122:5,122,329,0,0,0,40,84
qwen3-4b-keep4-s123,qwen3-4b-keep4-s123:122:6,122,399,0,0,0,35,84
qwen3-4b-keep4-s123,qwen3-4b-keep4-s123:123:1,123,181,0,0,0,19,112
qwen3-4b-keep4-s123,qwen3-4b-keep4-s123:123:2,123,262,0,0,0,29,112
qwen3-4b-keep4-s123,qwen3-4b-keep4-s123:123:3,123,422,0,0,0,18,112
qwen3-4b-keep4-s123,qwen3-4b-keep4-s123:123:7,123,380,0,0,0,40,112
qwen3-4b-keep4-s123,qwen3-4b-keep4-s123:124:1,124,547,0,0,0,14,26
qwen3-4b-keep4-s123,qwen3-4b-keep4-s123:124:4,124,522,0,0,0,7,26
qwen3-4b-keep4-s123,qwen3-4b-keep4-s123:125:5,125,27,0,0,0,21,32
qwen3-4b-keep4-s123,qwen3-4b-keep4-s123:126:5,126,18,0,0,0,25,65
qwen3-4b-keep4-s123,qwen3-4b-keep4-s123:127:1,127,400,0,0,0,49,93
qwen3-4b-keep4-s123,qwen3-4b-keep4-s123:127:2,127,82,53,7,14,65,93
qwen3-4b-keep4-s123,qwen3-4b-keep4-s123:127:3,127,36,15,3,7,54,93
qwen3-4b-keep4-s123,qwen3-4b-keep4-s123:127:6,127,1,0,0,0,53,93
qwen3-4b-keep4-s123,qwen3-4b-keep4-s123:128:1,128,0,0,0,0,17,50
qwen3-4b-keep4-s123,qwen3-4b-keep4-s123:130:2,130,26,0,0,0,43,125
qwen3-4b-keep4-s123,qwen3-4b-keep4-s123:130:7,130,327,0,0,0,56,125
qwen3-4b-keep4-s123,qwen3-4b-keep4-s123:132:0,132,459,0,0,0,6,53
qwen3-4b-keep4-s123,qwen3-4b-keep4-s123:132:1,132,408,0,0,0,10,53
qwen3-4b-keep4-s123,qwen3-4b-keep4-s123:132:2,132,442,0,0,0,3,53
qwen3-4b-keep4-s123,qwen3-4b-keep4-s123:132:3,132,436,26,1,1,4,53
qwen3-4b-keep4-s123,qwen3-4b-keep4-s123:132:4,132,413,0,0,0,11,53
qwen3-4b-keep4-s123,qwen3-4b-keep4-s123:132:5,132,460,0,0,0,12,53
qwen3-4b-keep4-s123,qwen3-4b-keep4-s123:132:6,132,399,0,0,0,23,53
qwen3-4b-keep4-s123,qwen3-4b-keep4-s123:132:7,132,435,0,0,0,8,53
qwen3-4b-keep4-s123,qwen3-4b-keep4-s123:133:2,133,522,0,0,0,7,23
qwen3-4b-keep4-s123,qwen3-4b-keep4-s123:133:6,133,5,0,0,0,7,23
qwen3-4b-keep4-s123,qwen3-4b-keep4-s123:134:0,134,368,0,0,0,18,64
qwen3-4b-keep4-s123,qwen3-4b-keep4-s123:134:1,134,279,0,0,0,16,64
qwen3-4b-keep4-s123,qwen3-4b-keep4-s123:134:2,134,183,0,0,0,20,64
qwen3-4b-keep4-s123,qwen3-4b-keep4-s123:134:3,134,247,0,0,0,24,64
qwen3-4b-keep4-s123,qwen3-4b-keep4-s123:134:4,134,305,0,0,0,3,64
qwen3-4b-keep4-s123,qwen3-4b-keep4-s123:134:5,134,244,0,0,0,6,64
qwen3-4b-keep4-s123,qwen3-4b-keep4-s123:134:6,134,286,0,0,0,19,64
qwen3-4b-keep4-s123,qwen3-4b-keep4-s123:134:7,134,302,0,0,0,22,64
qwen3-4b-keep4-s123,qwen3-4b-keep4-s123:135:6,135,0,0,0,0,26,38
qwen3-4b-keep4-s123,qwen3-4b-keep4-s123:136:7,136,0,0,0,0,27,77
qwen3-4b-keep4-s123,qwen3-4b-keep4-s123:138:0,138,326,0,0,0,16,83
qwen3-4b-keep4-s123,qwen3-4b-keep4-s123:138:1,138,332,0,0,0,13,83
qwen3-4b-keep4-s123,qwen3-4b-keep4-s123:138:2,138,372,0,0,0,12,83
qwen3-4b-keep4-s123,qwen3-4b-keep4-s123:138:3,138,384,0,0,0,14,83
qwen3-4b-keep4-s123,qwen3-4b-keep4-s123:138:4,138,372,0,0,0,8,83
qwen3-4b-keep4-s123,qwen3-4b-keep4-s123:138:5,138,382,0,0,0,11,83
qwen3-4b-keep4-s123,qwen3-4b-keep4-s123:138:6,138,342,0,0,0,22,83
qwen3-4b-keep4-s123,qwen3-4b-keep4-s123:138:7,138,412,37,0,1,16,83
qwen3-4b-keep4-s123,qwen3-4b-keep4-s123:139:4,139,2,0,0,0,6,20
qwen3-4b-keep4-s123,qwen3-4b-keep4-s123:140:1,140,223,0,0,0,4,22
qwen3-4b-keep4-s123,qwen3-4b-keep4-s123:140:2,140,3,0,0,0,8,22
qwen3-4b-keep4-s123,qwen3-4b-keep4-s123:141:0,141,26,0,0,0,30,43
qwen3-4b-keep4-s123,qwen3-4b-keep4-s123:141:2,141,87,23,0,2,32,43
qwen3-4b-keep4-s123,qwen3-4b-keep4-s123:141:4,141,158,0,0,0,25,43
qwen3-4b-keep4-s123,qwen3-4b-keep4-s123:141:6,141,37,0,0,0,29,43
qwen3-4b-keep4-s123,qwen3-4b-keep4-s123:141:7,141,34,0,0,0,34,43
qwen3-4b-keep4-s123,qwen3-4b-keep4-s123:144:2,144,319,0,0,0,22,41
qwen3-4b-keep4-s123,qwen3-4b-keep4-s123:144:3,144,54,0,0,0,29,41
qwen3-4b-keep4-s123,qwen3-4b-keep4-s123:144:7,144,365,0,0,0,19,41
qwen3-4b-keep4-s123,qwen3-4b-keep4-s123:146:0,146,621,0,0,0,12,72
qwen3-4b-keep4-s123,qwen3-4b-keep4-s123:146:1,146,467,0,0,0,19,72
qwen3-4b-keep4-s123,qwen3-4b-keep4-s123:146:2,146,80,59,1,4,22,72
qwen3-4b-keep4-s123,qwen3-4b-keep4-s123:146:6,146,493,0,0,0,15,72
qwen3-4b-keep4-s123,qwen3-4b-keep4-s123:147:0,147,477,0,0,0,16,47
qwen3-4b-keep4-s123,qwen3-4b-keep4-s123:147:1,147,457,0,0,0,28,47
qwen3-4b-keep4-s123,qwen3-4b-keep4-s123:147:2,147,407,0,0,0,22,47
qwen3-4b-keep4-s123,qwen3-4b-keep4-s123:147:3,147,436,0,0,0,23,47
qwen3-4b-keep4-s123,qwen3-4b-keep4-s123:147:4,147,417,0,0,0,26,47
qwen3-4b-keep4-s123,qwen3-4b-keep4-s123:147:5,147,442,0,0,0,24,47
qwen3-4b-keep4-s123,qwen3-4b-keep4-s123:147:6,147,455,0,0,0,31,47
qwen3-4b-keep4-s123,qwen3-4b-keep4-s123:147:7,147,451,0,0,0,29,47
qwen3-4b-keep4-s123,qwen3-4b-keep4-s123:148:0,148,2,0,0,0,18,51
qwen3-4b-keep4-s123,qwen3-4b-keep4-s123:148:4,148,3,0,0,0,14,51
qwen3-4b-keep4-s123,qwen3-4b-keep4-s123:148:7,148,0,0,0,0,19,51
qwen3-4b-keep4-s123,qwen3-4b-keep4-s123:151:4,151,461,0,0,0,20,35
qwen3-4b-keep4-s123,qwen3-4b-keep4-s123:152:4,152,15,0,0,0,8,11
qwen3-4b-keep4-s123,qwen3-4b-keep4-s123:153:0,153,6,0,0,0,13,98
qwen3-4b-keep4-s123,qwen3-4b-keep4-s123:153:1,153,44,0,0,0,11,98
qwen3-4b-keep4-s123,qwen3-4b-keep4-s123:153:2,153,30,0,0,0,12,98
qwen3-4b-keep4-s123,qwen3-4b-keep4-s123:153:3,153,480,0,0,0,3,98
qwen3-4b-keep4-s123,qwen3-4b-keep4-s123:153:5,153,9,0,0,0,11,98
qwen3-4b-keep4-s123,qwen3-4b-keep4-s123:153:6,153,22,0,0,0,13,98
qwen3-4b-keep4-s123,qwen3-4b-keep4-s123:153:7,153,523,0,0,0,16,98
qwen3-4b-keep4-s123,qwen3-4b-keep4-s123:154:0,154,370,0,0,0,6,77
qwen3-4b-keep4-s123,qwen3-4b-keep4-s123:154:1,154,553,0,0,0,13,77
qwen3-4b-keep4-s123,qwen3-4b-keep4-s123:154:2,154,402,0,0,0,7,77
qwen3-4b-keep4-s123,qwen3-4b-keep4-s123:154:3,154,522,0,0,0,15,77
qwen3-4b-keep4-s123,qwen3-4b-keep4-s123:154:4,154,15,0,0,0,20,77
qwen3-4b-keep4-s123,qwen3-4b-keep4-s123:154:5,154,444,0,0,0,19,77
qwen3-4b-keep4-s123,qwen3-4b-keep4-s123:154:6,154,524,0,0,0,4,77
qwen3-4b-keep4-s123,qwen3-4b-keep4-s123:154:7,154,461,0,0,0,8,77
qwen3-4b-keep4-s123,qwen3-4b-keep4-s123:155:6,155,1,0,0,0,25,73
qwen3-4b-keep4-s123,qwen3-4b-keep4-s123:156:2,156,460,0,0,0,7,50
qwen3-4b-keep4-s123,qwen3-4b-keep4-s123:156:7,156,370,0,0,0,7,50
qwen3-4b-keep4-s123,qwen3-4b-keep4-s123:157:4,157,400,0,0,0,9,22
qwen3-4b-keep4-s123,qwen3-4b-keep4-s123:157:6,157,463,0,0,0,9,22
qwen3-4b-keep4-s123,qwen3-4b-keep4-s123:158:0,158,433,0,0,0,13,79
qwen3-4b-keep4-s123,qwen3-4b-keep4-s123:158:1,158,428,0,0,0,9,79
qwen3-4b-keep4-s123,qwen3-4b-keep4-s123:158:2,158,398,0,0,0,8,79
qwen3-4b-keep4-s123,qwen3-4b-keep4-s123:158:3,158,42,0,0,0,15,79
qwen3-4b-keep4-s123,qwen3-4b-keep4-s123:158:6,158,462,0,0,0,13,79
qwen3-4b-keep4-s123,qwen3-4b-keep4-s123:158:7,158,26,0,0,0,9,79
qwen3-4b-keep4-s123,qwen3-4b-keep4-s123:160:0,160,319,0,0,0,2,56
qwen3-4b-keep4-s123,qwen3-4b-keep4-s123:160:1,160,380,0,0,0,4,56
qwen3-4b-keep4-s123,qwen3-4b-keep4-s123:160:2,160,9,0,0,0,10,56
qwen3-4b-keep4-s123,qwen3-4b-keep4-s123:160:3,160,32,0,0,0,5,56
qwen3-4b-keep4-s123,qwen3-4b-keep4-s123:160:4,160,402,0,0,0,8,56
qwen3-4b-keep4-s123,qwen3-4b-keep4-s123:160:5,160,397,35,0,4,8,56
qwen3-4b-keep4-s123,qwen3-4b-keep4-s123:160:6,160,468,0,0,0,8,56
qwen3-4b-keep4-s123,qwen3-4b-keep4-s123:160:7,160,387,0,0,0,8,56
qwen3-4b-keep4-s123,qwen3-4b-keep4-s123:161:1,161,377,0,0,0,11,51
qwen3-4b-keep4-s123,qwen3-4b-keep4-s123:161:4,161,84,0,0,0,20,51
qwen3-4b-keep4-s123,qwen3-4b-keep4-s123:161:5,161,474,0,0,0,14,51
qwen3-4b-keep4-s123,qwen3-4b-keep4-s123:162:2,162,423,0,0,0,3,35
qwen3-4b-keep4-s123,qwen3-4b-keep4-s123:162:5,162,9,0,0,0,5,35
qwen3-4b-keep4-s123,qwen3-4b-keep4-s123:162:6,162,29,0,0,0,3,35
qwen3-4b-keep4-s123,qwen3-4b-keep4-s123:163:2,163,344,0,0,0,16,97
qwen3-4b-keep4-s123,qwen3-4b-keep4-s123:163:3,163,37,0,0,0,20,97
qwen3-4b-keep4-s123,qwen3-4b-keep4-s123:163:4,163,415,0,0,0,15,97
qwen3-4b-keep4-s123,qwen3-4b-keep4-s123:163:5,163,334,0,0,0,17,97
qwen3-4b-keep4-s123,qwen3-4b-keep4-s123:163:7,163,36,0,0,0,13,97
qwen3-4b-keep4-s123,qwen3-4b-keep4-s123:165:5,165,380,0,0,0,5,26
qwen3-4b-keep4-s123,qwen3-4b-keep4-s123:167:0,167,409,0,0,0,9,43
qwen3-4b-keep4-s123,qwen3-4b-keep4-s123:167:3,167,0,0,0,0,12,43
qwen3-4b-keep4-s123,qwen3-4b-keep4-s123:167:5,167,450,0,0,0,9,43
qwen3-4b-keep4-s123,qwen3-4b-keep4-s123:168:3,168,3,0,0,0,6,47
qwen3-4b-keep4-s123,qwen3-4b-keep4-s123:169:2,169,4,0,0,0,2,26
qwen3-4b-keep4-s123,qwen3-4b-keep4-s123:170:0,170,39,0,0,0,15,67
qwen3-4b-keep4-s123,qwen3-4b-keep4-s123:170:1,170,78,0,0,0,13,67
qwen3-4b-keep4-s123,qwen3-4b-keep4-s123:171:0,171,456,0,0,0,31,63
qwen3-4b-keep4-s123,qwen3-4b-keep4-s123:171:3,171,1,0,0,0,20,63
qwen3-4b-keep4-s123,qwen3-4b-keep4-s123:172:6,172,0,0,0,0,1,13
qwen3-4b-keep4-s123,qwen3-4b-keep4-s123:173:5,173,10,0,0,0,15,46
qwen3-4b-keep4-s123,qwen3-4b-keep4-s123:175:0,175,1,0,0,0,12,56
qwen3-4b-keep4-s123,qwen3-4b-keep4-s123:175:2,175,471,0,0,0,14,56
qwen3-4b-keep4-s123,qwen3-4b-keep4-s123:175:3,175,52,19,0,3,14,56
qwen3-4b-keep4-s123,qwen3-4b-keep4-s123:175:5,175,509,0,0,0,11,56
qwen3-4b-keep4-s123,qwen3-4b-keep4-s123:177:5,177,16,0,0,0,24,34
qwen3-4b-keep4-s123,qwen3-4b-keep4-s123:178:7,178,21,0,0,0,23,69
qwen3-4b-keep4-s123,qwen3-4b-keep4-s123:179:0,179,4,0,0,0,7,53
qwen3-4b-keep4-s123,qwen3-4b-keep4-s123:179:1,179,366,0,0,0,5,53
qwen3-4b-keep4-s123,qwen3-4b-keep4-s123:179:2,179,385,0,0,0,5,53
qwen3-4b-keep4-s123,qwen3-4b-keep4-s123:179:4,179,382,0,0,0,7,53
qwen3-4b-keep4-s123,qwen3-4b-keep4-s123:179:5,179,390,0,0,0,3,53
qwen3-4b-keep4-s123,qwen3-4b-keep4-s123:179:6,179,381,0,0,0,6,53
qwen3-4b-keep4-s123,qwen3-4b-keep4-s123:179:7,179,348,0,0,0,3,53
qwen3-4b-keep4-s123,qwen3-4b-keep4-s123:180:0,180,2,0,0,0,17,50
qwen3-4b-keep4-s123,qwen3-4b-keep4-s123:181:2,181,7,0,0,0,16,72
qwen3-4b-keep4-s123,qwen3-4b-keep4-s123:181:3,181,398,0,0,0,22,72
qwen3-4b-keep4-s123,qwen3-4b-keep4-s123:181:4,181,7,0,0,0,10,72
qwen3-4b-keep4-s123,qwen3-4b-keep4-s123:181:5,181,390,0,0,0,19,72
qwen3-4b-keep4-s123,qwen3-4b-keep4-s123:182:0,182,10,0,0,0,14,37
qwen3-4b-keep4-s123,qwen3-4b-keep4-s123:182:1,182,358,0,0,0,9,37
qwen3-4b-keep4-s123,qwen3-4b-keep4-s123:182:3,182,34,0,0,0,9,37
qwen3-4b-keep4-s123,qwen3-4b-keep4-s123:182:7,182,3,0,0,0,15,37
qwen3-4b-keep4-s123,qwen3-4b-keep4-s123:183:4,183,523,0,0,0,1,14
qwen3-4b-keep4-s123,qwen3-4b-keep4-s123:185:0,185,346,0,0,0,4,8
qwen3-4b-keep4-s123,qwen3-4b-keep4-s123:185:2,185,232,0,0,0,4,8
qwen3-4b-keep4-s123,qwen3-4b-keep4-s123:185:3,185,0,0,0,0,4,8
qwen3-4b-keep4-s123,qwen3-4b-keep4-s123:185:4,185,502,0,0,0,3,8
qwen3-4b-keep4-s123,qwen3-4b-keep4-s123:185:6,185,36,0,0,0,3,8
qwen3-4b-keep4-s123,qwen3-4b-keep4-s123:185:7,185,580,0,0,0,1,8
qwen3-4b-keep4-s123,qwen3-4b-keep4-s123:186:4,186,519,0,0,0,5,26
qwen3-4b-keep4-s123,qwen3-4b-keep4-s123:188:1,188,449,0,0,0,22,44
qwen3-4b-keep4-s123,qwen3-4b-keep4-s123:188:2,188,32,0,0,0,20,44
qwen3-4b-keep4-s123,qwen3-4b-keep4-s123:190:2,190,3,0,0,0,11,68
qwen3-4b-keep4-s123,qwen3-4b-keep4-s123:190:4,190,4,0,0,0,17,68
qwen3-4b-keep4-s123,qwen3-4b-keep4-s123:190:7,190,383,0,0,0,9,68
qwen3-4b-keep4-s123,qwen3-4b-keep4-s123:191:2,191,372,0,0,0,18,47
qwen3-4b-keep4-s123,qwen3-4b-keep4-s123:193:1,193,425,0,0,0,35,87
qwen3-4b-keep4-s123,qwen3-4b-keep4-s123:193:3,193,409,0,0,0,36,87
qwen3-4b-keep4-s123,qwen3-4b-keep4-s123:193:4,193,501,0,0,0,36,87
qwen3-4b-keep4-s123,qwen3-4b-keep4-s123:193:6,193,383,0,0,0,42,87
qwen3-4b-keep4-s123,qwen3-4b-keep4-s123:196:0,196,354,0,0,0,11,41
qwen3-4b-keep4-s123,qwen3-4b-keep4-s123:196:1,196,254,0,0,0,12,41
qwen3-4b-keep4-s123,qwen3-4b-keep4-s123:196:2,196,381,0,0,0,14,41
qwen3-4b-keep4-s123,qwen3-4b-keep4-s123:196:6,196,279,0,0,0,15,41
qwen3-4b-keep4-s123,qwen3-4b-keep4-s123:196:7,196,506,0,0,0,14,41
qwen3-4b-keep4-s123,qwen3-4b-keep4-s123:197:1,197,175,0,0,0,10,38
qwen3-4b-keep4-s123,qwen3-4b-keep4-s123:198:5,198,5,0,0,0,29,58
qwen3-4b-keep4-s123,qwen3-4b-keep4-s123:200:0,200,208,0,0,0,9,43
qwen3-4b-keep4-s123,qwen3-4b-keep4-s123:200:1,200,354,0,0,0,8,43
qwen3-4b-keep4-s123,qwen3-4b-keep4-s123:200:2,200,311,0,0,0,8,43
qwen3-4b-keep4-s123,qwen3-4b-keep4-s123:200:3,200,350,11,0,0,13,43
qwen3-4b-keep4-s123,qwen3-4b-keep4-s123:200:4,200,38,0,0,0,11,43
qwen3-4b-keep4-s123,qwen3-4b-keep4-s123:200:5,200,304,0,0,0,4,43
qwen3-4b-keep4-s123,qwen3-4b-keep4-s123:200:6,200,336,0,0,0,10,43
qwen3-4b-keep4-s123,qwen3-4b-keep4-s123:200:7,200,328,0,0,0,10,43
qwen3-4b-keep4-s123,qwen3-4b-keep4-s123:201:0,201,440,0,0,0,7,34
qwen3-4b-keep4-s123,qwen3-4b-keep4-s123:201:4,201,421,8,0,2,7,34
qwen3-4b-keep4-s123,qwen3-4b-keep4-s123:201:5,201,549,0,0,0,7,34
qwen3-4b-keep4-s123,qwen3-4b-keep4-s123:201:6,201,545,0,0,0,3,34
qwen3-4b-keep4-s123,qwen3-4b-keep4-s123:202:0,202,328,0,0,0,23,86
qwen3-4b-keep4-s123,qwen3-4b-keep4-s123:202:2,202,3,0,0,0,28,86
qwen3-4b-keep4-s123,qwen3-4b-keep4-s123:202:5,202,0,0,0,0,30,86
qwen3-4b-keep4-s123,qwen3-4b-keep4-s123:204:0,204,428,0,0,0,17,108
qwen3-4b-keep4-s123,qwen3-4b-keep4-s123:204:1,204,354,0,0,0,55,108
qwen3-4b-keep4-s123,qwen3-4b-keep4-s123:204:2,204,333,0,0,0,33,108
qwen3-4b-keep4-s123,qwen3-4b-keep4-s123:204:3,204,25,0,0,0,51,108
qwen3-4b-keep4-s123,qwen3-4b-keep4-s123:204:4,204,433,0,0,0,41,108
qwen3-4b-keep4-s123,qwen3-4b-keep4-s123:204:6,204,41,0,0,0,45,108
qwen3-4b-keep4-s123,qwen3-4b-keep4-s123:204:7,204,459,0,0,0,27,108
qwen3-4b-keep4-s123,qwen3-4b-keep4-s123:205:1,205,44,0,0,0,10,34
qwen3-4b-keep4-s123,qwen3-4b-keep4-s123:207:0,207,491,0,0,0,4,65
qwen3-4b-keep4-s123,qwen3-4b-keep4-s123:207:2,207,423,0,0,0,8,65
qwen3-4b-keep4-s123,qwen3-4b-keep4-s123:207:5,207,361,0,0,0,10,65
qwen3-4b-keep4-s123,qwen3-4b-keep4-s123:207:6,207,9,0,0,0,4,65
qwen3-4b-keep4-s123,qwen3-4b-keep4-s123:207:7,207,17,0,0,0,13,65
qwen3-4b-keep4-s123,qwen3-4b-keep4-s123:208:0,208,48,0,0,0,29,64
qwen3-4b-keep4-s123,qwen3-4b-keep4-s123:208:1,208,30,0,0,0,17,64
qwen3-4b-keep4-s123,qwen3-4b-keep4-s123:208:2,208,379,0,0,0,24,64
qwen3-4b-keep4-s123,qwen3-4b-keep4-s123:208:3,208,3,0,0,0,26,64
qwen3-4b-keep4-s123,qwen3-4b-keep4-s123:208:5,208,426,0,0,0,16,64
qwen3-4b-keep4-s123,qwen3-4b-keep4-s123:208:6,208,19,0,0,0,26,64
qwen3-4b-keep4-s123,qwen3-4b-keep4-s123:208:7,208,306,0,0,0,18,64
qwen3-4b-keep4-s123,qwen3-4b-keep4-s123:210:2,210,404,0,0,0,16,43
qwen3-4b-keep4-s123,qwen3-4b-keep4-s123:211:2,211,495,0,0,0,5,37
qwen3-4b-keep4-s123,qwen3-4b-keep4-s123:212:0,212,378,0,0,0,11,36
qwen3-4b-keep4-s123,qwen3-4b-keep4-s123:212:3,212,5,0,0,0,13,36
qwen3-4b-keep4-s123,qwen3-4b-keep4-s123:212:5,212,0,0,0,0,12,36
qwen3-4b-keep4-s123,qwen3-4b-keep4-s123:214:1,214,8,0,0,0,21,53
qwen3-4b-keep4-s123,qwen3-4b-keep4-s123:215:1,215,262,0,0,0,39,68
qwen3-4b-keep4-s123,qwen3-4b-keep4-s123:215:6,215,369,0,0,0,5,68
qwen3-4b-keep4-s123,qwen3-4b-keep4-s123:216:0,216,45,0,0,0,17,70
qwen3-4b-keep4-s123,qwen3-4b-keep4-s123:216:1,216,371,0,0,0,8,70
qwen3-4b-keep4-s123,qwen3-4b-keep4-s123:216:2,216,331,0,0,0,19,70
qwen3-4b-keep4-s123,qwen3-4b-keep4-s123:216:3,216,318,0,0,0,18,70
qwen3-4b-keep4-s123,qwen3-4b-keep4-s123:216:5,216,227,0,0,0,14,70
qwen3-4b-keep4-s123,qwen3-4b-keep4-s123:216:6,216,14,0,0,0,15,70
qwen3-4b-keep4-s123,qwen3-4b-keep4-s123:216:7,216,6,0,0,0,23,70
qwen3-4b-keep4-s123,qwen3-4b-keep4-s123:218:0,218,466,0,0,0,10,50
qwen3-4b-keep4-s123,qwen3-4b-keep4-s123:218:1,218,11,0,0,0,11,50
qwen3-4b-keep4-s123,qwen3-4b-keep4-s123:218:2,218,429,0,0,0,8,50
qwen3-4b-keep4-s123,qwen3-4b-keep4-s123:218:3,218,397,0,0,0,8,50
qwen3-4b-keep4-s123,qwen3-4b-keep4-s123:218:4,218,57,46,1,4,10,50
qwen3-4b-keep4-s123,qwen3-4b-keep4-s123:218:5,218,453,0,0,0,11,50
qwen3-4b-keep4-s123,qwen3-4b-keep4-s123:218:6,218,371,0,0,0,7,50
qwen3-4b-keep4-s123,qwen3-4b-keep4-s123:219:0,219,75,0,0,0,6,31
qwen3-4b-keep4-s123,qwen3-4b-keep4-s123:219:1,219,539,0,0,0,1,31
qwen3-4b-keep4-s123,qwen3-4b-keep4-s123:219:2,219,375,0,0,0,5,31
qwen3-4b-keep4-s123,qwen3-4b-keep4-s123:219:4,219,376,0,0,0,11,31
qwen3-4b-keep4-s123,qwen3-4b-keep4-s123:219:6,219,231,0,0,0,5,31
qwen3-4b-keep4-s123,qwen3-4b-keep4-s123:221:6,221,400,0,0,0,4,39
qwen3-4b-keep4-s123,qwen3-4b-keep4-s123:223:4,223,501,0,0,0,15,60
qwen3-4b-keep4-s123,qwen3-4b-keep4-s123:226:2,226,0,0,0,0,9,26
qwen3-4b-keep4-s123,qwen3-4b-keep4-s123:226:3,226,4,0,0,0,9,26
qwen3-4b-keep4-s123,qwen3-4b-keep4-s123:226:4,226,2,0,0,0,5,26
qwen3-4b-keep4-s123,qwen3-4b-keep4-s123:226:5,226,0,0,0,0,7,26
qwen3-4b-keep4-s123,qwen3-4b-keep4-s123:226:6,226,17,0,0,0,6,26
qwen3-4b-keep4-s123,qwen3-4b-keep4-s123:226:7,226,0,0,0,0,5,26
qwen3-4b-keep4-s123,qwen3-4b-keep4-s123:227:0,227,426,0,0,0,18,58
qwen3-4b-keep4-s123,qwen3-4b-keep4-s123:227:2,227,397,0,0,0,17,58
qwen3-4b-keep4-s123,qwen3-4b-keep4-s123:227:3,227,27,0,0,0,23,58
qwen3-4b-keep4-s123,qwen3-4b-keep4-s123:227:4,227,365,0,0,0,18,58
qwen3-4b-keep4-s123,qwen3-4b-keep4-s123:228:0,228,12,0,0,0,26,43
qwen3-4b-keep4-s123,qwen3-4b-keep4-s123:228:4,228,26,15,0,0,21,43
qwen3-4b-keep4-s123,qwen3-4b-keep4-s123:229:0,229,34,0,0,0,35,76
qwen3-4b-keep4-s123,qwen3-4b-keep4-s123:229:5,229,222,0,0,0,31,76
qwen3-4b-keep4-s123,qwen3-4b-keep4-s123:229:6,229,1,0,0,0,43,76
qwen3-4b-keep4-s123,qwen3-4b-keep4-s123:230:2,230,1,0,0,0,23,36
qwen3-4b-keep4-s123,qwen3-4b-keep4-s123:230:5,230,298,0,0,0,24,36
qwen3-4b-keep4-s123,qwen3-4b-keep4-s123:231:0,231,321,0,0,0,29,56
qwen3-4b-keep4-s123,qwen3-4b-keep4-s123:231:1,231,372,0,0,0,28,56
qwen3-4b-keep4-s123,qwen3-4b-keep4-s123:231:2,231,419,21,0,6,29,56
qwen3-4b-keep4-s123,qwen3-4b-keep4-s123:231:3,231,408,0,0,0,24,56
qwen3-4b-keep4-s123,qwen3-4b-keep4-s123:231:4,231,62,7,1,1,23,56
qwen3-4b-keep4-s123,qwen3-4b-keep4-s123:231:5,231,391,0,0,0,22,56
qwen3-4b-keep4-s123,qwen3-4b-keep4-s123:231:6,231,420,54,1,7,36,56
qwen3-4b-keep4-s123,qwen3-4b-keep4-s123:231:7,231,3,0,0,0,30,56
qwen3-4b-keep4-s123,qwen3-4b-keep4-s123:232:1,232,6,0,0,0,27,89
qwen3-4b-keep4-s123,qwen3-4b-keep4-s123:232:4,232,335,0,0,0,13,89
qwen3-4b-keep4-s123,qwen3-4b-keep4-s123:233:4,233,22,0,0,0,38,95
qwen3-4b-keep4-s123,qwen3-4b-keep4-s123:233:5,233,35,0,0,0,43,95
qwen3-4b-keep4-s123,qwen3-4b-keep4-s123:233:7,233,508,0,0,0,34,95
qwen3-4b-keep4-s123,qwen3-4b-keep4-s123:234:1,234,329,43,0,0,16,88
qwen3-4b-keep4-s123,qwen3-4b-keep4-s123:234:2,234,0,0,0,0,28,88
qwen3-4b-keep4-s123,qwen3-4b-keep4-s123:234:3,234,338,0,0,0,15,88
qwen3-4b-keep4-s123,qwen3-4b-keep4-s123:234:5,234,391,0,0,0,13,88
qwen3-4b-keep4-s123,qwen3-4b-keep4-s123:234:6,234,394,0,0,0,12,88
qwen3-4b-keep4-s123,qwen3-4b-keep4-s123:234:7,234,2,0,0,0,33,88
qwen3-4b-keep4-s123,qwen3-4b-keep4-s123:236:1,236,33,0,0,0,6,17
qwen3-4b-keep4-s123,qwen3-4b-keep4-s123:236:3,236,454,0,0,0,5,17
qwen3-4b-keep4-s123,qwen3-4b-keep4-s123:236:6,236,298,0,0,0,7,17
qwen3-4b-keep4-s123,qwen3-4b-keep4-s123:237:5,237,9,0,0,0,24,58
qwen3-4b-keep4-s123,qwen3-4b-keep4-s123:238:0,238,316,0,0,0,11,42
qwen3-4b-keep4-s123,qwen3-4b-keep4-s123:238:1,238,390,0,0,0,11,42
qwen3-4b-keep4-s123,qwen3-4b-keep4-s123:238:2,238,318,0,0,0,13,42
qwen3-4b-keep4-s123,qwen3-4b-keep4-s123:238:3,238,280,0,0,0,12,42
qwen3-4b-keep4-s123,qwen3-4b-keep4-s123:238:4,238,264,0,0,0,1,42
qwen3-4b-keep4-s123,qwen3-4b-keep4-s123:238:5,238,329,0,0,0,10,42
qwen3-4b-keep4-s123,qwen3-4b-keep4-s123:238:6,238,431,0,0,0,5,42
qwen3-4b-keep4-s123,qwen3-4b-keep4-s123:238:7,238,366,1,0,1,10,42
qwen3-4b-keep4-s123,qwen3-4b-keep4-s123:239:0,239,486,0,0,0,8,46
qwen3-4b-keep4-s123,qwen3-4b-keep4-s123:239:1,239,18,0,0,0,16,46
qwen3-4b-keep4-s123,qwen3-4b-keep4-s123:239:2,239,391,0,0,0,19,46
qwen3-4b-keep4-s123,qwen3-4b-keep4-s123:239:3,239,427,0,0,0,7,46
qwen3-4b-keep4-s123,qwen3-4b-keep4-s123:239:4,239,450,0,0,0,15,46
qwen3-4b-keep4-s123,qwen3-4b-keep4-s123:239:6,239,498,36,0,1,7,46
qwen3-4b-keep4-s123,qwen3-4b-keep4-s123:239:7,239,312,0,0,0,4,46
qwen3-4b-keep4-s123,qwen3-4b-keep4-s123:243:0,243,400,0,0,0,20,36
qwen3-4b-keep4-s123,qwen3-4b-keep4-s123:243:2,243,549,0,0,0,21,36
qwen3-4b-keep4-s123,qwen3-4b-keep4-s123:244:1,244,80,0,0,0,6,41
qwen3-4b-keep4-s123,qwen3-4b-keep4-s123:244:7,244,522,0,0,0,4,41
qwen3-4b-keep4-s123,qwen3-4b-keep4-s123:245:4,245,0,0,0,0,17,34
qwen3-4b-keep4-s123,qwen3-4b-keep4-s123:245:6,245,432,0,0,0,14,34
qwen3-4b-keep4-s123,qwen3-4b-keep4-s123:246:6,246,10,0,0,0,20,65
qwen3-4b-keep4-s123,qwen3-4b-keep4-s123:250:2,250,313,0,0,0,32,68
qwen3-4b-keep4-s123,qwen3-4b-keep4-s123:252:0,252,561,0,0,0,16,74
qwen3-4b-keep4-s123,qwen3-4b-keep4-s123:252:2,252,333,0,0,0,15,74
qwen3-4b-keep4-s123,qwen3-4b-keep4-s123:252:4,252,27,20,0,3,22,74
qwen3-4b-keep4-s123,qwen3-4b-keep4-s123:252:5,252,371,0,0,0,11,74
qwen3-4b-keep4-s123,qwen3-4b-keep4-s123:252:6,252,476,0,0,0,16,74
qwen3-4b-keep4-s123,qwen3-4b-keep4-s123:252:7,252,19,0,0,0,13,74
qwen3-4b-keep4-s123,qwen3-4b-keep4-s123:253:0,253,373,0,0,0,5,44
qwen3-4b-keep4-s123,qwen3-4b-keep4-s123:253:1,253,322,0,0,0,15,44
qwen3-4b-keep4-s123,qwen3-4b-keep4-s123:253:2,253,348,0,0,0,16,44
qwen3-4b-keep4-s123,qwen3-4b-keep4-s123:253:3,253,322,0,0,0,7,44
qwen3-4b-keep4-s123,qwen3-4b-keep4-s123:253:4,253,304,0,0,0,15,44
qwen3-4b-keep4-s123,qwen3-4b-keep4-s123:253:7,253,318,0,0,0,14,44
qwen3-4b-keep4-s123,qwen3-4b-keep4-s123:255:3,255,401,0,0,0,5,36
qwen3-4b-keep4-s123,qwen3-4b-keep4-s123:255:4,255,485,0,0,0,2,36
qwen3-4b-keep4-s123,qwen3-4b-keep4-s123:255:7,255,15,0,0,0,5,36
qwen3-4b-keep4-s123,qwen3-4b-keep4-s123:257:1,257,0,0,0,0,29,76
qwen3-4b-keep4-s123,qwen3-4b-keep4-s123:257:2,257,350,0,0,0,35,76
qwen3-4b-keep4-s123,qwen3-4b-keep4-s123:258:3,258,363,0,0,0,21,38
qwen3-4b-keep4-s123,qwen3-4b-keep4-s123:258:4,258,411,0,0,0,18,38
qwen3-4b-keep4-s123,qwen3-4b-keep4-s123:259:0,259,449,0,0,0,11,56
qwen3-4b-keep4-s123,qwen3-4b-keep4-s123:259:1,259,505,0,0,0,10,56
qwen3-4b-keep4-s123,qwen3-4b-keep4-s123:259:5,259,450,0,0,0,12,56
qwen3-4b-keep4-s123,qwen3-4b-keep4-s123:259:7,259,22,0,0,0,11,56
qwen3-4b-keep4-s123,qwen3-4b-keep4-s123:261:5,261,318,0,0,0,10,27
qwen3-4b-keep4-s123,qwen3-4b-keep4-s123:263:1,263,483,0,0,0,36,53
qwen3-4b-keep4-s123,qwen3-4b-keep4-s123:263:3,263,5,0,0,0,35,53
qwen3-4b-keep4-s123,qwen3-4b-keep4-s123:264:0,264,286,0,0,0,6,49
qwen3-4b-keep4-s123,qwen3-4b-keep4-s123:264:1,264,273,0,0,0,17,49
qwen3-4b-keep4-s123,qwen3-4b-keep4-s123:264:2,264,28,0,0,0,16,49
qwen3-4b-keep4-s123,qwen3-4b-keep4-s123:264:3,264,357,0,0,0,24,49
qwen3-4b-keep4-s123,qwen3-4b-keep4-s123:264:4,264,261,0,0,0,10,49
qwen3-4b-keep4-s123,qwen3-4b-keep4-s123:264:5,264,0,0,0,0,16,49
qwen3-4b-keep4-s123,qwen3-4b-keep4-s123:264:6,264,19,0,0,0,20,49
qwen3-4b-keep4-s123,qwen3-4b-keep4-s123:264:7,264,422,0,0,0,9,49
qwen3-4b-keep4-s123,qwen3-4b-keep4-s123:268:0,268,420,0,0,0,8,22
qwen3-4b-keep4-s123,qwen3-4b-keep4-s123:268:1,268,565,0,0,0,1,22
qwen3-4b-keep4-s123,qwen3-4b-keep4-s123:268:2,268,588,0,0,0,3,22
qwen3-4b-keep4-s123,qwen3-4b-keep4-s123:268:3,268,550,0,0,0,9,22
qwen3-4b-keep4-s123,qwen3-4b-keep4-s123:268:4,268,466,0,0,0,8,22
qwen3-4b-keep4-s123,qwen3-4b-keep4-s123:268:5,268,495,0,0,0,5,22
qwen3-4b-keep4-s123,qwen3-4b-keep4-s123:268:6,268,593,0,0,0,9,22
qwen3-4b-keep4-s123,qwen3-4b-keep4-s123:272:0,272,9,0,0,0,15,55
qwen3-4b-keep4-s123,qwen3-4b-keep4-s123:272:1,272,0,0,0,0,17,55
qwen3-4b-keep4-s123,qwen3-4b-keep4-s123:272:2,272,21,0,0,0,18,55
qwen3-4b-keep4-s123,qwen3-4b-keep4-s123:272:3,272,0,0,0,0,12,55
qwen3-4b-keep4-s123,qwen3-4b-keep4-s123:272:5,272,442,0,0,0,11,55
qwen3-4b-keep4-s123,qwen3-4b-keep4-s123:272:6,272,387,0,0,0,15,55
qwen3-4b-keep4-s123,qwen3-4b-keep4-s123:272:7,272,396,0,0,0,15,55
qwen3-4b-keep4-s123,qwen3-4b-keep4-s123:273:0,273,365,0,0,0,8,39
qwen3-4b-keep4-s123,qwen3-4b-keep4-s123:273:1,273,0,0,0,0,4,39
qwen3-4b-keep4-s123,qwen3-4b-keep4-s123:273:2,273,401,0,0,0,9,39
qwen3-4b-keep4-s123,qwen3-4b-keep4-s123:273:3,273,347,0,0,0,3,39
qwen3-4b-keep4-s123,qwen3-4b-keep4-s123:273:5,273,24,0,0,0,10,39
qwen3-4b-keep4-s123,qwen3-4b-keep4-s123:273:6,273,48,39,0,1,7,39
qwen3-4b-keep4-s123,qwen3-4b-keep4-s123:274:1,274,21,0,0,0,12,83
qwen3-4b-keep4-s123,qwen3-4b-keep4-s123:274:6,274,56,0,0,0,20,83
qwen3-4b-keep4-s123,qwen3-4b-keep4-s123:275:2,275,251,0,0,0,9,34
qwen3-4b-keep4-s123,qwen3-4b-keep4-s123:275:6,275,318,0,0,0,17,34
qwen3-4b-keep4-s123,qwen3-4b-keep4-s123:277:0,277,361,0,0,0,13,65
qwen3-4b-keep4-s123,qwen3-4b-keep4-s123:277:3,277,213,0,0,0,33,65
qwen3-4b-keep4-s123,qwen3-4b-keep4-s123:277:4,277,295,0,0,0,7,65
qwen3-4b-keep4-s123,qwen3-4b-keep4-s123:277:6,277,3,0,0,0,27,65
qwen3-4b-keep4-s123,qwen3-4b-keep4-s123:279:0,279,462,0,0,0,10,36
qwen3-4b-keep4-s123,qwen3-4b-keep4-s123:279:4,279,451,0,0,0,8,36
qwen3-4b-keep4-s123,qwen3-4b-keep4-s123:279:5,279,486,0,0,0,13,36
qwen3-4b-keep4-s123,qwen3-4b-keep4-s123:281:7,281,400,0,0,0,20,44
qwen3-4b-keep4-s123,qwen3-4b-keep4-s123:283:3,283,387,0,0,0,24,64
qwen3-4b-keep4-s123,qwen3-4b-keep4-s123:283:6,283,469,0,0,0,21,64
qwen3-4b-keep4-s123,qwen3-4b-keep4-s123:284:0,284,2,0,0,0,7,28
qwen3-4b-keep4-s123,qwen3-4b-keep4-s123:286:0,286,0,0,0,0,15,48
qwen3-4b-keep4-s123,qwen3-4b-keep4-s123:286:3,286,536,0,0,0,12,48
qwen3-4b-keep4-s123,qwen3-4b-keep4-s123:286:4,286,5,0,0,0,16,48
qwen3-4b-keep4-s123,qwen3-4b-keep4-s123:286:5,286,460,0,0,0,14,48
qwen3-4b-keep4-s123,qwen3-4b-keep4-s123:287:1,287,2,0,0,0,8,63
qwen3-4b-keep4-s123,qwen3-4b-keep4-s123:287:3,287,527,0,0,0,10,63
qwen3-4b-keep4-s123,qwen3-4b-keep4-s123:287:4,287,78,0,0,0,9,63
qwen3-4b-keep4-s123,qwen3-4b-keep4-s123:287:5,287,384,0,0,0,5,63
qwen3-4b-keep4-s123,qwen3-4b-keep4-s123:288:2,288,538,0,0,0,22,30
qwen3-4b-keep4-s123,qwen3-4b-keep4-s123:288:6,288,442,0,0,0,22,30
qwen3-4b-keep4-s123,qwen3-4b-keep4-s123:288:7,288,397,0,0,0,22,30
qwen3-4b-keep4-s123,qwen3-4b-keep4-s123:289:4,289,112,108,0,4,7,21
qwen3-4b-keep4-s123,qwen3-4b-keep4-s123:291:0,291,24,0,0,0,10,44
qwen3-4b-keep4-s123,qwen3-4b-keep4-s123:291:2,291,228,0,0,0,10,44
qwen3-4b-keep4-s123,qwen3-4b-keep4-s123:291:3,291,280,0,0,0,14,44
qwen3-4b-keep4-s123,qwen3-4b-keep4-s123:291:5,291,262,0,0,0,9,44
qwen3-4b-keep4-s123,qwen3-4b-keep4-s123:291:6,291,379,22,0,6,19,44
qwen3-4b-keep4-s123,qwen3-4b-keep4-s123:294:1,294,344,0,0,0,22,79
qwen3-4b-keep4-s123,qwen3-4b-keep4-s123:294:2,294,51,0,0,0,17,79
qwen3-4b-keep4-s123,qwen3-4b-keep4-s123:294:3,294,33,0,0,0,15,79
qwen3-4b-keep4-s123,qwen3-4b-keep4-s123:294:5,294,447,0,0,0,19,79
qwen3-4b-keep4-s123,qwen3-4b-keep4-s123:294:7,294,441,0,0,0,13,79
qwen3-4b-keep4-s123,qwen3-4b-keep4-s123:296:3,296,452,0,0,0,24,60
qwen3-4b-keep4-s123,qwen3-4b-keep4-s123:297:0,297,2,0,0,0,9,51
qwen3-4b-keep4-s123,qwen3-4b-keep4-s123:297:3,297,438,0,0,0,9,51
qwen3-4b-keep4-s123,qwen3-4b-keep4-s123:298:0,298,280,0,0,0,34,79
qwen3-4b-keep4-s123,qwen3-4b-keep4-s123:298:1,298,268,0,0,0,37,79
qwen3-4b-keep4-s123,qwen3-4b-keep4-s123:298:2,298,209,0,0,0,37,79
qwen3-4b-keep4-s123,qwen3-4b-keep4-s123:298:4,298,275,0,0,0,25,79
qwen3-4b-keep4-s123,qwen3-4b-keep4-s123:298:5,298,283,0,0,0,7,79
qwen3-4b-keep4-s123,qwen3-4b-keep4-s123:298:6,298,300,0,0,0,39,79
qwen3-4b-keep4-s123,qwen3-4b-keep4-s123:298:7,298,197,0,0,0,26,79
qwen3-4b-keep4-s123,qwen3-4b-keep4-s123:300:2,300,583,0,0,0,19,46
qwen3-4b-keep4-s123,qwen3-4b-keep4-s123:300:3,300,337,0,0,0,14,46
qwen3-4b-keep4-s123,qwen3-4b-keep4-s123:300:4,300,441,0,0,0,16,46
qwen3-4b-keep4-s123,qwen3-4b-keep4-s123:300:6,300,6,0,0,0,15,46
qwen3-4b-keep4-s123,qwen3-4b-keep4-s123:302:0,302,0,0,0,0,16,76
qwen3-4b-keep4-s123,qwen3-4b-keep4-s123:302:5,302,397,0,0,0,8,76
qwen3-4b-keep4-s123,qwen3-4b-keep4-s123:302:6,302,280,0,0,0,10,76
qwen3-4b-keep4-s123,qwen3-4b-keep4-s123:302:7,302,461,0,0,0,17,76
qwen3-4b-keep4-s123,qwen3-4b-keep4-s123:303:2,303,426,0,0,0,7,36
qwen3-4b-keep4-s123,qwen3-4b-keep4-s123:303:3,303,0,0,0,0,6,36
qwen3-4b-keep4-s123,qwen3-4b-keep4-s123:303:4,303,9,0,0,0,13,36
qwen3-4b-keep4-s123,qwen3-4b-keep4-s123:303:7,303,498,0,0,0,6,36
qwen3-4b-keep4-s123,qwen3-4b-keep4-s123:306:0,306,0,0,0,0,14,39
qwen3-4b-keep4-s123,qwen3-4b-keep4-s123:306:3,306,0,0,0,0,14,39
qwen3-4b-keep4-s123,qwen3-4b-keep4-s123:306:5,306,2,0,0,0,18,39
qwen3-4b-keep4-s123,qwen3-4b-keep4-s123:306:6,306,408,0,0,0,12,39
qwen3-4b-keep4-s123,qwen3-4b-keep4-s123:307:3,307,0,0,0,0,18,39
qwen3-4b-keep4-s123,qwen3-4b-keep4-s123:307:4,307,316,0,0,0,17,39
qwen3-4b-keep4-s123,qwen3-4b-keep4-s123:309:0,309,405,0,0,0,7,33
qwen3-4b-keep4-s123,qwen3-4b-keep4-s123:309:1,309,474,0,0,0,13,33
qwen3-4b-keep4-s123,qwen3-4b-keep4-s123:309:3,309,412,0,0,0,6,33
qwen3-4b-keep4-s123,qwen3-4b-keep4-s123:309:5,309,40,0,0,0,8,33
qwen3-4b-keep4-s123,qwen3-4b-keep4-s123:310:4,310,400,0,0,0,17,48
qwen3-4b-keep4-s123,qwen3-4b-keep4-s123:310:7,310,497,0,0,0,26,48
qwen3-4b-keep4-s123,qwen3-4b-keep4-s123:311:1,311,9,0,0,0,27,57
qwen3-4b-keep4-s123,qwen3-4b-keep4-s123:311:2,311,431,0,0,0,19,57
qwen3-4b-keep4-s123,qwen3-4b-keep4-s123:311:4,311,31,0,0,0,17,57
qwen3-4b-keep4-s123,qwen3-4b-keep4-s123:311:5,311,334,0,0,0,32,57
qwen3-4b-keep4-s123,qwen3-4b-keep4-s123:311:6,311,40,0,0,0,17,57
qwen3-4b-keep4-s123,qwen3-4b-keep4-s123:312:0,312,6,0,0,0,3,20
qwen3-4b-keep4-s123,qwen3-4b-keep4-s123:317:1,317,480,0,0,0,18,56
qwen3-4b-keep4-s123,qwen3-4b-keep4-s123:317:2,317,472,0,0,0,8,56
qwen3-4b-keep4-s123,qwen3-4b-keep4-s123:317:3,317,54,0,0,0,7,56
qwen3-4b-keep4-s123,qwen3-4b-keep4-s123:317:5,317,4,0,0,0,12,56
qwen3-4b-keep4-s123,qwen3-4b-keep4-s123:317:6,317,22,0,0,0,10,56
qwen3-4b-keep4-s123,qwen3-4b-keep4-s123:317:7,317,36,0,0,0,14,56
qwen3-4b-keep4-s123,qwen3-4b-keep4-s123:319:0,319,14,0,0,0,9,23
qwen3-4b-keep4-s123,qwen3-4b-keep4-s123:320:0,320,421,0,0,0,15,49
qwen3-4b-keep4-s123,qwen3-4b-keep4-s123:320:1,320,12,0,0,0,26,49
qwen3-4b-keep4-s123,qwen3-4b-keep4-s123:320:2,320,5,0,0,0,19,49
qwen3-4b-keep4-s123,qwen3-4b-keep4-s123:320:4,320,203,0,0,0,17,49
qwen3-4b-keep4-s123,qwen3-4b-keep4-s123:320:6,320,418,0,0,0,12,49
qwen3-4b-keep4-s123,qwen3-4b-keep4-s123:321:0,321,507,0,0,0,8,43
qwen3-4b-keep4-s123,qwen3-4b-keep4-s123:321:1,321,3,0,0,0,7,43
qwen3-4b-keep4-s123,qwen3-4b-keep4-s123:321:3,321,0,0,0,0,7,43
qwen3-4b-keep4-s123,qwen3-4b-keep4-s123:321:5,321,337,0,0,0,7,43
qwen3-4b-keep4-s123,qwen3-4b-keep4-s123:321:6,321,415,0,0,0,6,43
qwen3-4b-keep4-s123,qwen3-4b-keep4-s123:321:7,321,6,0,0,0,7,43
qwen3-4b-keep4-s123,qwen3-4b-keep4-s123:323:0,323,0,0,0,0,15,22
qwen3-4b-keep4-s123,qwen3-4b-keep4-s123:323:1,323,6,0,0,0,11,22
qwen3-4b-keep4-s123,qwen3-4b-keep4-s123:323:3,323,202,0,0,0,4,22
qwen3-4b-keep4-s123,qwen3-4b-keep4-s123:323:5,323,44,1,0,0,14,22
qwen3-4b-keep4-s123,qwen3-4b-keep4-s123:323:7,323,215,0,0,0,12,22
qwen3-4b-keep4-s123,qwen3-4b-keep4-s123:324:1,324,438,0,0,0,4,17
qwen3-4b-keep4-s123,qwen3-4b-keep4-s123:324:2,324,465,0,0,0,0,17
qwen3-4b-keep4-s123,qwen3-4b-keep4-s123:324:3,324,18,0,0,0,6,17
qwen3-4b-keep4-s123,qwen3-4b-keep4-s123:324:4,324,498,0,0,0,4,17
qwen3-4b-keep4-s123,qwen3-4b-keep4-s123:324:6,324,21,0,0,0,3,17
qwen3-4b-keep4-s123,qwen3-4b-keep4-s123:325:0,325,372,0,0,0,6,30
qwen3-4b-keep4-s123,qwen3-4b-keep4-s123:325:1,325,524,15,0,2,7,30
qwen3-4b-keep4-s123,qwen3-4b-keep4-s123:325:2,325,436,0,0,0,7,30
qwen3-4b-keep4-s123,qwen3-4b-keep4-s123:325:3,325,494,0,0,0,6,30
qwen3-4b-keep4-s123,qwen3-4b-keep4-s123:325:4,325,430,0,0,0,4,30
qwen3-4b-keep4-s123,qwen3-4b-keep4-s123:325:5,325,548,0,0,0,6,30
qwen3-4b-keep4-s123,qwen3-4b-keep4-s123:325:7,325,407,0,0,0,2,30
qwen3-4b-keep4-s123,qwen3-4b-keep4-s123:328:2,328,451,0,0,0,3,34
qwen3-4b-keep4-s123,qwen3-4b-keep4-s123:328:4,328,312,0,0,0,12,34
qwen3-4b-keep4-s123,qwen3-4b-keep4-s123:328:5,328,407,0,0,0,11,34
qwen3-4b-keep4-s123,qwen3-4b-keep4-s123:328:7,328,407,0,0,0,8,34
qwen3-4b-keep4-s123,qwen3-4b-keep4-s123:329:0,329,507,0,0,0,11,58
qwen3-4b-keep4-s123,qwen3-4b-keep4-s123:329:3,329,53,29,0,8,18,58
qwen3-4b-keep4-s123,qwen3-4b-keep4-s123:329:5,329,348,0,0,0,17,58
qwen3-4b-keep4-s123,qwen3-4b-keep4-s123:330:4,330,4,0,0,0,3,41
qwen3-4b-keep4-s123,qwen3-4b-keep4-s123:330:7,330,396,0,0,0,1,41
qwen3-4b-keep4-s123,qwen3-4b-keep4-s123:331:3,331,8,0,0,0,4,38
qwen3-4b-keep4-s123,qwen3-4b-keep4-s123:332:7,332,2,0,0,0,7,46
qwen3-4b-keep4-s123,qwen3-4b-keep4-s123:333:0,333,3,0,0,0,8,45
qwen3-4b-keep4-s123,qwen3-4b-keep4-s123:333:2,333,1,0,0,0,10,45
qwen3-4b-keep4-s123,qwen3-4b-keep4-s123:333:3,333,487,0,0,0,12,45
qwen3-4b-keep4-s123,qwen3-4b-keep4-s123:334:2,334,398,0,0,0,4,58
qwen3-4b-keep4-s123,qwen3-4b-keep4-s123:334:3,334,403,0,0,0,4,58
qwen3-4b-keep4-s123,qwen3-4b-keep4-s123:334:6,334,405,0,0,0,12,58
qwen3-4b-keep4-s123,qwen3-4b-keep4-s123:338:1,338,272,0,0,0,21,61
qwen3-4b-keep4-s123,qwen3-4b-keep4-s123:338:5,338,208,0,0,0,18,61
qwen3-4b-keep4-s123,qwen3-4b-keep4-s123:341:1,341,485,0,0,0,16,41
qwen3-4b-keep4-s123,qwen3-4b-keep4-s123:341:7,341,0,0,0,0,14,41
qwen3-4b-keep4-s123,qwen3-4b-keep4-s123:342:0,342,4,0,0,0,10,23
qwen3-4b-keep4-s123,qwen3-4b-keep4-s123:343:2,343,466,0,0,0,11,57
qwen3-4b-keep4-s123,qwen3-4b-keep4-s123:343:3,343,458,0,0,0,18,57
qwen3-4b-keep4-s123,qwen3-4b-keep4-s123:343:5,343,34,0,0,0,16,57
qwen3-4b-keep4-s123,qwen3-4b-keep4-s123:343:6,343,536,0,0,0,2,57
qwen3-4b-keep4-s123,qwen3-4b-keep4-s123:343:7,343,0,0,0,0,16,57
qwen3-4b-keep4-s123,qwen3-4b-keep4-s123:344:1,344,15,0,0,0,20,72
qwen3-4b-keep4-s123,qwen3-4b-keep4-s123:344:2,344,221,0,0,0,30,72
qwen3-4b-keep4-s123,qwen3-4b-keep4-s123:344:5,344,21,0,0,0,19,72
qwen3-4b-keep4-s123,qwen3-4b-keep4-s123:344:6,344,0,0,0,0,21,72
qwen3-4b-keep4-s123,qwen3-4b-keep4-s123:345:0,345,472,0,0,0,6,86
qwen3-4b-keep4-s123,qwen3-4b-keep4-s123:345:1,345,372,0,0,0,4,86
qwen3-4b-keep4-s123,qwen3-4b-keep4-s123:345:2,345,353,0,0,0,4,86
qwen3-4b-keep4-s123,qwen3-4b-keep4-s123:345:3,345,452,0,0,0,8,86
qwen3-4b-keep4-s123,qwen3-4b-keep4-s123:345:4,345,6,0,0,0,8,86
qwen3-4b-keep4-s123,qwen3-4b-keep4-s123:345:5,345,296,0,0,0,10,86
qwen3-4b-keep4-s123,qwen3-4b-keep4-s123:345:6,345,431,0,0,0,9,86
qwen3-4b-keep4-s123,qwen3-4b-keep4-s123:347:1,347,18,0,0,0,19,91
qwen3-4b-keep4-s123,qwen3-4b-keep4-s123:347:2,347,414,0,0,0,14,91
qwen3-4b-keep4-s123,qwen3-4b-keep4-s123:347:4,347,509,0,0,0,14,91
qwen3-4b-keep4-s123,qwen3-4b-keep4-s123:347:7,347,24,0,0,0,9,91
qwen3-4b-keep4-s123,qwen3-4b-keep4-s123:348:0,348,4,0,0,0,5,31
qwen3-4b-keep4-s123,qwen3-4b-keep4-s123:348:1,348,502,0,0,0,4,31
qwen3-4b-keep4-s123,qwen3-4b-keep4-s123:348:4,348,463,0,0,0,4,31
qwen3-4b-keep4-s123,qwen3-4b-keep4-s123:348:5,348,478,0,0,0,7,31
qwen3-4b-keep4-s123,qwen3-4b-keep4-s123:348:6,348,27,0,0,0,7,31
qwen3-4b-keep4-s123,qwen3-4b-keep4-s123:348:7,348,517,0,0,0,7,31
qwen3-4b-keep4-s123,qwen3-4b-keep4-s123:352:0,352,598,0,0,0,20,45
qwen3-4b-keep4-s123,qwen3-4b-keep4-s123:353:0,353,263,0,0,0,13,26
qwen3-4b-keep4-s123,qwen3-4b-keep4-s123:353:1,353,389,0,0,0,12,26
qwen3-4b-keep4-s123,qwen3-4b-keep4-s123:353:2,353,370,0,0,0,1,26
qwen3-4b-keep4-s123,qwen3-4b-keep4-s123:353:3,353,363,0,0,0,2,26
qwen3-4b-keep4-s123,qwen3-4b-keep4-s123:353:4,353,330,0,0,0,14,26
qwen3-4b-keep4-s123,qwen3-4b-keep4-s123:353:5,353,283,0,0,0,14,26
qwen3-4b-keep4-s123,qwen3-4b-keep4-s123:353:6,353,340,0,0,0,15,26
qwen3-4b-keep4-s123,qwen3-4b-keep4-s123:353:7,353,269,0,0,0,13,26
qwen3-4b-keep4-s123,qwen3-4b-keep4-s123:354:1,354,40,0,0,0,12,37
qwen3-4b-keep4-s123,qwen3-4b-keep4-s123:354:5,354,334,0,0,0,12,37
qwen3-4b-keep4-s123,qwen3-4b-keep4-s123:354:7,354,4,0,0,0,17,37
qwen3-4b-keep4-s123,qwen3-4b-keep4-s123:355:0,355,589,0,0,0,8,56
qwen3-4b-keep4-s123,qwen3-4b-keep4-s123:355:1,355,449,0,0,0,11,56
qwen3-4b-keep4-s123,qwen3-4b-keep4-s123:355:2,355,8,0,0,0,15,56
qwen3-4b-keep4-s123,qwen3-4b-keep4-s123:355:3,355,0,0,0,0,16,56
qwen3-4b-keep4-s123,qwen3-4b-keep4-s123:355:4,355,515,0,0,0,10,56
qwen3-4b-keep4-s123,qwen3-4b-keep4-s123:355:5,355,413,0,0,0,13,56
qwen3-4b-keep4-s123,qwen3-4b-keep4-s123:355:6,355,504,0,0,0,10,56
qwen3-4b-keep4-s123,qwen3-4b-keep4-s123:355:7,355,4,0,0,0,13,56
qwen3-4b-keep4-s123,qwen3-4b-keep4-s123:356:1,356,32,0,0,0,21,58
qwen3-4b-keep4-s123,qwen3-4b-keep4-s123:356:3,356,352,0,0,0,13,58
qwen3-4b-keep4-s123,qwen3-4b-keep4-s123:356:4,356,5,0,0,0,14,58
qwen3-4b-keep4-s123,qwen3-4b-keep4-s123:356:7,356,361,0,0,0,14,58
qwen3-4b-keep4-s123,qwen3-4b-keep4-s123:358:0,358,2,0,0,0,8,31
qwen3-4b-keep4-s123,qwen3-4b-keep4-s123:358:4,358,364,0,0,0,11,31
qwen3-4b-keep4-s123,qwen3-4b-keep4-s123:358:6,358,44,0,0,0,13,31
qwen3-4b-keep4-s123,qwen3-4b-keep4-s123:358:7,358,0,0,0,0,8,31
qwen3-4b-keep4-s123,qwen3-4b-keep4-s123:363:1,363,2,0,0,0,14,73
qwen3-4b-keep4-s123,qwen3-4b-keep4-s123:363:2,363,0,0,0,0,28,73
qwen3-4b-keep4-s123,qwen3-4b-keep4-s123:363:4,363,12,0,0,0,26,73
qwen3-4b-keep4-s123,qwen3-4b-keep4-s123:363:6,363,2,0,0,0,24,73
qwen3-4b-keep4-s123,qwen3-4b-keep4-s123:367:5,367,32,0,0,0,4,15
qwen3-4b-keep4-s123,qwen3-4b-keep4-s123:368:5,368,3,0,0,0,6,30
qwen3-4b-keep4-s123,qwen3-4b-keep4-s123:368:7,368,465,0,0,0,2,30
qwen3-4b-keep4-s123,qwen3-4b-keep4-s123:369:0,369,36,0,0,0,9,36
qwen3-4b-keep4-s123,qwen3-4b-keep4-s123:369:1,369,8,0,0,0,8,36
qwen3-4b-keep4-s123,qwen3-4b-keep4-s123:369:2,369,443,0,0,0,2,36
qwen3-4b-keep4-s123,qwen3-4b-keep4-s123:369:3,369,461,0,0,0,8,36
qwen3-4b-keep4-s123,qwen3-4b-keep4-s123:369:4,369,455,0,0,0,6,36
qwen3-4b-keep4-s123,qwen3-4b-keep4-s123:369:5,369,475,0,0,0,9,36
qwen3-4b-keep4-s123,qwen3-4b-keep4-s123:369:6,369,486,0,0,0,10,36
qwen3-4b-keep4-s123,qwen3-4b-keep4-s123:369:7,369,413,0,0,0,4,36
qwen3-4b-keep4-s123,qwen3-4b-keep4-s123:370:2,370,406,0,0,0,10,32
qwen3-4b-keep4-s123,qwen3-4b-keep4-s123:370:3,370,399,0,0,0,6,32
qwen3-4b-keep4-s123,qwen3-4b-keep4-s123:371:0,371,14,0,0,0,18,29
qwen3-4b-keep4-s123,qwen3-4b-keep4-s123:371:3,371,325,0,0,0,13,29
qwen3-4b-keep4-s123,qwen3-4b-keep4-s123:371:7,371,2,0,0,0,10,29
qwen3-4b-keep4-s123,qwen3-4b-keep4-s123:374:0,374,481,0,0,0,2,21
qwen3-4b-keep4-s123,qwen3-4b-keep4-s123:374:2,374,415,0,0,0,2,21
qwen3-4b-keep4-s123,qwen3-4b-keep4-s123:374:4,374,18,0,0,0,6,21
qwen3-4b-keep4-s123,qwen3-4b-keep4-s123:374:6,374,422,0,0,0,1,21
qwen3-4b-keep4-s123,qwen3-4b-keep4-s123:374:7,374,30,0,0,0,2,21
qwen3-4b-keep4-s123,qwen3-4b-keep4-s123:375:0,375,7,0,0,0,13,41
qwen3-4b-keep4-s123,qwen3-4b-keep4-s123:375:1,375,10,0,0,0,8,41
qwen3-4b-keep4-s123,qwen3-4b-keep4-s123:375:4,375,388,0,0,0,11,41
qwen3-4b-keep4-s123,qwen3-4b-keep4-s123:376:0,376,504,0,0,0,11,69
qwen3-4b-keep4-s123,qwen3-4b-keep4-s123:376:1,376,417,0,0,0,14,69
qwen3-4b-keep4-s123,qwen3-4b-keep4-s123:376:2,376,0,0,0,0,14,69
qwen3-4b-keep4-s123,qwen3-4b-keep4-s123:376:3,376,433,0,0,0,8,69
qwen3-4b-keep4-s123,qwen3-4b-keep4-s123:376:4,376,501,0,0,0,8,69
qwen3-4b-keep4-s123,qwen3-4b-keep4-s123:376:5,376,418,0,0,0,11,69
qwen3-4b-keep4-s123,qwen3-4b-keep4-s123:376:6,376,33,0,0,0,12,69
qwen3-4b-keep4-s123,qwen3-4b-keep4-s123:376:7,376,565,0,0,0,17,69
qwen3-4b-keep4-s123,qwen3-4b-keep4-s123:377:0,377,21,0,0,0,29,70
qwen3-4b-keep4-s123,qwen3-4b-keep4-s123:377:1,377,12,0,0,0,22,70
qwen3-4b-keep4-s123,qwen3-4b-keep4-s123:377:2,377,0,0,0,0,25,70
qwen3-4b-keep4-s123,qwen3-4b-keep4-s123:377:3,377,0,0,0,0,19,70
qwen3-4b-keep4-s123,qwen3-4b-keep4-s123:377:4,377,291,0,0,0,18,70
qwen3-4b-keep4-s123,qwen3-4b-keep4-s123:377:5,377,265,0,0,0,21,70
qwen3-4b-keep4-s123,qwen3-4b-keep4-s123:377:6,377,326,0,0,0,16,70
qwen3-4b-keep4-s123,qwen3-4b-keep4-s123:377:7,377,257,0,0,0,28,70
qwen3-4b-keep4-s123,qwen3-4b-keep4-s123:378:5,378,477,0,0,0,27,44
qwen3-4b-keep4-s123,qwen3-4b-keep4-s123:378:6,378,444,0,0,0,21,44
qwen3-4b-keep4-s123,qwen3-4b-keep4-s123:378:7,378,424,0,0,0,18,44
qwen3-4b-keep4-s123,qwen3-4b-keep4-s123:380:0,380,465,0,0,0,10,61
qwen3-4b-keep4-s123,qwen3-4b-keep4-s123:380:1,380,416,0,0,0,18,61
qwen3-4b-keep4-s123,qwen3-4b-keep4-s123:380:2,380,369,0,0,0,20,61
qwen3-4b-keep4-s123,qwen3-4b-keep4-s123:380:4,380,0,0,0,0,17,61
qwen3-4b-keep4-s123,qwen3-4b-keep4-s123:380:5,380,530,0,0,0,19,61
qwen3-4b-keep4-s123,qwen3-4b-keep4-s123:380:6,380,15,0,0,0,13,61
qwen3-4b-keep4-s123,qwen3-4b-keep4-s123:380:7,380,510,0,0,0,20,61
qwen3-4b-keep4-s123,qwen3-4b-keep4-s123:383:5,383,2,0,0,0,1,25
qwen3-4b-keep4-s123,qwen3-4b-keep4-s123:383:6,383,4,0,0,0,0,25
qwen3-4b-keep4-s123,qwen3-4b-keep4-s123:384:3,384,29,0,0,0,16,48
qwen3-4b-keep4-s123,qwen3-4b-keep4-s123:384:5,384,0,0,0,0,22,48
qwen3-4b-keep4-s123,qwen3-4b-keep4-s123:384:6,384,28,0,0,0,17,48
qwen3-4b-keep4-s123,qwen3-4b-keep4-s123:387:3,387,428,0,0,0,9,17
qwen3-4b-keep4-s123,qwen3-4b-keep4-s123:387:4,387,11,0,0,0,2,17
qwen3-4b-keep4-s123,qwen3-4b-keep4-s123:387:5,387,187,0,0,0,1,17
qwen3-4b-keep4-s123,qwen3-4b-keep4-s123:388:0,388,492,0,0,0,8,35
qwen3-4b-keep4-s123,qwen3-4b-keep4-s123:388:1,388,2,0,0,0,11,35
qwen3-4b-keep4-s123,qwen3-4b-keep4-s123:388:2,388,409,0,0,0,9,35
qwen3-4b-keep4-s123,qwen3-4b-keep4-s123:388:4,388,488,0,0,0,10,35
qwen3-4b-keep4-s123,qwen3-4b-keep4-s123:389:0,389,33,0,0,0,23,63
qwen3-4b-keep4-s123,qwen3-4b-keep4-s123:389:1,389,268,0,0,0,22,63
qwen3-4b-keep4-s123,qwen3-4b-keep4-s123:389:4,389,386,0,0,0,13,63
qwen3-4b-keep4-s123,qwen3-4b-keep4-s123:389:5,389,425,0,0,0,16,63
qwen3-4b-keep4-s123,qwen3-4b-keep4-s123:389:7,389,282,0,0,0,19,63
qwen3-4b-keep4-s123,qwen3-4b-keep4-s123:391:0,391,285,0,0,0,6,61
qwen3-4b-keep4-s123,qwen3-4b-keep4-s123:391:2,391,424,0,0,0,5,61
qwen3-4b-keep4-s123,qwen3-4b-keep4-s123:391:6,391,0,0,0,0,6,61
qwen3-4b-keep4-s123,qwen3-4b-keep4-s123:392:5,392,1,0,0,0,11,37
qwen3-4b-keep4-s123,qwen3-4b-keep4-s123:392:6,392,1,0,0,0,11,37
qwen3-4b-keep4-s123,qwen3-4b-keep4-s123:393:2,393,5,0,0,0,29,89
qwen3-4b-keep4-s123,qwen3-4b-keep4-s123:393:7,393,15,0,0,0,16,89
qwen3-4b-keep4-s123,qwen3-4b-keep4-s123:394:3,394,13,0,0,0,34,45
qwen3-4b-keep4-s123,qwen3-4b-keep4-s123:394:7,394,391,0,0,0,36,45
qwen3-4b-keep4-s123,qwen3-4b-keep4-s123:395:1,395,2,0,0,0,2,19
qwen3-4b-keep4-s123,qwen3-4b-keep4-s123:395:3,395,0,0,0,0,2,19
qwen3-4b-keep4-s123,qwen3-4b-keep4-s123:395:4,395,379,0,0,0,1,19
qwen3-4b-keep4-s123,qwen3-4b-keep4-s123:395:6,395,393,0,0,0,1,19
qwen3-4b-keep4-s123,qwen3-4b-keep4-s123:395:7,395,15,0,0,0,2,19
qwen3-4b-keep4-s123,qwen3-4b-keep4-s123:396:1,396,440,0,0,0,14,78
qwen3-4b-keep4-s123,qwen3-4b-keep4-s123:396:2,396,478,0,0,0,19,78
qwen3-4b-keep4-s123,qwen3-4b-keep4-s123:396:3,396,293,0,0,0,26,78
qwen3-4b-keep4-s123,qwen3-4b-keep4-s123:396:5,396,301,0,0,0,7,78
qwen3-4b-keep4-s123,qwen3-4b-keep4-s123:396:7,396,501,0,0,0,17,78
qwen3-4b-keep4-s123,qwen3-4b-keep4-s123:398:1,398,0,0,0,0,22,55
qwen3-4b-keep4-s123,qwen3-4b-keep4-s123:398:6,398,1,0,0,0,24,55
qwen3-4b-keep4-s123,qwen3-4b-keep4-s123:399:1,399,462,0,0,0,4,42
qwen3-4b-keep4-s123,qwen3-4b-keep4-s123:399:2,399,420,0,0,0,3,42
qwen3-4b-keep4-s123,qwen3-4b-keep4-s123:399:3,399,423,0,0,0,4,42
qwen3-4b-keep4-s123,qwen3-4b-keep4-s123:399:4,399,491,0,0,0,5,42
qwen3-4b-keep4-s123,qwen3-4b-keep4-s123:399:6,399,1,0,0,0,6,42
qwen3-4b-keep4-s123,qwen3-4b-keep4-s123:399:7,399,427,0,0,0,6,42
qwen3-4b-keep4-s123,qwen3-4b-keep4-s123:401:5,401,4,0,0,0,9,14
qwen3-4b-keep4-s123,qwen3-4b-keep4-s123:403:0,403,479,0,0,0,5,19
qwen3-4b-keep4-s123,qwen3-4b-keep4-s123:403:5,403,0,0,0,0,8,19
qwen3-4b-keep4-s123,qwen3-4b-keep4-s123:403:6,403,429,0,0,0,5,19
qwen3-4b-keep4-s123,qwen3-4b-keep4-s123:404:2,404,8,0,0,0,2,15
qwen3-4b-keep4-s123,qwen3-4b-keep4-s123:405:0,405,410,0,0,0,9,31
qwen3-4b-keep4-s123,qwen3-4b-keep4-s123:405:2,405,245,0,0,0,13,31
qwen3-4b-keep4-s123,qwen3-4b-keep4-s123:405:4,405,377,0,0,0,12,31
qwen3-4b-keep4-s123,qwen3-4b-keep4-s123:405:5,405,21,0,0,0,10,31
qwen3-4b-keep4-s123,qwen3-4b-keep4-s123:405:6,405,23,0,0,0,16,31
qwen3-4b-keep4-s123,qwen3-4b-keep4-s123:405:7,405,550,0,0,0,11,31
qwen3-4b-keep4-s123,qwen3-4b-keep4-s123:406:2,406,6,0,0,0,16,29
qwen3-4b-keep4-s123,qwen3-4b-keep4-s123:407:1,407,0,0,0,0,16,43
qwen3-4b-keep4-s123,qwen3-4b-keep4-s123:408:7,408,45,41,5,10,35,62
qwen3-4b-keep4-s123,qwen3-4b-keep4-s123:409:0,409,1,0,0,0,9,41
qwen3-4b-keep4-s123,qwen3-4b-keep4-s123:409:1,409,0,0,0,0,8,41
qwen3-4b-keep4-s123,qwen3-4b-keep4-s123:409:4,409,396,0,0,0,6,41
qwen3-4b-keep4-s123,qwen3-4b-keep4-s123:409:5,409,194,0,0,0,7,41
qwen3-4b-keep4-s123,qwen3-4b-keep4-s123:409:6,409,36,0,0,0,6,41
qwen3-4b-keep4-s123,qwen3-4b-keep4-s123:409:7,409,304,0,0,0,5,41
qwen3-4b-keep4-s123,qwen3-4b-keep4-s123:410:4,410,35,0,0,0,17,49
qwen3-4b-keep4-s123,qwen3-4b-keep4-s123:412:0,412,387,0,0,0,14,34
qwen3-4b-keep4-s123,qwen3-4b-keep4-s123:412:2,412,496,0,0,0,16,34
qwen3-4b-keep4-s123,qwen3-4b-keep4-s123:412:6,412,455,0,0,0,10,34
qwen3-4b-keep4-s123,qwen3-4b-keep4-s123:415:1,415,8,0,0,0,50,61
qwen3-4b-keep4-s123,qwen3-4b-keep4-s123:416:1,416,365,0,0,0,40,76
qwen3-4b-keep4-s123,qwen3-4b-keep4-s123:416:2,416,370,0,0,0,38,76
qwen3-4b-keep4-s123,qwen3-4b-keep4-s123:416:5,416,2,0,0,0,39,76
qwen3-4b-keep4-s123,qwen3-4b-keep4-s123:416:7,416,417,0,0,0,31,76
qwen3-4b-keep4-s123,qwen3-4b-keep4-s123:417:0,417,366,0,0,0,5,33
qwen3-4b-keep4-s123,qwen3-4b-keep4-s123:418:2,418,57,3,0,0,7,31
qwen3-4b-keep4-s123,qwen3-4b-keep4-s123:418:4,418,259,0,0,0,2,31
qwen3-4b-keep4-s123,qwen3-4b-keep4-s123:418:5,418,333,0,0,0,7,31
qwen3-4b-keep4-s123,qwen3-4b-keep4-s123:418:6,418,340,0,0,0,6,31
qwen3-4b-keep4-s123,qwen3-4b-keep4-s123:420:2,420,182,0,0,0,22,77
qwen3-4b-keep4-s123,qwen3-4b-keep4-s123:420:3,420,207,0,0,0,19,77
qwen3-4b-keep4-s123,qwen3-4b-keep4-s123:420:5,420,194,0,0,0,29,77
qwen3-4b-keep4-s123,qwen3-4b-keep4-s123:420:7,420,174,0,0,0,18,77
qwen3-4b-keep4-s123,qwen3-4b-keep4-s123:421:2,421,366,0,0,0,18,47
qwen3-4b-keep4-s123,qwen3-4b-keep4-s123:424:6,424,0,0,0,0,19,83
qwen3-4b-keep4-s123,qwen3-4b-keep4-s123:424:7,424,45,0,0,0,12,83
qwen3-4b-keep4-s123,qwen3-4b-keep4-s123:425:1,425,5,0,0,0,9,40
qwen3-4b-keep4-s123,qwen3-4b-keep4-s123:425:2,425,415,0,0,0,16,40
qwen3-4b-keep4-s123,qwen3-4b-keep4-s123:425:3,425,526,0,0,0,9,40
qwen3-4b-keep4-s123,qwen3-4b-keep4-s123:425:4,425,432,0,0,0,14,40
qwen3-4b-keep4-s123,qwen3-4b-keep4-s123:425:5,425,513,0,0,0,8,40
qwen3-4b-keep4-s123,qwen3-4b-keep4-s123:425:6,425,499,0,0,0,7,40
qwen3-4b-keep4-s123,qwen3-4b-keep4-s123:425:7,425,453,0,0,0,9,40
qwen3-4b-keep4-s123,qwen3-4b-keep4-s123:426:1,426,429,0,0,0,5,54
qwen3-4b-keep4-s123,qwen3-4b-keep4-s123:426:2,426,423,0,0,0,9,54
qwen3-4b-keep4-s123,qwen3-4b-keep4-s123:426:3,426,402,0,0,0,14,54
qwen3-4b-keep4-s123,qwen3-4b-keep4-s123:426:4,426,389,0,0,0,7,54
qwen3-4b-keep4-s123,qwen3-4b-keep4-s123:426:5,426,534,0,0,0,8,54
qwen3-4b-keep4-s123,qwen3-4b-keep4-s123:426:6,426,433,0,0,0,9,54
qwen3-4b-keep4-s123,qwen3-4b-keep4-s123:427:6,427,0,0,0,0,39,74
qwen3-4b-keep4-s123,qwen3-4b-keep4-s123:428:6,428,0,0,0,0,14,34
qwen3-4b-keep4-s123,qwen3-4b-keep4-s123:430:4,430,12,0,0,0,22,37
qwen3-4b-keep4-s123,qwen3-4b-keep4-s123:431:1,431,476,0,0,0,5,53
qwen3-4b-keep4-s123,qwen3-4b-keep4-s123:431:2,431,51,0,0,0,10,53
qwen3-4b-keep4-s123,qwen3-4b-keep4-s123:432:0,432,60,0,0,0,7,46
qwen3-4b-keep4-s123,qwen3-4b-keep4-s123:432:1,432,449,0,0,0,10,46
qwen3-4b-keep4-s123,qwen3-4b-keep4-s123:432:2,432,27,0,0,0,7,46
qwen3-4b-keep4-s123,qwen3-4b-keep4-s123:432:3,432,432,0,0,0,8,46
qwen3-4b-keep4-s123,qwen3-4b-keep4-s123:432:4,432,386,0,0,0,11,46
qwen3-4b-keep4-s123,qwen3-4b-keep4-s123:432:5,432,477,0,0,0,10,46
qwen3-4b-keep4-s123,qwen3-4b-keep4-s123:432:6,432,65,0,0,0,7,46
qwen3-4b-keep4-s123,qwen3-4b-keep4-s123:432:7,432,428,0,0,0,10,46
qwen3-4b-keep4-s123,qwen3-4b-keep4-s123:433:1,433,6,0,0,0,17,52
qwen3-4b-keep4-s123,qwen3-4b-keep4-s123:433:6,433,2,0,0,0,14,52
qwen3-4b-keep4-s123,qwen3-4b-keep4-s123:434:1,434,423,0,0,0,18,52
qwen3-4b-keep4-s123,qwen3-4b-keep4-s123:434:2,434,411,0,0,0,12,52
qwen3-4b-keep4-s123,qwen3-4b-keep4-s123:434:5,434,20,0,0,0,11,52
qwen3-4b-keep4-s123,qwen3-4b-keep4-s123:434:6,434,12,0,0,0,16,52
qwen3-4b-keep4-s123,qwen3-4b-keep4-s123:434:7,434,437,0,0,0,10,52
qwen3-4b-keep4-s123,qwen3-4b-keep4-s123:438:0,438,35,0,0,0,23,86
qwen3-4b-keep4-s123,qwen3-4b-keep4-s123:438:1,438,379,0,0,0,22,86
qwen3-4b-keep4-s123,qwen3-4b-keep4-s123:438:5,438,8,0,0,0,28,86
qwen3-4b-keep4-s123,qwen3-4b-keep4-s123:438:6,438,287,0,0,0,25,86
qwen3-4b-keep4-s123,qwen3-4b-keep4-s123:441:1,441,367,0,0,0,32,83
qwen3-4b-keep4-s123,qwen3-4b-keep4-s123:441:3,441,339,0,0,0,25,83
qwen3-4b-keep4-s123,qwen3-4b-keep4-s123:441:5,441,397,47,0,0,32,83
qwen3-4b-keep4-s123,qwen3-4b-keep4-s123:441:6,441,0,0,0,0,32,83
qwen3-4b-keep4-s123,qwen3-4b-keep4-s123:441:7,441,241,0,0,0,39,83
qwen3-4b-keep4-s123,qwen3-4b-keep4-s123:442:1,442,18,0,0,0,16,30
qwen3-4b-keep4-s123,qwen3-4b-keep4-s123:442:4,442,0,0,0,0,19,30
qwen3-4b-keep4-s123,qwen3-4b-keep4-s123:445:0,445,415,0,0,0,13,75
qwen3-4b-keep4-s123,qwen3-4b-keep4-s123:446:6,446,0,0,0,0,20,33
qwen3-4b-keep4-s123,qwen3-4b-keep4-s123:447:1,447,509,0,0,0,23,34
qwen3-4b-keep4-s123,qwen3-4b-keep4-s123:447:7,447,493,0,0,0,30,34
qwen3-4b-keep4-s123,qwen3-4b-keep4-s123:448:0,448,0,0,0,0,21,52
qwen3-4b-keep4-s123,qwen3-4b-keep4-s123:448:2,448,334,0,0,0,21,52
qwen3-4b-keep4-s123,qwen3-4b-keep4-s123:448:5,448,334,0,0,0,15,52
qwen3-4b-keep4-s123,qwen3-4b-keep4-s123:448:7,448,327,0,0,0,10,52
qwen3-4b-keep4-s123,qwen3-4b-keep4-s123:451:5,451,460,0,0,0,24,68
qwen3-4b-keep4-s123,qwen3-4b-keep4-s123:452:4,452,1,0,0,0,21,48
qwen3-4b-keep4-s123,qwen3-4b-keep4-s123:454:1,454,5,0,0,0,9,61
qwen3-4b-keep4-s123,qwen3-4b-keep4-s123:454:3,454,7,0,0,0,9,61
qwen3-4b-keep4-s123,qwen3-4b-keep4-s123:456:0,456,521,0,0,0,3,17
qwen3-4b-keep4-s123,qwen3-4b-keep4-s123:456:1,456,534,0,0,0,4,17
qwen3-4b-keep4-s123,qwen3-4b-keep4-s123:456:3,456,477,0,0,0,3,17
qwen3-4b-keep4-s123,qwen3-4b-keep4-s123:456:5,456,568,0,0,0,4,17
qwen3-4b-keep4-s123,qwen3-4b-keep4-s123:456:6,456,536,0,0,0,8,17
qwen3-4b-keep4-s123,qwen3-4b-keep4-s123:456:7,456,555,0,0,0,8,17
qwen3-4b-keep4-s123,qwen3-4b-keep4-s123:457:0,457,397,0,0,0,5,33
qwen3-4b-keep4-s123,qwen3-4b-keep4-s123:457:1,457,218,0,0,0,4,33
qwen3-4b-keep4-s123,qwen3-4b-keep4-s123:457:4,457,4,0,0,0,4,33
qwen3-4b-keep4-s123,qwen3-4b-keep4-s123:457:5,457,379,0,0,0,2,33
qwen3-4b-keep4-s123,qwen3-4b-keep4-s123:457:6,457,367,0,0,0,4,33
qwen3-4b-keep4-s123,qwen3-4b-keep4-s123:458:2,458,486,0,0,0,13,34
qwen3-4b-keep4-s123,qwen3-4b-keep4-s123:458:3,458,466,0,0,0,15,34
qwen3-4b-keep4-s123,qwen3-4b-keep4-s123:458:5,458,0,0,0,0,20,34
qwen3-4b-keep4-s123,qwen3-4b-keep4-s123:458:6,458,548,0,0,0,15,34
qwen3-4b-keep4-s123,qwen3-4b-keep4-s123:458:7,458,395,0,0,0,9,34
qwen3-4b-keep4-s123,qwen3-4b-keep4-s123:459:0,459,194,0,0,0,12,68
qwen3-4b-keep4-s123,qwen3-4b-keep4-s123:459:2,459,357,0,0,0,12,68
qwen3-4b-keep4-s123,qwen3-4b-keep4-s123:459:3,459,433,0,0,0,18,68
qwen3-4b-keep4-s123,qwen3-4b-keep4-s123:459:5,459,424,0,0,0,10,68
qwen3-4b-keep4-s123,qwen3-4b-keep4-s123:459:6,459,41,0,0,0,19,68
qwen3-4b-keep4-s123,qwen3-4b-keep4-s123:459:7,459,275,0,0,0,14,68
qwen3-4b-keep4-s123,qwen3-4b-keep4-s123:460:0,460,411,0,0,0,10,72
qwen3-4b-keep4-s123,qwen3-4b-keep4-s123:460:1,460,339,0,0,0,12,72
qwen3-4b-keep4-s123,qwen3-4b-keep4-s123:460:2,460,313,0,0,0,13,72
qwen3-4b-keep4-s123,qwen3-4b-keep4-s123:460:3,460,282,0,0,0,9,72
qwen3-4b-keep4-s123,qwen3-4b-keep4-s123:460:4,460,35,0,0,0,12,72
qwen3-4b-keep4-s123,qwen3-4b-keep4-s123:460:5,460,287,0,0,0,20,72
qwen3-4b-keep4-s123,qwen3-4b-keep4-s123:460:6,460,277,0,0,0,13,72
qwen3-4b-keep4-s123,qwen3-4b-keep4-s123:460:7,460,56,0,0,0,14,72
qwen3-4b-keep4-s123,qwen3-4b-keep4-s123:461:0,461,2,0,0,0,18,63
qwen3-4b-keep4-s123,qwen3-4b-keep4-s123:461:3,461,47,16,1,0,18,63
qwen3-4b-keep4-s123,qwen3-4b-keep4-s123:463:0,463,487,0,0,0,9,30
qwen3-4b-keep4-s123,qwen3-4b-keep4-s123:463:1,463,421,0,0,0,17,30
qwen3-4b-keep4-s123,qwen3-4b-keep4-s123:463:2,463,415,0,0,0,7,30
qwen3-4b-keep4-s123,qwen3-4b-keep4-s123:463:3,463,30,0,0,0,16,30
qwen3-4b-keep4-s123,qwen3-4b-keep4-s123:463:4,463,390,0,0,0,8,30
qwen3-4b-keep4-s123,qwen3-4b-keep4-s123:463:6,463,520,0,0,0,8,30
qwen3-4b-keep4-s123,qwen3-4b-keep4-s123:463:7,463,451,0,0,0,18,30
qwen3-4b-keep4-s123,qwen3-4b-keep4-s123:464:0,464,344,0,0,0,0,9
qwen3-4b-keep4-s123,qwen3-4b-keep4-s123:464:1,464,387,0,0,0,0,9
qwen3-4b-keep4-s123,qwen3-4b-keep4-s123:464:2,464,529,32,0,0,0,9
qwen3-4b-keep4-s123,qwen3-4b-keep4-s123:464:3,464,395,0,0,0,0,9
qwen3-4b-keep4-s123,qwen3-4b-keep4-s123:464:4,464,406,0,0,0,0,9
qwen3-4b-keep4-s123,qwen3-4b-keep4-s123:464:5,464,419,0,0,0,1,9
qwen3-4b-keep4-s123,qwen3-4b-keep4-s123:464:6,464,528,0,0,0,0,9
qwen3-4b-keep4-s123,qwen3-4b-keep4-s123:464:7,464,384,0,0,0,0,9
qwen3-4b-keep4-s123,qwen3-4b-keep4-s123:465:1,465,444,0,0,0,20,59
qwen3-4b-keep4-s123,qwen3-4b-keep4-s123:465:2,465,53,0,0,0,19,59
qwen3-4b-keep4-s123,qwen3-4b-keep4-s123:465:3,465,416,0,0,0,18,59
qwen3-4b-keep4-s123,qwen3-4b-keep4-s123:465:4,465,534,0,0,0,32,59
qwen3-4b-keep4-s123,qwen3-4b-keep4-s123:465:5,465,35,0,0,0,17,59
qwen3-4b-keep4-s123,qwen3-4b-keep4-s123:465:6,465,47,0,0,0,21,59
qwen3-4b-keep4-s123,qwen3-4b-keep4-s123:466:2,466,446,0,0,0,6,53
qwen3-4b-keep4-s123,qwen3-4b-keep4-s123:467:1,467,44,0,0,0,10,31
qwen3-4b-keep4-s123,qwen3-4b-keep4-s123:469:5,469,418,0,0,0,49,97
qwen3-4b-keep4-s123,qwen3-4b-keep4-s123:470:3,470,407,0,0,0,16,38
qwen3-4b-keep4-s123,qwen3-4b-keep4-s123:471:0,471,296,0,0,0,5,39
qwen3-4b-keep4-s123,qwen3-4b-keep4-s123:471:1,471,18,0,0,0,12,39
qwen3-4b-keep4-s123,qwen3-4b-keep4-s123:471:2,471,1,0,0,0,8,39
qwen3-4b-keep4-s123,qwen3-4b-keep4-s123:471:5,471,458,0,0,0,4,39
qwen3-4b-keep4-s123,qwen3-4b-keep4-s123:471:6,471,439,0,0,0,3,39
qwen3-4b-keep4-s123,qwen3-4b-keep4-s123:472:0,472,288,0,0,0,15,61
qwen3-4b-keep4-s123,qwen3-4b-keep4-s123:472:1,472,11,0,0,0,15,61
qwen3-4b-keep4-s123,qwen3-4b-keep4-s123:472:2,472,227,0,0,0,6,61
qwen3-4b-keep4-s123,qwen3-4b-keep4-s123:472:3,472,346,0,0,0,14,61
qwen3-4b-keep4-s123,qwen3-4b-keep4-s123:472:5,472,322,0,0,0,12,61
qwen3-4b-keep4-s123,qwen3-4b-keep4-s123:472:6,472,244,0,0,0,6,61
qwen3-4b-keep4-s123,qwen3-4b-keep4-s123:472:7,472,30,0,0,0,7,61
qwen3-4b-keep4-s123,qwen3-4b-keep4-s123:473:0,473,537,0,0,0,10,42
qwen3-4b-keep4-s123,qwen3-4b-keep4-s123:473:7,473,7,0,0,0,11,42
qwen3-4b-keep4-s123,qwen3-4b-keep4-s123:475:0,475,201,0,0,0,8,27
qwen3-4b-keep4-s123,qwen3-4b-keep4-s123:475:1,475,24,0,0,0,11,27
qwen3-4b-keep4-s123,qwen3-4b-keep4-s123:475:2,475,442,0,0,0,3,27
qwen3-4b-keep4-s123,qwen3-4b-keep4-s123:475:3,475,483,0,0,0,7,27
qwen3-4b-keep4-s123,qwen3-4b-keep4-s123:475:4,475,507,0,0,0,11,27
qwen3-4b-keep4-s123,qwen3-4b-keep4-s123:475:5,475,390,0,0,0,7,27
qwen3-4b-keep4-s123,qwen3-4b-keep4-s123:475:6,475,36,0,0,0,7,27
qwen3-4b-keep4-s123,qwen3-4b-keep4-s123:475:7,475,393,0,0,0,8,27
qwen3-4b-keep4-s123,qwen3-4b-keep4-s123:477:5,477,0,0,0,0,13,38
qwen3-4b-keep4-s123,qwen3-4b-keep4-s123:479:1,479,1,0,0,0,20,53
qwen3-4b-keep4-s123,qwen3-4b-keep4-s123:479:4,479,481,0,0,0,18,53
qwen3-4b-keep4-s123,qwen3-4b-keep4-s123:479:5,479,417,0,0,0,18,53
qwen3-4b-keep4-s123,qwen3-4b-keep4-s123:479:7,479,429,0,0,0,12,53
qwen3-4b-keep4-s123,qwen3-4b-keep4-s123:482:2,482,380,0,0,0,18,72
qwen3-4b-keep4-s123,qwen3-4b-keep4-s123:482:3,482,363,0,0,0,32,72
qwen3-4b-keep4-s123,qwen3-4b-keep4-s123:482:4,482,331,0,0,0,25,72
qwen3-4b-keep4-s123,qwen3-4b-keep4-s123:482:5,482,90,57,2,16,36,72
qwen3-4b-keep4-s123,qwen3-4b-keep4-s123:482:6,482,271,0,0,0,40,72
qwen3-4b-keep4-s123,qwen3-4b-keep4-s123:483:0,483,9,0,0,0,11,46
qwen3-4b-keep4-s123,qwen3-4b-keep4-s123:483:4,483,395,0,0,0,4,46
qwen3-4b-keep4-s123,qwen3-4b-keep4-s123:483:6,483,305,0,0,0,10,46
qwen3-4b-keep4-s123,qwen3-4b-keep4-s123:483:7,483,516,0,0,0,1,46
qwen3-4b-keep4-s123,qwen3-4b-keep4-s123:484:2,484,6,0,0,0,17,55
qwen3-4b-keep4-s123,qwen3-4b-keep4-s123:485:5,485,0,0,0,0,13,68
qwen3-4b-keep4-s123,qwen3-4b-keep4-s123:486:0,486,0,0,0,0,34,78
qwen3-4b-keep4-s123,qwen3-4b-keep4-s123:486:1,486,407,0,0,0,19,78
qwen3-4b-keep4-s123,qwen3-4b-keep4-s123:486:2,486,421,0,0,0,14,78
qwen3-4b-keep4-s123,qwen3-4b-keep4-s123:486:3,486,467,0,0,0,21,78
qwen3-4b-keep4-s123,qwen3-4b-keep4-s123:486:4,486,354,0,0,0,16,78
qwen3-4b-keep4-s123,qwen3-4b-keep4-s123:486:5,486,368,0,0,0,18,78
qwen3-4b-keep4-s123,qwen3-4b-keep4-s123:486:6,486,1,0,0,0,21,78
qwen3-4b-keep4-s123,qwen3-4b-keep4-s123:486:7,486,402,0,0,0,35,78
qwen3-4b-keep4-s123,qwen3-4b-keep4-s123:487:1,487,374,0,0,0,8,22
qwen3-4b-keep4-s123,qwen3-4b-keep4-s123:488:2,488,378,0,0,0,21,66
qwen3-4b-keep4-s123,qwen3-4b-keep4-s123:488:4,488,435,0,0,0,20,66
qwen3-4b-keep4-s123,qwen3-4b-keep4-s123:488:5,488,24,0,0,0,21,66
qwen3-4b-keep4-s123,qwen3-4b-keep4-s123:488:6,488,372,0,0,0,16,66
qwen3-4b-keep4-s123,qwen3-4b-keep4-s123:488:7,488,9,0,0,0,20,66
qwen3-4b-keep4-s123,qwen3-4b-keep4-s123:489:0,489,24,23,0,6,14,59
qwen3-4b-keep4-s123,qwen3-4b-keep4-s123:489:2,489,490,0,0,0,4,59
qwen3-4b-keep4-s123,qwen3-4b-keep4-s123:489:3,489,0,0,0,0,5,59
qwen3-4b-keep4-s123,qwen3-4b-keep4-s123:489:5,489,468,36,0,5,7,59
qwen3-4b-keep4-s123,qwen3-4b-keep4-s123:489:6,489,407,0,0,0,8,59
qwen3-4b-keep4-s123,qwen3-4b-keep4-s123:489:7,489,426,0,0,0,4,59
qwen3-4b-keep4-s123,qwen3-4b-keep4-s123:490:0,490,468,0,0,0,14,34
qwen3-4b-keep4-s123,qwen3-4b-keep4-s123:491:0,491,381,0,0,0,11,39
qwen3-4b-keep4-s123,qwen3-4b-keep4-s123:491:1,491,3,0,0,0,22,39
qwen3-4b-keep4-s123,qwen3-4b-keep4-s123:491:2,491,415,0,0,0,6,39
qwen3-4b-keep4-s123,qwen3-4b-keep4-s123:491:3,491,0,0,0,0,11,39
qwen3-4b-keep4-s123,qwen3-4b-keep4-s123:491:4,491,380,0,0,0,19,39
qwen3-4b-keep4-s123,qwen3-4b-keep4-s123:491:5,491,48,0,0,0,20,39
qwen3-4b-keep4-s123,qwen3-4b-keep4-s123:491:6,491,33,8,0,0,11,39
qwen3-4b-keep4-s123,qwen3-4b-keep4-s123:494:0,494,543,0,0,0,9,23
qwen3-4b-keep4-s123,qwen3-4b-keep4-s123:494:1,494,522,0,0,0,4,23
qwen3-4b-keep4-s123,qwen3-4b-keep4-s123:496:0,496,305,0,0,0,1,61
qwen3-4b-keep4-s123,qwen3-4b-keep4-s123:496:1,496,344,0,0,0,9,61
qwen3-4b-keep4-s123,qwen3-4b-keep4-s123:496:2,496,224,0,0,0,9,61
qwen3-4b-keep4-s123,qwen3-4b-keep4-s123:496:5,496,274,0,0,0,0,61
qwen3-4b-keep4-s123,qwen3-4b-keep4-s123:496:6,496,312,0,0,0,2,61
qwen3-4b-keep4-s123,qwen3-4b-keep4-s123:498:0,498,375,0,0,0,20,101
qwen3-4b-keep4-s123,qwen3-4b-keep4-s123:498:1,498,6,0,0,0,18,101
qwen3-4b-keep4-s123,qwen3-4b-keep4-s123:498:4,498,366,0,0,0,30,101
qwen3-4b-keep4-s123,qwen3-4b-keep4-s123:498:5,498,435,0,0,0,20,101
qwen3-4b-keep4-s123,qwen3-4b-keep4-s123:498:6,498,278,0,0,0,11,101
qwen3-4b-keep4-s123,qwen3-4b-keep4-s123:499:1,499,357,0,0,0,7,47
qwen3-4b-keep4-s123,qwen3-4b-keep4-s123:499:2,499,407,0,0,0,13,47
qwen3-4b-keep4-s123,qwen3-4b-keep4-s123:499:3,499,14,0,0,0,17,47
qwen3-4b-keep4-s123,qwen3-4b-keep4-s123:499:4,499,356,0,0,0,27,47
qwen3-4b-keep4-s123,qwen3-4b-keep4-s123:499:6,499,370,0,0,0,13,47
qwen3-4b-keep4-s123,qwen3-4b-keep4-s123:499:7,499,476,0,0,0,4,47
qwen3-4b-keep4-s123,qwen3-4b-keep4-s123:503:0,503,0,0,0,0,23,38
qwen3-4b-keep4-s123,qwen3-4b-keep4-s123:503:4,503,346,0,0,0,26,38
qwen3-4b-keep4-s123,qwen3-4b-keep4-s123:503:5,503,129,0,0,0,18,38
qwen3-4b-keep4-s123,qwen3-4b-keep4-s123:505:0,505,594,0,0,0,14,44
qwen3-4b-keep4-s123,qwen3-4b-keep4-s123:505:1,505,492,0,0,0,18,44
qwen3-4b-keep4-s123,qwen3-4b-keep4-s123:505:2,505,542,0,0,0,17,44
qwen3-4b-keep4-s123,qwen3-4b-keep4-s123:505:3,505,332,0,0,0,19,44
qwen3-4b-keep4-s123,qwen3-4b-keep4-s123:505:4,505,614,0,0,0,15,44
qwen3-4b-keep4-s123,qwen3-4b-keep4-s123:505:5,505,555,0,0,0,16,44
qwen3-4b-keep4-s123,qwen3-4b-keep4-s123:506:0,506,345,0,0,0,37,83
qwen3-4b-keep4-s123,qwen3-4b-keep4-s123:506:1,506,410,0,0,0,41,83
qwen3-4b-keep4-s123,qwen3-4b-keep4-s123:506:2,506,36,0,0,0,37,83
qwen3-4b-keep4-s123,qwen3-4b-keep4-s123:506:3,506,2,0,0,0,34,83
qwen3-4b-keep4-s123,qwen3-4b-keep4-s123:506:4,506,386,0,0,0,29,83
qwen3-4b-keep4-s123,qwen3-4b-keep4-s123:506:5,506,89,41,1,4,42,83
qwen3-4b-keep4-s123,qwen3-4b-keep4-s123:506:6,506,17,0,0,0,25,83
qwen3-4b-keep4-s123,qwen3-4b-keep4-s123:506:7,506,1,0,0,0,35,83
qwen3-4b-keep4-s123,qwen3-4b-keep4-s123:507:1,507,287,0,0,0,17,64
qwen3-4b-keep4-s123,qwen3-4b-keep4-s123:507:2,507,7,0,0,0,14,64
qwen3-4b-keep4-s123,qwen3-4b-keep4-s123:507:3,507,392,0,0,0,0,64
qwen3-4b-keep4-s123,qwen3-4b-keep4-s123:507:4,507,466,0,0,0,0,64
qwen3-4b-keep4-s123,qwen3-4b-keep4-s123:507:5,507,384,0,0,0,11,64
qwen3-4b-keep4-s123,qwen3-4b-keep4-s123:507:7,507,483,0,0,0,13,64
qwen3-4b-keep4-s123,qwen3-4b-keep4-s123:508:0,508,341,0,0,0,36,61
qwen3-4b-keep4-s123,qwen3-4b-keep4-s123:508:1,508,12,0,0,0,39,61
qwen3-4b-keep4-s123,qwen3-4b-keep4-s123:508:2,508,90,0,0,0,39,61
qwen3-4b-keep4-s123,qwen3-4b-keep4-s123:508:3,508,467,0,0,0,33,61
qwen3-4b-keep4-s123,qwen3-4b-keep4-s123:508:4,508,25,0,0,0,47,61
qwen3-4b-keep4-s123,qwen3-4b-keep4-s123:508:6,508,472,0,0,0,4,61
qwen3-4b-keep4-s123,qwen3-4b-keep4-s123:510:0,510,295,0,0,0,1,30
qwen3-4b-keep4-s123,qwen3-4b-keep4-s123:510:1,510,339,0,0,0,1,30
qwen3-4b-keep4-s123,qwen3-4b-keep4-s123:510:3,510,306,0,0,0,1,30
qwen3-4b-keep4-s123,qwen3-4b-keep4-s123:510:4,510,293,0,0,0,3,30
qwen3-4b-keep4-s123,qwen3-4b-keep4-s123:510:5,510,28,2,0,0,3,30
qwen3-4b-keep4-s123,qwen3-4b-keep4-s123:510:6,510,235,0,0,0,4,30
qwen3-4b-keep4-s123,qwen3-4b-keep4-s123:511:0,511,514,0,0,0,24,73
qwen3-4b-keep4-s123,qwen3-4b-keep4-s123:511:1,511,0,0,0,0,29,73
qwen3-4b-keep4-s123,qwen3-4b-keep4-s123:511:2,511,442,0,0,0,26,73
qwen3-4b-keep4-s123,qwen3-4b-keep4-s123:511:4,511,2,0,0,0,33,73
qwen3-4b-keep4-s123,qwen3-4b-keep4-s123:511:7,511,441,0,0,0,30,73
qwen3-4b-keep4-s123,qwen3-4b-keep4-s123:512:0,512,35,0,0,0,3,32
qwen3-4b-keep4-s123,qwen3-4b-keep4-s123:512:2,512,5,0,0,0,11,32
qwen3-4b-keep4-s123,qwen3-4b-keep4-s123:512:6,512,597,0,0,0,10,32
qwen3-4b-keep4-s123,qwen3-4b-keep4-s123:512:7,512,523,0,0,0,5,32
qwen3-4b-keep4-s123,qwen3-4b-keep4-s123:513:0,513,229,0,0,0,15,64
qwen3-4b-keep4-s123,qwen3-4b-keep4-s123:513:1,513,360,46,1,6,21,64
qwen3-4b-keep4-s123,qwen3-4b-keep4-s123:513:2,513,232,0,0,0,18,64
qwen3-4b-keep4-s123,qwen3-4b-keep4-s123:513:3,513,361,0,0,0,10,64
qwen3-4b-keep4-s123,qwen3-4b-keep4-s123:513:6,513,388,0,0,0,17,64
qwen3-4b-keep4-s123,qwen3-4b-keep4-s123:513:7,513,266,0,0,0,21,64
qwen3-4b-keep4-s123,qwen3-4b-keep4-s123:514:0,514,401,0,0,0,6,56
qwen3-4b-keep4-s123,qwen3-4b-keep4-s123:514:1,514,477,0,0,0,1,56
qwen3-4b-keep4-s123,qwen3-4b-keep4-s123:514:2,514,228,0,0,0,8,56
qwen3-4b-keep4-s123,qwen3-4b-keep4-s123:514:3,514,283,0,0,0,5,56
qwen3-4b-keep4-s123,qwen3-4b-keep4-s123:514:4,514,319,0,0,0,6,56
qwen3-4b-keep4-s123,qwen3-4b-keep4-s123:514:5,514,10,0,0,0,10,56
qwen3-4b-keep4-s123,qwen3-4b-keep4-s123:514:7,514,378,0,0,0,5,56
qwen3-4b-keep4-s123,qwen3-4b-keep4-s123:515:0,515,15,0,0,0,14,52
qwen3-4b-keep4-s123,qwen3-4b-keep4-s123:515:1,515,427,0,0,0,18,52
qwen3-4b-keep4-s123,qwen3-4b-keep4-s123:515:6,515,509,0,0,0,15,52
qwen3-4b-keep4-s123,qwen3-4b-keep4-s123:516:0,516,4,0,0,0,8,55
qwen3-4b-keep4-s123,qwen3-4b-keep4-s123:516:3,516,341,0,0,0,25,55
qwen3-4b-keep4-s123,qwen3-4b-keep4-s123:516:7,516,480,0,0,0,19,55
qwen3-4b-keep4-s123,qwen3-4b-keep4-s123:517:1,517,511,0,0,0,3,30
qwen3-4b-keep4-s123,qwen3-4b-keep4-s123:517:2,517,4,0,0,0,10,30
qwen3-4b-keep4-s123,qwen3-4b-keep4-s123:517:4,517,35,0,0,0,9,30
qwen3-4b-keep4-s123,qwen3-4b-keep4-s123:517:5,517,90,0,0,0,4,30
qwen3-4b-keep4-s123,qwen3-4b-keep4-s123:519:0,519,403,0,0,0,0,20
qwen3-4b-keep4-s123,qwen3-4b-keep4-s123:519:1,519,457,0,0,0,2,20
qwen3-4b-keep4-s123,qwen3-4b-keep4-s123:519:2,519,380,0,0,0,1,20
qwen3-4b-keep4-s123,qwen3-4b-keep4-s123:519:3,519,372,0,0,0,0,20
qwen3-4b-keep4-s123,qwen3-4b-keep4-s123:519:4,519,415,0,0,0,1,20
qwen3-4b-keep4-s123,qwen3-4b-keep4-s123:519:5,519,101,0,0,0,0,20
qwen3-4b-keep4-s123,qwen3-4b-keep4-s123:519:6,519,296,0,0,0,3,20
qwen3-4b-keep4-s123,qwen3-4b-keep4-s123:519:7,519,132,0,0,0,2,20
qwen3-4b-keep4-s123,qwen3-4b-keep4-s123:520:0,520,313,0,0,0,5,54
qwen3-4b-keep4-s123,qwen3-4b-keep4-s123:520:1,520,317,0,0,0,8,54
qwen3-4b-keep4-s123,qwen3-4b-keep4-s123:520:2,520,347,0,0,0,6,54
qwen3-4b-keep4-s123,qwen3-4b-keep4-s123:520:3,520,224,0,0,0,7,54
qwen3-4b-keep4-s123,qwen3-4b-keep4-s123:520:4,520,480,0,0,0,9,54
qwen3-4b-keep4-s123,qwen3-4b-keep4-s123:520:5,520,10,0,0,0,9,54
qwen3-4b-keep4-s123,qwen3-4b-keep4-s123:520:6,520,22,0,0,0,7,54
qwen3-4b-keep4-s123,qwen3-4b-keep4-s123:520:7,520,391,0,0,0,7,54
qwen3-4b-keep4-s123,qwen3-4b-keep4-s123:521:0,521,343,0,0,0,10,74
qwen3-4b-keep4-s123,qwen3-4b-keep4-s123:521:1,521,391,0,0,0,8,74
qwen3-4b-keep4-s123,qwen3-4b-keep4-s123:521:2,521,395,0,0,0,8,74
qwen3-4b-keep4-s123,qwen3-4b-keep4-s123:521:3,521,407,0,0,0,8,74
qwen3-4b-keep4-s123,qwen3-4b-keep4-s123:521:4,521,349,0,0,0,8,74
qwen3-4b-keep4-s123,qwen3-4b-keep4-s123:521:5,521,378,0,0,0,9,74
qwen3-4b-keep4-s123,qwen3-4b-keep4-s123:521:6,521,306,0,0,0,6,74
qwen3-4b-keep4-s123,qwen3-4b-keep4-s123:521:7,521,36,0,0,0,7,74
qwen3-4b-keep4-s123,qwen3-4b-keep4-s123:524:1,524,347,0,0,0,11,67
qwen3-4b-keep4-s123,qwen3-4b-keep4-s123:524:2,524,396,0,0,0,12,67
qwen3-4b-keep4-s123,qwen3-4b-keep4-s123:524:6,524,474,0,0,0,10,67
qwen3-4b-keep4-s123,qwen3-4b-keep4-s123:524:7,524,452,0,0,0,8,67
qwen3-4b-keep4-s123,qwen3-4b-keep4-s123:525:1,525,400,0,0,0,6,40
qwen3-4b-keep4-s123,qwen3-4b-keep4-s123:525:2,525,307,0,0,0,7,40
qwen3-4b-keep4-s123,qwen3-4b-keep4-s123:525:3,525,468,0,0,0,4,40
qwen3-4b-keep4-s123,qwen3-4b-keep4-s123:525:4,525,486,0,0,0,5,40
qwen3-4b-keep4-s123,qwen3-4b-keep4-s123:525:5,525,370,0,0,0,6,40
qwen3-4b-keep4-s123,qwen3-4b-keep4-s123:525:6,525,380,0,0,0,5,40
qwen3-4b-keep4-s123,qwen3-4b-keep4-s123:527:2,527,64,0,0,0,22,53
qwen3-4b-keep4-s123,qwen3-4b-keep4-s123:528:2,528,568,0,0,0,17,40
qwen3-4b-keep4-s123,qwen3-4b-keep4-s123:530:2,530,459,0,0,0,51,65
qwen3-4b-keep4-s123,qwen3-4b-keep4-s123:530:6,530,4,0,0,0,52,65
qwen3-4b-keep4-s123,qwen3-4b-keep4-s123:531:0,531,414,0,0,0,1,91
qwen3-4b-keep4-s123,qwen3-4b-keep4-s123:531:1,531,472,0,0,0,7,91
qwen3-4b-keep4-s123,qwen3-4b-keep4-s123:531:2,531,430,0,0,0,7,91
qwen3-4b-keep4-s123,qwen3-4b-keep4-s123:531:3,531,298,0,0,0,5,91
qwen3-4b-keep4-s123,qwen3-4b-keep4-s123:531:4,531,477,0,0,0,1,91
qwen3-4b-keep4-s123,qwen3-4b-keep4-s123:531:5,531,426,0,0,0,5,91
qwen3-4b-keep4-s123,qwen3-4b-keep4-s123:531:6,531,376,0,0,0,8,91
qwen3-4b-keep4-s123,qwen3-4b-keep4-s123:531:7,531,273,0,0,0,5,91
qwen3-4b-keep4-s123,qwen3-4b-keep4-s123:533:0,533,378,0,0,0,10,44
qwen3-4b-keep4-s123,qwen3-4b-keep4-s123:533:1,533,321,0,0,0,15,44
qwen3-4b-keep4-s123,qwen3-4b-keep4-s123:533:2,533,289,0,0,0,18,44
qwen3-4b-keep4-s123,qwen3-4b-keep4-s123:533:6,533,50,0,0,0,15,44
qwen3-4b-keep4-s123,qwen3-4b-keep4-s123:533:7,533,351,0,0,0,20,44
qwen3-4b-keep4-s123,qwen3-4b-keep4-s123:537:0,537,516,0,0,0,23,53
qwen3-4b-keep4-s123,qwen3-4b-keep4-s123:537:2,537,515,0,0,0,26,53
qwen3-4b-keep4-s123,qwen3-4b-keep4-s123:537:3,537,40,0,0,0,17,53
qwen3-4b-keep4-s123,qwen3-4b-keep4-s123:537:5,537,5,0,0,0,18,53
qwen3-4b-keep4-s123,qwen3-4b-keep4-s123:538:0,538,506,0,0,0,12,39
qwen3-4b-keep4-s123,qwen3-4b-keep4-s123:538:1,538,0,0,0,0,11,39
qwen3-4b-keep4-s123,qwen3-4b-keep4-s123:538:2,538,5,0,0,0,9,39
qwen3-4b-keep4-s123,qwen3-4b-keep4-s123:538:4,538,315,0,0,0,11,39
qwen3-4b-keep4-s123,qwen3-4b-keep4-s123:538:6,538,103,0,0,0,8,39
qwen3-4b-keep4-s123,qwen3-4b-keep4-s123:539:1,539,235,0,0,0,7,72
qwen3-4b-keep4-s123,qwen3-4b-keep4-s123:539:2,539,347,0,0,0,9,72
qwen3-4b-keep4-s123,qwen3-4b-keep4-s123:539:4,539,202,0,0,0,22,72
qwen3-4b-keep4-s123,qwen3-4b-keep4-s123:539:6,539,20,13,0,0,7,72
qwen3-4b-keep4-s123,qwen3-4b-keep4-s123:539:7,539,244,0,0,0,10,72
qwen3-4b-keep4-s123,qwen3-4b-keep4-s123:540:1,540,9,0,0,0,40,64
qwen3-4b-keep4-s123,qwen3-4b-keep4-s123:540:4,540,242,0,0,0,38,64
qwen3-4b-keep4-s123,qwen3-4b-keep4-s123:541:1,541,506,0,0,0,8,35
qwen3-4b-keep4-s123,qwen3-4b-keep4-s123:541:3,541,263,1,0,0,16,35
qwen3-4b-keep4-s123,qwen3-4b-keep4-s123:541:4,541,441,0,0,0,16,35
qwen3-4b-keep4-s123,qwen3-4b-keep4-s123:541:5,541,586,0,0,0,15,35
qwen3-4b-keep4-s123,qwen3-4b-keep4-s123:541:6,541,0,0,0,0,21,35
qwen3-4b-keep4-s123,qwen3-4b-keep4-s123:541:7,541,537,0,0,0,11,35
qwen3-4b-keep4-s123,qwen3-4b-keep4-s123:544:4,544,0,0,0,0,77,102
qwen3-4b-keep4-s123,qwen3-4b-keep4-s123:545:2,545,47,0,0,0,24,67
qwen3-4b-keep4-s123,qwen3-4b-keep4-s123:546:3,546,2,0,0,0,43,81
qwen3-4b-keep4-s123,qwen3-4b-keep4-s123:546:4,546,53,0,0,0,45,81
qwen3-4b-keep4-s123,qwen3-4b-keep4-s123:546:7,546,359,0,0,0,46,81
qwen3-4b-keep4-s123,qwen3-4b-keep4-s123:547:0,547,388,0,0,0,19,83
qwen3-4b-keep4-s123,qwen3-4b-keep4-s123:547:1,547,446,0,0,0,12,83
qwen3-4b-keep4-s123,qwen3-4b-keep4-s123:547:2,547,235,0,0,0,34,83
qwen3-4b-keep4-s123,qwen3-4b-keep4-s123:547:3,547,402,0,0,0,26,83
qwen3-4b-keep4-s123,qwen3-4b-keep4-s123:547:4,547,413,0,0,0,14,83
qwen3-4b-keep4-s123,qwen3-4b-keep4-s123:547:5,547,513,0,0,0,11,83
qwen3-4b-keep4-s123,qwen3-4b-keep4-s123:547:6,547,298,0,0,0,21,83
qwen3-4b-keep4-s123,qwen3-4b-keep4-s123:547:7,547,386,0,0,0,17,83
qwen3-4b-keep4-s123,qwen3-4b-keep4-s123:548:0,548,236,0,0,0,6,47
qwen3-4b-keep4-s123,qwen3-4b-keep4-s123:548:1,548,1,0,0,0,8,47
qwen3-4b-keep4-s123,qwen3-4b-keep4-s123:548:2,548,262,0,0,0,3,47
qwen3-4b-keep4-s123,qwen3-4b-keep4-s123:548:3,548,5,0,0,0,3,47
qwen3-4b-keep4-s123,qwen3-4b-keep4-s123:548:4,548,297,0,0,0,3,47
qwen3-4b-keep4-s123,qwen3-4b-keep4-s123:548:5,548,360,0,0,0,4,47
qwen3-4b-keep4-s123,qwen3-4b-keep4-s123:548:7,548,302,0,0,0,2,47
qwen3-4b-keep4-s123,qwen3-4b-keep4-s123:549:6,549,527,0,0,0,20,59
qwen3-4b-keep4-s123,qwen3-4b-keep4-s123:549:7,549,362,0,0,0,14,59
qwen3-4b-keep4-s123,qwen3-4b-keep4-s123:550:7,550,384,0,0,0,19,83
qwen3-4b-keep4-s123,qwen3-4b-keep4-s123:551:5,551,3,0,0,0,46,93
qwen3-4b-keep4-s123,qwen3-4b-keep4-s123:551:6,551,2,0,0,0,19,93
qwen3-4b-keep4-s123,qwen3-4b-keep4-s123:551:7,551,3,0,0,0,12,93
qwen3-4b-keep4-s123,qwen3-4b-keep4-s123:553:0,553,466,0,0,0,19,52
qwen3-4b-keep4-s123,qwen3-4b-keep4-s123:553:1,553,435,0,0,0,26,52
qwen3-4b-keep4-s123,qwen3-4b-keep4-s123:553:2,553,468,0,0,0,16,52
qwen3-4b-keep4-s123,qwen3-4b-keep4-s123:553:3,553,432,0,0,0,14,52
qwen3-4b-keep4-s123,qwen3-4b-keep4-s123:553:4,553,447,0,0,0,18,52
qwen3-4b-keep4-s123,qwen3-4b-keep4-s123:553:5,553,436,0,0,0,25,52
qwen3-4b-keep4-s123,qwen3-4b-keep4-s123:553:6,553,405,0,0,0,12,52
qwen3-4b-keep4-s123,qwen3-4b-keep4-s123:553:7,553,26,0,0,0,18,52
qwen3-4b-keep4-s123,qwen3-4b-keep4-s123:554:7,554,3,0,0,0,49,78
qwen3-4b-keep4-s123,qwen3-4b-keep4-s123:557:0,557,439,0,0,0,32,62
qwen3-4b-keep4-s123,qwen3-4b-keep4-s123:557:1,557,473,0,0,0,14,62
qwen3-4b-keep4-s123,qwen3-4b-keep4-s123:557:5,557,440,0,0,0,20,62
qwen3-4b-keep4-s123,qwen3-4b-keep4-s123:557:7,557,5,0,0,0,11,62
qwen3-4b-keep4-s123,qwen3-4b-keep4-s123:558:0,558,322,0,0,0,28,82
qwen3-4b-keep4-s123,qwen3-4b-keep4-s123:558:3,558,357,0,0,0,28,82
qwen3-4b-keep4-s123,qwen3-4b-keep4-s123:558:4,558,356,0,0,0,9,82
qwen3-4b-keep4-s123,qwen3-4b-keep4-s123:558:5,558,433,0,0,0,2,82
qwen3-4b-keep4-s123,qwen3-4b-keep4-s123:558:6,558,10,0,0,0,32,82
qwen3-4b-keep4-s123,qwen3-4b-keep4-s123:560:0,560,19,0,0,0,20,53
qwen3-4b-keep4-s123,qwen3-4b-keep4-s123:560:1,560,31,0,0,0,18,53
qwen3-4b-keep4-s123,qwen3-4b-keep4-s123:560:3,560,5,0,0,0,21,53
qwen3-4b-keep4-s123,qwen3-4b-keep4-s123:560:5,560,0,0,0,0,18,53
qwen3-4b-keep4-s123,qwen3-4b-keep4-s123:562:1,562,12,0,0,0,27,57
qwen3-4b-keep4-s123,qwen3-4b-keep4-s123:562:5,562,16,0,0,0,28,57
qwen3-4b-keep4-s123,qwen3-4b-keep4-s123:562:6,562,4,0,0,0,29,57
qwen3-4b-keep4-s123,qwen3-4b-keep4-s123:562:7,562,78,0,0,0,22,57
qwen3-4b-keep4-s123,qwen3-4b-keep4-s123:563:7,563,57,0,0,0,18,91
qwen3-4b-keep4-s123,qwen3-4b-keep4-s123:565:1,565,26,0,0,0,29,50
qwen3-4b-keep4-s123,qwen3-4b-keep4-s123:565:2,565,32,0,0,0,28,50
qwen3-4b-keep4-s123,qwen3-4b-keep4-s123:565:7,565,352,0,0,0,25,50
qwen3-4b-keep4-s123,qwen3-4b-keep4-s123:566:2,566,461,0,0,0,13,46
qwen3-4b-keep4-s123,qwen3-4b-keep4-s123:568:0,568,371,0,0,0,0,35
qwen3-4b-keep4-s123,qwen3-4b-keep4-s123:568:2,568,413,0,0,0,9,35
qwen3-4b-keep4-s123,qwen3-4b-keep4-s123:568:4,568,114,0,0,0,9,35
qwen3-4b-keep4-s123,qwen3-4b-keep4-s123:568:7,568,464,0,0,0,7,35
qwen3-4b-keep4-s123,qwen3-4b-keep4-s123:569:0,569,420,0,0,0,19,127
qwen3-4b-keep4-s123,qwen3-4b-keep4-s123:569:1,569,229,0,0,0,24,127
qwen3-4b-keep4-s123,qwen3-4b-keep4-s123:569:2,569,400,0,0,0,7,127
qwen3-4b-keep4-s123,qwen3-4b-keep4-s123:569:3,569,444,0,0,0,8,127
qwen3-4b-keep4-s123,qwen3-4b-keep4-s123:569:4,569,347,0,0,0,9,127
qwen3-4b-keep4-s123,qwen3-4b-keep4-s123:569:5,569,433,0,0,0,12,127
qwen3-4b-keep4-s123,qwen3-4b-keep4-s123:569:6,569,383,16,0,0,7,127
qwen3-4b-keep4-s123,qwen3-4b-keep4-s123:569:7,569,287,0,0,0,17,127
qwen3-4b-keep4-s123,qwen3-4b-keep4-s123:570:1,570,403,0,0,0,8,33
qwen3-4b-keep4-s123,qwen3-4b-keep4-s123:570:3,570,0,0,0,0,14,33
qwen3-4b-keep4-s123,qwen3-4b-keep4-s123:570:5,570,10,0,0,0,7,33
qwen3-4b-keep4-s123,qwen3-4b-keep4-s123:572:2,572,458,0,0,0,12,29
qwen3-4b-keep4-s123,qwen3-4b-keep4-s123:572:3,572,423,0,0,0,13,29
qwen3-4b-keep4-s123,qwen3-4b-keep4-s123:572:4,572,0,0,0,0,10,29
qwen3-4b-keep4-s123,qwen3-4b-keep4-s123:573:0,573,195,0,0,0,10,101
qwen3-4b-keep4-s123,qwen3-4b-keep4-s123:573:4,573,187,0,0,0,17,101
qwen3-4b-keep4-s123,qwen3-4b-keep4-s123:573:5,573,86,76,0,0,21,101
qwen3-4b-keep4-s123,qwen3-4b-keep4-s123:573:6,573,45,0,0,0,10,101
qwen3-4b-keep4-s123,qwen3-4b-keep4-s123:575:5,575,0,0,0,0,17,72
qwen3-4b-keep4-s123,qwen3-4b-keep4-s123:576:0,576,286,0,0,0,13,83
qwen3-4b-keep4-s123,qwen3-4b-keep4-s123:576:1,576,281,0,0,0,20,83
qwen3-4b-keep4-s123,qwen3-4b-keep4-s123:576:2,576,58,32,1,3,15,83
qwen3-4b-keep4-s123,qwen3-4b-keep4-s123:576:4,576,453,0,0,0,6,83
qwen3-4b-keep4-s123,qwen3-4b-keep4-s123:576:5,576,173,0,0,0,16,83
qwen3-4b-keep4-s123,qwen3-4b-keep4-s123:576:7,576,271,0,0,0,15,83
qwen3-4b-keep4-s123,qwen3-4b-keep4-s123:577:6,577,393,0,0,0,8,53
qwen3-4b-keep4-s123,qwen3-4b-keep4-s123:578:2,578,10,0,0,0,13,27
qwen3-4b-keep4-s123,qwen3-4b-keep4-s123:579:0,579,422,0,0,0,23,94
qwen3-4b-keep4-s123,qwen3-4b-keep4-s123:579:1,579,143,74,2,4,32,94
qwen3-4b-keep4-s123,qwen3-4b-keep4-s123:579:7,579,334,0,0,0,55,94
qwen3-4b-keep4-s123,qwen3-4b-keep4-s123:583:0,583,3,0,0,0,1,25
qwen3-4b-keep4-s123,qwen3-4b-keep4-s123:583:3,583,449,444,0,0,8,25
qwen3-4b-keep4-s123,qwen3-4b-keep4-s123:583:6,583,5,1,0,0,5,25
qwen3-4b-keep4-s123,qwen3-4b-keep4-s123:585:1,585,4,0,0,0,16,64
qwen3-4b-keep4-s123,qwen3-4b-keep4-s123:585:4,585,451,0,0,0,16,64
qwen3-4b-keep4-s123,qwen3-4b-keep4-s123:585:5,585,20,0,0,0,9,64
qwen3-4b-keep4-s123,qwen3-4b-keep4-s123:585:7,585,472,0,0,0,18,64
qwen3-4b-keep4-s123,qwen3-4b-keep4-s123:587:3,587,40,0,0,0,19,87
qwen3-4b-keep4-s123,qwen3-4b-keep4-s123:587:4,587,262,0,0,0,17,87
qwen3-4b-keep4-s123,qwen3-4b-keep4-s123:587:5,587,429,0,0,0,15,87
qwen3-4b-keep4-s123,qwen3-4b-keep4-s123:587:7,587,346,0,0,0,14,87
qwen3-4b-keep4-s123,qwen3-4b-keep4-s123:588:0,588,411,20,1,0,17,46
qwen3-4b-keep4-s123,qwen3-4b-keep4-s123:588:3,588,418,0,0,0,20,46
qwen3-4b-keep4-s123,qwen3-4b-keep4-s123:588:7,588,423,0,0,0,20,46
qwen3-4b-keep4-s123,qwen3-4b-keep4-s123:589:3,589,6,0,0,0,14,51
qwen3-4b-keep4-s123,qwen3-4b-keep4-s123:589:4,589,3,0,0,0,14,51
qwen3-4b-keep4-s123,qwen3-4b-keep4-s123:589:5,589,443,0,0,0,12,51
qwen3-4b-keep4-s123,qwen3-4b-keep4-s123:589:6,589,392,0,0,0,7,51
qwen3-4b-keep4-s123,qwen3-4b-keep4-s123:590:0,590,311,0,0,0,7,41
qwen3-4b-keep4-s123,qwen3-4b-keep4-s123:590:1,590,233,0,0,0,5,41
qwen3-4b-keep4-s123,qwen3-4b-keep4-s123:590:2,590,2,0,0,0,7,41
qwen3-4b-keep4-s123,qwen3-4b-keep4-s123:590:3,590,313,0,0,0,3,41
qwen3-4b-keep4-s123,qwen3-4b-keep4-s123:590:4,590,377,0,0,0,2,41
qwen3-4b-keep4-s123,qwen3-4b-keep4-s123:590:5,590,270,0,0,0,5,41
qwen3-4b-keep4-s123,qwen3-4b-keep4-s123:590:6,590,30,0,0,0,3,41
qwen3-4b-keep4-s123,qwen3-4b-keep4-s123:590:7,590,375,0,0,0,4,41
qwen3-4b-keep4-s123,qwen3-4b-keep4-s123:591:1,591,8,0,0,0,9,40
qwen3-4b-keep4-s123,qwen3-4b-keep4-s123:591:2,591,490,0,0,0,8,40
qwen3-4b-keep4-s123,qwen3-4b-keep4-s123:591:3,591,1,0,0,0,11,40
qwen3-4b-keep4-s123,qwen3-4b-keep4-s123:591:6,591,21,0,0,0,17,40
qwen3-4b-keep4-s123,qwen3-4b-keep4-s123:592:0,592,376,0,0,0,19,71
qwen3-4b-keep4-s123,qwen3-4b-keep4-s123:592:1,592,5,0,0,0,11,71
qwen3-4b-keep4-s123,qwen3-4b-keep4-s123:592:2,592,422,0,0,0,21,71
qwen3-4b-keep4-s123,qwen3-4b-keep4-s123:592:3,592,483,0,0,0,27,71
qwen3-4b-keep4-s123,qwen3-4b-keep4-s123:592:6,592,448,0,0,0,18,71
qwen3-4b-keep4-s123,qwen3-4b-keep4-s123:592:7,592,396,0,0,0,11,71
qwen3-4b-keep4-s123,qwen3-4b-keep4-s123:594:0,594,3,0,0,0,22,40
qwen3-4b-keep4-s123,qwen3-4b-keep4-s123:594:1,594,412,0,0,0,23,40
qwen3-4b-keep4-s123,qwen3-4b-keep4-s123:594:2,594,404,0,0,0,18,40
qwen3-4b-keep4-s123,qwen3-4b-keep4-s123:594:3,594,450,0,0,0,22,40
qwen3-4b-keep4-s123,qwen3-4b-keep4-s123:595:0,595,345,0,0,0,14,29
qwen3-4b-keep4-s123,qwen3-4b-keep4-s123:595:1,595,510,0,0,0,4,29
qwen3-4b-keep4-s123,qwen3-4b-keep4-s123:595:2,595,21,0,0,0,2,29
qwen3-4b-keep4-s123,qwen3-4b-keep4-s123:595:3,595,224,0,0,0,2,29
qwen3-4b-keep4-s123,qwen3-4b-keep4-s123:595:4,595,362,0,0,0,1,29
qwen3-4b-keep4-s123,qwen3-4b-keep4-s123:595:5,595,50,0,0,0,1,29
qwen3-4b-keep4-s123,qwen3-4b-keep4-s123:595:6,595,335,0,0,0,0,29
qwen3-4b-keep4-s123,qwen3-4b-keep4-s123:596:1,596,8,0,0,0,25,29
qwen3-4b-keep4-s123,qwen3-4b-keep4-s123:596:5,596,323,0,0,0,20,29
qwen3-4b-keep4-s123,qwen3-4b-keep4-s123:596:6,596,24,0,0,0,25,29
qwen3-4b-keep4-s123,qwen3-4b-keep4-s123:596:7,596,47,0,0,0,24,29
qwen3-4b-keep4-s123,qwen3-4b-keep4-s123:600:2,600,3,0,0,0,21,55
qwen3-4b-keep4-s123,qwen3-4b-keep4-s123:600:3,600,465,0,0,0,15,55
qwen3-4b-keep4-s123,qwen3-4b-keep4-s123:601:2,601,406,0,0,0,26,50
qwen3-4b-keep4-s123,qwen3-4b-keep4-s123:601:4,601,13,0,0,0,34,50
qwen3-4b-keep4-s123,qwen3-4b-keep4-s123:602:0,602,47,0,0,0,14,61
qwen3-4b-keep4-s123,qwen3-4b-keep4-s123:602:2,602,338,0,0,0,27,61
qwen3-4b-keep4-s123,qwen3-4b-keep4-s123:602:3,602,598,0,0,0,20,61
qwen3-4b-keep4-s123,qwen3-4b-keep4-s123:602:4,602,0,0,0,0,17,61
qwen3-4b-keep4-s123,qwen3-4b-keep4-s123:604:0,604,283,0,0,0,37,126
qwen3-4b-keep4-s123,qwen3-4b-keep4-s123:604:1,604,369,0,0,0,36,126
qwen3-4b-keep4-s123,qwen3-4b-keep4-s123:604:2,604,50,0,0,0,50,126
qwen3-4b-keep4-s123,qwen3-4b-keep4-s123:604:3,604,322,0,0,0,34,126
qwen3-4b-keep4-s123,qwen3-4b-keep4-s123:604:4,604,5,0,0,0,32,126
qwen3-4b-keep4-s123,qwen3-4b-keep4-s123:604:7,604,317,0,0,0,41,126
qwen3-4b-keep4-s123,qwen3-4b-keep4-s123:605:0,605,64,48,3,3,18,102
qwen3-4b-keep4-s123,qwen3-4b-keep4-s123:605:1,605,434,0,0,0,16,102
qwen3-4b-keep4-s123,qwen3-4b-keep4-s123:605:2,605,31,0,0,0,21,102
qwen3-4b-keep4-s123,qwen3-4b-keep4-s123:605:3,605,381,0,0,0,29,102
qwen3-4b-keep4-s123,qwen3-4b-keep4-s123:605:5,605,18,0,0,0,36,102
qwen3-4b-keep4-s123,qwen3-4b-keep4-s123:605:6,605,483,0,0,0,22,102
qwen3-4b-keep4-s123,qwen3-4b-keep4-s123:605:7,605,378,0,0,0,21,102
qwen3-4b-keep4-s123,qwen3-4b-keep4-s123:606:3,606,37,0,0,0,21,42
qwen3-4b-keep4-s123,qwen3-4b-keep4-s123:606:7,606,508,0,0,0,16,42
qwen3-4b-keep4-s123,qwen3-4b-keep4-s123:607:0,607,309,0,0,0,10,16
qwen3-4b-keep4-s123,qwen3-4b-keep4-s123:607:2,607,240,0,0,0,0,16
qwen3-4b-keep4-s123,qwen3-4b-keep4-s123:607:3,607,32,0,0,0,3,16
qwen3-4b-keep4-s123,qwen3-4b-keep4-s123:607:6,607,357,0,0,0,0,16
qwen3-4b-keep4-s123,qwen3-4b-keep4-s123:608:0,608,9,0,0,0,47,69
qwen3-4b-keep4-s123,qwen3-4b-keep4-s123:608:5,608,371,0,0,0,39,69
qwen3-4b-keep4-s123,qwen3-4b-keep4-s123:609:0,609,9,0,0,0,46,84
qwen3-4b-keep4-s123,qwen3-4b-keep4-s123:609:2,609,322,0,0,0,35,84
qwen3-4b-keep4-s123,qwen3-4b-keep4-s123:609:3,609,465,0,0,0,32,84
qwen3-4b-keep4-s123,qwen3-4b-keep4-s123:609:4,609,454,0,0,0,32,84
qwen3-4b-keep4-s123,qwen3-4b-keep4-s123:609:5,609,312,0,0,0,37,84
qwen3-4b-keep4-s123,qwen3-4b-keep4-s123:609:7,609,45,0,0,0,42,84
qwen3-4b-keep4-s123,qwen3-4b-keep4-s123:610:0,610,38,0,0,0,8,71
qwen3-4b-keep4-s123,qwen3-4b-keep4-s123:610:1,610,401,0,0,0,8,71
qwen3-4b-keep4-s123,qwen3-4b-keep4-s123:610:2,610,273,0,0,0,11,71
qwen3-4b-keep4-s123,qwen3-4b-keep4-s123:610:3,610,366,0,0,0,11,71
qwen3-4b-keep4-s123,qwen3-4b-keep4-s123:610:4,610,446,0,0,0,7,71
qwen3-4b-keep4-s123,qwen3-4b-keep4-s123:610:5,610,392,0,0,0,8,71
qwen3-4b-keep4-s123,qwen3-4b-keep4-s123:610:6,610,418,0,0,0,10,71
qwen3-4b-keep4-s123,qwen3-4b-keep4-s123:610:7,610,370,0,0,0,9,71
qwen3-4b-keep4-s123,qwen3-4b-keep4-s123:611:0,611,1,0,0,0,8,30
qwen3-4b-keep4-s123,qwen3-4b-keep4-s123:612:2,612,334,0,0,0,28,116
qwen3-4b-keep4-s123,qwen3-4b-keep4-s123:612:3,612,13,0,0,0,31,116
qwen3-4b-keep4-s123,qwen3-4b-keep4-s123:613:1,613,449,0,0,0,22,64
qwen3-4b-keep4-s123,qwen3-4b-keep4-s123:613:2,613,457,0,0,0,9,64
qwen3-4b-keep4-s123,qwen3-4b-keep4-s123:613:4,613,431,0,0,0,30,64
qwen3-4b-keep4-s123,qwen3-4b-keep4-s123:613:7,613,409,0,0,0,29,64
qwen3-4b-keep4-s123,qwen3-4b-keep4-s123:615:0,615,464,0,0,0,17,66
qwen3-4b-keep4-s123,qwen3-4b-keep4-s123:615:3,615,406,0,0,0,21,66
qwen3-4b-keep4-s123,qwen3-4b-keep4-s123:615:5,615,2,0,0,0,18,66
qwen3-4b-keep4-s123,qwen3-4b-keep4-s123:615:7,615,36,0,0,0,20,66
qwen3-4b-keep4-s123,qwen3-4b-keep4-s123:616:0,616,457,0,0,0,7,71
qwen3-4b-keep4-s123,qwen3-4b-keep4-s123:616:1,616,380,0,0,0,9,71
qwen3-4b-keep4-s123,qwen3-4b-keep4-s123:616:2,616,251,0,0,0,11,71
qwen3-4b-keep4-s123,qwen3-4b-keep4-s123:616:3,616,27,0,0,0,17,71
qwen3-4b-keep4-s123,qwen3-4b-keep4-s123:616:4,616,25,0,0,0,13,71
qwen3-4b-keep4-s123,qwen3-4b-keep4-s123:616:5,616,384,0,0,0,12,71
qwen3-4b-keep4-s123,qwen3-4b-keep4-s123:616:6,616,86,0,0,0,12,71
qwen3-4b-keep4-s123,qwen3-4b-keep4-s123:616:7,616,370,0,0,0,13,71
qwen3-4b-keep4-s123,qwen3-4b-keep4-s123:617:0,617,478,0,0,0,7,79
qwen3-4b-keep4-s123,qwen3-4b-keep4-s123:617:1,617,545,73,3,3,13,79
qwen3-4b-keep4-s123,qwen3-4b-keep4-s123:617:2,617,475,0,0,0,15,79
qwen3-4b-keep4-s123,qwen3-4b-keep4-s123:617:3,617,24,0,0,0,11,79
qwen3-4b-keep4-s123,qwen3-4b-keep4-s123:617:4,617,156,0,0,0,13,79
qwen3-4b-keep4-s123,qwen3-4b-keep4-s123:617:5,617,382,0,0,0,22,79
qwen3-4b-keep4-s123,qwen3-4b-keep4-s123:617:7,617,357,0,0,0,14,79
qwen3-4b-keep4-s123,qwen3-4b-keep4-s123:619:1,619,318,0,0,0,23,32
qwen3-4b-keep4-s123,qwen3-4b-keep4-s123:619:2,619,540,0,0,0,19,32
qwen3-4b-keep4-s123,qwen3-4b-keep4-s123:619:6,619,1,0,0,0,27,32
qwen3-4b-keep4-s123,qwen3-4b-keep4-s123:620:0,620,0,0,0,0,34,67
qwen3-4b-keep4-s123,qwen3-4b-keep4-s123:620:1,620,367,0,0,0,23,67
qwen3-4b-keep4-s123,qwen3-4b-keep4-s123:620:5,620,403,0,0,0,31,67
qwen3-4b-keep4-s123,qwen3-4b-keep4-s123:620:6,620,12,0,0,0,37,67
qwen3-4b-keep4-s123,qwen3-4b-keep4-s123:621:1,621,395,0,0,0,17,71
qwen3-4b-keep4-s123,qwen3-4b-keep4-s123:621:4,621,409,0,0,0,19,71
qwen3-4b-keep4-s123,qwen3-4b-keep4-s123:621:6,621,471,0,0,0,22,71
qwen3-4b-keep4-s123,qwen3-4b-keep4-s123:623:3,623,1,0,0,0,24,46
qwen3-4b-keep4-s123,qwen3-4b-keep4-s123:623:7,623,22,0,0,0,19,46
qwen3-4b-keep4-s123,qwen3-4b-keep4-s123:624:5,624,411,0,0,0,13,69
qwen3-4b-keep4-s123,qwen3-4b-keep4-s123:624:6,624,358,0,0,0,18,69
qwen3-4b-keep4-s123,qwen3-4b-keep4-s123:624:7,624,3,0,0,0,21,69
qwen3-4b-keep4-s123,qwen3-4b-keep4-s123:625:5,625,401,0,0,0,12,39
qwen3-4b-keep4-s123,qwen3-4b-keep4-s123:625:6,625,372,0,0,0,11,39
qwen3-4b-keep4-s123,qwen3-4b-keep4-s123:625:7,625,113,0,0,0,7,39
qwen3-4b-keep4-s123,qwen3-4b-keep4-s123:626:7,626,446,0,0,0,35,56
qwen3-4b-keep4-s123,qwen3-4b-keep4-s123:627:0,627,417,0,0,0,19,45
qwen3-4b-keep4-s123,qwen3-4b-keep4-s123:627:1,627,400,0,0,0,21,45
qwen3-4b-keep4-s123,qwen3-4b-keep4-s123:627:2,627,448,0,0,0,23,45
qwen3-4b-keep4-s123,qwen3-4b-keep4-s123:627:3,627,332,0,0,0,19,45
qwen3-4b-keep4-s123,qwen3-4b-keep4-s123:627:4,627,491,0,0,0,18,45
qwen3-4b-keep4-s123,qwen3-4b-keep4-s123:627:5,627,400,0,0,0,16,45
qwen3-4b-keep4-s123,qwen3-4b-keep4-s123:627:6,627,443,0,0,0,16,45
qwen3-4b-keep4-s123,qwen3-4b-keep4-s123:627:7,627,427,0,0,0,22,45
qwen3-4b-keep4-s123,qwen3-4b-keep4-s123:628:0,628,305,0,0,0,12,28
qwen3-4b-keep4-s123,qwen3-4b-keep4-s123:628:2,628,354,2,0,0,14,28
qwen3-4b-keep4-s123,qwen3-4b-keep4-s123:628:3,628,363,0,0,0,12,28
qwen3-4b-keep4-s123,qwen3-4b-keep4-s123:628:6,628,381,0,0,0,13,28
qwen3-4b-keep4-s123,qwen3-4b-keep4-s123:629:0,629,393,0,0,0,17,53
qwen3-4b-keep4-s123,qwen3-4b-keep4-s123:629:3,629,10,0,0,0,16,53
qwen3-4b-keep4-s123,qwen3-4b-keep4-s123:631:0,631,35,0,0,0,39,72
qwen3-4b-keep4-s123,qwen3-4b-keep4-s123:631:1,631,452,0,0,0,38,72
qwen3-4b-keep4-s123,qwen3-4b-keep4-s123:631:3,631,525,0,0,0,35,72
qwen3-4b-keep4-s123,qwen3-4b-keep4-s123:631:4,631,431,0,0,0,36,72
qwen3-4b-keep4-s123,qwen3-4b-keep4-s123:631:5,631,1,0,0,0,35,72
qwen3-4b-keep4-s123,qwen3-4b-keep4-s123:631:6,631,462,0,0,0,33,72
qwen3-4b-keep4-s123,qwen3-4b-keep4-s123:631:7,631,485,0,0,0,36,72
qwen3-4b-keep4-s123,qwen3-4b-keep4-s123:632:0,632,406,0,0,0,10,40
qwen3-4b-keep4-s123,qwen3-4b-keep4-s123:632:1,632,303,0,0,0,10,40
qwen3-4b-keep4-s123,qwen3-4b-keep4-s123:632:2,632,360,0,0,0,10,40
qwen3-4b-keep4-s123,qwen3-4b-keep4-s123:632:3,632,514,0,0,0,9,40
qwen3-4b-keep4-s123,qwen3-4b-keep4-s123:632:4,632,417,0,0,0,18,40
qwen3-4b-keep4-s123,qwen3-4b-keep4-s123:632:5,632,396,0,0,0,8,40
qwen3-4b-keep4-s123,qwen3-4b-keep4-s123:632:6,632,17,0,0,0,7,40
qwen3-4b-keep4-s123,qwen3-4b-keep4-s123:632:7,632,126,0,0,0,16,40
qwen3-4b-keep4-s123,qwen3-4b-keep4-s123:633:6,633,14,0,0,0,1,22
qwen3-4b-keep4-s123,qwen3-4b-keep4-s123:634:7,634,2,0,0,0,22,46
qwen3-4b-keep4-s123,qwen3-4b-keep4-s123:635:0,635,370,0,0,0,13,65
qwen3-4b-keep4-s123,qwen3-4b-keep4-s123:635:1,635,31,0,0,0,8,65
qwen3-4b-keep4-s123,qwen3-4b-keep4-s123:635:2,635,500,0,0,0,3,65
qwen3-4b-keep4-s123,qwen3-4b-keep4-s123:635:4,635,445,61,0,4,14,65
qwen3-4b-keep4-s123,qwen3-4b-keep4-s123:635:5,635,215,0,0,0,15,65
qwen3-4b-keep4-s123,qwen3-4b-keep4-s123:635:6,635,284,0,0,0,8,65
qwen3-4b-keep4-s123,qwen3-4b-keep4-s123:635:7,635,399,31,0,0,6,65
qwen3-4b-keep4-s123,qwen3-4b-keep4-s123:639:5,639,1,0,0,0,21,50
qwen3-4b-keep4-s123,qwen3-4b-keep4-s123:642:0,642,11,0,0,0,20,34
qwen3-4b-keep4-s123,qwen3-4b-keep4-s123:642:3,642,4,0,0,0,13,34
qwen3-4b-keep4-s123,qwen3-4b-keep4-s123:642:6,642,4,0,0,0,5,34
qwen3-4b-keep4-s123,qwen3-4b-keep4-s123:642:7,642,12,0,0,0,16,34
qwen3-4b-keep4-s123,qwen3-4b-keep4-s123:643:4,643,0,0,0,0,18,54
qwen3-4b-keep4-s123,qwen3-4b-keep4-s123:643:6,643,4,0,0,0,19,54
qwen3-4b-keep4-s123,qwen3-4b-keep4-s123:644:0,644,458,0,0,0,7,69
qwen3-4b-keep4-s123,qwen3-4b-keep4-s123:644:1,644,371,0,0,0,16,69
qwen3-4b-keep4-s123,qwen3-4b-keep4-s123:644:2,644,352,0,0,0,5,69
qwen3-4b-keep4-s123,qwen3-4b-keep4-s123:644:3,644,399,0,0,0,15,69
qwen3-4b-keep4-s123,qwen3-4b-keep4-s123:644:4,644,277,0,0,0,6,69
qwen3-4b-keep4-s123,qwen3-4b-keep4-s123:644:5,644,35,0,0,0,12,69
qwen3-4b-keep4-s123,qwen3-4b-keep4-s123:644:7,644,2,0,0,0,4,69
qwen3-4b-keep4-s123,qwen3-4b-keep4-s123:645:0,645,338,0,0,0,14,81
qwen3-4b-keep4-s123,qwen3-4b-keep4-s123:645:4,645,16,0,0,0,31,81
qwen3-4b-keep4-s123,qwen3-4b-keep4-s123:647:6,647,3,0,0,0,18,44
qwen3-4b-keep4-s123,qwen3-4b-keep4-s123:647:7,647,4,0,0,0,19,44
qwen3-4b-keep4-s123,qwen3-4b-keep4-s123:649:4,649,35,0,0,0,58,65
qwen3-4b-keep4-s123,qwen3-4b-keep4-s123:651:0,651,192,9,0,1,19,73
qwen3-4b-keep4-s123,qwen3-4b-keep4-s123:651:1,651,459,0,0,0,17,73
qwen3-4b-keep4-s123,qwen3-4b-keep4-s123:651:2,651,401,0,0,0,14,73
qwen3-4b-keep4-s123,qwen3-4b-keep4-s123:651:3,651,505,0,0,0,10,73
qwen3-4b-keep4-s123,qwen3-4b-keep4-s123:651:4,651,406,0,0,0,8,73
qwen3-4b-keep4-s123,qwen3-4b-keep4-s123:651:5,651,481,0,0,0,9,73
qwen3-4b-keep4-s123,qwen3-4b-keep4-s123:651:6,651,443,37,0,4,15,73
qwen3-4b-keep4-s123,qwen3-4b-keep4-s123:651:7,651,368,0,0,0,23,73
qwen3-4b-keep4-s123,qwen3-4b-keep4-s123:652:1,652,171,0,0,0,15,97
qwen3-4b-keep4-s123,qwen3-4b-keep4-s123:652:3,652,310,0,0,0,23,97
qwen3-4b-keep4-s123,qwen3-4b-keep4-s123:652:4,652,323,0,0,0,35,97
qwen3-4b-keep4-s123,qwen3-4b-keep4-s123:652:5,652,298,0,0,0,58,97
qwen3-4b-keep4-s123,qwen3-4b-keep4-s123:652:6,652,261,0,0,0,55,97
qwen3-4b-keep4-s123,qwen3-4b-keep4-s123:652:7,652,24,0,0,0,30,97
qwen3-4b-keep4-s123,qwen3-4b-keep4-s123:654:0,654,563,0,0,0,8,27
qwen3-4b-keep4-s123,qwen3-4b-keep4-s123:654:1,654,492,0,0,0,9,27
qwen3-4b-keep4-s123,qwen3-4b-keep4-s123:654:2,654,437,0,0,0,13,27
qwen3-4b-keep4-s123,qwen3-4b-keep4-s123:654:3,654,534,0,0,0,12,27
qwen3-4b-keep4-s123,qwen3-4b-keep4-s123:654:4,654,530,0,0,0,10,27
qwen3-4b-keep4-s123,qwen3-4b-keep4-s123:654:5,654,508,0,0,0,6,27
qwen3-4b-keep4-s123,qwen3-4b-keep4-s123:654:6,654,276,0,0,0,8,27
qwen3-4b-keep4-s123,qwen3-4b-keep4-s123:654:7,654,410,0,0,0,8,27
qwen3-4b-keep4-s123,qwen3-4b-keep4-s123:656:0,656,431,0,0,0,7,41
qwen3-4b-keep4-s123,qwen3-4b-keep4-s123:656:1,656,464,0,0,0,11,41
qwen3-4b-keep4-s123,qwen3-4b-keep4-s123:656:4,656,600,0,0,0,8,41
qwen3-4b-keep4-s123,qwen3-4b-keep4-s123:656:6,656,5,0,0,0,12,41
qwen3-4b-keep4-s123,qwen3-4b-keep4-s123:656:7,656,15,0,0,0,5,41
qwen3-4b-keep4-s123,qwen3-4b-keep4-s123:657:1,657,0,0,0,0,13,43
qwen3-4b-keep4-s123,qwen3-4b-keep4-s123:657:2,657,0,0,0,0,15,43
qwen3-4b-keep4-s123,qwen3-4b-keep4-s123:657:5,657,360,0,0,0,12,43
qwen3-4b-keep4-s123,qwen3-4b-keep4-s123:657:7,657,427,0,0,0,11,43
qwen3-4b-keep4-s123,qwen3-4b-keep4-s123:658:0,658,11,0,0,0,9,28
qwen3-4b-keep4-s123,qwen3-4b-keep4-s123:658:5,658,37,0,0,0,7,28
qwen3-4b-keep4-s123,qwen3-4b-keep4-s123:660:1,660,366,0,0,0,34,95
qwen3-4b-keep4-s123,qwen3-4b-keep4-s123:660:4,660,283,0,0,0,31,95
qwen3-4b-keep4-s123,qwen3-4b-keep4-s123:662:3,662,376,0,0,0,37,74
qwen3-4b-keep4-s123,qwen3-4b-keep4-s123:663:1,663,196,0,0,0,22,75
qwen3-4b-keep4-s123,qwen3-4b-keep4-s123:664:0,664,278,0,0,0,20,53
qwen3-4b-keep4-s123,qwen3-4b-keep4-s123:664:3,664,372,0,0,0,16,53
qwen3-4b-keep4-s123,qwen3-4b-keep4-s123:664:4,664,5,0,0,0,17,53
qwen3-4b-keep4-s123,qwen3-4b-keep4-s123:664:5,664,498,0,0,0,17,53
qwen3-4b-keep4-s123,qwen3-4b-keep4-s123:664:7,664,436,0,0,0,21,53
qwen3-4b-keep4-s123,qwen3-4b-keep4-s123:665:0,665,472,0,0,0,16,82
qwen3-4b-keep4-s123,qwen3-4b-keep4-s123:665:1,665,480,0,0,0,9,82
qwen3-4b-keep4-s123,qwen3-4b-keep4-s123:665:2,665,24,0,0,0,13,82
qwen3-4b-keep4-s123,qwen3-4b-keep4-s123:665:3,665,453,0,0,0,13,82
qwen3-4b-keep4-s123,qwen3-4b-keep4-s123:665:4,665,451,0,0,0,4,82
qwen3-4b-keep4-s123,qwen3-4b-keep4-s123:665:5,665,484,0,0,0,4,82
qwen3-4b-keep4-s123,qwen3-4b-keep4-s123:665:6,665,408,0,0,0,8,82
qwen3-4b-keep4-s123,qwen3-4b-keep4-s123:665:7,665,494,0,0,0,8,82
qwen3-4b-keep4-s123,qwen3-4b-keep4-s123:666:0,666,106,41,1,2,26,58
qwen3-4b-keep4-s123,qwen3-4b-keep4-s123:666:1,666,57,0,0,0,24,58
qwen3-4b-keep4-s123,qwen3-4b-keep4-s123:666:2,666,433,44,1,8,31,58
qwen3-4b-keep4-s123,qwen3-4b-keep4-s123:667:0,667,316,0,0,0,17,53
qwen3-4b-keep4-s123,qwen3-4b-keep4-s123:667:2,667,321,0,0,0,25,53
qwen3-4b-keep4-s123,qwen3-4b-keep4-s123:667:4,667,305,0,0,0,21,53
qwen3-4b-keep4-s123,qwen3-4b-keep4-s123:667:5,667,403,0,0,0,26,53
qwen3-4b-keep4-s123,qwen3-4b-keep4-s123:668:0,668,359,0,0,0,18,84
qwen3-4b-keep4-s123,qwen3-4b-keep4-s123:668:1,668,20,0,0,0,26,84
qwen3-4b-keep4-s123,qwen3-4b-keep4-s123:668:2,668,354,0,0,0,31,84
qwen3-4b-keep4-s123,qwen3-4b-keep4-s123:668:3,668,5,0,0,0,18,84
qwen3-4b-keep4-s123,qwen3-4b-keep4-s123:668:4,668,3,0,0,0,30,84
qwen3-4b-keep4-s123,qwen3-4b-keep4-s123:668:5,668,450,0,0,0,15,84
qwen3-4b-keep4-s123,qwen3-4b-keep4-s123:668:6,668,462,0,0,0,7,84
qwen3-4b-keep4-s123,qwen3-4b-keep4-s123:668:7,668,400,0,0,0,25,84
qwen3-4b-keep4-s123,qwen3-4b-keep4-s123:669:0,669,33,0,0,0,32,67
qwen3-4b-keep4-s123,qwen3-4b-keep4-s123:670:0,670,416,0,0,0,14,46
qwen3-4b-keep4-s123,qwen3-4b-keep4-s123:670:1,670,88,0,0,0,18,46
qwen3-4b-keep4-s123,qwen3-4b-keep4-s123:670:4,670,409,0,0,0,23,46
qwen3-4b-keep4-s123,qwen3-4b-keep4-s123:670:5,670,428,0,0,0,7,46
qwen3-4b-keep4-s123,qwen3-4b-keep4-s123:671:4,671,4,0,0,0,21,41
qwen3-4b-keep4-s123,qwen3-4b-keep4-s123:672:0,672,473,0,0,0,6,48
qwen3-4b-keep4-s123,qwen3-4b-keep4-s123:672:1,672,568,0,0,0,6,48
qwen3-4b-keep4-s123,qwen3-4b-keep4-s123:672:2,672,317,0,0,0,12,48
qwen3-4b-keep4-s123,qwen3-4b-keep4-s123:672:4,672,543,0,0,0,5,48
qwen3-4b-keep4-s123,qwen3-4b-keep4-s123:672:5,672,408,0,0,0,6,48
qwen3-4b-keep4-s123,qwen3-4b-keep4-s123:672:6,672,14,0,0,0,12,48
qwen3-4b-keep4-s123,qwen3-4b-keep4-s123:672:7,672,459,0,0,0,6,48
qwen3-4b-keep4-s123,qwen3-4b-keep4-s123:673:0,673,0,0,0,0,11,40
qwen3-4b-keep4-s123,qwen3-4b-keep4-s123:673:2,673,16,0,0,0,7,40
qwen3-4b-keep4-s123,qwen3-4b-keep4-s123:673:4,673,24,0,0,0,14,40
qwen3-4b-keep4-s123,qwen3-4b-keep4-s123:673:6,673,513,0,0,0,10,40
qwen3-4b-keep4-s123,qwen3-4b-keep4-s123:676:0,676,312,0,0,0,34,84
qwen3-4b-keep4-s123,qwen3-4b-keep4-s123:676:1,676,338,0,0,0,27,84
qwen3-4b-keep4-s123,qwen3-4b-keep4-s123:676:2,676,363,0,0,0,32,84
qwen3-4b-keep4-s123,qwen3-4b-keep4-s123:676:3,676,240,0,0,0,31,84
qwen3-4b-keep4-s123,qwen3-4b-keep4-s123:676:4,676,328,0,0,0,28,84
qwen3-4b-keep4-s123,qwen3-4b-keep4-s123:676:5,676,367,0,0,0,34,84
qwen3-4b-keep4-s123,qwen3-4b-keep4-s123:676:6,676,267,0,0,0,46,84
qwen3-4b-keep4-s123,qwen3-4b-keep4-s123:676:7,676,39,0,0,0,30,84
qwen3-4b-keep4-s123,qwen3-4b-keep4-s123:678:2,678,19,0,0,0,23,58
qwen3-4b-keep4-s123,qwen3-4b-keep4-s123:678:5,678,1,0,0,0,22,58
qwen3-4b-keep4-s123,qwen3-4b-keep4-s123:679:3,679,398,0,0,0,7,55
qwen3-4b-keep4-s123,qwen3-4b-keep4-s123:681:1,681,6,0,0,0,22,125
qwen3-4b-keep4-s123,qwen3-4b-keep4-s123:681:2,681,419,0,0,0,10,125
qwen3-4b-keep4-s123,qwen3-4b-keep4-s123:682:1,682,4,0,0,0,34,74
qwen3-4b-keep4-s123,qwen3-4b-keep4-s123:682:7,682,550,0,0,0,17,74
qwen3-4b-keep4-s123,qwen3-4b-keep4-s123:683:0,683,6,0,0,0,54,93
qwen3-4b-keep4-s123,qwen3-4b-keep4-s123:683:1,683,2,0,0,0,48,93
qwen3-4b-keep4-s123,qwen3-4b-keep4-s123:683:2,683,363,0,0,0,48,93
qwen3-4b-keep4-s123,qwen3-4b-keep4-s123:683:6,683,373,0,0,0,46,93
qwen3-4b-keep4-s123,qwen3-4b-keep4-s123:684:0,684,388,0,0,0,15,65
qwen3-4b-keep4-s123,qwen3-4b-keep4-s123:684:1,684,431,0,0,0,16,65
qwen3-4b-keep4-s123,qwen3-4b-keep4-s123:684:2,684,391,0,0,0,0,65
qwen3-4b-keep4-s123,qwen3-4b-keep4-s123:684:3,684,363,0,0,0,5,65
qwen3-4b-keep4-s123,qwen3-4b-keep4-s123:684:4,684,0,0,0,0,21,65
qwen3-4b-keep4-s123,qwen3-4b-keep4-s123:684:5,684,11,0,0,0,24,65
qwen3-4b-keep4-s123,qwen3-4b-keep4-s123:684:6,684,450,0,0,0,13,65
qwen3-4b-keep4-s123,qwen3-4b-keep4-s123:684:7,684,348,0,0,0,20,65
qwen3-4b-keep4-s123,qwen3-4b-keep4-s123:685:1,685,504,0,0,0,16,58
qwen3-4b-keep4-s123,qwen3-4b-keep4-s123:685:2,685,393,0,0,0,16,58
qwen3-4b-keep4-s123,qwen3-4b-keep4-s123:685:5,685,300,0,0,0,17,58
qwen3-4b-keep4-s123,qwen3-4b-keep4-s123:685:6,685,356,0,0,0,20,58
qwen3-4b-keep4-s123,qwen3-4b-keep4-s123:686:2,686,18,0,0,0,24,64
qwen3-4b-keep4-s123,qwen3-4b-keep4-s123:686:3,686,0,0,0,0,31,64
qwen3-4b-keep4-s123,qwen3-4b-keep4-s123:687:0,687,0,0,0,0,40,77
qwen3-4b-keep4-s123,qwen3-4b-keep4-s123:687:1,687,342,0,0,0,33,77
qwen3-4b-keep4-s123,qwen3-4b-keep4-s123:687:5,687,404,0,0,0,23,77
qwen3-4b-keep4-s123,qwen3-4b-keep4-s123:688:0,688,551,0,0,0,4,59
qwen3-4b-keep4-s123,qwen3-4b-keep4-s123:688:1,688,457,0,0,0,6,59
qwen3-4b-keep4-s123,qwen3-4b-keep4-s123:688:2,688,521,0,0,0,0,59
qwen3-4b-keep4-s123,qwen3-4b-keep4-s123:688:3,688,517,0,0,0,2,59
qwen3-4b-keep4-s123,qwen3-4b-keep4-s123:688:4,688,547,0,0,0,5,59
qwen3-4b-keep4-s123,qwen3-4b-keep4-s123:688:6,688,567,0,0,0,1,59
qwen3-4b-keep4-s123,qwen3-4b-keep4-s123:688:7,688,455,0,0,0,0,59
qwen3-4b-keep4-s123,qwen3-4b-keep4-s123:689:4,689,21,0,0,0,15,67
qwen3-4b-keep4-s123,qwen3-4b-keep4-s123:690:1,690,372,0,0,0,21,45
qwen3-4b-keep4-s123,qwen3-4b-keep4-s123:690:2,690,10,0,0,0,21,45
qwen3-4b-keep4-s123,qwen3-4b-keep4-s123:690:3,690,436,9,4,4,24,45
qwen3-4b-keep4-s123,qwen3-4b-keep4-s123:690:4,690,337,0,0,0,18,45
qwen3-4b-keep4-s123,qwen3-4b-keep4-s123:691:0,691,493,0,0,0,20,59
qwen3-4b-keep4-s123,qwen3-4b-keep4-s123:691:1,691,505,0,0,0,16,59
qwen3-4b-keep4-s123,qwen3-4b-keep4-s123:691:3,691,471,0,0,0,12,59
qwen3-4b-keep4-s123,qwen3-4b-keep4-s123:691:4,691,50,0,0,0,8,59
qwen3-4b-keep4-s123,qwen3-4b-keep4-s123:691:5,691,0,0,0,0,22,59
qwen3-4b-keep4-s123,qwen3-4b-keep4-s123:691:6,691,14,0,0,0,9,59
qwen3-4b-keep4-s123,qwen3-4b-keep4-s123:691:7,691,0,0,0,0,20,59
qwen3-4b-keep4-s123,qwen3-4b-keep4-s123:693:1,693,6,0,0,0,11,39
qwen3-4b-keep4-s123,qwen3-4b-keep4-s123:694:3,694,364,0,0,0,16,52
qwen3-4b-keep4-s123,qwen3-4b-keep4-s123:695:3,695,4,0,0,0,23,99
qwen3-4b-keep4-s123,qwen3-4b-keep4-s123:696:0,696,0,0,0,0,38,73
qwen3-4b-keep4-s123,qwen3-4b-keep4-s123:696:4,696,311,0,0,0,20,73
qwen3-4b-keep4-s123,qwen3-4b-keep4-s123:696:6,696,315,0,0,0,38,73
qwen3-4b-keep4-s123,qwen3-4b-keep4-s123:698:5,698,386,0,0,0,12,80
qwen3-4b-keep4-s123,qwen3-4b-keep4-s123:699:7,699,17,0,0,0,17,51
qwen3-4b-keep4-s123,qwen3-4b-keep4-s123:700:0,700,359,0,0,0,4,41
qwen3-4b-keep4-s123,qwen3-4b-keep4-s123:700:1,700,474,0,0,0,5,41
qwen3-4b-keep4-s123,qwen3-4b-keep4-s123:700:2,700,312,0,0,0,6,41
qwen3-4b-keep4-s123,qwen3-4b-keep4-s123:700:3,700,373,0,0,0,9,41
qwen3-4b-keep4-s123,qwen3-4b-keep4-s123:700:4,700,377,0,0,0,7,41
qwen3-4b-keep4-s123,qwen3-4b-keep4-s123:700:5,700,370,0,0,0,8,41
qwen3-4b-keep4-s123,qwen3-4b-keep4-s123:700:6,700,392,0,0,0,9,41
qwen3-4b-keep4-s123,qwen3-4b-keep4-s123:700:7,700,364,0,0,0,12,41
qwen3-4b-keep4-s123,qwen3-4b-keep4-s123:701:0,701,181,0,0,0,25,72
qwen3-4b-keep4-s123,qwen3-4b-keep4-s123:701:1,701,426,0,0,0,21,72
qwen3-4b-keep4-s123,qwen3-4b-keep4-s123:701:3,701,10,0,0,0,43,72
qwen3-4b-keep4-s123,qwen3-4b-keep4-s123:701:4,701,375,0,0,0,25,72
qwen3-4b-keep4-s123,qwen3-4b-keep4-s123:702:0,702,336,0,0,0,8,69
qwen3-4b-keep4-s123,qwen3-4b-keep4-s123:702:2,702,399,0,0,0,6,69
qwen3-4b-keep4-s123,qwen3-4b-keep4-s123:702:3,702,429,0,0,0,7,69
qwen3-4b-keep4-s123,qwen3-4b-keep4-s123:702:4,702,375,0,0,0,11,69
qwen3-4b-keep4-s123,qwen3-4b-keep4-s123:702:5,702,323,0,0,0,14,69
qwen3-4b-keep4-s123,qwen3-4b-keep4-s123:702:6,702,38,0,0,0,17,69
qwen3-4b-keep4-s123,qwen3-4b-keep4-s123:702:7,702,341,0,0,0,9,69
qwen3-4b-keep4-s123,qwen3-4b-keep4-s123:703:2,703,242,0,0,0,27,81
qwen3-4b-keep4-s123,qwen3-4b-keep4-s123:704:1,704,324,0,0,0,0,21
qwen3-4b-keep4-s123,qwen3-4b-keep4-s123:704:2,704,195,2,0,0,0,21
qwen3-4b-keep4-s123,qwen3-4b-keep4-s123:704:3,704,328,0,0,0,0,21
qwen3-4b-keep4-s123,qwen3-4b-keep4-s123:704:4,704,295,0,0,0,0,21
qwen3-4b-keep4-s123,qwen3-4b-keep4-s123:704:5,704,362,0,0,0,0,21
qwen3-4b-keep4-s123,qwen3-4b-keep4-s123:704:6,704,364,0,0,0,1,21
qwen3-4b-keep4-s123,qwen3-4b-keep4-s123:704:7,704,334,0,0,0,0,21
qwen3-4b-keep4-s123,qwen3-4b-keep4-s123:706:0,706,549,0,0,0,4,35
qwen3-4b-keep4-s123,qwen3-4b-keep4-s123:706:1,706,459,0,0,0,3,35
qwen3-4b-keep4-s123,qwen3-4b-keep4-s123:706:2,706,582,0,0,0,2,35
qwen3-4b-keep4-s123,qwen3-4b-keep4-s123:706:3,706,34,0,0,0,1,35
qwen3-4b-keep4-s123,qwen3-4b-keep4-s123:706:4,706,579,0,0,0,0,35
qwen3-4b-keep4-s123,qwen3-4b-keep4-s123:706:5,706,364,0,0,0,1,35
qwen3-4b-keep4-s123,qwen3-4b-keep4-s123:706:6,706,592,0,0,0,3,35
qwen3-4b-keep4-s123,qwen3-4b-keep4-s123:706:7,706,426,0,0,0,1,35
qwen3-4b-keep4-s123,qwen3-4b-keep4-s123:707:1,707,460,0,0,0,10,83
qwen3-4b-keep4-s123,qwen3-4b-keep4-s123:707:2,707,415,0,0,0,11,83
qwen3-4b-keep4-s123,qwen3-4b-keep4-s123:707:3,707,340,0,0,0,10,83
qwen3-4b-keep4-s123,qwen3-4b-keep4-s123:707:4,707,318,0,0,0,8,83
qwen3-4b-keep4-s123,qwen3-4b-keep4-s123:707:6,707,395,0,0,0,5,83
qwen3-4b-keep4-s123,qwen3-4b-keep4-s123:707:7,707,32,0,0,0,7,83
qwen3-4b-keep4-s123,qwen3-4b-keep4-s123:708:3,708,0,0,0,0,8,44
qwen3-4b-keep4-s123,qwen3-4b-keep4-s123:708:5,708,349,0,0,0,10,44
qwen3-4b-keep4-s123,qwen3-4b-keep4-s123:708:6,708,408,0,0,0,10,44
qwen3-4b-keep4-s123,qwen3-4b-keep4-s123:709:1,709,0,0,0,0,20,74
qwen3-4b-keep4-s123,qwen3-4b-keep4-s123:709:2,709,9,0,0,0,19,74
qwen3-4b-keep4-s123,qwen3-4b-keep4-s123:709:3,709,461,0,0,0,18,74
qwen3-4b-keep4-s123,qwen3-4b-keep4-s123:709:5,709,385,0,0,0,23,74
qwen3-4b-keep4-s123,qwen3-4b-keep4-s123:709:7,709,41,0,0,0,14,74
qwen3-4b-keep4-s123,qwen3-4b-keep4-s123:710:0,710,523,0,0,0,5,67
qwen3-4b-keep4-s123,qwen3-4b-keep4-s123:710:1,710,446,0,0,0,3,67
qwen3-4b-keep4-s123,qwen3-4b-keep4-s123:710:2,710,473,0,0,0,3,67
qwen3-4b-keep4-s123,qwen3-4b-keep4-s123:710:3,710,441,0,0,0,3,67
qwen3-4b-keep4-s123,qwen3-4b-keep4-s123:710:4,710,466,0,0,0,2,67
qwen3-4b-keep4-s123,qwen3-4b-keep4-s123:710:5,710,332,0,0,0,4,67
qwen3-4b-keep4-s123,qwen3-4b-keep4-s123:710:6,710,444,0,0,0,7,67
qwen3-4b-keep4-s123,qwen3-4b-keep4-s123:710:7,710,440,0,0,0,3,67
qwen3-4b-keep4-s123,qwen3-4b-keep4-s123:711:1,711,16,0,0,0,20,59
qwen3-4b-keep4-s123,qwen3-4b-keep4-s123:711:4,711,35,0,0,0,15,59
qwen3-4b-keep4-s123,qwen3-4b-keep4-s123:711:5,711,446,0,0,0,5,59
qwen3-4b-keep4-s123,qwen3-4b-keep4-s123:711:6,711,339,0,0,0,16,59
qwen3-4b-keep4-s123,qwen3-4b-keep4-s123:711:7,711,366,0,0,0,15,59
qwen3-4b-keep4-s123,qwen3-4b-keep4-s123:712:1,712,401,0,0,0,15,63
qwen3-4b-keep4-s123,qwen3-4b-keep4-s123:712:3,712,408,0,0,0,14,63
qwen3-4b-keep4-s123,qwen3-4b-keep4-s123:712:7,712,328,0,0,0,12,63
qwen3-4b-keep4-s123,qwen3-4b-keep4-s123:713:6,713,336,0,0,0,30,55
qwen3-4b-keep4-s123,qwen3-4b-keep4-s123:716:1,716,83,0,0,0,56,80
qwen3-4b-keep4-s123,qwen3-4b-keep4-s123:716:4,716,320,0,0,0,42,80
qwen3-4b-keep4-s123,qwen3-4b-keep4-s123:716:6,716,436,0,0,0,40,80
qwen3-4b-keep4-s123,qwen3-4b-keep4-s123:716:7,716,455,0,0,0,34,80
qwen3-4b-keep4-s123,qwen3-4b-keep4-s123:717:3,717,414,0,0,0,2,9
qwen3-4b-keep4-s123,qwen3-4b-keep4-s123:717:7,717,37,0,0,0,4,9
qwen3-4b-keep4-s123,qwen3-4b-keep4-s123:718:7,718,391,0,0,0,24,85
qwen3-4b-keep4-s123,qwen3-4b-keep4-s123:719:0,719,408,0,0,0,19,60
qwen3-4b-keep4-s123,qwen3-4b-keep4-s123:719:1,719,377,0,0,0,14,60
qwen3-4b-keep4-s123,qwen3-4b-keep4-s123:719:2,719,420,0,0,0,16,60
qwen3-4b-keep4-s123,qwen3-4b-keep4-s123:719:3,719,448,0,0,0,22,60
qwen3-4b-keep4-s123,qwen3-4b-keep4-s123:719:4,719,328,0,0,0,21,60
qwen3-4b-keep4-s123,qwen3-4b-keep4-s123:719:5,719,408,0,0,0,20,60
qwen3-4b-keep4-s123,qwen3-4b-keep4-s123:719:6,719,406,0,0,0,13,60
qwen3-4b-keep4-s123,qwen3-4b-keep4-s123:719:7,719,347,0,0,0,18,60
qwen3-4b-keep4-s123,qwen3-4b-keep4-s123:720:2,720,454,0,0,0,9,34
qwen3-4b-keep4-s123,qwen3-4b-keep4-s123:720:5,720,350,0,0,0,12,34
qwen3-4b-keep4-s123,qwen3-4b-keep4-s123:720:6,720,387,0,0,0,14,34
qwen3-4b-keep4-s123,qwen3-4b-keep4-s123:721:0,721,315,0,0,0,26,76
qwen3-4b-keep4-s123,qwen3-4b-keep4-s123:721:2,721,390,0,0,0,24,76
qwen3-4b-keep4-s123,qwen3-4b-keep4-s123:721:3,721,334,0,0,0,32,76
qwen3-4b-keep4-s123,qwen3-4b-keep4-s123:721:4,721,504,0,0,0,21,76
qwen3-4b-keep4-s123,qwen3-4b-keep4-s123:721:7,721,281,0,0,0,29,76
qwen3-4b-keep4-s123,qwen3-4b-keep4-s123:722:4,722,0,0,0,0,5,25
qwen3-4b-keep4-s123,qwen3-4b-keep4-s123:723:0,723,451,0,0,0,5,44
qwen3-4b-keep4-s123,qwen3-4b-keep4-s123:724:1,724,1,0,0,0,34,56
qwen3-4b-keep4-s123,qwen3-4b-keep4-s123:724:3,724,11,0,0,0,38,56
qwen3-4b-keep4-s123,qwen3-4b-keep4-s123:724:6,724,373,0,0,0,43,56
qwen3-4b-keep4-s123,qwen3-4b-keep4-s123:725:2,725,416,0,0,0,26,77
qwen3-4b-keep4-s123,qwen3-4b-keep4-s123:725:4,725,482,0,0,0,27,77
qwen3-4b-keep4-s123,qwen3-4b-keep4-s123:726:0,726,3,0,0,0,14,40
qwen3-4b-keep4-s123,qwen3-4b-keep4-s123:726:6,726,19,0,0,0,2,40
qwen3-4b-keep4-s123,qwen3-4b-keep4-s123:728:0,728,11,0,0,0,18,75
qwen3-4b-keep4-s123,qwen3-4b-keep4-s123:728:2,728,457,0,0,0,19,75
qwen3-4b-keep4-s123,qwen3-4b-keep4-s123:728:5,728,319,0,0,0,15,75
qwen3-4b-keep4-s123,qwen3-4b-keep4-s123:728:6,728,441,0,0,0,16,75
qwen3-4b-keep4-s123,qwen3-4b-keep4-s123:730:0,730,536,59,5,9,27,78
qwen3-4b-keep4-s123,qwen3-4b-keep4-s123:730:1,730,494,17,0,5,14,78
qwen3-4b-keep4-s123,qwen3-4b-keep4-s123:730:3,730,9,0,0,0,23,78
qwen3-4b-keep4-s123,qwen3-4b-keep4-s123:730:4,730,340,0,0,0,24,78
qwen3-4b-keep4-s123,qwen3-4b-keep4-s123:730:5,730,338,0,0,0,14,78
qwen3-4b-keep4-s123,qwen3-4b-keep4-s123:730:7,730,388,10,0,2,28,78
qwen3-4b-keep4-s123,qwen3-4b-keep4-s123:731:3,731,580,0,0,0,15,48
qwen3-4b-keep4-s123,qwen3-4b-keep4-s123:732:1,732,12,0,0,0,21,79
qwen3-4b-keep4-s123,qwen3-4b-keep4-s123:732:2,732,475,0,0,0,31,79
qwen3-4b-keep4-s123,qwen3-4b-keep4-s123:732:5,732,412,0,0,0,25,79
qwen3-4b-keep4-s123,qwen3-4b-keep4-s123:732:6,732,262,0,0,0,26,79
qwen3-4b-keep4-s123,qwen3-4b-keep4-s123:732:7,732,440,0,0,0,31,79
qwen3-4b-keep4-s123,qwen3-4b-keep4-s123:733:2,733,412,0,0,0,40,79
qwen3-4b-keep4-s123,qwen3-4b-keep4-s123:734:0,734,6,0,0,0,39,76
qwen3-4b-keep4-s123,qwen3-4b-keep4-s123:735:4,735,9,0,0,0,51,91
qwen3-4b-keep4-s123,qwen3-4b-keep4-s123:737:0,737,277,0,0,0,28,82
qwen3-4b-keep4-s123,qwen3-4b-keep4-s123:737:1,737,300,0,0,0,34,82
qwen3-4b-keep4-s123,qwen3-4b-keep4-s123:737:2,737,184,0,0,0,32,82
qwen3-4b-keep4-s123,qwen3-4b-keep4-s123:737:3,737,268,0,0,0,29,82
qwen3-4b-keep4-s123,qwen3-4b-keep4-s123:737:4,737,309,0,0,0,27,82
qwen3-4b-keep4-s123,qwen3-4b-keep4-s123:737:6,737,191,0,0,0,26,82
qwen3-4b-keep4-s123,qwen3-4b-keep4-s123:738:0,738,426,0,0,0,18,62
qwen3-4b-keep4-s123,qwen3-4b-keep4-s123:738:1,738,467,0,0,0,14,62
qwen3-4b-keep4-s123,qwen3-4b-keep4-s123:738:2,738,427,0,0,0,16,62
qwen3-4b-keep4-s123,qwen3-4b-keep4-s123:738:3,738,403,0,0,0,10,62
qwen3-4b-keep4-s123,qwen3-4b-keep4-s123:738:4,738,373,0,0,0,12,62
qwen3-4b-keep4-s123,qwen3-4b-keep4-s123:738:5,738,447,0,0,0,14,62
qwen3-4b-keep4-s123,qwen3-4b-keep4-s123:738:7,738,328,0,0,0,19,62
qwen3-4b-keep4-s123,qwen3-4b-keep4-s123:739:0,739,381,0,0,0,24,64
qwen3-4b-keep4-s123,qwen3-4b-keep4-s123:739:1,739,14,0,0,0,23,64
qwen3-4b-keep4-s123,qwen3-4b-keep4-s123:739:5,739,9,0,0,0,15,64
qwen3-4b-keep4-s123,qwen3-4b-keep4-s123:740:0,740,122,0,0,0,4,36
qwen3-4b-keep4-s123,qwen3-4b-keep4-s123:740:1,740,410,0,0,0,8,36
qwen3-4b-keep4-s123,qwen3-4b-keep4-s123:740:2,740,325,0,0,0,4,36
qwen3-4b-keep4-s123,qwen3-4b-keep4-s123:740:3,740,14,3,0,0,2,36
qwen3-4b-keep4-s123,qwen3-4b-keep4-s123:740:4,740,472,0,0,0,3,36
qwen3-4b-keep4-s123,qwen3-4b-keep4-s123:740:5,740,15,0,0,0,5,36
qwen3-4b-keep4-s123,qwen3-4b-keep4-s123:740:7,740,269,0,0,0,1,36
qwen3-4b-keep4-s123,qwen3-4b-keep4-s123:741:2,741,424,0,0,0,18,48
qwen3-4b-keep4-s123,qwen3-4b-keep4-s123:742:1,742,383,0,0,0,6,41
qwen3-4b-keep4-s123,qwen3-4b-keep4-s123:742:2,742,425,0,0,0,14,41
qwen3-4b-keep4-s123,qwen3-4b-keep4-s123:742:3,742,69,51,0,4,16,41
qwen3-4b-keep4-s123,qwen3-4b-keep4-s123:745:0,745,3,0,0,0,13,88
qwen3-4b-keep4-s123,qwen3-4b-keep4-s123:745:1,745,60,0,0,0,9,88
qwen3-4b-keep4-s123,qwen3-4b-keep4-s123:745:2,745,296,0,0,0,12,88
qwen3-4b-keep4-s123,qwen3-4b-keep4-s123:745:3,745,395,0,0,0,6,88
qwen3-4b-keep4-s123,qwen3-4b-keep4-s123:745:4,745,414,0,0,0,9,88
qwen3-4b-keep4-s123,qwen3-4b-keep4-s123:745:5,745,358,0,0,0,4,88
qwen3-4b-keep4-s123,qwen3-4b-keep4-s123:745:6,745,437,0,0,0,11,88
qwen3-4b-keep4-s123,qwen3-4b-keep4-s123:745:7,745,433,0,0,0,8,88
qwen3-4b-keep4-s123,qwen3-4b-keep4-s123:746:2,746,402,0,0,0,25,63
qwen3-4b-keep4-s123,qwen3-4b-keep4-s123:746:3,746,401,0,0,0,28,63
qwen3-4b-keep4-s123,qwen3-4b-keep4-s123:746:5,746,409,0,0,0,31,63
qwen3-4b-keep4-s123,qwen3-4b-keep4-s123:746:6,746,377,0,0,0,36,63
qwen3-4b-keep4-s123,qwen3-4b-keep4-s123:746:7,746,20,0,0,0,39,63
qwen3-4b-keep4-s123,qwen3-4b-keep4-s123:747:3,747,1,0,0,0,15,50
qwen3-4b-keep4-s123,qwen3-4b-keep4-s123:747:5,747,0,0,0,0,18,50
qwen3-4b-keep4-s123,qwen3-4b-keep4-s123:747:6,747,2,0,0,0,13,50
qwen3-4b-keep4-s123,qwen3-4b-keep4-s123:749:3,749,320,0,0,0,21,56
qwen3-4b-keep4-s123,qwen3-4b-keep4-s123:750:1,750,514,0,0,0,12,37
qwen3-4b-keep4-s123,qwen3-4b-keep4-s123:750:6,750,0,0,0,0,19,37
qwen3-4b-keep4-s123,qwen3-4b-keep4-s123:752:4,752,1,0,0,0,14,46
qwen3-4b-keep4-s123,qwen3-4b-keep4-s123:752:5,752,408,0,0,0,6,46
qwen3-4b-keep4-s123,qwen3-4b-keep4-s123:753:3,753,337,0,0,0,19,34
qwen3-4b-keep4-s123,qwen3-4b-keep4-s123:755:1,755,7,0,0,0,43,93
qwen3-4b-keep4-s123,qwen3-4b-keep4-s123:755:2,755,383,0,0,0,55,93
qwen3-4b-keep4-s123,qwen3-4b-keep4-s123:755:3,755,399,0,0,0,42,93
qwen3-4b-keep4-s123,qwen3-4b-keep4-s123:755:5,755,1,0,0,0,53,93
qwen3-4b-keep4-s123,qwen3-4b-keep4-s123:756:4,756,464,0,0,0,13,74
qwen3-4b-keep4-s123,qwen3-4b-keep4-s123:757:0,757,390,0,0,0,31,66
qwen3-4b-keep4-s123,qwen3-4b-keep4-s123:757:1,757,429,0,0,0,26,66
qwen3-4b-keep4-s123,qwen3-4b-keep4-s123:757:3,757,322,0,0,0,33,66
qwen3-4b-keep4-s123,qwen3-4b-keep4-s123:757:4,757,335,0,0,0,26,66
qwen3-4b-keep4-s123,qwen3-4b-keep4-s123:757:5,757,460,0,0,0,21,66
qwen3-4b-keep4-s123,qwen3-4b-keep4-s123:758:2,758,582,0,0,0,10,36
qwen3-4b-keep4-s123,qwen3-4b-keep4-s123:758:3,758,29,0,0,0,6,36
qwen3-4b-keep4-s123,qwen3-4b-keep4-s123:758:4,758,564,0,0,0,8,36
qwen3-4b-keep4-s123,qwen3-4b-keep4-s123:758:5,758,629,0,0,0,13,36
qwen3-4b-keep4-s123,qwen3-4b-keep4-s123:758:7,758,0,0,0,0,14,36
qwen3-4b-keep4-s123,qwen3-4b-keep4-s123:759:0,759,346,0,0,0,1,17
qwen3-4b-keep4-s123,qwen3-4b-keep4-s123:759:2,759,42,0,0,0,6,17
qwen3-4b-keep4-s123,qwen3-4b-keep4-s123:759:3,759,202,0,0,0,5,17
qwen3-4b-keep4-s123,qwen3-4b-keep4-s123:759:4,759,326,0,0,0,0,17
qwen3-4b-keep4-s123,qwen3-4b-keep4-s123:759:5,759,228,0,0,0,1,17
qwen3-4b-keep4-s123,qwen3-4b-keep4-s123:759:6,759,267,0,0,0,7,17
qwen3-4b-keep4-s123,qwen3-4b-keep4-s123:759:7,759,309,0,0,0,5,17
qwen3-4b-keep4-s123,qwen3-4b-keep4-s123:760:3,760,0,0,0,0,32,56
qwen3-4b-keep4-s123,qwen3-4b-keep4-s123:761:5,761,389,0,0,0,18,56
qwen3-4b-keep4-s123,qwen3-4b-keep4-s123:762:0,762,2,0,0,0,7,25
qwen3-4b-keep4-s123,qwen3-4b-keep4-s123:762:6,762,19,0,0,0,5,25
qwen3-4b-keep4-s123,qwen3-4b-keep4-s123:763:4,763,543,0,0,0,8,45
qwen3-4b-keep4-s123,qwen3-4b-keep4-s123:764:0,764,2,0,0,0,33,52
qwen3-4b-keep4-s123,qwen3-4b-keep4-s123:765:0,765,6,0,0,0,35,47
qwen3-4b-keep4-s123,qwen3-4b-keep4-s123:765:3,765,25,0,0,0,30,47
qwen3-4b-keep4-s123,qwen3-4b-keep4-s123:765:7,765,430,0,0,0,22,47
qwen3-4b-keep4-s123,qwen3-4b-keep4-s123:767:1,767,479,0,0,0,9,42
qwen3-4b-keep4-s123,qwen3-4b-keep4-s123:768:0,768,653,0,0,0,8,34
qwen3-4b-keep4-s123,qwen3-4b-keep4-s123:768:1,768,405,0,0,0,2,34
qwen3-4b-keep4-s123,qwen3-4b-keep4-s123:768:3,768,0,0,0,0,1,34
qwen3-4b-keep4-s123,qwen3-4b-keep4-s123:768:5,768,338,0,0,0,8,34
qwen3-4b-keep4-s123,qwen3-4b-keep4-s123:768:6,768,485,0,0,0,4,34
qwen3-4b-keep4-s123,qwen3-4b-keep4-s123:768:7,768,365,0,0,0,2,34
qwen3-4b-keep4-s123,qwen3-4b-keep4-s123:770:0,770,343,0,0,0,11,91
qwen3-4b-keep4-s123,qwen3-4b-keep4-s123:770:1,770,369,0,0,0,15,91
qwen3-4b-keep4-s123,qwen3-4b-keep4-s123:770:2,770,424,0,0,0,13,91
qwen3-4b-keep4-s123,qwen3-4b-keep4-s123:770:3,770,292,0,0,0,13,91
qwen3-4b-keep4-s123,qwen3-4b-keep4-s123:770:4,770,352,0,0,0,18,91
qwen3-4b-keep4-s123,qwen3-4b-keep4-s123:770:5,770,376,0,0,0,17,91
qwen3-4b-keep4-s123,qwen3-4b-keep4-s123:770:6,770,451,0,0,0,12,91
qwen3-4b-keep4-s123,qwen3-4b-keep4-s123:770:7,770,417,0,0,0,16,91
qwen3-4b-keep4-s123,qwen3-4b-keep4-s123:771:1,771,4,0,0,0,14,63
qwen3-4b-keep4-s123,qwen3-4b-keep4-s123:772:0,772,542,0,0,0,5,45
qwen3-4b-keep4-s123,qwen3-4b-keep4-s123:772:1,772,363,0,0,0,5,45
qwen3-4b-keep4-s123,qwen3-4b-keep4-s123:772:2,772,473,0,0,0,12,45
qwen3-4b-keep4-s123,qwen3-4b-keep4-s123:772:3,772,400,0,0,0,11,45
qwen3-4b-keep4-s123,qwen3-4b-keep4-s123:772:4,772,406,0,0,0,3,45
qwen3-4b-keep4-s123,qwen3-4b-keep4-s123:772:5,772,582,0,0,0,9,45
qwen3-4b-keep4-s123,qwen3-4b-keep4-s123:772:6,772,508,0,0,0,8,45
qwen3-4b-keep4-s123,qwen3-4b-keep4-s123:772:7,772,344,0,0,0,4,45
qwen3-4b-keep4-s123,qwen3-4b-keep4-s123:773:0,773,323,0,0,0,22,100
qwen3-4b-keep4-s123,qwen3-4b-keep4-s123:773:1,773,4,0,0,0,34,100
qwen3-4b-keep4-s123,qwen3-4b-keep4-s123:773:6,773,360,0,0,0,32,100
qwen3-4b-keep4-s123,qwen3-4b-keep4-s123:774:1,774,352,0,0,0,4,66
qwen3-4b-keep4-s123,qwen3-4b-keep4-s123:774:2,774,341,0,0,0,1,66
qwen3-4b-keep4-s123,qwen3-4b-keep4-s123:774:3,774,230,0,0,0,1,66
qwen3-4b-keep4-s123,qwen3-4b-keep4-s123:774:5,774,75,0,0,0,8,66
qwen3-4b-keep4-s123,qwen3-4b-keep4-s123:774:6,774,24,0,0,0,27,66
qwen3-4b-keep4-s123,qwen3-4b-keep4-s123:774:7,774,301,0,0,0,5,66
qwen3-4b-keep4-s123,qwen3-4b-keep4-s123:775:3,775,6,0,0,0,5,26
qwen3-4b-keep4-s123,qwen3-4b-keep4-s123:775:4,775,0,0,0,0,13,26
qwen3-4b-keep4-s123,qwen3-4b-keep4-s123:779:0,779,459,48,9,15,32,92
qwen3-4b-keep4-s123,qwen3-4b-keep4-s123:779:1,779,72,0,0,0,25,92
qwen3-4b-keep4-s123,qwen3-4b-keep4-s123:779:2,779,373,0,0,0,21,92
qwen3-4b-keep4-s123,qwen3-4b-keep4-s123:779:3,779,351,0,0,0,15,92
qwen3-4b-keep4-s123,qwen3-4b-keep4-s123:779:4,779,376,0,0,0,31,92
qwen3-4b-keep4-s123,qwen3-4b-keep4-s123:779:5,779,402,26,0,0,5,92
qwen3-4b-keep4-s123,qwen3-4b-keep4-s123:779:6,779,448,0,0,0,1,92
qwen3-4b-keep4-s123,qwen3-4b-keep4-s123:779:7,779,329,0,0,0,20,92
qwen3-4b-keep4-s123,qwen3-4b-keep4-s123:780:0,780,141,0,0,0,23,82
qwen3-4b-keep4-s123,qwen3-4b-keep4-s123:780:1,780,342,0,0,0,10,82
qwen3-4b-keep4-s123,qwen3-4b-keep4-s123:780:6,780,295,0,0,0,16,82
qwen3-4b-keep4-s123,qwen3-4b-keep4-s123:781:0,781,267,0,0,0,26,90
qwen3-4b-keep4-s123,qwen3-4b-keep4-s123:781:3,781,422,0,0,0,33,90
qwen3-4b-keep4-s123,qwen3-4b-keep4-s123:783:0,783,52,0,0,0,15,51
qwen3-4b-keep4-s123,qwen3-4b-keep4-s123:783:1,783,17,0,0,0,10,51
qwen3-4b-keep4-s123,qwen3-4b-keep4-s123:783:3,783,10,0,0,0,10,51
qwen3-4b-keep4-s123,qwen3-4b-keep4-s123:783:4,783,8,0,0,0,15,51
qwen3-4b-keep4-s123,qwen3-4b-keep4-s123:783:5,783,539,0,0,0,8,51
qwen3-4b-keep4-s123,qwen3-4b-keep4-s123:783:6,783,26,0,0,0,11,51
qwen3-4b-keep4-s123,qwen3-4b-keep4-s123:784:2,784,329,0,0,0,18,29
qwen3-4b-keep4-s123,qwen3-4b-keep4-s123:784:3,784,464,0,0,0,12,29
qwen3-4b-keep4-s123,qwen3-4b-keep4-s123:784:5,784,37,0,0,0,17,29
qwen3-4b-keep4-s123,qwen3-4b-keep4-s123:789:0,789,446,0,0,0,8,70
qwen3-4b-keep4-s123,qwen3-4b-keep4-s123:789:1,789,245,0,0,0,13,70
qwen3-4b-keep4-s123,qwen3-4b-keep4-s123:789:2,789,339,0,0,0,11,70
qwen3-4b-keep4-s123,qwen3-4b-keep4-s123:789:3,789,156,0,0,0,6,70
qwen3-4b-keep4-s123,qwen3-4b-keep4-s123:789:5,789,338,0,0,0,12,70
qwen3-4b-keep4-s123,qwen3-4b-keep4-s123:789:6,789,407,0,0,0,6,70
qwen3-4b-keep4-s123,qwen3-4b-keep4-s123:790:6,790,212,0,0,0,24,73
qwen3-4b-keep4-s123,qwen3-4b-keep4-s123:791:1,791,357,0,0,0,16,83
qwen3-4b-keep4-s123,qwen3-4b-keep4-s123:791:2,791,1,0,0,0,19,83
qwen3-4b-keep4-s123,qwen3-4b-keep4-s123:791:3,791,423,0,0,0,17,83
qwen3-4b-keep4-s123,qwen3-4b-keep4-s123:791:5,791,386,0,0,0,18,83
qwen3-4b-keep4-s123,qwen3-4b-keep4-s123:791:6,791,348,0,0,0,20,83
qwen3-4b-keep4-s123,qwen3-4b-keep4-s123:791:7,791,371,0,0,0,21,83
qwen3-4b-keep4-s123,qwen3-4b-keep4-s123:793:1,793,0,0,0,0,36,72
qwen3-4b-keep4-s123,qwen3-4b-keep4-s123:793:5,793,298,0,0,0,32,72
qwen3-4b-keep4-s123,qwen3-4b-keep4-s123:793:6,793,366,0,0,0,21,72
qwen3-4b-keep4-s123,qwen3-4b-keep4-s123:794:0,794,0,0,0,0,32,90
qwen3-4b-keep4-s123,qwen3-4b-keep4-s123:796:0,796,427,0,0,0,18,41
qwen3-4b-keep4-s123,qwen3-4b-keep4-s123:796:5,796,4,0,0,0,21,41
qwen3-4b-keep4-s123,qwen3-4b-keep4-s123:797:1,797,4,0,0,0,13,60
qwen3-4b-keep4-s123,qwen3-4b-keep4-s123:798:0,798,335,0,0,0,16,69
qwen3-4b-keep4-s123,qwen3-4b-keep4-s123:798:1,798,14,0,0,0,15,69
qwen3-4b-keep4-s123,qwen3-4b-keep4-s123:798:4,798,19,0,0,0,10,69
qwen3-4b-keep4-s123,qwen3-4b-keep4-s123:798:6,798,397,0,0,0,8,69
qwen3-4b-keep4-s123,qwen3-4b-keep4-s123:798:7,798,12,0,0,0,9,69
qwen3-4b-keep4-s123,qwen3-4b-keep4-s123:799:0,799,10,0,0,0,13,78
qwen3-4b-keep4-s123,qwen3-4b-keep4-s123:799:7,799,0,0,0,0,55,78
qwen3-4b-keep4-s123,qwen3-4b-keep4-s123:801:5,801,396,0,0,0,8,48
qwen3-4b-keep4-s123,qwen3-4b-keep4-s123:801:6,801,8,0,0,0,17,48
qwen3-4b-keep4-s123,qwen3-4b-keep4-s123:806:1,806,452,0,0,0,49,81
qwen3-4b-keep4-s123,qwen3-4b-keep4-s123:806:2,806,360,0,0,0,22,81
qwen3-4b-keep4-s123,qwen3-4b-keep4-s123:806:3,806,4,0,0,0,40,81
qwen3-4b-keep4-s123,qwen3-4b-keep4-s123:806:4,806,380,0,0,0,35,81
qwen3-4b-keep4-s123,qwen3-4b-keep4-s123:806:5,806,410,0,0,0,40,81
qwen3-4b-keep4-s123,qwen3-4b-keep4-s123:806:6,806,6,0,0,0,45,81
qwen3-4b-keep4-s123,qwen3-4b-keep4-s123:807:2,807,60,0,0,0,5,43
qwen3-4b-keep4-s123,qwen3-4b-keep4-s123:807:4,807,398,0,0,0,7,43
qwen3-4b-keep4-s123,qwen3-4b-keep4-s123:807:5,807,334,0,0,0,7,43
qwen3-4b-keep4-s123,qwen3-4b-keep4-s123:807:7,807,399,0,0,0,4,43
qwen3-4b-keep4-s123,qwen3-4b-keep4-s123:809:0,809,278,0,0,0,10,63
qwen3-4b-keep4-s123,qwen3-4b-keep4-s123:809:1,809,447,0,0,0,8,63
qwen3-4b-keep4-s123,qwen3-4b-keep4-s123:809:2,809,450,0,0,0,10,63
qwen3-4b-keep4-s123,qwen3-4b-keep4-s123:809:3,809,444,0,0,0,6,63
qwen3-4b-keep4-s123,qwen3-4b-keep4-s123:809:4,809,455,0,0,0,7,63
qwen3-4b-keep4-s123,qwen3-4b-keep4-s123:809:5,809,447,0,0,0,10,63
qwen3-4b-keep4-s123,qwen3-4b-keep4-s123:809:6,809,394,0,0,0,8,63
qwen3-4b-keep4-s123,qwen3-4b-keep4-s123:809:7,809,405,0,0,0,9,63
qwen3-4b-keep4-s123,qwen3-4b-keep4-s123:811:1,811,293,0,0,0,26,87
qwen3-4b-keep4-s123,qwen3-4b-keep4-s123:811:2,811,9,0,0,0,27,87
qwen3-4b-keep4-s123,qwen3-4b-keep4-s123:811:3,811,12,0,0,0,34,87
qwen3-4b-keep4-s123,qwen3-4b-keep4-s123:811:4,811,16,0,0,0,32,87
qwen3-4b-keep4-s123,qwen3-4b-keep4-s123:811:5,811,0,0,0,0,33,87
qwen3-4b-keep4-s123,qwen3-4b-keep4-s123:811:6,811,346,0,0,0,24,87
qwen3-4b-keep4-s123,qwen3-4b-keep4-s123:814:2,814,450,0,0,0,34,73
qwen3-4b-keep4-s123,qwen3-4b-keep4-s123:814:5,814,41,0,0,0,35,73
qwen3-4b-keep4-s123,qwen3-4b-keep4-s123:815:0,815,375,0,0,0,20,55
qwen3-4b-keep4-s123,qwen3-4b-keep4-s123:815:1,815,378,0,0,0,26,55
qwen3-4b-keep4-s123,qwen3-4b-keep4-s123:815:3,815,398,0,0,0,25,55
qwen3-4b-keep4-s123,qwen3-4b-keep4-s123:815:4,815,22,0,0,0,19,55
qwen3-4b-keep4-s123,qwen3-4b-keep4-s123:815:6,815,316,0,0,0,23,55
qwen3-4b-keep4-s123,qwen3-4b-keep4-s123:815:7,815,7,0,0,0,25,55
qwen3-4b-keep4-s123,qwen3-4b-keep4-s123:816:3,816,21,0,0,0,38,54
qwen3-4b-keep4-s123,qwen3-4b-keep4-s123:817:5,817,399,0,0,0,27,53
qwen3-4b-keep4-s123,qwen3-4b-keep4-s123:819:1,819,450,0,0,0,11,53
qwen3-4b-keep4-s123,qwen3-4b-keep4-s123:819:2,819,12,0,0,0,24,53
qwen3-4b-keep4-s123,qwen3-4b-keep4-s123:819:3,819,6,0,0,0,21,53
qwen3-4b-keep4-s123,qwen3-4b-keep4-s123:819:4,819,472,0,0,0,13,53
qwen3-4b-keep4-s123,qwen3-4b-keep4-s123:819:6,819,14,0,0,0,22,53
qwen3-4b-keep4-s123,qwen3-4b-keep4-s123:820:2,820,443,0,0,0,5,32
qwen3-4b-keep4-s123,qwen3-4b-keep4-s123:820:3,820,438,0,0,0,6,32
qwen3-4b-keep4-s123,qwen3-4b-keep4-s123:820:5,820,331,0,0,0,11,32
qwen3-4b-keep4-s123,qwen3-4b-keep4-s123:820:6,820,69,46,1,4,11,32
qwen3-4b-keep4-s123,qwen3-4b-keep4-s123:820:7,820,505,0,0,0,8,32
qwen3-4b-keep4-s123,qwen3-4b-keep4-s123:821:4,821,458,0,0,0,10,66
qwen3-4b-keep4-s123,qwen3-4b-keep4-s123:822:1,822,446,0,0,0,7,55
qwen3-4b-keep4-s123,qwen3-4b-keep4-s123:822:2,822,289,0,0,0,15,55
qwen3-4b-keep4-s123,qwen3-4b-keep4-s123:822:3,822,541,0,0,0,12,55
qwen3-4b-keep4-s123,qwen3-4b-keep4-s123:822:4,822,506,0,0,0,10,55
qwen3-4b-keep4-s123,qwen3-4b-keep4-s123:822:5,822,338,0,0,0,10,55
qwen3-4b-keep4-s123,qwen3-4b-keep4-s123:822:6,822,0,0,0,0,8,55
qwen3-4b-keep4-s123,qwen3-4b-keep4-s123:823:1,823,415,0,0,0,18,45
qwen3-4b-keep4-s123,qwen3-4b-keep4-s123:823:5,823,8,0,0,0,19,45
qwen3-4b-keep4-s123,qwen3-4b-keep4-s123:823:7,823,6,0,0,0,16,45
qwen3-4b-keep4-s123,qwen3-4b-keep4-s123:825:0,825,357,0,0,0,12,66
qwen3-4b-keep4-s123,qwen3-4b-keep4-s123:825:5,825,328,0,0,0,16,66
qwen3-4b-keep4-s123,qwen3-4b-keep4-s123:825:6,825,39,0,0,0,16,66
qwen3-4b-keep4-s123,qwen3-4b-keep4-s123:828:0,828,273,0,0,0,39,82
qwen3-4b-keep4-s123,qwen3-4b-keep4-s123:828:3,828,377,0,0,0,21,82
qwen3-4b-keep4-s123,qwen3-4b-keep4-s123:828:4,828,59,0,0,0,30,82
qwen3-4b-keep4-s123,qwen3-4b-keep4-s123:828:5,828,9,0,0,0,27,82
qwen3-4b-keep4-s123,qwen3-4b-keep4-s123:828:6,828,376,0,0,0,27,82
qwen3-4b-keep4-s123,qwen3-4b-keep4-s123:829:0,829,17,0,0,0,41,133
qwen3-4b-keep4-s123,qwen3-4b-keep4-s123:829:4,829,163,0,0,0,37,133
qwen3-4b-keep4-s123,qwen3-4b-keep4-s123:830:1,830,11,0,0,0,19,80
qwen3-4b-keep4-s123,qwen3-4b-keep4-s123:830:2,830,9,0,0,0,23,80
qwen3-4b-keep4-s123,qwen3-4b-keep4-s123:830:3,830,253,0,0,0,31,80
qwen3-4b-keep4-s123,qwen3-4b-keep4-s123:830:6,830,27,0,0,0,24,80
qwen3-4b-keep4-s123,qwen3-4b-keep4-s123:833:0,833,329,0,0,0,15,63
qwen3-4b-keep4-s123,qwen3-4b-keep4-s123:833:1,833,474,0,0,0,9,63
qwen3-4b-keep4-s123,qwen3-4b-keep4-s123:833:2,833,346,0,0,0,15,63
qwen3-4b-keep4-s123,qwen3-4b-keep4-s123:833:3,833,425,0,0,0,12,63
qwen3-4b-keep4-s123,qwen3-4b-keep4-s123:833:4,833,470,0,0,0,11,63
qwen3-4b-keep4-s123,qwen3-4b-keep4-s123:833:5,833,304,0,0,0,8,63
qwen3-4b-keep4-s123,qwen3-4b-keep4-s123:833:6,833,394,0,0,0,7,63
qwen3-4b-keep4-s123,qwen3-4b-keep4-s123:833:7,833,326,0,0,0,14,63
qwen3-4b-keep4-s123,qwen3-4b-keep4-s123:834:0,834,582,0,0,0,4,55
qwen3-4b-keep4-s123,qwen3-4b-keep4-s123:834:1,834,462,0,0,0,5,55
qwen3-4b-keep4-s123,qwen3-4b-keep4-s123:834:2,834,478,0,0,0,10,55
qwen3-4b-keep4-s123,qwen3-4b-keep4-s123:834:3,834,458,0,0,0,3,55
qwen3-4b-keep4-s123,qwen3-4b-keep4-s123:834:5,834,327,0,0,0,8,55
qwen3-4b-keep4-s123,qwen3-4b-keep4-s123:834:6,834,366,0,0,0,8,55
qwen3-4b-keep4-s123,qwen3-4b-keep4-s123:834:7,834,461,0,0,0,5,55
qwen3-4b-keep4-s123,qwen3-4b-keep4-s123:835:4,835,422,0,0,0,34,89
qwen3-4b-keep4-s123,qwen3-4b-keep4-s123:836:0,836,483,0,0,0,5,58
qwen3-4b-keep4-s123,qwen3-4b-keep4-s123:836:1,836,536,0,0,0,4,58
qwen3-4b-keep4-s123,qwen3-4b-keep4-s123:836:2,836,379,0,0,0,12,58
qwen3-4b-keep4-s123,qwen3-4b-keep4-s123:836:3,836,409,0,0,0,8,58
qwen3-4b-keep4-s123,qwen3-4b-keep4-s123:836:4,836,485,0,0,0,8,58
qwen3-4b-keep4-s123,qwen3-4b-keep4-s123:836:5,836,424,0,0,0,6,58
qwen3-4b-keep4-s123,qwen3-4b-keep4-s123:836:6,836,509,0,0,0,6,58
qwen3-4b-keep4-s123,qwen3-4b-keep4-s123:836:7,836,459,0,0,0,3,58
qwen3-4b-keep4-s123,qwen3-4b-keep4-s123:837:0,837,223,0,0,0,43,86
qwen3-4b-keep4-s123,qwen3-4b-keep4-s123:837:2,837,2,0,0,0,24,86
qwen3-4b-keep4-s123,qwen3-4b-keep4-s123:837:3,837,24,2,0,0,9,86
qwen3-4b-keep4-s123,qwen3-4b-keep4-s123:837:5,837,347,0,0,0,9,86
qwen3-4b-keep4-s123,qwen3-4b-keep4-s123:837:6,837,285,0,0,0,10,86
qwen3-4b-keep4-s123,qwen3-4b-keep4-s123:838:2,838,19,0,0,0,18,32
qwen3-4b-keep4-s123,qwen3-4b-keep4-s123:839:0,839,0,0,0,0,15,41
qwen3-4b-keep4-s123,qwen3-4b-keep4-s123:839:1,839,471,0,0,0,8,41
qwen3-4b-keep4-s123,qwen3-4b-keep4-s123:839:3,839,428,0,0,0,14,41
qwen3-4b-keep4-s123,qwen3-4b-keep4-s123:839:5,839,616,0,0,0,18,41
qwen3-4b-keep4-s123,qwen3-4b-keep4-s123:840:1,840,4,0,0,0,21,94
qwen3-4b-keep4-s123,qwen3-4b-keep4-s123:840:5,840,8,0,0,0,43,94
qwen3-4b-keep4-s123,qwen3-4b-keep4-s123:840:7,840,405,0,0,0,15,94
qwen3-4b-keep4-s123,qwen3-4b-keep4-s123:841:4,841,468,0,0,0,25,48
qwen3-4b-keep4-s123,qwen3-4b-keep4-s123:842:3,842,314,0,0,0,42,102
qwen3-4b-keep4-s123,qwen3-4b-keep4-s123:842:5,842,36,0,0,0,24,102
qwen3-4b-keep4-s123,qwen3-4b-keep4-s123:843:2,843,439,0,0,0,14,65
qwen3-4b-keep4-s123,qwen3-4b-keep4-s123:843:4,843,0,0,0,0,24,65
qwen3-4b-keep4-s123,qwen3-4b-keep4-s123:843:7,843,12,0,0,0,29,65
qwen3-4b-keep4-s123,qwen3-4b-keep4-s123:844:1,844,270,0,0,0,20,70
qwen3-4b-keep4-s123,qwen3-4b-keep4-s123:844:2,844,523,0,0,0,5,70
qwen3-4b-keep4-s123,qwen3-4b-keep4-s123:844:3,844,302,0,0,0,7,70
qwen3-4b-keep4-s123,qwen3-4b-keep4-s123:844:4,844,348,0,0,0,3,70
qwen3-4b-keep4-s123,qwen3-4b-keep4-s123:844:5,844,212,0,0,0,14,70
qwen3-4b-keep4-s123,qwen3-4b-keep4-s123:844:7,844,299,0,0,0,11,70
qwen3-4b-keep4-s123,qwen3-4b-keep4-s123:846:4,846,416,0,0,0,19,52
qwen3-4b-keep4-s123,qwen3-4b-keep4-s123:846:5,846,421,0,0,0,24,52
qwen3-4b-keep4-s123,qwen3-4b-keep4-s123:846:7,846,409,0,0,0,22,52
qwen3-4b-keep4-s123,qwen3-4b-keep4-s123:847:0,847,406,0,0,0,31,65
qwen3-4b-keep4-s123,qwen3-4b-keep4-s123:847:1,847,337,0,0,0,30,65
qwen3-4b-keep4-s123,qwen3-4b-keep4-s123:847:5,847,48,0,0,0,32,65
qwen3-4b-keep4-s123,qwen3-4b-keep4-s123:848:0,848,435,0,0,0,6,68
qwen3-4b-keep4-s123,qwen3-4b-keep4-s123:848:2,848,311,0,0,0,14,68
qwen3-4b-keep4-s123,qwen3-4b-keep4-s123:848:3,848,9,3,0,0,18,68
qwen3-4b-keep4-s123,qwen3-4b-keep4-s123:848:5,848,310,0,0,0,3,68
qwen3-4b-keep4-s123,qwen3-4b-keep4-s123:848:6,848,316,0,0,0,10,68
qwen3-4b-keep4-s123,qwen3-4b-keep4-s123:848:7,848,334,0,0,0,11,68
qwen3-4b-keep4-s123,qwen3-4b-keep4-s123:851:1,851,430,0,0,0,17,48
qwen3-4b-keep4-s123,qwen3-4b-keep4-s123:851:2,851,20,0,0,0,12,48
qwen3-4b-keep4-s123,qwen3-4b-keep4-s123:851:5,851,420,0,0,0,24,48
qwen3-4b-keep4-s123,qwen3-4b-keep4-s123:851:6,851,495,0,0,0,6,48
qwen3-4b-keep4-s123,qwen3-4b-keep4-s123:851:7,851,517,0,0,0,23,48
qwen3-4b-keep4-s123,qwen3-4b-keep4-s123:853:0,853,19,2,0,0,14,98
qwen3-4b-keep4-s123,qwen3-4b-keep4-s123:853:1,853,458,0,0,0,17,98
qwen3-4b-keep4-s123,qwen3-4b-keep4-s123:853:3,853,379,0,0,0,9,98
qwen3-4b-keep4-s123,qwen3-4b-keep4-s123:853:5,853,286,0,0,0,6,98
qwen3-4b-keep4-s123,qwen3-4b-keep4-s123:853:6,853,225,0,0,0,10,98
qwen3-4b-keep4-s123,qwen3-4b-keep4-s123:853:7,853,43,0,0,0,12,98
qwen3-4b-keep4-s123,qwen3-4b-keep4-s123:854:1,854,283,0,0,0,24,88
qwen3-4b-keep4-s123,qwen3-4b-keep4-s123:854:4,854,245,0,0,0,14,88
qwen3-4b-keep4-s123,qwen3-4b-keep4-s123:854:6,854,294,0,0,0,13,88
qwen3-4b-keep4-s123,qwen3-4b-keep4-s123:855:2,855,488,0,0,0,26,66
qwen3-4b-keep4-s123,qwen3-4b-keep4-s123:857:5,857,20,0,0,0,24,50
qwen3-4b-keep4-s123,qwen3-4b-keep4-s123:858:0,858,462,0,0,0,15,66
qwen3-4b-keep4-s123,qwen3-4b-keep4-s123:858:3,858,323,0,0,0,23,66
qwen3-4b-keep4-s123,qwen3-4b-keep4-s123:859:0,859,11,0,0,0,8,53
qwen3-4b-keep4-s123,qwen3-4b-keep4-s123:859:5,859,316,0,0,0,13,53
qwen3-4b-keep4-s123,qwen3-4b-keep4-s123:859:6,859,344,0,0,0,14,53
qwen3-4b-keep4-s123,qwen3-4b-keep4-s123:859:7,859,301,0,0,0,10,53
qwen3-4b-keep4-s123,qwen3-4b-keep4-s123:861:5,861,403,0,0,0,12,62
qwen3-4b-keep4-s123,qwen3-4b-keep4-s123:861:6,861,356,0,0,0,25,62
qwen3-4b-keep4-s123,qwen3-4b-keep4-s123:862:4,862,21,0,0,0,34,76
qwen3-4b-keep4-s123,qwen3-4b-keep4-s123:865:0,865,474,0,0,0,5,106
qwen3-4b-keep4-s123,qwen3-4b-keep4-s123:865:1,865,296,0,0,0,14,106
qwen3-4b-keep4-s123,qwen3-4b-keep4-s123:865:2,865,383,0,0,0,5,106
qwen3-4b-keep4-s123,qwen3-4b-keep4-s123:865:3,865,338,0,0,0,12,106
qwen3-4b-keep4-s123,qwen3-4b-keep4-s123:865:4,865,328,0,0,0,5,106
qwen3-4b-keep4-s123,qwen3-4b-keep4-s123:865:5,865,460,0,0,0,2,106
qwen3-4b-keep4-s123,qwen3-4b-keep4-s123:865:6,865,355,0,0,0,9,106
qwen3-4b-keep4-s123,qwen3-4b-keep4-s123:865:7,865,461,0,0,0,13,106
qwen3-4b-keep4-s123,qwen3-4b-keep4-s123:866:1,866,0,0,0,0,10,53
qwen3-4b-keep4-s123,qwen3-4b-keep4-s123:866:2,866,0,0,0,0,14,53
qwen3-4b-keep4-s123,qwen3-4b-keep4-s123:866:4,866,445,0,0,0,15,53
qwen3-4b-keep4-s123,qwen3-4b-keep4-s123:866:5,866,142,0,0,0,7,53
qwen3-4b-keep4-s123,qwen3-4b-keep4-s123:867:0,867,275,0,0,0,2,72
qwen3-4b-keep4-s123,qwen3-4b-keep4-s123:867:1,867,398,0,0,0,6,72
qwen3-4b-keep4-s123,qwen3-4b-keep4-s123:867:3,867,225,0,0,0,6,72
qwen3-4b-keep4-s123,qwen3-4b-keep4-s123:867:4,867,35,2,0,0,2,72
qwen3-4b-keep4-s123,qwen3-4b-keep4-s123:867:5,867,272,0,0,0,4,72
qwen3-4b-keep4-s123,qwen3-4b-keep4-s123:867:6,867,377,0,0,0,4,72
qwen3-4b-keep4-s123,qwen3-4b-keep4-s123:867:7,867,259,0,0,0,2,72
qwen3-4b-keep4-s123,qwen3-4b-keep4-s123:870:2,870,393,0,0,0,20,80
qwen3-4b-keep4-s123,qwen3-4b-keep4-s123:871:4,871,8,0,0,0,14,74
qwen3-4b-keep4-s123,qwen3-4b-keep4-s123:871:5,871,328,0,0,0,16,74
qwen3-4b-keep4-s123,qwen3-4b-keep4-s123:871:6,871,403,0,0,0,11,74
qwen3-4b-keep4-s123,qwen3-4b-keep4-s123:872:0,872,303,0,0,0,21,89
qwen3-4b-keep4-s123,qwen3-4b-keep4-s123:872:1,872,0,0,0,0,2,89
qwen3-4b-keep4-s123,qwen3-4b-keep4-s123:872:4,872,9,0,0,0,30,89
qwen3-4b-keep4-s123,qwen3-4b-keep4-s123:872:5,872,332,0,0,0,3,89
qwen3-4b-keep4-s123,qwen3-4b-keep4-s123:872:6,872,416,0,0,0,11,89
qwen3-4b-keep4-s123,qwen3-4b-keep4-s123:873:1,873,172,0,0,0,9,58
qwen3-4b-keep4-s123,qwen3-4b-keep4-s123:874:2,874,251,0,0,0,12,52
qwen3-4b-keep4-s123,qwen3-4b-keep4-s123:874:4,874,371,0,0,0,7,52
qwen3-4b-keep4-s123,qwen3-4b-keep4-s123:874:6,874,255,0,0,0,8,52
qwen3-4b-keep4-s123,qwen3-4b-keep4-s123:874:7,874,27,0,0,0,9,52
qwen3-4b-keep4-s123,qwen3-4b-keep4-s123:875:0,875,9,0,0,0,38,102
qwen3-4b-keep4-s123,qwen3-4b-keep4-s123:875:1,875,432,0,0,0,40,102
qwen3-4b-keep4-s123,qwen3-4b-keep4-s123:875:2,875,9,0,0,0,25,102
qwen3-4b-keep4-s123,qwen3-4b-keep4-s123:875:3,875,345,0,0,0,42,102
qwen3-4b-keep4-s123,qwen3-4b-keep4-s123:875:5,875,0,0,0,0,42,102
qwen3-4b-keep4-s123,qwen3-4b-keep4-s123:875:6,875,502,0,0,0,26,102
qwen3-4b-keep4-s123,qwen3-4b-keep4-s123:879:0,879,410,0,0,0,8,64
qwen3-4b-keep4-s123,qwen3-4b-keep4-s123:879:1,879,101,0,0,0,15,64
qwen3-4b-keep4-s123,qwen3-4b-keep4-s123:879:2,879,394,0,0,0,5,64
qwen3-4b-keep4-s123,qwen3-4b-keep4-s123:879:3,879,299,0,0,0,19,64
qwen3-4b-keep4-s123,qwen3-4b-keep4-s123:879:5,879,319,79,0,2,17,64
qwen3-4b-keep4-s123,qwen3-4b-keep4-s123:879:6,879,389,0,0,0,6,64
qwen3-4b-keep4-s123,qwen3-4b-keep4-s123:879:7,879,3,0,0,0,21,64
qwen3-4b-keep4-s123,qwen3-4b-keep4-s123:880:0,880,335,0,0,0,3,19
qwen3-4b-keep4-s123,qwen3-4b-keep4-s123:880:2,880,429,0,0,0,7,19
qwen3-4b-keep4-s123,qwen3-4b-keep4-s123:882:0,882,461,0,0,0,3,37
qwen3-4b-keep4-s123,qwen3-4b-keep4-s123:882:1,882,408,0,0,0,3,37
qwen3-4b-keep4-s123,qwen3-4b-keep4-s123:882:2,882,313,0,0,0,4,37
qwen3-4b-keep4-s123,qwen3-4b-keep4-s123:882:4,882,8,0,0,0,6,37
qwen3-4b-keep4-s123,qwen3-4b-keep4-s123:882:7,882,397,0,0,0,5,37
qwen3-4b-keep4-s123,qwen3-4b-keep4-s123:883:4,883,1,0,0,0,10,26
qwen3-4b-keep4-s123,qwen3-4b-keep4-s123:884:4,884,2,0,0,0,30,70
qwen3-4b-keep4-s123,qwen3-4b-keep4-s123:885:0,885,324,0,0,0,12,61
qwen3-4b-keep4-s123,qwen3-4b-keep4-s123:885:4,885,339,11,0,1,8,61
qwen3-4b-keep4-s123,qwen3-4b-keep4-s123:885:5,885,22,0,0,0,26,61
qwen3-4b-keep4-s123,qwen3-4b-keep4-s123:885:7,885,226,0,0,0,14,61
qwen3-4b-keep4-s123,qwen3-4b-keep4-s123:886:0,886,404,0,0,0,9,40
qwen3-4b-keep4-s123,qwen3-4b-keep4-s123:886:1,886,402,0,0,0,19,40
qwen3-4b-keep4-s123,qwen3-4b-keep4-s123:886:2,886,488,0,0,0,15,40
qwen3-4b-keep4-s123,qwen3-4b-keep4-s123:886:3,886,531,0,0,0,6,40
qwen3-4b-keep4-s123,qwen3-4b-keep4-s123:886:4,886,435,0,0,0,21,40
qwen3-4b-keep4-s123,qwen3-4b-keep4-s123:886:5,886,319,0,0,0,23,40
qwen3-4b-keep4-s123,qwen3-4b-keep4-s123:886:6,886,568,0,0,0,10,40
qwen3-4b-keep4-s123,qwen3-4b-keep4-s123:886:7,886,9,0,0,0,25,40
qwen3-4b-keep4-s123,qwen3-4b-keep4-s123:887:0,887,370,0,0,0,3,55
qwen3-4b-keep4-s123,qwen3-4b-keep4-s123:887:1,887,304,0,0,0,6,55
qwen3-4b-keep4-s123,qwen3-4b-keep4-s123:887:2,887,289,0,0,0,4,55
qwen3-4b-keep4-s123,qwen3-4b-keep4-s123:887:3,887,276,0,0,0,13,55
qwen3-4b-keep4-s123,qwen3-4b-keep4-s123:887:4,887,349,0,0,0,4,55
qwen3-4b-keep4-s123,qwen3-4b-keep4-s123:887:5,887,442,0,0,0,4,55
qwen3-4b-keep4-s123,qwen3-4b-keep4-s123:887:6,887,392,0,0,0,3,55
qwen3-4b-keep4-s123,qwen3-4b-keep4-s123:887:7,887,395,0,0,0,2,55
qwen3-4b-keep4-s123,qwen3-4b-keep4-s123:888:0,888,373,0,0,0,15,82
qwen3-4b-keep4-s123,qwen3-4b-keep4-s123:888:1,888,286,0,0,0,10,82
qwen3-4b-keep4-s123,qwen3-4b-keep4-s123:888:2,888,317,0,0,0,17,82
qwen3-4b-keep4-s123,qwen3-4b-keep4-s123:888:3,888,351,0,0,0,19,82
qwen3-4b-keep4-s123,qwen3-4b-keep4-s123:888:4,888,311,0,0,0,12,82
qwen3-4b-keep4-s123,qwen3-4b-keep4-s123:888:6,888,378,0,0,0,11,82
qwen3-4b-keep4-s123,qwen3-4b-keep4-s123:888:7,888,371,0,0,0,9,82
qwen3-4b-keep4-s123,qwen3-4b-keep4-s123:889:0,889,253,0,0,0,6,28
qwen3-4b-keep4-s123,qwen3-4b-keep4-s123:889:4,889,1,0,0,0,9,28
qwen3-4b-keep4-s123,qwen3-4b-keep4-s123:890:6,890,210,0,0,0,38,66
qwen3-4b-keep4-s123,qwen3-4b-keep4-s123:891:0,891,5,0,0,0,19,82
qwen3-4b-keep4-s123,qwen3-4b-keep4-s123:891:1,891,485,0,0,0,9,82
qwen3-4b-keep4-s123,qwen3-4b-keep4-s123:891:2,891,433,0,0,0,14,82
qwen3-4b-keep4-s123,qwen3-4b-keep4-s123:891:6,891,13,0,0,0,28,82
qwen3-4b-keep4-s123,qwen3-4b-keep4-s123:891:7,891,19,0,0,0,29,82
qwen3-4b-keep4-s123,qwen3-4b-keep4-s123:892:0,892,19,0,0,0,10,35
qwen3-4b-keep4-s123,qwen3-4b-keep4-s123:892:2,892,369,0,0,0,11,35
qwen3-4b-keep4-s123,qwen3-4b-keep4-s123:894:0,894,12,0,0,0,17,59
qwen3-4b-keep4-s123,qwen3-4b-keep4-s123:894:1,894,375,0,0,0,19,59
qwen3-4b-keep4-s123,qwen3-4b-keep4-s123:894:2,894,343,0,0,0,15,59
qwen3-4b-keep4-s123,qwen3-4b-keep4-s123:894:3,894,394,0,0,0,17,59
qwen3-4b-keep4-s123,qwen3-4b-keep4-s123:894:4,894,170,0,0,0,20,59
qwen3-4b-keep4-s123,qwen3-4b-keep4-s123:894:5,894,366,0,0,0,18,59
qwen3-4b-keep4-s123,qwen3-4b-keep4-s123:894:6,894,317,0,0,0,19,59
qwen3-4b-keep4-s123,qwen3-4b-keep4-s123:895:1,895,20,0,0,0,29,66
qwen3-4b-keep4-s123,qwen3-4b-keep4-s123:895:5,895,13,0,0,0,34,66
qwen3-4b-keep4-s123,qwen3-4b-keep4-s123:895:6,895,378,0,0,0,24,66
qwen3-4b-keep4-s123,qwen3-4b-keep4-s123:896:0,896,377,0,0,0,10,89
qwen3-4b-keep4-s123,qwen3-4b-keep4-s123:896:1,896,399,0,0,0,9,89
qwen3-4b-keep4-s123,qwen3-4b-keep4-s123:896:2,896,305,0,0,0,9,89
qwen3-4b-keep4-s123,qwen3-4b-keep4-s123:896:3,896,349,0,0,0,11,89
qwen3-4b-keep4-s123,qwen3-4b-keep4-s123:896:4,896,280,0,0,0,15,89
qwen3-4b-keep4-s123,qwen3-4b-keep4-s123:896:5,896,332,0,0,0,11,89
qwen3-4b-keep4-s123,qwen3-4b-keep4-s123:896:6,896,312,0,0,0,16,89
qwen3-4b-keep4-s123,qwen3-4b-keep4-s123:896:7,896,266,0,0,0,14,89
qwen3-4b-keep4-s123,qwen3-4b-keep4-s123:897:0,897,425,18,3,5,14,54
qwen3-4b-keep4-s123,qwen3-4b-keep4-s123:897:1,897,537,0,0,0,7,54
qwen3-4b-keep4-s123,qwen3-4b-keep4-s123:897:4,897,463,0,0,0,10,54
qwen3-4b-keep4-s123,qwen3-4b-keep4-s123:897:5,897,497,0,0,0,11,54
qwen3-4b-keep4-s123,qwen3-4b-keep4-s123:897:6,897,2,0,0,0,10,54
qwen3-4b-keep4-s123,qwen3-4b-keep4-s123:897:7,897,14,0,0,0,19,54
qwen3-4b-keep4-s123,qwen3-4b-keep4-s123:898:0,898,529,0,0,0,12,37
qwen3-4b-keep4-s123,qwen3-4b-keep4-s123:898:1,898,496,0,0,0,5,37
qwen3-4b-keep4-s123,qwen3-4b-keep4-s123:898:2,898,534,0,0,0,9,37
qwen3-4b-keep4-s123,qwen3-4b-keep4-s123:898:3,898,11,0,0,0,8,37
qwen3-4b-keep4-s123,qwen3-4b-keep4-s123:898:4,898,595,0,0,0,12,37
qwen3-4b-keep4-s123,qwen3-4b-keep4-s123:898:6,898,12,0,0,0,8,37
qwen3-4b-keep4-s123,qwen3-4b-keep4-s123:899:2,899,489,0,0,0,22,41
qwen3-4b-keep4-s123,qwen3-4b-keep4-s123:899:7,899,12,0,0,0,25,41
qwen3-4b-keep4-s123,qwen3-4b-keep4-s123:900:0,900,269,0,0,0,10,45
qwen3-4b-keep4-s123,qwen3-4b-keep4-s123:900:4,900,277,0,0,0,12,45
qwen3-4b-keep4-s123,qwen3-4b-keep4-s123:900:5,900,185,0,0,0,12,45
qwen3-4b-keep4-s123,qwen3-4b-keep4-s123:900:6,900,309,0,0,0,7,45
qwen3-4b-keep4-s123,qwen3-4b-keep4-s123:901:0,901,433,0,0,0,16,69
qwen3-4b-keep4-s123,qwen3-4b-keep4-s123:901:6,901,347,0,0,0,14,69
qwen3-4b-keep4-s123,qwen3-4b-keep4-s123:901:7,901,325,0,0,0,10,69
qwen3-4b-keep4-s123,qwen3-4b-keep4-s123:902:1,902,497,0,0,0,7,49
qwen3-4b-keep4-s123,qwen3-4b-keep4-s123:904:1,904,24,16,0,1,14,38
qwen3-4b-keep4-s123,qwen3-4b-keep4-s123:904:7,904,0,0,0,0,9,38
qwen3-4b-keep4-s123,qwen3-4b-keep4-s123:905:2,905,309,0,0,0,38,69
qwen3-4b-keep4-s123,qwen3-4b-keep4-s123:905:4,905,341,0,0,0,38,69
qwen3-4b-keep4-s123,qwen3-4b-keep4-s123:905:5,905,265,0,0,0,38,69
qwen3-4b-keep4-s123,qwen3-4b-keep4-s123:905:6,905,301,0,0,0,39,69
qwen3-4b-keep4-s123,qwen3-4b-keep4-s123:906:0,906,368,0,0,0,13,30
qwen3-4b-keep4-s123,qwen3-4b-keep4-s123:906:2,906,413,0,0,0,15,30
qwen3-4b-keep4-s123,qwen3-4b-keep4-s123:906:3,906,266,0,0,0,15,30
qwen3-4b-keep4-s123,qwen3-4b-keep4-s123:906:4,906,339,0,0,0,12,30
qwen3-4b-keep4-s123,qwen3-4b-keep4-s123:906:6,906,400,0,0,0,13,30
qwen3-4b-keep4-s123,qwen3-4b-keep4-s123:907:1,907,25,0,0,0,41,84
qwen3-4b-keep4-s123,qwen3-4b-keep4-s123:907:6,907,503,0,0,0,50,84
qwen3-4b-keep4-s123,qwen3-4b-keep4-s123:908:7,908,387,0,0,0,4,29
qwen3-4b-keep4-s123,qwen3-4b-keep4-s123:910:0,910,415,0,0,0,14,57
qwen3-4b-keep4-s123,qwen3-4b-keep4-s123:910:6,910,456,0,0,0,27,57
qwen3-4b-keep4-s123,qwen3-4b-keep4-s123:911:0,911,539,0,0,0,14,33
qwen3-4b-keep4-s123,qwen3-4b-keep4-s123:911:2,911,16,0,0,0,15,33
qwen3-4b-keep4-s123,qwen3-4b-keep4-s123:911:3,911,550,0,0,0,9,33
qwen3-4b-keep4-s123,qwen3-4b-keep4-s123:911:5,911,495,0,0,0,8,33
qwen3-4b-keep4-s123,qwen3-4b-keep4-s123:911:6,911,32,0,0,0,9,33
qwen3-4b-keep4-s123,qwen3-4b-keep4-s123:912:5,912,19,0,0,0,16,50
qwen3-4b-keep4-s123,qwen3-4b-keep4-s123:914:0,914,409,0,0,0,12,42
qwen3-4b-keep4-s123,qwen3-4b-keep4-s123:914:1,914,6,0,0,0,12,42
qwen3-4b-keep4-s123,qwen3-4b-keep4-s123:914:2,914,287,0,0,0,10,42
qwen3-4b-keep4-s123,qwen3-4b-keep4-s123:914:3,914,448,0,0,0,14,42
qwen3-4b-keep4-s123,qwen3-4b-keep4-s123:914:5,914,35,0,0,0,9,42
qwen3-4b-keep4-s123,qwen3-4b-keep4-s123:914:6,914,334,7,0,0,10,42
qwen3-4b-keep4-s123,qwen3-4b-keep4-s123:915:0,915,493,0,0,0,14,54
qwen3-4b-keep4-s123,qwen3-4b-keep4-s123:915:2,915,347,0,0,0,16,54
qwen3-4b-keep4-s123,qwen3-4b-keep4-s123:915:3,915,4,0,0,0,11,54
qwen3-4b-keep4-s123,qwen3-4b-keep4-s123:915:4,915,396,0,0,0,16,54
qwen3-4b-keep4-s123,qwen3-4b-keep4-s123:915:5,915,446,0,0,0,26,54
qwen3-4b-keep4-s123,qwen3-4b-keep4-s123:915:6,915,455,0,0,0,15,54
qwen3-4b-keep4-s123,qwen3-4b-keep4-s123:915:7,915,427,0,0,0,14,54
qwen3-4b-keep4-s123,qwen3-4b-keep4-s123:916:0,916,12,0,0,0,25,121
qwen3-4b-keep4-s123,qwen3-4b-keep4-s123:916:1,916,22,0,0,0,17,121
qwen3-4b-keep4-s123,qwen3-4b-keep4-s123:916:2,916,62,38,0,4,33,121
qwen3-4b-keep4-s123,qwen3-4b-keep4-s123:916:4,916,453,0,0,0,21,121
qwen3-4b-keep4-s123,qwen3-4b-keep4-s123:916:5,916,375,0,0,0,13,121
qwen3-4b-keep4-s123,qwen3-4b-keep4-s123:916:6,916,454,0,0,0,11,121
qwen3-4b-keep4-s123,qwen3-4b-keep4-s123:916:7,916,366,0,0,0,27,121
qwen3-4b-keep4-s123,qwen3-4b-keep4-s123:917:0,917,25,0,0,0,35,82
qwen3-4b-keep4-s123,qwen3-4b-keep4-s123:917:1,917,365,0,0,0,35,82
qwen3-4b-keep4-s123,qwen3-4b-keep4-s123:917:3,917,365,0,0,0,27,82
qwen3-4b-keep4-s123,qwen3-4b-keep4-s123:917:4,917,296,0,0,0,22,82
qwen3-4b-keep4-s123,qwen3-4b-keep4-s123:917:5,917,269,0,0,0,35,82
qwen3-4b-keep4-s123,qwen3-4b-keep4-s123:917:6,917,3,0,0,0,32,82
qwen3-4b-keep4-s123,qwen3-4b-keep4-s123:917:7,917,253,0,0,0,38,82
qwen3-4b-keep4-s123,qwen3-4b-keep4-s123:918:0,918,2,0,0,0,4,70
qwen3-4b-keep4-s123,qwen3-4b-keep4-s123:918:1,918,372,0,0,0,4,70
qwen3-4b-keep4-s123,qwen3-4b-keep4-s123:918:2,918,126,0,0,0,5,70
qwen3-4b-keep4-s123,qwen3-4b-keep4-s123:918:4,918,444,0,0,0,3,70
qwen3-4b-keep4-s123,qwen3-4b-keep4-s123:918:5,918,415,0,0,0,6,70
qwen3-4b-keep4-s123,qwen3-4b-keep4-s123:918:6,918,12,0,0,0,7,70
qwen3-4b-keep4-s123,qwen3-4b-keep4-s123:920:2,920,0,0,0,0,30,56
qwen3-4b-keep4-s123,qwen3-4b-keep4-s123:922:3,922,1,0,0,0,13,70
qwen3-4b-keep4-s123,qwen3-4b-keep4-s123:923:6,923,33,0,0,0,35,68
qwen3-4b-keep4-s123,qwen3-4b-keep4-s123:925:0,925,524,0,0,0,21,49
qwen3-4b-keep4-s123,qwen3-4b-keep4-s123:925:1,925,248,0,0,0,13,49
qwen3-4b-keep4-s123,qwen3-4b-keep4-s123:925:2,925,411,0,0,0,14,49
qwen3-4b-keep4-s123,qwen3-4b-keep4-s123:925:3,925,7,0,0,0,17,49
qwen3-4b-keep4-s123,qwen3-4b-keep4-s123:925:4,925,300,0,0,0,15,49
qwen3-4b-keep4-s123,qwen3-4b-keep4-s123:925:5,925,416,0,0,0,15,49
qwen3-4b-keep4-s123,qwen3-4b-keep4-s123:925:6,925,412,0,0,0,14,49
qwen3-4b-keep4-s123,qwen3-4b-keep4-s123:925:7,925,480,0,0,0,18,49
qwen3-4b-keep4-s123,qwen3-4b-keep4-s123:926:0,926,380,0,0,0,17,98
qwen3-4b-keep4-s123,qwen3-4b-keep4-s123:926:1,926,0,0,0,0,23,98
qwen3-4b-keep4-s123,qwen3-4b-keep4-s123:926:2,926,525,0,0,0,17,98
qwen3-4b-keep4-s123,qwen3-4b-keep4-s123:926:3,926,399,0,0,0,16,98
qwen3-4b-keep4-s123,qwen3-4b-keep4-s123:926:4,926,395,0,0,0,23,98
qwen3-4b-keep4-s123,qwen3-4b-keep4-s123:926:5,926,34,0,0,0,24,98
qwen3-4b-keep4-s123,qwen3-4b-keep4-s123:926:6,926,389,0,0,0,16,98
qwen3-4b-keep4-s123,qwen3-4b-keep4-s123:927:1,927,5,0,0,0,3,5
qwen3-4b-keep4-s123,qwen3-4b-keep4-s123:927:3,927,461,0,0,0,1,5
qwen3-4b-keep4-s123,qwen3-4b-keep4-s123:928:2,928,10,0,0,0,44,82
qwen3-4b-keep4-s123,qwen3-4b-keep4-s123:928:6,928,273,0,0,0,55,82
qwen3-4b-keep4-s123,qwen3-4b-keep4-s123:929:1,929,1,0,0,0,16,49
qwen3-4b-keep4-s123,qwen3-4b-keep4-s123:929:5,929,46,0,0,0,15,49
qwen3-4b-keep4-s123,qwen3-4b-keep4-s123:929:6,929,1,0,0,0,22,49
qwen3-4b-keep4-s123,qwen3-4b-keep4-s123:930:0,930,0,0,0,0,19,31
qwen3-4b-keep4-s123,qwen3-4b-keep4-s123:934:1,934,375,0,0,0,9,38
qwen3-4b-keep4-s123,qwen3-4b-keep4-s123:934:2,934,9,0,0,0,9,38
qwen3-4b-keep4-s123,qwen3-4b-keep4-s123:934:5,934,1,0,0,0,13,38
qwen3-4b-keep4-s123,qwen3-4b-keep4-s123:934:6,934,12,0,0,0,11,38
qwen3-4b-keep4-s123,qwen3-4b-keep4-s123:934:7,934,568,0,0,0,10,38
qwen3-4b-keep4-s123,qwen3-4b-keep4-s123:935:0,935,404,0,0,0,2,29
qwen3-4b-keep4-s123,qwen3-4b-keep4-s123:935:2,935,338,0,0,0,3,29
qwen3-4b-keep4-s123,qwen3-4b-keep4-s123:935:3,935,558,0,0,0,4,29
qwen3-4b-keep4-s123,qwen3-4b-keep4-s123:935:4,935,361,0,0,0,2,29
qwen3-4b-keep4-s123,qwen3-4b-keep4-s123:935:5,935,407,0,0,0,5,29
qwen3-4b-keep4-s123,qwen3-4b-keep4-s123:935:6,935,402,0,0,0,4,29
qwen3-4b-keep4-s123,qwen3-4b-keep4-s123:935:7,935,436,0,0,0,2,29
qwen3-4b-keep4-s123,qwen3-4b-keep4-s123:938:0,938,362,0,0,0,16,81
qwen3-4b-keep4-s123,qwen3-4b-keep4-s123:938:3,938,1,0,0,0,44,81
qwen3-4b-keep4-s123,qwen3-4b-keep4-s123:938:5,938,254,0,0,0,43,81
qwen3-4b-keep4-s123,qwen3-4b-keep4-s123:939:2,939,529,0,0,0,36,75
qwen3-4b-keep4-s123,qwen3-4b-keep4-s123:940:0,940,474,0,0,0,32,53
qwen3-4b-keep4-s123,qwen3-4b-keep4-s123:940:2,940,0,0,0,0,25,53
qwen3-4b-keep4-s123,qwen3-4b-keep4-s123:940:5,940,342,0,0,0,29,53
qwen3-4b-keep4-s123,qwen3-4b-keep4-s123:941:4,941,27,0,0,0,21,61
qwen3-4b-keep4-s123,qwen3-4b-keep4-s123:941:6,941,354,0,0,0,15,61
qwen3-4b-keep4-s123,qwen3-4b-keep4-s123:942:0,942,26,0,0,0,5,35
qwen3-4b-keep4-s123,qwen3-4b-keep4-s123:942:1,942,400,0,0,0,6,35
qwen3-4b-keep4-s123,qwen3-4b-keep4-s123:942:5,942,265,0,0,0,12,35
qwen3-4b-keep4-s123,qwen3-4b-keep4-s123:942:7,942,431,0,0,0,5,35
qwen3-4b-keep4-s123,qwen3-4b-keep4-s123:943:1,943,1,0,0,0,33,57
qwen3-4b-keep4-s123,qwen3-4b-keep4-s123:945:1,945,111,0,0,0,12,58
qwen3-4b-keep4-s123,qwen3-4b-keep4-s123:945:6,945,377,0,0,0,13,58
qwen3-4b-keep4-s123,qwen3-4b-keep4-s123:946:0,946,25,0,0,0,8,47
qwen3-4b-keep4-s123,qwen3-4b-keep4-s123:946:2,946,352,0,0,0,13,47
qwen3-4b-keep4-s123,qwen3-4b-keep4-s123:946:3,946,16,9,0,0,12,47
qwen3-4b-keep4-s123,qwen3-4b-keep4-s123:946:4,946,457,0,0,0,8,47
qwen3-4b-keep4-s123,qwen3-4b-keep4-s123:946:6,946,421,0,0,0,8,47
qwen3-4b-keep4-s123,qwen3-4b-keep4-s123:946:7,946,552,0,0,0,11,47
qwen3-4b-keep4-s123,qwen3-4b-keep4-s123:947:1,947,399,0,0,0,32,73
qwen3-4b-keep4-s123,qwen3-4b-keep4-s123:947:3,947,419,0,0,0,23,73
qwen3-4b-keep4-s123,qwen3-4b-keep4-s123:947:4,947,454,0,0,0,20,73
qwen3-4b-keep4-s123,qwen3-4b-keep4-s123:947:6,947,11,0,0,0,22,73
qwen3-4b-keep4-s123,qwen3-4b-keep4-s123:947:7,947,459,0,0,0,33,73
qwen3-4b-keep4-s123,qwen3-4b-keep4-s123:948:0,948,275,0,0,0,35,95
qwen3-4b-keep4-s123,qwen3-4b-keep4-s123:948:2,948,301,0,0,0,45,95
qwen3-4b-keep4-s123,qwen3-4b-keep4-s123:948:4,948,0,0,0,0,51,95
qwen3-4b-keep4-s123,qwen3-4b-keep4-s123:948:5,948,314,0,0,0,39,95
qwen3-4b-keep4-s123,qwen3-4b-keep4-s123:948:6,948,4,0,0,0,47,95
qwen3-4b-keep4-s123,qwen3-4b-keep4-s123:948:7,948,45,0,0,0,1,95
qwen3-4b-keep4-s123,qwen3-4b-keep4-s123:949:0,949,477,0,0,0,6,65
qwen3-4b-keep4-s123,qwen3-4b-keep4-s123:949:1,949,433,0,0,0,3,65
qwen3-4b-keep4-s123,qwen3-4b-keep4-s123:949:4,949,289,0,0,0,11,65
qwen3-4b-keep4-s123,qwen3-4b-keep4-s123:949:6,949,538,0,0,0,4,65
qwen3-4b-keep4-s123,qwen3-4b-keep4-s123:949:7,949,437,0,0,0,5,65
qwen3-4b-keep4-s123,qwen3-4b-keep4-s123:951:0,951,7,0,0,0,15,28
qwen3-4b-keep4-s123,qwen3-4b-keep4-s123:951:2,951,9,0,0,0,13,28
qwen3-4b-keep4-s123,qwen3-4b-keep4-s123:951:4,951,18,0,0,0,15,28
qwen3-4b-keep4-s123,qwen3-4b-keep4-s123:951:5,951,10,0,0,0,16,28
qwen3-4b-keep4-s123,qwen3-4b-keep4-s123:951:6,951,465,0,0,0,14,28
qwen3-4b-keep4-s123,qwen3-4b-keep4-s123:952:0,952,36,0,0,0,2,35
qwen3-4b-keep4-s123,qwen3-4b-keep4-s123:952:1,952,267,0,0,0,7,35
qwen3-4b-keep4-s123,qwen3-4b-keep4-s123:952:2,952,402,0,0,0,5,35
qwen3-4b-keep4-s123,qwen3-4b-keep4-s123:952:3,952,372,0,0,0,2,35
qwen3-4b-keep4-s123,qwen3-4b-keep4-s123:952:5,952,366,0,0,0,4,35
qwen3-4b-keep4-s123,qwen3-4b-keep4-s123:952:6,952,350,0,0,0,4,35
qwen3-4b-keep4-s123,qwen3-4b-keep4-s123:952:7,952,455,0,0,0,6,35
qwen3-4b-keep4-s123,qwen3-4b-keep4-s123:953:0,953,485,0,0,0,0,88
qwen3-4b-keep4-s123,qwen3-4b-keep4-s123:953:1,953,527,0,0,0,7,88
qwen3-4b-keep4-s123,qwen3-4b-keep4-s123:953:2,953,24,0,0,0,1,88
qwen3-4b-keep4-s123,qwen3-4b-keep4-s123:953:3,953,50,0,0,0,2,88
qwen3-4b-keep4-s123,qwen3-4b-keep4-s123:953:4,953,436,0,0,0,17,88
qwen3-4b-keep4-s123,qwen3-4b-keep4-s123:953:5,953,511,0,0,0,2,88
qwen3-4b-keep4-s123,qwen3-4b-keep4-s123:953:6,953,410,0,0,0,15,88
qwen3-4b-keep4-s123,qwen3-4b-keep4-s123:954:3,954,13,0,0,0,13,101
qwen3-4b-keep4-s123,qwen3-4b-keep4-s123:955:3,955,479,0,0,0,20,36
qwen3-4b-keep4-s123,qwen3-4b-keep4-s123:955:7,955,377,0,0,0,14,36
qwen3-4b-keep4-s123,qwen3-4b-keep4-s123:956:1,956,305,0,0,0,13,28
qwen3-4b-keep4-s123,qwen3-4b-keep4-s123:958:0,958,150,0,0,0,13,74
qwen3-4b-keep4-s123,qwen3-4b-keep4-s123:958:1,958,14,0,0,0,14,74
qwen3-4b-keep4-s123,qwen3-4b-keep4-s123:958:2,958,263,0,0,0,14,74
qwen3-4b-keep4-s123,qwen3-4b-keep4-s123:958:3,958,4,0,0,0,20,74
qwen3-4b-keep4-s123,qwen3-4b-keep4-s123:958:4,958,289,0,0,0,18,74
qwen3-4b-keep4-s123,qwen3-4b-keep4-s123:958:6,958,341,0,0,0,17,74
qwen3-4b-keep4-s123,qwen3-4b-keep4-s123:958:7,958,371,0,0,0,16,74
qwen3-4b-keep4-s123,qwen3-4b-keep4-s123:961:2,961,358,0,0,0,13,40
qwen3-4b-keep4-s123,qwen3-4b-keep4-s123:961:4,961,4,0,0,0,15,40
qwen3-4b-keep4-s123,qwen3-4b-keep4-s123:961:5,961,0,0,0,0,23,40
qwen3-4b-keep4-s123,qwen3-4b-keep4-s123:961:6,961,294,0,0,0,8,40
qwen3-4b-keep4-s123,qwen3-4b-keep4-s123:961:7,961,20,0,0,0,13,40
qwen3-4b-keep4-s123,qwen3-4b-keep4-s123:962:3,962,5,0,0,0,7,79
qwen3-4b-keep4-s123,qwen3-4b-keep4-s123:962:5,962,334,0,0,0,7,79
qwen3-4b-keep4-s123,qwen3-4b-keep4-s123:962:6,962,435,0,0,0,8,79
qwen3-4b-keep4-s123,qwen3-4b-keep4-s123:962:7,962,269,0,0,0,7,79
qwen3-4b-keep4-s123,qwen3-4b-keep4-s123:963:1,963,2,0,0,0,12,26
qwen3-4b-keep4-s123,qwen3-4b-keep4-s123:963:2,963,32,28,0,0,12,26
qwen3-4b-keep4-s123,qwen3-4b-keep4-s123:963:4,963,4,0,0,0,12,26
qwen3-4b-keep4-s123,qwen3-4b-keep4-s123:964:0,964,96,62,4,12,30,67
qwen3-4b-keep4-s123,qwen3-4b-keep4-s123:964:4,964,487,0,0,0,19,67
qwen3-4b-keep4-s123,qwen3-4b-keep4-s123:964:5,964,24,0,0,0,21,67
qwen3-4b-keep4-s123,qwen3-4b-keep4-s123:964:6,964,400,0,0,0,21,67
qwen3-4b-keep4-s123,qwen3-4b-keep4-s123:967:1,967,0,0,0,0,26,47
qwen3-4b-keep4-s123,qwen3-4b-keep4-s123:967:2,967,266,0,0,0,6,47
qwen3-4b-keep4-s123,qwen3-4b-keep4-s123:967:5,967,31,0,0,0,10,47
qwen3-4b-keep4-s123,qwen3-4b-keep4-s123:967:6,967,0,0,0,0,14,47
qwen3-4b-keep4-s123,qwen3-4b-keep4-s123:967:7,967,499,0,0,0,7,47
qwen3-4b-keep4-s123,qwen3-4b-keep4-s123:968:1,968,10,0,0,0,42,61
qwen3-4b-keep4-s123,qwen3-4b-keep4-s123:970:1,970,438,0,0,0,15,86
qwen3-4b-keep4-s123,qwen3-4b-keep4-s123:970:2,970,364,0,0,0,16,86
qwen3-4b-keep4-s123,qwen3-4b-keep4-s123:970:3,970,434,0,0,0,24,86
qwen3-4b-keep4-s123,qwen3-4b-keep4-s123:970:4,970,390,0,0,0,12,86
qwen3-4b-keep4-s123,qwen3-4b-keep4-s123:970:5,970,399,0,0,0,8,86
qwen3-4b-keep4-s123,qwen3-4b-keep4-s123:970:6,970,573,0,0,0,11,86
qwen3-4b-keep4-s123,qwen3-4b-keep4-s123:970:7,970,459,0,0,0,8,86
qwen3-4b-keep4-s123,qwen3-4b-keep4-s123:971:0,971,391,0,0,0,26,74
qwen3-4b-keep4-s123,qwen3-4b-keep4-s123:971:1,971,15,0,0,0,33,74
qwen3-4b-keep4-s123,qwen3-4b-keep4-s123:971:2,971,33,0,0,0,38,74
qwen3-4b-keep4-s123,qwen3-4b-keep4-s123:971:6,971,13,0,0,0,37,74
qwen3-4b-keep4-s123,qwen3-4b-keep4-s123:971:7,971,3,0,0,0,37,74
qwen3-4b-keep4-s123,qwen3-4b-keep4-s123:972:0,972,383,0,0,0,18,74
qwen3-4b-keep4-s123,qwen3-4b-keep4-s123:972:1,972,395,0,0,0,24,74
qwen3-4b-keep4-s123,qwen3-4b-keep4-s123:972:3,972,357,0,0,0,23,74
qwen3-4b-keep4-s123,qwen3-4b-keep4-s123:972:4,972,432,0,0,0,26,74
qwen3-4b-keep4-s123,qwen3-4b-keep4-s123:972:6,972,417,0,0,0,22,74
qwen3-4b-keep4-s123,qwen3-4b-keep4-s123:972:7,972,455,0,0,0,23,74
qwen3-4b-keep4-s123,qwen3-4b-keep4-s123:973:0,973,377,0,0,0,22,130
qwen3-4b-keep4-s123,qwen3-4b-keep4-s123:973:1,973,0,0,0,0,54,130
qwen3-4b-keep4-s123,qwen3-4b-keep4-s123:973:6,973,0,0,0,0,51,130
qwen3-4b-keep4-s123,qwen3-4b-keep4-s123:975:3,975,313,4,0,0,9,76
qwen3-4b-keep4-s123,qwen3-4b-keep4-s123:975:4,975,316,0,0,0,17,76
qwen3-4b-keep4-s123,qwen3-4b-keep4-s123:975:5,975,9,0,0,0,12,76
qwen3-4b-keep4-s123,qwen3-4b-keep4-s123:977:3,977,1,0,0,0,19,84
qwen3-4b-keep4-s123,qwen3-4b-keep4-s123:977:4,977,0,0,0,0,23,84
qwen3-4b-keep4-s123,qwen3-4b-keep4-s123:977:5,977,246,48,0,0,15,84
qwen3-4b-keep4-s123,qwen3-4b-keep4-s123:977:7,977,347,0,0,0,9,84
qwen3-4b-keep4-s123,qwen3-4b-keep4-s123:978:2,978,1,0,0,0,28,50
qwen3-4b-keep4-s123,qwen3-4b-keep4-s123:979:0,979,372,0,0,0,26,47
qwen3-4b-keep4-s123,qwen3-4b-keep4-s123:979:1,979,3,0,0,0,23,47
qwen3-4b-keep4-s123,qwen3-4b-keep4-s123:979:2,979,316,0,0,0,19,47
qwen3-4b-keep4-s123,qwen3-4b-keep4-s123:979:3,979,16,0,0,0,28,47
qwen3-4b-keep4-s123,qwen3-4b-keep4-s123:979:5,979,366,0,0,0,23,47
qwen3-4b-keep4-s123,qwen3-4b-keep4-s123:979:6,979,24,0,0,0,12,47
qwen3-4b-keep4-s123,qwen3-4b-keep4-s123:981:6,981,5,0,0,0,35,84
qwen3-4b-keep4-s123,qwen3-4b-keep4-s123:982:0,982,500,0,0,0,0,30
qwen3-4b-keep4-s123,qwen3-4b-keep4-s123:982:1,982,330,0,0,0,2,30
qwen3-4b-keep4-s123,qwen3-4b-keep4-s123:982:2,982,419,0,0,0,0,30
qwen3-4b-keep4-s123,qwen3-4b-keep4-s123:982:3,982,349,0,0,0,0,30
qwen3-4b-keep4-s123,qwen3-4b-keep4-s123:982:4,982,36,0,0,0,1,30
qwen3-4b-keep4-s123,qwen3-4b-keep4-s123:982:5,982,366,39,0,1,1,30
qwen3-4b-keep4-s123,qwen3-4b-keep4-s123:982:6,982,310,0,0,0,0,30
qwen3-4b-keep4-s123,qwen3-4b-keep4-s123:982:7,982,370,0,0,0,0,30
qwen3-4b-keep4-s123,qwen3-4b-keep4-s123:983:2,983,333,0,0,0,13,28
qwen3-4b-keep4-s123,qwen3-4b-keep4-s123:983:3,983,270,0,0,0,14,28
qwen3-4b-keep4-s123,qwen3-4b-keep4-s123:983:6,983,289,0,0,0,13,28
qwen3-4b-keep4-s123,qwen3-4b-keep4-s123:983:7,983,278,0,0,0,12,28
qwen3-4b-keep4-s123,qwen3-4b-keep4-s123:985:1,985,53,0,0,0,51,84
qwen3-4b-keep4-s123,qwen3-4b-keep4-s123:985:2,985,339,0,0,0,32,84
qwen3-4b-keep4-s123,qwen3-4b-keep4-s123:985:3,985,306,0,0,0,48,84
qwen3-4b-keep4-s123,qwen3-4b-keep4-s123:985:4,985,385,0,0,0,42,84
qwen3-4b-keep4-s123,qwen3-4b-keep4-s123:985:7,985,199,0,0,0,20,84
qwen3-4b-keep4-s123,qwen3-4b-keep4-s123:986:0,986,412,0,0,0,23,41
qwen3-4b-keep4-s123,qwen3-4b-keep4-s123:986:1,986,376,0,0,0,12,41
qwen3-4b-keep4-s123,qwen3-4b-keep4-s123:986:2,986,355,0,0,0,17,41
qwen3-4b-keep4-s123,qwen3-4b-keep4-s123:986:5,986,211,0,0,0,17,41
qwen3-4b-keep4-s123,qwen3-4b-keep4-s123:986:7,986,201,0,0,0,18,41
qwen3-4b-keep4-s123,qwen3-4b-keep4-s123:987:0,987,0,0,0,0,21,54
qwen3-4b-keep4-s123,qwen3-4b-keep4-s123:987:2,987,4,0,0,0,26,54
qwen3-4b-keep4-s123,qwen3-4b-keep4-s123:987:3,987,3,0,0,0,26,54
qwen3-4b-keep4-s123,qwen3-4b-keep4-s123:987:5,987,12,0,0,0,24,54
qwen3-4b-keep4-s123,qwen3-4b-keep4-s123:987:6,987,9,0,0,0,32,54
qwen3-4b-keep4-s123,qwen3-4b-keep4-s123:988:3,988,2,0,0,0,17,40
qwen3-4b-keep4-s123,qwen3-4b-keep4-s123:988:5,988,385,0,0,0,14,40
qwen3-4b-keep4-s123,qwen3-4b-keep4-s123:988:7,988,701,0,0,0,13,40
qwen3-4b-keep4-s123,qwen3-4b-keep4-s123:989:5,989,304,0,0,0,14,41
qwen3-4b-keep4-s123,qwen3-4b-keep4-s123:992:2,992,300,0,0,0,8,41
qwen3-4b-keep4-s123,qwen3-4b-keep4-s123:992:3,992,29,0,0,0,9,41
qwen3-4b-keep4-s123,qwen3-4b-keep4-s123:992:5,992,355,0,0,0,8,41
qwen3-4b-keep4-s123,qwen3-4b-keep4-s123:993:2,993,2,0,0,0,41,69
qwen3-4b-keep4-s123,qwen3-4b-keep4-s123:994:0,994,516,0,0,0,4,56
qwen3-4b-keep4-s123,qwen3-4b-keep4-s123:994:1,994,391,0,0,0,7,56
qwen3-4b-keep4-s123,qwen3-4b-keep4-s123:994:2,994,537,0,0,0,11,56
qwen3-4b-keep4-s123,qwen3-4b-keep4-s123:994:3,994,407,0,0,0,13,56
qwen3-4b-keep4-s123,qwen3-4b-keep4-s123:994:4,994,468,0,0,0,11,56
qwen3-4b-keep4-s123,qwen3-4b-keep4-s123:994:5,994,480,0,0,0,12,56
qwen3-4b-keep4-s123,qwen3-4b-keep4-s123:994:6,994,445,0,0,0,4,56
qwen3-4b-keep4-s123,qwen3-4b-keep4-s123:994:7,994,12,0,0,0,9,56
qwen3-4b-keep4-s123,qwen3-4b-keep4-s123:995:0,995,467,0,0,0,16,59
qwen3-4b-keep4-s123,qwen3-4b-keep4-s123:995:1,995,349,0,0,0,17,59
qwen3-4b-keep4-s123,qwen3-4b-keep4-s123:995:2,995,485,0,0,0,19,59
qwen3-4b-keep4-s123,qwen3-4b-keep4-s123:995:3,995,331,0,0,0,12,59
qwen3-4b-keep4-s123,qwen3-4b-keep4-s123:995:4,995,505,0,0,0,12,59
qwen3-4b-keep4-s123,qwen3-4b-keep4-s123:995:6,995,473,0,0,0,11,59
qwen3-4b-keep4-s123,qwen3-4b-keep4-s123:998:0,998,364,0,0,0,28,88
qwen3-4b-keep4-s123,qwen3-4b-keep4-s123:998:2,998,195,0,0,0,8,88
qwen3-4b-keep4-s123,qwen3-4b-keep4-s123:998:3,998,362,0,0,0,21,88
qwen3-4b-keep4-s123,qwen3-4b-keep4-s123:998:5,998,322,0,0,0,17,88
qwen3-4b-keep4-s123,qwen3-4b-keep4-s123:998:7,998,374,0,0,0,20,88
qwen3-4b-keep4-s123,qwen3-4b-keep4-s123:1000:1,1000,65,0,0,0,73,118
qwen3-4b-keep4-s123,qwen3-4b-keep4-s123:1001:3,1001,393,0,0,0,30,91
qwen3-4b-keep4-s123,qwen3-4b-keep4-s123:1002:5,1002,549,0,0,0,15,52
qwen3-4b-keep4-s123,qwen3-4b-keep4-s123:1003:1,1003,26,0,0,0,24,33
qwen3-4b-keep4-s123,qwen3-4b-keep4-s123:1004:5,1004,413,0,0,0,6,28
qwen3-4b-keep4-s123,qwen3-4b-keep4-s123:1005:6,1005,0,0,0,0,35,54
qwen3-4b-keep4-s123,qwen3-4b-keep4-s123:1006:0,1006,365,0,0,0,45,55
qwen3-4b-keep4-s123,qwen3-4b-keep4-s123:1006:1,1006,368,0,0,0,33,55
qwen3-4b-keep4-s123,qwen3-4b-keep4-s123:1006:2,1006,13,0,0,0,40,55
qwen3-4b-keep4-s123,qwen3-4b-keep4-s123:1006:3,1006,378,0,0,0,34,55
qwen3-4b-keep4-s123,qwen3-4b-keep4-s123:1006:4,1006,407,0,0,0,26,55
qwen3-4b-keep4-s123,qwen3-4b-keep4-s123:1006:5,1006,2,0,0,0,33,55
qwen3-4b-keep4-s123,qwen3-4b-keep4-s123:1006:6,1006,5,0,0,0,34,55
qwen3-4b-keep4-s123,qwen3-4b-keep4-s123:1007:0,1007,2,0,0,0,13,55
qwen3-4b-keep4-s123,qwen3-4b-keep4-s123:1007:1,1007,0,0,0,0,6,55
qwen3-4b-keep4-s123,qwen3-4b-keep4-s123:1007:2,1007,462,0,0,0,9,55
qwen3-4b-keep4-s123,qwen3-4b-keep4-s123:1007:4,1007,9,0,0,0,9,55
qwen3-4b-keep4-s123,qwen3-4b-keep4-s123:1007:5,1007,10,0,0,0,6,55
qwen3-4b-keep4-s123,qwen3-4b-keep4-s123:1007:6,1007,341,0,0,0,7,55
qwen3-4b-keep4-s123,qwen3-4b-keep4-s123:1007:7,1007,406,0,0,0,12,55
qwen3-4b-keep4-s123,qwen3-4b-keep4-s123:1009:5,1009,1,0,0,0,28,53
qwen3-4b-keep4-s123,qwen3-4b-keep4-s123:1009:7,1009,0,0,0,0,30,53
qwen3-4b-keep4-s123,qwen3-4b-keep4-s123:1011:0,1011,320,0,0,0,5,79
qwen3-4b-keep4-s123,qwen3-4b-keep4-s123:1011:2,1011,36,0,0,0,4,79
qwen3-4b-keep4-s123,qwen3-4b-keep4-s123:1011:3,1011,9,0,0,0,12,79
qwen3-4b-keep4-s123,qwen3-4b-keep4-s123:1011:4,1011,352,0,0,0,12,79
qwen3-4b-keep4-s123,qwen3-4b-keep4-s123:1011:7,1011,18,0,0,0,10,79
qwen3-4b-keep4-s123,qwen3-4b-keep4-s123:1014:0,1014,555,0,0,0,8,62
qwen3-4b-keep4-s123,qwen3-4b-keep4-s123:1014:2,1014,260,0,0,0,16,62
qwen3-4b-keep4-s123,qwen3-4b-keep4-s123:1014:4,1014,402,0,0,0,8,62
qwen3-4b-keep4-s123,qwen3-4b-keep4-s123:1014:5,1014,29,11,0,0,13,62
qwen3-4b-keep4-s123,qwen3-4b-keep4-s123:1014:6,1014,285,0,0,0,10,62
qwen3-4b-keep4-s123,qwen3-4b-keep4-s123:1014:7,1014,431,0,0,0,14,62
qwen3-4b-keep4-s123,qwen3-4b-keep4-s123:1015:5,1015,7,0,0,0,39,71
qwen3-4b-keep4-s123,qwen3-4b-keep4-s123:1017:1,1017,18,0,0,0,30,57
qwen3-4b-keep4-s123,qwen3-4b-keep4-s123:1020:0,1020,178,0,0,0,6,70
qwen3-4b-keep4-s123,qwen3-4b-keep4-s123:1020:1,1020,472,0,0,0,18,70
qwen3-4b-keep4-s123,qwen3-4b-keep4-s123:1020:4,1020,440,0,0,0,10,70
qwen3-4b-keep4-s123,qwen3-4b-keep4-s123:1020:5,1020,355,0,0,0,11,70
qwen3-4b-keep4-s123,qwen3-4b-keep4-s123:1020:6,1020,501,0,0,0,8,70
qwen3-4b-keep4-s123,qwen3-4b-keep4-s123:1020:7,1020,0,0,0,0,16,70
qwen3-4b-keep4-s123,qwen3-4b-keep4-s123:1021:0,1021,376,0,0,0,22,99
qwen3-4b-keep4-s123,qwen3-4b-keep4-s123:1021:1,1021,367,0,0,0,24,99
qwen3-4b-keep4-s123,qwen3-4b-keep4-s123:1021:2,1021,447,0,0,0,27,99
qwen3-4b-keep4-s123,qwen3-4b-keep4-s123:1021:3,1021,2,0,0,0,30,99
qwen3-4b-keep4-s123,qwen3-4b-keep4-s123:1021:4,1021,343,0,0,0,23,99
qwen3-4b-keep4-s123,qwen3-4b-keep4-s123:1021:5,1021,304,0,0,0,25,99
qwen3-4b-keep4-s123,qwen3-4b-keep4-s123:1021:7,1021,96,0,0,0,21,99
qwen3-4b-keep4-s123,qwen3-4b-keep4-s123:1024:4,1024,327,0,0,0,38,82
qwen3-4b-keep4-s123,qwen3-4b-keep4-s123:1025:0,1025,288,0,0,0,44,96
qwen3-4b-keep4-s123,qwen3-4b-keep4-s123:1025:1,1025,377,0,0,0,41,96
qwen3-4b-keep4-s123,qwen3-4b-keep4-s123:1025:7,1025,494,0,0,0,39,96
qwen3-4b-keep4-s123,qwen3-4b-keep4-s123:1027:0,1027,0,0,0,0,10,60
qwen3-4b-keep4-s123,qwen3-4b-keep4-s123:1027:1,1027,447,0,0,0,7,60
qwen3-4b-keep4-s123,qwen3-4b-keep4-s123:1027:2,1027,432,0,0,0,20,60
qwen3-4b-keep4-s123,qwen3-4b-keep4-s123:1027:3,1027,405,0,0,0,24,60
qwen3-4b-keep4-s123,qwen3-4b-keep4-s123:1027:4,1027,17,0,0,0,13,60
qwen3-4b-keep4-s123,qwen3-4b-keep4-s123:1027:6,1027,363,0,0,0,5,60
qwen3-4b-keep4-s123,qwen3-4b-keep4-s123:1028:0,1028,462,0,0,0,39,115
qwen3-4b-keep4-s123,qwen3-4b-keep4-s123:1029:1,1029,420,0,0,0,6,41
qwen3-4b-keep4-s123,qwen3-4b-keep4-s123:1029:3,1029,525,0,0,0,14,41
qwen3-4b-keep4-s123,qwen3-4b-keep4-s123:1029:4,1029,557,0,0,0,11,41
qwen3-4b-keep4-s123,qwen3-4b-keep4-s123:1029:5,1029,429,0,0,0,5,41
qwen3-4b-keep4-s123,qwen3-4b-keep4-s123:1029:7,1029,6,0,0,0,9,41
qwen3-4b-keep4-s123,qwen3-4b-keep4-s123:1030:2,1030,329,0,0,0,16,38
qwen3-4b-keep4-s123,qwen3-4b-keep4-s123:1031:2,1031,500,0,0,0,15,41
qwen3-4b-keep4-s123,qwen3-4b-keep4-s123:1031:3,1031,426,0,0,0,13,41
qwen3-4b-keep4-s123,qwen3-4b-keep4-s123:1031:5,1031,362,0,0,0,19,41
qwen3-4b-keep4-s123,qwen3-4b-keep4-s123:1031:6,1031,0,0,0,0,25,41
qwen3-4b-keep4-s123,qwen3-4b-keep4-s123:1031:7,1031,427,0,0,0,18,41
qwen3-4b-keep4-s123,qwen3-4b-keep4-s123:1032:0,1032,467,0,0,0,14,53
qwen3-4b-keep4-s123,qwen3-4b-keep4-s123:1032:1,1032,457,0,0,0,21,53
qwen3-4b-keep4-s123,qwen3-4b-keep4-s123:1032:2,1032,527,0,0,0,28,53
qwen3-4b-keep4-s123,qwen3-4b-keep4-s123:1032:3,1032,97,0,0,0,29,53
qwen3-4b-keep4-s123,qwen3-4b-keep4-s123:1032:5,1032,8,0,0,0,24,53
qwen3-4b-keep4-s123,qwen3-4b-keep4-s123:1032:6,1032,542,0,0,0,25,53
qwen3-4b-keep4-s123,qwen3-4b-keep4-s123:1035:0,1035,5,0,0,0,8,39
qwen3-4b-keep4-s123,qwen3-4b-keep4-s123:1035:1,1035,377,0,0,0,10,39
qwen3-4b-keep4-s123,qwen3-4b-keep4-s123:1035:2,1035,532,0,0,0,9,39
qwen3-4b-keep4-s123,qwen3-4b-keep4-s123:1035:3,1035,527,0,0,0,18,39
qwen3-4b-keep4-s123,qwen3-4b-keep4-s123:1035:4,1035,20,0,0,0,11,39
qwen3-4b-keep4-s123,qwen3-4b-keep4-s123:1035:5,1035,445,0,0,0,7,39
qwen3-4b-keep4-s123,qwen3-4b-keep4-s123:1035:6,1035,488,0,0,0,15,39
qwen3-4b-keep4-s123,qwen3-4b-keep4-s123:1036:2,1036,9,0,0,0,28,52
qwen3-4b-keep4-s123,qwen3-4b-keep4-s123:1036:3,1036,283,0,0,0,37,52
qwen3-4b-keep4-s123,qwen3-4b-keep4-s123:1036:4,1036,224,0,0,0,35,52
qwen3-4b-keep4-s123,qwen3-4b-keep4-s123:1038:5,1038,0,0,0,0,27,62
qwen3-4b-keep4-s123,qwen3-4b-keep4-s123:1039:0,1039,313,0,0,0,15,95
qwen3-4b-keep4-s123,qwen3-4b-keep4-s123:1039:1,1039,300,0,0,0,25,95
qwen3-4b-keep4-s123,qwen3-4b-keep4-s123:1039:4,1039,0,0,0,0,21,95
qwen3-4b-keep4-s123,qwen3-4b-keep4-s123:1041:1,1041,330,0,0,0,17,56
qwen3-4b-keep4-s123,qwen3-4b-keep4-s123:1041:2,1041,6,0,0,0,30,56
qwen3-4b-keep4-s123,qwen3-4b-keep4-s123:1041:5,1041,311,0,0,0,25,56
qwen3-4b-keep4-s123,qwen3-4b-keep4-s123:1041:6,1041,296,0,0,0,23,56
qwen3-4b-keep4-s123,qwen3-4b-keep4-s123:1041:7,1041,289,0,0,0,23,56
qwen3-4b-keep4-s123,qwen3-4b-keep4-s123:1042:0,1042,27,0,0,0,15,49
qwen3-4b-keep4-s123,qwen3-4b-keep4-s123:1042:4,1042,24,0,0,0,9,49
qwen3-4b-keep4-s123,qwen3-4b-keep4-s123:1042:5,1042,0,0,0,0,13,49
qwen3-4b-keep4-s123,qwen3-4b-keep4-s123:1044:0,1044,453,0,0,0,9,44
qwen3-4b-keep4-s123,qwen3-4b-keep4-s123:1044:2,1044,51,0,0,0,9,44
qwen3-4b-keep4-s123,qwen3-4b-keep4-s123:1044:4,1044,0,0,0,0,12,44
qwen3-4b-keep4-s123,qwen3-4b-keep4-s123:1045:0,1045,463,0,0,0,14,66
qwen3-4b-keep4-s123,qwen3-4b-keep4-s123:1045:3,1045,562,0,0,0,15,66
qwen3-4b-keep4-s123,qwen3-4b-keep4-s123:1045:6,1045,514,0,0,0,16,66
qwen3-4b-keep4-s123,qwen3-4b-keep4-s123:1046:0,1046,65,21,1,1,34,83
qwen3-4b-keep4-s123,qwen3-4b-keep4-s123:1046:1,1046,0,0,0,0,34,83
qwen3-4b-keep4-s123,qwen3-4b-keep4-s123:1046:2,1046,381,0,0,0,34,83
qwen3-4b-keep4-s123,qwen3-4b-keep4-s123:1046:3,1046,39,0,0,0,33,83
qwen3-4b-keep4-s123,qwen3-4b-keep4-s123:1046:4,1046,380,0,0,0,34,83
qwen3-4b-keep4-s123,qwen3-4b-keep4-s123:1046:5,1046,80,0,0,0,34,83
qwen3-4b-keep4-s123,qwen3-4b-keep4-s123:1046:6,1046,305,0,0,0,33,83
qwen3-4b-keep4-s123,qwen3-4b-keep4-s123:1046:7,1046,389,0,0,0,32,83
qwen3-4b-keep4-s123,qwen3-4b-keep4-s123:1047:3,1047,0,0,0,0,14,58
qwen3-4b-keep4-s123,qwen3-4b-keep4-s123:1047:5,1047,9,0,0,0,9,58
qwen3-4b-keep4-s123,qwen3-4b-keep4-s123:1048:1,1048,17,0,0,0,25,50
qwen3-4b-keep4-s123,qwen3-4b-keep4-s123:1048:5,1048,0,0,0,0,25,50
qwen3-4b-keep4-s123,qwen3-4b-keep4-s123:1049:0,1049,19,0,0,0,4,33
qwen3-4b-keep4-s123,qwen3-4b-keep4-s123:1049:1,1049,366,0,0,0,12,33
qwen3-4b-keep4-s123,qwen3-4b-keep4-s123:1049:3,1049,447,0,0,0,4,33
qwen3-4b-keep4-s123,qwen3-4b-keep4-s123:1049:4,1049,45,0,0,0,8,33
qwen3-4b-keep4-s123,qwen3-4b-keep4-s123:1049:6,1049,45,0,0,0,10,33
qwen3-4b-keep4-s123,qwen3-4b-keep4-s123:1049:7,1049,48,0,0,0,8,33
qwen3-4b-keep4-s123,qwen3-4b-keep4-s123:1052:0,1052,227,0,0,0,15,32
qwen3-4b-keep4-s123,qwen3-4b-keep4-s123:1052:6,1052,10,0,0,0,4,32
qwen3-4b-keep4-s123,qwen3-4b-keep4-s123:1053:1,1053,0,0,0,0,12,69
qwen3-4b-keep4-s123,qwen3-4b-keep4-s123:1053:3,1053,32,0,0,0,10,69
qwen3-4b-keep4-s123,qwen3-4b-keep4-s123:1053:7,1053,16,0,0,0,21,69
qwen3-4b-keep4-s123,qwen3-4b-keep4-s123:1054:0,1054,0,0,0,0,12,63
qwen3-4b-keep4-s123,qwen3-4b-keep4-s123:1054:1,1054,28,0,0,0,11,63
qwen3-4b-keep4-s123,qwen3-4b-keep4-s123:1054:2,1054,456,0,0,0,10,63
qwen3-4b-keep4-s123,qwen3-4b-keep4-s123:1054:3,1054,460,0,0,0,11,63
qwen3-4b-keep4-s123,qwen3-4b-keep4-s123:1054:5,1054,400,0,0,0,11,63
qwen3-4b-keep4-s123,qwen3-4b-keep4-s123:1054:6,1054,391,0,0,0,17,63
qwen3-4b-keep4-s123,qwen3-4b-keep4-s123:1055:4,1055,288,0,0,0,62,98
qwen3-4b-keep4-s123,qwen3-4b-keep4-s123:1056:0,1056,413,0,0,0,30,80
qwen3-4b-keep4-s123,qwen3-4b-keep4-s123:1056:1,1056,352,0,0,0,25,80
qwen3-4b-keep4-s123,qwen3-4b-keep4-s123:1056:2,1056,385,0,0,0,23,80
qwen3-4b-keep4-s123,qwen3-4b-keep4-s123:1056:3,1056,420,0,0,0,29,80
qwen3-4b-keep4-s123,qwen3-4b-keep4-s123:1056:5,1056,275,0,0,0,25,80
qwen3-4b-keep4-s123,qwen3-4b-keep4-s123:1056:6,1056,376,0,0,0,33,80
qwen3-4b-keep4-s123,qwen3-4b-keep4-s123:1056:7,1056,320,0,0,0,27,80
qwen3-4b-keep4-s123,qwen3-4b-keep4-s123:1057:2,1057,430,0,0,0,21,59
qwen3-4b-keep4-s123,qwen3-4b-keep4-s123:1057:6,1057,319,0,0,0,4,59
qwen3-4b-keep4-s123,qwen3-4b-keep4-s123:1057:7,1057,372,0,0,0,24,59
qwen3-4b-keep4-s123,qwen3-4b-keep4-s123:1058:0,1058,373,0,0,0,11,79
qwen3-4b-keep4-s123,qwen3-4b-keep4-s123:1058:1,1058,375,0,0,0,2,79
qwen3-4b-keep4-s123,qwen3-4b-keep4-s123:1058:2,1058,285,0,0,0,2,79
qwen3-4b-keep4-s123,qwen3-4b-keep4-s123:1058:3,1058,389,0,0,0,1,79
qwen3-4b-keep4-s123,qwen3-4b-keep4-s123:1058:4,1058,304,0,0,0,5,79
qwen3-4b-keep4-s123,qwen3-4b-keep4-s123:1058:5,1058,355,0,0,0,8,79
qwen3-4b-keep4-s123,qwen3-4b-keep4-s123:1058:6,1058,437,0,0,0,11,79
qwen3-4b-keep4-s123,qwen3-4b-keep4-s123:1058:7,1058,480,0,0,0,3,79
qwen3-4b-keep4-s123,qwen3-4b-keep4-s123:1059:3,1059,535,0,0,0,5,44
qwen3-4b-keep4-s123,qwen3-4b-keep4-s123:1059:4,1059,34,0,0,0,5,44
qwen3-4b-keep4-s123,qwen3-4b-keep4-s123:1059:6,1059,485,0,0,0,5,44
qwen3-4b-keep4-s123,qwen3-4b-keep4-s123:1059:7,1059,58,0,0,0,8,44
qwen3-4b-keep4-s123,qwen3-4b-keep4-s123:1060:2,1060,1,0,0,0,17,31
qwen3-4b-keep4-s123,qwen3-4b-keep4-s123:1061:0,1061,419,0,0,0,15,34
qwen3-4b-keep4-s123,qwen3-4b-keep4-s123:1061:2,1061,400,0,0,0,12,34
qwen3-4b-keep4-s123,qwen3-4b-keep4-s123:1061:3,1061,529,0,0,0,4,34
qwen3-4b-keep4-s123,qwen3-4b-keep4-s123:1062:0,1062,387,0,0,0,21,45
qwen3-4b-keep4-s123,qwen3-4b-keep4-s123:1062:1,1062,362,0,0,0,17,45
qwen3-4b-keep4-s123,qwen3-4b-keep4-s123:1062:2,1062,433,0,0,0,14,45
qwen3-4b-keep4-s123,qwen3-4b-keep4-s123:1062:4,1062,390,0,0,0,25,45
qwen3-4b-keep4-s123,qwen3-4b-keep4-s123:1062:6,1062,351,0,0,0,21,45
qwen3-4b-keep4-s123,qwen3-4b-keep4-s123:1062:7,1062,12,0,0,0,2,45
qwen3-4b-keep4-s123,qwen3-4b-keep4-s123:1063:0,1063,315,0,0,0,10,84
qwen3-4b-keep4-s123,qwen3-4b-keep4-s123:1063:1,1063,325,0,0,0,20,84
qwen3-4b-keep4-s123,qwen3-4b-keep4-s123:1063:2,1063,291,0,0,0,15,84
qwen3-4b-keep4-s123,qwen3-4b-keep4-s123:1063:3,1063,283,0,0,0,10,84
qwen3-4b-keep4-s123,qwen3-4b-keep4-s123:1063:4,1063,276,0,0,0,8,84
qwen3-4b-keep4-s123,qwen3-4b-keep4-s123:1063:5,1063,337,0,0,0,19,84
qwen3-4b-keep4-s123,qwen3-4b-keep4-s123:1063:6,1063,349,18,0,0,6,84
qwen3-4b-keep4-s123,qwen3-4b-keep4-s123:1063:7,1063,278,0,0,0,20,84
qwen3-4b-keep4-s123,qwen3-4b-keep4-s123:1064:0,1064,385,0,0,0,6,38
qwen3-4b-keep4-s123,qwen3-4b-keep4-s123:1064:1,1064,3,0,0,0,13,38
qwen3-4b-keep4-s123,qwen3-4b-keep4-s123:1064:2,1064,423,0,0,0,7,38
qwen3-4b-keep4-s123,qwen3-4b-keep4-s123:1064:3,1064,13,0,0,0,10,38
qwen3-4b-keep4-s123,qwen3-4b-keep4-s123:1064:5,1064,27,0,0,0,7,38
qwen3-4b-keep4-s123,qwen3-4b-keep4-s123:1065:2,1065,25,0,0,0,29,69
qwen3-4b-keep4-s123,qwen3-4b-keep4-s123:1068:0,1068,442,0,0,0,10,27
qwen3-4b-keep4-s123,qwen3-4b-keep4-s123:1069:0,1069,547,0,0,0,10,27
qwen3-4b-keep4-s123,qwen3-4b-keep4-s123:1069:4,1069,396,0,0,0,7,27
qwen3-4b-keep4-s123,qwen3-4b-keep4-s123:1070:0,1070,44,0,0,0,2,33
qwen3-4b-keep4-s123,qwen3-4b-keep4-s123:1070:2,1070,283,0,0,0,6,33
qwen3-4b-keep4-s123,qwen3-4b-keep4-s123:1070:5,1070,328,0,0,0,6,33
qwen3-4b-keep4-s123,qwen3-4b-keep4-s123:1070:6,1070,9,0,0,0,2,33
qwen3-4b-keep4-s123,qwen3-4b-keep4-s123:1070:7,1070,21,0,0,0,8,33
qwen3-4b-keep4-s123,qwen3-4b-keep4-s123:1071:1,1071,383,0,0,0,47,91
qwen3-4b-keep4-s123,qwen3-4b-keep4-s123:1071:2,1071,350,0,0,0,40,91
qwen3-4b-keep4-s123,qwen3-4b-keep4-s123:1071:7,1071,322,0,0,0,9,91
qwen3-4b-keep4-s123,qwen3-4b-keep4-s123:1072:3,1072,411,0,0,0,30,82
qwen3-4b-keep4-s123,qwen3-4b-keep4-s123:1073:7,1073,390,0,0,0,23,65
qwen3-4b-keep4-s123,qwen3-4b-keep4-s123:1075:6,1075,0,0,0,0,11,34
qwen3-4b-keep4-s123,qwen3-4b-keep4-s123:1076:1,1076,265,0,0,0,15,58
qwen3-4b-keep4-s123,qwen3-4b-keep4-s123:1076:3,1076,357,0,0,0,23,58
qwen3-4b-keep4-s123,qwen3-4b-keep4-s123:1076:5,1076,331,0,0,0,19,58
qwen3-4b-keep4-s123,qwen3-4b-keep4-s123:1076:6,1076,8,0,0,0,17,58
qwen3-4b-keep4-s123,qwen3-4b-keep4-s123:1077:2,1077,41,0,0,0,41,62
qwen3-4b-keep4-s123,qwen3-4b-keep4-s123:1077:7,1077,18,0,0,0,21,62
qwen3-4b-keep4-s123,qwen3-4b-keep4-s123:1078:1,1078,127,0,0,0,24,87
qwen3-4b-keep4-s123,qwen3-4b-keep4-s123:1078:6,1078,37,0,0,0,53,87
qwen3-4b-keep4-s123,qwen3-4b-keep4-s123:1079:3,1079,11,0,0,0,13,50
qwen3-4b-keep4-s123,qwen3-4b-keep4-s123:1079:6,1079,475,0,0,0,14,50
qwen3-4b-keep4-s123,qwen3-4b-keep4-s123:1079:7,1079,2,0,0,0,14,50
qwen3-4b-keep4-s123,qwen3-4b-keep4-s123:1081:0,1081,0,0,0,0,28,41
qwen3-4b-keep4-s123,qwen3-4b-keep4-s123:1082:0,1082,1,0,0,0,17,34
qwen3-4b-keep4-s123,qwen3-4b-keep4-s123:1083:0,1083,371,0,0,0,19,42
qwen3-4b-keep4-s123,qwen3-4b-keep4-s123:1084:1,1084,6,0,0,0,21,44
qwen3-4b-keep4-s123,qwen3-4b-keep4-s123:1084:4,1084,27,0,0,0,13,44
qwen3-4b-keep4-s123,qwen3-4b-keep4-s123:1085:1,1085,57,0,0,0,38,139
qwen3-4b-keep4-s123,qwen3-4b-keep4-s123:1085:2,1085,332,0,0,0,35,139
qwen3-4b-keep4-s123,qwen3-4b-keep4-s123:1085:3,1085,270,0,0,0,32,139
qwen3-4b-keep4-s123,qwen3-4b-keep4-s123:1085:4,1085,406,0,0,0,29,139
qwen3-4b-keep4-s123,qwen3-4b-keep4-s123:1085:5,1085,334,0,0,0,33,139
qwen3-4b-keep4-s123,qwen3-4b-keep4-s123:1085:6,1085,321,0,0,0,41,139
qwen3-4b-keep4-s123,qwen3-4b-keep4-s123:1085:7,1085,309,0,0,0,46,139
qwen3-4b-keep4-s123,qwen3-4b-keep4-s123:1086:0,1086,427,0,0,0,20,36
qwen3-4b-keep4-s123,qwen3-4b-keep4-s123:1086:3,1086,15,0,0,0,14,36
qwen3-4b-keep4-s123,qwen3-4b-keep4-s123:1088:0,1088,80,0,0,0,18,54
qwen3-4b-keep4-s123,qwen3-4b-keep4-s123:1088:3,1088,387,0,0,0,18,54
qwen3-4b-keep4-s123,qwen3-4b-keep4-s123:1088:4,1088,575,0,0,0,19,54
qwen3-4b-keep4-s123,qwen3-4b-keep4-s123:1088:7,1088,334,0,0,0,11,54
qwen3-4b-keep4-s123,qwen3-4b-keep4-s123:1089:1,1089,304,0,0,0,19,55
qwen3-4b-keep4-s123,qwen3-4b-keep4-s123:1091:0,1091,62,0,0,0,7,102
qwen3-4b-keep4-s123,qwen3-4b-keep4-s123:1091:1,1091,667,0,0,0,13,102
qwen3-4b-keep4-s123,qwen3-4b-keep4-s123:1091:2,1091,425,0,0,0,10,102
qwen3-4b-keep4-s123,qwen3-4b-keep4-s123:1091:3,1091,330,0,0,0,25,102
qwen3-4b-keep4-s123,qwen3-4b-keep4-s123:1091:4,1091,542,0,0,0,17,102
qwen3-4b-keep4-s123,qwen3-4b-keep4-s123:1091:5,1091,352,0,0,0,13,102
qwen3-4b-keep4-s123,qwen3-4b-keep4-s123:1091:6,1091,421,0,0,0,31,102
qwen3-4b-keep4-s123,qwen3-4b-keep4-s123:1091:7,1091,497,0,0,0,12,102
qwen3-4b-keep4-s123,qwen3-4b-keep4-s123:1092:2,1092,1,0,0,0,1,10
qwen3-4b-keep4-s123,qwen3-4b-keep4-s123:1092:3,1092,3,0,0,0,1,10
qwen3-4b-keep4-s123,qwen3-4b-keep4-s123:1092:4,1092,454,0,0,0,0,10
qwen3-4b-keep4-s123,qwen3-4b-keep4-s123:1092:5,1092,393,0,0,0,0,10
qwen3-4b-keep4-s123,qwen3-4b-keep4-s123:1093:0,1093,314,0,0,0,59,94
qwen3-4b-keep4-s123,qwen3-4b-keep4-s123:1093:1,1093,458,0,0,0,40,94
qwen3-4b-keep4-s123,qwen3-4b-keep4-s123:1093:2,1093,21,0,0,0,64,94
qwen3-4b-keep4-s123,qwen3-4b-keep4-s123:1093:3,1093,14,0,0,0,64,94
qwen3-4b-keep4-s123,qwen3-4b-keep4-s123:1093:6,1093,436,0,0,0,43,94
qwen3-4b-keep4-s123,qwen3-4b-keep4-s123:1093:7,1093,559,0,0,0,42,94
qwen3-4b-keep4-s123,qwen3-4b-keep4-s123:1095:7,1095,289,0,0,0,29,57
qwen3-4b-keep4-s123,qwen3-4b-keep4-s123:1096:5,1096,478,0,0,0,43,69
qwen3-4b-keep4-s123,qwen3-4b-keep4-s123:1097:0,1097,439,0,0,0,35,99
qwen3-4b-keep4-s123,qwen3-4b-keep4-s123:1097:1,1097,425,0,0,0,21,99
qwen3-4b-keep4-s123,qwen3-4b-keep4-s123:1097:2,1097,404,0,0,0,37,99
qwen3-4b-keep4-s123,qwen3-4b-keep4-s123:1097:3,1097,409,0,0,0,39,99
qwen3-4b-keep4-s123,qwen3-4b-keep4-s123:1097:6,1097,390,0,0,0,28,99
qwen3-4b-keep4-s123,qwen3-4b-keep4-s123:1097:7,1097,422,0,0,0,41,99
qwen3-4b-keep4-s123,qwen3-4b-keep4-s123:1098:1,1098,29,0,0,0,15,51
qwen3-4b-keep4-s123,qwen3-4b-keep4-s123:1098:2,1098,422,0,0,0,17,51
qwen3-4b-keep4-s123,qwen3-4b-keep4-s123:1098:3,1098,11,0,0,0,11,51
qwen3-4b-keep4-s123,qwen3-4b-keep4-s123:1098:7,1098,0,0,0,0,14,51
qwen3-4b-keep4-s123,qwen3-4b-keep4-s123:1099:0,1099,220,0,0,0,13,48
qwen3-4b-keep4-s123,qwen3-4b-keep4-s123:1099:1,1099,326,0,0,0,12,48
qwen3-4b-keep4-s123,qwen3-4b-keep4-s123:1099:2,1099,386,0,0,0,2,48
qwen3-4b-keep4-s123,qwen3-4b-keep4-s123:1099:3,1099,296,0,0,0,10,48
qwen3-4b-keep4-s123,qwen3-4b-keep4-s123:1099:4,1099,411,0,0,0,3,48
qwen3-4b-keep4-s123,qwen3-4b-keep4-s123:1099:5,1099,389,0,0,0,4,48
qwen3-4b-keep4-s123,qwen3-4b-keep4-s123:1099:6,1099,276,0,0,0,13,48
qwen3-4b-keep4-s123,qwen3-4b-keep4-s123:1099:7,1099,522,0,0,0,7,48
qwen3-4b-keep4-s123,qwen3-4b-keep4-s123:1102:0,1102,291,0,0,0,51,103
qwen3-4b-keep4-s123,qwen3-4b-keep4-s123:1102:1,1102,313,0,0,0,50,103
qwen3-4b-keep4-s123,qwen3-4b-keep4-s123:1102:2,1102,334,0,0,0,48,103
qwen3-4b-keep4-s123,qwen3-4b-keep4-s123:1102:3,1102,317,0,0,0,44,103
qwen3-4b-keep4-s123,qwen3-4b-keep4-s123:1102:5,1102,374,0,0,0,51,103
qwen3-4b-keep4-s123,qwen3-4b-keep4-s123:1102:6,1102,4,0,0,0,59,103
qwen3-4b-keep4-s123,qwen3-4b-keep4-s123:1103:0,1103,34,0,0,0,18,43
qwen3-4b-keep4-s123,qwen3-4b-keep4-s123:1103:2,1103,0,0,0,0,21,43
qwen3-4b-keep4-s123,qwen3-4b-keep4-s123:1104:0,1104,463,0,0,0,12,30
qwen3-4b-keep4-s123,qwen3-4b-keep4-s123:1104:3,1104,544,0,0,0,7,30
qwen3-4b-keep4-s123,qwen3-4b-keep4-s123:1104:4,1104,8,0,0,0,8,30
qwen3-4b-keep4-s123,qwen3-4b-keep4-s123:1104:7,1104,0,0,0,0,10,30
qwen3-4b-keep4-s123,qwen3-4b-keep4-s123:1105:0,1105,297,0,0,0,17,78
qwen3-4b-keep4-s123,qwen3-4b-keep4-s123:1105:1,1105,364,0,0,0,18,78
qwen3-4b-keep4-s123,qwen3-4b-keep4-s123:1105:2,1105,34,0,0,0,22,78
qwen3-4b-keep4-s123,qwen3-4b-keep4-s123:1105:3,1105,474,0,0,0,7,78
qwen3-4b-keep4-s123,qwen3-4b-keep4-s123:1105:4,1105,383,0,0,0,13,78
qwen3-4b-keep4-s123,qwen3-4b-keep4-s123:1105:5,1105,2,0,0,0,26,78
qwen3-4b-keep4-s123,qwen3-4b-keep4-s123:1105:6,1105,429,0,0,0,7,78
qwen3-4b-keep4-s123,qwen3-4b-keep4-s123:1106:0,1106,1,0,0,0,28,79
qwen3-4b-keep4-s123,qwen3-4b-keep4-s123:1106:1,1106,31,0,0,0,31,79
qwen3-4b-keep4-s123,qwen3-4b-keep4-s123:1107:0,1107,16,0,0,0,34,112
qwen3-4b-keep4-s123,qwen3-4b-keep4-s123:1107:2,1107,411,0,0,0,9,112
qwen3-4b-keep4-s123,qwen3-4b-keep4-s123:1107:3,1107,22,0,0,0,29,112
qwen3-4b-keep4-s123,qwen3-4b-keep4-s123:1107:4,1107,6,0,0,0,50,112
qwen3-4b-keep4-s123,qwen3-4b-keep4-s123:1107:6,1107,13,0,0,0,12,112
