tag,sample_id,stable_prompt_id,blocks_after_capture,novel_triples_after_capture,new_gold_triples_after_capture,new_gold_pairs_after_capture,gold_pairs_covered_at_capture,gold_pairs_total
qwen3-4b-keep4-s42,qwen3-4b-keep4-s42:1:0,1,464,0,0,0,18,88
qwen3-4b-keep4-s42,qwen3-4b-keep4-s42:1:1,1,5,0,0,0,4,88
qwen3-4b-keep4-s42,qwen3-4b-keep4-s42:1:2,1,408,0,0,0,6,88
qwen3-4b-keep4-s42,qwen3-4b-keep4-s42:1:3,1,337,0,0,0,10,88
qwen3-4b-keep4-s42,qwen3-4b-keep4-s42:1:5,1,391,0,0,0,8,88
qwen3-4b-keep4-s42,qwen3-4b-keep4-s42:1:6,1,378,0,0,0,2,88
qwen3-4b-keep4-s42,qwen3-4b-keep4-s42:1:7,1,490,0,0,0,12,88
qwen3-4b-keep4-s42,qwen3-4b-keep4-s42:2:0,2,281,26,0,14,26,93
qwen3-4b-keep4-s42,qwen3-4b-keep4-s42:2:1,2,287,0,0,0,10,93
qwen3-4b-keep4-s42,qwen3-4b-keep4-s42:2:2,2,24,0,0,0,7,93
qwen3-4b-keep4-s42,qwen3-4b-keep4-s42:2:4,2,265,0,0,0,9,93
qwen3-4b-keep4-s42,qwen3-4b-keep4-s42:2:5,2,351,0,0,0,4,93
qwen3-4b-keep4-s42,qwen3-4b-keep4-s42:2:6,2,292,0,0,0,8,93
qwen3-4b-keep4-s42,qwen3-4b-keep4-s42:2:7,2,408,0,0,0,12,93
qwen3-4b-keep4-s42,qwen3-4b-keep4-s42:4:0,4,433,0,0,0,4,46
qwen3-4b-keep4-s42,qwen3-4b-keep4-s42:4:1,4,367,0,0,0,6,46
qwen3-4b-keep4-s42,qwen3-4b-keep4-s42:4:2,4,445,0,0,0,5,46
qwen3-4b-keep4-s42,qwen3-4b-keep4-s42:4:3,4,428,0,0,0,9,46
qwen3-4b-keep4-s42,qwen3-4b-keep4-s42:4:4,4,415,0,0,0,5,46
qwen3-4b-keep4-s42,qwen3-4b-keep4-s42:4:5,4,399,0,0,0,5,46
qwen3-4b-keep4-s42,qwen3-4b-keep4-s42:4:6,4,413,0,0,0,6,46
qwen3-4b-keep4-s42,qwen3-4b-keep4-s42:4:7,4,380,0,0,0,8,46
qwen3-4b-keep4-s42,qwen3-4b-keep4-s42:5:0,5,9,0,0,0,18,94
qwen3-4b-keep4-s42,qwen3-4b-keep4-s42:5:1,5,446,0,0,0,16,94
qwen3-4b-keep4-s42,qwen3-4b-keep4-s42:5:3,5,299,0,0,0,14,94
qwen3-4b-keep4-s42,qwen3-4b-keep4-s42:5:4,5,28,0,0,0,31,94
qwen3-4b-keep4-s42,qwen3-4b-keep4-s42:5:5,5,223,0,0,0,18,94
qwen3-4b-keep4-s42,qwen3-4b-keep4-s42:5:6,5,249,0,0,0,11,94
qwen3-4b-keep4-s42,qwen3-4b-keep4-s42:6:5,6,2,0,0,0,12,27
qwen3-4b-keep4-s42,qwen3-4b-keep4-s42:6:6,6,445,0,0,0,8,27
qwen3-4b-keep4-s42,qwen3-4b-keep4-s42:7:5,7,20,0,0,0,33,63
qwen3-4b-keep4-s42,qwen3-4b-keep4-s42:8:5,8,469,0,0,0,5,16
qwen3-4b-keep4-s42,qwen3-4b-keep4-s42:9:0,9,8,0,0,0,11,54
qwen3-4b-keep4-s42,qwen3-4b-keep4-s42:9:1,9,360,0,0,0,11,54
qwen3-4b-keep4-s42,qwen3-4b-keep4-s42:9:4,9,2,0,0,0,11,54
qwen3-4b-keep4-s42,qwen3-4b-keep4-s42:11:3,11,22,0,0,0,23,43
qwen3-4b-keep4-s42,qwen3-4b-keep4-s42:12:0,12,300,0,0,0,39,57
qwen3-4b-keep4-s42,qwen3-4b-keep4-s42:12:5,12,422,0,0,0,31,57
qwen3-4b-keep4-s42,qwen3-4b-keep4-s42:14:1,14,344,0,0,0,13,81
qwen3-4b-keep4-s42,qwen3-4b-keep4-s42:14:2,14,508,0,0,0,7,81
qwen3-4b-keep4-s42,qwen3-4b-keep4-s42:14:3,14,490,0,0,0,19,81
qwen3-4b-keep4-s42,qwen3-4b-keep4-s42:14:4,14,357,0,0,0,11,81
qwen3-4b-keep4-s42,qwen3-4b-keep4-s42:14:5,14,192,0,0,0,9,81
qwen3-4b-keep4-s42,qwen3-4b-keep4-s42:14:6,14,331,0,0,0,18,81
qwen3-4b-keep4-s42,qwen3-4b-keep4-s42:14:7,14,399,0,0,0,12,81
qwen3-4b-keep4-s42,qwen3-4b-keep4-s42:16:0,16,308,0,0,0,4,78
qwen3-4b-keep4-s42,qwen3-4b-keep4-s42:16:1,16,304,0,0,0,7,78
qwen3-4b-keep4-s42,qwen3-4b-keep4-s42:16:2,16,293,0,0,0,6,78
qwen3-4b-keep4-s42,qwen3-4b-keep4-s42:16:3,16,296,0,0,0,5,78
qwen3-4b-keep4-s42,qwen3-4b-keep4-s42:16:4,16,379,0,0,0,10,78
qwen3-4b-keep4-s42,qwen3-4b-keep4-s42:16:5,16,309,0,0,0,17,78
qwen3-4b-keep4-s42,qwen3-4b-keep4-s42:16:6,16,308,0,0,0,18,78
qwen3-4b-keep4-s42,qwen3-4b-keep4-s42:16:7,16,361,0,0,0,19,78
qwen3-4b-keep4-s42,qwen3-4b-keep4-s42:17:0,17,411,0,0,0,25,70
qwen3-4b-keep4-s42,qwen3-4b-keep4-s42:17:1,17,413,0,0,0,16,70
qwen3-4b-keep4-s42,qwen3-4b-keep4-s42:17:4,17,10,0,0,0,14,70
qwen3-4b-keep4-s42,qwen3-4b-keep4-s42:17:6,17,491,0,0,0,15,70
qwen3-4b-keep4-s42,qwen3-4b-keep4-s42:19:6,19,12,0,0,0,14,51
qwen3-4b-keep4-s42,qwen3-4b-keep4-s42:19:7,19,433,0,0,0,17,51
qwen3-4b-keep4-s42,qwen3-4b-keep4-s42:20:0,20,373,0,0,0,13,90
qwen3-4b-keep4-s42,qwen3-4b-keep4-s42:20:1,20,437,0,0,0,16,90
qwen3-4b-keep4-s42,qwen3-4b-keep4-s42:20:2,20,381,0,0,0,14,90
qwen3-4b-keep4-s42,qwen3-4b-keep4-s42:20:3,20,402,0,0,0,21,90
qwen3-4b-keep4-s42,qwen3-4b-keep4-s42:20:4,20,544,0,0,0,7,90
qwen3-4b-keep4-s42,qwen3-4b-keep4-s42:20:5,20,16,0,0,0,17,90
qwen3-4b-keep4-s42,qwen3-4b-keep4-s42:20:6,20,421,0,0,0,12,90
qwen3-4b-keep4-s42,qwen3-4b-keep4-s42:20:7,20,325,0,0,0,25,90
qwen3-4b-keep4-s42,qwen3-4b-keep4-s42:21:0,21,385,0,0,0,10,71
qwen3-4b-keep4-s42,qwen3-4b-keep4-s42:21:1,21,21,0,0,0,19,71
qwen3-4b-keep4-s42,qwen3-4b-keep4-s42:21:2,21,0,0,0,0,13,71
qwen3-4b-keep4-s42,qwen3-4b-keep4-s42:21:4,21,480,0,0,0,23,71
qwen3-4b-keep4-s42,qwen3-4b-keep4-s42:21:5,21,2,0,0,0,20,71
qwen3-4b-keep4-s42,qwen3-4b-keep4-s42:21:7,21,426,0,0,0,17,71
qwen3-4b-keep4-s42,qwen3-4b-keep4-s42:22:0,22,56,56,1,19,31,60
qwen3-4b-keep4-s42,qwen3-4b-keep4-s42:23:0,23,512,56,0,5,14,74
qwen3-4b-keep4-s42,qwen3-4b-keep4-s42:23:1,23,8,0,0,0,11,74
qwen3-4b-keep4-s42,qwen3-4b-keep4-s42:23:2,23,544,0,0,0,8,74
qwen3-4b-keep4-s42,qwen3-4b-keep4-s42:23:3,23,540,0,0,0,7,74
qwen3-4b-keep4-s42,qwen3-4b-keep4-s42:23:4,23,348,0,0,0,12,74
qwen3-4b-keep4-s42,qwen3-4b-keep4-s42:23:7,23,395,48,0,0,8,74
qwen3-4b-keep4-s42,qwen3-4b-keep4-s42:24:1,24,0,0,0,0,13,56
qwen3-4b-keep4-s42,qwen3-4b-keep4-s42:25:0,25,18,0,0,0,13,61
qwen3-4b-keep4-s42,qwen3-4b-keep4-s42:25:5,25,60,0,0,0,22,61
qwen3-4b-keep4-s42,qwen3-4b-keep4-s42:26:0,26,172,0,0,0,23,60
qwen3-4b-keep4-s42,qwen3-4b-keep4-s42:26:1,26,1,0,0,0,32,60
qwen3-4b-keep4-s42,qwen3-4b-keep4-s42:26:4,26,180,0,0,0,32,60
qwen3-4b-keep4-s42,qwen3-4b-keep4-s42:26:6,26,16,0,0,0,27,60
qwen3-4b-keep4-s42,qwen3-4b-keep4-s42:28:1,28,280,0,0,0,23,59
qwen3-4b-keep4-s42,qwen3-4b-keep4-s42:28:4,28,45,0,0,0,31,59
qwen3-4b-keep4-s42,qwen3-4b-keep4-s42:28:5,28,1,0,0,0,22,59
qwen3-4b-keep4-s42,qwen3-4b-keep4-s42:29:1,29,40,0,0,0,44,120
qwen3-4b-keep4-s42,qwen3-4b-keep4-s42:29:6,29,252,0,0,0,44,120
qwen3-4b-keep4-s42,qwen3-4b-keep4-s42:31:0,31,445,0,0,0,6,86
qwen3-4b-keep4-s42,qwen3-4b-keep4-s42:31:1,31,318,0,0,0,6,86
qwen3-4b-keep4-s42,qwen3-4b-keep4-s42:31:2,31,296,0,0,0,21,86
qwen3-4b-keep4-s42,qwen3-4b-keep4-s42:31:3,31,374,0,0,0,13,86
qwen3-4b-keep4-s42,qwen3-4b-keep4-s42:31:4,31,451,0,0,0,7,86
qwen3-4b-keep4-s42,qwen3-4b-keep4-s42:31:5,31,452,0,0,0,4,86
qwen3-4b-keep4-s42,qwen3-4b-keep4-s42:31:6,31,363,0,0,0,6,86
qwen3-4b-keep4-s42,qwen3-4b-keep4-s42:31:7,31,487,0,0,0,5,86
qwen3-4b-keep4-s42,qwen3-4b-keep4-s42:32:0,32,10,0,0,0,17,44
qwen3-4b-keep4-s42,qwen3-4b-keep4-s42:32:3,32,32,0,0,0,13,44
qwen3-4b-keep4-s42,qwen3-4b-keep4-s42:32:6,32,20,0,0,0,2,44
qwen3-4b-keep4-s42,qwen3-4b-keep4-s42:33:3,33,1,0,0,0,24,100
qwen3-4b-keep4-s42,qwen3-4b-keep4-s42:33:6,33,371,0,0,0,20,100
qwen3-4b-keep4-s42,qwen3-4b-keep4-s42:34:1,34,75,0,0,0,17,103
qwen3-4b-keep4-s42,qwen3-4b-keep4-s42:34:4,34,0,0,0,0,30,103
qwen3-4b-keep4-s42,qwen3-4b-keep4-s42:34:6,34,50,23,2,6,32,103
qwen3-4b-keep4-s42,qwen3-4b-keep4-s42:34:7,34,509,0,0,0,22,103
qwen3-4b-keep4-s42,qwen3-4b-keep4-s42:35:0,35,80,0,0,0,7,59
qwen3-4b-keep4-s42,qwen3-4b-keep4-s42:35:1,35,6,0,0,0,15,59
qwen3-4b-keep4-s42,qwen3-4b-keep4-s42:35:2,35,195,0,0,0,7,59
qwen3-4b-keep4-s42,qwen3-4b-keep4-s42:35:3,35,404,0,0,0,9,59
qwen3-4b-keep4-s42,qwen3-4b-keep4-s42:35:4,35,282,0,0,0,18,59
qwen3-4b-keep4-s42,qwen3-4b-keep4-s42:35:5,35,400,0,0,0,7,59
qwen3-4b-keep4-s42,qwen3-4b-keep4-s42:35:6,35,350,0,0,0,17,59
qwen3-4b-keep4-s42,qwen3-4b-keep4-s42:35:7,35,265,0,0,0,18,59
qwen3-4b-keep4-s42,qwen3-4b-keep4-s42:38:6,38,0,0,0,0,35,62
qwen3-4b-keep4-s42,qwen3-4b-keep4-s42:39:2,39,68,65,0,1,23,46
qwen3-4b-keep4-s42,qwen3-4b-keep4-s42:40:0,40,288,0,0,0,6,32
qwen3-4b-keep4-s42,qwen3-4b-keep4-s42:40:1,40,293,0,0,0,2,32
qwen3-4b-keep4-s42,qwen3-4b-keep4-s42:40:3,40,353,0,0,0,8,32
qwen3-4b-keep4-s42,qwen3-4b-keep4-s42:40:4,40,57,0,0,0,3,32
qwen3-4b-keep4-s42,qwen3-4b-keep4-s42:40:5,40,375,0,0,0,8,32
qwen3-4b-keep4-s42,qwen3-4b-keep4-s42:40:6,40,301,0,0,0,5,32
qwen3-4b-keep4-s42,qwen3-4b-keep4-s42:41:5,41,464,0,0,0,20,57
qwen3-4b-keep4-s42,qwen3-4b-keep4-s42:42:0,42,410,0,0,0,8,56
qwen3-4b-keep4-s42,qwen3-4b-keep4-s42:42:1,42,524,0,0,0,8,56
qwen3-4b-keep4-s42,qwen3-4b-keep4-s42:42:2,42,2,0,0,0,8,56
qwen3-4b-keep4-s42,qwen3-4b-keep4-s42:42:3,42,44,0,0,0,9,56
qwen3-4b-keep4-s42,qwen3-4b-keep4-s42:42:4,42,422,0,0,0,11,56
qwen3-4b-keep4-s42,qwen3-4b-keep4-s42:42:5,42,303,0,0,0,9,56
qwen3-4b-keep4-s42,qwen3-4b-keep4-s42:42:7,42,434,0,0,0,12,56
qwen3-4b-keep4-s42,qwen3-4b-keep4-s42:44:6,44,0,0,0,0,28,43
qwen3-4b-keep4-s42,qwen3-4b-keep4-s42:45:6,45,407,0,0,0,11,77
qwen3-4b-keep4-s42,qwen3-4b-keep4-s42:47:7,47,304,0,0,0,65,106
qwen3-4b-keep4-s42,qwen3-4b-keep4-s42:48:0,48,398,0,0,0,5,80
qwen3-4b-keep4-s42,qwen3-4b-keep4-s42:48:2,48,325,0,0,0,4,80
qwen3-4b-keep4-s42,qwen3-4b-keep4-s42:48:3,48,520,0,0,0,1,80
qwen3-4b-keep4-s42,qwen3-4b-keep4-s42:48:4,48,402,0,0,0,6,80
qwen3-4b-keep4-s42,qwen3-4b-keep4-s42:48:5,48,390,0,0,0,5,80
qwen3-4b-keep4-s42,qwen3-4b-keep4-s42:48:6,48,409,0,0,0,6,80
qwen3-4b-keep4-s42,qwen3-4b-keep4-s42:49:5,49,259,0,0,0,7,51
qwen3-4b-keep4-s42,qwen3-4b-keep4-s42:50:5,50,474,0,0,0,23,70
qwen3-4b-keep4-s42,qwen3-4b-keep4-s42:50:7,50,9,0,0,0,28,70
qwen3-4b-keep4-s42,qwen3-4b-keep4-s42:51:5,51,346,0,0,0,42,120
qwen3-4b-keep4-s42,qwen3-4b-keep4-s42:51:7,51,470,0,0,0,51,120
qwen3-4b-keep4-s42,qwen3-4b-keep4-s42:52:5,52,297,0,0,0,12,26
qwen3-4b-keep4-s42,qwen3-4b-keep4-s42:52:6,52,314,0,0,0,6,26
qwen3-4b-keep4-s42,qwen3-4b-keep4-s42:52:7,52,455,0,0,0,8,26
qwen3-4b-keep4-s42,qwen3-4b-keep4-s42:53:3,53,3,0,0,0,46,86
qwen3-4b-keep4-s42,qwen3-4b-keep4-s42:53:4,53,472,0,0,0,37,86
qwen3-4b-keep4-s42,qwen3-4b-keep4-s42:53:7,53,9,0,0,0,44,86
qwen3-4b-keep4-s42,qwen3-4b-keep4-s42:54:0,54,379,0,0,0,3,16
qwen3-4b-keep4-s42,qwen3-4b-keep4-s42:54:2,54,396,0,0,0,3,16
qwen3-4b-keep4-s42,qwen3-4b-keep4-s42:54:4,54,486,0,0,0,3,16
qwen3-4b-keep4-s42,qwen3-4b-keep4-s42:54:7,54,410,0,0,0,2,16
qwen3-4b-keep4-s42,qwen3-4b-keep4-s42:55:1,55,342,0,0,0,15,44
qwen3-4b-keep4-s42,qwen3-4b-keep4-s42:55:2,55,548,0,0,0,10,44
qwen3-4b-keep4-s42,qwen3-4b-keep4-s42:55:3,55,7,0,0,0,16,44
qwen3-4b-keep4-s42,qwen3-4b-keep4-s42:55:5,55,506,0,0,0,7,44
qwen3-4b-keep4-s42,qwen3-4b-keep4-s42:55:7,55,564,0,0,0,12,44
qwen3-4b-keep4-s42,qwen3-4b-keep4-s42:58:6,58,423,0,0,0,13,49
qwen3-4b-keep4-s42,qwen3-4b-keep4-s42:60:0,60,413,0,0,0,17,95
qwen3-4b-keep4-s42,qwen3-4b-keep4-s42:60:1,60,70,16,0,7,19,95
qwen3-4b-keep4-s42,qwen3-4b-keep4-s42:60:2,60,24,0,0,0,24,95
qwen3-4b-keep4-s42,qwen3-4b-keep4-s42:60:3,60,286,0,0,0,15,95
qwen3-4b-keep4-s42,qwen3-4b-keep4-s42:60:4,60,481,0,0,0,14,95
qwen3-4b-keep4-s42,qwen3-4b-keep4-s42:60:5,60,347,0,0,0,17,95
qwen3-4b-keep4-s42,qwen3-4b-keep4-s42:60:7,60,4,4,0,1,20,95
qwen3-4b-keep4-s42,qwen3-4b-keep4-s42:61:5,61,7,0,0,0,46,78
qwen3-4b-keep4-s42,qwen3-4b-keep4-s42:63:4,63,440,0,0,0,10,45
qwen3-4b-keep4-s42,qwen3-4b-keep4-s42:63:7,63,486,0,0,0,12,45
qwen3-4b-keep4-s42,qwen3-4b-keep4-s42:64:0,64,403,0,0,0,11,56
qwen3-4b-keep4-s42,qwen3-4b-keep4-s42:64:1,64,306,0,0,0,6,56
qwen3-4b-keep4-s42,qwen3-4b-keep4-s42:64:2,64,252,0,0,0,7,56
qwen3-4b-keep4-s42,qwen3-4b-keep4-s42:64:3,64,2,0,0,0,10,56
qwen3-4b-keep4-s42,qwen3-4b-keep4-s42:64:4,64,325,0,0,0,4,56
qwen3-4b-keep4-s42,qwen3-4b-keep4-s42:64:6,64,285,0,0,0,9,56
qwen3-4b-keep4-s42,qwen3-4b-keep4-s42:64:7,64,335,0,0,0,9,56
qwen3-4b-keep4-s42,qwen3-4b-keep4-s42:65:5,65,379,0,0,0,18,59
qwen3-4b-keep4-s42,qwen3-4b-keep4-s42:66:3,66,358,0,0,0,22,65
qwen3-4b-keep4-s42,qwen3-4b-keep4-s42:67:0,67,489,0,0,0,1,78
qwen3-4b-keep4-s42,qwen3-4b-keep4-s42:67:1,67,508,0,0,0,3,78
qwen3-4b-keep4-s42,qwen3-4b-keep4-s42:67:2,67,351,0,0,0,1,78
qwen3-4b-keep4-s42,qwen3-4b-keep4-s42:67:3,67,518,0,0,0,6,78
qwen3-4b-keep4-s42,qwen3-4b-keep4-s42:67:4,67,498,0,0,0,1,78
qwen3-4b-keep4-s42,qwen3-4b-keep4-s42:67:5,67,378,0,0,0,2,78
qwen3-4b-keep4-s42,qwen3-4b-keep4-s42:67:6,67,386,0,0,0,2,78
qwen3-4b-keep4-s42,qwen3-4b-keep4-s42:67:7,67,330,0,0,0,7,78
qwen3-4b-keep4-s42,qwen3-4b-keep4-s42:68:0,68,488,0,0,0,33,82
qwen3-4b-keep4-s42,qwen3-4b-keep4-s42:68:2,68,370,0,0,0,34,82
qwen3-4b-keep4-s42,qwen3-4b-keep4-s42:68:3,68,526,0,0,0,20,82
qwen3-4b-keep4-s42,qwen3-4b-keep4-s42:68:5,68,413,0,0,0,33,82
qwen3-4b-keep4-s42,qwen3-4b-keep4-s42:68:6,68,26,6,0,0,32,82
qwen3-4b-keep4-s42,qwen3-4b-keep4-s42:68:7,68,5,0,0,0,30,82
qwen3-4b-keep4-s42,qwen3-4b-keep4-s42:69:1,69,383,0,0,0,19,62
qwen3-4b-keep4-s42,qwen3-4b-keep4-s42:69:3,69,367,0,0,0,20,62
qwen3-4b-keep4-s42,qwen3-4b-keep4-s42:69:4,69,393,0,0,0,19,62
qwen3-4b-keep4-s42,qwen3-4b-keep4-s42:69:6,69,412,0,0,0,36,62
qwen3-4b-keep4-s42,qwen3-4b-keep4-s42:70:0,70,464,0,0,0,5,115
qwen3-4b-keep4-s42,qwen3-4b-keep4-s42:70:1,70,332,0,0,0,21,115
qwen3-4b-keep4-s42,qwen3-4b-keep4-s42:70:2,70,398,0,0,0,17,115
qwen3-4b-keep4-s42,qwen3-4b-keep4-s42:70:3,70,269,0,0,0,9,115
qwen3-4b-keep4-s42,qwen3-4b-keep4-s42:70:4,70,364,0,0,0,15,115
qwen3-4b-keep4-s42,qwen3-4b-keep4-s42:70:5,70,297,0,0,0,23,115
qwen3-4b-keep4-s42,qwen3-4b-keep4-s42:70:6,70,364,0,0,0,21,115
qwen3-4b-keep4-s42,qwen3-4b-keep4-s42:72:6,72,119,0,0,0,30,74
qwen3-4b-keep4-s42,qwen3-4b-keep4-s42:73:0,73,6,0,0,0,17,38
qwen3-4b-keep4-s42,qwen3-4b-keep4-s42:73:7,73,13,0,0,0,20,38
qwen3-4b-keep4-s42,qwen3-4b-keep4-s42:74:0,74,357,0,0,0,7,45
qwen3-4b-keep4-s42,qwen3-4b-keep4-s42:74:1,74,230,0,0,0,15,45
qwen3-4b-keep4-s42,qwen3-4b-keep4-s42:74:3,74,250,0,0,0,8,45
qwen3-4b-keep4-s42,qwen3-4b-keep4-s42:74:4,74,217,0,0,0,8,45
qwen3-4b-keep4-s42,qwen3-4b-keep4-s42:74:6,74,248,0,0,0,6,45
qwen3-4b-keep4-s42,qwen3-4b-keep4-s42:74:7,74,279,0,0,0,6,45
qwen3-4b-keep4-s42,qwen3-4b-keep4-s42:75:0,75,340,0,0,0,4,59
qwen3-4b-keep4-s42,qwen3-4b-keep4-s42:75:3,75,373,0,0,0,11,59
qwen3-4b-keep4-s42,qwen3-4b-keep4-s42:75:4,75,95,50,1,3,9,59
qwen3-4b-keep4-s42,qwen3-4b-keep4-s42:75:5,75,450,0,0,0,5,59
qwen3-4b-keep4-s42,qwen3-4b-keep4-s42:75:6,75,2,0,0,0,14,59
qwen3-4b-keep4-s42,qwen3-4b-keep4-s42:75:7,75,443,0,0,0,10,59
qwen3-4b-keep4-s42,qwen3-4b-keep4-s42:76:1,76,32,0,0,0,3,39
qwen3-4b-keep4-s42,qwen3-4b-keep4-s42:76:3,76,5,0,0,0,4,39
qwen3-4b-keep4-s42,qwen3-4b-keep4-s42:76:6,76,4,0,0,0,4,39
qwen3-4b-keep4-s42,qwen3-4b-keep4-s42:76:7,76,58,0,0,0,11,39
qwen3-4b-keep4-s42,qwen3-4b-keep4-s42:77:0,77,19,0,0,0,2,55
qwen3-4b-keep4-s42,qwen3-4b-keep4-s42:77:1,77,252,0,0,0,21,55
qwen3-4b-keep4-s42,qwen3-4b-keep4-s42:77:2,77,28,0,0,0,1,55
qwen3-4b-keep4-s42,qwen3-4b-keep4-s42:77:5,77,236,0,0,0,3,55
qwen3-4b-keep4-s42,qwen3-4b-keep4-s42:77:6,77,172,0,0,0,1,55
qwen3-4b-keep4-s42,qwen3-4b-keep4-s42:77:7,77,284,0,0,0,10,55
qwen3-4b-keep4-s42,qwen3-4b-keep4-s42:78:1,78,26,26,0,0,18,77
qwen3-4b-keep4-s42,qwen3-4b-keep4-s42:78:4,78,10,0,0,0,4,77
qwen3-4b-keep4-s42,qwen3-4b-keep4-s42:78:5,78,11,0,0,0,16,77
qwen3-4b-keep4-s42,qwen3-4b-keep4-s42:80:0,80,444,0,0,0,8,24
qwen3-4b-keep4-s42,qwen3-4b-keep4-s42:81:0,81,48,0,0,0,32,110
qwen3-4b-keep4-s42,qwen3-4b-keep4-s42:81:1,81,372,0,0,0,15,110
qwen3-4b-keep4-s42,qwen3-4b-keep4-s42:81:3,81,40,0,0,0,27,110
qwen3-4b-keep4-s42,qwen3-4b-keep4-s42:81:5,81,427,0,0,0,40,110
qwen3-4b-keep4-s42,qwen3-4b-keep4-s42:81:6,81,386,0,0,0,15,110
qwen3-4b-keep4-s42,qwen3-4b-keep4-s42:81:7,81,141,69,0,22,44,110
qwen3-4b-keep4-s42,qwen3-4b-keep4-s42:82:5,82,348,0,0,0,19,56
qwen3-4b-keep4-s42,qwen3-4b-keep4-s42:82:7,82,84,75,1,8,21,56
qwen3-4b-keep4-s42,qwen3-4b-keep4-s42:83:2,83,323,66,0,1,4,91
qwen3-4b-keep4-s42,qwen3-4b-keep4-s42:83:3,83,0,0,0,0,7,91
qwen3-4b-keep4-s42,qwen3-4b-keep4-s42:83:4,83,415,0,0,0,7,91
qwen3-4b-keep4-s42,qwen3-4b-keep4-s42:83:6,83,393,0,0,0,5,91
qwen3-4b-keep4-s42,qwen3-4b-keep4-s42:83:7,83,403,54,0,3,4,91
qwen3-4b-keep4-s42,qwen3-4b-keep4-s42:85:2,85,0,0,0,0,18,61
qwen3-4b-keep4-s42,qwen3-4b-keep4-s42:85:4,85,338,0,0,0,10,61
qwen3-4b-keep4-s42,qwen3-4b-keep4-s42:85:6,85,360,3,0,0,7,61
qwen3-4b-keep4-s42,qwen3-4b-keep4-s42:85:7,85,0,0,0,0,6,61
qwen3-4b-keep4-s42,qwen3-4b-keep4-s42:86:3,86,0,0,0,0,19,45
qwen3-4b-keep4-s42,qwen3-4b-keep4-s42:87:0,87,378,0,0,0,7,43
qwen3-4b-keep4-s42,qwen3-4b-keep4-s42:87:1,87,473,0,0,0,9,43
qwen3-4b-keep4-s42,qwen3-4b-keep4-s42:87:2,87,405,0,0,0,9,43
qwen3-4b-keep4-s42,qwen3-4b-keep4-s42:87:4,87,392,0,0,0,8,43
qwen3-4b-keep4-s42,qwen3-4b-keep4-s42:87:5,87,449,0,0,0,7,43
qwen3-4b-keep4-s42,qwen3-4b-keep4-s42:87:6,87,505,0,0,0,9,43
qwen3-4b-keep4-s42,qwen3-4b-keep4-s42:87:7,87,399,0,0,0,4,43
qwen3-4b-keep4-s42,qwen3-4b-keep4-s42:88:1,88,0,0,0,0,21,42
qwen3-4b-keep4-s42,qwen3-4b-keep4-s42:88:4,88,426,0,0,0,9,42
qwen3-4b-keep4-s42,qwen3-4b-keep4-s42:89:1,89,382,0,0,0,31,74
qwen3-4b-keep4-s42,qwen3-4b-keep4-s42:89:2,89,416,0,0,0,20,74
qwen3-4b-keep4-s42,qwen3-4b-keep4-s42:89:4,89,405,0,0,0,30,74
qwen3-4b-keep4-s42,qwen3-4b-keep4-s42:89:5,89,349,0,0,0,28,74
qwen3-4b-keep4-s42,qwen3-4b-keep4-s42:89:6,89,1,0,0,0,26,74
qwen3-4b-keep4-s42,qwen3-4b-keep4-s42:90:3,90,319,0,0,0,27,43
qwen3-4b-keep4-s42,qwen3-4b-keep4-s42:91:3,91,441,0,0,0,26,70
qwen3-4b-keep4-s42,qwen3-4b-keep4-s42:91:4,91,485,30,0,3,26,70
qwen3-4b-keep4-s42,qwen3-4b-keep4-s42:91:7,91,276,0,0,0,24,70
qwen3-4b-keep4-s42,qwen3-4b-keep4-s42:93:0,93,13,0,0,0,16,47
qwen3-4b-keep4-s42,qwen3-4b-keep4-s42:93:2,93,427,0,0,0,16,47
qwen3-4b-keep4-s42,qwen3-4b-keep4-s42:93:3,93,0,0,0,0,18,47
qwen3-4b-keep4-s42,qwen3-4b-keep4-s42:93:6,93,544,0,0,0,19,47
qwen3-4b-keep4-s42,qwen3-4b-keep4-s42:93:7,93,490,0,0,0,8,47
qwen3-4b-keep4-s42,qwen3-4b-keep4-s42:94:0,94,19,0,0,0,13,55
qwen3-4b-keep4-s42,qwen3-4b-keep4-s42:94:1,94,0,0,0,0,11,55
qwen3-4b-keep4-s42,qwen3-4b-keep4-s42:94:2,94,121,0,0,0,10,55
qwen3-4b-keep4-s42,qwen3-4b-keep4-s42:94:5,94,221,0,0,0,14,55
qwen3-4b-keep4-s42,qwen3-4b-keep4-s42:94:7,94,353,0,0,0,12,55
qwen3-4b-keep4-s42,qwen3-4b-keep4-s42:95:6,95,479,0,0,0,15,51
qwen3-4b-keep4-s42,qwen3-4b-keep4-s42:95:7,95,488,0,0,0,12,51
qwen3-4b-keep4-s42,qwen3-4b-keep4-s42:96:7,96,7,0,0,0,23,40
qwen3-4b-keep4-s42,qwen3-4b-keep4-s42:97:0,97,0,0,0,0,8,33
qwen3-4b-keep4-s42,qwen3-4b-keep4-s42:103:6,103,356,0,0,0,21,47
qwen3-4b-keep4-s42,qwen3-4b-keep4-s42:103:7,103,380,0,0,0,28,47
qwen3-4b-keep4-s42,qwen3-4b-keep4-s42:105:1,105,44,20,0,1,14,37
qwen3-4b-keep4-s42,qwen3-4b-keep4-s42:105:7,105,14,0,0,0,13,37
qwen3-4b-keep4-s42,qwen3-4b-keep4-s42:106:0,106,6,0,0,0,15,31
qwen3-4b-keep4-s42,qwen3-4b-keep4-s42:106:1,106,480,0,0,0,13,31
qwen3-4b-keep4-s42,qwen3-4b-keep4-s42:106:3,106,418,0,0,0,2,31
qwen3-4b-keep4-s42,qwen3-4b-keep4-s42:107:0,107,28,0,0,0,8,30
qwen3-4b-keep4-s42,qwen3-4b-keep4-s42:107:3,107,3,0,0,0,8,30
qwen3-4b-keep4-s42,qwen3-4b-keep4-s42:109:2,109,439,0,0,0,9,81
qwen3-4b-keep4-s42,qwen3-4b-keep4-s42:110:1,110,2,0,0,0,35,87
qwen3-4b-keep4-s42,qwen3-4b-keep4-s42:110:2,110,3,0,0,0,40,87
qwen3-4b-keep4-s42,qwen3-4b-keep4-s42:110:5,110,2,0,0,0,43,87
qwen3-4b-keep4-s42,qwen3-4b-keep4-s42:111:4,111,542,22,1,2,10,28
qwen3-4b-keep4-s42,qwen3-4b-keep4-s42:112:0,112,248,0,0,0,25,36
qwen3-4b-keep4-s42,qwen3-4b-keep4-s42:112:1,112,400,0,0,0,20,36
qwen3-4b-keep4-s42,qwen3-4b-keep4-s42:112:3,112,373,0,0,0,13,36
qwen3-4b-keep4-s42,qwen3-4b-keep4-s42:112:4,112,284,0,0,0,21,36
qwen3-4b-keep4-s42,qwen3-4b-keep4-s42:112:6,112,54,0,0,0,15,36
qwen3-4b-keep4-s42,qwen3-4b-keep4-s42:112:7,112,396,0,0,0,17,36
qwen3-4b-keep4-s42,qwen3-4b-keep4-s42:113:0,113,393,0,0,0,0,9
qwen3-4b-keep4-s42,qwen3-4b-keep4-s42:113:1,113,404,0,0,0,3,9
qwen3-4b-keep4-s42,qwen3-4b-keep4-s42:113:4,113,376,0,0,0,2,9
qwen3-4b-keep4-s42,qwen3-4b-keep4-s42:113:5,113,313,0,0,0,0,9
qwen3-4b-keep4-s42,qwen3-4b-keep4-s42:113:6,113,417,0,0,0,2,9
qwen3-4b-keep4-s42,qwen3-4b-keep4-s42:113:7,113,488,0,0,0,4,9
qwen3-4b-keep4-s42,qwen3-4b-keep4-s42:114:0,114,234,0,0,0,5,13
qwen3-4b-keep4-s42,qwen3-4b-keep4-s42:114:1,114,373,0,0,0,9,13
qwen3-4b-keep4-s42,qwen3-4b-keep4-s42:114:2,114,445,0,0,0,6,13
qwen3-4b-keep4-s42,qwen3-4b-keep4-s42:114:6,114,471,0,0,0,11,13
qwen3-4b-keep4-s42,qwen3-4b-keep4-s42:116:0,116,309,0,0,0,9,32
qwen3-4b-keep4-s42,qwen3-4b-keep4-s42:116:6,116,340,0,0,0,7,32
qwen3-4b-keep4-s42,qwen3-4b-keep4-s42:117:0,117,379,0,0,0,4,41
qwen3-4b-keep4-s42,qwen3-4b-keep4-s42:117:2,117,351,0,0,0,3,41
qwen3-4b-keep4-s42,qwen3-4b-keep4-s42:117:3,117,435,0,0,0,2,41
qwen3-4b-keep4-s42,qwen3-4b-keep4-s42:117:5,117,428,0,0,0,3,41
qwen3-4b-keep4-s42,qwen3-4b-keep4-s42:117:7,117,332,0,0,0,10,41
qwen3-4b-keep4-s42,qwen3-4b-keep4-s42:118:1,118,22,0,0,0,24,60
qwen3-4b-keep4-s42,qwen3-4b-keep4-s42:118:2,118,33,0,0,0,18,60
qwen3-4b-keep4-s42,qwen3-4b-keep4-s42:118:3,118,413,0,0,0,23,60
qwen3-4b-keep4-s42,qwen3-4b-keep4-s42:118:4,118,352,0,0,0,18,60
qwen3-4b-keep4-s42,qwen3-4b-keep4-s42:118:5,118,265,0,0,0,19,60
qwen3-4b-keep4-s42,qwen3-4b-keep4-s42:118:6,118,429,0,0,0,11,60
qwen3-4b-keep4-s42,qwen3-4b-keep4-s42:118:7,118,22,0,0,0,9,60
qwen3-4b-keep4-s42,qwen3-4b-keep4-s42:119:0,119,0,0,0,0,9,86
qwen3-4b-keep4-s42,qwen3-4b-keep4-s42:119:1,119,500,0,0,0,7,86
qwen3-4b-keep4-s42,qwen3-4b-keep4-s42:119:2,119,410,0,0,0,9,86
qwen3-4b-keep4-s42,qwen3-4b-keep4-s42:119:3,119,436,0,0,0,26,86
qwen3-4b-keep4-s42,qwen3-4b-keep4-s42:119:4,119,466,0,0,0,6,86
qwen3-4b-keep4-s42,qwen3-4b-keep4-s42:119:5,119,8,0,0,0,15,86
qwen3-4b-keep4-s42,qwen3-4b-keep4-s42:119:6,119,448,0,0,0,13,86
qwen3-4b-keep4-s42,qwen3-4b-keep4-s42:119:7,119,453,0,0,0,7,86
qwen3-4b-keep4-s42,qwen3-4b-keep4-s42:121:6,121,3,0,0,0,39,65
qwen3-4b-keep4-s42,qwen3-4b-keep4-s42:121:7,121,4,0,0,0,42,65
qwen3-4b-keep4-s42,qwen3-4b-keep4-s42:122:3,122,409,0,0,0,47,84
qwen3-4b-keep4-s42,qwen3-4b-keep4-s42:123:0,123,32,0,0,0,32,112
qwen3-4b-keep4-s42,qwen3-4b-keep4-s42:123:3,123,264,0,0,0,45,112
qwen3-4b-keep4-s42,qwen3-4b-keep4-s42:123:5,123,113,0,0,0,25,112
qwen3-4b-keep4-s42,qwen3-4b-keep4-s42:124:0,124,0,0,0,0,14,26
qwen3-4b-keep4-s42,qwen3-4b-keep4-s42:124:2,124,14,0,0,0,15,26
qwen3-4b-keep4-s42,qwen3-4b-keep4-s42:124:3,124,46,35,3,4,14,26
qwen3-4b-keep4-s42,qwen3-4b-keep4-s42:124:5,124,1,0,0,0,5,26
qwen3-4b-keep4-s42,qwen3-4b-keep4-s42:126:7,126,16,0,0,0,17,65
qwen3-4b-keep4-s42,qwen3-4b-keep4-s42:127:1,127,1,0,0,0,51,93
qwen3-4b-keep4-s42,qwen3-4b-keep4-s42:127:3,127,353,0,0,0,44,93
qwen3-4b-keep4-s42,qwen3-4b-keep4-s42:127:6,127,103,0,0,0,46,93
qwen3-4b-keep4-s42,qwen3-4b-keep4-s42:130:0,130,2,0,0,0,36,125
qwen3-4b-keep4-s42,qwen3-4b-keep4-s42:132:0,132,407,0,0,0,11,53
qwen3-4b-keep4-s42,qwen3-4b-keep4-s42:132:2,132,370,32,0,3,12,53
qwen3-4b-keep4-s42,qwen3-4b-keep4-s42:132:3,132,14,0,0,0,10,53
qwen3-4b-keep4-s42,qwen3-4b-keep4-s42:132:4,132,365,0,0,0,13,53
qwen3-4b-keep4-s42,qwen3-4b-keep4-s42:132:6,132,425,0,0,0,8,53
qwen3-4b-keep4-s42,qwen3-4b-keep4-s42:132:7,132,63,29,0,1,18,53
qwen3-4b-keep4-s42,qwen3-4b-keep4-s42:133:0,133,476,0,0,0,6,23
qwen3-4b-keep4-s42,qwen3-4b-keep4-s42:133:1,133,0,0,0,0,5,23
qwen3-4b-keep4-s42,qwen3-4b-keep4-s42:133:5,133,4,0,0,0,5,23
qwen3-4b-keep4-s42,qwen3-4b-keep4-s42:134:0,134,292,0,0,0,14,64
qwen3-4b-keep4-s42,qwen3-4b-keep4-s42:134:1,134,314,0,0,0,16,64
qwen3-4b-keep4-s42,qwen3-4b-keep4-s42:134:2,134,290,0,0,0,23,64
qwen3-4b-keep4-s42,qwen3-4b-keep4-s42:134:3,134,301,0,0,0,20,64
qwen3-4b-keep4-s42,qwen3-4b-keep4-s42:134:4,134,292,0,0,0,29,64
qwen3-4b-keep4-s42,qwen3-4b-keep4-s42:134:5,134,272,0,0,0,16,64
qwen3-4b-keep4-s42,qwen3-4b-keep4-s42:134:6,134,285,0,0,0,21,64
qwen3-4b-keep4-s42,qwen3-4b-keep4-s42:134:7,134,360,0,0,0,16,64
qwen3-4b-keep4-s42,qwen3-4b-keep4-s42:135:6,135,0,0,0,0,16,38
qwen3-4b-keep4-s42,qwen3-4b-keep4-s42:136:1,136,331,0,0,0,27,77
qwen3-4b-keep4-s42,qwen3-4b-keep4-s42:136:5,136,38,18,3,9,30,77
qwen3-4b-keep4-s42,qwen3-4b-keep4-s42:136:7,136,0,0,0,0,24,77
qwen3-4b-keep4-s42,qwen3-4b-keep4-s42:138:0,138,409,0,0,0,6,83
qwen3-4b-keep4-s42,qwen3-4b-keep4-s42:138:1,138,314,0,0,0,21,83
qwen3-4b-keep4-s42,qwen3-4b-keep4-s42:138:2,138,370,0,0,0,14,83
qwen3-4b-keep4-s42,qwen3-4b-keep4-s42:138:3,138,12,0,0,0,14,83
qwen3-4b-keep4-s42,qwen3-4b-keep4-s42:138:5,138,353,0,0,0,14,83
qwen3-4b-keep4-s42,qwen3-4b-keep4-s42:138:6,138,466,0,0,0,10,83
qwen3-4b-keep4-s42,qwen3-4b-keep4-s42:138:7,138,7,0,0,0,14,83
qwen3-4b-keep4-s42,qwen3-4b-keep4-s42:139:6,139,331,5,0,0,11,20
qwen3-4b-keep4-s42,qwen3-4b-keep4-s42:140:2,140,521,0,0,0,6,22
qwen3-4b-keep4-s42,qwen3-4b-keep4-s42:141:2,141,3,0,0,0,26,43
qwen3-4b-keep4-s42,qwen3-4b-keep4-s42:141:4,141,0,0,0,0,29,43
qwen3-4b-keep4-s42,qwen3-4b-keep4-s42:143:6,143,22,0,0,0,16,32
qwen3-4b-keep4-s42,qwen3-4b-keep4-s42:144:0,144,0,0,0,0,24,41
qwen3-4b-keep4-s42,qwen3-4b-keep4-s42:144:1,144,457,0,0,0,21,41
qwen3-4b-keep4-s42,qwen3-4b-keep4-s42:144:3,144,248,0,0,0,26,41
qwen3-4b-keep4-s42,qwen3-4b-keep4-s42:144:5,144,490,0,0,0,18,41
qwen3-4b-keep4-s42,qwen3-4b-keep4-s42:144:7,144,352,0,0,0,16,41
qwen3-4b-keep4-s42,qwen3-4b-keep4-s42:147:0,147,476,0,0,0,18,47
qwen3-4b-keep4-s42,qwen3-4b-keep4-s42:147:1,147,65,0,0,0,32,47
qwen3-4b-keep4-s42,qwen3-4b-keep4-s42:147:3,147,480,0,0,0,22,47
qwen3-4b-keep4-s42,qwen3-4b-keep4-s42:147:4,147,477,0,0,0,17,47
qwen3-4b-keep4-s42,qwen3-4b-keep4-s42:147:5,147,543,0,0,0,21,47
qwen3-4b-keep4-s42,qwen3-4b-keep4-s42:147:6,147,10,0,0,0,30,47
qwen3-4b-keep4-s42,qwen3-4b-keep4-s42:147:7,147,421,0,0,0,21,47
qwen3-4b-keep4-s42,qwen3-4b-keep4-s42:148:0,148,0,0,0,0,20,51
qwen3-4b-keep4-s42,qwen3-4b-keep4-s42:148:1,148,496,0,0,0,9,51
qwen3-4b-keep4-s42,qwen3-4b-keep4-s42:148:7,148,432,0,0,0,16,51
qwen3-4b-keep4-s42,qwen3-4b-keep4-s42:149:5,149,14,0,0,0,10,27
qwen3-4b-keep4-s42,qwen3-4b-keep4-s42:150:5,150,555,0,0,0,0,41
qwen3-4b-keep4-s42,qwen3-4b-keep4-s42:151:0,151,452,2,1,1,19,35
qwen3-4b-keep4-s42,qwen3-4b-keep4-s42:151:1,151,466,0,0,0,22,35
qwen3-4b-keep4-s42,qwen3-4b-keep4-s42:151:2,151,388,0,0,0,21,35
qwen3-4b-keep4-s42,qwen3-4b-keep4-s42:151:5,151,4,0,0,0,20,35
qwen3-4b-keep4-s42,qwen3-4b-keep4-s42:151:7,151,447,0,0,0,18,35
qwen3-4b-keep4-s42,qwen3-4b-keep4-s42:153:0,153,409,0,0,0,12,98
qwen3-4b-keep4-s42,qwen3-4b-keep4-s42:153:1,153,473,0,0,0,6,98
qwen3-4b-keep4-s42,qwen3-4b-keep4-s42:153:2,153,340,0,0,0,4,98
qwen3-4b-keep4-s42,qwen3-4b-keep4-s42:153:3,153,42,0,0,0,10,98
qwen3-4b-keep4-s42,qwen3-4b-keep4-s42:153:5,153,10,0,0,0,8,98
qwen3-4b-keep4-s42,qwen3-4b-keep4-s42:153:6,153,20,0,0,0,9,98
qwen3-4b-keep4-s42,qwen3-4b-keep4-s42:153:7,153,9,0,0,0,1,98
qwen3-4b-keep4-s42,qwen3-4b-keep4-s42:154:0,154,540,0,0,0,13,77
qwen3-4b-keep4-s42,qwen3-4b-keep4-s42:154:1,154,28,0,0,0,3,77
qwen3-4b-keep4-s42,qwen3-4b-keep4-s42:154:2,154,427,0,0,0,21,77
qwen3-4b-keep4-s42,qwen3-4b-keep4-s42:154:3,154,432,0,0,0,13,77
qwen3-4b-keep4-s42,qwen3-4b-keep4-s42:154:4,154,127,16,1,9,22,77
qwen3-4b-keep4-s42,qwen3-4b-keep4-s42:154:5,154,505,0,0,0,19,77
qwen3-4b-keep4-s42,qwen3-4b-keep4-s42:154:6,154,402,0,0,0,19,77
qwen3-4b-keep4-s42,qwen3-4b-keep4-s42:154:7,154,453,0,0,0,5,77
qwen3-4b-keep4-s42,qwen3-4b-keep4-s42:155:6,155,323,0,0,0,20,73
qwen3-4b-keep4-s42,qwen3-4b-keep4-s42:155:7,155,7,0,0,0,27,73
qwen3-4b-keep4-s42,qwen3-4b-keep4-s42:156:3,156,534,0,0,0,6,50
qwen3-4b-keep4-s42,qwen3-4b-keep4-s42:156:5,156,503,0,0,0,8,50
qwen3-4b-keep4-s42,qwen3-4b-keep4-s42:156:7,156,438,0,0,0,3,50
qwen3-4b-keep4-s42,qwen3-4b-keep4-s42:158:0,158,0,0,0,0,20,79
qwen3-4b-keep4-s42,qwen3-4b-keep4-s42:158:1,158,461,0,0,0,14,79
qwen3-4b-keep4-s42,qwen3-4b-keep4-s42:158:2,158,448,0,0,0,0,79
qwen3-4b-keep4-s42,qwen3-4b-keep4-s42:158:4,158,364,0,0,0,2,79
qwen3-4b-keep4-s42,qwen3-4b-keep4-s42:158:5,158,446,0,0,0,12,79
qwen3-4b-keep4-s42,qwen3-4b-keep4-s42:160:0,160,423,0,0,0,8,56
qwen3-4b-keep4-s42,qwen3-4b-keep4-s42:160:1,160,1,0,0,0,6,56
qwen3-4b-keep4-s42,qwen3-4b-keep4-s42:160:2,160,312,0,0,0,6,56
qwen3-4b-keep4-s42,qwen3-4b-keep4-s42:160:5,160,35,0,0,0,9,56
qwen3-4b-keep4-s42,qwen3-4b-keep4-s42:160:6,160,397,0,0,0,4,56
qwen3-4b-keep4-s42,qwen3-4b-keep4-s42:160:7,160,370,0,0,0,1,56
qwen3-4b-keep4-s42,qwen3-4b-keep4-s42:161:5,161,482,0,0,0,17,51
qwen3-4b-keep4-s42,qwen3-4b-keep4-s42:161:7,161,285,0,0,0,11,51
qwen3-4b-keep4-s42,qwen3-4b-keep4-s42:162:2,162,435,0,0,0,3,35
qwen3-4b-keep4-s42,qwen3-4b-keep4-s42:162:4,162,518,0,0,0,4,35
qwen3-4b-keep4-s42,qwen3-4b-keep4-s42:162:5,162,554,0,0,0,3,35
qwen3-4b-keep4-s42,qwen3-4b-keep4-s42:162:7,162,521,0,0,0,6,35
qwen3-4b-keep4-s42,qwen3-4b-keep4-s42:163:0,163,391,0,0,0,11,97
qwen3-4b-keep4-s42,qwen3-4b-keep4-s42:163:1,163,261,0,0,0,12,97
qwen3-4b-keep4-s42,qwen3-4b-keep4-s42:163:2,163,367,0,0,0,10,97
qwen3-4b-keep4-s42,qwen3-4b-keep4-s42:163:3,163,346,0,0,0,28,97
qwen3-4b-keep4-s42,qwen3-4b-keep4-s42:163:4,163,418,0,0,0,18,97
qwen3-4b-keep4-s42,qwen3-4b-keep4-s42:163:5,163,362,0,0,0,19,97
qwen3-4b-keep4-s42,qwen3-4b-keep4-s42:163:6,163,332,0,0,0,19,97
qwen3-4b-keep4-s42,qwen3-4b-keep4-s42:163:7,163,369,0,0,0,16,97
qwen3-4b-keep4-s42,qwen3-4b-keep4-s42:164:3,164,372,0,0,0,24,66
qwen3-4b-keep4-s42,qwen3-4b-keep4-s42:164:5,164,441,0,0,0,24,66
qwen3-4b-keep4-s42,qwen3-4b-keep4-s42:167:2,167,0,0,0,0,8,43
qwen3-4b-keep4-s42,qwen3-4b-keep4-s42:167:3,167,6,0,0,0,8,43
qwen3-4b-keep4-s42,qwen3-4b-keep4-s42:167:6,167,408,0,0,0,6,43
qwen3-4b-keep4-s42,qwen3-4b-keep4-s42:167:7,167,364,0,0,0,7,43
qwen3-4b-keep4-s42,qwen3-4b-keep4-s42:168:3,168,0,0,0,0,16,47
qwen3-4b-keep4-s42,qwen3-4b-keep4-s42:169:2,169,4,0,0,0,6,26
qwen3-4b-keep4-s42,qwen3-4b-keep4-s42:170:4,170,465,0,0,0,11,67
qwen3-4b-keep4-s42,qwen3-4b-keep4-s42:170:6,170,373,0,0,0,10,67
qwen3-4b-keep4-s42,qwen3-4b-keep4-s42:171:4,171,380,0,0,0,23,63
qwen3-4b-keep4-s42,qwen3-4b-keep4-s42:171:5,171,14,1,0,0,26,63
qwen3-4b-keep4-s42,qwen3-4b-keep4-s42:171:7,171,305,0,0,0,26,63
qwen3-4b-keep4-s42,qwen3-4b-keep4-s42:175:2,175,53,0,0,0,26,56
qwen3-4b-keep4-s42,qwen3-4b-keep4-s42:176:1,176,0,0,0,0,17,48
qwen3-4b-keep4-s42,qwen3-4b-keep4-s42:178:3,178,47,0,0,0,9,69
qwen3-4b-keep4-s42,qwen3-4b-keep4-s42:179:0,179,349,0,0,0,7,53
qwen3-4b-keep4-s42,qwen3-4b-keep4-s42:179:1,179,200,0,0,0,5,53
qwen3-4b-keep4-s42,qwen3-4b-keep4-s42:179:2,179,20,0,0,0,11,53
qwen3-4b-keep4-s42,qwen3-4b-keep4-s42:179:5,179,427,0,0,0,2,53
qwen3-4b-keep4-s42,qwen3-4b-keep4-s42:179:6,179,321,0,0,0,4,53
qwen3-4b-keep4-s42,qwen3-4b-keep4-s42:179:7,179,396,0,0,0,2,53
qwen3-4b-keep4-s42,qwen3-4b-keep4-s42:181:0,181,391,0,0,0,16,72
qwen3-4b-keep4-s42,qwen3-4b-keep4-s42:181:1,181,7,0,0,0,15,72
qwen3-4b-keep4-s42,qwen3-4b-keep4-s42:181:2,181,423,0,0,0,20,72
qwen3-4b-keep4-s42,qwen3-4b-keep4-s42:181:4,181,1,0,0,0,21,72
qwen3-4b-keep4-s42,qwen3-4b-keep4-s42:181:6,181,410,0,0,0,5,72
qwen3-4b-keep4-s42,qwen3-4b-keep4-s42:182:2,182,12,0,0,0,11,37
qwen3-4b-keep4-s42,qwen3-4b-keep4-s42:182:6,182,458,0,0,0,12,37
qwen3-4b-keep4-s42,qwen3-4b-keep4-s42:183:5,183,27,0,0,0,6,14
qwen3-4b-keep4-s42,qwen3-4b-keep4-s42:185:0,185,628,0,0,0,2,8
qwen3-4b-keep4-s42,qwen3-4b-keep4-s42:185:1,185,510,0,0,0,4,8
qwen3-4b-keep4-s42,qwen3-4b-keep4-s42:185:4,185,414,0,0,0,4,8
qwen3-4b-keep4-s42,qwen3-4b-keep4-s42:185:6,185,318,0,0,0,5,8
qwen3-4b-keep4-s42,qwen3-4b-keep4-s42:185:7,185,443,0,0,0,1,8
qwen3-4b-keep4-s42,qwen3-4b-keep4-s42:186:0,186,450,0,0,0,2,26
qwen3-4b-keep4-s42,qwen3-4b-keep4-s42:186:1,186,11,0,0,0,5,26
qwen3-4b-keep4-s42,qwen3-4b-keep4-s42:186:2,186,9,4,0,0,3,26
qwen3-4b-keep4-s42,qwen3-4b-keep4-s42:186:4,186,590,0,0,0,5,26
qwen3-4b-keep4-s42,qwen3-4b-keep4-s42:186:5,186,540,0,0,0,6,26
qwen3-4b-keep4-s42,qwen3-4b-keep4-s42:186:6,186,69,0,0,0,3,26
qwen3-4b-keep4-s42,qwen3-4b-keep4-s42:186:7,186,3,0,0,0,3,26
qwen3-4b-keep4-s42,qwen3-4b-keep4-s42:189:3,189,308,0,0,0,29,69
qwen3-4b-keep4-s42,qwen3-4b-keep4-s42:190:6,190,5,0,0,0,10,68
qwen3-4b-keep4-s42,qwen3-4b-keep4-s42:190:7,190,514,0,0,0,12,68
qwen3-4b-keep4-s42,qwen3-4b-keep4-s42:192:0,192,6,0,0,0,13,35
qwen3-4b-keep4-s42,qwen3-4b-keep4-s42:193:1,193,441,0,0,0,27,87
qwen3-4b-keep4-s42,qwen3-4b-keep4-s42:193:3,193,431,0,0,0,35,87
qwen3-4b-keep4-s42,qwen3-4b-keep4-s42:193:5,193,0,0,0,0,30,87
qwen3-4b-keep4-s42,qwen3-4b-keep4-s42:193:7,193,6,0,0,0,48,87
qwen3-4b-keep4-s42,qwen3-4b-keep4-s42:196:0,196,0,0,0,0,8,41
qwen3-4b-keep4-s42,qwen3-4b-keep4-s42:196:4,196,422,0,0,0,13,41
qwen3-4b-keep4-s42,qwen3-4b-keep4-s42:196:7,196,402,0,0,0,13,41
qwen3-4b-keep4-s42,qwen3-4b-keep4-s42:198:3,198,303,0,0,0,23,58
qwen3-4b-keep4-s42,qwen3-4b-keep4-s42:200:0,200,420,0,0,0,3,43
qwen3-4b-keep4-s42,qwen3-4b-keep4-s42:200:1,200,357,0,0,0,13,43
qwen3-4b-keep4-s42,qwen3-4b-keep4-s42:200:2,200,12,0,0,0,4,43
qwen3-4b-keep4-s42,qwen3-4b-keep4-s42:200:3,200,355,0,0,0,7,43
qwen3-4b-keep4-s42,qwen3-4b-keep4-s42:200:4,200,364,0,0,0,7,43
qwen3-4b-keep4-s42,qwen3-4b-keep4-s42:200:5,200,22,0,0,0,14,43
qwen3-4b-keep4-s42,qwen3-4b-keep4-s42:200:6,200,358,0,0,0,3,43
qwen3-4b-keep4-s42,qwen3-4b-keep4-s42:200:7,200,350,0,0,0,11,43
qwen3-4b-keep4-s42,qwen3-4b-keep4-s42:201:0,201,49,41,0,3,8,34
qwen3-4b-keep4-s42,qwen3-4b-keep4-s42:201:1,201,469,0,0,0,8,34
qwen3-4b-keep4-s42,qwen3-4b-keep4-s42:201:2,201,34,0,0,0,7,34
qwen3-4b-keep4-s42,qwen3-4b-keep4-s42:201:4,201,409,0,0,0,8,34
qwen3-4b-keep4-s42,qwen3-4b-keep4-s42:201:5,201,460,0,0,0,7,34
qwen3-4b-keep4-s42,qwen3-4b-keep4-s42:201:6,201,493,0,0,0,7,34
qwen3-4b-keep4-s42,qwen3-4b-keep4-s42:201:7,201,541,0,0,0,9,34
qwen3-4b-keep4-s42,qwen3-4b-keep4-s42:202:0,202,66,0,0,0,28,86
qwen3-4b-keep4-s42,qwen3-4b-keep4-s42:202:1,202,343,0,0,0,22,86
qwen3-4b-keep4-s42,qwen3-4b-keep4-s42:202:3,202,13,0,0,0,47,86
qwen3-4b-keep4-s42,qwen3-4b-keep4-s42:202:4,202,350,0,0,0,32,86
qwen3-4b-keep4-s42,qwen3-4b-keep4-s42:202:5,202,370,0,0,0,19,86
qwen3-4b-keep4-s42,qwen3-4b-keep4-s42:202:7,202,281,0,0,0,44,86
qwen3-4b-keep4-s42,qwen3-4b-keep4-s42:203:5,203,3,0,0,0,54,60
qwen3-4b-keep4-s42,qwen3-4b-keep4-s42:204:2,204,340,0,0,0,45,108
qwen3-4b-keep4-s42,qwen3-4b-keep4-s42:204:3,204,5,0,0,0,47,108
qwen3-4b-keep4-s42,qwen3-4b-keep4-s42:204:4,204,488,20,11,11,26,108
qwen3-4b-keep4-s42,qwen3-4b-keep4-s42:204:5,204,32,0,0,0,45,108
qwen3-4b-keep4-s42,qwen3-4b-keep4-s42:204:6,204,372,0,0,0,35,108
qwen3-4b-keep4-s42,qwen3-4b-keep4-s42:204:7,204,334,0,0,0,62,108
qwen3-4b-keep4-s42,qwen3-4b-keep4-s42:205:0,205,0,0,0,0,6,34
qwen3-4b-keep4-s42,qwen3-4b-keep4-s42:205:2,205,6,0,0,0,5,34
qwen3-4b-keep4-s42,qwen3-4b-keep4-s42:205:3,205,560,0,0,0,5,34
qwen3-4b-keep4-s42,qwen3-4b-keep4-s42:206:3,206,2,0,0,0,7,29
qwen3-4b-keep4-s42,qwen3-4b-keep4-s42:207:1,207,442,0,0,0,10,65
qwen3-4b-keep4-s42,qwen3-4b-keep4-s42:207:2,207,366,0,0,0,7,65
qwen3-4b-keep4-s42,qwen3-4b-keep4-s42:207:3,207,440,0,0,0,7,65
qwen3-4b-keep4-s42,qwen3-4b-keep4-s42:207:4,207,409,0,0,0,3,65
qwen3-4b-keep4-s42,qwen3-4b-keep4-s42:207:5,207,331,0,0,0,11,65
qwen3-4b-keep4-s42,qwen3-4b-keep4-s42:207:7,207,369,0,0,0,13,65
qwen3-4b-keep4-s42,qwen3-4b-keep4-s42:208:2,208,500,0,0,0,23,64
qwen3-4b-keep4-s42,qwen3-4b-keep4-s42:208:4,208,139,0,0,0,28,64
qwen3-4b-keep4-s42,qwen3-4b-keep4-s42:208:5,208,396,0,0,0,23,64
qwen3-4b-keep4-s42,qwen3-4b-keep4-s42:208:6,208,3,0,0,0,23,64
qwen3-4b-keep4-s42,qwen3-4b-keep4-s42:208:7,208,362,0,0,0,23,64
qwen3-4b-keep4-s42,qwen3-4b-keep4-s42:211:0,211,360,0,0,0,4,37
qwen3-4b-keep4-s42,qwen3-4b-keep4-s42:212:7,212,399,0,0,0,12,36
qwen3-4b-keep4-s42,qwen3-4b-keep4-s42:214:2,214,42,0,0,0,5,53
qwen3-4b-keep4-s42,qwen3-4b-keep4-s42:214:6,214,338,0,0,0,7,53
qwen3-4b-keep4-s42,qwen3-4b-keep4-s42:214:7,214,82,66,0,2,7,53
qwen3-4b-keep4-s42,qwen3-4b-keep4-s42:215:1,215,39,0,0,0,18,68
qwen3-4b-keep4-s42,qwen3-4b-keep4-s42:215:2,215,74,18,0,0,4,68
qwen3-4b-keep4-s42,qwen3-4b-keep4-s42:215:3,215,212,0,0,0,36,68
qwen3-4b-keep4-s42,qwen3-4b-keep4-s42:215:4,215,415,0,0,0,5,68
qwen3-4b-keep4-s42,qwen3-4b-keep4-s42:216:0,216,25,0,0,0,21,70
qwen3-4b-keep4-s42,qwen3-4b-keep4-s42:216:1,216,349,0,0,0,16,70
qwen3-4b-keep4-s42,qwen3-4b-keep4-s42:216:2,216,420,0,0,0,19,70
qwen3-4b-keep4-s42,qwen3-4b-keep4-s42:216:3,216,16,0,0,0,21,70
qwen3-4b-keep4-s42,qwen3-4b-keep4-s42:216:4,216,79,28,1,2,19,70
qwen3-4b-keep4-s42,qwen3-4b-keep4-s42:216:5,216,345,0,0,0,29,70
qwen3-4b-keep4-s42,qwen3-4b-keep4-s42:216:7,216,11,0,0,0,26,70
qwen3-4b-keep4-s42,qwen3-4b-keep4-s42:218:6,218,467,0,0,0,10,50
qwen3-4b-keep4-s42,qwen3-4b-keep4-s42:218:7,218,246,0,0,0,7,50
qwen3-4b-keep4-s42,qwen3-4b-keep4-s42:219:0,219,474,0,0,0,6,31
qwen3-4b-keep4-s42,qwen3-4b-keep4-s42:219:4,219,382,0,0,0,9,31
qwen3-4b-keep4-s42,qwen3-4b-keep4-s42:219:5,219,385,0,0,0,5,31
qwen3-4b-keep4-s42,qwen3-4b-keep4-s42:219:6,219,298,0,0,0,7,31
qwen3-4b-keep4-s42,qwen3-4b-keep4-s42:219:7,219,20,0,0,0,8,31
qwen3-4b-keep4-s42,qwen3-4b-keep4-s42:220:4,220,337,0,0,0,4,20
qwen3-4b-keep4-s42,qwen3-4b-keep4-s42:221:1,221,18,0,0,0,2,39
qwen3-4b-keep4-s42,qwen3-4b-keep4-s42:224:0,224,22,11,0,0,12,39
qwen3-4b-keep4-s42,qwen3-4b-keep4-s42:224:1,224,1,0,0,0,8,39
qwen3-4b-keep4-s42,qwen3-4b-keep4-s42:226:0,226,512,0,0,0,9,26
qwen3-4b-keep4-s42,qwen3-4b-keep4-s42:226:1,226,475,0,0,0,7,26
qwen3-4b-keep4-s42,qwen3-4b-keep4-s42:226:6,226,475,0,0,0,9,26
qwen3-4b-keep4-s42,qwen3-4b-keep4-s42:226:7,226,105,0,0,0,5,26
qwen3-4b-keep4-s42,qwen3-4b-keep4-s42:227:0,227,409,0,0,0,18,58
qwen3-4b-keep4-s42,qwen3-4b-keep4-s42:227:5,227,363,0,0,0,18,58
qwen3-4b-keep4-s42,qwen3-4b-keep4-s42:227:7,227,375,22,0,1,18,58
qwen3-4b-keep4-s42,qwen3-4b-keep4-s42:228:0,228,462,0,0,0,23,43
qwen3-4b-keep4-s42,qwen3-4b-keep4-s42:228:1,228,42,17,0,1,21,43
qwen3-4b-keep4-s42,qwen3-4b-keep4-s42:228:2,228,363,0,0,0,7,43
qwen3-4b-keep4-s42,qwen3-4b-keep4-s42:228:4,228,472,0,0,0,3,43
qwen3-4b-keep4-s42,qwen3-4b-keep4-s42:228:5,228,496,0,0,0,20,43
qwen3-4b-keep4-s42,qwen3-4b-keep4-s42:228:6,228,8,0,0,0,23,43
qwen3-4b-keep4-s42,qwen3-4b-keep4-s42:229:0,229,341,0,0,0,34,76
qwen3-4b-keep4-s42,qwen3-4b-keep4-s42:229:4,229,337,0,0,0,38,76
qwen3-4b-keep4-s42,qwen3-4b-keep4-s42:229:5,229,206,0,0,0,27,76
qwen3-4b-keep4-s42,qwen3-4b-keep4-s42:229:6,229,26,0,0,0,35,76
qwen3-4b-keep4-s42,qwen3-4b-keep4-s42:231:0,231,399,0,0,0,19,56
qwen3-4b-keep4-s42,qwen3-4b-keep4-s42:231:1,231,26,0,0,0,24,56
qwen3-4b-keep4-s42,qwen3-4b-keep4-s42:231:2,231,329,0,0,0,27,56
qwen3-4b-keep4-s42,qwen3-4b-keep4-s42:231:3,231,342,0,0,0,24,56
qwen3-4b-keep4-s42,qwen3-4b-keep4-s42:231:5,231,391,0,0,0,31,56
qwen3-4b-keep4-s42,qwen3-4b-keep4-s42:231:6,231,427,0,0,0,21,56
qwen3-4b-keep4-s42,qwen3-4b-keep4-s42:231:7,231,345,0,0,0,16,56
qwen3-4b-keep4-s42,qwen3-4b-keep4-s42:232:0,232,365,0,0,0,16,89
qwen3-4b-keep4-s42,qwen3-4b-keep4-s42:232:2,232,1,0,0,0,36,89
qwen3-4b-keep4-s42,qwen3-4b-keep4-s42:232:4,232,24,0,0,0,32,89
qwen3-4b-keep4-s42,qwen3-4b-keep4-s42:233:2,233,416,0,0,0,24,95
qwen3-4b-keep4-s42,qwen3-4b-keep4-s42:233:4,233,0,0,0,0,44,95
qwen3-4b-keep4-s42,qwen3-4b-keep4-s42:233:6,233,47,35,1,4,40,95
qwen3-4b-keep4-s42,qwen3-4b-keep4-s42:233:7,233,0,0,0,0,45,95
qwen3-4b-keep4-s42,qwen3-4b-keep4-s42:234:0,234,2,0,0,0,8,88
qwen3-4b-keep4-s42,qwen3-4b-keep4-s42:234:1,234,0,0,0,0,13,88
qwen3-4b-keep4-s42,qwen3-4b-keep4-s42:234:3,234,12,0,0,0,9,88
qwen3-4b-keep4-s42,qwen3-4b-keep4-s42:234:4,234,349,41,0,0,1,88
qwen3-4b-keep4-s42,qwen3-4b-keep4-s42:234:5,234,378,0,0,0,12,88
qwen3-4b-keep4-s42,qwen3-4b-keep4-s42:236:0,236,486,0,0,0,2,17
qwen3-4b-keep4-s42,qwen3-4b-keep4-s42:236:2,236,358,0,0,0,1,17
qwen3-4b-keep4-s42,qwen3-4b-keep4-s42:236:3,236,29,0,0,0,8,17
qwen3-4b-keep4-s42,qwen3-4b-keep4-s42:236:5,236,300,0,0,0,9,17
qwen3-4b-keep4-s42,qwen3-4b-keep4-s42:237:6,237,22,0,0,0,25,58
qwen3-4b-keep4-s42,qwen3-4b-keep4-s42:238:0,238,321,0,0,0,13,42
qwen3-4b-keep4-s42,qwen3-4b-keep4-s42:238:1,238,291,0,0,0,13,42
qwen3-4b-keep4-s42,qwen3-4b-keep4-s42:238:2,238,30,0,0,0,11,42
qwen3-4b-keep4-s42,qwen3-4b-keep4-s42:238:3,238,263,0,0,0,14,42
qwen3-4b-keep4-s42,qwen3-4b-keep4-s42:238:4,238,319,0,0,0,8,42
qwen3-4b-keep4-s42,qwen3-4b-keep4-s42:238:5,238,316,0,0,0,8,42
qwen3-4b-keep4-s42,qwen3-4b-keep4-s42:238:6,238,320,0,0,0,12,42
qwen3-4b-keep4-s42,qwen3-4b-keep4-s42:238:7,238,231,0,0,0,13,42
qwen3-4b-keep4-s42,qwen3-4b-keep4-s42:239:0,239,497,0,0,0,13,46
qwen3-4b-keep4-s42,qwen3-4b-keep4-s42:239:1,239,239,0,0,0,7,46
qwen3-4b-keep4-s42,qwen3-4b-keep4-s42:239:2,239,17,0,0,0,12,46
qwen3-4b-keep4-s42,qwen3-4b-keep4-s42:239:3,239,494,0,0,0,7,46
qwen3-4b-keep4-s42,qwen3-4b-keep4-s42:239:4,239,9,0,0,0,14,46
qwen3-4b-keep4-s42,qwen3-4b-keep4-s42:239:5,239,413,0,0,0,5,46
qwen3-4b-keep4-s42,qwen3-4b-keep4-s42:239:7,239,377,0,0,0,14,46
qwen3-4b-keep4-s42,qwen3-4b-keep4-s42:243:2,243,0,0,0,0,24,36
qwen3-4b-keep4-s42,qwen3-4b-keep4-s42:243:3,243,492,0,0,0,17,36
qwen3-4b-keep4-s42,qwen3-4b-keep4-s42:243:4,243,0,0,0,0,22,36
qwen3-4b-keep4-s42,qwen3-4b-keep4-s42:243:5,243,0,0,0,0,22,36
qwen3-4b-keep4-s42,qwen3-4b-keep4-s42:244:0,244,488,0,0,0,2,41
qwen3-4b-keep4-s42,qwen3-4b-keep4-s42:244:2,244,507,0,0,0,7,41
qwen3-4b-keep4-s42,qwen3-4b-keep4-s42:244:4,244,6,0,0,0,5,41
qwen3-4b-keep4-s42,qwen3-4b-keep4-s42:244:5,244,9,0,0,0,2,41
qwen3-4b-keep4-s42,qwen3-4b-keep4-s42:244:6,244,12,0,0,0,10,41
qwen3-4b-keep4-s42,qwen3-4b-keep4-s42:246:3,246,7,0,0,0,38,65
qwen3-4b-keep4-s42,qwen3-4b-keep4-s42:250:1,250,273,0,0,0,29,68
qwen3-4b-keep4-s42,qwen3-4b-keep4-s42:250:2,250,381,0,0,0,27,68
qwen3-4b-keep4-s42,qwen3-4b-keep4-s42:250:3,250,302,0,0,0,30,68
qwen3-4b-keep4-s42,qwen3-4b-keep4-s42:250:6,250,296,0,0,0,33,68
qwen3-4b-keep4-s42,qwen3-4b-keep4-s42:252:0,252,421,0,0,0,20,74
qwen3-4b-keep4-s42,qwen3-4b-keep4-s42:252:5,252,22,0,0,0,21,74
qwen3-4b-keep4-s42,qwen3-4b-keep4-s42:253:0,253,351,0,0,0,9,44
qwen3-4b-keep4-s42,qwen3-4b-keep4-s42:253:1,253,381,0,0,0,16,44
qwen3-4b-keep4-s42,qwen3-4b-keep4-s42:253:2,253,391,0,0,0,8,44
qwen3-4b-keep4-s42,qwen3-4b-keep4-s42:253:4,253,377,0,0,0,8,44
qwen3-4b-keep4-s42,qwen3-4b-keep4-s42:253:6,253,295,0,0,0,5,44
qwen3-4b-keep4-s42,qwen3-4b-keep4-s42:253:7,253,288,0,0,0,9,44
qwen3-4b-keep4-s42,qwen3-4b-keep4-s42:255:2,255,403,0,0,0,5,36
qwen3-4b-keep4-s42,qwen3-4b-keep4-s42:257:4,257,268,0,0,0,37,76
qwen3-4b-keep4-s42,qwen3-4b-keep4-s42:257:5,257,10,0,0,0,30,76
qwen3-4b-keep4-s42,qwen3-4b-keep4-s42:258:0,258,22,0,0,0,15,38
qwen3-4b-keep4-s42,qwen3-4b-keep4-s42:259:1,259,24,0,0,0,14,56
qwen3-4b-keep4-s42,qwen3-4b-keep4-s42:259:4,259,1,0,0,0,13,56
qwen3-4b-keep4-s42,qwen3-4b-keep4-s42:259:7,259,19,0,0,0,17,56
qwen3-4b-keep4-s42,qwen3-4b-keep4-s42:261:6,261,420,0,0,0,4,27
qwen3-4b-keep4-s42,qwen3-4b-keep4-s42:263:0,263,9,0,0,0,37,53
qwen3-4b-keep4-s42,qwen3-4b-keep4-s42:264:0,264,8,0,0,0,22,49
qwen3-4b-keep4-s42,qwen3-4b-keep4-s42:264:1,264,3,0,0,0,13,49
qwen3-4b-keep4-s42,qwen3-4b-keep4-s42:264:2,264,328,0,0,0,11,49
qwen3-4b-keep4-s42,qwen3-4b-keep4-s42:264:3,264,302,0,0,0,14,49
qwen3-4b-keep4-s42,qwen3-4b-keep4-s42:264:4,264,26,0,0,0,17,49
qwen3-4b-keep4-s42,qwen3-4b-keep4-s42:264:5,264,392,0,0,0,15,49
qwen3-4b-keep4-s42,qwen3-4b-keep4-s42:264:6,264,71,69,0,2,29,49
qwen3-4b-keep4-s42,qwen3-4b-keep4-s42:264:7,264,12,0,0,0,19,49
qwen3-4b-keep4-s42,qwen3-4b-keep4-s42:268:0,268,521,0,0,0,4,22
qwen3-4b-keep4-s42,qwen3-4b-keep4-s42:268:1,268,501,0,0,0,5,22
qwen3-4b-keep4-s42,qwen3-4b-keep4-s42:268:3,268,393,0,0,0,9,22
qwen3-4b-keep4-s42,qwen3-4b-keep4-s42:268:4,268,593,0,0,0,7,22
qwen3-4b-keep4-s42,qwen3-4b-keep4-s42:268:5,268,365,0,0,0,9,22
qwen3-4b-keep4-s42,qwen3-4b-keep4-s42:268:6,268,501,0,0,0,5,22
qwen3-4b-keep4-s42,qwen3-4b-keep4-s42:268:7,268,585,0,0,0,8,22
qwen3-4b-keep4-s42,qwen3-4b-keep4-s42:272:0,272,345,0,0,0,11,55
qwen3-4b-keep4-s42,qwen3-4b-keep4-s42:272:1,272,375,0,0,0,17,55
qwen3-4b-keep4-s42,qwen3-4b-keep4-s42:272:2,272,419,0,0,0,11,55
qwen3-4b-keep4-s42,qwen3-4b-keep4-s42:272:3,272,395,0,0,0,17,55
qwen3-4b-keep4-s42,qwen3-4b-keep4-s42:272:4,272,338,0,0,0,14,55
qwen3-4b-keep4-s42,qwen3-4b-keep4-s42:272:7,272,0,0,0,0,14,55
qwen3-4b-keep4-s42,qwen3-4b-keep4-s42:273:2,273,426,0,0,0,3,39
qwen3-4b-keep4-s42,qwen3-4b-keep4-s42:273:6,273,349,0,0,0,8,39
qwen3-4b-keep4-s42,qwen3-4b-keep4-s42:275:4,275,98,0,0,0,12,34
qwen3-4b-keep4-s42,qwen3-4b-keep4-s42:275:7,275,425,30,0,1,5,34
qwen3-4b-keep4-s42,qwen3-4b-keep4-s42:276:1,276,410,0,0,0,9,22
qwen3-4b-keep4-s42,qwen3-4b-keep4-s42:276:2,276,0,0,0,0,8,22
qwen3-4b-keep4-s42,qwen3-4b-keep4-s42:277:0,277,514,0,0,0,20,65
qwen3-4b-keep4-s42,qwen3-4b-keep4-s42:277:2,277,3,0,0,0,33,65
qwen3-4b-keep4-s42,qwen3-4b-keep4-s42:277:3,277,396,0,0,0,10,65
qwen3-4b-keep4-s42,qwen3-4b-keep4-s42:277:4,277,379,0,0,0,12,65
qwen3-4b-keep4-s42,qwen3-4b-keep4-s42:277:5,277,301,19,0,0,15,65
qwen3-4b-keep4-s42,qwen3-4b-keep4-s42:277:6,277,4,0,0,0,8,65
qwen3-4b-keep4-s42,qwen3-4b-keep4-s42:279:0,279,0,0,0,0,4,36
qwen3-4b-keep4-s42,qwen3-4b-keep4-s42:279:2,279,7,0,0,0,10,36
qwen3-4b-keep4-s42,qwen3-4b-keep4-s42:279:3,279,327,0,0,0,7,36
qwen3-4b-keep4-s42,qwen3-4b-keep4-s42:279:4,279,49,36,0,1,9,36
qwen3-4b-keep4-s42,qwen3-4b-keep4-s42:279:5,279,48,0,0,0,9,36
qwen3-4b-keep4-s42,qwen3-4b-keep4-s42:279:6,279,9,0,0,0,5,36
qwen3-4b-keep4-s42,qwen3-4b-keep4-s42:279:7,279,6,0,0,0,13,36
qwen3-4b-keep4-s42,qwen3-4b-keep4-s42:280:6,280,407,0,0,0,6,40
qwen3-4b-keep4-s42,qwen3-4b-keep4-s42:281:4,281,19,19,0,1,14,44
qwen3-4b-keep4-s42,qwen3-4b-keep4-s42:283:2,283,1,0,0,0,27,64
qwen3-4b-keep4-s42,qwen3-4b-keep4-s42:283:4,283,6,0,0,0,27,64
qwen3-4b-keep4-s42,qwen3-4b-keep4-s42:283:6,283,21,0,0,0,26,64
qwen3-4b-keep4-s42,qwen3-4b-keep4-s42:285:7,285,1,0,0,0,13,35
qwen3-4b-keep4-s42,qwen3-4b-keep4-s42:286:0,286,555,0,0,0,14,48
qwen3-4b-keep4-s42,qwen3-4b-keep4-s42:286:2,286,414,0,0,0,17,48
qwen3-4b-keep4-s42,qwen3-4b-keep4-s42:286:4,286,5,0,0,0,15,48
qwen3-4b-keep4-s42,qwen3-4b-keep4-s42:286:5,286,1,0,0,0,14,48
qwen3-4b-keep4-s42,qwen3-4b-keep4-s42:286:6,286,412,0,0,0,18,48
qwen3-4b-keep4-s42,qwen3-4b-keep4-s42:287:1,287,298,0,0,0,5,63
qwen3-4b-keep4-s42,qwen3-4b-keep4-s42:287:4,287,478,0,0,0,9,63
qwen3-4b-keep4-s42,qwen3-4b-keep4-s42:287:5,287,358,0,0,0,10,63
qwen3-4b-keep4-s42,qwen3-4b-keep4-s42:289:2,289,627,0,0,0,10,21
qwen3-4b-keep4-s42,qwen3-4b-keep4-s42:289:5,289,13,0,0,0,9,21
qwen3-4b-keep4-s42,qwen3-4b-keep4-s42:291:0,291,18,0,0,0,9,44
qwen3-4b-keep4-s42,qwen3-4b-keep4-s42:291:2,291,1,0,0,0,18,44
qwen3-4b-keep4-s42,qwen3-4b-keep4-s42:291:5,291,85,0,0,0,12,44
qwen3-4b-keep4-s42,qwen3-4b-keep4-s42:291:6,291,7,0,0,0,15,44
qwen3-4b-keep4-s42,qwen3-4b-keep4-s42:291:7,291,64,0,0,0,15,44
qwen3-4b-keep4-s42,qwen3-4b-keep4-s42:292:5,292,3,0,0,0,9,21
qwen3-4b-keep4-s42,qwen3-4b-keep4-s42:294:0,294,5,0,0,0,10,79
qwen3-4b-keep4-s42,qwen3-4b-keep4-s42:294:1,294,398,0,0,0,1,79
qwen3-4b-keep4-s42,qwen3-4b-keep4-s42:294:2,294,2,0,0,0,13,79
qwen3-4b-keep4-s42,qwen3-4b-keep4-s42:294:4,294,428,0,0,0,7,79
qwen3-4b-keep4-s42,qwen3-4b-keep4-s42:294:5,294,85,0,0,0,12,79
qwen3-4b-keep4-s42,qwen3-4b-keep4-s42:294:6,294,356,1,0,0,12,79
qwen3-4b-keep4-s42,qwen3-4b-keep4-s42:294:7,294,375,0,0,0,17,79
qwen3-4b-keep4-s42,qwen3-4b-keep4-s42:297:2,297,63,0,0,0,8,51
qwen3-4b-keep4-s42,qwen3-4b-keep4-s42:298:0,298,261,0,0,0,24,79
qwen3-4b-keep4-s42,qwen3-4b-keep4-s42:298:1,298,339,0,0,0,24,79
qwen3-4b-keep4-s42,qwen3-4b-keep4-s42:298:2,298,235,0,0,0,32,79
qwen3-4b-keep4-s42,qwen3-4b-keep4-s42:298:3,298,209,0,0,0,37,79
qwen3-4b-keep4-s42,qwen3-4b-keep4-s42:298:4,298,181,0,0,0,48,79
qwen3-4b-keep4-s42,qwen3-4b-keep4-s42:298:5,298,260,0,0,0,32,79
qwen3-4b-keep4-s42,qwen3-4b-keep4-s42:299:3,299,1,0,0,0,27,66
qwen3-4b-keep4-s42,qwen3-4b-keep4-s42:300:0,300,401,0,0,0,8,46
qwen3-4b-keep4-s42,qwen3-4b-keep4-s42:300:2,300,463,0,0,0,14,46
qwen3-4b-keep4-s42,qwen3-4b-keep4-s42:300:4,300,579,0,0,0,14,46
qwen3-4b-keep4-s42,qwen3-4b-keep4-s42:300:5,300,0,0,0,0,17,46
qwen3-4b-keep4-s42,qwen3-4b-keep4-s42:300:7,300,498,0,0,0,12,46
qwen3-4b-keep4-s42,qwen3-4b-keep4-s42:302:0,302,1,0,0,0,18,76
qwen3-4b-keep4-s42,qwen3-4b-keep4-s42:303:1,303,328,0,0,0,10,36
qwen3-4b-keep4-s42,qwen3-4b-keep4-s42:303:2,303,465,0,0,0,5,36
qwen3-4b-keep4-s42,qwen3-4b-keep4-s42:303:3,303,406,0,0,0,10,36
qwen3-4b-keep4-s42,qwen3-4b-keep4-s42:303:7,303,28,0,0,0,4,36
qwen3-4b-keep4-s42,qwen3-4b-keep4-s42:306:0,306,514,0,0,0,10,39
qwen3-4b-keep4-s42,qwen3-4b-keep4-s42:306:3,306,374,0,0,0,11,39
qwen3-4b-keep4-s42,qwen3-4b-keep4-s42:306:4,306,25,0,0,0,11,39
qwen3-4b-keep4-s42,qwen3-4b-keep4-s42:306:5,306,268,0,0,0,17,39
qwen3-4b-keep4-s42,qwen3-4b-keep4-s42:306:7,306,413,0,0,0,11,39
qwen3-4b-keep4-s42,qwen3-4b-keep4-s42:307:0,307,1,0,0,0,20,39
qwen3-4b-keep4-s42,qwen3-4b-keep4-s42:308:4,308,0,0,0,0,22,49
qwen3-4b-keep4-s42,qwen3-4b-keep4-s42:309:0,309,503,0,0,0,7,33
qwen3-4b-keep4-s42,qwen3-4b-keep4-s42:309:1,309,381,0,0,0,11,33
qwen3-4b-keep4-s42,qwen3-4b-keep4-s42:309:4,309,482,0,0,0,11,33
qwen3-4b-keep4-s42,qwen3-4b-keep4-s42:309:5,309,415,0,0,0,8,33
qwen3-4b-keep4-s42,qwen3-4b-keep4-s42:309:6,309,453,0,0,0,12,33
qwen3-4b-keep4-s42,qwen3-4b-keep4-s42:309:7,309,469,0,0,0,8,33
qwen3-4b-keep4-s42,qwen3-4b-keep4-s42:310:2,310,23,0,0,0,17,48
qwen3-4b-keep4-s42,qwen3-4b-keep4-s42:310:6,310,422,0,0,0,17,48
qwen3-4b-keep4-s42,qwen3-4b-keep4-s42:311:0,311,29,0,0,0,21,57
qwen3-4b-keep4-s42,qwen3-4b-keep4-s42:311:2,311,37,0,0,0,9,57
qwen3-4b-keep4-s42,qwen3-4b-keep4-s42:311:4,311,4,0,0,0,12,57
qwen3-4b-keep4-s42,qwen3-4b-keep4-s42:313:5,313,410,0,0,0,4,28
qwen3-4b-keep4-s42,qwen3-4b-keep4-s42:313:6,313,131,0,0,0,11,28
qwen3-4b-keep4-s42,qwen3-4b-keep4-s42:315:7,315,19,0,0,0,24,49
qwen3-4b-keep4-s42,qwen3-4b-keep4-s42:316:3,316,539,0,0,0,7,14
qwen3-4b-keep4-s42,qwen3-4b-keep4-s42:316:6,316,478,0,0,0,4,14
qwen3-4b-keep4-s42,qwen3-4b-keep4-s42:317:0,317,373,0,0,0,10,56
qwen3-4b-keep4-s42,qwen3-4b-keep4-s42:317:1,317,333,0,0,0,9,56
qwen3-4b-keep4-s42,qwen3-4b-keep4-s42:317:2,317,31,0,0,0,12,56
qwen3-4b-keep4-s42,qwen3-4b-keep4-s42:317:3,317,34,0,0,0,11,56
qwen3-4b-keep4-s42,qwen3-4b-keep4-s42:317:4,317,364,0,0,0,11,56
qwen3-4b-keep4-s42,qwen3-4b-keep4-s42:317:5,317,17,0,0,0,7,56
qwen3-4b-keep4-s42,qwen3-4b-keep4-s42:317:7,317,20,0,0,0,12,56
qwen3-4b-keep4-s42,qwen3-4b-keep4-s42:320:0,320,227,0,0,0,26,49
qwen3-4b-keep4-s42,qwen3-4b-keep4-s42:320:2,320,316,0,0,0,22,49
qwen3-4b-keep4-s42,qwen3-4b-keep4-s42:320:5,320,401,0,0,0,22,49
qwen3-4b-keep4-s42,qwen3-4b-keep4-s42:320:6,320,335,0,0,0,24,49
qwen3-4b-keep4-s42,qwen3-4b-keep4-s42:320:7,320,0,0,0,0,21,49
qwen3-4b-keep4-s42,qwen3-4b-keep4-s42:321:0,321,436,0,0,0,4,43
qwen3-4b-keep4-s42,qwen3-4b-keep4-s42:321:1,321,68,1,0,0,8,43
qwen3-4b-keep4-s42,qwen3-4b-keep4-s42:321:3,321,2,0,0,0,10,43
qwen3-4b-keep4-s42,qwen3-4b-keep4-s42:321:5,321,480,0,0,0,5,43
qwen3-4b-keep4-s42,qwen3-4b-keep4-s42:321:6,321,2,0,0,0,9,43
qwen3-4b-keep4-s42,qwen3-4b-keep4-s42:321:7,321,415,0,0,0,12,43
qwen3-4b-keep4-s42,qwen3-4b-keep4-s42:323:4,323,12,0,0,0,1,22
qwen3-4b-keep4-s42,qwen3-4b-keep4-s42:323:5,323,68,0,0,0,5,22
qwen3-4b-keep4-s42,qwen3-4b-keep4-s42:324:1,324,48,0,0,0,2,17
qwen3-4b-keep4-s42,qwen3-4b-keep4-s42:324:6,324,25,0,0,0,3,17
qwen3-4b-keep4-s42,qwen3-4b-keep4-s42:325:0,325,327,0,0,0,5,30
qwen3-4b-keep4-s42,qwen3-4b-keep4-s42:325:1,325,441,0,0,0,4,30
qwen3-4b-keep4-s42,qwen3-4b-keep4-s42:325:2,325,423,0,0,0,5,30
qwen3-4b-keep4-s42,qwen3-4b-keep4-s42:325:3,325,322,0,0,0,7,30
qwen3-4b-keep4-s42,qwen3-4b-keep4-s42:325:4,325,499,0,0,0,5,30
qwen3-4b-keep4-s42,qwen3-4b-keep4-s42:325:5,325,375,0,0,0,3,30
qwen3-4b-keep4-s42,qwen3-4b-keep4-s42:325:6,325,482,0,0,0,4,30
qwen3-4b-keep4-s42,qwen3-4b-keep4-s42:325:7,325,429,0,0,0,6,30
qwen3-4b-keep4-s42,qwen3-4b-keep4-s42:327:7,327,2,0,0,0,16,34
qwen3-4b-keep4-s42,qwen3-4b-keep4-s42:328:0,328,520,0,0,0,9,34
qwen3-4b-keep4-s42,qwen3-4b-keep4-s42:328:3,328,513,0,0,0,13,34
qwen3-4b-keep4-s42,qwen3-4b-keep4-s42:328:4,328,492,0,0,0,9,34
qwen3-4b-keep4-s42,qwen3-4b-keep4-s42:328:5,328,30,0,0,0,3,34
qwen3-4b-keep4-s42,qwen3-4b-keep4-s42:328:6,328,383,0,0,0,9,34
qwen3-4b-keep4-s42,qwen3-4b-keep4-s42:329:0,329,437,0,0,0,17,58
qwen3-4b-keep4-s42,qwen3-4b-keep4-s42:329:1,329,478,0,0,0,18,58
qwen3-4b-keep4-s42,qwen3-4b-keep4-s42:329:2,329,552,0,0,0,14,58
qwen3-4b-keep4-s42,qwen3-4b-keep4-s42:329:3,329,374,0,0,0,14,58
qwen3-4b-keep4-s42,qwen3-4b-keep4-s42:329:5,329,389,0,0,0,23,58
qwen3-4b-keep4-s42,qwen3-4b-keep4-s42:330:2,330,0,0,0,0,3,41
qwen3-4b-keep4-s42,qwen3-4b-keep4-s42:332:0,332,255,0,0,0,26,46
qwen3-4b-keep4-s42,qwen3-4b-keep4-s42:333:0,333,8,0,0,0,10,45
qwen3-4b-keep4-s42,qwen3-4b-keep4-s42:333:5,333,0,0,0,0,9,45
qwen3-4b-keep4-s42,qwen3-4b-keep4-s42:333:7,333,0,0,0,0,9,45
qwen3-4b-keep4-s42,qwen3-4b-keep4-s42:334:0,334,27,0,0,0,11,58
qwen3-4b-keep4-s42,qwen3-4b-keep4-s42:334:2,334,446,0,0,0,8,58
qwen3-4b-keep4-s42,qwen3-4b-keep4-s42:334:3,334,0,0,0,0,4,58
qwen3-4b-keep4-s42,qwen3-4b-keep4-s42:334:6,334,467,0,0,0,11,58
qwen3-4b-keep4-s42,qwen3-4b-keep4-s42:334:7,334,306,0,0,0,8,58
qwen3-4b-keep4-s42,qwen3-4b-keep4-s42:337:5,337,288,0,0,0,45,81
qwen3-4b-keep4-s42,qwen3-4b-keep4-s42:338:7,338,270,0,0,0,21,61
qwen3-4b-keep4-s42,qwen3-4b-keep4-s42:343:1,343,0,0,0,0,28,57
qwen3-4b-keep4-s42,qwen3-4b-keep4-s42:343:2,343,13,10,0,1,23,57
qwen3-4b-keep4-s42,qwen3-4b-keep4-s42:343:3,343,397,0,0,0,20,57
qwen3-4b-keep4-s42,qwen3-4b-keep4-s42:343:4,343,493,0,0,0,3,57
qwen3-4b-keep4-s42,qwen3-4b-keep4-s42:343:6,343,345,0,0,0,8,57
qwen3-4b-keep4-s42,qwen3-4b-keep4-s42:344:1,344,1,0,0,0,21,72
qwen3-4b-keep4-s42,qwen3-4b-keep4-s42:344:6,344,405,0,0,0,10,72
qwen3-4b-keep4-s42,qwen3-4b-keep4-s42:345:1,345,409,0,0,0,4,86
qwen3-4b-keep4-s42,qwen3-4b-keep4-s42:345:2,345,394,0,0,0,7,86
qwen3-4b-keep4-s42,qwen3-4b-keep4-s42:345:3,345,13,0,0,0,5,86
qwen3-4b-keep4-s42,qwen3-4b-keep4-s42:345:4,345,2,0,0,0,11,86
qwen3-4b-keep4-s42,qwen3-4b-keep4-s42:345:6,345,1,0,0,0,16,86
qwen3-4b-keep4-s42,qwen3-4b-keep4-s42:346:0,346,507,0,0,0,4,39
qwen3-4b-keep4-s42,qwen3-4b-keep4-s42:346:2,346,455,0,0,0,4,39
qwen3-4b-keep4-s42,qwen3-4b-keep4-s42:346:3,346,555,0,0,0,12,39
qwen3-4b-keep4-s42,qwen3-4b-keep4-s42:347:4,347,467,0,0,0,11,91
qwen3-4b-keep4-s42,qwen3-4b-keep4-s42:347:5,347,358,0,0,0,24,91
qwen3-4b-keep4-s42,qwen3-4b-keep4-s42:347:6,347,357,0,0,0,20,91
qwen3-4b-keep4-s42,qwen3-4b-keep4-s42:347:7,347,424,0,0,0,15,91
qwen3-4b-keep4-s42,qwen3-4b-keep4-s42:348:0,348,550,0,0,0,0,31
qwen3-4b-keep4-s42,qwen3-4b-keep4-s42:348:1,348,480,0,0,0,7,31
qwen3-4b-keep4-s42,qwen3-4b-keep4-s42:348:2,348,473,0,0,0,3,31
qwen3-4b-keep4-s42,qwen3-4b-keep4-s42:348:3,348,359,0,0,0,8,31
qwen3-4b-keep4-s42,qwen3-4b-keep4-s42:348:4,348,10,0,0,0,12,31
qwen3-4b-keep4-s42,qwen3-4b-keep4-s42:348:5,348,0,0,0,0,14,31
qwen3-4b-keep4-s42,qwen3-4b-keep4-s42:348:7,348,412,0,0,0,7,31
qwen3-4b-keep4-s42,qwen3-4b-keep4-s42:349:3,349,0,0,0,0,10,38
qwen3-4b-keep4-s42,qwen3-4b-keep4-s42:353:0,353,341,0,0,0,14,26
qwen3-4b-keep4-s42,qwen3-4b-keep4-s42:353:1,353,258,0,0,0,14,26
qwen3-4b-keep4-s42,qwen3-4b-keep4-s42:353:2,353,225,0,0,0,14,26
qwen3-4b-keep4-s42,qwen3-4b-keep4-s42:353:3,353,341,0,0,0,13,26
qwen3-4b-keep4-s42,qwen3-4b-keep4-s42:353:4,353,341,0,0,0,13,26
qwen3-4b-keep4-s42,qwen3-4b-keep4-s42:353:5,353,319,0,0,0,10,26
qwen3-4b-keep4-s42,qwen3-4b-keep4-s42:353:6,353,0,0,0,0,14,26
qwen3-4b-keep4-s42,qwen3-4b-keep4-s42:353:7,353,324,0,0,0,14,26
qwen3-4b-keep4-s42,qwen3-4b-keep4-s42:354:2,354,337,0,0,0,7,37
qwen3-4b-keep4-s42,qwen3-4b-keep4-s42:354:5,354,6,0,0,0,18,37
qwen3-4b-keep4-s42,qwen3-4b-keep4-s42:354:6,354,411,0,0,0,17,37
qwen3-4b-keep4-s42,qwen3-4b-keep4-s42:354:7,354,363,0,0,0,9,37
qwen3-4b-keep4-s42,qwen3-4b-keep4-s42:355:0,355,498,0,0,0,10,56
qwen3-4b-keep4-s42,qwen3-4b-keep4-s42:355:1,355,26,0,0,0,20,56
qwen3-4b-keep4-s42,qwen3-4b-keep4-s42:355:2,355,434,0,0,0,10,56
qwen3-4b-keep4-s42,qwen3-4b-keep4-s42:355:3,355,464,0,0,0,12,56
qwen3-4b-keep4-s42,qwen3-4b-keep4-s42:355:5,355,414,0,0,0,13,56
qwen3-4b-keep4-s42,qwen3-4b-keep4-s42:355:6,355,111,0,0,0,9,56
qwen3-4b-keep4-s42,qwen3-4b-keep4-s42:355:7,355,480,0,0,0,14,56
qwen3-4b-keep4-s42,qwen3-4b-keep4-s42:356:0,356,326,0,0,0,16,58
qwen3-4b-keep4-s42,qwen3-4b-keep4-s42:356:3,356,411,0,0,0,14,58
qwen3-4b-keep4-s42,qwen3-4b-keep4-s42:356:4,356,357,0,0,0,12,58
qwen3-4b-keep4-s42,qwen3-4b-keep4-s42:356:7,356,391,2,0,0,11,58
qwen3-4b-keep4-s42,qwen3-4b-keep4-s42:358:2,358,22,0,0,0,10,31
qwen3-4b-keep4-s42,qwen3-4b-keep4-s42:358:3,358,514,0,0,0,8,31
qwen3-4b-keep4-s42,qwen3-4b-keep4-s42:359:5,359,8,0,0,0,7,23
qwen3-4b-keep4-s42,qwen3-4b-keep4-s42:363:4,363,419,0,0,0,35,73
qwen3-4b-keep4-s42,qwen3-4b-keep4-s42:365:4,365,504,0,0,0,23,34
qwen3-4b-keep4-s42,qwen3-4b-keep4-s42:366:4,366,439,0,0,0,18,48
qwen3-4b-keep4-s42,qwen3-4b-keep4-s42:369:0,369,457,0,0,0,6,36
qwen3-4b-keep4-s42,qwen3-4b-keep4-s42:369:1,369,455,0,0,0,10,36
qwen3-4b-keep4-s42,qwen3-4b-keep4-s42:369:2,369,434,0,0,0,3,36
qwen3-4b-keep4-s42,qwen3-4b-keep4-s42:369:3,369,58,2,0,0,4,36
qwen3-4b-keep4-s42,qwen3-4b-keep4-s42:369:4,369,438,0,0,0,9,36
qwen3-4b-keep4-s42,qwen3-4b-keep4-s42:369:5,369,436,0,0,0,1,36
qwen3-4b-keep4-s42,qwen3-4b-keep4-s42:369:6,369,362,0,0,0,8,36
qwen3-4b-keep4-s42,qwen3-4b-keep4-s42:369:7,369,469,0,0,0,5,36
qwen3-4b-keep4-s42,qwen3-4b-keep4-s42:370:0,370,0,0,0,0,12,32
qwen3-4b-keep4-s42,qwen3-4b-keep4-s42:370:1,370,39,0,0,0,8,32
qwen3-4b-keep4-s42,qwen3-4b-keep4-s42:370:3,370,1,0,0,0,8,32
qwen3-4b-keep4-s42,qwen3-4b-keep4-s42:370:5,370,2,0,0,0,9,32
qwen3-4b-keep4-s42,qwen3-4b-keep4-s42:371:4,371,448,0,0,0,10,29
qwen3-4b-keep4-s42,qwen3-4b-keep4-s42:373:6,373,0,0,0,0,30,53
qwen3-4b-keep4-s42,qwen3-4b-keep4-s42:374:0,374,544,0,0,0,6,21
qwen3-4b-keep4-s42,qwen3-4b-keep4-s42:374:2,374,342,0,0,0,1,21
qwen3-4b-keep4-s42,qwen3-4b-keep4-s42:374:3,374,497,0,0,0,3,21
qwen3-4b-keep4-s42,qwen3-4b-keep4-s42:374:6,374,419,0,0,0,1,21
qwen3-4b-keep4-s42,qwen3-4b-keep4-s42:374:7,374,335,0,0,0,2,21
qwen3-4b-keep4-s42,qwen3-4b-keep4-s42:375:0,375,442,0,0,0,4,41
qwen3-4b-keep4-s42,qwen3-4b-keep4-s42:375:4,375,0,0,0,0,6,41
qwen3-4b-keep4-s42,qwen3-4b-keep4-s42:375:5,375,383,0,0,0,17,41
qwen3-4b-keep4-s42,qwen3-4b-keep4-s42:375:7,375,451,0,0,0,9,41
qwen3-4b-keep4-s42,qwen3-4b-keep4-s42:376:0,376,120,0,0,0,5,69
qwen3-4b-keep4-s42,qwen3-4b-keep4-s42:376:1,376,478,0,0,0,20,69
qwen3-4b-keep4-s42,qwen3-4b-keep4-s42:376:2,376,21,0,0,0,11,69
qwen3-4b-keep4-s42,qwen3-4b-keep4-s42:376:3,376,6,0,0,0,11,69
qwen3-4b-keep4-s42,qwen3-4b-keep4-s42:376:4,376,24,0,0,0,17,69
qwen3-4b-keep4-s42,qwen3-4b-keep4-s42:376:5,376,535,0,0,0,11,69
qwen3-4b-keep4-s42,qwen3-4b-keep4-s42:376:6,376,456,0,0,0,16,69
qwen3-4b-keep4-s42,qwen3-4b-keep4-s42:376:7,376,422,0,0,0,13,69
qwen3-4b-keep4-s42,qwen3-4b-keep4-s42:377:0,377,265,0,0,0,26,70
qwen3-4b-keep4-s42,qwen3-4b-keep4-s42:377:1,377,409,0,0,0,21,70
qwen3-4b-keep4-s42,qwen3-4b-keep4-s42:377:2,377,11,0,0,0,31,70
qwen3-4b-keep4-s42,qwen3-4b-keep4-s42:377:3,377,4,0,0,0,24,70
qwen3-4b-keep4-s42,qwen3-4b-keep4-s42:377:4,377,149,0,0,0,21,70
qwen3-4b-keep4-s42,qwen3-4b-keep4-s42:378:1,378,4,0,0,0,23,44
qwen3-4b-keep4-s42,qwen3-4b-keep4-s42:378:2,378,402,0,0,0,18,44
qwen3-4b-keep4-s42,qwen3-4b-keep4-s42:378:3,378,5,0,0,0,24,44
qwen3-4b-keep4-s42,qwen3-4b-keep4-s42:378:4,378,372,0,0,0,27,44
qwen3-4b-keep4-s42,qwen3-4b-keep4-s42:378:5,378,0,0,0,0,23,44
qwen3-4b-keep4-s42,qwen3-4b-keep4-s42:378:6,378,74,0,0,0,24,44
qwen3-4b-keep4-s42,qwen3-4b-keep4-s42:378:7,378,487,0,0,0,23,44
qwen3-4b-keep4-s42,qwen3-4b-keep4-s42:380:0,380,473,0,0,0,10,61
qwen3-4b-keep4-s42,qwen3-4b-keep4-s42:380:1,380,500,0,0,0,6,61
qwen3-4b-keep4-s42,qwen3-4b-keep4-s42:380:6,380,424,0,0,0,7,61
qwen3-4b-keep4-s42,qwen3-4b-keep4-s42:381:4,381,441,0,0,0,17,73
qwen3-4b-keep4-s42,qwen3-4b-keep4-s42:382:0,382,343,0,0,0,18,45
qwen3-4b-keep4-s42,qwen3-4b-keep4-s42:383:4,383,20,0,0,0,1,25
qwen3-4b-keep4-s42,qwen3-4b-keep4-s42:384:0,384,29,0,0,0,21,48
qwen3-4b-keep4-s42,qwen3-4b-keep4-s42:384:3,384,3,0,0,0,20,48
qwen3-4b-keep4-s42,qwen3-4b-keep4-s42:387:1,387,312,0,0,0,2,17
qwen3-4b-keep4-s42,qwen3-4b-keep4-s42:387:3,387,15,0,0,0,2,17
qwen3-4b-keep4-s42,qwen3-4b-keep4-s42:387:6,387,114,0,0,0,2,17
qwen3-4b-keep4-s42,qwen3-4b-keep4-s42:388:1,388,9,0,0,0,9,35
qwen3-4b-keep4-s42,qwen3-4b-keep4-s42:388:3,388,496,0,0,0,10,35
qwen3-4b-keep4-s42,qwen3-4b-keep4-s42:388:4,388,268,0,0,0,9,35
qwen3-4b-keep4-s42,qwen3-4b-keep4-s42:388:5,388,383,0,0,0,7,35
qwen3-4b-keep4-s42,qwen3-4b-keep4-s42:388:6,388,530,0,0,0,11,35
qwen3-4b-keep4-s42,qwen3-4b-keep4-s42:388:7,388,508,0,0,0,10,35
qwen3-4b-keep4-s42,qwen3-4b-keep4-s42:389:3,389,0,0,0,0,18,63
qwen3-4b-keep4-s42,qwen3-4b-keep4-s42:389:4,389,2,0,0,0,12,63
qwen3-4b-keep4-s42,qwen3-4b-keep4-s42:390:2,390,50,39,0,1,13,115
qwen3-4b-keep4-s42,qwen3-4b-keep4-s42:390:5,390,293,0,0,0,9,115
qwen3-4b-keep4-s42,qwen3-4b-keep4-s42:391:0,391,503,0,0,0,5,61
qwen3-4b-keep4-s42,qwen3-4b-keep4-s42:391:2,391,119,60,0,0,5,61
qwen3-4b-keep4-s42,qwen3-4b-keep4-s42:391:4,391,22,0,0,0,6,61
qwen3-4b-keep4-s42,qwen3-4b-keep4-s42:391:6,391,523,0,0,0,9,61
qwen3-4b-keep4-s42,qwen3-4b-keep4-s42:391:7,391,415,0,0,0,11,61
qwen3-4b-keep4-s42,qwen3-4b-keep4-s42:392:3,392,490,0,0,0,16,37
qwen3-4b-keep4-s42,qwen3-4b-keep4-s42:392:4,392,0,0,0,0,13,37
qwen3-4b-keep4-s42,qwen3-4b-keep4-s42:393:0,393,14,0,0,0,23,89
qwen3-4b-keep4-s42,qwen3-4b-keep4-s42:393:1,393,406,0,0,0,15,89
qwen3-4b-keep4-s42,qwen3-4b-keep4-s42:393:6,393,48,0,0,0,28,89
qwen3-4b-keep4-s42,qwen3-4b-keep4-s42:395:2,395,400,0,0,0,2,19
qwen3-4b-keep4-s42,qwen3-4b-keep4-s42:395:4,395,3,0,0,0,2,19
qwen3-4b-keep4-s42,qwen3-4b-keep4-s42:395:6,395,414,0,0,0,1,19
qwen3-4b-keep4-s42,qwen3-4b-keep4-s42:395:7,395,17,0,0,0,2,19
qwen3-4b-keep4-s42,qwen3-4b-keep4-s42:396:1,396,1,0,0,0,30,78
qwen3-4b-keep4-s42,qwen3-4b-keep4-s42:396:4,396,4,0,0,0,23,78
qwen3-4b-keep4-s42,qwen3-4b-keep4-s42:396:7,396,478,0,0,0,18,78
qwen3-4b-keep4-s42,qwen3-4b-keep4-s42:398:1,398,28,0,0,0,22,55
qwen3-4b-keep4-s42,qwen3-4b-keep4-s42:398:2,398,65,0,0,0,24,55
qwen3-4b-keep4-s42,qwen3-4b-keep4-s42:399:0,399,3,0,0,0,7,42
qwen3-4b-keep4-s42,qwen3-4b-keep4-s42:399:1,399,471,0,0,0,6,42
qwen3-4b-keep4-s42,qwen3-4b-keep4-s42:399:2,399,422,0,0,0,3,42
qwen3-4b-keep4-s42,qwen3-4b-keep4-s42:399:3,399,364,0,0,0,3,42
qwen3-4b-keep4-s42,qwen3-4b-keep4-s42:399:4,399,0,0,0,0,5,42
qwen3-4b-keep4-s42,qwen3-4b-keep4-s42:399:5,399,404,0,0,0,4,42
qwen3-4b-keep4-s42,qwen3-4b-keep4-s42:399:6,399,413,0,0,0,6,42
qwen3-4b-keep4-s42,qwen3-4b-keep4-s42:399:7,399,427,0,0,0,4,42
qwen3-4b-keep4-s42,qwen3-4b-keep4-s42:400:2,400,0,0,0,0,8,43
qwen3-4b-keep4-s42,qwen3-4b-keep4-s42:400:6,400,22,7,0,2,12,43
qwen3-4b-keep4-s42,qwen3-4b-keep4-s42:401:1,401,401,0,0,0,7,14
qwen3-4b-keep4-s42,qwen3-4b-keep4-s42:401:3,401,374,0,0,0,5,14
qwen3-4b-keep4-s42,qwen3-4b-keep4-s42:401:6,401,458,0,0,0,7,14
qwen3-4b-keep4-s42,qwen3-4b-keep4-s42:403:0,403,436,0,0,0,4,19
qwen3-4b-keep4-s42,qwen3-4b-keep4-s42:403:2,403,473,0,0,0,4,19
qwen3-4b-keep4-s42,qwen3-4b-keep4-s42:403:3,403,424,0,0,0,14,19
qwen3-4b-keep4-s42,qwen3-4b-keep4-s42:403:4,403,508,0,0,0,9,19
qwen3-4b-keep4-s42,qwen3-4b-keep4-s42:404:4,404,425,0,0,0,0,15
qwen3-4b-keep4-s42,qwen3-4b-keep4-s42:405:0,405,461,0,0,0,11,31
qwen3-4b-keep4-s42,qwen3-4b-keep4-s42:405:1,405,472,0,0,0,10,31
qwen3-4b-keep4-s42,qwen3-4b-keep4-s42:405:2,405,447,0,0,0,10,31
qwen3-4b-keep4-s42,qwen3-4b-keep4-s42:405:5,405,513,0,0,0,10,31
qwen3-4b-keep4-s42,qwen3-4b-keep4-s42:405:6,405,435,0,0,0,8,31
qwen3-4b-keep4-s42,qwen3-4b-keep4-s42:405:7,405,347,0,0,0,12,31
qwen3-4b-keep4-s42,qwen3-4b-keep4-s42:408:5,408,438,0,0,0,30,62
qwen3-4b-keep4-s42,qwen3-4b-keep4-s42:409:0,409,13,0,0,0,8,41
qwen3-4b-keep4-s42,qwen3-4b-keep4-s42:409:1,409,57,0,0,0,7,41
qwen3-4b-keep4-s42,qwen3-4b-keep4-s42:409:2,409,239,0,0,0,6,41
qwen3-4b-keep4-s42,qwen3-4b-keep4-s42:409:4,409,390,0,0,0,6,41
qwen3-4b-keep4-s42,qwen3-4b-keep4-s42:409:5,409,2,0,0,0,6,41
qwen3-4b-keep4-s42,qwen3-4b-keep4-s42:410:2,410,0,0,0,0,21,49
qwen3-4b-keep4-s42,qwen3-4b-keep4-s42:412:0,412,430,0,0,0,15,34
qwen3-4b-keep4-s42,qwen3-4b-keep4-s42:412:2,412,0,0,0,0,15,34
qwen3-4b-keep4-s42,qwen3-4b-keep4-s42:412:3,412,7,0,0,0,11,34
qwen3-4b-keep4-s42,qwen3-4b-keep4-s42:412:4,412,570,0,0,0,12,34
qwen3-4b-keep4-s42,qwen3-4b-keep4-s42:412:5,412,471,0,0,0,13,34
qwen3-4b-keep4-s42,qwen3-4b-keep4-s42:412:6,412,468,0,0,0,9,34
qwen3-4b-keep4-s42,qwen3-4b-keep4-s42:412:7,412,432,0,0,0,7,34
qwen3-4b-keep4-s42,qwen3-4b-keep4-s42:416:7,416,387,0,0,0,44,76
qwen3-4b-keep4-s42,qwen3-4b-keep4-s42:417:4,417,281,0,0,0,8,33
qwen3-4b-keep4-s42,qwen3-4b-keep4-s42:418:0,418,59,15,0,0,8,31
qwen3-4b-keep4-s42,qwen3-4b-keep4-s42:418:6,418,414,0,0,0,9,31
qwen3-4b-keep4-s42,qwen3-4b-keep4-s42:418:7,418,308,0,0,0,9,31
qwen3-4b-keep4-s42,qwen3-4b-keep4-s42:420:1,420,0,0,0,0,43,77
qwen3-4b-keep4-s42,qwen3-4b-keep4-s42:420:6,420,251,0,0,0,20,77
qwen3-4b-keep4-s42,qwen3-4b-keep4-s42:421:5,421,217,0,0,0,22,47
qwen3-4b-keep4-s42,qwen3-4b-keep4-s42:421:6,421,498,0,0,0,18,47
qwen3-4b-keep4-s42,qwen3-4b-keep4-s42:423:7,423,1,0,0,0,22,74
qwen3-4b-keep4-s42,qwen3-4b-keep4-s42:424:4,424,380,0,0,0,10,83
qwen3-4b-keep4-s42,qwen3-4b-keep4-s42:424:6,424,1,0,0,0,16,83
qwen3-4b-keep4-s42,qwen3-4b-keep4-s42:424:7,424,32,0,0,0,12,83
qwen3-4b-keep4-s42,qwen3-4b-keep4-s42:425:0,425,616,0,0,0,14,40
qwen3-4b-keep4-s42,qwen3-4b-keep4-s42:425:1,425,593,0,0,0,13,40
qwen3-4b-keep4-s42,qwen3-4b-keep4-s42:425:2,425,10,0,0,0,18,40
qwen3-4b-keep4-s42,qwen3-4b-keep4-s42:425:3,425,379,0,0,0,13,40
qwen3-4b-keep4-s42,qwen3-4b-keep4-s42:425:4,425,453,0,0,0,8,40
qwen3-4b-keep4-s42,qwen3-4b-keep4-s42:425:5,425,435,0,0,0,10,40
qwen3-4b-keep4-s42,qwen3-4b-keep4-s42:425:6,425,536,0,0,0,5,40
qwen3-4b-keep4-s42,qwen3-4b-keep4-s42:425:7,425,515,0,0,0,14,40
qwen3-4b-keep4-s42,qwen3-4b-keep4-s42:426:2,426,21,0,0,0,12,54
qwen3-4b-keep4-s42,qwen3-4b-keep4-s42:426:4,426,442,0,0,0,8,54
qwen3-4b-keep4-s42,qwen3-4b-keep4-s42:426:7,426,15,0,0,0,9,54
qwen3-4b-keep4-s42,qwen3-4b-keep4-s42:427:1,427,21,0,0,0,34,74
qwen3-4b-keep4-s42,qwen3-4b-keep4-s42:427:3,427,12,0,0,0,29,74
qwen3-4b-keep4-s42,qwen3-4b-keep4-s42:427:4,427,420,0,0,0,31,74
qwen3-4b-keep4-s42,qwen3-4b-keep4-s42:428:4,428,1,0,0,0,15,34
qwen3-4b-keep4-s42,qwen3-4b-keep4-s42:431:0,431,7,0,0,0,7,53
qwen3-4b-keep4-s42,qwen3-4b-keep4-s42:431:1,431,467,0,0,0,6,53
qwen3-4b-keep4-s42,qwen3-4b-keep4-s42:431:2,431,2,0,0,0,6,53
qwen3-4b-keep4-s42,qwen3-4b-keep4-s42:431:6,431,428,0,0,0,4,53
qwen3-4b-keep4-s42,qwen3-4b-keep4-s42:431:7,431,43,0,0,0,7,53
qwen3-4b-keep4-s42,qwen3-4b-keep4-s42:432:0,432,470,0,0,0,11,46
qwen3-4b-keep4-s42,qwen3-4b-keep4-s42:432:1,432,530,0,0,0,6,46
qwen3-4b-keep4-s42,qwen3-4b-keep4-s42:432:2,432,537,0,0,0,7,46
qwen3-4b-keep4-s42,qwen3-4b-keep4-s42:432:3,432,449,0,0,0,6,46
qwen3-4b-keep4-s42,qwen3-4b-keep4-s42:432:4,432,426,0,0,0,5,46
qwen3-4b-keep4-s42,qwen3-4b-keep4-s42:432:5,432,383,0,0,0,10,46
qwen3-4b-keep4-s42,qwen3-4b-keep4-s42:432:6,432,474,0,0,0,11,46
qwen3-4b-keep4-s42,qwen3-4b-keep4-s42:432:7,432,432,0,0,0,8,46
qwen3-4b-keep4-s42,qwen3-4b-keep4-s42:433:0,433,27,0,0,0,7,52
qwen3-4b-keep4-s42,qwen3-4b-keep4-s42:433:3,433,380,0,0,0,16,52
qwen3-4b-keep4-s42,qwen3-4b-keep4-s42:433:5,433,0,0,0,0,18,52
qwen3-4b-keep4-s42,qwen3-4b-keep4-s42:433:7,433,50,15,0,0,26,52
qwen3-4b-keep4-s42,qwen3-4b-keep4-s42:434:1,434,435,0,0,0,9,52
qwen3-4b-keep4-s42,qwen3-4b-keep4-s42:434:4,434,10,0,0,0,12,52
qwen3-4b-keep4-s42,qwen3-4b-keep4-s42:435:1,435,520,0,0,0,17,47
qwen3-4b-keep4-s42,qwen3-4b-keep4-s42:435:4,435,440,0,0,0,20,47
qwen3-4b-keep4-s42,qwen3-4b-keep4-s42:435:5,435,4,0,0,0,20,47
qwen3-4b-keep4-s42,qwen3-4b-keep4-s42:435:7,435,536,0,0,0,20,47
qwen3-4b-keep4-s42,qwen3-4b-keep4-s42:436:4,436,430,0,0,0,18,37
qwen3-4b-keep4-s42,qwen3-4b-keep4-s42:438:1,438,335,0,0,0,28,86
qwen3-4b-keep4-s42,qwen3-4b-keep4-s42:441:4,441,308,0,0,0,25,83
qwen3-4b-keep4-s42,qwen3-4b-keep4-s42:443:1,443,1,0,0,0,14,43
qwen3-4b-keep4-s42,qwen3-4b-keep4-s42:443:5,443,1,0,0,0,11,43
qwen3-4b-keep4-s42,qwen3-4b-keep4-s42:443:6,443,0,0,0,0,12,43
qwen3-4b-keep4-s42,qwen3-4b-keep4-s42:444:5,444,495,0,0,0,4,25
qwen3-4b-keep4-s42,qwen3-4b-keep4-s42:445:5,445,19,0,0,0,39,75
qwen3-4b-keep4-s42,qwen3-4b-keep4-s42:445:7,445,0,0,0,0,34,75
qwen3-4b-keep4-s42,qwen3-4b-keep4-s42:446:4,446,7,0,0,0,19,33
qwen3-4b-keep4-s42,qwen3-4b-keep4-s42:446:6,446,42,0,0,0,19,33
qwen3-4b-keep4-s42,qwen3-4b-keep4-s42:447:4,447,373,0,0,0,27,34
qwen3-4b-keep4-s42,qwen3-4b-keep4-s42:447:6,447,1,0,0,0,26,34
qwen3-4b-keep4-s42,qwen3-4b-keep4-s42:448:1,448,311,0,0,0,16,52
qwen3-4b-keep4-s42,qwen3-4b-keep4-s42:448:3,448,1,0,0,0,17,52
qwen3-4b-keep4-s42,qwen3-4b-keep4-s42:449:2,449,332,0,0,0,11,38
qwen3-4b-keep4-s42,qwen3-4b-keep4-s42:449:4,449,515,0,0,0,7,38
qwen3-4b-keep4-s42,qwen3-4b-keep4-s42:451:2,451,545,0,0,0,22,68
qwen3-4b-keep4-s42,qwen3-4b-keep4-s42:451:6,451,464,0,0,0,20,68
qwen3-4b-keep4-s42,qwen3-4b-keep4-s42:453:6,453,10,0,0,0,43,57
qwen3-4b-keep4-s42,qwen3-4b-keep4-s42:454:0,454,13,0,0,0,8,61
qwen3-4b-keep4-s42,qwen3-4b-keep4-s42:454:3,454,67,0,0,0,6,61
qwen3-4b-keep4-s42,qwen3-4b-keep4-s42:454:5,454,422,0,0,0,9,61
qwen3-4b-keep4-s42,qwen3-4b-keep4-s42:455:5,455,15,0,0,0,27,60
qwen3-4b-keep4-s42,qwen3-4b-keep4-s42:456:0,456,593,0,0,0,4,17
qwen3-4b-keep4-s42,qwen3-4b-keep4-s42:456:2,456,514,0,0,0,5,17
qwen3-4b-keep4-s42,qwen3-4b-keep4-s42:456:3,456,556,0,0,0,2,17
qwen3-4b-keep4-s42,qwen3-4b-keep4-s42:456:4,456,556,0,0,0,4,17
qwen3-4b-keep4-s42,qwen3-4b-keep4-s42:456:5,456,544,0,0,0,4,17
qwen3-4b-keep4-s42,qwen3-4b-keep4-s42:456:7,456,16,0,0,0,4,17
qwen3-4b-keep4-s42,qwen3-4b-keep4-s42:457:1,457,321,0,0,0,4,33
qwen3-4b-keep4-s42,qwen3-4b-keep4-s42:457:3,457,262,0,0,0,6,33
qwen3-4b-keep4-s42,qwen3-4b-keep4-s42:457:6,457,4,0,0,0,6,33
qwen3-4b-keep4-s42,qwen3-4b-keep4-s42:458:2,458,374,0,0,0,10,34
qwen3-4b-keep4-s42,qwen3-4b-keep4-s42:458:4,458,6,0,0,0,10,34
qwen3-4b-keep4-s42,qwen3-4b-keep4-s42:459:0,459,439,0,0,0,16,68
qwen3-4b-keep4-s42,qwen3-4b-keep4-s42:459:1,459,446,0,0,0,8,68
qwen3-4b-keep4-s42,qwen3-4b-keep4-s42:459:2,459,314,0,0,0,10,68
qwen3-4b-keep4-s42,qwen3-4b-keep4-s42:459:3,459,499,0,0,0,14,68
qwen3-4b-keep4-s42,qwen3-4b-keep4-s42:459:5,459,6,0,0,0,8,68
qwen3-4b-keep4-s42,qwen3-4b-keep4-s42:459:6,459,329,0,0,0,9,68
qwen3-4b-keep4-s42,qwen3-4b-keep4-s42:459:7,459,521,0,0,0,8,68
qwen3-4b-keep4-s42,qwen3-4b-keep4-s42:460:0,460,381,0,0,0,14,72
qwen3-4b-keep4-s42,qwen3-4b-keep4-s42:460:1,460,331,0,0,0,13,72
qwen3-4b-keep4-s42,qwen3-4b-keep4-s42:460:2,460,3,0,0,0,13,72
qwen3-4b-keep4-s42,qwen3-4b-keep4-s42:460:3,460,264,0,0,0,13,72
qwen3-4b-keep4-s42,qwen3-4b-keep4-s42:460:4,460,372,0,0,0,14,72
qwen3-4b-keep4-s42,qwen3-4b-keep4-s42:460:5,460,229,0,0,0,11,72
qwen3-4b-keep4-s42,qwen3-4b-keep4-s42:460:6,460,459,0,0,0,12,72
qwen3-4b-keep4-s42,qwen3-4b-keep4-s42:460:7,460,101,81,0,1,15,72
qwen3-4b-keep4-s42,qwen3-4b-keep4-s42:461:3,461,532,0,0,0,16,63
qwen3-4b-keep4-s42,qwen3-4b-keep4-s42:463:1,463,27,0,0,0,6,30
qwen3-4b-keep4-s42,qwen3-4b-keep4-s42:463:2,463,18,0,0,0,18,30
qwen3-4b-keep4-s42,qwen3-4b-keep4-s42:463:5,463,526,0,0,0,8,30
qwen3-4b-keep4-s42,qwen3-4b-keep4-s42:463:7,463,446,20,0,0,7,30
qwen3-4b-keep4-s42,qwen3-4b-keep4-s42:464:0,464,444,0,0,0,0,9
qwen3-4b-keep4-s42,qwen3-4b-keep4-s42:464:1,464,371,0,0,0,0,9
qwen3-4b-keep4-s42,qwen3-4b-keep4-s42:464:2,464,435,0,0,0,0,9
qwen3-4b-keep4-s42,qwen3-4b-keep4-s42:464:3,464,472,0,0,0,0,9
qwen3-4b-keep4-s42,qwen3-4b-keep4-s42:464:4,464,447,0,0,0,0,9
qwen3-4b-keep4-s42,qwen3-4b-keep4-s42:464:5,464,511,0,0,0,0,9
qwen3-4b-keep4-s42,qwen3-4b-keep4-s42:464:6,464,251,0,0,0,0,9
qwen3-4b-keep4-s42,qwen3-4b-keep4-s42:464:7,464,348,0,0,0,0,9
qwen3-4b-keep4-s42,qwen3-4b-keep4-s42:465:0,465,403,0,0,0,23,59
qwen3-4b-keep4-s42,qwen3-4b-keep4-s42:465:4,465,356,0,0,0,24,59
qwen3-4b-keep4-s42,qwen3-4b-keep4-s42:465:7,465,52,0,0,0,17,59
qwen3-4b-keep4-s42,qwen3-4b-keep4-s42:466:1,466,438,0,0,0,12,53
qwen3-4b-keep4-s42,qwen3-4b-keep4-s42:466:7,466,288,0,0,0,13,53
qwen3-4b-keep4-s42,qwen3-4b-keep4-s42:467:3,467,353,0,0,0,10,31
qwen3-4b-keep4-s42,qwen3-4b-keep4-s42:467:4,467,392,0,0,0,5,31
qwen3-4b-keep4-s42,qwen3-4b-keep4-s42:467:5,467,273,0,0,0,15,31
qwen3-4b-keep4-s42,qwen3-4b-keep4-s42:469:4,469,359,0,0,0,29,97
qwen3-4b-keep4-s42,qwen3-4b-keep4-s42:471:2,471,400,0,0,0,4,39
qwen3-4b-keep4-s42,qwen3-4b-keep4-s42:471:4,471,0,0,0,0,10,39
qwen3-4b-keep4-s42,qwen3-4b-keep4-s42:471:5,471,540,0,0,0,3,39
qwen3-4b-keep4-s42,qwen3-4b-keep4-s42:472:0,472,243,0,0,0,17,61
qwen3-4b-keep4-s42,qwen3-4b-keep4-s42:472:1,472,242,0,0,0,16,61
qwen3-4b-keep4-s42,qwen3-4b-keep4-s42:472:2,472,285,0,0,0,6,61
qwen3-4b-keep4-s42,qwen3-4b-keep4-s42:472:3,472,297,0,0,0,8,61
qwen3-4b-keep4-s42,qwen3-4b-keep4-s42:472:6,472,262,0,0,0,6,61
qwen3-4b-keep4-s42,qwen3-4b-keep4-s42:472:7,472,301,0,0,0,6,61
qwen3-4b-keep4-s42,qwen3-4b-keep4-s42:473:1,473,419,0,0,0,18,42
qwen3-4b-keep4-s42,qwen3-4b-keep4-s42:473:5,473,401,0,0,0,17,42
qwen3-4b-keep4-s42,qwen3-4b-keep4-s42:473:7,473,428,0,0,0,14,42
qwen3-4b-keep4-s42,qwen3-4b-keep4-s42:474:1,474,465,0,0,0,9,48
qwen3-4b-keep4-s42,qwen3-4b-keep4-s42:475:0,475,375,0,0,0,2,27
qwen3-4b-keep4-s42,qwen3-4b-keep4-s42:475:2,475,6,0,0,0,9,27
qwen3-4b-keep4-s42,qwen3-4b-keep4-s42:475:3,475,388,0,0,0,11,27
qwen3-4b-keep4-s42,qwen3-4b-keep4-s42:475:4,475,270,0,0,0,11,27
qwen3-4b-keep4-s42,qwen3-4b-keep4-s42:475:5,475,360,0,0,0,8,27
qwen3-4b-keep4-s42,qwen3-4b-keep4-s42:475:6,475,443,0,0,0,5,27
qwen3-4b-keep4-s42,qwen3-4b-keep4-s42:475:7,475,35,0,0,0,4,27
qwen3-4b-keep4-s42,qwen3-4b-keep4-s42:476:0,476,457,0,0,0,12,25
qwen3-4b-keep4-s42,qwen3-4b-keep4-s42:477:3,477,11,0,0,0,10,38
qwen3-4b-keep4-s42,qwen3-4b-keep4-s42:479:1,479,409,0,0,0,18,53
qwen3-4b-keep4-s42,qwen3-4b-keep4-s42:479:4,479,382,0,0,0,11,53
qwen3-4b-keep4-s42,qwen3-4b-keep4-s42:479:5,479,410,0,0,0,10,53
qwen3-4b-keep4-s42,qwen3-4b-keep4-s42:479:6,479,390,0,0,0,8,53
qwen3-4b-keep4-s42,qwen3-4b-keep4-s42:479:7,479,504,0,0,0,14,53
qwen3-4b-keep4-s42,qwen3-4b-keep4-s42:482:0,482,285,0,0,0,10,72
qwen3-4b-keep4-s42,qwen3-4b-keep4-s42:482:6,482,376,0,0,0,21,72
qwen3-4b-keep4-s42,qwen3-4b-keep4-s42:483:0,483,539,0,0,0,4,46
qwen3-4b-keep4-s42,qwen3-4b-keep4-s42:483:4,483,535,0,0,0,9,46
qwen3-4b-keep4-s42,qwen3-4b-keep4-s42:483:5,483,476,0,0,0,15,46
qwen3-4b-keep4-s42,qwen3-4b-keep4-s42:483:7,483,21,0,0,0,10,46
qwen3-4b-keep4-s42,qwen3-4b-keep4-s42:484:6,484,496,0,0,0,13,55
qwen3-4b-keep4-s42,qwen3-4b-keep4-s42:485:0,485,13,0,0,0,11,68
qwen3-4b-keep4-s42,qwen3-4b-keep4-s42:485:2,485,34,0,0,0,10,68
qwen3-4b-keep4-s42,qwen3-4b-keep4-s42:486:0,486,11,0,0,0,30,78
qwen3-4b-keep4-s42,qwen3-4b-keep4-s42:486:1,486,470,0,0,0,14,78
qwen3-4b-keep4-s42,qwen3-4b-keep4-s42:486:2,486,369,0,0,0,19,78
qwen3-4b-keep4-s42,qwen3-4b-keep4-s42:486:6,486,335,0,0,0,27,78
qwen3-4b-keep4-s42,qwen3-4b-keep4-s42:486:7,486,11,0,0,0,32,78
qwen3-4b-keep4-s42,qwen3-4b-keep4-s42:488:3,488,142,0,0,0,23,66
qwen3-4b-keep4-s42,qwen3-4b-keep4-s42:488:4,488,24,0,0,0,23,66
qwen3-4b-keep4-s42,qwen3-4b-keep4-s42:488:5,488,172,0,0,0,28,66
qwen3-4b-keep4-s42,qwen3-4b-keep4-s42:488:6,488,1,0,0,0,19,66
qwen3-4b-keep4-s42,qwen3-4b-keep4-s42:488:7,488,96,0,0,0,25,66
qwen3-4b-keep4-s42,qwen3-4b-keep4-s42:489:0,489,0,0,0,0,12,59
qwen3-4b-keep4-s42,qwen3-4b-keep4-s42:489:2,489,454,0,0,0,10,59
qwen3-4b-keep4-s42,qwen3-4b-keep4-s42:489:3,489,57,44,0,0,0,59
qwen3-4b-keep4-s42,qwen3-4b-keep4-s42:489:4,489,482,0,0,0,7,59
qwen3-4b-keep4-s42,qwen3-4b-keep4-s42:489:5,489,492,0,0,0,8,59
qwen3-4b-keep4-s42,qwen3-4b-keep4-s42:489:6,489,411,0,0,0,6,59
qwen3-4b-keep4-s42,qwen3-4b-keep4-s42:491:1,491,7,0,0,0,12,39
qwen3-4b-keep4-s42,qwen3-4b-keep4-s42:491:6,491,116,0,0,0,10,39
qwen3-4b-keep4-s42,qwen3-4b-keep4-s42:491:7,491,398,0,0,0,8,39
qwen3-4b-keep4-s42,qwen3-4b-keep4-s42:493:4,493,415,0,0,0,22,50
qwen3-4b-keep4-s42,qwen3-4b-keep4-s42:496:1,496,283,0,0,0,6,61
qwen3-4b-keep4-s42,qwen3-4b-keep4-s42:496:2,496,402,0,0,0,11,61
qwen3-4b-keep4-s42,qwen3-4b-keep4-s42:496:3,496,0,0,0,0,7,61
qwen3-4b-keep4-s42,qwen3-4b-keep4-s42:496:5,496,297,0,0,0,8,61
qwen3-4b-keep4-s42,qwen3-4b-keep4-s42:496:7,496,292,0,0,0,1,61
qwen3-4b-keep4-s42,qwen3-4b-keep4-s42:497:6,497,389,0,0,0,25,71
qwen3-4b-keep4-s42,qwen3-4b-keep4-s42:498:2,498,323,0,0,0,19,101
qwen3-4b-keep4-s42,qwen3-4b-keep4-s42:498:4,498,412,0,0,0,34,101
qwen3-4b-keep4-s42,qwen3-4b-keep4-s42:498:7,498,257,0,0,0,21,101
qwen3-4b-keep4-s42,qwen3-4b-keep4-s42:499:5,499,335,0,0,0,17,47
qwen3-4b-keep4-s42,qwen3-4b-keep4-s42:499:6,499,262,0,0,0,15,47
qwen3-4b-keep4-s42,qwen3-4b-keep4-s42:502:0,502,393,0,0,0,34,101
qwen3-4b-keep4-s42,qwen3-4b-keep4-s42:505:0,505,553,0,0,0,15,44
qwen3-4b-keep4-s42,qwen3-4b-keep4-s42:505:1,505,586,0,0,0,9,44
qwen3-4b-keep4-s42,qwen3-4b-keep4-s42:505:2,505,568,0,0,0,13,44
qwen3-4b-keep4-s42,qwen3-4b-keep4-s42:505:3,505,568,0,0,0,11,44
qwen3-4b-keep4-s42,qwen3-4b-keep4-s42:505:4,505,479,0,0,0,17,44
qwen3-4b-keep4-s42,qwen3-4b-keep4-s42:505:5,505,578,0,0,0,19,44
qwen3-4b-keep4-s42,qwen3-4b-keep4-s42:505:6,505,535,0,0,0,19,44
qwen3-4b-keep4-s42,qwen3-4b-keep4-s42:505:7,505,72,19,1,5,19,44
qwen3-4b-keep4-s42,qwen3-4b-keep4-s42:506:1,506,14,0,0,0,37,83
qwen3-4b-keep4-s42,qwen3-4b-keep4-s42:506:2,506,0,0,0,0,35,83
qwen3-4b-keep4-s42,qwen3-4b-keep4-s42:506:4,506,386,0,0,0,35,83
qwen3-4b-keep4-s42,qwen3-4b-keep4-s42:506:5,506,342,0,0,0,31,83
qwen3-4b-keep4-s42,qwen3-4b-keep4-s42:506:6,506,362,0,0,0,37,83
qwen3-4b-keep4-s42,qwen3-4b-keep4-s42:506:7,506,7,0,0,0,41,83
qwen3-4b-keep4-s42,qwen3-4b-keep4-s42:507:0,507,553,0,0,0,10,64
qwen3-4b-keep4-s42,qwen3-4b-keep4-s42:507:2,507,451,0,0,0,17,64
qwen3-4b-keep4-s42,qwen3-4b-keep4-s42:507:3,507,9,0,0,0,0,64
qwen3-4b-keep4-s42,qwen3-4b-keep4-s42:507:4,507,56,0,0,0,0,64
qwen3-4b-keep4-s42,qwen3-4b-keep4-s42:507:6,507,8,0,0,0,21,64
qwen3-4b-keep4-s42,qwen3-4b-keep4-s42:508:0,508,379,0,0,0,39,61
qwen3-4b-keep4-s42,qwen3-4b-keep4-s42:508:5,508,414,0,0,0,52,61
qwen3-4b-keep4-s42,qwen3-4b-keep4-s42:509:3,509,486,0,0,0,19,57
qwen3-4b-keep4-s42,qwen3-4b-keep4-s42:510:0,510,294,0,0,0,2,30
qwen3-4b-keep4-s42,qwen3-4b-keep4-s42:510:1,510,0,0,0,0,3,30
qwen3-4b-keep4-s42,qwen3-4b-keep4-s42:510:6,510,351,0,0,0,1,30
qwen3-4b-keep4-s42,qwen3-4b-keep4-s42:510:7,510,186,0,0,0,3,30
qwen3-4b-keep4-s42,qwen3-4b-keep4-s42:511:5,511,0,0,0,0,32,73
qwen3-4b-keep4-s42,qwen3-4b-keep4-s42:512:4,512,6,0,0,0,12,32
qwen3-4b-keep4-s42,qwen3-4b-keep4-s42:512:5,512,557,0,0,0,6,32
qwen3-4b-keep4-s42,qwen3-4b-keep4-s42:512:7,512,470,0,0,0,8,32
qwen3-4b-keep4-s42,qwen3-4b-keep4-s42:513:0,513,122,92,5,11,20,64
qwen3-4b-keep4-s42,qwen3-4b-keep4-s42:513:1,513,296,0,0,0,14,64
qwen3-4b-keep4-s42,qwen3-4b-keep4-s42:513:2,513,286,0,0,0,15,64
qwen3-4b-keep4-s42,qwen3-4b-keep4-s42:513:3,513,312,0,0,0,10,64
qwen3-4b-keep4-s42,qwen3-4b-keep4-s42:513:4,513,447,0,0,0,12,64
qwen3-4b-keep4-s42,qwen3-4b-keep4-s42:513:5,513,184,0,0,0,10,64
qwen3-4b-keep4-s42,qwen3-4b-keep4-s42:513:6,513,285,0,0,0,19,64
qwen3-4b-keep4-s42,qwen3-4b-keep4-s42:514:0,514,290,0,0,0,3,56
qwen3-4b-keep4-s42,qwen3-4b-keep4-s42:514:1,514,238,0,0,0,7,56
qwen3-4b-keep4-s42,qwen3-4b-keep4-s42:514:2,514,305,0,0,0,5,56
qwen3-4b-keep4-s42,qwen3-4b-keep4-s42:514:3,514,405,0,0,0,5,56
qwen3-4b-keep4-s42,qwen3-4b-keep4-s42:514:4,514,329,0,0,0,14,56
qwen3-4b-keep4-s42,qwen3-4b-keep4-s42:514:6,514,24,0,0,0,12,56
qwen3-4b-keep4-s42,qwen3-4b-keep4-s42:514:7,514,337,0,0,0,2,56
qwen3-4b-keep4-s42,qwen3-4b-keep4-s42:515:0,515,7,0,0,0,8,52
qwen3-4b-keep4-s42,qwen3-4b-keep4-s42:515:1,515,3,0,0,0,12,52
qwen3-4b-keep4-s42,qwen3-4b-keep4-s42:515:2,515,530,0,0,0,19,52
qwen3-4b-keep4-s42,qwen3-4b-keep4-s42:515:5,515,585,0,0,0,16,52
qwen3-4b-keep4-s42,qwen3-4b-keep4-s42:516:2,516,404,0,0,0,30,55
qwen3-4b-keep4-s42,qwen3-4b-keep4-s42:517:0,517,16,0,0,0,3,30
qwen3-4b-keep4-s42,qwen3-4b-keep4-s42:517:3,517,462,0,0,0,11,30
qwen3-4b-keep4-s42,qwen3-4b-keep4-s42:517:4,517,44,0,0,0,10,30
qwen3-4b-keep4-s42,qwen3-4b-keep4-s42:517:5,517,4,0,0,0,13,30
qwen3-4b-keep4-s42,qwen3-4b-keep4-s42:519:0,519,284,0,0,0,4,20
qwen3-4b-keep4-s42,qwen3-4b-keep4-s42:519:1,519,400,0,0,0,1,20
qwen3-4b-keep4-s42,qwen3-4b-keep4-s42:519:3,519,237,0,0,0,4,20
qwen3-4b-keep4-s42,qwen3-4b-keep4-s42:519:4,519,348,0,0,0,0,20
qwen3-4b-keep4-s42,qwen3-4b-keep4-s42:519:5,519,16,0,0,0,4,20
qwen3-4b-keep4-s42,qwen3-4b-keep4-s42:519:6,519,382,0,0,0,5,20
qwen3-4b-keep4-s42,qwen3-4b-keep4-s42:519:7,519,384,0,0,0,3,20
qwen3-4b-keep4-s42,qwen3-4b-keep4-s42:520:0,520,378,0,0,0,8,54
qwen3-4b-keep4-s42,qwen3-4b-keep4-s42:520:1,520,288,0,0,0,9,54
qwen3-4b-keep4-s42,qwen3-4b-keep4-s42:520:2,520,270,0,0,0,9,54
qwen3-4b-keep4-s42,qwen3-4b-keep4-s42:520:3,520,332,0,0,0,10,54
qwen3-4b-keep4-s42,qwen3-4b-keep4-s42:520:5,520,335,0,0,0,11,54
qwen3-4b-keep4-s42,qwen3-4b-keep4-s42:520:6,520,0,0,0,0,11,54
qwen3-4b-keep4-s42,qwen3-4b-keep4-s42:520:7,520,287,0,0,0,9,54
qwen3-4b-keep4-s42,qwen3-4b-keep4-s42:521:0,521,383,0,0,0,8,74
qwen3-4b-keep4-s42,qwen3-4b-keep4-s42:521:1,521,21,0,0,0,11,74
qwen3-4b-keep4-s42,qwen3-4b-keep4-s42:521:2,521,492,0,0,0,9,74
qwen3-4b-keep4-s42,qwen3-4b-keep4-s42:521:4,521,36,0,0,0,10,74
qwen3-4b-keep4-s42,qwen3-4b-keep4-s42:521:5,521,303,0,0,0,7,74
qwen3-4b-keep4-s42,qwen3-4b-keep4-s42:521:6,521,512,0,0,0,7,74
qwen3-4b-keep4-s42,qwen3-4b-keep4-s42:521:7,521,241,0,0,0,7,74
qwen3-4b-keep4-s42,qwen3-4b-keep4-s42:522:7,522,0,0,0,0,11,29
qwen3-4b-keep4-s42,qwen3-4b-keep4-s42:524:0,524,416,0,0,0,9,67
qwen3-4b-keep4-s42,qwen3-4b-keep4-s42:524:1,524,344,0,0,0,11,67
qwen3-4b-keep4-s42,qwen3-4b-keep4-s42:524:2,524,402,0,0,0,11,67
qwen3-4b-keep4-s42,qwen3-4b-keep4-s42:524:6,524,35,0,0,0,6,67
qwen3-4b-keep4-s42,qwen3-4b-keep4-s42:525:0,525,485,0,0,0,5,40
qwen3-4b-keep4-s42,qwen3-4b-keep4-s42:525:1,525,376,0,0,0,6,40
qwen3-4b-keep4-s42,qwen3-4b-keep4-s42:525:2,525,361,0,0,0,7,40
qwen3-4b-keep4-s42,qwen3-4b-keep4-s42:525:3,525,474,0,0,0,8,40
qwen3-4b-keep4-s42,qwen3-4b-keep4-s42:525:4,525,413,0,0,0,7,40
qwen3-4b-keep4-s42,qwen3-4b-keep4-s42:525:5,525,514,0,0,0,8,40
qwen3-4b-keep4-s42,qwen3-4b-keep4-s42:526:1,526,30,20,1,4,28,75
qwen3-4b-keep4-s42,qwen3-4b-keep4-s42:531:0,531,525,0,0,0,4,91
qwen3-4b-keep4-s42,qwen3-4b-keep4-s42:531:1,531,460,0,0,0,23,91
qwen3-4b-keep4-s42,qwen3-4b-keep4-s42:531:2,531,275,0,0,0,6,91
qwen3-4b-keep4-s42,qwen3-4b-keep4-s42:531:3,531,17,0,0,0,6,91
qwen3-4b-keep4-s42,qwen3-4b-keep4-s42:531:4,531,289,0,0,0,5,91
qwen3-4b-keep4-s42,qwen3-4b-keep4-s42:531:5,531,343,0,0,0,6,91
qwen3-4b-keep4-s42,qwen3-4b-keep4-s42:531:6,531,392,0,0,0,2,91
qwen3-4b-keep4-s42,qwen3-4b-keep4-s42:531:7,531,460,0,0,0,5,91
qwen3-4b-keep4-s42,qwen3-4b-keep4-s42:533:0,533,308,0,0,0,21,44
qwen3-4b-keep4-s42,qwen3-4b-keep4-s42:533:1,533,309,0,0,0,22,44
qwen3-4b-keep4-s42,qwen3-4b-keep4-s42:533:4,533,24,0,0,0,22,44
qwen3-4b-keep4-s42,qwen3-4b-keep4-s42:533:6,533,3,0,0,0,28,44
qwen3-4b-keep4-s42,qwen3-4b-keep4-s42:537:1,537,450,0,0,0,18,53
qwen3-4b-keep4-s42,qwen3-4b-keep4-s42:537:3,537,498,0,0,0,24,53
qwen3-4b-keep4-s42,qwen3-4b-keep4-s42:537:7,537,401,0,0,0,12,53
qwen3-4b-keep4-s42,qwen3-4b-keep4-s42:538:1,538,419,0,0,0,14,39
qwen3-4b-keep4-s42,qwen3-4b-keep4-s42:538:3,538,402,0,0,0,10,39
qwen3-4b-keep4-s42,qwen3-4b-keep4-s42:538:5,538,4,0,0,0,11,39
qwen3-4b-keep4-s42,qwen3-4b-keep4-s42:538:6,538,358,0,0,0,6,39
qwen3-4b-keep4-s42,qwen3-4b-keep4-s42:539:0,539,187,0,0,0,22,72
qwen3-4b-keep4-s42,qwen3-4b-keep4-s42:539:1,539,285,0,0,0,7,72
qwen3-4b-keep4-s42,qwen3-4b-keep4-s42:539:2,539,395,0,0,0,6,72
qwen3-4b-keep4-s42,qwen3-4b-keep4-s42:539:4,539,307,0,0,0,16,72
qwen3-4b-keep4-s42,qwen3-4b-keep4-s42:539:7,539,211,0,0,0,7,72
qwen3-4b-keep4-s42,qwen3-4b-keep4-s42:540:4,540,22,0,0,0,34,64
qwen3-4b-keep4-s42,qwen3-4b-keep4-s42:540:7,540,42,0,0,0,34,64
qwen3-4b-keep4-s42,qwen3-4b-keep4-s42:541:0,541,16,0,0,0,15,35
qwen3-4b-keep4-s42,qwen3-4b-keep4-s42:541:1,541,446,0,0,0,21,35
qwen3-4b-keep4-s42,qwen3-4b-keep4-s42:541:2,541,26,0,0,0,18,35
qwen3-4b-keep4-s42,qwen3-4b-keep4-s42:541:4,541,473,0,0,0,17,35
qwen3-4b-keep4-s42,qwen3-4b-keep4-s42:541:5,541,0,0,0,0,19,35
qwen3-4b-keep4-s42,qwen3-4b-keep4-s42:541:6,541,408,0,0,0,15,35
qwen3-4b-keep4-s42,qwen3-4b-keep4-s42:544:2,544,453,0,0,0,23,102
qwen3-4b-keep4-s42,qwen3-4b-keep4-s42:544:3,544,21,0,0,0,40,102
qwen3-4b-keep4-s42,qwen3-4b-keep4-s42:544:4,544,400,0,0,0,23,102
qwen3-4b-keep4-s42,qwen3-4b-keep4-s42:544:7,544,23,0,0,0,68,102
qwen3-4b-keep4-s42,qwen3-4b-keep4-s42:545:0,545,6,0,0,0,34,67
qwen3-4b-keep4-s42,qwen3-4b-keep4-s42:545:4,545,456,0,0,0,21,67
qwen3-4b-keep4-s42,qwen3-4b-keep4-s42:546:1,546,0,0,0,0,43,81
qwen3-4b-keep4-s42,qwen3-4b-keep4-s42:547:0,547,308,0,0,0,25,83
qwen3-4b-keep4-s42,qwen3-4b-keep4-s42:547:1,547,5,0,0,0,14,83
qwen3-4b-keep4-s42,qwen3-4b-keep4-s42:547:2,547,322,0,0,0,29,83
qwen3-4b-keep4-s42,qwen3-4b-keep4-s42:547:3,547,293,0,0,0,21,83
qwen3-4b-keep4-s42,qwen3-4b-keep4-s42:547:4,547,50,0,0,0,20,83
qwen3-4b-keep4-s42,qwen3-4b-keep4-s42:547:5,547,368,0,0,0,18,83
qwen3-4b-keep4-s42,qwen3-4b-keep4-s42:547:6,547,314,0,0,0,11,83
qwen3-4b-keep4-s42,qwen3-4b-keep4-s42:547:7,547,213,0,0,0,15,83
qwen3-4b-keep4-s42,qwen3-4b-keep4-s42:548:0,548,335,0,0,0,8,47
qwen3-4b-keep4-s42,qwen3-4b-keep4-s42:548:2,548,15,0,0,0,8,47
qwen3-4b-keep4-s42,qwen3-4b-keep4-s42:548:3,548,265,0,0,0,3,47
qwen3-4b-keep4-s42,qwen3-4b-keep4-s42:548:5,548,498,0,0,0,2,47
qwen3-4b-keep4-s42,qwen3-4b-keep4-s42:548:6,548,322,0,0,0,7,47
qwen3-4b-keep4-s42,qwen3-4b-keep4-s42:548:7,548,321,0,0,0,3,47
qwen3-4b-keep4-s42,qwen3-4b-keep4-s42:549:2,549,25,16,0,3,22,59
qwen3-4b-keep4-s42,qwen3-4b-keep4-s42:550:0,550,91,49,6,7,44,83
qwen3-4b-keep4-s42,qwen3-4b-keep4-s42:552:7,552,365,0,0,0,44,73
qwen3-4b-keep4-s42,qwen3-4b-keep4-s42:553:0,553,386,0,0,0,13,52
qwen3-4b-keep4-s42,qwen3-4b-keep4-s42:553:1,553,66,30,1,2,17,52
qwen3-4b-keep4-s42,qwen3-4b-keep4-s42:553:2,553,443,0,0,0,8,52
qwen3-4b-keep4-s42,qwen3-4b-keep4-s42:553:4,553,332,0,0,0,14,52
qwen3-4b-keep4-s42,qwen3-4b-keep4-s42:553:6,553,125,0,0,0,22,52
qwen3-4b-keep4-s42,qwen3-4b-keep4-s42:553:7,553,70,42,5,6,27,52
qwen3-4b-keep4-s42,qwen3-4b-keep4-s42:554:0,554,336,0,0,0,43,78
qwen3-4b-keep4-s42,qwen3-4b-keep4-s42:554:3,554,7,0,0,0,47,78
qwen3-4b-keep4-s42,qwen3-4b-keep4-s42:556:0,556,111,0,0,0,13,40
qwen3-4b-keep4-s42,qwen3-4b-keep4-s42:556:4,556,321,0,0,0,16,40
qwen3-4b-keep4-s42,qwen3-4b-keep4-s42:557:1,557,450,0,0,0,23,62
qwen3-4b-keep4-s42,qwen3-4b-keep4-s42:557:2,557,551,0,0,0,21,62
qwen3-4b-keep4-s42,qwen3-4b-keep4-s42:558:2,558,386,0,0,0,31,82
qwen3-4b-keep4-s42,qwen3-4b-keep4-s42:558:4,558,355,0,0,0,10,82
qwen3-4b-keep4-s42,qwen3-4b-keep4-s42:558:6,558,440,0,0,0,13,82
qwen3-4b-keep4-s42,qwen3-4b-keep4-s42:558:7,558,210,0,0,0,27,82
qwen3-4b-keep4-s42,qwen3-4b-keep4-s42:560:2,560,32,0,0,0,17,53
qwen3-4b-keep4-s42,qwen3-4b-keep4-s42:560:3,560,3,0,0,0,20,53
qwen3-4b-keep4-s42,qwen3-4b-keep4-s42:560:4,560,526,0,0,0,18,53
qwen3-4b-keep4-s42,qwen3-4b-keep4-s42:560:6,560,568,0,0,0,16,53
qwen3-4b-keep4-s42,qwen3-4b-keep4-s42:561:7,561,451,0,0,0,52,91
qwen3-4b-keep4-s42,qwen3-4b-keep4-s42:562:0,562,0,0,0,0,31,57
qwen3-4b-keep4-s42,qwen3-4b-keep4-s42:562:6,562,306,0,0,0,25,57
qwen3-4b-keep4-s42,qwen3-4b-keep4-s42:563:1,563,347,0,0,0,22,91
qwen3-4b-keep4-s42,qwen3-4b-keep4-s42:563:2,563,0,0,0,0,17,91
qwen3-4b-keep4-s42,qwen3-4b-keep4-s42:563:3,563,382,0,0,0,27,91
qwen3-4b-keep4-s42,qwen3-4b-keep4-s42:563:4,563,419,0,0,0,28,91
qwen3-4b-keep4-s42,qwen3-4b-keep4-s42:563:5,563,317,0,0,0,18,91
qwen3-4b-keep4-s42,qwen3-4b-keep4-s42:563:6,563,418,0,0,0,21,91
qwen3-4b-keep4-s42,qwen3-4b-keep4-s42:564:6,564,460,0,0,0,12,33
qwen3-4b-keep4-s42,qwen3-4b-keep4-s42:565:2,565,25,2,0,0,26,50
qwen3-4b-keep4-s42,qwen3-4b-keep4-s42:566:1,566,408,0,0,0,7,46
qwen3-4b-keep4-s42,qwen3-4b-keep4-s42:566:5,566,151,55,2,6,11,46
qwen3-4b-keep4-s42,qwen3-4b-keep4-s42:566:7,566,587,0,0,0,7,46
qwen3-4b-keep4-s42,qwen3-4b-keep4-s42:568:0,568,0,0,0,0,3,35
qwen3-4b-keep4-s42,qwen3-4b-keep4-s42:568:2,568,351,0,0,0,4,35
qwen3-4b-keep4-s42,qwen3-4b-keep4-s42:568:4,568,35,0,0,0,3,35
qwen3-4b-keep4-s42,qwen3-4b-keep4-s42:568:5,568,343,0,0,0,6,35
qwen3-4b-keep4-s42,qwen3-4b-keep4-s42:569:0,569,329,0,0,0,14,127
qwen3-4b-keep4-s42,qwen3-4b-keep4-s42:569:1,569,326,0,0,0,14,127
qwen3-4b-keep4-s42,qwen3-4b-keep4-s42:569:6,569,360,0,0,0,11,127
qwen3-4b-keep4-s42,qwen3-4b-keep4-s42:569:7,569,363,0,0,0,13,127
qwen3-4b-keep4-s42,qwen3-4b-keep4-s42:570:0,570,463,0,0,0,2,33
qwen3-4b-keep4-s42,qwen3-4b-keep4-s42:570:2,570,435,0,0,0,7,33
qwen3-4b-keep4-s42,qwen3-4b-keep4-s42:573:1,573,295,0,0,0,2,101
qwen3-4b-keep4-s42,qwen3-4b-keep4-s42:573:5,573,135,0,0,0,5,101
qwen3-4b-keep4-s42,qwen3-4b-keep4-s42:575:0,575,0,0,0,0,33,72
qwen3-4b-keep4-s42,qwen3-4b-keep4-s42:575:6,575,0,0,0,0,21,72
qwen3-4b-keep4-s42,qwen3-4b-keep4-s42:576:0,576,383,0,0,0,5,83
qwen3-4b-keep4-s42,qwen3-4b-keep4-s42:576:1,576,303,0,0,0,19,83
qwen3-4b-keep4-s42,qwen3-4b-keep4-s42:576:5,576,367,0,0,0,20,83
qwen3-4b-keep4-s42,qwen3-4b-keep4-s42:576:6,576,204,0,0,0,10,83
qwen3-4b-keep4-s42,qwen3-4b-keep4-s42:576:7,576,394,0,0,0,4,83
qwen3-4b-keep4-s42,qwen3-4b-keep4-s42:578:2,578,1,0,0,0,14,27
qwen3-4b-keep4-s42,qwen3-4b-keep4-s42:579:0,579,351,0,0,0,53,94
qwen3-4b-keep4-s42,qwen3-4b-keep4-s42:579:1,579,226,0,0,0,34,94
qwen3-4b-keep4-s42,qwen3-4b-keep4-s42:579:3,579,348,0,0,0,53,94
qwen3-4b-keep4-s42,qwen3-4b-keep4-s42:579:5,579,11,0,0,0,40,94
qwen3-4b-keep4-s42,qwen3-4b-keep4-s42:579:6,579,0,0,0,0,53,94
qwen3-4b-keep4-s42,qwen3-4b-keep4-s42:579:7,579,14,0,0,0,49,94
qwen3-4b-keep4-s42,qwen3-4b-keep4-s42:583:3,583,532,0,0,0,10,25
qwen3-4b-keep4-s42,qwen3-4b-keep4-s42:583:7,583,0,0,0,0,1,25
qwen3-4b-keep4-s42,qwen3-4b-keep4-s42:585:6,585,8,0,0,0,35,64
qwen3-4b-keep4-s42,qwen3-4b-keep4-s42:585:7,585,2,0,0,0,15,64
qwen3-4b-keep4-s42,qwen3-4b-keep4-s42:587:0,587,28,0,0,0,28,87
qwen3-4b-keep4-s42,qwen3-4b-keep4-s42:587:4,587,283,0,0,0,14,87
qwen3-4b-keep4-s42,qwen3-4b-keep4-s42:587:7,587,1,0,0,0,26,87
qwen3-4b-keep4-s42,qwen3-4b-keep4-s42:588:0,588,29,0,0,0,19,46
qwen3-4b-keep4-s42,qwen3-4b-keep4-s42:588:1,588,450,0,0,0,19,46
qwen3-4b-keep4-s42,qwen3-4b-keep4-s42:588:5,588,432,0,0,0,22,46
qwen3-4b-keep4-s42,qwen3-4b-keep4-s42:588:7,588,3,0,0,0,21,46
qwen3-4b-keep4-s42,qwen3-4b-keep4-s42:589:1,589,519,0,0,0,12,51
qwen3-4b-keep4-s42,qwen3-4b-keep4-s42:590:1,590,438,0,0,0,4,41
qwen3-4b-keep4-s42,qwen3-4b-keep4-s42:590:2,590,4,0,0,0,1,41
qwen3-4b-keep4-s42,qwen3-4b-keep4-s42:590:3,590,15,0,0,0,6,41
qwen3-4b-keep4-s42,qwen3-4b-keep4-s42:590:4,590,378,0,0,0,2,41
qwen3-4b-keep4-s42,qwen3-4b-keep4-s42:590:5,590,278,0,0,0,4,41
qwen3-4b-keep4-s42,qwen3-4b-keep4-s42:590:6,590,6,0,0,0,4,41
qwen3-4b-keep4-s42,qwen3-4b-keep4-s42:590:7,590,405,0,0,0,3,41
qwen3-4b-keep4-s42,qwen3-4b-keep4-s42:591:1,591,425,0,0,0,3,40
qwen3-4b-keep4-s42,qwen3-4b-keep4-s42:591:4,591,393,0,0,0,5,40
qwen3-4b-keep4-s42,qwen3-4b-keep4-s42:591:6,591,267,0,0,0,8,40
qwen3-4b-keep4-s42,qwen3-4b-keep4-s42:591:7,591,18,0,0,0,6,40
qwen3-4b-keep4-s42,qwen3-4b-keep4-s42:592:1,592,425,0,0,0,33,71
qwen3-4b-keep4-s42,qwen3-4b-keep4-s42:592:2,592,490,0,0,0,12,71
qwen3-4b-keep4-s42,qwen3-4b-keep4-s42:592:4,592,410,0,0,0,30,71
qwen3-4b-keep4-s42,qwen3-4b-keep4-s42:592:5,592,486,0,0,0,30,71
qwen3-4b-keep4-s42,qwen3-4b-keep4-s42:592:6,592,432,0,0,0,22,71
qwen3-4b-keep4-s42,qwen3-4b-keep4-s42:592:7,592,13,0,0,0,37,71
qwen3-4b-keep4-s42,qwen3-4b-keep4-s42:594:0,594,11,0,0,0,25,40
qwen3-4b-keep4-s42,qwen3-4b-keep4-s42:594:4,594,433,0,0,0,22,40
qwen3-4b-keep4-s42,qwen3-4b-keep4-s42:594:6,594,390,0,0,0,20,40
qwen3-4b-keep4-s42,qwen3-4b-keep4-s42:594:7,594,360,0,0,0,22,40
qwen3-4b-keep4-s42,qwen3-4b-keep4-s42:595:1,595,200,0,0,0,3,29
qwen3-4b-keep4-s42,qwen3-4b-keep4-s42:595:4,595,13,0,0,0,7,29
qwen3-4b-keep4-s42,qwen3-4b-keep4-s42:595:5,595,37,0,0,0,1,29
qwen3-4b-keep4-s42,qwen3-4b-keep4-s42:596:2,596,1,0,0,0,19,29
qwen3-4b-keep4-s42,qwen3-4b-keep4-s42:596:5,596,12,0,0,0,24,29
qwen3-4b-keep4-s42,qwen3-4b-keep4-s42:598:6,598,0,0,0,0,6,21
qwen3-4b-keep4-s42,qwen3-4b-keep4-s42:598:7,598,331,0,0,0,6,21
qwen3-4b-keep4-s42,qwen3-4b-keep4-s42:600:0,600,24,18,0,3,20,55
qwen3-4b-keep4-s42,qwen3-4b-keep4-s42:600:3,600,496,0,0,0,11,55
qwen3-4b-keep4-s42,qwen3-4b-keep4-s42:600:5,600,34,19,0,1,20,55
qwen3-4b-keep4-s42,qwen3-4b-keep4-s42:600:7,600,11,0,0,0,18,55
qwen3-4b-keep4-s42,qwen3-4b-keep4-s42:601:0,601,356,0,0,0,18,50
qwen3-4b-keep4-s42,qwen3-4b-keep4-s42:603:0,603,525,0,0,0,13,31
qwen3-4b-keep4-s42,qwen3-4b-keep4-s42:604:2,604,369,0,0,0,56,126
qwen3-4b-keep4-s42,qwen3-4b-keep4-s42:604:3,604,22,0,0,0,56,126
qwen3-4b-keep4-s42,qwen3-4b-keep4-s42:605:0,605,1,0,0,0,12,102
qwen3-4b-keep4-s42,qwen3-4b-keep4-s42:605:1,605,99,0,0,0,21,102
qwen3-4b-keep4-s42,qwen3-4b-keep4-s42:605:2,605,1,0,0,0,12,102
qwen3-4b-keep4-s42,qwen3-4b-keep4-s42:605:3,605,521,0,0,0,21,102
qwen3-4b-keep4-s42,qwen3-4b-keep4-s42:605:4,605,15,0,0,0,28,102
qwen3-4b-keep4-s42,qwen3-4b-keep4-s42:605:5,605,5,0,0,0,28,102
qwen3-4b-keep4-s42,qwen3-4b-keep4-s42:606:4,606,4,0,0,0,8,42
qwen3-4b-keep4-s42,qwen3-4b-keep4-s42:607:6,607,0,0,0,0,3,16
qwen3-4b-keep4-s42,qwen3-4b-keep4-s42:607:7,607,217,0,0,0,4,16
qwen3-4b-keep4-s42,qwen3-4b-keep4-s42:608:5,608,442,0,0,0,26,69
qwen3-4b-keep4-s42,qwen3-4b-keep4-s42:609:0,609,0,0,0,0,50,84
qwen3-4b-keep4-s42,qwen3-4b-keep4-s42:609:1,609,416,0,0,0,44,84
qwen3-4b-keep4-s42,qwen3-4b-keep4-s42:609:4,609,450,0,0,0,38,84
qwen3-4b-keep4-s42,qwen3-4b-keep4-s42:609:5,609,475,0,0,0,39,84
qwen3-4b-keep4-s42,qwen3-4b-keep4-s42:609:6,609,462,0,0,0,30,84
qwen3-4b-keep4-s42,qwen3-4b-keep4-s42:610:0,610,454,0,0,0,9,71
qwen3-4b-keep4-s42,qwen3-4b-keep4-s42:610:1,610,445,0,0,0,7,71
qwen3-4b-keep4-s42,qwen3-4b-keep4-s42:610:2,610,428,0,0,0,12,71
qwen3-4b-keep4-s42,qwen3-4b-keep4-s42:610:3,610,259,0,0,0,7,71
qwen3-4b-keep4-s42,qwen3-4b-keep4-s42:610:4,610,444,0,0,0,13,71
qwen3-4b-keep4-s42,qwen3-4b-keep4-s42:610:5,610,505,0,0,0,4,71
qwen3-4b-keep4-s42,qwen3-4b-keep4-s42:610:6,610,423,0,0,0,8,71
qwen3-4b-keep4-s42,qwen3-4b-keep4-s42:610:7,610,248,180,0,0,8,71
qwen3-4b-keep4-s42,qwen3-4b-keep4-s42:611:0,611,435,0,0,0,7,30
qwen3-4b-keep4-s42,qwen3-4b-keep4-s42:612:2,612,24,0,0,0,35,116
qwen3-4b-keep4-s42,qwen3-4b-keep4-s42:613:0,613,37,0,0,0,33,64
qwen3-4b-keep4-s42,qwen3-4b-keep4-s42:613:1,613,10,0,0,0,24,64
qwen3-4b-keep4-s42,qwen3-4b-keep4-s42:613:2,613,4,0,0,0,37,64
qwen3-4b-keep4-s42,qwen3-4b-keep4-s42:613:4,613,4,0,0,0,33,64
qwen3-4b-keep4-s42,qwen3-4b-keep4-s42:613:5,613,479,0,0,0,16,64
qwen3-4b-keep4-s42,qwen3-4b-keep4-s42:613:7,613,381,0,0,0,35,64
qwen3-4b-keep4-s42,qwen3-4b-keep4-s42:614:5,614,438,0,0,0,11,62
qwen3-4b-keep4-s42,qwen3-4b-keep4-s42:615:0,615,431,0,0,0,17,66
qwen3-4b-keep4-s42,qwen3-4b-keep4-s42:615:1,615,384,0,0,0,18,66
qwen3-4b-keep4-s42,qwen3-4b-keep4-s42:615:3,615,315,0,0,0,15,66
qwen3-4b-keep4-s42,qwen3-4b-keep4-s42:615:7,615,350,0,0,0,22,66
qwen3-4b-keep4-s42,qwen3-4b-keep4-s42:616:0,616,427,0,0,0,13,71
qwen3-4b-keep4-s42,qwen3-4b-keep4-s42:616:2,616,449,0,0,0,9,71
qwen3-4b-keep4-s42,qwen3-4b-keep4-s42:616:3,616,0,0,0,0,9,71
qwen3-4b-keep4-s42,qwen3-4b-keep4-s42:616:4,616,461,98,0,1,12,71
qwen3-4b-keep4-s42,qwen3-4b-keep4-s42:616:6,616,6,0,0,0,15,71
qwen3-4b-keep4-s42,qwen3-4b-keep4-s42:616:7,616,456,0,0,0,6,71
qwen3-4b-keep4-s42,qwen3-4b-keep4-s42:617:0,617,321,0,0,0,13,79
qwen3-4b-keep4-s42,qwen3-4b-keep4-s42:617:1,617,455,0,0,0,15,79
qwen3-4b-keep4-s42,qwen3-4b-keep4-s42:617:2,617,409,0,0,0,11,79
qwen3-4b-keep4-s42,qwen3-4b-keep4-s42:617:3,617,380,0,0,0,11,79
qwen3-4b-keep4-s42,qwen3-4b-keep4-s42:617:4,617,291,0,0,0,6,79
qwen3-4b-keep4-s42,qwen3-4b-keep4-s42:617:5,617,367,0,0,0,16,79
qwen3-4b-keep4-s42,qwen3-4b-keep4-s42:617:6,617,461,0,0,0,11,79
qwen3-4b-keep4-s42,qwen3-4b-keep4-s42:617:7,617,472,0,0,0,10,79
qwen3-4b-keep4-s42,qwen3-4b-keep4-s42:619:0,619,35,0,0,0,26,32
qwen3-4b-keep4-s42,qwen3-4b-keep4-s42:620:0,620,0,0,0,0,46,67
qwen3-4b-keep4-s42,qwen3-4b-keep4-s42:620:2,620,0,0,0,0,35,67
qwen3-4b-keep4-s42,qwen3-4b-keep4-s42:620:4,620,2,0,0,0,25,67
qwen3-4b-keep4-s42,qwen3-4b-keep4-s42:620:6,620,465,0,0,0,20,67
qwen3-4b-keep4-s42,qwen3-4b-keep4-s42:620:7,620,4,0,0,0,27,67
qwen3-4b-keep4-s42,qwen3-4b-keep4-s42:621:0,621,422,0,0,0,20,71
qwen3-4b-keep4-s42,qwen3-4b-keep4-s42:621:1,621,382,0,0,0,31,71
qwen3-4b-keep4-s42,qwen3-4b-keep4-s42:621:4,621,376,0,0,0,16,71
qwen3-4b-keep4-s42,qwen3-4b-keep4-s42:621:5,621,380,0,0,0,27,71
qwen3-4b-keep4-s42,qwen3-4b-keep4-s42:623:3,623,486,0,0,0,20,46
qwen3-4b-keep4-s42,qwen3-4b-keep4-s42:623:7,623,4,0,0,0,25,46
qwen3-4b-keep4-s42,qwen3-4b-keep4-s42:624:0,624,352,0,0,0,17,69
qwen3-4b-keep4-s42,qwen3-4b-keep4-s42:624:2,624,1,0,0,0,21,69
qwen3-4b-keep4-s42,qwen3-4b-keep4-s42:624:4,624,355,0,0,0,16,69
qwen3-4b-keep4-s42,qwen3-4b-keep4-s42:624:7,624,402,0,0,0,19,69
qwen3-4b-keep4-s42,qwen3-4b-keep4-s42:626:1,626,485,0,0,0,34,56
qwen3-4b-keep4-s42,qwen3-4b-keep4-s42:626:2,626,18,0,0,0,37,56
qwen3-4b-keep4-s42,qwen3-4b-keep4-s42:626:5,626,514,0,0,0,37,56
qwen3-4b-keep4-s42,qwen3-4b-keep4-s42:626:7,626,9,0,0,0,37,56
qwen3-4b-keep4-s42,qwen3-4b-keep4-s42:627:1,627,410,0,0,0,29,45
qwen3-4b-keep4-s42,qwen3-4b-keep4-s42:627:3,627,469,0,0,0,24,45
qwen3-4b-keep4-s42,qwen3-4b-keep4-s42:627:4,627,0,0,0,0,16,45
qwen3-4b-keep4-s42,qwen3-4b-keep4-s42:627:5,627,455,0,0,0,11,45
qwen3-4b-keep4-s42,qwen3-4b-keep4-s42:627:6,627,425,0,0,0,24,45
qwen3-4b-keep4-s42,qwen3-4b-keep4-s42:627:7,627,421,0,0,0,28,45
qwen3-4b-keep4-s42,qwen3-4b-keep4-s42:628:1,628,461,0,0,0,8,28
qwen3-4b-keep4-s42,qwen3-4b-keep4-s42:628:2,628,280,0,0,0,6,28
qwen3-4b-keep4-s42,qwen3-4b-keep4-s42:628:5,628,346,0,0,0,9,28
qwen3-4b-keep4-s42,qwen3-4b-keep4-s42:628:7,628,24,0,0,0,9,28
qwen3-4b-keep4-s42,qwen3-4b-keep4-s42:631:1,631,424,0,0,0,40,72
qwen3-4b-keep4-s42,qwen3-4b-keep4-s42:631:2,631,434,0,0,0,35,72
qwen3-4b-keep4-s42,qwen3-4b-keep4-s42:631:3,631,509,0,0,0,36,72
qwen3-4b-keep4-s42,qwen3-4b-keep4-s42:631:5,631,416,0,0,0,32,72
qwen3-4b-keep4-s42,qwen3-4b-keep4-s42:631:6,631,405,0,0,0,38,72
qwen3-4b-keep4-s42,qwen3-4b-keep4-s42:631:7,631,465,0,0,0,31,72
qwen3-4b-keep4-s42,qwen3-4b-keep4-s42:632:0,632,424,0,0,0,9,40
qwen3-4b-keep4-s42,qwen3-4b-keep4-s42:632:1,632,7,0,0,0,12,40
qwen3-4b-keep4-s42,qwen3-4b-keep4-s42:632:2,632,311,0,0,0,6,40
qwen3-4b-keep4-s42,qwen3-4b-keep4-s42:632:3,632,305,0,0,0,15,40
qwen3-4b-keep4-s42,qwen3-4b-keep4-s42:632:4,632,307,0,0,0,5,40
qwen3-4b-keep4-s42,qwen3-4b-keep4-s42:632:5,632,379,0,0,0,12,40
qwen3-4b-keep4-s42,qwen3-4b-keep4-s42:632:6,632,400,0,0,0,18,40
qwen3-4b-keep4-s42,qwen3-4b-keep4-s42:632:7,632,32,0,0,0,14,40
qwen3-4b-keep4-s42,qwen3-4b-keep4-s42:634:0,634,8,0,0,0,17,46
qwen3-4b-keep4-s42,qwen3-4b-keep4-s42:635:0,635,359,0,0,0,22,65
qwen3-4b-keep4-s42,qwen3-4b-keep4-s42:635:1,635,230,0,0,0,10,65
qwen3-4b-keep4-s42,qwen3-4b-keep4-s42:635:2,635,188,0,0,0,22,65
qwen3-4b-keep4-s42,qwen3-4b-keep4-s42:635:4,635,237,0,0,0,21,65
qwen3-4b-keep4-s42,qwen3-4b-keep4-s42:635:5,635,366,0,0,0,22,65
qwen3-4b-keep4-s42,qwen3-4b-keep4-s42:635:6,635,24,0,0,0,16,65
qwen3-4b-keep4-s42,qwen3-4b-keep4-s42:642:1,642,46,3,0,1,10,34
qwen3-4b-keep4-s42,qwen3-4b-keep4-s42:642:3,642,210,0,0,0,9,34
qwen3-4b-keep4-s42,qwen3-4b-keep4-s42:642:4,642,324,0,0,0,8,34
qwen3-4b-keep4-s42,qwen3-4b-keep4-s42:643:1,643,411,0,0,0,20,54
qwen3-4b-keep4-s42,qwen3-4b-keep4-s42:643:4,643,1,0,0,0,25,54
qwen3-4b-keep4-s42,qwen3-4b-keep4-s42:643:7,643,8,0,0,0,30,54
qwen3-4b-keep4-s42,qwen3-4b-keep4-s42:644:1,644,233,0,0,0,5,69
qwen3-4b-keep4-s42,qwen3-4b-keep4-s42:644:2,644,262,0,0,0,7,69
qwen3-4b-keep4-s42,qwen3-4b-keep4-s42:644:4,644,323,0,0,0,6,69
qwen3-4b-keep4-s42,qwen3-4b-keep4-s42:644:5,644,208,0,0,0,17,69
qwen3-4b-keep4-s42,qwen3-4b-keep4-s42:644:6,644,13,0,0,0,11,69
qwen3-4b-keep4-s42,qwen3-4b-keep4-s42:645:7,645,334,0,0,0,13,81
qwen3-4b-keep4-s42,qwen3-4b-keep4-s42:647:0,647,10,0,0,0,17,44
qwen3-4b-keep4-s42,qwen3-4b-keep4-s42:647:2,647,595,0,0,0,10,44
qwen3-4b-keep4-s42,qwen3-4b-keep4-s42:647:3,647,0,0,0,0,14,44
qwen3-4b-keep4-s42,qwen3-4b-keep4-s42:647:7,647,545,0,0,0,13,44
qwen3-4b-keep4-s42,qwen3-4b-keep4-s42:649:6,649,0,0,0,0,59,65
qwen3-4b-keep4-s42,qwen3-4b-keep4-s42:650:2,650,40,0,0,0,16,42
qwen3-4b-keep4-s42,qwen3-4b-keep4-s42:650:4,650,8,0,0,0,25,42
qwen3-4b-keep4-s42,qwen3-4b-keep4-s42:650:7,650,38,0,0,0,20,42
qwen3-4b-keep4-s42,qwen3-4b-keep4-s42:651:0,651,14,0,0,0,25,73
qwen3-4b-keep4-s42,qwen3-4b-keep4-s42:651:1,651,470,0,0,0,13,73
qwen3-4b-keep4-s42,qwen3-4b-keep4-s42:651:2,651,460,0,0,0,17,73
qwen3-4b-keep4-s42,qwen3-4b-keep4-s42:651:4,651,436,0,0,0,14,73
qwen3-4b-keep4-s42,qwen3-4b-keep4-s42:651:5,651,452,0,0,0,15,73
qwen3-4b-keep4-s42,qwen3-4b-keep4-s42:651:6,651,431,0,0,0,16,73
qwen3-4b-keep4-s42,qwen3-4b-keep4-s42:651:7,651,489,0,0,0,11,73
qwen3-4b-keep4-s42,qwen3-4b-keep4-s42:652:0,652,16,0,0,0,30,97
qwen3-4b-keep4-s42,qwen3-4b-keep4-s42:652:1,652,250,0,0,0,42,97
qwen3-4b-keep4-s42,qwen3-4b-keep4-s42:652:2,652,6,0,0,0,34,97
qwen3-4b-keep4-s42,qwen3-4b-keep4-s42:652:3,652,18,0,0,0,31,97
qwen3-4b-keep4-s42,qwen3-4b-keep4-s42:652:4,652,295,0,0,0,53,97
qwen3-4b-keep4-s42,qwen3-4b-keep4-s42:652:5,652,10,0,0,0,35,97
qwen3-4b-keep4-s42,qwen3-4b-keep4-s42:652:6,652,7,0,0,0,54,97
qwen3-4b-keep4-s42,qwen3-4b-keep4-s42:653:5,653,462,0,0,0,20,67
qwen3-4b-keep4-s42,qwen3-4b-keep4-s42:654:0,654,497,0,0,0,14,27
qwen3-4b-keep4-s42,qwen3-4b-keep4-s42:654:1,654,3,0,0,0,13,27
qwen3-4b-keep4-s42,qwen3-4b-keep4-s42:654:2,654,524,0,0,0,5,27
qwen3-4b-keep4-s42,qwen3-4b-keep4-s42:654:3,654,46,0,0,0,8,27
qwen3-4b-keep4-s42,qwen3-4b-keep4-s42:654:5,654,491,0,0,0,8,27
qwen3-4b-keep4-s42,qwen3-4b-keep4-s42:654:6,654,562,0,0,0,12,27
qwen3-4b-keep4-s42,qwen3-4b-keep4-s42:654:7,654,4,0,0,0,10,27
qwen3-4b-keep4-s42,qwen3-4b-keep4-s42:655:2,655,331,0,0,0,10,59
qwen3-4b-keep4-s42,qwen3-4b-keep4-s42:655:7,655,35,0,0,0,34,59
qwen3-4b-keep4-s42,qwen3-4b-keep4-s42:656:0,656,431,0,0,0,14,41
qwen3-4b-keep4-s42,qwen3-4b-keep4-s42:656:1,656,1,0,0,0,12,41
qwen3-4b-keep4-s42,qwen3-4b-keep4-s42:656:2,656,0,0,0,0,12,41
qwen3-4b-keep4-s42,qwen3-4b-keep4-s42:656:4,656,489,0,0,0,6,41
qwen3-4b-keep4-s42,qwen3-4b-keep4-s42:656:6,656,556,0,0,0,5,41
qwen3-4b-keep4-s42,qwen3-4b-keep4-s42:656:7,656,398,0,0,0,13,41
qwen3-4b-keep4-s42,qwen3-4b-keep4-s42:657:0,657,459,0,0,0,7,43
qwen3-4b-keep4-s42,qwen3-4b-keep4-s42:657:1,657,66,0,0,0,5,43
qwen3-4b-keep4-s42,qwen3-4b-keep4-s42:657:2,657,0,0,0,0,9,43
qwen3-4b-keep4-s42,qwen3-4b-keep4-s42:657:4,657,456,0,0,0,14,43
qwen3-4b-keep4-s42,qwen3-4b-keep4-s42:657:5,657,441,0,0,0,9,43
qwen3-4b-keep4-s42,qwen3-4b-keep4-s42:657:6,657,364,0,0,0,6,43
qwen3-4b-keep4-s42,qwen3-4b-keep4-s42:657:7,657,377,0,0,0,13,43
qwen3-4b-keep4-s42,qwen3-4b-keep4-s42:658:0,658,395,0,0,0,9,28
qwen3-4b-keep4-s42,qwen3-4b-keep4-s42:658:1,658,21,5,0,0,5,28
qwen3-4b-keep4-s42,qwen3-4b-keep4-s42:658:2,658,372,0,0,0,12,28
qwen3-4b-keep4-s42,qwen3-4b-keep4-s42:658:6,658,13,0,0,0,8,28
qwen3-4b-keep4-s42,qwen3-4b-keep4-s42:659:5,659,338,0,0,0,50,64
qwen3-4b-keep4-s42,qwen3-4b-keep4-s42:660:1,660,1,0,0,0,20,95
qwen3-4b-keep4-s42,qwen3-4b-keep4-s42:660:3,660,311,0,0,0,27,95
qwen3-4b-keep4-s42,qwen3-4b-keep4-s42:663:0,663,0,0,0,0,25,75
qwen3-4b-keep4-s42,qwen3-4b-keep4-s42:663:2,663,0,0,0,0,25,75
qwen3-4b-keep4-s42,qwen3-4b-keep4-s42:663:3,663,298,0,0,0,39,75
qwen3-4b-keep4-s42,qwen3-4b-keep4-s42:663:4,663,1,0,0,0,36,75
qwen3-4b-keep4-s42,qwen3-4b-keep4-s42:663:6,663,0,0,0,0,39,75
qwen3-4b-keep4-s42,qwen3-4b-keep4-s42:663:7,663,311,0,0,0,26,75
qwen3-4b-keep4-s42,qwen3-4b-keep4-s42:664:0,664,0,0,0,0,19,53
qwen3-4b-keep4-s42,qwen3-4b-keep4-s42:664:1,664,384,0,0,0,19,53
qwen3-4b-keep4-s42,qwen3-4b-keep4-s42:664:2,664,438,0,0,0,20,53
qwen3-4b-keep4-s42,qwen3-4b-keep4-s42:664:3,664,425,0,0,0,17,53
qwen3-4b-keep4-s42,qwen3-4b-keep4-s42:664:4,664,372,0,0,0,17,53
qwen3-4b-keep4-s42,qwen3-4b-keep4-s42:664:5,664,435,0,0,0,20,53
qwen3-4b-keep4-s42,qwen3-4b-keep4-s42:664:6,664,418,0,0,0,16,53
qwen3-4b-keep4-s42,qwen3-4b-keep4-s42:664:7,664,25,0,0,0,18,53
qwen3-4b-keep4-s42,qwen3-4b-keep4-s42:665:0,665,237,0,0,0,24,82
qwen3-4b-keep4-s42,qwen3-4b-keep4-s42:665:1,665,460,0,0,0,13,82
qwen3-4b-keep4-s42,qwen3-4b-keep4-s42:665:2,665,443,0,0,0,13,82
qwen3-4b-keep4-s42,qwen3-4b-keep4-s42:665:3,665,491,0,0,0,11,82
qwen3-4b-keep4-s42,qwen3-4b-keep4-s42:665:4,665,512,0,0,0,4,82
qwen3-4b-keep4-s42,qwen3-4b-keep4-s42:665:5,665,450,0,0,0,19,82
qwen3-4b-keep4-s42,qwen3-4b-keep4-s42:665:6,665,380,0,0,0,16,82
qwen3-4b-keep4-s42,qwen3-4b-keep4-s42:665:7,665,20,0,0,0,20,82
qwen3-4b-keep4-s42,qwen3-4b-keep4-s42:666:0,666,413,0,0,0,29,58
qwen3-4b-keep4-s42,qwen3-4b-keep4-s42:666:1,666,388,0,0,0,32,58
qwen3-4b-keep4-s42,qwen3-4b-keep4-s42:666:2,666,84,0,0,0,29,58
qwen3-4b-keep4-s42,qwen3-4b-keep4-s42:667:2,667,359,0,0,0,27,53
qwen3-4b-keep4-s42,qwen3-4b-keep4-s42:667:5,667,481,0,0,0,16,53
qwen3-4b-keep4-s42,qwen3-4b-keep4-s42:668:1,668,350,0,0,0,21,84
qwen3-4b-keep4-s42,qwen3-4b-keep4-s42:668:2,668,404,0,0,0,15,84
qwen3-4b-keep4-s42,qwen3-4b-keep4-s42:668:4,668,435,0,0,0,19,84
qwen3-4b-keep4-s42,qwen3-4b-keep4-s42:668:6,668,465,0,0,0,13,84
qwen3-4b-keep4-s42,qwen3-4b-keep4-s42:670:1,670,501,0,0,0,7,46
qwen3-4b-keep4-s42,qwen3-4b-keep4-s42:671:0,671,336,0,0,0,22,41
qwen3-4b-keep4-s42,qwen3-4b-keep4-s42:671:3,671,449,0,0,0,19,41
qwen3-4b-keep4-s42,qwen3-4b-keep4-s42:671:4,671,452,0,0,0,19,41
qwen3-4b-keep4-s42,qwen3-4b-keep4-s42:672:0,672,541,0,0,0,11,48
qwen3-4b-keep4-s42,qwen3-4b-keep4-s42:672:1,672,0,0,0,0,12,48
qwen3-4b-keep4-s42,qwen3-4b-keep4-s42:672:3,672,472,0,0,0,4,48
qwen3-4b-keep4-s42,qwen3-4b-keep4-s42:672:4,672,328,0,0,0,6,48
qwen3-4b-keep4-s42,qwen3-4b-keep4-s42:672:6,672,526,0,0,0,5,48
qwen3-4b-keep4-s42,qwen3-4b-keep4-s42:672:7,672,579,0,0,0,7,48
qwen3-4b-keep4-s42,qwen3-4b-keep4-s42:673:0,673,308,0,0,0,11,40
qwen3-4b-keep4-s42,qwen3-4b-keep4-s42:673:1,673,479,0,0,0,13,40
qwen3-4b-keep4-s42,qwen3-4b-keep4-s42:673:2,673,451,0,0,0,11,40
qwen3-4b-keep4-s42,qwen3-4b-keep4-s42:673:3,673,333,0,0,0,18,40
qwen3-4b-keep4-s42,qwen3-4b-keep4-s42:673:5,673,393,0,0,0,17,40
qwen3-4b-keep4-s42,qwen3-4b-keep4-s42:673:6,673,447,0,0,0,10,40
qwen3-4b-keep4-s42,qwen3-4b-keep4-s42:673:7,673,475,0,0,0,11,40
qwen3-4b-keep4-s42,qwen3-4b-keep4-s42:674:1,674,18,15,0,0,33,44
qwen3-4b-keep4-s42,qwen3-4b-keep4-s42:674:3,674,437,0,0,0,30,44
qwen3-4b-keep4-s42,qwen3-4b-keep4-s42:676:0,676,400,0,0,0,13,84
qwen3-4b-keep4-s42,qwen3-4b-keep4-s42:676:1,676,236,0,0,0,29,84
qwen3-4b-keep4-s42,qwen3-4b-keep4-s42:676:2,676,306,0,0,0,17,84
qwen3-4b-keep4-s42,qwen3-4b-keep4-s42:676:4,676,317,0,0,0,43,84
qwen3-4b-keep4-s42,qwen3-4b-keep4-s42:676:5,676,275,0,0,0,36,84
qwen3-4b-keep4-s42,qwen3-4b-keep4-s42:676:6,676,72,44,0,0,43,84
qwen3-4b-keep4-s42,qwen3-4b-keep4-s42:676:7,676,20,0,0,0,49,84
qwen3-4b-keep4-s42,qwen3-4b-keep4-s42:678:1,678,1,0,0,0,23,58
qwen3-4b-keep4-s42,qwen3-4b-keep4-s42:678:4,678,326,0,0,0,33,58
qwen3-4b-keep4-s42,qwen3-4b-keep4-s42:678:5,678,24,0,0,0,24,58
qwen3-4b-keep4-s42,qwen3-4b-keep4-s42:679:7,679,0,0,0,0,15,55
qwen3-4b-keep4-s42,qwen3-4b-keep4-s42:680:1,680,0,0,0,0,16,68
qwen3-4b-keep4-s42,qwen3-4b-keep4-s42:680:6,680,12,0,0,0,17,68
qwen3-4b-keep4-s42,qwen3-4b-keep4-s42:682:0,682,455,0,0,0,25,74
qwen3-4b-keep4-s42,qwen3-4b-keep4-s42:682:3,682,480,0,0,0,20,74
qwen3-4b-keep4-s42,qwen3-4b-keep4-s42:682:4,682,544,0,0,0,18,74
qwen3-4b-keep4-s42,qwen3-4b-keep4-s42:682:6,682,468,0,0,0,16,74
qwen3-4b-keep4-s42,qwen3-4b-keep4-s42:683:0,683,261,0,0,0,45,93
qwen3-4b-keep4-s42,qwen3-4b-keep4-s42:683:7,683,349,0,0,0,49,93
qwen3-4b-keep4-s42,qwen3-4b-keep4-s42:684:0,684,412,0,0,0,13,65
qwen3-4b-keep4-s42,qwen3-4b-keep4-s42:684:1,684,398,0,0,0,16,65
qwen3-4b-keep4-s42,qwen3-4b-keep4-s42:684:2,684,490,0,0,0,0,65
qwen3-4b-keep4-s42,qwen3-4b-keep4-s42:684:3,684,375,0,0,0,18,65
qwen3-4b-keep4-s42,qwen3-4b-keep4-s42:684:4,684,280,0,0,0,17,65
qwen3-4b-keep4-s42,qwen3-4b-keep4-s42:684:5,684,406,0,0,0,19,65
qwen3-4b-keep4-s42,qwen3-4b-keep4-s42:684:6,684,475,0,0,0,10,65
qwen3-4b-keep4-s42,qwen3-4b-keep4-s42:684:7,684,432,0,0,0,16,65
qwen3-4b-keep4-s42,qwen3-4b-keep4-s42:685:1,685,8,0,0,0,26,58
qwen3-4b-keep4-s42,qwen3-4b-keep4-s42:685:4,685,18,0,0,0,15,58
qwen3-4b-keep4-s42,qwen3-4b-keep4-s42:687:2,687,1,0,0,0,41,77
qwen3-4b-keep4-s42,qwen3-4b-keep4-s42:687:3,687,307,0,0,0,38,77
qwen3-4b-keep4-s42,qwen3-4b-keep4-s42:687:7,687,18,0,0,0,31,77
qwen3-4b-keep4-s42,qwen3-4b-keep4-s42:688:0,688,454,0,0,0,2,59
qwen3-4b-keep4-s42,qwen3-4b-keep4-s42:688:1,688,573,0,0,0,4,59
qwen3-4b-keep4-s42,qwen3-4b-keep4-s42:688:3,688,519,0,0,0,1,59
qwen3-4b-keep4-s42,qwen3-4b-keep4-s42:688:4,688,500,0,0,0,2,59
qwen3-4b-keep4-s42,qwen3-4b-keep4-s42:688:5,688,8,0,0,0,8,59
qwen3-4b-keep4-s42,qwen3-4b-keep4-s42:688:6,688,553,0,0,0,1,59
qwen3-4b-keep4-s42,qwen3-4b-keep4-s42:688:7,688,344,0,0,0,3,59
qwen3-4b-keep4-s42,qwen3-4b-keep4-s42:690:0,690,374,0,0,0,24,45
qwen3-4b-keep4-s42,qwen3-4b-keep4-s42:690:1,690,1,0,0,0,21,45
qwen3-4b-keep4-s42,qwen3-4b-keep4-s42:690:2,690,409,0,0,0,16,45
qwen3-4b-keep4-s42,qwen3-4b-keep4-s42:690:3,690,37,0,0,0,21,45
qwen3-4b-keep4-s42,qwen3-4b-keep4-s42:690:4,690,397,0,0,0,14,45
qwen3-4b-keep4-s42,qwen3-4b-keep4-s42:690:5,690,3,0,0,0,23,45
qwen3-4b-keep4-s42,qwen3-4b-keep4-s42:690:6,690,45,9,0,0,22,45
qwen3-4b-keep4-s42,qwen3-4b-keep4-s42:690:7,690,11,0,0,0,20,45
qwen3-4b-keep4-s42,qwen3-4b-keep4-s42:691:0,691,418,0,0,0,11,59
qwen3-4b-keep4-s42,qwen3-4b-keep4-s42:691:2,691,396,0,0,0,14,59
qwen3-4b-keep4-s42,qwen3-4b-keep4-s42:691:3,691,69,64,1,11,19,59
qwen3-4b-keep4-s42,qwen3-4b-keep4-s42:691:4,691,1,0,0,0,26,59
qwen3-4b-keep4-s42,qwen3-4b-keep4-s42:691:5,691,468,0,0,0,8,59
qwen3-4b-keep4-s42,qwen3-4b-keep4-s42:691:6,691,534,0,0,0,19,59
qwen3-4b-keep4-s42,qwen3-4b-keep4-s42:692:3,692,71,0,0,0,2,8
qwen3-4b-keep4-s42,qwen3-4b-keep4-s42:693:2,693,0,0,0,0,12,39
qwen3-4b-keep4-s42,qwen3-4b-keep4-s42:695:0,695,6,0,0,0,20,99
qwen3-4b-keep4-s42,qwen3-4b-keep4-s42:695:1,695,1,0,0,0,22,99
qwen3-4b-keep4-s42,qwen3-4b-keep4-s42:695:2,695,1,0,0,0,17,99
qwen3-4b-keep4-s42,qwen3-4b-keep4-s42:695:3,695,31,0,0,0,16,99
qwen3-4b-keep4-s42,qwen3-4b-keep4-s42:695:7,695,2,0,0,0,24,99
qwen3-4b-keep4-s42,qwen3-4b-keep4-s42:699:2,699,327,0,0,0,17,51
qwen3-4b-keep4-s42,qwen3-4b-keep4-s42:700:0,700,275,0,0,0,11,41
qwen3-4b-keep4-s42,qwen3-4b-keep4-s42:700:1,700,461,0,0,0,8,41
qwen3-4b-keep4-s42,qwen3-4b-keep4-s42:700:2,700,414,0,0,0,7,41
qwen3-4b-keep4-s42,qwen3-4b-keep4-s42:700:3,700,425,0,0,0,7,41
qwen3-4b-keep4-s42,qwen3-4b-keep4-s42:700:4,700,394,0,0,0,9,41
qwen3-4b-keep4-s42,qwen3-4b-keep4-s42:700:5,700,421,0,0,0,7,41
qwen3-4b-keep4-s42,qwen3-4b-keep4-s42:700:6,700,483,0,0,0,7,41
qwen3-4b-keep4-s42,qwen3-4b-keep4-s42:700:7,700,418,0,0,0,7,41
qwen3-4b-keep4-s42,qwen3-4b-keep4-s42:701:3,701,41,0,0,0,38,72
qwen3-4b-keep4-s42,qwen3-4b-keep4-s42:702:0,702,439,0,0,0,9,69
qwen3-4b-keep4-s42,qwen3-4b-keep4-s42:702:1,702,339,0,0,0,14,69
qwen3-4b-keep4-s42,qwen3-4b-keep4-s42:702:3,702,29,0,0,0,8,69
qwen3-4b-keep4-s42,qwen3-4b-keep4-s42:702:5,702,344,0,0,0,11,69
qwen3-4b-keep4-s42,qwen3-4b-keep4-s42:702:6,702,418,0,0,0,8,69
qwen3-4b-keep4-s42,qwen3-4b-keep4-s42:702:7,702,297,0,0,0,8,69
qwen3-4b-keep4-s42,qwen3-4b-keep4-s42:703:6,703,385,0,0,0,23,81
qwen3-4b-keep4-s42,qwen3-4b-keep4-s42:703:7,703,478,0,0,0,17,81
qwen3-4b-keep4-s42,qwen3-4b-keep4-s42:704:0,704,283,0,0,0,0,21
qwen3-4b-keep4-s42,qwen3-4b-keep4-s42:704:1,704,421,0,0,0,0,21
qwen3-4b-keep4-s42,qwen3-4b-keep4-s42:704:2,704,274,0,0,0,0,21
qwen3-4b-keep4-s42,qwen3-4b-keep4-s42:704:3,704,334,0,0,0,0,21
qwen3-4b-keep4-s42,qwen3-4b-keep4-s42:704:4,704,369,0,0,0,0,21
qwen3-4b-keep4-s42,qwen3-4b-keep4-s42:704:5,704,346,0,0,0,0,21
qwen3-4b-keep4-s42,qwen3-4b-keep4-s42:704:6,704,375,0,0,0,0,21
qwen3-4b-keep4-s42,qwen3-4b-keep4-s42:704:7,704,405,0,0,0,0,21
qwen3-4b-keep4-s42,qwen3-4b-keep4-s42:706:0,706,514,0,0,0,2,35
qwen3-4b-keep4-s42,qwen3-4b-keep4-s42:706:1,706,19,0,0,0,6,35
qwen3-4b-keep4-s42,qwen3-4b-keep4-s42:706:2,706,486,0,0,0,1,35
qwen3-4b-keep4-s42,qwen3-4b-keep4-s42:706:3,706,468,0,0,0,1,35
qwen3-4b-keep4-s42,qwen3-4b-keep4-s42:706:4,706,297,0,0,0,2,35
qwen3-4b-keep4-s42,qwen3-4b-keep4-s42:706:6,706,460,0,0,0,5,35
qwen3-4b-keep4-s42,qwen3-4b-keep4-s42:706:7,706,599,0,0,0,4,35
qwen3-4b-keep4-s42,qwen3-4b-keep4-s42:707:4,707,8,0,0,0,11,83
qwen3-4b-keep4-s42,qwen3-4b-keep4-s42:707:5,707,414,0,0,0,10,83
qwen3-4b-keep4-s42,qwen3-4b-keep4-s42:707:6,707,423,0,0,0,8,83
qwen3-4b-keep4-s42,qwen3-4b-keep4-s42:707:7,707,86,31,1,3,11,83
qwen3-4b-keep4-s42,qwen3-4b-keep4-s42:708:0,708,509,0,0,0,10,44
qwen3-4b-keep4-s42,qwen3-4b-keep4-s42:708:3,708,466,0,0,0,9,44
qwen3-4b-keep4-s42,qwen3-4b-keep4-s42:708:4,708,27,0,0,0,10,44
qwen3-4b-keep4-s42,qwen3-4b-keep4-s42:708:7,708,514,0,0,0,6,44
qwen3-4b-keep4-s42,qwen3-4b-keep4-s42:709:2,709,562,0,0,0,15,74
qwen3-4b-keep4-s42,qwen3-4b-keep4-s42:709:3,709,455,0,0,0,30,74
qwen3-4b-keep4-s42,qwen3-4b-keep4-s42:710:0,710,518,0,0,0,2,67
qwen3-4b-keep4-s42,qwen3-4b-keep4-s42:710:1,710,468,0,0,0,3,67
qwen3-4b-keep4-s42,qwen3-4b-keep4-s42:710:2,710,353,0,0,0,0,67
qwen3-4b-keep4-s42,qwen3-4b-keep4-s42:710:3,710,484,0,0,0,4,67
qwen3-4b-keep4-s42,qwen3-4b-keep4-s42:710:4,710,500,0,0,0,3,67
qwen3-4b-keep4-s42,qwen3-4b-keep4-s42:710:5,710,511,0,0,0,4,67
qwen3-4b-keep4-s42,qwen3-4b-keep4-s42:710:6,710,341,0,0,0,4,67
qwen3-4b-keep4-s42,qwen3-4b-keep4-s42:710:7,710,341,0,0,0,2,67
qwen3-4b-keep4-s42,qwen3-4b-keep4-s42:711:0,711,408,0,0,0,15,59
qwen3-4b-keep4-s42,qwen3-4b-keep4-s42:711:1,711,447,0,0,0,12,59
qwen3-4b-keep4-s42,qwen3-4b-keep4-s42:711:2,711,423,0,0,0,8,59
qwen3-4b-keep4-s42,qwen3-4b-keep4-s42:711:3,711,365,0,0,0,15,59
qwen3-4b-keep4-s42,qwen3-4b-keep4-s42:711:4,711,425,0,0,0,11,59
qwen3-4b-keep4-s42,qwen3-4b-keep4-s42:711:5,711,409,0,0,0,17,59
qwen3-4b-keep4-s42,qwen3-4b-keep4-s42:711:7,711,49,0,0,0,11,59
qwen3-4b-keep4-s42,qwen3-4b-keep4-s42:712:0,712,373,0,0,0,12,63
qwen3-4b-keep4-s42,qwen3-4b-keep4-s42:712:1,712,374,0,0,0,7,63
qwen3-4b-keep4-s42,qwen3-4b-keep4-s42:712:5,712,12,5,0,0,9,63
qwen3-4b-keep4-s42,qwen3-4b-keep4-s42:712:6,712,373,0,0,0,15,63
qwen3-4b-keep4-s42,qwen3-4b-keep4-s42:716:0,716,16,0,0,0,42,80
qwen3-4b-keep4-s42,qwen3-4b-keep4-s42:716:2,716,48,0,0,0,42,80
qwen3-4b-keep4-s42,qwen3-4b-keep4-s42:716:3,716,419,0,0,0,41,80
qwen3-4b-keep4-s42,qwen3-4b-keep4-s42:716:5,716,60,0,0,0,46,80
qwen3-4b-keep4-s42,qwen3-4b-keep4-s42:716:6,716,2,0,0,0,42,80
qwen3-4b-keep4-s42,qwen3-4b-keep4-s42:717:2,717,19,0,0,0,5,9
qwen3-4b-keep4-s42,qwen3-4b-keep4-s42:718:3,718,508,0,0,0,34,85
qwen3-4b-keep4-s42,qwen3-4b-keep4-s42:719:0,719,426,0,0,0,5,60
qwen3-4b-keep4-s42,qwen3-4b-keep4-s42:719:1,719,459,0,0,0,30,60
qwen3-4b-keep4-s42,qwen3-4b-keep4-s42:719:2,719,369,0,0,0,15,60
qwen3-4b-keep4-s42,qwen3-4b-keep4-s42:719:3,719,356,0,0,0,26,60
qwen3-4b-keep4-s42,qwen3-4b-keep4-s42:719:4,719,347,0,0,0,4,60
qwen3-4b-keep4-s42,qwen3-4b-keep4-s42:719:5,719,286,0,0,0,30,60
qwen3-4b-keep4-s42,qwen3-4b-keep4-s42:719:6,719,375,0,0,0,16,60
qwen3-4b-keep4-s42,qwen3-4b-keep4-s42:719:7,719,437,0,0,0,20,60
qwen3-4b-keep4-s42,qwen3-4b-keep4-s42:720:2,720,392,0,0,0,7,34
qwen3-4b-keep4-s42,qwen3-4b-keep4-s42:720:5,720,58,0,0,0,8,34
qwen3-4b-keep4-s42,qwen3-4b-keep4-s42:721:0,721,464,0,0,0,21,76
qwen3-4b-keep4-s42,qwen3-4b-keep4-s42:721:1,721,316,0,0,0,20,76
qwen3-4b-keep4-s42,qwen3-4b-keep4-s42:721:2,721,333,0,0,0,23,76
qwen3-4b-keep4-s42,qwen3-4b-keep4-s42:721:3,721,197,69,1,17,31,76
qwen3-4b-keep4-s42,qwen3-4b-keep4-s42:721:5,721,310,0,0,0,22,76
qwen3-4b-keep4-s42,qwen3-4b-keep4-s42:721:6,721,401,0,0,0,15,76
qwen3-4b-keep4-s42,qwen3-4b-keep4-s42:721:7,721,319,0,0,0,31,76
qwen3-4b-keep4-s42,qwen3-4b-keep4-s42:722:2,722,552,0,0,0,7,25
qwen3-4b-keep4-s42,qwen3-4b-keep4-s42:725:0,725,405,0,0,0,21,77
qwen3-4b-keep4-s42,qwen3-4b-keep4-s42:725:2,725,472,0,0,0,17,77
qwen3-4b-keep4-s42,qwen3-4b-keep4-s42:725:4,725,406,0,0,0,27,77
qwen3-4b-keep4-s42,qwen3-4b-keep4-s42:725:5,725,0,0,0,0,32,77
qwen3-4b-keep4-s42,qwen3-4b-keep4-s42:725:7,725,542,0,0,0,25,77
qwen3-4b-keep4-s42,qwen3-4b-keep4-s42:726:0,726,13,0,0,0,11,40
qwen3-4b-keep4-s42,qwen3-4b-keep4-s42:728:0,728,260,0,0,0,18,75
qwen3-4b-keep4-s42,qwen3-4b-keep4-s42:728:1,728,422,0,0,0,14,75
qwen3-4b-keep4-s42,qwen3-4b-keep4-s42:728:2,728,363,0,0,0,13,75
qwen3-4b-keep4-s42,qwen3-4b-keep4-s42:728:3,728,360,0,0,0,11,75
qwen3-4b-keep4-s42,qwen3-4b-keep4-s42:728:5,728,1,0,0,0,21,75
qwen3-4b-keep4-s42,qwen3-4b-keep4-s42:728:6,728,305,0,0,0,11,75
qwen3-4b-keep4-s42,qwen3-4b-keep4-s42:728:7,728,330,0,0,0,12,75
qwen3-4b-keep4-s42,qwen3-4b-keep4-s42:730:1,730,317,0,0,0,24,78
qwen3-4b-keep4-s42,qwen3-4b-keep4-s42:730:2,730,16,0,0,0,21,78
qwen3-4b-keep4-s42,qwen3-4b-keep4-s42:730:3,730,30,27,0,1,24,78
qwen3-4b-keep4-s42,qwen3-4b-keep4-s42:730:5,730,75,39,0,7,17,78
qwen3-4b-keep4-s42,qwen3-4b-keep4-s42:730:6,730,4,0,0,0,31,78
qwen3-4b-keep4-s42,qwen3-4b-keep4-s42:730:7,730,10,0,0,0,20,78
qwen3-4b-keep4-s42,qwen3-4b-keep4-s42:731:1,731,525,0,0,0,13,48
qwen3-4b-keep4-s42,qwen3-4b-keep4-s42:731:2,731,368,0,0,0,14,48
qwen3-4b-keep4-s42,qwen3-4b-keep4-s42:731:3,731,548,0,0,0,12,48
qwen3-4b-keep4-s42,qwen3-4b-keep4-s42:731:4,731,35,0,0,0,19,48
qwen3-4b-keep4-s42,qwen3-4b-keep4-s42:731:5,731,507,0,0,0,11,48
qwen3-4b-keep4-s42,qwen3-4b-keep4-s42:731:6,731,451,0,0,0,18,48
qwen3-4b-keep4-s42,qwen3-4b-keep4-s42:732:0,732,313,0,0,0,11,79
qwen3-4b-keep4-s42,qwen3-4b-keep4-s42:732:1,732,411,0,0,0,20,79
qwen3-4b-keep4-s42,qwen3-4b-keep4-s42:732:2,732,31,0,0,0,34,79
qwen3-4b-keep4-s42,qwen3-4b-keep4-s42:732:3,732,314,0,0,0,24,79
qwen3-4b-keep4-s42,qwen3-4b-keep4-s42:732:4,732,32,0,0,0,29,79
qwen3-4b-keep4-s42,qwen3-4b-keep4-s42:732:5,732,352,0,0,0,19,79
qwen3-4b-keep4-s42,qwen3-4b-keep4-s42:732:6,732,191,0,0,0,32,79
qwen3-4b-keep4-s42,qwen3-4b-keep4-s42:732:7,732,406,0,0,0,28,79
qwen3-4b-keep4-s42,qwen3-4b-keep4-s42:734:2,734,344,0,0,0,46,76
qwen3-4b-keep4-s42,qwen3-4b-keep4-s42:734:7,734,24,0,0,0,51,76
qwen3-4b-keep4-s42,qwen3-4b-keep4-s42:735:0,735,465,0,0,0,48,91
qwen3-4b-keep4-s42,qwen3-4b-keep4-s42:737:0,737,0,0,0,0,31,82
qwen3-4b-keep4-s42,qwen3-4b-keep4-s42:737:2,737,318,0,0,0,18,82
qwen3-4b-keep4-s42,qwen3-4b-keep4-s42:737:3,737,273,0,0,0,34,82
qwen3-4b-keep4-s42,qwen3-4b-keep4-s42:737:4,737,0,0,0,0,32,82
qwen3-4b-keep4-s42,qwen3-4b-keep4-s42:737:6,737,394,0,0,0,16,82
qwen3-4b-keep4-s42,qwen3-4b-keep4-s42:738:0,738,340,0,0,0,15,62
qwen3-4b-keep4-s42,qwen3-4b-keep4-s42:738:1,738,368,0,0,0,15,62
qwen3-4b-keep4-s42,qwen3-4b-keep4-s42:738:2,738,379,0,0,0,14,62
qwen3-4b-keep4-s42,qwen3-4b-keep4-s42:738:3,738,419,0,0,0,17,62
qwen3-4b-keep4-s42,qwen3-4b-keep4-s42:738:4,738,420,0,0,0,21,62
qwen3-4b-keep4-s42,qwen3-4b-keep4-s42:738:5,738,376,0,0,0,18,62
qwen3-4b-keep4-s42,qwen3-4b-keep4-s42:738:6,738,402,0,0,0,14,62
qwen3-4b-keep4-s42,qwen3-4b-keep4-s42:738:7,738,43,0,0,0,19,62
qwen3-4b-keep4-s42,qwen3-4b-keep4-s42:739:0,739,4,4,0,0,23,64
qwen3-4b-keep4-s42,qwen3-4b-keep4-s42:739:7,739,15,0,0,0,10,64
qwen3-4b-keep4-s42,qwen3-4b-keep4-s42:740:0,740,2,0,0,0,11,36
qwen3-4b-keep4-s42,qwen3-4b-keep4-s42:740:1,740,459,0,0,0,2,36
qwen3-4b-keep4-s42,qwen3-4b-keep4-s42:740:2,740,23,0,0,0,6,36
qwen3-4b-keep4-s42,qwen3-4b-keep4-s42:740:3,740,39,25,1,4,10,36
qwen3-4b-keep4-s42,qwen3-4b-keep4-s42:740:4,740,379,0,0,0,1,36
qwen3-4b-keep4-s42,qwen3-4b-keep4-s42:740:5,740,19,10,0,0,2,36
qwen3-4b-keep4-s42,qwen3-4b-keep4-s42:740:6,740,2,0,0,0,9,36
qwen3-4b-keep4-s42,qwen3-4b-keep4-s42:740:7,740,405,0,0,0,3,36
qwen3-4b-keep4-s42,qwen3-4b-keep4-s42:742:0,742,9,0,0,0,15,41
qwen3-4b-keep4-s42,qwen3-4b-keep4-s42:742:2,742,345,0,0,0,6,41
qwen3-4b-keep4-s42,qwen3-4b-keep4-s42:742:4,742,513,0,0,0,14,41
qwen3-4b-keep4-s42,qwen3-4b-keep4-s42:742:7,742,16,0,0,0,11,41
qwen3-4b-keep4-s42,qwen3-4b-keep4-s42:743:2,743,5,0,0,0,26,75
qwen3-4b-keep4-s42,qwen3-4b-keep4-s42:745:0,745,265,0,0,0,8,88
qwen3-4b-keep4-s42,qwen3-4b-keep4-s42:745:1,745,447,0,0,0,9,88
qwen3-4b-keep4-s42,qwen3-4b-keep4-s42:745:2,745,443,0,0,0,8,88
qwen3-4b-keep4-s42,qwen3-4b-keep4-s42:745:3,745,328,0,0,0,8,88
qwen3-4b-keep4-s42,qwen3-4b-keep4-s42:745:4,745,30,0,0,0,12,88
qwen3-4b-keep4-s42,qwen3-4b-keep4-s42:745:5,745,373,0,0,0,7,88
qwen3-4b-keep4-s42,qwen3-4b-keep4-s42:745:6,745,437,0,0,0,14,88
qwen3-4b-keep4-s42,qwen3-4b-keep4-s42:745:7,745,150,0,0,0,11,88
qwen3-4b-keep4-s42,qwen3-4b-keep4-s42:746:4,746,57,0,0,0,28,63
qwen3-4b-keep4-s42,qwen3-4b-keep4-s42:746:6,746,428,0,0,0,30,63
qwen3-4b-keep4-s42,qwen3-4b-keep4-s42:747:2,747,62,50,0,3,18,50
qwen3-4b-keep4-s42,qwen3-4b-keep4-s42:753:5,753,0,0,0,0,5,34
qwen3-4b-keep4-s42,qwen3-4b-keep4-s42:755:4,755,5,0,0,0,29,93
qwen3-4b-keep4-s42,qwen3-4b-keep4-s42:756:5,756,376,0,0,0,5,74
qwen3-4b-keep4-s42,qwen3-4b-keep4-s42:757:0,757,452,23,2,4,29,66
qwen3-4b-keep4-s42,qwen3-4b-keep4-s42:757:1,757,431,0,0,0,25,66
qwen3-4b-keep4-s42,qwen3-4b-keep4-s42:757:2,757,310,0,0,0,33,66
qwen3-4b-keep4-s42,qwen3-4b-keep4-s42:757:3,757,343,0,0,0,30,66
qwen3-4b-keep4-s42,qwen3-4b-keep4-s42:757:4,757,431,0,0,0,17,66
qwen3-4b-keep4-s42,qwen3-4b-keep4-s42:757:5,757,330,0,0,0,26,66
qwen3-4b-keep4-s42,qwen3-4b-keep4-s42:757:6,757,455,0,0,0,25,66
qwen3-4b-keep4-s42,qwen3-4b-keep4-s42:758:0,758,548,0,0,0,13,36
qwen3-4b-keep4-s42,qwen3-4b-keep4-s42:758:2,758,9,0,0,0,13,36
qwen3-4b-keep4-s42,qwen3-4b-keep4-s42:758:3,758,501,0,0,0,15,36
qwen3-4b-keep4-s42,qwen3-4b-keep4-s42:758:4,758,545,0,0,0,18,36
qwen3-4b-keep4-s42,qwen3-4b-keep4-s42:758:5,758,680,0,0,0,15,36
qwen3-4b-keep4-s42,qwen3-4b-keep4-s42:758:6,758,518,0,0,0,15,36
qwen3-4b-keep4-s42,qwen3-4b-keep4-s42:758:7,758,36,0,0,0,9,36
qwen3-4b-keep4-s42,qwen3-4b-keep4-s42:759:0,759,266,0,0,0,0,17
qwen3-4b-keep4-s42,qwen3-4b-keep4-s42:759:1,759,0,0,0,0,6,17
qwen3-4b-keep4-s42,qwen3-4b-keep4-s42:759:3,759,0,0,0,0,7,17
qwen3-4b-keep4-s42,qwen3-4b-keep4-s42:759:6,759,23,0,0,0,1,17
qwen3-4b-keep4-s42,qwen3-4b-keep4-s42:759:7,759,390,0,0,0,0,17
qwen3-4b-keep4-s42,qwen3-4b-keep4-s42:760:0,760,0,0,0,0,36,56
qwen3-4b-keep4-s42,qwen3-4b-keep4-s42:760:3,760,448,0,0,0,40,56
qwen3-4b-keep4-s42,qwen3-4b-keep4-s42:761:0,761,7,0,0,0,10,56
qwen3-4b-keep4-s42,qwen3-4b-keep4-s42:762:5,762,511,0,0,0,2,25
qwen3-4b-keep4-s42,qwen3-4b-keep4-s42:763:1,763,12,0,0,0,19,45
qwen3-4b-keep4-s42,qwen3-4b-keep4-s42:763:7,763,6,0,0,0,18,45
qwen3-4b-keep4-s42,qwen3-4b-keep4-s42:765:1,765,420,0,0,0,28,47
qwen3-4b-keep4-s42,qwen3-4b-keep4-s42:766:4,766,18,0,0,0,26,46
qwen3-4b-keep4-s42,qwen3-4b-keep4-s42:768:0,768,0,0,0,0,2,34
qwen3-4b-keep4-s42,qwen3-4b-keep4-s42:768:5,768,29,0,0,0,13,34
qwen3-4b-keep4-s42,qwen3-4b-keep4-s42:769:1,769,45,0,0,0,29,40
qwen3-4b-keep4-s42,qwen3-4b-keep4-s42:769:2,769,469,0,0,0,20,40
qwen3-4b-keep4-s42,qwen3-4b-keep4-s42:770:0,770,330,0,0,0,16,91
qwen3-4b-keep4-s42,qwen3-4b-keep4-s42:770:1,770,316,0,0,0,11,91
qwen3-4b-keep4-s42,qwen3-4b-keep4-s42:770:2,770,326,0,0,0,14,91
qwen3-4b-keep4-s42,qwen3-4b-keep4-s42:770:3,770,345,0,0,0,8,91
qwen3-4b-keep4-s42,qwen3-4b-keep4-s42:770:4,770,409,0,0,0,16,91
qwen3-4b-keep4-s42,qwen3-4b-keep4-s42:770:5,770,338,4,0,1,19,91
qwen3-4b-keep4-s42,qwen3-4b-keep4-s42:770:6,770,349,34,0,2,17,91
qwen3-4b-keep4-s42,qwen3-4b-keep4-s42:770:7,770,368,0,0,0,15,91
qwen3-4b-keep4-s42,qwen3-4b-keep4-s42:771:2,771,1,0,0,0,16,63
qwen3-4b-keep4-s42,qwen3-4b-keep4-s42:772:0,772,457,0,0,0,5,45
qwen3-4b-keep4-s42,qwen3-4b-keep4-s42:772:1,772,444,0,0,0,7,45
qwen3-4b-keep4-s42,qwen3-4b-keep4-s42:772:3,772,353,0,0,0,5,45
qwen3-4b-keep4-s42,qwen3-4b-keep4-s42:772:4,772,307,0,0,0,6,45
qwen3-4b-keep4-s42,qwen3-4b-keep4-s42:772:5,772,7,0,0,0,6,45
qwen3-4b-keep4-s42,qwen3-4b-keep4-s42:772:6,772,26,0,0,0,10,45
qwen3-4b-keep4-s42,qwen3-4b-keep4-s42:773:2,773,413,0,0,0,30,100
qwen3-4b-keep4-s42,qwen3-4b-keep4-s42:773:3,773,447,0,0,0,21,100
qwen3-4b-keep4-s42,qwen3-4b-keep4-s42:773:4,773,301,0,0,0,37,100
qwen3-4b-keep4-s42,qwen3-4b-keep4-s42:774:0,774,308,0,0,0,8,66
qwen3-4b-keep4-s42,qwen3-4b-keep4-s42:774:1,774,293,0,0,0,7,66
qwen3-4b-keep4-s42,qwen3-4b-keep4-s42:774:3,774,335,0,0,0,1,66
qwen3-4b-keep4-s42,qwen3-4b-keep4-s42:774:5,774,407,0,0,0,8,66
qwen3-4b-keep4-s42,qwen3-4b-keep4-s42:774:6,774,362,0,0,0,7,66
qwen3-4b-keep4-s42,qwen3-4b-keep4-s42:774:7,774,310,0,0,0,2,66
qwen3-4b-keep4-s42,qwen3-4b-keep4-s42:776:6,776,8,0,0,0,24,56
qwen3-4b-keep4-s42,qwen3-4b-keep4-s42:779:0,779,181,0,0,0,19,92
qwen3-4b-keep4-s42,qwen3-4b-keep4-s42:779:1,779,5,0,0,0,34,92
qwen3-4b-keep4-s42,qwen3-4b-keep4-s42:779:3,779,109,31,1,3,6,92
qwen3-4b-keep4-s42,qwen3-4b-keep4-s42:779:4,779,6,0,0,0,36,92
qwen3-4b-keep4-s42,qwen3-4b-keep4-s42:779:6,779,289,0,0,0,26,92
qwen3-4b-keep4-s42,qwen3-4b-keep4-s42:779:7,779,421,0,0,0,23,92
qwen3-4b-keep4-s42,qwen3-4b-keep4-s42:780:1,780,440,0,0,0,12,82
qwen3-4b-keep4-s42,qwen3-4b-keep4-s42:780:2,780,293,0,0,0,19,82
qwen3-4b-keep4-s42,qwen3-4b-keep4-s42:780:3,780,0,0,0,0,18,82
qwen3-4b-keep4-s42,qwen3-4b-keep4-s42:780:4,780,377,54,3,15,19,82
qwen3-4b-keep4-s42,qwen3-4b-keep4-s42:780:5,780,421,0,0,0,8,82
qwen3-4b-keep4-s42,qwen3-4b-keep4-s42:780:6,780,313,0,0,0,23,82
qwen3-4b-keep4-s42,qwen3-4b-keep4-s42:780:7,780,436,0,0,0,17,82
qwen3-4b-keep4-s42,qwen3-4b-keep4-s42:781:0,781,241,0,0,0,35,90
qwen3-4b-keep4-s42,qwen3-4b-keep4-s42:781:5,781,257,0,0,0,31,90
qwen3-4b-keep4-s42,qwen3-4b-keep4-s42:782:3,782,7,0,0,0,16,60
qwen3-4b-keep4-s42,qwen3-4b-keep4-s42:783:0,783,489,0,0,0,12,51
qwen3-4b-keep4-s42,qwen3-4b-keep4-s42:783:1,783,517,0,0,0,7,51
qwen3-4b-keep4-s42,qwen3-4b-keep4-s42:783:2,783,519,0,0,0,11,51
qwen3-4b-keep4-s42,qwen3-4b-keep4-s42:783:3,783,462,0,0,0,10,51
qwen3-4b-keep4-s42,qwen3-4b-keep4-s42:783:4,783,490,0,0,0,10,51
qwen3-4b-keep4-s42,qwen3-4b-keep4-s42:783:5,783,547,0,0,0,6,51
qwen3-4b-keep4-s42,qwen3-4b-keep4-s42:784:7,784,502,0,0,0,15,29
qwen3-4b-keep4-s42,qwen3-4b-keep4-s42:785:3,785,279,0,0,0,8,29
qwen3-4b-keep4-s42,qwen3-4b-keep4-s42:789:0,789,395,0,0,0,9,70
qwen3-4b-keep4-s42,qwen3-4b-keep4-s42:789:1,789,20,0,0,0,8,70
qwen3-4b-keep4-s42,qwen3-4b-keep4-s42:789:2,789,229,0,0,0,8,70
qwen3-4b-keep4-s42,qwen3-4b-keep4-s42:789:3,789,387,0,0,0,19,70
qwen3-4b-keep4-s42,qwen3-4b-keep4-s42:789:5,789,132,86,3,8,14,70
qwen3-4b-keep4-s42,qwen3-4b-keep4-s42:789:6,789,295,0,0,0,2,70
qwen3-4b-keep4-s42,qwen3-4b-keep4-s42:789:7,789,242,0,0,0,11,70
qwen3-4b-keep4-s42,qwen3-4b-keep4-s42:791:0,791,106,91,2,5,19,83
qwen3-4b-keep4-s42,qwen3-4b-keep4-s42:791:1,791,24,0,0,0,21,83
qwen3-4b-keep4-s42,qwen3-4b-keep4-s42:791:2,791,322,0,0,0,20,83
qwen3-4b-keep4-s42,qwen3-4b-keep4-s42:791:4,791,116,34,0,4,15,83
qwen3-4b-keep4-s42,qwen3-4b-keep4-s42:791:5,791,3,0,0,0,17,83
qwen3-4b-keep4-s42,qwen3-4b-keep4-s42:791:6,791,352,0,0,0,19,83
qwen3-4b-keep4-s42,qwen3-4b-keep4-s42:791:7,791,534,0,0,0,17,83
qwen3-4b-keep4-s42,qwen3-4b-keep4-s42:793:2,793,401,0,0,0,7,72
qwen3-4b-keep4-s42,qwen3-4b-keep4-s42:793:3,793,355,0,0,0,25,72
qwen3-4b-keep4-s42,qwen3-4b-keep4-s42:793:7,793,327,0,0,0,16,72
qwen3-4b-keep4-s42,qwen3-4b-keep4-s42:794:7,794,464,0,0,0,35,90
qwen3-4b-keep4-s42,qwen3-4b-keep4-s42:796:0,796,7,0,0,0,24,41
qwen3-4b-keep4-s42,qwen3-4b-keep4-s42:796:2,796,404,0,0,0,20,41
qwen3-4b-keep4-s42,qwen3-4b-keep4-s42:796:4,796,21,0,0,0,22,41
qwen3-4b-keep4-s42,qwen3-4b-keep4-s42:796:7,796,10,0,0,0,21,41
qwen3-4b-keep4-s42,qwen3-4b-keep4-s42:797:0,797,4,0,0,0,17,60
qwen3-4b-keep4-s42,qwen3-4b-keep4-s42:797:1,797,18,13,0,3,21,60
qwen3-4b-keep4-s42,qwen3-4b-keep4-s42:797:3,797,0,0,0,0,16,60
qwen3-4b-keep4-s42,qwen3-4b-keep4-s42:797:4,797,12,0,0,0,18,60
qwen3-4b-keep4-s42,qwen3-4b-keep4-s42:797:7,797,476,0,0,0,11,60
qwen3-4b-keep4-s42,qwen3-4b-keep4-s42:798:1,798,313,0,0,0,15,69
qwen3-4b-keep4-s42,qwen3-4b-keep4-s42:798:2,798,494,0,0,0,15,69
qwen3-4b-keep4-s42,qwen3-4b-keep4-s42:798:4,798,497,0,0,0,14,69
qwen3-4b-keep4-s42,qwen3-4b-keep4-s42:798:6,798,447,0,0,0,12,69
qwen3-4b-keep4-s42,qwen3-4b-keep4-s42:798:7,798,334,0,0,0,20,69
qwen3-4b-keep4-s42,qwen3-4b-keep4-s42:800:6,800,1,0,0,0,36,69
qwen3-4b-keep4-s42,qwen3-4b-keep4-s42:801:4,801,455,0,0,0,18,48
qwen3-4b-keep4-s42,qwen3-4b-keep4-s42:801:6,801,400,0,0,0,17,48
qwen3-4b-keep4-s42,qwen3-4b-keep4-s42:801:7,801,508,0,0,0,15,48
qwen3-4b-keep4-s42,qwen3-4b-keep4-s42:803:7,803,372,0,0,0,36,53
qwen3-4b-keep4-s42,qwen3-4b-keep4-s42:805:5,805,358,0,0,0,12,59
qwen3-4b-keep4-s42,qwen3-4b-keep4-s42:806:1,806,359,0,0,0,56,81
qwen3-4b-keep4-s42,qwen3-4b-keep4-s42:806:7,806,501,0,0,0,46,81
qwen3-4b-keep4-s42,qwen3-4b-keep4-s42:807:0,807,368,0,0,0,9,43
qwen3-4b-keep4-s42,qwen3-4b-keep4-s42:807:3,807,445,0,0,0,4,43
qwen3-4b-keep4-s42,qwen3-4b-keep4-s42:807:4,807,457,0,0,0,6,43
qwen3-4b-keep4-s42,qwen3-4b-keep4-s42:807:5,807,356,0,0,0,5,43
qwen3-4b-keep4-s42,qwen3-4b-keep4-s42:807:6,807,461,0,0,0,5,43
qwen3-4b-keep4-s42,qwen3-4b-keep4-s42:807:7,807,432,0,0,0,9,43
qwen3-4b-keep4-s42,qwen3-4b-keep4-s42:808:1,808,510,0,0,0,12,28
qwen3-4b-keep4-s42,qwen3-4b-keep4-s42:808:4,808,26,0,0,0,13,28
qwen3-4b-keep4-s42,qwen3-4b-keep4-s42:809:0,809,24,0,0,0,7,63
qwen3-4b-keep4-s42,qwen3-4b-keep4-s42:809:1,809,378,0,0,0,9,63
qwen3-4b-keep4-s42,qwen3-4b-keep4-s42:809:2,809,408,0,0,0,9,63
qwen3-4b-keep4-s42,qwen3-4b-keep4-s42:809:3,809,17,0,0,0,11,63
qwen3-4b-keep4-s42,qwen3-4b-keep4-s42:809:5,809,405,0,0,0,8,63
qwen3-4b-keep4-s42,qwen3-4b-keep4-s42:809:6,809,528,0,0,0,5,63
qwen3-4b-keep4-s42,qwen3-4b-keep4-s42:809:7,809,25,0,0,0,5,63
qwen3-4b-keep4-s42,qwen3-4b-keep4-s42:811:0,811,20,0,0,0,20,87
qwen3-4b-keep4-s42,qwen3-4b-keep4-s42:811:1,811,253,0,0,0,23,87
qwen3-4b-keep4-s42,qwen3-4b-keep4-s42:811:2,811,367,0,0,0,21,87
qwen3-4b-keep4-s42,qwen3-4b-keep4-s42:811:4,811,308,0,0,0,25,87
qwen3-4b-keep4-s42,qwen3-4b-keep4-s42:811:6,811,16,0,0,0,23,87
qwen3-4b-keep4-s42,qwen3-4b-keep4-s42:815:0,815,71,0,0,0,22,55
qwen3-4b-keep4-s42,qwen3-4b-keep4-s42:815:2,815,462,0,0,0,17,55
qwen3-4b-keep4-s42,qwen3-4b-keep4-s42:815:4,815,304,0,0,0,15,55
qwen3-4b-keep4-s42,qwen3-4b-keep4-s42:815:5,815,415,0,0,0,27,55
qwen3-4b-keep4-s42,qwen3-4b-keep4-s42:815:6,815,428,0,0,0,20,55
qwen3-4b-keep4-s42,qwen3-4b-keep4-s42:815:7,815,8,0,0,0,24,55
qwen3-4b-keep4-s42,qwen3-4b-keep4-s42:816:1,816,422,0,0,0,40,54
qwen3-4b-keep4-s42,qwen3-4b-keep4-s42:816:6,816,487,0,0,0,37,54
qwen3-4b-keep4-s42,qwen3-4b-keep4-s42:817:2,817,336,0,0,0,20,53
qwen3-4b-keep4-s42,qwen3-4b-keep4-s42:817:7,817,0,0,0,0,43,53
qwen3-4b-keep4-s42,qwen3-4b-keep4-s42:819:0,819,337,0,0,0,16,53
qwen3-4b-keep4-s42,qwen3-4b-keep4-s42:819:2,819,47,0,0,0,21,53
qwen3-4b-keep4-s42,qwen3-4b-keep4-s42:819:3,819,118,0,0,0,30,53
qwen3-4b-keep4-s42,qwen3-4b-keep4-s42:819:4,819,461,0,0,0,22,53
qwen3-4b-keep4-s42,qwen3-4b-keep4-s42:819:5,819,33,0,0,0,24,53
qwen3-4b-keep4-s42,qwen3-4b-keep4-s42:819:6,819,57,0,0,0,14,53
qwen3-4b-keep4-s42,qwen3-4b-keep4-s42:820:0,820,336,0,0,0,11,32
qwen3-4b-keep4-s42,qwen3-4b-keep4-s42:820:1,820,0,0,0,0,13,32
qwen3-4b-keep4-s42,qwen3-4b-keep4-s42:820:2,820,379,0,0,0,12,32
qwen3-4b-keep4-s42,qwen3-4b-keep4-s42:820:5,820,414,0,0,0,9,32
qwen3-4b-keep4-s42,qwen3-4b-keep4-s42:820:6,820,395,0,0,0,10,32
qwen3-4b-keep4-s42,qwen3-4b-keep4-s42:820:7,820,376,0,0,0,5,32
qwen3-4b-keep4-s42,qwen3-4b-keep4-s42:821:2,821,452,0,0,0,14,66
qwen3-4b-keep4-s42,qwen3-4b-keep4-s42:821:3,821,6,0,0,0,21,66
qwen3-4b-keep4-s42,qwen3-4b-keep4-s42:821:5,821,30,0,0,0,16,66
qwen3-4b-keep4-s42,qwen3-4b-keep4-s42:822:2,822,427,0,0,0,16,55
qwen3-4b-keep4-s42,qwen3-4b-keep4-s42:822:3,822,555,0,0,0,7,55
qwen3-4b-keep4-s42,qwen3-4b-keep4-s42:822:6,822,457,0,0,0,12,55
qwen3-4b-keep4-s42,qwen3-4b-keep4-s42:823:4,823,8,0,0,0,15,45
qwen3-4b-keep4-s42,qwen3-4b-keep4-s42:823:7,823,333,0,0,0,18,45
qwen3-4b-keep4-s42,qwen3-4b-keep4-s42:824:0,824,10,0,0,0,26,69
qwen3-4b-keep4-s42,qwen3-4b-keep4-s42:824:2,824,16,0,0,0,37,69
qwen3-4b-keep4-s42,qwen3-4b-keep4-s42:824:4,824,13,0,0,0,37,69
qwen3-4b-keep4-s42,qwen3-4b-keep4-s42:825:4,825,343,0,0,0,16,66
qwen3-4b-keep4-s42,qwen3-4b-keep4-s42:825:5,825,39,0,0,0,22,66
qwen3-4b-keep4-s42,qwen3-4b-keep4-s42:825:6,825,389,0,0,0,15,66
qwen3-4b-keep4-s42,qwen3-4b-keep4-s42:827:2,827,8,0,0,0,18,69
qwen3-4b-keep4-s42,qwen3-4b-keep4-s42:828:0,828,332,0,0,0,22,82
qwen3-4b-keep4-s42,qwen3-4b-keep4-s42:828:7,828,284,0,0,0,16,82
qwen3-4b-keep4-s42,qwen3-4b-keep4-s42:829:0,829,158,0,0,0,39,133
qwen3-4b-keep4-s42,qwen3-4b-keep4-s42:829:1,829,198,0,0,0,27,133
qwen3-4b-keep4-s42,qwen3-4b-keep4-s42:829:5,829,1,0,0,0,37,133
qwen3-4b-keep4-s42,qwen3-4b-keep4-s42:830:0,830,322,0,0,0,21,80
qwen3-4b-keep4-s42,qwen3-4b-keep4-s42:830:3,830,272,0,0,0,22,80
qwen3-4b-keep4-s42,qwen3-4b-keep4-s42:830:4,830,270,0,0,0,27,80
qwen3-4b-keep4-s42,qwen3-4b-keep4-s42:830:5,830,401,0,0,0,28,80
qwen3-4b-keep4-s42,qwen3-4b-keep4-s42:830:7,830,0,0,0,0,32,80
qwen3-4b-keep4-s42,qwen3-4b-keep4-s42:832:2,832,44,0,0,0,32,71
qwen3-4b-keep4-s42,qwen3-4b-keep4-s42:832:3,832,592,0,0,0,24,71
qwen3-4b-keep4-s42,qwen3-4b-keep4-s42:832:5,832,12,0,0,0,41,71
qwen3-4b-keep4-s42,qwen3-4b-keep4-s42:832:6,832,23,10,2,1,35,71
qwen3-4b-keep4-s42,qwen3-4b-keep4-s42:833:0,833,97,32,0,6,11,63
qwen3-4b-keep4-s42,qwen3-4b-keep4-s42:833:1,833,322,0,0,0,7,63
qwen3-4b-keep4-s42,qwen3-4b-keep4-s42:833:2,833,415,0,0,0,10,63
qwen3-4b-keep4-s42,qwen3-4b-keep4-s42:833:4,833,430,0,0,0,11,63
qwen3-4b-keep4-s42,qwen3-4b-keep4-s42:833:5,833,10,0,0,0,17,63
qwen3-4b-keep4-s42,qwen3-4b-keep4-s42:833:6,833,331,0,0,0,15,63
qwen3-4b-keep4-s42,qwen3-4b-keep4-s42:833:7,833,157,0,0,0,6,63
qwen3-4b-keep4-s42,qwen3-4b-keep4-s42:834:0,834,433,0,0,0,7,55
qwen3-4b-keep4-s42,qwen3-4b-keep4-s42:834:1,834,359,0,0,0,7,55
qwen3-4b-keep4-s42,qwen3-4b-keep4-s42:834:2,834,532,0,0,0,9,55
qwen3-4b-keep4-s42,qwen3-4b-keep4-s42:834:3,834,429,0,0,0,7,55
qwen3-4b-keep4-s42,qwen3-4b-keep4-s42:834:4,834,450,0,0,0,12,55
qwen3-4b-keep4-s42,qwen3-4b-keep4-s42:834:5,834,469,0,0,0,2,55
qwen3-4b-keep4-s42,qwen3-4b-keep4-s42:834:7,834,355,2,0,0,6,55
qwen3-4b-keep4-s42,qwen3-4b-keep4-s42:835:2,835,22,0,0,0,39,89
qwen3-4b-keep4-s42,qwen3-4b-keep4-s42:835:3,835,353,0,0,0,28,89
qwen3-4b-keep4-s42,qwen3-4b-keep4-s42:836:0,836,70,13,0,0,3,58
qwen3-4b-keep4-s42,qwen3-4b-keep4-s42:836:1,836,366,0,0,0,12,58
qwen3-4b-keep4-s42,qwen3-4b-keep4-s42:836:2,836,390,0,0,0,16,58
qwen3-4b-keep4-s42,qwen3-4b-keep4-s42:836:3,836,58,21,0,0,9,58
qwen3-4b-keep4-s42,qwen3-4b-keep4-s42:836:4,836,476,0,0,0,6,58
qwen3-4b-keep4-s42,qwen3-4b-keep4-s42:836:5,836,403,0,0,0,2,58
qwen3-4b-keep4-s42,qwen3-4b-keep4-s42:836:6,836,413,0,0,0,11,58
qwen3-4b-keep4-s42,qwen3-4b-keep4-s42:836:7,836,406,19,2,3,4,58
qwen3-4b-keep4-s42,qwen3-4b-keep4-s42:837:0,837,276,0,0,0,28,86
qwen3-4b-keep4-s42,qwen3-4b-keep4-s42:837:1,837,15,0,0,0,9,86
qwen3-4b-keep4-s42,qwen3-4b-keep4-s42:837:5,837,401,0,0,0,26,86
qwen3-4b-keep4-s42,qwen3-4b-keep4-s42:837:6,837,311,0,0,0,26,86
qwen3-4b-keep4-s42,qwen3-4b-keep4-s42:839:6,839,352,0,0,0,21,41
qwen3-4b-keep4-s42,qwen3-4b-keep4-s42:840:5,840,249,0,0,0,43,94
qwen3-4b-keep4-s42,qwen3-4b-keep4-s42:840:7,840,0,0,0,0,27,94
qwen3-4b-keep4-s42,qwen3-4b-keep4-s42:841:0,841,451,0,0,0,24,48
qwen3-4b-keep4-s42,qwen3-4b-keep4-s42:841:3,841,426,0,0,0,21,48
qwen3-4b-keep4-s42,qwen3-4b-keep4-s42:842:2,842,34,0,0,0,36,102
qwen3-4b-keep4-s42,qwen3-4b-keep4-s42:842:3,842,0,0,0,0,32,102
qwen3-4b-keep4-s42,qwen3-4b-keep4-s42:842:4,842,19,0,0,0,30,102
qwen3-4b-keep4-s42,qwen3-4b-keep4-s42:842:5,842,0,0,0,0,36,102
qwen3-4b-keep4-s42,qwen3-4b-keep4-s42:842:6,842,19,0,0,0,27,102
qwen3-4b-keep4-s42,qwen3-4b-keep4-s42:842:7,842,9,0,0,0,31,102
qwen3-4b-keep4-s42,qwen3-4b-keep4-s42:843:3,843,17,0,0,0,21,65
qwen3-4b-keep4-s42,qwen3-4b-keep4-s42:843:4,843,14,0,0,0,18,65
qwen3-4b-keep4-s42,qwen3-4b-keep4-s42:844:0,844,327,0,0,0,10,70
qwen3-4b-keep4-s42,qwen3-4b-keep4-s42:844:1,844,500,0,0,0,10,70
qwen3-4b-keep4-s42,qwen3-4b-keep4-s42:844:2,844,276,0,0,0,9,70
qwen3-4b-keep4-s42,qwen3-4b-keep4-s42:844:3,844,330,0,0,0,12,70
qwen3-4b-keep4-s42,qwen3-4b-keep4-s42:844:4,844,20,0,0,0,7,70
qwen3-4b-keep4-s42,qwen3-4b-keep4-s42:844:5,844,240,0,0,0,10,70
qwen3-4b-keep4-s42,qwen3-4b-keep4-s42:844:6,844,118,0,0,0,7,70
qwen3-4b-keep4-s42,qwen3-4b-keep4-s42:846:1,846,21,0,0,0,23,52
qwen3-4b-keep4-s42,qwen3-4b-keep4-s42:846:4,846,377,0,0,0,23,52
qwen3-4b-keep4-s42,qwen3-4b-keep4-s42:846:6,846,0,0,0,0,21,52
qwen3-4b-keep4-s42,qwen3-4b-keep4-s42:846:7,846,438,0,0,0,18,52
qwen3-4b-keep4-s42,qwen3-4b-keep4-s42:848:0,848,338,0,0,0,8,68
qwen3-4b-keep4-s42,qwen3-4b-keep4-s42:848:1,848,158,0,0,0,19,68
qwen3-4b-keep4-s42,qwen3-4b-keep4-s42:848:3,848,185,0,0,0,11,68
qwen3-4b-keep4-s42,qwen3-4b-keep4-s42:848:5,848,417,0,0,0,5,68
qwen3-4b-keep4-s42,qwen3-4b-keep4-s42:848:6,848,6,0,0,0,8,68
qwen3-4b-keep4-s42,qwen3-4b-keep4-s42:848:7,848,471,0,0,0,2,68
qwen3-4b-keep4-s42,qwen3-4b-keep4-s42:849:4,849,9,0,0,0,38,71
qwen3-4b-keep4-s42,qwen3-4b-keep4-s42:849:6,849,7,0,0,0,39,71
qwen3-4b-keep4-s42,qwen3-4b-keep4-s42:849:7,849,13,0,0,0,41,71
qwen3-4b-keep4-s42,qwen3-4b-keep4-s42:851:0,851,35,0,0,0,16,48
qwen3-4b-keep4-s42,qwen3-4b-keep4-s42:851:2,851,29,0,0,0,14,48
qwen3-4b-keep4-s42,qwen3-4b-keep4-s42:851:6,851,212,0,0,0,7,48
qwen3-4b-keep4-s42,qwen3-4b-keep4-s42:852:6,852,579,0,0,0,15,31
qwen3-4b-keep4-s42,qwen3-4b-keep4-s42:853:0,853,50,47,0,1,19,98
qwen3-4b-keep4-s42,qwen3-4b-keep4-s42:853:1,853,6,0,0,0,12,98
qwen3-4b-keep4-s42,qwen3-4b-keep4-s42:853:4,853,293,0,0,0,16,98
qwen3-4b-keep4-s42,qwen3-4b-keep4-s42:853:7,853,12,0,0,0,22,98
qwen3-4b-keep4-s42,qwen3-4b-keep4-s42:854:0,854,291,0,0,0,10,88
qwen3-4b-keep4-s42,qwen3-4b-keep4-s42:854:5,854,5,0,0,0,27,88
qwen3-4b-keep4-s42,qwen3-4b-keep4-s42:854:6,854,265,0,0,0,23,88
qwen3-4b-keep4-s42,qwen3-4b-keep4-s42:854:7,854,95,0,0,0,23,88
qwen3-4b-keep4-s42,qwen3-4b-keep4-s42:855:5,855,0,0,0,0,35,66
qwen3-4b-keep4-s42,qwen3-4b-keep4-s42:857:6,857,1,0,0,0,10,50
qwen3-4b-keep4-s42,qwen3-4b-keep4-s42:858:0,858,55,26,0,1,21,66
qwen3-4b-keep4-s42,qwen3-4b-keep4-s42:858:2,858,213,0,0,0,25,66
qwen3-4b-keep4-s42,qwen3-4b-keep4-s42:858:3,858,397,0,0,0,15,66
qwen3-4b-keep4-s42,qwen3-4b-keep4-s42:858:5,858,339,0,0,0,26,66
qwen3-4b-keep4-s42,qwen3-4b-keep4-s42:858:6,858,8,0,0,0,28,66
qwen3-4b-keep4-s42,qwen3-4b-keep4-s42:859:0,859,445,0,0,0,9,53
qwen3-4b-keep4-s42,qwen3-4b-keep4-s42:859:3,859,372,0,0,0,11,53
qwen3-4b-keep4-s42,qwen3-4b-keep4-s42:859:4,859,435,0,0,0,12,53
qwen3-4b-keep4-s42,qwen3-4b-keep4-s42:859:5,859,382,0,0,0,14,53
qwen3-4b-keep4-s42,qwen3-4b-keep4-s42:859:7,859,495,0,0,0,13,53
qwen3-4b-keep4-s42,qwen3-4b-keep4-s42:861:0,861,393,0,0,0,26,62
qwen3-4b-keep4-s42,qwen3-4b-keep4-s42:861:3,861,10,0,0,0,19,62
qwen3-4b-keep4-s42,qwen3-4b-keep4-s42:861:4,861,474,0,0,0,23,62
qwen3-4b-keep4-s42,qwen3-4b-keep4-s42:861:6,861,474,0,0,0,24,62
qwen3-4b-keep4-s42,qwen3-4b-keep4-s42:862:2,862,90,0,0,0,30,76
qwen3-4b-keep4-s42,qwen3-4b-keep4-s42:864:0,864,470,0,0,0,25,46
qwen3-4b-keep4-s42,qwen3-4b-keep4-s42:865:0,865,287,0,0,0,11,106
qwen3-4b-keep4-s42,qwen3-4b-keep4-s42:865:1,865,252,0,0,0,18,106
qwen3-4b-keep4-s42,qwen3-4b-keep4-s42:865:2,865,479,0,0,0,8,106
qwen3-4b-keep4-s42,qwen3-4b-keep4-s42:865:3,865,309,0,0,0,19,106
qwen3-4b-keep4-s42,qwen3-4b-keep4-s42:865:4,865,4,0,0,0,15,106
qwen3-4b-keep4-s42,qwen3-4b-keep4-s42:865:5,865,120,0,0,0,21,106
qwen3-4b-keep4-s42,qwen3-4b-keep4-s42:865:6,865,392,0,0,0,13,106
qwen3-4b-keep4-s42,qwen3-4b-keep4-s42:865:7,865,344,0,0,0,10,106
qwen3-4b-keep4-s42,qwen3-4b-keep4-s42:866:3,866,366,0,0,0,17,53
qwen3-4b-keep4-s42,qwen3-4b-keep4-s42:866:7,866,84,0,0,0,21,53
qwen3-4b-keep4-s42,qwen3-4b-keep4-s42:867:0,867,428,0,0,0,0,72
qwen3-4b-keep4-s42,qwen3-4b-keep4-s42:867:1,867,378,0,0,0,3,72
qwen3-4b-keep4-s42,qwen3-4b-keep4-s42:867:2,867,248,146,0,0,3,72
qwen3-4b-keep4-s42,qwen3-4b-keep4-s42:867:3,867,439,0,0,0,3,72
qwen3-4b-keep4-s42,qwen3-4b-keep4-s42:867:4,867,312,0,0,0,3,72
qwen3-4b-keep4-s42,qwen3-4b-keep4-s42:867:5,867,290,0,0,0,5,72
qwen3-4b-keep4-s42,qwen3-4b-keep4-s42:867:6,867,373,0,0,0,4,72
qwen3-4b-keep4-s42,qwen3-4b-keep4-s42:867:7,867,351,0,0,0,3,72
qwen3-4b-keep4-s42,qwen3-4b-keep4-s42:870:6,870,437,0,0,0,26,80
qwen3-4b-keep4-s42,qwen3-4b-keep4-s42:871:0,871,436,0,0,0,14,74
qwen3-4b-keep4-s42,qwen3-4b-keep4-s42:871:1,871,449,0,0,0,17,74
qwen3-4b-keep4-s42,qwen3-4b-keep4-s42:871:2,871,384,0,0,0,14,74
qwen3-4b-keep4-s42,qwen3-4b-keep4-s42:871:3,871,443,0,0,0,11,74
qwen3-4b-keep4-s42,qwen3-4b-keep4-s42:871:4,871,1,0,0,0,14,74
qwen3-4b-keep4-s42,qwen3-4b-keep4-s42:871:5,871,396,0,0,0,8,74
qwen3-4b-keep4-s42,qwen3-4b-keep4-s42:872:2,872,303,0,0,0,6,89
qwen3-4b-keep4-s42,qwen3-4b-keep4-s42:872:3,872,325,0,0,0,12,89
qwen3-4b-keep4-s42,qwen3-4b-keep4-s42:872:5,872,326,0,0,0,5,89
qwen3-4b-keep4-s42,qwen3-4b-keep4-s42:872:7,872,454,0,0,0,9,89
qwen3-4b-keep4-s42,qwen3-4b-keep4-s42:873:2,873,0,0,0,0,32,58
qwen3-4b-keep4-s42,qwen3-4b-keep4-s42:874:0,874,51,36,1,2,11,52
qwen3-4b-keep4-s42,qwen3-4b-keep4-s42:874:3,874,355,0,0,0,15,52
qwen3-4b-keep4-s42,qwen3-4b-keep4-s42:874:4,874,332,0,0,0,13,52
qwen3-4b-keep4-s42,qwen3-4b-keep4-s42:874:6,874,342,0,0,0,4,52
qwen3-4b-keep4-s42,qwen3-4b-keep4-s42:875:0,875,352,0,0,0,28,102
qwen3-4b-keep4-s42,qwen3-4b-keep4-s42:875:1,875,316,0,0,0,38,102
qwen3-4b-keep4-s42,qwen3-4b-keep4-s42:875:2,875,510,0,0,0,38,102
qwen3-4b-keep4-s42,qwen3-4b-keep4-s42:875:3,875,48,0,0,0,36,102
qwen3-4b-keep4-s42,qwen3-4b-keep4-s42:875:4,875,47,0,0,0,40,102
qwen3-4b-keep4-s42,qwen3-4b-keep4-s42:875:5,875,279,0,0,0,38,102
qwen3-4b-keep4-s42,qwen3-4b-keep4-s42:875:6,875,404,0,0,0,49,102
qwen3-4b-keep4-s42,qwen3-4b-keep4-s42:876:3,876,12,0,0,0,18,49
qwen3-4b-keep4-s42,qwen3-4b-keep4-s42:877:2,877,523,0,0,0,8,37
qwen3-4b-keep4-s42,qwen3-4b-keep4-s42:878:5,878,557,0,0,0,30,62
qwen3-4b-keep4-s42,qwen3-4b-keep4-s42:879:0,879,341,0,0,0,15,64
qwen3-4b-keep4-s42,qwen3-4b-keep4-s42:879:1,879,357,0,0,0,18,64
qwen3-4b-keep4-s42,qwen3-4b-keep4-s42:879:2,879,401,0,0,0,9,64
qwen3-4b-keep4-s42,qwen3-4b-keep4-s42:879:3,879,293,0,0,0,21,64
qwen3-4b-keep4-s42,qwen3-4b-keep4-s42:879:4,879,13,0,0,0,18,64
qwen3-4b-keep4-s42,qwen3-4b-keep4-s42:879:6,879,339,0,0,0,20,64
qwen3-4b-keep4-s42,qwen3-4b-keep4-s42:879:7,879,260,0,0,0,16,64
qwen3-4b-keep4-s42,qwen3-4b-keep4-s42:880:5,880,383,0,0,0,6,19
qwen3-4b-keep4-s42,qwen3-4b-keep4-s42:882:1,882,395,0,0,0,5,37
qwen3-4b-keep4-s42,qwen3-4b-keep4-s42:882:2,882,357,0,0,0,2,37
qwen3-4b-keep4-s42,qwen3-4b-keep4-s42:882:3,882,315,0,0,0,5,37
qwen3-4b-keep4-s42,qwen3-4b-keep4-s42:882:4,882,0,0,0,0,3,37
qwen3-4b-keep4-s42,qwen3-4b-keep4-s42:882:5,882,336,0,0,0,7,37
qwen3-4b-keep4-s42,qwen3-4b-keep4-s42:882:7,882,403,0,0,0,6,37
qwen3-4b-keep4-s42,qwen3-4b-keep4-s42:885:1,885,302,0,0,0,10,61
qwen3-4b-keep4-s42,qwen3-4b-keep4-s42:885:3,885,51,13,0,0,16,61
qwen3-4b-keep4-s42,qwen3-4b-keep4-s42:885:5,885,375,0,0,0,15,61
qwen3-4b-keep4-s42,qwen3-4b-keep4-s42:886:0,886,347,0,0,0,19,40
qwen3-4b-keep4-s42,qwen3-4b-keep4-s42:886:1,886,344,0,0,0,18,40
qwen3-4b-keep4-s42,qwen3-4b-keep4-s42:886:2,886,334,0,0,0,17,40
qwen3-4b-keep4-s42,qwen3-4b-keep4-s42:886:3,886,434,0,0,0,16,40
qwen3-4b-keep4-s42,qwen3-4b-keep4-s42:886:4,886,436,0,0,0,15,40
qwen3-4b-keep4-s42,qwen3-4b-keep4-s42:886:5,886,450,0,0,0,14,40
qwen3-4b-keep4-s42,qwen3-4b-keep4-s42:886:7,886,7,0,0,0,20,40
qwen3-4b-keep4-s42,qwen3-4b-keep4-s42:887:0,887,444,0,0,0,0,55
qwen3-4b-keep4-s42,qwen3-4b-keep4-s42:887:1,887,329,0,0,0,4,55
qwen3-4b-keep4-s42,qwen3-4b-keep4-s42:887:2,887,297,0,0,0,7,55
qwen3-4b-keep4-s42,qwen3-4b-keep4-s42:887:3,887,358,0,0,0,2,55
qwen3-4b-keep4-s42,qwen3-4b-keep4-s42:887:4,887,367,0,0,0,3,55
qwen3-4b-keep4-s42,qwen3-4b-keep4-s42:887:5,887,281,0,0,0,1,55
qwen3-4b-keep4-s42,qwen3-4b-keep4-s42:887:6,887,46,0,0,0,5,55
qwen3-4b-keep4-s42,qwen3-4b-keep4-s42:887:7,887,142,0,0,0,5,55
qwen3-4b-keep4-s42,qwen3-4b-keep4-s42:888:0,888,0,0,0,0,23,82
qwen3-4b-keep4-s42,qwen3-4b-keep4-s42:888:1,888,1,0,0,0,17,82
qwen3-4b-keep4-s42,qwen3-4b-keep4-s42:888:2,888,375,0,0,0,10,82
qwen3-4b-keep4-s42,qwen3-4b-keep4-s42:888:3,888,169,36,1,2,20,82
qwen3-4b-keep4-s42,qwen3-4b-keep4-s42:888:4,888,324,0,0,0,19,82
qwen3-4b-keep4-s42,qwen3-4b-keep4-s42:888:6,888,330,0,0,0,17,82
qwen3-4b-keep4-s42,qwen3-4b-keep4-s42:888:7,888,352,0,0,0,24,82
qwen3-4b-keep4-s42,qwen3-4b-keep4-s42:889:0,889,0,0,0,0,10,28
qwen3-4b-keep4-s42,qwen3-4b-keep4-s42:889:1,889,5,0,0,0,8,28
qwen3-4b-keep4-s42,qwen3-4b-keep4-s42:889:3,889,374,0,0,0,6,28
qwen3-4b-keep4-s42,qwen3-4b-keep4-s42:889:4,889,368,0,0,0,9,28
qwen3-4b-keep4-s42,qwen3-4b-keep4-s42:889:5,889,500,0,0,0,7,28
qwen3-4b-keep4-s42,qwen3-4b-keep4-s42:889:7,889,443,0,0,0,11,28
qwen3-4b-keep4-s42,qwen3-4b-keep4-s42:890:0,890,249,0,0,0,42,66
qwen3-4b-keep4-s42,qwen3-4b-keep4-s42:890:6,890,284,0,0,0,32,66
qwen3-4b-keep4-s42,qwen3-4b-keep4-s42:891:0,891,11,0,0,0,23,82
qwen3-4b-keep4-s42,qwen3-4b-keep4-s42:891:1,891,519,0,0,0,21,82
qwen3-4b-keep4-s42,qwen3-4b-keep4-s42:891:3,891,44,0,0,0,22,82
qwen3-4b-keep4-s42,qwen3-4b-keep4-s42:891:5,891,19,0,0,0,22,82
qwen3-4b-keep4-s42,qwen3-4b-keep4-s42:892:1,892,483,0,0,0,14,35
qwen3-4b-keep4-s42,qwen3-4b-keep4-s42:894:0,894,5,0,0,0,15,59
qwen3-4b-keep4-s42,qwen3-4b-keep4-s42:894:1,894,415,0,0,0,15,59
qwen3-4b-keep4-s42,qwen3-4b-keep4-s42:894:3,894,413,0,0,0,20,59
qwen3-4b-keep4-s42,qwen3-4b-keep4-s42:894:4,894,215,0,0,0,19,59
qwen3-4b-keep4-s42,qwen3-4b-keep4-s42:894:5,894,391,0,0,0,19,59
qwen3-4b-keep4-s42,qwen3-4b-keep4-s42:894:6,894,424,0,0,0,17,59
qwen3-4b-keep4-s42,qwen3-4b-keep4-s42:894:7,894,367,0,0,0,16,59
qwen3-4b-keep4-s42,qwen3-4b-keep4-s42:895:6,895,424,0,0,0,31,66
qwen3-4b-keep4-s42,qwen3-4b-keep4-s42:896:0,896,249,0,0,0,12,89
qwen3-4b-keep4-s42,qwen3-4b-keep4-s42:896:1,896,363,0,0,0,7,89
qwen3-4b-keep4-s42,qwen3-4b-keep4-s42:896:2,896,275,0,0,0,15,89
qwen3-4b-keep4-s42,qwen3-4b-keep4-s42:896:3,896,379,0,0,0,5,89
qwen3-4b-keep4-s42,qwen3-4b-keep4-s42:896:4,896,339,0,0,0,7,89
qwen3-4b-keep4-s42,qwen3-4b-keep4-s42:896:5,896,248,0,0,0,12,89
qwen3-4b-keep4-s42,qwen3-4b-keep4-s42:896:6,896,306,0,0,0,15,89
qwen3-4b-keep4-s42,qwen3-4b-keep4-s42:896:7,896,375,0,0,0,8,89
qwen3-4b-keep4-s42,qwen3-4b-keep4-s42:897:0,897,286,0,0,0,15,54
qwen3-4b-keep4-s42,qwen3-4b-keep4-s42:897:3,897,0,0,0,0,9,54
qwen3-4b-keep4-s42,qwen3-4b-keep4-s42:897:4,897,408,0,0,0,13,54
qwen3-4b-keep4-s42,qwen3-4b-keep4-s42:897:5,897,10,0,0,0,10,54
qwen3-4b-keep4-s42,qwen3-4b-keep4-s42:897:6,897,496,0,0,0,10,54
qwen3-4b-keep4-s42,qwen3-4b-keep4-s42:897:7,897,39,0,0,0,12,54
qwen3-4b-keep4-s42,qwen3-4b-keep4-s42:898:0,898,482,0,0,0,7,37
qwen3-4b-keep4-s42,qwen3-4b-keep4-s42:898:2,898,19,0,0,0,21,37
qwen3-4b-keep4-s42,qwen3-4b-keep4-s42:898:4,898,486,0,0,0,6,37
qwen3-4b-keep4-s42,qwen3-4b-keep4-s42:898:7,898,26,0,0,0,7,37
qwen3-4b-keep4-s42,qwen3-4b-keep4-s42:899:4,899,501,0,0,0,19,41
qwen3-4b-keep4-s42,qwen3-4b-keep4-s42:899:6,899,426,0,0,0,23,41
qwen3-4b-keep4-s42,qwen3-4b-keep4-s42:900:0,900,31,0,0,0,17,45
qwen3-4b-keep4-s42,qwen3-4b-keep4-s42:900:2,900,278,0,0,0,7,45
qwen3-4b-keep4-s42,qwen3-4b-keep4-s42:900:5,900,9,0,0,0,5,45
qwen3-4b-keep4-s42,qwen3-4b-keep4-s42:900:6,900,16,4,0,0,16,45
qwen3-4b-keep4-s42,qwen3-4b-keep4-s42:901:6,901,394,0,0,0,10,69
qwen3-4b-keep4-s42,qwen3-4b-keep4-s42:901:7,901,400,0,0,0,9,69
qwen3-4b-keep4-s42,qwen3-4b-keep4-s42:902:0,902,3,0,0,0,5,49
qwen3-4b-keep4-s42,qwen3-4b-keep4-s42:902:1,902,480,0,0,0,7,49
qwen3-4b-keep4-s42,qwen3-4b-keep4-s42:902:3,902,499,0,0,0,5,49
qwen3-4b-keep4-s42,qwen3-4b-keep4-s42:902:5,902,399,0,0,0,12,49
qwen3-4b-keep4-s42,qwen3-4b-keep4-s42:903:2,903,40,31,5,0,45,69
qwen3-4b-keep4-s42,qwen3-4b-keep4-s42:904:4,904,336,0,0,0,18,38
qwen3-4b-keep4-s42,qwen3-4b-keep4-s42:905:0,905,288,0,0,0,35,69
qwen3-4b-keep4-s42,qwen3-4b-keep4-s42:905:1,905,424,0,0,0,21,69
qwen3-4b-keep4-s42,qwen3-4b-keep4-s42:905:3,905,13,0,0,0,19,69
qwen3-4b-keep4-s42,qwen3-4b-keep4-s42:905:5,905,465,0,0,0,13,69
qwen3-4b-keep4-s42,qwen3-4b-keep4-s42:906:0,906,400,0,0,0,13,30
qwen3-4b-keep4-s42,qwen3-4b-keep4-s42:906:1,906,374,0,0,0,10,30
qwen3-4b-keep4-s42,qwen3-4b-keep4-s42:906:2,906,525,0,0,0,16,30
qwen3-4b-keep4-s42,qwen3-4b-keep4-s42:906:3,906,259,0,0,0,12,30
qwen3-4b-keep4-s42,qwen3-4b-keep4-s42:906:4,906,335,0,0,0,15,30
qwen3-4b-keep4-s42,qwen3-4b-keep4-s42:906:6,906,367,0,0,0,13,30
qwen3-4b-keep4-s42,qwen3-4b-keep4-s42:906:7,906,390,0,0,0,12,30
qwen3-4b-keep4-s42,qwen3-4b-keep4-s42:907:0,907,449,0,0,0,40,84
qwen3-4b-keep4-s42,qwen3-4b-keep4-s42:907:2,907,492,0,0,0,44,84
qwen3-4b-keep4-s42,qwen3-4b-keep4-s42:908:5,908,26,0,0,0,10,29
qwen3-4b-keep4-s42,qwen3-4b-keep4-s42:910:0,910,4,0,0,0,17,57
qwen3-4b-keep4-s42,qwen3-4b-keep4-s42:910:1,910,26,0,0,0,18,57
qwen3-4b-keep4-s42,qwen3-4b-keep4-s42:911:3,911,644,86,0,3,16,33
qwen3-4b-keep4-s42,qwen3-4b-keep4-s42:911:5,911,36,0,0,0,7,33
qwen3-4b-keep4-s42,qwen3-4b-keep4-s42:911:7,911,1,0,0,0,15,33
qwen3-4b-keep4-s42,qwen3-4b-keep4-s42:914:0,914,368,0,0,0,2,42
qwen3-4b-keep4-s42,qwen3-4b-keep4-s42:914:3,914,351,0,0,0,0,42
qwen3-4b-keep4-s42,qwen3-4b-keep4-s42:914:4,914,349,0,0,0,3,42
qwen3-4b-keep4-s42,qwen3-4b-keep4-s42:914:6,914,322,0,0,0,12,42
qwen3-4b-keep4-s42,qwen3-4b-keep4-s42:915:0,915,356,0,0,0,14,54
qwen3-4b-keep4-s42,qwen3-4b-keep4-s42:915:1,915,381,0,0,0,26,54
qwen3-4b-keep4-s42,qwen3-4b-keep4-s42:915:2,915,465,0,0,0,26,54
qwen3-4b-keep4-s42,qwen3-4b-keep4-s42:915:3,915,509,0,0,0,14,54
qwen3-4b-keep4-s42,qwen3-4b-keep4-s42:915:4,915,473,0,0,0,14,54
qwen3-4b-keep4-s42,qwen3-4b-keep4-s42:915:5,915,486,0,0,0,12,54
qwen3-4b-keep4-s42,qwen3-4b-keep4-s42:915:6,915,129,28,0,1,23,54
qwen3-4b-keep4-s42,qwen3-4b-keep4-s42:915:7,915,444,0,0,0,14,54
qwen3-4b-keep4-s42,qwen3-4b-keep4-s42:916:0,916,473,0,0,0,4,121
qwen3-4b-keep4-s42,qwen3-4b-keep4-s42:916:2,916,347,0,0,0,41,121
qwen3-4b-keep4-s42,qwen3-4b-keep4-s42:916:3,916,395,0,0,0,19,121
qwen3-4b-keep4-s42,qwen3-4b-keep4-s42:916:4,916,6,0,0,0,11,121
qwen3-4b-keep4-s42,qwen3-4b-keep4-s42:916:5,916,399,0,0,0,7,121
qwen3-4b-keep4-s42,qwen3-4b-keep4-s42:916:6,916,6,0,0,0,30,121
qwen3-4b-keep4-s42,qwen3-4b-keep4-s42:916:7,916,384,0,0,0,20,121
qwen3-4b-keep4-s42,qwen3-4b-keep4-s42:917:0,917,349,0,0,0,33,82
qwen3-4b-keep4-s42,qwen3-4b-keep4-s42:917:1,917,327,0,0,0,37,82
qwen3-4b-keep4-s42,qwen3-4b-keep4-s42:917:2,917,299,0,0,0,23,82
qwen3-4b-keep4-s42,qwen3-4b-keep4-s42:917:4,917,335,0,0,0,34,82
qwen3-4b-keep4-s42,qwen3-4b-keep4-s42:917:6,917,23,0,0,0,40,82
qwen3-4b-keep4-s42,qwen3-4b-keep4-s42:917:7,917,317,0,0,0,28,82
qwen3-4b-keep4-s42,qwen3-4b-keep4-s42:918:0,918,424,0,0,0,4,70
qwen3-4b-keep4-s42,qwen3-4b-keep4-s42:918:2,918,199,0,0,0,7,70
qwen3-4b-keep4-s42,qwen3-4b-keep4-s42:918:3,918,4,0,0,0,5,70
qwen3-4b-keep4-s42,qwen3-4b-keep4-s42:918:4,918,320,0,0,0,5,70
qwen3-4b-keep4-s42,qwen3-4b-keep4-s42:918:5,918,549,0,0,0,5,70
qwen3-4b-keep4-s42,qwen3-4b-keep4-s42:918:6,918,310,31,0,1,5,70
qwen3-4b-keep4-s42,qwen3-4b-keep4-s42:918:7,918,463,0,0,0,6,70
qwen3-4b-keep4-s42,qwen3-4b-keep4-s42:920:0,920,2,0,0,0,19,56
qwen3-4b-keep4-s42,qwen3-4b-keep4-s42:920:2,920,493,0,0,0,22,56
qwen3-4b-keep4-s42,qwen3-4b-keep4-s42:920:5,920,5,0,0,0,17,56
qwen3-4b-keep4-s42,qwen3-4b-keep4-s42:921:0,921,2,0,0,0,18,57
qwen3-4b-keep4-s42,qwen3-4b-keep4-s42:921:1,921,410,0,0,0,14,57
qwen3-4b-keep4-s42,qwen3-4b-keep4-s42:923:2,923,5,0,0,0,35,68
qwen3-4b-keep4-s42,qwen3-4b-keep4-s42:925:0,925,374,0,0,0,13,49
qwen3-4b-keep4-s42,qwen3-4b-keep4-s42:925:2,925,418,0,0,0,11,49
qwen3-4b-keep4-s42,qwen3-4b-keep4-s42:925:5,925,402,0,0,0,12,49
qwen3-4b-keep4-s42,qwen3-4b-keep4-s42:925:6,925,390,0,0,0,14,49
qwen3-4b-keep4-s42,qwen3-4b-keep4-s42:925:7,925,397,0,0,0,11,49
qwen3-4b-keep4-s42,qwen3-4b-keep4-s42:926:0,926,514,0,0,0,15,98
qwen3-4b-keep4-s42,qwen3-4b-keep4-s42:926:1,926,539,0,0,0,10,98
qwen3-4b-keep4-s42,qwen3-4b-keep4-s42:926:2,926,279,0,0,0,7,98
qwen3-4b-keep4-s42,qwen3-4b-keep4-s42:926:3,926,355,0,0,0,13,98
qwen3-4b-keep4-s42,qwen3-4b-keep4-s42:926:4,926,249,0,0,0,15,98
qwen3-4b-keep4-s42,qwen3-4b-keep4-s42:926:5,926,336,0,0,0,27,98
qwen3-4b-keep4-s42,qwen3-4b-keep4-s42:926:6,926,387,0,0,0,12,98
qwen3-4b-keep4-s42,qwen3-4b-keep4-s42:926:7,926,317,0,0,0,12,98
qwen3-4b-keep4-s42,qwen3-4b-keep4-s42:927:5,927,27,0,0,0,1,5
qwen3-4b-keep4-s42,qwen3-4b-keep4-s42:927:6,927,427,0,0,0,2,5
qwen3-4b-keep4-s42,qwen3-4b-keep4-s42:928:0,928,53,25,0,0,37,82
qwen3-4b-keep4-s42,qwen3-4b-keep4-s42:929:0,929,316,0,0,0,21,49
qwen3-4b-keep4-s42,qwen3-4b-keep4-s42:929:1,929,364,0,0,0,17,49
qwen3-4b-keep4-s42,qwen3-4b-keep4-s42:929:3,929,436,0,0,0,16,49
qwen3-4b-keep4-s42,qwen3-4b-keep4-s42:929:6,929,402,0,0,0,21,49
qwen3-4b-keep4-s42,qwen3-4b-keep4-s42:929:7,929,459,0,0,0,14,49
qwen3-4b-keep4-s42,qwen3-4b-keep4-s42:932:0,932,199,0,0,0,60,111
qwen3-4b-keep4-s42,qwen3-4b-keep4-s42:932:2,932,4,0,0,0,38,111
qwen3-4b-keep4-s42,qwen3-4b-keep4-s42:932:3,932,85,0,0,0,59,111
qwen3-4b-keep4-s42,qwen3-4b-keep4-s42:932:4,932,0,0,0,0,67,111
qwen3-4b-keep4-s42,qwen3-4b-keep4-s42:934:2,934,335,0,0,0,14,38
qwen3-4b-keep4-s42,qwen3-4b-keep4-s42:934:6,934,466,0,0,0,8,38
qwen3-4b-keep4-s42,qwen3-4b-keep4-s42:934:7,934,568,0,0,0,10,38
qwen3-4b-keep4-s42,qwen3-4b-keep4-s42:935:0,935,2,0,0,0,3,29
qwen3-4b-keep4-s42,qwen3-4b-keep4-s42:935:1,935,424,0,0,0,3,29
qwen3-4b-keep4-s42,qwen3-4b-keep4-s42:935:2,935,255,0,0,0,5,29
qwen3-4b-keep4-s42,qwen3-4b-keep4-s42:935:3,935,385,0,0,0,3,29
qwen3-4b-keep4-s42,qwen3-4b-keep4-s42:935:4,935,411,0,0,0,3,29
qwen3-4b-keep4-s42,qwen3-4b-keep4-s42:935:5,935,401,0,0,0,8,29
qwen3-4b-keep4-s42,qwen3-4b-keep4-s42:935:6,935,453,0,0,0,5,29
qwen3-4b-keep4-s42,qwen3-4b-keep4-s42:935:7,935,562,0,0,0,2,29
qwen3-4b-keep4-s42,qwen3-4b-keep4-s42:936:1,936,394,0,0,0,2,46
qwen3-4b-keep4-s42,qwen3-4b-keep4-s42:938:0,938,322,0,0,0,11,81
qwen3-4b-keep4-s42,qwen3-4b-keep4-s42:938:1,938,331,0,0,0,32,81
qwen3-4b-keep4-s42,qwen3-4b-keep4-s42:938:3,938,0,0,0,0,21,81
qwen3-4b-keep4-s42,qwen3-4b-keep4-s42:938:5,938,242,0,0,0,27,81
qwen3-4b-keep4-s42,qwen3-4b-keep4-s42:939:1,939,391,0,0,0,34,75
qwen3-4b-keep4-s42,qwen3-4b-keep4-s42:940:0,940,68,0,0,0,33,53
qwen3-4b-keep4-s42,qwen3-4b-keep4-s42:940:2,940,0,0,0,0,31,53
qwen3-4b-keep4-s42,qwen3-4b-keep4-s42:940:5,940,0,0,0,0,33,53
qwen3-4b-keep4-s42,qwen3-4b-keep4-s42:941:1,941,316,0,0,0,42,61
qwen3-4b-keep4-s42,qwen3-4b-keep4-s42:942:0,942,45,0,0,0,5,35
qwen3-4b-keep4-s42,qwen3-4b-keep4-s42:942:1,942,11,0,0,0,1,35
qwen3-4b-keep4-s42,qwen3-4b-keep4-s42:942:2,942,437,0,0,0,1,35
qwen3-4b-keep4-s42,qwen3-4b-keep4-s42:942:3,942,416,0,0,0,6,35
qwen3-4b-keep4-s42,qwen3-4b-keep4-s42:942:4,942,0,0,0,0,4,35
qwen3-4b-keep4-s42,qwen3-4b-keep4-s42:942:5,942,72,48,2,5,9,35
qwen3-4b-keep4-s42,qwen3-4b-keep4-s42:942:6,942,439,0,0,0,9,35
qwen3-4b-keep4-s42,qwen3-4b-keep4-s42:942:7,942,547,0,0,0,1,35
qwen3-4b-keep4-s42,qwen3-4b-keep4-s42:943:0,943,515,0,0,0,29,57
qwen3-4b-keep4-s42,qwen3-4b-keep4-s42:943:6,943,426,0,0,0,29,57
qwen3-4b-keep4-s42,qwen3-4b-keep4-s42:945:3,945,351,0,0,0,9,58
qwen3-4b-keep4-s42,qwen3-4b-keep4-s42:945:4,945,0,0,0,0,10,58
qwen3-4b-keep4-s42,qwen3-4b-keep4-s42:945:6,945,405,0,0,0,12,58
qwen3-4b-keep4-s42,qwen3-4b-keep4-s42:945:7,945,58,0,0,0,13,58
qwen3-4b-keep4-s42,qwen3-4b-keep4-s42:946:0,946,388,0,0,0,11,47
qwen3-4b-keep4-s42,qwen3-4b-keep4-s42:946:1,946,452,0,0,0,12,47
qwen3-4b-keep4-s42,qwen3-4b-keep4-s42:946:4,946,425,0,0,0,11,47
qwen3-4b-keep4-s42,qwen3-4b-keep4-s42:946:6,946,5,0,0,0,11,47
qwen3-4b-keep4-s42,qwen3-4b-keep4-s42:946:7,946,391,0,0,0,7,47
qwen3-4b-keep4-s42,qwen3-4b-keep4-s42:947:1,947,467,0,0,0,23,73
qwen3-4b-keep4-s42,qwen3-4b-keep4-s42:947:7,947,321,0,0,0,22,73
qwen3-4b-keep4-s42,qwen3-4b-keep4-s42:948:3,948,185,0,0,0,33,95
qwen3-4b-keep4-s42,qwen3-4b-keep4-s42:948:5,948,14,0,0,0,42,95
qwen3-4b-keep4-s42,qwen3-4b-keep4-s42:948:6,948,293,0,0,0,51,95
qwen3-4b-keep4-s42,qwen3-4b-keep4-s42:948:7,948,247,0,0,0,22,95
qwen3-4b-keep4-s42,qwen3-4b-keep4-s42:949:0,949,445,0,0,0,8,65
qwen3-4b-keep4-s42,qwen3-4b-keep4-s42:949:1,949,381,0,0,0,7,65
qwen3-4b-keep4-s42,qwen3-4b-keep4-s42:949:2,949,1,0,0,0,7,65
qwen3-4b-keep4-s42,qwen3-4b-keep4-s42:949:3,949,376,0,0,0,8,65
qwen3-4b-keep4-s42,qwen3-4b-keep4-s42:949:4,949,328,0,0,0,5,65
qwen3-4b-keep4-s42,qwen3-4b-keep4-s42:949:5,949,410,0,0,0,8,65
qwen3-4b-keep4-s42,qwen3-4b-keep4-s42:949:6,949,0,0,0,0,14,65
qwen3-4b-keep4-s42,qwen3-4b-keep4-s42:949:7,949,399,0,0,0,3,65
qwen3-4b-keep4-s42,qwen3-4b-keep4-s42:950:5,950,355,0,0,0,52,105
qwen3-4b-keep4-s42,qwen3-4b-keep4-s42:951:0,951,461,0,0,0,15,28
qwen3-4b-keep4-s42,qwen3-4b-keep4-s42:951:1,951,474,0,0,0,7,28
qwen3-4b-keep4-s42,qwen3-4b-keep4-s42:951:4,951,51,0,0,0,16,28
qwen3-4b-keep4-s42,qwen3-4b-keep4-s42:951:6,951,17,0,0,0,16,28
qwen3-4b-keep4-s42,qwen3-4b-keep4-s42:951:7,951,440,0,0,0,17,28
qwen3-4b-keep4-s42,qwen3-4b-keep4-s42:952:0,952,372,0,0,0,6,35
qwen3-4b-keep4-s42,qwen3-4b-keep4-s42:952:1,952,8,0,0,0,10,35
qwen3-4b-keep4-s42,qwen3-4b-keep4-s42:952:2,952,406,0,0,0,2,35
qwen3-4b-keep4-s42,qwen3-4b-keep4-s42:952:3,952,288,0,0,0,8,35
qwen3-4b-keep4-s42,qwen3-4b-keep4-s42:952:4,952,390,0,0,0,1,35
qwen3-4b-keep4-s42,qwen3-4b-keep4-s42:952:6,952,434,0,0,0,1,35
qwen3-4b-keep4-s42,qwen3-4b-keep4-s42:952:7,952,260,0,0,0,7,35
qwen3-4b-keep4-s42,qwen3-4b-keep4-s42:953:2,953,433,0,0,0,17,88
qwen3-4b-keep4-s42,qwen3-4b-keep4-s42:953:4,953,539,0,0,0,6,88
qwen3-4b-keep4-s42,qwen3-4b-keep4-s42:953:5,953,18,0,0,0,15,88
qwen3-4b-keep4-s42,qwen3-4b-keep4-s42:953:6,953,399,0,0,0,9,88
qwen3-4b-keep4-s42,qwen3-4b-keep4-s42:953:7,953,258,0,0,0,16,88
qwen3-4b-keep4-s42,qwen3-4b-keep4-s42:954:2,954,198,0,0,0,22,101
qwen3-4b-keep4-s42,qwen3-4b-keep4-s42:954:6,954,228,0,0,0,25,101
qwen3-4b-keep4-s42,qwen3-4b-keep4-s42:955:2,955,376,0,0,0,16,36
qwen3-4b-keep4-s42,qwen3-4b-keep4-s42:955:5,955,2,0,0,0,19,36
qwen3-4b-keep4-s42,qwen3-4b-keep4-s42:955:7,955,555,0,0,0,14,36
qwen3-4b-keep4-s42,qwen3-4b-keep4-s42:956:1,956,0,0,0,0,17,28
qwen3-4b-keep4-s42,qwen3-4b-keep4-s42:956:4,956,43,0,0,0,13,28
qwen3-4b-keep4-s42,qwen3-4b-keep4-s42:957:3,957,13,0,0,0,33,78
qwen3-4b-keep4-s42,qwen3-4b-keep4-s42:958:0,958,64,0,0,0,18,74
qwen3-4b-keep4-s42,qwen3-4b-keep4-s42:958:1,958,302,0,0,0,22,74
qwen3-4b-keep4-s42,qwen3-4b-keep4-s42:958:3,958,8,0,0,0,12,74
qwen3-4b-keep4-s42,qwen3-4b-keep4-s42:958:6,958,3,0,0,0,27,74
qwen3-4b-keep4-s42,qwen3-4b-keep4-s42:960:0,960,377,0,0,0,14,41
qwen3-4b-keep4-s42,qwen3-4b-keep4-s42:961:4,961,394,0,0,0,16,40
qwen3-4b-keep4-s42,qwen3-4b-keep4-s42:962:1,962,404,0,0,0,7,79
qwen3-4b-keep4-s42,qwen3-4b-keep4-s42:962:2,962,387,0,0,0,8,79
qwen3-4b-keep4-s42,qwen3-4b-keep4-s42:962:3,962,378,0,0,0,6,79
qwen3-4b-keep4-s42,qwen3-4b-keep4-s42:962:4,962,311,0,0,0,11,79
qwen3-4b-keep4-s42,qwen3-4b-keep4-s42:962:7,962,316,0,0,0,7,79
qwen3-4b-keep4-s42,qwen3-4b-keep4-s42:963:5,963,490,0,0,0,10,26
qwen3-4b-keep4-s42,qwen3-4b-keep4-s42:964:5,964,417,0,0,0,24,67
qwen3-4b-keep4-s42,qwen3-4b-keep4-s42:964:7,964,450,0,0,0,19,67
qwen3-4b-keep4-s42,qwen3-4b-keep4-s42:966:5,966,0,0,0,0,8,15
qwen3-4b-keep4-s42,qwen3-4b-keep4-s42:967:0,967,519,0,0,0,12,47
qwen3-4b-keep4-s42,qwen3-4b-keep4-s42:967:1,967,538,0,0,0,12,47
qwen3-4b-keep4-s42,qwen3-4b-keep4-s42:967:3,967,66,59,6,17,31,47
qwen3-4b-keep4-s42,qwen3-4b-keep4-s42:967:6,967,461,0,0,0,13,47
qwen3-4b-keep4-s42,qwen3-4b-keep4-s42:970:0,970,491,0,0,0,18,86
qwen3-4b-keep4-s42,qwen3-4b-keep4-s42:970:2,970,422,0,0,0,21,86
qwen3-4b-keep4-s42,qwen3-4b-keep4-s42:970:3,970,4,0,0,0,11,86
qwen3-4b-keep4-s42,qwen3-4b-keep4-s42:970:4,970,325,0,0,0,20,86
qwen3-4b-keep4-s42,qwen3-4b-keep4-s42:970:5,970,452,0,0,0,14,86
qwen3-4b-keep4-s42,qwen3-4b-keep4-s42:970:6,970,377,0,0,0,26,86
qwen3-4b-keep4-s42,qwen3-4b-keep4-s42:971:0,971,358,0,0,0,36,74
qwen3-4b-keep4-s42,qwen3-4b-keep4-s42:971:1,971,356,0,0,0,34,74
qwen3-4b-keep4-s42,qwen3-4b-keep4-s42:971:4,971,6,0,0,0,35,74
qwen3-4b-keep4-s42,qwen3-4b-keep4-s42:971:5,971,321,0,0,0,30,74
qwen3-4b-keep4-s42,qwen3-4b-keep4-s42:972:7,972,506,0,0,0,14,74
qwen3-4b-keep4-s42,qwen3-4b-keep4-s42:973:0,973,339,0,0,0,40,130
qwen3-4b-keep4-s42,qwen3-4b-keep4-s42:973:2,973,259,0,0,0,37,130
qwen3-4b-keep4-s42,qwen3-4b-keep4-s42:973:3,973,257,0,0,0,25,130
qwen3-4b-keep4-s42,qwen3-4b-keep4-s42:974:0,974,237,0,0,0,23,49
qwen3-4b-keep4-s42,qwen3-4b-keep4-s42:974:4,974,43,0,0,0,18,49
qwen3-4b-keep4-s42,qwen3-4b-keep4-s42:975:3,975,485,0,0,0,28,76
qwen3-4b-keep4-s42,qwen3-4b-keep4-s42:977:0,977,205,0,0,0,14,84
qwen3-4b-keep4-s42,qwen3-4b-keep4-s42:977:1,977,378,0,0,0,18,84
qwen3-4b-keep4-s42,qwen3-4b-keep4-s42:977:3,977,8,0,0,0,23,84
qwen3-4b-keep4-s42,qwen3-4b-keep4-s42:977:4,977,363,0,0,0,19,84
qwen3-4b-keep4-s42,qwen3-4b-keep4-s42:977:5,977,351,0,0,0,17,84
qwen3-4b-keep4-s42,qwen3-4b-keep4-s42:977:7,977,1,0,0,0,25,84
qwen3-4b-keep4-s42,qwen3-4b-keep4-s42:979:1,979,2,0,0,0,26,47
qwen3-4b-keep4-s42,qwen3-4b-keep4-s42:979:4,979,0,0,0,0,28,47
qwen3-4b-keep4-s42,qwen3-4b-keep4-s42:982:0,982,425,0,0,0,2,30
qwen3-4b-keep4-s42,qwen3-4b-keep4-s42:982:1,982,512,0,0,0,1,30
qwen3-4b-keep4-s42,qwen3-4b-keep4-s42:982:2,982,545,0,0,0,2,30
qwen3-4b-keep4-s42,qwen3-4b-keep4-s42:982:3,982,384,0,0,0,1,30
qwen3-4b-keep4-s42,qwen3-4b-keep4-s42:982:5,982,370,0,0,0,0,30
qwen3-4b-keep4-s42,qwen3-4b-keep4-s42:982:7,982,360,0,0,0,1,30
qwen3-4b-keep4-s42,qwen3-4b-keep4-s42:983:0,983,403,0,0,0,12,28
qwen3-4b-keep4-s42,qwen3-4b-keep4-s42:983:1,983,439,0,0,0,13,28
qwen3-4b-keep4-s42,qwen3-4b-keep4-s42:983:3,983,442,0,0,0,14,28
qwen3-4b-keep4-s42,qwen3-4b-keep4-s42:983:4,983,381,0,0,0,10,28
qwen3-4b-keep4-s42,qwen3-4b-keep4-s42:983:5,983,19,17,2,2,15,28
qwen3-4b-keep4-s42,qwen3-4b-keep4-s42:983:6,983,391,0,0,0,10,28
qwen3-4b-keep4-s42,qwen3-4b-keep4-s42:984:3,984,2,0,0,0,44,69
qwen3-4b-keep4-s42,qwen3-4b-keep4-s42:984:7,984,0,0,0,0,32,69
qwen3-4b-keep4-s42,qwen3-4b-keep4-s42:985:0,985,398,0,0,0,11,84
qwen3-4b-keep4-s42,qwen3-4b-keep4-s42:985:2,985,254,0,0,0,51,84
qwen3-4b-keep4-s42,qwen3-4b-keep4-s42:985:3,985,346,0,0,0,34,84
qwen3-4b-keep4-s42,qwen3-4b-keep4-s42:985:4,985,415,0,0,0,20,84
qwen3-4b-keep4-s42,qwen3-4b-keep4-s42:985:5,985,349,0,0,0,57,84
qwen3-4b-keep4-s42,qwen3-4b-keep4-s42:985:7,985,242,0,0,0,51,84
qwen3-4b-keep4-s42,qwen3-4b-keep4-s42:986:1,986,321,0,0,0,18,41
qwen3-4b-keep4-s42,qwen3-4b-keep4-s42:986:3,986,473,0,0,0,17,41
qwen3-4b-keep4-s42,qwen3-4b-keep4-s42:987:2,987,427,0,0,0,27,54
qwen3-4b-keep4-s42,qwen3-4b-keep4-s42:987:4,987,6,0,0,0,33,54
qwen3-4b-keep4-s42,qwen3-4b-keep4-s42:987:5,987,4,0,0,0,29,54
qwen3-4b-keep4-s42,qwen3-4b-keep4-s42:988:1,988,1,0,0,0,16,40
qwen3-4b-keep4-s42,qwen3-4b-keep4-s42:988:3,988,320,0,0,0,12,40
qwen3-4b-keep4-s42,qwen3-4b-keep4-s42:988:4,988,550,0,0,0,9,40
qwen3-4b-keep4-s42,qwen3-4b-keep4-s42:991:3,991,396,0,0,0,29,53
qwen3-4b-keep4-s42,qwen3-4b-keep4-s42:992:0,992,243,0,0,0,13,41
qwen3-4b-keep4-s42,qwen3-4b-keep4-s42:992:1,992,314,0,0,0,10,41
qwen3-4b-keep4-s42,qwen3-4b-keep4-s42:992:2,992,359,0,0,0,8,41
qwen3-4b-keep4-s42,qwen3-4b-keep4-s42:992:4,992,8,0,0,0,7,41
qwen3-4b-keep4-s42,qwen3-4b-keep4-s42:992:5,992,351,0,0,0,9,41
qwen3-4b-keep4-s42,qwen3-4b-keep4-s42:992:7,992,5,0,0,0,8,41
qwen3-4b-keep4-s42,qwen3-4b-keep4-s42:993:1,993,435,0,0,0,30,69
qwen3-4b-keep4-s42,qwen3-4b-keep4-s42:993:4,993,0,0,0,0,35,69
qwen3-4b-keep4-s42,qwen3-4b-keep4-s42:994:0,994,316,0,0,0,15,56
qwen3-4b-keep4-s42,qwen3-4b-keep4-s42:994:1,994,538,0,0,0,10,56
qwen3-4b-keep4-s42,qwen3-4b-keep4-s42:994:2,994,379,0,0,0,12,56
qwen3-4b-keep4-s42,qwen3-4b-keep4-s42:994:3,994,410,0,0,0,11,56
qwen3-4b-keep4-s42,qwen3-4b-keep4-s42:994:4,994,332,0,0,0,8,56
qwen3-4b-keep4-s42,qwen3-4b-keep4-s42:994:5,994,354,0,0,0,10,56
qwen3-4b-keep4-s42,qwen3-4b-keep4-s42:994:6,994,418,0,0,0,14,56
qwen3-4b-keep4-s42,qwen3-4b-keep4-s42:994:7,994,315,0,0,0,7,56
qwen3-4b-keep4-s42,qwen3-4b-keep4-s42:995:0,995,445,0,0,0,23,59
qwen3-4b-keep4-s42,qwen3-4b-keep4-s42:996:5,996,74,0,0,0,44,98
qwen3-4b-keep4-s42,qwen3-4b-keep4-s42:998:0,998,323,0,0,0,11,88
qwen3-4b-keep4-s42,qwen3-4b-keep4-s42:998:4,998,6,0,0,0,19,88
qwen3-4b-keep4-s42,qwen3-4b-keep4-s42:998:5,998,287,0,0,0,10,88
qwen3-4b-keep4-s42,qwen3-4b-keep4-s42:998:6,998,325,0,0,0,23,88
qwen3-4b-keep4-s42,qwen3-4b-keep4-s42:998:7,998,345,0,0,0,21,88
qwen3-4b-keep4-s42,qwen3-4b-keep4-s42:1000:0,1000,0,0,0,0,49,118
qwen3-4b-keep4-s42,qwen3-4b-keep4-s42:1000:2,1000,0,0,0,0,43,118
qwen3-4b-keep4-s42,qwen3-4b-keep4-s42:1000:7,1000,79,58,5,38,48,118
qwen3-4b-keep4-s42,qwen3-4b-keep4-s42:1004:2,1004,275,0,0,0,5,28
qwen3-4b-keep4-s42,qwen3-4b-keep4-s42:1004:3,1004,463,0,0,0,5,28
qwen3-4b-keep4-s42,qwen3-4b-keep4-s42:1004:4,1004,398,0,0,0,4,28
qwen3-4b-keep4-s42,qwen3-4b-keep4-s42:1006:0,1006,343,0,0,0,33,55
qwen3-4b-keep4-s42,qwen3-4b-keep4-s42:1006:1,1006,301,0,0,0,31,55
qwen3-4b-keep4-s42,qwen3-4b-keep4-s42:1006:2,1006,358,50,2,5,40,55
qwen3-4b-keep4-s42,qwen3-4b-keep4-s42:1006:3,1006,371,0,0,0,25,55
qwen3-4b-keep4-s42,qwen3-4b-keep4-s42:1006:5,1006,25,0,0,0,35,55
qwen3-4b-keep4-s42,qwen3-4b-keep4-s42:1007:0,1007,2,0,0,0,7,55
qwen3-4b-keep4-s42,qwen3-4b-keep4-s42:1007:1,1007,418,0,0,0,6,55
qwen3-4b-keep4-s42,qwen3-4b-keep4-s42:1007:3,1007,464,0,0,0,7,55
qwen3-4b-keep4-s42,qwen3-4b-keep4-s42:1007:5,1007,95,0,0,0,7,55
qwen3-4b-keep4-s42,qwen3-4b-keep4-s42:1007:7,1007,514,0,0,0,5,55
qwen3-4b-keep4-s42,qwen3-4b-keep4-s42:1009:2,1009,0,0,0,0,39,53
qwen3-4b-keep4-s42,qwen3-4b-keep4-s42:1009:7,1009,303,0,0,0,29,53
qwen3-4b-keep4-s42,qwen3-4b-keep4-s42:1010:5,1010,0,0,0,0,0,26
qwen3-4b-keep4-s42,qwen3-4b-keep4-s42:1011:1,1011,307,0,0,0,13,79
qwen3-4b-keep4-s42,qwen3-4b-keep4-s42:1011:3,1011,324,0,0,0,11,79
qwen3-4b-keep4-s42,qwen3-4b-keep4-s42:1014:1,1014,123,34,0,1,12,62
qwen3-4b-keep4-s42,qwen3-4b-keep4-s42:1014:2,1014,418,0,0,0,12,62
qwen3-4b-keep4-s42,qwen3-4b-keep4-s42:1014:3,1014,345,0,0,0,14,62
qwen3-4b-keep4-s42,qwen3-4b-keep4-s42:1014:4,1014,391,0,0,0,8,62
qwen3-4b-keep4-s42,qwen3-4b-keep4-s42:1014:5,1014,489,0,0,0,9,62
qwen3-4b-keep4-s42,qwen3-4b-keep4-s42:1014:6,1014,525,0,0,0,11,62
qwen3-4b-keep4-s42,qwen3-4b-keep4-s42:1014:7,1014,354,0,0,0,13,62
qwen3-4b-keep4-s42,qwen3-4b-keep4-s42:1015:5,1015,487,0,0,0,34,71
qwen3-4b-keep4-s42,qwen3-4b-keep4-s42:1017:3,1017,6,0,0,0,34,57
qwen3-4b-keep4-s42,qwen3-4b-keep4-s42:1017:7,1017,420,0,0,0,32,57
qwen3-4b-keep4-s42,qwen3-4b-keep4-s42:1018:4,1018,426,0,0,0,19,36
qwen3-4b-keep4-s42,qwen3-4b-keep4-s42:1019:6,1019,405,0,0,0,3,12
qwen3-4b-keep4-s42,qwen3-4b-keep4-s42:1020:0,1020,422,0,0,0,20,70
qwen3-4b-keep4-s42,qwen3-4b-keep4-s42:1020:1,1020,49,8,0,0,16,70
qwen3-4b-keep4-s42,qwen3-4b-keep4-s42:1020:2,1020,470,0,0,0,12,70
qwen3-4b-keep4-s42,qwen3-4b-keep4-s42:1020:3,1020,0,0,0,0,24,70
qwen3-4b-keep4-s42,qwen3-4b-keep4-s42:1020:4,1020,342,0,0,0,19,70
qwen3-4b-keep4-s42,qwen3-4b-keep4-s42:1020:5,1020,456,0,0,0,18,70
qwen3-4b-keep4-s42,qwen3-4b-keep4-s42:1020:6,1020,501,0,0,0,8,70
qwen3-4b-keep4-s42,qwen3-4b-keep4-s42:1020:7,1020,389,0,0,0,8,70
qwen3-4b-keep4-s42,qwen3-4b-keep4-s42:1021:0,1021,325,0,0,0,28,99
qwen3-4b-keep4-s42,qwen3-4b-keep4-s42:1021:1,1021,345,0,0,0,20,99
qwen3-4b-keep4-s42,qwen3-4b-keep4-s42:1021:2,1021,30,0,0,0,22,99
qwen3-4b-keep4-s42,qwen3-4b-keep4-s42:1021:3,1021,15,0,0,0,34,99
qwen3-4b-keep4-s42,qwen3-4b-keep4-s42:1021:4,1021,14,0,0,0,27,99
qwen3-4b-keep4-s42,qwen3-4b-keep4-s42:1021:5,1021,59,0,0,0,33,99
qwen3-4b-keep4-s42,qwen3-4b-keep4-s42:1021:7,1021,7,0,0,0,32,99
qwen3-4b-keep4-s42,qwen3-4b-keep4-s42:1022:5,1022,1,0,0,0,39,71
qwen3-4b-keep4-s42,qwen3-4b-keep4-s42:1025:0,1025,131,0,0,0,49,96
qwen3-4b-keep4-s42,qwen3-4b-keep4-s42:1025:2,1025,426,0,0,0,38,96
qwen3-4b-keep4-s42,qwen3-4b-keep4-s42:1025:4,1025,8,0,0,0,39,96
qwen3-4b-keep4-s42,qwen3-4b-keep4-s42:1025:5,1025,30,18,0,4,41,96
qwen3-4b-keep4-s42,qwen3-4b-keep4-s42:1025:7,1025,362,0,0,0,47,96
qwen3-4b-keep4-s42,qwen3-4b-keep4-s42:1026:1,1026,398,0,0,0,27,78
qwen3-4b-keep4-s42,qwen3-4b-keep4-s42:1027:0,1027,58,0,0,0,15,60
qwen3-4b-keep4-s42,qwen3-4b-keep4-s42:1027:1,1027,461,0,0,0,10,60
qwen3-4b-keep4-s42,qwen3-4b-keep4-s42:1027:2,1027,477,0,0,0,1,60
qwen3-4b-keep4-s42,qwen3-4b-keep4-s42:1027:3,1027,51,0,0,0,16,60
qwen3-4b-keep4-s42,qwen3-4b-keep4-s42:1027:5,1027,462,0,0,0,8,60
qwen3-4b-keep4-s42,qwen3-4b-keep4-s42:1027:6,1027,30,0,0,0,18,60
qwen3-4b-keep4-s42,qwen3-4b-keep4-s42:1027:7,1027,441,0,0,0,10,60
qwen3-4b-keep4-s42,qwen3-4b-keep4-s42:1028:5,1028,321,0,0,0,47,115
qwen3-4b-keep4-s42,qwen3-4b-keep4-s42:1029:0,1029,409,0,0,0,7,41
qwen3-4b-keep4-s42,qwen3-4b-keep4-s42:1029:1,1029,347,0,0,0,16,41
qwen3-4b-keep4-s42,qwen3-4b-keep4-s42:1029:2,1029,331,0,0,0,11,41
qwen3-4b-keep4-s42,qwen3-4b-keep4-s42:1029:3,1029,460,0,0,0,9,41
qwen3-4b-keep4-s42,qwen3-4b-keep4-s42:1029:4,1029,6,0,0,0,16,41
qwen3-4b-keep4-s42,qwen3-4b-keep4-s42:1029:6,1029,305,0,0,0,10,41
qwen3-4b-keep4-s42,qwen3-4b-keep4-s42:1029:7,1029,448,0,0,0,12,41
qwen3-4b-keep4-s42,qwen3-4b-keep4-s42:1031:0,1031,36,0,0,0,17,41
qwen3-4b-keep4-s42,qwen3-4b-keep4-s42:1031:1,1031,2,0,0,0,26,41
qwen3-4b-keep4-s42,qwen3-4b-keep4-s42:1031:2,1031,301,0,0,0,15,41
qwen3-4b-keep4-s42,qwen3-4b-keep4-s42:1031:3,1031,471,0,0,0,22,41
qwen3-4b-keep4-s42,qwen3-4b-keep4-s42:1031:4,1031,14,0,0,0,17,41
qwen3-4b-keep4-s42,qwen3-4b-keep4-s42:1031:5,1031,378,0,0,0,17,41
qwen3-4b-keep4-s42,qwen3-4b-keep4-s42:1032:2,1032,34,0,0,0,20,53
qwen3-4b-keep4-s42,qwen3-4b-keep4-s42:1032:3,1032,472,0,0,0,31,53
qwen3-4b-keep4-s42,qwen3-4b-keep4-s42:1032:4,1032,1,0,0,0,28,53
qwen3-4b-keep4-s42,qwen3-4b-keep4-s42:1032:6,1032,462,0,0,0,25,53
qwen3-4b-keep4-s42,qwen3-4b-keep4-s42:1032:7,1032,411,0,0,0,26,53
qwen3-4b-keep4-s42,qwen3-4b-keep4-s42:1035:0,1035,566,0,0,0,7,39
qwen3-4b-keep4-s42,qwen3-4b-keep4-s42:1035:1,1035,539,0,0,0,11,39
qwen3-4b-keep4-s42,qwen3-4b-keep4-s42:1035:2,1035,403,0,0,0,14,39
qwen3-4b-keep4-s42,qwen3-4b-keep4-s42:1035:3,1035,487,0,0,0,7,39
qwen3-4b-keep4-s42,qwen3-4b-keep4-s42:1035:4,1035,129,29,2,2,15,39
qwen3-4b-keep4-s42,qwen3-4b-keep4-s42:1035:5,1035,397,0,0,0,9,39
qwen3-4b-keep4-s42,qwen3-4b-keep4-s42:1035:6,1035,9,0,0,0,17,39
qwen3-4b-keep4-s42,qwen3-4b-keep4-s42:1035:7,1035,548,0,0,0,11,39
qwen3-4b-keep4-s42,qwen3-4b-keep4-s42:1036:2,1036,243,0,0,0,40,52
qwen3-4b-keep4-s42,qwen3-4b-keep4-s42:1036:3,1036,302,0,0,0,28,52
qwen3-4b-keep4-s42,qwen3-4b-keep4-s42:1036:7,1036,134,0,0,0,22,52
qwen3-4b-keep4-s42,qwen3-4b-keep4-s42:1037:3,1037,20,15,0,2,19,35
qwen3-4b-keep4-s42,qwen3-4b-keep4-s42:1038:0,1038,0,0,0,0,25,62
qwen3-4b-keep4-s42,qwen3-4b-keep4-s42:1038:1,1038,23,0,0,0,29,62
qwen3-4b-keep4-s42,qwen3-4b-keep4-s42:1038:6,1038,10,0,0,0,42,62
qwen3-4b-keep4-s42,qwen3-4b-keep4-s42:1039:5,1039,9,0,0,0,28,95
qwen3-4b-keep4-s42,qwen3-4b-keep4-s42:1041:0,1041,24,0,0,0,30,56
qwen3-4b-keep4-s42,qwen3-4b-keep4-s42:1041:1,1041,24,0,0,0,11,56
qwen3-4b-keep4-s42,qwen3-4b-keep4-s42:1041:4,1041,358,0,0,0,24,56
qwen3-4b-keep4-s42,qwen3-4b-keep4-s42:1042:1,1042,313,0,0,0,13,49
qwen3-4b-keep4-s42,qwen3-4b-keep4-s42:1042:3,1042,422,0,0,0,19,49
qwen3-4b-keep4-s42,qwen3-4b-keep4-s42:1042:4,1042,364,0,0,0,25,49
qwen3-4b-keep4-s42,qwen3-4b-keep4-s42:1042:5,1042,0,0,0,0,22,49
qwen3-4b-keep4-s42,qwen3-4b-keep4-s42:1044:1,1044,0,0,0,0,11,44
qwen3-4b-keep4-s42,qwen3-4b-keep4-s42:1044:2,1044,20,0,0,0,15,44
qwen3-4b-keep4-s42,qwen3-4b-keep4-s42:1044:4,1044,4,0,0,0,9,44
qwen3-4b-keep4-s42,qwen3-4b-keep4-s42:1044:5,1044,542,0,0,0,10,44
qwen3-4b-keep4-s42,qwen3-4b-keep4-s42:1044:6,1044,374,0,0,0,13,44
qwen3-4b-keep4-s42,qwen3-4b-keep4-s42:1044:7,1044,495,0,0,0,11,44
qwen3-4b-keep4-s42,qwen3-4b-keep4-s42:1045:0,1045,494,0,0,0,17,66
qwen3-4b-keep4-s42,qwen3-4b-keep4-s42:1045:7,1045,510,0,0,0,19,66
qwen3-4b-keep4-s42,qwen3-4b-keep4-s42:1046:0,1046,365,0,0,0,34,83
qwen3-4b-keep4-s42,qwen3-4b-keep4-s42:1046:1,1046,343,0,0,0,33,83
qwen3-4b-keep4-s42,qwen3-4b-keep4-s42:1046:2,1046,276,0,0,0,49,83
qwen3-4b-keep4-s42,qwen3-4b-keep4-s42:1046:3,1046,339,0,0,0,26,83
qwen3-4b-keep4-s42,qwen3-4b-keep4-s42:1046:4,1046,10,0,0,0,39,83
qwen3-4b-keep4-s42,qwen3-4b-keep4-s42:1046:5,1046,323,0,0,0,39,83
qwen3-4b-keep4-s42,qwen3-4b-keep4-s42:1046:6,1046,350,28,4,6,38,83
qwen3-4b-keep4-s42,qwen3-4b-keep4-s42:1046:7,1046,348,0,0,0,40,83
qwen3-4b-keep4-s42,qwen3-4b-keep4-s42:1047:1,1047,492,0,0,0,5,58
qwen3-4b-keep4-s42,qwen3-4b-keep4-s42:1047:5,1047,0,0,0,0,5,58
qwen3-4b-keep4-s42,qwen3-4b-keep4-s42:1048:0,1048,462,0,0,0,24,50
qwen3-4b-keep4-s42,qwen3-4b-keep4-s42:1048:1,1048,392,0,0,0,29,50
qwen3-4b-keep4-s42,qwen3-4b-keep4-s42:1048:2,1048,60,0,0,0,26,50
qwen3-4b-keep4-s42,qwen3-4b-keep4-s42:1048:5,1048,7,0,0,0,28,50
qwen3-4b-keep4-s42,qwen3-4b-keep4-s42:1048:7,1048,10,0,0,0,27,50
qwen3-4b-keep4-s42,qwen3-4b-keep4-s42:1049:0,1049,439,0,0,0,10,33
qwen3-4b-keep4-s42,qwen3-4b-keep4-s42:1049:1,1049,26,0,0,0,11,33
qwen3-4b-keep4-s42,qwen3-4b-keep4-s42:1049:2,1049,396,0,0,0,12,33
qwen3-4b-keep4-s42,qwen3-4b-keep4-s42:1049:4,1049,454,0,0,0,8,33
qwen3-4b-keep4-s42,qwen3-4b-keep4-s42:1049:5,1049,63,0,0,0,7,33
qwen3-4b-keep4-s42,qwen3-4b-keep4-s42:1049:6,1049,424,0,0,0,6,33
qwen3-4b-keep4-s42,qwen3-4b-keep4-s42:1049:7,1049,452,0,0,0,6,33
qwen3-4b-keep4-s42,qwen3-4b-keep4-s42:1050:2,1050,1,0,0,0,18,85
qwen3-4b-keep4-s42,qwen3-4b-keep4-s42:1052:0,1052,0,0,0,0,8,32
qwen3-4b-keep4-s42,qwen3-4b-keep4-s42:1052:7,1052,325,0,0,0,4,32
qwen3-4b-keep4-s42,qwen3-4b-keep4-s42:1053:0,1053,287,0,0,0,13,69
qwen3-4b-keep4-s42,qwen3-4b-keep4-s42:1053:1,1053,325,0,0,0,17,69
qwen3-4b-keep4-s42,qwen3-4b-keep4-s42:1053:2,1053,11,0,0,0,9,69
qwen3-4b-keep4-s42,qwen3-4b-keep4-s42:1054:2,1054,541,0,0,0,8,63
qwen3-4b-keep4-s42,qwen3-4b-keep4-s42:1054:3,1054,391,0,0,0,15,63
qwen3-4b-keep4-s42,qwen3-4b-keep4-s42:1054:6,1054,2,0,0,0,17,63
qwen3-4b-keep4-s42,qwen3-4b-keep4-s42:1054:7,1054,338,0,0,0,14,63
qwen3-4b-keep4-s42,qwen3-4b-keep4-s42:1055:0,1055,319,0,0,0,45,98
qwen3-4b-keep4-s42,qwen3-4b-keep4-s42:1055:1,1055,16,0,0,0,54,98
qwen3-4b-keep4-s42,qwen3-4b-keep4-s42:1055:7,1055,383,0,0,0,52,98
qwen3-4b-keep4-s42,qwen3-4b-keep4-s42:1056:2,1056,492,0,0,0,25,80
qwen3-4b-keep4-s42,qwen3-4b-keep4-s42:1056:3,1056,410,0,0,0,31,80
qwen3-4b-keep4-s42,qwen3-4b-keep4-s42:1056:4,1056,354,0,0,0,29,80
qwen3-4b-keep4-s42,qwen3-4b-keep4-s42:1056:6,1056,530,0,0,0,30,80
qwen3-4b-keep4-s42,qwen3-4b-keep4-s42:1056:7,1056,519,0,0,0,24,80
qwen3-4b-keep4-s42,qwen3-4b-keep4-s42:1057:1,1057,0,0,0,0,9,59
qwen3-4b-keep4-s42,qwen3-4b-keep4-s42:1057:2,1057,320,0,0,0,5,59
qwen3-4b-keep4-s42,qwen3-4b-keep4-s42:1057:5,1057,0,0,0,0,5,59
qwen3-4b-keep4-s42,qwen3-4b-keep4-s42:1057:6,1057,339,0,0,0,23,59
qwen3-4b-keep4-s42,qwen3-4b-keep4-s42:1058:0,1058,323,0,0,0,4,79
qwen3-4b-keep4-s42,qwen3-4b-keep4-s42:1058:1,1058,290,0,0,0,3,79
qwen3-4b-keep4-s42,qwen3-4b-keep4-s42:1058:2,1058,184,0,0,0,3,79
qwen3-4b-keep4-s42,qwen3-4b-keep4-s42:1058:4,1058,341,0,0,0,7,79
qwen3-4b-keep4-s42,qwen3-4b-keep4-s42:1058:6,1058,328,0,0,0,9,79
qwen3-4b-keep4-s42,qwen3-4b-keep4-s42:1058:7,1058,309,0,0,0,3,79
qwen3-4b-keep4-s42,qwen3-4b-keep4-s42:1059:0,1059,534,0,0,0,10,44
qwen3-4b-keep4-s42,qwen3-4b-keep4-s42:1059:2,1059,544,0,0,0,4,44
qwen3-4b-keep4-s42,qwen3-4b-keep4-s42:1059:7,1059,407,0,0,0,7,44
qwen3-4b-keep4-s42,qwen3-4b-keep4-s42:1061:1,1061,418,0,0,0,11,34
qwen3-4b-keep4-s42,qwen3-4b-keep4-s42:1061:3,1061,115,55,7,18,22,34
qwen3-4b-keep4-s42,qwen3-4b-keep4-s42:1061:5,1061,456,0,0,0,14,34
qwen3-4b-keep4-s42,qwen3-4b-keep4-s42:1061:6,1061,425,0,0,0,8,34
qwen3-4b-keep4-s42,qwen3-4b-keep4-s42:1061:7,1061,527,13,0,0,7,34
qwen3-4b-keep4-s42,qwen3-4b-keep4-s42:1062:0,1062,375,0,0,0,22,45
qwen3-4b-keep4-s42,qwen3-4b-keep4-s42:1062:1,1062,5,0,0,0,23,45
qwen3-4b-keep4-s42,qwen3-4b-keep4-s42:1062:3,1062,540,0,0,0,20,45
qwen3-4b-keep4-s42,qwen3-4b-keep4-s42:1062:4,1062,469,0,0,0,23,45
qwen3-4b-keep4-s42,qwen3-4b-keep4-s42:1062:5,1062,458,0,0,0,22,45
qwen3-4b-keep4-s42,qwen3-4b-keep4-s42:1062:6,1062,382,0,0,0,19,45
qwen3-4b-keep4-s42,qwen3-4b-keep4-s42:1062:7,1062,44,0,0,0,20,45
qwen3-4b-keep4-s42,qwen3-4b-keep4-s42:1063:0,1063,266,0,0,0,19,84
qwen3-4b-keep4-s42,qwen3-4b-keep4-s42:1063:1,1063,267,0,0,0,32,84
qwen3-4b-keep4-s42,qwen3-4b-keep4-s42:1063:2,1063,317,0,0,0,9,84
qwen3-4b-keep4-s42,qwen3-4b-keep4-s42:1063:3,1063,360,0,0,0,11,84
qwen3-4b-keep4-s42,qwen3-4b-keep4-s42:1063:4,1063,183,0,0,0,19,84
qwen3-4b-keep4-s42,qwen3-4b-keep4-s42:1063:5,1063,332,0,0,0,3,84
qwen3-4b-keep4-s42,qwen3-4b-keep4-s42:1063:6,1063,424,0,0,0,13,84
qwen3-4b-keep4-s42,qwen3-4b-keep4-s42:1063:7,1063,238,0,0,0,11,84
qwen3-4b-keep4-s42,qwen3-4b-keep4-s42:1064:1,1064,343,0,0,0,5,38
qwen3-4b-keep4-s42,qwen3-4b-keep4-s42:1064:3,1064,310,0,0,0,7,38
qwen3-4b-keep4-s42,qwen3-4b-keep4-s42:1064:4,1064,9,0,0,0,13,38
qwen3-4b-keep4-s42,qwen3-4b-keep4-s42:1064:5,1064,341,0,0,0,11,38
qwen3-4b-keep4-s42,qwen3-4b-keep4-s42:1069:1,1069,423,0,0,0,7,27
qwen3-4b-keep4-s42,qwen3-4b-keep4-s42:1069:2,1069,504,0,0,0,6,27
qwen3-4b-keep4-s42,qwen3-4b-keep4-s42:1069:6,1069,513,0,0,0,7,27
qwen3-4b-keep4-s42,qwen3-4b-keep4-s42:1070:0,1070,251,0,0,0,4,33
qwen3-4b-keep4-s42,qwen3-4b-keep4-s42:1070:1,1070,3,0,0,0,6,33
qwen3-4b-keep4-s42,qwen3-4b-keep4-s42:1070:3,1070,400,0,0,0,4,33
qwen3-4b-keep4-s42,qwen3-4b-keep4-s42:1070:4,1070,350,0,0,0,4,33
qwen3-4b-keep4-s42,qwen3-4b-keep4-s42:1070:5,1070,176,0,0,0,2,33
qwen3-4b-keep4-s42,qwen3-4b-keep4-s42:1070:6,1070,467,0,0,0,6,33
qwen3-4b-keep4-s42,qwen3-4b-keep4-s42:1070:7,1070,358,0,0,0,8,33
qwen3-4b-keep4-s42,qwen3-4b-keep4-s42:1071:3,1071,372,0,0,0,16,91
qwen3-4b-keep4-s42,qwen3-4b-keep4-s42:1071:4,1071,24,0,0,0,47,91
qwen3-4b-keep4-s42,qwen3-4b-keep4-s42:1073:2,1073,44,0,0,0,22,65
qwen3-4b-keep4-s42,qwen3-4b-keep4-s42:1073:7,1073,254,0,0,0,25,65
qwen3-4b-keep4-s42,qwen3-4b-keep4-s42:1075:6,1075,8,0,0,0,15,34
qwen3-4b-keep4-s42,qwen3-4b-keep4-s42:1076:6,1076,299,0,0,0,20,58
qwen3-4b-keep4-s42,qwen3-4b-keep4-s42:1076:7,1076,297,0,0,0,13,58
qwen3-4b-keep4-s42,qwen3-4b-keep4-s42:1077:0,1077,270,0,0,0,26,62
qwen3-4b-keep4-s42,qwen3-4b-keep4-s42:1077:1,1077,33,0,0,0,24,62
qwen3-4b-keep4-s42,qwen3-4b-keep4-s42:1077:6,1077,86,0,0,0,31,62
qwen3-4b-keep4-s42,qwen3-4b-keep4-s42:1077:7,1077,93,0,0,0,27,62
qwen3-4b-keep4-s42,qwen3-4b-keep4-s42:1079:0,1079,538,0,0,0,17,50
qwen3-4b-keep4-s42,qwen3-4b-keep4-s42:1079:1,1079,451,0,0,0,11,50
qwen3-4b-keep4-s42,qwen3-4b-keep4-s42:1079:2,1079,12,0,0,0,18,50
qwen3-4b-keep4-s42,qwen3-4b-keep4-s42:1079:5,1079,3,0,0,0,20,50
qwen3-4b-keep4-s42,qwen3-4b-keep4-s42:1079:6,1079,427,0,0,0,14,50
qwen3-4b-keep4-s42,qwen3-4b-keep4-s42:1079:7,1079,232,0,0,0,17,50
qwen3-4b-keep4-s42,qwen3-4b-keep4-s42:1082:3,1082,203,0,0,0,19,34
qwen3-4b-keep4-s42,qwen3-4b-keep4-s42:1084:2,1084,329,0,0,0,18,44
qwen3-4b-keep4-s42,qwen3-4b-keep4-s42:1085:1,1085,6,0,0,0,56,139
qwen3-4b-keep4-s42,qwen3-4b-keep4-s42:1085:2,1085,338,0,0,0,32,139
qwen3-4b-keep4-s42,qwen3-4b-keep4-s42:1085:3,1085,371,0,0,0,38,139
qwen3-4b-keep4-s42,qwen3-4b-keep4-s42:1085:4,1085,450,0,0,0,34,139
qwen3-4b-keep4-s42,qwen3-4b-keep4-s42:1085:5,1085,240,0,0,0,24,139
qwen3-4b-keep4-s42,qwen3-4b-keep4-s42:1085:7,1085,314,0,0,0,42,139
qwen3-4b-keep4-s42,qwen3-4b-keep4-s42:1086:0,1086,5,0,0,0,14,36
qwen3-4b-keep4-s42,qwen3-4b-keep4-s42:1086:1,1086,453,0,0,0,20,36
qwen3-4b-keep4-s42,qwen3-4b-keep4-s42:1086:2,1086,0,0,0,0,20,36
qwen3-4b-keep4-s42,qwen3-4b-keep4-s42:1086:3,1086,81,0,0,0,19,36
qwen3-4b-keep4-s42,qwen3-4b-keep4-s42:1086:4,1086,2,0,0,0,19,36
qwen3-4b-keep4-s42,qwen3-4b-keep4-s42:1086:5,1086,380,0,0,0,13,36
qwen3-4b-keep4-s42,qwen3-4b-keep4-s42:1086:7,1086,35,0,0,0,20,36
qwen3-4b-keep4-s42,qwen3-4b-keep4-s42:1087:1,1087,7,0,0,0,29,68
qwen3-4b-keep4-s42,qwen3-4b-keep4-s42:1088:0,1088,383,0,0,0,18,54
qwen3-4b-keep4-s42,qwen3-4b-keep4-s42:1088:1,1088,434,0,0,0,13,54
qwen3-4b-keep4-s42,qwen3-4b-keep4-s42:1088:3,1088,8,0,0,0,23,54
qwen3-4b-keep4-s42,qwen3-4b-keep4-s42:1088:4,1088,381,0,0,0,18,54
qwen3-4b-keep4-s42,qwen3-4b-keep4-s42:1088:6,1088,312,0,0,0,15,54
qwen3-4b-keep4-s42,qwen3-4b-keep4-s42:1088:7,1088,307,0,0,0,18,54
qwen3-4b-keep4-s42,qwen3-4b-keep4-s42:1091:0,1091,550,0,0,0,17,102
qwen3-4b-keep4-s42,qwen3-4b-keep4-s42:1091:1,1091,413,0,0,0,13,102
qwen3-4b-keep4-s42,qwen3-4b-keep4-s42:1091:2,1091,486,0,0,0,13,102
qwen3-4b-keep4-s42,qwen3-4b-keep4-s42:1091:3,1091,428,0,0,0,22,102
qwen3-4b-keep4-s42,qwen3-4b-keep4-s42:1091:4,1091,52,0,0,0,19,102
qwen3-4b-keep4-s42,qwen3-4b-keep4-s42:1091:5,1091,423,0,0,0,16,102
qwen3-4b-keep4-s42,qwen3-4b-keep4-s42:1091:6,1091,358,0,0,0,13,102
qwen3-4b-keep4-s42,qwen3-4b-keep4-s42:1092:0,1092,582,0,0,0,1,10
qwen3-4b-keep4-s42,qwen3-4b-keep4-s42:1092:2,1092,524,0,0,0,0,10
qwen3-4b-keep4-s42,qwen3-4b-keep4-s42:1092:5,1092,12,0,0,0,1,10
qwen3-4b-keep4-s42,qwen3-4b-keep4-s42:1093:1,1093,429,0,0,0,56,94
qwen3-4b-keep4-s42,qwen3-4b-keep4-s42:1093:2,1093,50,43,1,7,66,94
qwen3-4b-keep4-s42,qwen3-4b-keep4-s42:1093:4,1093,343,0,0,0,68,94
qwen3-4b-keep4-s42,qwen3-4b-keep4-s42:1093:5,1093,14,0,0,0,48,94
qwen3-4b-keep4-s42,qwen3-4b-keep4-s42:1095:4,1095,311,0,0,0,32,57
qwen3-4b-keep4-s42,qwen3-4b-keep4-s42:1097:0,1097,337,0,0,0,37,99
qwen3-4b-keep4-s42,qwen3-4b-keep4-s42:1097:1,1097,89,0,0,0,25,99
qwen3-4b-keep4-s42,qwen3-4b-keep4-s42:1097:2,1097,382,0,0,0,33,99
qwen3-4b-keep4-s42,qwen3-4b-keep4-s42:1097:3,1097,499,0,0,0,20,99
qwen3-4b-keep4-s42,qwen3-4b-keep4-s42:1097:4,1097,411,0,0,0,36,99
qwen3-4b-keep4-s42,qwen3-4b-keep4-s42:1097:5,1097,426,0,0,0,44,99
qwen3-4b-keep4-s42,qwen3-4b-keep4-s42:1097:6,1097,429,0,0,0,11,99
qwen3-4b-keep4-s42,qwen3-4b-keep4-s42:1097:7,1097,326,0,0,0,42,99
qwen3-4b-keep4-s42,qwen3-4b-keep4-s42:1098:0,1098,27,0,0,0,14,51
qwen3-4b-keep4-s42,qwen3-4b-keep4-s42:1098:5,1098,0,0,0,0,12,51
qwen3-4b-keep4-s42,qwen3-4b-keep4-s42:1098:7,1098,11,0,0,0,15,51
qwen3-4b-keep4-s42,qwen3-4b-keep4-s42:1099:0,1099,59,0,0,0,13,48
qwen3-4b-keep4-s42,qwen3-4b-keep4-s42:1099:1,1099,395,0,0,0,7,48
qwen3-4b-keep4-s42,qwen3-4b-keep4-s42:1099:2,1099,310,0,0,0,7,48
qwen3-4b-keep4-s42,qwen3-4b-keep4-s42:1099:3,1099,348,0,0,0,13,48
qwen3-4b-keep4-s42,qwen3-4b-keep4-s42:1099:4,1099,549,0,0,0,10,48
qwen3-4b-keep4-s42,qwen3-4b-keep4-s42:1099:5,1099,396,0,0,0,8,48
qwen3-4b-keep4-s42,qwen3-4b-keep4-s42:1099:7,1099,411,0,0,0,2,48
qwen3-4b-keep4-s42,qwen3-4b-keep4-s42:1100:0,1100,2,0,0,0,46,56
qwen3-4b-keep4-s42,qwen3-4b-keep4-s42:1100:1,1100,25,0,0,0,24,56
qwen3-4b-keep4-s42,qwen3-4b-keep4-s42:1100:5,1100,360,0,0,0,34,56
qwen3-4b-keep4-s42,qwen3-4b-keep4-s42:1102:0,1102,289,0,0,0,47,103
qwen3-4b-keep4-s42,qwen3-4b-keep4-s42:1102:1,1102,333,0,0,0,49,103
qwen3-4b-keep4-s42,qwen3-4b-keep4-s42:1102:3,1102,25,0,0,0,57,103
qwen3-4b-keep4-s42,qwen3-4b-keep4-s42:1102:4,1102,308,0,0,0,47,103
qwen3-4b-keep4-s42,qwen3-4b-keep4-s42:1102:5,1102,354,0,0,0,47,103
qwen3-4b-keep4-s42,qwen3-4b-keep4-s42:1102:7,1102,293,0,0,0,48,103
qwen3-4b-keep4-s42,qwen3-4b-keep4-s42:1104:5,1104,374,0,0,0,15,30
qwen3-4b-keep4-s42,qwen3-4b-keep4-s42:1105:1,1105,397,0,0,0,21,78
qwen3-4b-keep4-s42,qwen3-4b-keep4-s42:1105:2,1105,337,0,0,0,14,78
qwen3-4b-keep4-s42,qwen3-4b-keep4-s42:1105:3,1105,316,0,0,0,18,78
qwen3-4b-keep4-s42,qwen3-4b-keep4-s42:1105:4,1105,374,0,0,0,13,78
qwen3-4b-keep4-s42,qwen3-4b-keep4-s42:1105:5,1105,352,1,0,0,11,78
qwen3-4b-keep4-s42,qwen3-4b-keep4-s42:1105:6,1105,356,0,0,0,12,78
qwen3-4b-keep4-s42,qwen3-4b-keep4-s42:1105:7,1105,384,0,0,0,15,78
qwen3-4b-keep4-s42,qwen3-4b-keep4-s42:1106:1,1106,65,0,0,0,31,79
qwen3-4b-keep4-s42,qwen3-4b-keep4-s42:1106:7,1106,482,0,0,0,33,79
qwen3-4b-keep4-s42,qwen3-4b-keep4-s42:1107:0,1107,36,0,0,0,12,112
qwen3-4b-keep4-s42,qwen3-4b-keep4-s42:1107:1,1107,368,0,0,0,18,112
qwen3-4b-keep4-s42,qwen3-4b-keep4-s42:1107:2,1107,4,0,0,0,19,112
qwen3-4b-keep4-s42,qwen3-4b-keep4-s42:1107:3,1107,21,0,0,0,32,112
qwen3-4b-keep4-s42,qwen3-4b-keep4-s42:1107:4,1107,354,0,0,0,19,112
qwen3-4b-keep4-s42,qwen3-4b-keep4-s42:1107:5,1107,109,79,4,8,16,112
qwen3-4b-keep4-s42,qwen3-4b-keep4-s42:1107:6,1107,321,0,0,0,11,112
