tag,sample_id,stable_prompt_id,blocks_after_capture,novel_triples_after_capture,new_gold_triples_after_capture,new_gold_pairs_after_capture,gold_pairs_covered_at_capture,gold_pairs_total
qwen3-1.7b-cleanv2,qwen3-1.7b-cleanv2:1:0,1,299,0,0,0,3,88
qwen3-1.7b-cleanv2,qwen3-1.7b-cleanv2:1:1,1,179,0,0,0,14,88
qwen3-1.7b-cleanv2,qwen3-1.7b-cleanv2:1:2,1,555,0,0,0,2,88
qwen3-1.7b-cleanv2,qwen3-1.7b-cleanv2:1:3,1,490,0,0,0,2,88
qwen3-1.7b-cleanv2,qwen3-1.7b-cleanv2:1:4,1,556,0,0,0,4,88
qwen3-1.7b-cleanv2,qwen3-1.7b-cleanv2:1:5,1,403,0,0,0,3,88
qwen3-1.7b-cleanv2,qwen3-1.7b-cleanv2:1:6,1,377,0,0,0,16,88
qwen3-1.7b-cleanv2,qwen3-1.7b-cleanv2:1:7,1,480,0,0,0,4,88
qwen3-1.7b-cleanv2,qwen3-1.7b-cleanv2:2:0,2,158,0,0,0,3,93
qwen3-1.7b-cleanv2,qwen3-1.7b-cleanv2:2:3,2,2,0,0,0,6,93
qwen3-1.7b-cleanv2,qwen3-1.7b-cleanv2:2:5,2,202,0,0,0,3,93
qwen3-1.7b-cleanv2,qwen3-1.7b-cleanv2:2:6,2,6,0,0,0,5,93
qwen3-1.7b-cleanv2,qwen3-1.7b-cleanv2:3:1,3,460,0,0,0,6,33
qwen3-1.7b-cleanv2,qwen3-1.7b-cleanv2:3:3,3,0,0,0,0,7,33
qwen3-1.7b-cleanv2,qwen3-1.7b-cleanv2:3:7,3,378,0,0,0,2,33
qwen3-1.7b-cleanv2,qwen3-1.7b-cleanv2:4:0,4,0,0,0,0,4,46
qwen3-1.7b-cleanv2,qwen3-1.7b-cleanv2:5:0,5,404,0,0,0,39,94
qwen3-1.7b-cleanv2,qwen3-1.7b-cleanv2:5:1,5,14,0,0,0,36,94
qwen3-1.7b-cleanv2,qwen3-1.7b-cleanv2:5:2,5,5,0,0,0,37,94
qwen3-1.7b-cleanv2,qwen3-1.7b-cleanv2:5:4,5,522,0,0,0,17,94
qwen3-1.7b-cleanv2,qwen3-1.7b-cleanv2:8:1,8,405,0,0,0,0,16
qwen3-1.7b-cleanv2,qwen3-1.7b-cleanv2:8:2,8,608,0,0,0,0,16
qwen3-1.7b-cleanv2,qwen3-1.7b-cleanv2:8:4,8,400,0,0,0,2,16
qwen3-1.7b-cleanv2,qwen3-1.7b-cleanv2:8:7,8,572,0,0,0,0,16
qwen3-1.7b-cleanv2,qwen3-1.7b-cleanv2:9:2,9,422,0,0,0,11,54
qwen3-1.7b-cleanv2,qwen3-1.7b-cleanv2:9:4,9,239,0,0,0,20,54
qwen3-1.7b-cleanv2,qwen3-1.7b-cleanv2:9:5,9,322,0,0,0,16,54
qwen3-1.7b-cleanv2,qwen3-1.7b-cleanv2:10:1,10,3,0,0,0,6,87
qwen3-1.7b-cleanv2,qwen3-1.7b-cleanv2:10:2,10,0,0,0,0,3,87
qwen3-1.7b-cleanv2,qwen3-1.7b-cleanv2:11:5,11,6,0,0,0,22,43
qwen3-1.7b-cleanv2,qwen3-1.7b-cleanv2:13:2,13,43,0,0,0,13,30
qwen3-1.7b-cleanv2,qwen3-1.7b-cleanv2:13:6,13,27,0,0,0,15,30
qwen3-1.7b-cleanv2,qwen3-1.7b-cleanv2:14:0,14,442,0,0,0,7,81
qwen3-1.7b-cleanv2,qwen3-1.7b-cleanv2:14:1,14,387,0,0,0,2,81
qwen3-1.7b-cleanv2,qwen3-1.7b-cleanv2:14:2,14,377,0,0,0,4,81
qwen3-1.7b-cleanv2,qwen3-1.7b-cleanv2:14:3,14,413,0,0,0,4,81
qwen3-1.7b-cleanv2,qwen3-1.7b-cleanv2:14:4,14,417,0,0,0,2,81
qwen3-1.7b-cleanv2,qwen3-1.7b-cleanv2:14:5,14,379,0,0,0,4,81
qwen3-1.7b-cleanv2,qwen3-1.7b-cleanv2:14:6,14,490,0,0,0,2,81
qwen3-1.7b-cleanv2,qwen3-1.7b-cleanv2:14:7,14,431,0,0,0,4,81
qwen3-1.7b-cleanv2,qwen3-1.7b-cleanv2:16:0,16,258,0,0,0,4,78
qwen3-1.7b-cleanv2,qwen3-1.7b-cleanv2:16:1,16,321,0,0,0,2,78
qwen3-1.7b-cleanv2,qwen3-1.7b-cleanv2:16:2,16,47,0,0,0,2,78
qwen3-1.7b-cleanv2,qwen3-1.7b-cleanv2:16:3,16,389,0,0,0,5,78
qwen3-1.7b-cleanv2,qwen3-1.7b-cleanv2:16:4,16,415,0,0,0,2,78
qwen3-1.7b-cleanv2,qwen3-1.7b-cleanv2:16:5,16,434,0,0,0,7,78
qwen3-1.7b-cleanv2,qwen3-1.7b-cleanv2:16:6,16,44,0,0,0,12,78
qwen3-1.7b-cleanv2,qwen3-1.7b-cleanv2:17:1,17,0,0,0,0,5,70
qwen3-1.7b-cleanv2,qwen3-1.7b-cleanv2:17:4,17,503,0,0,0,9,70
qwen3-1.7b-cleanv2,qwen3-1.7b-cleanv2:17:5,17,458,0,0,0,14,70
qwen3-1.7b-cleanv2,qwen3-1.7b-cleanv2:17:7,17,6,0,0,0,7,70
qwen3-1.7b-cleanv2,qwen3-1.7b-cleanv2:19:0,19,239,0,0,0,20,51
qwen3-1.7b-cleanv2,qwen3-1.7b-cleanv2:19:1,19,260,0,0,0,5,51
qwen3-1.7b-cleanv2,qwen3-1.7b-cleanv2:19:3,19,290,0,0,0,15,51
qwen3-1.7b-cleanv2,qwen3-1.7b-cleanv2:19:4,19,207,0,0,0,10,51
qwen3-1.7b-cleanv2,qwen3-1.7b-cleanv2:19:5,19,75,0,0,0,10,51
qwen3-1.7b-cleanv2,qwen3-1.7b-cleanv2:19:6,19,289,0,0,0,8,51
qwen3-1.7b-cleanv2,qwen3-1.7b-cleanv2:19:7,19,282,0,0,0,7,51
qwen3-1.7b-cleanv2,qwen3-1.7b-cleanv2:20:0,20,379,0,0,0,7,90
qwen3-1.7b-cleanv2,qwen3-1.7b-cleanv2:20:1,20,200,0,0,0,5,90
qwen3-1.7b-cleanv2,qwen3-1.7b-cleanv2:20:3,20,489,0,0,0,8,90
qwen3-1.7b-cleanv2,qwen3-1.7b-cleanv2:20:5,20,380,0,0,0,6,90
qwen3-1.7b-cleanv2,qwen3-1.7b-cleanv2:20:6,20,408,0,0,0,4,90
qwen3-1.7b-cleanv2,qwen3-1.7b-cleanv2:21:0,21,450,0,0,0,16,71
qwen3-1.7b-cleanv2,qwen3-1.7b-cleanv2:21:1,21,471,0,0,0,5,71
qwen3-1.7b-cleanv2,qwen3-1.7b-cleanv2:21:3,21,203,0,0,0,7,71
qwen3-1.7b-cleanv2,qwen3-1.7b-cleanv2:21:4,21,419,0,0,0,11,71
qwen3-1.7b-cleanv2,qwen3-1.7b-cleanv2:21:5,21,491,0,0,0,7,71
qwen3-1.7b-cleanv2,qwen3-1.7b-cleanv2:21:6,21,385,0,0,0,9,71
qwen3-1.7b-cleanv2,qwen3-1.7b-cleanv2:21:7,21,57,0,0,0,10,71
qwen3-1.7b-cleanv2,qwen3-1.7b-cleanv2:22:0,22,491,0,0,0,13,60
qwen3-1.7b-cleanv2,qwen3-1.7b-cleanv2:23:0,23,539,0,0,0,3,74
qwen3-1.7b-cleanv2,qwen3-1.7b-cleanv2:23:1,23,553,0,0,0,4,74
qwen3-1.7b-cleanv2,qwen3-1.7b-cleanv2:23:2,23,354,0,0,0,3,74
qwen3-1.7b-cleanv2,qwen3-1.7b-cleanv2:23:3,23,320,0,0,0,6,74
qwen3-1.7b-cleanv2,qwen3-1.7b-cleanv2:23:4,23,380,0,0,0,5,74
qwen3-1.7b-cleanv2,qwen3-1.7b-cleanv2:23:5,23,377,0,0,0,3,74
qwen3-1.7b-cleanv2,qwen3-1.7b-cleanv2:23:7,23,417,0,0,0,3,74
qwen3-1.7b-cleanv2,qwen3-1.7b-cleanv2:25:2,25,0,0,0,0,6,61
qwen3-1.7b-cleanv2,qwen3-1.7b-cleanv2:25:4,25,466,0,0,0,5,61
qwen3-1.7b-cleanv2,qwen3-1.7b-cleanv2:25:5,25,198,0,0,0,10,61
qwen3-1.7b-cleanv2,qwen3-1.7b-cleanv2:25:6,25,4,0,0,0,4,61
qwen3-1.7b-cleanv2,qwen3-1.7b-cleanv2:26:2,26,345,0,0,0,21,60
qwen3-1.7b-cleanv2,qwen3-1.7b-cleanv2:26:6,26,4,0,0,0,29,60
qwen3-1.7b-cleanv2,qwen3-1.7b-cleanv2:26:7,26,287,0,0,0,3,60
qwen3-1.7b-cleanv2,qwen3-1.7b-cleanv2:28:2,28,535,0,0,0,14,59
qwen3-1.7b-cleanv2,qwen3-1.7b-cleanv2:29:1,29,5,0,0,0,7,120
qwen3-1.7b-cleanv2,qwen3-1.7b-cleanv2:29:4,29,14,0,0,0,22,120
qwen3-1.7b-cleanv2,qwen3-1.7b-cleanv2:30:2,30,8,0,0,0,5,47
qwen3-1.7b-cleanv2,qwen3-1.7b-cleanv2:31:0,31,409,0,0,0,11,86
qwen3-1.7b-cleanv2,qwen3-1.7b-cleanv2:31:1,31,462,0,0,0,1,86
qwen3-1.7b-cleanv2,qwen3-1.7b-cleanv2:31:2,31,481,0,0,0,1,86
qwen3-1.7b-cleanv2,qwen3-1.7b-cleanv2:31:3,31,438,0,0,0,8,86
qwen3-1.7b-cleanv2,qwen3-1.7b-cleanv2:31:4,31,496,0,0,0,3,86
qwen3-1.7b-cleanv2,qwen3-1.7b-cleanv2:31:5,31,518,0,0,0,4,86
qwen3-1.7b-cleanv2,qwen3-1.7b-cleanv2:31:6,31,474,0,0,0,2,86
qwen3-1.7b-cleanv2,qwen3-1.7b-cleanv2:31:7,31,452,0,0,0,3,86
qwen3-1.7b-cleanv2,qwen3-1.7b-cleanv2:32:7,32,21,0,0,0,10,44
qwen3-1.7b-cleanv2,qwen3-1.7b-cleanv2:34:1,34,400,0,0,0,8,103
qwen3-1.7b-cleanv2,qwen3-1.7b-cleanv2:34:2,34,21,0,0,0,9,103
qwen3-1.7b-cleanv2,qwen3-1.7b-cleanv2:34:7,34,63,0,0,0,13,103
qwen3-1.7b-cleanv2,qwen3-1.7b-cleanv2:35:2,35,310,0,0,0,19,59
qwen3-1.7b-cleanv2,qwen3-1.7b-cleanv2:35:5,35,383,0,0,0,6,59
qwen3-1.7b-cleanv2,qwen3-1.7b-cleanv2:35:6,35,15,0,0,0,15,59
qwen3-1.7b-cleanv2,qwen3-1.7b-cleanv2:35:7,35,277,0,0,0,5,59
qwen3-1.7b-cleanv2,qwen3-1.7b-cleanv2:40:1,40,380,0,0,0,4,32
qwen3-1.7b-cleanv2,qwen3-1.7b-cleanv2:40:2,40,7,0,0,0,2,32
qwen3-1.7b-cleanv2,qwen3-1.7b-cleanv2:40:3,40,457,0,0,0,2,32
qwen3-1.7b-cleanv2,qwen3-1.7b-cleanv2:40:4,40,492,0,0,0,4,32
qwen3-1.7b-cleanv2,qwen3-1.7b-cleanv2:40:5,40,459,0,0,0,2,32
qwen3-1.7b-cleanv2,qwen3-1.7b-cleanv2:40:6,40,422,0,0,0,1,32
qwen3-1.7b-cleanv2,qwen3-1.7b-cleanv2:42:0,42,218,0,0,0,7,56
qwen3-1.7b-cleanv2,qwen3-1.7b-cleanv2:42:1,42,5,0,0,0,9,56
qwen3-1.7b-cleanv2,qwen3-1.7b-cleanv2:42:2,42,1,0,0,0,9,56
qwen3-1.7b-cleanv2,qwen3-1.7b-cleanv2:42:3,42,244,0,0,0,8,56
qwen3-1.7b-cleanv2,qwen3-1.7b-cleanv2:42:4,42,18,0,0,0,9,56
qwen3-1.7b-cleanv2,qwen3-1.7b-cleanv2:43:1,43,4,0,0,0,28,69
qwen3-1.7b-cleanv2,qwen3-1.7b-cleanv2:44:0,44,2,0,0,0,13,43
qwen3-1.7b-cleanv2,qwen3-1.7b-cleanv2:45:3,45,424,0,0,0,4,77
qwen3-1.7b-cleanv2,qwen3-1.7b-cleanv2:48:0,48,428,0,0,0,4,80
qwen3-1.7b-cleanv2,qwen3-1.7b-cleanv2:48:1,48,339,0,0,0,5,80
qwen3-1.7b-cleanv2,qwen3-1.7b-cleanv2:48:2,48,478,0,0,0,5,80
qwen3-1.7b-cleanv2,qwen3-1.7b-cleanv2:48:3,48,327,0,0,0,10,80
qwen3-1.7b-cleanv2,qwen3-1.7b-cleanv2:48:5,48,515,0,0,0,4,80
qwen3-1.7b-cleanv2,qwen3-1.7b-cleanv2:48:7,48,353,0,0,0,8,80
qwen3-1.7b-cleanv2,qwen3-1.7b-cleanv2:49:0,49,175,0,0,0,5,51
qwen3-1.7b-cleanv2,qwen3-1.7b-cleanv2:49:1,49,173,0,0,0,2,51
qwen3-1.7b-cleanv2,qwen3-1.7b-cleanv2:49:2,49,243,0,0,0,14,51
qwen3-1.7b-cleanv2,qwen3-1.7b-cleanv2:49:3,49,197,0,0,0,14,51
qwen3-1.7b-cleanv2,qwen3-1.7b-cleanv2:49:6,49,269,0,0,0,6,51
qwen3-1.7b-cleanv2,qwen3-1.7b-cleanv2:50:0,50,344,0,0,0,32,70
qwen3-1.7b-cleanv2,qwen3-1.7b-cleanv2:50:2,50,8,0,0,0,24,70
qwen3-1.7b-cleanv2,qwen3-1.7b-cleanv2:50:3,50,55,0,0,0,22,70
qwen3-1.7b-cleanv2,qwen3-1.7b-cleanv2:52:0,52,358,0,0,0,6,26
qwen3-1.7b-cleanv2,qwen3-1.7b-cleanv2:52:3,52,442,0,0,0,4,26
qwen3-1.7b-cleanv2,qwen3-1.7b-cleanv2:52:5,52,479,0,0,0,2,26
qwen3-1.7b-cleanv2,qwen3-1.7b-cleanv2:54:4,54,21,0,0,0,4,16
qwen3-1.7b-cleanv2,qwen3-1.7b-cleanv2:55:0,55,482,0,0,0,11,44
qwen3-1.7b-cleanv2,qwen3-1.7b-cleanv2:55:1,55,0,0,0,0,8,44
qwen3-1.7b-cleanv2,qwen3-1.7b-cleanv2:55:2,55,83,0,0,0,11,44
qwen3-1.7b-cleanv2,qwen3-1.7b-cleanv2:55:5,55,474,0,0,0,8,44
qwen3-1.7b-cleanv2,qwen3-1.7b-cleanv2:56:1,56,82,0,0,0,16,52
qwen3-1.7b-cleanv2,qwen3-1.7b-cleanv2:57:2,57,4,0,0,0,2,41
qwen3-1.7b-cleanv2,qwen3-1.7b-cleanv2:58:5,58,484,0,0,0,8,49
qwen3-1.7b-cleanv2,qwen3-1.7b-cleanv2:58:6,58,420,0,0,0,10,49
qwen3-1.7b-cleanv2,qwen3-1.7b-cleanv2:58:7,58,318,0,0,0,9,49
qwen3-1.7b-cleanv2,qwen3-1.7b-cleanv2:59:0,59,1,0,0,0,35,70
qwen3-1.7b-cleanv2,qwen3-1.7b-cleanv2:59:1,59,416,0,0,0,27,70
qwen3-1.7b-cleanv2,qwen3-1.7b-cleanv2:59:3,59,393,0,0,0,13,70
qwen3-1.7b-cleanv2,qwen3-1.7b-cleanv2:59:5,59,419,0,0,0,33,70
qwen3-1.7b-cleanv2,qwen3-1.7b-cleanv2:59:7,59,370,0,0,0,35,70
qwen3-1.7b-cleanv2,qwen3-1.7b-cleanv2:60:0,60,38,0,0,0,12,95
qwen3-1.7b-cleanv2,qwen3-1.7b-cleanv2:60:2,60,453,0,0,0,8,95
qwen3-1.7b-cleanv2,qwen3-1.7b-cleanv2:60:3,60,395,0,0,0,7,95
qwen3-1.7b-cleanv2,qwen3-1.7b-cleanv2:60:4,60,475,0,0,0,5,95
qwen3-1.7b-cleanv2,qwen3-1.7b-cleanv2:60:6,60,420,0,0,0,2,95
qwen3-1.7b-cleanv2,qwen3-1.7b-cleanv2:61:0,61,0,0,0,0,26,78
qwen3-1.7b-cleanv2,qwen3-1.7b-cleanv2:61:7,61,3,0,0,0,39,78
qwen3-1.7b-cleanv2,qwen3-1.7b-cleanv2:62:1,62,59,48,9,13,23,88
qwen3-1.7b-cleanv2,qwen3-1.7b-cleanv2:62:3,62,375,0,0,0,18,88
qwen3-1.7b-cleanv2,qwen3-1.7b-cleanv2:62:6,62,12,0,0,0,31,88
qwen3-1.7b-cleanv2,qwen3-1.7b-cleanv2:64:0,64,236,0,0,0,0,56
qwen3-1.7b-cleanv2,qwen3-1.7b-cleanv2:64:1,64,11,0,0,0,8,56
qwen3-1.7b-cleanv2,qwen3-1.7b-cleanv2:64:2,64,332,0,0,0,1,56
qwen3-1.7b-cleanv2,qwen3-1.7b-cleanv2:64:3,64,35,0,0,0,2,56
qwen3-1.7b-cleanv2,qwen3-1.7b-cleanv2:64:4,64,318,0,0,0,7,56
qwen3-1.7b-cleanv2,qwen3-1.7b-cleanv2:64:5,64,356,0,0,0,1,56
qwen3-1.7b-cleanv2,qwen3-1.7b-cleanv2:64:6,64,367,0,0,0,1,56
qwen3-1.7b-cleanv2,qwen3-1.7b-cleanv2:64:7,64,442,0,0,0,3,56
qwen3-1.7b-cleanv2,qwen3-1.7b-cleanv2:65:0,65,346,0,0,0,20,59
qwen3-1.7b-cleanv2,qwen3-1.7b-cleanv2:66:1,66,509,0,0,0,15,65
qwen3-1.7b-cleanv2,qwen3-1.7b-cleanv2:66:5,66,464,0,0,0,18,65
qwen3-1.7b-cleanv2,qwen3-1.7b-cleanv2:66:7,66,9,0,0,0,20,65
qwen3-1.7b-cleanv2,qwen3-1.7b-cleanv2:67:3,67,7,0,0,0,2,78
qwen3-1.7b-cleanv2,qwen3-1.7b-cleanv2:67:6,67,264,0,0,0,4,78
qwen3-1.7b-cleanv2,qwen3-1.7b-cleanv2:67:7,67,356,0,0,0,2,78
qwen3-1.7b-cleanv2,qwen3-1.7b-cleanv2:68:2,68,437,0,0,0,26,82
qwen3-1.7b-cleanv2,qwen3-1.7b-cleanv2:68:6,68,418,0,0,0,24,82
qwen3-1.7b-cleanv2,qwen3-1.7b-cleanv2:70:3,70,58,0,0,0,15,115
qwen3-1.7b-cleanv2,qwen3-1.7b-cleanv2:73:0,73,590,0,0,0,11,38
qwen3-1.7b-cleanv2,qwen3-1.7b-cleanv2:73:4,73,3,0,0,0,9,38
qwen3-1.7b-cleanv2,qwen3-1.7b-cleanv2:73:5,73,0,0,0,0,12,38
qwen3-1.7b-cleanv2,qwen3-1.7b-cleanv2:74:2,74,8,0,0,0,19,45
qwen3-1.7b-cleanv2,qwen3-1.7b-cleanv2:75:1,75,313,0,0,0,3,59
qwen3-1.7b-cleanv2,qwen3-1.7b-cleanv2:75:3,75,448,0,0,0,8,59
qwen3-1.7b-cleanv2,qwen3-1.7b-cleanv2:75:4,75,424,0,0,0,2,59
qwen3-1.7b-cleanv2,qwen3-1.7b-cleanv2:75:5,75,527,0,0,0,5,59
qwen3-1.7b-cleanv2,qwen3-1.7b-cleanv2:75:6,75,260,0,0,0,9,59
qwen3-1.7b-cleanv2,qwen3-1.7b-cleanv2:75:7,75,302,0,0,0,3,59
qwen3-1.7b-cleanv2,qwen3-1.7b-cleanv2:76:0,76,335,0,0,0,2,39
qwen3-1.7b-cleanv2,qwen3-1.7b-cleanv2:76:1,76,327,0,0,0,3,39
qwen3-1.7b-cleanv2,qwen3-1.7b-cleanv2:76:2,76,320,0,0,0,1,39
qwen3-1.7b-cleanv2,qwen3-1.7b-cleanv2:76:3,76,200,0,0,0,1,39
qwen3-1.7b-cleanv2,qwen3-1.7b-cleanv2:76:4,76,342,0,0,0,2,39
qwen3-1.7b-cleanv2,qwen3-1.7b-cleanv2:76:5,76,309,0,0,0,4,39
qwen3-1.7b-cleanv2,qwen3-1.7b-cleanv2:76:6,76,311,0,0,0,0,39
qwen3-1.7b-cleanv2,qwen3-1.7b-cleanv2:76:7,76,272,0,0,0,1,39
qwen3-1.7b-cleanv2,qwen3-1.7b-cleanv2:77:0,77,248,0,0,0,1,55
qwen3-1.7b-cleanv2,qwen3-1.7b-cleanv2:77:1,77,276,0,0,0,1,55
qwen3-1.7b-cleanv2,qwen3-1.7b-cleanv2:77:2,77,239,0,0,0,2,55
qwen3-1.7b-cleanv2,qwen3-1.7b-cleanv2:77:3,77,178,0,0,0,1,55
qwen3-1.7b-cleanv2,qwen3-1.7b-cleanv2:77:4,77,442,0,0,0,1,55
qwen3-1.7b-cleanv2,qwen3-1.7b-cleanv2:77:5,77,272,0,0,0,1,55
qwen3-1.7b-cleanv2,qwen3-1.7b-cleanv2:77:6,77,310,0,0,0,1,55
qwen3-1.7b-cleanv2,qwen3-1.7b-cleanv2:77:7,77,318,0,0,0,2,55
qwen3-1.7b-cleanv2,qwen3-1.7b-cleanv2:78:0,78,376,0,0,0,19,77
qwen3-1.7b-cleanv2,qwen3-1.7b-cleanv2:78:2,78,1,0,0,0,32,77
qwen3-1.7b-cleanv2,qwen3-1.7b-cleanv2:80:4,80,419,0,0,0,2,24
qwen3-1.7b-cleanv2,qwen3-1.7b-cleanv2:80:6,80,2,0,0,0,6,24
qwen3-1.7b-cleanv2,qwen3-1.7b-cleanv2:81:1,81,341,0,0,0,12,110
qwen3-1.7b-cleanv2,qwen3-1.7b-cleanv2:81:2,81,331,0,0,0,8,110
qwen3-1.7b-cleanv2,qwen3-1.7b-cleanv2:81:3,81,3,0,0,0,24,110
qwen3-1.7b-cleanv2,qwen3-1.7b-cleanv2:81:4,81,25,0,0,0,14,110
qwen3-1.7b-cleanv2,qwen3-1.7b-cleanv2:81:5,81,378,0,0,0,2,110
qwen3-1.7b-cleanv2,qwen3-1.7b-cleanv2:81:6,81,333,0,0,0,23,110
qwen3-1.7b-cleanv2,qwen3-1.7b-cleanv2:81:7,81,365,0,0,0,2,110
qwen3-1.7b-cleanv2,qwen3-1.7b-cleanv2:82:3,82,455,0,0,0,7,56
qwen3-1.7b-cleanv2,qwen3-1.7b-cleanv2:82:5,82,205,0,0,0,14,56
qwen3-1.7b-cleanv2,qwen3-1.7b-cleanv2:82:6,82,52,0,0,0,18,56
qwen3-1.7b-cleanv2,qwen3-1.7b-cleanv2:83:0,83,44,0,0,0,7,91
qwen3-1.7b-cleanv2,qwen3-1.7b-cleanv2:83:1,83,379,0,0,0,7,91
qwen3-1.7b-cleanv2,qwen3-1.7b-cleanv2:83:3,83,420,0,0,0,6,91
qwen3-1.7b-cleanv2,qwen3-1.7b-cleanv2:83:4,83,6,0,0,0,4,91
qwen3-1.7b-cleanv2,qwen3-1.7b-cleanv2:83:5,83,375,0,0,0,6,91
qwen3-1.7b-cleanv2,qwen3-1.7b-cleanv2:83:7,83,197,0,0,0,9,91
qwen3-1.7b-cleanv2,qwen3-1.7b-cleanv2:84:0,84,1,0,0,0,5,79
qwen3-1.7b-cleanv2,qwen3-1.7b-cleanv2:84:1,84,6,0,0,0,6,79
qwen3-1.7b-cleanv2,qwen3-1.7b-cleanv2:84:3,84,363,0,0,0,4,79
qwen3-1.7b-cleanv2,qwen3-1.7b-cleanv2:84:5,84,23,0,0,0,4,79
qwen3-1.7b-cleanv2,qwen3-1.7b-cleanv2:86:5,86,450,0,0,0,23,45
qwen3-1.7b-cleanv2,qwen3-1.7b-cleanv2:87:1,87,531,0,0,0,1,43
qwen3-1.7b-cleanv2,qwen3-1.7b-cleanv2:87:2,87,481,0,0,0,3,43
qwen3-1.7b-cleanv2,qwen3-1.7b-cleanv2:87:3,87,257,0,0,0,1,43
qwen3-1.7b-cleanv2,qwen3-1.7b-cleanv2:87:6,87,4,0,0,0,4,43
qwen3-1.7b-cleanv2,qwen3-1.7b-cleanv2:87:7,87,391,0,0,0,2,43
qwen3-1.7b-cleanv2,qwen3-1.7b-cleanv2:90:7,90,514,0,0,0,0,43
qwen3-1.7b-cleanv2,qwen3-1.7b-cleanv2:93:0,93,0,0,0,0,16,47
qwen3-1.7b-cleanv2,qwen3-1.7b-cleanv2:93:1,93,19,0,0,0,9,47
qwen3-1.7b-cleanv2,qwen3-1.7b-cleanv2:93:3,93,565,0,0,0,16,47
qwen3-1.7b-cleanv2,qwen3-1.7b-cleanv2:93:4,93,6,0,0,0,14,47
qwen3-1.7b-cleanv2,qwen3-1.7b-cleanv2:93:5,93,516,0,0,0,12,47
qwen3-1.7b-cleanv2,qwen3-1.7b-cleanv2:93:6,93,526,0,0,0,8,47
qwen3-1.7b-cleanv2,qwen3-1.7b-cleanv2:93:7,93,18,0,0,0,11,47
qwen3-1.7b-cleanv2,qwen3-1.7b-cleanv2:94:0,94,313,0,0,0,4,55
qwen3-1.7b-cleanv2,qwen3-1.7b-cleanv2:94:1,94,386,0,0,0,4,55
qwen3-1.7b-cleanv2,qwen3-1.7b-cleanv2:94:6,94,304,0,0,0,8,55
qwen3-1.7b-cleanv2,qwen3-1.7b-cleanv2:94:7,94,320,0,0,0,7,55
qwen3-1.7b-cleanv2,qwen3-1.7b-cleanv2:95:3,95,3,0,0,0,8,51
qwen3-1.7b-cleanv2,qwen3-1.7b-cleanv2:98:5,98,82,0,0,0,22,78
qwen3-1.7b-cleanv2,qwen3-1.7b-cleanv2:99:2,99,3,0,0,0,4,14
qwen3-1.7b-cleanv2,qwen3-1.7b-cleanv2:100:4,100,32,0,0,0,9,62
qwen3-1.7b-cleanv2,qwen3-1.7b-cleanv2:101:0,101,387,0,0,0,19,46
qwen3-1.7b-cleanv2,qwen3-1.7b-cleanv2:101:1,101,2,0,0,0,24,46
qwen3-1.7b-cleanv2,qwen3-1.7b-cleanv2:101:3,101,390,0,0,0,20,46
qwen3-1.7b-cleanv2,qwen3-1.7b-cleanv2:101:4,101,359,0,0,0,18,46
qwen3-1.7b-cleanv2,qwen3-1.7b-cleanv2:101:5,101,279,0,0,0,14,46
qwen3-1.7b-cleanv2,qwen3-1.7b-cleanv2:101:6,101,302,0,0,0,18,46
qwen3-1.7b-cleanv2,qwen3-1.7b-cleanv2:102:1,102,474,0,0,0,11,68
qwen3-1.7b-cleanv2,qwen3-1.7b-cleanv2:102:6,102,579,0,0,0,6,68
qwen3-1.7b-cleanv2,qwen3-1.7b-cleanv2:102:7,102,285,0,0,0,18,68
qwen3-1.7b-cleanv2,qwen3-1.7b-cleanv2:105:1,105,25,0,0,0,13,37
qwen3-1.7b-cleanv2,qwen3-1.7b-cleanv2:105:4,105,607,0,0,0,14,37
qwen3-1.7b-cleanv2,qwen3-1.7b-cleanv2:105:6,105,499,0,0,0,12,37
qwen3-1.7b-cleanv2,qwen3-1.7b-cleanv2:105:7,105,601,0,0,0,15,37
qwen3-1.7b-cleanv2,qwen3-1.7b-cleanv2:107:2,107,2,0,0,0,13,30
qwen3-1.7b-cleanv2,qwen3-1.7b-cleanv2:107:6,107,2,0,0,0,12,30
qwen3-1.7b-cleanv2,qwen3-1.7b-cleanv2:107:7,107,23,0,0,0,4,30
qwen3-1.7b-cleanv2,qwen3-1.7b-cleanv2:109:0,109,390,0,0,0,13,81
qwen3-1.7b-cleanv2,qwen3-1.7b-cleanv2:109:2,109,300,0,0,0,11,81
qwen3-1.7b-cleanv2,qwen3-1.7b-cleanv2:109:4,109,395,0,0,0,17,81
qwen3-1.7b-cleanv2,qwen3-1.7b-cleanv2:112:2,112,428,0,0,0,8,36
qwen3-1.7b-cleanv2,qwen3-1.7b-cleanv2:112:3,112,384,0,0,0,3,36
qwen3-1.7b-cleanv2,qwen3-1.7b-cleanv2:112:4,112,0,0,0,0,9,36
qwen3-1.7b-cleanv2,qwen3-1.7b-cleanv2:112:7,112,394,0,0,0,7,36
qwen3-1.7b-cleanv2,qwen3-1.7b-cleanv2:113:0,113,4,0,0,0,4,9
qwen3-1.7b-cleanv2,qwen3-1.7b-cleanv2:113:2,113,582,0,0,0,5,9
qwen3-1.7b-cleanv2,qwen3-1.7b-cleanv2:113:4,113,464,0,0,0,3,9
qwen3-1.7b-cleanv2,qwen3-1.7b-cleanv2:113:5,113,419,0,0,0,4,9
qwen3-1.7b-cleanv2,qwen3-1.7b-cleanv2:113:6,113,491,0,0,0,4,9
qwen3-1.7b-cleanv2,qwen3-1.7b-cleanv2:113:7,113,5,0,0,0,5,9
qwen3-1.7b-cleanv2,qwen3-1.7b-cleanv2:114:0,114,8,0,0,0,2,13
qwen3-1.7b-cleanv2,qwen3-1.7b-cleanv2:116:3,116,3,0,0,0,9,32
qwen3-1.7b-cleanv2,qwen3-1.7b-cleanv2:116:6,116,13,0,0,0,10,32
qwen3-1.7b-cleanv2,qwen3-1.7b-cleanv2:116:7,116,463,0,0,0,9,32
qwen3-1.7b-cleanv2,qwen3-1.7b-cleanv2:117:0,117,402,0,0,0,6,41
qwen3-1.7b-cleanv2,qwen3-1.7b-cleanv2:117:6,117,3,0,0,0,3,41
qwen3-1.7b-cleanv2,qwen3-1.7b-cleanv2:117:7,117,0,0,0,0,3,41
qwen3-1.7b-cleanv2,qwen3-1.7b-cleanv2:118:0,118,527,0,0,0,5,60
qwen3-1.7b-cleanv2,qwen3-1.7b-cleanv2:118:1,118,460,0,0,0,1,60
qwen3-1.7b-cleanv2,qwen3-1.7b-cleanv2:118:2,118,457,0,0,0,4,60
qwen3-1.7b-cleanv2,qwen3-1.7b-cleanv2:118:3,118,450,0,0,0,3,60
qwen3-1.7b-cleanv2,qwen3-1.7b-cleanv2:118:4,118,577,0,0,0,3,60
qwen3-1.7b-cleanv2,qwen3-1.7b-cleanv2:118:5,118,505,0,0,0,12,60
qwen3-1.7b-cleanv2,qwen3-1.7b-cleanv2:118:6,118,518,0,0,0,5,60
qwen3-1.7b-cleanv2,qwen3-1.7b-cleanv2:118:7,118,374,0,0,0,3,60
qwen3-1.7b-cleanv2,qwen3-1.7b-cleanv2:119:6,119,497,0,0,0,20,86
qwen3-1.7b-cleanv2,qwen3-1.7b-cleanv2:119:7,119,5,0,0,0,24,86
qwen3-1.7b-cleanv2,qwen3-1.7b-cleanv2:121:0,121,0,0,0,0,19,65
qwen3-1.7b-cleanv2,qwen3-1.7b-cleanv2:121:1,121,2,0,0,0,14,65
qwen3-1.7b-cleanv2,qwen3-1.7b-cleanv2:121:2,121,5,0,0,0,24,65
qwen3-1.7b-cleanv2,qwen3-1.7b-cleanv2:121:3,121,15,0,0,0,30,65
qwen3-1.7b-cleanv2,qwen3-1.7b-cleanv2:121:6,121,9,0,0,0,15,65
qwen3-1.7b-cleanv2,qwen3-1.7b-cleanv2:121:7,121,1,0,0,0,16,65
qwen3-1.7b-cleanv2,qwen3-1.7b-cleanv2:122:1,122,6,0,0,0,50,84
qwen3-1.7b-cleanv2,qwen3-1.7b-cleanv2:122:4,122,416,0,0,0,44,84
qwen3-1.7b-cleanv2,qwen3-1.7b-cleanv2:122:6,122,333,0,0,0,34,84
qwen3-1.7b-cleanv2,qwen3-1.7b-cleanv2:122:7,122,470,0,0,0,42,84
qwen3-1.7b-cleanv2,qwen3-1.7b-cleanv2:123:6,123,150,0,0,0,22,112
qwen3-1.7b-cleanv2,qwen3-1.7b-cleanv2:123:7,123,2,0,0,0,16,112
qwen3-1.7b-cleanv2,qwen3-1.7b-cleanv2:124:5,124,4,0,0,0,3,26
qwen3-1.7b-cleanv2,qwen3-1.7b-cleanv2:125:4,125,4,0,0,0,21,32
qwen3-1.7b-cleanv2,qwen3-1.7b-cleanv2:130:3,130,281,0,0,0,41,125
qwen3-1.7b-cleanv2,qwen3-1.7b-cleanv2:130:4,130,198,0,0,0,42,125
qwen3-1.7b-cleanv2,qwen3-1.7b-cleanv2:130:5,130,170,0,0,0,54,125
qwen3-1.7b-cleanv2,qwen3-1.7b-cleanv2:132:0,132,463,0,0,0,8,53
qwen3-1.7b-cleanv2,qwen3-1.7b-cleanv2:132:1,132,421,0,0,0,13,53
qwen3-1.7b-cleanv2,qwen3-1.7b-cleanv2:132:2,132,205,0,0,0,5,53
qwen3-1.7b-cleanv2,qwen3-1.7b-cleanv2:132:3,132,432,0,0,0,1,53
qwen3-1.7b-cleanv2,qwen3-1.7b-cleanv2:132:4,132,394,0,0,0,8,53
qwen3-1.7b-cleanv2,qwen3-1.7b-cleanv2:132:5,132,420,0,0,0,7,53
qwen3-1.7b-cleanv2,qwen3-1.7b-cleanv2:132:6,132,388,0,0,0,3,53
qwen3-1.7b-cleanv2,qwen3-1.7b-cleanv2:132:7,132,411,0,0,0,8,53
qwen3-1.7b-cleanv2,qwen3-1.7b-cleanv2:134:2,134,403,0,0,0,12,64
qwen3-1.7b-cleanv2,qwen3-1.7b-cleanv2:134:5,134,3,0,0,0,11,64
qwen3-1.7b-cleanv2,qwen3-1.7b-cleanv2:134:6,134,1,0,0,0,19,64
qwen3-1.7b-cleanv2,qwen3-1.7b-cleanv2:135:1,135,400,0,0,0,4,38
qwen3-1.7b-cleanv2,qwen3-1.7b-cleanv2:135:6,135,511,0,0,0,1,38
qwen3-1.7b-cleanv2,qwen3-1.7b-cleanv2:135:7,135,404,0,0,0,3,38
qwen3-1.7b-cleanv2,qwen3-1.7b-cleanv2:136:5,136,367,0,0,0,20,77
qwen3-1.7b-cleanv2,qwen3-1.7b-cleanv2:137:4,137,77,0,0,0,3,46
qwen3-1.7b-cleanv2,qwen3-1.7b-cleanv2:138:0,138,354,0,0,0,10,83
qwen3-1.7b-cleanv2,qwen3-1.7b-cleanv2:138:1,138,342,0,0,0,7,83
qwen3-1.7b-cleanv2,qwen3-1.7b-cleanv2:138:2,138,12,0,0,0,5,83
qwen3-1.7b-cleanv2,qwen3-1.7b-cleanv2:138:4,138,373,0,0,0,7,83
qwen3-1.7b-cleanv2,qwen3-1.7b-cleanv2:138:5,138,24,0,0,0,10,83
qwen3-1.7b-cleanv2,qwen3-1.7b-cleanv2:138:6,138,336,0,0,0,11,83
qwen3-1.7b-cleanv2,qwen3-1.7b-cleanv2:138:7,138,106,0,0,0,1,83
qwen3-1.7b-cleanv2,qwen3-1.7b-cleanv2:139:5,139,9,0,0,0,2,20
qwen3-1.7b-cleanv2,qwen3-1.7b-cleanv2:141:0,141,452,0,0,0,1,43
qwen3-1.7b-cleanv2,qwen3-1.7b-cleanv2:141:2,141,78,0,0,0,12,43
qwen3-1.7b-cleanv2,qwen3-1.7b-cleanv2:141:3,141,418,0,0,0,13,43
qwen3-1.7b-cleanv2,qwen3-1.7b-cleanv2:141:4,141,66,0,0,0,5,43
qwen3-1.7b-cleanv2,qwen3-1.7b-cleanv2:141:5,141,306,0,0,0,14,43
qwen3-1.7b-cleanv2,qwen3-1.7b-cleanv2:141:6,141,55,0,0,0,14,43
qwen3-1.7b-cleanv2,qwen3-1.7b-cleanv2:142:1,142,2,0,0,0,6,11
qwen3-1.7b-cleanv2,qwen3-1.7b-cleanv2:142:3,142,5,0,0,0,2,11
qwen3-1.7b-cleanv2,qwen3-1.7b-cleanv2:144:1,144,0,0,0,0,12,41
qwen3-1.7b-cleanv2,qwen3-1.7b-cleanv2:145:6,145,323,0,0,0,4,48
qwen3-1.7b-cleanv2,qwen3-1.7b-cleanv2:145:7,145,39,26,0,2,13,48
qwen3-1.7b-cleanv2,qwen3-1.7b-cleanv2:146:6,146,9,0,0,0,10,72
qwen3-1.7b-cleanv2,qwen3-1.7b-cleanv2:147:0,147,520,0,0,0,14,47
qwen3-1.7b-cleanv2,qwen3-1.7b-cleanv2:147:1,147,424,0,0,0,19,47
qwen3-1.7b-cleanv2,qwen3-1.7b-cleanv2:147:2,147,486,0,0,0,20,47
qwen3-1.7b-cleanv2,qwen3-1.7b-cleanv2:147:3,147,444,0,0,0,21,47
qwen3-1.7b-cleanv2,qwen3-1.7b-cleanv2:147:4,147,404,0,0,0,22,47
qwen3-1.7b-cleanv2,qwen3-1.7b-cleanv2:147:5,147,482,0,0,0,23,47
qwen3-1.7b-cleanv2,qwen3-1.7b-cleanv2:147:6,147,385,0,0,0,9,47
qwen3-1.7b-cleanv2,qwen3-1.7b-cleanv2:147:7,147,465,0,0,0,24,47
qwen3-1.7b-cleanv2,qwen3-1.7b-cleanv2:148:1,148,404,0,0,0,11,51
qwen3-1.7b-cleanv2,qwen3-1.7b-cleanv2:151:2,151,427,0,0,0,6,35
qwen3-1.7b-cleanv2,qwen3-1.7b-cleanv2:151:3,151,493,0,0,0,13,35
qwen3-1.7b-cleanv2,qwen3-1.7b-cleanv2:151:6,151,432,0,0,0,18,35
qwen3-1.7b-cleanv2,qwen3-1.7b-cleanv2:154:6,154,512,0,0,0,13,77
qwen3-1.7b-cleanv2,qwen3-1.7b-cleanv2:154:7,154,490,0,0,0,13,77
qwen3-1.7b-cleanv2,qwen3-1.7b-cleanv2:155:1,155,362,0,0,0,20,73
qwen3-1.7b-cleanv2,qwen3-1.7b-cleanv2:155:2,155,418,0,0,0,13,73
qwen3-1.7b-cleanv2,qwen3-1.7b-cleanv2:155:3,155,353,0,0,0,18,73
qwen3-1.7b-cleanv2,qwen3-1.7b-cleanv2:155:4,155,298,0,0,0,17,73
qwen3-1.7b-cleanv2,qwen3-1.7b-cleanv2:155:5,155,266,0,0,0,24,73
qwen3-1.7b-cleanv2,qwen3-1.7b-cleanv2:155:6,155,331,0,0,0,18,73
qwen3-1.7b-cleanv2,qwen3-1.7b-cleanv2:157:5,157,385,0,0,0,10,22
qwen3-1.7b-cleanv2,qwen3-1.7b-cleanv2:157:7,157,27,0,0,0,11,22
qwen3-1.7b-cleanv2,qwen3-1.7b-cleanv2:158:0,158,28,1,0,0,4,79
qwen3-1.7b-cleanv2,qwen3-1.7b-cleanv2:158:1,158,420,0,0,0,7,79
qwen3-1.7b-cleanv2,qwen3-1.7b-cleanv2:158:4,158,2,0,0,0,11,79
qwen3-1.7b-cleanv2,qwen3-1.7b-cleanv2:159:5,159,0,0,0,0,10,27
qwen3-1.7b-cleanv2,qwen3-1.7b-cleanv2:159:7,159,29,0,0,0,12,27
qwen3-1.7b-cleanv2,qwen3-1.7b-cleanv2:160:0,160,466,0,0,0,7,56
qwen3-1.7b-cleanv2,qwen3-1.7b-cleanv2:160:1,160,445,0,0,0,8,56
qwen3-1.7b-cleanv2,qwen3-1.7b-cleanv2:160:2,160,410,0,0,0,3,56
qwen3-1.7b-cleanv2,qwen3-1.7b-cleanv2:160:4,160,3,0,0,0,9,56
qwen3-1.7b-cleanv2,qwen3-1.7b-cleanv2:160:5,160,500,0,0,0,6,56
qwen3-1.7b-cleanv2,qwen3-1.7b-cleanv2:160:7,160,479,0,0,0,19,56
qwen3-1.7b-cleanv2,qwen3-1.7b-cleanv2:161:0,161,501,0,0,0,9,51
qwen3-1.7b-cleanv2,qwen3-1.7b-cleanv2:161:1,161,487,0,0,0,3,51
qwen3-1.7b-cleanv2,qwen3-1.7b-cleanv2:161:2,161,519,0,0,0,7,51
qwen3-1.7b-cleanv2,qwen3-1.7b-cleanv2:161:3,161,434,0,0,0,4,51
qwen3-1.7b-cleanv2,qwen3-1.7b-cleanv2:161:4,161,0,0,0,0,8,51
qwen3-1.7b-cleanv2,qwen3-1.7b-cleanv2:161:5,161,461,0,0,0,9,51
qwen3-1.7b-cleanv2,qwen3-1.7b-cleanv2:161:7,161,407,0,0,0,10,51
qwen3-1.7b-cleanv2,qwen3-1.7b-cleanv2:163:0,163,23,0,0,0,15,97
qwen3-1.7b-cleanv2,qwen3-1.7b-cleanv2:163:1,163,435,0,0,0,6,97
qwen3-1.7b-cleanv2,qwen3-1.7b-cleanv2:163:2,163,444,0,0,0,5,97
qwen3-1.7b-cleanv2,qwen3-1.7b-cleanv2:163:3,163,277,0,0,0,11,97
qwen3-1.7b-cleanv2,qwen3-1.7b-cleanv2:163:4,163,387,0,0,0,10,97
qwen3-1.7b-cleanv2,qwen3-1.7b-cleanv2:163:5,163,466,0,0,0,5,97
qwen3-1.7b-cleanv2,qwen3-1.7b-cleanv2:163:7,163,348,0,0,0,4,97
qwen3-1.7b-cleanv2,qwen3-1.7b-cleanv2:164:1,164,36,0,0,0,19,66
qwen3-1.7b-cleanv2,qwen3-1.7b-cleanv2:164:4,164,398,0,0,0,23,66
qwen3-1.7b-cleanv2,qwen3-1.7b-cleanv2:164:5,164,4,0,0,0,14,66
qwen3-1.7b-cleanv2,qwen3-1.7b-cleanv2:164:6,164,372,0,0,0,16,66
qwen3-1.7b-cleanv2,qwen3-1.7b-cleanv2:164:7,164,337,0,0,0,17,66
qwen3-1.7b-cleanv2,qwen3-1.7b-cleanv2:166:6,166,2,0,0,0,4,8
qwen3-1.7b-cleanv2,qwen3-1.7b-cleanv2:167:0,167,512,0,0,0,3,43
qwen3-1.7b-cleanv2,qwen3-1.7b-cleanv2:167:2,167,518,0,0,0,5,43
qwen3-1.7b-cleanv2,qwen3-1.7b-cleanv2:167:3,167,474,0,0,0,4,43
qwen3-1.7b-cleanv2,qwen3-1.7b-cleanv2:167:4,167,515,0,0,0,2,43
qwen3-1.7b-cleanv2,qwen3-1.7b-cleanv2:167:5,167,508,0,0,0,6,43
qwen3-1.7b-cleanv2,qwen3-1.7b-cleanv2:167:6,167,429,0,0,0,9,43
qwen3-1.7b-cleanv2,qwen3-1.7b-cleanv2:167:7,167,489,0,0,0,5,43
qwen3-1.7b-cleanv2,qwen3-1.7b-cleanv2:169:4,169,1,0,0,0,3,26
qwen3-1.7b-cleanv2,qwen3-1.7b-cleanv2:170:0,170,325,0,0,0,5,67
qwen3-1.7b-cleanv2,qwen3-1.7b-cleanv2:170:1,170,380,0,0,0,7,67
qwen3-1.7b-cleanv2,qwen3-1.7b-cleanv2:170:2,170,17,0,0,0,6,67
qwen3-1.7b-cleanv2,qwen3-1.7b-cleanv2:170:4,170,303,0,0,0,5,67
qwen3-1.7b-cleanv2,qwen3-1.7b-cleanv2:170:5,170,242,0,0,0,6,67
qwen3-1.7b-cleanv2,qwen3-1.7b-cleanv2:170:6,170,351,0,0,0,6,67
qwen3-1.7b-cleanv2,qwen3-1.7b-cleanv2:170:7,170,439,0,0,0,8,67
qwen3-1.7b-cleanv2,qwen3-1.7b-cleanv2:175:6,175,509,0,0,0,4,56
qwen3-1.7b-cleanv2,qwen3-1.7b-cleanv2:175:7,175,439,1,0,0,5,56
qwen3-1.7b-cleanv2,qwen3-1.7b-cleanv2:177:0,177,5,0,0,0,10,34
qwen3-1.7b-cleanv2,qwen3-1.7b-cleanv2:178:2,178,482,0,0,0,9,69
qwen3-1.7b-cleanv2,qwen3-1.7b-cleanv2:178:3,178,552,0,0,0,8,69
qwen3-1.7b-cleanv2,qwen3-1.7b-cleanv2:178:6,178,48,0,0,0,6,69
qwen3-1.7b-cleanv2,qwen3-1.7b-cleanv2:178:7,178,402,0,0,0,14,69
qwen3-1.7b-cleanv2,qwen3-1.7b-cleanv2:179:1,179,14,0,0,0,9,53
qwen3-1.7b-cleanv2,qwen3-1.7b-cleanv2:179:2,179,460,0,0,0,6,53
qwen3-1.7b-cleanv2,qwen3-1.7b-cleanv2:179:6,179,372,0,0,0,4,53
qwen3-1.7b-cleanv2,qwen3-1.7b-cleanv2:179:7,179,0,0,0,0,4,53
qwen3-1.7b-cleanv2,qwen3-1.7b-cleanv2:180:6,180,533,0,0,0,15,50
qwen3-1.7b-cleanv2,qwen3-1.7b-cleanv2:180:7,180,4,0,0,0,15,50
qwen3-1.7b-cleanv2,qwen3-1.7b-cleanv2:181:1,181,25,0,0,0,16,72
qwen3-1.7b-cleanv2,qwen3-1.7b-cleanv2:182:1,182,455,0,0,0,11,37
qwen3-1.7b-cleanv2,qwen3-1.7b-cleanv2:182:4,182,33,0,0,0,4,37
qwen3-1.7b-cleanv2,qwen3-1.7b-cleanv2:182:6,182,449,0,0,0,3,37
qwen3-1.7b-cleanv2,qwen3-1.7b-cleanv2:183:4,183,1,0,0,0,1,14
qwen3-1.7b-cleanv2,qwen3-1.7b-cleanv2:183:6,183,2,0,0,0,1,14
qwen3-1.7b-cleanv2,qwen3-1.7b-cleanv2:184:2,184,529,0,0,0,2,24
qwen3-1.7b-cleanv2,qwen3-1.7b-cleanv2:184:7,184,337,0,0,0,1,24
qwen3-1.7b-cleanv2,qwen3-1.7b-cleanv2:185:1,185,1,0,0,0,2,8
qwen3-1.7b-cleanv2,qwen3-1.7b-cleanv2:185:2,185,12,0,0,0,1,8
qwen3-1.7b-cleanv2,qwen3-1.7b-cleanv2:185:4,185,7,0,0,0,1,8
qwen3-1.7b-cleanv2,qwen3-1.7b-cleanv2:185:6,185,9,0,0,0,3,8
qwen3-1.7b-cleanv2,qwen3-1.7b-cleanv2:187:1,187,2,0,0,0,3,57
qwen3-1.7b-cleanv2,qwen3-1.7b-cleanv2:187:5,187,42,0,0,0,2,57
qwen3-1.7b-cleanv2,qwen3-1.7b-cleanv2:189:7,189,26,12,0,0,23,69
qwen3-1.7b-cleanv2,qwen3-1.7b-cleanv2:191:1,191,531,0,0,0,0,47
qwen3-1.7b-cleanv2,qwen3-1.7b-cleanv2:191:5,191,370,0,0,0,0,47
qwen3-1.7b-cleanv2,qwen3-1.7b-cleanv2:191:6,191,436,0,0,0,0,47
qwen3-1.7b-cleanv2,qwen3-1.7b-cleanv2:192:0,192,0,0,0,0,16,35
qwen3-1.7b-cleanv2,qwen3-1.7b-cleanv2:193:0,193,380,0,0,0,18,87
qwen3-1.7b-cleanv2,qwen3-1.7b-cleanv2:193:1,193,438,0,0,0,11,87
qwen3-1.7b-cleanv2,qwen3-1.7b-cleanv2:193:2,193,6,0,0,0,16,87
qwen3-1.7b-cleanv2,qwen3-1.7b-cleanv2:193:4,193,418,0,0,0,15,87
qwen3-1.7b-cleanv2,qwen3-1.7b-cleanv2:193:5,193,0,0,0,0,20,87
qwen3-1.7b-cleanv2,qwen3-1.7b-cleanv2:193:7,193,379,0,0,0,24,87
qwen3-1.7b-cleanv2,qwen3-1.7b-cleanv2:195:0,195,324,0,0,0,33,74
qwen3-1.7b-cleanv2,qwen3-1.7b-cleanv2:196:0,196,282,0,0,0,9,41
qwen3-1.7b-cleanv2,qwen3-1.7b-cleanv2:196:2,196,463,0,0,0,9,41
qwen3-1.7b-cleanv2,qwen3-1.7b-cleanv2:196:3,196,417,0,0,0,16,41
qwen3-1.7b-cleanv2,qwen3-1.7b-cleanv2:196:7,196,426,0,0,0,5,41
qwen3-1.7b-cleanv2,qwen3-1.7b-cleanv2:197:1,197,454,0,0,0,9,38
qwen3-1.7b-cleanv2,qwen3-1.7b-cleanv2:197:4,197,5,0,0,0,10,38
qwen3-1.7b-cleanv2,qwen3-1.7b-cleanv2:197:6,197,10,0,0,0,15,38
qwen3-1.7b-cleanv2,qwen3-1.7b-cleanv2:197:7,197,6,0,0,0,13,38
qwen3-1.7b-cleanv2,qwen3-1.7b-cleanv2:198:2,198,382,0,0,0,13,58
qwen3-1.7b-cleanv2,qwen3-1.7b-cleanv2:198:5,198,358,0,0,0,27,58
qwen3-1.7b-cleanv2,qwen3-1.7b-cleanv2:201:5,201,0,0,0,0,7,34
qwen3-1.7b-cleanv2,qwen3-1.7b-cleanv2:204:1,204,403,0,0,0,18,108
qwen3-1.7b-cleanv2,qwen3-1.7b-cleanv2:204:2,204,395,0,0,0,19,108
qwen3-1.7b-cleanv2,qwen3-1.7b-cleanv2:204:3,204,397,0,0,0,20,108
qwen3-1.7b-cleanv2,qwen3-1.7b-cleanv2:204:4,204,501,0,0,0,21,108
qwen3-1.7b-cleanv2,qwen3-1.7b-cleanv2:204:5,204,410,0,0,0,27,108
qwen3-1.7b-cleanv2,qwen3-1.7b-cleanv2:204:6,204,505,0,0,0,14,108
qwen3-1.7b-cleanv2,qwen3-1.7b-cleanv2:205:6,205,480,0,0,0,4,34
qwen3-1.7b-cleanv2,qwen3-1.7b-cleanv2:206:0,206,2,0,0,0,4,29
qwen3-1.7b-cleanv2,qwen3-1.7b-cleanv2:208:0,208,432,0,0,0,13,64
qwen3-1.7b-cleanv2,qwen3-1.7b-cleanv2:208:1,208,456,0,0,0,9,64
qwen3-1.7b-cleanv2,qwen3-1.7b-cleanv2:208:2,208,487,0,0,0,10,64
qwen3-1.7b-cleanv2,qwen3-1.7b-cleanv2:208:3,208,24,0,0,0,11,64
qwen3-1.7b-cleanv2,qwen3-1.7b-cleanv2:208:4,208,481,0,0,0,9,64
qwen3-1.7b-cleanv2,qwen3-1.7b-cleanv2:208:5,208,483,0,0,0,7,64
qwen3-1.7b-cleanv2,qwen3-1.7b-cleanv2:208:7,208,458,0,0,0,18,64
qwen3-1.7b-cleanv2,qwen3-1.7b-cleanv2:211:3,211,65,0,0,0,8,37
qwen3-1.7b-cleanv2,qwen3-1.7b-cleanv2:211:6,211,8,0,0,0,5,37
qwen3-1.7b-cleanv2,qwen3-1.7b-cleanv2:212:1,212,12,1,0,0,10,36
qwen3-1.7b-cleanv2,qwen3-1.7b-cleanv2:212:2,212,443,0,0,0,8,36
qwen3-1.7b-cleanv2,qwen3-1.7b-cleanv2:215:1,215,108,31,0,0,22,68
qwen3-1.7b-cleanv2,qwen3-1.7b-cleanv2:215:2,215,387,0,0,0,11,68
qwen3-1.7b-cleanv2,qwen3-1.7b-cleanv2:215:3,215,4,0,0,0,20,68
qwen3-1.7b-cleanv2,qwen3-1.7b-cleanv2:215:5,215,417,0,0,0,19,68
qwen3-1.7b-cleanv2,qwen3-1.7b-cleanv2:215:6,215,448,0,0,0,10,68
qwen3-1.7b-cleanv2,qwen3-1.7b-cleanv2:215:7,215,36,0,0,0,27,68
qwen3-1.7b-cleanv2,qwen3-1.7b-cleanv2:216:0,216,382,0,0,0,7,70
qwen3-1.7b-cleanv2,qwen3-1.7b-cleanv2:216:1,216,466,1,0,1,22,70
qwen3-1.7b-cleanv2,qwen3-1.7b-cleanv2:216:2,216,10,0,0,0,20,70
qwen3-1.7b-cleanv2,qwen3-1.7b-cleanv2:216:4,216,440,0,0,0,22,70
qwen3-1.7b-cleanv2,qwen3-1.7b-cleanv2:216:7,216,357,0,0,0,17,70
qwen3-1.7b-cleanv2,qwen3-1.7b-cleanv2:217:1,217,507,0,0,0,13,47
qwen3-1.7b-cleanv2,qwen3-1.7b-cleanv2:218:6,218,479,0,0,0,9,50
qwen3-1.7b-cleanv2,qwen3-1.7b-cleanv2:219:1,219,243,0,0,0,7,31
qwen3-1.7b-cleanv2,qwen3-1.7b-cleanv2:219:5,219,334,0,0,0,2,31
qwen3-1.7b-cleanv2,qwen3-1.7b-cleanv2:219:7,219,215,0,0,0,6,31
qwen3-1.7b-cleanv2,qwen3-1.7b-cleanv2:221:0,221,414,0,0,0,4,39
qwen3-1.7b-cleanv2,qwen3-1.7b-cleanv2:221:1,221,3,0,0,0,6,39
qwen3-1.7b-cleanv2,qwen3-1.7b-cleanv2:221:7,221,501,0,0,0,5,39
qwen3-1.7b-cleanv2,qwen3-1.7b-cleanv2:225:3,225,2,0,0,0,19,27
qwen3-1.7b-cleanv2,qwen3-1.7b-cleanv2:225:6,225,0,0,0,0,18,27
qwen3-1.7b-cleanv2,qwen3-1.7b-cleanv2:226:5,226,2,0,0,0,5,26
qwen3-1.7b-cleanv2,qwen3-1.7b-cleanv2:226:6,226,4,0,0,0,7,26
qwen3-1.7b-cleanv2,qwen3-1.7b-cleanv2:227:0,227,9,0,0,0,18,58
qwen3-1.7b-cleanv2,qwen3-1.7b-cleanv2:227:1,227,2,0,0,0,13,58
qwen3-1.7b-cleanv2,qwen3-1.7b-cleanv2:227:2,227,1,0,0,0,14,58
qwen3-1.7b-cleanv2,qwen3-1.7b-cleanv2:227:4,227,477,0,0,0,15,58
qwen3-1.7b-cleanv2,qwen3-1.7b-cleanv2:227:5,227,0,0,0,0,16,58
qwen3-1.7b-cleanv2,qwen3-1.7b-cleanv2:227:7,227,2,0,0,0,12,58
qwen3-1.7b-cleanv2,qwen3-1.7b-cleanv2:228:7,228,638,0,0,0,2,43
qwen3-1.7b-cleanv2,qwen3-1.7b-cleanv2:229:0,229,442,0,0,0,40,76
qwen3-1.7b-cleanv2,qwen3-1.7b-cleanv2:229:2,229,2,0,0,0,29,76
qwen3-1.7b-cleanv2,qwen3-1.7b-cleanv2:229:3,229,439,0,0,0,44,76
qwen3-1.7b-cleanv2,qwen3-1.7b-cleanv2:229:4,229,464,0,0,0,47,76
qwen3-1.7b-cleanv2,qwen3-1.7b-cleanv2:229:5,229,410,0,0,0,32,76
qwen3-1.7b-cleanv2,qwen3-1.7b-cleanv2:229:6,229,505,0,0,0,43,76
qwen3-1.7b-cleanv2,qwen3-1.7b-cleanv2:229:7,229,346,0,0,0,38,76
qwen3-1.7b-cleanv2,qwen3-1.7b-cleanv2:230:0,230,315,0,0,0,19,36
qwen3-1.7b-cleanv2,qwen3-1.7b-cleanv2:230:1,230,247,0,0,0,18,36
qwen3-1.7b-cleanv2,qwen3-1.7b-cleanv2:230:2,230,9,0,0,0,19,36
qwen3-1.7b-cleanv2,qwen3-1.7b-cleanv2:230:4,230,342,0,0,0,16,36
qwen3-1.7b-cleanv2,qwen3-1.7b-cleanv2:230:5,230,219,0,0,0,19,36
qwen3-1.7b-cleanv2,qwen3-1.7b-cleanv2:231:0,231,397,0,0,0,8,56
qwen3-1.7b-cleanv2,qwen3-1.7b-cleanv2:231:1,231,410,0,0,0,6,56
qwen3-1.7b-cleanv2,qwen3-1.7b-cleanv2:231:2,231,251,0,0,0,8,56
qwen3-1.7b-cleanv2,qwen3-1.7b-cleanv2:231:3,231,435,0,0,0,10,56
qwen3-1.7b-cleanv2,qwen3-1.7b-cleanv2:231:4,231,441,0,0,0,7,56
qwen3-1.7b-cleanv2,qwen3-1.7b-cleanv2:231:5,231,389,0,0,0,12,56
qwen3-1.7b-cleanv2,qwen3-1.7b-cleanv2:231:6,231,96,0,0,0,6,56
qwen3-1.7b-cleanv2,qwen3-1.7b-cleanv2:231:7,231,450,0,0,0,7,56
qwen3-1.7b-cleanv2,qwen3-1.7b-cleanv2:233:0,233,376,0,0,0,9,95
qwen3-1.7b-cleanv2,qwen3-1.7b-cleanv2:233:1,233,323,0,0,0,35,95
qwen3-1.7b-cleanv2,qwen3-1.7b-cleanv2:233:2,233,483,0,0,0,34,95
qwen3-1.7b-cleanv2,qwen3-1.7b-cleanv2:233:3,233,378,0,0,0,16,95
qwen3-1.7b-cleanv2,qwen3-1.7b-cleanv2:233:4,233,369,0,0,0,30,95
qwen3-1.7b-cleanv2,qwen3-1.7b-cleanv2:233:5,233,258,0,0,0,29,95
qwen3-1.7b-cleanv2,qwen3-1.7b-cleanv2:233:6,233,365,0,0,0,33,95
qwen3-1.7b-cleanv2,qwen3-1.7b-cleanv2:233:7,233,431,0,0,0,20,95
qwen3-1.7b-cleanv2,qwen3-1.7b-cleanv2:237:4,237,446,0,0,0,15,58
qwen3-1.7b-cleanv2,qwen3-1.7b-cleanv2:238:6,238,4,0,0,0,18,42
qwen3-1.7b-cleanv2,qwen3-1.7b-cleanv2:239:3,239,7,0,0,0,4,46
qwen3-1.7b-cleanv2,qwen3-1.7b-cleanv2:239:6,239,338,0,0,0,0,46
qwen3-1.7b-cleanv2,qwen3-1.7b-cleanv2:240:3,240,2,0,0,0,6,28
qwen3-1.7b-cleanv2,qwen3-1.7b-cleanv2:240:7,240,2,0,0,0,7,28
qwen3-1.7b-cleanv2,qwen3-1.7b-cleanv2:244:2,244,501,0,0,0,4,41
qwen3-1.7b-cleanv2,qwen3-1.7b-cleanv2:244:5,244,479,0,0,0,3,41
qwen3-1.7b-cleanv2,qwen3-1.7b-cleanv2:244:7,244,514,0,0,0,6,41
qwen3-1.7b-cleanv2,qwen3-1.7b-cleanv2:245:1,245,2,0,0,0,17,34
qwen3-1.7b-cleanv2,qwen3-1.7b-cleanv2:245:2,245,2,0,0,0,13,34
qwen3-1.7b-cleanv2,qwen3-1.7b-cleanv2:248:3,248,409,0,0,0,0,27
qwen3-1.7b-cleanv2,qwen3-1.7b-cleanv2:249:1,249,5,3,0,0,19,36
qwen3-1.7b-cleanv2,qwen3-1.7b-cleanv2:249:2,249,1,0,0,0,24,36
qwen3-1.7b-cleanv2,qwen3-1.7b-cleanv2:250:1,250,367,0,0,0,18,68
qwen3-1.7b-cleanv2,qwen3-1.7b-cleanv2:250:2,250,33,0,0,0,30,68
qwen3-1.7b-cleanv2,qwen3-1.7b-cleanv2:250:4,250,307,0,0,0,29,68
qwen3-1.7b-cleanv2,qwen3-1.7b-cleanv2:250:5,250,206,0,0,0,28,68
qwen3-1.7b-cleanv2,qwen3-1.7b-cleanv2:250:7,250,99,0,0,0,26,68
qwen3-1.7b-cleanv2,qwen3-1.7b-cleanv2:252:6,252,2,0,0,0,8,74
qwen3-1.7b-cleanv2,qwen3-1.7b-cleanv2:253:2,253,434,0,0,0,15,44
qwen3-1.7b-cleanv2,qwen3-1.7b-cleanv2:253:7,253,30,0,0,0,10,44
qwen3-1.7b-cleanv2,qwen3-1.7b-cleanv2:257:0,257,266,0,0,0,27,76
qwen3-1.7b-cleanv2,qwen3-1.7b-cleanv2:257:1,257,343,0,0,0,36,76
qwen3-1.7b-cleanv2,qwen3-1.7b-cleanv2:257:2,257,362,0,0,0,15,76
qwen3-1.7b-cleanv2,qwen3-1.7b-cleanv2:257:6,257,10,0,0,0,37,76
qwen3-1.7b-cleanv2,qwen3-1.7b-cleanv2:257:7,257,426,0,0,0,27,76
qwen3-1.7b-cleanv2,qwen3-1.7b-cleanv2:258:0,258,4,0,0,0,17,38
qwen3-1.7b-cleanv2,qwen3-1.7b-cleanv2:258:1,258,1,0,0,0,11,38
qwen3-1.7b-cleanv2,qwen3-1.7b-cleanv2:258:4,258,4,0,0,0,1,38
qwen3-1.7b-cleanv2,qwen3-1.7b-cleanv2:259:2,259,398,0,0,0,11,56
qwen3-1.7b-cleanv2,qwen3-1.7b-cleanv2:259:3,259,2,0,0,0,12,56
qwen3-1.7b-cleanv2,qwen3-1.7b-cleanv2:259:4,259,0,0,0,0,12,56
qwen3-1.7b-cleanv2,qwen3-1.7b-cleanv2:260:4,260,318,0,0,0,32,56
qwen3-1.7b-cleanv2,qwen3-1.7b-cleanv2:264:6,264,355,0,0,0,5,49
qwen3-1.7b-cleanv2,qwen3-1.7b-cleanv2:264:7,264,67,0,0,0,11,49
qwen3-1.7b-cleanv2,qwen3-1.7b-cleanv2:268:1,268,14,0,0,0,9,22
qwen3-1.7b-cleanv2,qwen3-1.7b-cleanv2:268:2,268,423,0,0,0,3,22
qwen3-1.7b-cleanv2,qwen3-1.7b-cleanv2:268:3,268,472,0,0,0,3,22
qwen3-1.7b-cleanv2,qwen3-1.7b-cleanv2:268:4,268,14,0,0,0,5,22
qwen3-1.7b-cleanv2,qwen3-1.7b-cleanv2:268:5,268,526,0,0,0,6,22
qwen3-1.7b-cleanv2,qwen3-1.7b-cleanv2:268:6,268,460,0,0,0,2,22
qwen3-1.7b-cleanv2,qwen3-1.7b-cleanv2:268:7,268,441,0,0,0,6,22
qwen3-1.7b-cleanv2,qwen3-1.7b-cleanv2:270:0,270,494,0,0,0,19,65
qwen3-1.7b-cleanv2,qwen3-1.7b-cleanv2:270:3,270,3,0,0,0,26,65
qwen3-1.7b-cleanv2,qwen3-1.7b-cleanv2:271:0,271,3,0,0,0,21,63
qwen3-1.7b-cleanv2,qwen3-1.7b-cleanv2:273:0,273,449,0,0,0,5,39
qwen3-1.7b-cleanv2,qwen3-1.7b-cleanv2:273:1,273,363,0,0,0,5,39
qwen3-1.7b-cleanv2,qwen3-1.7b-cleanv2:273:4,273,34,0,0,0,4,39
qwen3-1.7b-cleanv2,qwen3-1.7b-cleanv2:273:5,273,443,0,0,0,5,39
qwen3-1.7b-cleanv2,qwen3-1.7b-cleanv2:273:6,273,454,0,0,0,8,39
qwen3-1.7b-cleanv2,qwen3-1.7b-cleanv2:274:0,274,440,0,0,0,9,83
qwen3-1.7b-cleanv2,qwen3-1.7b-cleanv2:274:1,274,257,0,0,0,3,83
qwen3-1.7b-cleanv2,qwen3-1.7b-cleanv2:274:2,274,353,0,0,0,7,83
qwen3-1.7b-cleanv2,qwen3-1.7b-cleanv2:274:5,274,462,0,0,0,5,83
qwen3-1.7b-cleanv2,qwen3-1.7b-cleanv2:274:7,274,380,0,0,0,3,83
qwen3-1.7b-cleanv2,qwen3-1.7b-cleanv2:275:6,275,2,0,0,0,4,34
qwen3-1.7b-cleanv2,qwen3-1.7b-cleanv2:277:2,277,434,0,0,0,15,65
qwen3-1.7b-cleanv2,qwen3-1.7b-cleanv2:277:3,277,384,0,0,0,6,65
qwen3-1.7b-cleanv2,qwen3-1.7b-cleanv2:277:4,277,430,0,0,0,5,65
qwen3-1.7b-cleanv2,qwen3-1.7b-cleanv2:277:6,277,406,0,0,0,7,65
qwen3-1.7b-cleanv2,qwen3-1.7b-cleanv2:279:1,279,556,0,0,0,7,36
qwen3-1.7b-cleanv2,qwen3-1.7b-cleanv2:279:5,279,2,0,0,0,7,36
qwen3-1.7b-cleanv2,qwen3-1.7b-cleanv2:279:6,279,2,0,0,0,10,36
qwen3-1.7b-cleanv2,qwen3-1.7b-cleanv2:280:5,280,148,0,0,0,5,40
qwen3-1.7b-cleanv2,qwen3-1.7b-cleanv2:282:0,282,423,0,0,0,8,14
qwen3-1.7b-cleanv2,qwen3-1.7b-cleanv2:283:6,283,404,0,0,0,14,64
qwen3-1.7b-cleanv2,qwen3-1.7b-cleanv2:284:4,284,523,0,0,0,10,28
qwen3-1.7b-cleanv2,qwen3-1.7b-cleanv2:286:0,286,96,0,0,0,8,48
qwen3-1.7b-cleanv2,qwen3-1.7b-cleanv2:286:4,286,485,0,0,0,7,48
qwen3-1.7b-cleanv2,qwen3-1.7b-cleanv2:286:6,286,468,0,0,0,1,48
qwen3-1.7b-cleanv2,qwen3-1.7b-cleanv2:286:7,286,435,0,0,0,11,48
qwen3-1.7b-cleanv2,qwen3-1.7b-cleanv2:287:2,287,418,0,0,0,8,63
qwen3-1.7b-cleanv2,qwen3-1.7b-cleanv2:287:5,287,23,0,0,0,5,63
qwen3-1.7b-cleanv2,qwen3-1.7b-cleanv2:287:6,287,13,0,0,0,5,63
qwen3-1.7b-cleanv2,qwen3-1.7b-cleanv2:288:4,288,0,0,0,0,17,30
qwen3-1.7b-cleanv2,qwen3-1.7b-cleanv2:289:7,289,4,0,0,0,4,21
qwen3-1.7b-cleanv2,qwen3-1.7b-cleanv2:296:4,296,4,0,0,0,14,60
qwen3-1.7b-cleanv2,qwen3-1.7b-cleanv2:296:5,296,318,0,0,0,17,60
qwen3-1.7b-cleanv2,qwen3-1.7b-cleanv2:298:0,298,8,0,0,0,47,79
qwen3-1.7b-cleanv2,qwen3-1.7b-cleanv2:298:1,298,245,0,0,0,16,79
qwen3-1.7b-cleanv2,qwen3-1.7b-cleanv2:298:3,298,340,0,0,0,16,79
qwen3-1.7b-cleanv2,qwen3-1.7b-cleanv2:298:4,298,331,0,0,0,13,79
qwen3-1.7b-cleanv2,qwen3-1.7b-cleanv2:298:5,298,212,0,0,0,45,79
qwen3-1.7b-cleanv2,qwen3-1.7b-cleanv2:298:6,298,330,0,0,0,11,79
qwen3-1.7b-cleanv2,qwen3-1.7b-cleanv2:298:7,298,366,0,0,0,31,79
qwen3-1.7b-cleanv2,qwen3-1.7b-cleanv2:300:1,300,563,0,0,0,4,46
qwen3-1.7b-cleanv2,qwen3-1.7b-cleanv2:300:4,300,4,0,0,0,4,46
qwen3-1.7b-cleanv2,qwen3-1.7b-cleanv2:300:5,300,514,0,0,0,9,46
qwen3-1.7b-cleanv2,qwen3-1.7b-cleanv2:300:6,300,206,0,0,0,6,46
qwen3-1.7b-cleanv2,qwen3-1.7b-cleanv2:301:6,301,549,0,0,0,12,39
qwen3-1.7b-cleanv2,qwen3-1.7b-cleanv2:303:5,303,453,0,0,0,6,36
qwen3-1.7b-cleanv2,qwen3-1.7b-cleanv2:303:7,303,0,0,0,0,8,36
qwen3-1.7b-cleanv2,qwen3-1.7b-cleanv2:306:3,306,441,0,0,0,5,39
qwen3-1.7b-cleanv2,qwen3-1.7b-cleanv2:307:7,307,0,0,0,0,12,39
qwen3-1.7b-cleanv2,qwen3-1.7b-cleanv2:308:2,308,398,0,0,0,22,49
qwen3-1.7b-cleanv2,qwen3-1.7b-cleanv2:309:4,309,484,0,0,0,7,33
qwen3-1.7b-cleanv2,qwen3-1.7b-cleanv2:309:7,309,1,0,0,0,3,33
qwen3-1.7b-cleanv2,qwen3-1.7b-cleanv2:310:0,310,398,0,0,0,12,48
qwen3-1.7b-cleanv2,qwen3-1.7b-cleanv2:310:4,310,449,0,0,0,14,48
qwen3-1.7b-cleanv2,qwen3-1.7b-cleanv2:312:5,312,4,0,0,0,1,20
qwen3-1.7b-cleanv2,qwen3-1.7b-cleanv2:321:1,321,559,0,0,0,2,43
qwen3-1.7b-cleanv2,qwen3-1.7b-cleanv2:321:5,321,385,0,0,0,2,43
qwen3-1.7b-cleanv2,qwen3-1.7b-cleanv2:321:6,321,14,0,0,0,2,43
qwen3-1.7b-cleanv2,qwen3-1.7b-cleanv2:322:6,322,1,0,0,0,11,34
qwen3-1.7b-cleanv2,qwen3-1.7b-cleanv2:323:1,323,391,0,0,0,2,22
qwen3-1.7b-cleanv2,qwen3-1.7b-cleanv2:323:2,323,332,0,0,0,14,22
qwen3-1.7b-cleanv2,qwen3-1.7b-cleanv2:323:5,323,1,0,0,0,2,22
qwen3-1.7b-cleanv2,qwen3-1.7b-cleanv2:323:7,323,20,0,0,0,17,22
qwen3-1.7b-cleanv2,qwen3-1.7b-cleanv2:324:2,324,514,0,0,0,1,17
qwen3-1.7b-cleanv2,qwen3-1.7b-cleanv2:324:3,324,603,0,0,0,1,17
qwen3-1.7b-cleanv2,qwen3-1.7b-cleanv2:324:5,324,4,0,0,0,2,17
qwen3-1.7b-cleanv2,qwen3-1.7b-cleanv2:325:0,325,481,0,0,0,6,30
qwen3-1.7b-cleanv2,qwen3-1.7b-cleanv2:325:1,325,3,0,0,0,3,30
qwen3-1.7b-cleanv2,qwen3-1.7b-cleanv2:325:2,325,455,0,0,0,2,30
qwen3-1.7b-cleanv2,qwen3-1.7b-cleanv2:325:3,325,504,0,0,0,5,30
qwen3-1.7b-cleanv2,qwen3-1.7b-cleanv2:325:6,325,23,0,0,0,6,30
qwen3-1.7b-cleanv2,qwen3-1.7b-cleanv2:325:7,325,502,0,0,0,4,30
qwen3-1.7b-cleanv2,qwen3-1.7b-cleanv2:327:2,327,386,0,0,0,15,34
qwen3-1.7b-cleanv2,qwen3-1.7b-cleanv2:327:3,327,13,0,0,0,12,34
qwen3-1.7b-cleanv2,qwen3-1.7b-cleanv2:327:4,327,36,0,0,0,10,34
qwen3-1.7b-cleanv2,qwen3-1.7b-cleanv2:328:0,328,18,0,0,0,2,34
qwen3-1.7b-cleanv2,qwen3-1.7b-cleanv2:329:6,329,488,0,0,0,7,58
qwen3-1.7b-cleanv2,qwen3-1.7b-cleanv2:330:7,330,0,0,0,0,0,41
qwen3-1.7b-cleanv2,qwen3-1.7b-cleanv2:333:1,333,5,0,0,0,8,45
qwen3-1.7b-cleanv2,qwen3-1.7b-cleanv2:333:2,333,0,0,0,0,9,45
qwen3-1.7b-cleanv2,qwen3-1.7b-cleanv2:333:6,333,1,0,0,0,5,45
qwen3-1.7b-cleanv2,qwen3-1.7b-cleanv2:333:7,333,1,0,0,0,4,45
qwen3-1.7b-cleanv2,qwen3-1.7b-cleanv2:337:0,337,373,0,0,0,26,81
qwen3-1.7b-cleanv2,qwen3-1.7b-cleanv2:337:1,337,347,0,0,0,12,81
qwen3-1.7b-cleanv2,qwen3-1.7b-cleanv2:337:2,337,286,0,0,0,26,81
qwen3-1.7b-cleanv2,qwen3-1.7b-cleanv2:337:4,337,392,0,0,0,14,81
qwen3-1.7b-cleanv2,qwen3-1.7b-cleanv2:337:5,337,386,0,0,0,33,81
qwen3-1.7b-cleanv2,qwen3-1.7b-cleanv2:337:7,337,331,0,0,0,48,81
qwen3-1.7b-cleanv2,qwen3-1.7b-cleanv2:338:4,338,9,0,0,0,5,61
qwen3-1.7b-cleanv2,qwen3-1.7b-cleanv2:341:3,341,0,0,0,0,8,41
qwen3-1.7b-cleanv2,qwen3-1.7b-cleanv2:343:4,343,482,0,0,0,19,57
qwen3-1.7b-cleanv2,qwen3-1.7b-cleanv2:343:5,343,39,0,0,0,8,57
qwen3-1.7b-cleanv2,qwen3-1.7b-cleanv2:343:7,343,0,0,0,0,10,57
qwen3-1.7b-cleanv2,qwen3-1.7b-cleanv2:344:0,344,236,0,0,0,19,72
qwen3-1.7b-cleanv2,qwen3-1.7b-cleanv2:344:2,344,434,0,0,0,12,72
qwen3-1.7b-cleanv2,qwen3-1.7b-cleanv2:344:6,344,35,0,0,0,24,72
qwen3-1.7b-cleanv2,qwen3-1.7b-cleanv2:345:1,345,416,0,0,0,2,86
qwen3-1.7b-cleanv2,qwen3-1.7b-cleanv2:345:2,345,401,0,0,0,22,86
qwen3-1.7b-cleanv2,qwen3-1.7b-cleanv2:345:4,345,447,0,0,0,30,86
qwen3-1.7b-cleanv2,qwen3-1.7b-cleanv2:346:2,346,511,0,0,0,14,39
qwen3-1.7b-cleanv2,qwen3-1.7b-cleanv2:346:3,346,380,0,0,0,6,39
qwen3-1.7b-cleanv2,qwen3-1.7b-cleanv2:346:7,346,48,0,0,0,10,39
qwen3-1.7b-cleanv2,qwen3-1.7b-cleanv2:347:0,347,418,0,0,0,21,91
qwen3-1.7b-cleanv2,qwen3-1.7b-cleanv2:347:1,347,455,0,0,0,21,91
qwen3-1.7b-cleanv2,qwen3-1.7b-cleanv2:347:2,347,398,0,0,0,20,91
qwen3-1.7b-cleanv2,qwen3-1.7b-cleanv2:347:3,347,463,0,0,0,25,91
qwen3-1.7b-cleanv2,qwen3-1.7b-cleanv2:347:4,347,568,0,0,0,15,91
qwen3-1.7b-cleanv2,qwen3-1.7b-cleanv2:347:6,347,498,0,0,0,16,91
qwen3-1.7b-cleanv2,qwen3-1.7b-cleanv2:347:7,347,500,0,0,0,17,91
qwen3-1.7b-cleanv2,qwen3-1.7b-cleanv2:348:1,348,390,0,0,0,12,31
qwen3-1.7b-cleanv2,qwen3-1.7b-cleanv2:348:2,348,431,0,0,0,6,31
qwen3-1.7b-cleanv2,qwen3-1.7b-cleanv2:348:3,348,5,0,0,0,6,31
qwen3-1.7b-cleanv2,qwen3-1.7b-cleanv2:348:4,348,481,0,0,0,9,31
qwen3-1.7b-cleanv2,qwen3-1.7b-cleanv2:348:5,348,532,0,0,0,5,31
qwen3-1.7b-cleanv2,qwen3-1.7b-cleanv2:348:7,348,520,0,0,0,11,31
qwen3-1.7b-cleanv2,qwen3-1.7b-cleanv2:349:2,349,387,0,0,0,6,38
qwen3-1.7b-cleanv2,qwen3-1.7b-cleanv2:349:5,349,418,0,0,0,8,38
qwen3-1.7b-cleanv2,qwen3-1.7b-cleanv2:352:0,352,545,0,0,0,6,45
qwen3-1.7b-cleanv2,qwen3-1.7b-cleanv2:352:2,352,5,0,0,0,6,45
qwen3-1.7b-cleanv2,qwen3-1.7b-cleanv2:352:3,352,562,0,0,0,6,45
qwen3-1.7b-cleanv2,qwen3-1.7b-cleanv2:352:4,352,450,0,0,0,4,45
qwen3-1.7b-cleanv2,qwen3-1.7b-cleanv2:352:5,352,6,0,0,0,6,45
qwen3-1.7b-cleanv2,qwen3-1.7b-cleanv2:352:7,352,522,0,0,0,3,45
qwen3-1.7b-cleanv2,qwen3-1.7b-cleanv2:353:3,353,0,0,0,0,10,26
qwen3-1.7b-cleanv2,qwen3-1.7b-cleanv2:354:1,354,432,0,0,0,15,37
qwen3-1.7b-cleanv2,qwen3-1.7b-cleanv2:354:3,354,4,0,0,0,15,37
qwen3-1.7b-cleanv2,qwen3-1.7b-cleanv2:355:5,355,495,0,0,0,11,56
qwen3-1.7b-cleanv2,qwen3-1.7b-cleanv2:356:2,356,415,0,0,0,10,58
qwen3-1.7b-cleanv2,qwen3-1.7b-cleanv2:356:3,356,16,0,0,0,8,58
qwen3-1.7b-cleanv2,qwen3-1.7b-cleanv2:358:0,358,12,0,0,0,4,31
qwen3-1.7b-cleanv2,qwen3-1.7b-cleanv2:358:1,358,478,0,0,0,4,31
qwen3-1.7b-cleanv2,qwen3-1.7b-cleanv2:358:4,358,608,0,0,0,8,31
qwen3-1.7b-cleanv2,qwen3-1.7b-cleanv2:358:6,358,58,0,0,0,1,31
qwen3-1.7b-cleanv2,qwen3-1.7b-cleanv2:358:7,358,492,0,0,0,8,31
qwen3-1.7b-cleanv2,qwen3-1.7b-cleanv2:359:0,359,36,0,0,0,5,23
qwen3-1.7b-cleanv2,qwen3-1.7b-cleanv2:359:3,359,0,0,0,0,6,23
qwen3-1.7b-cleanv2,qwen3-1.7b-cleanv2:362:1,362,553,0,0,0,16,46
qwen3-1.7b-cleanv2,qwen3-1.7b-cleanv2:363:5,363,440,0,0,0,13,73
qwen3-1.7b-cleanv2,qwen3-1.7b-cleanv2:368:1,368,42,0,0,0,11,30
qwen3-1.7b-cleanv2,qwen3-1.7b-cleanv2:368:2,368,410,0,0,0,8,30
qwen3-1.7b-cleanv2,qwen3-1.7b-cleanv2:368:3,368,382,0,0,0,7,30
qwen3-1.7b-cleanv2,qwen3-1.7b-cleanv2:368:4,368,56,0,0,0,2,30
qwen3-1.7b-cleanv2,qwen3-1.7b-cleanv2:368:7,368,9,0,0,0,14,30
qwen3-1.7b-cleanv2,qwen3-1.7b-cleanv2:369:0,369,107,0,0,0,2,36
qwen3-1.7b-cleanv2,qwen3-1.7b-cleanv2:369:3,369,14,0,0,0,8,36
qwen3-1.7b-cleanv2,qwen3-1.7b-cleanv2:369:4,369,50,0,0,0,5,36
qwen3-1.7b-cleanv2,qwen3-1.7b-cleanv2:369:5,369,1,0,0,0,11,36
qwen3-1.7b-cleanv2,qwen3-1.7b-cleanv2:369:6,369,0,0,0,0,10,36
qwen3-1.7b-cleanv2,qwen3-1.7b-cleanv2:369:7,369,489,0,0,0,8,36
qwen3-1.7b-cleanv2,qwen3-1.7b-cleanv2:370:5,370,18,0,0,0,2,32
qwen3-1.7b-cleanv2,qwen3-1.7b-cleanv2:371:2,371,4,0,0,0,10,29
qwen3-1.7b-cleanv2,qwen3-1.7b-cleanv2:374:2,374,447,0,0,0,6,21
qwen3-1.7b-cleanv2,qwen3-1.7b-cleanv2:374:7,374,446,0,0,0,4,21
qwen3-1.7b-cleanv2,qwen3-1.7b-cleanv2:375:1,375,317,0,0,0,9,41
qwen3-1.7b-cleanv2,qwen3-1.7b-cleanv2:375:2,375,470,0,0,0,11,41
qwen3-1.7b-cleanv2,qwen3-1.7b-cleanv2:375:5,375,324,0,0,0,7,41
qwen3-1.7b-cleanv2,qwen3-1.7b-cleanv2:375:6,375,470,0,0,0,11,41
qwen3-1.7b-cleanv2,qwen3-1.7b-cleanv2:375:7,375,375,0,0,0,6,41
qwen3-1.7b-cleanv2,qwen3-1.7b-cleanv2:376:0,376,546,0,0,0,6,69
qwen3-1.7b-cleanv2,qwen3-1.7b-cleanv2:376:1,376,495,0,0,0,9,69
qwen3-1.7b-cleanv2,qwen3-1.7b-cleanv2:376:4,376,5,0,0,0,5,69
qwen3-1.7b-cleanv2,qwen3-1.7b-cleanv2:376:6,376,446,0,0,0,8,69
qwen3-1.7b-cleanv2,qwen3-1.7b-cleanv2:377:2,377,348,0,0,0,25,70
qwen3-1.7b-cleanv2,qwen3-1.7b-cleanv2:377:3,377,171,0,0,0,34,70
qwen3-1.7b-cleanv2,qwen3-1.7b-cleanv2:378:6,378,1,0,0,0,19,44
qwen3-1.7b-cleanv2,qwen3-1.7b-cleanv2:380:0,380,98,0,0,0,15,61
qwen3-1.7b-cleanv2,qwen3-1.7b-cleanv2:380:1,380,415,0,0,0,15,61
qwen3-1.7b-cleanv2,qwen3-1.7b-cleanv2:380:3,380,44,0,0,0,16,61
qwen3-1.7b-cleanv2,qwen3-1.7b-cleanv2:380:4,380,14,0,0,0,12,61
qwen3-1.7b-cleanv2,qwen3-1.7b-cleanv2:380:6,380,496,0,0,0,7,61
qwen3-1.7b-cleanv2,qwen3-1.7b-cleanv2:381:3,381,446,0,0,0,9,73
qwen3-1.7b-cleanv2,qwen3-1.7b-cleanv2:381:4,381,48,0,0,0,6,73
qwen3-1.7b-cleanv2,qwen3-1.7b-cleanv2:381:5,381,464,0,0,0,7,73
qwen3-1.7b-cleanv2,qwen3-1.7b-cleanv2:382:3,382,424,0,0,0,3,45
qwen3-1.7b-cleanv2,qwen3-1.7b-cleanv2:382:4,382,10,0,0,0,6,45
qwen3-1.7b-cleanv2,qwen3-1.7b-cleanv2:382:6,382,22,0,0,0,7,45
qwen3-1.7b-cleanv2,qwen3-1.7b-cleanv2:382:7,382,471,0,0,0,11,45
qwen3-1.7b-cleanv2,qwen3-1.7b-cleanv2:384:0,384,7,0,0,0,8,48
qwen3-1.7b-cleanv2,qwen3-1.7b-cleanv2:384:3,384,440,0,0,0,2,48
qwen3-1.7b-cleanv2,qwen3-1.7b-cleanv2:384:4,384,516,0,0,0,1,48
qwen3-1.7b-cleanv2,qwen3-1.7b-cleanv2:384:5,384,16,0,0,0,3,48
qwen3-1.7b-cleanv2,qwen3-1.7b-cleanv2:387:1,387,496,0,0,0,6,17
qwen3-1.7b-cleanv2,qwen3-1.7b-cleanv2:387:3,387,335,0,0,0,2,17
qwen3-1.7b-cleanv2,qwen3-1.7b-cleanv2:387:5,387,1,0,0,0,4,17
qwen3-1.7b-cleanv2,qwen3-1.7b-cleanv2:387:6,387,261,0,0,0,2,17
qwen3-1.7b-cleanv2,qwen3-1.7b-cleanv2:387:7,387,269,0,0,0,3,17
qwen3-1.7b-cleanv2,qwen3-1.7b-cleanv2:388:0,388,500,0,0,0,5,35
qwen3-1.7b-cleanv2,qwen3-1.7b-cleanv2:388:1,388,543,0,0,0,8,35
qwen3-1.7b-cleanv2,qwen3-1.7b-cleanv2:388:3,388,599,0,0,0,6,35
qwen3-1.7b-cleanv2,qwen3-1.7b-cleanv2:388:6,388,564,0,0,0,9,35
qwen3-1.7b-cleanv2,qwen3-1.7b-cleanv2:388:7,388,449,0,0,0,7,35
qwen3-1.7b-cleanv2,qwen3-1.7b-cleanv2:389:3,389,443,0,0,0,9,63
qwen3-1.7b-cleanv2,qwen3-1.7b-cleanv2:389:4,389,430,0,0,0,8,63
qwen3-1.7b-cleanv2,qwen3-1.7b-cleanv2:389:6,389,412,0,0,0,6,63
qwen3-1.7b-cleanv2,qwen3-1.7b-cleanv2:389:7,389,459,0,0,0,6,63
qwen3-1.7b-cleanv2,qwen3-1.7b-cleanv2:390:0,390,168,0,0,0,6,115
qwen3-1.7b-cleanv2,qwen3-1.7b-cleanv2:390:1,390,505,0,0,0,9,115
qwen3-1.7b-cleanv2,qwen3-1.7b-cleanv2:390:7,390,427,0,0,0,4,115
qwen3-1.7b-cleanv2,qwen3-1.7b-cleanv2:391:0,391,8,0,0,0,5,61
qwen3-1.7b-cleanv2,qwen3-1.7b-cleanv2:391:1,391,496,0,0,0,6,61
qwen3-1.7b-cleanv2,qwen3-1.7b-cleanv2:391:4,391,525,0,0,0,6,61
qwen3-1.7b-cleanv2,qwen3-1.7b-cleanv2:391:5,391,465,0,0,0,10,61
qwen3-1.7b-cleanv2,qwen3-1.7b-cleanv2:391:7,391,10,0,0,0,9,61
qwen3-1.7b-cleanv2,qwen3-1.7b-cleanv2:393:6,393,445,0,0,0,2,89
qwen3-1.7b-cleanv2,qwen3-1.7b-cleanv2:394:5,394,373,0,0,0,12,45
qwen3-1.7b-cleanv2,qwen3-1.7b-cleanv2:395:2,395,391,0,0,0,2,19
qwen3-1.7b-cleanv2,qwen3-1.7b-cleanv2:395:3,395,185,0,0,0,2,19
qwen3-1.7b-cleanv2,qwen3-1.7b-cleanv2:395:4,395,315,0,0,0,1,19
qwen3-1.7b-cleanv2,qwen3-1.7b-cleanv2:395:5,395,445,0,0,0,4,19
qwen3-1.7b-cleanv2,qwen3-1.7b-cleanv2:395:6,395,10,0,0,0,3,19
qwen3-1.7b-cleanv2,qwen3-1.7b-cleanv2:395:7,395,461,0,0,0,2,19
qwen3-1.7b-cleanv2,qwen3-1.7b-cleanv2:397:5,397,1,0,0,0,8,26
qwen3-1.7b-cleanv2,qwen3-1.7b-cleanv2:397:7,397,7,0,0,0,9,26
qwen3-1.7b-cleanv2,qwen3-1.7b-cleanv2:398:6,398,2,0,0,0,20,55
qwen3-1.7b-cleanv2,qwen3-1.7b-cleanv2:399:0,399,8,0,0,0,0,42
qwen3-1.7b-cleanv2,qwen3-1.7b-cleanv2:399:1,399,15,3,0,0,2,42
qwen3-1.7b-cleanv2,qwen3-1.7b-cleanv2:399:2,399,0,0,0,0,6,42
qwen3-1.7b-cleanv2,qwen3-1.7b-cleanv2:399:3,399,0,0,0,0,5,42
qwen3-1.7b-cleanv2,qwen3-1.7b-cleanv2:399:7,399,4,0,0,0,1,42
qwen3-1.7b-cleanv2,qwen3-1.7b-cleanv2:401:3,401,18,0,0,0,4,14
qwen3-1.7b-cleanv2,qwen3-1.7b-cleanv2:401:4,401,549,0,0,0,3,14
qwen3-1.7b-cleanv2,qwen3-1.7b-cleanv2:404:2,404,2,0,0,0,0,15
qwen3-1.7b-cleanv2,qwen3-1.7b-cleanv2:406:4,406,445,0,0,0,8,29
qwen3-1.7b-cleanv2,qwen3-1.7b-cleanv2:406:5,406,557,0,0,0,8,29
qwen3-1.7b-cleanv2,qwen3-1.7b-cleanv2:408:0,408,490,0,0,0,20,62
qwen3-1.7b-cleanv2,qwen3-1.7b-cleanv2:408:6,408,4,0,0,0,23,62
qwen3-1.7b-cleanv2,qwen3-1.7b-cleanv2:409:7,409,420,0,0,0,7,41
qwen3-1.7b-cleanv2,qwen3-1.7b-cleanv2:410:0,410,14,0,0,0,7,49
qwen3-1.7b-cleanv2,qwen3-1.7b-cleanv2:415:2,415,21,0,0,0,19,61
qwen3-1.7b-cleanv2,qwen3-1.7b-cleanv2:415:3,415,378,0,0,0,22,61
qwen3-1.7b-cleanv2,qwen3-1.7b-cleanv2:415:4,415,16,0,0,0,19,61
qwen3-1.7b-cleanv2,qwen3-1.7b-cleanv2:415:7,415,495,0,0,0,18,61
qwen3-1.7b-cleanv2,qwen3-1.7b-cleanv2:416:2,416,1,0,0,0,33,76
qwen3-1.7b-cleanv2,qwen3-1.7b-cleanv2:416:3,416,7,0,0,0,36,76
qwen3-1.7b-cleanv2,qwen3-1.7b-cleanv2:416:7,416,471,0,0,0,28,76
qwen3-1.7b-cleanv2,qwen3-1.7b-cleanv2:418:0,418,324,0,0,0,6,31
qwen3-1.7b-cleanv2,qwen3-1.7b-cleanv2:418:1,418,375,0,0,0,4,31
qwen3-1.7b-cleanv2,qwen3-1.7b-cleanv2:418:2,418,376,0,0,0,7,31
qwen3-1.7b-cleanv2,qwen3-1.7b-cleanv2:418:3,418,309,0,0,0,5,31
qwen3-1.7b-cleanv2,qwen3-1.7b-cleanv2:418:4,418,60,0,0,0,5,31
qwen3-1.7b-cleanv2,qwen3-1.7b-cleanv2:418:5,418,416,0,0,0,5,31
qwen3-1.7b-cleanv2,qwen3-1.7b-cleanv2:418:7,418,395,0,0,0,7,31
qwen3-1.7b-cleanv2,qwen3-1.7b-cleanv2:421:2,421,1,0,0,0,14,47
qwen3-1.7b-cleanv2,qwen3-1.7b-cleanv2:422:3,422,18,0,0,0,16,39
qwen3-1.7b-cleanv2,qwen3-1.7b-cleanv2:425:0,425,561,0,0,0,7,40
qwen3-1.7b-cleanv2,qwen3-1.7b-cleanv2:425:5,425,453,0,0,0,13,40
qwen3-1.7b-cleanv2,qwen3-1.7b-cleanv2:425:6,425,7,0,0,0,4,40
qwen3-1.7b-cleanv2,qwen3-1.7b-cleanv2:425:7,425,33,0,0,0,11,40
qwen3-1.7b-cleanv2,qwen3-1.7b-cleanv2:426:1,426,379,0,0,0,5,54
qwen3-1.7b-cleanv2,qwen3-1.7b-cleanv2:426:2,426,369,0,0,0,4,54
qwen3-1.7b-cleanv2,qwen3-1.7b-cleanv2:426:3,426,431,0,0,0,3,54
qwen3-1.7b-cleanv2,qwen3-1.7b-cleanv2:426:4,426,446,0,0,0,2,54
qwen3-1.7b-cleanv2,qwen3-1.7b-cleanv2:426:5,426,17,0,0,0,4,54
qwen3-1.7b-cleanv2,qwen3-1.7b-cleanv2:426:6,426,375,0,0,0,3,54
qwen3-1.7b-cleanv2,qwen3-1.7b-cleanv2:426:7,426,359,0,0,0,4,54
qwen3-1.7b-cleanv2,qwen3-1.7b-cleanv2:427:1,427,18,0,0,0,23,74
qwen3-1.7b-cleanv2,qwen3-1.7b-cleanv2:428:3,428,36,0,0,0,13,34
qwen3-1.7b-cleanv2,qwen3-1.7b-cleanv2:428:5,428,0,0,0,0,6,34
qwen3-1.7b-cleanv2,qwen3-1.7b-cleanv2:429:0,429,419,0,0,0,26,61
qwen3-1.7b-cleanv2,qwen3-1.7b-cleanv2:429:2,429,575,0,0,0,24,61
qwen3-1.7b-cleanv2,qwen3-1.7b-cleanv2:429:6,429,16,0,0,0,27,61
qwen3-1.7b-cleanv2,qwen3-1.7b-cleanv2:431:1,431,399,0,0,0,11,53
qwen3-1.7b-cleanv2,qwen3-1.7b-cleanv2:431:7,431,457,0,0,0,9,53
qwen3-1.7b-cleanv2,qwen3-1.7b-cleanv2:432:1,432,526,0,0,0,6,46
qwen3-1.7b-cleanv2,qwen3-1.7b-cleanv2:432:3,432,561,0,0,0,4,46
qwen3-1.7b-cleanv2,qwen3-1.7b-cleanv2:434:1,434,204,0,0,0,5,52
qwen3-1.7b-cleanv2,qwen3-1.7b-cleanv2:434:5,434,431,0,0,0,3,52
qwen3-1.7b-cleanv2,qwen3-1.7b-cleanv2:434:6,434,369,0,0,0,6,52
qwen3-1.7b-cleanv2,qwen3-1.7b-cleanv2:437:5,437,38,0,0,0,7,43
qwen3-1.7b-cleanv2,qwen3-1.7b-cleanv2:441:1,441,448,0,0,0,25,83
qwen3-1.7b-cleanv2,qwen3-1.7b-cleanv2:443:3,443,7,0,0,0,10,43
qwen3-1.7b-cleanv2,qwen3-1.7b-cleanv2:444:7,444,35,0,0,0,2,25
qwen3-1.7b-cleanv2,qwen3-1.7b-cleanv2:445:0,445,30,0,0,0,23,75
qwen3-1.7b-cleanv2,qwen3-1.7b-cleanv2:445:1,445,415,0,0,0,12,75
qwen3-1.7b-cleanv2,qwen3-1.7b-cleanv2:445:5,445,28,0,0,0,22,75
qwen3-1.7b-cleanv2,qwen3-1.7b-cleanv2:445:6,445,385,0,0,0,19,75
qwen3-1.7b-cleanv2,qwen3-1.7b-cleanv2:451:0,451,438,0,0,0,25,68
qwen3-1.7b-cleanv2,qwen3-1.7b-cleanv2:453:1,453,2,0,0,0,36,57
qwen3-1.7b-cleanv2,qwen3-1.7b-cleanv2:453:2,453,1,0,0,0,40,57
qwen3-1.7b-cleanv2,qwen3-1.7b-cleanv2:454:0,454,439,0,0,0,6,61
qwen3-1.7b-cleanv2,qwen3-1.7b-cleanv2:454:1,454,1,0,0,0,5,61
qwen3-1.7b-cleanv2,qwen3-1.7b-cleanv2:454:2,454,437,0,0,0,6,61
qwen3-1.7b-cleanv2,qwen3-1.7b-cleanv2:454:3,454,412,0,0,0,9,61
qwen3-1.7b-cleanv2,qwen3-1.7b-cleanv2:454:4,454,487,0,0,0,4,61
qwen3-1.7b-cleanv2,qwen3-1.7b-cleanv2:454:5,454,456,0,0,0,6,61
qwen3-1.7b-cleanv2,qwen3-1.7b-cleanv2:454:6,454,347,0,0,0,7,61
qwen3-1.7b-cleanv2,qwen3-1.7b-cleanv2:454:7,454,431,0,0,0,8,61
qwen3-1.7b-cleanv2,qwen3-1.7b-cleanv2:456:6,456,4,0,0,0,3,17
qwen3-1.7b-cleanv2,qwen3-1.7b-cleanv2:457:0,457,379,0,0,0,3,33
qwen3-1.7b-cleanv2,qwen3-1.7b-cleanv2:457:2,457,199,0,0,0,2,33
qwen3-1.7b-cleanv2,qwen3-1.7b-cleanv2:457:5,457,323,0,0,0,2,33
qwen3-1.7b-cleanv2,qwen3-1.7b-cleanv2:457:7,457,401,0,0,0,3,33
qwen3-1.7b-cleanv2,qwen3-1.7b-cleanv2:459:0,459,477,0,0,0,2,68
qwen3-1.7b-cleanv2,qwen3-1.7b-cleanv2:459:1,459,28,0,0,0,9,68
qwen3-1.7b-cleanv2,qwen3-1.7b-cleanv2:459:3,459,490,0,0,0,3,68
qwen3-1.7b-cleanv2,qwen3-1.7b-cleanv2:459:4,459,49,0,0,0,10,68
qwen3-1.7b-cleanv2,qwen3-1.7b-cleanv2:459:5,459,88,0,0,0,6,68
qwen3-1.7b-cleanv2,qwen3-1.7b-cleanv2:459:6,459,540,0,0,0,10,68
qwen3-1.7b-cleanv2,qwen3-1.7b-cleanv2:459:7,459,37,0,0,0,8,68
qwen3-1.7b-cleanv2,qwen3-1.7b-cleanv2:460:6,460,436,0,0,0,9,72
qwen3-1.7b-cleanv2,qwen3-1.7b-cleanv2:460:7,460,18,1,0,0,12,72
qwen3-1.7b-cleanv2,qwen3-1.7b-cleanv2:461:1,461,487,0,0,0,11,63
qwen3-1.7b-cleanv2,qwen3-1.7b-cleanv2:461:5,461,571,0,0,0,12,63
qwen3-1.7b-cleanv2,qwen3-1.7b-cleanv2:464:3,464,503,0,0,0,0,9
qwen3-1.7b-cleanv2,qwen3-1.7b-cleanv2:464:4,464,534,0,0,0,2,9
qwen3-1.7b-cleanv2,qwen3-1.7b-cleanv2:464:6,464,422,0,0,0,0,9
qwen3-1.7b-cleanv2,qwen3-1.7b-cleanv2:464:7,464,494,0,0,0,0,9
qwen3-1.7b-cleanv2,qwen3-1.7b-cleanv2:465:0,465,478,0,0,0,13,59
qwen3-1.7b-cleanv2,qwen3-1.7b-cleanv2:465:1,465,478,0,0,0,18,59
qwen3-1.7b-cleanv2,qwen3-1.7b-cleanv2:465:2,465,469,0,0,0,16,59
qwen3-1.7b-cleanv2,qwen3-1.7b-cleanv2:465:3,465,442,0,0,0,19,59
qwen3-1.7b-cleanv2,qwen3-1.7b-cleanv2:465:4,465,3,0,0,0,15,59
qwen3-1.7b-cleanv2,qwen3-1.7b-cleanv2:465:5,465,506,0,0,0,13,59
qwen3-1.7b-cleanv2,qwen3-1.7b-cleanv2:465:7,465,520,0,0,0,13,59
qwen3-1.7b-cleanv2,qwen3-1.7b-cleanv2:467:2,467,14,0,0,0,7,31
qwen3-1.7b-cleanv2,qwen3-1.7b-cleanv2:467:4,467,6,0,0,0,10,31
qwen3-1.7b-cleanv2,qwen3-1.7b-cleanv2:467:5,467,6,0,0,0,8,31
qwen3-1.7b-cleanv2,qwen3-1.7b-cleanv2:469:7,469,4,0,0,0,34,97
qwen3-1.7b-cleanv2,qwen3-1.7b-cleanv2:471:0,471,491,0,0,0,2,39
qwen3-1.7b-cleanv2,qwen3-1.7b-cleanv2:471:3,471,502,0,0,0,1,39
qwen3-1.7b-cleanv2,qwen3-1.7b-cleanv2:471:4,471,7,0,0,0,3,39
qwen3-1.7b-cleanv2,qwen3-1.7b-cleanv2:471:6,471,520,0,0,0,4,39
qwen3-1.7b-cleanv2,qwen3-1.7b-cleanv2:471:7,471,460,0,0,0,0,39
qwen3-1.7b-cleanv2,qwen3-1.7b-cleanv2:472:0,472,247,0,0,0,4,61
qwen3-1.7b-cleanv2,qwen3-1.7b-cleanv2:472:2,472,87,0,0,0,0,61
qwen3-1.7b-cleanv2,qwen3-1.7b-cleanv2:472:4,472,393,0,0,0,9,61
qwen3-1.7b-cleanv2,qwen3-1.7b-cleanv2:472:5,472,16,0,0,0,6,61
qwen3-1.7b-cleanv2,qwen3-1.7b-cleanv2:472:6,472,408,0,0,0,3,61
qwen3-1.7b-cleanv2,qwen3-1.7b-cleanv2:473:0,473,10,0,0,0,6,42
qwen3-1.7b-cleanv2,qwen3-1.7b-cleanv2:473:1,473,252,0,0,0,3,42
qwen3-1.7b-cleanv2,qwen3-1.7b-cleanv2:473:2,473,380,0,0,0,4,42
qwen3-1.7b-cleanv2,qwen3-1.7b-cleanv2:473:4,473,8,0,0,0,5,42
qwen3-1.7b-cleanv2,qwen3-1.7b-cleanv2:473:7,473,8,0,0,0,7,42
qwen3-1.7b-cleanv2,qwen3-1.7b-cleanv2:474:2,474,3,0,0,0,18,48
qwen3-1.7b-cleanv2,qwen3-1.7b-cleanv2:475:2,475,0,0,0,0,3,27
qwen3-1.7b-cleanv2,qwen3-1.7b-cleanv2:475:7,475,597,0,0,0,5,27
qwen3-1.7b-cleanv2,qwen3-1.7b-cleanv2:477:0,477,14,0,0,0,7,38
qwen3-1.7b-cleanv2,qwen3-1.7b-cleanv2:477:1,477,24,0,0,0,10,38
qwen3-1.7b-cleanv2,qwen3-1.7b-cleanv2:479:1,479,385,0,0,0,6,53
qwen3-1.7b-cleanv2,qwen3-1.7b-cleanv2:479:2,479,422,0,0,0,11,53
qwen3-1.7b-cleanv2,qwen3-1.7b-cleanv2:479:3,479,494,0,0,0,15,53
qwen3-1.7b-cleanv2,qwen3-1.7b-cleanv2:479:4,479,474,0,0,0,7,53
qwen3-1.7b-cleanv2,qwen3-1.7b-cleanv2:479:6,479,421,0,0,0,10,53
qwen3-1.7b-cleanv2,qwen3-1.7b-cleanv2:480:2,480,417,0,0,0,9,33
qwen3-1.7b-cleanv2,qwen3-1.7b-cleanv2:481:3,481,416,0,0,0,7,63
qwen3-1.7b-cleanv2,qwen3-1.7b-cleanv2:484:1,484,0,0,0,0,20,55
qwen3-1.7b-cleanv2,qwen3-1.7b-cleanv2:485:7,485,1,0,0,0,18,68
qwen3-1.7b-cleanv2,qwen3-1.7b-cleanv2:486:0,486,469,0,0,0,8,78
qwen3-1.7b-cleanv2,qwen3-1.7b-cleanv2:486:2,486,473,0,0,0,9,78
qwen3-1.7b-cleanv2,qwen3-1.7b-cleanv2:486:3,486,473,0,0,0,6,78
qwen3-1.7b-cleanv2,qwen3-1.7b-cleanv2:486:4,486,418,0,0,0,2,78
qwen3-1.7b-cleanv2,qwen3-1.7b-cleanv2:486:5,486,519,0,0,0,6,78
qwen3-1.7b-cleanv2,qwen3-1.7b-cleanv2:486:6,486,426,0,0,0,10,78
qwen3-1.7b-cleanv2,qwen3-1.7b-cleanv2:486:7,486,438,0,0,0,11,78
qwen3-1.7b-cleanv2,qwen3-1.7b-cleanv2:488:2,488,306,0,0,0,20,66
qwen3-1.7b-cleanv2,qwen3-1.7b-cleanv2:488:3,488,358,0,0,0,22,66
qwen3-1.7b-cleanv2,qwen3-1.7b-cleanv2:490:0,490,6,0,0,0,4,34
qwen3-1.7b-cleanv2,qwen3-1.7b-cleanv2:490:1,490,495,0,0,0,3,34
qwen3-1.7b-cleanv2,qwen3-1.7b-cleanv2:490:2,490,2,0,0,0,4,34
qwen3-1.7b-cleanv2,qwen3-1.7b-cleanv2:490:3,490,1,0,0,0,5,34
qwen3-1.7b-cleanv2,qwen3-1.7b-cleanv2:490:4,490,1,0,0,0,3,34
qwen3-1.7b-cleanv2,qwen3-1.7b-cleanv2:490:5,490,1,0,0,0,4,34
qwen3-1.7b-cleanv2,qwen3-1.7b-cleanv2:490:6,490,3,0,0,0,2,34
qwen3-1.7b-cleanv2,qwen3-1.7b-cleanv2:490:7,490,535,0,0,0,3,34
qwen3-1.7b-cleanv2,qwen3-1.7b-cleanv2:491:0,491,494,0,0,0,6,39
qwen3-1.7b-cleanv2,qwen3-1.7b-cleanv2:491:4,491,454,0,0,0,5,39
qwen3-1.7b-cleanv2,qwen3-1.7b-cleanv2:491:5,491,473,0,0,0,8,39
qwen3-1.7b-cleanv2,qwen3-1.7b-cleanv2:491:6,491,415,0,0,0,5,39
qwen3-1.7b-cleanv2,qwen3-1.7b-cleanv2:491:7,491,469,0,0,0,4,39
qwen3-1.7b-cleanv2,qwen3-1.7b-cleanv2:493:0,493,316,0,0,0,20,50
qwen3-1.7b-cleanv2,qwen3-1.7b-cleanv2:493:2,493,4,0,0,0,27,50
qwen3-1.7b-cleanv2,qwen3-1.7b-cleanv2:493:5,493,369,0,0,0,25,50
qwen3-1.7b-cleanv2,qwen3-1.7b-cleanv2:493:6,493,312,0,0,0,18,50
qwen3-1.7b-cleanv2,qwen3-1.7b-cleanv2:494:1,494,1,0,0,0,8,23
qwen3-1.7b-cleanv2,qwen3-1.7b-cleanv2:496:7,496,404,0,0,0,1,61
qwen3-1.7b-cleanv2,qwen3-1.7b-cleanv2:498:3,498,389,0,0,0,13,101
qwen3-1.7b-cleanv2,qwen3-1.7b-cleanv2:498:7,498,355,0,0,0,39,101
qwen3-1.7b-cleanv2,qwen3-1.7b-cleanv2:499:2,499,32,0,0,0,1,47
qwen3-1.7b-cleanv2,qwen3-1.7b-cleanv2:499:4,499,324,0,0,0,6,47
qwen3-1.7b-cleanv2,qwen3-1.7b-cleanv2:499:5,499,478,0,0,0,3,47
qwen3-1.7b-cleanv2,qwen3-1.7b-cleanv2:502:3,502,409,0,0,0,38,101
qwen3-1.7b-cleanv2,qwen3-1.7b-cleanv2:502:5,502,283,0,0,0,31,101
qwen3-1.7b-cleanv2,qwen3-1.7b-cleanv2:502:7,502,423,0,0,0,27,101
qwen3-1.7b-cleanv2,qwen3-1.7b-cleanv2:504:0,504,10,0,0,0,18,46
qwen3-1.7b-cleanv2,qwen3-1.7b-cleanv2:504:5,504,5,0,0,0,19,46
qwen3-1.7b-cleanv2,qwen3-1.7b-cleanv2:505:0,505,26,21,1,5,22,44
qwen3-1.7b-cleanv2,qwen3-1.7b-cleanv2:506:0,506,43,2,0,0,0,83
qwen3-1.7b-cleanv2,qwen3-1.7b-cleanv2:506:3,506,0,0,0,0,0,83
qwen3-1.7b-cleanv2,qwen3-1.7b-cleanv2:506:5,506,87,0,0,0,0,83
qwen3-1.7b-cleanv2,qwen3-1.7b-cleanv2:507:1,507,26,0,0,0,14,64
qwen3-1.7b-cleanv2,qwen3-1.7b-cleanv2:507:2,507,432,0,0,0,4,64
qwen3-1.7b-cleanv2,qwen3-1.7b-cleanv2:507:3,507,413,0,0,0,11,64
qwen3-1.7b-cleanv2,qwen3-1.7b-cleanv2:507:4,507,561,0,0,0,14,64
qwen3-1.7b-cleanv2,qwen3-1.7b-cleanv2:507:5,507,487,0,0,0,7,64
qwen3-1.7b-cleanv2,qwen3-1.7b-cleanv2:507:6,507,9,0,0,0,3,64
qwen3-1.7b-cleanv2,qwen3-1.7b-cleanv2:508:1,508,445,0,0,0,36,61
qwen3-1.7b-cleanv2,qwen3-1.7b-cleanv2:508:2,508,563,0,0,0,23,61
qwen3-1.7b-cleanv2,qwen3-1.7b-cleanv2:508:6,508,448,0,0,0,22,61
qwen3-1.7b-cleanv2,qwen3-1.7b-cleanv2:508:7,508,455,0,0,0,23,61
qwen3-1.7b-cleanv2,qwen3-1.7b-cleanv2:509:4,509,5,0,0,0,12,57
qwen3-1.7b-cleanv2,qwen3-1.7b-cleanv2:510:0,510,2,0,0,0,0,30
qwen3-1.7b-cleanv2,qwen3-1.7b-cleanv2:510:2,510,5,0,0,0,0,30
qwen3-1.7b-cleanv2,qwen3-1.7b-cleanv2:510:3,510,279,0,0,0,0,30
qwen3-1.7b-cleanv2,qwen3-1.7b-cleanv2:510:4,510,355,0,0,0,0,30
qwen3-1.7b-cleanv2,qwen3-1.7b-cleanv2:510:7,510,6,0,0,0,0,30
qwen3-1.7b-cleanv2,qwen3-1.7b-cleanv2:511:4,511,0,0,0,0,18,73
qwen3-1.7b-cleanv2,qwen3-1.7b-cleanv2:511:6,511,499,0,0,0,19,73
qwen3-1.7b-cleanv2,qwen3-1.7b-cleanv2:513:0,513,386,1,0,0,3,64
qwen3-1.7b-cleanv2,qwen3-1.7b-cleanv2:513:2,513,418,0,0,0,12,64
qwen3-1.7b-cleanv2,qwen3-1.7b-cleanv2:513:3,513,330,0,0,0,5,64
qwen3-1.7b-cleanv2,qwen3-1.7b-cleanv2:513:4,513,264,0,0,0,9,64
qwen3-1.7b-cleanv2,qwen3-1.7b-cleanv2:513:6,513,298,0,0,0,11,64
qwen3-1.7b-cleanv2,qwen3-1.7b-cleanv2:513:7,513,269,0,0,0,5,64
qwen3-1.7b-cleanv2,qwen3-1.7b-cleanv2:514:0,514,353,0,0,0,1,56
qwen3-1.7b-cleanv2,qwen3-1.7b-cleanv2:514:3,514,293,0,0,0,4,56
qwen3-1.7b-cleanv2,qwen3-1.7b-cleanv2:514:7,514,61,0,0,0,0,56
qwen3-1.7b-cleanv2,qwen3-1.7b-cleanv2:515:7,515,508,0,0,0,12,52
qwen3-1.7b-cleanv2,qwen3-1.7b-cleanv2:517:2,517,466,0,0,0,5,30
qwen3-1.7b-cleanv2,qwen3-1.7b-cleanv2:519:0,519,32,0,0,0,9,20
qwen3-1.7b-cleanv2,qwen3-1.7b-cleanv2:519:1,519,2,0,0,0,1,20
qwen3-1.7b-cleanv2,qwen3-1.7b-cleanv2:519:2,519,421,0,0,0,3,20
qwen3-1.7b-cleanv2,qwen3-1.7b-cleanv2:519:3,519,221,0,0,0,1,20
qwen3-1.7b-cleanv2,qwen3-1.7b-cleanv2:519:6,519,1,0,0,0,1,20
qwen3-1.7b-cleanv2,qwen3-1.7b-cleanv2:519:7,519,345,0,0,0,1,20
qwen3-1.7b-cleanv2,qwen3-1.7b-cleanv2:520:1,520,400,0,0,0,5,54
qwen3-1.7b-cleanv2,qwen3-1.7b-cleanv2:520:4,520,346,0,0,0,9,54
qwen3-1.7b-cleanv2,qwen3-1.7b-cleanv2:520:5,520,399,0,0,0,8,54
qwen3-1.7b-cleanv2,qwen3-1.7b-cleanv2:520:6,520,439,0,0,0,8,54
qwen3-1.7b-cleanv2,qwen3-1.7b-cleanv2:521:0,521,14,0,0,0,9,74
qwen3-1.7b-cleanv2,qwen3-1.7b-cleanv2:521:1,521,460,0,0,0,15,74
qwen3-1.7b-cleanv2,qwen3-1.7b-cleanv2:521:2,521,33,0,0,0,14,74
qwen3-1.7b-cleanv2,qwen3-1.7b-cleanv2:521:3,521,340,0,0,0,11,74
qwen3-1.7b-cleanv2,qwen3-1.7b-cleanv2:521:6,521,429,0,0,0,11,74
qwen3-1.7b-cleanv2,qwen3-1.7b-cleanv2:522:2,522,0,0,0,0,13,29
qwen3-1.7b-cleanv2,qwen3-1.7b-cleanv2:524:2,524,429,0,0,0,9,67
qwen3-1.7b-cleanv2,qwen3-1.7b-cleanv2:524:3,524,364,0,0,0,6,67
qwen3-1.7b-cleanv2,qwen3-1.7b-cleanv2:524:6,524,347,0,0,0,1,67
qwen3-1.7b-cleanv2,qwen3-1.7b-cleanv2:525:2,525,3,0,0,0,1,40
qwen3-1.7b-cleanv2,qwen3-1.7b-cleanv2:525:3,525,396,0,0,0,5,40
qwen3-1.7b-cleanv2,qwen3-1.7b-cleanv2:525:5,525,384,0,0,0,8,40
qwen3-1.7b-cleanv2,qwen3-1.7b-cleanv2:525:6,525,376,0,0,0,4,40
qwen3-1.7b-cleanv2,qwen3-1.7b-cleanv2:527:0,527,243,0,0,0,21,53
qwen3-1.7b-cleanv2,qwen3-1.7b-cleanv2:527:6,527,207,0,0,0,8,53
qwen3-1.7b-cleanv2,qwen3-1.7b-cleanv2:527:7,527,5,3,0,0,22,53
qwen3-1.7b-cleanv2,qwen3-1.7b-cleanv2:531:0,531,382,0,0,0,4,91
qwen3-1.7b-cleanv2,qwen3-1.7b-cleanv2:531:2,531,213,0,0,0,8,91
qwen3-1.7b-cleanv2,qwen3-1.7b-cleanv2:531:3,531,425,0,0,0,1,91
qwen3-1.7b-cleanv2,qwen3-1.7b-cleanv2:531:7,531,296,0,0,0,2,91
qwen3-1.7b-cleanv2,qwen3-1.7b-cleanv2:533:4,533,2,0,0,0,16,44
qwen3-1.7b-cleanv2,qwen3-1.7b-cleanv2:533:6,533,4,0,0,0,14,44
qwen3-1.7b-cleanv2,qwen3-1.7b-cleanv2:537:1,537,514,0,0,0,11,53
qwen3-1.7b-cleanv2,qwen3-1.7b-cleanv2:537:7,537,54,0,0,0,6,53
qwen3-1.7b-cleanv2,qwen3-1.7b-cleanv2:538:4,538,512,0,0,0,10,39
qwen3-1.7b-cleanv2,qwen3-1.7b-cleanv2:538:6,538,459,0,0,0,8,39
qwen3-1.7b-cleanv2,qwen3-1.7b-cleanv2:538:7,538,152,0,0,0,8,39
qwen3-1.7b-cleanv2,qwen3-1.7b-cleanv2:539:0,539,337,0,0,0,3,72
qwen3-1.7b-cleanv2,qwen3-1.7b-cleanv2:539:1,539,347,0,0,0,3,72
qwen3-1.7b-cleanv2,qwen3-1.7b-cleanv2:540:1,540,268,0,0,0,27,64
qwen3-1.7b-cleanv2,qwen3-1.7b-cleanv2:540:3,540,299,0,0,0,29,64
qwen3-1.7b-cleanv2,qwen3-1.7b-cleanv2:540:5,540,324,0,0,0,40,64
qwen3-1.7b-cleanv2,qwen3-1.7b-cleanv2:541:1,541,140,0,0,0,7,35
qwen3-1.7b-cleanv2,qwen3-1.7b-cleanv2:541:3,541,1,0,0,0,10,35
qwen3-1.7b-cleanv2,qwen3-1.7b-cleanv2:541:7,541,523,0,0,0,11,35
qwen3-1.7b-cleanv2,qwen3-1.7b-cleanv2:544:0,544,2,0,0,0,31,102
qwen3-1.7b-cleanv2,qwen3-1.7b-cleanv2:544:5,544,420,0,0,0,26,102
qwen3-1.7b-cleanv2,qwen3-1.7b-cleanv2:544:6,544,409,0,0,0,19,102
qwen3-1.7b-cleanv2,qwen3-1.7b-cleanv2:544:7,544,435,0,0,0,30,102
qwen3-1.7b-cleanv2,qwen3-1.7b-cleanv2:545:2,545,0,0,0,0,10,67
qwen3-1.7b-cleanv2,qwen3-1.7b-cleanv2:547:0,547,433,0,0,0,10,83
qwen3-1.7b-cleanv2,qwen3-1.7b-cleanv2:547:1,547,115,0,0,0,14,83
qwen3-1.7b-cleanv2,qwen3-1.7b-cleanv2:547:2,547,414,0,0,0,11,83
qwen3-1.7b-cleanv2,qwen3-1.7b-cleanv2:547:3,547,360,0,0,0,14,83
qwen3-1.7b-cleanv2,qwen3-1.7b-cleanv2:547:4,547,391,0,0,0,7,83
qwen3-1.7b-cleanv2,qwen3-1.7b-cleanv2:547:5,547,358,0,0,0,13,83
qwen3-1.7b-cleanv2,qwen3-1.7b-cleanv2:547:6,547,453,0,0,0,11,83
qwen3-1.7b-cleanv2,qwen3-1.7b-cleanv2:547:7,547,358,0,0,0,13,83
qwen3-1.7b-cleanv2,qwen3-1.7b-cleanv2:548:0,548,441,0,0,0,14,47
qwen3-1.7b-cleanv2,qwen3-1.7b-cleanv2:548:2,548,347,1,0,0,1,47
qwen3-1.7b-cleanv2,qwen3-1.7b-cleanv2:548:3,548,359,0,0,0,15,47
qwen3-1.7b-cleanv2,qwen3-1.7b-cleanv2:548:5,548,526,0,0,0,12,47
qwen3-1.7b-cleanv2,qwen3-1.7b-cleanv2:548:6,548,384,0,0,0,3,47
qwen3-1.7b-cleanv2,qwen3-1.7b-cleanv2:548:7,548,159,0,0,0,0,47
qwen3-1.7b-cleanv2,qwen3-1.7b-cleanv2:550:1,550,447,0,0,0,11,83
qwen3-1.7b-cleanv2,qwen3-1.7b-cleanv2:550:5,550,32,0,0,0,13,83
qwen3-1.7b-cleanv2,qwen3-1.7b-cleanv2:550:6,550,499,0,0,0,21,83
qwen3-1.7b-cleanv2,qwen3-1.7b-cleanv2:550:7,550,0,0,0,0,19,83
qwen3-1.7b-cleanv2,qwen3-1.7b-cleanv2:551:1,551,387,0,0,0,39,93
qwen3-1.7b-cleanv2,qwen3-1.7b-cleanv2:551:5,551,9,0,0,0,33,93
qwen3-1.7b-cleanv2,qwen3-1.7b-cleanv2:552:0,552,1,0,0,0,25,73
qwen3-1.7b-cleanv2,qwen3-1.7b-cleanv2:553:1,553,415,0,0,0,14,52
qwen3-1.7b-cleanv2,qwen3-1.7b-cleanv2:553:7,553,0,0,0,0,13,52
qwen3-1.7b-cleanv2,qwen3-1.7b-cleanv2:554:0,554,0,0,0,0,35,78
qwen3-1.7b-cleanv2,qwen3-1.7b-cleanv2:554:1,554,369,0,0,0,36,78
qwen3-1.7b-cleanv2,qwen3-1.7b-cleanv2:554:2,554,394,0,0,0,45,78
qwen3-1.7b-cleanv2,qwen3-1.7b-cleanv2:554:3,554,526,0,0,0,25,78
qwen3-1.7b-cleanv2,qwen3-1.7b-cleanv2:554:4,554,398,0,0,0,13,78
qwen3-1.7b-cleanv2,qwen3-1.7b-cleanv2:554:6,554,326,0,0,0,36,78
qwen3-1.7b-cleanv2,qwen3-1.7b-cleanv2:554:7,554,381,0,0,0,35,78
qwen3-1.7b-cleanv2,qwen3-1.7b-cleanv2:557:3,557,1,0,0,0,14,62
qwen3-1.7b-cleanv2,qwen3-1.7b-cleanv2:558:0,558,413,0,0,0,15,82
qwen3-1.7b-cleanv2,qwen3-1.7b-cleanv2:558:1,558,396,0,0,0,13,82
qwen3-1.7b-cleanv2,qwen3-1.7b-cleanv2:558:2,558,478,0,0,0,18,82
qwen3-1.7b-cleanv2,qwen3-1.7b-cleanv2:558:3,558,415,0,0,0,2,82
qwen3-1.7b-cleanv2,qwen3-1.7b-cleanv2:558:4,558,371,0,0,0,23,82
qwen3-1.7b-cleanv2,qwen3-1.7b-cleanv2:558:5,558,360,0,0,0,13,82
qwen3-1.7b-cleanv2,qwen3-1.7b-cleanv2:558:6,558,457,0,0,0,21,82
qwen3-1.7b-cleanv2,qwen3-1.7b-cleanv2:558:7,558,377,0,0,0,21,82
qwen3-1.7b-cleanv2,qwen3-1.7b-cleanv2:560:0,560,6,0,0,0,15,53
qwen3-1.7b-cleanv2,qwen3-1.7b-cleanv2:561:1,561,261,0,0,0,52,91
qwen3-1.7b-cleanv2,qwen3-1.7b-cleanv2:563:2,563,490,0,0,0,7,91
qwen3-1.7b-cleanv2,qwen3-1.7b-cleanv2:563:4,563,487,0,0,0,7,91
qwen3-1.7b-cleanv2,qwen3-1.7b-cleanv2:563:5,563,485,0,0,0,5,91
qwen3-1.7b-cleanv2,qwen3-1.7b-cleanv2:563:6,563,404,0,0,0,6,91
qwen3-1.7b-cleanv2,qwen3-1.7b-cleanv2:563:7,563,346,0,0,0,4,91
qwen3-1.7b-cleanv2,qwen3-1.7b-cleanv2:564:2,564,432,0,0,0,10,33
qwen3-1.7b-cleanv2,qwen3-1.7b-cleanv2:564:5,564,364,0,0,0,10,33
qwen3-1.7b-cleanv2,qwen3-1.7b-cleanv2:565:6,565,435,0,0,0,13,50
qwen3-1.7b-cleanv2,qwen3-1.7b-cleanv2:566:0,566,1,0,0,0,8,46
qwen3-1.7b-cleanv2,qwen3-1.7b-cleanv2:566:2,566,436,0,0,0,4,46
qwen3-1.7b-cleanv2,qwen3-1.7b-cleanv2:566:3,566,409,0,0,0,4,46
qwen3-1.7b-cleanv2,qwen3-1.7b-cleanv2:566:5,566,5,0,0,0,3,46
qwen3-1.7b-cleanv2,qwen3-1.7b-cleanv2:566:6,566,5,0,0,0,5,46
qwen3-1.7b-cleanv2,qwen3-1.7b-cleanv2:566:7,566,440,0,0,0,4,46
qwen3-1.7b-cleanv2,qwen3-1.7b-cleanv2:567:5,567,459,0,0,0,36,66
qwen3-1.7b-cleanv2,qwen3-1.7b-cleanv2:568:0,568,282,0,0,0,2,35
qwen3-1.7b-cleanv2,qwen3-1.7b-cleanv2:568:1,568,327,0,0,0,3,35
qwen3-1.7b-cleanv2,qwen3-1.7b-cleanv2:568:3,568,350,0,0,0,1,35
qwen3-1.7b-cleanv2,qwen3-1.7b-cleanv2:569:0,569,419,0,0,0,11,127
qwen3-1.7b-cleanv2,qwen3-1.7b-cleanv2:569:1,569,362,0,0,0,15,127
qwen3-1.7b-cleanv2,qwen3-1.7b-cleanv2:569:2,569,438,0,0,0,11,127
qwen3-1.7b-cleanv2,qwen3-1.7b-cleanv2:569:3,569,281,0,0,0,17,127
qwen3-1.7b-cleanv2,qwen3-1.7b-cleanv2:569:4,569,424,0,0,0,10,127
qwen3-1.7b-cleanv2,qwen3-1.7b-cleanv2:569:5,569,371,0,0,0,12,127
qwen3-1.7b-cleanv2,qwen3-1.7b-cleanv2:569:6,569,368,0,0,0,14,127
qwen3-1.7b-cleanv2,qwen3-1.7b-cleanv2:572:2,572,0,0,0,0,8,29
qwen3-1.7b-cleanv2,qwen3-1.7b-cleanv2:572:4,572,33,0,0,0,5,29
qwen3-1.7b-cleanv2,qwen3-1.7b-cleanv2:572:5,572,5,0,0,0,6,29
qwen3-1.7b-cleanv2,qwen3-1.7b-cleanv2:573:0,573,434,0,0,0,20,101
qwen3-1.7b-cleanv2,qwen3-1.7b-cleanv2:573:4,573,227,0,0,0,0,101
qwen3-1.7b-cleanv2,qwen3-1.7b-cleanv2:573:6,573,233,0,0,0,8,101
qwen3-1.7b-cleanv2,qwen3-1.7b-cleanv2:576:0,576,371,0,0,0,3,83
qwen3-1.7b-cleanv2,qwen3-1.7b-cleanv2:576:1,576,440,0,0,0,3,83
qwen3-1.7b-cleanv2,qwen3-1.7b-cleanv2:576:2,576,395,0,0,0,4,83
qwen3-1.7b-cleanv2,qwen3-1.7b-cleanv2:576:3,576,355,0,0,0,5,83
qwen3-1.7b-cleanv2,qwen3-1.7b-cleanv2:576:4,576,309,0,0,0,3,83
qwen3-1.7b-cleanv2,qwen3-1.7b-cleanv2:576:5,576,308,0,0,0,6,83
qwen3-1.7b-cleanv2,qwen3-1.7b-cleanv2:576:6,576,357,0,0,0,1,83
qwen3-1.7b-cleanv2,qwen3-1.7b-cleanv2:576:7,576,383,0,0,0,6,83
qwen3-1.7b-cleanv2,qwen3-1.7b-cleanv2:581:4,581,339,0,0,0,4,51
qwen3-1.7b-cleanv2,qwen3-1.7b-cleanv2:584:2,584,0,0,0,0,32,42
qwen3-1.7b-cleanv2,qwen3-1.7b-cleanv2:585:1,585,597,0,0,0,8,64
qwen3-1.7b-cleanv2,qwen3-1.7b-cleanv2:585:3,585,4,0,0,0,5,64
qwen3-1.7b-cleanv2,qwen3-1.7b-cleanv2:585:4,585,643,0,0,0,6,64
qwen3-1.7b-cleanv2,qwen3-1.7b-cleanv2:585:7,585,626,0,0,0,1,64
qwen3-1.7b-cleanv2,qwen3-1.7b-cleanv2:586:2,586,3,0,0,0,8,45
qwen3-1.7b-cleanv2,qwen3-1.7b-cleanv2:586:3,586,553,0,0,0,8,45
qwen3-1.7b-cleanv2,qwen3-1.7b-cleanv2:586:5,586,5,0,0,0,11,45
qwen3-1.7b-cleanv2,qwen3-1.7b-cleanv2:586:7,586,612,0,0,0,18,45
qwen3-1.7b-cleanv2,qwen3-1.7b-cleanv2:587:1,587,360,0,0,0,8,87
qwen3-1.7b-cleanv2,qwen3-1.7b-cleanv2:587:2,587,334,0,0,0,20,87
qwen3-1.7b-cleanv2,qwen3-1.7b-cleanv2:587:3,587,37,0,0,0,22,87
qwen3-1.7b-cleanv2,qwen3-1.7b-cleanv2:587:5,587,312,0,0,0,11,87
qwen3-1.7b-cleanv2,qwen3-1.7b-cleanv2:587:6,587,301,0,0,0,18,87
qwen3-1.7b-cleanv2,qwen3-1.7b-cleanv2:587:7,587,269,0,0,0,22,87
qwen3-1.7b-cleanv2,qwen3-1.7b-cleanv2:588:0,588,366,0,0,0,8,46
qwen3-1.7b-cleanv2,qwen3-1.7b-cleanv2:588:2,588,343,0,0,0,8,46
qwen3-1.7b-cleanv2,qwen3-1.7b-cleanv2:588:3,588,373,0,0,0,8,46
qwen3-1.7b-cleanv2,qwen3-1.7b-cleanv2:588:6,588,241,0,0,0,7,46
qwen3-1.7b-cleanv2,qwen3-1.7b-cleanv2:588:7,588,92,0,0,0,8,46
qwen3-1.7b-cleanv2,qwen3-1.7b-cleanv2:589:0,589,358,0,0,0,6,51
qwen3-1.7b-cleanv2,qwen3-1.7b-cleanv2:589:1,589,547,0,0,0,14,51
qwen3-1.7b-cleanv2,qwen3-1.7b-cleanv2:589:2,589,16,0,0,0,7,51
qwen3-1.7b-cleanv2,qwen3-1.7b-cleanv2:589:3,589,17,0,0,0,14,51
qwen3-1.7b-cleanv2,qwen3-1.7b-cleanv2:589:4,589,579,0,0,0,11,51
qwen3-1.7b-cleanv2,qwen3-1.7b-cleanv2:589:5,589,545,0,0,0,14,51
qwen3-1.7b-cleanv2,qwen3-1.7b-cleanv2:589:6,589,567,0,0,0,11,51
qwen3-1.7b-cleanv2,qwen3-1.7b-cleanv2:589:7,589,122,0,0,0,10,51
qwen3-1.7b-cleanv2,qwen3-1.7b-cleanv2:590:4,590,6,0,0,0,8,41
qwen3-1.7b-cleanv2,qwen3-1.7b-cleanv2:590:6,590,14,0,0,0,6,41
qwen3-1.7b-cleanv2,qwen3-1.7b-cleanv2:590:7,590,245,0,0,0,1,41
qwen3-1.7b-cleanv2,qwen3-1.7b-cleanv2:591:0,591,49,0,0,0,3,40
qwen3-1.7b-cleanv2,qwen3-1.7b-cleanv2:592:0,592,48,0,0,0,7,71
qwen3-1.7b-cleanv2,qwen3-1.7b-cleanv2:592:1,592,511,0,0,0,23,71
qwen3-1.7b-cleanv2,qwen3-1.7b-cleanv2:592:3,592,458,0,0,0,19,71
qwen3-1.7b-cleanv2,qwen3-1.7b-cleanv2:592:4,592,393,0,0,0,12,71
qwen3-1.7b-cleanv2,qwen3-1.7b-cleanv2:592:5,592,447,0,0,0,8,71
qwen3-1.7b-cleanv2,qwen3-1.7b-cleanv2:592:6,592,561,0,0,0,12,71
qwen3-1.7b-cleanv2,qwen3-1.7b-cleanv2:592:7,592,500,0,0,0,8,71
qwen3-1.7b-cleanv2,qwen3-1.7b-cleanv2:593:1,593,1,0,0,0,4,17
qwen3-1.7b-cleanv2,qwen3-1.7b-cleanv2:593:6,593,531,0,0,0,3,17
qwen3-1.7b-cleanv2,qwen3-1.7b-cleanv2:595:1,595,505,0,0,0,1,29
qwen3-1.7b-cleanv2,qwen3-1.7b-cleanv2:595:4,595,6,0,0,0,0,29
qwen3-1.7b-cleanv2,qwen3-1.7b-cleanv2:597:1,597,351,0,0,0,7,67
qwen3-1.7b-cleanv2,qwen3-1.7b-cleanv2:597:5,597,522,0,0,0,14,67
qwen3-1.7b-cleanv2,qwen3-1.7b-cleanv2:597:6,597,0,0,0,0,21,67
qwen3-1.7b-cleanv2,qwen3-1.7b-cleanv2:598:4,598,1,0,0,0,3,21
qwen3-1.7b-cleanv2,qwen3-1.7b-cleanv2:600:0,600,30,0,0,0,13,55
qwen3-1.7b-cleanv2,qwen3-1.7b-cleanv2:600:2,600,435,0,0,0,8,55
qwen3-1.7b-cleanv2,qwen3-1.7b-cleanv2:601:2,601,371,0,0,0,24,50
qwen3-1.7b-cleanv2,qwen3-1.7b-cleanv2:602:5,602,465,0,0,0,13,61
qwen3-1.7b-cleanv2,qwen3-1.7b-cleanv2:604:0,604,266,0,0,0,22,126
qwen3-1.7b-cleanv2,qwen3-1.7b-cleanv2:604:4,604,205,0,0,0,36,126
qwen3-1.7b-cleanv2,qwen3-1.7b-cleanv2:604:6,604,274,0,0,0,39,126
qwen3-1.7b-cleanv2,qwen3-1.7b-cleanv2:604:7,604,427,0,0,0,17,126
qwen3-1.7b-cleanv2,qwen3-1.7b-cleanv2:605:1,605,502,0,0,0,14,102
qwen3-1.7b-cleanv2,qwen3-1.7b-cleanv2:607:4,607,5,0,0,0,5,16
qwen3-1.7b-cleanv2,qwen3-1.7b-cleanv2:607:5,607,350,0,0,0,1,16
qwen3-1.7b-cleanv2,qwen3-1.7b-cleanv2:608:0,608,560,0,0,0,20,69
qwen3-1.7b-cleanv2,qwen3-1.7b-cleanv2:608:1,608,463,0,0,0,25,69
qwen3-1.7b-cleanv2,qwen3-1.7b-cleanv2:608:3,608,451,0,0,0,27,69
qwen3-1.7b-cleanv2,qwen3-1.7b-cleanv2:608:4,608,527,0,0,0,25,69
qwen3-1.7b-cleanv2,qwen3-1.7b-cleanv2:608:7,608,400,0,0,0,25,69
qwen3-1.7b-cleanv2,qwen3-1.7b-cleanv2:609:0,609,417,0,0,0,29,84
qwen3-1.7b-cleanv2,qwen3-1.7b-cleanv2:609:1,609,474,0,0,0,23,84
qwen3-1.7b-cleanv2,qwen3-1.7b-cleanv2:609:2,609,409,0,0,0,30,84
qwen3-1.7b-cleanv2,qwen3-1.7b-cleanv2:609:3,609,492,0,0,0,36,84
qwen3-1.7b-cleanv2,qwen3-1.7b-cleanv2:609:4,609,495,0,0,0,23,84
qwen3-1.7b-cleanv2,qwen3-1.7b-cleanv2:609:5,609,458,0,0,0,24,84
qwen3-1.7b-cleanv2,qwen3-1.7b-cleanv2:609:6,609,419,0,0,0,26,84
qwen3-1.7b-cleanv2,qwen3-1.7b-cleanv2:609:7,609,523,0,0,0,24,84
qwen3-1.7b-cleanv2,qwen3-1.7b-cleanv2:610:0,610,533,0,0,0,2,71
qwen3-1.7b-cleanv2,qwen3-1.7b-cleanv2:610:1,610,464,0,0,0,5,71
qwen3-1.7b-cleanv2,qwen3-1.7b-cleanv2:610:3,610,21,0,0,0,5,71
qwen3-1.7b-cleanv2,qwen3-1.7b-cleanv2:610:4,610,450,0,0,0,6,71
qwen3-1.7b-cleanv2,qwen3-1.7b-cleanv2:610:5,610,454,0,0,0,5,71
qwen3-1.7b-cleanv2,qwen3-1.7b-cleanv2:610:6,610,65,0,0,0,6,71
qwen3-1.7b-cleanv2,qwen3-1.7b-cleanv2:612:0,612,4,0,0,0,33,116
qwen3-1.7b-cleanv2,qwen3-1.7b-cleanv2:612:6,612,332,0,0,0,33,116
qwen3-1.7b-cleanv2,qwen3-1.7b-cleanv2:613:7,613,511,0,0,0,19,64
qwen3-1.7b-cleanv2,qwen3-1.7b-cleanv2:616:0,616,319,0,0,0,9,71
qwen3-1.7b-cleanv2,qwen3-1.7b-cleanv2:616:1,616,375,0,0,0,2,71
qwen3-1.7b-cleanv2,qwen3-1.7b-cleanv2:616:2,616,404,0,0,0,2,71
qwen3-1.7b-cleanv2,qwen3-1.7b-cleanv2:616:3,616,326,0,0,0,2,71
qwen3-1.7b-cleanv2,qwen3-1.7b-cleanv2:616:4,616,410,0,0,0,2,71
qwen3-1.7b-cleanv2,qwen3-1.7b-cleanv2:616:5,616,342,0,0,0,6,71
qwen3-1.7b-cleanv2,qwen3-1.7b-cleanv2:616:7,616,0,0,0,0,3,71
qwen3-1.7b-cleanv2,qwen3-1.7b-cleanv2:617:0,617,134,0,0,0,4,79
qwen3-1.7b-cleanv2,qwen3-1.7b-cleanv2:617:2,617,530,0,0,0,1,79
qwen3-1.7b-cleanv2,qwen3-1.7b-cleanv2:620:1,620,183,0,0,0,33,67
qwen3-1.7b-cleanv2,qwen3-1.7b-cleanv2:620:3,620,354,0,0,0,11,67
qwen3-1.7b-cleanv2,qwen3-1.7b-cleanv2:620:4,620,446,0,0,0,15,67
qwen3-1.7b-cleanv2,qwen3-1.7b-cleanv2:620:5,620,424,0,0,0,8,67
qwen3-1.7b-cleanv2,qwen3-1.7b-cleanv2:621:2,621,263,0,0,0,22,71
qwen3-1.7b-cleanv2,qwen3-1.7b-cleanv2:621:3,621,424,0,0,0,13,71
qwen3-1.7b-cleanv2,qwen3-1.7b-cleanv2:621:5,621,345,0,0,0,13,71
qwen3-1.7b-cleanv2,qwen3-1.7b-cleanv2:624:3,624,492,0,0,0,11,69
qwen3-1.7b-cleanv2,qwen3-1.7b-cleanv2:624:4,624,13,0,0,0,11,69
qwen3-1.7b-cleanv2,qwen3-1.7b-cleanv2:624:7,624,386,0,0,0,15,69
qwen3-1.7b-cleanv2,qwen3-1.7b-cleanv2:625:0,625,510,0,0,0,7,39
qwen3-1.7b-cleanv2,qwen3-1.7b-cleanv2:625:1,625,269,0,0,0,10,39
qwen3-1.7b-cleanv2,qwen3-1.7b-cleanv2:625:3,625,431,0,0,0,3,39
qwen3-1.7b-cleanv2,qwen3-1.7b-cleanv2:626:0,626,402,0,0,0,32,56
qwen3-1.7b-cleanv2,qwen3-1.7b-cleanv2:626:5,626,26,0,0,0,29,56
qwen3-1.7b-cleanv2,qwen3-1.7b-cleanv2:628:0,628,187,0,0,0,6,28
qwen3-1.7b-cleanv2,qwen3-1.7b-cleanv2:628:1,628,497,0,0,0,8,28
qwen3-1.7b-cleanv2,qwen3-1.7b-cleanv2:628:2,628,276,0,0,0,14,28
qwen3-1.7b-cleanv2,qwen3-1.7b-cleanv2:631:2,631,280,0,0,0,20,72
qwen3-1.7b-cleanv2,qwen3-1.7b-cleanv2:631:3,631,442,0,0,0,36,72
qwen3-1.7b-cleanv2,qwen3-1.7b-cleanv2:631:4,631,4,0,0,0,37,72
qwen3-1.7b-cleanv2,qwen3-1.7b-cleanv2:632:0,632,293,0,0,0,3,40
qwen3-1.7b-cleanv2,qwen3-1.7b-cleanv2:632:1,632,307,0,0,0,3,40
qwen3-1.7b-cleanv2,qwen3-1.7b-cleanv2:632:2,632,341,0,0,0,4,40
qwen3-1.7b-cleanv2,qwen3-1.7b-cleanv2:632:3,632,543,0,0,0,2,40
qwen3-1.7b-cleanv2,qwen3-1.7b-cleanv2:632:4,632,303,0,0,0,6,40
qwen3-1.7b-cleanv2,qwen3-1.7b-cleanv2:632:5,632,332,0,0,0,6,40
qwen3-1.7b-cleanv2,qwen3-1.7b-cleanv2:632:6,632,373,0,0,0,7,40
qwen3-1.7b-cleanv2,qwen3-1.7b-cleanv2:632:7,632,291,0,0,0,4,40
qwen3-1.7b-cleanv2,qwen3-1.7b-cleanv2:634:1,634,21,0,0,0,10,46
qwen3-1.7b-cleanv2,qwen3-1.7b-cleanv2:635:0,635,371,0,0,0,10,65
qwen3-1.7b-cleanv2,qwen3-1.7b-cleanv2:635:2,635,15,0,0,0,9,65
qwen3-1.7b-cleanv2,qwen3-1.7b-cleanv2:635:4,635,363,0,0,0,11,65
qwen3-1.7b-cleanv2,qwen3-1.7b-cleanv2:636:0,636,333,0,0,0,16,37
qwen3-1.7b-cleanv2,qwen3-1.7b-cleanv2:636:5,636,355,0,0,0,4,37
qwen3-1.7b-cleanv2,qwen3-1.7b-cleanv2:638:0,638,1,0,0,0,13,27
qwen3-1.7b-cleanv2,qwen3-1.7b-cleanv2:640:0,640,389,0,0,0,39,77
qwen3-1.7b-cleanv2,qwen3-1.7b-cleanv2:640:3,640,438,0,0,0,4,77
qwen3-1.7b-cleanv2,qwen3-1.7b-cleanv2:640:6,640,237,0,0,0,35,77
qwen3-1.7b-cleanv2,qwen3-1.7b-cleanv2:644:0,644,423,0,0,0,14,69
qwen3-1.7b-cleanv2,qwen3-1.7b-cleanv2:644:1,644,308,0,0,0,7,69
qwen3-1.7b-cleanv2,qwen3-1.7b-cleanv2:644:2,644,494,0,0,0,10,69
qwen3-1.7b-cleanv2,qwen3-1.7b-cleanv2:644:3,644,481,0,0,0,11,69
qwen3-1.7b-cleanv2,qwen3-1.7b-cleanv2:644:4,644,492,0,0,0,7,69
qwen3-1.7b-cleanv2,qwen3-1.7b-cleanv2:644:5,644,314,0,0,0,11,69
qwen3-1.7b-cleanv2,qwen3-1.7b-cleanv2:644:6,644,398,0,0,0,9,69
qwen3-1.7b-cleanv2,qwen3-1.7b-cleanv2:644:7,644,420,0,0,0,7,69
qwen3-1.7b-cleanv2,qwen3-1.7b-cleanv2:645:0,645,13,0,0,0,11,81
qwen3-1.7b-cleanv2,qwen3-1.7b-cleanv2:645:1,645,4,0,0,0,16,81
qwen3-1.7b-cleanv2,qwen3-1.7b-cleanv2:645:5,645,459,0,0,0,10,81
qwen3-1.7b-cleanv2,qwen3-1.7b-cleanv2:649:3,649,481,0,0,0,40,65
qwen3-1.7b-cleanv2,qwen3-1.7b-cleanv2:651:1,651,531,0,0,0,4,73
qwen3-1.7b-cleanv2,qwen3-1.7b-cleanv2:651:2,651,461,0,0,0,9,73
qwen3-1.7b-cleanv2,qwen3-1.7b-cleanv2:651:3,651,363,0,0,0,3,73
qwen3-1.7b-cleanv2,qwen3-1.7b-cleanv2:651:4,651,32,0,0,0,10,73
qwen3-1.7b-cleanv2,qwen3-1.7b-cleanv2:651:5,651,487,0,0,0,5,73
qwen3-1.7b-cleanv2,qwen3-1.7b-cleanv2:651:6,651,496,0,0,0,3,73
qwen3-1.7b-cleanv2,qwen3-1.7b-cleanv2:652:0,652,50,0,0,0,54,97
qwen3-1.7b-cleanv2,qwen3-1.7b-cleanv2:652:4,652,55,0,0,0,30,97
qwen3-1.7b-cleanv2,qwen3-1.7b-cleanv2:654:3,654,608,0,0,0,7,27
qwen3-1.7b-cleanv2,qwen3-1.7b-cleanv2:656:1,656,579,0,0,0,12,41
qwen3-1.7b-cleanv2,qwen3-1.7b-cleanv2:656:4,656,326,0,0,0,3,41
qwen3-1.7b-cleanv2,qwen3-1.7b-cleanv2:656:5,656,443,0,0,0,5,41
qwen3-1.7b-cleanv2,qwen3-1.7b-cleanv2:657:6,657,518,0,0,0,8,43
qwen3-1.7b-cleanv2,qwen3-1.7b-cleanv2:658:0,658,514,0,0,0,2,28
qwen3-1.7b-cleanv2,qwen3-1.7b-cleanv2:658:4,658,581,0,0,0,3,28
qwen3-1.7b-cleanv2,qwen3-1.7b-cleanv2:658:5,658,462,0,0,0,1,28
qwen3-1.7b-cleanv2,qwen3-1.7b-cleanv2:658:6,658,464,0,0,0,4,28
qwen3-1.7b-cleanv2,qwen3-1.7b-cleanv2:658:7,658,5,0,0,0,2,28
qwen3-1.7b-cleanv2,qwen3-1.7b-cleanv2:659:4,659,501,0,0,0,10,64
qwen3-1.7b-cleanv2,qwen3-1.7b-cleanv2:660:1,660,189,0,0,0,27,95
qwen3-1.7b-cleanv2,qwen3-1.7b-cleanv2:660:4,660,330,0,0,0,13,95
qwen3-1.7b-cleanv2,qwen3-1.7b-cleanv2:660:6,660,20,0,0,0,7,95
qwen3-1.7b-cleanv2,qwen3-1.7b-cleanv2:662:0,662,0,0,0,0,28,74
qwen3-1.7b-cleanv2,qwen3-1.7b-cleanv2:664:0,664,1,0,0,0,18,53
qwen3-1.7b-cleanv2,qwen3-1.7b-cleanv2:664:1,664,2,0,0,0,13,53
qwen3-1.7b-cleanv2,qwen3-1.7b-cleanv2:664:3,664,431,0,0,0,15,53
qwen3-1.7b-cleanv2,qwen3-1.7b-cleanv2:664:4,664,5,0,0,0,21,53
qwen3-1.7b-cleanv2,qwen3-1.7b-cleanv2:664:5,664,500,0,0,0,16,53
qwen3-1.7b-cleanv2,qwen3-1.7b-cleanv2:664:6,664,2,0,0,0,21,53
qwen3-1.7b-cleanv2,qwen3-1.7b-cleanv2:664:7,664,431,0,0,0,22,53
qwen3-1.7b-cleanv2,qwen3-1.7b-cleanv2:665:1,665,72,0,0,0,8,82
qwen3-1.7b-cleanv2,qwen3-1.7b-cleanv2:665:3,665,329,0,0,0,10,82
qwen3-1.7b-cleanv2,qwen3-1.7b-cleanv2:665:4,665,574,0,0,0,6,82
qwen3-1.7b-cleanv2,qwen3-1.7b-cleanv2:665:5,665,67,0,0,0,5,82
qwen3-1.7b-cleanv2,qwen3-1.7b-cleanv2:665:6,665,17,0,0,0,2,82
qwen3-1.7b-cleanv2,qwen3-1.7b-cleanv2:665:7,665,63,0,0,0,5,82
qwen3-1.7b-cleanv2,qwen3-1.7b-cleanv2:666:7,666,406,0,0,0,20,58
qwen3-1.7b-cleanv2,qwen3-1.7b-cleanv2:667:4,667,423,0,0,0,12,53
qwen3-1.7b-cleanv2,qwen3-1.7b-cleanv2:667:7,667,296,0,0,0,10,53
qwen3-1.7b-cleanv2,qwen3-1.7b-cleanv2:668:0,668,253,0,0,0,6,84
qwen3-1.7b-cleanv2,qwen3-1.7b-cleanv2:668:1,668,397,0,0,0,7,84
qwen3-1.7b-cleanv2,qwen3-1.7b-cleanv2:668:2,668,410,1,0,0,11,84
qwen3-1.7b-cleanv2,qwen3-1.7b-cleanv2:668:3,668,0,0,0,0,18,84
qwen3-1.7b-cleanv2,qwen3-1.7b-cleanv2:668:4,668,415,0,0,0,19,84
qwen3-1.7b-cleanv2,qwen3-1.7b-cleanv2:668:5,668,386,0,0,0,10,84
qwen3-1.7b-cleanv2,qwen3-1.7b-cleanv2:668:6,668,431,0,0,0,12,84
qwen3-1.7b-cleanv2,qwen3-1.7b-cleanv2:668:7,668,400,0,0,0,13,84
qwen3-1.7b-cleanv2,qwen3-1.7b-cleanv2:670:0,670,541,0,0,0,5,46
qwen3-1.7b-cleanv2,qwen3-1.7b-cleanv2:670:1,670,499,0,0,0,7,46
qwen3-1.7b-cleanv2,qwen3-1.7b-cleanv2:670:3,670,567,0,0,0,5,46
qwen3-1.7b-cleanv2,qwen3-1.7b-cleanv2:670:5,670,575,0,0,0,5,46
qwen3-1.7b-cleanv2,qwen3-1.7b-cleanv2:670:6,670,429,0,0,0,7,46
qwen3-1.7b-cleanv2,qwen3-1.7b-cleanv2:670:7,670,6,0,0,0,6,46
qwen3-1.7b-cleanv2,qwen3-1.7b-cleanv2:672:7,672,401,0,0,0,15,48
qwen3-1.7b-cleanv2,qwen3-1.7b-cleanv2:673:0,673,539,0,0,0,6,40
qwen3-1.7b-cleanv2,qwen3-1.7b-cleanv2:673:1,673,338,0,0,0,9,40
qwen3-1.7b-cleanv2,qwen3-1.7b-cleanv2:673:2,673,279,0,0,0,3,40
qwen3-1.7b-cleanv2,qwen3-1.7b-cleanv2:673:3,673,379,0,0,0,3,40
qwen3-1.7b-cleanv2,qwen3-1.7b-cleanv2:673:4,673,546,0,0,0,13,40
qwen3-1.7b-cleanv2,qwen3-1.7b-cleanv2:673:5,673,324,0,0,0,1,40
qwen3-1.7b-cleanv2,qwen3-1.7b-cleanv2:673:6,673,404,0,0,0,5,40
qwen3-1.7b-cleanv2,qwen3-1.7b-cleanv2:673:7,673,467,0,0,0,15,40
qwen3-1.7b-cleanv2,qwen3-1.7b-cleanv2:676:0,676,191,0,0,0,15,84
qwen3-1.7b-cleanv2,qwen3-1.7b-cleanv2:676:1,676,182,0,0,0,32,84
qwen3-1.7b-cleanv2,qwen3-1.7b-cleanv2:676:2,676,258,0,0,0,20,84
qwen3-1.7b-cleanv2,qwen3-1.7b-cleanv2:676:4,676,93,0,0,0,18,84
qwen3-1.7b-cleanv2,qwen3-1.7b-cleanv2:676:6,676,2,0,0,0,37,84
qwen3-1.7b-cleanv2,qwen3-1.7b-cleanv2:676:7,676,194,0,0,0,27,84
qwen3-1.7b-cleanv2,qwen3-1.7b-cleanv2:680:3,680,484,0,0,0,11,68
qwen3-1.7b-cleanv2,qwen3-1.7b-cleanv2:680:4,680,7,0,0,0,7,68
qwen3-1.7b-cleanv2,qwen3-1.7b-cleanv2:680:5,680,2,0,0,0,15,68
qwen3-1.7b-cleanv2,qwen3-1.7b-cleanv2:680:7,680,520,0,0,0,13,68
qwen3-1.7b-cleanv2,qwen3-1.7b-cleanv2:681:1,681,545,0,0,0,8,125
qwen3-1.7b-cleanv2,qwen3-1.7b-cleanv2:681:2,681,399,0,0,0,15,125
qwen3-1.7b-cleanv2,qwen3-1.7b-cleanv2:681:3,681,380,0,0,0,14,125
qwen3-1.7b-cleanv2,qwen3-1.7b-cleanv2:681:4,681,433,0,0,0,5,125
qwen3-1.7b-cleanv2,qwen3-1.7b-cleanv2:681:6,681,4,0,0,0,8,125
qwen3-1.7b-cleanv2,qwen3-1.7b-cleanv2:681:7,681,416,0,0,0,9,125
qwen3-1.7b-cleanv2,qwen3-1.7b-cleanv2:682:4,682,69,0,0,0,21,74
qwen3-1.7b-cleanv2,qwen3-1.7b-cleanv2:683:5,683,1,0,0,0,41,93
qwen3-1.7b-cleanv2,qwen3-1.7b-cleanv2:683:7,683,0,0,0,0,39,93
qwen3-1.7b-cleanv2,qwen3-1.7b-cleanv2:684:0,684,0,0,0,0,13,65
qwen3-1.7b-cleanv2,qwen3-1.7b-cleanv2:684:5,684,0,0,0,0,5,65
qwen3-1.7b-cleanv2,qwen3-1.7b-cleanv2:685:1,685,411,0,0,0,15,58
qwen3-1.7b-cleanv2,qwen3-1.7b-cleanv2:685:2,685,243,0,0,0,22,58
qwen3-1.7b-cleanv2,qwen3-1.7b-cleanv2:685:3,685,302,0,0,0,23,58
qwen3-1.7b-cleanv2,qwen3-1.7b-cleanv2:688:3,688,457,0,0,0,4,59
qwen3-1.7b-cleanv2,qwen3-1.7b-cleanv2:689:4,689,370,0,0,0,25,67
qwen3-1.7b-cleanv2,qwen3-1.7b-cleanv2:690:0,690,2,0,0,0,21,45
qwen3-1.7b-cleanv2,qwen3-1.7b-cleanv2:690:1,690,8,0,0,0,35,45
qwen3-1.7b-cleanv2,qwen3-1.7b-cleanv2:690:2,690,493,0,0,0,15,45
qwen3-1.7b-cleanv2,qwen3-1.7b-cleanv2:690:4,690,2,0,0,0,25,45
qwen3-1.7b-cleanv2,qwen3-1.7b-cleanv2:690:6,690,408,0,0,0,23,45
qwen3-1.7b-cleanv2,qwen3-1.7b-cleanv2:692:3,692,2,0,0,0,2,8
qwen3-1.7b-cleanv2,qwen3-1.7b-cleanv2:694:2,694,415,0,0,0,21,52
qwen3-1.7b-cleanv2,qwen3-1.7b-cleanv2:695:5,695,409,0,0,0,11,99
qwen3-1.7b-cleanv2,qwen3-1.7b-cleanv2:695:6,695,1,0,0,0,7,99
qwen3-1.7b-cleanv2,qwen3-1.7b-cleanv2:695:7,695,2,0,0,0,8,99
qwen3-1.7b-cleanv2,qwen3-1.7b-cleanv2:698:0,698,473,0,0,0,4,80
qwen3-1.7b-cleanv2,qwen3-1.7b-cleanv2:698:1,698,331,0,0,0,5,80
qwen3-1.7b-cleanv2,qwen3-1.7b-cleanv2:698:2,698,59,0,0,0,4,80
qwen3-1.7b-cleanv2,qwen3-1.7b-cleanv2:698:3,698,452,0,0,0,2,80
qwen3-1.7b-cleanv2,qwen3-1.7b-cleanv2:698:4,698,475,0,0,0,0,80
qwen3-1.7b-cleanv2,qwen3-1.7b-cleanv2:698:5,698,358,0,0,0,4,80
qwen3-1.7b-cleanv2,qwen3-1.7b-cleanv2:698:6,698,472,0,0,0,4,80
qwen3-1.7b-cleanv2,qwen3-1.7b-cleanv2:698:7,698,406,0,0,0,4,80
qwen3-1.7b-cleanv2,qwen3-1.7b-cleanv2:699:1,699,456,0,0,0,7,51
qwen3-1.7b-cleanv2,qwen3-1.7b-cleanv2:700:0,700,514,0,0,0,3,41
qwen3-1.7b-cleanv2,qwen3-1.7b-cleanv2:700:1,700,532,0,0,0,9,41
qwen3-1.7b-cleanv2,qwen3-1.7b-cleanv2:700:2,700,507,0,0,0,4,41
qwen3-1.7b-cleanv2,qwen3-1.7b-cleanv2:700:3,700,51,0,0,0,4,41
qwen3-1.7b-cleanv2,qwen3-1.7b-cleanv2:700:4,700,435,0,0,0,10,41
qwen3-1.7b-cleanv2,qwen3-1.7b-cleanv2:700:5,700,578,0,0,0,7,41
qwen3-1.7b-cleanv2,qwen3-1.7b-cleanv2:700:6,700,15,0,0,0,6,41
qwen3-1.7b-cleanv2,qwen3-1.7b-cleanv2:700:7,700,466,0,0,0,12,41
qwen3-1.7b-cleanv2,qwen3-1.7b-cleanv2:701:6,701,432,0,0,0,39,72
qwen3-1.7b-cleanv2,qwen3-1.7b-cleanv2:702:2,702,469,0,0,0,13,69
qwen3-1.7b-cleanv2,qwen3-1.7b-cleanv2:702:4,702,1,0,0,0,4,69
qwen3-1.7b-cleanv2,qwen3-1.7b-cleanv2:702:5,702,9,0,0,0,8,69
qwen3-1.7b-cleanv2,qwen3-1.7b-cleanv2:704:0,704,34,0,0,0,0,21
qwen3-1.7b-cleanv2,qwen3-1.7b-cleanv2:704:1,704,382,0,0,0,0,21
qwen3-1.7b-cleanv2,qwen3-1.7b-cleanv2:704:2,704,324,0,0,0,0,21
qwen3-1.7b-cleanv2,qwen3-1.7b-cleanv2:704:3,704,374,0,0,0,0,21
qwen3-1.7b-cleanv2,qwen3-1.7b-cleanv2:704:4,704,28,0,0,0,0,21
qwen3-1.7b-cleanv2,qwen3-1.7b-cleanv2:704:5,704,380,0,0,0,0,21
qwen3-1.7b-cleanv2,qwen3-1.7b-cleanv2:704:7,704,379,0,0,0,1,21
qwen3-1.7b-cleanv2,qwen3-1.7b-cleanv2:706:0,706,534,0,0,0,1,35
qwen3-1.7b-cleanv2,qwen3-1.7b-cleanv2:706:1,706,573,0,0,0,6,35
qwen3-1.7b-cleanv2,qwen3-1.7b-cleanv2:706:2,706,553,0,0,0,2,35
qwen3-1.7b-cleanv2,qwen3-1.7b-cleanv2:706:3,706,48,0,0,0,3,35
qwen3-1.7b-cleanv2,qwen3-1.7b-cleanv2:706:5,706,598,0,0,0,5,35
qwen3-1.7b-cleanv2,qwen3-1.7b-cleanv2:706:6,706,484,0,0,0,9,35
qwen3-1.7b-cleanv2,qwen3-1.7b-cleanv2:706:7,706,15,0,0,0,2,35
qwen3-1.7b-cleanv2,qwen3-1.7b-cleanv2:707:4,707,5,0,0,0,16,83
qwen3-1.7b-cleanv2,qwen3-1.7b-cleanv2:707:6,707,8,0,0,0,21,83
qwen3-1.7b-cleanv2,qwen3-1.7b-cleanv2:708:6,708,485,0,0,0,1,44
qwen3-1.7b-cleanv2,qwen3-1.7b-cleanv2:709:1,709,542,0,0,0,10,74
qwen3-1.7b-cleanv2,qwen3-1.7b-cleanv2:709:2,709,515,0,0,0,15,74
qwen3-1.7b-cleanv2,qwen3-1.7b-cleanv2:710:0,710,6,0,0,0,1,67
qwen3-1.7b-cleanv2,qwen3-1.7b-cleanv2:710:2,710,345,0,0,0,1,67
qwen3-1.7b-cleanv2,qwen3-1.7b-cleanv2:710:3,710,1,0,0,0,2,67
qwen3-1.7b-cleanv2,qwen3-1.7b-cleanv2:710:5,710,181,0,0,0,8,67
qwen3-1.7b-cleanv2,qwen3-1.7b-cleanv2:710:6,710,436,0,0,0,4,67
qwen3-1.7b-cleanv2,qwen3-1.7b-cleanv2:710:7,710,17,0,0,0,9,67
qwen3-1.7b-cleanv2,qwen3-1.7b-cleanv2:711:3,711,422,0,0,0,14,59
qwen3-1.7b-cleanv2,qwen3-1.7b-cleanv2:711:4,711,513,0,0,0,12,59
qwen3-1.7b-cleanv2,qwen3-1.7b-cleanv2:711:7,711,511,0,0,0,9,59
qwen3-1.7b-cleanv2,qwen3-1.7b-cleanv2:712:0,712,426,0,0,0,6,63
qwen3-1.7b-cleanv2,qwen3-1.7b-cleanv2:712:7,712,64,3,0,0,11,63
qwen3-1.7b-cleanv2,qwen3-1.7b-cleanv2:713:4,713,36,0,0,0,27,55
qwen3-1.7b-cleanv2,qwen3-1.7b-cleanv2:714:1,714,439,0,0,0,10,66
qwen3-1.7b-cleanv2,qwen3-1.7b-cleanv2:714:4,714,48,0,0,0,13,66
qwen3-1.7b-cleanv2,qwen3-1.7b-cleanv2:716:3,716,425,0,0,0,33,80
qwen3-1.7b-cleanv2,qwen3-1.7b-cleanv2:719:2,719,253,0,0,0,21,60
qwen3-1.7b-cleanv2,qwen3-1.7b-cleanv2:719:3,719,355,0,0,0,21,60
qwen3-1.7b-cleanv2,qwen3-1.7b-cleanv2:719:4,719,239,0,0,0,31,60
qwen3-1.7b-cleanv2,qwen3-1.7b-cleanv2:719:5,719,330,0,0,0,24,60
qwen3-1.7b-cleanv2,qwen3-1.7b-cleanv2:719:6,719,323,0,0,0,15,60
qwen3-1.7b-cleanv2,qwen3-1.7b-cleanv2:720:2,720,1,0,0,0,9,34
qwen3-1.7b-cleanv2,qwen3-1.7b-cleanv2:721:7,721,36,0,0,0,25,76
qwen3-1.7b-cleanv2,qwen3-1.7b-cleanv2:722:0,722,1,0,0,0,3,25
qwen3-1.7b-cleanv2,qwen3-1.7b-cleanv2:722:3,722,389,0,0,0,5,25
qwen3-1.7b-cleanv2,qwen3-1.7b-cleanv2:722:4,722,357,0,0,0,5,25
qwen3-1.7b-cleanv2,qwen3-1.7b-cleanv2:722:7,722,2,0,0,0,5,25
qwen3-1.7b-cleanv2,qwen3-1.7b-cleanv2:725:0,725,253,0,0,0,8,77
qwen3-1.7b-cleanv2,qwen3-1.7b-cleanv2:725:1,725,465,0,0,0,11,77
qwen3-1.7b-cleanv2,qwen3-1.7b-cleanv2:725:2,725,438,0,0,0,5,77
qwen3-1.7b-cleanv2,qwen3-1.7b-cleanv2:725:4,725,370,0,0,0,4,77
qwen3-1.7b-cleanv2,qwen3-1.7b-cleanv2:725:7,725,462,0,0,0,3,77
qwen3-1.7b-cleanv2,qwen3-1.7b-cleanv2:728:0,728,34,0,0,0,9,75
qwen3-1.7b-cleanv2,qwen3-1.7b-cleanv2:728:4,728,473,0,0,0,13,75
qwen3-1.7b-cleanv2,qwen3-1.7b-cleanv2:728:5,728,451,0,0,0,8,75
qwen3-1.7b-cleanv2,qwen3-1.7b-cleanv2:728:6,728,412,0,0,0,19,75
qwen3-1.7b-cleanv2,qwen3-1.7b-cleanv2:730:0,730,676,0,0,0,7,78
qwen3-1.7b-cleanv2,qwen3-1.7b-cleanv2:730:1,730,616,0,0,0,11,78
qwen3-1.7b-cleanv2,qwen3-1.7b-cleanv2:730:4,730,639,0,0,0,3,78
qwen3-1.7b-cleanv2,qwen3-1.7b-cleanv2:730:5,730,573,0,0,0,10,78
qwen3-1.7b-cleanv2,qwen3-1.7b-cleanv2:730:6,730,466,0,0,0,11,78
qwen3-1.7b-cleanv2,qwen3-1.7b-cleanv2:730:7,730,592,0,0,0,10,78
qwen3-1.7b-cleanv2,qwen3-1.7b-cleanv2:731:2,731,5,0,0,0,14,48
qwen3-1.7b-cleanv2,qwen3-1.7b-cleanv2:731:4,731,9,0,0,0,8,48
qwen3-1.7b-cleanv2,qwen3-1.7b-cleanv2:731:6,731,4,0,0,0,9,48
qwen3-1.7b-cleanv2,qwen3-1.7b-cleanv2:732:0,732,291,0,0,0,10,79
qwen3-1.7b-cleanv2,qwen3-1.7b-cleanv2:732:1,732,38,0,0,0,20,79
qwen3-1.7b-cleanv2,qwen3-1.7b-cleanv2:732:2,732,458,0,0,0,20,79
qwen3-1.7b-cleanv2,qwen3-1.7b-cleanv2:732:3,732,449,67,0,5,12,79
qwen3-1.7b-cleanv2,qwen3-1.7b-cleanv2:732:4,732,10,0,0,0,17,79
qwen3-1.7b-cleanv2,qwen3-1.7b-cleanv2:732:5,732,330,0,0,0,12,79
qwen3-1.7b-cleanv2,qwen3-1.7b-cleanv2:732:6,732,469,0,0,0,17,79
qwen3-1.7b-cleanv2,qwen3-1.7b-cleanv2:732:7,732,431,0,0,0,9,79
qwen3-1.7b-cleanv2,qwen3-1.7b-cleanv2:733:3,733,5,0,0,0,36,79
qwen3-1.7b-cleanv2,qwen3-1.7b-cleanv2:733:6,733,2,0,0,0,29,79
qwen3-1.7b-cleanv2,qwen3-1.7b-cleanv2:735:1,735,385,0,0,0,30,91
qwen3-1.7b-cleanv2,qwen3-1.7b-cleanv2:737:0,737,216,0,0,0,13,82
qwen3-1.7b-cleanv2,qwen3-1.7b-cleanv2:737:1,737,417,0,0,0,29,82
qwen3-1.7b-cleanv2,qwen3-1.7b-cleanv2:737:3,737,284,0,0,0,20,82
qwen3-1.7b-cleanv2,qwen3-1.7b-cleanv2:737:4,737,194,0,0,0,32,82
qwen3-1.7b-cleanv2,qwen3-1.7b-cleanv2:737:5,737,267,0,0,0,22,82
qwen3-1.7b-cleanv2,qwen3-1.7b-cleanv2:738:1,738,2,0,0,0,12,62
qwen3-1.7b-cleanv2,qwen3-1.7b-cleanv2:738:4,738,181,0,0,0,10,62
qwen3-1.7b-cleanv2,qwen3-1.7b-cleanv2:738:5,738,0,0,0,0,8,62
qwen3-1.7b-cleanv2,qwen3-1.7b-cleanv2:740:7,740,1,0,0,0,1,36
qwen3-1.7b-cleanv2,qwen3-1.7b-cleanv2:742:2,742,425,0,0,0,4,41
qwen3-1.7b-cleanv2,qwen3-1.7b-cleanv2:742:3,742,379,0,0,0,4,41
qwen3-1.7b-cleanv2,qwen3-1.7b-cleanv2:742:4,742,474,0,0,0,8,41
qwen3-1.7b-cleanv2,qwen3-1.7b-cleanv2:742:5,742,477,0,0,0,7,41
qwen3-1.7b-cleanv2,qwen3-1.7b-cleanv2:742:6,742,24,0,0,0,9,41
qwen3-1.7b-cleanv2,qwen3-1.7b-cleanv2:742:7,742,37,0,0,0,3,41
qwen3-1.7b-cleanv2,qwen3-1.7b-cleanv2:745:2,745,658,0,0,0,30,88
qwen3-1.7b-cleanv2,qwen3-1.7b-cleanv2:745:5,745,403,0,0,0,3,88
qwen3-1.7b-cleanv2,qwen3-1.7b-cleanv2:745:6,745,520,0,0,0,33,88
qwen3-1.7b-cleanv2,qwen3-1.7b-cleanv2:745:7,745,0,0,0,0,34,88
qwen3-1.7b-cleanv2,qwen3-1.7b-cleanv2:746:3,746,388,0,0,0,24,63
qwen3-1.7b-cleanv2,qwen3-1.7b-cleanv2:746:4,746,519,0,0,0,30,63
qwen3-1.7b-cleanv2,qwen3-1.7b-cleanv2:747:0,747,402,0,0,0,13,50
qwen3-1.7b-cleanv2,qwen3-1.7b-cleanv2:747:4,747,541,0,0,0,14,50
qwen3-1.7b-cleanv2,qwen3-1.7b-cleanv2:748:0,748,1,0,0,0,16,27
qwen3-1.7b-cleanv2,qwen3-1.7b-cleanv2:750:3,750,10,0,0,0,8,37
qwen3-1.7b-cleanv2,qwen3-1.7b-cleanv2:752:1,752,2,0,0,0,6,46
qwen3-1.7b-cleanv2,qwen3-1.7b-cleanv2:752:4,752,501,0,0,0,3,46
qwen3-1.7b-cleanv2,qwen3-1.7b-cleanv2:752:6,752,25,0,0,0,3,46
qwen3-1.7b-cleanv2,qwen3-1.7b-cleanv2:753:0,753,41,0,0,0,14,34
qwen3-1.7b-cleanv2,qwen3-1.7b-cleanv2:754:7,754,475,0,0,0,29,60
qwen3-1.7b-cleanv2,qwen3-1.7b-cleanv2:756:0,756,433,0,0,0,21,74
qwen3-1.7b-cleanv2,qwen3-1.7b-cleanv2:757:4,757,117,0,0,0,23,66
qwen3-1.7b-cleanv2,qwen3-1.7b-cleanv2:758:3,758,14,0,0,0,15,36
qwen3-1.7b-cleanv2,qwen3-1.7b-cleanv2:758:5,758,2,0,0,0,11,36
qwen3-1.7b-cleanv2,qwen3-1.7b-cleanv2:758:7,758,1,0,0,0,11,36
qwen3-1.7b-cleanv2,qwen3-1.7b-cleanv2:761:7,761,380,0,0,0,6,56
qwen3-1.7b-cleanv2,qwen3-1.7b-cleanv2:763:1,763,4,0,0,0,17,45
qwen3-1.7b-cleanv2,qwen3-1.7b-cleanv2:763:2,763,499,0,0,0,15,45
qwen3-1.7b-cleanv2,qwen3-1.7b-cleanv2:763:3,763,0,0,0,0,16,45
qwen3-1.7b-cleanv2,qwen3-1.7b-cleanv2:764:6,764,472,0,0,0,17,52
qwen3-1.7b-cleanv2,qwen3-1.7b-cleanv2:766:3,766,459,0,0,0,26,46
qwen3-1.7b-cleanv2,qwen3-1.7b-cleanv2:766:4,766,1,0,0,0,7,46
qwen3-1.7b-cleanv2,qwen3-1.7b-cleanv2:766:6,766,446,0,0,0,8,46
qwen3-1.7b-cleanv2,qwen3-1.7b-cleanv2:766:7,766,465,0,0,0,14,46
qwen3-1.7b-cleanv2,qwen3-1.7b-cleanv2:768:7,768,0,0,0,0,7,34
qwen3-1.7b-cleanv2,qwen3-1.7b-cleanv2:770:0,770,348,0,0,0,6,91
qwen3-1.7b-cleanv2,qwen3-1.7b-cleanv2:770:1,770,365,0,0,0,9,91
qwen3-1.7b-cleanv2,qwen3-1.7b-cleanv2:770:2,770,1,0,0,0,13,91
qwen3-1.7b-cleanv2,qwen3-1.7b-cleanv2:770:5,770,342,0,0,0,13,91
qwen3-1.7b-cleanv2,qwen3-1.7b-cleanv2:770:6,770,331,0,0,0,8,91
qwen3-1.7b-cleanv2,qwen3-1.7b-cleanv2:770:7,770,353,0,0,0,16,91
qwen3-1.7b-cleanv2,qwen3-1.7b-cleanv2:771:3,771,379,0,0,0,11,63
qwen3-1.7b-cleanv2,qwen3-1.7b-cleanv2:772:0,772,4,0,0,0,6,45
qwen3-1.7b-cleanv2,qwen3-1.7b-cleanv2:772:1,772,330,0,0,0,5,45
qwen3-1.7b-cleanv2,qwen3-1.7b-cleanv2:772:2,772,425,0,0,0,5,45
qwen3-1.7b-cleanv2,qwen3-1.7b-cleanv2:772:3,772,369,0,0,0,6,45
qwen3-1.7b-cleanv2,qwen3-1.7b-cleanv2:772:4,772,314,0,0,0,6,45
qwen3-1.7b-cleanv2,qwen3-1.7b-cleanv2:772:6,772,421,0,0,0,2,45
qwen3-1.7b-cleanv2,qwen3-1.7b-cleanv2:774:0,774,354,0,0,0,1,66
qwen3-1.7b-cleanv2,qwen3-1.7b-cleanv2:774:1,774,422,0,0,0,0,66
qwen3-1.7b-cleanv2,qwen3-1.7b-cleanv2:774:2,774,393,0,0,0,1,66
qwen3-1.7b-cleanv2,qwen3-1.7b-cleanv2:774:3,774,494,0,0,0,0,66
qwen3-1.7b-cleanv2,qwen3-1.7b-cleanv2:774:4,774,331,0,0,0,3,66
qwen3-1.7b-cleanv2,qwen3-1.7b-cleanv2:774:5,774,460,0,0,0,2,66
qwen3-1.7b-cleanv2,qwen3-1.7b-cleanv2:774:6,774,345,0,0,0,1,66
qwen3-1.7b-cleanv2,qwen3-1.7b-cleanv2:774:7,774,295,0,0,0,1,66
qwen3-1.7b-cleanv2,qwen3-1.7b-cleanv2:775:0,775,432,0,0,0,1,26
qwen3-1.7b-cleanv2,qwen3-1.7b-cleanv2:775:1,775,31,0,0,0,2,26
qwen3-1.7b-cleanv2,qwen3-1.7b-cleanv2:775:2,775,466,0,0,0,3,26
qwen3-1.7b-cleanv2,qwen3-1.7b-cleanv2:775:3,775,515,0,0,0,1,26
qwen3-1.7b-cleanv2,qwen3-1.7b-cleanv2:775:4,775,4,0,0,0,3,26
qwen3-1.7b-cleanv2,qwen3-1.7b-cleanv2:775:5,775,556,0,0,0,2,26
qwen3-1.7b-cleanv2,qwen3-1.7b-cleanv2:775:6,775,497,0,0,0,1,26
qwen3-1.7b-cleanv2,qwen3-1.7b-cleanv2:775:7,775,36,0,0,0,2,26
qwen3-1.7b-cleanv2,qwen3-1.7b-cleanv2:776:5,776,15,0,0,0,22,56
qwen3-1.7b-cleanv2,qwen3-1.7b-cleanv2:779:1,779,231,0,0,0,18,92
qwen3-1.7b-cleanv2,qwen3-1.7b-cleanv2:779:2,779,468,0,0,0,14,92
qwen3-1.7b-cleanv2,qwen3-1.7b-cleanv2:779:3,779,255,0,0,0,29,92
qwen3-1.7b-cleanv2,qwen3-1.7b-cleanv2:779:4,779,344,0,0,0,0,92
qwen3-1.7b-cleanv2,qwen3-1.7b-cleanv2:779:5,779,37,0,0,0,1,92
qwen3-1.7b-cleanv2,qwen3-1.7b-cleanv2:779:6,779,331,0,0,0,16,92
qwen3-1.7b-cleanv2,qwen3-1.7b-cleanv2:779:7,779,375,0,0,0,4,92
qwen3-1.7b-cleanv2,qwen3-1.7b-cleanv2:780:1,780,417,0,0,0,8,82
qwen3-1.7b-cleanv2,qwen3-1.7b-cleanv2:780:3,780,405,0,0,0,8,82
qwen3-1.7b-cleanv2,qwen3-1.7b-cleanv2:780:5,780,370,0,0,0,8,82
qwen3-1.7b-cleanv2,qwen3-1.7b-cleanv2:780:7,780,493,0,0,0,1,82
qwen3-1.7b-cleanv2,qwen3-1.7b-cleanv2:781:2,781,1,0,0,0,31,90
qwen3-1.7b-cleanv2,qwen3-1.7b-cleanv2:781:3,781,382,0,0,0,33,90
qwen3-1.7b-cleanv2,qwen3-1.7b-cleanv2:781:6,781,192,0,0,0,22,90
qwen3-1.7b-cleanv2,qwen3-1.7b-cleanv2:781:7,781,325,0,0,0,27,90
qwen3-1.7b-cleanv2,qwen3-1.7b-cleanv2:782:1,782,466,0,0,0,18,60
qwen3-1.7b-cleanv2,qwen3-1.7b-cleanv2:782:3,782,426,0,0,0,18,60
qwen3-1.7b-cleanv2,qwen3-1.7b-cleanv2:782:5,782,389,0,0,0,12,60
qwen3-1.7b-cleanv2,qwen3-1.7b-cleanv2:783:1,783,4,0,0,0,6,51
qwen3-1.7b-cleanv2,qwen3-1.7b-cleanv2:783:2,783,579,0,0,0,8,51
qwen3-1.7b-cleanv2,qwen3-1.7b-cleanv2:783:3,783,492,0,0,0,8,51
qwen3-1.7b-cleanv2,qwen3-1.7b-cleanv2:783:4,783,9,0,0,0,5,51
qwen3-1.7b-cleanv2,qwen3-1.7b-cleanv2:783:5,783,522,0,0,0,8,51
qwen3-1.7b-cleanv2,qwen3-1.7b-cleanv2:783:6,783,0,0,0,0,8,51
qwen3-1.7b-cleanv2,qwen3-1.7b-cleanv2:783:7,783,537,0,0,0,5,51
qwen3-1.7b-cleanv2,qwen3-1.7b-cleanv2:789:0,789,416,0,0,0,10,70
qwen3-1.7b-cleanv2,qwen3-1.7b-cleanv2:789:1,789,291,0,0,0,13,70
qwen3-1.7b-cleanv2,qwen3-1.7b-cleanv2:789:2,789,341,0,0,0,12,70
qwen3-1.7b-cleanv2,qwen3-1.7b-cleanv2:789:3,789,371,0,0,0,6,70
qwen3-1.7b-cleanv2,qwen3-1.7b-cleanv2:789:4,789,529,0,0,0,8,70
qwen3-1.7b-cleanv2,qwen3-1.7b-cleanv2:789:5,789,453,0,0,0,8,70
qwen3-1.7b-cleanv2,qwen3-1.7b-cleanv2:789:6,789,427,0,0,0,11,70
qwen3-1.7b-cleanv2,qwen3-1.7b-cleanv2:789:7,789,355,0,0,0,9,70
qwen3-1.7b-cleanv2,qwen3-1.7b-cleanv2:790:4,790,444,0,0,0,13,73
qwen3-1.7b-cleanv2,qwen3-1.7b-cleanv2:791:0,791,455,0,0,0,17,83
qwen3-1.7b-cleanv2,qwen3-1.7b-cleanv2:791:1,791,505,0,0,0,6,83
qwen3-1.7b-cleanv2,qwen3-1.7b-cleanv2:791:3,791,34,0,0,0,12,83
qwen3-1.7b-cleanv2,qwen3-1.7b-cleanv2:791:6,791,402,0,0,0,4,83
qwen3-1.7b-cleanv2,qwen3-1.7b-cleanv2:791:7,791,481,0,0,0,11,83
qwen3-1.7b-cleanv2,qwen3-1.7b-cleanv2:792:7,792,143,0,0,0,32,80
qwen3-1.7b-cleanv2,qwen3-1.7b-cleanv2:793:0,793,18,0,0,0,33,72
qwen3-1.7b-cleanv2,qwen3-1.7b-cleanv2:793:2,793,396,0,0,0,37,72
qwen3-1.7b-cleanv2,qwen3-1.7b-cleanv2:793:4,793,382,0,0,0,30,72
qwen3-1.7b-cleanv2,qwen3-1.7b-cleanv2:793:5,793,422,0,0,0,26,72
qwen3-1.7b-cleanv2,qwen3-1.7b-cleanv2:793:6,793,0,0,0,0,28,72
qwen3-1.7b-cleanv2,qwen3-1.7b-cleanv2:795:6,795,47,0,0,0,23,38
qwen3-1.7b-cleanv2,qwen3-1.7b-cleanv2:796:0,796,52,0,0,0,14,41
qwen3-1.7b-cleanv2,qwen3-1.7b-cleanv2:796:1,796,440,0,0,0,14,41
qwen3-1.7b-cleanv2,qwen3-1.7b-cleanv2:796:4,796,489,0,0,0,11,41
qwen3-1.7b-cleanv2,qwen3-1.7b-cleanv2:796:6,796,22,0,0,0,16,41
qwen3-1.7b-cleanv2,qwen3-1.7b-cleanv2:796:7,796,70,0,0,0,14,41
qwen3-1.7b-cleanv2,qwen3-1.7b-cleanv2:799:2,799,5,0,0,0,39,78
qwen3-1.7b-cleanv2,qwen3-1.7b-cleanv2:801:6,801,39,0,0,0,18,48
qwen3-1.7b-cleanv2,qwen3-1.7b-cleanv2:802:7,802,160,0,0,0,3,17
qwen3-1.7b-cleanv2,qwen3-1.7b-cleanv2:807:0,807,21,0,0,0,9,43
qwen3-1.7b-cleanv2,qwen3-1.7b-cleanv2:807:2,807,590,0,0,0,3,43
qwen3-1.7b-cleanv2,qwen3-1.7b-cleanv2:807:4,807,61,42,0,1,4,43
qwen3-1.7b-cleanv2,qwen3-1.7b-cleanv2:808:2,808,548,0,0,0,7,28
qwen3-1.7b-cleanv2,qwen3-1.7b-cleanv2:808:3,808,21,0,0,0,16,28
qwen3-1.7b-cleanv2,qwen3-1.7b-cleanv2:808:5,808,612,0,0,0,13,28
qwen3-1.7b-cleanv2,qwen3-1.7b-cleanv2:808:7,808,3,0,0,0,5,28
qwen3-1.7b-cleanv2,qwen3-1.7b-cleanv2:811:2,811,229,0,0,0,15,87
qwen3-1.7b-cleanv2,qwen3-1.7b-cleanv2:811:3,811,475,0,0,0,11,87
qwen3-1.7b-cleanv2,qwen3-1.7b-cleanv2:811:4,811,486,0,0,0,13,87
qwen3-1.7b-cleanv2,qwen3-1.7b-cleanv2:811:6,811,385,0,0,0,4,87
qwen3-1.7b-cleanv2,qwen3-1.7b-cleanv2:811:7,811,445,0,0,0,5,87
qwen3-1.7b-cleanv2,qwen3-1.7b-cleanv2:812:4,812,558,0,0,0,10,67
qwen3-1.7b-cleanv2,qwen3-1.7b-cleanv2:812:6,812,12,0,0,0,32,67
qwen3-1.7b-cleanv2,qwen3-1.7b-cleanv2:814:6,814,88,68,6,21,50,73
qwen3-1.7b-cleanv2,qwen3-1.7b-cleanv2:815:4,815,199,0,0,0,7,55
qwen3-1.7b-cleanv2,qwen3-1.7b-cleanv2:815:6,815,275,0,0,0,10,55
qwen3-1.7b-cleanv2,qwen3-1.7b-cleanv2:816:4,816,0,0,0,0,34,54
qwen3-1.7b-cleanv2,qwen3-1.7b-cleanv2:817:0,817,75,0,0,0,19,53
qwen3-1.7b-cleanv2,qwen3-1.7b-cleanv2:817:3,817,449,0,0,0,11,53
qwen3-1.7b-cleanv2,qwen3-1.7b-cleanv2:817:5,817,485,0,0,0,12,53
qwen3-1.7b-cleanv2,qwen3-1.7b-cleanv2:817:6,817,273,0,0,0,29,53
qwen3-1.7b-cleanv2,qwen3-1.7b-cleanv2:817:7,817,386,0,0,0,19,53
qwen3-1.7b-cleanv2,qwen3-1.7b-cleanv2:818:1,818,487,0,0,0,13,67
qwen3-1.7b-cleanv2,qwen3-1.7b-cleanv2:818:2,818,432,0,0,0,6,67
qwen3-1.7b-cleanv2,qwen3-1.7b-cleanv2:818:3,818,442,0,0,0,10,67
qwen3-1.7b-cleanv2,qwen3-1.7b-cleanv2:819:0,819,405,0,0,0,19,53
qwen3-1.7b-cleanv2,qwen3-1.7b-cleanv2:820:0,820,64,0,0,0,5,32
qwen3-1.7b-cleanv2,qwen3-1.7b-cleanv2:820:1,820,87,0,0,0,3,32
qwen3-1.7b-cleanv2,qwen3-1.7b-cleanv2:820:2,820,34,0,0,0,6,32
qwen3-1.7b-cleanv2,qwen3-1.7b-cleanv2:820:3,820,488,0,0,0,1,32
qwen3-1.7b-cleanv2,qwen3-1.7b-cleanv2:820:4,820,58,0,0,0,5,32
qwen3-1.7b-cleanv2,qwen3-1.7b-cleanv2:820:5,820,30,0,0,0,7,32
qwen3-1.7b-cleanv2,qwen3-1.7b-cleanv2:820:7,820,1,0,0,0,7,32
qwen3-1.7b-cleanv2,qwen3-1.7b-cleanv2:821:6,821,9,0,0,0,11,66
qwen3-1.7b-cleanv2,qwen3-1.7b-cleanv2:821:7,821,394,0,0,0,7,66
qwen3-1.7b-cleanv2,qwen3-1.7b-cleanv2:823:5,823,343,0,0,0,4,45
qwen3-1.7b-cleanv2,qwen3-1.7b-cleanv2:823:7,823,536,0,0,0,6,45
qwen3-1.7b-cleanv2,qwen3-1.7b-cleanv2:825:0,825,327,0,0,0,10,66
qwen3-1.7b-cleanv2,qwen3-1.7b-cleanv2:825:1,825,356,0,0,0,13,66
qwen3-1.7b-cleanv2,qwen3-1.7b-cleanv2:825:2,825,337,0,0,0,5,66
qwen3-1.7b-cleanv2,qwen3-1.7b-cleanv2:825:3,825,321,0,0,0,8,66
qwen3-1.7b-cleanv2,qwen3-1.7b-cleanv2:825:4,825,71,0,0,0,7,66
qwen3-1.7b-cleanv2,qwen3-1.7b-cleanv2:825:5,825,399,0,0,0,8,66
qwen3-1.7b-cleanv2,qwen3-1.7b-cleanv2:825:6,825,5,0,0,0,11,66
qwen3-1.7b-cleanv2,qwen3-1.7b-cleanv2:825:7,825,414,0,0,0,6,66
qwen3-1.7b-cleanv2,qwen3-1.7b-cleanv2:826:0,826,558,0,0,0,12,29
qwen3-1.7b-cleanv2,qwen3-1.7b-cleanv2:826:2,826,1,0,0,0,10,29
qwen3-1.7b-cleanv2,qwen3-1.7b-cleanv2:826:4,826,0,0,0,0,14,29
qwen3-1.7b-cleanv2,qwen3-1.7b-cleanv2:826:7,826,0,0,0,0,22,29
qwen3-1.7b-cleanv2,qwen3-1.7b-cleanv2:827:0,827,360,0,0,0,14,69
qwen3-1.7b-cleanv2,qwen3-1.7b-cleanv2:827:4,827,344,0,0,0,12,69
qwen3-1.7b-cleanv2,qwen3-1.7b-cleanv2:827:5,827,18,0,0,0,9,69
qwen3-1.7b-cleanv2,qwen3-1.7b-cleanv2:828:0,828,38,0,0,0,8,82
qwen3-1.7b-cleanv2,qwen3-1.7b-cleanv2:828:5,828,237,0,0,0,7,82
qwen3-1.7b-cleanv2,qwen3-1.7b-cleanv2:829:0,829,339,0,0,0,26,133
qwen3-1.7b-cleanv2,qwen3-1.7b-cleanv2:829:2,829,306,0,0,0,11,133
qwen3-1.7b-cleanv2,qwen3-1.7b-cleanv2:829:5,829,5,0,0,0,22,133
qwen3-1.7b-cleanv2,qwen3-1.7b-cleanv2:830:2,830,256,0,0,0,37,80
qwen3-1.7b-cleanv2,qwen3-1.7b-cleanv2:830:4,830,158,0,0,0,18,80
qwen3-1.7b-cleanv2,qwen3-1.7b-cleanv2:831:2,831,330,0,0,0,35,88
qwen3-1.7b-cleanv2,qwen3-1.7b-cleanv2:833:0,833,1,0,0,0,5,63
qwen3-1.7b-cleanv2,qwen3-1.7b-cleanv2:833:1,833,358,0,0,0,11,63
qwen3-1.7b-cleanv2,qwen3-1.7b-cleanv2:833:2,833,319,0,0,0,8,63
qwen3-1.7b-cleanv2,qwen3-1.7b-cleanv2:833:4,833,391,0,0,0,14,63
qwen3-1.7b-cleanv2,qwen3-1.7b-cleanv2:833:5,833,407,0,0,0,9,63
qwen3-1.7b-cleanv2,qwen3-1.7b-cleanv2:833:6,833,406,0,0,0,12,63
qwen3-1.7b-cleanv2,qwen3-1.7b-cleanv2:833:7,833,379,0,0,0,5,63
qwen3-1.7b-cleanv2,qwen3-1.7b-cleanv2:834:0,834,483,0,0,0,8,55
qwen3-1.7b-cleanv2,qwen3-1.7b-cleanv2:834:1,834,510,0,0,0,6,55
qwen3-1.7b-cleanv2,qwen3-1.7b-cleanv2:834:2,834,388,0,0,0,7,55
qwen3-1.7b-cleanv2,qwen3-1.7b-cleanv2:834:3,834,49,0,0,0,7,55
qwen3-1.7b-cleanv2,qwen3-1.7b-cleanv2:834:4,834,499,0,0,0,5,55
qwen3-1.7b-cleanv2,qwen3-1.7b-cleanv2:834:5,834,346,0,0,0,5,55
qwen3-1.7b-cleanv2,qwen3-1.7b-cleanv2:834:6,834,425,0,0,0,9,55
qwen3-1.7b-cleanv2,qwen3-1.7b-cleanv2:834:7,834,446,0,0,0,5,55
qwen3-1.7b-cleanv2,qwen3-1.7b-cleanv2:836:0,836,2,0,0,0,1,58
qwen3-1.7b-cleanv2,qwen3-1.7b-cleanv2:836:1,836,440,0,0,0,4,58
qwen3-1.7b-cleanv2,qwen3-1.7b-cleanv2:836:2,836,488,0,0,0,3,58
qwen3-1.7b-cleanv2,qwen3-1.7b-cleanv2:836:3,836,470,0,0,0,3,58
qwen3-1.7b-cleanv2,qwen3-1.7b-cleanv2:836:4,836,418,0,0,0,0,58
qwen3-1.7b-cleanv2,qwen3-1.7b-cleanv2:836:5,836,489,0,0,0,1,58
qwen3-1.7b-cleanv2,qwen3-1.7b-cleanv2:836:6,836,405,0,0,0,0,58
qwen3-1.7b-cleanv2,qwen3-1.7b-cleanv2:836:7,836,441,0,0,0,4,58
qwen3-1.7b-cleanv2,qwen3-1.7b-cleanv2:837:0,837,224,0,0,0,38,86
qwen3-1.7b-cleanv2,qwen3-1.7b-cleanv2:837:1,837,255,0,0,0,13,86
qwen3-1.7b-cleanv2,qwen3-1.7b-cleanv2:837:2,837,299,0,0,0,15,86
qwen3-1.7b-cleanv2,qwen3-1.7b-cleanv2:837:3,837,296,0,0,0,15,86
qwen3-1.7b-cleanv2,qwen3-1.7b-cleanv2:837:4,837,307,0,0,0,33,86
qwen3-1.7b-cleanv2,qwen3-1.7b-cleanv2:837:5,837,1,0,0,0,5,86
qwen3-1.7b-cleanv2,qwen3-1.7b-cleanv2:837:6,837,380,0,0,0,28,86
qwen3-1.7b-cleanv2,qwen3-1.7b-cleanv2:837:7,837,227,0,0,0,7,86
qwen3-1.7b-cleanv2,qwen3-1.7b-cleanv2:838:4,838,525,0,0,0,6,32
qwen3-1.7b-cleanv2,qwen3-1.7b-cleanv2:839:0,839,3,0,0,0,3,41
qwen3-1.7b-cleanv2,qwen3-1.7b-cleanv2:839:1,839,482,0,0,0,11,41
qwen3-1.7b-cleanv2,qwen3-1.7b-cleanv2:839:4,839,464,0,0,0,5,41
qwen3-1.7b-cleanv2,qwen3-1.7b-cleanv2:839:5,839,9,0,0,0,3,41
qwen3-1.7b-cleanv2,qwen3-1.7b-cleanv2:839:6,839,6,0,0,0,16,41
qwen3-1.7b-cleanv2,qwen3-1.7b-cleanv2:840:1,840,3,0,0,0,34,94
qwen3-1.7b-cleanv2,qwen3-1.7b-cleanv2:840:4,840,383,0,0,0,40,94
qwen3-1.7b-cleanv2,qwen3-1.7b-cleanv2:840:6,840,296,0,0,0,52,94
qwen3-1.7b-cleanv2,qwen3-1.7b-cleanv2:843:0,843,536,0,0,0,14,65
qwen3-1.7b-cleanv2,qwen3-1.7b-cleanv2:844:0,844,525,0,0,0,5,70
qwen3-1.7b-cleanv2,qwen3-1.7b-cleanv2:844:1,844,352,0,0,0,13,70
qwen3-1.7b-cleanv2,qwen3-1.7b-cleanv2:844:2,844,524,0,0,0,9,70
qwen3-1.7b-cleanv2,qwen3-1.7b-cleanv2:844:3,844,5,0,0,0,8,70
qwen3-1.7b-cleanv2,qwen3-1.7b-cleanv2:844:4,844,446,0,0,0,9,70
qwen3-1.7b-cleanv2,qwen3-1.7b-cleanv2:844:5,844,329,0,0,0,9,70
qwen3-1.7b-cleanv2,qwen3-1.7b-cleanv2:844:7,844,437,0,0,0,7,70
qwen3-1.7b-cleanv2,qwen3-1.7b-cleanv2:846:0,846,361,0,0,0,14,52
qwen3-1.7b-cleanv2,qwen3-1.7b-cleanv2:846:3,846,1,0,0,0,20,52
qwen3-1.7b-cleanv2,qwen3-1.7b-cleanv2:846:4,846,468,0,0,0,17,52
qwen3-1.7b-cleanv2,qwen3-1.7b-cleanv2:846:7,846,453,0,0,0,10,52
qwen3-1.7b-cleanv2,qwen3-1.7b-cleanv2:847:5,847,383,0,0,0,15,65
qwen3-1.7b-cleanv2,qwen3-1.7b-cleanv2:848:0,848,77,40,0,4,9,68
qwen3-1.7b-cleanv2,qwen3-1.7b-cleanv2:848:1,848,412,0,0,0,9,68
qwen3-1.7b-cleanv2,qwen3-1.7b-cleanv2:848:3,848,356,0,0,0,10,68
qwen3-1.7b-cleanv2,qwen3-1.7b-cleanv2:848:4,848,376,0,0,0,4,68
qwen3-1.7b-cleanv2,qwen3-1.7b-cleanv2:848:5,848,477,0,0,0,10,68
qwen3-1.7b-cleanv2,qwen3-1.7b-cleanv2:848:6,848,323,0,0,0,10,68
qwen3-1.7b-cleanv2,qwen3-1.7b-cleanv2:848:7,848,398,0,0,0,7,68
qwen3-1.7b-cleanv2,qwen3-1.7b-cleanv2:849:2,849,18,0,0,0,33,71
qwen3-1.7b-cleanv2,qwen3-1.7b-cleanv2:851:1,851,69,0,0,0,19,48
qwen3-1.7b-cleanv2,qwen3-1.7b-cleanv2:851:7,851,29,0,0,0,16,48
qwen3-1.7b-cleanv2,qwen3-1.7b-cleanv2:853:0,853,320,0,0,0,10,98
qwen3-1.7b-cleanv2,qwen3-1.7b-cleanv2:853:1,853,339,0,0,0,3,98
qwen3-1.7b-cleanv2,qwen3-1.7b-cleanv2:853:2,853,354,0,0,0,3,98
qwen3-1.7b-cleanv2,qwen3-1.7b-cleanv2:853:3,853,423,0,0,0,7,98
qwen3-1.7b-cleanv2,qwen3-1.7b-cleanv2:853:4,853,315,0,0,0,15,98
qwen3-1.7b-cleanv2,qwen3-1.7b-cleanv2:853:5,853,412,0,0,0,11,98
qwen3-1.7b-cleanv2,qwen3-1.7b-cleanv2:853:6,853,319,0,0,0,16,98
qwen3-1.7b-cleanv2,qwen3-1.7b-cleanv2:853:7,853,354,0,0,0,4,98
qwen3-1.7b-cleanv2,qwen3-1.7b-cleanv2:854:0,854,406,0,0,0,18,88
qwen3-1.7b-cleanv2,qwen3-1.7b-cleanv2:854:1,854,349,0,0,0,14,88
qwen3-1.7b-cleanv2,qwen3-1.7b-cleanv2:854:2,854,438,0,0,0,5,88
qwen3-1.7b-cleanv2,qwen3-1.7b-cleanv2:854:3,854,376,0,0,0,11,88
qwen3-1.7b-cleanv2,qwen3-1.7b-cleanv2:854:4,854,414,0,0,0,9,88
qwen3-1.7b-cleanv2,qwen3-1.7b-cleanv2:854:5,854,345,0,0,0,8,88
qwen3-1.7b-cleanv2,qwen3-1.7b-cleanv2:854:6,854,302,0,0,0,12,88
qwen3-1.7b-cleanv2,qwen3-1.7b-cleanv2:854:7,854,353,0,0,0,15,88
qwen3-1.7b-cleanv2,qwen3-1.7b-cleanv2:857:2,857,380,0,0,0,22,50
qwen3-1.7b-cleanv2,qwen3-1.7b-cleanv2:857:7,857,36,0,0,0,24,50
qwen3-1.7b-cleanv2,qwen3-1.7b-cleanv2:859:1,859,486,0,0,0,11,53
qwen3-1.7b-cleanv2,qwen3-1.7b-cleanv2:859:2,859,391,0,0,0,8,53
qwen3-1.7b-cleanv2,qwen3-1.7b-cleanv2:859:3,859,1,0,0,0,9,53
qwen3-1.7b-cleanv2,qwen3-1.7b-cleanv2:859:4,859,360,0,0,0,5,53
qwen3-1.7b-cleanv2,qwen3-1.7b-cleanv2:859:5,859,4,0,0,0,7,53
qwen3-1.7b-cleanv2,qwen3-1.7b-cleanv2:859:6,859,4,0,0,0,4,53
qwen3-1.7b-cleanv2,qwen3-1.7b-cleanv2:859:7,859,454,0,0,0,7,53
qwen3-1.7b-cleanv2,qwen3-1.7b-cleanv2:861:2,861,441,0,0,0,17,62
qwen3-1.7b-cleanv2,qwen3-1.7b-cleanv2:861:3,861,450,0,0,0,20,62
qwen3-1.7b-cleanv2,qwen3-1.7b-cleanv2:861:6,861,342,0,0,0,20,62
qwen3-1.7b-cleanv2,qwen3-1.7b-cleanv2:863:4,863,498,0,0,0,14,51
qwen3-1.7b-cleanv2,qwen3-1.7b-cleanv2:863:6,863,502,0,0,0,18,51
qwen3-1.7b-cleanv2,qwen3-1.7b-cleanv2:863:7,863,0,0,0,0,22,51
qwen3-1.7b-cleanv2,qwen3-1.7b-cleanv2:865:0,865,431,0,0,0,4,106
qwen3-1.7b-cleanv2,qwen3-1.7b-cleanv2:865:1,865,388,0,0,0,3,106
qwen3-1.7b-cleanv2,qwen3-1.7b-cleanv2:865:2,865,482,0,0,0,2,106
qwen3-1.7b-cleanv2,qwen3-1.7b-cleanv2:865:3,865,419,0,0,0,3,106
qwen3-1.7b-cleanv2,qwen3-1.7b-cleanv2:865:4,865,190,0,0,0,3,106
qwen3-1.7b-cleanv2,qwen3-1.7b-cleanv2:865:5,865,298,0,0,0,5,106
qwen3-1.7b-cleanv2,qwen3-1.7b-cleanv2:865:6,865,461,0,0,0,1,106
qwen3-1.7b-cleanv2,qwen3-1.7b-cleanv2:865:7,865,337,0,0,0,6,106
qwen3-1.7b-cleanv2,qwen3-1.7b-cleanv2:866:0,866,496,0,0,0,8,53
qwen3-1.7b-cleanv2,qwen3-1.7b-cleanv2:866:1,866,262,0,0,0,4,53
qwen3-1.7b-cleanv2,qwen3-1.7b-cleanv2:866:2,866,7,0,0,0,7,53
qwen3-1.7b-cleanv2,qwen3-1.7b-cleanv2:866:4,866,16,0,0,0,14,53
qwen3-1.7b-cleanv2,qwen3-1.7b-cleanv2:866:6,866,622,0,0,0,10,53
qwen3-1.7b-cleanv2,qwen3-1.7b-cleanv2:866:7,866,381,0,0,0,9,53
qwen3-1.7b-cleanv2,qwen3-1.7b-cleanv2:867:2,867,26,3,0,1,3,72
qwen3-1.7b-cleanv2,qwen3-1.7b-cleanv2:867:4,867,2,0,0,0,7,72
qwen3-1.7b-cleanv2,qwen3-1.7b-cleanv2:867:6,867,442,0,0,0,2,72
qwen3-1.7b-cleanv2,qwen3-1.7b-cleanv2:867:7,867,365,0,0,0,3,72
qwen3-1.7b-cleanv2,qwen3-1.7b-cleanv2:868:1,868,12,0,0,0,21,31
qwen3-1.7b-cleanv2,qwen3-1.7b-cleanv2:868:5,868,1,0,0,0,4,31
qwen3-1.7b-cleanv2,qwen3-1.7b-cleanv2:868:7,868,40,26,13,14,20,31
qwen3-1.7b-cleanv2,qwen3-1.7b-cleanv2:871:7,871,483,0,0,0,12,74
qwen3-1.7b-cleanv2,qwen3-1.7b-cleanv2:872:6,872,6,0,0,0,12,89
qwen3-1.7b-cleanv2,qwen3-1.7b-cleanv2:872:7,872,369,0,0,0,3,89
qwen3-1.7b-cleanv2,qwen3-1.7b-cleanv2:874:0,874,432,0,0,0,7,52
qwen3-1.7b-cleanv2,qwen3-1.7b-cleanv2:874:1,874,451,0,0,0,0,52
qwen3-1.7b-cleanv2,qwen3-1.7b-cleanv2:874:2,874,19,0,0,0,3,52
qwen3-1.7b-cleanv2,qwen3-1.7b-cleanv2:874:4,874,331,0,0,0,4,52
qwen3-1.7b-cleanv2,qwen3-1.7b-cleanv2:874:5,874,303,0,0,0,0,52
qwen3-1.7b-cleanv2,qwen3-1.7b-cleanv2:876:0,876,351,2,0,1,9,49
qwen3-1.7b-cleanv2,qwen3-1.7b-cleanv2:877:0,877,51,0,0,0,9,37
qwen3-1.7b-cleanv2,qwen3-1.7b-cleanv2:877:2,877,9,0,0,0,9,37
qwen3-1.7b-cleanv2,qwen3-1.7b-cleanv2:877:3,877,451,0,0,0,7,37
qwen3-1.7b-cleanv2,qwen3-1.7b-cleanv2:877:6,877,438,0,0,0,12,37
qwen3-1.7b-cleanv2,qwen3-1.7b-cleanv2:877:7,877,476,0,0,0,11,37
qwen3-1.7b-cleanv2,qwen3-1.7b-cleanv2:878:1,878,48,13,1,9,31,62
qwen3-1.7b-cleanv2,qwen3-1.7b-cleanv2:879:2,879,456,0,0,0,10,64
qwen3-1.7b-cleanv2,qwen3-1.7b-cleanv2:879:3,879,4,0,0,0,18,64
qwen3-1.7b-cleanv2,qwen3-1.7b-cleanv2:879:4,879,390,0,0,0,9,64
qwen3-1.7b-cleanv2,qwen3-1.7b-cleanv2:879:5,879,413,0,0,0,11,64
qwen3-1.7b-cleanv2,qwen3-1.7b-cleanv2:879:6,879,445,0,0,0,5,64
qwen3-1.7b-cleanv2,qwen3-1.7b-cleanv2:879:7,879,44,0,0,0,10,64
qwen3-1.7b-cleanv2,qwen3-1.7b-cleanv2:880:4,880,42,0,0,0,7,19
qwen3-1.7b-cleanv2,qwen3-1.7b-cleanv2:880:5,880,78,0,0,0,4,19
qwen3-1.7b-cleanv2,qwen3-1.7b-cleanv2:880:6,880,450,0,0,0,5,19
qwen3-1.7b-cleanv2,qwen3-1.7b-cleanv2:882:1,882,210,0,0,0,4,37
qwen3-1.7b-cleanv2,qwen3-1.7b-cleanv2:882:3,882,323,0,0,0,5,37
qwen3-1.7b-cleanv2,qwen3-1.7b-cleanv2:882:5,882,341,0,0,0,2,37
qwen3-1.7b-cleanv2,qwen3-1.7b-cleanv2:883:7,883,310,0,0,0,10,26
qwen3-1.7b-cleanv2,qwen3-1.7b-cleanv2:884:4,884,434,0,0,0,6,70
qwen3-1.7b-cleanv2,qwen3-1.7b-cleanv2:884:5,884,489,0,0,0,29,70
qwen3-1.7b-cleanv2,qwen3-1.7b-cleanv2:885:1,885,250,0,0,0,1,61
qwen3-1.7b-cleanv2,qwen3-1.7b-cleanv2:885:2,885,345,0,0,0,1,61
qwen3-1.7b-cleanv2,qwen3-1.7b-cleanv2:885:3,885,486,0,0,0,1,61
qwen3-1.7b-cleanv2,qwen3-1.7b-cleanv2:885:4,885,515,0,0,0,0,61
qwen3-1.7b-cleanv2,qwen3-1.7b-cleanv2:885:5,885,376,0,0,0,1,61
qwen3-1.7b-cleanv2,qwen3-1.7b-cleanv2:885:6,885,374,0,0,0,3,61
qwen3-1.7b-cleanv2,qwen3-1.7b-cleanv2:885:7,885,279,0,0,0,1,61
qwen3-1.7b-cleanv2,qwen3-1.7b-cleanv2:887:0,887,274,0,0,0,8,55
qwen3-1.7b-cleanv2,qwen3-1.7b-cleanv2:887:1,887,326,0,0,0,6,55
qwen3-1.7b-cleanv2,qwen3-1.7b-cleanv2:887:3,887,274,0,0,0,5,55
qwen3-1.7b-cleanv2,qwen3-1.7b-cleanv2:887:4,887,282,0,0,0,8,55
qwen3-1.7b-cleanv2,qwen3-1.7b-cleanv2:887:5,887,317,0,0,0,4,55
qwen3-1.7b-cleanv2,qwen3-1.7b-cleanv2:887:6,887,358,0,0,0,3,55
qwen3-1.7b-cleanv2,qwen3-1.7b-cleanv2:887:7,887,300,0,0,0,1,55
qwen3-1.7b-cleanv2,qwen3-1.7b-cleanv2:888:0,888,445,0,0,0,5,82
qwen3-1.7b-cleanv2,qwen3-1.7b-cleanv2:888:1,888,429,0,0,0,8,82
qwen3-1.7b-cleanv2,qwen3-1.7b-cleanv2:888:2,888,430,0,0,0,14,82
qwen3-1.7b-cleanv2,qwen3-1.7b-cleanv2:888:3,888,391,0,0,0,2,82
qwen3-1.7b-cleanv2,qwen3-1.7b-cleanv2:888:4,888,11,0,0,0,7,82
qwen3-1.7b-cleanv2,qwen3-1.7b-cleanv2:888:6,888,425,0,0,0,9,82
qwen3-1.7b-cleanv2,qwen3-1.7b-cleanv2:888:7,888,484,0,0,0,9,82
qwen3-1.7b-cleanv2,qwen3-1.7b-cleanv2:889:1,889,46,0,0,0,4,28
qwen3-1.7b-cleanv2,qwen3-1.7b-cleanv2:889:2,889,6,0,0,0,8,28
qwen3-1.7b-cleanv2,qwen3-1.7b-cleanv2:889:4,889,60,0,0,0,5,28
qwen3-1.7b-cleanv2,qwen3-1.7b-cleanv2:889:7,889,0,0,0,0,10,28
qwen3-1.7b-cleanv2,qwen3-1.7b-cleanv2:892:2,892,8,0,0,0,11,35
qwen3-1.7b-cleanv2,qwen3-1.7b-cleanv2:892:7,892,8,0,0,0,12,35
qwen3-1.7b-cleanv2,qwen3-1.7b-cleanv2:893:7,893,442,0,0,0,23,38
qwen3-1.7b-cleanv2,qwen3-1.7b-cleanv2:894:0,894,393,0,0,0,12,59
qwen3-1.7b-cleanv2,qwen3-1.7b-cleanv2:894:2,894,313,0,0,0,8,59
qwen3-1.7b-cleanv2,qwen3-1.7b-cleanv2:894:7,894,60,0,0,0,12,59
qwen3-1.7b-cleanv2,qwen3-1.7b-cleanv2:895:0,895,465,0,0,0,14,66
qwen3-1.7b-cleanv2,qwen3-1.7b-cleanv2:895:1,895,10,0,0,0,13,66
qwen3-1.7b-cleanv2,qwen3-1.7b-cleanv2:895:4,895,0,0,0,0,19,66
qwen3-1.7b-cleanv2,qwen3-1.7b-cleanv2:895:7,895,356,0,0,0,19,66
qwen3-1.7b-cleanv2,qwen3-1.7b-cleanv2:896:0,896,365,0,0,0,8,89
qwen3-1.7b-cleanv2,qwen3-1.7b-cleanv2:896:1,896,393,0,0,0,11,89
qwen3-1.7b-cleanv2,qwen3-1.7b-cleanv2:896:2,896,448,0,0,0,6,89
qwen3-1.7b-cleanv2,qwen3-1.7b-cleanv2:896:3,896,382,0,0,0,8,89
qwen3-1.7b-cleanv2,qwen3-1.7b-cleanv2:896:4,896,307,0,0,0,13,89
qwen3-1.7b-cleanv2,qwen3-1.7b-cleanv2:896:5,896,343,0,0,0,11,89
qwen3-1.7b-cleanv2,qwen3-1.7b-cleanv2:896:6,896,375,0,0,0,10,89
qwen3-1.7b-cleanv2,qwen3-1.7b-cleanv2:896:7,896,401,0,0,0,8,89
qwen3-1.7b-cleanv2,qwen3-1.7b-cleanv2:897:0,897,477,0,0,0,2,54
qwen3-1.7b-cleanv2,qwen3-1.7b-cleanv2:897:1,897,386,0,0,0,2,54
qwen3-1.7b-cleanv2,qwen3-1.7b-cleanv2:897:4,897,441,0,0,0,5,54
qwen3-1.7b-cleanv2,qwen3-1.7b-cleanv2:897:5,897,2,0,0,0,5,54
qwen3-1.7b-cleanv2,qwen3-1.7b-cleanv2:898:1,898,0,0,0,0,10,37
qwen3-1.7b-cleanv2,qwen3-1.7b-cleanv2:898:2,898,544,0,0,0,12,37
qwen3-1.7b-cleanv2,qwen3-1.7b-cleanv2:898:7,898,9,0,0,0,14,37
qwen3-1.7b-cleanv2,qwen3-1.7b-cleanv2:899:1,899,532,0,0,0,23,41
qwen3-1.7b-cleanv2,qwen3-1.7b-cleanv2:900:0,900,218,0,0,0,2,45
qwen3-1.7b-cleanv2,qwen3-1.7b-cleanv2:900:5,900,0,0,0,0,12,45
qwen3-1.7b-cleanv2,qwen3-1.7b-cleanv2:900:7,900,1,0,0,0,3,45
qwen3-1.7b-cleanv2,qwen3-1.7b-cleanv2:901:0,901,52,0,0,0,11,69
qwen3-1.7b-cleanv2,qwen3-1.7b-cleanv2:901:3,901,487,0,0,0,9,69
qwen3-1.7b-cleanv2,qwen3-1.7b-cleanv2:901:5,901,458,0,0,0,10,69
qwen3-1.7b-cleanv2,qwen3-1.7b-cleanv2:901:6,901,446,0,0,0,8,69
qwen3-1.7b-cleanv2,qwen3-1.7b-cleanv2:901:7,901,3,0,0,0,11,69
qwen3-1.7b-cleanv2,qwen3-1.7b-cleanv2:902:6,902,2,0,0,0,14,49
qwen3-1.7b-cleanv2,qwen3-1.7b-cleanv2:904:0,904,82,0,0,0,7,38
qwen3-1.7b-cleanv2,qwen3-1.7b-cleanv2:904:1,904,346,0,0,0,9,38
qwen3-1.7b-cleanv2,qwen3-1.7b-cleanv2:904:2,904,358,0,0,0,7,38
qwen3-1.7b-cleanv2,qwen3-1.7b-cleanv2:904:4,904,468,0,0,0,15,38
qwen3-1.7b-cleanv2,qwen3-1.7b-cleanv2:904:5,904,417,0,0,0,12,38
qwen3-1.7b-cleanv2,qwen3-1.7b-cleanv2:904:6,904,444,0,0,0,8,38
qwen3-1.7b-cleanv2,qwen3-1.7b-cleanv2:904:7,904,509,0,0,0,5,38
qwen3-1.7b-cleanv2,qwen3-1.7b-cleanv2:905:0,905,429,0,0,0,25,69
qwen3-1.7b-cleanv2,qwen3-1.7b-cleanv2:905:1,905,463,0,0,0,13,69
qwen3-1.7b-cleanv2,qwen3-1.7b-cleanv2:905:4,905,344,0,0,0,29,69
qwen3-1.7b-cleanv2,qwen3-1.7b-cleanv2:905:5,905,429,5,0,0,12,69
qwen3-1.7b-cleanv2,qwen3-1.7b-cleanv2:906:1,906,456,0,0,0,0,30
qwen3-1.7b-cleanv2,qwen3-1.7b-cleanv2:908:1,908,5,0,0,0,3,29
qwen3-1.7b-cleanv2,qwen3-1.7b-cleanv2:910:1,910,337,0,0,0,10,57
qwen3-1.7b-cleanv2,qwen3-1.7b-cleanv2:910:5,910,339,0,0,0,11,57
qwen3-1.7b-cleanv2,qwen3-1.7b-cleanv2:910:6,910,328,0,0,0,15,57
qwen3-1.7b-cleanv2,qwen3-1.7b-cleanv2:911:3,911,1,0,0,0,12,33
qwen3-1.7b-cleanv2,qwen3-1.7b-cleanv2:911:4,911,517,0,0,0,10,33
qwen3-1.7b-cleanv2,qwen3-1.7b-cleanv2:911:5,911,601,0,0,0,7,33
qwen3-1.7b-cleanv2,qwen3-1.7b-cleanv2:911:6,911,6,0,0,0,11,33
qwen3-1.7b-cleanv2,qwen3-1.7b-cleanv2:914:0,914,369,0,0,0,4,42
qwen3-1.7b-cleanv2,qwen3-1.7b-cleanv2:914:1,914,385,0,0,0,4,42
qwen3-1.7b-cleanv2,qwen3-1.7b-cleanv2:914:2,914,315,0,0,0,2,42
qwen3-1.7b-cleanv2,qwen3-1.7b-cleanv2:914:3,914,454,0,0,0,5,42
qwen3-1.7b-cleanv2,qwen3-1.7b-cleanv2:914:4,914,383,0,0,0,2,42
qwen3-1.7b-cleanv2,qwen3-1.7b-cleanv2:914:5,914,244,0,0,0,4,42
qwen3-1.7b-cleanv2,qwen3-1.7b-cleanv2:914:6,914,191,0,0,0,13,42
qwen3-1.7b-cleanv2,qwen3-1.7b-cleanv2:914:7,914,483,1,0,0,5,42
qwen3-1.7b-cleanv2,qwen3-1.7b-cleanv2:916:0,916,0,0,0,0,18,121
qwen3-1.7b-cleanv2,qwen3-1.7b-cleanv2:916:1,916,415,0,0,0,10,121
qwen3-1.7b-cleanv2,qwen3-1.7b-cleanv2:916:2,916,412,0,0,0,11,121
qwen3-1.7b-cleanv2,qwen3-1.7b-cleanv2:916:4,916,488,0,0,0,13,121
qwen3-1.7b-cleanv2,qwen3-1.7b-cleanv2:916:6,916,456,0,0,0,12,121
qwen3-1.7b-cleanv2,qwen3-1.7b-cleanv2:916:7,916,517,0,0,0,8,121
qwen3-1.7b-cleanv2,qwen3-1.7b-cleanv2:917:0,917,3,0,0,0,24,82
qwen3-1.7b-cleanv2,qwen3-1.7b-cleanv2:917:3,917,2,0,0,0,27,82
qwen3-1.7b-cleanv2,qwen3-1.7b-cleanv2:917:4,917,399,0,0,0,25,82
qwen3-1.7b-cleanv2,qwen3-1.7b-cleanv2:917:5,917,8,0,0,0,22,82
qwen3-1.7b-cleanv2,qwen3-1.7b-cleanv2:917:6,917,8,0,0,0,25,82
qwen3-1.7b-cleanv2,qwen3-1.7b-cleanv2:918:2,918,344,0,0,0,10,70
qwen3-1.7b-cleanv2,qwen3-1.7b-cleanv2:918:3,918,494,0,0,0,9,70
qwen3-1.7b-cleanv2,qwen3-1.7b-cleanv2:918:4,918,21,0,0,0,8,70
qwen3-1.7b-cleanv2,qwen3-1.7b-cleanv2:918:5,918,494,0,0,0,2,70
qwen3-1.7b-cleanv2,qwen3-1.7b-cleanv2:920:1,920,19,0,0,0,18,56
qwen3-1.7b-cleanv2,qwen3-1.7b-cleanv2:921:7,921,440,0,0,0,11,57
qwen3-1.7b-cleanv2,qwen3-1.7b-cleanv2:924:5,924,414,0,0,0,9,32
qwen3-1.7b-cleanv2,qwen3-1.7b-cleanv2:925:0,925,465,0,0,0,8,49
qwen3-1.7b-cleanv2,qwen3-1.7b-cleanv2:925:3,925,532,0,0,0,7,49
qwen3-1.7b-cleanv2,qwen3-1.7b-cleanv2:925:5,925,472,0,0,0,8,49
qwen3-1.7b-cleanv2,qwen3-1.7b-cleanv2:926:0,926,288,0,0,0,22,98
qwen3-1.7b-cleanv2,qwen3-1.7b-cleanv2:926:7,926,332,0,0,0,19,98
qwen3-1.7b-cleanv2,qwen3-1.7b-cleanv2:929:1,929,429,0,0,0,11,49
qwen3-1.7b-cleanv2,qwen3-1.7b-cleanv2:929:3,929,86,0,0,0,12,49
qwen3-1.7b-cleanv2,qwen3-1.7b-cleanv2:929:6,929,481,0,0,0,20,49
qwen3-1.7b-cleanv2,qwen3-1.7b-cleanv2:932:0,932,33,0,0,0,57,111
qwen3-1.7b-cleanv2,qwen3-1.7b-cleanv2:932:3,932,180,0,0,0,25,111
qwen3-1.7b-cleanv2,qwen3-1.7b-cleanv2:932:5,932,24,0,0,0,35,111
qwen3-1.7b-cleanv2,qwen3-1.7b-cleanv2:933:6,933,30,0,0,0,21,41
qwen3-1.7b-cleanv2,qwen3-1.7b-cleanv2:935:4,935,61,0,0,0,9,29
qwen3-1.7b-cleanv2,qwen3-1.7b-cleanv2:938:0,938,313,0,0,0,15,81
qwen3-1.7b-cleanv2,qwen3-1.7b-cleanv2:938:1,938,74,0,0,0,6,81
qwen3-1.7b-cleanv2,qwen3-1.7b-cleanv2:938:3,938,349,0,0,0,10,81
qwen3-1.7b-cleanv2,qwen3-1.7b-cleanv2:938:5,938,486,0,0,0,8,81
qwen3-1.7b-cleanv2,qwen3-1.7b-cleanv2:938:6,938,481,0,0,0,6,81
qwen3-1.7b-cleanv2,qwen3-1.7b-cleanv2:938:7,938,428,0,0,0,3,81
qwen3-1.7b-cleanv2,qwen3-1.7b-cleanv2:939:0,939,554,0,0,0,11,75
qwen3-1.7b-cleanv2,qwen3-1.7b-cleanv2:939:1,939,510,0,0,0,19,75
qwen3-1.7b-cleanv2,qwen3-1.7b-cleanv2:939:2,939,371,0,0,0,16,75
qwen3-1.7b-cleanv2,qwen3-1.7b-cleanv2:939:3,939,421,0,0,0,19,75
qwen3-1.7b-cleanv2,qwen3-1.7b-cleanv2:939:5,939,446,0,0,0,14,75
qwen3-1.7b-cleanv2,qwen3-1.7b-cleanv2:939:6,939,377,0,0,0,11,75
qwen3-1.7b-cleanv2,qwen3-1.7b-cleanv2:939:7,939,526,4,0,0,20,75
qwen3-1.7b-cleanv2,qwen3-1.7b-cleanv2:940:1,940,0,0,0,0,24,53
qwen3-1.7b-cleanv2,qwen3-1.7b-cleanv2:942:0,942,493,0,0,0,7,35
qwen3-1.7b-cleanv2,qwen3-1.7b-cleanv2:942:4,942,6,0,0,0,10,35
qwen3-1.7b-cleanv2,qwen3-1.7b-cleanv2:942:5,942,529,0,0,0,6,35
qwen3-1.7b-cleanv2,qwen3-1.7b-cleanv2:942:6,942,579,0,0,0,5,35
qwen3-1.7b-cleanv2,qwen3-1.7b-cleanv2:946:0,946,476,0,0,0,6,47
qwen3-1.7b-cleanv2,qwen3-1.7b-cleanv2:946:2,946,377,0,0,0,7,47
qwen3-1.7b-cleanv2,qwen3-1.7b-cleanv2:946:3,946,446,0,0,0,6,47
qwen3-1.7b-cleanv2,qwen3-1.7b-cleanv2:946:5,946,419,0,0,0,3,47
qwen3-1.7b-cleanv2,qwen3-1.7b-cleanv2:946:6,946,479,0,0,0,9,47
qwen3-1.7b-cleanv2,qwen3-1.7b-cleanv2:946:7,946,30,0,0,0,10,47
qwen3-1.7b-cleanv2,qwen3-1.7b-cleanv2:947:1,947,273,0,0,0,37,73
qwen3-1.7b-cleanv2,qwen3-1.7b-cleanv2:948:0,948,129,0,0,0,32,95
qwen3-1.7b-cleanv2,qwen3-1.7b-cleanv2:948:1,948,245,0,0,0,41,95
qwen3-1.7b-cleanv2,qwen3-1.7b-cleanv2:948:2,948,353,0,0,0,34,95
qwen3-1.7b-cleanv2,qwen3-1.7b-cleanv2:948:3,948,296,0,0,0,20,95
qwen3-1.7b-cleanv2,qwen3-1.7b-cleanv2:948:7,948,350,0,0,0,42,95
qwen3-1.7b-cleanv2,qwen3-1.7b-cleanv2:949:0,949,4,0,0,0,5,65
qwen3-1.7b-cleanv2,qwen3-1.7b-cleanv2:949:2,949,481,0,0,0,12,65
qwen3-1.7b-cleanv2,qwen3-1.7b-cleanv2:949:3,949,386,0,0,0,6,65
qwen3-1.7b-cleanv2,qwen3-1.7b-cleanv2:949:4,949,348,0,0,0,13,65
qwen3-1.7b-cleanv2,qwen3-1.7b-cleanv2:949:5,949,457,0,0,0,9,65
qwen3-1.7b-cleanv2,qwen3-1.7b-cleanv2:949:7,949,0,0,0,0,6,65
qwen3-1.7b-cleanv2,qwen3-1.7b-cleanv2:951:1,951,379,0,0,0,10,28
qwen3-1.7b-cleanv2,qwen3-1.7b-cleanv2:951:6,951,12,0,0,0,3,28
qwen3-1.7b-cleanv2,qwen3-1.7b-cleanv2:952:0,952,459,0,0,0,2,35
qwen3-1.7b-cleanv2,qwen3-1.7b-cleanv2:952:1,952,32,0,0,0,8,35
qwen3-1.7b-cleanv2,qwen3-1.7b-cleanv2:952:2,952,454,0,0,0,10,35
qwen3-1.7b-cleanv2,qwen3-1.7b-cleanv2:952:4,952,359,0,0,0,6,35
qwen3-1.7b-cleanv2,qwen3-1.7b-cleanv2:952:5,952,335,0,0,0,3,35
qwen3-1.7b-cleanv2,qwen3-1.7b-cleanv2:952:6,952,409,0,0,0,10,35
qwen3-1.7b-cleanv2,qwen3-1.7b-cleanv2:952:7,952,353,0,0,0,6,35
qwen3-1.7b-cleanv2,qwen3-1.7b-cleanv2:953:1,953,461,0,0,0,18,88
qwen3-1.7b-cleanv2,qwen3-1.7b-cleanv2:953:3,953,9,0,0,0,13,88
qwen3-1.7b-cleanv2,qwen3-1.7b-cleanv2:953:4,953,433,0,0,0,14,88
qwen3-1.7b-cleanv2,qwen3-1.7b-cleanv2:953:5,953,472,0,0,0,4,88
qwen3-1.7b-cleanv2,qwen3-1.7b-cleanv2:953:6,953,445,0,0,0,12,88
qwen3-1.7b-cleanv2,qwen3-1.7b-cleanv2:953:7,953,109,0,0,0,6,88
qwen3-1.7b-cleanv2,qwen3-1.7b-cleanv2:955:0,955,482,0,0,0,10,36
qwen3-1.7b-cleanv2,qwen3-1.7b-cleanv2:955:7,955,411,0,0,0,9,36
qwen3-1.7b-cleanv2,qwen3-1.7b-cleanv2:957:7,957,419,0,0,0,33,78
qwen3-1.7b-cleanv2,qwen3-1.7b-cleanv2:958:0,958,532,0,0,0,7,74
qwen3-1.7b-cleanv2,qwen3-1.7b-cleanv2:958:2,958,378,0,0,0,11,74
qwen3-1.7b-cleanv2,qwen3-1.7b-cleanv2:958:3,958,258,0,0,0,6,74
qwen3-1.7b-cleanv2,qwen3-1.7b-cleanv2:958:4,958,104,0,0,0,11,74
qwen3-1.7b-cleanv2,qwen3-1.7b-cleanv2:958:5,958,353,0,0,0,7,74
qwen3-1.7b-cleanv2,qwen3-1.7b-cleanv2:958:6,958,148,0,0,0,10,74
qwen3-1.7b-cleanv2,qwen3-1.7b-cleanv2:958:7,958,4,0,0,0,18,74
qwen3-1.7b-cleanv2,qwen3-1.7b-cleanv2:960:0,960,406,0,0,0,15,41
qwen3-1.7b-cleanv2,qwen3-1.7b-cleanv2:960:5,960,293,0,0,0,16,41
qwen3-1.7b-cleanv2,qwen3-1.7b-cleanv2:960:7,960,31,0,0,0,14,41
qwen3-1.7b-cleanv2,qwen3-1.7b-cleanv2:962:0,962,368,0,0,0,5,79
qwen3-1.7b-cleanv2,qwen3-1.7b-cleanv2:962:1,962,434,0,0,0,6,79
qwen3-1.7b-cleanv2,qwen3-1.7b-cleanv2:962:2,962,401,0,0,0,7,79
qwen3-1.7b-cleanv2,qwen3-1.7b-cleanv2:962:3,962,386,0,0,0,11,79
qwen3-1.7b-cleanv2,qwen3-1.7b-cleanv2:962:4,962,13,0,0,0,11,79
qwen3-1.7b-cleanv2,qwen3-1.7b-cleanv2:962:6,962,4,0,0,0,10,79
qwen3-1.7b-cleanv2,qwen3-1.7b-cleanv2:963:3,963,25,0,0,0,9,26
qwen3-1.7b-cleanv2,qwen3-1.7b-cleanv2:963:4,963,524,0,0,0,9,26
qwen3-1.7b-cleanv2,qwen3-1.7b-cleanv2:970:0,970,14,0,0,0,26,86
qwen3-1.7b-cleanv2,qwen3-1.7b-cleanv2:970:2,970,464,0,0,0,12,86
qwen3-1.7b-cleanv2,qwen3-1.7b-cleanv2:971:0,971,537,0,0,0,10,74
qwen3-1.7b-cleanv2,qwen3-1.7b-cleanv2:971:1,971,477,0,0,0,6,74
qwen3-1.7b-cleanv2,qwen3-1.7b-cleanv2:971:2,971,532,0,0,0,12,74
qwen3-1.7b-cleanv2,qwen3-1.7b-cleanv2:971:3,971,443,0,0,0,9,74
qwen3-1.7b-cleanv2,qwen3-1.7b-cleanv2:971:4,971,485,0,0,0,16,74
qwen3-1.7b-cleanv2,qwen3-1.7b-cleanv2:971:5,971,428,0,0,0,12,74
qwen3-1.7b-cleanv2,qwen3-1.7b-cleanv2:971:6,971,524,0,0,0,5,74
qwen3-1.7b-cleanv2,qwen3-1.7b-cleanv2:971:7,971,4,0,0,0,5,74
qwen3-1.7b-cleanv2,qwen3-1.7b-cleanv2:972:0,972,495,0,0,0,10,74
qwen3-1.7b-cleanv2,qwen3-1.7b-cleanv2:972:1,972,2,0,0,0,9,74
qwen3-1.7b-cleanv2,qwen3-1.7b-cleanv2:972:2,972,5,0,0,0,9,74
qwen3-1.7b-cleanv2,qwen3-1.7b-cleanv2:972:3,972,350,0,0,0,11,74
qwen3-1.7b-cleanv2,qwen3-1.7b-cleanv2:972:7,972,315,0,0,0,10,74
qwen3-1.7b-cleanv2,qwen3-1.7b-cleanv2:973:0,973,13,0,0,0,24,130
qwen3-1.7b-cleanv2,qwen3-1.7b-cleanv2:973:5,973,1,0,0,0,16,130
qwen3-1.7b-cleanv2,qwen3-1.7b-cleanv2:973:7,973,444,0,0,0,10,130
qwen3-1.7b-cleanv2,qwen3-1.7b-cleanv2:975:1,975,68,0,0,0,22,76
qwen3-1.7b-cleanv2,qwen3-1.7b-cleanv2:977:1,977,448,0,0,0,6,84
qwen3-1.7b-cleanv2,qwen3-1.7b-cleanv2:977:2,977,464,0,0,0,20,84
qwen3-1.7b-cleanv2,qwen3-1.7b-cleanv2:977:3,977,507,0,0,0,1,84
qwen3-1.7b-cleanv2,qwen3-1.7b-cleanv2:979:0,979,337,0,0,0,23,47
qwen3-1.7b-cleanv2,qwen3-1.7b-cleanv2:979:1,979,422,0,0,0,13,47
qwen3-1.7b-cleanv2,qwen3-1.7b-cleanv2:979:2,979,89,0,0,0,11,47
qwen3-1.7b-cleanv2,qwen3-1.7b-cleanv2:979:3,979,395,0,0,0,19,47
qwen3-1.7b-cleanv2,qwen3-1.7b-cleanv2:979:5,979,0,0,0,0,18,47
qwen3-1.7b-cleanv2,qwen3-1.7b-cleanv2:979:6,979,5,0,0,0,16,47
qwen3-1.7b-cleanv2,qwen3-1.7b-cleanv2:979:7,979,363,0,0,0,18,47
qwen3-1.7b-cleanv2,qwen3-1.7b-cleanv2:982:0,982,359,0,0,0,0,30
qwen3-1.7b-cleanv2,qwen3-1.7b-cleanv2:982:1,982,275,0,0,0,0,30
qwen3-1.7b-cleanv2,qwen3-1.7b-cleanv2:982:2,982,419,0,0,0,1,30
qwen3-1.7b-cleanv2,qwen3-1.7b-cleanv2:982:5,982,190,0,0,0,0,30
qwen3-1.7b-cleanv2,qwen3-1.7b-cleanv2:982:7,982,353,0,0,0,0,30
qwen3-1.7b-cleanv2,qwen3-1.7b-cleanv2:984:3,984,365,0,0,0,21,69
qwen3-1.7b-cleanv2,qwen3-1.7b-cleanv2:984:4,984,385,0,0,0,22,69
qwen3-1.7b-cleanv2,qwen3-1.7b-cleanv2:985:2,985,418,0,0,0,39,84
qwen3-1.7b-cleanv2,qwen3-1.7b-cleanv2:985:3,985,359,0,0,0,28,84
qwen3-1.7b-cleanv2,qwen3-1.7b-cleanv2:985:6,985,341,0,0,0,28,84
qwen3-1.7b-cleanv2,qwen3-1.7b-cleanv2:986:1,986,302,0,0,0,6,41
qwen3-1.7b-cleanv2,qwen3-1.7b-cleanv2:986:3,986,391,0,0,0,5,41
qwen3-1.7b-cleanv2,qwen3-1.7b-cleanv2:986:4,986,0,0,0,0,7,41
qwen3-1.7b-cleanv2,qwen3-1.7b-cleanv2:986:5,986,346,0,0,0,7,41
qwen3-1.7b-cleanv2,qwen3-1.7b-cleanv2:986:6,986,447,0,0,0,5,41
qwen3-1.7b-cleanv2,qwen3-1.7b-cleanv2:987:7,987,4,0,0,0,28,54
qwen3-1.7b-cleanv2,qwen3-1.7b-cleanv2:988:0,988,136,0,0,0,6,40
qwen3-1.7b-cleanv2,qwen3-1.7b-cleanv2:988:3,988,5,0,0,0,5,40
qwen3-1.7b-cleanv2,qwen3-1.7b-cleanv2:989:3,989,362,0,0,0,19,41
qwen3-1.7b-cleanv2,qwen3-1.7b-cleanv2:989:5,989,0,0,0,0,21,41
qwen3-1.7b-cleanv2,qwen3-1.7b-cleanv2:992:1,992,196,0,0,0,6,41
qwen3-1.7b-cleanv2,qwen3-1.7b-cleanv2:992:5,992,374,0,0,0,7,41
qwen3-1.7b-cleanv2,qwen3-1.7b-cleanv2:992:6,992,240,0,0,0,7,41
qwen3-1.7b-cleanv2,qwen3-1.7b-cleanv2:993:5,993,4,0,0,0,27,69
qwen3-1.7b-cleanv2,qwen3-1.7b-cleanv2:993:6,993,320,0,0,0,30,69
qwen3-1.7b-cleanv2,qwen3-1.7b-cleanv2:994:1,994,446,0,0,0,1,56
qwen3-1.7b-cleanv2,qwen3-1.7b-cleanv2:994:2,994,479,0,0,0,2,56
qwen3-1.7b-cleanv2,qwen3-1.7b-cleanv2:994:3,994,524,0,0,0,7,56
qwen3-1.7b-cleanv2,qwen3-1.7b-cleanv2:994:4,994,429,0,0,0,12,56
qwen3-1.7b-cleanv2,qwen3-1.7b-cleanv2:994:5,994,445,0,0,0,1,56
qwen3-1.7b-cleanv2,qwen3-1.7b-cleanv2:994:6,994,428,0,0,0,6,56
qwen3-1.7b-cleanv2,qwen3-1.7b-cleanv2:994:7,994,483,0,0,0,4,56
qwen3-1.7b-cleanv2,qwen3-1.7b-cleanv2:995:0,995,488,0,0,0,24,59
qwen3-1.7b-cleanv2,qwen3-1.7b-cleanv2:995:2,995,335,0,0,0,16,59
qwen3-1.7b-cleanv2,qwen3-1.7b-cleanv2:995:3,995,4,0,0,0,13,59
qwen3-1.7b-cleanv2,qwen3-1.7b-cleanv2:995:4,995,430,0,0,0,11,59
qwen3-1.7b-cleanv2,qwen3-1.7b-cleanv2:995:5,995,91,0,0,0,16,59
qwen3-1.7b-cleanv2,qwen3-1.7b-cleanv2:998:0,998,388,0,0,0,10,88
qwen3-1.7b-cleanv2,qwen3-1.7b-cleanv2:998:1,998,422,0,0,0,22,88
qwen3-1.7b-cleanv2,qwen3-1.7b-cleanv2:998:2,998,385,0,0,0,23,88
qwen3-1.7b-cleanv2,qwen3-1.7b-cleanv2:998:3,998,255,0,0,0,20,88
qwen3-1.7b-cleanv2,qwen3-1.7b-cleanv2:998:4,998,343,0,0,0,7,88
qwen3-1.7b-cleanv2,qwen3-1.7b-cleanv2:998:5,998,332,0,0,0,23,88
qwen3-1.7b-cleanv2,qwen3-1.7b-cleanv2:998:6,998,152,0,0,0,14,88
qwen3-1.7b-cleanv2,qwen3-1.7b-cleanv2:998:7,998,150,0,0,0,11,88
qwen3-1.7b-cleanv2,qwen3-1.7b-cleanv2:999:7,999,401,0,0,0,41,77
qwen3-1.7b-cleanv2,qwen3-1.7b-cleanv2:1000:2,1000,463,0,0,0,43,118
qwen3-1.7b-cleanv2,qwen3-1.7b-cleanv2:1000:3,1000,460,0,0,0,41,118
qwen3-1.7b-cleanv2,qwen3-1.7b-cleanv2:1000:4,1000,5,0,0,0,46,118
qwen3-1.7b-cleanv2,qwen3-1.7b-cleanv2:1000:6,1000,270,0,0,0,46,118
qwen3-1.7b-cleanv2,qwen3-1.7b-cleanv2:1001:3,1001,237,0,0,0,51,91
qwen3-1.7b-cleanv2,qwen3-1.7b-cleanv2:1003:0,1003,463,0,0,0,18,33
qwen3-1.7b-cleanv2,qwen3-1.7b-cleanv2:1003:6,1003,2,0,0,0,19,33
qwen3-1.7b-cleanv2,qwen3-1.7b-cleanv2:1004:4,1004,18,0,0,0,2,28
qwen3-1.7b-cleanv2,qwen3-1.7b-cleanv2:1004:5,1004,6,0,0,0,3,28
qwen3-1.7b-cleanv2,qwen3-1.7b-cleanv2:1004:6,1004,392,0,0,0,0,28
qwen3-1.7b-cleanv2,qwen3-1.7b-cleanv2:1005:2,1005,3,0,0,0,16,54
qwen3-1.7b-cleanv2,qwen3-1.7b-cleanv2:1005:4,1005,2,0,0,0,34,54
qwen3-1.7b-cleanv2,qwen3-1.7b-cleanv2:1006:4,1006,13,0,0,0,26,55
qwen3-1.7b-cleanv2,qwen3-1.7b-cleanv2:1006:5,1006,468,0,0,0,11,55
qwen3-1.7b-cleanv2,qwen3-1.7b-cleanv2:1007:6,1007,24,0,0,0,2,55
qwen3-1.7b-cleanv2,qwen3-1.7b-cleanv2:1009:1,1009,256,0,0,0,27,53
qwen3-1.7b-cleanv2,qwen3-1.7b-cleanv2:1009:3,1009,10,0,0,0,23,53
qwen3-1.7b-cleanv2,qwen3-1.7b-cleanv2:1011:0,1011,226,0,0,0,13,79
qwen3-1.7b-cleanv2,qwen3-1.7b-cleanv2:1011:1,1011,413,0,0,0,12,79
qwen3-1.7b-cleanv2,qwen3-1.7b-cleanv2:1011:3,1011,480,0,0,0,7,79
qwen3-1.7b-cleanv2,qwen3-1.7b-cleanv2:1011:4,1011,326,0,0,0,12,79
qwen3-1.7b-cleanv2,qwen3-1.7b-cleanv2:1011:6,1011,331,0,0,0,12,79
qwen3-1.7b-cleanv2,qwen3-1.7b-cleanv2:1011:7,1011,329,0,0,0,9,79
qwen3-1.7b-cleanv2,qwen3-1.7b-cleanv2:1012:7,1012,550,0,0,0,23,67
qwen3-1.7b-cleanv2,qwen3-1.7b-cleanv2:1014:0,1014,341,0,0,0,11,62
qwen3-1.7b-cleanv2,qwen3-1.7b-cleanv2:1014:2,1014,423,0,0,0,8,62
qwen3-1.7b-cleanv2,qwen3-1.7b-cleanv2:1014:3,1014,404,0,0,0,7,62
qwen3-1.7b-cleanv2,qwen3-1.7b-cleanv2:1014:4,1014,325,0,0,0,8,62
qwen3-1.7b-cleanv2,qwen3-1.7b-cleanv2:1014:5,1014,411,0,0,0,7,62
qwen3-1.7b-cleanv2,qwen3-1.7b-cleanv2:1014:6,1014,15,0,0,0,7,62
qwen3-1.7b-cleanv2,qwen3-1.7b-cleanv2:1014:7,1014,388,0,0,0,12,62
qwen3-1.7b-cleanv2,qwen3-1.7b-cleanv2:1015:1,1015,0,0,0,0,32,71
qwen3-1.7b-cleanv2,qwen3-1.7b-cleanv2:1015:7,1015,2,0,0,0,37,71
qwen3-1.7b-cleanv2,qwen3-1.7b-cleanv2:1017:1,1017,329,0,0,0,10,57
qwen3-1.7b-cleanv2,qwen3-1.7b-cleanv2:1017:2,1017,280,0,0,0,13,57
qwen3-1.7b-cleanv2,qwen3-1.7b-cleanv2:1020:0,1020,44,0,0,0,8,70
qwen3-1.7b-cleanv2,qwen3-1.7b-cleanv2:1020:1,1020,384,0,0,0,16,70
qwen3-1.7b-cleanv2,qwen3-1.7b-cleanv2:1020:2,1020,488,0,0,0,5,70
qwen3-1.7b-cleanv2,qwen3-1.7b-cleanv2:1020:3,1020,691,0,0,0,10,70
qwen3-1.7b-cleanv2,qwen3-1.7b-cleanv2:1020:4,1020,439,0,0,0,6,70
qwen3-1.7b-cleanv2,qwen3-1.7b-cleanv2:1020:5,1020,379,0,0,0,13,70
qwen3-1.7b-cleanv2,qwen3-1.7b-cleanv2:1020:6,1020,531,0,0,0,9,70
qwen3-1.7b-cleanv2,qwen3-1.7b-cleanv2:1020:7,1020,366,0,0,0,6,70
qwen3-1.7b-cleanv2,qwen3-1.7b-cleanv2:1021:5,1021,380,0,0,0,29,99
qwen3-1.7b-cleanv2,qwen3-1.7b-cleanv2:1023:1,1023,394,0,0,0,26,45
qwen3-1.7b-cleanv2,qwen3-1.7b-cleanv2:1023:6,1023,16,0,0,0,27,45
qwen3-1.7b-cleanv2,qwen3-1.7b-cleanv2:1024:5,1024,140,0,0,0,41,82
qwen3-1.7b-cleanv2,qwen3-1.7b-cleanv2:1024:6,1024,427,0,0,0,36,82
qwen3-1.7b-cleanv2,qwen3-1.7b-cleanv2:1024:7,1024,347,0,0,0,33,82
qwen3-1.7b-cleanv2,qwen3-1.7b-cleanv2:1025:0,1025,387,0,0,0,25,96
qwen3-1.7b-cleanv2,qwen3-1.7b-cleanv2:1025:1,1025,334,0,0,0,31,96
qwen3-1.7b-cleanv2,qwen3-1.7b-cleanv2:1025:2,1025,38,0,0,0,34,96
qwen3-1.7b-cleanv2,qwen3-1.7b-cleanv2:1025:3,1025,7,0,0,0,40,96
qwen3-1.7b-cleanv2,qwen3-1.7b-cleanv2:1025:4,1025,188,0,0,0,20,96
qwen3-1.7b-cleanv2,qwen3-1.7b-cleanv2:1025:5,1025,467,0,0,0,43,96
qwen3-1.7b-cleanv2,qwen3-1.7b-cleanv2:1025:6,1025,339,0,0,0,33,96
qwen3-1.7b-cleanv2,qwen3-1.7b-cleanv2:1025:7,1025,354,0,0,0,28,96
qwen3-1.7b-cleanv2,qwen3-1.7b-cleanv2:1027:0,1027,16,0,0,0,5,60
qwen3-1.7b-cleanv2,qwen3-1.7b-cleanv2:1027:2,1027,7,0,0,0,8,60
qwen3-1.7b-cleanv2,qwen3-1.7b-cleanv2:1027:3,1027,478,0,0,0,20,60
qwen3-1.7b-cleanv2,qwen3-1.7b-cleanv2:1027:4,1027,15,0,0,0,8,60
qwen3-1.7b-cleanv2,qwen3-1.7b-cleanv2:1027:5,1027,497,0,0,0,9,60
qwen3-1.7b-cleanv2,qwen3-1.7b-cleanv2:1027:6,1027,489,0,0,0,4,60
qwen3-1.7b-cleanv2,qwen3-1.7b-cleanv2:1029:1,1029,397,0,0,0,14,41
qwen3-1.7b-cleanv2,qwen3-1.7b-cleanv2:1031:0,1031,386,0,0,0,10,41
qwen3-1.7b-cleanv2,qwen3-1.7b-cleanv2:1031:3,1031,498,0,0,0,9,41
qwen3-1.7b-cleanv2,qwen3-1.7b-cleanv2:1032:0,1032,0,0,0,0,26,53
qwen3-1.7b-cleanv2,qwen3-1.7b-cleanv2:1032:4,1032,0,0,0,0,19,53
qwen3-1.7b-cleanv2,qwen3-1.7b-cleanv2:1035:1,1035,25,0,0,0,5,39
qwen3-1.7b-cleanv2,qwen3-1.7b-cleanv2:1036:1,1036,366,0,0,0,26,52
qwen3-1.7b-cleanv2,qwen3-1.7b-cleanv2:1036:2,1036,373,0,0,0,30,52
qwen3-1.7b-cleanv2,qwen3-1.7b-cleanv2:1036:4,1036,1,0,0,0,23,52
qwen3-1.7b-cleanv2,qwen3-1.7b-cleanv2:1039:2,1039,66,0,0,0,8,95
qwen3-1.7b-cleanv2,qwen3-1.7b-cleanv2:1039:3,1039,311,0,0,0,18,95
qwen3-1.7b-cleanv2,qwen3-1.7b-cleanv2:1039:4,1039,259,0,0,0,4,95
qwen3-1.7b-cleanv2,qwen3-1.7b-cleanv2:1039:5,1039,299,0,0,0,19,95
qwen3-1.7b-cleanv2,qwen3-1.7b-cleanv2:1039:6,1039,376,0,0,0,7,95
qwen3-1.7b-cleanv2,qwen3-1.7b-cleanv2:1039:7,1039,376,0,0,0,8,95
qwen3-1.7b-cleanv2,qwen3-1.7b-cleanv2:1040:7,1040,466,0,0,0,38,67
qwen3-1.7b-cleanv2,qwen3-1.7b-cleanv2:1041:1,1041,22,0,0,0,12,56
qwen3-1.7b-cleanv2,qwen3-1.7b-cleanv2:1041:2,1041,6,0,0,0,14,56
qwen3-1.7b-cleanv2,qwen3-1.7b-cleanv2:1041:4,1041,297,0,0,0,11,56
qwen3-1.7b-cleanv2,qwen3-1.7b-cleanv2:1042:1,1042,410,0,0,0,9,49
qwen3-1.7b-cleanv2,qwen3-1.7b-cleanv2:1042:6,1042,418,0,0,0,8,49
qwen3-1.7b-cleanv2,qwen3-1.7b-cleanv2:1042:7,1042,32,0,0,0,13,49
qwen3-1.7b-cleanv2,qwen3-1.7b-cleanv2:1043:2,1043,425,0,0,0,25,62
qwen3-1.7b-cleanv2,qwen3-1.7b-cleanv2:1043:4,1043,439,0,0,0,15,62
qwen3-1.7b-cleanv2,qwen3-1.7b-cleanv2:1044:0,1044,410,0,0,0,7,44
qwen3-1.7b-cleanv2,qwen3-1.7b-cleanv2:1044:1,1044,405,0,0,0,5,44
qwen3-1.7b-cleanv2,qwen3-1.7b-cleanv2:1044:2,1044,340,0,0,0,2,44
qwen3-1.7b-cleanv2,qwen3-1.7b-cleanv2:1044:3,1044,392,0,0,0,4,44
qwen3-1.7b-cleanv2,qwen3-1.7b-cleanv2:1044:4,1044,35,0,0,0,5,44
qwen3-1.7b-cleanv2,qwen3-1.7b-cleanv2:1044:5,1044,13,0,0,0,6,44
qwen3-1.7b-cleanv2,qwen3-1.7b-cleanv2:1044:6,1044,454,0,0,0,7,44
qwen3-1.7b-cleanv2,qwen3-1.7b-cleanv2:1044:7,1044,26,0,0,0,6,44
qwen3-1.7b-cleanv2,qwen3-1.7b-cleanv2:1045:1,1045,408,0,0,0,7,66
qwen3-1.7b-cleanv2,qwen3-1.7b-cleanv2:1045:3,1045,11,0,0,0,9,66
qwen3-1.7b-cleanv2,qwen3-1.7b-cleanv2:1045:4,1045,0,0,0,0,8,66
qwen3-1.7b-cleanv2,qwen3-1.7b-cleanv2:1045:6,1045,2,0,0,0,10,66
qwen3-1.7b-cleanv2,qwen3-1.7b-cleanv2:1046:0,1046,5,0,0,0,14,83
qwen3-1.7b-cleanv2,qwen3-1.7b-cleanv2:1046:1,1046,0,0,0,0,6,83
qwen3-1.7b-cleanv2,qwen3-1.7b-cleanv2:1046:2,1046,378,0,0,0,19,83
qwen3-1.7b-cleanv2,qwen3-1.7b-cleanv2:1046:3,1046,367,0,0,0,20,83
qwen3-1.7b-cleanv2,qwen3-1.7b-cleanv2:1046:6,1046,345,0,0,0,33,83
qwen3-1.7b-cleanv2,qwen3-1.7b-cleanv2:1046:7,1046,1,0,0,0,28,83
qwen3-1.7b-cleanv2,qwen3-1.7b-cleanv2:1050:1,1050,0,0,0,0,17,85
qwen3-1.7b-cleanv2,qwen3-1.7b-cleanv2:1050:2,1050,268,0,0,0,25,85
qwen3-1.7b-cleanv2,qwen3-1.7b-cleanv2:1052:0,1052,382,0,0,0,8,32
qwen3-1.7b-cleanv2,qwen3-1.7b-cleanv2:1052:3,1052,8,0,0,0,6,32
qwen3-1.7b-cleanv2,qwen3-1.7b-cleanv2:1052:4,1052,3,0,0,0,7,32
qwen3-1.7b-cleanv2,qwen3-1.7b-cleanv2:1052:5,1052,2,0,0,0,7,32
qwen3-1.7b-cleanv2,qwen3-1.7b-cleanv2:1052:6,1052,2,0,0,0,8,32
qwen3-1.7b-cleanv2,qwen3-1.7b-cleanv2:1052:7,1052,391,0,0,0,7,32
qwen3-1.7b-cleanv2,qwen3-1.7b-cleanv2:1053:1,1053,427,0,0,0,7,69
qwen3-1.7b-cleanv2,qwen3-1.7b-cleanv2:1053:2,1053,308,0,0,0,6,69
qwen3-1.7b-cleanv2,qwen3-1.7b-cleanv2:1053:5,1053,396,0,0,0,6,69
qwen3-1.7b-cleanv2,qwen3-1.7b-cleanv2:1053:7,1053,372,0,0,0,12,69
qwen3-1.7b-cleanv2,qwen3-1.7b-cleanv2:1054:0,1054,401,0,0,0,10,63
qwen3-1.7b-cleanv2,qwen3-1.7b-cleanv2:1054:5,1054,363,0,0,0,4,63
qwen3-1.7b-cleanv2,qwen3-1.7b-cleanv2:1054:6,1054,273,0,0,0,15,63
qwen3-1.7b-cleanv2,qwen3-1.7b-cleanv2:1054:7,1054,433,0,0,0,16,63
qwen3-1.7b-cleanv2,qwen3-1.7b-cleanv2:1055:6,1055,173,0,0,0,34,98
qwen3-1.7b-cleanv2,qwen3-1.7b-cleanv2:1058:6,1058,8,0,0,0,0,79
qwen3-1.7b-cleanv2,qwen3-1.7b-cleanv2:1059:0,1059,358,0,0,0,5,44
qwen3-1.7b-cleanv2,qwen3-1.7b-cleanv2:1059:7,1059,383,0,0,0,4,44
qwen3-1.7b-cleanv2,qwen3-1.7b-cleanv2:1061:3,1061,432,0,0,0,12,34
qwen3-1.7b-cleanv2,qwen3-1.7b-cleanv2:1062:6,1062,0,0,0,0,4,45
qwen3-1.7b-cleanv2,qwen3-1.7b-cleanv2:1063:0,1063,419,0,0,0,21,84
qwen3-1.7b-cleanv2,qwen3-1.7b-cleanv2:1063:1,1063,441,0,0,0,26,84
qwen3-1.7b-cleanv2,qwen3-1.7b-cleanv2:1063:2,1063,376,0,0,0,20,84
qwen3-1.7b-cleanv2,qwen3-1.7b-cleanv2:1063:3,1063,394,0,0,0,16,84
qwen3-1.7b-cleanv2,qwen3-1.7b-cleanv2:1063:4,1063,375,0,0,0,20,84
qwen3-1.7b-cleanv2,qwen3-1.7b-cleanv2:1063:5,1063,378,0,0,0,13,84
qwen3-1.7b-cleanv2,qwen3-1.7b-cleanv2:1063:6,1063,421,0,0,0,17,84
qwen3-1.7b-cleanv2,qwen3-1.7b-cleanv2:1063:7,1063,86,0,0,0,13,84
qwen3-1.7b-cleanv2,qwen3-1.7b-cleanv2:1064:5,1064,5,0,0,0,9,38
qwen3-1.7b-cleanv2,qwen3-1.7b-cleanv2:1064:7,1064,36,0,0,0,8,38
qwen3-1.7b-cleanv2,qwen3-1.7b-cleanv2:1065:0,1065,418,0,0,0,15,69
qwen3-1.7b-cleanv2,qwen3-1.7b-cleanv2:1070:1,1070,297,0,0,0,1,33
qwen3-1.7b-cleanv2,qwen3-1.7b-cleanv2:1070:2,1070,36,0,0,0,2,33
qwen3-1.7b-cleanv2,qwen3-1.7b-cleanv2:1070:6,1070,344,0,0,0,2,33
qwen3-1.7b-cleanv2,qwen3-1.7b-cleanv2:1071:5,1071,340,0,0,0,20,91
qwen3-1.7b-cleanv2,qwen3-1.7b-cleanv2:1071:6,1071,128,0,0,0,6,91
qwen3-1.7b-cleanv2,qwen3-1.7b-cleanv2:1072:6,1072,359,0,0,0,11,82
qwen3-1.7b-cleanv2,qwen3-1.7b-cleanv2:1073:2,1073,328,0,0,0,12,65
qwen3-1.7b-cleanv2,qwen3-1.7b-cleanv2:1073:7,1073,3,0,0,0,13,65
qwen3-1.7b-cleanv2,qwen3-1.7b-cleanv2:1074:2,1074,387,0,0,0,28,62
qwen3-1.7b-cleanv2,qwen3-1.7b-cleanv2:1074:4,1074,391,0,0,0,28,62
qwen3-1.7b-cleanv2,qwen3-1.7b-cleanv2:1076:0,1076,4,0,0,0,13,58
qwen3-1.7b-cleanv2,qwen3-1.7b-cleanv2:1076:1,1076,251,0,0,0,0,58
qwen3-1.7b-cleanv2,qwen3-1.7b-cleanv2:1076:2,1076,207,0,0,0,9,58
qwen3-1.7b-cleanv2,qwen3-1.7b-cleanv2:1076:3,1076,240,0,0,0,0,58
qwen3-1.7b-cleanv2,qwen3-1.7b-cleanv2:1076:4,1076,363,0,0,0,18,58
qwen3-1.7b-cleanv2,qwen3-1.7b-cleanv2:1077:2,1077,318,0,0,0,13,62
qwen3-1.7b-cleanv2,qwen3-1.7b-cleanv2:1077:4,1077,328,0,0,0,3,62
qwen3-1.7b-cleanv2,qwen3-1.7b-cleanv2:1077:5,1077,286,0,0,0,25,62
qwen3-1.7b-cleanv2,qwen3-1.7b-cleanv2:1077:6,1077,17,0,0,0,16,62
qwen3-1.7b-cleanv2,qwen3-1.7b-cleanv2:1077:7,1077,297,0,0,0,17,62
qwen3-1.7b-cleanv2,qwen3-1.7b-cleanv2:1078:0,1078,0,0,0,0,14,87
qwen3-1.7b-cleanv2,qwen3-1.7b-cleanv2:1078:1,1078,13,0,0,0,10,87
qwen3-1.7b-cleanv2,qwen3-1.7b-cleanv2:1078:4,1078,327,0,0,0,13,87
qwen3-1.7b-cleanv2,qwen3-1.7b-cleanv2:1078:6,1078,20,0,0,0,29,87
qwen3-1.7b-cleanv2,qwen3-1.7b-cleanv2:1079:4,1079,0,0,0,0,13,50
qwen3-1.7b-cleanv2,qwen3-1.7b-cleanv2:1079:5,1079,548,0,0,0,11,50
qwen3-1.7b-cleanv2,qwen3-1.7b-cleanv2:1082:2,1082,355,0,0,0,17,34
qwen3-1.7b-cleanv2,qwen3-1.7b-cleanv2:1082:3,1082,313,0,0,0,17,34
qwen3-1.7b-cleanv2,qwen3-1.7b-cleanv2:1082:4,1082,318,0,0,0,17,34
qwen3-1.7b-cleanv2,qwen3-1.7b-cleanv2:1082:7,1082,403,0,0,0,19,34
qwen3-1.7b-cleanv2,qwen3-1.7b-cleanv2:1085:0,1085,337,0,0,0,34,139
qwen3-1.7b-cleanv2,qwen3-1.7b-cleanv2:1085:1,1085,303,0,0,0,35,139
qwen3-1.7b-cleanv2,qwen3-1.7b-cleanv2:1085:2,1085,295,0,0,0,15,139
qwen3-1.7b-cleanv2,qwen3-1.7b-cleanv2:1085:4,1085,9,0,0,0,27,139
qwen3-1.7b-cleanv2,qwen3-1.7b-cleanv2:1085:6,1085,406,0,0,0,18,139
qwen3-1.7b-cleanv2,qwen3-1.7b-cleanv2:1086:3,1086,5,0,0,0,17,36
qwen3-1.7b-cleanv2,qwen3-1.7b-cleanv2:1086:7,1086,3,0,0,0,14,36
qwen3-1.7b-cleanv2,qwen3-1.7b-cleanv2:1088:0,1088,37,0,0,0,14,54
qwen3-1.7b-cleanv2,qwen3-1.7b-cleanv2:1088:7,1088,236,0,0,0,4,54
qwen3-1.7b-cleanv2,qwen3-1.7b-cleanv2:1089:1,1089,232,0,0,0,3,55
qwen3-1.7b-cleanv2,qwen3-1.7b-cleanv2:1089:4,1089,264,0,0,0,19,55
qwen3-1.7b-cleanv2,qwen3-1.7b-cleanv2:1089:6,1089,0,0,0,0,2,55
qwen3-1.7b-cleanv2,qwen3-1.7b-cleanv2:1091:2,1091,7,0,0,0,5,102
qwen3-1.7b-cleanv2,qwen3-1.7b-cleanv2:1091:4,1091,3,0,0,0,13,102
qwen3-1.7b-cleanv2,qwen3-1.7b-cleanv2:1091:6,1091,148,0,0,0,25,102
qwen3-1.7b-cleanv2,qwen3-1.7b-cleanv2:1091:7,1091,513,0,0,0,7,102
qwen3-1.7b-cleanv2,qwen3-1.7b-cleanv2:1092:0,1092,4,0,0,0,0,10
qwen3-1.7b-cleanv2,qwen3-1.7b-cleanv2:1093:1,1093,408,0,0,0,33,94
qwen3-1.7b-cleanv2,qwen3-1.7b-cleanv2:1093:4,1093,390,0,0,0,49,94
qwen3-1.7b-cleanv2,qwen3-1.7b-cleanv2:1094:2,1094,393,0,0,0,14,37
qwen3-1.7b-cleanv2,qwen3-1.7b-cleanv2:1095:0,1095,283,0,0,0,18,57
qwen3-1.7b-cleanv2,qwen3-1.7b-cleanv2:1095:4,1095,5,0,0,0,23,57
qwen3-1.7b-cleanv2,qwen3-1.7b-cleanv2:1095:5,1095,207,0,0,0,20,57
qwen3-1.7b-cleanv2,qwen3-1.7b-cleanv2:1095:7,1095,9,0,0,0,19,57
qwen3-1.7b-cleanv2,qwen3-1.7b-cleanv2:1098:6,1098,67,0,0,0,13,51
qwen3-1.7b-cleanv2,qwen3-1.7b-cleanv2:1099:0,1099,19,0,0,0,4,48
qwen3-1.7b-cleanv2,qwen3-1.7b-cleanv2:1099:1,1099,6,0,0,0,7,48
qwen3-1.7b-cleanv2,qwen3-1.7b-cleanv2:1099:3,1099,407,0,0,0,13,48
qwen3-1.7b-cleanv2,qwen3-1.7b-cleanv2:1100:2,1100,341,0,0,0,10,56
qwen3-1.7b-cleanv2,qwen3-1.7b-cleanv2:1100:3,1100,331,0,0,0,15,56
qwen3-1.7b-cleanv2,qwen3-1.7b-cleanv2:1100:4,1100,2,0,0,0,14,56
qwen3-1.7b-cleanv2,qwen3-1.7b-cleanv2:1100:6,1100,0,0,0,0,25,56
qwen3-1.7b-cleanv2,qwen3-1.7b-cleanv2:1102:0,1102,428,0,0,0,34,103
qwen3-1.7b-cleanv2,qwen3-1.7b-cleanv2:1102:1,1102,398,0,0,0,29,103
qwen3-1.7b-cleanv2,qwen3-1.7b-cleanv2:1102:2,1102,390,0,0,0,29,103
qwen3-1.7b-cleanv2,qwen3-1.7b-cleanv2:1102:3,1102,345,0,0,0,33,103
qwen3-1.7b-cleanv2,qwen3-1.7b-cleanv2:1102:4,1102,312,0,0,0,30,103
qwen3-1.7b-cleanv2,qwen3-1.7b-cleanv2:1105:0,1105,24,0,0,0,6,78
qwen3-1.7b-cleanv2,qwen3-1.7b-cleanv2:1105:1,1105,296,0,0,0,14,78
qwen3-1.7b-cleanv2,qwen3-1.7b-cleanv2:1105:4,1105,387,0,0,0,14,78
qwen3-1.7b-cleanv2,qwen3-1.7b-cleanv2:1105:5,1105,399,0,0,0,4,78
qwen3-1.7b-cleanv2,qwen3-1.7b-cleanv2:1105:6,1105,45,0,0,0,7,78
qwen3-1.7b-cleanv2,qwen3-1.7b-cleanv2:1105:7,1105,302,0,0,0,12,78
qwen3-1.7b-cleanv2,qwen3-1.7b-cleanv2:1106:2,1106,39,0,0,0,20,79
qwen3-1.7b-cleanv2,qwen3-1.7b-cleanv2:1106:4,1106,392,0,0,0,20,79
qwen3-1.7b-cleanv2,qwen3-1.7b-cleanv2:1106:6,1106,490,0,0,0,18,79
qwen3-1.7b-cleanv2,qwen3-1.7b-cleanv2:1107:0,1107,443,0,0,0,26,112
qwen3-1.7b-cleanv2,qwen3-1.7b-cleanv2:1107:1,1107,517,0,0,0,3,112
qwen3-1.7b-cleanv2,qwen3-1.7b-cleanv2:1107:2,1107,359,0,0,0,6,112
qwen3-1.7b-cleanv2,qwen3-1.7b-cleanv2:1107:3,1107,417,0,0,0,2,112
qwen3-1.7b-cleanv2,qwen3-1.7b-cleanv2:1107:4,1107,367,0,0,0,26,112
qwen3-1.7b-cleanv2,qwen3-1.7b-cleanv2:1107:5,1107,464,0,0,0,7,112
qwen3-1.7b-cleanv2,qwen3-1.7b-cleanv2:1107:6,1107,436,0,0,0,4,112
qwen3-1.7b-cleanv2,qwen3-1.7b-cleanv2:1107:7,1107,373,0,0,0,7,112
