tag,sample_id,stable_prompt_id,blocks_after_capture,novel_triples_after_capture,new_gold_triples_after_capture,new_gold_pairs_after_capture,gold_pairs_covered_at_capture,gold_pairs_total
qwen3-8b-keep4-s42,qwen3-8b-keep4-s42:1:0,1,465,0,0,0,4,88
qwen3-8b-keep4-s42,qwen3-8b-keep4-s42:1:1,1,431,0,0,0,3,88
qwen3-8b-keep4-s42,qwen3-8b-keep4-s42:1:2,1,474,0,0,0,1,88
qwen3-8b-keep4-s42,qwen3-8b-keep4-s42:1:3,1,418,0,0,0,5,88
qwen3-8b-keep4-s42,qwen3-8b-keep4-s42:1:5,1,420,0,0,0,2,88
qwen3-8b-keep4-s42,qwen3-8b-keep4-s42:1:6,1,345,0,0,0,5,88
qwen3-8b-keep4-s42,qwen3-8b-keep4-s42:1:7,1,350,0,0,0,3,88
qwen3-8b-keep4-s42,qwen3-8b-keep4-s42:2:0,2,218,0,0,0,12,93
qwen3-8b-keep4-s42,qwen3-8b-keep4-s42:2:3,2,223,0,0,0,14,93
qwen3-8b-keep4-s42,qwen3-8b-keep4-s42:2:5,2,225,0,0,0,6,93
qwen3-8b-keep4-s42,qwen3-8b-keep4-s42:4:0,4,380,0,0,0,8,46
qwen3-8b-keep4-s42,qwen3-8b-keep4-s42:4:1,4,335,0,0,0,8,46
qwen3-8b-keep4-s42,qwen3-8b-keep4-s42:4:2,4,313,0,0,0,8,46
qwen3-8b-keep4-s42,qwen3-8b-keep4-s42:4:3,4,321,0,0,0,11,46
qwen3-8b-keep4-s42,qwen3-8b-keep4-s42:4:5,4,441,0,0,0,8,46
qwen3-8b-keep4-s42,qwen3-8b-keep4-s42:4:6,4,384,0,0,0,11,46
qwen3-8b-keep4-s42,qwen3-8b-keep4-s42:5:0,5,52,0,0,0,50,94
qwen3-8b-keep4-s42,qwen3-8b-keep4-s42:9:5,9,401,0,0,0,15,54
qwen3-8b-keep4-s42,qwen3-8b-keep4-s42:9:7,9,2,0,0,0,14,54
qwen3-8b-keep4-s42,qwen3-8b-keep4-s42:11:6,11,13,0,0,0,22,43
qwen3-8b-keep4-s42,qwen3-8b-keep4-s42:12:1,12,411,0,0,0,39,57
qwen3-8b-keep4-s42,qwen3-8b-keep4-s42:12:4,12,339,0,0,0,32,57
qwen3-8b-keep4-s42,qwen3-8b-keep4-s42:12:6,12,420,0,0,0,26,57
qwen3-8b-keep4-s42,qwen3-8b-keep4-s42:13:7,13,473,0,0,0,9,30
qwen3-8b-keep4-s42,qwen3-8b-keep4-s42:14:0,14,443,0,0,0,8,81
qwen3-8b-keep4-s42,qwen3-8b-keep4-s42:14:1,14,451,0,0,0,9,81
qwen3-8b-keep4-s42,qwen3-8b-keep4-s42:14:2,14,325,0,0,0,12,81
qwen3-8b-keep4-s42,qwen3-8b-keep4-s42:14:3,14,322,0,0,0,14,81
qwen3-8b-keep4-s42,qwen3-8b-keep4-s42:14:4,14,374,0,0,0,8,81
qwen3-8b-keep4-s42,qwen3-8b-keep4-s42:14:5,14,451,0,0,0,10,81
qwen3-8b-keep4-s42,qwen3-8b-keep4-s42:14:6,14,355,0,0,0,14,81
qwen3-8b-keep4-s42,qwen3-8b-keep4-s42:14:7,14,273,0,0,0,20,81
qwen3-8b-keep4-s42,qwen3-8b-keep4-s42:15:2,15,455,0,0,0,41,57
qwen3-8b-keep4-s42,qwen3-8b-keep4-s42:16:2,16,138,0,0,0,26,78
qwen3-8b-keep4-s42,qwen3-8b-keep4-s42:16:5,16,411,0,0,0,20,78
qwen3-8b-keep4-s42,qwen3-8b-keep4-s42:16:6,16,309,0,0,0,17,78
qwen3-8b-keep4-s42,qwen3-8b-keep4-s42:17:1,17,322,0,0,0,12,70
qwen3-8b-keep4-s42,qwen3-8b-keep4-s42:17:3,17,291,0,0,0,16,70
qwen3-8b-keep4-s42,qwen3-8b-keep4-s42:17:5,17,41,0,0,0,26,70
qwen3-8b-keep4-s42,qwen3-8b-keep4-s42:17:6,17,253,0,0,0,14,70
qwen3-8b-keep4-s42,qwen3-8b-keep4-s42:17:7,17,457,0,0,0,17,70
qwen3-8b-keep4-s42,qwen3-8b-keep4-s42:18:0,18,426,0,0,0,11,21
qwen3-8b-keep4-s42,qwen3-8b-keep4-s42:19:2,19,407,0,0,0,15,51
qwen3-8b-keep4-s42,qwen3-8b-keep4-s42:19:5,19,0,0,0,0,21,51
qwen3-8b-keep4-s42,qwen3-8b-keep4-s42:20:0,20,378,0,0,0,19,90
qwen3-8b-keep4-s42,qwen3-8b-keep4-s42:20:1,20,307,0,0,0,27,90
qwen3-8b-keep4-s42,qwen3-8b-keep4-s42:20:2,20,388,0,0,0,20,90
qwen3-8b-keep4-s42,qwen3-8b-keep4-s42:21:0,21,284,0,0,0,15,71
qwen3-8b-keep4-s42,qwen3-8b-keep4-s42:21:2,21,259,0,0,0,19,71
qwen3-8b-keep4-s42,qwen3-8b-keep4-s42:21:3,21,248,0,0,0,19,71
qwen3-8b-keep4-s42,qwen3-8b-keep4-s42:21:6,21,31,0,0,0,26,71
qwen3-8b-keep4-s42,qwen3-8b-keep4-s42:23:0,23,453,0,0,0,11,74
qwen3-8b-keep4-s42,qwen3-8b-keep4-s42:23:1,23,431,0,0,0,8,74
qwen3-8b-keep4-s42,qwen3-8b-keep4-s42:23:2,23,351,0,0,0,6,74
qwen3-8b-keep4-s42,qwen3-8b-keep4-s42:23:3,23,517,0,0,0,5,74
qwen3-8b-keep4-s42,qwen3-8b-keep4-s42:23:4,23,523,0,0,0,9,74
qwen3-8b-keep4-s42,qwen3-8b-keep4-s42:23:5,23,395,0,0,0,3,74
qwen3-8b-keep4-s42,qwen3-8b-keep4-s42:23:6,23,4,0,0,0,10,74
qwen3-8b-keep4-s42,qwen3-8b-keep4-s42:23:7,23,360,0,0,0,7,74
qwen3-8b-keep4-s42,qwen3-8b-keep4-s42:25:0,25,367,0,0,0,16,61
qwen3-8b-keep4-s42,qwen3-8b-keep4-s42:25:4,25,326,0,0,0,14,61
qwen3-8b-keep4-s42,qwen3-8b-keep4-s42:25:5,25,438,0,0,0,13,61
qwen3-8b-keep4-s42,qwen3-8b-keep4-s42:25:7,25,472,0,0,0,18,61
qwen3-8b-keep4-s42,qwen3-8b-keep4-s42:26:0,26,231,0,0,0,33,60
qwen3-8b-keep4-s42,qwen3-8b-keep4-s42:26:1,26,302,0,0,0,21,60
qwen3-8b-keep4-s42,qwen3-8b-keep4-s42:26:2,26,22,0,0,0,27,60
qwen3-8b-keep4-s42,qwen3-8b-keep4-s42:26:3,26,298,0,0,0,17,60
qwen3-8b-keep4-s42,qwen3-8b-keep4-s42:26:4,26,274,0,0,0,14,60
qwen3-8b-keep4-s42,qwen3-8b-keep4-s42:26:7,26,206,0,0,0,14,60
qwen3-8b-keep4-s42,qwen3-8b-keep4-s42:27:3,27,389,0,0,0,6,49
qwen3-8b-keep4-s42,qwen3-8b-keep4-s42:27:4,27,422,0,0,0,4,49
qwen3-8b-keep4-s42,qwen3-8b-keep4-s42:27:5,27,247,0,0,0,7,49
qwen3-8b-keep4-s42,qwen3-8b-keep4-s42:28:7,28,406,0,0,0,26,59
qwen3-8b-keep4-s42,qwen3-8b-keep4-s42:29:2,29,230,0,0,0,35,120
qwen3-8b-keep4-s42,qwen3-8b-keep4-s42:29:7,29,348,0,0,0,35,120
qwen3-8b-keep4-s42,qwen3-8b-keep4-s42:30:1,30,21,0,0,0,18,47
qwen3-8b-keep4-s42,qwen3-8b-keep4-s42:30:2,30,413,0,0,0,24,47
qwen3-8b-keep4-s42,qwen3-8b-keep4-s42:30:4,30,446,0,0,0,25,47
qwen3-8b-keep4-s42,qwen3-8b-keep4-s42:30:7,30,472,0,0,0,22,47
qwen3-8b-keep4-s42,qwen3-8b-keep4-s42:31:0,31,369,0,0,0,23,86
qwen3-8b-keep4-s42,qwen3-8b-keep4-s42:31:1,31,0,0,0,0,8,86
qwen3-8b-keep4-s42,qwen3-8b-keep4-s42:31:2,31,27,0,0,0,9,86
qwen3-8b-keep4-s42,qwen3-8b-keep4-s42:31:3,31,421,0,0,0,8,86
qwen3-8b-keep4-s42,qwen3-8b-keep4-s42:31:4,31,284,0,0,0,6,86
qwen3-8b-keep4-s42,qwen3-8b-keep4-s42:31:5,31,6,0,0,0,8,86
qwen3-8b-keep4-s42,qwen3-8b-keep4-s42:31:6,31,402,0,0,0,9,86
qwen3-8b-keep4-s42,qwen3-8b-keep4-s42:31:7,31,334,0,0,0,8,86
qwen3-8b-keep4-s42,qwen3-8b-keep4-s42:33:2,33,295,0,0,0,23,100
qwen3-8b-keep4-s42,qwen3-8b-keep4-s42:33:3,33,227,0,0,0,14,100
qwen3-8b-keep4-s42,qwen3-8b-keep4-s42:33:4,33,384,0,0,0,32,100
qwen3-8b-keep4-s42,qwen3-8b-keep4-s42:34:1,34,6,0,0,0,26,103
qwen3-8b-keep4-s42,qwen3-8b-keep4-s42:34:2,34,407,0,0,0,28,103
qwen3-8b-keep4-s42,qwen3-8b-keep4-s42:34:5,34,453,0,0,0,3,103
qwen3-8b-keep4-s42,qwen3-8b-keep4-s42:34:6,34,503,0,0,0,5,103
qwen3-8b-keep4-s42,qwen3-8b-keep4-s42:35:0,35,260,0,0,0,11,59
qwen3-8b-keep4-s42,qwen3-8b-keep4-s42:35:1,35,335,0,0,0,8,59
qwen3-8b-keep4-s42,qwen3-8b-keep4-s42:35:2,35,271,0,0,0,4,59
qwen3-8b-keep4-s42,qwen3-8b-keep4-s42:35:3,35,326,0,0,0,5,59
qwen3-8b-keep4-s42,qwen3-8b-keep4-s42:35:4,35,370,0,0,0,10,59
qwen3-8b-keep4-s42,qwen3-8b-keep4-s42:35:5,35,365,0,0,0,7,59
qwen3-8b-keep4-s42,qwen3-8b-keep4-s42:35:6,35,259,0,0,0,1,59
qwen3-8b-keep4-s42,qwen3-8b-keep4-s42:40:0,40,436,0,0,0,9,32
qwen3-8b-keep4-s42,qwen3-8b-keep4-s42:40:1,40,432,0,0,0,6,32
qwen3-8b-keep4-s42,qwen3-8b-keep4-s42:40:2,40,393,0,0,0,8,32
qwen3-8b-keep4-s42,qwen3-8b-keep4-s42:40:3,40,322,0,0,0,10,32
qwen3-8b-keep4-s42,qwen3-8b-keep4-s42:40:4,40,373,0,0,0,11,32
qwen3-8b-keep4-s42,qwen3-8b-keep4-s42:40:7,40,425,0,0,0,8,32
qwen3-8b-keep4-s42,qwen3-8b-keep4-s42:42:0,42,315,0,0,0,14,56
qwen3-8b-keep4-s42,qwen3-8b-keep4-s42:42:3,42,283,0,0,0,15,56
qwen3-8b-keep4-s42,qwen3-8b-keep4-s42:42:4,42,435,0,0,0,14,56
qwen3-8b-keep4-s42,qwen3-8b-keep4-s42:42:5,42,385,0,0,0,9,56
qwen3-8b-keep4-s42,qwen3-8b-keep4-s42:42:6,42,373,0,0,0,12,56
qwen3-8b-keep4-s42,qwen3-8b-keep4-s42:42:7,42,419,0,0,0,21,56
qwen3-8b-keep4-s42,qwen3-8b-keep4-s42:43:2,43,442,0,0,0,26,69
qwen3-8b-keep4-s42,qwen3-8b-keep4-s42:46:5,46,2,0,0,0,22,38
qwen3-8b-keep4-s42,qwen3-8b-keep4-s42:48:0,48,366,0,0,0,4,80
qwen3-8b-keep4-s42,qwen3-8b-keep4-s42:48:1,48,348,0,0,0,1,80
qwen3-8b-keep4-s42,qwen3-8b-keep4-s42:48:2,48,361,0,0,0,6,80
qwen3-8b-keep4-s42,qwen3-8b-keep4-s42:48:4,48,435,0,0,0,11,80
qwen3-8b-keep4-s42,qwen3-8b-keep4-s42:48:7,48,475,0,0,0,4,80
qwen3-8b-keep4-s42,qwen3-8b-keep4-s42:51:1,51,460,0,0,0,33,120
qwen3-8b-keep4-s42,qwen3-8b-keep4-s42:51:2,51,394,0,0,0,35,120
qwen3-8b-keep4-s42,qwen3-8b-keep4-s42:51:3,51,67,0,0,0,36,120
qwen3-8b-keep4-s42,qwen3-8b-keep4-s42:51:4,51,352,0,0,0,41,120
qwen3-8b-keep4-s42,qwen3-8b-keep4-s42:51:5,51,439,0,0,0,39,120
qwen3-8b-keep4-s42,qwen3-8b-keep4-s42:51:6,51,416,0,0,0,41,120
qwen3-8b-keep4-s42,qwen3-8b-keep4-s42:51:7,51,398,0,0,0,33,120
qwen3-8b-keep4-s42,qwen3-8b-keep4-s42:52:0,52,304,0,0,0,13,26
qwen3-8b-keep4-s42,qwen3-8b-keep4-s42:52:3,52,278,0,0,0,11,26
qwen3-8b-keep4-s42,qwen3-8b-keep4-s42:52:4,52,302,0,0,0,9,26
qwen3-8b-keep4-s42,qwen3-8b-keep4-s42:52:5,52,421,0,0,0,9,26
qwen3-8b-keep4-s42,qwen3-8b-keep4-s42:52:6,52,290,0,0,0,9,26
qwen3-8b-keep4-s42,qwen3-8b-keep4-s42:52:7,52,362,0,0,0,13,26
qwen3-8b-keep4-s42,qwen3-8b-keep4-s42:53:3,53,39,29,0,1,35,86
qwen3-8b-keep4-s42,qwen3-8b-keep4-s42:54:2,54,488,0,0,0,6,16
qwen3-8b-keep4-s42,qwen3-8b-keep4-s42:54:3,54,532,0,0,0,4,16
qwen3-8b-keep4-s42,qwen3-8b-keep4-s42:54:7,54,0,0,0,0,3,16
qwen3-8b-keep4-s42,qwen3-8b-keep4-s42:55:0,55,393,0,0,0,9,44
qwen3-8b-keep4-s42,qwen3-8b-keep4-s42:55:1,55,435,0,0,0,12,44
qwen3-8b-keep4-s42,qwen3-8b-keep4-s42:55:2,55,491,0,0,0,13,44
qwen3-8b-keep4-s42,qwen3-8b-keep4-s42:55:3,55,0,0,0,0,12,44
qwen3-8b-keep4-s42,qwen3-8b-keep4-s42:55:4,55,3,0,0,0,18,44
qwen3-8b-keep4-s42,qwen3-8b-keep4-s42:55:5,55,399,0,0,0,13,44
qwen3-8b-keep4-s42,qwen3-8b-keep4-s42:55:6,55,399,0,0,0,9,44
qwen3-8b-keep4-s42,qwen3-8b-keep4-s42:55:7,55,457,0,0,0,18,44
qwen3-8b-keep4-s42,qwen3-8b-keep4-s42:56:0,56,436,0,0,0,2,52
qwen3-8b-keep4-s42,qwen3-8b-keep4-s42:56:2,56,394,0,0,0,10,52
qwen3-8b-keep4-s42,qwen3-8b-keep4-s42:56:3,56,456,0,0,0,18,52
qwen3-8b-keep4-s42,qwen3-8b-keep4-s42:57:3,57,33,14,0,0,13,41
qwen3-8b-keep4-s42,qwen3-8b-keep4-s42:58:6,58,386,0,0,0,13,49
qwen3-8b-keep4-s42,qwen3-8b-keep4-s42:59:3,59,2,0,0,0,26,70
qwen3-8b-keep4-s42,qwen3-8b-keep4-s42:59:5,59,13,0,0,0,29,70
qwen3-8b-keep4-s42,qwen3-8b-keep4-s42:60:0,60,417,0,0,0,26,95
qwen3-8b-keep4-s42,qwen3-8b-keep4-s42:60:1,60,435,0,0,0,14,95
qwen3-8b-keep4-s42,qwen3-8b-keep4-s42:60:3,60,402,0,0,0,22,95
qwen3-8b-keep4-s42,qwen3-8b-keep4-s42:60:4,60,359,0,0,0,24,95
qwen3-8b-keep4-s42,qwen3-8b-keep4-s42:60:7,60,411,0,0,0,26,95
qwen3-8b-keep4-s42,qwen3-8b-keep4-s42:62:5,62,8,0,0,0,21,88
qwen3-8b-keep4-s42,qwen3-8b-keep4-s42:64:1,64,164,0,0,0,3,56
qwen3-8b-keep4-s42,qwen3-8b-keep4-s42:64:2,64,328,0,0,0,5,56
qwen3-8b-keep4-s42,qwen3-8b-keep4-s42:64:4,64,308,0,0,0,8,56
qwen3-8b-keep4-s42,qwen3-8b-keep4-s42:64:6,64,264,0,0,0,10,56
qwen3-8b-keep4-s42,qwen3-8b-keep4-s42:64:7,64,314,0,0,0,10,56
qwen3-8b-keep4-s42,qwen3-8b-keep4-s42:65:2,65,288,0,0,0,18,59
qwen3-8b-keep4-s42,qwen3-8b-keep4-s42:65:5,65,88,0,0,0,14,59
qwen3-8b-keep4-s42,qwen3-8b-keep4-s42:66:0,66,468,0,0,0,20,65
qwen3-8b-keep4-s42,qwen3-8b-keep4-s42:66:1,66,500,0,0,0,18,65
qwen3-8b-keep4-s42,qwen3-8b-keep4-s42:66:2,66,371,0,0,0,20,65
qwen3-8b-keep4-s42,qwen3-8b-keep4-s42:66:3,66,495,0,0,0,10,65
qwen3-8b-keep4-s42,qwen3-8b-keep4-s42:66:4,66,428,0,0,0,24,65
qwen3-8b-keep4-s42,qwen3-8b-keep4-s42:66:5,66,20,0,0,0,14,65
qwen3-8b-keep4-s42,qwen3-8b-keep4-s42:66:6,66,488,0,0,0,14,65
qwen3-8b-keep4-s42,qwen3-8b-keep4-s42:66:7,66,405,0,0,0,17,65
qwen3-8b-keep4-s42,qwen3-8b-keep4-s42:67:0,67,516,0,0,0,3,78
qwen3-8b-keep4-s42,qwen3-8b-keep4-s42:67:1,67,476,0,0,0,5,78
qwen3-8b-keep4-s42,qwen3-8b-keep4-s42:67:2,67,516,0,0,0,2,78
qwen3-8b-keep4-s42,qwen3-8b-keep4-s42:67:3,67,78,64,0,1,3,78
qwen3-8b-keep4-s42,qwen3-8b-keep4-s42:67:4,67,469,0,0,0,3,78
qwen3-8b-keep4-s42,qwen3-8b-keep4-s42:67:5,67,394,0,0,0,3,78
qwen3-8b-keep4-s42,qwen3-8b-keep4-s42:67:6,67,356,0,0,0,4,78
qwen3-8b-keep4-s42,qwen3-8b-keep4-s42:67:7,67,622,0,0,0,1,78
qwen3-8b-keep4-s42,qwen3-8b-keep4-s42:68:1,68,445,0,0,0,24,82
qwen3-8b-keep4-s42,qwen3-8b-keep4-s42:68:4,68,9,0,0,0,28,82
qwen3-8b-keep4-s42,qwen3-8b-keep4-s42:68:5,68,490,0,0,0,19,82
qwen3-8b-keep4-s42,qwen3-8b-keep4-s42:68:7,68,431,0,0,0,24,82
qwen3-8b-keep4-s42,qwen3-8b-keep4-s42:69:1,69,469,0,0,0,20,62
qwen3-8b-keep4-s42,qwen3-8b-keep4-s42:69:3,69,445,0,0,0,28,62
qwen3-8b-keep4-s42,qwen3-8b-keep4-s42:69:5,69,424,0,0,0,15,62
qwen3-8b-keep4-s42,qwen3-8b-keep4-s42:69:6,69,313,0,0,0,30,62
qwen3-8b-keep4-s42,qwen3-8b-keep4-s42:70:0,70,352,0,0,0,24,115
qwen3-8b-keep4-s42,qwen3-8b-keep4-s42:70:1,70,44,0,0,0,20,115
qwen3-8b-keep4-s42,qwen3-8b-keep4-s42:70:5,70,290,0,0,0,20,115
qwen3-8b-keep4-s42,qwen3-8b-keep4-s42:70:6,70,6,0,0,0,20,115
qwen3-8b-keep4-s42,qwen3-8b-keep4-s42:71:3,71,597,0,0,0,3,24
qwen3-8b-keep4-s42,qwen3-8b-keep4-s42:72:7,72,427,0,0,0,40,74
qwen3-8b-keep4-s42,qwen3-8b-keep4-s42:73:1,73,423,0,0,0,16,38
qwen3-8b-keep4-s42,qwen3-8b-keep4-s42:73:5,73,571,0,0,0,21,38
qwen3-8b-keep4-s42,qwen3-8b-keep4-s42:74:3,74,226,0,0,0,4,45
qwen3-8b-keep4-s42,qwen3-8b-keep4-s42:74:7,74,450,0,0,0,5,45
qwen3-8b-keep4-s42,qwen3-8b-keep4-s42:75:0,75,414,0,0,0,5,59
qwen3-8b-keep4-s42,qwen3-8b-keep4-s42:75:1,75,425,0,0,0,9,59
qwen3-8b-keep4-s42,qwen3-8b-keep4-s42:75:2,75,380,0,0,0,10,59
qwen3-8b-keep4-s42,qwen3-8b-keep4-s42:75:3,75,465,0,0,0,9,59
qwen3-8b-keep4-s42,qwen3-8b-keep4-s42:75:4,75,395,0,0,0,2,59
qwen3-8b-keep4-s42,qwen3-8b-keep4-s42:75:5,75,426,0,0,0,7,59
qwen3-8b-keep4-s42,qwen3-8b-keep4-s42:75:6,75,395,0,0,0,7,59
qwen3-8b-keep4-s42,qwen3-8b-keep4-s42:75:7,75,411,0,0,0,11,59
qwen3-8b-keep4-s42,qwen3-8b-keep4-s42:76:1,76,252,0,0,0,3,39
qwen3-8b-keep4-s42,qwen3-8b-keep4-s42:76:2,76,270,0,0,0,10,39
qwen3-8b-keep4-s42,qwen3-8b-keep4-s42:76:6,76,193,0,0,0,5,39
qwen3-8b-keep4-s42,qwen3-8b-keep4-s42:77:1,77,186,0,0,0,15,55
qwen3-8b-keep4-s42,qwen3-8b-keep4-s42:77:2,77,242,0,0,0,1,55
qwen3-8b-keep4-s42,qwen3-8b-keep4-s42:77:3,77,270,0,0,0,9,55
qwen3-8b-keep4-s42,qwen3-8b-keep4-s42:77:4,77,338,0,0,0,1,55
qwen3-8b-keep4-s42,qwen3-8b-keep4-s42:77:5,77,360,0,0,0,0,55
qwen3-8b-keep4-s42,qwen3-8b-keep4-s42:77:6,77,244,0,0,0,5,55
qwen3-8b-keep4-s42,qwen3-8b-keep4-s42:77:7,77,259,0,0,0,1,55
qwen3-8b-keep4-s42,qwen3-8b-keep4-s42:78:0,78,357,0,0,0,38,77
qwen3-8b-keep4-s42,qwen3-8b-keep4-s42:78:5,78,387,0,0,0,36,77
qwen3-8b-keep4-s42,qwen3-8b-keep4-s42:78:7,78,384,0,0,0,28,77
qwen3-8b-keep4-s42,qwen3-8b-keep4-s42:79:1,79,405,0,0,0,1,76
qwen3-8b-keep4-s42,qwen3-8b-keep4-s42:81:0,81,0,0,0,0,41,110
qwen3-8b-keep4-s42,qwen3-8b-keep4-s42:81:1,81,20,0,0,0,31,110
qwen3-8b-keep4-s42,qwen3-8b-keep4-s42:81:3,81,387,0,0,0,12,110
qwen3-8b-keep4-s42,qwen3-8b-keep4-s42:81:4,81,259,0,0,0,34,110
qwen3-8b-keep4-s42,qwen3-8b-keep4-s42:81:5,81,340,0,0,0,14,110
qwen3-8b-keep4-s42,qwen3-8b-keep4-s42:81:7,81,284,0,0,0,37,110
qwen3-8b-keep4-s42,qwen3-8b-keep4-s42:82:0,82,379,0,0,0,18,56
qwen3-8b-keep4-s42,qwen3-8b-keep4-s42:82:1,82,407,0,0,0,20,56
qwen3-8b-keep4-s42,qwen3-8b-keep4-s42:82:2,82,13,0,0,0,28,56
qwen3-8b-keep4-s42,qwen3-8b-keep4-s42:82:3,82,479,0,0,0,26,56
qwen3-8b-keep4-s42,qwen3-8b-keep4-s42:82:5,82,334,0,0,0,25,56
qwen3-8b-keep4-s42,qwen3-8b-keep4-s42:82:6,82,16,0,0,0,25,56
qwen3-8b-keep4-s42,qwen3-8b-keep4-s42:82:7,82,97,0,0,0,22,56
qwen3-8b-keep4-s42,qwen3-8b-keep4-s42:83:0,83,433,0,0,0,8,91
qwen3-8b-keep4-s42,qwen3-8b-keep4-s42:83:1,83,327,0,0,0,8,91
qwen3-8b-keep4-s42,qwen3-8b-keep4-s42:83:2,83,294,0,0,0,0,91
qwen3-8b-keep4-s42,qwen3-8b-keep4-s42:83:3,83,402,0,0,0,7,91
qwen3-8b-keep4-s42,qwen3-8b-keep4-s42:83:4,83,483,0,0,0,0,91
qwen3-8b-keep4-s42,qwen3-8b-keep4-s42:83:6,83,430,0,0,0,4,91
qwen3-8b-keep4-s42,qwen3-8b-keep4-s42:83:7,83,19,0,0,0,1,91
qwen3-8b-keep4-s42,qwen3-8b-keep4-s42:84:4,84,374,0,0,0,21,79
qwen3-8b-keep4-s42,qwen3-8b-keep4-s42:85:1,85,473,0,0,0,11,61
qwen3-8b-keep4-s42,qwen3-8b-keep4-s42:85:4,85,425,0,0,0,15,61
qwen3-8b-keep4-s42,qwen3-8b-keep4-s42:85:6,85,19,0,0,0,15,61
qwen3-8b-keep4-s42,qwen3-8b-keep4-s42:86:1,86,384,0,0,0,10,45
qwen3-8b-keep4-s42,qwen3-8b-keep4-s42:86:2,86,364,0,0,0,19,45
qwen3-8b-keep4-s42,qwen3-8b-keep4-s42:86:5,86,441,0,0,0,19,45
qwen3-8b-keep4-s42,qwen3-8b-keep4-s42:86:6,86,379,0,0,0,17,45
qwen3-8b-keep4-s42,qwen3-8b-keep4-s42:87:0,87,426,0,0,0,4,43
qwen3-8b-keep4-s42,qwen3-8b-keep4-s42:87:1,87,421,0,0,0,3,43
qwen3-8b-keep4-s42,qwen3-8b-keep4-s42:87:2,87,297,0,0,0,2,43
qwen3-8b-keep4-s42,qwen3-8b-keep4-s42:87:4,87,438,0,0,0,4,43
qwen3-8b-keep4-s42,qwen3-8b-keep4-s42:87:5,87,402,0,0,0,4,43
qwen3-8b-keep4-s42,qwen3-8b-keep4-s42:87:6,87,370,0,0,0,4,43
qwen3-8b-keep4-s42,qwen3-8b-keep4-s42:87:7,87,399,0,0,0,5,43
qwen3-8b-keep4-s42,qwen3-8b-keep4-s42:89:2,89,105,0,0,0,24,74
qwen3-8b-keep4-s42,qwen3-8b-keep4-s42:89:4,89,431,0,0,0,22,74
qwen3-8b-keep4-s42,qwen3-8b-keep4-s42:89:5,89,271,0,0,0,23,74
qwen3-8b-keep4-s42,qwen3-8b-keep4-s42:89:6,89,425,0,0,0,25,74
qwen3-8b-keep4-s42,qwen3-8b-keep4-s42:92:2,92,19,9,0,0,13,41
qwen3-8b-keep4-s42,qwen3-8b-keep4-s42:93:0,93,65,61,0,12,21,47
qwen3-8b-keep4-s42,qwen3-8b-keep4-s42:93:1,93,28,0,0,0,15,47
qwen3-8b-keep4-s42,qwen3-8b-keep4-s42:93:5,93,497,0,0,0,17,47
qwen3-8b-keep4-s42,qwen3-8b-keep4-s42:93:6,93,108,0,0,0,26,47
qwen3-8b-keep4-s42,qwen3-8b-keep4-s42:93:7,93,466,0,0,0,20,47
qwen3-8b-keep4-s42,qwen3-8b-keep4-s42:94:0,94,165,0,0,0,12,55
qwen3-8b-keep4-s42,qwen3-8b-keep4-s42:94:2,94,438,0,0,0,6,55
qwen3-8b-keep4-s42,qwen3-8b-keep4-s42:94:4,94,296,0,0,0,10,55
qwen3-8b-keep4-s42,qwen3-8b-keep4-s42:94:6,94,305,0,0,0,7,55
qwen3-8b-keep4-s42,qwen3-8b-keep4-s42:97:1,97,508,0,0,0,9,33
qwen3-8b-keep4-s42,qwen3-8b-keep4-s42:97:3,97,633,0,0,0,9,33
qwen3-8b-keep4-s42,qwen3-8b-keep4-s42:99:2,99,295,0,0,0,5,14
qwen3-8b-keep4-s42,qwen3-8b-keep4-s42:101:3,101,360,0,0,0,30,46
qwen3-8b-keep4-s42,qwen3-8b-keep4-s42:102:1,102,30,0,0,0,20,68
qwen3-8b-keep4-s42,qwen3-8b-keep4-s42:102:2,102,572,0,0,0,19,68
qwen3-8b-keep4-s42,qwen3-8b-keep4-s42:102:5,102,504,0,0,0,18,68
qwen3-8b-keep4-s42,qwen3-8b-keep4-s42:103:2,103,319,0,0,0,23,47
qwen3-8b-keep4-s42,qwen3-8b-keep4-s42:103:7,103,335,0,0,0,10,47
qwen3-8b-keep4-s42,qwen3-8b-keep4-s42:106:2,106,392,0,0,0,14,31
qwen3-8b-keep4-s42,qwen3-8b-keep4-s42:107:0,107,507,0,0,0,14,30
qwen3-8b-keep4-s42,qwen3-8b-keep4-s42:107:3,107,537,0,0,0,11,30
qwen3-8b-keep4-s42,qwen3-8b-keep4-s42:107:5,107,491,0,0,0,13,30
qwen3-8b-keep4-s42,qwen3-8b-keep4-s42:107:6,107,429,0,0,0,10,30
qwen3-8b-keep4-s42,qwen3-8b-keep4-s42:109:0,109,43,0,0,0,51,81
qwen3-8b-keep4-s42,qwen3-8b-keep4-s42:109:3,109,354,0,0,0,42,81
qwen3-8b-keep4-s42,qwen3-8b-keep4-s42:109:5,109,412,0,0,0,44,81
qwen3-8b-keep4-s42,qwen3-8b-keep4-s42:109:7,109,86,54,6,26,38,81
qwen3-8b-keep4-s42,qwen3-8b-keep4-s42:110:4,110,3,0,0,0,43,87
qwen3-8b-keep4-s42,qwen3-8b-keep4-s42:110:6,110,283,0,0,0,38,87
qwen3-8b-keep4-s42,qwen3-8b-keep4-s42:111:2,111,544,0,0,0,13,28
qwen3-8b-keep4-s42,qwen3-8b-keep4-s42:112:0,112,219,0,0,0,17,36
qwen3-8b-keep4-s42,qwen3-8b-keep4-s42:112:2,112,22,0,0,0,26,36
qwen3-8b-keep4-s42,qwen3-8b-keep4-s42:112:3,112,1,0,0,0,22,36
qwen3-8b-keep4-s42,qwen3-8b-keep4-s42:112:5,112,404,0,0,0,25,36
qwen3-8b-keep4-s42,qwen3-8b-keep4-s42:113:0,113,465,0,0,0,4,9
qwen3-8b-keep4-s42,qwen3-8b-keep4-s42:113:1,113,423,0,0,0,5,9
qwen3-8b-keep4-s42,qwen3-8b-keep4-s42:113:5,113,515,0,0,0,4,9
qwen3-8b-keep4-s42,qwen3-8b-keep4-s42:113:6,113,397,0,0,0,2,9
qwen3-8b-keep4-s42,qwen3-8b-keep4-s42:113:7,113,0,0,0,0,4,9
qwen3-8b-keep4-s42,qwen3-8b-keep4-s42:114:1,114,327,0,0,0,1,13
qwen3-8b-keep4-s42,qwen3-8b-keep4-s42:115:4,115,8,0,0,0,23,45
qwen3-8b-keep4-s42,qwen3-8b-keep4-s42:116:0,116,432,0,0,0,5,32
qwen3-8b-keep4-s42,qwen3-8b-keep4-s42:116:3,116,301,0,0,0,7,32
qwen3-8b-keep4-s42,qwen3-8b-keep4-s42:116:6,116,276,0,0,0,8,32
qwen3-8b-keep4-s42,qwen3-8b-keep4-s42:116:7,116,274,0,0,0,6,32
qwen3-8b-keep4-s42,qwen3-8b-keep4-s42:117:0,117,211,0,0,0,3,41
qwen3-8b-keep4-s42,qwen3-8b-keep4-s42:117:1,117,335,0,0,0,4,41
qwen3-8b-keep4-s42,qwen3-8b-keep4-s42:117:2,117,317,0,0,0,5,41
qwen3-8b-keep4-s42,qwen3-8b-keep4-s42:117:3,117,391,0,0,0,3,41
qwen3-8b-keep4-s42,qwen3-8b-keep4-s42:117:4,117,398,0,0,0,6,41
qwen3-8b-keep4-s42,qwen3-8b-keep4-s42:117:5,117,251,0,0,0,9,41
qwen3-8b-keep4-s42,qwen3-8b-keep4-s42:117:7,117,359,0,0,0,3,41
qwen3-8b-keep4-s42,qwen3-8b-keep4-s42:118:0,118,505,41,1,3,20,60
qwen3-8b-keep4-s42,qwen3-8b-keep4-s42:118:2,118,485,0,0,0,17,60
qwen3-8b-keep4-s42,qwen3-8b-keep4-s42:118:3,118,345,0,0,0,14,60
qwen3-8b-keep4-s42,qwen3-8b-keep4-s42:118:5,118,475,0,0,0,20,60
qwen3-8b-keep4-s42,qwen3-8b-keep4-s42:118:6,118,503,0,0,0,21,60
qwen3-8b-keep4-s42,qwen3-8b-keep4-s42:118:7,118,7,0,0,0,22,60
qwen3-8b-keep4-s42,qwen3-8b-keep4-s42:119:0,119,4,0,0,0,30,86
qwen3-8b-keep4-s42,qwen3-8b-keep4-s42:119:1,119,434,0,0,0,26,86
qwen3-8b-keep4-s42,qwen3-8b-keep4-s42:119:2,119,0,0,0,0,24,86
qwen3-8b-keep4-s42,qwen3-8b-keep4-s42:119:5,119,527,0,0,0,25,86
qwen3-8b-keep4-s42,qwen3-8b-keep4-s42:119:7,119,0,0,0,0,26,86
qwen3-8b-keep4-s42,qwen3-8b-keep4-s42:120:0,120,19,0,0,0,14,38
qwen3-8b-keep4-s42,qwen3-8b-keep4-s42:120:1,120,532,0,0,0,14,38
qwen3-8b-keep4-s42,qwen3-8b-keep4-s42:121:2,121,472,0,0,0,38,65
qwen3-8b-keep4-s42,qwen3-8b-keep4-s42:121:3,121,308,0,0,0,39,65
qwen3-8b-keep4-s42,qwen3-8b-keep4-s42:122:1,122,437,0,0,0,12,84
qwen3-8b-keep4-s42,qwen3-8b-keep4-s42:122:2,122,417,0,0,0,38,84
qwen3-8b-keep4-s42,qwen3-8b-keep4-s42:122:4,122,476,0,0,0,37,84
qwen3-8b-keep4-s42,qwen3-8b-keep4-s42:122:6,122,485,9,0,0,3,84
qwen3-8b-keep4-s42,qwen3-8b-keep4-s42:122:7,122,434,0,0,0,52,84
qwen3-8b-keep4-s42,qwen3-8b-keep4-s42:123:3,123,416,0,0,0,22,112
qwen3-8b-keep4-s42,qwen3-8b-keep4-s42:123:4,123,323,0,0,0,28,112
qwen3-8b-keep4-s42,qwen3-8b-keep4-s42:124:1,124,503,0,0,0,4,26
qwen3-8b-keep4-s42,qwen3-8b-keep4-s42:125:3,125,391,0,0,0,20,32
qwen3-8b-keep4-s42,qwen3-8b-keep4-s42:126:5,126,450,0,0,0,28,65
qwen3-8b-keep4-s42,qwen3-8b-keep4-s42:129:7,129,390,0,0,0,21,35
qwen3-8b-keep4-s42,qwen3-8b-keep4-s42:132:0,132,293,0,0,0,18,53
qwen3-8b-keep4-s42,qwen3-8b-keep4-s42:132:1,132,439,0,0,0,18,53
qwen3-8b-keep4-s42,qwen3-8b-keep4-s42:132:3,132,391,0,0,0,11,53
qwen3-8b-keep4-s42,qwen3-8b-keep4-s42:132:4,132,449,0,0,0,17,53
qwen3-8b-keep4-s42,qwen3-8b-keep4-s42:132:5,132,395,0,0,0,11,53
qwen3-8b-keep4-s42,qwen3-8b-keep4-s42:132:7,132,424,0,0,0,12,53
qwen3-8b-keep4-s42,qwen3-8b-keep4-s42:133:1,133,12,0,0,0,5,23
qwen3-8b-keep4-s42,qwen3-8b-keep4-s42:133:4,133,515,0,0,0,5,23
qwen3-8b-keep4-s42,qwen3-8b-keep4-s42:133:5,133,527,0,0,0,5,23
qwen3-8b-keep4-s42,qwen3-8b-keep4-s42:133:6,133,15,0,0,0,8,23
qwen3-8b-keep4-s42,qwen3-8b-keep4-s42:134:0,134,342,0,0,0,23,64
qwen3-8b-keep4-s42,qwen3-8b-keep4-s42:134:1,134,279,0,0,0,36,64
qwen3-8b-keep4-s42,qwen3-8b-keep4-s42:134:2,134,344,0,0,0,29,64
qwen3-8b-keep4-s42,qwen3-8b-keep4-s42:134:3,134,292,0,0,0,23,64
qwen3-8b-keep4-s42,qwen3-8b-keep4-s42:134:4,134,351,0,0,0,23,64
qwen3-8b-keep4-s42,qwen3-8b-keep4-s42:134:5,134,331,0,0,0,23,64
qwen3-8b-keep4-s42,qwen3-8b-keep4-s42:134:6,134,348,0,0,0,17,64
qwen3-8b-keep4-s42,qwen3-8b-keep4-s42:134:7,134,246,0,0,0,25,64
qwen3-8b-keep4-s42,qwen3-8b-keep4-s42:136:0,136,31,28,5,11,29,77
qwen3-8b-keep4-s42,qwen3-8b-keep4-s42:136:1,136,431,0,0,0,13,77
qwen3-8b-keep4-s42,qwen3-8b-keep4-s42:136:2,136,390,0,0,0,20,77
qwen3-8b-keep4-s42,qwen3-8b-keep4-s42:136:4,136,418,0,0,0,22,77
qwen3-8b-keep4-s42,qwen3-8b-keep4-s42:136:5,136,457,0,0,0,17,77
qwen3-8b-keep4-s42,qwen3-8b-keep4-s42:137:1,137,453,0,0,0,8,46
qwen3-8b-keep4-s42,qwen3-8b-keep4-s42:137:2,137,430,0,0,0,6,46
qwen3-8b-keep4-s42,qwen3-8b-keep4-s42:137:7,137,519,0,0,0,17,46
qwen3-8b-keep4-s42,qwen3-8b-keep4-s42:138:1,138,351,0,0,0,13,83
qwen3-8b-keep4-s42,qwen3-8b-keep4-s42:138:2,138,411,54,0,2,17,83
qwen3-8b-keep4-s42,qwen3-8b-keep4-s42:138:3,138,352,0,0,0,10,83
qwen3-8b-keep4-s42,qwen3-8b-keep4-s42:138:4,138,331,0,0,0,17,83
qwen3-8b-keep4-s42,qwen3-8b-keep4-s42:138:5,138,354,0,0,0,13,83
qwen3-8b-keep4-s42,qwen3-8b-keep4-s42:138:6,138,257,0,0,0,12,83
qwen3-8b-keep4-s42,qwen3-8b-keep4-s42:138:7,138,161,0,0,0,14,83
qwen3-8b-keep4-s42,qwen3-8b-keep4-s42:139:2,139,328,0,0,0,16,20
qwen3-8b-keep4-s42,qwen3-8b-keep4-s42:139:3,139,345,0,0,0,10,20
qwen3-8b-keep4-s42,qwen3-8b-keep4-s42:141:0,141,360,0,0,0,22,43
qwen3-8b-keep4-s42,qwen3-8b-keep4-s42:141:1,141,0,0,0,0,24,43
qwen3-8b-keep4-s42,qwen3-8b-keep4-s42:141:3,141,294,0,0,0,22,43
qwen3-8b-keep4-s42,qwen3-8b-keep4-s42:141:6,141,7,0,0,0,24,43
qwen3-8b-keep4-s42,qwen3-8b-keep4-s42:142:0,142,463,0,0,0,5,11
qwen3-8b-keep4-s42,qwen3-8b-keep4-s42:142:4,142,534,0,0,0,4,11
qwen3-8b-keep4-s42,qwen3-8b-keep4-s42:144:0,144,298,0,0,0,25,41
qwen3-8b-keep4-s42,qwen3-8b-keep4-s42:144:2,144,294,0,0,0,24,41
qwen3-8b-keep4-s42,qwen3-8b-keep4-s42:144:4,144,303,0,0,0,24,41
qwen3-8b-keep4-s42,qwen3-8b-keep4-s42:144:6,144,282,0,0,0,27,41
qwen3-8b-keep4-s42,qwen3-8b-keep4-s42:144:7,144,371,0,0,0,16,41
qwen3-8b-keep4-s42,qwen3-8b-keep4-s42:145:7,145,240,0,0,0,12,48
qwen3-8b-keep4-s42,qwen3-8b-keep4-s42:146:0,146,360,0,0,0,17,72
qwen3-8b-keep4-s42,qwen3-8b-keep4-s42:146:6,146,3,0,0,0,28,72
qwen3-8b-keep4-s42,qwen3-8b-keep4-s42:147:0,147,455,0,0,0,30,47
qwen3-8b-keep4-s42,qwen3-8b-keep4-s42:147:1,147,501,0,0,0,31,47
qwen3-8b-keep4-s42,qwen3-8b-keep4-s42:147:2,147,444,0,0,0,33,47
qwen3-8b-keep4-s42,qwen3-8b-keep4-s42:147:3,147,413,0,0,0,20,47
qwen3-8b-keep4-s42,qwen3-8b-keep4-s42:147:4,147,497,0,0,0,24,47
qwen3-8b-keep4-s42,qwen3-8b-keep4-s42:147:5,147,382,0,0,0,23,47
qwen3-8b-keep4-s42,qwen3-8b-keep4-s42:147:6,147,510,42,2,25,30,47
qwen3-8b-keep4-s42,qwen3-8b-keep4-s42:147:7,147,30,0,0,0,30,47
qwen3-8b-keep4-s42,qwen3-8b-keep4-s42:149:7,149,401,0,0,0,14,27
qwen3-8b-keep4-s42,qwen3-8b-keep4-s42:151:1,151,73,0,0,0,18,35
qwen3-8b-keep4-s42,qwen3-8b-keep4-s42:151:3,151,519,0,0,0,17,35
qwen3-8b-keep4-s42,qwen3-8b-keep4-s42:153:0,153,373,0,0,0,9,98
qwen3-8b-keep4-s42,qwen3-8b-keep4-s42:153:1,153,368,0,0,0,15,98
qwen3-8b-keep4-s42,qwen3-8b-keep4-s42:153:2,153,216,0,0,0,8,98
qwen3-8b-keep4-s42,qwen3-8b-keep4-s42:153:3,153,24,0,0,0,16,98
qwen3-8b-keep4-s42,qwen3-8b-keep4-s42:153:4,153,398,0,0,0,14,98
qwen3-8b-keep4-s42,qwen3-8b-keep4-s42:153:6,153,405,0,0,0,14,98
qwen3-8b-keep4-s42,qwen3-8b-keep4-s42:153:7,153,322,0,0,0,16,98
qwen3-8b-keep4-s42,qwen3-8b-keep4-s42:154:0,154,393,0,0,0,26,77
qwen3-8b-keep4-s42,qwen3-8b-keep4-s42:154:1,154,353,0,0,0,34,77
qwen3-8b-keep4-s42,qwen3-8b-keep4-s42:154:2,154,555,0,0,0,6,77
qwen3-8b-keep4-s42,qwen3-8b-keep4-s42:154:3,154,434,0,0,0,3,77
qwen3-8b-keep4-s42,qwen3-8b-keep4-s42:154:4,154,455,0,0,0,21,77
qwen3-8b-keep4-s42,qwen3-8b-keep4-s42:154:5,154,433,0,0,0,33,77
qwen3-8b-keep4-s42,qwen3-8b-keep4-s42:154:6,154,23,0,0,0,21,77
qwen3-8b-keep4-s42,qwen3-8b-keep4-s42:154:7,154,464,0,0,0,16,77
qwen3-8b-keep4-s42,qwen3-8b-keep4-s42:155:6,155,50,0,0,0,25,73
qwen3-8b-keep4-s42,qwen3-8b-keep4-s42:156:0,156,14,0,0,0,16,50
qwen3-8b-keep4-s42,qwen3-8b-keep4-s42:156:3,156,26,0,0,0,10,50
qwen3-8b-keep4-s42,qwen3-8b-keep4-s42:156:5,156,454,0,0,0,12,50
qwen3-8b-keep4-s42,qwen3-8b-keep4-s42:156:6,156,13,0,0,0,15,50
qwen3-8b-keep4-s42,qwen3-8b-keep4-s42:159:1,159,363,0,0,0,16,27
qwen3-8b-keep4-s42,qwen3-8b-keep4-s42:159:3,159,355,0,0,0,9,27
qwen3-8b-keep4-s42,qwen3-8b-keep4-s42:159:6,159,2,0,0,0,19,27
qwen3-8b-keep4-s42,qwen3-8b-keep4-s42:159:7,159,333,0,0,0,16,27
qwen3-8b-keep4-s42,qwen3-8b-keep4-s42:160:0,160,289,0,0,0,8,56
qwen3-8b-keep4-s42,qwen3-8b-keep4-s42:160:1,160,336,0,0,0,5,56
qwen3-8b-keep4-s42,qwen3-8b-keep4-s42:160:2,160,472,0,0,0,9,56
qwen3-8b-keep4-s42,qwen3-8b-keep4-s42:160:3,160,426,0,0,0,5,56
qwen3-8b-keep4-s42,qwen3-8b-keep4-s42:160:4,160,301,0,0,0,11,56
qwen3-8b-keep4-s42,qwen3-8b-keep4-s42:160:6,160,13,0,0,0,6,56
qwen3-8b-keep4-s42,qwen3-8b-keep4-s42:160:7,160,56,0,0,0,8,56
qwen3-8b-keep4-s42,qwen3-8b-keep4-s42:161:6,161,66,24,1,1,15,51
qwen3-8b-keep4-s42,qwen3-8b-keep4-s42:162:0,162,526,0,0,0,1,35
qwen3-8b-keep4-s42,qwen3-8b-keep4-s42:162:2,162,446,0,0,0,6,35
qwen3-8b-keep4-s42,qwen3-8b-keep4-s42:162:4,162,373,0,0,0,7,35
qwen3-8b-keep4-s42,qwen3-8b-keep4-s42:162:5,162,478,0,0,0,6,35
qwen3-8b-keep4-s42,qwen3-8b-keep4-s42:162:6,162,455,0,0,0,4,35
qwen3-8b-keep4-s42,qwen3-8b-keep4-s42:162:7,162,417,0,0,0,5,35
qwen3-8b-keep4-s42,qwen3-8b-keep4-s42:163:1,163,497,0,0,0,20,97
qwen3-8b-keep4-s42,qwen3-8b-keep4-s42:163:2,163,518,0,0,0,7,97
qwen3-8b-keep4-s42,qwen3-8b-keep4-s42:163:3,163,514,0,0,0,10,97
qwen3-8b-keep4-s42,qwen3-8b-keep4-s42:163:4,163,0,0,0,0,27,97
qwen3-8b-keep4-s42,qwen3-8b-keep4-s42:163:5,163,401,0,0,0,12,97
qwen3-8b-keep4-s42,qwen3-8b-keep4-s42:163:6,163,296,0,0,0,9,97
qwen3-8b-keep4-s42,qwen3-8b-keep4-s42:163:7,163,318,0,0,0,15,97
qwen3-8b-keep4-s42,qwen3-8b-keep4-s42:164:1,164,407,0,0,0,26,66
qwen3-8b-keep4-s42,qwen3-8b-keep4-s42:164:2,164,410,0,0,0,25,66
qwen3-8b-keep4-s42,qwen3-8b-keep4-s42:164:3,164,342,0,0,0,22,66
qwen3-8b-keep4-s42,qwen3-8b-keep4-s42:164:4,164,365,0,0,0,25,66
qwen3-8b-keep4-s42,qwen3-8b-keep4-s42:164:5,164,377,0,0,0,22,66
qwen3-8b-keep4-s42,qwen3-8b-keep4-s42:164:6,164,215,0,0,0,21,66
qwen3-8b-keep4-s42,qwen3-8b-keep4-s42:164:7,164,379,0,0,0,30,66
qwen3-8b-keep4-s42,qwen3-8b-keep4-s42:165:4,165,12,0,0,0,14,26
qwen3-8b-keep4-s42,qwen3-8b-keep4-s42:165:7,165,3,0,0,0,16,26
qwen3-8b-keep4-s42,qwen3-8b-keep4-s42:167:0,167,513,0,0,0,6,43
qwen3-8b-keep4-s42,qwen3-8b-keep4-s42:167:1,167,439,0,0,0,8,43
qwen3-8b-keep4-s42,qwen3-8b-keep4-s42:167:2,167,0,0,0,0,11,43
qwen3-8b-keep4-s42,qwen3-8b-keep4-s42:167:4,167,421,0,0,0,7,43
qwen3-8b-keep4-s42,qwen3-8b-keep4-s42:167:6,167,401,0,0,0,11,43
qwen3-8b-keep4-s42,qwen3-8b-keep4-s42:167:7,167,342,0,0,0,8,43
qwen3-8b-keep4-s42,qwen3-8b-keep4-s42:168:5,168,90,88,1,11,20,47
qwen3-8b-keep4-s42,qwen3-8b-keep4-s42:170:1,170,0,0,0,0,22,67
qwen3-8b-keep4-s42,qwen3-8b-keep4-s42:170:2,170,4,0,0,0,17,67
qwen3-8b-keep4-s42,qwen3-8b-keep4-s42:170:5,170,419,0,0,0,12,67
qwen3-8b-keep4-s42,qwen3-8b-keep4-s42:170:7,170,8,0,0,0,9,67
qwen3-8b-keep4-s42,qwen3-8b-keep4-s42:171:1,171,366,0,0,0,20,63
qwen3-8b-keep4-s42,qwen3-8b-keep4-s42:171:3,171,344,0,0,0,24,63
qwen3-8b-keep4-s42,qwen3-8b-keep4-s42:171:7,171,297,0,0,0,27,63
qwen3-8b-keep4-s42,qwen3-8b-keep4-s42:172:7,172,0,0,0,0,5,13
qwen3-8b-keep4-s42,qwen3-8b-keep4-s42:173:4,173,0,0,0,0,20,46
qwen3-8b-keep4-s42,qwen3-8b-keep4-s42:174:1,174,465,0,0,0,23,62
qwen3-8b-keep4-s42,qwen3-8b-keep4-s42:176:1,176,0,0,0,0,18,48
qwen3-8b-keep4-s42,qwen3-8b-keep4-s42:177:2,177,512,0,0,0,19,34
qwen3-8b-keep4-s42,qwen3-8b-keep4-s42:178:0,178,466,0,0,0,10,69
qwen3-8b-keep4-s42,qwen3-8b-keep4-s42:178:5,178,344,0,0,0,8,69
qwen3-8b-keep4-s42,qwen3-8b-keep4-s42:179:0,179,380,0,0,0,5,53
qwen3-8b-keep4-s42,qwen3-8b-keep4-s42:179:1,179,362,0,0,0,11,53
qwen3-8b-keep4-s42,qwen3-8b-keep4-s42:179:2,179,311,0,0,0,6,53
qwen3-8b-keep4-s42,qwen3-8b-keep4-s42:179:3,179,394,0,0,0,8,53
qwen3-8b-keep4-s42,qwen3-8b-keep4-s42:179:4,179,220,0,0,0,6,53
qwen3-8b-keep4-s42,qwen3-8b-keep4-s42:179:6,179,24,0,0,0,9,53
qwen3-8b-keep4-s42,qwen3-8b-keep4-s42:179:7,179,301,0,0,0,6,53
qwen3-8b-keep4-s42,qwen3-8b-keep4-s42:181:0,181,336,0,0,0,16,72
qwen3-8b-keep4-s42,qwen3-8b-keep4-s42:181:1,181,398,0,0,0,14,72
qwen3-8b-keep4-s42,qwen3-8b-keep4-s42:181:2,181,424,0,0,0,12,72
qwen3-8b-keep4-s42,qwen3-8b-keep4-s42:181:3,181,347,0,0,0,19,72
qwen3-8b-keep4-s42,qwen3-8b-keep4-s42:181:4,181,288,0,0,0,17,72
qwen3-8b-keep4-s42,qwen3-8b-keep4-s42:181:5,181,467,0,0,0,9,72
qwen3-8b-keep4-s42,qwen3-8b-keep4-s42:181:6,181,416,0,0,0,18,72
qwen3-8b-keep4-s42,qwen3-8b-keep4-s42:184:2,184,0,0,0,0,6,24
qwen3-8b-keep4-s42,qwen3-8b-keep4-s42:184:5,184,441,0,0,0,7,24
qwen3-8b-keep4-s42,qwen3-8b-keep4-s42:185:0,185,445,0,0,0,4,8
qwen3-8b-keep4-s42,qwen3-8b-keep4-s42:185:1,185,24,0,0,0,2,8
qwen3-8b-keep4-s42,qwen3-8b-keep4-s42:185:3,185,1,0,0,0,2,8
qwen3-8b-keep4-s42,qwen3-8b-keep4-s42:185:7,185,13,0,0,0,4,8
qwen3-8b-keep4-s42,qwen3-8b-keep4-s42:187:0,187,10,0,0,0,20,57
qwen3-8b-keep4-s42,qwen3-8b-keep4-s42:187:2,187,522,0,0,0,18,57
qwen3-8b-keep4-s42,qwen3-8b-keep4-s42:188:1,188,418,0,0,0,20,44
qwen3-8b-keep4-s42,qwen3-8b-keep4-s42:188:2,188,329,0,0,0,23,44
qwen3-8b-keep4-s42,qwen3-8b-keep4-s42:189:0,189,10,0,0,0,26,69
qwen3-8b-keep4-s42,qwen3-8b-keep4-s42:189:2,189,375,0,0,0,22,69
qwen3-8b-keep4-s42,qwen3-8b-keep4-s42:189:3,189,416,0,0,0,27,69
qwen3-8b-keep4-s42,qwen3-8b-keep4-s42:189:7,189,8,0,0,0,23,69
qwen3-8b-keep4-s42,qwen3-8b-keep4-s42:190:0,190,79,0,0,0,15,68
qwen3-8b-keep4-s42,qwen3-8b-keep4-s42:190:1,190,392,0,0,0,11,68
qwen3-8b-keep4-s42,qwen3-8b-keep4-s42:190:2,190,318,0,0,0,11,68
qwen3-8b-keep4-s42,qwen3-8b-keep4-s42:190:3,190,422,0,0,0,21,68
qwen3-8b-keep4-s42,qwen3-8b-keep4-s42:190:4,190,406,0,0,0,11,68
qwen3-8b-keep4-s42,qwen3-8b-keep4-s42:190:5,190,344,0,0,0,16,68
qwen3-8b-keep4-s42,qwen3-8b-keep4-s42:190:6,190,79,11,0,3,10,68
qwen3-8b-keep4-s42,qwen3-8b-keep4-s42:190:7,190,384,0,0,0,9,68
qwen3-8b-keep4-s42,qwen3-8b-keep4-s42:191:4,191,2,0,0,0,9,47
qwen3-8b-keep4-s42,qwen3-8b-keep4-s42:191:6,191,472,0,0,0,12,47
qwen3-8b-keep4-s42,qwen3-8b-keep4-s42:193:1,193,237,0,0,0,39,87
qwen3-8b-keep4-s42,qwen3-8b-keep4-s42:193:4,193,396,0,0,0,31,87
qwen3-8b-keep4-s42,qwen3-8b-keep4-s42:195:0,195,434,0,0,0,19,74
qwen3-8b-keep4-s42,qwen3-8b-keep4-s42:195:1,195,5,0,0,0,31,74
qwen3-8b-keep4-s42,qwen3-8b-keep4-s42:196:0,196,335,0,0,0,10,41
qwen3-8b-keep4-s42,qwen3-8b-keep4-s42:196:2,196,462,0,0,0,2,41
qwen3-8b-keep4-s42,qwen3-8b-keep4-s42:196:3,196,336,0,0,0,12,41
qwen3-8b-keep4-s42,qwen3-8b-keep4-s42:196:4,196,354,0,0,0,5,41
qwen3-8b-keep4-s42,qwen3-8b-keep4-s42:196:5,196,6,0,0,0,5,41
qwen3-8b-keep4-s42,qwen3-8b-keep4-s42:197:4,197,474,0,0,0,16,38
qwen3-8b-keep4-s42,qwen3-8b-keep4-s42:197:6,197,476,0,0,0,13,38
qwen3-8b-keep4-s42,qwen3-8b-keep4-s42:198:0,198,378,0,0,0,22,58
qwen3-8b-keep4-s42,qwen3-8b-keep4-s42:198:1,198,414,0,0,0,22,58
qwen3-8b-keep4-s42,qwen3-8b-keep4-s42:198:2,198,469,0,0,0,14,58
qwen3-8b-keep4-s42,qwen3-8b-keep4-s42:198:3,198,354,0,0,0,27,58
qwen3-8b-keep4-s42,qwen3-8b-keep4-s42:198:4,198,285,0,0,0,27,58
qwen3-8b-keep4-s42,qwen3-8b-keep4-s42:198:5,198,61,0,0,0,27,58
qwen3-8b-keep4-s42,qwen3-8b-keep4-s42:198:6,198,8,0,0,0,28,58
qwen3-8b-keep4-s42,qwen3-8b-keep4-s42:200:1,200,229,0,0,0,20,43
qwen3-8b-keep4-s42,qwen3-8b-keep4-s42:200:2,200,20,0,0,0,23,43
qwen3-8b-keep4-s42,qwen3-8b-keep4-s42:200:4,200,6,0,0,0,18,43
qwen3-8b-keep4-s42,qwen3-8b-keep4-s42:200:5,200,190,0,0,0,12,43
qwen3-8b-keep4-s42,qwen3-8b-keep4-s42:200:6,200,369,0,0,0,11,43
qwen3-8b-keep4-s42,qwen3-8b-keep4-s42:200:7,200,272,0,0,0,16,43
qwen3-8b-keep4-s42,qwen3-8b-keep4-s42:201:3,201,5,0,0,0,7,34
qwen3-8b-keep4-s42,qwen3-8b-keep4-s42:201:5,201,453,0,0,0,4,34
qwen3-8b-keep4-s42,qwen3-8b-keep4-s42:202:1,202,244,0,0,0,21,86
qwen3-8b-keep4-s42,qwen3-8b-keep4-s42:202:2,202,0,0,0,0,24,86
qwen3-8b-keep4-s42,qwen3-8b-keep4-s42:202:3,202,239,0,0,0,27,86
qwen3-8b-keep4-s42,qwen3-8b-keep4-s42:202:4,202,239,0,0,0,31,86
qwen3-8b-keep4-s42,qwen3-8b-keep4-s42:202:5,202,247,0,0,0,38,86
qwen3-8b-keep4-s42,qwen3-8b-keep4-s42:202:6,202,219,0,0,0,40,86
qwen3-8b-keep4-s42,qwen3-8b-keep4-s42:202:7,202,70,0,0,0,35,86
qwen3-8b-keep4-s42,qwen3-8b-keep4-s42:203:3,203,34,0,0,0,53,60
qwen3-8b-keep4-s42,qwen3-8b-keep4-s42:204:0,204,410,0,0,0,20,108
qwen3-8b-keep4-s42,qwen3-8b-keep4-s42:204:1,204,425,0,0,0,16,108
qwen3-8b-keep4-s42,qwen3-8b-keep4-s42:204:2,204,430,0,0,0,19,108
qwen3-8b-keep4-s42,qwen3-8b-keep4-s42:204:3,204,387,0,0,0,10,108
qwen3-8b-keep4-s42,qwen3-8b-keep4-s42:204:4,204,340,0,0,0,34,108
qwen3-8b-keep4-s42,qwen3-8b-keep4-s42:204:5,204,10,0,0,0,39,108
qwen3-8b-keep4-s42,qwen3-8b-keep4-s42:204:6,204,475,0,0,0,22,108
qwen3-8b-keep4-s42,qwen3-8b-keep4-s42:205:3,205,79,0,0,0,7,34
qwen3-8b-keep4-s42,qwen3-8b-keep4-s42:205:6,205,443,0,0,0,13,34
qwen3-8b-keep4-s42,qwen3-8b-keep4-s42:206:0,206,471,0,0,0,3,29
qwen3-8b-keep4-s42,qwen3-8b-keep4-s42:207:4,207,2,0,0,0,16,65
qwen3-8b-keep4-s42,qwen3-8b-keep4-s42:207:7,207,472,0,0,0,13,65
qwen3-8b-keep4-s42,qwen3-8b-keep4-s42:208:0,208,469,0,0,0,20,64
qwen3-8b-keep4-s42,qwen3-8b-keep4-s42:208:2,208,387,0,0,0,21,64
qwen3-8b-keep4-s42,qwen3-8b-keep4-s42:208:3,208,8,0,0,0,30,64
qwen3-8b-keep4-s42,qwen3-8b-keep4-s42:208:4,208,400,0,0,0,16,64
qwen3-8b-keep4-s42,qwen3-8b-keep4-s42:209:0,209,490,0,0,0,8,49
qwen3-8b-keep4-s42,qwen3-8b-keep4-s42:211:2,211,0,0,0,0,5,37
qwen3-8b-keep4-s42,qwen3-8b-keep4-s42:211:5,211,440,0,0,0,9,37
qwen3-8b-keep4-s42,qwen3-8b-keep4-s42:212:2,212,3,0,0,0,12,36
qwen3-8b-keep4-s42,qwen3-8b-keep4-s42:212:3,212,466,0,0,0,13,36
qwen3-8b-keep4-s42,qwen3-8b-keep4-s42:212:7,212,546,0,0,0,8,36
qwen3-8b-keep4-s42,qwen3-8b-keep4-s42:214:2,214,227,0,0,0,17,53
qwen3-8b-keep4-s42,qwen3-8b-keep4-s42:214:3,214,92,0,0,0,37,53
qwen3-8b-keep4-s42,qwen3-8b-keep4-s42:214:5,214,80,0,0,0,23,53
qwen3-8b-keep4-s42,qwen3-8b-keep4-s42:214:6,214,255,0,0,0,16,53
qwen3-8b-keep4-s42,qwen3-8b-keep4-s42:216:1,216,385,0,0,0,19,70
qwen3-8b-keep4-s42,qwen3-8b-keep4-s42:216:2,216,355,0,0,0,21,70
qwen3-8b-keep4-s42,qwen3-8b-keep4-s42:216:3,216,341,0,0,0,19,70
qwen3-8b-keep4-s42,qwen3-8b-keep4-s42:216:4,216,318,0,0,0,15,70
qwen3-8b-keep4-s42,qwen3-8b-keep4-s42:216:5,216,426,0,0,0,19,70
qwen3-8b-keep4-s42,qwen3-8b-keep4-s42:216:6,216,382,0,0,0,15,70
qwen3-8b-keep4-s42,qwen3-8b-keep4-s42:216:7,216,312,0,0,0,8,70
qwen3-8b-keep4-s42,qwen3-8b-keep4-s42:218:0,218,547,0,0,0,10,50
qwen3-8b-keep4-s42,qwen3-8b-keep4-s42:218:1,218,415,0,0,0,6,50
qwen3-8b-keep4-s42,qwen3-8b-keep4-s42:218:4,218,512,0,0,0,5,50
qwen3-8b-keep4-s42,qwen3-8b-keep4-s42:218:5,218,437,0,0,0,5,50
qwen3-8b-keep4-s42,qwen3-8b-keep4-s42:218:6,218,441,0,0,0,7,50
qwen3-8b-keep4-s42,qwen3-8b-keep4-s42:218:7,218,477,0,0,0,6,50
qwen3-8b-keep4-s42,qwen3-8b-keep4-s42:219:1,219,328,0,0,0,6,31
qwen3-8b-keep4-s42,qwen3-8b-keep4-s42:219:5,219,430,0,0,0,7,31
qwen3-8b-keep4-s42,qwen3-8b-keep4-s42:219:6,219,425,0,0,0,5,31
qwen3-8b-keep4-s42,qwen3-8b-keep4-s42:220:0,220,565,0,0,0,14,20
qwen3-8b-keep4-s42,qwen3-8b-keep4-s42:220:5,220,503,0,0,0,12,20
qwen3-8b-keep4-s42,qwen3-8b-keep4-s42:222:3,222,428,0,0,0,14,37
qwen3-8b-keep4-s42,qwen3-8b-keep4-s42:223:6,223,411,0,0,0,21,60
qwen3-8b-keep4-s42,qwen3-8b-keep4-s42:223:7,223,383,0,0,0,35,60
qwen3-8b-keep4-s42,qwen3-8b-keep4-s42:225:3,225,339,0,0,0,19,27
qwen3-8b-keep4-s42,qwen3-8b-keep4-s42:226:0,226,490,0,0,0,7,26
qwen3-8b-keep4-s42,qwen3-8b-keep4-s42:226:1,226,538,0,0,0,7,26
qwen3-8b-keep4-s42,qwen3-8b-keep4-s42:226:2,226,528,0,0,0,5,26
qwen3-8b-keep4-s42,qwen3-8b-keep4-s42:226:3,226,435,0,0,0,7,26
qwen3-8b-keep4-s42,qwen3-8b-keep4-s42:226:5,226,484,0,0,0,3,26
qwen3-8b-keep4-s42,qwen3-8b-keep4-s42:226:6,226,574,0,0,0,6,26
qwen3-8b-keep4-s42,qwen3-8b-keep4-s42:226:7,226,543,0,0,0,4,26
qwen3-8b-keep4-s42,qwen3-8b-keep4-s42:227:1,227,324,0,0,0,21,58
qwen3-8b-keep4-s42,qwen3-8b-keep4-s42:227:5,227,269,0,0,0,18,58
qwen3-8b-keep4-s42,qwen3-8b-keep4-s42:227:6,227,407,0,0,0,20,58
qwen3-8b-keep4-s42,qwen3-8b-keep4-s42:227:7,227,404,0,0,0,18,58
qwen3-8b-keep4-s42,qwen3-8b-keep4-s42:228:0,228,494,0,0,0,1,43
qwen3-8b-keep4-s42,qwen3-8b-keep4-s42:228:2,228,327,0,0,0,5,43
qwen3-8b-keep4-s42,qwen3-8b-keep4-s42:228:3,228,411,0,0,0,2,43
qwen3-8b-keep4-s42,qwen3-8b-keep4-s42:228:5,228,431,0,0,0,23,43
qwen3-8b-keep4-s42,qwen3-8b-keep4-s42:229:1,229,390,0,0,0,27,76
qwen3-8b-keep4-s42,qwen3-8b-keep4-s42:229:2,229,385,0,0,0,44,76
qwen3-8b-keep4-s42,qwen3-8b-keep4-s42:229:3,229,402,0,0,0,42,76
qwen3-8b-keep4-s42,qwen3-8b-keep4-s42:229:5,229,356,0,0,0,41,76
qwen3-8b-keep4-s42,qwen3-8b-keep4-s42:229:6,229,443,22,1,6,36,76
qwen3-8b-keep4-s42,qwen3-8b-keep4-s42:229:7,229,379,0,0,0,29,76
qwen3-8b-keep4-s42,qwen3-8b-keep4-s42:230:0,230,5,0,0,0,24,36
qwen3-8b-keep4-s42,qwen3-8b-keep4-s42:230:1,230,343,0,0,0,22,36
qwen3-8b-keep4-s42,qwen3-8b-keep4-s42:230:2,230,9,0,0,0,16,36
qwen3-8b-keep4-s42,qwen3-8b-keep4-s42:230:6,230,319,0,0,0,11,36
qwen3-8b-keep4-s42,qwen3-8b-keep4-s42:231:0,231,402,0,0,0,17,56
qwen3-8b-keep4-s42,qwen3-8b-keep4-s42:231:2,231,24,0,0,0,27,56
qwen3-8b-keep4-s42,qwen3-8b-keep4-s42:231:3,231,432,0,0,0,24,56
qwen3-8b-keep4-s42,qwen3-8b-keep4-s42:231:5,231,430,0,0,0,16,56
qwen3-8b-keep4-s42,qwen3-8b-keep4-s42:231:6,231,338,0,0,0,27,56
qwen3-8b-keep4-s42,qwen3-8b-keep4-s42:231:7,231,433,0,0,0,26,56
qwen3-8b-keep4-s42,qwen3-8b-keep4-s42:232:0,232,523,0,0,0,31,89
qwen3-8b-keep4-s42,qwen3-8b-keep4-s42:232:1,232,391,0,0,0,34,89
qwen3-8b-keep4-s42,qwen3-8b-keep4-s42:232:2,232,306,0,0,0,31,89
qwen3-8b-keep4-s42,qwen3-8b-keep4-s42:232:3,232,371,0,0,0,49,89
qwen3-8b-keep4-s42,qwen3-8b-keep4-s42:232:6,232,2,0,0,0,49,89
qwen3-8b-keep4-s42,qwen3-8b-keep4-s42:232:7,232,429,0,0,0,33,89
qwen3-8b-keep4-s42,qwen3-8b-keep4-s42:233:1,233,0,0,0,0,42,95
qwen3-8b-keep4-s42,qwen3-8b-keep4-s42:233:3,233,25,0,0,0,25,95
qwen3-8b-keep4-s42,qwen3-8b-keep4-s42:233:4,233,397,0,0,0,47,95
qwen3-8b-keep4-s42,qwen3-8b-keep4-s42:234:0,234,416,0,0,0,15,88
qwen3-8b-keep4-s42,qwen3-8b-keep4-s42:234:1,234,386,0,0,0,6,88
qwen3-8b-keep4-s42,qwen3-8b-keep4-s42:234:2,234,371,0,0,0,12,88
qwen3-8b-keep4-s42,qwen3-8b-keep4-s42:234:3,234,285,0,0,0,1,88
qwen3-8b-keep4-s42,qwen3-8b-keep4-s42:234:4,234,285,28,0,0,13,88
qwen3-8b-keep4-s42,qwen3-8b-keep4-s42:234:5,234,400,0,0,0,22,88
qwen3-8b-keep4-s42,qwen3-8b-keep4-s42:234:7,234,365,0,0,0,7,88
qwen3-8b-keep4-s42,qwen3-8b-keep4-s42:236:0,236,524,0,0,0,4,17
qwen3-8b-keep4-s42,qwen3-8b-keep4-s42:236:2,236,2,0,0,0,8,17
qwen3-8b-keep4-s42,qwen3-8b-keep4-s42:238:0,238,224,0,0,0,12,42
qwen3-8b-keep4-s42,qwen3-8b-keep4-s42:238:1,238,257,0,0,0,18,42
qwen3-8b-keep4-s42,qwen3-8b-keep4-s42:238:2,238,302,0,0,0,7,42
qwen3-8b-keep4-s42,qwen3-8b-keep4-s42:238:3,238,280,0,0,0,13,42
qwen3-8b-keep4-s42,qwen3-8b-keep4-s42:238:4,238,348,0,0,0,18,42
qwen3-8b-keep4-s42,qwen3-8b-keep4-s42:238:5,238,356,0,0,0,13,42
qwen3-8b-keep4-s42,qwen3-8b-keep4-s42:238:6,238,267,0,0,0,12,42
qwen3-8b-keep4-s42,qwen3-8b-keep4-s42:239:1,239,414,0,0,0,18,46
qwen3-8b-keep4-s42,qwen3-8b-keep4-s42:239:2,239,454,0,0,0,15,46
qwen3-8b-keep4-s42,qwen3-8b-keep4-s42:239:5,239,349,0,0,0,12,46
qwen3-8b-keep4-s42,qwen3-8b-keep4-s42:239:6,239,474,0,0,0,12,46
qwen3-8b-keep4-s42,qwen3-8b-keep4-s42:239:7,239,455,0,0,0,12,46
qwen3-8b-keep4-s42,qwen3-8b-keep4-s42:240:0,240,519,0,0,0,11,28
qwen3-8b-keep4-s42,qwen3-8b-keep4-s42:240:1,240,36,0,0,0,9,28
qwen3-8b-keep4-s42,qwen3-8b-keep4-s42:243:2,243,502,0,0,0,26,36
qwen3-8b-keep4-s42,qwen3-8b-keep4-s42:243:3,243,426,0,0,0,28,36
qwen3-8b-keep4-s42,qwen3-8b-keep4-s42:244:1,244,448,0,0,0,15,41
qwen3-8b-keep4-s42,qwen3-8b-keep4-s42:244:4,244,471,0,0,0,0,41
qwen3-8b-keep4-s42,qwen3-8b-keep4-s42:244:5,244,436,0,0,0,7,41
qwen3-8b-keep4-s42,qwen3-8b-keep4-s42:245:1,245,383,0,0,0,15,34
qwen3-8b-keep4-s42,qwen3-8b-keep4-s42:245:2,245,390,0,0,0,13,34
qwen3-8b-keep4-s42,qwen3-8b-keep4-s42:250:1,250,297,0,0,0,21,68
qwen3-8b-keep4-s42,qwen3-8b-keep4-s42:250:5,250,299,0,0,0,21,68
qwen3-8b-keep4-s42,qwen3-8b-keep4-s42:252:0,252,276,0,0,0,20,74
qwen3-8b-keep4-s42,qwen3-8b-keep4-s42:252:2,252,489,0,0,0,3,74
qwen3-8b-keep4-s42,qwen3-8b-keep4-s42:252:4,252,372,0,0,0,13,74
qwen3-8b-keep4-s42,qwen3-8b-keep4-s42:252:6,252,285,0,0,0,11,74
qwen3-8b-keep4-s42,qwen3-8b-keep4-s42:252:7,252,458,0,0,0,15,74
qwen3-8b-keep4-s42,qwen3-8b-keep4-s42:253:0,253,436,0,0,0,13,44
qwen3-8b-keep4-s42,qwen3-8b-keep4-s42:253:6,253,132,0,0,0,25,44
qwen3-8b-keep4-s42,qwen3-8b-keep4-s42:255:4,255,276,0,0,0,12,36
qwen3-8b-keep4-s42,qwen3-8b-keep4-s42:257:0,257,342,0,0,0,32,76
qwen3-8b-keep4-s42,qwen3-8b-keep4-s42:257:2,257,416,0,0,0,32,76
qwen3-8b-keep4-s42,qwen3-8b-keep4-s42:257:5,257,460,0,0,0,38,76
qwen3-8b-keep4-s42,qwen3-8b-keep4-s42:257:6,257,380,0,0,0,40,76
qwen3-8b-keep4-s42,qwen3-8b-keep4-s42:258:0,258,409,0,0,0,18,38
qwen3-8b-keep4-s42,qwen3-8b-keep4-s42:258:4,258,4,0,0,0,14,38
qwen3-8b-keep4-s42,qwen3-8b-keep4-s42:258:6,258,376,0,0,0,16,38
qwen3-8b-keep4-s42,qwen3-8b-keep4-s42:259:0,259,516,0,0,0,10,56
qwen3-8b-keep4-s42,qwen3-8b-keep4-s42:259:2,259,440,0,0,0,14,56
qwen3-8b-keep4-s42,qwen3-8b-keep4-s42:259:6,259,476,0,0,0,10,56
qwen3-8b-keep4-s42,qwen3-8b-keep4-s42:259:7,259,0,0,0,0,17,56
qwen3-8b-keep4-s42,qwen3-8b-keep4-s42:261:1,261,461,0,0,0,7,27
qwen3-8b-keep4-s42,qwen3-8b-keep4-s42:261:4,261,0,0,0,0,2,27
qwen3-8b-keep4-s42,qwen3-8b-keep4-s42:261:5,261,547,0,0,0,2,27
qwen3-8b-keep4-s42,qwen3-8b-keep4-s42:261:7,261,2,0,0,0,3,27
qwen3-8b-keep4-s42,qwen3-8b-keep4-s42:264:1,264,299,0,0,0,8,49
qwen3-8b-keep4-s42,qwen3-8b-keep4-s42:264:2,264,0,0,0,0,10,49
qwen3-8b-keep4-s42,qwen3-8b-keep4-s42:264:4,264,303,0,0,0,13,49
qwen3-8b-keep4-s42,qwen3-8b-keep4-s42:264:6,264,7,0,0,0,17,49
qwen3-8b-keep4-s42,qwen3-8b-keep4-s42:264:7,264,383,0,0,0,10,49
qwen3-8b-keep4-s42,qwen3-8b-keep4-s42:268:0,268,538,0,0,0,8,22
qwen3-8b-keep4-s42,qwen3-8b-keep4-s42:268:1,268,4,0,0,0,5,22
qwen3-8b-keep4-s42,qwen3-8b-keep4-s42:268:2,268,479,0,0,0,1,22
qwen3-8b-keep4-s42,qwen3-8b-keep4-s42:268:3,268,557,0,0,0,7,22
qwen3-8b-keep4-s42,qwen3-8b-keep4-s42:268:4,268,436,0,0,0,4,22
qwen3-8b-keep4-s42,qwen3-8b-keep4-s42:268:5,268,14,0,0,0,2,22
qwen3-8b-keep4-s42,qwen3-8b-keep4-s42:268:6,268,563,0,0,0,8,22
qwen3-8b-keep4-s42,qwen3-8b-keep4-s42:268:7,268,428,0,0,0,3,22
qwen3-8b-keep4-s42,qwen3-8b-keep4-s42:272:5,272,323,0,0,0,19,55
qwen3-8b-keep4-s42,qwen3-8b-keep4-s42:273:1,273,422,0,0,0,5,39
qwen3-8b-keep4-s42,qwen3-8b-keep4-s42:274:4,274,388,0,0,0,14,83
qwen3-8b-keep4-s42,qwen3-8b-keep4-s42:274:6,274,374,0,0,0,20,83
qwen3-8b-keep4-s42,qwen3-8b-keep4-s42:274:7,274,0,0,0,0,29,83
qwen3-8b-keep4-s42,qwen3-8b-keep4-s42:275:1,275,4,0,0,0,11,34
qwen3-8b-keep4-s42,qwen3-8b-keep4-s42:275:2,275,421,0,0,0,7,34
qwen3-8b-keep4-s42,qwen3-8b-keep4-s42:275:3,275,489,0,0,0,11,34
qwen3-8b-keep4-s42,qwen3-8b-keep4-s42:276:1,276,394,0,0,0,11,22
qwen3-8b-keep4-s42,qwen3-8b-keep4-s42:277:0,277,446,0,0,0,21,65
qwen3-8b-keep4-s42,qwen3-8b-keep4-s42:277:1,277,374,0,0,0,26,65
qwen3-8b-keep4-s42,qwen3-8b-keep4-s42:277:2,277,311,0,0,0,22,65
qwen3-8b-keep4-s42,qwen3-8b-keep4-s42:277:3,277,39,0,0,0,32,65
qwen3-8b-keep4-s42,qwen3-8b-keep4-s42:277:4,277,8,0,0,0,29,65
qwen3-8b-keep4-s42,qwen3-8b-keep4-s42:277:5,277,320,0,0,0,31,65
qwen3-8b-keep4-s42,qwen3-8b-keep4-s42:277:6,277,333,0,0,0,14,65
qwen3-8b-keep4-s42,qwen3-8b-keep4-s42:277:7,277,48,0,0,0,16,65
qwen3-8b-keep4-s42,qwen3-8b-keep4-s42:279:0,279,541,0,0,0,10,36
qwen3-8b-keep4-s42,qwen3-8b-keep4-s42:279:3,279,5,0,0,0,8,36
qwen3-8b-keep4-s42,qwen3-8b-keep4-s42:279:5,279,446,0,0,0,6,36
qwen3-8b-keep4-s42,qwen3-8b-keep4-s42:279:6,279,514,0,0,0,5,36
qwen3-8b-keep4-s42,qwen3-8b-keep4-s42:280:4,280,387,0,0,0,3,40
qwen3-8b-keep4-s42,qwen3-8b-keep4-s42:280:5,280,370,0,0,0,4,40
qwen3-8b-keep4-s42,qwen3-8b-keep4-s42:283:2,283,4,0,0,0,24,64
qwen3-8b-keep4-s42,qwen3-8b-keep4-s42:283:6,283,340,0,0,0,34,64
qwen3-8b-keep4-s42,qwen3-8b-keep4-s42:286:0,286,470,0,0,0,15,48
qwen3-8b-keep4-s42,qwen3-8b-keep4-s42:286:1,286,412,0,0,0,13,48
qwen3-8b-keep4-s42,qwen3-8b-keep4-s42:286:2,286,11,0,0,0,19,48
qwen3-8b-keep4-s42,qwen3-8b-keep4-s42:286:3,286,478,0,0,0,12,48
qwen3-8b-keep4-s42,qwen3-8b-keep4-s42:286:4,286,73,0,0,0,14,48
qwen3-8b-keep4-s42,qwen3-8b-keep4-s42:286:5,286,448,0,0,0,12,48
qwen3-8b-keep4-s42,qwen3-8b-keep4-s42:286:6,286,455,0,0,0,14,48
qwen3-8b-keep4-s42,qwen3-8b-keep4-s42:287:1,287,485,0,0,0,10,63
qwen3-8b-keep4-s42,qwen3-8b-keep4-s42:287:2,287,2,0,0,0,3,63
qwen3-8b-keep4-s42,qwen3-8b-keep4-s42:287:4,287,3,0,0,0,10,63
qwen3-8b-keep4-s42,qwen3-8b-keep4-s42:287:5,287,366,0,0,0,6,63
qwen3-8b-keep4-s42,qwen3-8b-keep4-s42:287:6,287,428,0,0,0,4,63
qwen3-8b-keep4-s42,qwen3-8b-keep4-s42:287:7,287,464,0,0,0,9,63
qwen3-8b-keep4-s42,qwen3-8b-keep4-s42:289:2,289,12,11,0,2,9,21
qwen3-8b-keep4-s42,qwen3-8b-keep4-s42:291:1,291,246,0,0,0,17,44
qwen3-8b-keep4-s42,qwen3-8b-keep4-s42:291:2,291,252,0,0,0,14,44
qwen3-8b-keep4-s42,qwen3-8b-keep4-s42:291:3,291,327,0,0,0,15,44
qwen3-8b-keep4-s42,qwen3-8b-keep4-s42:291:4,291,271,0,0,0,17,44
qwen3-8b-keep4-s42,qwen3-8b-keep4-s42:291:5,291,252,0,0,0,13,44
qwen3-8b-keep4-s42,qwen3-8b-keep4-s42:294:0,294,464,0,0,0,16,79
qwen3-8b-keep4-s42,qwen3-8b-keep4-s42:294:1,294,483,0,0,0,7,79
qwen3-8b-keep4-s42,qwen3-8b-keep4-s42:294:2,294,556,0,0,0,9,79
qwen3-8b-keep4-s42,qwen3-8b-keep4-s42:294:3,294,460,0,0,0,17,79
qwen3-8b-keep4-s42,qwen3-8b-keep4-s42:294:4,294,440,0,0,0,7,79
qwen3-8b-keep4-s42,qwen3-8b-keep4-s42:294:5,294,437,0,0,0,5,79
qwen3-8b-keep4-s42,qwen3-8b-keep4-s42:294:6,294,500,0,0,0,11,79
qwen3-8b-keep4-s42,qwen3-8b-keep4-s42:294:7,294,517,0,0,0,19,79
qwen3-8b-keep4-s42,qwen3-8b-keep4-s42:297:0,297,337,0,0,0,12,51
qwen3-8b-keep4-s42,qwen3-8b-keep4-s42:297:1,297,247,0,0,0,12,51
qwen3-8b-keep4-s42,qwen3-8b-keep4-s42:297:7,297,32,0,0,0,15,51
qwen3-8b-keep4-s42,qwen3-8b-keep4-s42:298:0,298,288,0,0,0,26,79
qwen3-8b-keep4-s42,qwen3-8b-keep4-s42:298:1,298,286,0,0,0,24,79
qwen3-8b-keep4-s42,qwen3-8b-keep4-s42:298:2,298,235,0,0,0,47,79
qwen3-8b-keep4-s42,qwen3-8b-keep4-s42:298:3,298,211,0,0,0,25,79
qwen3-8b-keep4-s42,qwen3-8b-keep4-s42:298:5,298,247,0,0,0,25,79
qwen3-8b-keep4-s42,qwen3-8b-keep4-s42:298:7,298,193,0,0,0,15,79
qwen3-8b-keep4-s42,qwen3-8b-keep4-s42:299:6,299,352,0,0,0,21,66
qwen3-8b-keep4-s42,qwen3-8b-keep4-s42:300:0,300,523,0,0,0,11,46
qwen3-8b-keep4-s42,qwen3-8b-keep4-s42:300:1,300,450,0,0,0,15,46
qwen3-8b-keep4-s42,qwen3-8b-keep4-s42:300:3,300,435,0,0,0,11,46
qwen3-8b-keep4-s42,qwen3-8b-keep4-s42:300:4,300,520,0,0,0,12,46
qwen3-8b-keep4-s42,qwen3-8b-keep4-s42:300:7,300,4,0,0,0,18,46
qwen3-8b-keep4-s42,qwen3-8b-keep4-s42:301:0,301,427,0,0,0,14,39
qwen3-8b-keep4-s42,qwen3-8b-keep4-s42:301:2,301,428,0,0,0,12,39
qwen3-8b-keep4-s42,qwen3-8b-keep4-s42:301:7,301,530,0,0,0,14,39
qwen3-8b-keep4-s42,qwen3-8b-keep4-s42:302:1,302,29,0,0,0,22,76
qwen3-8b-keep4-s42,qwen3-8b-keep4-s42:302:5,302,369,0,0,0,22,76
qwen3-8b-keep4-s42,qwen3-8b-keep4-s42:306:3,306,20,0,0,0,13,39
qwen3-8b-keep4-s42,qwen3-8b-keep4-s42:309:3,309,489,0,0,0,7,33
qwen3-8b-keep4-s42,qwen3-8b-keep4-s42:309:4,309,464,0,0,0,7,33
qwen3-8b-keep4-s42,qwen3-8b-keep4-s42:309:5,309,527,0,0,0,5,33
qwen3-8b-keep4-s42,qwen3-8b-keep4-s42:309:7,309,363,0,0,0,6,33
qwen3-8b-keep4-s42,qwen3-8b-keep4-s42:310:0,310,520,0,0,0,12,48
qwen3-8b-keep4-s42,qwen3-8b-keep4-s42:310:1,310,504,0,0,0,12,48
qwen3-8b-keep4-s42,qwen3-8b-keep4-s42:310:2,310,538,0,0,0,15,48
qwen3-8b-keep4-s42,qwen3-8b-keep4-s42:310:3,310,478,0,0,0,13,48
qwen3-8b-keep4-s42,qwen3-8b-keep4-s42:310:5,310,516,0,0,0,13,48
qwen3-8b-keep4-s42,qwen3-8b-keep4-s42:310:7,310,415,0,0,0,11,48
qwen3-8b-keep4-s42,qwen3-8b-keep4-s42:314:2,314,1,0,0,0,19,36
qwen3-8b-keep4-s42,qwen3-8b-keep4-s42:314:6,314,535,0,0,0,14,36
qwen3-8b-keep4-s42,qwen3-8b-keep4-s42:317:0,317,512,0,0,0,17,56
qwen3-8b-keep4-s42,qwen3-8b-keep4-s42:317:2,317,575,0,0,0,22,56
qwen3-8b-keep4-s42,qwen3-8b-keep4-s42:317:3,317,539,0,0,0,18,56
qwen3-8b-keep4-s42,qwen3-8b-keep4-s42:317:4,317,476,0,0,0,10,56
qwen3-8b-keep4-s42,qwen3-8b-keep4-s42:317:6,317,485,0,0,0,16,56
qwen3-8b-keep4-s42,qwen3-8b-keep4-s42:317:7,317,497,0,0,0,23,56
qwen3-8b-keep4-s42,qwen3-8b-keep4-s42:320:2,320,89,0,0,0,13,49
qwen3-8b-keep4-s42,qwen3-8b-keep4-s42:320:3,320,374,0,0,0,16,49
qwen3-8b-keep4-s42,qwen3-8b-keep4-s42:321:1,321,466,0,0,0,8,43
qwen3-8b-keep4-s42,qwen3-8b-keep4-s42:321:2,321,429,0,0,0,11,43
qwen3-8b-keep4-s42,qwen3-8b-keep4-s42:323:0,323,0,0,0,0,16,22
qwen3-8b-keep4-s42,qwen3-8b-keep4-s42:323:3,323,293,0,0,0,16,22
qwen3-8b-keep4-s42,qwen3-8b-keep4-s42:323:6,323,0,0,0,0,1,22
qwen3-8b-keep4-s42,qwen3-8b-keep4-s42:324:1,324,16,0,0,0,3,17
qwen3-8b-keep4-s42,qwen3-8b-keep4-s42:324:2,324,453,0,0,0,0,17
qwen3-8b-keep4-s42,qwen3-8b-keep4-s42:324:3,324,519,0,0,0,3,17
qwen3-8b-keep4-s42,qwen3-8b-keep4-s42:324:5,324,533,0,0,0,3,17
qwen3-8b-keep4-s42,qwen3-8b-keep4-s42:324:6,324,506,0,0,0,2,17
qwen3-8b-keep4-s42,qwen3-8b-keep4-s42:325:0,325,340,0,0,0,5,30
qwen3-8b-keep4-s42,qwen3-8b-keep4-s42:325:1,325,436,0,0,0,8,30
qwen3-8b-keep4-s42,qwen3-8b-keep4-s42:325:2,325,373,0,0,0,2,30
qwen3-8b-keep4-s42,qwen3-8b-keep4-s42:325:3,325,571,0,0,0,4,30
qwen3-8b-keep4-s42,qwen3-8b-keep4-s42:325:5,325,411,0,0,0,2,30
qwen3-8b-keep4-s42,qwen3-8b-keep4-s42:325:6,325,331,0,0,0,4,30
qwen3-8b-keep4-s42,qwen3-8b-keep4-s42:327:0,327,301,0,0,0,16,34
qwen3-8b-keep4-s42,qwen3-8b-keep4-s42:327:5,327,0,0,0,0,18,34
qwen3-8b-keep4-s42,qwen3-8b-keep4-s42:328:0,328,306,0,0,0,2,34
qwen3-8b-keep4-s42,qwen3-8b-keep4-s42:328:1,328,348,0,0,0,11,34
qwen3-8b-keep4-s42,qwen3-8b-keep4-s42:328:2,328,374,0,0,0,5,34
qwen3-8b-keep4-s42,qwen3-8b-keep4-s42:328:4,328,34,0,0,0,6,34
qwen3-8b-keep4-s42,qwen3-8b-keep4-s42:328:5,328,194,0,0,0,7,34
qwen3-8b-keep4-s42,qwen3-8b-keep4-s42:328:6,328,17,0,0,0,1,34
qwen3-8b-keep4-s42,qwen3-8b-keep4-s42:328:7,328,444,0,0,0,8,34
qwen3-8b-keep4-s42,qwen3-8b-keep4-s42:329:0,329,308,0,0,0,11,58
qwen3-8b-keep4-s42,qwen3-8b-keep4-s42:329:1,329,534,0,0,0,14,58
qwen3-8b-keep4-s42,qwen3-8b-keep4-s42:329:2,329,429,0,0,0,17,58
qwen3-8b-keep4-s42,qwen3-8b-keep4-s42:329:3,329,499,0,0,0,16,58
qwen3-8b-keep4-s42,qwen3-8b-keep4-s42:329:4,329,431,0,0,0,16,58
qwen3-8b-keep4-s42,qwen3-8b-keep4-s42:329:5,329,426,0,0,0,16,58
qwen3-8b-keep4-s42,qwen3-8b-keep4-s42:329:6,329,110,0,0,0,20,58
qwen3-8b-keep4-s42,qwen3-8b-keep4-s42:329:7,329,507,0,0,0,13,58
qwen3-8b-keep4-s42,qwen3-8b-keep4-s42:330:3,330,326,0,0,0,9,41
qwen3-8b-keep4-s42,qwen3-8b-keep4-s42:330:5,330,10,0,0,0,32,41
qwen3-8b-keep4-s42,qwen3-8b-keep4-s42:331:7,331,1,0,0,0,19,38
qwen3-8b-keep4-s42,qwen3-8b-keep4-s42:332:0,332,258,0,0,0,13,46
qwen3-8b-keep4-s42,qwen3-8b-keep4-s42:332:3,332,13,0,0,0,24,46
qwen3-8b-keep4-s42,qwen3-8b-keep4-s42:332:5,332,310,0,0,0,14,46
qwen3-8b-keep4-s42,qwen3-8b-keep4-s42:333:3,333,477,0,0,0,14,45
qwen3-8b-keep4-s42,qwen3-8b-keep4-s42:333:6,333,487,0,0,0,12,45
qwen3-8b-keep4-s42,qwen3-8b-keep4-s42:334:1,334,387,0,0,0,29,58
qwen3-8b-keep4-s42,qwen3-8b-keep4-s42:334:2,334,37,36,0,15,30,58
qwen3-8b-keep4-s42,qwen3-8b-keep4-s42:334:4,334,0,0,0,0,18,58
qwen3-8b-keep4-s42,qwen3-8b-keep4-s42:334:7,334,421,0,0,0,20,58
qwen3-8b-keep4-s42,qwen3-8b-keep4-s42:335:1,335,458,0,0,0,16,28
qwen3-8b-keep4-s42,qwen3-8b-keep4-s42:335:2,335,531,0,0,0,6,28
qwen3-8b-keep4-s42,qwen3-8b-keep4-s42:335:4,335,393,0,0,0,15,28
qwen3-8b-keep4-s42,qwen3-8b-keep4-s42:336:6,336,530,0,0,0,8,47
qwen3-8b-keep4-s42,qwen3-8b-keep4-s42:338:6,338,406,0,0,0,21,61
qwen3-8b-keep4-s42,qwen3-8b-keep4-s42:340:1,340,503,0,0,0,10,36
qwen3-8b-keep4-s42,qwen3-8b-keep4-s42:340:2,340,418,0,0,0,10,36
qwen3-8b-keep4-s42,qwen3-8b-keep4-s42:342:1,342,486,0,0,0,6,23
qwen3-8b-keep4-s42,qwen3-8b-keep4-s42:342:6,342,16,12,0,3,9,23
qwen3-8b-keep4-s42,qwen3-8b-keep4-s42:343:4,343,480,0,0,0,20,57
qwen3-8b-keep4-s42,qwen3-8b-keep4-s42:344:2,344,363,0,0,0,15,72
qwen3-8b-keep4-s42,qwen3-8b-keep4-s42:345:0,345,390,0,0,0,15,86
qwen3-8b-keep4-s42,qwen3-8b-keep4-s42:345:1,345,388,0,0,0,22,86
qwen3-8b-keep4-s42,qwen3-8b-keep4-s42:345:2,345,498,0,0,0,13,86
qwen3-8b-keep4-s42,qwen3-8b-keep4-s42:345:3,345,233,0,0,0,21,86
qwen3-8b-keep4-s42,qwen3-8b-keep4-s42:345:4,345,468,0,0,0,11,86
qwen3-8b-keep4-s42,qwen3-8b-keep4-s42:345:5,345,384,0,0,0,22,86
qwen3-8b-keep4-s42,qwen3-8b-keep4-s42:346:1,346,530,0,0,0,15,39
qwen3-8b-keep4-s42,qwen3-8b-keep4-s42:346:3,346,427,0,0,0,13,39
qwen3-8b-keep4-s42,qwen3-8b-keep4-s42:346:5,346,445,0,0,0,21,39
qwen3-8b-keep4-s42,qwen3-8b-keep4-s42:346:6,346,372,0,0,0,21,39
qwen3-8b-keep4-s42,qwen3-8b-keep4-s42:347:0,347,474,0,0,0,18,91
qwen3-8b-keep4-s42,qwen3-8b-keep4-s42:347:1,347,360,0,0,0,25,91
qwen3-8b-keep4-s42,qwen3-8b-keep4-s42:347:2,347,500,0,0,0,24,91
qwen3-8b-keep4-s42,qwen3-8b-keep4-s42:347:3,347,496,0,0,0,22,91
qwen3-8b-keep4-s42,qwen3-8b-keep4-s42:347:6,347,418,0,0,0,25,91
qwen3-8b-keep4-s42,qwen3-8b-keep4-s42:347:7,347,460,0,0,0,21,91
qwen3-8b-keep4-s42,qwen3-8b-keep4-s42:348:0,348,422,0,0,0,11,31
qwen3-8b-keep4-s42,qwen3-8b-keep4-s42:348:1,348,435,0,0,0,5,31
qwen3-8b-keep4-s42,qwen3-8b-keep4-s42:348:2,348,405,0,0,0,8,31
qwen3-8b-keep4-s42,qwen3-8b-keep4-s42:348:4,348,403,0,0,0,6,31
qwen3-8b-keep4-s42,qwen3-8b-keep4-s42:348:5,348,500,0,0,0,8,31
qwen3-8b-keep4-s42,qwen3-8b-keep4-s42:349:6,349,311,0,0,0,8,38
qwen3-8b-keep4-s42,qwen3-8b-keep4-s42:349:7,349,449,0,0,0,14,38
qwen3-8b-keep4-s42,qwen3-8b-keep4-s42:353:0,353,315,0,0,0,13,26
qwen3-8b-keep4-s42,qwen3-8b-keep4-s42:353:1,353,394,0,0,0,13,26
qwen3-8b-keep4-s42,qwen3-8b-keep4-s42:353:2,353,282,0,0,0,15,26
qwen3-8b-keep4-s42,qwen3-8b-keep4-s42:353:3,353,335,0,0,0,12,26
qwen3-8b-keep4-s42,qwen3-8b-keep4-s42:353:4,353,325,0,0,0,14,26
qwen3-8b-keep4-s42,qwen3-8b-keep4-s42:353:5,353,247,0,0,0,14,26
qwen3-8b-keep4-s42,qwen3-8b-keep4-s42:353:6,353,291,0,0,0,11,26
qwen3-8b-keep4-s42,qwen3-8b-keep4-s42:353:7,353,6,0,0,0,13,26
qwen3-8b-keep4-s42,qwen3-8b-keep4-s42:354:1,354,300,0,0,0,18,37
qwen3-8b-keep4-s42,qwen3-8b-keep4-s42:354:2,354,310,0,0,0,19,37
qwen3-8b-keep4-s42,qwen3-8b-keep4-s42:354:5,354,0,0,0,0,15,37
qwen3-8b-keep4-s42,qwen3-8b-keep4-s42:355:1,355,45,0,0,0,20,56
qwen3-8b-keep4-s42,qwen3-8b-keep4-s42:355:2,355,5,0,0,0,24,56
qwen3-8b-keep4-s42,qwen3-8b-keep4-s42:355:5,355,400,0,0,0,19,56
qwen3-8b-keep4-s42,qwen3-8b-keep4-s42:356:0,356,347,0,0,0,12,58
qwen3-8b-keep4-s42,qwen3-8b-keep4-s42:356:5,356,334,0,0,0,11,58
qwen3-8b-keep4-s42,qwen3-8b-keep4-s42:356:7,356,396,0,0,0,14,58
qwen3-8b-keep4-s42,qwen3-8b-keep4-s42:358:0,358,424,0,0,0,9,31
qwen3-8b-keep4-s42,qwen3-8b-keep4-s42:358:2,358,502,0,0,0,3,31
qwen3-8b-keep4-s42,qwen3-8b-keep4-s42:358:5,358,349,0,0,0,4,31
qwen3-8b-keep4-s42,qwen3-8b-keep4-s42:359:0,359,506,0,0,0,2,23
qwen3-8b-keep4-s42,qwen3-8b-keep4-s42:359:1,359,477,0,0,0,8,23
qwen3-8b-keep4-s42,qwen3-8b-keep4-s42:359:2,359,534,0,0,0,6,23
qwen3-8b-keep4-s42,qwen3-8b-keep4-s42:359:3,359,195,0,0,0,2,23
qwen3-8b-keep4-s42,qwen3-8b-keep4-s42:359:4,359,538,0,0,0,4,23
qwen3-8b-keep4-s42,qwen3-8b-keep4-s42:359:7,359,517,8,1,3,5,23
qwen3-8b-keep4-s42,qwen3-8b-keep4-s42:366:2,366,386,0,0,0,17,48
qwen3-8b-keep4-s42,qwen3-8b-keep4-s42:366:5,366,382,0,0,0,13,48
qwen3-8b-keep4-s42,qwen3-8b-keep4-s42:368:3,368,440,0,0,0,14,30
qwen3-8b-keep4-s42,qwen3-8b-keep4-s42:369:0,369,350,0,0,0,3,36
qwen3-8b-keep4-s42,qwen3-8b-keep4-s42:369:1,369,374,0,0,0,3,36
qwen3-8b-keep4-s42,qwen3-8b-keep4-s42:369:2,369,408,0,0,0,6,36
qwen3-8b-keep4-s42,qwen3-8b-keep4-s42:369:3,369,366,0,0,0,9,36
qwen3-8b-keep4-s42,qwen3-8b-keep4-s42:369:4,369,276,0,0,0,6,36
qwen3-8b-keep4-s42,qwen3-8b-keep4-s42:369:5,369,451,0,0,0,3,36
qwen3-8b-keep4-s42,qwen3-8b-keep4-s42:369:6,369,402,0,0,0,0,36
qwen3-8b-keep4-s42,qwen3-8b-keep4-s42:369:7,369,386,0,0,0,4,36
qwen3-8b-keep4-s42,qwen3-8b-keep4-s42:370:0,370,278,0,0,0,8,32
qwen3-8b-keep4-s42,qwen3-8b-keep4-s42:370:7,370,546,0,0,0,8,32
qwen3-8b-keep4-s42,qwen3-8b-keep4-s42:371:4,371,2,0,0,0,14,29
qwen3-8b-keep4-s42,qwen3-8b-keep4-s42:371:6,371,559,0,0,0,11,29
qwen3-8b-keep4-s42,qwen3-8b-keep4-s42:373:3,373,295,0,0,0,28,53
qwen3-8b-keep4-s42,qwen3-8b-keep4-s42:374:0,374,517,0,0,0,7,21
qwen3-8b-keep4-s42,qwen3-8b-keep4-s42:374:1,374,432,0,0,0,4,21
qwen3-8b-keep4-s42,qwen3-8b-keep4-s42:374:2,374,6,0,0,0,10,21
qwen3-8b-keep4-s42,qwen3-8b-keep4-s42:374:3,374,351,0,0,0,10,21
qwen3-8b-keep4-s42,qwen3-8b-keep4-s42:374:5,374,563,0,0,0,6,21
qwen3-8b-keep4-s42,qwen3-8b-keep4-s42:374:7,374,424,0,0,0,4,21
qwen3-8b-keep4-s42,qwen3-8b-keep4-s42:375:0,375,464,0,0,0,9,41
qwen3-8b-keep4-s42,qwen3-8b-keep4-s42:375:1,375,417,0,0,0,4,41
qwen3-8b-keep4-s42,qwen3-8b-keep4-s42:375:2,375,409,0,0,0,12,41
qwen3-8b-keep4-s42,qwen3-8b-keep4-s42:375:3,375,382,0,0,0,12,41
qwen3-8b-keep4-s42,qwen3-8b-keep4-s42:375:4,375,466,0,0,0,10,41
qwen3-8b-keep4-s42,qwen3-8b-keep4-s42:375:5,375,439,0,0,0,8,41
qwen3-8b-keep4-s42,qwen3-8b-keep4-s42:375:6,375,379,0,0,0,11,41
qwen3-8b-keep4-s42,qwen3-8b-keep4-s42:375:7,375,361,0,0,0,6,41
qwen3-8b-keep4-s42,qwen3-8b-keep4-s42:376:5,376,408,0,0,0,9,69
qwen3-8b-keep4-s42,qwen3-8b-keep4-s42:376:6,376,172,0,0,0,18,69
qwen3-8b-keep4-s42,qwen3-8b-keep4-s42:377:0,377,6,0,0,0,24,70
qwen3-8b-keep4-s42,qwen3-8b-keep4-s42:377:5,377,371,0,0,0,26,70
qwen3-8b-keep4-s42,qwen3-8b-keep4-s42:378:4,378,499,0,0,0,16,44
qwen3-8b-keep4-s42,qwen3-8b-keep4-s42:380:0,380,547,0,0,0,18,61
qwen3-8b-keep4-s42,qwen3-8b-keep4-s42:380:1,380,4,0,0,0,20,61
qwen3-8b-keep4-s42,qwen3-8b-keep4-s42:380:2,380,420,0,0,0,25,61
qwen3-8b-keep4-s42,qwen3-8b-keep4-s42:380:3,380,0,0,0,0,21,61
qwen3-8b-keep4-s42,qwen3-8b-keep4-s42:380:4,380,7,0,0,0,22,61
qwen3-8b-keep4-s42,qwen3-8b-keep4-s42:380:5,380,16,0,0,0,19,61
qwen3-8b-keep4-s42,qwen3-8b-keep4-s42:380:6,380,520,0,0,0,18,61
qwen3-8b-keep4-s42,qwen3-8b-keep4-s42:380:7,380,0,0,0,0,16,61
qwen3-8b-keep4-s42,qwen3-8b-keep4-s42:382:3,382,455,0,0,0,19,45
qwen3-8b-keep4-s42,qwen3-8b-keep4-s42:383:4,383,71,0,0,0,4,25
qwen3-8b-keep4-s42,qwen3-8b-keep4-s42:385:3,385,0,0,0,0,28,62
qwen3-8b-keep4-s42,qwen3-8b-keep4-s42:387:1,387,257,0,0,0,3,17
qwen3-8b-keep4-s42,qwen3-8b-keep4-s42:387:2,387,352,0,0,0,3,17
qwen3-8b-keep4-s42,qwen3-8b-keep4-s42:387:4,387,0,0,0,0,5,17
qwen3-8b-keep4-s42,qwen3-8b-keep4-s42:388:1,388,337,0,0,0,9,35
qwen3-8b-keep4-s42,qwen3-8b-keep4-s42:388:3,388,451,0,0,0,6,35
qwen3-8b-keep4-s42,qwen3-8b-keep4-s42:388:4,388,320,0,0,0,6,35
qwen3-8b-keep4-s42,qwen3-8b-keep4-s42:388:5,388,478,0,0,0,3,35
qwen3-8b-keep4-s42,qwen3-8b-keep4-s42:388:7,388,439,0,0,0,10,35
qwen3-8b-keep4-s42,qwen3-8b-keep4-s42:389:0,389,483,0,0,0,7,63
qwen3-8b-keep4-s42,qwen3-8b-keep4-s42:389:6,389,418,0,0,0,17,63
qwen3-8b-keep4-s42,qwen3-8b-keep4-s42:389:7,389,432,0,0,0,16,63
qwen3-8b-keep4-s42,qwen3-8b-keep4-s42:390:1,390,392,0,0,0,14,115
qwen3-8b-keep4-s42,qwen3-8b-keep4-s42:390:2,390,276,0,0,0,29,115
qwen3-8b-keep4-s42,qwen3-8b-keep4-s42:390:3,390,317,0,0,0,35,115
qwen3-8b-keep4-s42,qwen3-8b-keep4-s42:390:4,390,323,0,0,0,29,115
qwen3-8b-keep4-s42,qwen3-8b-keep4-s42:390:5,390,390,0,0,0,6,115
qwen3-8b-keep4-s42,qwen3-8b-keep4-s42:390:6,390,387,0,0,0,31,115
qwen3-8b-keep4-s42,qwen3-8b-keep4-s42:390:7,390,321,0,0,0,10,115
qwen3-8b-keep4-s42,qwen3-8b-keep4-s42:391:0,391,489,0,0,0,3,61
qwen3-8b-keep4-s42,qwen3-8b-keep4-s42:391:1,391,583,0,0,0,6,61
qwen3-8b-keep4-s42,qwen3-8b-keep4-s42:391:2,391,499,0,0,0,7,61
qwen3-8b-keep4-s42,qwen3-8b-keep4-s42:391:3,391,60,0,0,0,7,61
qwen3-8b-keep4-s42,qwen3-8b-keep4-s42:391:4,391,11,0,0,0,12,61
qwen3-8b-keep4-s42,qwen3-8b-keep4-s42:391:5,391,576,0,0,0,6,61
qwen3-8b-keep4-s42,qwen3-8b-keep4-s42:391:6,391,503,0,0,0,8,61
qwen3-8b-keep4-s42,qwen3-8b-keep4-s42:391:7,391,4,0,0,0,7,61
qwen3-8b-keep4-s42,qwen3-8b-keep4-s42:395:0,395,415,0,0,0,2,19
qwen3-8b-keep4-s42,qwen3-8b-keep4-s42:395:1,395,584,0,0,0,3,19
qwen3-8b-keep4-s42,qwen3-8b-keep4-s42:395:3,395,1,0,0,0,3,19
qwen3-8b-keep4-s42,qwen3-8b-keep4-s42:396:5,396,436,0,0,0,51,78
qwen3-8b-keep4-s42,qwen3-8b-keep4-s42:396:6,396,0,0,0,0,53,78
qwen3-8b-keep4-s42,qwen3-8b-keep4-s42:399:0,399,530,0,0,0,7,42
qwen3-8b-keep4-s42,qwen3-8b-keep4-s42:399:1,399,478,0,0,0,5,42
qwen3-8b-keep4-s42,qwen3-8b-keep4-s42:399:2,399,430,0,0,0,5,42
qwen3-8b-keep4-s42,qwen3-8b-keep4-s42:399:3,399,348,0,0,0,6,42
qwen3-8b-keep4-s42,qwen3-8b-keep4-s42:399:4,399,401,0,0,0,3,42
qwen3-8b-keep4-s42,qwen3-8b-keep4-s42:399:5,399,401,0,0,0,8,42
qwen3-8b-keep4-s42,qwen3-8b-keep4-s42:399:6,399,362,0,0,0,7,42
qwen3-8b-keep4-s42,qwen3-8b-keep4-s42:399:7,399,444,0,0,0,6,42
qwen3-8b-keep4-s42,qwen3-8b-keep4-s42:400:6,400,486,0,0,0,4,43
qwen3-8b-keep4-s42,qwen3-8b-keep4-s42:401:1,401,510,0,0,0,9,14
qwen3-8b-keep4-s42,qwen3-8b-keep4-s42:401:6,401,497,0,0,0,5,14
qwen3-8b-keep4-s42,qwen3-8b-keep4-s42:403:0,403,399,0,0,0,11,19
qwen3-8b-keep4-s42,qwen3-8b-keep4-s42:403:1,403,87,0,0,0,5,19
qwen3-8b-keep4-s42,qwen3-8b-keep4-s42:403:2,403,499,0,0,0,6,19
qwen3-8b-keep4-s42,qwen3-8b-keep4-s42:403:3,403,524,0,0,0,10,19
qwen3-8b-keep4-s42,qwen3-8b-keep4-s42:403:4,403,564,0,0,0,8,19
qwen3-8b-keep4-s42,qwen3-8b-keep4-s42:405:0,405,564,0,0,0,11,31
qwen3-8b-keep4-s42,qwen3-8b-keep4-s42:405:3,405,73,27,0,2,10,31
qwen3-8b-keep4-s42,qwen3-8b-keep4-s42:405:4,405,467,0,0,0,14,31
qwen3-8b-keep4-s42,qwen3-8b-keep4-s42:405:5,405,520,0,0,0,8,31
qwen3-8b-keep4-s42,qwen3-8b-keep4-s42:405:6,405,501,0,0,0,13,31
qwen3-8b-keep4-s42,qwen3-8b-keep4-s42:406:2,406,29,12,0,1,11,29
qwen3-8b-keep4-s42,qwen3-8b-keep4-s42:406:3,406,27,0,0,0,10,29
qwen3-8b-keep4-s42,qwen3-8b-keep4-s42:406:6,406,465,0,0,0,13,29
qwen3-8b-keep4-s42,qwen3-8b-keep4-s42:406:7,406,4,0,0,0,13,29
qwen3-8b-keep4-s42,qwen3-8b-keep4-s42:409:0,409,218,0,0,0,10,41
qwen3-8b-keep4-s42,qwen3-8b-keep4-s42:409:6,409,286,0,0,0,8,41
qwen3-8b-keep4-s42,qwen3-8b-keep4-s42:412:3,412,487,0,0,0,10,34
qwen3-8b-keep4-s42,qwen3-8b-keep4-s42:412:6,412,12,0,0,0,8,34
qwen3-8b-keep4-s42,qwen3-8b-keep4-s42:412:7,412,508,0,0,0,15,34
qwen3-8b-keep4-s42,qwen3-8b-keep4-s42:415:0,415,418,0,0,0,28,61
qwen3-8b-keep4-s42,qwen3-8b-keep4-s42:415:2,415,0,0,0,0,55,61
qwen3-8b-keep4-s42,qwen3-8b-keep4-s42:415:7,415,5,0,0,0,52,61
qwen3-8b-keep4-s42,qwen3-8b-keep4-s42:416:2,416,493,0,0,0,35,76
qwen3-8b-keep4-s42,qwen3-8b-keep4-s42:416:3,416,424,0,0,0,38,76
qwen3-8b-keep4-s42,qwen3-8b-keep4-s42:418:4,418,63,0,0,0,12,31
qwen3-8b-keep4-s42,qwen3-8b-keep4-s42:418:6,418,296,0,0,0,11,31
qwen3-8b-keep4-s42,qwen3-8b-keep4-s42:420:2,420,389,0,0,0,25,77
qwen3-8b-keep4-s42,qwen3-8b-keep4-s42:420:3,420,111,0,0,0,16,77
qwen3-8b-keep4-s42,qwen3-8b-keep4-s42:420:5,420,266,0,0,0,23,77
qwen3-8b-keep4-s42,qwen3-8b-keep4-s42:421:7,421,60,0,0,0,5,47
qwen3-8b-keep4-s42,qwen3-8b-keep4-s42:424:0,424,456,0,0,0,10,83
qwen3-8b-keep4-s42,qwen3-8b-keep4-s42:424:2,424,455,0,0,0,13,83
qwen3-8b-keep4-s42,qwen3-8b-keep4-s42:425:0,425,501,0,0,0,8,40
qwen3-8b-keep4-s42,qwen3-8b-keep4-s42:425:1,425,13,0,0,0,11,40
qwen3-8b-keep4-s42,qwen3-8b-keep4-s42:425:2,425,429,0,0,0,7,40
qwen3-8b-keep4-s42,qwen3-8b-keep4-s42:425:3,425,534,0,0,0,11,40
qwen3-8b-keep4-s42,qwen3-8b-keep4-s42:425:5,425,471,0,0,0,14,40
qwen3-8b-keep4-s42,qwen3-8b-keep4-s42:425:6,425,479,0,0,0,12,40
qwen3-8b-keep4-s42,qwen3-8b-keep4-s42:426:0,426,427,0,0,0,5,54
qwen3-8b-keep4-s42,qwen3-8b-keep4-s42:426:1,426,425,0,0,0,6,54
qwen3-8b-keep4-s42,qwen3-8b-keep4-s42:426:2,426,457,0,0,0,7,54
qwen3-8b-keep4-s42,qwen3-8b-keep4-s42:426:3,426,413,0,0,0,7,54
qwen3-8b-keep4-s42,qwen3-8b-keep4-s42:426:4,426,421,0,0,0,7,54
qwen3-8b-keep4-s42,qwen3-8b-keep4-s42:426:5,426,385,0,0,0,7,54
qwen3-8b-keep4-s42,qwen3-8b-keep4-s42:426:6,426,441,0,0,0,4,54
qwen3-8b-keep4-s42,qwen3-8b-keep4-s42:428:4,428,489,0,0,0,14,34
qwen3-8b-keep4-s42,qwen3-8b-keep4-s42:429:3,429,453,0,0,0,30,61
qwen3-8b-keep4-s42,qwen3-8b-keep4-s42:429:5,429,67,0,0,0,23,61
qwen3-8b-keep4-s42,qwen3-8b-keep4-s42:431:3,431,89,0,0,0,13,53
qwen3-8b-keep4-s42,qwen3-8b-keep4-s42:432:0,432,473,0,0,0,12,46
qwen3-8b-keep4-s42,qwen3-8b-keep4-s42:432:2,432,470,0,0,0,13,46
qwen3-8b-keep4-s42,qwen3-8b-keep4-s42:432:3,432,401,0,0,0,9,46
qwen3-8b-keep4-s42,qwen3-8b-keep4-s42:432:5,432,432,0,0,0,9,46
qwen3-8b-keep4-s42,qwen3-8b-keep4-s42:432:6,432,447,0,0,0,13,46
qwen3-8b-keep4-s42,qwen3-8b-keep4-s42:433:0,433,507,0,0,0,9,52
qwen3-8b-keep4-s42,qwen3-8b-keep4-s42:433:1,433,479,0,0,0,9,52
qwen3-8b-keep4-s42,qwen3-8b-keep4-s42:434:0,434,446,0,0,0,15,52
qwen3-8b-keep4-s42,qwen3-8b-keep4-s42:434:3,434,453,0,0,0,6,52
qwen3-8b-keep4-s42,qwen3-8b-keep4-s42:434:4,434,419,0,0,0,11,52
qwen3-8b-keep4-s42,qwen3-8b-keep4-s42:434:6,434,470,0,0,0,15,52
qwen3-8b-keep4-s42,qwen3-8b-keep4-s42:434:7,434,51,31,3,6,16,52
qwen3-8b-keep4-s42,qwen3-8b-keep4-s42:435:0,435,486,0,0,0,21,47
qwen3-8b-keep4-s42,qwen3-8b-keep4-s42:435:2,435,548,0,0,0,21,47
qwen3-8b-keep4-s42,qwen3-8b-keep4-s42:435:4,435,446,0,0,0,7,47
qwen3-8b-keep4-s42,qwen3-8b-keep4-s42:438:1,438,447,0,0,0,18,86
qwen3-8b-keep4-s42,qwen3-8b-keep4-s42:438:2,438,369,0,0,0,26,86
qwen3-8b-keep4-s42,qwen3-8b-keep4-s42:438:3,438,369,0,0,0,38,86
qwen3-8b-keep4-s42,qwen3-8b-keep4-s42:438:5,438,388,0,0,0,32,86
qwen3-8b-keep4-s42,qwen3-8b-keep4-s42:438:7,438,4,0,0,0,32,86
qwen3-8b-keep4-s42,qwen3-8b-keep4-s42:441:0,441,439,0,0,0,18,83
qwen3-8b-keep4-s42,qwen3-8b-keep4-s42:441:1,441,341,0,0,0,27,83
qwen3-8b-keep4-s42,qwen3-8b-keep4-s42:441:2,441,401,0,0,0,28,83
qwen3-8b-keep4-s42,qwen3-8b-keep4-s42:441:4,441,28,0,0,0,27,83
qwen3-8b-keep4-s42,qwen3-8b-keep4-s42:441:5,441,422,0,0,0,33,83
qwen3-8b-keep4-s42,qwen3-8b-keep4-s42:441:6,441,16,0,0,0,22,83
qwen3-8b-keep4-s42,qwen3-8b-keep4-s42:441:7,441,118,82,4,6,27,83
qwen3-8b-keep4-s42,qwen3-8b-keep4-s42:442:0,442,454,0,0,0,18,30
qwen3-8b-keep4-s42,qwen3-8b-keep4-s42:443:3,443,527,0,0,0,13,43
qwen3-8b-keep4-s42,qwen3-8b-keep4-s42:445:1,445,345,0,0,0,36,75
qwen3-8b-keep4-s42,qwen3-8b-keep4-s42:445:4,445,380,0,0,0,26,75
qwen3-8b-keep4-s42,qwen3-8b-keep4-s42:445:5,445,41,0,0,0,21,75
qwen3-8b-keep4-s42,qwen3-8b-keep4-s42:445:7,445,218,0,0,0,34,75
qwen3-8b-keep4-s42,qwen3-8b-keep4-s42:449:3,449,6,0,0,0,12,38
qwen3-8b-keep4-s42,qwen3-8b-keep4-s42:451:4,451,0,0,0,0,21,68
qwen3-8b-keep4-s42,qwen3-8b-keep4-s42:453:1,453,555,0,0,0,42,57
qwen3-8b-keep4-s42,qwen3-8b-keep4-s42:453:2,453,370,0,0,0,41,57
qwen3-8b-keep4-s42,qwen3-8b-keep4-s42:454:0,454,425,0,0,0,9,61
qwen3-8b-keep4-s42,qwen3-8b-keep4-s42:454:1,454,284,0,0,0,6,61
qwen3-8b-keep4-s42,qwen3-8b-keep4-s42:454:4,454,328,0,0,0,6,61
qwen3-8b-keep4-s42,qwen3-8b-keep4-s42:454:6,454,15,0,0,0,8,61
qwen3-8b-keep4-s42,qwen3-8b-keep4-s42:454:7,454,19,0,0,0,8,61
qwen3-8b-keep4-s42,qwen3-8b-keep4-s42:455:5,455,395,0,0,0,35,60
qwen3-8b-keep4-s42,qwen3-8b-keep4-s42:455:6,455,0,0,0,0,28,60
qwen3-8b-keep4-s42,qwen3-8b-keep4-s42:457:2,457,4,0,0,0,6,33
qwen3-8b-keep4-s42,qwen3-8b-keep4-s42:457:7,457,325,0,0,0,2,33
qwen3-8b-keep4-s42,qwen3-8b-keep4-s42:458:0,458,443,0,0,0,10,34
qwen3-8b-keep4-s42,qwen3-8b-keep4-s42:458:2,458,0,0,0,0,14,34
qwen3-8b-keep4-s42,qwen3-8b-keep4-s42:458:4,458,502,0,0,0,12,34
qwen3-8b-keep4-s42,qwen3-8b-keep4-s42:458:7,458,498,0,0,0,12,34
qwen3-8b-keep4-s42,qwen3-8b-keep4-s42:459:1,459,359,0,0,0,7,68
qwen3-8b-keep4-s42,qwen3-8b-keep4-s42:459:3,459,21,3,0,0,13,68
qwen3-8b-keep4-s42,qwen3-8b-keep4-s42:459:4,459,379,0,0,0,24,68
qwen3-8b-keep4-s42,qwen3-8b-keep4-s42:459:5,459,401,0,0,0,9,68
qwen3-8b-keep4-s42,qwen3-8b-keep4-s42:459:7,459,209,0,0,0,14,68
qwen3-8b-keep4-s42,qwen3-8b-keep4-s42:460:0,460,289,0,0,0,21,72
qwen3-8b-keep4-s42,qwen3-8b-keep4-s42:460:1,460,306,0,0,0,29,72
qwen3-8b-keep4-s42,qwen3-8b-keep4-s42:460:2,460,364,0,0,0,18,72
qwen3-8b-keep4-s42,qwen3-8b-keep4-s42:460:3,460,247,0,0,0,30,72
qwen3-8b-keep4-s42,qwen3-8b-keep4-s42:460:4,460,0,0,0,0,26,72
qwen3-8b-keep4-s42,qwen3-8b-keep4-s42:460:6,460,328,0,0,0,28,72
qwen3-8b-keep4-s42,qwen3-8b-keep4-s42:463:0,463,420,0,0,0,7,30
qwen3-8b-keep4-s42,qwen3-8b-keep4-s42:463:1,463,32,0,0,0,18,30
qwen3-8b-keep4-s42,qwen3-8b-keep4-s42:463:2,463,563,0,0,0,6,30
qwen3-8b-keep4-s42,qwen3-8b-keep4-s42:463:4,463,473,3,0,0,17,30
qwen3-8b-keep4-s42,qwen3-8b-keep4-s42:463:5,463,527,0,0,0,22,30
qwen3-8b-keep4-s42,qwen3-8b-keep4-s42:463:6,463,455,0,0,0,9,30
qwen3-8b-keep4-s42,qwen3-8b-keep4-s42:463:7,463,507,0,0,0,17,30
qwen3-8b-keep4-s42,qwen3-8b-keep4-s42:464:0,464,320,0,0,0,1,9
qwen3-8b-keep4-s42,qwen3-8b-keep4-s42:464:1,464,40,0,0,0,0,9
qwen3-8b-keep4-s42,qwen3-8b-keep4-s42:464:2,464,303,0,0,0,0,9
qwen3-8b-keep4-s42,qwen3-8b-keep4-s42:464:3,464,407,0,0,0,0,9
qwen3-8b-keep4-s42,qwen3-8b-keep4-s42:464:4,464,39,0,0,0,1,9
qwen3-8b-keep4-s42,qwen3-8b-keep4-s42:464:5,464,2,0,0,0,0,9
qwen3-8b-keep4-s42,qwen3-8b-keep4-s42:464:7,464,315,0,0,0,0,9
qwen3-8b-keep4-s42,qwen3-8b-keep4-s42:465:0,465,376,0,0,0,11,59
qwen3-8b-keep4-s42,qwen3-8b-keep4-s42:465:2,465,456,0,0,0,21,59
qwen3-8b-keep4-s42,qwen3-8b-keep4-s42:465:3,465,410,0,0,0,13,59
qwen3-8b-keep4-s42,qwen3-8b-keep4-s42:465:5,465,381,0,0,0,15,59
qwen3-8b-keep4-s42,qwen3-8b-keep4-s42:465:6,465,470,0,0,0,14,59
qwen3-8b-keep4-s42,qwen3-8b-keep4-s42:465:7,465,321,0,0,0,18,59
qwen3-8b-keep4-s42,qwen3-8b-keep4-s42:466:1,466,68,0,0,0,9,53
qwen3-8b-keep4-s42,qwen3-8b-keep4-s42:466:4,466,420,0,0,0,7,53
qwen3-8b-keep4-s42,qwen3-8b-keep4-s42:466:7,466,510,0,0,0,10,53
qwen3-8b-keep4-s42,qwen3-8b-keep4-s42:467:0,467,27,0,0,0,9,31
qwen3-8b-keep4-s42,qwen3-8b-keep4-s42:467:1,467,407,0,0,0,8,31
qwen3-8b-keep4-s42,qwen3-8b-keep4-s42:467:2,467,0,0,0,0,15,31
qwen3-8b-keep4-s42,qwen3-8b-keep4-s42:467:6,467,5,0,0,0,10,31
qwen3-8b-keep4-s42,qwen3-8b-keep4-s42:468:0,468,14,0,0,0,31,40
qwen3-8b-keep4-s42,qwen3-8b-keep4-s42:468:1,468,482,0,0,0,14,40
qwen3-8b-keep4-s42,qwen3-8b-keep4-s42:468:5,468,0,0,0,0,21,40
qwen3-8b-keep4-s42,qwen3-8b-keep4-s42:469:6,469,3,0,0,0,37,97
qwen3-8b-keep4-s42,qwen3-8b-keep4-s42:469:7,469,14,0,0,0,25,97
qwen3-8b-keep4-s42,qwen3-8b-keep4-s42:470:3,470,0,0,0,0,19,38
qwen3-8b-keep4-s42,qwen3-8b-keep4-s42:471:4,471,429,0,0,0,6,39
qwen3-8b-keep4-s42,qwen3-8b-keep4-s42:471:7,471,403,0,0,0,1,39
qwen3-8b-keep4-s42,qwen3-8b-keep4-s42:472:0,472,371,0,0,0,23,61
qwen3-8b-keep4-s42,qwen3-8b-keep4-s42:472:1,472,342,0,0,0,17,61
qwen3-8b-keep4-s42,qwen3-8b-keep4-s42:472:2,472,402,0,0,0,9,61
qwen3-8b-keep4-s42,qwen3-8b-keep4-s42:472:3,472,38,0,0,0,13,61
qwen3-8b-keep4-s42,qwen3-8b-keep4-s42:472:4,472,48,0,0,0,12,61
qwen3-8b-keep4-s42,qwen3-8b-keep4-s42:472:5,472,348,0,0,0,12,61
qwen3-8b-keep4-s42,qwen3-8b-keep4-s42:472:6,472,423,0,0,0,14,61
qwen3-8b-keep4-s42,qwen3-8b-keep4-s42:472:7,472,404,0,0,0,10,61
qwen3-8b-keep4-s42,qwen3-8b-keep4-s42:473:0,473,8,0,0,0,24,42
qwen3-8b-keep4-s42,qwen3-8b-keep4-s42:473:3,473,362,0,0,0,17,42
qwen3-8b-keep4-s42,qwen3-8b-keep4-s42:473:5,473,418,0,0,0,15,42
qwen3-8b-keep4-s42,qwen3-8b-keep4-s42:473:6,473,386,0,0,0,17,42
qwen3-8b-keep4-s42,qwen3-8b-keep4-s42:473:7,473,538,0,0,0,15,42
qwen3-8b-keep4-s42,qwen3-8b-keep4-s42:474:2,474,12,0,0,0,20,48
qwen3-8b-keep4-s42,qwen3-8b-keep4-s42:475:1,475,325,0,0,0,7,27
qwen3-8b-keep4-s42,qwen3-8b-keep4-s42:475:3,475,0,0,0,0,8,27
qwen3-8b-keep4-s42,qwen3-8b-keep4-s42:475:4,475,518,0,0,0,9,27
qwen3-8b-keep4-s42,qwen3-8b-keep4-s42:477:1,477,428,0,0,0,5,38
qwen3-8b-keep4-s42,qwen3-8b-keep4-s42:477:4,477,39,0,0,0,10,38
qwen3-8b-keep4-s42,qwen3-8b-keep4-s42:477:5,477,0,0,0,0,8,38
qwen3-8b-keep4-s42,qwen3-8b-keep4-s42:477:6,477,551,0,0,0,4,38
qwen3-8b-keep4-s42,qwen3-8b-keep4-s42:477:7,477,39,0,0,0,7,38
qwen3-8b-keep4-s42,qwen3-8b-keep4-s42:479:2,479,57,0,0,0,19,53
qwen3-8b-keep4-s42,qwen3-8b-keep4-s42:481:1,481,238,0,0,0,9,63
qwen3-8b-keep4-s42,qwen3-8b-keep4-s42:481:6,481,261,0,0,0,8,63
qwen3-8b-keep4-s42,qwen3-8b-keep4-s42:482:0,482,368,0,0,0,29,72
qwen3-8b-keep4-s42,qwen3-8b-keep4-s42:482:7,482,2,0,0,0,31,72
qwen3-8b-keep4-s42,qwen3-8b-keep4-s42:485:5,485,15,0,0,0,14,68
qwen3-8b-keep4-s42,qwen3-8b-keep4-s42:486:0,486,14,0,0,0,28,78
qwen3-8b-keep4-s42,qwen3-8b-keep4-s42:486:1,486,310,0,0,0,12,78
qwen3-8b-keep4-s42,qwen3-8b-keep4-s42:486:3,486,335,0,0,0,28,78
qwen3-8b-keep4-s42,qwen3-8b-keep4-s42:486:5,486,413,0,0,0,9,78
qwen3-8b-keep4-s42,qwen3-8b-keep4-s42:486:6,486,117,0,0,0,25,78
qwen3-8b-keep4-s42,qwen3-8b-keep4-s42:486:7,486,426,0,0,0,28,78
qwen3-8b-keep4-s42,qwen3-8b-keep4-s42:488:3,488,0,0,0,0,20,66
qwen3-8b-keep4-s42,qwen3-8b-keep4-s42:489:0,489,388,0,0,0,8,59
qwen3-8b-keep4-s42,qwen3-8b-keep4-s42:489:1,489,392,0,0,0,5,59
qwen3-8b-keep4-s42,qwen3-8b-keep4-s42:491:0,491,417,0,0,0,10,39
qwen3-8b-keep4-s42,qwen3-8b-keep4-s42:491:1,491,313,0,0,0,10,39
qwen3-8b-keep4-s42,qwen3-8b-keep4-s42:491:5,491,356,0,0,0,7,39
qwen3-8b-keep4-s42,qwen3-8b-keep4-s42:491:6,491,421,0,0,0,13,39
qwen3-8b-keep4-s42,qwen3-8b-keep4-s42:491:7,491,8,0,0,0,10,39
qwen3-8b-keep4-s42,qwen3-8b-keep4-s42:496:0,496,268,0,0,0,13,61
qwen3-8b-keep4-s42,qwen3-8b-keep4-s42:496:1,496,221,0,0,0,6,61
qwen3-8b-keep4-s42,qwen3-8b-keep4-s42:496:5,496,2,0,0,0,16,61
qwen3-8b-keep4-s42,qwen3-8b-keep4-s42:496:6,496,4,0,0,0,20,61
qwen3-8b-keep4-s42,qwen3-8b-keep4-s42:498:1,498,323,0,0,0,7,101
qwen3-8b-keep4-s42,qwen3-8b-keep4-s42:499:0,499,385,0,0,0,2,47
qwen3-8b-keep4-s42,qwen3-8b-keep4-s42:499:1,499,348,0,0,0,13,47
qwen3-8b-keep4-s42,qwen3-8b-keep4-s42:499:2,499,298,0,0,0,3,47
qwen3-8b-keep4-s42,qwen3-8b-keep4-s42:499:3,499,266,0,0,0,24,47
qwen3-8b-keep4-s42,qwen3-8b-keep4-s42:499:4,499,402,0,0,0,2,47
qwen3-8b-keep4-s42,qwen3-8b-keep4-s42:499:7,499,394,0,0,0,4,47
qwen3-8b-keep4-s42,qwen3-8b-keep4-s42:501:5,501,366,0,0,0,38,63
qwen3-8b-keep4-s42,qwen3-8b-keep4-s42:502:6,502,5,0,0,0,35,101
qwen3-8b-keep4-s42,qwen3-8b-keep4-s42:505:0,505,469,0,0,0,5,44
qwen3-8b-keep4-s42,qwen3-8b-keep4-s42:505:1,505,577,0,0,0,17,44
qwen3-8b-keep4-s42,qwen3-8b-keep4-s42:505:2,505,617,0,0,0,5,44
qwen3-8b-keep4-s42,qwen3-8b-keep4-s42:505:3,505,159,0,0,0,6,44
qwen3-8b-keep4-s42,qwen3-8b-keep4-s42:505:4,505,461,0,0,0,27,44
qwen3-8b-keep4-s42,qwen3-8b-keep4-s42:505:5,505,615,0,0,0,7,44
qwen3-8b-keep4-s42,qwen3-8b-keep4-s42:505:6,505,642,0,0,0,5,44
qwen3-8b-keep4-s42,qwen3-8b-keep4-s42:505:7,505,576,0,0,0,7,44
qwen3-8b-keep4-s42,qwen3-8b-keep4-s42:506:0,506,314,0,0,0,29,83
qwen3-8b-keep4-s42,qwen3-8b-keep4-s42:506:1,506,65,0,0,0,7,83
qwen3-8b-keep4-s42,qwen3-8b-keep4-s42:506:3,506,411,0,0,0,31,83
qwen3-8b-keep4-s42,qwen3-8b-keep4-s42:506:5,506,341,0,0,0,36,83
qwen3-8b-keep4-s42,qwen3-8b-keep4-s42:507:0,507,556,0,0,0,16,64
qwen3-8b-keep4-s42,qwen3-8b-keep4-s42:507:1,507,446,0,0,0,17,64
qwen3-8b-keep4-s42,qwen3-8b-keep4-s42:507:2,507,335,0,0,0,16,64
qwen3-8b-keep4-s42,qwen3-8b-keep4-s42:507:3,507,396,0,0,0,0,64
qwen3-8b-keep4-s42,qwen3-8b-keep4-s42:507:4,507,498,0,0,0,0,64
qwen3-8b-keep4-s42,qwen3-8b-keep4-s42:507:5,507,481,0,0,0,9,64
qwen3-8b-keep4-s42,qwen3-8b-keep4-s42:507:6,507,512,0,0,0,18,64
qwen3-8b-keep4-s42,qwen3-8b-keep4-s42:507:7,507,501,0,0,0,16,64
qwen3-8b-keep4-s42,qwen3-8b-keep4-s42:508:0,508,67,4,0,0,43,61
qwen3-8b-keep4-s42,qwen3-8b-keep4-s42:508:4,508,295,0,0,0,45,61
qwen3-8b-keep4-s42,qwen3-8b-keep4-s42:508:5,508,354,0,0,0,44,61
qwen3-8b-keep4-s42,qwen3-8b-keep4-s42:509:5,509,466,0,0,0,16,57
qwen3-8b-keep4-s42,qwen3-8b-keep4-s42:510:0,510,243,0,0,0,1,30
qwen3-8b-keep4-s42,qwen3-8b-keep4-s42:510:1,510,9,0,0,0,1,30
qwen3-8b-keep4-s42,qwen3-8b-keep4-s42:510:2,510,308,0,0,0,2,30
qwen3-8b-keep4-s42,qwen3-8b-keep4-s42:510:3,510,407,52,0,0,3,30
qwen3-8b-keep4-s42,qwen3-8b-keep4-s42:510:4,510,260,0,0,0,2,30
qwen3-8b-keep4-s42,qwen3-8b-keep4-s42:510:5,510,326,0,0,0,4,30
qwen3-8b-keep4-s42,qwen3-8b-keep4-s42:510:6,510,311,0,0,0,0,30
qwen3-8b-keep4-s42,qwen3-8b-keep4-s42:510:7,510,296,0,0,0,0,30
qwen3-8b-keep4-s42,qwen3-8b-keep4-s42:511:0,511,345,0,0,0,34,73
qwen3-8b-keep4-s42,qwen3-8b-keep4-s42:511:1,511,1,0,0,0,26,73
qwen3-8b-keep4-s42,qwen3-8b-keep4-s42:511:2,511,409,0,0,0,26,73
qwen3-8b-keep4-s42,qwen3-8b-keep4-s42:511:3,511,280,0,0,0,33,73
qwen3-8b-keep4-s42,qwen3-8b-keep4-s42:511:4,511,472,0,0,0,26,73
qwen3-8b-keep4-s42,qwen3-8b-keep4-s42:511:5,511,373,0,0,0,40,73
qwen3-8b-keep4-s42,qwen3-8b-keep4-s42:511:7,511,465,0,0,0,32,73
qwen3-8b-keep4-s42,qwen3-8b-keep4-s42:512:1,512,533,0,0,0,12,32
qwen3-8b-keep4-s42,qwen3-8b-keep4-s42:512:2,512,469,0,0,0,7,32
qwen3-8b-keep4-s42,qwen3-8b-keep4-s42:513:0,513,278,0,0,0,22,64
qwen3-8b-keep4-s42,qwen3-8b-keep4-s42:513:1,513,139,0,0,0,18,64
qwen3-8b-keep4-s42,qwen3-8b-keep4-s42:513:2,513,19,0,0,0,22,64
qwen3-8b-keep4-s42,qwen3-8b-keep4-s42:513:3,513,8,0,0,0,20,64
qwen3-8b-keep4-s42,qwen3-8b-keep4-s42:513:4,513,241,0,0,0,12,64
qwen3-8b-keep4-s42,qwen3-8b-keep4-s42:513:5,513,318,0,0,0,9,64
qwen3-8b-keep4-s42,qwen3-8b-keep4-s42:513:7,513,151,0,0,0,15,64
qwen3-8b-keep4-s42,qwen3-8b-keep4-s42:514:1,514,104,0,0,0,1,56
qwen3-8b-keep4-s42,qwen3-8b-keep4-s42:514:2,514,84,0,0,0,1,56
qwen3-8b-keep4-s42,qwen3-8b-keep4-s42:514:3,514,258,0,0,0,13,56
qwen3-8b-keep4-s42,qwen3-8b-keep4-s42:514:5,514,49,0,0,0,7,56
qwen3-8b-keep4-s42,qwen3-8b-keep4-s42:515:0,515,520,0,0,0,15,52
qwen3-8b-keep4-s42,qwen3-8b-keep4-s42:515:5,515,533,0,0,0,7,52
qwen3-8b-keep4-s42,qwen3-8b-keep4-s42:516:0,516,422,0,0,0,31,55
qwen3-8b-keep4-s42,qwen3-8b-keep4-s42:516:2,516,1,0,0,0,32,55
qwen3-8b-keep4-s42,qwen3-8b-keep4-s42:516:3,516,423,0,0,0,29,55
qwen3-8b-keep4-s42,qwen3-8b-keep4-s42:516:4,516,6,0,0,0,38,55
qwen3-8b-keep4-s42,qwen3-8b-keep4-s42:516:5,516,377,0,0,0,30,55
qwen3-8b-keep4-s42,qwen3-8b-keep4-s42:516:6,516,409,0,0,0,27,55
qwen3-8b-keep4-s42,qwen3-8b-keep4-s42:516:7,516,316,0,0,0,23,55
qwen3-8b-keep4-s42,qwen3-8b-keep4-s42:517:0,517,23,0,0,0,6,30
qwen3-8b-keep4-s42,qwen3-8b-keep4-s42:517:3,517,611,0,0,0,7,30
qwen3-8b-keep4-s42,qwen3-8b-keep4-s42:517:5,517,581,0,0,0,5,30
qwen3-8b-keep4-s42,qwen3-8b-keep4-s42:519:1,519,294,0,0,0,2,20
qwen3-8b-keep4-s42,qwen3-8b-keep4-s42:519:3,519,436,0,0,0,2,20
qwen3-8b-keep4-s42,qwen3-8b-keep4-s42:519:4,519,312,0,0,0,0,20
qwen3-8b-keep4-s42,qwen3-8b-keep4-s42:519:5,519,417,0,0,0,0,20
qwen3-8b-keep4-s42,qwen3-8b-keep4-s42:519:6,519,231,0,0,0,4,20
qwen3-8b-keep4-s42,qwen3-8b-keep4-s42:519:7,519,353,0,0,0,2,20
qwen3-8b-keep4-s42,qwen3-8b-keep4-s42:520:0,520,375,0,0,0,16,54
qwen3-8b-keep4-s42,qwen3-8b-keep4-s42:520:1,520,303,0,0,0,14,54
qwen3-8b-keep4-s42,qwen3-8b-keep4-s42:520:3,520,241,0,0,0,8,54
qwen3-8b-keep4-s42,qwen3-8b-keep4-s42:520:4,520,329,0,0,0,14,54
qwen3-8b-keep4-s42,qwen3-8b-keep4-s42:520:5,520,16,0,0,0,12,54
qwen3-8b-keep4-s42,qwen3-8b-keep4-s42:520:6,520,414,0,0,0,15,54
qwen3-8b-keep4-s42,qwen3-8b-keep4-s42:520:7,520,0,0,0,0,7,54
qwen3-8b-keep4-s42,qwen3-8b-keep4-s42:521:0,521,365,0,0,0,18,74
qwen3-8b-keep4-s42,qwen3-8b-keep4-s42:521:1,521,450,47,2,5,15,74
qwen3-8b-keep4-s42,qwen3-8b-keep4-s42:521:2,521,311,0,0,0,11,74
qwen3-8b-keep4-s42,qwen3-8b-keep4-s42:521:3,521,241,0,0,0,14,74
qwen3-8b-keep4-s42,qwen3-8b-keep4-s42:521:4,521,394,0,0,0,8,74
qwen3-8b-keep4-s42,qwen3-8b-keep4-s42:521:6,521,138,0,0,0,9,74
qwen3-8b-keep4-s42,qwen3-8b-keep4-s42:521:7,521,317,0,0,0,13,74
qwen3-8b-keep4-s42,qwen3-8b-keep4-s42:524:0,524,391,0,0,0,6,67
qwen3-8b-keep4-s42,qwen3-8b-keep4-s42:524:1,524,499,0,0,0,11,67
qwen3-8b-keep4-s42,qwen3-8b-keep4-s42:524:2,524,433,0,0,0,7,67
qwen3-8b-keep4-s42,qwen3-8b-keep4-s42:524:3,524,333,0,0,0,14,67
qwen3-8b-keep4-s42,qwen3-8b-keep4-s42:524:4,524,292,0,0,0,9,67
qwen3-8b-keep4-s42,qwen3-8b-keep4-s42:524:5,524,308,0,0,0,7,67
qwen3-8b-keep4-s42,qwen3-8b-keep4-s42:524:6,524,42,0,0,0,8,67
qwen3-8b-keep4-s42,qwen3-8b-keep4-s42:524:7,524,297,0,0,0,7,67
qwen3-8b-keep4-s42,qwen3-8b-keep4-s42:525:0,525,418,0,0,0,7,40
qwen3-8b-keep4-s42,qwen3-8b-keep4-s42:525:1,525,447,0,0,0,4,40
qwen3-8b-keep4-s42,qwen3-8b-keep4-s42:526:4,526,442,0,0,0,14,75
qwen3-8b-keep4-s42,qwen3-8b-keep4-s42:531:0,531,135,0,0,0,27,91
qwen3-8b-keep4-s42,qwen3-8b-keep4-s42:531:1,531,361,0,0,0,21,91
qwen3-8b-keep4-s42,qwen3-8b-keep4-s42:531:2,531,305,0,0,0,29,91
qwen3-8b-keep4-s42,qwen3-8b-keep4-s42:531:3,531,375,68,7,8,28,91
qwen3-8b-keep4-s42,qwen3-8b-keep4-s42:531:4,531,392,0,0,0,19,91
qwen3-8b-keep4-s42,qwen3-8b-keep4-s42:531:5,531,263,0,0,0,35,91
qwen3-8b-keep4-s42,qwen3-8b-keep4-s42:531:6,531,39,0,0,0,22,91
qwen3-8b-keep4-s42,qwen3-8b-keep4-s42:531:7,531,221,0,0,0,11,91
qwen3-8b-keep4-s42,qwen3-8b-keep4-s42:533:3,533,10,0,0,0,31,44
qwen3-8b-keep4-s42,qwen3-8b-keep4-s42:533:5,533,34,0,0,0,22,44
qwen3-8b-keep4-s42,qwen3-8b-keep4-s42:533:6,533,62,0,0,0,23,44
qwen3-8b-keep4-s42,qwen3-8b-keep4-s42:537:1,537,450,0,0,0,21,53
qwen3-8b-keep4-s42,qwen3-8b-keep4-s42:537:2,537,3,0,0,0,25,53
qwen3-8b-keep4-s42,qwen3-8b-keep4-s42:537:3,537,512,0,0,0,14,53
qwen3-8b-keep4-s42,qwen3-8b-keep4-s42:537:6,537,379,0,0,0,17,53
qwen3-8b-keep4-s42,qwen3-8b-keep4-s42:537:7,537,39,0,0,0,15,53
qwen3-8b-keep4-s42,qwen3-8b-keep4-s42:538:5,538,457,0,0,0,10,39
qwen3-8b-keep4-s42,qwen3-8b-keep4-s42:539:0,539,311,0,0,0,12,72
qwen3-8b-keep4-s42,qwen3-8b-keep4-s42:539:1,539,231,0,0,0,11,72
qwen3-8b-keep4-s42,qwen3-8b-keep4-s42:539:2,539,279,0,0,0,10,72
qwen3-8b-keep4-s42,qwen3-8b-keep4-s42:539:3,539,414,0,0,0,6,72
qwen3-8b-keep4-s42,qwen3-8b-keep4-s42:539:4,539,251,0,0,0,16,72
qwen3-8b-keep4-s42,qwen3-8b-keep4-s42:539:6,539,255,0,0,0,8,72
qwen3-8b-keep4-s42,qwen3-8b-keep4-s42:539:7,539,165,0,0,0,18,72
qwen3-8b-keep4-s42,qwen3-8b-keep4-s42:540:1,540,156,0,0,0,41,64
qwen3-8b-keep4-s42,qwen3-8b-keep4-s42:540:5,540,309,0,0,0,43,64
qwen3-8b-keep4-s42,qwen3-8b-keep4-s42:541:0,541,208,0,0,0,8,35
qwen3-8b-keep4-s42,qwen3-8b-keep4-s42:541:2,541,2,0,0,0,9,35
qwen3-8b-keep4-s42,qwen3-8b-keep4-s42:541:3,541,452,0,0,0,9,35
qwen3-8b-keep4-s42,qwen3-8b-keep4-s42:541:4,541,447,0,0,0,13,35
qwen3-8b-keep4-s42,qwen3-8b-keep4-s42:541:6,541,472,0,0,0,14,35
qwen3-8b-keep4-s42,qwen3-8b-keep4-s42:541:7,541,546,0,0,0,11,35
qwen3-8b-keep4-s42,qwen3-8b-keep4-s42:544:0,544,327,0,0,0,35,102
qwen3-8b-keep4-s42,qwen3-8b-keep4-s42:544:1,544,342,0,0,0,33,102
qwen3-8b-keep4-s42,qwen3-8b-keep4-s42:544:4,544,322,0,0,0,64,102
qwen3-8b-keep4-s42,qwen3-8b-keep4-s42:545:0,545,0,0,0,0,16,67
qwen3-8b-keep4-s42,qwen3-8b-keep4-s42:547:1,547,374,0,0,0,20,83
qwen3-8b-keep4-s42,qwen3-8b-keep4-s42:547:2,547,314,0,0,0,34,83
qwen3-8b-keep4-s42,qwen3-8b-keep4-s42:547:3,547,312,0,0,0,26,83
qwen3-8b-keep4-s42,qwen3-8b-keep4-s42:547:5,547,344,0,0,0,14,83
qwen3-8b-keep4-s42,qwen3-8b-keep4-s42:547:6,547,75,0,0,0,22,83
qwen3-8b-keep4-s42,qwen3-8b-keep4-s42:547:7,547,301,0,0,0,33,83
qwen3-8b-keep4-s42,qwen3-8b-keep4-s42:548:0,548,247,0,0,0,0,47
qwen3-8b-keep4-s42,qwen3-8b-keep4-s42:548:1,548,286,0,0,0,11,47
qwen3-8b-keep4-s42,qwen3-8b-keep4-s42:548:2,548,389,0,0,0,7,47
qwen3-8b-keep4-s42,qwen3-8b-keep4-s42:548:3,548,272,0,0,0,7,47
qwen3-8b-keep4-s42,qwen3-8b-keep4-s42:548:4,548,356,0,0,0,1,47
qwen3-8b-keep4-s42,qwen3-8b-keep4-s42:548:5,548,312,0,0,0,4,47
qwen3-8b-keep4-s42,qwen3-8b-keep4-s42:548:7,548,456,0,0,0,14,47
qwen3-8b-keep4-s42,qwen3-8b-keep4-s42:549:7,549,13,0,0,0,18,59
qwen3-8b-keep4-s42,qwen3-8b-keep4-s42:550:2,550,0,0,0,0,47,83
qwen3-8b-keep4-s42,qwen3-8b-keep4-s42:550:5,550,18,0,0,0,51,83
qwen3-8b-keep4-s42,qwen3-8b-keep4-s42:551:0,551,384,0,0,0,33,93
qwen3-8b-keep4-s42,qwen3-8b-keep4-s42:551:7,551,283,0,0,0,43,93
qwen3-8b-keep4-s42,qwen3-8b-keep4-s42:553:0,553,399,0,0,0,20,52
qwen3-8b-keep4-s42,qwen3-8b-keep4-s42:553:1,553,417,0,0,0,12,52
qwen3-8b-keep4-s42,qwen3-8b-keep4-s42:553:2,553,434,0,0,0,20,52
qwen3-8b-keep4-s42,qwen3-8b-keep4-s42:553:3,553,482,0,0,0,13,52
qwen3-8b-keep4-s42,qwen3-8b-keep4-s42:553:5,553,440,0,0,0,12,52
qwen3-8b-keep4-s42,qwen3-8b-keep4-s42:553:6,553,403,0,0,0,20,52
qwen3-8b-keep4-s42,qwen3-8b-keep4-s42:553:7,553,400,0,0,0,11,52
qwen3-8b-keep4-s42,qwen3-8b-keep4-s42:555:7,555,467,0,0,0,19,40
qwen3-8b-keep4-s42,qwen3-8b-keep4-s42:556:6,556,490,0,0,0,6,40
qwen3-8b-keep4-s42,qwen3-8b-keep4-s42:558:0,558,363,0,0,0,27,82
qwen3-8b-keep4-s42,qwen3-8b-keep4-s42:558:1,558,399,0,0,0,26,82
qwen3-8b-keep4-s42,qwen3-8b-keep4-s42:558:2,558,339,0,0,0,35,82
qwen3-8b-keep4-s42,qwen3-8b-keep4-s42:558:3,558,397,0,0,0,21,82
qwen3-8b-keep4-s42,qwen3-8b-keep4-s42:558:4,558,379,0,0,0,35,82
qwen3-8b-keep4-s42,qwen3-8b-keep4-s42:558:5,558,332,0,0,0,11,82
qwen3-8b-keep4-s42,qwen3-8b-keep4-s42:558:6,558,293,0,0,0,25,82
qwen3-8b-keep4-s42,qwen3-8b-keep4-s42:561:1,561,162,18,2,1,54,91
qwen3-8b-keep4-s42,qwen3-8b-keep4-s42:563:1,563,408,0,0,0,27,91
qwen3-8b-keep4-s42,qwen3-8b-keep4-s42:563:2,563,152,0,0,0,22,91
qwen3-8b-keep4-s42,qwen3-8b-keep4-s42:563:5,563,331,0,0,0,27,91
qwen3-8b-keep4-s42,qwen3-8b-keep4-s42:563:7,563,341,0,0,0,31,91
qwen3-8b-keep4-s42,qwen3-8b-keep4-s42:566:0,566,414,0,0,0,9,46
qwen3-8b-keep4-s42,qwen3-8b-keep4-s42:566:1,566,126,0,0,0,14,46
qwen3-8b-keep4-s42,qwen3-8b-keep4-s42:566:2,566,339,0,0,0,5,46
qwen3-8b-keep4-s42,qwen3-8b-keep4-s42:566:4,566,328,0,0,0,10,46
qwen3-8b-keep4-s42,qwen3-8b-keep4-s42:566:5,566,378,0,0,0,6,46
qwen3-8b-keep4-s42,qwen3-8b-keep4-s42:566:6,566,454,0,0,0,4,46
qwen3-8b-keep4-s42,qwen3-8b-keep4-s42:566:7,566,359,0,0,0,12,46
qwen3-8b-keep4-s42,qwen3-8b-keep4-s42:567:6,567,456,0,0,0,44,66
qwen3-8b-keep4-s42,qwen3-8b-keep4-s42:568:3,568,344,0,0,0,3,35
qwen3-8b-keep4-s42,qwen3-8b-keep4-s42:568:4,568,378,0,0,0,0,35
qwen3-8b-keep4-s42,qwen3-8b-keep4-s42:568:6,568,259,0,0,0,8,35
qwen3-8b-keep4-s42,qwen3-8b-keep4-s42:569:0,569,299,0,0,0,17,127
qwen3-8b-keep4-s42,qwen3-8b-keep4-s42:569:1,569,359,0,0,0,7,127
qwen3-8b-keep4-s42,qwen3-8b-keep4-s42:569:2,569,379,0,0,0,7,127
qwen3-8b-keep4-s42,qwen3-8b-keep4-s42:569:3,569,405,56,5,6,16,127
qwen3-8b-keep4-s42,qwen3-8b-keep4-s42:569:4,569,389,0,0,0,13,127
qwen3-8b-keep4-s42,qwen3-8b-keep4-s42:569:5,569,250,0,0,0,14,127
qwen3-8b-keep4-s42,qwen3-8b-keep4-s42:569:6,569,469,0,0,0,11,127
qwen3-8b-keep4-s42,qwen3-8b-keep4-s42:569:7,569,286,0,0,0,14,127
qwen3-8b-keep4-s42,qwen3-8b-keep4-s42:570:0,570,358,0,0,0,4,33
qwen3-8b-keep4-s42,qwen3-8b-keep4-s42:570:1,570,519,0,0,0,5,33
qwen3-8b-keep4-s42,qwen3-8b-keep4-s42:570:2,570,0,0,0,0,11,33
qwen3-8b-keep4-s42,qwen3-8b-keep4-s42:570:4,570,444,0,0,0,9,33
qwen3-8b-keep4-s42,qwen3-8b-keep4-s42:570:6,570,458,0,0,0,9,33
qwen3-8b-keep4-s42,qwen3-8b-keep4-s42:571:7,571,493,0,0,0,6,40
qwen3-8b-keep4-s42,qwen3-8b-keep4-s42:572:5,572,504,0,0,0,11,29
qwen3-8b-keep4-s42,qwen3-8b-keep4-s42:573:3,573,226,0,0,0,19,101
qwen3-8b-keep4-s42,qwen3-8b-keep4-s42:576:0,576,414,0,0,0,16,83
qwen3-8b-keep4-s42,qwen3-8b-keep4-s42:576:2,576,101,0,0,0,8,83
qwen3-8b-keep4-s42,qwen3-8b-keep4-s42:576:3,576,385,0,0,0,8,83
qwen3-8b-keep4-s42,qwen3-8b-keep4-s42:576:5,576,331,0,0,0,16,83
qwen3-8b-keep4-s42,qwen3-8b-keep4-s42:576:6,576,326,0,0,0,16,83
qwen3-8b-keep4-s42,qwen3-8b-keep4-s42:576:7,576,149,0,0,0,16,83
qwen3-8b-keep4-s42,qwen3-8b-keep4-s42:578:4,578,472,0,0,0,13,27
qwen3-8b-keep4-s42,qwen3-8b-keep4-s42:581:4,581,333,0,0,0,15,51
qwen3-8b-keep4-s42,qwen3-8b-keep4-s42:584:6,584,478,0,0,0,26,42
qwen3-8b-keep4-s42,qwen3-8b-keep4-s42:585:1,585,363,0,0,0,19,64
qwen3-8b-keep4-s42,qwen3-8b-keep4-s42:585:2,585,535,0,0,0,6,64
qwen3-8b-keep4-s42,qwen3-8b-keep4-s42:585:3,585,564,0,0,0,7,64
qwen3-8b-keep4-s42,qwen3-8b-keep4-s42:585:4,585,589,0,0,0,11,64
qwen3-8b-keep4-s42,qwen3-8b-keep4-s42:585:5,585,552,0,0,0,10,64
qwen3-8b-keep4-s42,qwen3-8b-keep4-s42:585:7,585,562,0,0,0,4,64
qwen3-8b-keep4-s42,qwen3-8b-keep4-s42:586:7,586,403,0,0,0,20,45
qwen3-8b-keep4-s42,qwen3-8b-keep4-s42:587:0,587,356,0,0,0,30,87
qwen3-8b-keep4-s42,qwen3-8b-keep4-s42:587:2,587,351,0,0,0,19,87
qwen3-8b-keep4-s42,qwen3-8b-keep4-s42:587:5,587,328,0,0,0,29,87
qwen3-8b-keep4-s42,qwen3-8b-keep4-s42:587:6,587,3,0,0,0,23,87
qwen3-8b-keep4-s42,qwen3-8b-keep4-s42:588:0,588,0,0,0,0,23,46
qwen3-8b-keep4-s42,qwen3-8b-keep4-s42:588:3,588,95,0,0,0,22,46
qwen3-8b-keep4-s42,qwen3-8b-keep4-s42:589:1,589,505,0,0,0,11,51
qwen3-8b-keep4-s42,qwen3-8b-keep4-s42:589:5,589,3,0,0,0,14,51
qwen3-8b-keep4-s42,qwen3-8b-keep4-s42:590:1,590,7,0,0,0,10,41
qwen3-8b-keep4-s42,qwen3-8b-keep4-s42:590:3,590,31,0,0,0,6,41
qwen3-8b-keep4-s42,qwen3-8b-keep4-s42:590:6,590,300,0,0,0,3,41
qwen3-8b-keep4-s42,qwen3-8b-keep4-s42:591:2,591,52,0,0,0,13,40
qwen3-8b-keep4-s42,qwen3-8b-keep4-s42:591:4,591,397,0,0,0,3,40
qwen3-8b-keep4-s42,qwen3-8b-keep4-s42:591:7,591,397,0,0,0,6,40
qwen3-8b-keep4-s42,qwen3-8b-keep4-s42:592:0,592,504,0,0,0,8,71
qwen3-8b-keep4-s42,qwen3-8b-keep4-s42:592:1,592,469,0,0,0,7,71
qwen3-8b-keep4-s42,qwen3-8b-keep4-s42:592:2,592,518,0,0,0,9,71
qwen3-8b-keep4-s42,qwen3-8b-keep4-s42:592:3,592,583,0,0,0,5,71
qwen3-8b-keep4-s42,qwen3-8b-keep4-s42:592:4,592,411,0,0,0,8,71
qwen3-8b-keep4-s42,qwen3-8b-keep4-s42:592:5,592,458,0,0,0,10,71
qwen3-8b-keep4-s42,qwen3-8b-keep4-s42:592:6,592,581,0,0,0,8,71
qwen3-8b-keep4-s42,qwen3-8b-keep4-s42:592:7,592,351,0,0,0,9,71
qwen3-8b-keep4-s42,qwen3-8b-keep4-s42:594:0,594,394,0,0,0,23,40
qwen3-8b-keep4-s42,qwen3-8b-keep4-s42:594:2,594,404,0,0,0,26,40
qwen3-8b-keep4-s42,qwen3-8b-keep4-s42:594:3,594,494,0,0,0,21,40
qwen3-8b-keep4-s42,qwen3-8b-keep4-s42:594:5,594,421,0,0,0,19,40
qwen3-8b-keep4-s42,qwen3-8b-keep4-s42:594:7,594,400,0,0,0,27,40
qwen3-8b-keep4-s42,qwen3-8b-keep4-s42:595:0,595,425,0,0,0,1,29
qwen3-8b-keep4-s42,qwen3-8b-keep4-s42:595:1,595,361,0,0,0,0,29
qwen3-8b-keep4-s42,qwen3-8b-keep4-s42:595:3,595,466,0,0,0,1,29
qwen3-8b-keep4-s42,qwen3-8b-keep4-s42:596:1,596,349,0,0,0,24,29
qwen3-8b-keep4-s42,qwen3-8b-keep4-s42:596:3,596,404,0,0,0,15,29
qwen3-8b-keep4-s42,qwen3-8b-keep4-s42:596:5,596,8,0,0,0,20,29
qwen3-8b-keep4-s42,qwen3-8b-keep4-s42:596:6,596,54,0,0,0,16,29
qwen3-8b-keep4-s42,qwen3-8b-keep4-s42:597:2,597,169,0,0,0,23,67
qwen3-8b-keep4-s42,qwen3-8b-keep4-s42:600:1,600,412,0,0,0,12,55
qwen3-8b-keep4-s42,qwen3-8b-keep4-s42:600:2,600,486,0,0,0,17,55
qwen3-8b-keep4-s42,qwen3-8b-keep4-s42:600:3,600,376,0,0,0,17,55
qwen3-8b-keep4-s42,qwen3-8b-keep4-s42:600:6,600,26,0,0,0,16,55
qwen3-8b-keep4-s42,qwen3-8b-keep4-s42:601:1,601,4,0,0,0,34,50
qwen3-8b-keep4-s42,qwen3-8b-keep4-s42:602:1,602,508,0,0,0,10,61
qwen3-8b-keep4-s42,qwen3-8b-keep4-s42:603:0,603,1,0,0,0,19,31
qwen3-8b-keep4-s42,qwen3-8b-keep4-s42:604:0,604,207,0,0,0,40,126
qwen3-8b-keep4-s42,qwen3-8b-keep4-s42:604:1,604,314,0,0,0,36,126
qwen3-8b-keep4-s42,qwen3-8b-keep4-s42:604:2,604,270,0,0,0,56,126
qwen3-8b-keep4-s42,qwen3-8b-keep4-s42:604:7,604,367,0,0,0,27,126
qwen3-8b-keep4-s42,qwen3-8b-keep4-s42:605:1,605,500,0,0,0,22,102
qwen3-8b-keep4-s42,qwen3-8b-keep4-s42:605:2,605,473,0,0,0,22,102
qwen3-8b-keep4-s42,qwen3-8b-keep4-s42:605:3,605,549,0,0,0,23,102
qwen3-8b-keep4-s42,qwen3-8b-keep4-s42:605:4,605,460,0,0,0,25,102
qwen3-8b-keep4-s42,qwen3-8b-keep4-s42:605:5,605,398,0,0,0,17,102
qwen3-8b-keep4-s42,qwen3-8b-keep4-s42:605:7,605,583,0,0,0,10,102
qwen3-8b-keep4-s42,qwen3-8b-keep4-s42:606:1,606,398,0,0,0,12,42
qwen3-8b-keep4-s42,qwen3-8b-keep4-s42:606:3,606,319,0,0,0,22,42
qwen3-8b-keep4-s42,qwen3-8b-keep4-s42:608:0,608,0,0,0,0,27,69
qwen3-8b-keep4-s42,qwen3-8b-keep4-s42:608:2,608,3,0,0,0,40,69
qwen3-8b-keep4-s42,qwen3-8b-keep4-s42:608:4,608,475,0,0,0,37,69
qwen3-8b-keep4-s42,qwen3-8b-keep4-s42:609:0,609,354,0,0,0,44,84
qwen3-8b-keep4-s42,qwen3-8b-keep4-s42:609:1,609,439,0,0,0,40,84
qwen3-8b-keep4-s42,qwen3-8b-keep4-s42:609:2,609,322,0,0,0,41,84
qwen3-8b-keep4-s42,qwen3-8b-keep4-s42:609:3,609,535,0,0,0,47,84
qwen3-8b-keep4-s42,qwen3-8b-keep4-s42:609:4,609,4,0,0,0,34,84
qwen3-8b-keep4-s42,qwen3-8b-keep4-s42:609:5,609,303,0,0,0,47,84
qwen3-8b-keep4-s42,qwen3-8b-keep4-s42:609:6,609,325,0,0,0,51,84
qwen3-8b-keep4-s42,qwen3-8b-keep4-s42:609:7,609,449,0,0,0,43,84
qwen3-8b-keep4-s42,qwen3-8b-keep4-s42:610:1,610,395,0,0,0,12,71
qwen3-8b-keep4-s42,qwen3-8b-keep4-s42:610:2,610,421,0,0,0,10,71
qwen3-8b-keep4-s42,qwen3-8b-keep4-s42:610:3,610,281,0,0,0,10,71
qwen3-8b-keep4-s42,qwen3-8b-keep4-s42:610:4,610,462,0,0,0,15,71
qwen3-8b-keep4-s42,qwen3-8b-keep4-s42:610:5,610,8,0,0,0,13,71
qwen3-8b-keep4-s42,qwen3-8b-keep4-s42:610:6,610,427,0,0,0,9,71
qwen3-8b-keep4-s42,qwen3-8b-keep4-s42:610:7,610,415,0,0,0,9,71
qwen3-8b-keep4-s42,qwen3-8b-keep4-s42:612:0,612,380,0,0,0,30,116
qwen3-8b-keep4-s42,qwen3-8b-keep4-s42:612:6,612,10,0,0,0,38,116
qwen3-8b-keep4-s42,qwen3-8b-keep4-s42:612:7,612,351,0,0,0,35,116
qwen3-8b-keep4-s42,qwen3-8b-keep4-s42:614:2,614,218,0,0,0,23,62
qwen3-8b-keep4-s42,qwen3-8b-keep4-s42:614:4,614,409,0,0,0,18,62
qwen3-8b-keep4-s42,qwen3-8b-keep4-s42:614:5,614,446,0,0,0,23,62
qwen3-8b-keep4-s42,qwen3-8b-keep4-s42:614:7,614,372,0,0,0,24,62
qwen3-8b-keep4-s42,qwen3-8b-keep4-s42:615:3,615,448,0,0,0,21,66
qwen3-8b-keep4-s42,qwen3-8b-keep4-s42:616:1,616,318,0,0,0,9,71
qwen3-8b-keep4-s42,qwen3-8b-keep4-s42:616:2,616,473,0,0,0,10,71
qwen3-8b-keep4-s42,qwen3-8b-keep4-s42:616:3,616,18,0,0,0,9,71
qwen3-8b-keep4-s42,qwen3-8b-keep4-s42:616:4,616,0,0,0,0,23,71
qwen3-8b-keep4-s42,qwen3-8b-keep4-s42:616:5,616,109,0,0,0,11,71
qwen3-8b-keep4-s42,qwen3-8b-keep4-s42:616:7,616,311,0,0,0,9,71
qwen3-8b-keep4-s42,qwen3-8b-keep4-s42:617:0,617,366,0,0,0,19,79
qwen3-8b-keep4-s42,qwen3-8b-keep4-s42:617:1,617,474,0,0,0,12,79
qwen3-8b-keep4-s42,qwen3-8b-keep4-s42:617:2,617,412,0,0,0,26,79
qwen3-8b-keep4-s42,qwen3-8b-keep4-s42:617:3,617,355,0,0,0,7,79
qwen3-8b-keep4-s42,qwen3-8b-keep4-s42:617:4,617,558,0,0,0,16,79
qwen3-8b-keep4-s42,qwen3-8b-keep4-s42:617:5,617,393,0,0,0,21,79
qwen3-8b-keep4-s42,qwen3-8b-keep4-s42:617:6,617,467,0,0,0,10,79
qwen3-8b-keep4-s42,qwen3-8b-keep4-s42:617:7,617,408,0,0,0,10,79
qwen3-8b-keep4-s42,qwen3-8b-keep4-s42:619:1,619,12,0,0,0,26,32
qwen3-8b-keep4-s42,qwen3-8b-keep4-s42:619:6,619,400,0,0,0,17,32
qwen3-8b-keep4-s42,qwen3-8b-keep4-s42:620:0,620,518,32,0,1,24,67
qwen3-8b-keep4-s42,qwen3-8b-keep4-s42:620:2,620,333,0,0,0,27,67
qwen3-8b-keep4-s42,qwen3-8b-keep4-s42:620:3,620,367,0,0,0,13,67
qwen3-8b-keep4-s42,qwen3-8b-keep4-s42:620:5,620,327,0,0,0,22,67
qwen3-8b-keep4-s42,qwen3-8b-keep4-s42:620:6,620,286,0,0,0,26,67
qwen3-8b-keep4-s42,qwen3-8b-keep4-s42:620:7,620,387,0,0,0,23,67
qwen3-8b-keep4-s42,qwen3-8b-keep4-s42:624:1,624,376,0,0,0,11,69
qwen3-8b-keep4-s42,qwen3-8b-keep4-s42:624:5,624,270,0,0,0,8,69
qwen3-8b-keep4-s42,qwen3-8b-keep4-s42:624:6,624,364,0,0,0,10,69
qwen3-8b-keep4-s42,qwen3-8b-keep4-s42:624:7,624,412,0,0,0,15,69
qwen3-8b-keep4-s42,qwen3-8b-keep4-s42:625:4,625,450,0,0,0,15,39
qwen3-8b-keep4-s42,qwen3-8b-keep4-s42:625:5,625,408,0,0,0,6,39
qwen3-8b-keep4-s42,qwen3-8b-keep4-s42:625:7,625,464,0,0,0,12,39
qwen3-8b-keep4-s42,qwen3-8b-keep4-s42:627:0,627,111,62,3,3,25,45
qwen3-8b-keep4-s42,qwen3-8b-keep4-s42:627:1,627,0,0,0,0,29,45
qwen3-8b-keep4-s42,qwen3-8b-keep4-s42:627:3,627,424,0,0,0,17,45
qwen3-8b-keep4-s42,qwen3-8b-keep4-s42:627:4,627,350,0,0,0,23,45
qwen3-8b-keep4-s42,qwen3-8b-keep4-s42:627:6,627,409,0,0,0,27,45
qwen3-8b-keep4-s42,qwen3-8b-keep4-s42:628:1,628,310,0,0,0,10,28
qwen3-8b-keep4-s42,qwen3-8b-keep4-s42:628:2,628,430,0,0,0,10,28
qwen3-8b-keep4-s42,qwen3-8b-keep4-s42:628:4,628,247,0,0,0,15,28
qwen3-8b-keep4-s42,qwen3-8b-keep4-s42:628:7,628,305,0,0,0,12,28
qwen3-8b-keep4-s42,qwen3-8b-keep4-s42:629:0,629,427,0,0,0,32,53
qwen3-8b-keep4-s42,qwen3-8b-keep4-s42:629:1,629,142,0,0,0,15,53
qwen3-8b-keep4-s42,qwen3-8b-keep4-s42:629:2,629,409,0,0,0,20,53
qwen3-8b-keep4-s42,qwen3-8b-keep4-s42:629:3,629,405,0,0,0,19,53
qwen3-8b-keep4-s42,qwen3-8b-keep4-s42:629:4,629,500,0,0,0,15,53
qwen3-8b-keep4-s42,qwen3-8b-keep4-s42:629:5,629,453,0,0,0,16,53
qwen3-8b-keep4-s42,qwen3-8b-keep4-s42:629:6,629,496,0,0,0,13,53
qwen3-8b-keep4-s42,qwen3-8b-keep4-s42:631:0,631,387,0,0,0,21,72
qwen3-8b-keep4-s42,qwen3-8b-keep4-s42:631:1,631,448,0,0,0,17,72
qwen3-8b-keep4-s42,qwen3-8b-keep4-s42:631:3,631,428,0,0,0,35,72
qwen3-8b-keep4-s42,qwen3-8b-keep4-s42:631:4,631,359,0,0,0,22,72
qwen3-8b-keep4-s42,qwen3-8b-keep4-s42:631:7,631,452,0,0,0,18,72
qwen3-8b-keep4-s42,qwen3-8b-keep4-s42:632:0,632,454,0,0,0,7,40
qwen3-8b-keep4-s42,qwen3-8b-keep4-s42:632:1,632,3,0,0,0,7,40
qwen3-8b-keep4-s42,qwen3-8b-keep4-s42:632:2,632,582,0,0,0,14,40
qwen3-8b-keep4-s42,qwen3-8b-keep4-s42:632:3,632,368,0,0,0,14,40
qwen3-8b-keep4-s42,qwen3-8b-keep4-s42:632:4,632,495,0,0,0,15,40
qwen3-8b-keep4-s42,qwen3-8b-keep4-s42:632:5,632,416,0,0,0,12,40
qwen3-8b-keep4-s42,qwen3-8b-keep4-s42:632:6,632,541,0,0,0,3,40
qwen3-8b-keep4-s42,qwen3-8b-keep4-s42:632:7,632,351,0,0,0,10,40
qwen3-8b-keep4-s42,qwen3-8b-keep4-s42:633:1,633,457,0,0,0,2,22
qwen3-8b-keep4-s42,qwen3-8b-keep4-s42:635:0,635,310,0,0,0,27,65
qwen3-8b-keep4-s42,qwen3-8b-keep4-s42:635:1,635,310,0,0,0,15,65
qwen3-8b-keep4-s42,qwen3-8b-keep4-s42:635:3,635,296,0,0,0,10,65
qwen3-8b-keep4-s42,qwen3-8b-keep4-s42:635:4,635,54,0,0,0,16,65
qwen3-8b-keep4-s42,qwen3-8b-keep4-s42:635:6,635,136,0,0,0,9,65
qwen3-8b-keep4-s42,qwen3-8b-keep4-s42:636:3,636,284,0,0,0,12,37
qwen3-8b-keep4-s42,qwen3-8b-keep4-s42:636:6,636,58,39,1,9,11,37
qwen3-8b-keep4-s42,qwen3-8b-keep4-s42:637:5,637,468,0,0,0,8,33
qwen3-8b-keep4-s42,qwen3-8b-keep4-s42:640:5,640,1,0,0,0,33,77
qwen3-8b-keep4-s42,qwen3-8b-keep4-s42:642:0,642,272,0,0,0,20,34
qwen3-8b-keep4-s42,qwen3-8b-keep4-s42:642:2,642,408,0,0,0,18,34
qwen3-8b-keep4-s42,qwen3-8b-keep4-s42:642:5,642,259,0,0,0,9,34
qwen3-8b-keep4-s42,qwen3-8b-keep4-s42:642:6,642,271,0,0,0,18,34
qwen3-8b-keep4-s42,qwen3-8b-keep4-s42:642:7,642,159,0,0,0,17,34
qwen3-8b-keep4-s42,qwen3-8b-keep4-s42:644:0,644,189,0,0,0,9,69
qwen3-8b-keep4-s42,qwen3-8b-keep4-s42:644:6,644,370,0,0,0,17,69
qwen3-8b-keep4-s42,qwen3-8b-keep4-s42:644:7,644,368,0,0,0,17,69
qwen3-8b-keep4-s42,qwen3-8b-keep4-s42:645:1,645,5,0,0,0,33,81
qwen3-8b-keep4-s42,qwen3-8b-keep4-s42:645:7,645,374,0,0,0,21,81
qwen3-8b-keep4-s42,qwen3-8b-keep4-s42:647:0,647,499,0,0,0,16,44
qwen3-8b-keep4-s42,qwen3-8b-keep4-s42:647:3,647,416,0,0,0,15,44
qwen3-8b-keep4-s42,qwen3-8b-keep4-s42:647:5,647,503,0,0,0,15,44
qwen3-8b-keep4-s42,qwen3-8b-keep4-s42:647:7,647,466,0,0,0,16,44
qwen3-8b-keep4-s42,qwen3-8b-keep4-s42:648:2,648,292,0,0,0,6,28
qwen3-8b-keep4-s42,qwen3-8b-keep4-s42:649:0,649,359,0,0,0,58,65
qwen3-8b-keep4-s42,qwen3-8b-keep4-s42:649:7,649,282,0,0,0,57,65
qwen3-8b-keep4-s42,qwen3-8b-keep4-s42:651:0,651,461,0,0,0,11,73
qwen3-8b-keep4-s42,qwen3-8b-keep4-s42:651:1,651,402,0,0,0,6,73
qwen3-8b-keep4-s42,qwen3-8b-keep4-s42:651:2,651,484,0,0,0,6,73
qwen3-8b-keep4-s42,qwen3-8b-keep4-s42:651:3,651,400,0,0,0,2,73
qwen3-8b-keep4-s42,qwen3-8b-keep4-s42:651:4,651,5,0,0,0,21,73
qwen3-8b-keep4-s42,qwen3-8b-keep4-s42:651:5,651,466,0,0,0,20,73
qwen3-8b-keep4-s42,qwen3-8b-keep4-s42:651:6,651,472,0,0,0,12,73
qwen3-8b-keep4-s42,qwen3-8b-keep4-s42:651:7,651,456,0,0,0,11,73
qwen3-8b-keep4-s42,qwen3-8b-keep4-s42:652:1,652,231,0,0,0,35,97
qwen3-8b-keep4-s42,qwen3-8b-keep4-s42:652:2,652,161,0,0,0,28,97
qwen3-8b-keep4-s42,qwen3-8b-keep4-s42:652:3,652,133,0,0,0,29,97
qwen3-8b-keep4-s42,qwen3-8b-keep4-s42:652:4,652,295,0,0,0,57,97
qwen3-8b-keep4-s42,qwen3-8b-keep4-s42:652:5,652,195,0,0,0,18,97
qwen3-8b-keep4-s42,qwen3-8b-keep4-s42:652:6,652,296,0,0,0,18,97
qwen3-8b-keep4-s42,qwen3-8b-keep4-s42:653:0,653,223,0,0,0,21,67
qwen3-8b-keep4-s42,qwen3-8b-keep4-s42:653:4,653,140,0,0,0,14,67
qwen3-8b-keep4-s42,qwen3-8b-keep4-s42:653:7,653,231,0,0,0,24,67
qwen3-8b-keep4-s42,qwen3-8b-keep4-s42:654:1,654,54,0,0,0,10,27
qwen3-8b-keep4-s42,qwen3-8b-keep4-s42:654:3,654,523,0,0,0,11,27
qwen3-8b-keep4-s42,qwen3-8b-keep4-s42:654:4,654,46,37,4,6,15,27
qwen3-8b-keep4-s42,qwen3-8b-keep4-s42:654:6,654,517,0,0,0,19,27
qwen3-8b-keep4-s42,qwen3-8b-keep4-s42:654:7,654,463,0,0,0,11,27
qwen3-8b-keep4-s42,qwen3-8b-keep4-s42:655:4,655,167,0,0,0,29,59
qwen3-8b-keep4-s42,qwen3-8b-keep4-s42:655:5,655,577,0,0,0,17,59
qwen3-8b-keep4-s42,qwen3-8b-keep4-s42:655:6,655,0,0,0,0,33,59
qwen3-8b-keep4-s42,qwen3-8b-keep4-s42:656:0,656,325,0,0,0,2,41
qwen3-8b-keep4-s42,qwen3-8b-keep4-s42:656:3,656,427,0,0,0,6,41
qwen3-8b-keep4-s42,qwen3-8b-keep4-s42:656:4,656,459,0,0,0,13,41
qwen3-8b-keep4-s42,qwen3-8b-keep4-s42:656:7,656,483,0,0,0,4,41
qwen3-8b-keep4-s42,qwen3-8b-keep4-s42:657:0,657,324,0,0,0,6,43
qwen3-8b-keep4-s42,qwen3-8b-keep4-s42:657:1,657,573,0,0,0,9,43
qwen3-8b-keep4-s42,qwen3-8b-keep4-s42:657:2,657,488,0,0,0,7,43
qwen3-8b-keep4-s42,qwen3-8b-keep4-s42:657:3,657,389,0,0,0,22,43
qwen3-8b-keep4-s42,qwen3-8b-keep4-s42:657:4,657,541,0,0,0,8,43
qwen3-8b-keep4-s42,qwen3-8b-keep4-s42:657:5,657,418,0,0,0,8,43
qwen3-8b-keep4-s42,qwen3-8b-keep4-s42:657:6,657,468,0,0,0,12,43
qwen3-8b-keep4-s42,qwen3-8b-keep4-s42:657:7,657,565,0,0,0,6,43
qwen3-8b-keep4-s42,qwen3-8b-keep4-s42:658:1,658,363,0,0,0,6,28
qwen3-8b-keep4-s42,qwen3-8b-keep4-s42:658:5,658,440,0,0,0,2,28
qwen3-8b-keep4-s42,qwen3-8b-keep4-s42:658:6,658,388,0,0,0,7,28
qwen3-8b-keep4-s42,qwen3-8b-keep4-s42:658:7,658,332,0,0,0,8,28
qwen3-8b-keep4-s42,qwen3-8b-keep4-s42:659:5,659,0,0,0,0,34,64
qwen3-8b-keep4-s42,qwen3-8b-keep4-s42:660:7,660,446,0,0,0,23,95
qwen3-8b-keep4-s42,qwen3-8b-keep4-s42:661:4,661,400,0,0,0,22,47
qwen3-8b-keep4-s42,qwen3-8b-keep4-s42:661:7,661,414,0,0,0,25,47
qwen3-8b-keep4-s42,qwen3-8b-keep4-s42:664:0,664,443,0,0,0,26,53
qwen3-8b-keep4-s42,qwen3-8b-keep4-s42:664:1,664,381,0,0,0,21,53
qwen3-8b-keep4-s42,qwen3-8b-keep4-s42:664:2,664,506,0,0,0,16,53
qwen3-8b-keep4-s42,qwen3-8b-keep4-s42:664:4,664,436,0,0,0,18,53
qwen3-8b-keep4-s42,qwen3-8b-keep4-s42:664:5,664,404,0,0,0,26,53
qwen3-8b-keep4-s42,qwen3-8b-keep4-s42:664:6,664,368,0,0,0,23,53
qwen3-8b-keep4-s42,qwen3-8b-keep4-s42:664:7,664,409,0,0,0,24,53
qwen3-8b-keep4-s42,qwen3-8b-keep4-s42:665:0,665,426,0,0,0,12,82
qwen3-8b-keep4-s42,qwen3-8b-keep4-s42:665:1,665,397,0,0,0,17,82
qwen3-8b-keep4-s42,qwen3-8b-keep4-s42:665:2,665,454,0,0,0,20,82
qwen3-8b-keep4-s42,qwen3-8b-keep4-s42:665:3,665,545,0,0,0,10,82
qwen3-8b-keep4-s42,qwen3-8b-keep4-s42:665:4,665,327,0,0,0,20,82
qwen3-8b-keep4-s42,qwen3-8b-keep4-s42:665:5,665,259,0,0,0,11,82
qwen3-8b-keep4-s42,qwen3-8b-keep4-s42:665:6,665,675,0,0,0,8,82
qwen3-8b-keep4-s42,qwen3-8b-keep4-s42:666:0,666,363,0,0,0,33,58
qwen3-8b-keep4-s42,qwen3-8b-keep4-s42:666:3,666,353,0,0,0,31,58
qwen3-8b-keep4-s42,qwen3-8b-keep4-s42:666:7,666,408,0,0,0,37,58
qwen3-8b-keep4-s42,qwen3-8b-keep4-s42:667:2,667,333,0,0,0,20,53
qwen3-8b-keep4-s42,qwen3-8b-keep4-s42:667:3,667,362,0,0,0,22,53
qwen3-8b-keep4-s42,qwen3-8b-keep4-s42:667:4,667,19,0,0,0,27,53
qwen3-8b-keep4-s42,qwen3-8b-keep4-s42:667:5,667,344,0,0,0,23,53
qwen3-8b-keep4-s42,qwen3-8b-keep4-s42:668:0,668,413,0,0,0,7,84
qwen3-8b-keep4-s42,qwen3-8b-keep4-s42:668:1,668,371,0,0,0,19,84
qwen3-8b-keep4-s42,qwen3-8b-keep4-s42:668:2,668,426,0,0,0,7,84
qwen3-8b-keep4-s42,qwen3-8b-keep4-s42:668:3,668,445,0,0,0,17,84
qwen3-8b-keep4-s42,qwen3-8b-keep4-s42:668:4,668,390,0,0,0,19,84
qwen3-8b-keep4-s42,qwen3-8b-keep4-s42:668:5,668,346,0,0,0,22,84
qwen3-8b-keep4-s42,qwen3-8b-keep4-s42:668:6,668,27,4,0,0,19,84
qwen3-8b-keep4-s42,qwen3-8b-keep4-s42:668:7,668,470,0,0,0,0,84
qwen3-8b-keep4-s42,qwen3-8b-keep4-s42:670:5,670,0,0,0,0,34,46
qwen3-8b-keep4-s42,qwen3-8b-keep4-s42:672:0,672,438,0,0,0,4,48
qwen3-8b-keep4-s42,qwen3-8b-keep4-s42:672:1,672,358,0,0,0,28,48
qwen3-8b-keep4-s42,qwen3-8b-keep4-s42:672:2,672,109,0,0,0,3,48
qwen3-8b-keep4-s42,qwen3-8b-keep4-s42:672:3,672,412,0,0,0,17,48
qwen3-8b-keep4-s42,qwen3-8b-keep4-s42:672:5,672,0,0,0,0,25,48
qwen3-8b-keep4-s42,qwen3-8b-keep4-s42:672:7,672,546,0,0,0,21,48
qwen3-8b-keep4-s42,qwen3-8b-keep4-s42:673:0,673,560,0,0,0,11,40
qwen3-8b-keep4-s42,qwen3-8b-keep4-s42:673:2,673,437,0,0,0,14,40
qwen3-8b-keep4-s42,qwen3-8b-keep4-s42:673:3,673,373,0,0,0,9,40
qwen3-8b-keep4-s42,qwen3-8b-keep4-s42:673:4,673,426,0,0,0,9,40
qwen3-8b-keep4-s42,qwen3-8b-keep4-s42:673:5,673,419,0,0,0,11,40
qwen3-8b-keep4-s42,qwen3-8b-keep4-s42:673:6,673,18,0,0,0,11,40
qwen3-8b-keep4-s42,qwen3-8b-keep4-s42:673:7,673,407,0,0,0,11,40
qwen3-8b-keep4-s42,qwen3-8b-keep4-s42:676:0,676,313,0,0,0,37,84
qwen3-8b-keep4-s42,qwen3-8b-keep4-s42:676:3,676,234,0,0,0,39,84
qwen3-8b-keep4-s42,qwen3-8b-keep4-s42:676:5,676,5,0,0,0,27,84
qwen3-8b-keep4-s42,qwen3-8b-keep4-s42:676:6,676,327,0,0,0,31,84
qwen3-8b-keep4-s42,qwen3-8b-keep4-s42:676:7,676,344,0,0,0,17,84
qwen3-8b-keep4-s42,qwen3-8b-keep4-s42:678:2,678,430,0,0,0,18,58
qwen3-8b-keep4-s42,qwen3-8b-keep4-s42:679:2,679,425,0,0,0,9,55
qwen3-8b-keep4-s42,qwen3-8b-keep4-s42:680:0,680,414,0,0,0,19,68
qwen3-8b-keep4-s42,qwen3-8b-keep4-s42:680:2,680,0,0,0,0,21,68
qwen3-8b-keep4-s42,qwen3-8b-keep4-s42:680:4,680,465,0,0,0,19,68
qwen3-8b-keep4-s42,qwen3-8b-keep4-s42:680:5,680,342,0,0,0,10,68
qwen3-8b-keep4-s42,qwen3-8b-keep4-s42:681:5,681,297,0,0,0,5,125
qwen3-8b-keep4-s42,qwen3-8b-keep4-s42:682:0,682,521,0,0,0,22,74
qwen3-8b-keep4-s42,qwen3-8b-keep4-s42:682:4,682,400,0,0,0,20,74
qwen3-8b-keep4-s42,qwen3-8b-keep4-s42:683:2,683,399,0,0,0,51,93
qwen3-8b-keep4-s42,qwen3-8b-keep4-s42:683:4,683,361,0,0,0,32,93
qwen3-8b-keep4-s42,qwen3-8b-keep4-s42:683:7,683,0,0,0,0,56,93
qwen3-8b-keep4-s42,qwen3-8b-keep4-s42:684:0,684,3,0,0,0,3,65
qwen3-8b-keep4-s42,qwen3-8b-keep4-s42:684:1,684,8,0,0,0,9,65
qwen3-8b-keep4-s42,qwen3-8b-keep4-s42:684:2,684,399,0,0,0,4,65
qwen3-8b-keep4-s42,qwen3-8b-keep4-s42:684:4,684,4,0,0,0,4,65
qwen3-8b-keep4-s42,qwen3-8b-keep4-s42:684:5,684,349,0,0,0,3,65
qwen3-8b-keep4-s42,qwen3-8b-keep4-s42:684:6,684,513,0,0,0,1,65
qwen3-8b-keep4-s42,qwen3-8b-keep4-s42:684:7,684,534,0,0,0,3,65
qwen3-8b-keep4-s42,qwen3-8b-keep4-s42:685:0,685,363,0,0,0,27,58
qwen3-8b-keep4-s42,qwen3-8b-keep4-s42:685:1,685,323,0,0,0,28,58
qwen3-8b-keep4-s42,qwen3-8b-keep4-s42:685:2,685,316,0,0,0,19,58
qwen3-8b-keep4-s42,qwen3-8b-keep4-s42:686:0,686,457,0,0,0,21,64
qwen3-8b-keep4-s42,qwen3-8b-keep4-s42:686:4,686,451,0,0,0,28,64
qwen3-8b-keep4-s42,qwen3-8b-keep4-s42:686:5,686,2,0,0,0,29,64
qwen3-8b-keep4-s42,qwen3-8b-keep4-s42:687:5,687,501,0,0,0,44,77
qwen3-8b-keep4-s42,qwen3-8b-keep4-s42:688:0,688,387,0,0,0,7,59
qwen3-8b-keep4-s42,qwen3-8b-keep4-s42:688:1,688,366,0,0,0,9,59
qwen3-8b-keep4-s42,qwen3-8b-keep4-s42:688:3,688,82,68,3,6,21,59
qwen3-8b-keep4-s42,qwen3-8b-keep4-s42:688:5,688,405,0,0,0,7,59
qwen3-8b-keep4-s42,qwen3-8b-keep4-s42:688:7,688,545,0,0,0,17,59
qwen3-8b-keep4-s42,qwen3-8b-keep4-s42:689:0,689,388,0,0,0,22,67
qwen3-8b-keep4-s42,qwen3-8b-keep4-s42:689:1,689,3,0,0,0,34,67
qwen3-8b-keep4-s42,qwen3-8b-keep4-s42:689:3,689,107,0,0,0,33,67
qwen3-8b-keep4-s42,qwen3-8b-keep4-s42:689:4,689,345,0,0,0,20,67
qwen3-8b-keep4-s42,qwen3-8b-keep4-s42:689:7,689,48,0,0,0,29,67
qwen3-8b-keep4-s42,qwen3-8b-keep4-s42:690:0,690,419,0,0,0,22,45
qwen3-8b-keep4-s42,qwen3-8b-keep4-s42:690:5,690,458,0,0,0,15,45
qwen3-8b-keep4-s42,qwen3-8b-keep4-s42:690:6,690,4,0,0,0,20,45
qwen3-8b-keep4-s42,qwen3-8b-keep4-s42:690:7,690,427,0,0,0,26,45
qwen3-8b-keep4-s42,qwen3-8b-keep4-s42:691:5,691,10,0,0,0,36,59
qwen3-8b-keep4-s42,qwen3-8b-keep4-s42:691:6,691,509,0,0,0,22,59
qwen3-8b-keep4-s42,qwen3-8b-keep4-s42:691:7,691,451,0,0,0,19,59
qwen3-8b-keep4-s42,qwen3-8b-keep4-s42:693:6,693,406,0,0,0,13,39
qwen3-8b-keep4-s42,qwen3-8b-keep4-s42:695:0,695,341,0,0,0,20,99
qwen3-8b-keep4-s42,qwen3-8b-keep4-s42:695:3,695,426,0,0,0,20,99
qwen3-8b-keep4-s42,qwen3-8b-keep4-s42:695:6,695,279,0,0,0,26,99
qwen3-8b-keep4-s42,qwen3-8b-keep4-s42:695:7,695,372,0,0,0,13,99
qwen3-8b-keep4-s42,qwen3-8b-keep4-s42:696:1,696,400,0,0,0,38,73
qwen3-8b-keep4-s42,qwen3-8b-keep4-s42:696:4,696,382,0,0,0,38,73
qwen3-8b-keep4-s42,qwen3-8b-keep4-s42:696:7,696,405,0,0,0,43,73
qwen3-8b-keep4-s42,qwen3-8b-keep4-s42:698:2,698,199,0,0,0,16,80
qwen3-8b-keep4-s42,qwen3-8b-keep4-s42:698:4,698,93,57,0,0,12,80
qwen3-8b-keep4-s42,qwen3-8b-keep4-s42:698:5,698,274,0,0,0,6,80
qwen3-8b-keep4-s42,qwen3-8b-keep4-s42:698:6,698,382,0,0,0,4,80
qwen3-8b-keep4-s42,qwen3-8b-keep4-s42:699:1,699,410,0,0,0,13,51
qwen3-8b-keep4-s42,qwen3-8b-keep4-s42:699:5,699,349,0,0,0,7,51
qwen3-8b-keep4-s42,qwen3-8b-keep4-s42:700:0,700,446,0,0,0,8,41
qwen3-8b-keep4-s42,qwen3-8b-keep4-s42:700:1,700,352,0,0,0,15,41
qwen3-8b-keep4-s42,qwen3-8b-keep4-s42:700:2,700,453,0,0,0,14,41
qwen3-8b-keep4-s42,qwen3-8b-keep4-s42:700:4,700,15,0,0,0,11,41
qwen3-8b-keep4-s42,qwen3-8b-keep4-s42:700:6,700,419,0,0,0,10,41
qwen3-8b-keep4-s42,qwen3-8b-keep4-s42:700:7,700,381,0,0,0,15,41
qwen3-8b-keep4-s42,qwen3-8b-keep4-s42:701:1,701,320,0,0,0,36,72
qwen3-8b-keep4-s42,qwen3-8b-keep4-s42:701:3,701,387,0,0,0,29,72
qwen3-8b-keep4-s42,qwen3-8b-keep4-s42:701:4,701,411,0,0,0,29,72
qwen3-8b-keep4-s42,qwen3-8b-keep4-s42:701:6,701,280,0,0,0,37,72
qwen3-8b-keep4-s42,qwen3-8b-keep4-s42:701:7,701,387,0,0,0,29,72
qwen3-8b-keep4-s42,qwen3-8b-keep4-s42:702:2,702,437,0,0,0,10,69
qwen3-8b-keep4-s42,qwen3-8b-keep4-s42:702:4,702,484,0,0,0,11,69
qwen3-8b-keep4-s42,qwen3-8b-keep4-s42:702:5,702,322,0,0,0,10,69
qwen3-8b-keep4-s42,qwen3-8b-keep4-s42:702:7,702,381,0,0,0,8,69
qwen3-8b-keep4-s42,qwen3-8b-keep4-s42:703:4,703,464,0,0,0,26,81
qwen3-8b-keep4-s42,qwen3-8b-keep4-s42:704:0,704,511,0,0,0,0,21
qwen3-8b-keep4-s42,qwen3-8b-keep4-s42:704:1,704,78,0,0,0,0,21
qwen3-8b-keep4-s42,qwen3-8b-keep4-s42:704:2,704,286,0,0,0,0,21
qwen3-8b-keep4-s42,qwen3-8b-keep4-s42:704:3,704,338,0,0,0,0,21
qwen3-8b-keep4-s42,qwen3-8b-keep4-s42:704:4,704,197,0,0,0,0,21
qwen3-8b-keep4-s42,qwen3-8b-keep4-s42:704:5,704,349,0,0,0,0,21
qwen3-8b-keep4-s42,qwen3-8b-keep4-s42:704:6,704,273,0,0,0,0,21
qwen3-8b-keep4-s42,qwen3-8b-keep4-s42:704:7,704,8,0,0,0,0,21
qwen3-8b-keep4-s42,qwen3-8b-keep4-s42:706:1,706,542,0,0,0,5,35
qwen3-8b-keep4-s42,qwen3-8b-keep4-s42:706:2,706,1,0,0,0,5,35
qwen3-8b-keep4-s42,qwen3-8b-keep4-s42:706:4,706,478,0,0,0,8,35
qwen3-8b-keep4-s42,qwen3-8b-keep4-s42:706:5,706,1,0,0,0,11,35
qwen3-8b-keep4-s42,qwen3-8b-keep4-s42:706:6,706,5,0,0,0,8,35
qwen3-8b-keep4-s42,qwen3-8b-keep4-s42:707:0,707,308,0,0,0,17,83
qwen3-8b-keep4-s42,qwen3-8b-keep4-s42:707:1,707,375,0,0,0,11,83
qwen3-8b-keep4-s42,qwen3-8b-keep4-s42:707:3,707,526,0,0,0,14,83
qwen3-8b-keep4-s42,qwen3-8b-keep4-s42:707:5,707,524,0,0,0,10,83
qwen3-8b-keep4-s42,qwen3-8b-keep4-s42:707:7,707,435,0,0,0,10,83
qwen3-8b-keep4-s42,qwen3-8b-keep4-s42:708:2,708,463,0,0,0,12,44
qwen3-8b-keep4-s42,qwen3-8b-keep4-s42:708:3,708,4,0,0,0,6,44
qwen3-8b-keep4-s42,qwen3-8b-keep4-s42:708:5,708,0,0,0,0,11,44
qwen3-8b-keep4-s42,qwen3-8b-keep4-s42:708:7,708,374,0,0,0,15,44
qwen3-8b-keep4-s42,qwen3-8b-keep4-s42:710:0,710,322,0,0,0,4,67
qwen3-8b-keep4-s42,qwen3-8b-keep4-s42:710:1,710,365,0,0,0,13,67
qwen3-8b-keep4-s42,qwen3-8b-keep4-s42:710:2,710,322,0,0,0,10,67
qwen3-8b-keep4-s42,qwen3-8b-keep4-s42:710:3,710,445,0,0,0,7,67
qwen3-8b-keep4-s42,qwen3-8b-keep4-s42:710:4,710,392,0,0,0,7,67
qwen3-8b-keep4-s42,qwen3-8b-keep4-s42:710:5,710,322,0,0,0,10,67
qwen3-8b-keep4-s42,qwen3-8b-keep4-s42:710:6,710,378,0,0,0,6,67
qwen3-8b-keep4-s42,qwen3-8b-keep4-s42:710:7,710,369,0,0,0,10,67
qwen3-8b-keep4-s42,qwen3-8b-keep4-s42:711:0,711,551,0,0,0,13,59
qwen3-8b-keep4-s42,qwen3-8b-keep4-s42:711:1,711,312,0,0,0,10,59
qwen3-8b-keep4-s42,qwen3-8b-keep4-s42:711:2,711,248,0,0,0,9,59
qwen3-8b-keep4-s42,qwen3-8b-keep4-s42:711:4,711,210,0,0,0,9,59
qwen3-8b-keep4-s42,qwen3-8b-keep4-s42:711:5,711,166,0,0,0,15,59
qwen3-8b-keep4-s42,qwen3-8b-keep4-s42:711:6,711,393,0,0,0,6,59
qwen3-8b-keep4-s42,qwen3-8b-keep4-s42:712:0,712,401,0,0,0,6,63
qwen3-8b-keep4-s42,qwen3-8b-keep4-s42:712:1,712,294,0,0,0,3,63
qwen3-8b-keep4-s42,qwen3-8b-keep4-s42:712:2,712,529,0,0,0,4,63
qwen3-8b-keep4-s42,qwen3-8b-keep4-s42:712:3,712,392,0,0,0,12,63
qwen3-8b-keep4-s42,qwen3-8b-keep4-s42:712:4,712,483,0,0,0,3,63
qwen3-8b-keep4-s42,qwen3-8b-keep4-s42:712:6,712,402,0,0,0,2,63
qwen3-8b-keep4-s42,qwen3-8b-keep4-s42:712:7,712,0,0,0,0,3,63
qwen3-8b-keep4-s42,qwen3-8b-keep4-s42:716:4,716,4,0,0,0,46,80
qwen3-8b-keep4-s42,qwen3-8b-keep4-s42:716:5,716,345,0,0,0,52,80
qwen3-8b-keep4-s42,qwen3-8b-keep4-s42:716:6,716,363,0,0,0,37,80
qwen3-8b-keep4-s42,qwen3-8b-keep4-s42:717:2,717,339,0,0,0,5,9
qwen3-8b-keep4-s42,qwen3-8b-keep4-s42:717:4,717,257,0,0,0,5,9
qwen3-8b-keep4-s42,qwen3-8b-keep4-s42:717:6,717,317,0,0,0,7,9
qwen3-8b-keep4-s42,qwen3-8b-keep4-s42:719:0,719,453,0,0,0,3,60
qwen3-8b-keep4-s42,qwen3-8b-keep4-s42:719:1,719,443,0,0,0,22,60
qwen3-8b-keep4-s42,qwen3-8b-keep4-s42:719:2,719,338,0,0,0,13,60
qwen3-8b-keep4-s42,qwen3-8b-keep4-s42:719:3,719,376,0,0,0,22,60
qwen3-8b-keep4-s42,qwen3-8b-keep4-s42:719:4,719,402,0,0,0,23,60
qwen3-8b-keep4-s42,qwen3-8b-keep4-s42:719:5,719,363,0,0,0,32,60
qwen3-8b-keep4-s42,qwen3-8b-keep4-s42:719:6,719,269,0,0,0,33,60
qwen3-8b-keep4-s42,qwen3-8b-keep4-s42:719:7,719,455,0,0,0,12,60
qwen3-8b-keep4-s42,qwen3-8b-keep4-s42:721:0,721,358,0,0,0,21,76
qwen3-8b-keep4-s42,qwen3-8b-keep4-s42:721:1,721,347,0,0,0,30,76
qwen3-8b-keep4-s42,qwen3-8b-keep4-s42:721:2,721,330,0,0,0,24,76
qwen3-8b-keep4-s42,qwen3-8b-keep4-s42:721:3,721,387,0,0,0,19,76
qwen3-8b-keep4-s42,qwen3-8b-keep4-s42:721:4,721,344,0,0,0,25,76
qwen3-8b-keep4-s42,qwen3-8b-keep4-s42:721:5,721,353,0,0,0,22,76
qwen3-8b-keep4-s42,qwen3-8b-keep4-s42:721:7,721,325,0,0,0,22,76
qwen3-8b-keep4-s42,qwen3-8b-keep4-s42:723:6,723,142,7,0,1,7,44
qwen3-8b-keep4-s42,qwen3-8b-keep4-s42:725:0,725,406,0,0,0,36,77
qwen3-8b-keep4-s42,qwen3-8b-keep4-s42:725:4,725,453,0,0,0,32,77
qwen3-8b-keep4-s42,qwen3-8b-keep4-s42:725:5,725,313,0,0,0,15,77
qwen3-8b-keep4-s42,qwen3-8b-keep4-s42:725:7,725,275,0,0,0,35,77
qwen3-8b-keep4-s42,qwen3-8b-keep4-s42:726:6,726,356,0,0,0,19,40
qwen3-8b-keep4-s42,qwen3-8b-keep4-s42:728:0,728,357,0,0,0,18,75
qwen3-8b-keep4-s42,qwen3-8b-keep4-s42:728:1,728,395,0,0,0,15,75
qwen3-8b-keep4-s42,qwen3-8b-keep4-s42:728:2,728,418,0,0,0,16,75
qwen3-8b-keep4-s42,qwen3-8b-keep4-s42:728:3,728,383,0,0,0,14,75
qwen3-8b-keep4-s42,qwen3-8b-keep4-s42:728:4,728,22,0,0,0,21,75
qwen3-8b-keep4-s42,qwen3-8b-keep4-s42:728:5,728,363,0,0,0,13,75
qwen3-8b-keep4-s42,qwen3-8b-keep4-s42:728:7,728,384,0,0,0,12,75
qwen3-8b-keep4-s42,qwen3-8b-keep4-s42:730:0,730,346,0,0,0,29,78
qwen3-8b-keep4-s42,qwen3-8b-keep4-s42:730:1,730,458,0,0,0,13,78
qwen3-8b-keep4-s42,qwen3-8b-keep4-s42:730:2,730,421,0,0,0,22,78
qwen3-8b-keep4-s42,qwen3-8b-keep4-s42:730:3,730,162,0,0,0,25,78
qwen3-8b-keep4-s42,qwen3-8b-keep4-s42:730:4,730,166,0,0,0,17,78
qwen3-8b-keep4-s42,qwen3-8b-keep4-s42:730:6,730,428,0,0,0,14,78
qwen3-8b-keep4-s42,qwen3-8b-keep4-s42:730:7,730,434,0,0,0,17,78
qwen3-8b-keep4-s42,qwen3-8b-keep4-s42:731:1,731,519,0,0,0,14,48
qwen3-8b-keep4-s42,qwen3-8b-keep4-s42:731:2,731,564,0,0,0,12,48
qwen3-8b-keep4-s42,qwen3-8b-keep4-s42:731:3,731,492,0,0,0,12,48
qwen3-8b-keep4-s42,qwen3-8b-keep4-s42:731:5,731,480,0,0,0,15,48
qwen3-8b-keep4-s42,qwen3-8b-keep4-s42:731:7,731,475,0,0,0,11,48
qwen3-8b-keep4-s42,qwen3-8b-keep4-s42:732:2,732,269,0,0,0,25,79
qwen3-8b-keep4-s42,qwen3-8b-keep4-s42:732:4,732,520,0,0,0,16,79
qwen3-8b-keep4-s42,qwen3-8b-keep4-s42:732:5,732,359,0,0,0,22,79
qwen3-8b-keep4-s42,qwen3-8b-keep4-s42:732:6,732,351,0,0,0,22,79
qwen3-8b-keep4-s42,qwen3-8b-keep4-s42:732:7,732,401,0,0,0,30,79
qwen3-8b-keep4-s42,qwen3-8b-keep4-s42:734:1,734,378,0,0,0,34,76
qwen3-8b-keep4-s42,qwen3-8b-keep4-s42:734:4,734,365,0,0,0,53,76
qwen3-8b-keep4-s42,qwen3-8b-keep4-s42:735:4,735,0,0,0,0,49,91
qwen3-8b-keep4-s42,qwen3-8b-keep4-s42:735:6,735,431,0,0,0,13,91
qwen3-8b-keep4-s42,qwen3-8b-keep4-s42:735:7,735,254,0,0,0,2,91
qwen3-8b-keep4-s42,qwen3-8b-keep4-s42:736:3,736,345,0,0,0,13,47
qwen3-8b-keep4-s42,qwen3-8b-keep4-s42:737:1,737,361,0,0,0,18,82
qwen3-8b-keep4-s42,qwen3-8b-keep4-s42:737:4,737,259,0,0,0,26,82
qwen3-8b-keep4-s42,qwen3-8b-keep4-s42:738:0,738,285,0,0,0,14,62
qwen3-8b-keep4-s42,qwen3-8b-keep4-s42:738:4,738,424,0,0,0,11,62
qwen3-8b-keep4-s42,qwen3-8b-keep4-s42:740:1,740,251,0,0,0,2,36
qwen3-8b-keep4-s42,qwen3-8b-keep4-s42:740:3,740,298,0,0,0,2,36
qwen3-8b-keep4-s42,qwen3-8b-keep4-s42:740:4,740,154,0,0,0,2,36
qwen3-8b-keep4-s42,qwen3-8b-keep4-s42:740:6,740,341,0,0,0,7,36
qwen3-8b-keep4-s42,qwen3-8b-keep4-s42:742:0,742,383,0,0,0,15,41
qwen3-8b-keep4-s42,qwen3-8b-keep4-s42:742:1,742,437,0,0,0,11,41
qwen3-8b-keep4-s42,qwen3-8b-keep4-s42:742:4,742,480,0,0,0,13,41
qwen3-8b-keep4-s42,qwen3-8b-keep4-s42:742:5,742,390,0,0,0,21,41
qwen3-8b-keep4-s42,qwen3-8b-keep4-s42:742:6,742,404,0,0,0,13,41
qwen3-8b-keep4-s42,qwen3-8b-keep4-s42:742:7,742,554,0,0,0,17,41
qwen3-8b-keep4-s42,qwen3-8b-keep4-s42:743:2,743,391,0,0,0,29,75
qwen3-8b-keep4-s42,qwen3-8b-keep4-s42:743:7,743,386,0,0,0,30,75
qwen3-8b-keep4-s42,qwen3-8b-keep4-s42:744:1,744,0,0,0,0,10,30
qwen3-8b-keep4-s42,qwen3-8b-keep4-s42:745:1,745,295,0,0,0,10,88
qwen3-8b-keep4-s42,qwen3-8b-keep4-s42:745:2,745,463,0,0,0,7,88
qwen3-8b-keep4-s42,qwen3-8b-keep4-s42:745:4,745,404,0,0,0,7,88
qwen3-8b-keep4-s42,qwen3-8b-keep4-s42:745:5,745,414,0,0,0,7,88
qwen3-8b-keep4-s42,qwen3-8b-keep4-s42:745:7,745,463,0,0,0,5,88
qwen3-8b-keep4-s42,qwen3-8b-keep4-s42:746:1,746,402,0,0,0,24,63
qwen3-8b-keep4-s42,qwen3-8b-keep4-s42:747:0,747,510,0,0,0,14,50
qwen3-8b-keep4-s42,qwen3-8b-keep4-s42:747:2,747,4,0,0,0,12,50
qwen3-8b-keep4-s42,qwen3-8b-keep4-s42:747:7,747,403,0,0,0,12,50
qwen3-8b-keep4-s42,qwen3-8b-keep4-s42:750:1,750,490,0,0,0,16,37
qwen3-8b-keep4-s42,qwen3-8b-keep4-s42:750:2,750,467,0,0,0,15,37
qwen3-8b-keep4-s42,qwen3-8b-keep4-s42:750:3,750,568,0,0,0,6,37
qwen3-8b-keep4-s42,qwen3-8b-keep4-s42:750:6,750,0,0,0,0,19,37
qwen3-8b-keep4-s42,qwen3-8b-keep4-s42:755:0,755,34,0,0,0,54,93
qwen3-8b-keep4-s42,qwen3-8b-keep4-s42:755:2,755,453,0,0,0,41,93
qwen3-8b-keep4-s42,qwen3-8b-keep4-s42:755:3,755,77,57,4,9,37,93
qwen3-8b-keep4-s42,qwen3-8b-keep4-s42:755:5,755,364,0,0,0,47,93
qwen3-8b-keep4-s42,qwen3-8b-keep4-s42:756:4,756,0,0,0,0,15,74
qwen3-8b-keep4-s42,qwen3-8b-keep4-s42:757:0,757,330,0,0,0,19,66
qwen3-8b-keep4-s42,qwen3-8b-keep4-s42:757:2,757,401,0,0,0,28,66
qwen3-8b-keep4-s42,qwen3-8b-keep4-s42:757:6,757,210,0,0,0,27,66
qwen3-8b-keep4-s42,qwen3-8b-keep4-s42:757:7,757,337,0,0,0,17,66
qwen3-8b-keep4-s42,qwen3-8b-keep4-s42:758:1,758,445,0,0,0,15,36
qwen3-8b-keep4-s42,qwen3-8b-keep4-s42:758:5,758,505,0,0,0,20,36
qwen3-8b-keep4-s42,qwen3-8b-keep4-s42:758:6,758,518,0,0,0,11,36
qwen3-8b-keep4-s42,qwen3-8b-keep4-s42:758:7,758,537,0,0,0,10,36
qwen3-8b-keep4-s42,qwen3-8b-keep4-s42:759:3,759,212,0,0,0,8,17
qwen3-8b-keep4-s42,qwen3-8b-keep4-s42:760:1,760,95,0,0,0,37,56
qwen3-8b-keep4-s42,qwen3-8b-keep4-s42:762:0,762,381,0,0,0,12,25
qwen3-8b-keep4-s42,qwen3-8b-keep4-s42:763:1,763,399,0,0,0,20,45
qwen3-8b-keep4-s42,qwen3-8b-keep4-s42:763:5,763,344,0,0,0,16,45
qwen3-8b-keep4-s42,qwen3-8b-keep4-s42:764:2,764,312,0,0,0,19,52
qwen3-8b-keep4-s42,qwen3-8b-keep4-s42:764:3,764,0,0,0,0,29,52
qwen3-8b-keep4-s42,qwen3-8b-keep4-s42:764:6,764,449,0,0,0,17,52
qwen3-8b-keep4-s42,qwen3-8b-keep4-s42:765:1,765,0,0,0,0,23,47
qwen3-8b-keep4-s42,qwen3-8b-keep4-s42:765:4,765,475,0,0,0,30,47
qwen3-8b-keep4-s42,qwen3-8b-keep4-s42:766:5,766,515,0,0,0,15,46
qwen3-8b-keep4-s42,qwen3-8b-keep4-s42:767:1,767,433,0,0,0,17,42
qwen3-8b-keep4-s42,qwen3-8b-keep4-s42:768:0,768,360,0,0,0,16,34
qwen3-8b-keep4-s42,qwen3-8b-keep4-s42:768:1,768,328,0,0,0,12,34
qwen3-8b-keep4-s42,qwen3-8b-keep4-s42:768:2,768,0,0,0,0,14,34
qwen3-8b-keep4-s42,qwen3-8b-keep4-s42:768:3,768,13,0,0,0,12,34
qwen3-8b-keep4-s42,qwen3-8b-keep4-s42:768:4,768,378,0,0,0,9,34
qwen3-8b-keep4-s42,qwen3-8b-keep4-s42:768:5,768,513,0,0,0,14,34
qwen3-8b-keep4-s42,qwen3-8b-keep4-s42:770:0,770,362,0,0,0,8,91
qwen3-8b-keep4-s42,qwen3-8b-keep4-s42:770:1,770,388,0,0,0,11,91
qwen3-8b-keep4-s42,qwen3-8b-keep4-s42:770:2,770,428,0,0,0,8,91
qwen3-8b-keep4-s42,qwen3-8b-keep4-s42:770:3,770,444,0,0,0,11,91
qwen3-8b-keep4-s42,qwen3-8b-keep4-s42:770:4,770,363,0,0,0,10,91
qwen3-8b-keep4-s42,qwen3-8b-keep4-s42:770:5,770,428,0,0,0,12,91
qwen3-8b-keep4-s42,qwen3-8b-keep4-s42:770:6,770,472,0,0,0,12,91
qwen3-8b-keep4-s42,qwen3-8b-keep4-s42:770:7,770,443,0,0,0,6,91
qwen3-8b-keep4-s42,qwen3-8b-keep4-s42:772:1,772,413,0,0,0,5,45
qwen3-8b-keep4-s42,qwen3-8b-keep4-s42:772:2,772,355,0,0,0,5,45
qwen3-8b-keep4-s42,qwen3-8b-keep4-s42:772:3,772,92,0,0,0,5,45
qwen3-8b-keep4-s42,qwen3-8b-keep4-s42:772:5,772,425,0,0,0,6,45
qwen3-8b-keep4-s42,qwen3-8b-keep4-s42:772:6,772,401,0,0,0,5,45
qwen3-8b-keep4-s42,qwen3-8b-keep4-s42:773:3,773,329,0,0,0,16,100
qwen3-8b-keep4-s42,qwen3-8b-keep4-s42:773:4,773,334,0,0,0,27,100
qwen3-8b-keep4-s42,qwen3-8b-keep4-s42:774:2,774,267,0,0,0,6,66
qwen3-8b-keep4-s42,qwen3-8b-keep4-s42:774:5,774,209,0,0,0,13,66
qwen3-8b-keep4-s42,qwen3-8b-keep4-s42:774:7,774,159,0,0,0,4,66
qwen3-8b-keep4-s42,qwen3-8b-keep4-s42:775:0,775,0,0,0,0,5,26
qwen3-8b-keep4-s42,qwen3-8b-keep4-s42:775:1,775,518,0,0,0,2,26
qwen3-8b-keep4-s42,qwen3-8b-keep4-s42:775:2,775,474,0,0,0,6,26
qwen3-8b-keep4-s42,qwen3-8b-keep4-s42:775:3,775,490,0,0,0,2,26
qwen3-8b-keep4-s42,qwen3-8b-keep4-s42:775:4,775,598,0,0,0,7,26
qwen3-8b-keep4-s42,qwen3-8b-keep4-s42:775:5,775,472,0,0,0,8,26
qwen3-8b-keep4-s42,qwen3-8b-keep4-s42:775:6,775,565,0,0,0,5,26
qwen3-8b-keep4-s42,qwen3-8b-keep4-s42:775:7,775,480,0,0,0,6,26
qwen3-8b-keep4-s42,qwen3-8b-keep4-s42:776:2,776,472,0,0,0,25,56
qwen3-8b-keep4-s42,qwen3-8b-keep4-s42:776:5,776,446,0,0,0,19,56
qwen3-8b-keep4-s42,qwen3-8b-keep4-s42:779:1,779,367,0,0,0,22,92
qwen3-8b-keep4-s42,qwen3-8b-keep4-s42:779:3,779,453,0,0,0,25,92
qwen3-8b-keep4-s42,qwen3-8b-keep4-s42:779:5,779,316,0,0,0,30,92
qwen3-8b-keep4-s42,qwen3-8b-keep4-s42:779:6,779,346,0,0,0,25,92
qwen3-8b-keep4-s42,qwen3-8b-keep4-s42:779:7,779,276,0,0,0,18,92
qwen3-8b-keep4-s42,qwen3-8b-keep4-s42:780:2,780,405,0,0,0,17,82
qwen3-8b-keep4-s42,qwen3-8b-keep4-s42:783:0,783,508,0,0,0,14,51
qwen3-8b-keep4-s42,qwen3-8b-keep4-s42:783:1,783,269,0,0,0,18,51
qwen3-8b-keep4-s42,qwen3-8b-keep4-s42:783:2,783,375,0,0,0,17,51
qwen3-8b-keep4-s42,qwen3-8b-keep4-s42:783:3,783,63,0,0,0,12,51
qwen3-8b-keep4-s42,qwen3-8b-keep4-s42:783:4,783,497,0,0,0,23,51
qwen3-8b-keep4-s42,qwen3-8b-keep4-s42:783:5,783,601,0,0,0,19,51
qwen3-8b-keep4-s42,qwen3-8b-keep4-s42:783:7,783,417,0,0,0,12,51
qwen3-8b-keep4-s42,qwen3-8b-keep4-s42:784:6,784,346,0,0,0,15,29
qwen3-8b-keep4-s42,qwen3-8b-keep4-s42:784:7,784,407,0,0,0,18,29
qwen3-8b-keep4-s42,qwen3-8b-keep4-s42:788:0,788,402,0,0,0,18,50
qwen3-8b-keep4-s42,qwen3-8b-keep4-s42:789:0,789,378,0,0,0,20,70
qwen3-8b-keep4-s42,qwen3-8b-keep4-s42:789:1,789,409,0,0,0,11,70
qwen3-8b-keep4-s42,qwen3-8b-keep4-s42:789:2,789,402,0,0,0,14,70
qwen3-8b-keep4-s42,qwen3-8b-keep4-s42:789:3,789,240,0,0,0,7,70
qwen3-8b-keep4-s42,qwen3-8b-keep4-s42:789:4,789,298,0,0,0,13,70
qwen3-8b-keep4-s42,qwen3-8b-keep4-s42:789:5,789,261,0,0,0,14,70
qwen3-8b-keep4-s42,qwen3-8b-keep4-s42:789:6,789,287,0,0,0,10,70
qwen3-8b-keep4-s42,qwen3-8b-keep4-s42:789:7,789,454,0,0,0,11,70
qwen3-8b-keep4-s42,qwen3-8b-keep4-s42:790:1,790,2,0,0,0,43,73
qwen3-8b-keep4-s42,qwen3-8b-keep4-s42:790:3,790,342,0,0,0,34,73
qwen3-8b-keep4-s42,qwen3-8b-keep4-s42:790:6,790,496,0,0,0,27,73
qwen3-8b-keep4-s42,qwen3-8b-keep4-s42:791:0,791,546,0,0,0,11,83
qwen3-8b-keep4-s42,qwen3-8b-keep4-s42:791:2,791,466,0,0,0,12,83
qwen3-8b-keep4-s42,qwen3-8b-keep4-s42:791:4,791,501,0,0,0,12,83
qwen3-8b-keep4-s42,qwen3-8b-keep4-s42:791:5,791,4,0,0,0,16,83
qwen3-8b-keep4-s42,qwen3-8b-keep4-s42:791:7,791,508,0,0,0,8,83
qwen3-8b-keep4-s42,qwen3-8b-keep4-s42:792:1,792,1,0,0,0,32,80
qwen3-8b-keep4-s42,qwen3-8b-keep4-s42:793:0,793,339,0,0,0,38,72
qwen3-8b-keep4-s42,qwen3-8b-keep4-s42:793:1,793,172,64,0,3,46,72
qwen3-8b-keep4-s42,qwen3-8b-keep4-s42:793:2,793,29,0,0,0,38,72
qwen3-8b-keep4-s42,qwen3-8b-keep4-s42:793:5,793,383,0,0,0,42,72
qwen3-8b-keep4-s42,qwen3-8b-keep4-s42:796:1,796,537,0,0,0,26,41
qwen3-8b-keep4-s42,qwen3-8b-keep4-s42:796:2,796,401,0,0,0,19,41
qwen3-8b-keep4-s42,qwen3-8b-keep4-s42:797:7,797,458,0,0,0,25,60
qwen3-8b-keep4-s42,qwen3-8b-keep4-s42:798:2,798,432,0,0,0,14,69
qwen3-8b-keep4-s42,qwen3-8b-keep4-s42:798:3,798,313,0,0,0,5,69
qwen3-8b-keep4-s42,qwen3-8b-keep4-s42:798:5,798,487,0,0,0,14,69
qwen3-8b-keep4-s42,qwen3-8b-keep4-s42:798:6,798,441,0,0,0,13,69
qwen3-8b-keep4-s42,qwen3-8b-keep4-s42:800:5,800,34,22,10,10,27,69
qwen3-8b-keep4-s42,qwen3-8b-keep4-s42:800:6,800,27,0,0,0,18,69
qwen3-8b-keep4-s42,qwen3-8b-keep4-s42:801:1,801,477,0,0,0,22,48
qwen3-8b-keep4-s42,qwen3-8b-keep4-s42:801:2,801,450,0,0,0,26,48
qwen3-8b-keep4-s42,qwen3-8b-keep4-s42:801:3,801,495,0,0,0,3,48
qwen3-8b-keep4-s42,qwen3-8b-keep4-s42:801:4,801,0,0,0,0,28,48
qwen3-8b-keep4-s42,qwen3-8b-keep4-s42:801:5,801,448,0,0,0,30,48
qwen3-8b-keep4-s42,qwen3-8b-keep4-s42:801:7,801,4,0,0,0,34,48
qwen3-8b-keep4-s42,qwen3-8b-keep4-s42:805:2,805,238,0,0,0,17,59
qwen3-8b-keep4-s42,qwen3-8b-keep4-s42:805:6,805,322,0,0,0,10,59
qwen3-8b-keep4-s42,qwen3-8b-keep4-s42:806:1,806,469,0,0,0,51,81
qwen3-8b-keep4-s42,qwen3-8b-keep4-s42:806:2,806,468,0,0,0,47,81
qwen3-8b-keep4-s42,qwen3-8b-keep4-s42:806:4,806,4,0,0,0,46,81
qwen3-8b-keep4-s42,qwen3-8b-keep4-s42:807:1,807,423,0,0,0,11,43
qwen3-8b-keep4-s42,qwen3-8b-keep4-s42:807:4,807,393,0,0,0,6,43
qwen3-8b-keep4-s42,qwen3-8b-keep4-s42:807:5,807,288,0,0,0,12,43
qwen3-8b-keep4-s42,qwen3-8b-keep4-s42:808:4,808,0,0,0,0,16,28
qwen3-8b-keep4-s42,qwen3-8b-keep4-s42:809:0,809,316,0,0,0,11,63
qwen3-8b-keep4-s42,qwen3-8b-keep4-s42:809:1,809,372,0,0,0,10,63
qwen3-8b-keep4-s42,qwen3-8b-keep4-s42:809:3,809,432,0,0,0,8,63
qwen3-8b-keep4-s42,qwen3-8b-keep4-s42:809:4,809,428,0,0,0,9,63
qwen3-8b-keep4-s42,qwen3-8b-keep4-s42:809:5,809,404,0,0,0,13,63
qwen3-8b-keep4-s42,qwen3-8b-keep4-s42:809:6,809,355,0,0,0,11,63
qwen3-8b-keep4-s42,qwen3-8b-keep4-s42:809:7,809,400,0,0,0,8,63
qwen3-8b-keep4-s42,qwen3-8b-keep4-s42:810:7,810,308,0,0,0,33,63
qwen3-8b-keep4-s42,qwen3-8b-keep4-s42:811:2,811,277,0,0,0,19,87
qwen3-8b-keep4-s42,qwen3-8b-keep4-s42:811:3,811,236,0,0,0,20,87
qwen3-8b-keep4-s42,qwen3-8b-keep4-s42:811:4,811,233,0,0,0,20,87
qwen3-8b-keep4-s42,qwen3-8b-keep4-s42:811:5,811,434,0,0,0,22,87
qwen3-8b-keep4-s42,qwen3-8b-keep4-s42:811:6,811,333,0,0,0,8,87
qwen3-8b-keep4-s42,qwen3-8b-keep4-s42:811:7,811,351,0,0,0,16,87
qwen3-8b-keep4-s42,qwen3-8b-keep4-s42:814:3,814,364,0,0,0,41,73
qwen3-8b-keep4-s42,qwen3-8b-keep4-s42:815:0,815,0,0,0,0,32,55
qwen3-8b-keep4-s42,qwen3-8b-keep4-s42:815:1,815,334,0,0,0,30,55
qwen3-8b-keep4-s42,qwen3-8b-keep4-s42:815:2,815,276,0,0,0,30,55
qwen3-8b-keep4-s42,qwen3-8b-keep4-s42:815:3,815,246,0,0,0,10,55
qwen3-8b-keep4-s42,qwen3-8b-keep4-s42:815:4,815,357,0,0,0,30,55
qwen3-8b-keep4-s42,qwen3-8b-keep4-s42:815:5,815,284,0,0,0,23,55
qwen3-8b-keep4-s42,qwen3-8b-keep4-s42:815:6,815,429,0,0,0,16,55
qwen3-8b-keep4-s42,qwen3-8b-keep4-s42:815:7,815,354,0,0,0,28,55
qwen3-8b-keep4-s42,qwen3-8b-keep4-s42:816:4,816,295,0,0,0,36,54
qwen3-8b-keep4-s42,qwen3-8b-keep4-s42:816:5,816,605,0,0,0,37,54
qwen3-8b-keep4-s42,qwen3-8b-keep4-s42:816:7,816,413,0,0,0,32,54
qwen3-8b-keep4-s42,qwen3-8b-keep4-s42:817:4,817,32,0,0,0,34,53
qwen3-8b-keep4-s42,qwen3-8b-keep4-s42:819:0,819,441,0,0,0,11,53
qwen3-8b-keep4-s42,qwen3-8b-keep4-s42:819:3,819,192,36,2,2,27,53
qwen3-8b-keep4-s42,qwen3-8b-keep4-s42:819:4,819,417,0,0,0,11,53
qwen3-8b-keep4-s42,qwen3-8b-keep4-s42:819:5,819,401,0,0,0,23,53
qwen3-8b-keep4-s42,qwen3-8b-keep4-s42:820:0,820,363,0,0,0,6,32
qwen3-8b-keep4-s42,qwen3-8b-keep4-s42:820:1,820,564,0,0,0,5,32
qwen3-8b-keep4-s42,qwen3-8b-keep4-s42:820:2,820,569,0,0,0,5,32
qwen3-8b-keep4-s42,qwen3-8b-keep4-s42:820:3,820,532,0,0,0,2,32
qwen3-8b-keep4-s42,qwen3-8b-keep4-s42:820:4,820,466,0,0,0,5,32
qwen3-8b-keep4-s42,qwen3-8b-keep4-s42:820:5,820,447,0,0,0,3,32
qwen3-8b-keep4-s42,qwen3-8b-keep4-s42:820:6,820,548,0,0,0,8,32
qwen3-8b-keep4-s42,qwen3-8b-keep4-s42:820:7,820,412,0,0,0,8,32
qwen3-8b-keep4-s42,qwen3-8b-keep4-s42:822:0,822,462,0,0,0,23,55
qwen3-8b-keep4-s42,qwen3-8b-keep4-s42:822:2,822,470,0,0,0,22,55
qwen3-8b-keep4-s42,qwen3-8b-keep4-s42:822:3,822,485,0,0,0,19,55
qwen3-8b-keep4-s42,qwen3-8b-keep4-s42:822:5,822,488,0,0,0,3,55
qwen3-8b-keep4-s42,qwen3-8b-keep4-s42:823:1,823,62,0,0,0,8,45
qwen3-8b-keep4-s42,qwen3-8b-keep4-s42:823:3,823,470,0,0,0,12,45
qwen3-8b-keep4-s42,qwen3-8b-keep4-s42:823:4,823,532,0,0,0,11,45
qwen3-8b-keep4-s42,qwen3-8b-keep4-s42:823:5,823,475,0,0,0,13,45
qwen3-8b-keep4-s42,qwen3-8b-keep4-s42:823:6,823,305,0,0,0,11,45
qwen3-8b-keep4-s42,qwen3-8b-keep4-s42:823:7,823,1,0,0,0,12,45
qwen3-8b-keep4-s42,qwen3-8b-keep4-s42:824:2,824,331,0,0,0,31,69
qwen3-8b-keep4-s42,qwen3-8b-keep4-s42:824:3,824,344,0,0,0,38,69
qwen3-8b-keep4-s42,qwen3-8b-keep4-s42:825:1,825,281,0,0,0,17,66
qwen3-8b-keep4-s42,qwen3-8b-keep4-s42:825:2,825,260,0,0,0,15,66
qwen3-8b-keep4-s42,qwen3-8b-keep4-s42:825:4,825,338,0,0,0,15,66
qwen3-8b-keep4-s42,qwen3-8b-keep4-s42:825:5,825,259,0,0,0,11,66
qwen3-8b-keep4-s42,qwen3-8b-keep4-s42:825:6,825,301,0,0,0,14,66
qwen3-8b-keep4-s42,qwen3-8b-keep4-s42:825:7,825,344,0,0,0,14,66
qwen3-8b-keep4-s42,qwen3-8b-keep4-s42:828:0,828,230,0,0,0,46,82
qwen3-8b-keep4-s42,qwen3-8b-keep4-s42:828:2,828,431,0,0,0,15,82
qwen3-8b-keep4-s42,qwen3-8b-keep4-s42:828:3,828,312,76,8,10,35,82
qwen3-8b-keep4-s42,qwen3-8b-keep4-s42:828:4,828,1,0,0,0,15,82
qwen3-8b-keep4-s42,qwen3-8b-keep4-s42:828:6,828,267,0,0,0,26,82
qwen3-8b-keep4-s42,qwen3-8b-keep4-s42:829:0,829,0,0,0,0,47,133
qwen3-8b-keep4-s42,qwen3-8b-keep4-s42:829:3,829,357,0,0,0,39,133
qwen3-8b-keep4-s42,qwen3-8b-keep4-s42:829:4,829,388,0,0,0,35,133
qwen3-8b-keep4-s42,qwen3-8b-keep4-s42:829:7,829,99,0,0,0,31,133
qwen3-8b-keep4-s42,qwen3-8b-keep4-s42:830:0,830,271,0,0,0,39,80
qwen3-8b-keep4-s42,qwen3-8b-keep4-s42:830:1,830,402,0,0,0,25,80
qwen3-8b-keep4-s42,qwen3-8b-keep4-s42:830:2,830,277,0,0,0,26,80
qwen3-8b-keep4-s42,qwen3-8b-keep4-s42:830:3,830,374,0,0,0,35,80
qwen3-8b-keep4-s42,qwen3-8b-keep4-s42:830:6,830,209,0,0,0,32,80
qwen3-8b-keep4-s42,qwen3-8b-keep4-s42:833:0,833,447,0,0,0,9,63
qwen3-8b-keep4-s42,qwen3-8b-keep4-s42:833:1,833,433,0,0,0,8,63
qwen3-8b-keep4-s42,qwen3-8b-keep4-s42:833:2,833,451,0,0,0,7,63
qwen3-8b-keep4-s42,qwen3-8b-keep4-s42:833:3,833,394,0,0,0,12,63
qwen3-8b-keep4-s42,qwen3-8b-keep4-s42:833:4,833,323,0,0,0,11,63
qwen3-8b-keep4-s42,qwen3-8b-keep4-s42:833:5,833,399,0,0,0,6,63
qwen3-8b-keep4-s42,qwen3-8b-keep4-s42:833:6,833,427,0,0,0,12,63
qwen3-8b-keep4-s42,qwen3-8b-keep4-s42:833:7,833,393,0,0,0,18,63
qwen3-8b-keep4-s42,qwen3-8b-keep4-s42:834:0,834,173,0,0,0,8,55
qwen3-8b-keep4-s42,qwen3-8b-keep4-s42:834:1,834,472,0,0,0,14,55
qwen3-8b-keep4-s42,qwen3-8b-keep4-s42:834:2,834,354,0,0,0,6,55
qwen3-8b-keep4-s42,qwen3-8b-keep4-s42:834:3,834,499,0,0,0,5,55
qwen3-8b-keep4-s42,qwen3-8b-keep4-s42:834:4,834,307,0,0,0,6,55
qwen3-8b-keep4-s42,qwen3-8b-keep4-s42:834:5,834,475,0,0,0,9,55
qwen3-8b-keep4-s42,qwen3-8b-keep4-s42:834:7,834,415,0,0,0,8,55
qwen3-8b-keep4-s42,qwen3-8b-keep4-s42:836:0,836,394,0,0,0,5,58
qwen3-8b-keep4-s42,qwen3-8b-keep4-s42:836:1,836,446,0,0,0,6,58
qwen3-8b-keep4-s42,qwen3-8b-keep4-s42:836:2,836,427,0,0,0,11,58
qwen3-8b-keep4-s42,qwen3-8b-keep4-s42:836:3,836,381,0,0,0,9,58
qwen3-8b-keep4-s42,qwen3-8b-keep4-s42:836:4,836,560,0,0,0,4,58
qwen3-8b-keep4-s42,qwen3-8b-keep4-s42:836:5,836,424,0,0,0,10,58
qwen3-8b-keep4-s42,qwen3-8b-keep4-s42:836:6,836,356,0,0,0,8,58
qwen3-8b-keep4-s42,qwen3-8b-keep4-s42:836:7,836,54,0,0,0,5,58
qwen3-8b-keep4-s42,qwen3-8b-keep4-s42:837:0,837,350,0,0,0,33,86
qwen3-8b-keep4-s42,qwen3-8b-keep4-s42:837:1,837,341,0,0,0,44,86
qwen3-8b-keep4-s42,qwen3-8b-keep4-s42:837:4,837,397,0,0,0,15,86
qwen3-8b-keep4-s42,qwen3-8b-keep4-s42:837:5,837,258,0,0,0,14,86
qwen3-8b-keep4-s42,qwen3-8b-keep4-s42:837:7,837,418,36,3,15,39,86
qwen3-8b-keep4-s42,qwen3-8b-keep4-s42:838:0,838,486,0,0,0,10,32
qwen3-8b-keep4-s42,qwen3-8b-keep4-s42:838:3,838,545,0,0,0,16,32
qwen3-8b-keep4-s42,qwen3-8b-keep4-s42:838:4,838,90,0,0,0,15,32
qwen3-8b-keep4-s42,qwen3-8b-keep4-s42:838:5,838,516,0,0,0,11,32
qwen3-8b-keep4-s42,qwen3-8b-keep4-s42:838:7,838,504,0,0,0,14,32
qwen3-8b-keep4-s42,qwen3-8b-keep4-s42:839:0,839,385,0,0,0,15,41
qwen3-8b-keep4-s42,qwen3-8b-keep4-s42:839:2,839,1,0,0,0,16,41
qwen3-8b-keep4-s42,qwen3-8b-keep4-s42:839:6,839,333,0,0,0,15,41
qwen3-8b-keep4-s42,qwen3-8b-keep4-s42:841:7,841,303,0,0,0,28,48
qwen3-8b-keep4-s42,qwen3-8b-keep4-s42:842:1,842,419,0,0,0,10,102
qwen3-8b-keep4-s42,qwen3-8b-keep4-s42:842:2,842,110,0,0,0,42,102
qwen3-8b-keep4-s42,qwen3-8b-keep4-s42:842:4,842,490,0,0,0,13,102
qwen3-8b-keep4-s42,qwen3-8b-keep4-s42:842:5,842,510,0,0,0,33,102
qwen3-8b-keep4-s42,qwen3-8b-keep4-s42:842:6,842,390,0,0,0,32,102
qwen3-8b-keep4-s42,qwen3-8b-keep4-s42:842:7,842,433,0,0,0,25,102
qwen3-8b-keep4-s42,qwen3-8b-keep4-s42:843:0,843,0,0,0,0,18,65
qwen3-8b-keep4-s42,qwen3-8b-keep4-s42:844:2,844,176,0,0,0,17,70
qwen3-8b-keep4-s42,qwen3-8b-keep4-s42:844:3,844,436,0,0,0,13,70
qwen3-8b-keep4-s42,qwen3-8b-keep4-s42:844:4,844,265,0,0,0,14,70
qwen3-8b-keep4-s42,qwen3-8b-keep4-s42:844:6,844,429,0,0,0,9,70
qwen3-8b-keep4-s42,qwen3-8b-keep4-s42:844:7,844,175,0,0,0,15,70
qwen3-8b-keep4-s42,qwen3-8b-keep4-s42:846:1,846,453,0,0,0,21,52
qwen3-8b-keep4-s42,qwen3-8b-keep4-s42:846:3,846,473,0,0,0,23,52
qwen3-8b-keep4-s42,qwen3-8b-keep4-s42:846:7,846,439,0,0,0,20,52
qwen3-8b-keep4-s42,qwen3-8b-keep4-s42:848:0,848,15,0,0,0,23,68
qwen3-8b-keep4-s42,qwen3-8b-keep4-s42:848:2,848,387,0,0,0,10,68
qwen3-8b-keep4-s42,qwen3-8b-keep4-s42:848:3,848,343,0,0,0,7,68
qwen3-8b-keep4-s42,qwen3-8b-keep4-s42:848:4,848,331,0,0,0,3,68
qwen3-8b-keep4-s42,qwen3-8b-keep4-s42:849:3,849,5,0,0,0,43,71
qwen3-8b-keep4-s42,qwen3-8b-keep4-s42:849:4,849,423,0,0,0,45,71
qwen3-8b-keep4-s42,qwen3-8b-keep4-s42:850:1,850,382,0,0,0,51,77
qwen3-8b-keep4-s42,qwen3-8b-keep4-s42:851:2,851,550,0,0,0,26,48
qwen3-8b-keep4-s42,qwen3-8b-keep4-s42:851:3,851,455,0,0,0,18,48
qwen3-8b-keep4-s42,qwen3-8b-keep4-s42:853:0,853,332,0,0,0,12,98
qwen3-8b-keep4-s42,qwen3-8b-keep4-s42:853:2,853,350,0,0,0,6,98
qwen3-8b-keep4-s42,qwen3-8b-keep4-s42:853:3,853,326,0,0,0,6,98
qwen3-8b-keep4-s42,qwen3-8b-keep4-s42:853:4,853,315,0,0,0,2,98
qwen3-8b-keep4-s42,qwen3-8b-keep4-s42:853:5,853,430,0,0,0,8,98
qwen3-8b-keep4-s42,qwen3-8b-keep4-s42:853:6,853,356,0,0,0,6,98
qwen3-8b-keep4-s42,qwen3-8b-keep4-s42:853:7,853,334,0,0,0,10,98
qwen3-8b-keep4-s42,qwen3-8b-keep4-s42:854:0,854,308,0,0,0,28,88
qwen3-8b-keep4-s42,qwen3-8b-keep4-s42:854:4,854,240,0,0,0,26,88
qwen3-8b-keep4-s42,qwen3-8b-keep4-s42:854:5,854,324,0,0,0,9,88
qwen3-8b-keep4-s42,qwen3-8b-keep4-s42:854:6,854,415,0,0,0,25,88
qwen3-8b-keep4-s42,qwen3-8b-keep4-s42:857:0,857,393,0,0,0,20,50
qwen3-8b-keep4-s42,qwen3-8b-keep4-s42:857:2,857,376,0,0,0,18,50
qwen3-8b-keep4-s42,qwen3-8b-keep4-s42:857:7,857,451,0,0,0,28,50
qwen3-8b-keep4-s42,qwen3-8b-keep4-s42:858:1,858,111,36,0,12,26,66
qwen3-8b-keep4-s42,qwen3-8b-keep4-s42:858:2,858,338,0,0,0,31,66
qwen3-8b-keep4-s42,qwen3-8b-keep4-s42:858:3,858,332,0,0,0,28,66
qwen3-8b-keep4-s42,qwen3-8b-keep4-s42:858:4,858,65,0,0,0,24,66
qwen3-8b-keep4-s42,qwen3-8b-keep4-s42:858:6,858,378,0,0,0,26,66
qwen3-8b-keep4-s42,qwen3-8b-keep4-s42:859:1,859,454,0,0,0,10,53
qwen3-8b-keep4-s42,qwen3-8b-keep4-s42:859:3,859,8,0,0,0,10,53
qwen3-8b-keep4-s42,qwen3-8b-keep4-s42:859:4,859,348,0,0,0,12,53
qwen3-8b-keep4-s42,qwen3-8b-keep4-s42:860:3,860,447,0,0,0,10,30
qwen3-8b-keep4-s42,qwen3-8b-keep4-s42:861:2,861,437,0,0,0,26,62
qwen3-8b-keep4-s42,qwen3-8b-keep4-s42:861:5,861,68,27,1,10,28,62
qwen3-8b-keep4-s42,qwen3-8b-keep4-s42:862:0,862,2,0,0,0,46,76
qwen3-8b-keep4-s42,qwen3-8b-keep4-s42:862:4,862,389,0,0,0,36,76
qwen3-8b-keep4-s42,qwen3-8b-keep4-s42:863:0,863,11,0,0,0,22,51
qwen3-8b-keep4-s42,qwen3-8b-keep4-s42:863:6,863,434,0,0,0,23,51
qwen3-8b-keep4-s42,qwen3-8b-keep4-s42:865:1,865,0,0,0,0,21,106
qwen3-8b-keep4-s42,qwen3-8b-keep4-s42:865:2,865,462,0,0,0,5,106
qwen3-8b-keep4-s42,qwen3-8b-keep4-s42:865:3,865,351,0,0,0,15,106
qwen3-8b-keep4-s42,qwen3-8b-keep4-s42:865:4,865,302,0,0,0,15,106
qwen3-8b-keep4-s42,qwen3-8b-keep4-s42:865:5,865,330,0,0,0,20,106
qwen3-8b-keep4-s42,qwen3-8b-keep4-s42:865:6,865,357,0,0,0,13,106
qwen3-8b-keep4-s42,qwen3-8b-keep4-s42:865:7,865,284,0,0,0,13,106
qwen3-8b-keep4-s42,qwen3-8b-keep4-s42:866:0,866,318,0,0,0,14,53
qwen3-8b-keep4-s42,qwen3-8b-keep4-s42:866:1,866,26,0,0,0,12,53
qwen3-8b-keep4-s42,qwen3-8b-keep4-s42:866:2,866,348,0,0,0,10,53
qwen3-8b-keep4-s42,qwen3-8b-keep4-s42:866:3,866,365,0,0,0,12,53
qwen3-8b-keep4-s42,qwen3-8b-keep4-s42:866:7,866,240,0,0,0,11,53
qwen3-8b-keep4-s42,qwen3-8b-keep4-s42:867:1,867,253,0,0,0,7,72
qwen3-8b-keep4-s42,qwen3-8b-keep4-s42:867:3,867,353,0,0,0,5,72
qwen3-8b-keep4-s42,qwen3-8b-keep4-s42:867:4,867,384,0,0,0,5,72
qwen3-8b-keep4-s42,qwen3-8b-keep4-s42:867:5,867,244,0,0,0,12,72
qwen3-8b-keep4-s42,qwen3-8b-keep4-s42:867:7,867,366,0,0,0,10,72
qwen3-8b-keep4-s42,qwen3-8b-keep4-s42:868:0,868,466,0,0,0,16,31
qwen3-8b-keep4-s42,qwen3-8b-keep4-s42:868:6,868,5,0,0,0,26,31
qwen3-8b-keep4-s42,qwen3-8b-keep4-s42:870:0,870,361,0,0,0,16,80
qwen3-8b-keep4-s42,qwen3-8b-keep4-s42:871:1,871,402,0,0,0,21,74
qwen3-8b-keep4-s42,qwen3-8b-keep4-s42:871:3,871,385,0,0,0,22,74
qwen3-8b-keep4-s42,qwen3-8b-keep4-s42:871:4,871,427,0,0,0,18,74
qwen3-8b-keep4-s42,qwen3-8b-keep4-s42:871:5,871,372,0,0,0,29,74
qwen3-8b-keep4-s42,qwen3-8b-keep4-s42:871:6,871,1,0,0,0,18,74
qwen3-8b-keep4-s42,qwen3-8b-keep4-s42:871:7,871,10,0,0,0,24,74
qwen3-8b-keep4-s42,qwen3-8b-keep4-s42:872:1,872,420,0,0,0,2,89
qwen3-8b-keep4-s42,qwen3-8b-keep4-s42:872:3,872,280,0,0,0,9,89
qwen3-8b-keep4-s42,qwen3-8b-keep4-s42:872:5,872,356,0,0,0,4,89
qwen3-8b-keep4-s42,qwen3-8b-keep4-s42:874:0,874,343,0,0,0,10,52
qwen3-8b-keep4-s42,qwen3-8b-keep4-s42:874:4,874,12,0,0,0,6,52
qwen3-8b-keep4-s42,qwen3-8b-keep4-s42:874:6,874,282,0,0,0,7,52
qwen3-8b-keep4-s42,qwen3-8b-keep4-s42:874:7,874,312,0,0,0,7,52
qwen3-8b-keep4-s42,qwen3-8b-keep4-s42:875:0,875,379,0,0,0,46,102
qwen3-8b-keep4-s42,qwen3-8b-keep4-s42:875:1,875,464,0,0,0,30,102
qwen3-8b-keep4-s42,qwen3-8b-keep4-s42:875:2,875,0,0,0,0,35,102
qwen3-8b-keep4-s42,qwen3-8b-keep4-s42:875:4,875,505,0,0,0,26,102
qwen3-8b-keep4-s42,qwen3-8b-keep4-s42:875:5,875,350,0,0,0,43,102
qwen3-8b-keep4-s42,qwen3-8b-keep4-s42:875:6,875,404,0,0,0,44,102
qwen3-8b-keep4-s42,qwen3-8b-keep4-s42:875:7,875,386,0,0,0,16,102
qwen3-8b-keep4-s42,qwen3-8b-keep4-s42:877:1,877,543,0,0,0,17,37
qwen3-8b-keep4-s42,qwen3-8b-keep4-s42:878:3,878,2,0,0,0,16,62
qwen3-8b-keep4-s42,qwen3-8b-keep4-s42:878:6,878,14,0,0,0,12,62
qwen3-8b-keep4-s42,qwen3-8b-keep4-s42:879:2,879,378,0,0,0,13,64
qwen3-8b-keep4-s42,qwen3-8b-keep4-s42:879:5,879,406,0,0,0,15,64
qwen3-8b-keep4-s42,qwen3-8b-keep4-s42:879:6,879,328,0,0,0,12,64
qwen3-8b-keep4-s42,qwen3-8b-keep4-s42:879:7,879,356,0,0,0,13,64
qwen3-8b-keep4-s42,qwen3-8b-keep4-s42:880:1,880,509,0,0,0,3,19
qwen3-8b-keep4-s42,qwen3-8b-keep4-s42:880:5,880,333,0,0,0,4,19
qwen3-8b-keep4-s42,qwen3-8b-keep4-s42:882:0,882,323,0,0,0,3,37
qwen3-8b-keep4-s42,qwen3-8b-keep4-s42:882:1,882,370,0,0,0,5,37
qwen3-8b-keep4-s42,qwen3-8b-keep4-s42:882:2,882,260,0,0,0,1,37
qwen3-8b-keep4-s42,qwen3-8b-keep4-s42:882:3,882,393,0,0,0,5,37
qwen3-8b-keep4-s42,qwen3-8b-keep4-s42:882:4,882,322,0,0,0,1,37
qwen3-8b-keep4-s42,qwen3-8b-keep4-s42:882:5,882,280,0,0,0,3,37
qwen3-8b-keep4-s42,qwen3-8b-keep4-s42:882:6,882,281,0,0,0,2,37
qwen3-8b-keep4-s42,qwen3-8b-keep4-s42:882:7,882,393,0,0,0,3,37
qwen3-8b-keep4-s42,qwen3-8b-keep4-s42:884:1,884,139,0,0,0,17,70
qwen3-8b-keep4-s42,qwen3-8b-keep4-s42:884:2,884,383,0,0,0,11,70
qwen3-8b-keep4-s42,qwen3-8b-keep4-s42:884:4,884,0,0,0,0,26,70
qwen3-8b-keep4-s42,qwen3-8b-keep4-s42:884:7,884,430,0,0,0,28,70
qwen3-8b-keep4-s42,qwen3-8b-keep4-s42:885:0,885,326,0,0,0,1,61
qwen3-8b-keep4-s42,qwen3-8b-keep4-s42:885:1,885,282,0,0,0,20,61
qwen3-8b-keep4-s42,qwen3-8b-keep4-s42:885:2,885,299,0,0,0,12,61
qwen3-8b-keep4-s42,qwen3-8b-keep4-s42:885:3,885,398,0,0,0,7,61
qwen3-8b-keep4-s42,qwen3-8b-keep4-s42:885:4,885,365,0,0,0,10,61
qwen3-8b-keep4-s42,qwen3-8b-keep4-s42:885:5,885,424,0,0,0,10,61
qwen3-8b-keep4-s42,qwen3-8b-keep4-s42:885:6,885,393,0,0,0,1,61
qwen3-8b-keep4-s42,qwen3-8b-keep4-s42:885:7,885,253,0,0,0,5,61
qwen3-8b-keep4-s42,qwen3-8b-keep4-s42:886:3,886,0,0,0,0,24,40
qwen3-8b-keep4-s42,qwen3-8b-keep4-s42:887:0,887,374,0,0,0,9,55
qwen3-8b-keep4-s42,qwen3-8b-keep4-s42:887:1,887,123,0,0,0,8,55
qwen3-8b-keep4-s42,qwen3-8b-keep4-s42:887:2,887,431,0,0,0,14,55
qwen3-8b-keep4-s42,qwen3-8b-keep4-s42:887:3,887,360,0,0,0,15,55
qwen3-8b-keep4-s42,qwen3-8b-keep4-s42:887:4,887,329,0,0,0,12,55
qwen3-8b-keep4-s42,qwen3-8b-keep4-s42:887:5,887,465,0,0,0,16,55
qwen3-8b-keep4-s42,qwen3-8b-keep4-s42:887:6,887,426,0,0,0,15,55
qwen3-8b-keep4-s42,qwen3-8b-keep4-s42:887:7,887,303,0,0,0,13,55
qwen3-8b-keep4-s42,qwen3-8b-keep4-s42:888:0,888,191,0,0,0,13,82
qwen3-8b-keep4-s42,qwen3-8b-keep4-s42:888:1,888,422,0,0,0,16,82
qwen3-8b-keep4-s42,qwen3-8b-keep4-s42:888:3,888,212,0,0,0,13,82
qwen3-8b-keep4-s42,qwen3-8b-keep4-s42:888:4,888,7,0,0,0,16,82
qwen3-8b-keep4-s42,qwen3-8b-keep4-s42:888:5,888,307,0,0,0,19,82
qwen3-8b-keep4-s42,qwen3-8b-keep4-s42:888:7,888,260,0,0,0,16,82
qwen3-8b-keep4-s42,qwen3-8b-keep4-s42:890:0,890,266,0,0,0,39,66
qwen3-8b-keep4-s42,qwen3-8b-keep4-s42:890:6,890,58,0,0,0,35,66
qwen3-8b-keep4-s42,qwen3-8b-keep4-s42:890:7,890,50,0,0,0,36,66
qwen3-8b-keep4-s42,qwen3-8b-keep4-s42:892:0,892,411,0,0,0,11,35
qwen3-8b-keep4-s42,qwen3-8b-keep4-s42:892:1,892,2,0,0,0,9,35
qwen3-8b-keep4-s42,qwen3-8b-keep4-s42:892:3,892,502,0,0,0,11,35
qwen3-8b-keep4-s42,qwen3-8b-keep4-s42:892:4,892,277,0,0,0,7,35
qwen3-8b-keep4-s42,qwen3-8b-keep4-s42:892:5,892,489,0,0,0,13,35
qwen3-8b-keep4-s42,qwen3-8b-keep4-s42:892:6,892,404,0,0,0,16,35
qwen3-8b-keep4-s42,qwen3-8b-keep4-s42:892:7,892,443,0,0,0,12,35
qwen3-8b-keep4-s42,qwen3-8b-keep4-s42:894:1,894,206,0,0,0,9,59
qwen3-8b-keep4-s42,qwen3-8b-keep4-s42:894:4,894,516,0,0,0,12,59
qwen3-8b-keep4-s42,qwen3-8b-keep4-s42:894:7,894,476,0,0,0,11,59
qwen3-8b-keep4-s42,qwen3-8b-keep4-s42:895:0,895,0,0,0,0,22,66
qwen3-8b-keep4-s42,qwen3-8b-keep4-s42:895:1,895,433,0,0,0,20,66
qwen3-8b-keep4-s42,qwen3-8b-keep4-s42:895:2,895,39,0,0,0,25,66
qwen3-8b-keep4-s42,qwen3-8b-keep4-s42:895:5,895,426,0,0,0,26,66
qwen3-8b-keep4-s42,qwen3-8b-keep4-s42:896:0,896,409,0,0,0,11,89
qwen3-8b-keep4-s42,qwen3-8b-keep4-s42:896:1,896,354,0,0,0,13,89
qwen3-8b-keep4-s42,qwen3-8b-keep4-s42:896:2,896,285,0,0,0,22,89
qwen3-8b-keep4-s42,qwen3-8b-keep4-s42:896:3,896,326,0,0,0,31,89
qwen3-8b-keep4-s42,qwen3-8b-keep4-s42:896:4,896,348,0,0,0,18,89
qwen3-8b-keep4-s42,qwen3-8b-keep4-s42:896:5,896,361,0,0,0,14,89
qwen3-8b-keep4-s42,qwen3-8b-keep4-s42:896:6,896,293,0,0,0,24,89
qwen3-8b-keep4-s42,qwen3-8b-keep4-s42:896:7,896,1,0,0,0,17,89
qwen3-8b-keep4-s42,qwen3-8b-keep4-s42:897:1,897,5,0,0,0,8,54
qwen3-8b-keep4-s42,qwen3-8b-keep4-s42:897:2,897,463,0,0,0,6,54
qwen3-8b-keep4-s42,qwen3-8b-keep4-s42:897:3,897,5,0,0,0,14,54
qwen3-8b-keep4-s42,qwen3-8b-keep4-s42:897:4,897,460,0,0,0,9,54
qwen3-8b-keep4-s42,qwen3-8b-keep4-s42:897:6,897,419,43,7,7,9,54
qwen3-8b-keep4-s42,qwen3-8b-keep4-s42:897:7,897,418,0,0,0,8,54
qwen3-8b-keep4-s42,qwen3-8b-keep4-s42:898:0,898,486,0,0,0,11,37
qwen3-8b-keep4-s42,qwen3-8b-keep4-s42:898:2,898,629,0,0,0,20,37
qwen3-8b-keep4-s42,qwen3-8b-keep4-s42:898:3,898,539,0,0,0,10,37
qwen3-8b-keep4-s42,qwen3-8b-keep4-s42:898:5,898,15,0,0,0,19,37
qwen3-8b-keep4-s42,qwen3-8b-keep4-s42:900:1,900,338,0,0,0,8,45
qwen3-8b-keep4-s42,qwen3-8b-keep4-s42:901:1,901,381,0,0,0,24,69
qwen3-8b-keep4-s42,qwen3-8b-keep4-s42:901:2,901,451,0,0,0,22,69
qwen3-8b-keep4-s42,qwen3-8b-keep4-s42:901:3,901,15,0,0,0,20,69
qwen3-8b-keep4-s42,qwen3-8b-keep4-s42:901:4,901,431,0,0,0,23,69
qwen3-8b-keep4-s42,qwen3-8b-keep4-s42:901:5,901,394,0,0,0,24,69
qwen3-8b-keep4-s42,qwen3-8b-keep4-s42:901:7,901,8,0,0,0,24,69
qwen3-8b-keep4-s42,qwen3-8b-keep4-s42:902:0,902,475,0,0,0,11,49
qwen3-8b-keep4-s42,qwen3-8b-keep4-s42:902:3,902,415,0,0,0,9,49
qwen3-8b-keep4-s42,qwen3-8b-keep4-s42:902:5,902,16,0,0,0,10,49
qwen3-8b-keep4-s42,qwen3-8b-keep4-s42:902:6,902,415,0,0,0,14,49
qwen3-8b-keep4-s42,qwen3-8b-keep4-s42:902:7,902,455,0,0,0,13,49
qwen3-8b-keep4-s42,qwen3-8b-keep4-s42:904:1,904,9,0,0,0,16,38
qwen3-8b-keep4-s42,qwen3-8b-keep4-s42:904:5,904,293,0,0,0,15,38
qwen3-8b-keep4-s42,qwen3-8b-keep4-s42:905:0,905,345,0,0,0,28,69
qwen3-8b-keep4-s42,qwen3-8b-keep4-s42:905:1,905,12,0,0,0,36,69
qwen3-8b-keep4-s42,qwen3-8b-keep4-s42:905:2,905,323,0,0,0,36,69
qwen3-8b-keep4-s42,qwen3-8b-keep4-s42:905:3,905,361,0,0,0,31,69
qwen3-8b-keep4-s42,qwen3-8b-keep4-s42:905:5,905,236,0,0,0,29,69
qwen3-8b-keep4-s42,qwen3-8b-keep4-s42:905:6,905,289,0,0,0,24,69
qwen3-8b-keep4-s42,qwen3-8b-keep4-s42:906:0,906,326,0,0,0,12,30
qwen3-8b-keep4-s42,qwen3-8b-keep4-s42:906:2,906,336,0,0,0,7,30
qwen3-8b-keep4-s42,qwen3-8b-keep4-s42:906:3,906,325,0,0,0,12,30
qwen3-8b-keep4-s42,qwen3-8b-keep4-s42:906:5,906,422,0,0,0,14,30
qwen3-8b-keep4-s42,qwen3-8b-keep4-s42:906:6,906,349,0,0,0,10,30
qwen3-8b-keep4-s42,qwen3-8b-keep4-s42:907:1,907,535,0,0,0,29,84
qwen3-8b-keep4-s42,qwen3-8b-keep4-s42:907:2,907,463,0,0,0,36,84
qwen3-8b-keep4-s42,qwen3-8b-keep4-s42:907:5,907,383,0,0,0,31,84
qwen3-8b-keep4-s42,qwen3-8b-keep4-s42:907:7,907,438,0,0,0,38,84
qwen3-8b-keep4-s42,qwen3-8b-keep4-s42:908:0,908,450,0,0,0,3,29
qwen3-8b-keep4-s42,qwen3-8b-keep4-s42:908:1,908,36,0,0,0,5,29
qwen3-8b-keep4-s42,qwen3-8b-keep4-s42:908:2,908,407,0,0,0,2,29
qwen3-8b-keep4-s42,qwen3-8b-keep4-s42:908:3,908,280,0,0,0,4,29
qwen3-8b-keep4-s42,qwen3-8b-keep4-s42:908:4,908,267,0,0,0,9,29
qwen3-8b-keep4-s42,qwen3-8b-keep4-s42:908:5,908,364,0,0,0,6,29
qwen3-8b-keep4-s42,qwen3-8b-keep4-s42:908:7,908,398,0,0,0,9,29
qwen3-8b-keep4-s42,qwen3-8b-keep4-s42:909:2,909,523,0,0,0,22,47
qwen3-8b-keep4-s42,qwen3-8b-keep4-s42:910:0,910,11,0,0,0,9,57
qwen3-8b-keep4-s42,qwen3-8b-keep4-s42:910:1,910,393,0,0,0,20,57
qwen3-8b-keep4-s42,qwen3-8b-keep4-s42:911:0,911,5,0,0,0,12,33
qwen3-8b-keep4-s42,qwen3-8b-keep4-s42:911:2,911,530,0,0,0,6,33
qwen3-8b-keep4-s42,qwen3-8b-keep4-s42:911:6,911,24,0,0,0,4,33
qwen3-8b-keep4-s42,qwen3-8b-keep4-s42:912:2,912,369,0,0,0,4,50
qwen3-8b-keep4-s42,qwen3-8b-keep4-s42:914:2,914,39,0,0,0,10,42
qwen3-8b-keep4-s42,qwen3-8b-keep4-s42:914:4,914,11,0,0,0,16,42
qwen3-8b-keep4-s42,qwen3-8b-keep4-s42:914:5,914,327,0,0,0,11,42
qwen3-8b-keep4-s42,qwen3-8b-keep4-s42:915:0,915,372,0,0,0,17,54
qwen3-8b-keep4-s42,qwen3-8b-keep4-s42:915:1,915,22,0,0,0,14,54
qwen3-8b-keep4-s42,qwen3-8b-keep4-s42:915:2,915,367,0,0,0,1,54
qwen3-8b-keep4-s42,qwen3-8b-keep4-s42:915:3,915,396,0,0,0,23,54
qwen3-8b-keep4-s42,qwen3-8b-keep4-s42:915:4,915,164,0,0,0,17,54
qwen3-8b-keep4-s42,qwen3-8b-keep4-s42:915:5,915,62,0,0,0,19,54
qwen3-8b-keep4-s42,qwen3-8b-keep4-s42:915:6,915,430,0,0,0,20,54
qwen3-8b-keep4-s42,qwen3-8b-keep4-s42:916:0,916,426,0,0,0,20,121
qwen3-8b-keep4-s42,qwen3-8b-keep4-s42:916:1,916,219,0,0,0,35,121
qwen3-8b-keep4-s42,qwen3-8b-keep4-s42:916:2,916,415,35,3,4,24,121
qwen3-8b-keep4-s42,qwen3-8b-keep4-s42:916:3,916,427,0,0,0,27,121
qwen3-8b-keep4-s42,qwen3-8b-keep4-s42:916:4,916,31,0,0,0,46,121
qwen3-8b-keep4-s42,qwen3-8b-keep4-s42:916:5,916,391,0,0,0,21,121
qwen3-8b-keep4-s42,qwen3-8b-keep4-s42:916:6,916,308,0,0,0,29,121
qwen3-8b-keep4-s42,qwen3-8b-keep4-s42:916:7,916,420,24,0,7,18,121
qwen3-8b-keep4-s42,qwen3-8b-keep4-s42:917:2,917,262,0,0,0,18,82
qwen3-8b-keep4-s42,qwen3-8b-keep4-s42:917:3,917,215,0,0,0,42,82
qwen3-8b-keep4-s42,qwen3-8b-keep4-s42:917:4,917,199,0,0,0,37,82
qwen3-8b-keep4-s42,qwen3-8b-keep4-s42:917:5,917,2,0,0,0,27,82
qwen3-8b-keep4-s42,qwen3-8b-keep4-s42:917:6,917,175,0,0,0,20,82
qwen3-8b-keep4-s42,qwen3-8b-keep4-s42:918:0,918,431,0,0,0,8,70
qwen3-8b-keep4-s42,qwen3-8b-keep4-s42:918:1,918,500,0,0,0,3,70
qwen3-8b-keep4-s42,qwen3-8b-keep4-s42:918:2,918,472,0,0,0,6,70
qwen3-8b-keep4-s42,qwen3-8b-keep4-s42:918:3,918,294,0,0,0,5,70
qwen3-8b-keep4-s42,qwen3-8b-keep4-s42:918:4,918,356,0,0,0,9,70
qwen3-8b-keep4-s42,qwen3-8b-keep4-s42:918:5,918,411,0,0,0,4,70
qwen3-8b-keep4-s42,qwen3-8b-keep4-s42:918:6,918,95,0,0,0,7,70
qwen3-8b-keep4-s42,qwen3-8b-keep4-s42:920:0,920,3,0,0,0,40,56
qwen3-8b-keep4-s42,qwen3-8b-keep4-s42:920:1,920,488,0,0,0,28,56
qwen3-8b-keep4-s42,qwen3-8b-keep4-s42:920:3,920,472,0,0,0,26,56
qwen3-8b-keep4-s42,qwen3-8b-keep4-s42:920:6,920,489,0,0,0,31,56
qwen3-8b-keep4-s42,qwen3-8b-keep4-s42:920:7,920,483,0,0,0,32,56
qwen3-8b-keep4-s42,qwen3-8b-keep4-s42:921:2,921,81,25,3,4,19,57
qwen3-8b-keep4-s42,qwen3-8b-keep4-s42:921:3,921,345,0,0,0,11,57
qwen3-8b-keep4-s42,qwen3-8b-keep4-s42:921:5,921,8,0,0,0,19,57
qwen3-8b-keep4-s42,qwen3-8b-keep4-s42:923:1,923,3,0,0,0,28,68
qwen3-8b-keep4-s42,qwen3-8b-keep4-s42:923:2,923,355,0,0,0,28,68
qwen3-8b-keep4-s42,qwen3-8b-keep4-s42:924:0,924,463,0,0,0,17,32
qwen3-8b-keep4-s42,qwen3-8b-keep4-s42:925:0,925,407,0,0,0,22,49
qwen3-8b-keep4-s42,qwen3-8b-keep4-s42:925:1,925,275,0,0,0,22,49
qwen3-8b-keep4-s42,qwen3-8b-keep4-s42:925:4,925,35,0,0,0,23,49
qwen3-8b-keep4-s42,qwen3-8b-keep4-s42:925:5,925,405,0,0,0,18,49
qwen3-8b-keep4-s42,qwen3-8b-keep4-s42:925:6,925,445,0,0,0,26,49
qwen3-8b-keep4-s42,qwen3-8b-keep4-s42:925:7,925,326,0,0,0,10,49
qwen3-8b-keep4-s42,qwen3-8b-keep4-s42:926:0,926,0,0,0,0,38,98
qwen3-8b-keep4-s42,qwen3-8b-keep4-s42:926:1,926,307,0,0,0,17,98
qwen3-8b-keep4-s42,qwen3-8b-keep4-s42:926:2,926,335,0,0,0,33,98
qwen3-8b-keep4-s42,qwen3-8b-keep4-s42:926:3,926,502,0,0,0,15,98
qwen3-8b-keep4-s42,qwen3-8b-keep4-s42:926:4,926,296,0,0,0,32,98
qwen3-8b-keep4-s42,qwen3-8b-keep4-s42:926:5,926,317,0,0,0,23,98
qwen3-8b-keep4-s42,qwen3-8b-keep4-s42:926:6,926,257,0,0,0,27,98
qwen3-8b-keep4-s42,qwen3-8b-keep4-s42:926:7,926,363,0,0,0,24,98
qwen3-8b-keep4-s42,qwen3-8b-keep4-s42:928:5,928,383,0,0,0,48,82
qwen3-8b-keep4-s42,qwen3-8b-keep4-s42:928:7,928,363,0,0,0,43,82
qwen3-8b-keep4-s42,qwen3-8b-keep4-s42:929:0,929,430,0,0,0,18,49
qwen3-8b-keep4-s42,qwen3-8b-keep4-s42:929:3,929,14,0,0,0,21,49
qwen3-8b-keep4-s42,qwen3-8b-keep4-s42:929:6,929,419,0,0,0,20,49
qwen3-8b-keep4-s42,qwen3-8b-keep4-s42:932:2,932,263,0,0,0,77,111
qwen3-8b-keep4-s42,qwen3-8b-keep4-s42:932:3,932,135,0,0,0,50,111
qwen3-8b-keep4-s42,qwen3-8b-keep4-s42:934:2,934,424,0,0,0,7,38
qwen3-8b-keep4-s42,qwen3-8b-keep4-s42:934:3,934,69,0,0,0,8,38
qwen3-8b-keep4-s42,qwen3-8b-keep4-s42:934:4,934,553,0,0,0,8,38
qwen3-8b-keep4-s42,qwen3-8b-keep4-s42:934:5,934,530,0,0,0,11,38
qwen3-8b-keep4-s42,qwen3-8b-keep4-s42:934:7,934,535,0,0,0,7,38
qwen3-8b-keep4-s42,qwen3-8b-keep4-s42:935:0,935,425,0,0,0,1,29
qwen3-8b-keep4-s42,qwen3-8b-keep4-s42:935:2,935,232,0,0,0,6,29
qwen3-8b-keep4-s42,qwen3-8b-keep4-s42:935:6,935,314,0,0,0,2,29
qwen3-8b-keep4-s42,qwen3-8b-keep4-s42:936:7,936,417,0,0,0,13,46
qwen3-8b-keep4-s42,qwen3-8b-keep4-s42:938:0,938,224,0,0,0,26,81
qwen3-8b-keep4-s42,qwen3-8b-keep4-s42:938:1,938,370,0,0,0,20,81
qwen3-8b-keep4-s42,qwen3-8b-keep4-s42:938:2,938,442,0,0,0,22,81
qwen3-8b-keep4-s42,qwen3-8b-keep4-s42:938:3,938,414,0,0,0,16,81
qwen3-8b-keep4-s42,qwen3-8b-keep4-s42:938:4,938,390,0,0,0,37,81
qwen3-8b-keep4-s42,qwen3-8b-keep4-s42:938:5,938,306,0,0,0,25,81
qwen3-8b-keep4-s42,qwen3-8b-keep4-s42:938:7,938,482,0,0,0,18,81
qwen3-8b-keep4-s42,qwen3-8b-keep4-s42:939:3,939,489,0,0,0,31,75
qwen3-8b-keep4-s42,qwen3-8b-keep4-s42:939:4,939,471,59,3,23,51,75
qwen3-8b-keep4-s42,qwen3-8b-keep4-s42:939:6,939,515,0,0,0,34,75
qwen3-8b-keep4-s42,qwen3-8b-keep4-s42:939:7,939,381,0,0,0,9,75
qwen3-8b-keep4-s42,qwen3-8b-keep4-s42:941:1,941,408,0,0,0,30,61
qwen3-8b-keep4-s42,qwen3-8b-keep4-s42:942:0,942,171,0,0,0,0,35
qwen3-8b-keep4-s42,qwen3-8b-keep4-s42:942:1,942,504,0,0,0,4,35
qwen3-8b-keep4-s42,qwen3-8b-keep4-s42:942:2,942,222,0,0,0,3,35
qwen3-8b-keep4-s42,qwen3-8b-keep4-s42:942:3,942,365,0,0,0,0,35
qwen3-8b-keep4-s42,qwen3-8b-keep4-s42:942:4,942,424,0,0,0,1,35
qwen3-8b-keep4-s42,qwen3-8b-keep4-s42:942:5,942,458,0,0,0,3,35
qwen3-8b-keep4-s42,qwen3-8b-keep4-s42:942:6,942,425,0,0,0,0,35
qwen3-8b-keep4-s42,qwen3-8b-keep4-s42:942:7,942,492,0,0,0,0,35
qwen3-8b-keep4-s42,qwen3-8b-keep4-s42:944:6,944,367,0,0,0,19,35
qwen3-8b-keep4-s42,qwen3-8b-keep4-s42:945:4,945,4,0,0,0,21,58
qwen3-8b-keep4-s42,qwen3-8b-keep4-s42:946:0,946,501,0,0,0,13,47
qwen3-8b-keep4-s42,qwen3-8b-keep4-s42:946:1,946,413,0,0,0,8,47
qwen3-8b-keep4-s42,qwen3-8b-keep4-s42:946:2,946,501,0,0,0,14,47
qwen3-8b-keep4-s42,qwen3-8b-keep4-s42:946:3,946,339,0,0,0,14,47
qwen3-8b-keep4-s42,qwen3-8b-keep4-s42:946:7,946,417,0,0,0,11,47
qwen3-8b-keep4-s42,qwen3-8b-keep4-s42:948:3,948,349,0,0,0,45,95
qwen3-8b-keep4-s42,qwen3-8b-keep4-s42:948:4,948,282,0,0,0,25,95
qwen3-8b-keep4-s42,qwen3-8b-keep4-s42:948:7,948,337,0,0,0,31,95
qwen3-8b-keep4-s42,qwen3-8b-keep4-s42:949:0,949,439,0,0,0,11,65
qwen3-8b-keep4-s42,qwen3-8b-keep4-s42:949:1,949,481,0,0,0,11,65
qwen3-8b-keep4-s42,qwen3-8b-keep4-s42:949:2,949,488,0,0,0,10,65
qwen3-8b-keep4-s42,qwen3-8b-keep4-s42:949:3,949,584,0,0,0,7,65
qwen3-8b-keep4-s42,qwen3-8b-keep4-s42:949:6,949,3,0,0,0,18,65
qwen3-8b-keep4-s42,qwen3-8b-keep4-s42:949:7,949,383,0,0,0,14,65
qwen3-8b-keep4-s42,qwen3-8b-keep4-s42:950:5,950,0,0,0,0,44,105
qwen3-8b-keep4-s42,qwen3-8b-keep4-s42:951:0,951,438,0,0,0,15,28
qwen3-8b-keep4-s42,qwen3-8b-keep4-s42:951:1,951,404,0,0,0,12,28
qwen3-8b-keep4-s42,qwen3-8b-keep4-s42:951:3,951,355,0,0,0,6,28
qwen3-8b-keep4-s42,qwen3-8b-keep4-s42:951:4,951,378,0,0,0,17,28
qwen3-8b-keep4-s42,qwen3-8b-keep4-s42:951:5,951,296,0,0,0,5,28
qwen3-8b-keep4-s42,qwen3-8b-keep4-s42:951:6,951,416,0,0,0,13,28
qwen3-8b-keep4-s42,qwen3-8b-keep4-s42:951:7,951,27,0,0,0,12,28
qwen3-8b-keep4-s42,qwen3-8b-keep4-s42:952:2,952,440,0,0,0,11,35
qwen3-8b-keep4-s42,qwen3-8b-keep4-s42:952:5,952,359,0,0,0,6,35
qwen3-8b-keep4-s42,qwen3-8b-keep4-s42:952:6,952,423,0,0,0,3,35
qwen3-8b-keep4-s42,qwen3-8b-keep4-s42:953:0,953,385,0,0,0,5,88
qwen3-8b-keep4-s42,qwen3-8b-keep4-s42:953:1,953,460,0,0,0,13,88
qwen3-8b-keep4-s42,qwen3-8b-keep4-s42:953:2,953,214,0,0,0,7,88
qwen3-8b-keep4-s42,qwen3-8b-keep4-s42:953:3,953,448,0,0,0,3,88
qwen3-8b-keep4-s42,qwen3-8b-keep4-s42:953:6,953,409,0,0,0,2,88
qwen3-8b-keep4-s42,qwen3-8b-keep4-s42:954:0,954,359,0,0,0,20,101
qwen3-8b-keep4-s42,qwen3-8b-keep4-s42:954:2,954,333,0,0,0,36,101
qwen3-8b-keep4-s42,qwen3-8b-keep4-s42:954:4,954,407,0,0,0,28,101
qwen3-8b-keep4-s42,qwen3-8b-keep4-s42:954:6,954,257,0,0,0,29,101
qwen3-8b-keep4-s42,qwen3-8b-keep4-s42:957:1,957,338,0,0,0,34,78
qwen3-8b-keep4-s42,qwen3-8b-keep4-s42:958:1,958,371,0,0,0,16,74
qwen3-8b-keep4-s42,qwen3-8b-keep4-s42:958:2,958,18,0,0,0,21,74
qwen3-8b-keep4-s42,qwen3-8b-keep4-s42:958:3,958,281,0,0,0,13,74
qwen3-8b-keep4-s42,qwen3-8b-keep4-s42:958:4,958,326,0,0,0,20,74
qwen3-8b-keep4-s42,qwen3-8b-keep4-s42:958:5,958,312,0,0,0,18,74
qwen3-8b-keep4-s42,qwen3-8b-keep4-s42:958:6,958,265,0,0,0,19,74
qwen3-8b-keep4-s42,qwen3-8b-keep4-s42:958:7,958,33,0,0,0,26,74
qwen3-8b-keep4-s42,qwen3-8b-keep4-s42:960:2,960,390,0,0,0,21,41
qwen3-8b-keep4-s42,qwen3-8b-keep4-s42:960:7,960,172,0,0,0,18,41
qwen3-8b-keep4-s42,qwen3-8b-keep4-s42:962:0,962,33,0,0,0,12,79
qwen3-8b-keep4-s42,qwen3-8b-keep4-s42:962:2,962,322,0,0,0,9,79
qwen3-8b-keep4-s42,qwen3-8b-keep4-s42:962:3,962,274,0,0,0,13,79
qwen3-8b-keep4-s42,qwen3-8b-keep4-s42:962:5,962,63,0,0,0,11,79
qwen3-8b-keep4-s42,qwen3-8b-keep4-s42:962:6,962,357,0,0,0,14,79
qwen3-8b-keep4-s42,qwen3-8b-keep4-s42:962:7,962,331,0,0,0,13,79
qwen3-8b-keep4-s42,qwen3-8b-keep4-s42:964:0,964,429,0,0,0,6,67
qwen3-8b-keep4-s42,qwen3-8b-keep4-s42:964:1,964,468,0,0,0,12,67
qwen3-8b-keep4-s42,qwen3-8b-keep4-s42:964:2,964,471,0,0,0,15,67
qwen3-8b-keep4-s42,qwen3-8b-keep4-s42:964:3,964,545,0,0,0,29,67
qwen3-8b-keep4-s42,qwen3-8b-keep4-s42:964:4,964,462,0,0,0,15,67
qwen3-8b-keep4-s42,qwen3-8b-keep4-s42:964:5,964,539,0,0,0,5,67
qwen3-8b-keep4-s42,qwen3-8b-keep4-s42:964:6,964,447,0,0,0,15,67
qwen3-8b-keep4-s42,qwen3-8b-keep4-s42:964:7,964,553,0,0,0,7,67
qwen3-8b-keep4-s42,qwen3-8b-keep4-s42:966:1,966,535,0,0,0,5,15
qwen3-8b-keep4-s42,qwen3-8b-keep4-s42:966:4,966,9,0,0,0,8,15
qwen3-8b-keep4-s42,qwen3-8b-keep4-s42:966:5,966,15,0,0,0,6,15
qwen3-8b-keep4-s42,qwen3-8b-keep4-s42:967:0,967,520,0,0,0,21,47
qwen3-8b-keep4-s42,qwen3-8b-keep4-s42:967:4,967,408,0,0,0,25,47
qwen3-8b-keep4-s42,qwen3-8b-keep4-s42:967:7,967,34,0,0,0,9,47
qwen3-8b-keep4-s42,qwen3-8b-keep4-s42:970:0,970,289,0,0,0,10,86
qwen3-8b-keep4-s42,qwen3-8b-keep4-s42:970:1,970,247,0,0,0,13,86
qwen3-8b-keep4-s42,qwen3-8b-keep4-s42:970:2,970,329,0,0,0,7,86
qwen3-8b-keep4-s42,qwen3-8b-keep4-s42:970:3,970,290,0,0,0,8,86
qwen3-8b-keep4-s42,qwen3-8b-keep4-s42:970:4,970,290,0,0,0,12,86
qwen3-8b-keep4-s42,qwen3-8b-keep4-s42:970:5,970,324,0,0,0,15,86
qwen3-8b-keep4-s42,qwen3-8b-keep4-s42:970:6,970,327,0,0,0,24,86
qwen3-8b-keep4-s42,qwen3-8b-keep4-s42:971:0,971,289,0,0,0,31,74
qwen3-8b-keep4-s42,qwen3-8b-keep4-s42:971:3,971,24,0,0,0,26,74
qwen3-8b-keep4-s42,qwen3-8b-keep4-s42:971:4,971,7,0,0,0,37,74
qwen3-8b-keep4-s42,qwen3-8b-keep4-s42:971:7,971,391,0,0,0,26,74
qwen3-8b-keep4-s42,qwen3-8b-keep4-s42:972:3,972,35,0,0,0,24,74
qwen3-8b-keep4-s42,qwen3-8b-keep4-s42:972:4,972,402,0,0,0,27,74
qwen3-8b-keep4-s42,qwen3-8b-keep4-s42:972:7,972,431,0,0,0,17,74
qwen3-8b-keep4-s42,qwen3-8b-keep4-s42:973:1,973,305,0,0,0,64,130
qwen3-8b-keep4-s42,qwen3-8b-keep4-s42:973:4,973,0,0,0,0,55,130
qwen3-8b-keep4-s42,qwen3-8b-keep4-s42:975:4,975,357,0,0,0,28,76
qwen3-8b-keep4-s42,qwen3-8b-keep4-s42:977:1,977,392,0,0,0,8,84
qwen3-8b-keep4-s42,qwen3-8b-keep4-s42:977:3,977,370,0,0,0,20,84
qwen3-8b-keep4-s42,qwen3-8b-keep4-s42:978:3,978,0,0,0,0,32,50
qwen3-8b-keep4-s42,qwen3-8b-keep4-s42:978:6,978,4,0,0,0,29,50
qwen3-8b-keep4-s42,qwen3-8b-keep4-s42:981:1,981,308,0,0,0,26,84
qwen3-8b-keep4-s42,qwen3-8b-keep4-s42:981:2,981,483,0,0,0,33,84
qwen3-8b-keep4-s42,qwen3-8b-keep4-s42:981:4,981,385,0,0,0,21,84
qwen3-8b-keep4-s42,qwen3-8b-keep4-s42:982:0,982,492,0,0,0,0,30
qwen3-8b-keep4-s42,qwen3-8b-keep4-s42:982:1,982,414,0,0,0,1,30
qwen3-8b-keep4-s42,qwen3-8b-keep4-s42:982:2,982,409,0,0,0,0,30
qwen3-8b-keep4-s42,qwen3-8b-keep4-s42:982:3,982,536,0,0,0,1,30
qwen3-8b-keep4-s42,qwen3-8b-keep4-s42:982:4,982,467,0,0,0,1,30
qwen3-8b-keep4-s42,qwen3-8b-keep4-s42:982:5,982,546,0,0,0,2,30
qwen3-8b-keep4-s42,qwen3-8b-keep4-s42:982:6,982,313,0,0,0,1,30
qwen3-8b-keep4-s42,qwen3-8b-keep4-s42:982:7,982,460,0,0,0,2,30
qwen3-8b-keep4-s42,qwen3-8b-keep4-s42:983:0,983,361,0,0,0,13,28
qwen3-8b-keep4-s42,qwen3-8b-keep4-s42:983:3,983,375,0,0,0,13,28
qwen3-8b-keep4-s42,qwen3-8b-keep4-s42:983:4,983,26,0,0,0,17,28
qwen3-8b-keep4-s42,qwen3-8b-keep4-s42:983:5,983,13,0,0,0,17,28
qwen3-8b-keep4-s42,qwen3-8b-keep4-s42:984:1,984,8,0,0,0,33,69
qwen3-8b-keep4-s42,qwen3-8b-keep4-s42:984:3,984,2,0,0,0,26,69
qwen3-8b-keep4-s42,qwen3-8b-keep4-s42:984:6,984,355,0,0,0,32,69
qwen3-8b-keep4-s42,qwen3-8b-keep4-s42:986:4,986,396,95,0,4,14,41
qwen3-8b-keep4-s42,qwen3-8b-keep4-s42:987:0,987,378,0,0,0,25,54
qwen3-8b-keep4-s42,qwen3-8b-keep4-s42:987:1,987,13,0,0,0,25,54
qwen3-8b-keep4-s42,qwen3-8b-keep4-s42:987:5,987,531,0,0,0,25,54
qwen3-8b-keep4-s42,qwen3-8b-keep4-s42:989:4,989,2,0,0,0,33,41
qwen3-8b-keep4-s42,qwen3-8b-keep4-s42:991:1,991,476,0,0,0,19,53
qwen3-8b-keep4-s42,qwen3-8b-keep4-s42:991:2,991,390,0,0,0,26,53
qwen3-8b-keep4-s42,qwen3-8b-keep4-s42:992:0,992,361,0,0,0,6,41
qwen3-8b-keep4-s42,qwen3-8b-keep4-s42:992:1,992,315,0,0,0,5,41
qwen3-8b-keep4-s42,qwen3-8b-keep4-s42:992:3,992,387,0,0,0,5,41
qwen3-8b-keep4-s42,qwen3-8b-keep4-s42:992:4,992,4,0,0,0,5,41
qwen3-8b-keep4-s42,qwen3-8b-keep4-s42:992:5,992,323,0,0,0,5,41
qwen3-8b-keep4-s42,qwen3-8b-keep4-s42:992:6,992,347,0,0,0,5,41
qwen3-8b-keep4-s42,qwen3-8b-keep4-s42:992:7,992,2,0,0,0,6,41
qwen3-8b-keep4-s42,qwen3-8b-keep4-s42:994:0,994,394,0,0,0,8,56
qwen3-8b-keep4-s42,qwen3-8b-keep4-s42:994:1,994,456,0,0,0,10,56
qwen3-8b-keep4-s42,qwen3-8b-keep4-s42:994:2,994,468,0,0,0,3,56
qwen3-8b-keep4-s42,qwen3-8b-keep4-s42:994:3,994,484,0,0,0,9,56
qwen3-8b-keep4-s42,qwen3-8b-keep4-s42:994:4,994,378,0,0,0,6,56
qwen3-8b-keep4-s42,qwen3-8b-keep4-s42:994:5,994,395,0,0,0,9,56
qwen3-8b-keep4-s42,qwen3-8b-keep4-s42:994:6,994,375,0,0,0,6,56
qwen3-8b-keep4-s42,qwen3-8b-keep4-s42:994:7,994,359,0,0,0,7,56
qwen3-8b-keep4-s42,qwen3-8b-keep4-s42:995:4,995,374,0,0,0,18,59
qwen3-8b-keep4-s42,qwen3-8b-keep4-s42:998:0,998,228,0,0,0,22,88
qwen3-8b-keep4-s42,qwen3-8b-keep4-s42:998:1,998,357,0,0,0,21,88
qwen3-8b-keep4-s42,qwen3-8b-keep4-s42:998:2,998,329,0,0,0,31,88
qwen3-8b-keep4-s42,qwen3-8b-keep4-s42:998:3,998,343,0,0,0,16,88
qwen3-8b-keep4-s42,qwen3-8b-keep4-s42:998:4,998,161,0,0,0,34,88
qwen3-8b-keep4-s42,qwen3-8b-keep4-s42:998:5,998,377,0,0,0,1,88
qwen3-8b-keep4-s42,qwen3-8b-keep4-s42:998:6,998,295,0,0,0,34,88
qwen3-8b-keep4-s42,qwen3-8b-keep4-s42:998:7,998,352,0,0,0,17,88
qwen3-8b-keep4-s42,qwen3-8b-keep4-s42:999:1,999,425,0,0,0,38,77
qwen3-8b-keep4-s42,qwen3-8b-keep4-s42:999:2,999,102,0,0,0,31,77
qwen3-8b-keep4-s42,qwen3-8b-keep4-s42:999:3,999,28,0,0,0,40,77
qwen3-8b-keep4-s42,qwen3-8b-keep4-s42:999:6,999,335,0,0,0,20,77
qwen3-8b-keep4-s42,qwen3-8b-keep4-s42:999:7,999,396,0,0,0,36,77
qwen3-8b-keep4-s42,qwen3-8b-keep4-s42:1000:0,1000,283,0,0,0,40,118
qwen3-8b-keep4-s42,qwen3-8b-keep4-s42:1000:3,1000,392,0,0,0,32,118
qwen3-8b-keep4-s42,qwen3-8b-keep4-s42:1000:4,1000,240,0,0,0,27,118
qwen3-8b-keep4-s42,qwen3-8b-keep4-s42:1000:5,1000,371,0,0,0,26,118
qwen3-8b-keep4-s42,qwen3-8b-keep4-s42:1000:6,1000,320,0,0,0,58,118
qwen3-8b-keep4-s42,qwen3-8b-keep4-s42:1000:7,1000,282,0,0,0,64,118
qwen3-8b-keep4-s42,qwen3-8b-keep4-s42:1001:1,1001,309,0,0,0,13,91
qwen3-8b-keep4-s42,qwen3-8b-keep4-s42:1002:0,1002,595,0,0,0,16,52
qwen3-8b-keep4-s42,qwen3-8b-keep4-s42:1002:3,1002,559,0,0,0,25,52
qwen3-8b-keep4-s42,qwen3-8b-keep4-s42:1002:4,1002,566,0,0,0,14,52
qwen3-8b-keep4-s42,qwen3-8b-keep4-s42:1002:6,1002,478,0,0,0,11,52
qwen3-8b-keep4-s42,qwen3-8b-keep4-s42:1002:7,1002,698,0,0,0,15,52
qwen3-8b-keep4-s42,qwen3-8b-keep4-s42:1003:2,1003,8,0,0,0,25,33
qwen3-8b-keep4-s42,qwen3-8b-keep4-s42:1003:4,1003,9,0,0,0,23,33
qwen3-8b-keep4-s42,qwen3-8b-keep4-s42:1003:6,1003,0,0,0,0,23,33
qwen3-8b-keep4-s42,qwen3-8b-keep4-s42:1004:3,1004,422,0,0,0,3,28
qwen3-8b-keep4-s42,qwen3-8b-keep4-s42:1004:4,1004,346,0,0,0,4,28
qwen3-8b-keep4-s42,qwen3-8b-keep4-s42:1006:0,1006,2,0,0,0,39,55
qwen3-8b-keep4-s42,qwen3-8b-keep4-s42:1006:1,1006,414,0,0,0,41,55
qwen3-8b-keep4-s42,qwen3-8b-keep4-s42:1007:0,1007,32,0,0,0,13,55
qwen3-8b-keep4-s42,qwen3-8b-keep4-s42:1007:1,1007,430,0,0,0,12,55
qwen3-8b-keep4-s42,qwen3-8b-keep4-s42:1007:2,1007,449,0,0,0,8,55
qwen3-8b-keep4-s42,qwen3-8b-keep4-s42:1007:3,1007,435,0,0,0,12,55
qwen3-8b-keep4-s42,qwen3-8b-keep4-s42:1007:4,1007,473,0,0,0,9,55
qwen3-8b-keep4-s42,qwen3-8b-keep4-s42:1007:5,1007,62,0,0,0,14,55
qwen3-8b-keep4-s42,qwen3-8b-keep4-s42:1007:7,1007,505,0,0,0,11,55
qwen3-8b-keep4-s42,qwen3-8b-keep4-s42:1009:0,1009,482,0,0,0,23,53
qwen3-8b-keep4-s42,qwen3-8b-keep4-s42:1009:7,1009,45,0,0,0,27,53
qwen3-8b-keep4-s42,qwen3-8b-keep4-s42:1011:0,1011,360,0,0,0,13,79
qwen3-8b-keep4-s42,qwen3-8b-keep4-s42:1011:1,1011,318,0,0,0,24,79
qwen3-8b-keep4-s42,qwen3-8b-keep4-s42:1011:2,1011,362,0,0,0,11,79
qwen3-8b-keep4-s42,qwen3-8b-keep4-s42:1011:3,1011,345,0,0,0,11,79
qwen3-8b-keep4-s42,qwen3-8b-keep4-s42:1011:6,1011,310,0,0,0,17,79
qwen3-8b-keep4-s42,qwen3-8b-keep4-s42:1011:7,1011,383,0,0,0,22,79
qwen3-8b-keep4-s42,qwen3-8b-keep4-s42:1014:0,1014,491,0,0,0,13,62
qwen3-8b-keep4-s42,qwen3-8b-keep4-s42:1014:1,1014,383,0,0,0,6,62
qwen3-8b-keep4-s42,qwen3-8b-keep4-s42:1014:2,1014,288,0,0,0,13,62
qwen3-8b-keep4-s42,qwen3-8b-keep4-s42:1014:3,1014,464,0,0,0,5,62
qwen3-8b-keep4-s42,qwen3-8b-keep4-s42:1014:5,1014,410,0,0,0,9,62
qwen3-8b-keep4-s42,qwen3-8b-keep4-s42:1014:6,1014,355,0,0,0,10,62
qwen3-8b-keep4-s42,qwen3-8b-keep4-s42:1014:7,1014,400,0,0,0,7,62
qwen3-8b-keep4-s42,qwen3-8b-keep4-s42:1015:7,1015,520,0,0,0,37,71
qwen3-8b-keep4-s42,qwen3-8b-keep4-s42:1017:2,1017,433,0,0,0,31,57
qwen3-8b-keep4-s42,qwen3-8b-keep4-s42:1019:6,1019,1,0,0,0,5,12
qwen3-8b-keep4-s42,qwen3-8b-keep4-s42:1020:0,1020,179,0,0,0,20,70
qwen3-8b-keep4-s42,qwen3-8b-keep4-s42:1020:2,1020,356,0,0,0,5,70
qwen3-8b-keep4-s42,qwen3-8b-keep4-s42:1020:3,1020,305,0,0,0,17,70
qwen3-8b-keep4-s42,qwen3-8b-keep4-s42:1020:4,1020,446,0,0,0,22,70
qwen3-8b-keep4-s42,qwen3-8b-keep4-s42:1020:6,1020,447,0,0,0,16,70
qwen3-8b-keep4-s42,qwen3-8b-keep4-s42:1020:7,1020,445,0,0,0,15,70
qwen3-8b-keep4-s42,qwen3-8b-keep4-s42:1021:0,1021,352,0,0,0,28,99
qwen3-8b-keep4-s42,qwen3-8b-keep4-s42:1021:4,1021,5,0,0,0,33,99
qwen3-8b-keep4-s42,qwen3-8b-keep4-s42:1021:6,1021,347,0,0,0,28,99
qwen3-8b-keep4-s42,qwen3-8b-keep4-s42:1022:7,1022,309,0,0,0,32,71
qwen3-8b-keep4-s42,qwen3-8b-keep4-s42:1025:0,1025,305,0,0,0,48,96
qwen3-8b-keep4-s42,qwen3-8b-keep4-s42:1025:3,1025,452,0,0,0,32,96
qwen3-8b-keep4-s42,qwen3-8b-keep4-s42:1026:1,1026,366,0,0,0,44,78
qwen3-8b-keep4-s42,qwen3-8b-keep4-s42:1026:2,1026,418,0,0,0,49,78
qwen3-8b-keep4-s42,qwen3-8b-keep4-s42:1026:5,1026,495,0,0,0,52,78
qwen3-8b-keep4-s42,qwen3-8b-keep4-s42:1026:6,1026,341,0,0,0,55,78
qwen3-8b-keep4-s42,qwen3-8b-keep4-s42:1026:7,1026,437,0,0,0,34,78
qwen3-8b-keep4-s42,qwen3-8b-keep4-s42:1027:0,1027,349,0,0,0,24,60
qwen3-8b-keep4-s42,qwen3-8b-keep4-s42:1027:1,1027,459,0,0,0,25,60
qwen3-8b-keep4-s42,qwen3-8b-keep4-s42:1027:7,1027,2,0,0,0,16,60
qwen3-8b-keep4-s42,qwen3-8b-keep4-s42:1028:1,1028,524,0,0,0,37,115
qwen3-8b-keep4-s42,qwen3-8b-keep4-s42:1028:2,1028,469,0,0,0,37,115
qwen3-8b-keep4-s42,qwen3-8b-keep4-s42:1028:5,1028,471,0,0,0,41,115
qwen3-8b-keep4-s42,qwen3-8b-keep4-s42:1029:0,1029,45,0,0,0,12,41
qwen3-8b-keep4-s42,qwen3-8b-keep4-s42:1029:5,1029,347,0,0,0,7,41
qwen3-8b-keep4-s42,qwen3-8b-keep4-s42:1030:2,1030,361,0,0,0,6,38
qwen3-8b-keep4-s42,qwen3-8b-keep4-s42:1030:4,1030,450,0,0,0,7,38
qwen3-8b-keep4-s42,qwen3-8b-keep4-s42:1030:5,1030,404,0,0,0,11,38
qwen3-8b-keep4-s42,qwen3-8b-keep4-s42:1030:6,1030,208,0,0,0,10,38
qwen3-8b-keep4-s42,qwen3-8b-keep4-s42:1031:0,1031,494,0,0,0,10,41
qwen3-8b-keep4-s42,qwen3-8b-keep4-s42:1031:2,1031,389,0,0,0,13,41
qwen3-8b-keep4-s42,qwen3-8b-keep4-s42:1031:3,1031,420,0,0,0,14,41
qwen3-8b-keep4-s42,qwen3-8b-keep4-s42:1031:5,1031,494,0,0,0,11,41
qwen3-8b-keep4-s42,qwen3-8b-keep4-s42:1031:7,1031,441,0,0,0,19,41
qwen3-8b-keep4-s42,qwen3-8b-keep4-s42:1035:0,1035,479,0,0,0,15,39
qwen3-8b-keep4-s42,qwen3-8b-keep4-s42:1035:3,1035,450,0,0,0,15,39
qwen3-8b-keep4-s42,qwen3-8b-keep4-s42:1035:6,1035,423,0,0,0,16,39
qwen3-8b-keep4-s42,qwen3-8b-keep4-s42:1035:7,1035,372,0,0,0,16,39
qwen3-8b-keep4-s42,qwen3-8b-keep4-s42:1036:3,1036,346,0,0,0,42,52
qwen3-8b-keep4-s42,qwen3-8b-keep4-s42:1036:4,1036,284,0,0,0,31,52
qwen3-8b-keep4-s42,qwen3-8b-keep4-s42:1036:5,1036,296,0,0,0,41,52
qwen3-8b-keep4-s42,qwen3-8b-keep4-s42:1036:6,1036,310,0,0,0,36,52
qwen3-8b-keep4-s42,qwen3-8b-keep4-s42:1036:7,1036,0,0,0,0,35,52
qwen3-8b-keep4-s42,qwen3-8b-keep4-s42:1037:6,1037,493,0,0,0,18,35
qwen3-8b-keep4-s42,qwen3-8b-keep4-s42:1038:4,1038,356,0,0,0,42,62
qwen3-8b-keep4-s42,qwen3-8b-keep4-s42:1039:2,1039,421,0,0,0,5,95
qwen3-8b-keep4-s42,qwen3-8b-keep4-s42:1039:3,1039,0,0,0,0,25,95
qwen3-8b-keep4-s42,qwen3-8b-keep4-s42:1039:5,1039,361,0,0,0,23,95
qwen3-8b-keep4-s42,qwen3-8b-keep4-s42:1039:6,1039,334,0,0,0,31,95
qwen3-8b-keep4-s42,qwen3-8b-keep4-s42:1039:7,1039,338,0,0,0,30,95
qwen3-8b-keep4-s42,qwen3-8b-keep4-s42:1041:1,1041,280,0,0,0,27,56
qwen3-8b-keep4-s42,qwen3-8b-keep4-s42:1041:2,1041,14,0,0,0,26,56
qwen3-8b-keep4-s42,qwen3-8b-keep4-s42:1041:4,1041,269,0,0,0,12,56
qwen3-8b-keep4-s42,qwen3-8b-keep4-s42:1041:6,1041,0,0,0,0,30,56
qwen3-8b-keep4-s42,qwen3-8b-keep4-s42:1042:2,1042,348,0,0,0,15,49
qwen3-8b-keep4-s42,qwen3-8b-keep4-s42:1042:3,1042,376,0,0,0,5,49
qwen3-8b-keep4-s42,qwen3-8b-keep4-s42:1044:0,1044,498,0,0,0,8,44
qwen3-8b-keep4-s42,qwen3-8b-keep4-s42:1044:1,1044,352,0,0,0,7,44
qwen3-8b-keep4-s42,qwen3-8b-keep4-s42:1044:2,1044,428,0,0,0,12,44
qwen3-8b-keep4-s42,qwen3-8b-keep4-s42:1044:3,1044,335,0,0,0,11,44
qwen3-8b-keep4-s42,qwen3-8b-keep4-s42:1044:4,1044,443,0,0,0,13,44
qwen3-8b-keep4-s42,qwen3-8b-keep4-s42:1045:0,1045,494,0,0,0,11,66
qwen3-8b-keep4-s42,qwen3-8b-keep4-s42:1045:1,1045,0,0,0,0,16,66
qwen3-8b-keep4-s42,qwen3-8b-keep4-s42:1045:2,1045,445,0,0,0,12,66
qwen3-8b-keep4-s42,qwen3-8b-keep4-s42:1045:3,1045,467,0,0,0,20,66
qwen3-8b-keep4-s42,qwen3-8b-keep4-s42:1045:4,1045,614,0,0,0,18,66
qwen3-8b-keep4-s42,qwen3-8b-keep4-s42:1045:5,1045,401,0,0,0,10,66
qwen3-8b-keep4-s42,qwen3-8b-keep4-s42:1045:7,1045,493,0,0,0,8,66
qwen3-8b-keep4-s42,qwen3-8b-keep4-s42:1046:0,1046,7,0,0,0,33,83
qwen3-8b-keep4-s42,qwen3-8b-keep4-s42:1046:1,1046,319,0,0,0,26,83
qwen3-8b-keep4-s42,qwen3-8b-keep4-s42:1046:2,1046,318,0,0,0,22,83
qwen3-8b-keep4-s42,qwen3-8b-keep4-s42:1046:3,1046,338,0,0,0,19,83
qwen3-8b-keep4-s42,qwen3-8b-keep4-s42:1046:4,1046,5,0,0,0,19,83
qwen3-8b-keep4-s42,qwen3-8b-keep4-s42:1046:5,1046,341,0,0,0,28,83
qwen3-8b-keep4-s42,qwen3-8b-keep4-s42:1046:7,1046,312,0,0,0,36,83
qwen3-8b-keep4-s42,qwen3-8b-keep4-s42:1047:2,1047,421,0,0,0,26,58
qwen3-8b-keep4-s42,qwen3-8b-keep4-s42:1047:3,1047,9,0,0,0,30,58
qwen3-8b-keep4-s42,qwen3-8b-keep4-s42:1047:7,1047,452,0,0,0,34,58
qwen3-8b-keep4-s42,qwen3-8b-keep4-s42:1048:0,1048,366,0,0,0,24,50
qwen3-8b-keep4-s42,qwen3-8b-keep4-s42:1048:5,1048,411,0,0,0,20,50
qwen3-8b-keep4-s42,qwen3-8b-keep4-s42:1048:6,1048,5,0,0,0,28,50
qwen3-8b-keep4-s42,qwen3-8b-keep4-s42:1048:7,1048,419,0,0,0,21,50
qwen3-8b-keep4-s42,qwen3-8b-keep4-s42:1049:0,1049,470,0,0,0,8,33
qwen3-8b-keep4-s42,qwen3-8b-keep4-s42:1049:3,1049,428,0,0,0,8,33
qwen3-8b-keep4-s42,qwen3-8b-keep4-s42:1049:4,1049,439,2,0,0,11,33
qwen3-8b-keep4-s42,qwen3-8b-keep4-s42:1049:5,1049,0,0,0,0,14,33
qwen3-8b-keep4-s42,qwen3-8b-keep4-s42:1049:6,1049,431,0,0,0,12,33
qwen3-8b-keep4-s42,qwen3-8b-keep4-s42:1049:7,1049,5,0,0,0,15,33
qwen3-8b-keep4-s42,qwen3-8b-keep4-s42:1050:0,1050,407,0,0,0,25,85
qwen3-8b-keep4-s42,qwen3-8b-keep4-s42:1050:4,1050,0,0,0,0,29,85
qwen3-8b-keep4-s42,qwen3-8b-keep4-s42:1051:3,1051,7,0,0,0,32,51
qwen3-8b-keep4-s42,qwen3-8b-keep4-s42:1051:5,1051,501,0,0,0,31,51
qwen3-8b-keep4-s42,qwen3-8b-keep4-s42:1052:1,1052,345,0,0,0,10,32
qwen3-8b-keep4-s42,qwen3-8b-keep4-s42:1053:0,1053,302,0,0,0,16,69
qwen3-8b-keep4-s42,qwen3-8b-keep4-s42:1053:1,1053,315,0,0,0,12,69
qwen3-8b-keep4-s42,qwen3-8b-keep4-s42:1053:2,1053,308,0,0,0,8,69
qwen3-8b-keep4-s42,qwen3-8b-keep4-s42:1053:3,1053,52,0,0,0,13,69
qwen3-8b-keep4-s42,qwen3-8b-keep4-s42:1053:7,1053,303,0,0,0,18,69
qwen3-8b-keep4-s42,qwen3-8b-keep4-s42:1054:0,1054,487,0,0,0,13,63
qwen3-8b-keep4-s42,qwen3-8b-keep4-s42:1054:1,1054,314,0,0,0,6,63
qwen3-8b-keep4-s42,qwen3-8b-keep4-s42:1054:2,1054,450,0,0,0,12,63
qwen3-8b-keep4-s42,qwen3-8b-keep4-s42:1054:4,1054,529,0,0,0,8,63
qwen3-8b-keep4-s42,qwen3-8b-keep4-s42:1054:5,1054,411,0,0,0,7,63
qwen3-8b-keep4-s42,qwen3-8b-keep4-s42:1054:6,1054,40,0,0,0,11,63
qwen3-8b-keep4-s42,qwen3-8b-keep4-s42:1054:7,1054,369,0,0,0,9,63
qwen3-8b-keep4-s42,qwen3-8b-keep4-s42:1055:5,1055,311,0,0,0,39,98
qwen3-8b-keep4-s42,qwen3-8b-keep4-s42:1056:1,1056,306,0,0,0,21,80
qwen3-8b-keep4-s42,qwen3-8b-keep4-s42:1056:2,1056,391,0,0,0,26,80
qwen3-8b-keep4-s42,qwen3-8b-keep4-s42:1056:3,1056,537,0,0,0,32,80
qwen3-8b-keep4-s42,qwen3-8b-keep4-s42:1056:4,1056,323,0,0,0,15,80
qwen3-8b-keep4-s42,qwen3-8b-keep4-s42:1056:5,1056,344,0,0,0,19,80
qwen3-8b-keep4-s42,qwen3-8b-keep4-s42:1056:6,1056,363,0,0,0,27,80
qwen3-8b-keep4-s42,qwen3-8b-keep4-s42:1056:7,1056,383,0,0,0,32,80
qwen3-8b-keep4-s42,qwen3-8b-keep4-s42:1057:6,1057,355,0,0,0,17,59
qwen3-8b-keep4-s42,qwen3-8b-keep4-s42:1058:0,1058,509,0,0,0,4,79
qwen3-8b-keep4-s42,qwen3-8b-keep4-s42:1058:1,1058,365,0,0,0,6,79
qwen3-8b-keep4-s42,qwen3-8b-keep4-s42:1058:2,1058,301,0,0,0,13,79
qwen3-8b-keep4-s42,qwen3-8b-keep4-s42:1058:3,1058,280,0,0,0,8,79
qwen3-8b-keep4-s42,qwen3-8b-keep4-s42:1058:4,1058,486,0,0,0,3,79
qwen3-8b-keep4-s42,qwen3-8b-keep4-s42:1058:5,1058,369,0,0,0,1,79
qwen3-8b-keep4-s42,qwen3-8b-keep4-s42:1058:6,1058,287,0,0,0,5,79
qwen3-8b-keep4-s42,qwen3-8b-keep4-s42:1058:7,1058,342,0,0,0,0,79
qwen3-8b-keep4-s42,qwen3-8b-keep4-s42:1059:0,1059,421,0,0,0,8,44
qwen3-8b-keep4-s42,qwen3-8b-keep4-s42:1059:2,1059,424,0,0,0,16,44
qwen3-8b-keep4-s42,qwen3-8b-keep4-s42:1059:3,1059,558,0,0,0,15,44
qwen3-8b-keep4-s42,qwen3-8b-keep4-s42:1059:4,1059,481,0,0,0,15,44
qwen3-8b-keep4-s42,qwen3-8b-keep4-s42:1059:7,1059,371,0,0,0,15,44
qwen3-8b-keep4-s42,qwen3-8b-keep4-s42:1061:1,1061,5,0,0,0,20,34
qwen3-8b-keep4-s42,qwen3-8b-keep4-s42:1061:4,1061,0,0,0,0,17,34
qwen3-8b-keep4-s42,qwen3-8b-keep4-s42:1062:1,1062,442,0,0,0,26,45
qwen3-8b-keep4-s42,qwen3-8b-keep4-s42:1062:2,1062,457,0,0,0,26,45
qwen3-8b-keep4-s42,qwen3-8b-keep4-s42:1062:3,1062,423,0,0,0,18,45
qwen3-8b-keep4-s42,qwen3-8b-keep4-s42:1062:4,1062,476,0,0,0,27,45
qwen3-8b-keep4-s42,qwen3-8b-keep4-s42:1062:5,1062,465,0,0,0,3,45
qwen3-8b-keep4-s42,qwen3-8b-keep4-s42:1062:6,1062,5,0,0,0,26,45
qwen3-8b-keep4-s42,qwen3-8b-keep4-s42:1063:0,1063,297,0,0,0,30,84
qwen3-8b-keep4-s42,qwen3-8b-keep4-s42:1063:1,1063,416,0,0,0,30,84
qwen3-8b-keep4-s42,qwen3-8b-keep4-s42:1063:2,1063,443,0,0,0,30,84
qwen3-8b-keep4-s42,qwen3-8b-keep4-s42:1063:4,1063,408,0,0,0,26,84
qwen3-8b-keep4-s42,qwen3-8b-keep4-s42:1063:5,1063,378,0,0,0,16,84
qwen3-8b-keep4-s42,qwen3-8b-keep4-s42:1063:6,1063,339,0,0,0,27,84
qwen3-8b-keep4-s42,qwen3-8b-keep4-s42:1063:7,1063,460,0,0,0,32,84
qwen3-8b-keep4-s42,qwen3-8b-keep4-s42:1064:0,1064,351,0,0,0,9,38
qwen3-8b-keep4-s42,qwen3-8b-keep4-s42:1064:3,1064,19,0,0,0,16,38
qwen3-8b-keep4-s42,qwen3-8b-keep4-s42:1064:5,1064,442,0,0,0,12,38
qwen3-8b-keep4-s42,qwen3-8b-keep4-s42:1064:6,1064,417,0,0,0,12,38
qwen3-8b-keep4-s42,qwen3-8b-keep4-s42:1064:7,1064,421,0,0,0,16,38
qwen3-8b-keep4-s42,qwen3-8b-keep4-s42:1065:1,1065,481,0,0,0,13,69
qwen3-8b-keep4-s42,qwen3-8b-keep4-s42:1065:2,1065,551,0,0,0,11,69
qwen3-8b-keep4-s42,qwen3-8b-keep4-s42:1065:6,1065,539,0,0,0,10,69
qwen3-8b-keep4-s42,qwen3-8b-keep4-s42:1069:1,1069,517,0,0,0,10,27
qwen3-8b-keep4-s42,qwen3-8b-keep4-s42:1069:3,1069,366,0,0,0,9,27
qwen3-8b-keep4-s42,qwen3-8b-keep4-s42:1069:4,1069,499,0,0,0,8,27
qwen3-8b-keep4-s42,qwen3-8b-keep4-s42:1070:0,1070,334,0,0,0,3,33
qwen3-8b-keep4-s42,qwen3-8b-keep4-s42:1070:1,1070,309,0,0,0,4,33
qwen3-8b-keep4-s42,qwen3-8b-keep4-s42:1070:2,1070,397,0,0,0,4,33
qwen3-8b-keep4-s42,qwen3-8b-keep4-s42:1070:4,1070,237,0,0,0,3,33
qwen3-8b-keep4-s42,qwen3-8b-keep4-s42:1070:5,1070,285,0,0,0,9,33
qwen3-8b-keep4-s42,qwen3-8b-keep4-s42:1070:6,1070,326,0,0,0,3,33
qwen3-8b-keep4-s42,qwen3-8b-keep4-s42:1070:7,1070,111,0,0,0,4,33
qwen3-8b-keep4-s42,qwen3-8b-keep4-s42:1071:0,1071,188,0,0,0,59,91
qwen3-8b-keep4-s42,qwen3-8b-keep4-s42:1071:3,1071,61,0,0,0,16,91
qwen3-8b-keep4-s42,qwen3-8b-keep4-s42:1071:6,1071,305,0,0,0,23,91
qwen3-8b-keep4-s42,qwen3-8b-keep4-s42:1071:7,1071,300,0,0,0,54,91
qwen3-8b-keep4-s42,qwen3-8b-keep4-s42:1074:4,1074,455,0,0,0,22,62
qwen3-8b-keep4-s42,qwen3-8b-keep4-s42:1076:2,1076,229,0,0,0,12,58
qwen3-8b-keep4-s42,qwen3-8b-keep4-s42:1076:3,1076,34,0,0,0,10,58
qwen3-8b-keep4-s42,qwen3-8b-keep4-s42:1077:0,1077,359,0,0,0,33,62
qwen3-8b-keep4-s42,qwen3-8b-keep4-s42:1077:2,1077,287,0,0,0,24,62
qwen3-8b-keep4-s42,qwen3-8b-keep4-s42:1077:3,1077,258,0,0,0,18,62
qwen3-8b-keep4-s42,qwen3-8b-keep4-s42:1077:4,1077,284,0,0,0,35,62
qwen3-8b-keep4-s42,qwen3-8b-keep4-s42:1077:5,1077,290,0,0,0,27,62
qwen3-8b-keep4-s42,qwen3-8b-keep4-s42:1077:7,1077,347,0,0,0,21,62
qwen3-8b-keep4-s42,qwen3-8b-keep4-s42:1079:1,1079,3,0,0,0,16,50
qwen3-8b-keep4-s42,qwen3-8b-keep4-s42:1079:3,1079,391,0,0,0,18,50
qwen3-8b-keep4-s42,qwen3-8b-keep4-s42:1079:5,1079,434,0,0,0,17,50
qwen3-8b-keep4-s42,qwen3-8b-keep4-s42:1082:2,1082,119,0,0,0,18,34
qwen3-8b-keep4-s42,qwen3-8b-keep4-s42:1082:5,1082,337,0,0,0,14,34
qwen3-8b-keep4-s42,qwen3-8b-keep4-s42:1083:0,1083,399,0,0,0,17,42
qwen3-8b-keep4-s42,qwen3-8b-keep4-s42:1085:0,1085,325,0,0,0,36,139
qwen3-8b-keep4-s42,qwen3-8b-keep4-s42:1085:1,1085,362,0,0,0,34,139
qwen3-8b-keep4-s42,qwen3-8b-keep4-s42:1085:2,1085,254,0,0,0,40,139
qwen3-8b-keep4-s42,qwen3-8b-keep4-s42:1085:3,1085,383,0,0,0,25,139
qwen3-8b-keep4-s42,qwen3-8b-keep4-s42:1085:4,1085,312,0,0,0,26,139
qwen3-8b-keep4-s42,qwen3-8b-keep4-s42:1085:6,1085,291,0,0,0,47,139
qwen3-8b-keep4-s42,qwen3-8b-keep4-s42:1085:7,1085,410,0,0,0,35,139
qwen3-8b-keep4-s42,qwen3-8b-keep4-s42:1088:0,1088,342,0,0,0,17,54
qwen3-8b-keep4-s42,qwen3-8b-keep4-s42:1088:3,1088,490,0,0,0,10,54
qwen3-8b-keep4-s42,qwen3-8b-keep4-s42:1088:4,1088,71,0,0,0,24,54
qwen3-8b-keep4-s42,qwen3-8b-keep4-s42:1088:5,1088,247,0,0,0,19,54
qwen3-8b-keep4-s42,qwen3-8b-keep4-s42:1088:6,1088,399,0,0,0,12,54
qwen3-8b-keep4-s42,qwen3-8b-keep4-s42:1088:7,1088,403,0,0,0,14,54
qwen3-8b-keep4-s42,qwen3-8b-keep4-s42:1089:1,1089,378,0,0,0,28,55
qwen3-8b-keep4-s42,qwen3-8b-keep4-s42:1091:1,1091,509,0,0,0,26,102
qwen3-8b-keep4-s42,qwen3-8b-keep4-s42:1091:2,1091,520,0,0,0,26,102
qwen3-8b-keep4-s42,qwen3-8b-keep4-s42:1091:3,1091,146,0,0,0,20,102
qwen3-8b-keep4-s42,qwen3-8b-keep4-s42:1091:4,1091,326,0,0,0,17,102
qwen3-8b-keep4-s42,qwen3-8b-keep4-s42:1091:5,1091,495,0,0,0,18,102
qwen3-8b-keep4-s42,qwen3-8b-keep4-s42:1091:7,1091,460,0,0,0,35,102
qwen3-8b-keep4-s42,qwen3-8b-keep4-s42:1093:3,1093,490,0,0,0,42,94
qwen3-8b-keep4-s42,qwen3-8b-keep4-s42:1093:4,1093,396,0,0,0,49,94
qwen3-8b-keep4-s42,qwen3-8b-keep4-s42:1095:7,1095,1,0,0,0,33,57
qwen3-8b-keep4-s42,qwen3-8b-keep4-s42:1097:0,1097,471,0,0,0,25,99
qwen3-8b-keep4-s42,qwen3-8b-keep4-s42:1097:1,1097,407,0,0,0,38,99
qwen3-8b-keep4-s42,qwen3-8b-keep4-s42:1097:2,1097,419,0,0,0,36,99
qwen3-8b-keep4-s42,qwen3-8b-keep4-s42:1097:3,1097,377,0,0,0,12,99
qwen3-8b-keep4-s42,qwen3-8b-keep4-s42:1097:5,1097,442,0,0,0,25,99
qwen3-8b-keep4-s42,qwen3-8b-keep4-s42:1097:7,1097,0,0,0,0,45,99
qwen3-8b-keep4-s42,qwen3-8b-keep4-s42:1099:1,1099,12,0,0,0,0,48
qwen3-8b-keep4-s42,qwen3-8b-keep4-s42:1099:2,1099,357,0,0,0,4,48
qwen3-8b-keep4-s42,qwen3-8b-keep4-s42:1099:3,1099,402,0,0,0,13,48
qwen3-8b-keep4-s42,qwen3-8b-keep4-s42:1099:5,1099,371,0,0,0,8,48
qwen3-8b-keep4-s42,qwen3-8b-keep4-s42:1099:6,1099,366,0,0,0,3,48
qwen3-8b-keep4-s42,qwen3-8b-keep4-s42:1099:7,1099,1,0,0,0,10,48
qwen3-8b-keep4-s42,qwen3-8b-keep4-s42:1102:1,1102,24,0,0,0,61,103
qwen3-8b-keep4-s42,qwen3-8b-keep4-s42:1104:2,1104,44,0,0,0,13,30
qwen3-8b-keep4-s42,qwen3-8b-keep4-s42:1105:0,1105,61,31,2,2,16,78
qwen3-8b-keep4-s42,qwen3-8b-keep4-s42:1105:1,1105,359,0,0,0,22,78
qwen3-8b-keep4-s42,qwen3-8b-keep4-s42:1105:2,1105,367,0,0,0,19,78
qwen3-8b-keep4-s42,qwen3-8b-keep4-s42:1105:4,1105,267,0,0,0,20,78
qwen3-8b-keep4-s42,qwen3-8b-keep4-s42:1105:5,1105,360,0,0,0,15,78
qwen3-8b-keep4-s42,qwen3-8b-keep4-s42:1105:6,1105,346,0,0,0,13,78
qwen3-8b-keep4-s42,qwen3-8b-keep4-s42:1105:7,1105,380,0,0,0,11,78
qwen3-8b-keep4-s42,qwen3-8b-keep4-s42:1106:4,1106,352,0,0,0,25,79
qwen3-8b-keep4-s42,qwen3-8b-keep4-s42:1107:0,1107,320,0,0,0,14,112
qwen3-8b-keep4-s42,qwen3-8b-keep4-s42:1107:1,1107,254,0,0,0,19,112
qwen3-8b-keep4-s42,qwen3-8b-keep4-s42:1107:2,1107,308,0,0,0,9,112
qwen3-8b-keep4-s42,qwen3-8b-keep4-s42:1107:3,1107,419,0,0,0,20,112
qwen3-8b-keep4-s42,qwen3-8b-keep4-s42:1107:4,1107,26,0,0,0,28,112
qwen3-8b-keep4-s42,qwen3-8b-keep4-s42:1107:5,1107,295,0,0,0,27,112
qwen3-8b-keep4-s42,qwen3-8b-keep4-s42:1107:7,1107,335,0,0,0,15,112
