tag,sample_id,stable_prompt_id,blocks_after_capture,novel_triples_after_capture,new_gold_triples_after_capture,new_gold_pairs_after_capture,gold_pairs_covered_at_capture,gold_pairs_total
qwen3-1.7b-keep4-s42,qwen3-1.7b-keep4-s42:1:0,1,432,0,0,0,1,88
qwen3-1.7b-keep4-s42,qwen3-1.7b-keep4-s42:1:1,1,497,0,0,0,2,88
qwen3-1.7b-keep4-s42,qwen3-1.7b-keep4-s42:1:2,1,253,0,0,0,6,88
qwen3-1.7b-keep4-s42,qwen3-1.7b-keep4-s42:1:3,1,454,0,0,0,3,88
qwen3-1.7b-keep4-s42,qwen3-1.7b-keep4-s42:1:4,1,409,0,0,0,5,88
qwen3-1.7b-keep4-s42,qwen3-1.7b-keep4-s42:1:5,1,568,0,0,0,1,88
qwen3-1.7b-keep4-s42,qwen3-1.7b-keep4-s42:1:6,1,442,0,0,0,3,88
qwen3-1.7b-keep4-s42,qwen3-1.7b-keep4-s42:1:7,1,497,0,0,0,3,88
qwen3-1.7b-keep4-s42,qwen3-1.7b-keep4-s42:2:0,2,288,0,0,0,5,93
qwen3-1.7b-keep4-s42,qwen3-1.7b-keep4-s42:2:1,2,236,1,0,0,0,93
qwen3-1.7b-keep4-s42,qwen3-1.7b-keep4-s42:2:2,2,280,0,0,0,12,93
qwen3-1.7b-keep4-s42,qwen3-1.7b-keep4-s42:2:3,2,82,0,0,0,6,93
qwen3-1.7b-keep4-s42,qwen3-1.7b-keep4-s42:2:4,2,174,0,0,0,15,93
qwen3-1.7b-keep4-s42,qwen3-1.7b-keep4-s42:2:5,2,18,0,0,0,3,93
qwen3-1.7b-keep4-s42,qwen3-1.7b-keep4-s42:2:6,2,398,0,0,0,7,93
qwen3-1.7b-keep4-s42,qwen3-1.7b-keep4-s42:2:7,2,112,0,0,0,2,93
qwen3-1.7b-keep4-s42,qwen3-1.7b-keep4-s42:3:0,3,486,0,0,0,4,33
qwen3-1.7b-keep4-s42,qwen3-1.7b-keep4-s42:3:1,3,413,0,0,0,4,33
qwen3-1.7b-keep4-s42,qwen3-1.7b-keep4-s42:3:2,3,470,0,0,0,1,33
qwen3-1.7b-keep4-s42,qwen3-1.7b-keep4-s42:3:4,3,462,0,0,0,3,33
qwen3-1.7b-keep4-s42,qwen3-1.7b-keep4-s42:3:5,3,450,0,0,0,2,33
qwen3-1.7b-keep4-s42,qwen3-1.7b-keep4-s42:3:6,3,417,0,0,0,1,33
qwen3-1.7b-keep4-s42,qwen3-1.7b-keep4-s42:3:7,3,518,0,0,0,4,33
qwen3-1.7b-keep4-s42,qwen3-1.7b-keep4-s42:4:0,4,382,0,0,0,4,46
qwen3-1.7b-keep4-s42,qwen3-1.7b-keep4-s42:4:1,4,502,0,0,0,7,46
qwen3-1.7b-keep4-s42,qwen3-1.7b-keep4-s42:4:2,4,500,0,0,0,3,46
qwen3-1.7b-keep4-s42,qwen3-1.7b-keep4-s42:4:3,4,445,0,0,0,4,46
qwen3-1.7b-keep4-s42,qwen3-1.7b-keep4-s42:4:4,4,470,0,0,0,3,46
qwen3-1.7b-keep4-s42,qwen3-1.7b-keep4-s42:4:5,4,529,0,0,0,4,46
qwen3-1.7b-keep4-s42,qwen3-1.7b-keep4-s42:4:6,4,339,0,0,0,3,46
qwen3-1.7b-keep4-s42,qwen3-1.7b-keep4-s42:4:7,4,410,0,0,0,5,46
qwen3-1.7b-keep4-s42,qwen3-1.7b-keep4-s42:5:0,5,376,0,0,0,28,94
qwen3-1.7b-keep4-s42,qwen3-1.7b-keep4-s42:5:1,5,405,0,0,0,38,94
qwen3-1.7b-keep4-s42,qwen3-1.7b-keep4-s42:5:3,5,8,0,0,0,41,94
qwen3-1.7b-keep4-s42,qwen3-1.7b-keep4-s42:5:7,5,310,3,0,1,37,94
qwen3-1.7b-keep4-s42,qwen3-1.7b-keep4-s42:6:0,6,34,0,0,0,7,27
qwen3-1.7b-keep4-s42,qwen3-1.7b-keep4-s42:6:1,6,437,0,0,0,6,27
qwen3-1.7b-keep4-s42,qwen3-1.7b-keep4-s42:6:2,6,457,0,0,0,5,27
qwen3-1.7b-keep4-s42,qwen3-1.7b-keep4-s42:6:3,6,28,0,0,0,5,27
qwen3-1.7b-keep4-s42,qwen3-1.7b-keep4-s42:6:4,6,406,0,0,0,10,27
qwen3-1.7b-keep4-s42,qwen3-1.7b-keep4-s42:6:7,6,395,0,0,0,5,27
qwen3-1.7b-keep4-s42,qwen3-1.7b-keep4-s42:7:5,7,0,0,0,0,24,63
qwen3-1.7b-keep4-s42,qwen3-1.7b-keep4-s42:7:6,7,448,0,0,0,19,63
qwen3-1.7b-keep4-s42,qwen3-1.7b-keep4-s42:8:0,8,10,0,0,0,0,16
qwen3-1.7b-keep4-s42,qwen3-1.7b-keep4-s42:8:1,8,501,0,0,0,0,16
qwen3-1.7b-keep4-s42,qwen3-1.7b-keep4-s42:8:2,8,538,0,0,0,0,16
qwen3-1.7b-keep4-s42,qwen3-1.7b-keep4-s42:8:3,8,459,0,0,0,0,16
qwen3-1.7b-keep4-s42,qwen3-1.7b-keep4-s42:8:5,8,517,0,0,0,0,16
qwen3-1.7b-keep4-s42,qwen3-1.7b-keep4-s42:8:6,8,455,0,0,0,0,16
qwen3-1.7b-keep4-s42,qwen3-1.7b-keep4-s42:8:7,8,498,0,0,0,0,16
qwen3-1.7b-keep4-s42,qwen3-1.7b-keep4-s42:9:0,9,332,0,0,0,13,54
qwen3-1.7b-keep4-s42,qwen3-1.7b-keep4-s42:9:2,9,509,0,0,0,10,54
qwen3-1.7b-keep4-s42,qwen3-1.7b-keep4-s42:9:3,9,267,0,0,0,24,54
qwen3-1.7b-keep4-s42,qwen3-1.7b-keep4-s42:9:4,9,416,0,0,0,15,54
qwen3-1.7b-keep4-s42,qwen3-1.7b-keep4-s42:9:5,9,297,0,0,0,11,54
qwen3-1.7b-keep4-s42,qwen3-1.7b-keep4-s42:9:6,9,319,0,0,0,18,54
qwen3-1.7b-keep4-s42,qwen3-1.7b-keep4-s42:9:7,9,411,0,0,0,19,54
qwen3-1.7b-keep4-s42,qwen3-1.7b-keep4-s42:10:0,10,411,0,0,0,4,87
qwen3-1.7b-keep4-s42,qwen3-1.7b-keep4-s42:10:1,10,343,0,0,0,6,87
qwen3-1.7b-keep4-s42,qwen3-1.7b-keep4-s42:10:3,10,304,0,0,0,11,87
qwen3-1.7b-keep4-s42,qwen3-1.7b-keep4-s42:10:4,10,331,0,0,0,20,87
qwen3-1.7b-keep4-s42,qwen3-1.7b-keep4-s42:10:5,10,339,0,0,0,7,87
qwen3-1.7b-keep4-s42,qwen3-1.7b-keep4-s42:10:7,10,315,0,0,0,23,87
qwen3-1.7b-keep4-s42,qwen3-1.7b-keep4-s42:11:3,11,428,0,0,0,14,43
qwen3-1.7b-keep4-s42,qwen3-1.7b-keep4-s42:11:5,11,574,0,0,0,20,43
qwen3-1.7b-keep4-s42,qwen3-1.7b-keep4-s42:11:6,11,440,0,0,0,13,43
qwen3-1.7b-keep4-s42,qwen3-1.7b-keep4-s42:12:2,12,441,0,0,0,31,57
qwen3-1.7b-keep4-s42,qwen3-1.7b-keep4-s42:12:4,12,305,0,0,0,37,57
qwen3-1.7b-keep4-s42,qwen3-1.7b-keep4-s42:12:6,12,316,0,0,0,28,57
qwen3-1.7b-keep4-s42,qwen3-1.7b-keep4-s42:13:0,13,532,0,0,0,13,30
qwen3-1.7b-keep4-s42,qwen3-1.7b-keep4-s42:13:2,13,549,0,0,0,12,30
qwen3-1.7b-keep4-s42,qwen3-1.7b-keep4-s42:13:4,13,464,0,0,0,7,30
qwen3-1.7b-keep4-s42,qwen3-1.7b-keep4-s42:13:6,13,514,0,0,0,9,30
qwen3-1.7b-keep4-s42,qwen3-1.7b-keep4-s42:13:7,13,502,0,0,0,8,30
qwen3-1.7b-keep4-s42,qwen3-1.7b-keep4-s42:14:0,14,427,0,0,0,5,81
qwen3-1.7b-keep4-s42,qwen3-1.7b-keep4-s42:14:1,14,487,0,0,0,5,81
qwen3-1.7b-keep4-s42,qwen3-1.7b-keep4-s42:14:2,14,461,0,0,0,4,81
qwen3-1.7b-keep4-s42,qwen3-1.7b-keep4-s42:14:3,14,358,0,0,0,3,81
qwen3-1.7b-keep4-s42,qwen3-1.7b-keep4-s42:14:4,14,503,0,0,0,3,81
qwen3-1.7b-keep4-s42,qwen3-1.7b-keep4-s42:14:5,14,301,0,0,0,4,81
qwen3-1.7b-keep4-s42,qwen3-1.7b-keep4-s42:14:6,14,271,0,0,0,5,81
qwen3-1.7b-keep4-s42,qwen3-1.7b-keep4-s42:14:7,14,372,0,0,0,5,81
qwen3-1.7b-keep4-s42,qwen3-1.7b-keep4-s42:15:0,15,499,0,0,0,0,57
qwen3-1.7b-keep4-s42,qwen3-1.7b-keep4-s42:15:1,15,435,0,0,0,0,57
qwen3-1.7b-keep4-s42,qwen3-1.7b-keep4-s42:15:2,15,390,0,0,0,0,57
qwen3-1.7b-keep4-s42,qwen3-1.7b-keep4-s42:15:5,15,5,0,0,0,0,57
qwen3-1.7b-keep4-s42,qwen3-1.7b-keep4-s42:15:6,15,379,0,0,0,40,57
qwen3-1.7b-keep4-s42,qwen3-1.7b-keep4-s42:16:0,16,452,0,0,0,6,78
qwen3-1.7b-keep4-s42,qwen3-1.7b-keep4-s42:16:1,16,452,0,0,0,6,78
qwen3-1.7b-keep4-s42,qwen3-1.7b-keep4-s42:16:2,16,494,0,0,0,4,78
qwen3-1.7b-keep4-s42,qwen3-1.7b-keep4-s42:16:3,16,290,0,0,0,11,78
qwen3-1.7b-keep4-s42,qwen3-1.7b-keep4-s42:16:4,16,507,0,0,0,7,78
qwen3-1.7b-keep4-s42,qwen3-1.7b-keep4-s42:16:5,16,440,0,0,0,6,78
qwen3-1.7b-keep4-s42,qwen3-1.7b-keep4-s42:16:6,16,431,0,0,0,6,78
qwen3-1.7b-keep4-s42,qwen3-1.7b-keep4-s42:16:7,16,352,0,0,0,4,78
qwen3-1.7b-keep4-s42,qwen3-1.7b-keep4-s42:17:0,17,508,0,0,0,7,70
qwen3-1.7b-keep4-s42,qwen3-1.7b-keep4-s42:17:1,17,542,0,0,0,14,70
qwen3-1.7b-keep4-s42,qwen3-1.7b-keep4-s42:17:2,17,321,0,0,0,8,70
qwen3-1.7b-keep4-s42,qwen3-1.7b-keep4-s42:17:3,17,465,0,0,0,14,70
qwen3-1.7b-keep4-s42,qwen3-1.7b-keep4-s42:17:4,17,405,0,0,0,4,70
qwen3-1.7b-keep4-s42,qwen3-1.7b-keep4-s42:17:5,17,537,0,0,0,6,70
qwen3-1.7b-keep4-s42,qwen3-1.7b-keep4-s42:17:6,17,437,0,0,0,0,70
qwen3-1.7b-keep4-s42,qwen3-1.7b-keep4-s42:17:7,17,486,0,0,0,10,70
qwen3-1.7b-keep4-s42,qwen3-1.7b-keep4-s42:19:1,19,224,0,0,0,14,51
qwen3-1.7b-keep4-s42,qwen3-1.7b-keep4-s42:19:2,19,158,0,0,0,15,51
qwen3-1.7b-keep4-s42,qwen3-1.7b-keep4-s42:19:3,19,155,0,0,0,12,51
qwen3-1.7b-keep4-s42,qwen3-1.7b-keep4-s42:19:4,19,210,0,0,0,12,51
qwen3-1.7b-keep4-s42,qwen3-1.7b-keep4-s42:19:5,19,290,0,0,0,4,51
qwen3-1.7b-keep4-s42,qwen3-1.7b-keep4-s42:19:6,19,203,0,0,0,8,51
qwen3-1.7b-keep4-s42,qwen3-1.7b-keep4-s42:19:7,19,232,0,0,0,8,51
qwen3-1.7b-keep4-s42,qwen3-1.7b-keep4-s42:20:1,20,270,0,0,0,5,90
qwen3-1.7b-keep4-s42,qwen3-1.7b-keep4-s42:20:2,20,427,0,0,0,8,90
qwen3-1.7b-keep4-s42,qwen3-1.7b-keep4-s42:20:3,20,2,0,0,0,9,90
qwen3-1.7b-keep4-s42,qwen3-1.7b-keep4-s42:20:4,20,457,34,0,3,11,90
qwen3-1.7b-keep4-s42,qwen3-1.7b-keep4-s42:20:5,20,339,0,0,0,7,90
qwen3-1.7b-keep4-s42,qwen3-1.7b-keep4-s42:20:6,20,339,0,0,0,4,90
qwen3-1.7b-keep4-s42,qwen3-1.7b-keep4-s42:20:7,20,388,0,0,0,9,90
qwen3-1.7b-keep4-s42,qwen3-1.7b-keep4-s42:21:0,21,462,0,0,0,11,71
qwen3-1.7b-keep4-s42,qwen3-1.7b-keep4-s42:21:1,21,395,0,0,0,4,71
qwen3-1.7b-keep4-s42,qwen3-1.7b-keep4-s42:21:2,21,487,0,0,0,8,71
qwen3-1.7b-keep4-s42,qwen3-1.7b-keep4-s42:21:3,21,481,0,0,0,10,71
qwen3-1.7b-keep4-s42,qwen3-1.7b-keep4-s42:21:4,21,335,0,0,0,16,71
qwen3-1.7b-keep4-s42,qwen3-1.7b-keep4-s42:21:5,21,348,0,0,0,11,71
qwen3-1.7b-keep4-s42,qwen3-1.7b-keep4-s42:21:6,21,15,0,0,0,15,71
qwen3-1.7b-keep4-s42,qwen3-1.7b-keep4-s42:21:7,21,338,0,0,0,15,71
qwen3-1.7b-keep4-s42,qwen3-1.7b-keep4-s42:22:1,22,422,0,0,0,8,60
qwen3-1.7b-keep4-s42,qwen3-1.7b-keep4-s42:22:2,22,464,0,0,0,10,60
qwen3-1.7b-keep4-s42,qwen3-1.7b-keep4-s42:22:3,22,456,0,0,0,7,60
qwen3-1.7b-keep4-s42,qwen3-1.7b-keep4-s42:23:0,23,508,0,0,0,1,74
qwen3-1.7b-keep4-s42,qwen3-1.7b-keep4-s42:23:1,23,438,0,0,0,4,74
qwen3-1.7b-keep4-s42,qwen3-1.7b-keep4-s42:23:2,23,354,0,0,0,4,74
qwen3-1.7b-keep4-s42,qwen3-1.7b-keep4-s42:23:3,23,528,0,0,0,7,74
qwen3-1.7b-keep4-s42,qwen3-1.7b-keep4-s42:23:4,23,488,0,0,0,10,74
qwen3-1.7b-keep4-s42,qwen3-1.7b-keep4-s42:23:5,23,413,0,0,0,3,74
qwen3-1.7b-keep4-s42,qwen3-1.7b-keep4-s42:23:6,23,423,0,0,0,6,74
qwen3-1.7b-keep4-s42,qwen3-1.7b-keep4-s42:23:7,23,336,0,0,0,2,74
qwen3-1.7b-keep4-s42,qwen3-1.7b-keep4-s42:24:2,24,299,0,0,0,14,56
qwen3-1.7b-keep4-s42,qwen3-1.7b-keep4-s42:24:4,24,332,0,0,0,0,56
qwen3-1.7b-keep4-s42,qwen3-1.7b-keep4-s42:24:5,24,234,0,0,0,8,56
qwen3-1.7b-keep4-s42,qwen3-1.7b-keep4-s42:24:6,24,299,0,0,0,0,56
qwen3-1.7b-keep4-s42,qwen3-1.7b-keep4-s42:24:7,24,263,0,0,0,6,56
qwen3-1.7b-keep4-s42,qwen3-1.7b-keep4-s42:25:0,25,416,0,0,0,6,61
qwen3-1.7b-keep4-s42,qwen3-1.7b-keep4-s42:25:2,25,416,0,0,0,9,61
qwen3-1.7b-keep4-s42,qwen3-1.7b-keep4-s42:25:3,25,468,0,0,0,4,61
qwen3-1.7b-keep4-s42,qwen3-1.7b-keep4-s42:25:4,25,411,0,0,0,12,61
qwen3-1.7b-keep4-s42,qwen3-1.7b-keep4-s42:25:5,25,445,0,0,0,15,61
qwen3-1.7b-keep4-s42,qwen3-1.7b-keep4-s42:25:6,25,537,0,0,0,14,61
qwen3-1.7b-keep4-s42,qwen3-1.7b-keep4-s42:25:7,25,414,0,0,0,9,61
qwen3-1.7b-keep4-s42,qwen3-1.7b-keep4-s42:26:1,26,223,0,0,0,15,60
qwen3-1.7b-keep4-s42,qwen3-1.7b-keep4-s42:26:4,26,176,0,0,0,23,60
qwen3-1.7b-keep4-s42,qwen3-1.7b-keep4-s42:26:5,26,225,0,0,0,20,60
qwen3-1.7b-keep4-s42,qwen3-1.7b-keep4-s42:26:6,26,192,0,0,0,17,60
qwen3-1.7b-keep4-s42,qwen3-1.7b-keep4-s42:27:1,27,413,0,0,0,17,49
qwen3-1.7b-keep4-s42,qwen3-1.7b-keep4-s42:27:4,27,537,0,0,0,16,49
qwen3-1.7b-keep4-s42,qwen3-1.7b-keep4-s42:27:6,27,279,0,0,0,9,49
qwen3-1.7b-keep4-s42,qwen3-1.7b-keep4-s42:27:7,27,558,0,0,0,14,49
qwen3-1.7b-keep4-s42,qwen3-1.7b-keep4-s42:29:0,29,289,0,0,0,18,120
qwen3-1.7b-keep4-s42,qwen3-1.7b-keep4-s42:29:1,29,259,0,0,0,5,120
qwen3-1.7b-keep4-s42,qwen3-1.7b-keep4-s42:29:3,29,277,0,0,0,16,120
qwen3-1.7b-keep4-s42,qwen3-1.7b-keep4-s42:29:5,29,435,0,0,0,4,120
qwen3-1.7b-keep4-s42,qwen3-1.7b-keep4-s42:29:7,29,313,0,0,0,9,120
qwen3-1.7b-keep4-s42,qwen3-1.7b-keep4-s42:30:5,30,443,0,0,0,13,47
qwen3-1.7b-keep4-s42,qwen3-1.7b-keep4-s42:31:0,31,413,0,0,0,4,86
qwen3-1.7b-keep4-s42,qwen3-1.7b-keep4-s42:31:1,31,437,0,0,0,3,86
qwen3-1.7b-keep4-s42,qwen3-1.7b-keep4-s42:31:2,31,403,0,0,0,1,86
qwen3-1.7b-keep4-s42,qwen3-1.7b-keep4-s42:31:3,31,477,0,0,0,3,86
qwen3-1.7b-keep4-s42,qwen3-1.7b-keep4-s42:31:4,31,407,0,0,0,4,86
qwen3-1.7b-keep4-s42,qwen3-1.7b-keep4-s42:31:5,31,462,0,0,0,3,86
qwen3-1.7b-keep4-s42,qwen3-1.7b-keep4-s42:31:6,31,531,0,0,0,2,86
qwen3-1.7b-keep4-s42,qwen3-1.7b-keep4-s42:31:7,31,380,0,0,0,3,86
qwen3-1.7b-keep4-s42,qwen3-1.7b-keep4-s42:32:3,32,507,0,0,0,11,44
qwen3-1.7b-keep4-s42,qwen3-1.7b-keep4-s42:33:0,33,495,0,0,0,23,100
qwen3-1.7b-keep4-s42,qwen3-1.7b-keep4-s42:33:7,33,487,0,0,0,20,100
qwen3-1.7b-keep4-s42,qwen3-1.7b-keep4-s42:34:1,34,424,0,0,0,12,103
qwen3-1.7b-keep4-s42,qwen3-1.7b-keep4-s42:34:2,34,408,0,0,0,6,103
qwen3-1.7b-keep4-s42,qwen3-1.7b-keep4-s42:34:3,34,14,0,0,0,15,103
qwen3-1.7b-keep4-s42,qwen3-1.7b-keep4-s42:34:5,34,408,0,0,0,14,103
qwen3-1.7b-keep4-s42,qwen3-1.7b-keep4-s42:34:6,34,424,0,0,0,6,103
qwen3-1.7b-keep4-s42,qwen3-1.7b-keep4-s42:35:0,35,453,0,0,0,15,59
qwen3-1.7b-keep4-s42,qwen3-1.7b-keep4-s42:35:1,35,314,0,0,0,14,59
qwen3-1.7b-keep4-s42,qwen3-1.7b-keep4-s42:35:2,35,353,0,0,0,9,59
qwen3-1.7b-keep4-s42,qwen3-1.7b-keep4-s42:35:3,35,392,0,0,0,13,59
qwen3-1.7b-keep4-s42,qwen3-1.7b-keep4-s42:35:4,35,299,0,0,0,23,59
qwen3-1.7b-keep4-s42,qwen3-1.7b-keep4-s42:35:5,35,283,0,0,0,15,59
qwen3-1.7b-keep4-s42,qwen3-1.7b-keep4-s42:35:6,35,378,0,0,0,2,59
qwen3-1.7b-keep4-s42,qwen3-1.7b-keep4-s42:35:7,35,322,0,0,0,9,59
qwen3-1.7b-keep4-s42,qwen3-1.7b-keep4-s42:36:0,36,59,35,0,2,6,35
qwen3-1.7b-keep4-s42,qwen3-1.7b-keep4-s42:37:0,37,1,0,0,0,12,55
qwen3-1.7b-keep4-s42,qwen3-1.7b-keep4-s42:37:2,37,430,0,0,0,14,55
qwen3-1.7b-keep4-s42,qwen3-1.7b-keep4-s42:37:3,37,469,0,0,0,10,55
qwen3-1.7b-keep4-s42,qwen3-1.7b-keep4-s42:37:5,37,513,0,0,0,13,55
qwen3-1.7b-keep4-s42,qwen3-1.7b-keep4-s42:37:6,37,455,0,0,0,12,55
qwen3-1.7b-keep4-s42,qwen3-1.7b-keep4-s42:37:7,37,415,0,0,0,11,55
qwen3-1.7b-keep4-s42,qwen3-1.7b-keep4-s42:38:3,38,444,0,0,0,28,62
qwen3-1.7b-keep4-s42,qwen3-1.7b-keep4-s42:38:4,38,0,0,0,0,27,62
qwen3-1.7b-keep4-s42,qwen3-1.7b-keep4-s42:38:7,38,4,0,0,0,29,62
qwen3-1.7b-keep4-s42,qwen3-1.7b-keep4-s42:39:0,39,552,0,0,0,9,46
qwen3-1.7b-keep4-s42,qwen3-1.7b-keep4-s42:39:3,39,569,0,0,0,17,46
qwen3-1.7b-keep4-s42,qwen3-1.7b-keep4-s42:39:6,39,595,0,0,0,7,46
qwen3-1.7b-keep4-s42,qwen3-1.7b-keep4-s42:40:0,40,480,0,0,0,0,32
qwen3-1.7b-keep4-s42,qwen3-1.7b-keep4-s42:40:2,40,378,0,0,0,1,32
qwen3-1.7b-keep4-s42,qwen3-1.7b-keep4-s42:40:3,40,330,0,0,0,0,32
qwen3-1.7b-keep4-s42,qwen3-1.7b-keep4-s42:40:4,40,359,0,0,0,4,32
qwen3-1.7b-keep4-s42,qwen3-1.7b-keep4-s42:40:5,40,249,0,0,0,5,32
qwen3-1.7b-keep4-s42,qwen3-1.7b-keep4-s42:40:6,40,432,0,0,0,0,32
qwen3-1.7b-keep4-s42,qwen3-1.7b-keep4-s42:40:7,40,459,0,0,0,1,32
qwen3-1.7b-keep4-s42,qwen3-1.7b-keep4-s42:41:2,41,287,0,0,0,8,57
qwen3-1.7b-keep4-s42,qwen3-1.7b-keep4-s42:41:3,41,133,0,0,0,4,57
qwen3-1.7b-keep4-s42,qwen3-1.7b-keep4-s42:41:7,41,192,0,0,0,6,57
qwen3-1.7b-keep4-s42,qwen3-1.7b-keep4-s42:42:0,42,322,0,0,0,8,56
qwen3-1.7b-keep4-s42,qwen3-1.7b-keep4-s42:42:1,42,5,0,0,0,8,56
qwen3-1.7b-keep4-s42,qwen3-1.7b-keep4-s42:42:2,42,494,0,0,0,8,56
qwen3-1.7b-keep4-s42,qwen3-1.7b-keep4-s42:42:3,42,468,0,0,0,8,56
qwen3-1.7b-keep4-s42,qwen3-1.7b-keep4-s42:42:4,42,447,0,0,0,8,56
qwen3-1.7b-keep4-s42,qwen3-1.7b-keep4-s42:42:5,42,362,0,0,0,8,56
qwen3-1.7b-keep4-s42,qwen3-1.7b-keep4-s42:42:6,42,446,0,0,0,9,56
qwen3-1.7b-keep4-s42,qwen3-1.7b-keep4-s42:42:7,42,369,0,0,0,9,56
qwen3-1.7b-keep4-s42,qwen3-1.7b-keep4-s42:43:4,43,407,0,0,0,39,69
qwen3-1.7b-keep4-s42,qwen3-1.7b-keep4-s42:43:5,43,405,0,0,0,27,69
qwen3-1.7b-keep4-s42,qwen3-1.7b-keep4-s42:43:6,43,416,0,0,0,25,69
qwen3-1.7b-keep4-s42,qwen3-1.7b-keep4-s42:43:7,43,454,0,0,0,29,69
qwen3-1.7b-keep4-s42,qwen3-1.7b-keep4-s42:44:0,44,469,0,0,0,21,43
qwen3-1.7b-keep4-s42,qwen3-1.7b-keep4-s42:44:1,44,528,0,0,0,24,43
qwen3-1.7b-keep4-s42,qwen3-1.7b-keep4-s42:44:3,44,498,0,0,0,15,43
qwen3-1.7b-keep4-s42,qwen3-1.7b-keep4-s42:44:4,44,566,0,0,0,18,43
qwen3-1.7b-keep4-s42,qwen3-1.7b-keep4-s42:44:5,44,584,0,0,0,15,43
qwen3-1.7b-keep4-s42,qwen3-1.7b-keep4-s42:44:6,44,524,0,0,0,22,43
qwen3-1.7b-keep4-s42,qwen3-1.7b-keep4-s42:44:7,44,38,0,0,0,23,43
qwen3-1.7b-keep4-s42,qwen3-1.7b-keep4-s42:45:0,45,409,0,0,0,7,77
qwen3-1.7b-keep4-s42,qwen3-1.7b-keep4-s42:45:1,45,403,0,0,0,8,77
qwen3-1.7b-keep4-s42,qwen3-1.7b-keep4-s42:45:3,45,348,0,0,0,6,77
qwen3-1.7b-keep4-s42,qwen3-1.7b-keep4-s42:45:5,45,292,0,0,0,4,77
qwen3-1.7b-keep4-s42,qwen3-1.7b-keep4-s42:45:6,45,327,0,0,0,6,77
qwen3-1.7b-keep4-s42,qwen3-1.7b-keep4-s42:45:7,45,398,0,0,0,7,77
qwen3-1.7b-keep4-s42,qwen3-1.7b-keep4-s42:46:1,46,489,0,0,0,20,38
qwen3-1.7b-keep4-s42,qwen3-1.7b-keep4-s42:46:4,46,0,0,0,0,19,38
qwen3-1.7b-keep4-s42,qwen3-1.7b-keep4-s42:46:5,46,347,0,0,0,18,38
qwen3-1.7b-keep4-s42,qwen3-1.7b-keep4-s42:47:1,47,364,0,0,0,36,106
qwen3-1.7b-keep4-s42,qwen3-1.7b-keep4-s42:47:3,47,3,0,0,0,4,106
qwen3-1.7b-keep4-s42,qwen3-1.7b-keep4-s42:48:0,48,404,0,0,0,4,80
qwen3-1.7b-keep4-s42,qwen3-1.7b-keep4-s42:48:1,48,414,0,0,0,6,80
qwen3-1.7b-keep4-s42,qwen3-1.7b-keep4-s42:48:2,48,283,0,0,0,10,80
qwen3-1.7b-keep4-s42,qwen3-1.7b-keep4-s42:48:3,48,449,0,0,0,2,80
qwen3-1.7b-keep4-s42,qwen3-1.7b-keep4-s42:48:4,48,494,0,0,0,3,80
qwen3-1.7b-keep4-s42,qwen3-1.7b-keep4-s42:48:5,48,411,0,0,0,3,80
qwen3-1.7b-keep4-s42,qwen3-1.7b-keep4-s42:48:6,48,456,0,0,0,9,80
qwen3-1.7b-keep4-s42,qwen3-1.7b-keep4-s42:48:7,48,241,0,0,0,8,80
qwen3-1.7b-keep4-s42,qwen3-1.7b-keep4-s42:49:0,49,291,0,0,0,0,51
qwen3-1.7b-keep4-s42,qwen3-1.7b-keep4-s42:49:1,49,245,0,0,0,10,51
qwen3-1.7b-keep4-s42,qwen3-1.7b-keep4-s42:49:2,49,155,0,0,0,8,51
qwen3-1.7b-keep4-s42,qwen3-1.7b-keep4-s42:49:3,49,202,0,0,0,2,51
qwen3-1.7b-keep4-s42,qwen3-1.7b-keep4-s42:49:4,49,200,0,0,0,5,51
qwen3-1.7b-keep4-s42,qwen3-1.7b-keep4-s42:49:6,49,155,0,0,0,11,51
qwen3-1.7b-keep4-s42,qwen3-1.7b-keep4-s42:49:7,49,221,0,0,0,5,51
qwen3-1.7b-keep4-s42,qwen3-1.7b-keep4-s42:50:0,50,285,0,0,0,20,70
qwen3-1.7b-keep4-s42,qwen3-1.7b-keep4-s42:50:1,50,506,0,0,0,15,70
qwen3-1.7b-keep4-s42,qwen3-1.7b-keep4-s42:50:2,50,480,0,0,0,16,70
qwen3-1.7b-keep4-s42,qwen3-1.7b-keep4-s42:50:3,50,248,0,0,0,19,70
qwen3-1.7b-keep4-s42,qwen3-1.7b-keep4-s42:50:4,50,373,0,0,0,13,70
qwen3-1.7b-keep4-s42,qwen3-1.7b-keep4-s42:50:6,50,457,0,0,0,14,70
qwen3-1.7b-keep4-s42,qwen3-1.7b-keep4-s42:50:7,50,405,0,0,0,25,70
qwen3-1.7b-keep4-s42,qwen3-1.7b-keep4-s42:51:0,51,348,0,0,0,31,120
qwen3-1.7b-keep4-s42,qwen3-1.7b-keep4-s42:51:2,51,2,0,0,0,24,120
qwen3-1.7b-keep4-s42,qwen3-1.7b-keep4-s42:51:3,51,412,0,0,0,30,120
qwen3-1.7b-keep4-s42,qwen3-1.7b-keep4-s42:51:5,51,484,0,0,0,28,120
qwen3-1.7b-keep4-s42,qwen3-1.7b-keep4-s42:51:6,51,369,0,0,0,27,120
qwen3-1.7b-keep4-s42,qwen3-1.7b-keep4-s42:51:7,51,431,0,0,0,31,120
qwen3-1.7b-keep4-s42,qwen3-1.7b-keep4-s42:52:0,52,415,0,0,0,3,26
qwen3-1.7b-keep4-s42,qwen3-1.7b-keep4-s42:52:1,52,440,0,0,0,5,26
qwen3-1.7b-keep4-s42,qwen3-1.7b-keep4-s42:52:2,52,401,0,0,0,5,26
qwen3-1.7b-keep4-s42,qwen3-1.7b-keep4-s42:52:3,52,361,0,0,0,10,26
qwen3-1.7b-keep4-s42,qwen3-1.7b-keep4-s42:52:4,52,409,0,0,0,5,26
qwen3-1.7b-keep4-s42,qwen3-1.7b-keep4-s42:52:5,52,375,0,0,0,2,26
qwen3-1.7b-keep4-s42,qwen3-1.7b-keep4-s42:52:6,52,32,0,0,0,4,26
qwen3-1.7b-keep4-s42,qwen3-1.7b-keep4-s42:52:7,52,393,0,0,0,6,26
qwen3-1.7b-keep4-s42,qwen3-1.7b-keep4-s42:53:7,53,467,0,0,0,29,86
qwen3-1.7b-keep4-s42,qwen3-1.7b-keep4-s42:54:2,54,432,0,0,0,3,16
qwen3-1.7b-keep4-s42,qwen3-1.7b-keep4-s42:54:4,54,582,0,0,0,1,16
qwen3-1.7b-keep4-s42,qwen3-1.7b-keep4-s42:54:5,54,444,0,0,0,4,16
qwen3-1.7b-keep4-s42,qwen3-1.7b-keep4-s42:54:6,54,543,0,0,0,4,16
qwen3-1.7b-keep4-s42,qwen3-1.7b-keep4-s42:54:7,54,444,0,0,0,0,16
qwen3-1.7b-keep4-s42,qwen3-1.7b-keep4-s42:55:0,55,496,0,0,0,9,44
qwen3-1.7b-keep4-s42,qwen3-1.7b-keep4-s42:55:1,55,470,0,0,0,7,44
qwen3-1.7b-keep4-s42,qwen3-1.7b-keep4-s42:55:2,55,336,0,0,0,6,44
qwen3-1.7b-keep4-s42,qwen3-1.7b-keep4-s42:55:3,55,433,0,0,0,3,44
qwen3-1.7b-keep4-s42,qwen3-1.7b-keep4-s42:55:4,55,427,0,0,0,6,44
qwen3-1.7b-keep4-s42,qwen3-1.7b-keep4-s42:55:5,55,533,0,0,0,12,44
qwen3-1.7b-keep4-s42,qwen3-1.7b-keep4-s42:55:6,55,503,0,0,0,4,44
qwen3-1.7b-keep4-s42,qwen3-1.7b-keep4-s42:56:0,56,460,0,0,0,11,52
qwen3-1.7b-keep4-s42,qwen3-1.7b-keep4-s42:56:1,56,596,0,0,0,9,52
qwen3-1.7b-keep4-s42,qwen3-1.7b-keep4-s42:56:2,56,574,0,0,0,10,52
qwen3-1.7b-keep4-s42,qwen3-1.7b-keep4-s42:56:3,56,0,0,0,0,8,52
qwen3-1.7b-keep4-s42,qwen3-1.7b-keep4-s42:56:4,56,621,0,0,0,5,52
qwen3-1.7b-keep4-s42,qwen3-1.7b-keep4-s42:56:5,56,442,0,0,0,8,52
qwen3-1.7b-keep4-s42,qwen3-1.7b-keep4-s42:56:6,56,602,0,0,0,7,52
qwen3-1.7b-keep4-s42,qwen3-1.7b-keep4-s42:56:7,56,67,0,0,0,28,52
qwen3-1.7b-keep4-s42,qwen3-1.7b-keep4-s42:57:4,57,416,1,0,0,0,41
qwen3-1.7b-keep4-s42,qwen3-1.7b-keep4-s42:58:0,58,389,0,0,0,9,49
qwen3-1.7b-keep4-s42,qwen3-1.7b-keep4-s42:58:1,58,0,0,0,0,10,49
qwen3-1.7b-keep4-s42,qwen3-1.7b-keep4-s42:58:2,58,389,0,0,0,9,49
qwen3-1.7b-keep4-s42,qwen3-1.7b-keep4-s42:58:4,58,389,0,0,0,11,49
qwen3-1.7b-keep4-s42,qwen3-1.7b-keep4-s42:58:6,58,293,0,0,0,8,49
qwen3-1.7b-keep4-s42,qwen3-1.7b-keep4-s42:58:7,58,404,0,0,0,9,49
qwen3-1.7b-keep4-s42,qwen3-1.7b-keep4-s42:59:0,59,381,0,0,0,50,70
qwen3-1.7b-keep4-s42,qwen3-1.7b-keep4-s42:59:1,59,395,0,0,0,34,70
qwen3-1.7b-keep4-s42,qwen3-1.7b-keep4-s42:59:2,59,357,0,0,0,35,70
qwen3-1.7b-keep4-s42,qwen3-1.7b-keep4-s42:59:3,59,342,0,0,0,41,70
qwen3-1.7b-keep4-s42,qwen3-1.7b-keep4-s42:59:4,59,326,0,0,0,30,70
qwen3-1.7b-keep4-s42,qwen3-1.7b-keep4-s42:59:7,59,416,0,0,0,22,70
qwen3-1.7b-keep4-s42,qwen3-1.7b-keep4-s42:60:0,60,423,0,0,0,15,95
qwen3-1.7b-keep4-s42,qwen3-1.7b-keep4-s42:60:1,60,363,0,0,0,10,95
qwen3-1.7b-keep4-s42,qwen3-1.7b-keep4-s42:60:2,60,404,0,0,0,11,95
qwen3-1.7b-keep4-s42,qwen3-1.7b-keep4-s42:60:4,60,424,0,0,0,8,95
qwen3-1.7b-keep4-s42,qwen3-1.7b-keep4-s42:60:6,60,459,0,0,0,15,95
qwen3-1.7b-keep4-s42,qwen3-1.7b-keep4-s42:60:7,60,367,0,0,0,10,95
qwen3-1.7b-keep4-s42,qwen3-1.7b-keep4-s42:61:0,61,318,0,0,0,21,78
qwen3-1.7b-keep4-s42,qwen3-1.7b-keep4-s42:61:1,61,0,0,0,0,32,78
qwen3-1.7b-keep4-s42,qwen3-1.7b-keep4-s42:61:2,61,435,0,0,0,9,78
qwen3-1.7b-keep4-s42,qwen3-1.7b-keep4-s42:61:4,61,412,0,0,0,13,78
qwen3-1.7b-keep4-s42,qwen3-1.7b-keep4-s42:61:6,61,457,0,0,0,35,78
qwen3-1.7b-keep4-s42,qwen3-1.7b-keep4-s42:62:0,62,384,0,0,0,12,88
qwen3-1.7b-keep4-s42,qwen3-1.7b-keep4-s42:62:1,62,248,0,0,0,11,88
qwen3-1.7b-keep4-s42,qwen3-1.7b-keep4-s42:62:7,62,323,0,0,0,24,88
qwen3-1.7b-keep4-s42,qwen3-1.7b-keep4-s42:63:1,63,479,0,0,0,11,45
qwen3-1.7b-keep4-s42,qwen3-1.7b-keep4-s42:63:2,63,513,0,0,0,11,45
qwen3-1.7b-keep4-s42,qwen3-1.7b-keep4-s42:63:3,63,3,0,0,0,14,45
qwen3-1.7b-keep4-s42,qwen3-1.7b-keep4-s42:63:4,63,513,0,0,0,14,45
qwen3-1.7b-keep4-s42,qwen3-1.7b-keep4-s42:63:5,63,416,0,0,0,8,45
qwen3-1.7b-keep4-s42,qwen3-1.7b-keep4-s42:63:6,63,24,0,0,0,12,45
qwen3-1.7b-keep4-s42,qwen3-1.7b-keep4-s42:63:7,63,14,0,0,0,8,45
qwen3-1.7b-keep4-s42,qwen3-1.7b-keep4-s42:64:0,64,333,0,0,0,0,56
qwen3-1.7b-keep4-s42,qwen3-1.7b-keep4-s42:64:1,64,234,0,0,0,8,56
qwen3-1.7b-keep4-s42,qwen3-1.7b-keep4-s42:64:2,64,445,0,0,0,3,56
qwen3-1.7b-keep4-s42,qwen3-1.7b-keep4-s42:64:3,64,323,3,0,0,4,56
qwen3-1.7b-keep4-s42,qwen3-1.7b-keep4-s42:64:4,64,309,0,0,0,0,56
qwen3-1.7b-keep4-s42,qwen3-1.7b-keep4-s42:64:5,64,195,0,0,0,0,56
qwen3-1.7b-keep4-s42,qwen3-1.7b-keep4-s42:64:6,64,347,0,0,0,4,56
qwen3-1.7b-keep4-s42,qwen3-1.7b-keep4-s42:64:7,64,335,0,0,0,0,56
qwen3-1.7b-keep4-s42,qwen3-1.7b-keep4-s42:65:0,65,5,0,0,0,28,59
qwen3-1.7b-keep4-s42,qwen3-1.7b-keep4-s42:66:1,66,532,0,0,0,12,65
qwen3-1.7b-keep4-s42,qwen3-1.7b-keep4-s42:66:2,66,458,0,0,0,21,65
qwen3-1.7b-keep4-s42,qwen3-1.7b-keep4-s42:66:3,66,432,0,0,0,7,65
qwen3-1.7b-keep4-s42,qwen3-1.7b-keep4-s42:66:4,66,450,0,0,0,12,65
qwen3-1.7b-keep4-s42,qwen3-1.7b-keep4-s42:66:6,66,502,0,0,0,16,65
qwen3-1.7b-keep4-s42,qwen3-1.7b-keep4-s42:67:0,67,442,0,0,0,4,78
qwen3-1.7b-keep4-s42,qwen3-1.7b-keep4-s42:67:1,67,489,0,0,0,0,78
qwen3-1.7b-keep4-s42,qwen3-1.7b-keep4-s42:67:2,67,380,0,0,0,1,78
qwen3-1.7b-keep4-s42,qwen3-1.7b-keep4-s42:67:3,67,317,0,0,0,6,78
qwen3-1.7b-keep4-s42,qwen3-1.7b-keep4-s42:67:4,67,386,0,0,0,4,78
qwen3-1.7b-keep4-s42,qwen3-1.7b-keep4-s42:67:5,67,376,0,0,0,6,78
qwen3-1.7b-keep4-s42,qwen3-1.7b-keep4-s42:67:6,67,352,0,0,0,3,78
qwen3-1.7b-keep4-s42,qwen3-1.7b-keep4-s42:67:7,67,366,0,0,0,9,78
qwen3-1.7b-keep4-s42,qwen3-1.7b-keep4-s42:68:0,68,542,0,0,0,19,82
qwen3-1.7b-keep4-s42,qwen3-1.7b-keep4-s42:68:1,68,471,0,0,0,21,82
qwen3-1.7b-keep4-s42,qwen3-1.7b-keep4-s42:68:2,68,451,0,0,0,31,82
qwen3-1.7b-keep4-s42,qwen3-1.7b-keep4-s42:68:3,68,418,0,0,0,25,82
qwen3-1.7b-keep4-s42,qwen3-1.7b-keep4-s42:68:4,68,456,0,0,0,24,82
qwen3-1.7b-keep4-s42,qwen3-1.7b-keep4-s42:68:5,68,116,1,0,0,35,82
qwen3-1.7b-keep4-s42,qwen3-1.7b-keep4-s42:68:6,68,517,0,0,0,19,82
qwen3-1.7b-keep4-s42,qwen3-1.7b-keep4-s42:68:7,68,464,0,0,0,26,82
qwen3-1.7b-keep4-s42,qwen3-1.7b-keep4-s42:69:7,69,409,0,0,0,26,62
qwen3-1.7b-keep4-s42,qwen3-1.7b-keep4-s42:70:0,70,310,0,0,0,10,115
qwen3-1.7b-keep4-s42,qwen3-1.7b-keep4-s42:70:1,70,1,0,0,0,14,115
qwen3-1.7b-keep4-s42,qwen3-1.7b-keep4-s42:70:2,70,373,0,0,0,10,115
qwen3-1.7b-keep4-s42,qwen3-1.7b-keep4-s42:70:3,70,310,0,0,0,14,115
qwen3-1.7b-keep4-s42,qwen3-1.7b-keep4-s42:70:4,70,364,0,0,0,14,115
qwen3-1.7b-keep4-s42,qwen3-1.7b-keep4-s42:70:5,70,396,0,0,0,13,115
qwen3-1.7b-keep4-s42,qwen3-1.7b-keep4-s42:70:6,70,318,0,0,0,15,115
qwen3-1.7b-keep4-s42,qwen3-1.7b-keep4-s42:70:7,70,346,0,0,0,13,115
qwen3-1.7b-keep4-s42,qwen3-1.7b-keep4-s42:71:3,71,546,0,0,0,9,24
qwen3-1.7b-keep4-s42,qwen3-1.7b-keep4-s42:71:4,71,0,0,0,0,9,24
qwen3-1.7b-keep4-s42,qwen3-1.7b-keep4-s42:72:1,72,301,0,0,0,34,74
qwen3-1.7b-keep4-s42,qwen3-1.7b-keep4-s42:72:2,72,395,0,0,0,34,74
qwen3-1.7b-keep4-s42,qwen3-1.7b-keep4-s42:73:0,73,401,0,0,0,11,38
qwen3-1.7b-keep4-s42,qwen3-1.7b-keep4-s42:73:1,73,527,0,0,0,7,38
qwen3-1.7b-keep4-s42,qwen3-1.7b-keep4-s42:73:2,73,526,0,0,0,6,38
qwen3-1.7b-keep4-s42,qwen3-1.7b-keep4-s42:73:3,73,469,0,0,0,10,38
qwen3-1.7b-keep4-s42,qwen3-1.7b-keep4-s42:73:4,73,478,0,0,0,9,38
qwen3-1.7b-keep4-s42,qwen3-1.7b-keep4-s42:73:5,73,446,0,0,0,15,38
qwen3-1.7b-keep4-s42,qwen3-1.7b-keep4-s42:73:6,73,495,0,0,0,9,38
qwen3-1.7b-keep4-s42,qwen3-1.7b-keep4-s42:73:7,73,515,0,0,0,11,38
qwen3-1.7b-keep4-s42,qwen3-1.7b-keep4-s42:74:0,74,8,0,0,0,18,45
qwen3-1.7b-keep4-s42,qwen3-1.7b-keep4-s42:75:0,75,533,0,0,0,3,59
qwen3-1.7b-keep4-s42,qwen3-1.7b-keep4-s42:75:1,75,387,0,0,0,11,59
qwen3-1.7b-keep4-s42,qwen3-1.7b-keep4-s42:75:2,75,479,0,0,0,16,59
qwen3-1.7b-keep4-s42,qwen3-1.7b-keep4-s42:75:3,75,363,0,0,0,9,59
qwen3-1.7b-keep4-s42,qwen3-1.7b-keep4-s42:75:4,75,472,0,0,0,6,59
qwen3-1.7b-keep4-s42,qwen3-1.7b-keep4-s42:75:5,75,463,0,0,0,6,59
qwen3-1.7b-keep4-s42,qwen3-1.7b-keep4-s42:75:6,75,544,0,0,0,13,59
qwen3-1.7b-keep4-s42,qwen3-1.7b-keep4-s42:75:7,75,203,0,0,0,13,59
qwen3-1.7b-keep4-s42,qwen3-1.7b-keep4-s42:76:0,76,318,0,0,0,3,39
qwen3-1.7b-keep4-s42,qwen3-1.7b-keep4-s42:76:1,76,361,0,0,0,2,39
qwen3-1.7b-keep4-s42,qwen3-1.7b-keep4-s42:76:2,76,339,0,0,0,2,39
qwen3-1.7b-keep4-s42,qwen3-1.7b-keep4-s42:76:3,76,272,0,0,0,4,39
qwen3-1.7b-keep4-s42,qwen3-1.7b-keep4-s42:76:4,76,348,0,0,0,1,39
qwen3-1.7b-keep4-s42,qwen3-1.7b-keep4-s42:76:5,76,302,0,0,0,2,39
qwen3-1.7b-keep4-s42,qwen3-1.7b-keep4-s42:76:6,76,272,0,0,0,3,39
qwen3-1.7b-keep4-s42,qwen3-1.7b-keep4-s42:76:7,76,266,0,0,0,4,39
qwen3-1.7b-keep4-s42,qwen3-1.7b-keep4-s42:77:1,77,253,0,0,0,1,55
qwen3-1.7b-keep4-s42,qwen3-1.7b-keep4-s42:77:2,77,237,0,0,0,1,55
qwen3-1.7b-keep4-s42,qwen3-1.7b-keep4-s42:77:3,77,325,0,0,0,0,55
qwen3-1.7b-keep4-s42,qwen3-1.7b-keep4-s42:77:4,77,302,0,0,0,0,55
qwen3-1.7b-keep4-s42,qwen3-1.7b-keep4-s42:77:5,77,312,0,0,0,0,55
qwen3-1.7b-keep4-s42,qwen3-1.7b-keep4-s42:77:7,77,269,0,0,0,1,55
qwen3-1.7b-keep4-s42,qwen3-1.7b-keep4-s42:78:0,78,439,0,0,0,0,77
qwen3-1.7b-keep4-s42,qwen3-1.7b-keep4-s42:78:1,78,0,0,0,0,32,77
qwen3-1.7b-keep4-s42,qwen3-1.7b-keep4-s42:78:3,78,431,0,0,0,2,77
qwen3-1.7b-keep4-s42,qwen3-1.7b-keep4-s42:78:4,78,388,0,0,0,23,77
qwen3-1.7b-keep4-s42,qwen3-1.7b-keep4-s42:78:5,78,380,0,0,0,19,77
qwen3-1.7b-keep4-s42,qwen3-1.7b-keep4-s42:78:6,78,396,0,0,0,30,77
qwen3-1.7b-keep4-s42,qwen3-1.7b-keep4-s42:80:0,80,0,0,0,0,6,24
qwen3-1.7b-keep4-s42,qwen3-1.7b-keep4-s42:80:2,80,242,0,0,0,7,24
qwen3-1.7b-keep4-s42,qwen3-1.7b-keep4-s42:80:3,80,296,0,0,0,0,24
qwen3-1.7b-keep4-s42,qwen3-1.7b-keep4-s42:80:4,80,497,0,0,0,3,24
qwen3-1.7b-keep4-s42,qwen3-1.7b-keep4-s42:80:5,80,535,0,0,0,1,24
qwen3-1.7b-keep4-s42,qwen3-1.7b-keep4-s42:80:6,80,6,0,0,0,2,24
qwen3-1.7b-keep4-s42,qwen3-1.7b-keep4-s42:81:0,81,366,0,0,0,3,110
qwen3-1.7b-keep4-s42,qwen3-1.7b-keep4-s42:81:1,81,338,0,0,0,7,110
qwen3-1.7b-keep4-s42,qwen3-1.7b-keep4-s42:81:2,81,376,0,0,0,5,110
qwen3-1.7b-keep4-s42,qwen3-1.7b-keep4-s42:81:3,81,433,0,0,0,8,110
qwen3-1.7b-keep4-s42,qwen3-1.7b-keep4-s42:81:4,81,402,0,0,0,15,110
qwen3-1.7b-keep4-s42,qwen3-1.7b-keep4-s42:81:5,81,363,0,0,0,19,110
qwen3-1.7b-keep4-s42,qwen3-1.7b-keep4-s42:81:6,81,387,0,0,0,10,110
qwen3-1.7b-keep4-s42,qwen3-1.7b-keep4-s42:81:7,81,338,0,0,0,15,110
qwen3-1.7b-keep4-s42,qwen3-1.7b-keep4-s42:82:0,82,490,0,0,0,13,56
qwen3-1.7b-keep4-s42,qwen3-1.7b-keep4-s42:82:1,82,391,0,0,0,20,56
qwen3-1.7b-keep4-s42,qwen3-1.7b-keep4-s42:82:2,82,470,0,0,0,12,56
qwen3-1.7b-keep4-s42,qwen3-1.7b-keep4-s42:82:5,82,499,0,0,0,12,56
qwen3-1.7b-keep4-s42,qwen3-1.7b-keep4-s42:82:7,82,362,0,0,0,14,56
qwen3-1.7b-keep4-s42,qwen3-1.7b-keep4-s42:83:1,83,390,0,0,0,9,91
qwen3-1.7b-keep4-s42,qwen3-1.7b-keep4-s42:83:2,83,448,0,0,0,4,91
qwen3-1.7b-keep4-s42,qwen3-1.7b-keep4-s42:83:3,83,373,0,0,0,7,91
qwen3-1.7b-keep4-s42,qwen3-1.7b-keep4-s42:83:4,83,302,0,0,0,0,91
qwen3-1.7b-keep4-s42,qwen3-1.7b-keep4-s42:83:5,83,464,0,0,0,6,91
qwen3-1.7b-keep4-s42,qwen3-1.7b-keep4-s42:83:6,83,445,0,0,0,12,91
qwen3-1.7b-keep4-s42,qwen3-1.7b-keep4-s42:83:7,83,274,0,0,0,9,91
qwen3-1.7b-keep4-s42,qwen3-1.7b-keep4-s42:84:1,84,411,0,0,0,6,79
qwen3-1.7b-keep4-s42,qwen3-1.7b-keep4-s42:84:2,84,376,0,0,0,9,79
qwen3-1.7b-keep4-s42,qwen3-1.7b-keep4-s42:84:3,84,281,0,0,0,10,79
qwen3-1.7b-keep4-s42,qwen3-1.7b-keep4-s42:84:4,84,392,0,0,0,5,79
qwen3-1.7b-keep4-s42,qwen3-1.7b-keep4-s42:84:5,84,322,0,0,0,6,79
qwen3-1.7b-keep4-s42,qwen3-1.7b-keep4-s42:84:6,84,352,0,0,0,9,79
qwen3-1.7b-keep4-s42,qwen3-1.7b-keep4-s42:84:7,84,435,0,0,0,8,79
qwen3-1.7b-keep4-s42,qwen3-1.7b-keep4-s42:85:0,85,267,0,0,0,7,61
qwen3-1.7b-keep4-s42,qwen3-1.7b-keep4-s42:85:1,85,441,0,0,0,7,61
qwen3-1.7b-keep4-s42,qwen3-1.7b-keep4-s42:85:2,85,409,0,0,0,2,61
qwen3-1.7b-keep4-s42,qwen3-1.7b-keep4-s42:85:3,85,420,0,0,0,6,61
qwen3-1.7b-keep4-s42,qwen3-1.7b-keep4-s42:85:4,85,461,0,0,0,5,61
qwen3-1.7b-keep4-s42,qwen3-1.7b-keep4-s42:85:5,85,479,0,0,0,5,61
qwen3-1.7b-keep4-s42,qwen3-1.7b-keep4-s42:85:6,85,407,0,0,0,9,61
qwen3-1.7b-keep4-s42,qwen3-1.7b-keep4-s42:85:7,85,307,0,0,0,6,61
qwen3-1.7b-keep4-s42,qwen3-1.7b-keep4-s42:86:0,86,477,0,0,0,16,45
qwen3-1.7b-keep4-s42,qwen3-1.7b-keep4-s42:86:1,86,298,0,0,0,17,45
qwen3-1.7b-keep4-s42,qwen3-1.7b-keep4-s42:86:3,86,412,0,0,0,19,45
qwen3-1.7b-keep4-s42,qwen3-1.7b-keep4-s42:86:4,86,436,0,0,0,15,45
qwen3-1.7b-keep4-s42,qwen3-1.7b-keep4-s42:86:5,86,467,0,0,0,18,45
qwen3-1.7b-keep4-s42,qwen3-1.7b-keep4-s42:86:6,86,489,0,0,0,20,45
qwen3-1.7b-keep4-s42,qwen3-1.7b-keep4-s42:86:7,86,541,0,0,0,2,45
qwen3-1.7b-keep4-s42,qwen3-1.7b-keep4-s42:87:0,87,367,0,0,0,2,43
qwen3-1.7b-keep4-s42,qwen3-1.7b-keep4-s42:87:1,87,577,0,0,0,1,43
qwen3-1.7b-keep4-s42,qwen3-1.7b-keep4-s42:87:2,87,507,0,0,0,1,43
qwen3-1.7b-keep4-s42,qwen3-1.7b-keep4-s42:87:3,87,408,0,0,0,3,43
qwen3-1.7b-keep4-s42,qwen3-1.7b-keep4-s42:87:4,87,486,0,0,0,5,43
qwen3-1.7b-keep4-s42,qwen3-1.7b-keep4-s42:87:5,87,350,0,0,0,5,43
qwen3-1.7b-keep4-s42,qwen3-1.7b-keep4-s42:87:6,87,392,0,0,0,1,43
qwen3-1.7b-keep4-s42,qwen3-1.7b-keep4-s42:87:7,87,509,0,0,0,3,43
qwen3-1.7b-keep4-s42,qwen3-1.7b-keep4-s42:89:1,89,336,0,0,0,23,74
qwen3-1.7b-keep4-s42,qwen3-1.7b-keep4-s42:92:7,92,583,0,0,0,10,41
qwen3-1.7b-keep4-s42,qwen3-1.7b-keep4-s42:93:0,93,543,0,0,0,13,47
qwen3-1.7b-keep4-s42,qwen3-1.7b-keep4-s42:93:1,93,483,0,0,0,15,47
qwen3-1.7b-keep4-s42,qwen3-1.7b-keep4-s42:93:3,93,576,0,0,0,12,47
qwen3-1.7b-keep4-s42,qwen3-1.7b-keep4-s42:93:4,93,561,0,0,0,11,47
qwen3-1.7b-keep4-s42,qwen3-1.7b-keep4-s42:93:5,93,494,0,0,0,12,47
qwen3-1.7b-keep4-s42,qwen3-1.7b-keep4-s42:93:6,93,451,0,0,0,5,47
qwen3-1.7b-keep4-s42,qwen3-1.7b-keep4-s42:93:7,93,576,0,0,0,17,47
qwen3-1.7b-keep4-s42,qwen3-1.7b-keep4-s42:94:0,94,333,0,0,0,4,55
qwen3-1.7b-keep4-s42,qwen3-1.7b-keep4-s42:94:1,94,435,0,0,0,6,55
qwen3-1.7b-keep4-s42,qwen3-1.7b-keep4-s42:94:2,94,335,0,0,0,6,55
qwen3-1.7b-keep4-s42,qwen3-1.7b-keep4-s42:94:3,94,362,0,0,0,1,55
qwen3-1.7b-keep4-s42,qwen3-1.7b-keep4-s42:94:4,94,398,38,0,0,4,55
qwen3-1.7b-keep4-s42,qwen3-1.7b-keep4-s42:94:5,94,193,0,0,0,4,55
qwen3-1.7b-keep4-s42,qwen3-1.7b-keep4-s42:94:6,94,256,0,0,0,4,55
qwen3-1.7b-keep4-s42,qwen3-1.7b-keep4-s42:94:7,94,332,0,0,0,3,55
qwen3-1.7b-keep4-s42,qwen3-1.7b-keep4-s42:95:0,95,572,0,0,0,10,51
qwen3-1.7b-keep4-s42,qwen3-1.7b-keep4-s42:95:1,95,406,0,0,0,7,51
qwen3-1.7b-keep4-s42,qwen3-1.7b-keep4-s42:95:3,95,19,0,0,0,8,51
qwen3-1.7b-keep4-s42,qwen3-1.7b-keep4-s42:95:4,95,535,0,0,0,8,51
qwen3-1.7b-keep4-s42,qwen3-1.7b-keep4-s42:95:6,95,564,0,0,0,5,51
qwen3-1.7b-keep4-s42,qwen3-1.7b-keep4-s42:96:5,96,390,0,0,0,18,40
qwen3-1.7b-keep4-s42,qwen3-1.7b-keep4-s42:96:7,96,383,0,0,0,15,40
qwen3-1.7b-keep4-s42,qwen3-1.7b-keep4-s42:97:3,97,4,0,0,0,7,33
qwen3-1.7b-keep4-s42,qwen3-1.7b-keep4-s42:97:4,97,1,0,0,0,8,33
qwen3-1.7b-keep4-s42,qwen3-1.7b-keep4-s42:97:7,97,394,0,0,0,8,33
qwen3-1.7b-keep4-s42,qwen3-1.7b-keep4-s42:98:2,98,0,0,0,0,27,78
qwen3-1.7b-keep4-s42,qwen3-1.7b-keep4-s42:99:1,99,359,0,0,0,3,14
qwen3-1.7b-keep4-s42,qwen3-1.7b-keep4-s42:99:3,99,370,0,0,0,2,14
qwen3-1.7b-keep4-s42,qwen3-1.7b-keep4-s42:100:1,100,17,0,0,0,12,62
qwen3-1.7b-keep4-s42,qwen3-1.7b-keep4-s42:100:5,100,464,0,0,0,12,62
qwen3-1.7b-keep4-s42,qwen3-1.7b-keep4-s42:100:6,100,486,0,0,0,8,62
qwen3-1.7b-keep4-s42,qwen3-1.7b-keep4-s42:100:7,100,512,0,0,0,5,62
qwen3-1.7b-keep4-s42,qwen3-1.7b-keep4-s42:101:0,101,249,0,0,0,20,46
qwen3-1.7b-keep4-s42,qwen3-1.7b-keep4-s42:101:1,101,345,0,0,0,20,46
qwen3-1.7b-keep4-s42,qwen3-1.7b-keep4-s42:101:2,101,310,0,0,0,20,46
qwen3-1.7b-keep4-s42,qwen3-1.7b-keep4-s42:101:3,101,253,0,0,0,21,46
qwen3-1.7b-keep4-s42,qwen3-1.7b-keep4-s42:101:4,101,346,0,0,0,16,46
qwen3-1.7b-keep4-s42,qwen3-1.7b-keep4-s42:101:5,101,419,0,0,0,14,46
qwen3-1.7b-keep4-s42,qwen3-1.7b-keep4-s42:101:6,101,317,0,0,0,20,46
qwen3-1.7b-keep4-s42,qwen3-1.7b-keep4-s42:101:7,101,278,0,0,0,28,46
qwen3-1.7b-keep4-s42,qwen3-1.7b-keep4-s42:102:0,102,330,0,0,0,14,68
qwen3-1.7b-keep4-s42,qwen3-1.7b-keep4-s42:102:1,102,338,0,0,0,22,68
qwen3-1.7b-keep4-s42,qwen3-1.7b-keep4-s42:102:2,102,57,0,0,0,10,68
qwen3-1.7b-keep4-s42,qwen3-1.7b-keep4-s42:102:3,102,355,0,0,0,18,68
qwen3-1.7b-keep4-s42,qwen3-1.7b-keep4-s42:102:5,102,646,0,0,0,6,68
qwen3-1.7b-keep4-s42,qwen3-1.7b-keep4-s42:102:7,102,332,0,0,0,5,68
qwen3-1.7b-keep4-s42,qwen3-1.7b-keep4-s42:103:0,103,429,0,0,0,21,47
qwen3-1.7b-keep4-s42,qwen3-1.7b-keep4-s42:103:1,103,525,0,0,0,12,47
qwen3-1.7b-keep4-s42,qwen3-1.7b-keep4-s42:103:3,103,394,0,0,0,19,47
qwen3-1.7b-keep4-s42,qwen3-1.7b-keep4-s42:103:4,103,479,0,0,0,14,47
qwen3-1.7b-keep4-s42,qwen3-1.7b-keep4-s42:103:5,103,382,13,1,2,14,47
qwen3-1.7b-keep4-s42,qwen3-1.7b-keep4-s42:103:6,103,463,1,0,0,15,47
qwen3-1.7b-keep4-s42,qwen3-1.7b-keep4-s42:103:7,103,426,0,0,0,24,47
qwen3-1.7b-keep4-s42,qwen3-1.7b-keep4-s42:105:0,105,574,0,0,0,12,37
qwen3-1.7b-keep4-s42,qwen3-1.7b-keep4-s42:105:1,105,538,0,0,0,10,37
qwen3-1.7b-keep4-s42,qwen3-1.7b-keep4-s42:105:2,105,550,0,0,0,19,37
qwen3-1.7b-keep4-s42,qwen3-1.7b-keep4-s42:105:3,105,546,0,0,0,13,37
qwen3-1.7b-keep4-s42,qwen3-1.7b-keep4-s42:105:4,105,502,0,0,0,11,37
qwen3-1.7b-keep4-s42,qwen3-1.7b-keep4-s42:105:5,105,520,0,0,0,11,37
qwen3-1.7b-keep4-s42,qwen3-1.7b-keep4-s42:105:6,105,462,0,0,0,6,37
qwen3-1.7b-keep4-s42,qwen3-1.7b-keep4-s42:105:7,105,532,0,0,0,11,37
qwen3-1.7b-keep4-s42,qwen3-1.7b-keep4-s42:106:0,106,458,0,0,0,10,31
qwen3-1.7b-keep4-s42,qwen3-1.7b-keep4-s42:106:1,106,565,0,0,0,10,31
qwen3-1.7b-keep4-s42,qwen3-1.7b-keep4-s42:106:2,106,473,0,0,0,11,31
qwen3-1.7b-keep4-s42,qwen3-1.7b-keep4-s42:106:3,106,578,0,0,0,9,31
qwen3-1.7b-keep4-s42,qwen3-1.7b-keep4-s42:106:4,106,547,0,0,0,11,31
qwen3-1.7b-keep4-s42,qwen3-1.7b-keep4-s42:106:5,106,511,0,0,0,12,31
qwen3-1.7b-keep4-s42,qwen3-1.7b-keep4-s42:106:6,106,544,0,0,0,6,31
qwen3-1.7b-keep4-s42,qwen3-1.7b-keep4-s42:106:7,106,477,0,0,0,13,31
qwen3-1.7b-keep4-s42,qwen3-1.7b-keep4-s42:107:2,107,529,0,0,0,9,30
qwen3-1.7b-keep4-s42,qwen3-1.7b-keep4-s42:107:3,107,472,0,0,0,13,30
qwen3-1.7b-keep4-s42,qwen3-1.7b-keep4-s42:107:5,107,559,0,0,0,8,30
qwen3-1.7b-keep4-s42,qwen3-1.7b-keep4-s42:107:7,107,431,0,0,0,9,30
qwen3-1.7b-keep4-s42,qwen3-1.7b-keep4-s42:108:1,108,520,0,0,0,44,89
qwen3-1.7b-keep4-s42,qwen3-1.7b-keep4-s42:108:3,108,478,0,0,0,29,89
qwen3-1.7b-keep4-s42,qwen3-1.7b-keep4-s42:108:5,108,496,0,0,0,25,89
qwen3-1.7b-keep4-s42,qwen3-1.7b-keep4-s42:109:0,109,542,0,0,0,7,81
qwen3-1.7b-keep4-s42,qwen3-1.7b-keep4-s42:109:3,109,0,0,0,0,44,81
qwen3-1.7b-keep4-s42,qwen3-1.7b-keep4-s42:109:7,109,396,0,0,0,11,81
qwen3-1.7b-keep4-s42,qwen3-1.7b-keep4-s42:110:1,110,458,0,0,0,41,87
qwen3-1.7b-keep4-s42,qwen3-1.7b-keep4-s42:110:4,110,385,0,0,0,35,87
qwen3-1.7b-keep4-s42,qwen3-1.7b-keep4-s42:110:7,110,413,0,0,0,31,87
qwen3-1.7b-keep4-s42,qwen3-1.7b-keep4-s42:112:0,112,317,0,0,0,17,36
qwen3-1.7b-keep4-s42,qwen3-1.7b-keep4-s42:112:1,112,378,0,0,0,11,36
qwen3-1.7b-keep4-s42,qwen3-1.7b-keep4-s42:112:2,112,385,0,0,0,5,36
qwen3-1.7b-keep4-s42,qwen3-1.7b-keep4-s42:112:3,112,367,0,0,0,16,36
qwen3-1.7b-keep4-s42,qwen3-1.7b-keep4-s42:112:4,112,337,0,0,0,18,36
qwen3-1.7b-keep4-s42,qwen3-1.7b-keep4-s42:112:5,112,414,0,0,0,15,36
qwen3-1.7b-keep4-s42,qwen3-1.7b-keep4-s42:112:6,112,350,0,0,0,8,36
qwen3-1.7b-keep4-s42,qwen3-1.7b-keep4-s42:112:7,112,8,0,0,0,19,36
qwen3-1.7b-keep4-s42,qwen3-1.7b-keep4-s42:113:0,113,498,0,0,0,5,9
qwen3-1.7b-keep4-s42,qwen3-1.7b-keep4-s42:113:1,113,405,0,0,0,5,9
qwen3-1.7b-keep4-s42,qwen3-1.7b-keep4-s42:113:2,113,625,0,0,0,4,9
qwen3-1.7b-keep4-s42,qwen3-1.7b-keep4-s42:113:3,113,476,0,0,0,3,9
qwen3-1.7b-keep4-s42,qwen3-1.7b-keep4-s42:113:5,113,430,0,0,0,1,9
qwen3-1.7b-keep4-s42,qwen3-1.7b-keep4-s42:113:6,113,529,0,0,0,5,9
qwen3-1.7b-keep4-s42,qwen3-1.7b-keep4-s42:113:7,113,581,0,0,0,6,9
qwen3-1.7b-keep4-s42,qwen3-1.7b-keep4-s42:114:2,114,1,0,0,0,1,13
qwen3-1.7b-keep4-s42,qwen3-1.7b-keep4-s42:114:3,114,0,0,0,0,0,13
qwen3-1.7b-keep4-s42,qwen3-1.7b-keep4-s42:114:4,114,469,0,0,0,0,13
qwen3-1.7b-keep4-s42,qwen3-1.7b-keep4-s42:114:5,114,1,0,0,0,2,13
qwen3-1.7b-keep4-s42,qwen3-1.7b-keep4-s42:114:6,114,388,0,0,0,1,13
qwen3-1.7b-keep4-s42,qwen3-1.7b-keep4-s42:116:0,116,236,0,0,0,9,32
qwen3-1.7b-keep4-s42,qwen3-1.7b-keep4-s42:116:1,116,349,0,0,0,5,32
qwen3-1.7b-keep4-s42,qwen3-1.7b-keep4-s42:116:2,116,297,0,0,0,8,32
qwen3-1.7b-keep4-s42,qwen3-1.7b-keep4-s42:116:3,116,281,0,0,0,8,32
qwen3-1.7b-keep4-s42,qwen3-1.7b-keep4-s42:116:5,116,334,0,0,0,6,32
qwen3-1.7b-keep4-s42,qwen3-1.7b-keep4-s42:116:6,116,316,0,0,0,7,32
qwen3-1.7b-keep4-s42,qwen3-1.7b-keep4-s42:116:7,116,282,0,0,0,8,32
qwen3-1.7b-keep4-s42,qwen3-1.7b-keep4-s42:117:0,117,96,0,0,0,4,41
qwen3-1.7b-keep4-s42,qwen3-1.7b-keep4-s42:117:2,117,441,0,0,0,5,41
qwen3-1.7b-keep4-s42,qwen3-1.7b-keep4-s42:117:6,117,430,0,0,0,1,41
qwen3-1.7b-keep4-s42,qwen3-1.7b-keep4-s42:117:7,117,78,0,0,0,5,41
qwen3-1.7b-keep4-s42,qwen3-1.7b-keep4-s42:118:0,118,658,0,0,0,5,60
qwen3-1.7b-keep4-s42,qwen3-1.7b-keep4-s42:118:1,118,530,0,0,0,10,60
qwen3-1.7b-keep4-s42,qwen3-1.7b-keep4-s42:118:2,118,547,0,0,0,11,60
qwen3-1.7b-keep4-s42,qwen3-1.7b-keep4-s42:118:3,118,484,0,0,0,2,60
qwen3-1.7b-keep4-s42,qwen3-1.7b-keep4-s42:118:4,118,574,0,0,0,0,60
qwen3-1.7b-keep4-s42,qwen3-1.7b-keep4-s42:118:5,118,556,0,0,0,9,60
qwen3-1.7b-keep4-s42,qwen3-1.7b-keep4-s42:118:6,118,539,0,0,0,3,60
qwen3-1.7b-keep4-s42,qwen3-1.7b-keep4-s42:118:7,118,523,0,0,0,14,60
qwen3-1.7b-keep4-s42,qwen3-1.7b-keep4-s42:119:0,119,435,0,0,0,11,86
qwen3-1.7b-keep4-s42,qwen3-1.7b-keep4-s42:119:1,119,3,0,0,0,15,86
qwen3-1.7b-keep4-s42,qwen3-1.7b-keep4-s42:119:2,119,497,0,0,0,6,86
qwen3-1.7b-keep4-s42,qwen3-1.7b-keep4-s42:119:4,119,497,0,0,0,6,86
qwen3-1.7b-keep4-s42,qwen3-1.7b-keep4-s42:119:5,119,513,0,0,0,16,86
qwen3-1.7b-keep4-s42,qwen3-1.7b-keep4-s42:119:6,119,382,0,0,0,16,86
qwen3-1.7b-keep4-s42,qwen3-1.7b-keep4-s42:119:7,119,0,0,0,0,15,86
qwen3-1.7b-keep4-s42,qwen3-1.7b-keep4-s42:121:0,121,412,0,0,0,11,65
qwen3-1.7b-keep4-s42,qwen3-1.7b-keep4-s42:121:1,121,463,0,0,0,14,65
qwen3-1.7b-keep4-s42,qwen3-1.7b-keep4-s42:121:2,121,379,0,0,0,16,65
qwen3-1.7b-keep4-s42,qwen3-1.7b-keep4-s42:121:3,121,467,0,0,0,18,65
qwen3-1.7b-keep4-s42,qwen3-1.7b-keep4-s42:121:4,121,412,0,0,0,18,65
qwen3-1.7b-keep4-s42,qwen3-1.7b-keep4-s42:121:5,121,364,0,0,0,16,65
qwen3-1.7b-keep4-s42,qwen3-1.7b-keep4-s42:121:6,121,426,0,0,0,10,65
qwen3-1.7b-keep4-s42,qwen3-1.7b-keep4-s42:121:7,121,413,0,0,0,10,65
qwen3-1.7b-keep4-s42,qwen3-1.7b-keep4-s42:122:1,122,356,0,0,0,41,84
qwen3-1.7b-keep4-s42,qwen3-1.7b-keep4-s42:122:2,122,483,0,0,0,37,84
qwen3-1.7b-keep4-s42,qwen3-1.7b-keep4-s42:122:3,122,464,0,0,0,43,84
qwen3-1.7b-keep4-s42,qwen3-1.7b-keep4-s42:122:4,122,412,0,0,0,48,84
qwen3-1.7b-keep4-s42,qwen3-1.7b-keep4-s42:122:5,122,409,0,0,0,40,84
qwen3-1.7b-keep4-s42,qwen3-1.7b-keep4-s42:122:6,122,516,0,0,0,28,84
qwen3-1.7b-keep4-s42,qwen3-1.7b-keep4-s42:122:7,122,471,0,0,0,36,84
qwen3-1.7b-keep4-s42,qwen3-1.7b-keep4-s42:123:0,123,212,0,0,0,21,112
qwen3-1.7b-keep4-s42,qwen3-1.7b-keep4-s42:123:2,123,27,0,0,0,22,112
qwen3-1.7b-keep4-s42,qwen3-1.7b-keep4-s42:123:4,123,199,0,0,0,19,112
qwen3-1.7b-keep4-s42,qwen3-1.7b-keep4-s42:123:5,123,236,0,0,0,4,112
qwen3-1.7b-keep4-s42,qwen3-1.7b-keep4-s42:123:7,123,234,0,0,0,25,112
qwen3-1.7b-keep4-s42,qwen3-1.7b-keep4-s42:124:0,124,434,0,0,0,7,26
qwen3-1.7b-keep4-s42,qwen3-1.7b-keep4-s42:124:1,124,433,0,0,0,5,26
qwen3-1.7b-keep4-s42,qwen3-1.7b-keep4-s42:124:2,124,0,0,0,0,10,26
qwen3-1.7b-keep4-s42,qwen3-1.7b-keep4-s42:124:3,124,532,0,0,0,8,26
qwen3-1.7b-keep4-s42,qwen3-1.7b-keep4-s42:125:0,125,420,0,0,0,1,32
qwen3-1.7b-keep4-s42,qwen3-1.7b-keep4-s42:125:1,125,375,0,0,0,25,32
qwen3-1.7b-keep4-s42,qwen3-1.7b-keep4-s42:125:2,125,487,0,0,0,17,32
qwen3-1.7b-keep4-s42,qwen3-1.7b-keep4-s42:125:7,125,500,0,0,0,4,32
qwen3-1.7b-keep4-s42,qwen3-1.7b-keep4-s42:126:0,126,0,0,0,0,19,65
qwen3-1.7b-keep4-s42,qwen3-1.7b-keep4-s42:126:3,126,380,0,0,0,18,65
qwen3-1.7b-keep4-s42,qwen3-1.7b-keep4-s42:126:4,126,293,0,0,0,17,65
qwen3-1.7b-keep4-s42,qwen3-1.7b-keep4-s42:126:5,126,394,0,0,0,17,65
qwen3-1.7b-keep4-s42,qwen3-1.7b-keep4-s42:126:7,126,403,0,0,0,20,65
qwen3-1.7b-keep4-s42,qwen3-1.7b-keep4-s42:127:0,127,368,0,0,0,16,93
qwen3-1.7b-keep4-s42,qwen3-1.7b-keep4-s42:127:1,127,364,0,0,0,15,93
qwen3-1.7b-keep4-s42,qwen3-1.7b-keep4-s42:127:2,127,381,0,0,0,17,93
qwen3-1.7b-keep4-s42,qwen3-1.7b-keep4-s42:127:3,127,349,0,0,0,25,93
qwen3-1.7b-keep4-s42,qwen3-1.7b-keep4-s42:127:4,127,491,0,0,0,29,93
qwen3-1.7b-keep4-s42,qwen3-1.7b-keep4-s42:127:6,127,481,0,0,0,16,93
qwen3-1.7b-keep4-s42,qwen3-1.7b-keep4-s42:127:7,127,417,0,0,0,23,93
qwen3-1.7b-keep4-s42,qwen3-1.7b-keep4-s42:128:2,128,313,0,0,0,6,50
qwen3-1.7b-keep4-s42,qwen3-1.7b-keep4-s42:128:4,128,1,0,0,0,13,50
qwen3-1.7b-keep4-s42,qwen3-1.7b-keep4-s42:128:6,128,0,0,0,0,14,50
qwen3-1.7b-keep4-s42,qwen3-1.7b-keep4-s42:129:1,129,392,0,0,0,22,35
qwen3-1.7b-keep4-s42,qwen3-1.7b-keep4-s42:129:6,129,459,0,0,0,19,35
qwen3-1.7b-keep4-s42,qwen3-1.7b-keep4-s42:129:7,129,491,0,0,0,20,35
qwen3-1.7b-keep4-s42,qwen3-1.7b-keep4-s42:130:0,130,304,0,0,0,19,125
qwen3-1.7b-keep4-s42,qwen3-1.7b-keep4-s42:130:1,130,393,0,0,0,30,125
qwen3-1.7b-keep4-s42,qwen3-1.7b-keep4-s42:130:2,130,314,0,0,0,10,125
qwen3-1.7b-keep4-s42,qwen3-1.7b-keep4-s42:130:3,130,150,0,0,0,29,125
qwen3-1.7b-keep4-s42,qwen3-1.7b-keep4-s42:130:4,130,163,0,0,0,52,125
qwen3-1.7b-keep4-s42,qwen3-1.7b-keep4-s42:130:5,130,263,0,0,0,49,125
qwen3-1.7b-keep4-s42,qwen3-1.7b-keep4-s42:130:7,130,213,0,0,0,23,125
qwen3-1.7b-keep4-s42,qwen3-1.7b-keep4-s42:131:6,131,458,0,0,0,29,55
qwen3-1.7b-keep4-s42,qwen3-1.7b-keep4-s42:131:7,131,483,0,0,0,29,55
qwen3-1.7b-keep4-s42,qwen3-1.7b-keep4-s42:132:0,132,482,0,0,0,8,53
qwen3-1.7b-keep4-s42,qwen3-1.7b-keep4-s42:132:1,132,416,0,0,0,10,53
qwen3-1.7b-keep4-s42,qwen3-1.7b-keep4-s42:132:2,132,422,0,0,0,8,53
qwen3-1.7b-keep4-s42,qwen3-1.7b-keep4-s42:132:3,132,511,0,0,0,1,53
qwen3-1.7b-keep4-s42,qwen3-1.7b-keep4-s42:132:4,132,423,0,0,0,7,53
qwen3-1.7b-keep4-s42,qwen3-1.7b-keep4-s42:132:5,132,437,0,0,0,4,53
qwen3-1.7b-keep4-s42,qwen3-1.7b-keep4-s42:132:6,132,421,0,0,0,7,53
qwen3-1.7b-keep4-s42,qwen3-1.7b-keep4-s42:132:7,132,367,0,0,0,3,53
qwen3-1.7b-keep4-s42,qwen3-1.7b-keep4-s42:133:0,133,2,0,0,0,5,23
qwen3-1.7b-keep4-s42,qwen3-1.7b-keep4-s42:133:2,133,508,0,0,0,4,23
qwen3-1.7b-keep4-s42,qwen3-1.7b-keep4-s42:133:3,133,506,0,0,0,4,23
qwen3-1.7b-keep4-s42,qwen3-1.7b-keep4-s42:133:7,133,491,0,0,0,3,23
qwen3-1.7b-keep4-s42,qwen3-1.7b-keep4-s42:134:0,134,320,0,0,0,10,64
qwen3-1.7b-keep4-s42,qwen3-1.7b-keep4-s42:134:1,134,385,0,0,0,13,64
qwen3-1.7b-keep4-s42,qwen3-1.7b-keep4-s42:134:2,134,407,0,0,0,8,64
qwen3-1.7b-keep4-s42,qwen3-1.7b-keep4-s42:134:3,134,378,0,0,0,12,64
qwen3-1.7b-keep4-s42,qwen3-1.7b-keep4-s42:134:4,134,312,0,0,0,11,64
qwen3-1.7b-keep4-s42,qwen3-1.7b-keep4-s42:134:5,134,330,0,0,0,11,64
qwen3-1.7b-keep4-s42,qwen3-1.7b-keep4-s42:134:6,134,316,0,0,0,11,64
qwen3-1.7b-keep4-s42,qwen3-1.7b-keep4-s42:134:7,134,378,0,0,0,7,64
qwen3-1.7b-keep4-s42,qwen3-1.7b-keep4-s42:135:0,135,430,0,0,0,6,38
qwen3-1.7b-keep4-s42,qwen3-1.7b-keep4-s42:135:1,135,614,0,0,0,10,38
qwen3-1.7b-keep4-s42,qwen3-1.7b-keep4-s42:135:2,135,570,0,0,0,10,38
qwen3-1.7b-keep4-s42,qwen3-1.7b-keep4-s42:135:3,135,350,0,0,0,8,38
qwen3-1.7b-keep4-s42,qwen3-1.7b-keep4-s42:135:4,135,596,0,0,0,12,38
qwen3-1.7b-keep4-s42,qwen3-1.7b-keep4-s42:135:6,135,554,0,0,0,1,38
qwen3-1.7b-keep4-s42,qwen3-1.7b-keep4-s42:136:2,136,380,0,0,0,23,77
qwen3-1.7b-keep4-s42,qwen3-1.7b-keep4-s42:136:3,136,520,0,0,0,18,77
qwen3-1.7b-keep4-s42,qwen3-1.7b-keep4-s42:136:6,136,242,0,0,0,22,77
qwen3-1.7b-keep4-s42,qwen3-1.7b-keep4-s42:137:4,137,486,0,0,0,2,46
qwen3-1.7b-keep4-s42,qwen3-1.7b-keep4-s42:138:0,138,406,0,0,0,10,83
qwen3-1.7b-keep4-s42,qwen3-1.7b-keep4-s42:138:1,138,371,0,0,0,6,83
qwen3-1.7b-keep4-s42,qwen3-1.7b-keep4-s42:138:2,138,383,0,0,0,5,83
qwen3-1.7b-keep4-s42,qwen3-1.7b-keep4-s42:138:3,138,411,0,0,0,5,83
qwen3-1.7b-keep4-s42,qwen3-1.7b-keep4-s42:138:4,138,385,0,0,0,11,83
qwen3-1.7b-keep4-s42,qwen3-1.7b-keep4-s42:138:5,138,301,0,0,0,4,83
qwen3-1.7b-keep4-s42,qwen3-1.7b-keep4-s42:138:6,138,192,0,0,0,6,83
qwen3-1.7b-keep4-s42,qwen3-1.7b-keep4-s42:138:7,138,407,0,0,0,6,83
qwen3-1.7b-keep4-s42,qwen3-1.7b-keep4-s42:139:0,139,375,0,0,0,5,20
qwen3-1.7b-keep4-s42,qwen3-1.7b-keep4-s42:139:1,139,361,0,0,0,8,20
qwen3-1.7b-keep4-s42,qwen3-1.7b-keep4-s42:139:4,139,86,0,0,0,0,20
qwen3-1.7b-keep4-s42,qwen3-1.7b-keep4-s42:139:5,139,397,0,0,0,3,20
qwen3-1.7b-keep4-s42,qwen3-1.7b-keep4-s42:139:6,139,325,0,0,0,2,20
qwen3-1.7b-keep4-s42,qwen3-1.7b-keep4-s42:140:5,140,408,0,0,0,4,22
qwen3-1.7b-keep4-s42,qwen3-1.7b-keep4-s42:141:0,141,492,0,0,0,5,43
qwen3-1.7b-keep4-s42,qwen3-1.7b-keep4-s42:141:1,141,20,0,0,0,4,43
qwen3-1.7b-keep4-s42,qwen3-1.7b-keep4-s42:141:2,141,390,0,0,0,10,43
qwen3-1.7b-keep4-s42,qwen3-1.7b-keep4-s42:141:3,141,596,0,0,0,3,43
qwen3-1.7b-keep4-s42,qwen3-1.7b-keep4-s42:141:4,141,338,0,0,0,3,43
qwen3-1.7b-keep4-s42,qwen3-1.7b-keep4-s42:141:5,141,319,0,0,0,10,43
qwen3-1.7b-keep4-s42,qwen3-1.7b-keep4-s42:141:6,141,30,0,0,0,10,43
qwen3-1.7b-keep4-s42,qwen3-1.7b-keep4-s42:141:7,141,426,0,0,0,2,43
qwen3-1.7b-keep4-s42,qwen3-1.7b-keep4-s42:142:2,142,28,0,0,0,4,11
qwen3-1.7b-keep4-s42,qwen3-1.7b-keep4-s42:142:6,142,572,0,0,0,6,11
qwen3-1.7b-keep4-s42,qwen3-1.7b-keep4-s42:143:1,143,451,0,0,0,10,32
qwen3-1.7b-keep4-s42,qwen3-1.7b-keep4-s42:144:0,144,247,0,0,0,10,41
qwen3-1.7b-keep4-s42,qwen3-1.7b-keep4-s42:144:1,144,232,0,0,0,10,41
qwen3-1.7b-keep4-s42,qwen3-1.7b-keep4-s42:144:2,144,243,0,0,0,11,41
qwen3-1.7b-keep4-s42,qwen3-1.7b-keep4-s42:144:4,144,227,0,0,0,10,41
qwen3-1.7b-keep4-s42,qwen3-1.7b-keep4-s42:144:5,144,230,0,0,0,7,41
qwen3-1.7b-keep4-s42,qwen3-1.7b-keep4-s42:144:6,144,256,0,0,0,10,41
qwen3-1.7b-keep4-s42,qwen3-1.7b-keep4-s42:144:7,144,254,0,0,0,11,41
qwen3-1.7b-keep4-s42,qwen3-1.7b-keep4-s42:145:0,145,4,0,0,0,12,48
qwen3-1.7b-keep4-s42,qwen3-1.7b-keep4-s42:145:1,145,384,0,0,0,13,48
qwen3-1.7b-keep4-s42,qwen3-1.7b-keep4-s42:145:2,145,375,0,0,0,15,48
qwen3-1.7b-keep4-s42,qwen3-1.7b-keep4-s42:145:4,145,339,0,0,0,9,48
qwen3-1.7b-keep4-s42,qwen3-1.7b-keep4-s42:145:6,145,1,0,0,0,13,48
qwen3-1.7b-keep4-s42,qwen3-1.7b-keep4-s42:146:0,146,479,0,0,0,12,72
qwen3-1.7b-keep4-s42,qwen3-1.7b-keep4-s42:146:3,146,329,0,0,0,19,72
qwen3-1.7b-keep4-s42,qwen3-1.7b-keep4-s42:146:4,146,426,0,0,0,12,72
qwen3-1.7b-keep4-s42,qwen3-1.7b-keep4-s42:146:5,146,386,0,0,0,13,72
qwen3-1.7b-keep4-s42,qwen3-1.7b-keep4-s42:147:0,147,488,0,0,0,26,47
qwen3-1.7b-keep4-s42,qwen3-1.7b-keep4-s42:147:1,147,445,0,0,0,22,47
qwen3-1.7b-keep4-s42,qwen3-1.7b-keep4-s42:147:2,147,465,0,0,0,31,47
qwen3-1.7b-keep4-s42,qwen3-1.7b-keep4-s42:147:3,147,409,0,0,0,27,47
qwen3-1.7b-keep4-s42,qwen3-1.7b-keep4-s42:147:4,147,408,0,0,0,18,47
qwen3-1.7b-keep4-s42,qwen3-1.7b-keep4-s42:147:5,147,410,0,0,0,32,47
qwen3-1.7b-keep4-s42,qwen3-1.7b-keep4-s42:147:6,147,461,0,0,0,29,47
qwen3-1.7b-keep4-s42,qwen3-1.7b-keep4-s42:147:7,147,449,0,0,0,26,47
qwen3-1.7b-keep4-s42,qwen3-1.7b-keep4-s42:148:0,148,387,0,0,0,9,51
qwen3-1.7b-keep4-s42,qwen3-1.7b-keep4-s42:148:1,148,456,0,0,0,17,51
qwen3-1.7b-keep4-s42,qwen3-1.7b-keep4-s42:148:2,148,465,0,0,0,12,51
qwen3-1.7b-keep4-s42,qwen3-1.7b-keep4-s42:148:3,148,11,0,0,0,14,51
qwen3-1.7b-keep4-s42,qwen3-1.7b-keep4-s42:148:4,148,24,0,0,0,16,51
qwen3-1.7b-keep4-s42,qwen3-1.7b-keep4-s42:148:5,148,5,0,0,0,17,51
qwen3-1.7b-keep4-s42,qwen3-1.7b-keep4-s42:148:6,148,443,0,0,0,10,51
qwen3-1.7b-keep4-s42,qwen3-1.7b-keep4-s42:148:7,148,88,0,0,0,17,51
qwen3-1.7b-keep4-s42,qwen3-1.7b-keep4-s42:149:3,149,531,0,0,0,10,27
qwen3-1.7b-keep4-s42,qwen3-1.7b-keep4-s42:151:0,151,336,0,0,0,7,35
qwen3-1.7b-keep4-s42,qwen3-1.7b-keep4-s42:151:1,151,394,0,0,0,16,35
qwen3-1.7b-keep4-s42,qwen3-1.7b-keep4-s42:151:2,151,467,0,0,0,14,35
qwen3-1.7b-keep4-s42,qwen3-1.7b-keep4-s42:151:3,151,447,0,0,0,12,35
qwen3-1.7b-keep4-s42,qwen3-1.7b-keep4-s42:151:4,151,489,0,0,0,13,35
qwen3-1.7b-keep4-s42,qwen3-1.7b-keep4-s42:151:5,151,524,0,0,0,16,35
qwen3-1.7b-keep4-s42,qwen3-1.7b-keep4-s42:151:6,151,355,0,0,0,19,35
qwen3-1.7b-keep4-s42,qwen3-1.7b-keep4-s42:151:7,151,494,0,0,0,16,35
qwen3-1.7b-keep4-s42,qwen3-1.7b-keep4-s42:153:0,153,346,0,0,0,1,98
qwen3-1.7b-keep4-s42,qwen3-1.7b-keep4-s42:153:1,153,283,0,0,0,3,98
qwen3-1.7b-keep4-s42,qwen3-1.7b-keep4-s42:153:2,153,373,0,0,0,5,98
qwen3-1.7b-keep4-s42,qwen3-1.7b-keep4-s42:153:3,153,500,0,0,0,6,98
qwen3-1.7b-keep4-s42,qwen3-1.7b-keep4-s42:153:4,153,529,0,0,0,2,98
qwen3-1.7b-keep4-s42,qwen3-1.7b-keep4-s42:153:5,153,314,0,0,0,10,98
qwen3-1.7b-keep4-s42,qwen3-1.7b-keep4-s42:153:6,153,274,0,0,0,2,98
qwen3-1.7b-keep4-s42,qwen3-1.7b-keep4-s42:153:7,153,404,0,0,0,3,98
qwen3-1.7b-keep4-s42,qwen3-1.7b-keep4-s42:154:0,154,584,0,0,0,3,77
qwen3-1.7b-keep4-s42,qwen3-1.7b-keep4-s42:154:1,154,587,0,0,0,17,77
qwen3-1.7b-keep4-s42,qwen3-1.7b-keep4-s42:154:2,154,465,0,0,0,3,77
qwen3-1.7b-keep4-s42,qwen3-1.7b-keep4-s42:154:3,154,480,0,0,0,18,77
qwen3-1.7b-keep4-s42,qwen3-1.7b-keep4-s42:154:4,154,560,0,0,0,13,77
qwen3-1.7b-keep4-s42,qwen3-1.7b-keep4-s42:154:5,154,296,0,0,0,17,77
qwen3-1.7b-keep4-s42,qwen3-1.7b-keep4-s42:154:6,154,600,0,0,0,17,77
qwen3-1.7b-keep4-s42,qwen3-1.7b-keep4-s42:154:7,154,488,0,0,0,15,77
qwen3-1.7b-keep4-s42,qwen3-1.7b-keep4-s42:155:0,155,422,0,0,0,13,73
qwen3-1.7b-keep4-s42,qwen3-1.7b-keep4-s42:155:2,155,439,0,0,0,11,73
qwen3-1.7b-keep4-s42,qwen3-1.7b-keep4-s42:155:5,155,405,0,0,0,14,73
qwen3-1.7b-keep4-s42,qwen3-1.7b-keep4-s42:155:6,155,313,0,0,0,20,73
qwen3-1.7b-keep4-s42,qwen3-1.7b-keep4-s42:155:7,155,352,0,0,0,16,73
qwen3-1.7b-keep4-s42,qwen3-1.7b-keep4-s42:156:1,156,510,1,0,0,8,50
qwen3-1.7b-keep4-s42,qwen3-1.7b-keep4-s42:156:2,156,510,0,0,0,14,50
qwen3-1.7b-keep4-s42,qwen3-1.7b-keep4-s42:156:3,156,456,0,0,0,10,50
qwen3-1.7b-keep4-s42,qwen3-1.7b-keep4-s42:156:5,156,501,0,0,0,10,50
qwen3-1.7b-keep4-s42,qwen3-1.7b-keep4-s42:156:6,156,0,0,0,0,14,50
qwen3-1.7b-keep4-s42,qwen3-1.7b-keep4-s42:157:0,157,477,0,0,0,1,22
qwen3-1.7b-keep4-s42,qwen3-1.7b-keep4-s42:157:1,157,483,0,0,0,1,22
qwen3-1.7b-keep4-s42,qwen3-1.7b-keep4-s42:157:2,157,415,0,0,0,2,22
qwen3-1.7b-keep4-s42,qwen3-1.7b-keep4-s42:157:3,157,471,0,0,0,4,22
qwen3-1.7b-keep4-s42,qwen3-1.7b-keep4-s42:157:5,157,304,0,0,0,2,22
qwen3-1.7b-keep4-s42,qwen3-1.7b-keep4-s42:157:7,157,388,0,0,0,1,22
qwen3-1.7b-keep4-s42,qwen3-1.7b-keep4-s42:158:1,158,451,0,0,0,5,79
qwen3-1.7b-keep4-s42,qwen3-1.7b-keep4-s42:158:2,158,579,0,0,0,5,79
qwen3-1.7b-keep4-s42,qwen3-1.7b-keep4-s42:158:3,158,428,0,0,0,6,79
qwen3-1.7b-keep4-s42,qwen3-1.7b-keep4-s42:158:5,158,508,0,0,0,10,79
qwen3-1.7b-keep4-s42,qwen3-1.7b-keep4-s42:158:6,158,339,0,0,0,10,79
qwen3-1.7b-keep4-s42,qwen3-1.7b-keep4-s42:158:7,158,570,0,0,0,8,79
qwen3-1.7b-keep4-s42,qwen3-1.7b-keep4-s42:159:5,159,417,0,0,0,12,27
qwen3-1.7b-keep4-s42,qwen3-1.7b-keep4-s42:159:7,159,388,0,0,0,9,27
qwen3-1.7b-keep4-s42,qwen3-1.7b-keep4-s42:160:0,160,352,0,0,0,7,56
qwen3-1.7b-keep4-s42,qwen3-1.7b-keep4-s42:160:1,160,411,0,0,0,8,56
qwen3-1.7b-keep4-s42,qwen3-1.7b-keep4-s42:160:2,160,404,0,0,0,11,56
qwen3-1.7b-keep4-s42,qwen3-1.7b-keep4-s42:160:3,160,437,0,0,0,6,56
qwen3-1.7b-keep4-s42,qwen3-1.7b-keep4-s42:160:4,160,432,0,0,0,5,56
qwen3-1.7b-keep4-s42,qwen3-1.7b-keep4-s42:160:5,160,362,0,0,0,6,56
qwen3-1.7b-keep4-s42,qwen3-1.7b-keep4-s42:160:6,160,412,0,0,0,12,56
qwen3-1.7b-keep4-s42,qwen3-1.7b-keep4-s42:160:7,160,366,0,0,0,7,56
qwen3-1.7b-keep4-s42,qwen3-1.7b-keep4-s42:161:0,161,457,0,0,0,7,51
qwen3-1.7b-keep4-s42,qwen3-1.7b-keep4-s42:161:1,161,367,0,0,0,11,51
qwen3-1.7b-keep4-s42,qwen3-1.7b-keep4-s42:161:2,161,497,0,0,0,9,51
qwen3-1.7b-keep4-s42,qwen3-1.7b-keep4-s42:161:3,161,321,0,0,0,12,51
qwen3-1.7b-keep4-s42,qwen3-1.7b-keep4-s42:161:4,161,468,0,0,0,17,51
qwen3-1.7b-keep4-s42,qwen3-1.7b-keep4-s42:161:5,161,566,0,0,0,4,51
qwen3-1.7b-keep4-s42,qwen3-1.7b-keep4-s42:161:6,161,354,0,0,0,9,51
qwen3-1.7b-keep4-s42,qwen3-1.7b-keep4-s42:161:7,161,458,0,0,0,18,51
qwen3-1.7b-keep4-s42,qwen3-1.7b-keep4-s42:162:0,162,394,0,0,0,4,35
qwen3-1.7b-keep4-s42,qwen3-1.7b-keep4-s42:162:1,162,538,0,0,0,3,35
qwen3-1.7b-keep4-s42,qwen3-1.7b-keep4-s42:162:4,162,509,0,0,0,2,35
qwen3-1.7b-keep4-s42,qwen3-1.7b-keep4-s42:162:5,162,441,0,0,0,3,35
qwen3-1.7b-keep4-s42,qwen3-1.7b-keep4-s42:162:7,162,96,0,0,0,7,35
qwen3-1.7b-keep4-s42,qwen3-1.7b-keep4-s42:163:0,163,426,0,0,0,13,97
qwen3-1.7b-keep4-s42,qwen3-1.7b-keep4-s42:163:1,163,491,0,0,0,4,97
qwen3-1.7b-keep4-s42,qwen3-1.7b-keep4-s42:163:2,163,350,0,0,0,8,97
qwen3-1.7b-keep4-s42,qwen3-1.7b-keep4-s42:163:3,163,454,0,0,0,5,97
qwen3-1.7b-keep4-s42,qwen3-1.7b-keep4-s42:163:4,163,412,0,0,0,14,97
qwen3-1.7b-keep4-s42,qwen3-1.7b-keep4-s42:163:5,163,330,0,0,0,11,97
qwen3-1.7b-keep4-s42,qwen3-1.7b-keep4-s42:163:6,163,393,0,0,0,16,97
qwen3-1.7b-keep4-s42,qwen3-1.7b-keep4-s42:163:7,163,546,0,0,0,8,97
qwen3-1.7b-keep4-s42,qwen3-1.7b-keep4-s42:164:0,164,457,0,0,0,16,66
qwen3-1.7b-keep4-s42,qwen3-1.7b-keep4-s42:164:1,164,423,0,0,0,19,66
qwen3-1.7b-keep4-s42,qwen3-1.7b-keep4-s42:164:2,164,442,0,0,0,14,66
qwen3-1.7b-keep4-s42,qwen3-1.7b-keep4-s42:164:3,164,472,0,0,0,12,66
qwen3-1.7b-keep4-s42,qwen3-1.7b-keep4-s42:164:4,164,465,0,0,0,13,66
qwen3-1.7b-keep4-s42,qwen3-1.7b-keep4-s42:164:5,164,416,0,0,0,11,66
qwen3-1.7b-keep4-s42,qwen3-1.7b-keep4-s42:164:6,164,411,0,0,0,16,66
qwen3-1.7b-keep4-s42,qwen3-1.7b-keep4-s42:164:7,164,404,0,0,0,14,66
qwen3-1.7b-keep4-s42,qwen3-1.7b-keep4-s42:165:0,165,43,0,0,0,13,26
qwen3-1.7b-keep4-s42,qwen3-1.7b-keep4-s42:165:4,165,412,0,0,0,15,26
qwen3-1.7b-keep4-s42,qwen3-1.7b-keep4-s42:165:6,165,371,0,0,0,14,26
qwen3-1.7b-keep4-s42,qwen3-1.7b-keep4-s42:166:0,166,451,0,0,0,3,8
qwen3-1.7b-keep4-s42,qwen3-1.7b-keep4-s42:166:3,166,2,0,0,0,5,8
qwen3-1.7b-keep4-s42,qwen3-1.7b-keep4-s42:167:0,167,550,0,0,0,3,43
qwen3-1.7b-keep4-s42,qwen3-1.7b-keep4-s42:167:1,167,520,0,0,0,8,43
qwen3-1.7b-keep4-s42,qwen3-1.7b-keep4-s42:167:2,167,549,0,0,0,5,43
qwen3-1.7b-keep4-s42,qwen3-1.7b-keep4-s42:167:3,167,499,0,0,0,4,43
qwen3-1.7b-keep4-s42,qwen3-1.7b-keep4-s42:167:4,167,514,0,0,0,4,43
qwen3-1.7b-keep4-s42,qwen3-1.7b-keep4-s42:167:5,167,552,0,0,0,12,43
qwen3-1.7b-keep4-s42,qwen3-1.7b-keep4-s42:167:6,167,433,0,0,0,2,43
qwen3-1.7b-keep4-s42,qwen3-1.7b-keep4-s42:167:7,167,425,0,0,0,5,43
qwen3-1.7b-keep4-s42,qwen3-1.7b-keep4-s42:168:0,168,538,0,0,0,3,47
qwen3-1.7b-keep4-s42,qwen3-1.7b-keep4-s42:168:2,168,371,0,0,0,4,47
qwen3-1.7b-keep4-s42,qwen3-1.7b-keep4-s42:168:4,168,92,0,0,0,6,47
qwen3-1.7b-keep4-s42,qwen3-1.7b-keep4-s42:168:6,168,396,0,0,0,5,47
qwen3-1.7b-keep4-s42,qwen3-1.7b-keep4-s42:168:7,168,417,0,0,0,6,47
qwen3-1.7b-keep4-s42,qwen3-1.7b-keep4-s42:169:0,169,535,0,0,0,1,26
qwen3-1.7b-keep4-s42,qwen3-1.7b-keep4-s42:169:1,169,552,0,0,0,2,26
qwen3-1.7b-keep4-s42,qwen3-1.7b-keep4-s42:169:2,169,409,0,0,0,2,26
qwen3-1.7b-keep4-s42,qwen3-1.7b-keep4-s42:169:4,169,432,0,0,0,1,26
qwen3-1.7b-keep4-s42,qwen3-1.7b-keep4-s42:170:0,170,240,0,0,0,8,67
qwen3-1.7b-keep4-s42,qwen3-1.7b-keep4-s42:170:1,170,307,0,0,0,5,67
qwen3-1.7b-keep4-s42,qwen3-1.7b-keep4-s42:170:2,170,363,0,0,0,5,67
qwen3-1.7b-keep4-s42,qwen3-1.7b-keep4-s42:170:3,170,472,0,0,0,7,67
qwen3-1.7b-keep4-s42,qwen3-1.7b-keep4-s42:170:4,170,468,0,0,0,7,67
qwen3-1.7b-keep4-s42,qwen3-1.7b-keep4-s42:170:5,170,420,0,0,0,16,67
qwen3-1.7b-keep4-s42,qwen3-1.7b-keep4-s42:170:6,170,303,0,0,0,6,67
qwen3-1.7b-keep4-s42,qwen3-1.7b-keep4-s42:170:7,170,283,0,0,0,5,67
qwen3-1.7b-keep4-s42,qwen3-1.7b-keep4-s42:171:4,171,252,0,0,0,18,63
qwen3-1.7b-keep4-s42,qwen3-1.7b-keep4-s42:171:6,171,4,0,0,0,23,63
qwen3-1.7b-keep4-s42,qwen3-1.7b-keep4-s42:172:0,172,480,0,0,0,3,13
qwen3-1.7b-keep4-s42,qwen3-1.7b-keep4-s42:172:4,172,5,0,0,0,3,13
qwen3-1.7b-keep4-s42,qwen3-1.7b-keep4-s42:172:6,172,517,0,0,0,3,13
qwen3-1.7b-keep4-s42,qwen3-1.7b-keep4-s42:173:5,173,395,0,0,0,4,46
qwen3-1.7b-keep4-s42,qwen3-1.7b-keep4-s42:173:7,173,419,0,0,0,10,46
qwen3-1.7b-keep4-s42,qwen3-1.7b-keep4-s42:174:3,174,408,0,0,0,12,62
qwen3-1.7b-keep4-s42,qwen3-1.7b-keep4-s42:175:1,175,477,0,0,0,4,56
qwen3-1.7b-keep4-s42,qwen3-1.7b-keep4-s42:175:2,175,432,0,0,0,6,56
qwen3-1.7b-keep4-s42,qwen3-1.7b-keep4-s42:175:3,175,511,0,0,0,4,56
qwen3-1.7b-keep4-s42,qwen3-1.7b-keep4-s42:175:5,175,395,0,0,0,7,56
qwen3-1.7b-keep4-s42,qwen3-1.7b-keep4-s42:175:6,175,3,0,0,0,4,56
qwen3-1.7b-keep4-s42,qwen3-1.7b-keep4-s42:176:1,176,403,0,0,0,0,48
qwen3-1.7b-keep4-s42,qwen3-1.7b-keep4-s42:176:7,176,488,0,0,0,5,48
qwen3-1.7b-keep4-s42,qwen3-1.7b-keep4-s42:177:1,177,449,0,0,0,17,34
qwen3-1.7b-keep4-s42,qwen3-1.7b-keep4-s42:177:2,177,532,0,0,0,13,34
qwen3-1.7b-keep4-s42,qwen3-1.7b-keep4-s42:177:4,177,493,0,0,0,16,34
qwen3-1.7b-keep4-s42,qwen3-1.7b-keep4-s42:177:6,177,540,0,0,0,17,34
qwen3-1.7b-keep4-s42,qwen3-1.7b-keep4-s42:177:7,177,535,0,0,0,17,34
qwen3-1.7b-keep4-s42,qwen3-1.7b-keep4-s42:178:0,178,389,0,0,0,12,69
qwen3-1.7b-keep4-s42,qwen3-1.7b-keep4-s42:178:1,178,488,0,0,0,6,69
qwen3-1.7b-keep4-s42,qwen3-1.7b-keep4-s42:178:2,178,384,0,0,0,1,69
qwen3-1.7b-keep4-s42,qwen3-1.7b-keep4-s42:178:3,178,475,0,0,0,7,69
qwen3-1.7b-keep4-s42,qwen3-1.7b-keep4-s42:178:4,178,460,0,0,0,6,69
qwen3-1.7b-keep4-s42,qwen3-1.7b-keep4-s42:178:5,178,440,0,0,0,7,69
qwen3-1.7b-keep4-s42,qwen3-1.7b-keep4-s42:178:7,178,455,0,0,0,7,69
qwen3-1.7b-keep4-s42,qwen3-1.7b-keep4-s42:179:2,179,382,0,0,0,5,53
qwen3-1.7b-keep4-s42,qwen3-1.7b-keep4-s42:179:3,179,361,0,0,0,2,53
qwen3-1.7b-keep4-s42,qwen3-1.7b-keep4-s42:179:4,179,403,0,0,0,7,53
qwen3-1.7b-keep4-s42,qwen3-1.7b-keep4-s42:180:0,180,480,0,0,0,12,50
qwen3-1.7b-keep4-s42,qwen3-1.7b-keep4-s42:180:1,180,306,0,0,0,18,50
qwen3-1.7b-keep4-s42,qwen3-1.7b-keep4-s42:180:5,180,331,0,0,0,14,50
qwen3-1.7b-keep4-s42,qwen3-1.7b-keep4-s42:181:0,181,421,0,0,0,18,72
qwen3-1.7b-keep4-s42,qwen3-1.7b-keep4-s42:181:1,181,408,0,0,0,16,72
qwen3-1.7b-keep4-s42,qwen3-1.7b-keep4-s42:181:2,181,453,0,0,0,15,72
qwen3-1.7b-keep4-s42,qwen3-1.7b-keep4-s42:181:3,181,14,0,0,0,15,72
qwen3-1.7b-keep4-s42,qwen3-1.7b-keep4-s42:181:4,181,483,0,0,0,22,72
qwen3-1.7b-keep4-s42,qwen3-1.7b-keep4-s42:181:5,181,380,0,0,0,2,72
qwen3-1.7b-keep4-s42,qwen3-1.7b-keep4-s42:181:6,181,404,0,0,0,9,72
qwen3-1.7b-keep4-s42,qwen3-1.7b-keep4-s42:181:7,181,3,0,0,0,16,72
qwen3-1.7b-keep4-s42,qwen3-1.7b-keep4-s42:182:0,182,326,0,0,0,9,37
qwen3-1.7b-keep4-s42,qwen3-1.7b-keep4-s42:182:1,182,365,0,0,0,6,37
qwen3-1.7b-keep4-s42,qwen3-1.7b-keep4-s42:182:2,182,481,0,0,0,8,37
qwen3-1.7b-keep4-s42,qwen3-1.7b-keep4-s42:182:3,182,382,0,0,0,7,37
qwen3-1.7b-keep4-s42,qwen3-1.7b-keep4-s42:182:4,182,407,0,0,0,4,37
qwen3-1.7b-keep4-s42,qwen3-1.7b-keep4-s42:182:5,182,427,0,0,0,10,37
qwen3-1.7b-keep4-s42,qwen3-1.7b-keep4-s42:182:6,182,341,0,0,0,6,37
qwen3-1.7b-keep4-s42,qwen3-1.7b-keep4-s42:182:7,182,403,0,0,0,10,37
qwen3-1.7b-keep4-s42,qwen3-1.7b-keep4-s42:183:0,183,453,0,0,0,2,14
qwen3-1.7b-keep4-s42,qwen3-1.7b-keep4-s42:183:2,183,495,0,0,0,0,14
qwen3-1.7b-keep4-s42,qwen3-1.7b-keep4-s42:183:3,183,396,0,0,0,3,14
qwen3-1.7b-keep4-s42,qwen3-1.7b-keep4-s42:183:5,183,374,0,0,0,0,14
qwen3-1.7b-keep4-s42,qwen3-1.7b-keep4-s42:183:6,183,9,0,0,0,1,14
qwen3-1.7b-keep4-s42,qwen3-1.7b-keep4-s42:183:7,183,487,0,0,0,2,14
qwen3-1.7b-keep4-s42,qwen3-1.7b-keep4-s42:184:0,184,326,0,0,0,7,24
qwen3-1.7b-keep4-s42,qwen3-1.7b-keep4-s42:184:1,184,370,0,0,0,1,24
qwen3-1.7b-keep4-s42,qwen3-1.7b-keep4-s42:184:2,184,3,0,0,0,9,24
qwen3-1.7b-keep4-s42,qwen3-1.7b-keep4-s42:184:3,184,376,0,0,0,11,24
qwen3-1.7b-keep4-s42,qwen3-1.7b-keep4-s42:184:4,184,83,0,0,0,10,24
qwen3-1.7b-keep4-s42,qwen3-1.7b-keep4-s42:184:5,184,292,0,0,0,7,24
qwen3-1.7b-keep4-s42,qwen3-1.7b-keep4-s42:184:6,184,300,0,0,0,4,24
qwen3-1.7b-keep4-s42,qwen3-1.7b-keep4-s42:184:7,184,254,0,0,0,7,24
qwen3-1.7b-keep4-s42,qwen3-1.7b-keep4-s42:185:0,185,422,0,0,0,2,8
qwen3-1.7b-keep4-s42,qwen3-1.7b-keep4-s42:185:1,185,625,0,0,0,2,8
qwen3-1.7b-keep4-s42,qwen3-1.7b-keep4-s42:185:2,185,559,0,0,0,1,8
qwen3-1.7b-keep4-s42,qwen3-1.7b-keep4-s42:185:3,185,544,0,0,0,3,8
qwen3-1.7b-keep4-s42,qwen3-1.7b-keep4-s42:185:4,185,576,0,0,0,1,8
qwen3-1.7b-keep4-s42,qwen3-1.7b-keep4-s42:185:5,185,545,0,0,0,2,8
qwen3-1.7b-keep4-s42,qwen3-1.7b-keep4-s42:185:6,185,560,0,0,0,1,8
qwen3-1.7b-keep4-s42,qwen3-1.7b-keep4-s42:185:7,185,591,0,0,0,3,8
qwen3-1.7b-keep4-s42,qwen3-1.7b-keep4-s42:187:0,187,300,0,0,0,2,57
qwen3-1.7b-keep4-s42,qwen3-1.7b-keep4-s42:187:2,187,0,0,0,0,2,57
qwen3-1.7b-keep4-s42,qwen3-1.7b-keep4-s42:187:3,187,410,0,0,0,2,57
qwen3-1.7b-keep4-s42,qwen3-1.7b-keep4-s42:188:1,188,487,0,0,0,14,44
qwen3-1.7b-keep4-s42,qwen3-1.7b-keep4-s42:188:2,188,527,0,0,0,12,44
qwen3-1.7b-keep4-s42,qwen3-1.7b-keep4-s42:188:4,188,411,0,0,0,19,44
qwen3-1.7b-keep4-s42,qwen3-1.7b-keep4-s42:188:6,188,514,0,0,0,22,44
qwen3-1.7b-keep4-s42,qwen3-1.7b-keep4-s42:189:1,189,6,0,0,0,26,69
qwen3-1.7b-keep4-s42,qwen3-1.7b-keep4-s42:189:2,189,64,0,0,0,19,69
qwen3-1.7b-keep4-s42,qwen3-1.7b-keep4-s42:189:5,189,396,0,0,0,19,69
qwen3-1.7b-keep4-s42,qwen3-1.7b-keep4-s42:189:6,189,8,0,0,0,11,69
qwen3-1.7b-keep4-s42,qwen3-1.7b-keep4-s42:190:0,190,45,0,0,0,5,68
qwen3-1.7b-keep4-s42,qwen3-1.7b-keep4-s42:190:1,190,366,0,0,0,5,68
qwen3-1.7b-keep4-s42,qwen3-1.7b-keep4-s42:190:2,190,381,0,0,0,5,68
qwen3-1.7b-keep4-s42,qwen3-1.7b-keep4-s42:190:3,190,0,0,0,0,3,68
qwen3-1.7b-keep4-s42,qwen3-1.7b-keep4-s42:190:4,190,331,0,0,0,5,68
qwen3-1.7b-keep4-s42,qwen3-1.7b-keep4-s42:190:5,190,455,0,0,0,7,68
qwen3-1.7b-keep4-s42,qwen3-1.7b-keep4-s42:190:7,190,379,0,0,0,7,68
qwen3-1.7b-keep4-s42,qwen3-1.7b-keep4-s42:191:0,191,344,0,0,0,13,47
qwen3-1.7b-keep4-s42,qwen3-1.7b-keep4-s42:191:2,191,551,0,0,0,0,47
qwen3-1.7b-keep4-s42,qwen3-1.7b-keep4-s42:191:3,191,469,0,0,0,6,47
qwen3-1.7b-keep4-s42,qwen3-1.7b-keep4-s42:191:4,191,444,0,0,0,8,47
qwen3-1.7b-keep4-s42,qwen3-1.7b-keep4-s42:191:5,191,364,0,0,0,13,47
qwen3-1.7b-keep4-s42,qwen3-1.7b-keep4-s42:191:6,191,492,0,0,0,0,47
qwen3-1.7b-keep4-s42,qwen3-1.7b-keep4-s42:191:7,191,411,0,0,0,4,47
qwen3-1.7b-keep4-s42,qwen3-1.7b-keep4-s42:192:0,192,487,0,0,0,10,35
qwen3-1.7b-keep4-s42,qwen3-1.7b-keep4-s42:192:1,192,588,0,0,0,10,35
qwen3-1.7b-keep4-s42,qwen3-1.7b-keep4-s42:192:2,192,523,0,0,0,10,35
qwen3-1.7b-keep4-s42,qwen3-1.7b-keep4-s42:192:3,192,582,0,0,0,8,35
qwen3-1.7b-keep4-s42,qwen3-1.7b-keep4-s42:192:5,192,521,0,0,0,13,35
qwen3-1.7b-keep4-s42,qwen3-1.7b-keep4-s42:192:7,192,472,0,0,0,15,35
qwen3-1.7b-keep4-s42,qwen3-1.7b-keep4-s42:193:0,193,17,0,0,0,17,87
qwen3-1.7b-keep4-s42,qwen3-1.7b-keep4-s42:193:2,193,479,0,0,0,13,87
qwen3-1.7b-keep4-s42,qwen3-1.7b-keep4-s42:193:3,193,442,0,0,0,18,87
qwen3-1.7b-keep4-s42,qwen3-1.7b-keep4-s42:193:4,193,408,0,0,0,15,87
qwen3-1.7b-keep4-s42,qwen3-1.7b-keep4-s42:193:5,193,525,0,0,0,11,87
qwen3-1.7b-keep4-s42,qwen3-1.7b-keep4-s42:193:6,193,448,0,0,0,17,87
qwen3-1.7b-keep4-s42,qwen3-1.7b-keep4-s42:195:3,195,0,0,0,0,38,74
qwen3-1.7b-keep4-s42,qwen3-1.7b-keep4-s42:195:5,195,352,0,0,0,38,74
qwen3-1.7b-keep4-s42,qwen3-1.7b-keep4-s42:195:7,195,476,0,0,0,22,74
qwen3-1.7b-keep4-s42,qwen3-1.7b-keep4-s42:196:0,196,343,0,0,0,16,41
qwen3-1.7b-keep4-s42,qwen3-1.7b-keep4-s42:196:1,196,485,0,0,0,16,41
qwen3-1.7b-keep4-s42,qwen3-1.7b-keep4-s42:196:2,196,441,0,0,0,9,41
qwen3-1.7b-keep4-s42,qwen3-1.7b-keep4-s42:196:3,196,386,0,0,0,8,41
qwen3-1.7b-keep4-s42,qwen3-1.7b-keep4-s42:196:4,196,413,0,0,0,8,41
qwen3-1.7b-keep4-s42,qwen3-1.7b-keep4-s42:196:5,196,402,0,0,0,9,41
qwen3-1.7b-keep4-s42,qwen3-1.7b-keep4-s42:196:6,196,331,0,0,0,9,41
qwen3-1.7b-keep4-s42,qwen3-1.7b-keep4-s42:196:7,196,326,0,0,0,10,41
qwen3-1.7b-keep4-s42,qwen3-1.7b-keep4-s42:197:0,197,426,0,0,0,16,38
qwen3-1.7b-keep4-s42,qwen3-1.7b-keep4-s42:197:1,197,428,0,0,0,19,38
qwen3-1.7b-keep4-s42,qwen3-1.7b-keep4-s42:197:3,197,379,0,0,0,19,38
qwen3-1.7b-keep4-s42,qwen3-1.7b-keep4-s42:197:4,197,446,0,0,0,9,38
qwen3-1.7b-keep4-s42,qwen3-1.7b-keep4-s42:197:5,197,45,3,0,0,10,38
qwen3-1.7b-keep4-s42,qwen3-1.7b-keep4-s42:197:7,197,446,0,0,0,13,38
qwen3-1.7b-keep4-s42,qwen3-1.7b-keep4-s42:198:1,198,351,0,0,0,16,58
qwen3-1.7b-keep4-s42,qwen3-1.7b-keep4-s42:198:2,198,395,0,0,0,19,58
qwen3-1.7b-keep4-s42,qwen3-1.7b-keep4-s42:198:3,198,433,0,0,0,22,58
qwen3-1.7b-keep4-s42,qwen3-1.7b-keep4-s42:198:4,198,413,0,0,0,28,58
qwen3-1.7b-keep4-s42,qwen3-1.7b-keep4-s42:198:6,198,391,0,0,0,13,58
qwen3-1.7b-keep4-s42,qwen3-1.7b-keep4-s42:198:7,198,419,0,0,0,26,58
qwen3-1.7b-keep4-s42,qwen3-1.7b-keep4-s42:199:5,199,4,0,0,0,28,53
qwen3-1.7b-keep4-s42,qwen3-1.7b-keep4-s42:200:1,200,20,10,0,0,12,43
qwen3-1.7b-keep4-s42,qwen3-1.7b-keep4-s42:200:3,200,332,0,0,0,12,43
qwen3-1.7b-keep4-s42,qwen3-1.7b-keep4-s42:200:4,200,340,0,0,0,12,43
qwen3-1.7b-keep4-s42,qwen3-1.7b-keep4-s42:200:5,200,374,0,0,0,12,43
qwen3-1.7b-keep4-s42,qwen3-1.7b-keep4-s42:200:6,200,313,0,0,0,12,43
qwen3-1.7b-keep4-s42,qwen3-1.7b-keep4-s42:201:2,201,11,0,0,0,6,34
qwen3-1.7b-keep4-s42,qwen3-1.7b-keep4-s42:201:3,201,519,0,0,0,8,34
qwen3-1.7b-keep4-s42,qwen3-1.7b-keep4-s42:201:5,201,506,0,0,0,2,34
qwen3-1.7b-keep4-s42,qwen3-1.7b-keep4-s42:201:7,201,500,0,0,0,4,34
qwen3-1.7b-keep4-s42,qwen3-1.7b-keep4-s42:202:7,202,448,0,0,0,2,86
qwen3-1.7b-keep4-s42,qwen3-1.7b-keep4-s42:203:1,203,371,0,0,0,39,60
qwen3-1.7b-keep4-s42,qwen3-1.7b-keep4-s42:203:2,203,455,0,0,0,31,60
qwen3-1.7b-keep4-s42,qwen3-1.7b-keep4-s42:203:4,203,319,0,0,0,36,60
qwen3-1.7b-keep4-s42,qwen3-1.7b-keep4-s42:203:7,203,295,0,0,0,49,60
qwen3-1.7b-keep4-s42,qwen3-1.7b-keep4-s42:204:0,204,381,0,0,0,25,108
qwen3-1.7b-keep4-s42,qwen3-1.7b-keep4-s42:204:1,204,388,0,0,0,7,108
qwen3-1.7b-keep4-s42,qwen3-1.7b-keep4-s42:204:2,204,470,0,0,0,23,108
qwen3-1.7b-keep4-s42,qwen3-1.7b-keep4-s42:204:3,204,437,0,0,0,28,108
qwen3-1.7b-keep4-s42,qwen3-1.7b-keep4-s42:204:4,204,477,0,0,0,24,108
qwen3-1.7b-keep4-s42,qwen3-1.7b-keep4-s42:204:5,204,414,0,0,0,29,108
qwen3-1.7b-keep4-s42,qwen3-1.7b-keep4-s42:204:6,204,364,0,0,0,23,108
qwen3-1.7b-keep4-s42,qwen3-1.7b-keep4-s42:204:7,204,526,0,0,0,18,108
qwen3-1.7b-keep4-s42,qwen3-1.7b-keep4-s42:205:1,205,28,0,0,0,8,34
qwen3-1.7b-keep4-s42,qwen3-1.7b-keep4-s42:205:2,205,456,0,0,0,10,34
qwen3-1.7b-keep4-s42,qwen3-1.7b-keep4-s42:205:3,205,500,0,0,0,9,34
qwen3-1.7b-keep4-s42,qwen3-1.7b-keep4-s42:205:4,205,508,0,0,0,9,34
qwen3-1.7b-keep4-s42,qwen3-1.7b-keep4-s42:205:5,205,9,0,0,0,10,34
qwen3-1.7b-keep4-s42,qwen3-1.7b-keep4-s42:205:6,205,414,0,0,0,4,34
qwen3-1.7b-keep4-s42,qwen3-1.7b-keep4-s42:205:7,205,555,0,0,0,4,34
qwen3-1.7b-keep4-s42,qwen3-1.7b-keep4-s42:206:0,206,55,0,0,0,10,29
qwen3-1.7b-keep4-s42,qwen3-1.7b-keep4-s42:206:1,206,509,0,0,0,3,29
qwen3-1.7b-keep4-s42,qwen3-1.7b-keep4-s42:206:2,206,584,0,0,0,3,29
qwen3-1.7b-keep4-s42,qwen3-1.7b-keep4-s42:206:3,206,559,0,0,0,3,29
qwen3-1.7b-keep4-s42,qwen3-1.7b-keep4-s42:206:5,206,583,0,0,0,7,29
qwen3-1.7b-keep4-s42,qwen3-1.7b-keep4-s42:206:6,206,12,0,0,0,4,29
qwen3-1.7b-keep4-s42,qwen3-1.7b-keep4-s42:206:7,206,7,0,0,0,8,29
qwen3-1.7b-keep4-s42,qwen3-1.7b-keep4-s42:207:0,207,334,0,0,0,8,65
qwen3-1.7b-keep4-s42,qwen3-1.7b-keep4-s42:207:1,207,375,0,0,0,5,65
qwen3-1.7b-keep4-s42,qwen3-1.7b-keep4-s42:207:2,207,428,0,0,0,9,65
qwen3-1.7b-keep4-s42,qwen3-1.7b-keep4-s42:207:3,207,512,0,0,0,1,65
qwen3-1.7b-keep4-s42,qwen3-1.7b-keep4-s42:207:5,207,466,0,0,0,2,65
qwen3-1.7b-keep4-s42,qwen3-1.7b-keep4-s42:207:7,207,4,0,0,0,17,65
qwen3-1.7b-keep4-s42,qwen3-1.7b-keep4-s42:208:0,208,467,0,0,0,6,64
qwen3-1.7b-keep4-s42,qwen3-1.7b-keep4-s42:208:1,208,455,0,0,0,13,64
qwen3-1.7b-keep4-s42,qwen3-1.7b-keep4-s42:208:2,208,496,0,0,0,7,64
qwen3-1.7b-keep4-s42,qwen3-1.7b-keep4-s42:208:3,208,412,0,0,0,5,64
qwen3-1.7b-keep4-s42,qwen3-1.7b-keep4-s42:208:4,208,504,0,0,0,9,64
qwen3-1.7b-keep4-s42,qwen3-1.7b-keep4-s42:208:5,208,476,0,0,0,9,64
qwen3-1.7b-keep4-s42,qwen3-1.7b-keep4-s42:208:6,208,488,0,0,0,7,64
qwen3-1.7b-keep4-s42,qwen3-1.7b-keep4-s42:208:7,208,383,0,0,0,15,64
qwen3-1.7b-keep4-s42,qwen3-1.7b-keep4-s42:209:4,209,5,0,0,0,11,49
qwen3-1.7b-keep4-s42,qwen3-1.7b-keep4-s42:210:3,210,480,0,0,0,10,43
qwen3-1.7b-keep4-s42,qwen3-1.7b-keep4-s42:210:6,210,469,0,0,0,6,43
qwen3-1.7b-keep4-s42,qwen3-1.7b-keep4-s42:210:7,210,545,0,0,0,8,43
qwen3-1.7b-keep4-s42,qwen3-1.7b-keep4-s42:211:0,211,0,0,0,0,7,37
qwen3-1.7b-keep4-s42,qwen3-1.7b-keep4-s42:211:3,211,598,0,0,0,9,37
qwen3-1.7b-keep4-s42,qwen3-1.7b-keep4-s42:211:6,211,408,0,0,0,5,37
qwen3-1.7b-keep4-s42,qwen3-1.7b-keep4-s42:212:0,212,395,0,0,0,7,36
qwen3-1.7b-keep4-s42,qwen3-1.7b-keep4-s42:212:1,212,355,0,0,0,6,36
qwen3-1.7b-keep4-s42,qwen3-1.7b-keep4-s42:212:2,212,487,0,0,0,6,36
qwen3-1.7b-keep4-s42,qwen3-1.7b-keep4-s42:212:3,212,23,0,0,0,11,36
qwen3-1.7b-keep4-s42,qwen3-1.7b-keep4-s42:212:4,212,92,0,0,0,3,36
qwen3-1.7b-keep4-s42,qwen3-1.7b-keep4-s42:212:5,212,452,0,0,0,7,36
qwen3-1.7b-keep4-s42,qwen3-1.7b-keep4-s42:212:6,212,433,0,0,0,7,36
qwen3-1.7b-keep4-s42,qwen3-1.7b-keep4-s42:212:7,212,387,0,0,0,8,36
qwen3-1.7b-keep4-s42,qwen3-1.7b-keep4-s42:213:6,213,331,0,0,0,8,40
qwen3-1.7b-keep4-s42,qwen3-1.7b-keep4-s42:213:7,213,386,0,0,0,4,40
qwen3-1.7b-keep4-s42,qwen3-1.7b-keep4-s42:214:0,214,359,0,0,0,2,53
qwen3-1.7b-keep4-s42,qwen3-1.7b-keep4-s42:214:2,214,6,0,0,0,2,53
qwen3-1.7b-keep4-s42,qwen3-1.7b-keep4-s42:214:3,214,110,0,0,0,2,53
qwen3-1.7b-keep4-s42,qwen3-1.7b-keep4-s42:214:5,214,337,0,0,0,5,53
qwen3-1.7b-keep4-s42,qwen3-1.7b-keep4-s42:215:0,215,485,0,0,0,5,68
qwen3-1.7b-keep4-s42,qwen3-1.7b-keep4-s42:215:3,215,288,0,0,0,2,68
qwen3-1.7b-keep4-s42,qwen3-1.7b-keep4-s42:215:4,215,422,0,0,0,15,68
qwen3-1.7b-keep4-s42,qwen3-1.7b-keep4-s42:215:5,215,316,0,0,0,12,68
qwen3-1.7b-keep4-s42,qwen3-1.7b-keep4-s42:216:0,216,495,0,0,0,20,70
qwen3-1.7b-keep4-s42,qwen3-1.7b-keep4-s42:216:1,216,274,0,0,0,20,70
qwen3-1.7b-keep4-s42,qwen3-1.7b-keep4-s42:216:2,216,403,0,0,0,24,70
qwen3-1.7b-keep4-s42,qwen3-1.7b-keep4-s42:216:3,216,337,0,0,0,23,70
qwen3-1.7b-keep4-s42,qwen3-1.7b-keep4-s42:216:4,216,364,0,0,0,22,70
qwen3-1.7b-keep4-s42,qwen3-1.7b-keep4-s42:216:5,216,397,0,0,0,21,70
qwen3-1.7b-keep4-s42,qwen3-1.7b-keep4-s42:216:6,216,406,0,0,0,18,70
qwen3-1.7b-keep4-s42,qwen3-1.7b-keep4-s42:216:7,216,366,0,0,0,16,70
qwen3-1.7b-keep4-s42,qwen3-1.7b-keep4-s42:217:0,217,325,0,0,0,25,47
qwen3-1.7b-keep4-s42,qwen3-1.7b-keep4-s42:217:1,217,542,0,0,0,16,47
qwen3-1.7b-keep4-s42,qwen3-1.7b-keep4-s42:217:5,217,478,0,0,0,15,47
qwen3-1.7b-keep4-s42,qwen3-1.7b-keep4-s42:217:6,217,447,0,0,0,21,47
qwen3-1.7b-keep4-s42,qwen3-1.7b-keep4-s42:218:2,218,345,0,0,0,0,50
qwen3-1.7b-keep4-s42,qwen3-1.7b-keep4-s42:218:3,218,483,0,0,0,10,50
qwen3-1.7b-keep4-s42,qwen3-1.7b-keep4-s42:218:4,218,375,0,0,0,2,50
qwen3-1.7b-keep4-s42,qwen3-1.7b-keep4-s42:219:1,219,521,0,0,0,5,31
qwen3-1.7b-keep4-s42,qwen3-1.7b-keep4-s42:219:2,219,493,0,0,0,2,31
qwen3-1.7b-keep4-s42,qwen3-1.7b-keep4-s42:219:3,219,402,0,0,0,2,31
qwen3-1.7b-keep4-s42,qwen3-1.7b-keep4-s42:219:4,219,631,0,0,0,2,31
qwen3-1.7b-keep4-s42,qwen3-1.7b-keep4-s42:219:5,219,575,0,0,0,4,31
qwen3-1.7b-keep4-s42,qwen3-1.7b-keep4-s42:219:6,219,411,0,0,0,8,31
qwen3-1.7b-keep4-s42,qwen3-1.7b-keep4-s42:219:7,219,446,0,0,0,1,31
qwen3-1.7b-keep4-s42,qwen3-1.7b-keep4-s42:220:0,220,567,0,0,0,1,20
qwen3-1.7b-keep4-s42,qwen3-1.7b-keep4-s42:220:1,220,361,0,0,0,2,20
qwen3-1.7b-keep4-s42,qwen3-1.7b-keep4-s42:220:2,220,339,0,0,0,0,20
qwen3-1.7b-keep4-s42,qwen3-1.7b-keep4-s42:220:4,220,458,0,0,0,0,20
qwen3-1.7b-keep4-s42,qwen3-1.7b-keep4-s42:220:5,220,518,0,0,0,0,20
qwen3-1.7b-keep4-s42,qwen3-1.7b-keep4-s42:221:0,221,530,0,0,0,5,39
qwen3-1.7b-keep4-s42,qwen3-1.7b-keep4-s42:221:1,221,431,0,0,0,13,39
qwen3-1.7b-keep4-s42,qwen3-1.7b-keep4-s42:221:2,221,41,0,0,0,7,39
qwen3-1.7b-keep4-s42,qwen3-1.7b-keep4-s42:221:4,221,2,0,0,0,13,39
qwen3-1.7b-keep4-s42,qwen3-1.7b-keep4-s42:221:5,221,5,0,0,0,19,39
qwen3-1.7b-keep4-s42,qwen3-1.7b-keep4-s42:221:6,221,386,0,0,0,6,39
qwen3-1.7b-keep4-s42,qwen3-1.7b-keep4-s42:223:0,223,15,0,0,0,15,60
qwen3-1.7b-keep4-s42,qwen3-1.7b-keep4-s42:223:1,223,16,0,0,0,14,60
qwen3-1.7b-keep4-s42,qwen3-1.7b-keep4-s42:223:3,223,424,0,0,0,11,60
qwen3-1.7b-keep4-s42,qwen3-1.7b-keep4-s42:223:6,223,9,0,0,0,6,60
qwen3-1.7b-keep4-s42,qwen3-1.7b-keep4-s42:224:2,224,455,0,0,0,11,39
qwen3-1.7b-keep4-s42,qwen3-1.7b-keep4-s42:224:3,224,42,0,0,0,6,39
qwen3-1.7b-keep4-s42,qwen3-1.7b-keep4-s42:224:7,224,5,0,0,0,8,39
qwen3-1.7b-keep4-s42,qwen3-1.7b-keep4-s42:225:0,225,397,0,0,0,20,27
qwen3-1.7b-keep4-s42,qwen3-1.7b-keep4-s42:225:1,225,395,0,0,0,18,27
qwen3-1.7b-keep4-s42,qwen3-1.7b-keep4-s42:225:2,225,467,0,0,0,21,27
qwen3-1.7b-keep4-s42,qwen3-1.7b-keep4-s42:225:3,225,467,0,0,0,20,27
qwen3-1.7b-keep4-s42,qwen3-1.7b-keep4-s42:225:5,225,476,0,0,0,18,27
qwen3-1.7b-keep4-s42,qwen3-1.7b-keep4-s42:225:6,225,390,0,0,0,20,27
qwen3-1.7b-keep4-s42,qwen3-1.7b-keep4-s42:225:7,225,372,0,0,0,23,27
qwen3-1.7b-keep4-s42,qwen3-1.7b-keep4-s42:226:0,226,479,0,0,0,6,26
qwen3-1.7b-keep4-s42,qwen3-1.7b-keep4-s42:226:1,226,525,0,0,0,3,26
qwen3-1.7b-keep4-s42,qwen3-1.7b-keep4-s42:226:2,226,482,0,0,0,7,26
qwen3-1.7b-keep4-s42,qwen3-1.7b-keep4-s42:226:3,226,455,0,0,0,6,26
qwen3-1.7b-keep4-s42,qwen3-1.7b-keep4-s42:226:4,226,513,0,0,0,4,26
qwen3-1.7b-keep4-s42,qwen3-1.7b-keep4-s42:226:5,226,449,0,0,0,5,26
qwen3-1.7b-keep4-s42,qwen3-1.7b-keep4-s42:226:6,226,6,0,0,0,4,26
qwen3-1.7b-keep4-s42,qwen3-1.7b-keep4-s42:226:7,226,556,0,0,0,5,26
qwen3-1.7b-keep4-s42,qwen3-1.7b-keep4-s42:227:0,227,383,0,0,0,14,58
qwen3-1.7b-keep4-s42,qwen3-1.7b-keep4-s42:227:1,227,400,0,0,0,16,58
qwen3-1.7b-keep4-s42,qwen3-1.7b-keep4-s42:227:2,227,438,0,0,0,11,58
qwen3-1.7b-keep4-s42,qwen3-1.7b-keep4-s42:227:3,227,454,0,0,0,10,58
qwen3-1.7b-keep4-s42,qwen3-1.7b-keep4-s42:227:4,227,423,0,0,0,12,58
qwen3-1.7b-keep4-s42,qwen3-1.7b-keep4-s42:227:5,227,429,0,0,0,13,58
qwen3-1.7b-keep4-s42,qwen3-1.7b-keep4-s42:227:6,227,435,0,0,0,10,58
qwen3-1.7b-keep4-s42,qwen3-1.7b-keep4-s42:227:7,227,397,0,0,0,16,58
qwen3-1.7b-keep4-s42,qwen3-1.7b-keep4-s42:228:0,228,443,0,0,0,0,43
qwen3-1.7b-keep4-s42,qwen3-1.7b-keep4-s42:228:1,228,458,0,0,0,3,43
qwen3-1.7b-keep4-s42,qwen3-1.7b-keep4-s42:228:3,228,447,0,0,0,21,43
qwen3-1.7b-keep4-s42,qwen3-1.7b-keep4-s42:228:4,228,458,0,0,0,2,43
qwen3-1.7b-keep4-s42,qwen3-1.7b-keep4-s42:228:5,228,328,0,0,0,16,43
qwen3-1.7b-keep4-s42,qwen3-1.7b-keep4-s42:228:6,228,570,0,0,0,0,43
qwen3-1.7b-keep4-s42,qwen3-1.7b-keep4-s42:228:7,228,404,0,0,0,22,43
qwen3-1.7b-keep4-s42,qwen3-1.7b-keep4-s42:229:0,229,470,0,0,0,38,76
qwen3-1.7b-keep4-s42,qwen3-1.7b-keep4-s42:229:1,229,329,0,0,0,4,76
qwen3-1.7b-keep4-s42,qwen3-1.7b-keep4-s42:229:2,229,505,0,0,0,24,76
qwen3-1.7b-keep4-s42,qwen3-1.7b-keep4-s42:229:3,229,447,0,0,0,34,76
qwen3-1.7b-keep4-s42,qwen3-1.7b-keep4-s42:229:4,229,493,0,0,0,24,76
qwen3-1.7b-keep4-s42,qwen3-1.7b-keep4-s42:229:5,229,433,0,0,0,27,76
qwen3-1.7b-keep4-s42,qwen3-1.7b-keep4-s42:229:6,229,478,0,0,0,30,76
qwen3-1.7b-keep4-s42,qwen3-1.7b-keep4-s42:229:7,229,411,0,0,0,41,76
qwen3-1.7b-keep4-s42,qwen3-1.7b-keep4-s42:230:0,230,0,0,0,0,19,36
qwen3-1.7b-keep4-s42,qwen3-1.7b-keep4-s42:230:1,230,288,0,0,0,18,36
qwen3-1.7b-keep4-s42,qwen3-1.7b-keep4-s42:230:2,230,250,0,0,0,18,36
qwen3-1.7b-keep4-s42,qwen3-1.7b-keep4-s42:230:3,230,275,0,0,0,18,36
qwen3-1.7b-keep4-s42,qwen3-1.7b-keep4-s42:230:5,230,325,0,0,0,12,36
qwen3-1.7b-keep4-s42,qwen3-1.7b-keep4-s42:230:6,230,386,0,0,0,19,36
qwen3-1.7b-keep4-s42,qwen3-1.7b-keep4-s42:230:7,230,366,0,0,0,18,36
qwen3-1.7b-keep4-s42,qwen3-1.7b-keep4-s42:231:0,231,430,0,0,0,10,56
qwen3-1.7b-keep4-s42,qwen3-1.7b-keep4-s42:231:1,231,402,0,0,0,6,56
qwen3-1.7b-keep4-s42,qwen3-1.7b-keep4-s42:231:2,231,462,0,0,0,8,56
qwen3-1.7b-keep4-s42,qwen3-1.7b-keep4-s42:231:3,231,444,0,0,0,9,56
qwen3-1.7b-keep4-s42,qwen3-1.7b-keep4-s42:231:4,231,528,0,0,0,8,56
qwen3-1.7b-keep4-s42,qwen3-1.7b-keep4-s42:231:5,231,416,0,0,0,7,56
qwen3-1.7b-keep4-s42,qwen3-1.7b-keep4-s42:231:6,231,436,0,0,0,12,56
qwen3-1.7b-keep4-s42,qwen3-1.7b-keep4-s42:231:7,231,341,0,0,0,9,56
qwen3-1.7b-keep4-s42,qwen3-1.7b-keep4-s42:232:0,232,394,0,0,0,26,89
qwen3-1.7b-keep4-s42,qwen3-1.7b-keep4-s42:232:3,232,514,0,0,0,32,89
qwen3-1.7b-keep4-s42,qwen3-1.7b-keep4-s42:232:4,232,306,0,0,0,27,89
qwen3-1.7b-keep4-s42,qwen3-1.7b-keep4-s42:232:6,232,469,0,0,0,27,89
qwen3-1.7b-keep4-s42,qwen3-1.7b-keep4-s42:232:7,232,0,0,0,0,33,89
qwen3-1.7b-keep4-s42,qwen3-1.7b-keep4-s42:233:0,233,423,0,0,0,17,95
qwen3-1.7b-keep4-s42,qwen3-1.7b-keep4-s42:233:1,233,398,0,0,0,40,95
qwen3-1.7b-keep4-s42,qwen3-1.7b-keep4-s42:233:2,233,469,0,0,0,22,95
qwen3-1.7b-keep4-s42,qwen3-1.7b-keep4-s42:233:3,233,423,0,0,0,18,95
qwen3-1.7b-keep4-s42,qwen3-1.7b-keep4-s42:233:5,233,443,0,0,0,36,95
qwen3-1.7b-keep4-s42,qwen3-1.7b-keep4-s42:233:6,233,421,0,0,0,38,95
qwen3-1.7b-keep4-s42,qwen3-1.7b-keep4-s42:233:7,233,331,0,0,0,34,95
qwen3-1.7b-keep4-s42,qwen3-1.7b-keep4-s42:234:0,234,441,0,0,0,22,88
qwen3-1.7b-keep4-s42,qwen3-1.7b-keep4-s42:234:3,234,309,1,0,0,5,88
qwen3-1.7b-keep4-s42,qwen3-1.7b-keep4-s42:234:4,234,11,0,0,0,30,88
qwen3-1.7b-keep4-s42,qwen3-1.7b-keep4-s42:235:0,235,442,0,0,0,0,29
qwen3-1.7b-keep4-s42,qwen3-1.7b-keep4-s42:236:0,236,334,0,0,0,1,17
qwen3-1.7b-keep4-s42,qwen3-1.7b-keep4-s42:236:1,236,444,0,0,0,2,17
qwen3-1.7b-keep4-s42,qwen3-1.7b-keep4-s42:236:2,236,610,0,0,0,0,17
qwen3-1.7b-keep4-s42,qwen3-1.7b-keep4-s42:236:3,236,588,0,0,0,0,17
qwen3-1.7b-keep4-s42,qwen3-1.7b-keep4-s42:236:4,236,495,0,0,0,0,17
qwen3-1.7b-keep4-s42,qwen3-1.7b-keep4-s42:236:6,236,485,0,0,0,3,17
qwen3-1.7b-keep4-s42,qwen3-1.7b-keep4-s42:236:7,236,406,0,0,0,0,17
qwen3-1.7b-keep4-s42,qwen3-1.7b-keep4-s42:237:0,237,406,0,0,0,25,58
qwen3-1.7b-keep4-s42,qwen3-1.7b-keep4-s42:238:0,238,289,0,0,0,19,42
qwen3-1.7b-keep4-s42,qwen3-1.7b-keep4-s42:238:1,238,477,0,0,0,12,42
qwen3-1.7b-keep4-s42,qwen3-1.7b-keep4-s42:238:2,238,226,0,0,0,15,42
qwen3-1.7b-keep4-s42,qwen3-1.7b-keep4-s42:238:3,238,363,0,0,0,20,42
qwen3-1.7b-keep4-s42,qwen3-1.7b-keep4-s42:238:4,238,311,0,0,0,14,42
qwen3-1.7b-keep4-s42,qwen3-1.7b-keep4-s42:238:5,238,296,0,0,0,18,42
qwen3-1.7b-keep4-s42,qwen3-1.7b-keep4-s42:238:6,238,364,0,0,0,13,42
qwen3-1.7b-keep4-s42,qwen3-1.7b-keep4-s42:238:7,238,365,0,0,0,11,42
qwen3-1.7b-keep4-s42,qwen3-1.7b-keep4-s42:239:0,239,453,0,0,0,11,46
qwen3-1.7b-keep4-s42,qwen3-1.7b-keep4-s42:239:1,239,352,0,0,0,11,46
qwen3-1.7b-keep4-s42,qwen3-1.7b-keep4-s42:239:2,239,507,0,0,0,12,46
qwen3-1.7b-keep4-s42,qwen3-1.7b-keep4-s42:239:3,239,477,0,0,0,14,46
qwen3-1.7b-keep4-s42,qwen3-1.7b-keep4-s42:239:4,239,573,0,0,0,7,46
qwen3-1.7b-keep4-s42,qwen3-1.7b-keep4-s42:239:5,239,421,0,0,0,10,46
qwen3-1.7b-keep4-s42,qwen3-1.7b-keep4-s42:239:7,239,507,0,0,0,7,46
qwen3-1.7b-keep4-s42,qwen3-1.7b-keep4-s42:240:0,240,562,0,0,0,8,28
qwen3-1.7b-keep4-s42,qwen3-1.7b-keep4-s42:240:1,240,13,0,0,0,7,28
qwen3-1.7b-keep4-s42,qwen3-1.7b-keep4-s42:240:3,240,495,0,0,0,2,28
qwen3-1.7b-keep4-s42,qwen3-1.7b-keep4-s42:240:4,240,565,0,0,0,8,28
qwen3-1.7b-keep4-s42,qwen3-1.7b-keep4-s42:240:5,240,570,0,0,0,9,28
qwen3-1.7b-keep4-s42,qwen3-1.7b-keep4-s42:240:7,240,539,0,0,0,10,28
qwen3-1.7b-keep4-s42,qwen3-1.7b-keep4-s42:241:0,241,491,0,0,0,18,29
qwen3-1.7b-keep4-s42,qwen3-1.7b-keep4-s42:241:2,241,30,17,1,4,17,29
qwen3-1.7b-keep4-s42,qwen3-1.7b-keep4-s42:241:4,241,7,0,0,0,6,29
qwen3-1.7b-keep4-s42,qwen3-1.7b-keep4-s42:241:6,241,540,0,0,0,18,29
qwen3-1.7b-keep4-s42,qwen3-1.7b-keep4-s42:242:7,242,481,0,0,0,12,16
qwen3-1.7b-keep4-s42,qwen3-1.7b-keep4-s42:243:2,243,439,0,0,0,13,36
qwen3-1.7b-keep4-s42,qwen3-1.7b-keep4-s42:243:4,243,425,0,0,0,19,36
qwen3-1.7b-keep4-s42,qwen3-1.7b-keep4-s42:243:6,243,5,0,0,0,21,36
qwen3-1.7b-keep4-s42,qwen3-1.7b-keep4-s42:243:7,243,458,0,0,0,15,36
qwen3-1.7b-keep4-s42,qwen3-1.7b-keep4-s42:244:2,244,451,0,0,0,12,41
qwen3-1.7b-keep4-s42,qwen3-1.7b-keep4-s42:244:3,244,505,0,0,0,10,41
qwen3-1.7b-keep4-s42,qwen3-1.7b-keep4-s42:244:4,244,474,0,0,0,9,41
qwen3-1.7b-keep4-s42,qwen3-1.7b-keep4-s42:244:7,244,435,0,0,0,4,41
qwen3-1.7b-keep4-s42,qwen3-1.7b-keep4-s42:245:5,245,326,0,0,0,10,34
qwen3-1.7b-keep4-s42,qwen3-1.7b-keep4-s42:245:6,245,519,0,0,0,9,34
qwen3-1.7b-keep4-s42,qwen3-1.7b-keep4-s42:245:7,245,344,0,0,0,11,34
qwen3-1.7b-keep4-s42,qwen3-1.7b-keep4-s42:246:0,246,483,0,0,0,25,65
qwen3-1.7b-keep4-s42,qwen3-1.7b-keep4-s42:246:1,246,347,0,0,0,24,65
qwen3-1.7b-keep4-s42,qwen3-1.7b-keep4-s42:246:3,246,65,0,0,0,27,65
qwen3-1.7b-keep4-s42,qwen3-1.7b-keep4-s42:246:4,246,531,0,0,0,26,65
qwen3-1.7b-keep4-s42,qwen3-1.7b-keep4-s42:247:1,247,1,0,0,0,14,23
qwen3-1.7b-keep4-s42,qwen3-1.7b-keep4-s42:247:7,247,449,0,0,0,12,23
qwen3-1.7b-keep4-s42,qwen3-1.7b-keep4-s42:248:0,248,416,0,0,0,0,27
qwen3-1.7b-keep4-s42,qwen3-1.7b-keep4-s42:248:2,248,408,0,0,0,0,27
qwen3-1.7b-keep4-s42,qwen3-1.7b-keep4-s42:248:3,248,50,16,0,0,0,27
qwen3-1.7b-keep4-s42,qwen3-1.7b-keep4-s42:248:6,248,78,0,0,0,0,27
qwen3-1.7b-keep4-s42,qwen3-1.7b-keep4-s42:249:0,249,423,0,0,0,20,36
qwen3-1.7b-keep4-s42,qwen3-1.7b-keep4-s42:249:1,249,5,0,0,0,18,36
qwen3-1.7b-keep4-s42,qwen3-1.7b-keep4-s42:249:2,249,506,0,0,0,14,36
qwen3-1.7b-keep4-s42,qwen3-1.7b-keep4-s42:249:3,249,434,0,0,0,20,36
qwen3-1.7b-keep4-s42,qwen3-1.7b-keep4-s42:249:4,249,531,0,0,0,17,36
qwen3-1.7b-keep4-s42,qwen3-1.7b-keep4-s42:249:5,249,612,0,0,0,20,36
qwen3-1.7b-keep4-s42,qwen3-1.7b-keep4-s42:249:6,249,4,0,0,0,15,36
qwen3-1.7b-keep4-s42,qwen3-1.7b-keep4-s42:250:0,250,247,0,0,0,16,68
qwen3-1.7b-keep4-s42,qwen3-1.7b-keep4-s42:250:2,250,34,8,0,2,30,68
qwen3-1.7b-keep4-s42,qwen3-1.7b-keep4-s42:250:3,250,325,0,0,0,20,68
qwen3-1.7b-keep4-s42,qwen3-1.7b-keep4-s42:250:4,250,170,0,0,0,26,68
qwen3-1.7b-keep4-s42,qwen3-1.7b-keep4-s42:250:6,250,274,0,0,0,26,68
qwen3-1.7b-keep4-s42,qwen3-1.7b-keep4-s42:250:7,250,325,0,0,0,21,68
qwen3-1.7b-keep4-s42,qwen3-1.7b-keep4-s42:252:0,252,16,0,0,0,7,74
qwen3-1.7b-keep4-s42,qwen3-1.7b-keep4-s42:252:1,252,326,0,0,0,13,74
qwen3-1.7b-keep4-s42,qwen3-1.7b-keep4-s42:252:3,252,445,1,0,0,8,74
qwen3-1.7b-keep4-s42,qwen3-1.7b-keep4-s42:252:5,252,199,0,0,0,15,74
qwen3-1.7b-keep4-s42,qwen3-1.7b-keep4-s42:252:6,252,1,0,0,0,8,74
qwen3-1.7b-keep4-s42,qwen3-1.7b-keep4-s42:252:7,252,392,0,0,0,9,74
qwen3-1.7b-keep4-s42,qwen3-1.7b-keep4-s42:253:0,253,451,0,0,0,10,44
qwen3-1.7b-keep4-s42,qwen3-1.7b-keep4-s42:253:1,253,385,0,0,0,8,44
qwen3-1.7b-keep4-s42,qwen3-1.7b-keep4-s42:253:2,253,403,0,0,0,17,44
qwen3-1.7b-keep4-s42,qwen3-1.7b-keep4-s42:253:3,253,67,0,0,0,15,44
qwen3-1.7b-keep4-s42,qwen3-1.7b-keep4-s42:253:6,253,3,0,0,0,12,44
qwen3-1.7b-keep4-s42,qwen3-1.7b-keep4-s42:253:7,253,335,0,0,0,7,44
qwen3-1.7b-keep4-s42,qwen3-1.7b-keep4-s42:254:0,254,463,0,0,0,8,19
qwen3-1.7b-keep4-s42,qwen3-1.7b-keep4-s42:254:5,254,406,0,0,0,1,19
qwen3-1.7b-keep4-s42,qwen3-1.7b-keep4-s42:254:6,254,422,0,0,0,8,19
qwen3-1.7b-keep4-s42,qwen3-1.7b-keep4-s42:254:7,254,486,0,0,0,1,19
qwen3-1.7b-keep4-s42,qwen3-1.7b-keep4-s42:255:0,255,402,0,0,0,8,36
qwen3-1.7b-keep4-s42,qwen3-1.7b-keep4-s42:255:3,255,303,0,0,0,8,36
qwen3-1.7b-keep4-s42,qwen3-1.7b-keep4-s42:255:5,255,328,0,0,0,6,36
qwen3-1.7b-keep4-s42,qwen3-1.7b-keep4-s42:255:6,255,352,0,0,0,11,36
qwen3-1.7b-keep4-s42,qwen3-1.7b-keep4-s42:256:2,256,380,0,0,0,8,25
qwen3-1.7b-keep4-s42,qwen3-1.7b-keep4-s42:257:0,257,487,0,0,0,16,76
qwen3-1.7b-keep4-s42,qwen3-1.7b-keep4-s42:257:1,257,484,0,0,0,20,76
qwen3-1.7b-keep4-s42,qwen3-1.7b-keep4-s42:257:2,257,492,0,0,0,19,76
qwen3-1.7b-keep4-s42,qwen3-1.7b-keep4-s42:257:4,257,506,0,0,0,7,76
qwen3-1.7b-keep4-s42,qwen3-1.7b-keep4-s42:257:5,257,541,0,0,0,30,76
qwen3-1.7b-keep4-s42,qwen3-1.7b-keep4-s42:257:6,257,407,0,0,0,16,76
qwen3-1.7b-keep4-s42,qwen3-1.7b-keep4-s42:257:7,257,428,0,0,0,22,76
qwen3-1.7b-keep4-s42,qwen3-1.7b-keep4-s42:258:0,258,414,0,0,0,7,38
qwen3-1.7b-keep4-s42,qwen3-1.7b-keep4-s42:258:1,258,407,0,0,0,4,38
qwen3-1.7b-keep4-s42,qwen3-1.7b-keep4-s42:258:2,258,455,0,0,0,7,38
qwen3-1.7b-keep4-s42,qwen3-1.7b-keep4-s42:258:3,258,348,0,0,0,6,38
qwen3-1.7b-keep4-s42,qwen3-1.7b-keep4-s42:258:4,258,397,0,0,0,3,38
qwen3-1.7b-keep4-s42,qwen3-1.7b-keep4-s42:258:5,258,412,0,0,0,3,38
qwen3-1.7b-keep4-s42,qwen3-1.7b-keep4-s42:258:6,258,385,0,0,0,14,38
qwen3-1.7b-keep4-s42,qwen3-1.7b-keep4-s42:259:0,259,19,0,0,0,8,56
qwen3-1.7b-keep4-s42,qwen3-1.7b-keep4-s42:259:1,259,559,0,0,0,10,56
qwen3-1.7b-keep4-s42,qwen3-1.7b-keep4-s42:259:2,259,442,0,0,0,7,56
qwen3-1.7b-keep4-s42,qwen3-1.7b-keep4-s42:259:3,259,478,0,0,0,5,56
qwen3-1.7b-keep4-s42,qwen3-1.7b-keep4-s42:259:5,259,467,0,0,0,8,56
qwen3-1.7b-keep4-s42,qwen3-1.7b-keep4-s42:259:6,259,26,0,0,0,6,56
qwen3-1.7b-keep4-s42,qwen3-1.7b-keep4-s42:259:7,259,475,0,0,0,8,56
qwen3-1.7b-keep4-s42,qwen3-1.7b-keep4-s42:260:7,260,540,0,0,0,17,56
qwen3-1.7b-keep4-s42,qwen3-1.7b-keep4-s42:261:0,261,595,0,0,0,4,27
qwen3-1.7b-keep4-s42,qwen3-1.7b-keep4-s42:261:1,261,540,0,0,0,3,27
qwen3-1.7b-keep4-s42,qwen3-1.7b-keep4-s42:261:3,261,587,0,0,0,5,27
qwen3-1.7b-keep4-s42,qwen3-1.7b-keep4-s42:261:4,261,321,0,0,0,3,27
qwen3-1.7b-keep4-s42,qwen3-1.7b-keep4-s42:261:5,261,449,0,0,0,5,27
qwen3-1.7b-keep4-s42,qwen3-1.7b-keep4-s42:261:7,261,452,0,0,0,1,27
qwen3-1.7b-keep4-s42,qwen3-1.7b-keep4-s42:262:4,262,381,0,0,0,0,7
qwen3-1.7b-keep4-s42,qwen3-1.7b-keep4-s42:263:7,263,450,0,0,0,27,53
qwen3-1.7b-keep4-s42,qwen3-1.7b-keep4-s42:264:0,264,269,0,0,0,8,49
qwen3-1.7b-keep4-s42,qwen3-1.7b-keep4-s42:264:1,264,277,0,0,0,10,49
qwen3-1.7b-keep4-s42,qwen3-1.7b-keep4-s42:264:2,264,341,0,0,0,16,49
qwen3-1.7b-keep4-s42,qwen3-1.7b-keep4-s42:264:3,264,306,0,0,0,13,49
qwen3-1.7b-keep4-s42,qwen3-1.7b-keep4-s42:264:4,264,397,0,0,0,3,49
qwen3-1.7b-keep4-s42,qwen3-1.7b-keep4-s42:264:5,264,360,0,0,0,8,49
qwen3-1.7b-keep4-s42,qwen3-1.7b-keep4-s42:264:6,264,383,0,0,0,18,49
qwen3-1.7b-keep4-s42,qwen3-1.7b-keep4-s42:264:7,264,396,0,0,0,6,49
qwen3-1.7b-keep4-s42,qwen3-1.7b-keep4-s42:268:0,268,535,0,0,0,5,22
qwen3-1.7b-keep4-s42,qwen3-1.7b-keep4-s42:268:1,268,515,0,0,0,2,22
qwen3-1.7b-keep4-s42,qwen3-1.7b-keep4-s42:268:2,268,543,0,0,0,1,22
qwen3-1.7b-keep4-s42,qwen3-1.7b-keep4-s42:268:3,268,475,0,0,0,1,22
qwen3-1.7b-keep4-s42,qwen3-1.7b-keep4-s42:268:4,268,529,0,0,0,1,22
qwen3-1.7b-keep4-s42,qwen3-1.7b-keep4-s42:268:5,268,619,0,0,0,1,22
qwen3-1.7b-keep4-s42,qwen3-1.7b-keep4-s42:268:6,268,462,0,0,0,2,22
qwen3-1.7b-keep4-s42,qwen3-1.7b-keep4-s42:268:7,268,490,0,0,0,1,22
qwen3-1.7b-keep4-s42,qwen3-1.7b-keep4-s42:269:6,269,420,0,0,0,15,38
qwen3-1.7b-keep4-s42,qwen3-1.7b-keep4-s42:269:7,269,411,0,0,0,14,38
qwen3-1.7b-keep4-s42,qwen3-1.7b-keep4-s42:270:5,270,476,0,0,0,27,65
qwen3-1.7b-keep4-s42,qwen3-1.7b-keep4-s42:271:0,271,12,0,0,0,19,63
qwen3-1.7b-keep4-s42,qwen3-1.7b-keep4-s42:271:1,271,356,0,0,0,23,63
qwen3-1.7b-keep4-s42,qwen3-1.7b-keep4-s42:271:2,271,0,0,0,0,25,63
qwen3-1.7b-keep4-s42,qwen3-1.7b-keep4-s42:271:4,271,30,0,0,0,28,63
qwen3-1.7b-keep4-s42,qwen3-1.7b-keep4-s42:271:6,271,415,0,0,0,33,63
qwen3-1.7b-keep4-s42,qwen3-1.7b-keep4-s42:272:1,272,484,0,0,0,1,55
qwen3-1.7b-keep4-s42,qwen3-1.7b-keep4-s42:272:2,272,7,0,0,0,11,55
qwen3-1.7b-keep4-s42,qwen3-1.7b-keep4-s42:272:3,272,332,0,0,0,14,55
qwen3-1.7b-keep4-s42,qwen3-1.7b-keep4-s42:272:4,272,259,0,0,0,5,55
qwen3-1.7b-keep4-s42,qwen3-1.7b-keep4-s42:272:5,272,366,0,0,0,14,55
qwen3-1.7b-keep4-s42,qwen3-1.7b-keep4-s42:272:6,272,21,0,0,0,3,55
qwen3-1.7b-keep4-s42,qwen3-1.7b-keep4-s42:273:0,273,437,0,0,0,4,39
qwen3-1.7b-keep4-s42,qwen3-1.7b-keep4-s42:273:1,273,407,0,0,0,5,39
qwen3-1.7b-keep4-s42,qwen3-1.7b-keep4-s42:273:2,273,403,0,0,0,5,39
qwen3-1.7b-keep4-s42,qwen3-1.7b-keep4-s42:273:3,273,478,0,0,0,5,39
qwen3-1.7b-keep4-s42,qwen3-1.7b-keep4-s42:273:4,273,3,0,0,0,7,39
qwen3-1.7b-keep4-s42,qwen3-1.7b-keep4-s42:273:5,273,456,0,0,0,5,39
qwen3-1.7b-keep4-s42,qwen3-1.7b-keep4-s42:274:0,274,395,0,0,0,14,83
qwen3-1.7b-keep4-s42,qwen3-1.7b-keep4-s42:274:1,274,361,0,0,0,3,83
qwen3-1.7b-keep4-s42,qwen3-1.7b-keep4-s42:274:2,274,402,0,0,0,1,83
qwen3-1.7b-keep4-s42,qwen3-1.7b-keep4-s42:274:3,274,460,0,0,0,6,83
qwen3-1.7b-keep4-s42,qwen3-1.7b-keep4-s42:274:4,274,328,0,0,0,15,83
qwen3-1.7b-keep4-s42,qwen3-1.7b-keep4-s42:274:6,274,348,0,0,0,3,83
qwen3-1.7b-keep4-s42,qwen3-1.7b-keep4-s42:274:7,274,372,0,0,0,17,83
qwen3-1.7b-keep4-s42,qwen3-1.7b-keep4-s42:275:0,275,328,0,0,0,5,34
qwen3-1.7b-keep4-s42,qwen3-1.7b-keep4-s42:275:1,275,297,0,0,0,5,34
qwen3-1.7b-keep4-s42,qwen3-1.7b-keep4-s42:275:3,275,496,0,0,0,6,34
qwen3-1.7b-keep4-s42,qwen3-1.7b-keep4-s42:276:0,276,376,0,0,0,6,22
qwen3-1.7b-keep4-s42,qwen3-1.7b-keep4-s42:276:3,276,330,0,0,0,7,22
qwen3-1.7b-keep4-s42,qwen3-1.7b-keep4-s42:276:6,276,373,0,0,0,3,22
qwen3-1.7b-keep4-s42,qwen3-1.7b-keep4-s42:277:0,277,421,0,0,0,12,65
qwen3-1.7b-keep4-s42,qwen3-1.7b-keep4-s42:277:1,277,394,0,0,0,9,65
qwen3-1.7b-keep4-s42,qwen3-1.7b-keep4-s42:277:2,277,406,0,0,0,5,65
qwen3-1.7b-keep4-s42,qwen3-1.7b-keep4-s42:277:3,277,352,0,0,0,11,65
qwen3-1.7b-keep4-s42,qwen3-1.7b-keep4-s42:277:4,277,354,0,0,0,10,65
qwen3-1.7b-keep4-s42,qwen3-1.7b-keep4-s42:277:5,277,459,0,0,0,10,65
qwen3-1.7b-keep4-s42,qwen3-1.7b-keep4-s42:277:6,277,425,0,0,0,15,65
qwen3-1.7b-keep4-s42,qwen3-1.7b-keep4-s42:277:7,277,296,0,0,0,7,65
qwen3-1.7b-keep4-s42,qwen3-1.7b-keep4-s42:278:1,278,504,0,0,0,12,32
qwen3-1.7b-keep4-s42,qwen3-1.7b-keep4-s42:279:0,279,392,0,0,0,4,36
qwen3-1.7b-keep4-s42,qwen3-1.7b-keep4-s42:279:1,279,542,0,0,0,1,36
qwen3-1.7b-keep4-s42,qwen3-1.7b-keep4-s42:279:2,279,390,0,0,0,2,36
qwen3-1.7b-keep4-s42,qwen3-1.7b-keep4-s42:279:3,279,421,0,0,0,2,36
qwen3-1.7b-keep4-s42,qwen3-1.7b-keep4-s42:279:4,279,529,0,0,0,4,36
qwen3-1.7b-keep4-s42,qwen3-1.7b-keep4-s42:279:5,279,528,0,0,0,2,36
qwen3-1.7b-keep4-s42,qwen3-1.7b-keep4-s42:279:6,279,443,0,0,0,5,36
qwen3-1.7b-keep4-s42,qwen3-1.7b-keep4-s42:279:7,279,522,0,0,0,6,36
qwen3-1.7b-keep4-s42,qwen3-1.7b-keep4-s42:280:3,280,395,0,0,0,5,40
qwen3-1.7b-keep4-s42,qwen3-1.7b-keep4-s42:280:5,280,408,0,0,0,4,40
qwen3-1.7b-keep4-s42,qwen3-1.7b-keep4-s42:281:0,281,357,0,0,0,12,44
qwen3-1.7b-keep4-s42,qwen3-1.7b-keep4-s42:281:1,281,439,0,0,0,12,44
qwen3-1.7b-keep4-s42,qwen3-1.7b-keep4-s42:281:2,281,471,0,0,0,11,44
qwen3-1.7b-keep4-s42,qwen3-1.7b-keep4-s42:281:3,281,583,0,0,0,19,44
qwen3-1.7b-keep4-s42,qwen3-1.7b-keep4-s42:281:4,281,536,0,0,0,10,44
qwen3-1.7b-keep4-s42,qwen3-1.7b-keep4-s42:281:5,281,487,0,0,0,13,44
qwen3-1.7b-keep4-s42,qwen3-1.7b-keep4-s42:281:6,281,536,0,0,0,20,44
qwen3-1.7b-keep4-s42,qwen3-1.7b-keep4-s42:281:7,281,474,0,0,0,12,44
qwen3-1.7b-keep4-s42,qwen3-1.7b-keep4-s42:282:0,282,298,0,0,0,9,14
qwen3-1.7b-keep4-s42,qwen3-1.7b-keep4-s42:283:0,283,338,0,0,0,22,64
qwen3-1.7b-keep4-s42,qwen3-1.7b-keep4-s42:283:3,283,348,0,0,0,19,64
qwen3-1.7b-keep4-s42,qwen3-1.7b-keep4-s42:283:4,283,423,0,0,0,16,64
qwen3-1.7b-keep4-s42,qwen3-1.7b-keep4-s42:283:5,283,319,0,0,0,13,64
qwen3-1.7b-keep4-s42,qwen3-1.7b-keep4-s42:283:6,283,418,0,0,0,16,64
qwen3-1.7b-keep4-s42,qwen3-1.7b-keep4-s42:283:7,283,495,0,0,0,15,64
qwen3-1.7b-keep4-s42,qwen3-1.7b-keep4-s42:284:0,284,456,0,0,0,10,28
qwen3-1.7b-keep4-s42,qwen3-1.7b-keep4-s42:284:1,284,490,0,0,0,9,28
qwen3-1.7b-keep4-s42,qwen3-1.7b-keep4-s42:284:2,284,441,0,0,0,5,28
qwen3-1.7b-keep4-s42,qwen3-1.7b-keep4-s42:284:3,284,418,0,0,0,7,28
qwen3-1.7b-keep4-s42,qwen3-1.7b-keep4-s42:284:5,284,476,0,0,0,10,28
qwen3-1.7b-keep4-s42,qwen3-1.7b-keep4-s42:284:6,284,516,0,0,0,8,28
qwen3-1.7b-keep4-s42,qwen3-1.7b-keep4-s42:285:1,285,59,30,0,0,14,35
qwen3-1.7b-keep4-s42,qwen3-1.7b-keep4-s42:285:5,285,4,0,0,0,11,35
qwen3-1.7b-keep4-s42,qwen3-1.7b-keep4-s42:286:0,286,458,0,0,0,5,48
qwen3-1.7b-keep4-s42,qwen3-1.7b-keep4-s42:286:1,286,485,0,0,0,3,48
qwen3-1.7b-keep4-s42,qwen3-1.7b-keep4-s42:286:2,286,483,0,0,0,13,48
qwen3-1.7b-keep4-s42,qwen3-1.7b-keep4-s42:286:3,286,11,0,0,0,2,48
qwen3-1.7b-keep4-s42,qwen3-1.7b-keep4-s42:286:4,286,421,0,0,0,9,48
qwen3-1.7b-keep4-s42,qwen3-1.7b-keep4-s42:286:5,286,3,0,0,0,9,48
qwen3-1.7b-keep4-s42,qwen3-1.7b-keep4-s42:286:6,286,408,0,0,0,6,48
qwen3-1.7b-keep4-s42,qwen3-1.7b-keep4-s42:286:7,286,461,0,0,0,5,48
qwen3-1.7b-keep4-s42,qwen3-1.7b-keep4-s42:287:0,287,479,0,0,0,5,63
qwen3-1.7b-keep4-s42,qwen3-1.7b-keep4-s42:287:2,287,395,0,0,0,6,63
qwen3-1.7b-keep4-s42,qwen3-1.7b-keep4-s42:287:3,287,108,0,0,0,7,63
qwen3-1.7b-keep4-s42,qwen3-1.7b-keep4-s42:287:4,287,402,0,0,0,10,63
qwen3-1.7b-keep4-s42,qwen3-1.7b-keep4-s42:287:5,287,1,0,0,0,10,63
qwen3-1.7b-keep4-s42,qwen3-1.7b-keep4-s42:287:6,287,456,0,0,0,5,63
qwen3-1.7b-keep4-s42,qwen3-1.7b-keep4-s42:287:7,287,533,0,0,0,4,63
qwen3-1.7b-keep4-s42,qwen3-1.7b-keep4-s42:288:2,288,655,0,0,0,13,30
qwen3-1.7b-keep4-s42,qwen3-1.7b-keep4-s42:288:4,288,580,0,0,0,15,30
qwen3-1.7b-keep4-s42,qwen3-1.7b-keep4-s42:288:6,288,5,0,0,0,14,30
qwen3-1.7b-keep4-s42,qwen3-1.7b-keep4-s42:288:7,288,590,0,0,0,15,30
qwen3-1.7b-keep4-s42,qwen3-1.7b-keep4-s42:289:0,289,445,0,0,0,3,21
qwen3-1.7b-keep4-s42,qwen3-1.7b-keep4-s42:289:1,289,333,0,0,0,3,21
qwen3-1.7b-keep4-s42,qwen3-1.7b-keep4-s42:289:2,289,512,0,0,0,5,21
qwen3-1.7b-keep4-s42,qwen3-1.7b-keep4-s42:289:3,289,569,0,0,0,3,21
qwen3-1.7b-keep4-s42,qwen3-1.7b-keep4-s42:289:4,289,450,0,0,0,3,21
qwen3-1.7b-keep4-s42,qwen3-1.7b-keep4-s42:289:5,289,627,0,0,0,3,21
qwen3-1.7b-keep4-s42,qwen3-1.7b-keep4-s42:289:6,289,478,0,0,0,4,21
qwen3-1.7b-keep4-s42,qwen3-1.7b-keep4-s42:289:7,289,407,0,0,0,3,21
qwen3-1.7b-keep4-s42,qwen3-1.7b-keep4-s42:291:1,291,353,0,0,0,7,44
qwen3-1.7b-keep4-s42,qwen3-1.7b-keep4-s42:291:2,291,256,0,0,0,2,44
qwen3-1.7b-keep4-s42,qwen3-1.7b-keep4-s42:291:3,291,219,0,0,0,9,44
qwen3-1.7b-keep4-s42,qwen3-1.7b-keep4-s42:291:6,291,264,0,0,0,10,44
qwen3-1.7b-keep4-s42,qwen3-1.7b-keep4-s42:292:2,292,407,0,0,0,9,21
qwen3-1.7b-keep4-s42,qwen3-1.7b-keep4-s42:293:5,293,338,0,0,0,14,54
qwen3-1.7b-keep4-s42,qwen3-1.7b-keep4-s42:294:1,294,390,0,0,0,0,79
qwen3-1.7b-keep4-s42,qwen3-1.7b-keep4-s42:294:2,294,371,0,0,0,0,79
qwen3-1.7b-keep4-s42,qwen3-1.7b-keep4-s42:294:3,294,423,0,0,0,4,79
qwen3-1.7b-keep4-s42,qwen3-1.7b-keep4-s42:294:4,294,404,0,0,0,1,79
qwen3-1.7b-keep4-s42,qwen3-1.7b-keep4-s42:294:5,294,3,0,0,0,0,79
qwen3-1.7b-keep4-s42,qwen3-1.7b-keep4-s42:294:6,294,373,0,0,0,0,79
qwen3-1.7b-keep4-s42,qwen3-1.7b-keep4-s42:294:7,294,427,0,0,0,0,79
qwen3-1.7b-keep4-s42,qwen3-1.7b-keep4-s42:296:1,296,8,0,0,0,16,60
qwen3-1.7b-keep4-s42,qwen3-1.7b-keep4-s42:297:0,297,361,0,0,0,4,51
qwen3-1.7b-keep4-s42,qwen3-1.7b-keep4-s42:297:1,297,445,0,0,0,11,51
qwen3-1.7b-keep4-s42,qwen3-1.7b-keep4-s42:297:2,297,8,0,0,0,10,51
qwen3-1.7b-keep4-s42,qwen3-1.7b-keep4-s42:297:4,297,514,0,0,0,6,51
qwen3-1.7b-keep4-s42,qwen3-1.7b-keep4-s42:297:6,297,3,0,0,0,2,51
qwen3-1.7b-keep4-s42,qwen3-1.7b-keep4-s42:297:7,297,10,0,0,0,5,51
qwen3-1.7b-keep4-s42,qwen3-1.7b-keep4-s42:298:0,298,246,0,0,0,23,79
qwen3-1.7b-keep4-s42,qwen3-1.7b-keep4-s42:298:1,298,302,0,0,0,12,79
qwen3-1.7b-keep4-s42,qwen3-1.7b-keep4-s42:298:2,298,284,0,0,0,18,79
qwen3-1.7b-keep4-s42,qwen3-1.7b-keep4-s42:298:3,298,296,0,0,0,24,79
qwen3-1.7b-keep4-s42,qwen3-1.7b-keep4-s42:298:4,298,315,0,0,0,13,79
qwen3-1.7b-keep4-s42,qwen3-1.7b-keep4-s42:298:5,298,215,0,0,0,21,79
qwen3-1.7b-keep4-s42,qwen3-1.7b-keep4-s42:298:6,298,295,0,0,0,35,79
qwen3-1.7b-keep4-s42,qwen3-1.7b-keep4-s42:298:7,298,292,0,0,0,50,79
qwen3-1.7b-keep4-s42,qwen3-1.7b-keep4-s42:299:3,299,464,0,0,0,31,66
qwen3-1.7b-keep4-s42,qwen3-1.7b-keep4-s42:299:6,299,418,0,0,0,30,66
qwen3-1.7b-keep4-s42,qwen3-1.7b-keep4-s42:299:7,299,423,0,0,0,29,66
qwen3-1.7b-keep4-s42,qwen3-1.7b-keep4-s42:300:0,300,555,0,0,0,3,46
qwen3-1.7b-keep4-s42,qwen3-1.7b-keep4-s42:300:1,300,562,0,0,0,5,46
qwen3-1.7b-keep4-s42,qwen3-1.7b-keep4-s42:300:3,300,479,0,0,0,5,46
qwen3-1.7b-keep4-s42,qwen3-1.7b-keep4-s42:300:4,300,509,0,0,0,6,46
qwen3-1.7b-keep4-s42,qwen3-1.7b-keep4-s42:300:5,300,536,0,0,0,8,46
qwen3-1.7b-keep4-s42,qwen3-1.7b-keep4-s42:300:6,300,543,0,0,0,5,46
qwen3-1.7b-keep4-s42,qwen3-1.7b-keep4-s42:300:7,300,580,0,0,0,6,46
qwen3-1.7b-keep4-s42,qwen3-1.7b-keep4-s42:301:3,301,516,0,0,0,12,39
qwen3-1.7b-keep4-s42,qwen3-1.7b-keep4-s42:301:6,301,500,0,0,0,19,39
qwen3-1.7b-keep4-s42,qwen3-1.7b-keep4-s42:301:7,301,556,0,0,0,15,39
qwen3-1.7b-keep4-s42,qwen3-1.7b-keep4-s42:302:2,302,4,0,0,0,16,76
qwen3-1.7b-keep4-s42,qwen3-1.7b-keep4-s42:302:3,302,0,0,0,0,16,76
qwen3-1.7b-keep4-s42,qwen3-1.7b-keep4-s42:303:0,303,438,0,0,0,4,36
qwen3-1.7b-keep4-s42,qwen3-1.7b-keep4-s42:303:1,303,395,0,0,0,6,36
qwen3-1.7b-keep4-s42,qwen3-1.7b-keep4-s42:303:2,303,457,0,0,0,9,36
qwen3-1.7b-keep4-s42,qwen3-1.7b-keep4-s42:303:3,303,495,0,0,0,7,36
qwen3-1.7b-keep4-s42,qwen3-1.7b-keep4-s42:303:4,303,429,0,0,0,8,36
qwen3-1.7b-keep4-s42,qwen3-1.7b-keep4-s42:303:5,303,413,0,0,0,9,36
qwen3-1.7b-keep4-s42,qwen3-1.7b-keep4-s42:303:6,303,496,0,0,0,8,36
qwen3-1.7b-keep4-s42,qwen3-1.7b-keep4-s42:303:7,303,485,0,0,0,5,36
qwen3-1.7b-keep4-s42,qwen3-1.7b-keep4-s42:304:0,304,1,0,0,0,11,42
qwen3-1.7b-keep4-s42,qwen3-1.7b-keep4-s42:305:0,305,405,0,0,0,7,53
qwen3-1.7b-keep4-s42,qwen3-1.7b-keep4-s42:305:4,305,409,0,0,0,6,53
qwen3-1.7b-keep4-s42,qwen3-1.7b-keep4-s42:305:5,305,376,0,0,0,8,53
qwen3-1.7b-keep4-s42,qwen3-1.7b-keep4-s42:305:6,305,3,0,0,0,3,53
qwen3-1.7b-keep4-s42,qwen3-1.7b-keep4-s42:305:7,305,1,0,0,0,11,53
qwen3-1.7b-keep4-s42,qwen3-1.7b-keep4-s42:306:0,306,388,0,0,0,2,39
qwen3-1.7b-keep4-s42,qwen3-1.7b-keep4-s42:306:1,306,289,0,0,0,7,39
qwen3-1.7b-keep4-s42,qwen3-1.7b-keep4-s42:306:2,306,388,0,0,0,6,39
qwen3-1.7b-keep4-s42,qwen3-1.7b-keep4-s42:306:3,306,414,0,0,0,6,39
qwen3-1.7b-keep4-s42,qwen3-1.7b-keep4-s42:306:4,306,438,0,0,0,5,39
qwen3-1.7b-keep4-s42,qwen3-1.7b-keep4-s42:306:5,306,335,0,0,0,4,39
qwen3-1.7b-keep4-s42,qwen3-1.7b-keep4-s42:306:6,306,255,0,0,0,0,39
qwen3-1.7b-keep4-s42,qwen3-1.7b-keep4-s42:306:7,306,23,0,0,0,5,39
qwen3-1.7b-keep4-s42,qwen3-1.7b-keep4-s42:307:0,307,10,0,0,0,12,39
qwen3-1.7b-keep4-s42,qwen3-1.7b-keep4-s42:307:2,307,407,0,0,0,5,39
qwen3-1.7b-keep4-s42,qwen3-1.7b-keep4-s42:307:5,307,4,0,0,0,4,39
qwen3-1.7b-keep4-s42,qwen3-1.7b-keep4-s42:308:0,308,380,0,0,0,16,49
qwen3-1.7b-keep4-s42,qwen3-1.7b-keep4-s42:308:2,308,315,0,0,0,10,49
qwen3-1.7b-keep4-s42,qwen3-1.7b-keep4-s42:308:3,308,393,0,0,0,10,49
qwen3-1.7b-keep4-s42,qwen3-1.7b-keep4-s42:308:4,308,378,0,0,0,10,49
qwen3-1.7b-keep4-s42,qwen3-1.7b-keep4-s42:308:5,308,425,0,0,0,10,49
qwen3-1.7b-keep4-s42,qwen3-1.7b-keep4-s42:309:0,309,587,0,0,0,9,33
qwen3-1.7b-keep4-s42,qwen3-1.7b-keep4-s42:309:3,309,524,0,0,0,9,33
qwen3-1.7b-keep4-s42,qwen3-1.7b-keep4-s42:309:4,309,494,0,0,0,9,33
qwen3-1.7b-keep4-s42,qwen3-1.7b-keep4-s42:309:5,309,510,0,0,0,8,33
qwen3-1.7b-keep4-s42,qwen3-1.7b-keep4-s42:309:6,309,506,0,0,0,2,33
qwen3-1.7b-keep4-s42,qwen3-1.7b-keep4-s42:309:7,309,5,0,0,0,4,33
qwen3-1.7b-keep4-s42,qwen3-1.7b-keep4-s42:310:0,310,376,0,0,0,15,48
qwen3-1.7b-keep4-s42,qwen3-1.7b-keep4-s42:310:1,310,434,0,0,0,16,48
qwen3-1.7b-keep4-s42,qwen3-1.7b-keep4-s42:310:2,310,533,0,0,0,10,48
qwen3-1.7b-keep4-s42,qwen3-1.7b-keep4-s42:310:3,310,358,0,0,0,16,48
qwen3-1.7b-keep4-s42,qwen3-1.7b-keep4-s42:310:4,310,463,0,0,0,14,48
qwen3-1.7b-keep4-s42,qwen3-1.7b-keep4-s42:310:5,310,497,0,0,0,18,48
qwen3-1.7b-keep4-s42,qwen3-1.7b-keep4-s42:310:6,310,412,0,0,0,19,48
qwen3-1.7b-keep4-s42,qwen3-1.7b-keep4-s42:310:7,310,421,0,0,0,16,48
qwen3-1.7b-keep4-s42,qwen3-1.7b-keep4-s42:311:0,311,425,0,0,0,15,57
qwen3-1.7b-keep4-s42,qwen3-1.7b-keep4-s42:311:1,311,407,0,0,0,21,57
qwen3-1.7b-keep4-s42,qwen3-1.7b-keep4-s42:311:4,311,523,0,0,0,8,57
qwen3-1.7b-keep4-s42,qwen3-1.7b-keep4-s42:311:5,311,420,0,0,0,16,57
qwen3-1.7b-keep4-s42,qwen3-1.7b-keep4-s42:311:6,311,362,0,0,0,14,57
qwen3-1.7b-keep4-s42,qwen3-1.7b-keep4-s42:312:0,312,487,0,0,0,7,20
qwen3-1.7b-keep4-s42,qwen3-1.7b-keep4-s42:312:3,312,476,0,0,0,1,20
qwen3-1.7b-keep4-s42,qwen3-1.7b-keep4-s42:312:6,312,424,15,0,0,1,20
qwen3-1.7b-keep4-s42,qwen3-1.7b-keep4-s42:313:1,313,451,0,0,0,4,28
qwen3-1.7b-keep4-s42,qwen3-1.7b-keep4-s42:314:2,314,357,0,0,0,14,36
qwen3-1.7b-keep4-s42,qwen3-1.7b-keep4-s42:314:5,314,422,0,0,0,8,36
qwen3-1.7b-keep4-s42,qwen3-1.7b-keep4-s42:314:6,314,16,0,0,0,10,36
qwen3-1.7b-keep4-s42,qwen3-1.7b-keep4-s42:314:7,314,550,0,0,0,15,36
qwen3-1.7b-keep4-s42,qwen3-1.7b-keep4-s42:315:0,315,481,0,0,0,19,49
qwen3-1.7b-keep4-s42,qwen3-1.7b-keep4-s42:315:5,315,463,0,0,0,12,49
qwen3-1.7b-keep4-s42,qwen3-1.7b-keep4-s42:315:7,315,522,0,0,0,19,49
qwen3-1.7b-keep4-s42,qwen3-1.7b-keep4-s42:317:3,317,544,0,0,0,14,56
qwen3-1.7b-keep4-s42,qwen3-1.7b-keep4-s42:317:4,317,579,0,0,0,24,56
qwen3-1.7b-keep4-s42,qwen3-1.7b-keep4-s42:317:5,317,537,0,0,0,16,56
qwen3-1.7b-keep4-s42,qwen3-1.7b-keep4-s42:318:5,318,22,0,0,0,13,22
qwen3-1.7b-keep4-s42,qwen3-1.7b-keep4-s42:319:1,319,396,0,0,0,5,23
qwen3-1.7b-keep4-s42,qwen3-1.7b-keep4-s42:319:4,319,427,0,0,0,3,23
qwen3-1.7b-keep4-s42,qwen3-1.7b-keep4-s42:319:7,319,448,0,0,0,0,23
qwen3-1.7b-keep4-s42,qwen3-1.7b-keep4-s42:320:4,320,348,0,0,0,18,49
qwen3-1.7b-keep4-s42,qwen3-1.7b-keep4-s42:320:7,320,457,0,0,0,7,49
qwen3-1.7b-keep4-s42,qwen3-1.7b-keep4-s42:321:0,321,368,0,0,0,3,43
qwen3-1.7b-keep4-s42,qwen3-1.7b-keep4-s42:321:1,321,371,0,0,0,4,43
qwen3-1.7b-keep4-s42,qwen3-1.7b-keep4-s42:321:2,321,453,0,0,0,9,43
qwen3-1.7b-keep4-s42,qwen3-1.7b-keep4-s42:321:3,321,484,0,0,0,8,43
qwen3-1.7b-keep4-s42,qwen3-1.7b-keep4-s42:321:4,321,427,0,0,0,4,43
qwen3-1.7b-keep4-s42,qwen3-1.7b-keep4-s42:321:5,321,388,0,0,0,10,43
qwen3-1.7b-keep4-s42,qwen3-1.7b-keep4-s42:321:6,321,410,0,0,0,7,43
qwen3-1.7b-keep4-s42,qwen3-1.7b-keep4-s42:321:7,321,485,0,0,0,8,43
qwen3-1.7b-keep4-s42,qwen3-1.7b-keep4-s42:322:3,322,3,0,0,0,1,34
qwen3-1.7b-keep4-s42,qwen3-1.7b-keep4-s42:322:5,322,558,0,0,0,1,34
qwen3-1.7b-keep4-s42,qwen3-1.7b-keep4-s42:322:6,322,514,0,0,0,3,34
qwen3-1.7b-keep4-s42,qwen3-1.7b-keep4-s42:322:7,322,515,0,0,0,9,34
qwen3-1.7b-keep4-s42,qwen3-1.7b-keep4-s42:323:0,323,358,0,0,0,14,22
qwen3-1.7b-keep4-s42,qwen3-1.7b-keep4-s42:323:1,323,331,10,0,0,14,22
qwen3-1.7b-keep4-s42,qwen3-1.7b-keep4-s42:323:2,323,327,0,0,0,3,22
qwen3-1.7b-keep4-s42,qwen3-1.7b-keep4-s42:323:3,323,432,2,0,0,10,22
qwen3-1.7b-keep4-s42,qwen3-1.7b-keep4-s42:323:4,323,121,0,0,0,11,22
qwen3-1.7b-keep4-s42,qwen3-1.7b-keep4-s42:323:5,323,278,1,0,0,9,22
qwen3-1.7b-keep4-s42,qwen3-1.7b-keep4-s42:323:6,323,293,0,0,0,3,22
qwen3-1.7b-keep4-s42,qwen3-1.7b-keep4-s42:323:7,323,313,0,0,0,1,22
qwen3-1.7b-keep4-s42,qwen3-1.7b-keep4-s42:324:2,324,463,4,0,0,3,17
qwen3-1.7b-keep4-s42,qwen3-1.7b-keep4-s42:324:3,324,497,0,0,0,3,17
qwen3-1.7b-keep4-s42,qwen3-1.7b-keep4-s42:324:4,324,498,0,0,0,0,17
qwen3-1.7b-keep4-s42,qwen3-1.7b-keep4-s42:324:5,324,34,0,0,0,2,17
qwen3-1.7b-keep4-s42,qwen3-1.7b-keep4-s42:324:6,324,345,0,0,0,3,17
qwen3-1.7b-keep4-s42,qwen3-1.7b-keep4-s42:324:7,324,552,0,0,0,0,17
qwen3-1.7b-keep4-s42,qwen3-1.7b-keep4-s42:325:0,325,426,0,0,0,2,30
qwen3-1.7b-keep4-s42,qwen3-1.7b-keep4-s42:325:1,325,632,0,0,0,2,30
qwen3-1.7b-keep4-s42,qwen3-1.7b-keep4-s42:325:2,325,472,0,0,0,2,30
qwen3-1.7b-keep4-s42,qwen3-1.7b-keep4-s42:325:3,325,495,0,0,0,1,30
qwen3-1.7b-keep4-s42,qwen3-1.7b-keep4-s42:325:4,325,454,0,0,0,4,30
qwen3-1.7b-keep4-s42,qwen3-1.7b-keep4-s42:325:5,325,458,0,0,0,4,30
qwen3-1.7b-keep4-s42,qwen3-1.7b-keep4-s42:325:6,325,482,0,0,0,1,30
qwen3-1.7b-keep4-s42,qwen3-1.7b-keep4-s42:325:7,325,402,0,0,0,1,30
qwen3-1.7b-keep4-s42,qwen3-1.7b-keep4-s42:326:0,326,2,0,0,0,8,59
qwen3-1.7b-keep4-s42,qwen3-1.7b-keep4-s42:326:1,326,366,0,0,0,4,59
qwen3-1.7b-keep4-s42,qwen3-1.7b-keep4-s42:326:3,326,480,0,0,0,4,59
qwen3-1.7b-keep4-s42,qwen3-1.7b-keep4-s42:326:6,326,518,0,0,0,3,59
qwen3-1.7b-keep4-s42,qwen3-1.7b-keep4-s42:327:0,327,394,0,0,0,12,34
qwen3-1.7b-keep4-s42,qwen3-1.7b-keep4-s42:327:2,327,317,0,0,0,14,34
qwen3-1.7b-keep4-s42,qwen3-1.7b-keep4-s42:327:3,327,258,0,0,0,11,34
qwen3-1.7b-keep4-s42,qwen3-1.7b-keep4-s42:327:4,327,374,0,0,0,15,34
qwen3-1.7b-keep4-s42,qwen3-1.7b-keep4-s42:327:6,327,350,0,0,0,13,34
qwen3-1.7b-keep4-s42,qwen3-1.7b-keep4-s42:328:3,328,357,0,0,0,1,34
qwen3-1.7b-keep4-s42,qwen3-1.7b-keep4-s42:328:5,328,528,0,0,0,1,34
qwen3-1.7b-keep4-s42,qwen3-1.7b-keep4-s42:328:6,328,513,0,0,0,0,34
qwen3-1.7b-keep4-s42,qwen3-1.7b-keep4-s42:328:7,328,496,0,0,0,1,34
qwen3-1.7b-keep4-s42,qwen3-1.7b-keep4-s42:329:0,329,510,0,0,0,15,58
qwen3-1.7b-keep4-s42,qwen3-1.7b-keep4-s42:329:1,329,493,0,0,0,11,58
qwen3-1.7b-keep4-s42,qwen3-1.7b-keep4-s42:329:3,329,517,0,0,0,16,58
qwen3-1.7b-keep4-s42,qwen3-1.7b-keep4-s42:329:4,329,483,0,0,0,10,58
qwen3-1.7b-keep4-s42,qwen3-1.7b-keep4-s42:329:5,329,470,0,0,0,14,58
qwen3-1.7b-keep4-s42,qwen3-1.7b-keep4-s42:330:1,330,384,0,0,0,1,41
qwen3-1.7b-keep4-s42,qwen3-1.7b-keep4-s42:330:2,330,382,0,0,0,1,41
qwen3-1.7b-keep4-s42,qwen3-1.7b-keep4-s42:330:4,330,7,0,0,0,1,41
qwen3-1.7b-keep4-s42,qwen3-1.7b-keep4-s42:331:0,331,348,0,0,0,9,38
qwen3-1.7b-keep4-s42,qwen3-1.7b-keep4-s42:331:3,331,314,0,0,0,16,38
qwen3-1.7b-keep4-s42,qwen3-1.7b-keep4-s42:331:4,331,9,0,0,0,5,38
qwen3-1.7b-keep4-s42,qwen3-1.7b-keep4-s42:331:5,331,367,0,0,0,8,38
qwen3-1.7b-keep4-s42,qwen3-1.7b-keep4-s42:331:7,331,512,0,0,0,12,38
qwen3-1.7b-keep4-s42,qwen3-1.7b-keep4-s42:332:0,332,422,0,0,0,2,46
qwen3-1.7b-keep4-s42,qwen3-1.7b-keep4-s42:332:1,332,347,0,0,0,5,46
qwen3-1.7b-keep4-s42,qwen3-1.7b-keep4-s42:332:2,332,323,0,0,0,5,46
qwen3-1.7b-keep4-s42,qwen3-1.7b-keep4-s42:332:3,332,318,0,0,0,5,46
qwen3-1.7b-keep4-s42,qwen3-1.7b-keep4-s42:332:5,332,344,0,0,0,8,46
qwen3-1.7b-keep4-s42,qwen3-1.7b-keep4-s42:332:6,332,366,0,0,0,2,46
qwen3-1.7b-keep4-s42,qwen3-1.7b-keep4-s42:332:7,332,3,0,0,0,8,46
qwen3-1.7b-keep4-s42,qwen3-1.7b-keep4-s42:333:1,333,8,0,0,0,9,45
qwen3-1.7b-keep4-s42,qwen3-1.7b-keep4-s42:333:5,333,0,0,0,0,6,45
qwen3-1.7b-keep4-s42,qwen3-1.7b-keep4-s42:334:3,334,417,0,0,0,12,58
qwen3-1.7b-keep4-s42,qwen3-1.7b-keep4-s42:334:4,334,493,0,0,0,8,58
qwen3-1.7b-keep4-s42,qwen3-1.7b-keep4-s42:334:5,334,377,0,0,0,11,58
qwen3-1.7b-keep4-s42,qwen3-1.7b-keep4-s42:334:6,334,373,0,0,0,7,58
qwen3-1.7b-keep4-s42,qwen3-1.7b-keep4-s42:334:7,334,440,0,0,0,10,58
qwen3-1.7b-keep4-s42,qwen3-1.7b-keep4-s42:335:2,335,377,0,0,0,0,28
qwen3-1.7b-keep4-s42,qwen3-1.7b-keep4-s42:336:0,336,536,0,0,0,9,47
qwen3-1.7b-keep4-s42,qwen3-1.7b-keep4-s42:336:1,336,525,0,0,0,4,47
qwen3-1.7b-keep4-s42,qwen3-1.7b-keep4-s42:336:2,336,611,0,0,0,10,47
qwen3-1.7b-keep4-s42,qwen3-1.7b-keep4-s42:336:4,336,475,0,0,0,19,47
qwen3-1.7b-keep4-s42,qwen3-1.7b-keep4-s42:336:5,336,495,0,0,0,8,47
qwen3-1.7b-keep4-s42,qwen3-1.7b-keep4-s42:336:6,336,387,0,0,0,0,47
qwen3-1.7b-keep4-s42,qwen3-1.7b-keep4-s42:336:7,336,0,0,0,0,7,47
qwen3-1.7b-keep4-s42,qwen3-1.7b-keep4-s42:337:0,337,376,0,0,0,32,81
qwen3-1.7b-keep4-s42,qwen3-1.7b-keep4-s42:337:1,337,402,0,0,0,26,81
qwen3-1.7b-keep4-s42,qwen3-1.7b-keep4-s42:337:2,337,438,0,0,0,31,81
qwen3-1.7b-keep4-s42,qwen3-1.7b-keep4-s42:337:3,337,384,0,0,0,18,81
qwen3-1.7b-keep4-s42,qwen3-1.7b-keep4-s42:337:4,337,368,0,0,0,33,81
qwen3-1.7b-keep4-s42,qwen3-1.7b-keep4-s42:337:5,337,401,0,0,0,34,81
qwen3-1.7b-keep4-s42,qwen3-1.7b-keep4-s42:337:6,337,507,0,0,0,23,81
qwen3-1.7b-keep4-s42,qwen3-1.7b-keep4-s42:337:7,337,318,0,0,0,35,81
qwen3-1.7b-keep4-s42,qwen3-1.7b-keep4-s42:338:0,338,400,0,0,0,15,61
qwen3-1.7b-keep4-s42,qwen3-1.7b-keep4-s42:338:1,338,1,0,0,0,8,61
qwen3-1.7b-keep4-s42,qwen3-1.7b-keep4-s42:338:2,338,339,0,0,0,16,61
qwen3-1.7b-keep4-s42,qwen3-1.7b-keep4-s42:338:3,338,315,0,0,0,7,61
qwen3-1.7b-keep4-s42,qwen3-1.7b-keep4-s42:338:4,338,236,0,0,0,18,61
qwen3-1.7b-keep4-s42,qwen3-1.7b-keep4-s42:338:5,338,102,0,0,0,10,61
qwen3-1.7b-keep4-s42,qwen3-1.7b-keep4-s42:338:6,338,305,0,0,0,16,61
qwen3-1.7b-keep4-s42,qwen3-1.7b-keep4-s42:339:7,339,423,2,0,0,25,51
qwen3-1.7b-keep4-s42,qwen3-1.7b-keep4-s42:340:5,340,3,0,0,0,7,36
qwen3-1.7b-keep4-s42,qwen3-1.7b-keep4-s42:341:1,341,557,0,0,0,13,41
qwen3-1.7b-keep4-s42,qwen3-1.7b-keep4-s42:341:5,341,555,0,0,0,8,41
qwen3-1.7b-keep4-s42,qwen3-1.7b-keep4-s42:342:2,342,392,0,0,0,2,23
qwen3-1.7b-keep4-s42,qwen3-1.7b-keep4-s42:342:5,342,456,0,0,0,2,23
qwen3-1.7b-keep4-s42,qwen3-1.7b-keep4-s42:342:7,342,463,0,0,0,3,23
qwen3-1.7b-keep4-s42,qwen3-1.7b-keep4-s42:343:2,343,470,0,0,0,9,57
qwen3-1.7b-keep4-s42,qwen3-1.7b-keep4-s42:343:3,343,503,0,0,0,10,57
qwen3-1.7b-keep4-s42,qwen3-1.7b-keep4-s42:343:4,343,499,0,0,0,9,57
qwen3-1.7b-keep4-s42,qwen3-1.7b-keep4-s42:343:5,343,438,0,0,0,3,57
qwen3-1.7b-keep4-s42,qwen3-1.7b-keep4-s42:343:6,343,6,0,0,0,13,57
qwen3-1.7b-keep4-s42,qwen3-1.7b-keep4-s42:343:7,343,487,0,0,0,16,57
qwen3-1.7b-keep4-s42,qwen3-1.7b-keep4-s42:344:0,344,193,0,0,0,26,72
qwen3-1.7b-keep4-s42,qwen3-1.7b-keep4-s42:344:1,344,273,0,0,0,16,72
qwen3-1.7b-keep4-s42,qwen3-1.7b-keep4-s42:344:2,344,356,0,0,0,8,72
qwen3-1.7b-keep4-s42,qwen3-1.7b-keep4-s42:344:3,344,263,0,0,0,10,72
qwen3-1.7b-keep4-s42,qwen3-1.7b-keep4-s42:344:5,344,424,0,0,0,2,72
qwen3-1.7b-keep4-s42,qwen3-1.7b-keep4-s42:344:6,344,337,0,0,0,6,72
qwen3-1.7b-keep4-s42,qwen3-1.7b-keep4-s42:344:7,344,386,0,0,0,5,72
qwen3-1.7b-keep4-s42,qwen3-1.7b-keep4-s42:345:0,345,436,0,0,0,8,86
qwen3-1.7b-keep4-s42,qwen3-1.7b-keep4-s42:345:1,345,448,0,0,0,14,86
qwen3-1.7b-keep4-s42,qwen3-1.7b-keep4-s42:345:3,345,465,0,0,0,6,86
qwen3-1.7b-keep4-s42,qwen3-1.7b-keep4-s42:345:4,345,417,0,0,0,7,86
qwen3-1.7b-keep4-s42,qwen3-1.7b-keep4-s42:345:5,345,416,0,0,0,3,86
qwen3-1.7b-keep4-s42,qwen3-1.7b-keep4-s42:345:6,345,338,0,0,0,6,86
qwen3-1.7b-keep4-s42,qwen3-1.7b-keep4-s42:345:7,345,403,0,0,0,5,86
qwen3-1.7b-keep4-s42,qwen3-1.7b-keep4-s42:346:0,346,17,0,0,0,4,39
qwen3-1.7b-keep4-s42,qwen3-1.7b-keep4-s42:346:2,346,476,0,0,0,3,39
qwen3-1.7b-keep4-s42,qwen3-1.7b-keep4-s42:346:3,346,382,0,0,0,14,39
qwen3-1.7b-keep4-s42,qwen3-1.7b-keep4-s42:346:4,346,427,0,0,0,4,39
qwen3-1.7b-keep4-s42,qwen3-1.7b-keep4-s42:346:5,346,0,0,0,0,7,39
qwen3-1.7b-keep4-s42,qwen3-1.7b-keep4-s42:346:6,346,530,0,0,0,2,39
qwen3-1.7b-keep4-s42,qwen3-1.7b-keep4-s42:346:7,346,362,0,0,0,2,39
qwen3-1.7b-keep4-s42,qwen3-1.7b-keep4-s42:347:0,347,464,0,0,0,22,91
qwen3-1.7b-keep4-s42,qwen3-1.7b-keep4-s42:347:1,347,331,0,0,0,18,91
qwen3-1.7b-keep4-s42,qwen3-1.7b-keep4-s42:347:2,347,530,0,0,0,15,91
qwen3-1.7b-keep4-s42,qwen3-1.7b-keep4-s42:347:3,347,492,0,0,0,19,91
qwen3-1.7b-keep4-s42,qwen3-1.7b-keep4-s42:347:4,347,467,0,0,0,11,91
qwen3-1.7b-keep4-s42,qwen3-1.7b-keep4-s42:347:5,347,616,0,0,0,12,91
qwen3-1.7b-keep4-s42,qwen3-1.7b-keep4-s42:347:6,347,555,0,0,0,15,91
qwen3-1.7b-keep4-s42,qwen3-1.7b-keep4-s42:347:7,347,513,0,0,0,13,91
qwen3-1.7b-keep4-s42,qwen3-1.7b-keep4-s42:348:0,348,541,0,0,0,7,31
qwen3-1.7b-keep4-s42,qwen3-1.7b-keep4-s42:348:1,348,384,0,0,0,9,31
qwen3-1.7b-keep4-s42,qwen3-1.7b-keep4-s42:348:2,348,539,0,0,0,6,31
qwen3-1.7b-keep4-s42,qwen3-1.7b-keep4-s42:348:3,348,379,0,0,0,9,31
qwen3-1.7b-keep4-s42,qwen3-1.7b-keep4-s42:348:4,348,478,0,0,0,8,31
qwen3-1.7b-keep4-s42,qwen3-1.7b-keep4-s42:348:5,348,479,0,0,0,8,31
qwen3-1.7b-keep4-s42,qwen3-1.7b-keep4-s42:348:6,348,516,0,0,0,9,31
qwen3-1.7b-keep4-s42,qwen3-1.7b-keep4-s42:348:7,348,485,0,0,0,5,31
qwen3-1.7b-keep4-s42,qwen3-1.7b-keep4-s42:349:0,349,449,0,0,0,4,38
qwen3-1.7b-keep4-s42,qwen3-1.7b-keep4-s42:349:1,349,356,0,0,0,2,38
qwen3-1.7b-keep4-s42,qwen3-1.7b-keep4-s42:349:2,349,417,0,0,0,4,38
qwen3-1.7b-keep4-s42,qwen3-1.7b-keep4-s42:349:5,349,240,0,0,0,4,38
qwen3-1.7b-keep4-s42,qwen3-1.7b-keep4-s42:349:6,349,453,0,0,0,7,38
qwen3-1.7b-keep4-s42,qwen3-1.7b-keep4-s42:349:7,349,17,0,0,0,3,38
qwen3-1.7b-keep4-s42,qwen3-1.7b-keep4-s42:352:0,352,554,0,0,0,7,45
qwen3-1.7b-keep4-s42,qwen3-1.7b-keep4-s42:352:1,352,402,0,0,0,6,45
qwen3-1.7b-keep4-s42,qwen3-1.7b-keep4-s42:352:2,352,478,0,0,0,6,45
qwen3-1.7b-keep4-s42,qwen3-1.7b-keep4-s42:352:3,352,412,0,0,0,13,45
qwen3-1.7b-keep4-s42,qwen3-1.7b-keep4-s42:352:4,352,482,0,0,0,10,45
qwen3-1.7b-keep4-s42,qwen3-1.7b-keep4-s42:352:5,352,469,0,0,0,5,45
qwen3-1.7b-keep4-s42,qwen3-1.7b-keep4-s42:352:6,352,472,0,0,0,4,45
qwen3-1.7b-keep4-s42,qwen3-1.7b-keep4-s42:352:7,352,491,0,0,0,10,45
qwen3-1.7b-keep4-s42,qwen3-1.7b-keep4-s42:353:0,353,363,0,0,0,4,26
qwen3-1.7b-keep4-s42,qwen3-1.7b-keep4-s42:353:1,353,337,0,0,0,2,26
qwen3-1.7b-keep4-s42,qwen3-1.7b-keep4-s42:353:2,353,380,0,0,0,0,26
qwen3-1.7b-keep4-s42,qwen3-1.7b-keep4-s42:353:3,353,400,0,0,0,2,26
qwen3-1.7b-keep4-s42,qwen3-1.7b-keep4-s42:353:5,353,22,0,0,0,1,26
qwen3-1.7b-keep4-s42,qwen3-1.7b-keep4-s42:353:6,353,373,0,0,0,4,26
qwen3-1.7b-keep4-s42,qwen3-1.7b-keep4-s42:353:7,353,338,0,0,0,6,26
qwen3-1.7b-keep4-s42,qwen3-1.7b-keep4-s42:354:0,354,370,0,0,0,13,37
qwen3-1.7b-keep4-s42,qwen3-1.7b-keep4-s42:354:2,354,369,0,0,0,15,37
qwen3-1.7b-keep4-s42,qwen3-1.7b-keep4-s42:354:3,354,2,0,0,0,17,37
qwen3-1.7b-keep4-s42,qwen3-1.7b-keep4-s42:354:5,354,20,0,0,0,18,37
qwen3-1.7b-keep4-s42,qwen3-1.7b-keep4-s42:354:6,354,389,0,0,0,18,37
qwen3-1.7b-keep4-s42,qwen3-1.7b-keep4-s42:354:7,354,364,0,0,0,15,37
qwen3-1.7b-keep4-s42,qwen3-1.7b-keep4-s42:355:0,355,530,0,0,0,14,56
qwen3-1.7b-keep4-s42,qwen3-1.7b-keep4-s42:355:1,355,452,0,0,0,13,56
qwen3-1.7b-keep4-s42,qwen3-1.7b-keep4-s42:355:3,355,514,0,0,0,17,56
qwen3-1.7b-keep4-s42,qwen3-1.7b-keep4-s42:355:4,355,431,0,0,0,9,56
qwen3-1.7b-keep4-s42,qwen3-1.7b-keep4-s42:355:5,355,369,0,0,0,14,56
qwen3-1.7b-keep4-s42,qwen3-1.7b-keep4-s42:355:6,355,519,0,0,0,12,56
qwen3-1.7b-keep4-s42,qwen3-1.7b-keep4-s42:355:7,355,561,0,0,0,8,56
qwen3-1.7b-keep4-s42,qwen3-1.7b-keep4-s42:356:1,356,374,0,0,0,7,58
qwen3-1.7b-keep4-s42,qwen3-1.7b-keep4-s42:356:2,356,393,0,0,0,11,58
qwen3-1.7b-keep4-s42,qwen3-1.7b-keep4-s42:356:3,356,380,0,0,0,10,58
qwen3-1.7b-keep4-s42,qwen3-1.7b-keep4-s42:356:4,356,353,0,0,0,7,58
qwen3-1.7b-keep4-s42,qwen3-1.7b-keep4-s42:356:6,356,417,0,0,0,10,58
qwen3-1.7b-keep4-s42,qwen3-1.7b-keep4-s42:358:0,358,269,0,0,0,7,31
qwen3-1.7b-keep4-s42,qwen3-1.7b-keep4-s42:358:1,358,447,0,0,0,10,31
qwen3-1.7b-keep4-s42,qwen3-1.7b-keep4-s42:358:3,358,460,0,0,0,5,31
qwen3-1.7b-keep4-s42,qwen3-1.7b-keep4-s42:358:4,358,422,0,0,0,5,31
qwen3-1.7b-keep4-s42,qwen3-1.7b-keep4-s42:358:5,358,511,0,0,0,5,31
qwen3-1.7b-keep4-s42,qwen3-1.7b-keep4-s42:358:6,358,416,0,0,0,5,31
qwen3-1.7b-keep4-s42,qwen3-1.7b-keep4-s42:358:7,358,478,0,0,0,4,31
qwen3-1.7b-keep4-s42,qwen3-1.7b-keep4-s42:359:0,359,515,0,0,0,7,23
qwen3-1.7b-keep4-s42,qwen3-1.7b-keep4-s42:359:1,359,530,0,0,0,6,23
qwen3-1.7b-keep4-s42,qwen3-1.7b-keep4-s42:359:2,359,550,0,0,0,4,23
qwen3-1.7b-keep4-s42,qwen3-1.7b-keep4-s42:359:4,359,571,0,0,0,6,23
qwen3-1.7b-keep4-s42,qwen3-1.7b-keep4-s42:359:5,359,539,0,0,0,5,23
qwen3-1.7b-keep4-s42,qwen3-1.7b-keep4-s42:360:6,360,1,0,0,0,16,25
qwen3-1.7b-keep4-s42,qwen3-1.7b-keep4-s42:363:0,363,446,0,0,0,9,73
qwen3-1.7b-keep4-s42,qwen3-1.7b-keep4-s42:363:3,363,444,0,0,0,11,73
qwen3-1.7b-keep4-s42,qwen3-1.7b-keep4-s42:363:5,363,447,0,0,0,15,73
qwen3-1.7b-keep4-s42,qwen3-1.7b-keep4-s42:364:5,364,387,0,0,0,2,22
qwen3-1.7b-keep4-s42,qwen3-1.7b-keep4-s42:364:7,364,13,0,0,0,7,22
qwen3-1.7b-keep4-s42,qwen3-1.7b-keep4-s42:366:0,366,513,0,0,0,9,48
qwen3-1.7b-keep4-s42,qwen3-1.7b-keep4-s42:366:1,366,481,0,0,0,10,48
qwen3-1.7b-keep4-s42,qwen3-1.7b-keep4-s42:366:2,366,10,0,0,0,9,48
qwen3-1.7b-keep4-s42,qwen3-1.7b-keep4-s42:366:3,366,443,0,0,0,7,48
qwen3-1.7b-keep4-s42,qwen3-1.7b-keep4-s42:366:4,366,504,0,0,0,7,48
qwen3-1.7b-keep4-s42,qwen3-1.7b-keep4-s42:366:6,366,496,0,0,0,16,48
qwen3-1.7b-keep4-s42,qwen3-1.7b-keep4-s42:366:7,366,565,0,0,0,8,48
qwen3-1.7b-keep4-s42,qwen3-1.7b-keep4-s42:367:0,367,559,0,0,0,1,15
qwen3-1.7b-keep4-s42,qwen3-1.7b-keep4-s42:367:1,367,478,0,0,0,1,15
qwen3-1.7b-keep4-s42,qwen3-1.7b-keep4-s42:367:3,367,538,0,0,0,1,15
qwen3-1.7b-keep4-s42,qwen3-1.7b-keep4-s42:367:5,367,483,0,0,0,1,15
qwen3-1.7b-keep4-s42,qwen3-1.7b-keep4-s42:367:6,367,532,0,0,0,1,15
qwen3-1.7b-keep4-s42,qwen3-1.7b-keep4-s42:367:7,367,408,0,0,0,1,15
qwen3-1.7b-keep4-s42,qwen3-1.7b-keep4-s42:368:0,368,403,0,0,0,0,30
qwen3-1.7b-keep4-s42,qwen3-1.7b-keep4-s42:368:1,368,390,0,0,0,10,30
qwen3-1.7b-keep4-s42,qwen3-1.7b-keep4-s42:368:2,368,472,0,0,0,17,30
qwen3-1.7b-keep4-s42,qwen3-1.7b-keep4-s42:368:4,368,451,0,0,0,3,30
qwen3-1.7b-keep4-s42,qwen3-1.7b-keep4-s42:368:5,368,394,0,0,0,3,30
qwen3-1.7b-keep4-s42,qwen3-1.7b-keep4-s42:368:6,368,385,0,0,0,10,30
qwen3-1.7b-keep4-s42,qwen3-1.7b-keep4-s42:368:7,368,369,0,0,0,10,30
qwen3-1.7b-keep4-s42,qwen3-1.7b-keep4-s42:369:0,369,461,0,0,0,10,36
qwen3-1.7b-keep4-s42,qwen3-1.7b-keep4-s42:369:1,369,457,0,0,0,15,36
qwen3-1.7b-keep4-s42,qwen3-1.7b-keep4-s42:369:2,369,485,0,0,0,5,36
qwen3-1.7b-keep4-s42,qwen3-1.7b-keep4-s42:369:3,369,1,0,0,0,11,36
qwen3-1.7b-keep4-s42,qwen3-1.7b-keep4-s42:369:4,369,229,0,0,0,17,36
qwen3-1.7b-keep4-s42,qwen3-1.7b-keep4-s42:369:5,369,454,0,0,0,7,36
qwen3-1.7b-keep4-s42,qwen3-1.7b-keep4-s42:369:6,369,422,0,0,0,13,36
qwen3-1.7b-keep4-s42,qwen3-1.7b-keep4-s42:369:7,369,498,0,0,0,2,36
qwen3-1.7b-keep4-s42,qwen3-1.7b-keep4-s42:370:0,370,439,0,0,0,3,32
qwen3-1.7b-keep4-s42,qwen3-1.7b-keep4-s42:370:1,370,448,0,0,0,2,32
qwen3-1.7b-keep4-s42,qwen3-1.7b-keep4-s42:370:2,370,404,0,0,0,5,32
qwen3-1.7b-keep4-s42,qwen3-1.7b-keep4-s42:370:3,370,421,0,0,0,4,32
qwen3-1.7b-keep4-s42,qwen3-1.7b-keep4-s42:370:4,370,358,0,0,0,2,32
qwen3-1.7b-keep4-s42,qwen3-1.7b-keep4-s42:370:5,370,461,0,0,0,4,32
qwen3-1.7b-keep4-s42,qwen3-1.7b-keep4-s42:370:6,370,371,0,0,0,2,32
qwen3-1.7b-keep4-s42,qwen3-1.7b-keep4-s42:370:7,370,401,0,0,0,2,32
qwen3-1.7b-keep4-s42,qwen3-1.7b-keep4-s42:371:0,371,575,0,0,0,13,29
qwen3-1.7b-keep4-s42,qwen3-1.7b-keep4-s42:371:2,371,2,0,0,0,9,29
qwen3-1.7b-keep4-s42,qwen3-1.7b-keep4-s42:371:6,371,444,0,0,0,10,29
qwen3-1.7b-keep4-s42,qwen3-1.7b-keep4-s42:371:7,371,496,0,0,0,9,29
qwen3-1.7b-keep4-s42,qwen3-1.7b-keep4-s42:372:3,372,4,0,0,0,9,12
qwen3-1.7b-keep4-s42,qwen3-1.7b-keep4-s42:373:3,373,218,0,0,0,14,53
qwen3-1.7b-keep4-s42,qwen3-1.7b-keep4-s42:373:4,373,403,0,0,0,27,53
qwen3-1.7b-keep4-s42,qwen3-1.7b-keep4-s42:373:6,373,17,0,0,0,33,53
qwen3-1.7b-keep4-s42,qwen3-1.7b-keep4-s42:373:7,373,386,0,0,0,13,53
qwen3-1.7b-keep4-s42,qwen3-1.7b-keep4-s42:374:0,374,498,0,0,0,0,21
qwen3-1.7b-keep4-s42,qwen3-1.7b-keep4-s42:374:1,374,468,0,0,0,9,21
qwen3-1.7b-keep4-s42,qwen3-1.7b-keep4-s42:374:2,374,420,0,0,0,5,21
qwen3-1.7b-keep4-s42,qwen3-1.7b-keep4-s42:374:3,374,483,0,0,0,6,21
qwen3-1.7b-keep4-s42,qwen3-1.7b-keep4-s42:374:4,374,527,0,0,0,0,21
qwen3-1.7b-keep4-s42,qwen3-1.7b-keep4-s42:374:5,374,418,0,0,0,3,21
qwen3-1.7b-keep4-s42,qwen3-1.7b-keep4-s42:374:6,374,461,0,0,0,2,21
qwen3-1.7b-keep4-s42,qwen3-1.7b-keep4-s42:374:7,374,490,0,0,0,2,21
qwen3-1.7b-keep4-s42,qwen3-1.7b-keep4-s42:375:1,375,492,0,0,0,6,41
qwen3-1.7b-keep4-s42,qwen3-1.7b-keep4-s42:375:2,375,421,0,0,0,5,41
qwen3-1.7b-keep4-s42,qwen3-1.7b-keep4-s42:375:3,375,392,0,0,0,5,41
qwen3-1.7b-keep4-s42,qwen3-1.7b-keep4-s42:375:4,375,397,0,0,0,5,41
qwen3-1.7b-keep4-s42,qwen3-1.7b-keep4-s42:375:5,375,448,0,0,0,9,41
qwen3-1.7b-keep4-s42,qwen3-1.7b-keep4-s42:375:6,375,450,0,0,0,5,41
qwen3-1.7b-keep4-s42,qwen3-1.7b-keep4-s42:375:7,375,449,0,0,0,3,41
qwen3-1.7b-keep4-s42,qwen3-1.7b-keep4-s42:376:0,376,493,0,0,0,12,69
qwen3-1.7b-keep4-s42,qwen3-1.7b-keep4-s42:376:1,376,447,0,0,0,6,69
qwen3-1.7b-keep4-s42,qwen3-1.7b-keep4-s42:376:2,376,445,0,0,0,5,69
qwen3-1.7b-keep4-s42,qwen3-1.7b-keep4-s42:376:3,376,0,0,0,0,10,69
qwen3-1.7b-keep4-s42,qwen3-1.7b-keep4-s42:376:4,376,425,0,0,0,12,69
qwen3-1.7b-keep4-s42,qwen3-1.7b-keep4-s42:376:6,376,514,0,0,0,8,69
qwen3-1.7b-keep4-s42,qwen3-1.7b-keep4-s42:377:0,377,282,0,0,0,18,70
qwen3-1.7b-keep4-s42,qwen3-1.7b-keep4-s42:377:1,377,274,0,0,0,13,70
qwen3-1.7b-keep4-s42,qwen3-1.7b-keep4-s42:377:2,377,277,0,0,0,15,70
qwen3-1.7b-keep4-s42,qwen3-1.7b-keep4-s42:377:3,377,354,0,0,0,15,70
qwen3-1.7b-keep4-s42,qwen3-1.7b-keep4-s42:377:4,377,380,0,0,0,20,70
qwen3-1.7b-keep4-s42,qwen3-1.7b-keep4-s42:377:5,377,328,0,0,0,13,70
qwen3-1.7b-keep4-s42,qwen3-1.7b-keep4-s42:377:6,377,378,0,0,0,17,70
qwen3-1.7b-keep4-s42,qwen3-1.7b-keep4-s42:378:1,378,419,0,0,0,20,44
qwen3-1.7b-keep4-s42,qwen3-1.7b-keep4-s42:378:2,378,532,0,0,0,17,44
qwen3-1.7b-keep4-s42,qwen3-1.7b-keep4-s42:378:3,378,456,0,0,0,17,44
qwen3-1.7b-keep4-s42,qwen3-1.7b-keep4-s42:378:4,378,581,0,0,0,17,44
qwen3-1.7b-keep4-s42,qwen3-1.7b-keep4-s42:378:5,378,395,0,0,0,18,44
qwen3-1.7b-keep4-s42,qwen3-1.7b-keep4-s42:378:6,378,6,0,0,0,18,44
qwen3-1.7b-keep4-s42,qwen3-1.7b-keep4-s42:378:7,378,97,0,0,0,18,44
qwen3-1.7b-keep4-s42,qwen3-1.7b-keep4-s42:379:0,379,495,0,0,0,8,36
qwen3-1.7b-keep4-s42,qwen3-1.7b-keep4-s42:379:1,379,511,0,0,0,4,36
qwen3-1.7b-keep4-s42,qwen3-1.7b-keep4-s42:379:2,379,525,0,0,0,4,36
qwen3-1.7b-keep4-s42,qwen3-1.7b-keep4-s42:379:4,379,452,0,0,0,2,36
qwen3-1.7b-keep4-s42,qwen3-1.7b-keep4-s42:379:5,379,1,0,0,0,3,36
qwen3-1.7b-keep4-s42,qwen3-1.7b-keep4-s42:379:6,379,510,0,0,0,11,36
qwen3-1.7b-keep4-s42,qwen3-1.7b-keep4-s42:379:7,379,0,0,0,0,6,36
qwen3-1.7b-keep4-s42,qwen3-1.7b-keep4-s42:380:0,380,500,0,0,0,4,61
qwen3-1.7b-keep4-s42,qwen3-1.7b-keep4-s42:380:1,380,464,0,0,0,13,61
qwen3-1.7b-keep4-s42,qwen3-1.7b-keep4-s42:380:2,380,464,0,0,0,14,61
qwen3-1.7b-keep4-s42,qwen3-1.7b-keep4-s42:380:3,380,473,0,0,0,12,61
qwen3-1.7b-keep4-s42,qwen3-1.7b-keep4-s42:380:4,380,595,0,0,0,14,61
qwen3-1.7b-keep4-s42,qwen3-1.7b-keep4-s42:380:5,380,434,0,0,0,17,61
qwen3-1.7b-keep4-s42,qwen3-1.7b-keep4-s42:380:6,380,525,0,0,0,10,61
qwen3-1.7b-keep4-s42,qwen3-1.7b-keep4-s42:380:7,380,449,0,0,0,19,61
qwen3-1.7b-keep4-s42,qwen3-1.7b-keep4-s42:381:0,381,369,0,0,0,9,73
qwen3-1.7b-keep4-s42,qwen3-1.7b-keep4-s42:381:2,381,414,0,0,0,13,73
qwen3-1.7b-keep4-s42,qwen3-1.7b-keep4-s42:381:3,381,430,0,0,0,7,73
qwen3-1.7b-keep4-s42,qwen3-1.7b-keep4-s42:381:4,381,452,0,0,0,8,73
qwen3-1.7b-keep4-s42,qwen3-1.7b-keep4-s42:381:5,381,452,0,0,0,8,73
qwen3-1.7b-keep4-s42,qwen3-1.7b-keep4-s42:381:6,381,446,0,0,0,9,73
qwen3-1.7b-keep4-s42,qwen3-1.7b-keep4-s42:382:0,382,428,0,0,0,13,45
qwen3-1.7b-keep4-s42,qwen3-1.7b-keep4-s42:382:3,382,10,0,0,0,16,45
qwen3-1.7b-keep4-s42,qwen3-1.7b-keep4-s42:382:4,382,316,0,0,0,14,45
qwen3-1.7b-keep4-s42,qwen3-1.7b-keep4-s42:382:5,382,464,0,0,0,8,45
qwen3-1.7b-keep4-s42,qwen3-1.7b-keep4-s42:382:6,382,0,0,0,0,20,45
qwen3-1.7b-keep4-s42,qwen3-1.7b-keep4-s42:384:0,384,0,0,0,0,11,48
qwen3-1.7b-keep4-s42,qwen3-1.7b-keep4-s42:384:1,384,561,0,0,0,2,48
qwen3-1.7b-keep4-s42,qwen3-1.7b-keep4-s42:384:2,384,392,0,0,0,7,48
qwen3-1.7b-keep4-s42,qwen3-1.7b-keep4-s42:384:4,384,475,0,0,0,10,48
qwen3-1.7b-keep4-s42,qwen3-1.7b-keep4-s42:384:6,384,29,0,0,0,17,48
qwen3-1.7b-keep4-s42,qwen3-1.7b-keep4-s42:384:7,384,526,0,0,0,8,48
qwen3-1.7b-keep4-s42,qwen3-1.7b-keep4-s42:385:0,385,384,0,0,0,25,62
qwen3-1.7b-keep4-s42,qwen3-1.7b-keep4-s42:385:2,385,347,0,0,0,22,62
qwen3-1.7b-keep4-s42,qwen3-1.7b-keep4-s42:385:5,385,454,0,0,0,18,62
qwen3-1.7b-keep4-s42,qwen3-1.7b-keep4-s42:385:6,385,316,0,0,0,21,62
qwen3-1.7b-keep4-s42,qwen3-1.7b-keep4-s42:386:0,386,520,0,0,0,5,51
qwen3-1.7b-keep4-s42,qwen3-1.7b-keep4-s42:386:7,386,431,0,0,0,6,51
qwen3-1.7b-keep4-s42,qwen3-1.7b-keep4-s42:387:2,387,421,0,0,0,0,17
qwen3-1.7b-keep4-s42,qwen3-1.7b-keep4-s42:387:3,387,410,0,0,0,0,17
qwen3-1.7b-keep4-s42,qwen3-1.7b-keep4-s42:387:5,387,290,0,0,0,2,17
qwen3-1.7b-keep4-s42,qwen3-1.7b-keep4-s42:387:6,387,410,0,0,0,3,17
qwen3-1.7b-keep4-s42,qwen3-1.7b-keep4-s42:387:7,387,423,0,0,0,3,17
qwen3-1.7b-keep4-s42,qwen3-1.7b-keep4-s42:388:0,388,431,0,0,0,8,35
qwen3-1.7b-keep4-s42,qwen3-1.7b-keep4-s42:388:1,388,532,0,0,0,9,35
qwen3-1.7b-keep4-s42,qwen3-1.7b-keep4-s42:388:2,388,552,0,0,0,8,35
qwen3-1.7b-keep4-s42,qwen3-1.7b-keep4-s42:388:3,388,474,0,0,0,3,35
qwen3-1.7b-keep4-s42,qwen3-1.7b-keep4-s42:388:4,388,551,0,0,0,9,35
qwen3-1.7b-keep4-s42,qwen3-1.7b-keep4-s42:388:5,388,501,0,0,0,5,35
qwen3-1.7b-keep4-s42,qwen3-1.7b-keep4-s42:388:6,388,575,0,0,0,8,35
qwen3-1.7b-keep4-s42,qwen3-1.7b-keep4-s42:388:7,388,427,0,0,0,8,35
qwen3-1.7b-keep4-s42,qwen3-1.7b-keep4-s42:389:0,389,501,0,0,0,12,63
qwen3-1.7b-keep4-s42,qwen3-1.7b-keep4-s42:389:1,389,426,0,0,0,5,63
qwen3-1.7b-keep4-s42,qwen3-1.7b-keep4-s42:389:2,389,394,0,0,0,4,63
qwen3-1.7b-keep4-s42,qwen3-1.7b-keep4-s42:389:3,389,365,0,0,0,9,63
qwen3-1.7b-keep4-s42,qwen3-1.7b-keep4-s42:389:4,389,511,0,0,0,6,63
qwen3-1.7b-keep4-s42,qwen3-1.7b-keep4-s42:389:5,389,302,0,0,0,8,63
qwen3-1.7b-keep4-s42,qwen3-1.7b-keep4-s42:389:6,389,406,0,0,0,16,63
qwen3-1.7b-keep4-s42,qwen3-1.7b-keep4-s42:389:7,389,456,0,0,0,4,63
qwen3-1.7b-keep4-s42,qwen3-1.7b-keep4-s42:390:0,390,423,0,0,0,8,115
qwen3-1.7b-keep4-s42,qwen3-1.7b-keep4-s42:390:1,390,374,0,0,0,5,115
qwen3-1.7b-keep4-s42,qwen3-1.7b-keep4-s42:390:2,390,361,0,0,0,2,115
qwen3-1.7b-keep4-s42,qwen3-1.7b-keep4-s42:390:3,390,335,0,0,0,15,115
qwen3-1.7b-keep4-s42,qwen3-1.7b-keep4-s42:390:4,390,320,0,0,0,9,115
qwen3-1.7b-keep4-s42,qwen3-1.7b-keep4-s42:390:5,390,341,0,0,0,7,115
qwen3-1.7b-keep4-s42,qwen3-1.7b-keep4-s42:390:6,390,407,0,0,0,6,115
qwen3-1.7b-keep4-s42,qwen3-1.7b-keep4-s42:390:7,390,13,0,0,0,5,115
qwen3-1.7b-keep4-s42,qwen3-1.7b-keep4-s42:391:0,391,551,0,0,0,5,61
qwen3-1.7b-keep4-s42,qwen3-1.7b-keep4-s42:391:1,391,511,0,0,0,4,61
qwen3-1.7b-keep4-s42,qwen3-1.7b-keep4-s42:391:2,391,393,0,0,0,4,61
qwen3-1.7b-keep4-s42,qwen3-1.7b-keep4-s42:391:3,391,502,0,0,0,10,61
qwen3-1.7b-keep4-s42,qwen3-1.7b-keep4-s42:391:4,391,476,0,0,0,8,61
qwen3-1.7b-keep4-s42,qwen3-1.7b-keep4-s42:391:5,391,545,0,0,0,5,61
qwen3-1.7b-keep4-s42,qwen3-1.7b-keep4-s42:391:6,391,490,0,0,0,9,61
qwen3-1.7b-keep4-s42,qwen3-1.7b-keep4-s42:391:7,391,375,0,0,0,5,61
qwen3-1.7b-keep4-s42,qwen3-1.7b-keep4-s42:393:0,393,468,0,0,0,2,89
qwen3-1.7b-keep4-s42,qwen3-1.7b-keep4-s42:393:2,393,401,0,0,0,0,89
qwen3-1.7b-keep4-s42,qwen3-1.7b-keep4-s42:393:3,393,457,0,0,0,13,89
qwen3-1.7b-keep4-s42,qwen3-1.7b-keep4-s42:393:5,393,428,0,0,0,9,89
qwen3-1.7b-keep4-s42,qwen3-1.7b-keep4-s42:393:7,393,409,0,0,0,0,89
qwen3-1.7b-keep4-s42,qwen3-1.7b-keep4-s42:394:0,394,534,0,0,0,27,45
qwen3-1.7b-keep4-s42,qwen3-1.7b-keep4-s42:394:2,394,500,0,0,0,25,45
qwen3-1.7b-keep4-s42,qwen3-1.7b-keep4-s42:394:3,394,417,0,0,0,28,45
qwen3-1.7b-keep4-s42,qwen3-1.7b-keep4-s42:394:6,394,428,0,0,0,33,45
qwen3-1.7b-keep4-s42,qwen3-1.7b-keep4-s42:395:0,395,356,0,0,0,3,19
qwen3-1.7b-keep4-s42,qwen3-1.7b-keep4-s42:395:1,395,397,0,0,0,2,19
qwen3-1.7b-keep4-s42,qwen3-1.7b-keep4-s42:395:2,395,323,0,0,0,3,19
qwen3-1.7b-keep4-s42,qwen3-1.7b-keep4-s42:395:3,395,391,0,0,0,3,19
qwen3-1.7b-keep4-s42,qwen3-1.7b-keep4-s42:395:4,395,483,0,0,0,3,19
qwen3-1.7b-keep4-s42,qwen3-1.7b-keep4-s42:395:5,395,489,0,0,0,4,19
qwen3-1.7b-keep4-s42,qwen3-1.7b-keep4-s42:395:6,395,383,0,0,0,1,19
qwen3-1.7b-keep4-s42,qwen3-1.7b-keep4-s42:395:7,395,478,0,0,0,3,19
qwen3-1.7b-keep4-s42,qwen3-1.7b-keep4-s42:396:0,396,8,0,0,0,37,78
qwen3-1.7b-keep4-s42,qwen3-1.7b-keep4-s42:396:6,396,300,0,0,0,44,78
qwen3-1.7b-keep4-s42,qwen3-1.7b-keep4-s42:397:0,397,490,0,0,0,9,26
qwen3-1.7b-keep4-s42,qwen3-1.7b-keep4-s42:397:1,397,502,0,0,0,9,26
qwen3-1.7b-keep4-s42,qwen3-1.7b-keep4-s42:397:3,397,455,0,0,0,12,26
qwen3-1.7b-keep4-s42,qwen3-1.7b-keep4-s42:397:6,397,557,0,0,0,8,26
qwen3-1.7b-keep4-s42,qwen3-1.7b-keep4-s42:398:0,398,362,0,0,0,15,55
qwen3-1.7b-keep4-s42,qwen3-1.7b-keep4-s42:398:1,398,3,0,0,0,17,55
qwen3-1.7b-keep4-s42,qwen3-1.7b-keep4-s42:398:2,398,455,0,0,0,20,55
qwen3-1.7b-keep4-s42,qwen3-1.7b-keep4-s42:398:3,398,73,0,0,0,9,55
qwen3-1.7b-keep4-s42,qwen3-1.7b-keep4-s42:398:5,398,507,0,0,0,15,55
qwen3-1.7b-keep4-s42,qwen3-1.7b-keep4-s42:398:7,398,430,0,0,0,21,55
qwen3-1.7b-keep4-s42,qwen3-1.7b-keep4-s42:399:0,399,5,0,0,0,10,42
qwen3-1.7b-keep4-s42,qwen3-1.7b-keep4-s42:399:1,399,351,0,0,0,6,42
qwen3-1.7b-keep4-s42,qwen3-1.7b-keep4-s42:399:3,399,418,0,0,0,7,42
qwen3-1.7b-keep4-s42,qwen3-1.7b-keep4-s42:399:4,399,385,0,0,0,5,42
qwen3-1.7b-keep4-s42,qwen3-1.7b-keep4-s42:399:5,399,482,0,0,0,6,42
qwen3-1.7b-keep4-s42,qwen3-1.7b-keep4-s42:399:6,399,380,0,0,0,4,42
qwen3-1.7b-keep4-s42,qwen3-1.7b-keep4-s42:399:7,399,358,0,0,0,6,42
qwen3-1.7b-keep4-s42,qwen3-1.7b-keep4-s42:400:1,400,22,0,0,0,8,43
qwen3-1.7b-keep4-s42,qwen3-1.7b-keep4-s42:400:4,400,0,0,0,0,3,43
qwen3-1.7b-keep4-s42,qwen3-1.7b-keep4-s42:400:5,400,558,0,0,0,6,43
qwen3-1.7b-keep4-s42,qwen3-1.7b-keep4-s42:400:6,400,503,0,0,0,7,43
qwen3-1.7b-keep4-s42,qwen3-1.7b-keep4-s42:400:7,400,519,0,0,0,7,43
qwen3-1.7b-keep4-s42,qwen3-1.7b-keep4-s42:401:0,401,457,0,0,0,5,14
qwen3-1.7b-keep4-s42,qwen3-1.7b-keep4-s42:401:1,401,422,0,0,0,3,14
qwen3-1.7b-keep4-s42,qwen3-1.7b-keep4-s42:401:2,401,450,0,0,0,4,14
qwen3-1.7b-keep4-s42,qwen3-1.7b-keep4-s42:401:3,401,452,0,0,0,3,14
qwen3-1.7b-keep4-s42,qwen3-1.7b-keep4-s42:401:4,401,501,0,0,0,4,14
qwen3-1.7b-keep4-s42,qwen3-1.7b-keep4-s42:401:5,401,412,0,0,0,4,14
qwen3-1.7b-keep4-s42,qwen3-1.7b-keep4-s42:401:6,401,450,0,0,0,8,14
qwen3-1.7b-keep4-s42,qwen3-1.7b-keep4-s42:401:7,401,520,0,0,0,4,14
qwen3-1.7b-keep4-s42,qwen3-1.7b-keep4-s42:402:1,402,456,0,0,0,16,41
qwen3-1.7b-keep4-s42,qwen3-1.7b-keep4-s42:402:4,402,289,0,0,0,16,41
qwen3-1.7b-keep4-s42,qwen3-1.7b-keep4-s42:403:1,403,550,0,0,0,7,19
qwen3-1.7b-keep4-s42,qwen3-1.7b-keep4-s42:403:5,403,0,0,0,0,7,19
qwen3-1.7b-keep4-s42,qwen3-1.7b-keep4-s42:404:0,404,391,0,0,0,3,15
qwen3-1.7b-keep4-s42,qwen3-1.7b-keep4-s42:404:1,404,387,0,0,0,0,15
qwen3-1.7b-keep4-s42,qwen3-1.7b-keep4-s42:404:6,404,4,0,0,0,0,15
qwen3-1.7b-keep4-s42,qwen3-1.7b-keep4-s42:404:7,404,454,0,0,0,1,15
qwen3-1.7b-keep4-s42,qwen3-1.7b-keep4-s42:405:0,405,552,0,0,0,11,31
qwen3-1.7b-keep4-s42,qwen3-1.7b-keep4-s42:405:2,405,3,0,0,0,5,31
qwen3-1.7b-keep4-s42,qwen3-1.7b-keep4-s42:405:3,405,480,0,0,0,7,31
qwen3-1.7b-keep4-s42,qwen3-1.7b-keep4-s42:405:4,405,472,0,0,0,11,31
qwen3-1.7b-keep4-s42,qwen3-1.7b-keep4-s42:405:6,405,432,0,0,0,9,31
qwen3-1.7b-keep4-s42,qwen3-1.7b-keep4-s42:405:7,405,427,0,0,0,8,31
qwen3-1.7b-keep4-s42,qwen3-1.7b-keep4-s42:406:3,406,0,0,0,0,11,29
qwen3-1.7b-keep4-s42,qwen3-1.7b-keep4-s42:406:4,406,491,0,0,0,9,29
qwen3-1.7b-keep4-s42,qwen3-1.7b-keep4-s42:407:1,407,395,0,0,0,22,43
qwen3-1.7b-keep4-s42,qwen3-1.7b-keep4-s42:407:4,407,261,0,0,0,2,43
qwen3-1.7b-keep4-s42,qwen3-1.7b-keep4-s42:407:5,407,224,0,0,0,11,43
qwen3-1.7b-keep4-s42,qwen3-1.7b-keep4-s42:407:7,407,288,0,0,0,4,43
qwen3-1.7b-keep4-s42,qwen3-1.7b-keep4-s42:408:4,408,490,0,0,0,14,62
qwen3-1.7b-keep4-s42,qwen3-1.7b-keep4-s42:408:5,408,473,0,0,0,30,62
qwen3-1.7b-keep4-s42,qwen3-1.7b-keep4-s42:409:0,409,441,0,0,0,5,41
qwen3-1.7b-keep4-s42,qwen3-1.7b-keep4-s42:409:2,409,284,0,0,0,7,41
qwen3-1.7b-keep4-s42,qwen3-1.7b-keep4-s42:409:3,409,1,0,0,0,5,41
qwen3-1.7b-keep4-s42,qwen3-1.7b-keep4-s42:409:5,409,354,0,0,0,4,41
qwen3-1.7b-keep4-s42,qwen3-1.7b-keep4-s42:410:4,410,20,0,0,0,12,49
qwen3-1.7b-keep4-s42,qwen3-1.7b-keep4-s42:411:2,411,407,0,0,0,33,58
qwen3-1.7b-keep4-s42,qwen3-1.7b-keep4-s42:412:0,412,526,0,0,0,6,34
qwen3-1.7b-keep4-s42,qwen3-1.7b-keep4-s42:412:1,412,472,0,0,0,7,34
qwen3-1.7b-keep4-s42,qwen3-1.7b-keep4-s42:412:2,412,489,0,0,0,8,34
qwen3-1.7b-keep4-s42,qwen3-1.7b-keep4-s42:412:3,412,404,0,0,0,5,34
qwen3-1.7b-keep4-s42,qwen3-1.7b-keep4-s42:412:4,412,428,0,0,0,7,34
qwen3-1.7b-keep4-s42,qwen3-1.7b-keep4-s42:412:5,412,566,0,0,0,8,34
qwen3-1.7b-keep4-s42,qwen3-1.7b-keep4-s42:412:6,412,489,0,0,0,6,34
qwen3-1.7b-keep4-s42,qwen3-1.7b-keep4-s42:412:7,412,412,0,0,0,10,34
qwen3-1.7b-keep4-s42,qwen3-1.7b-keep4-s42:414:1,414,391,0,0,0,32,71
qwen3-1.7b-keep4-s42,qwen3-1.7b-keep4-s42:414:5,414,473,0,0,0,32,71
qwen3-1.7b-keep4-s42,qwen3-1.7b-keep4-s42:414:6,414,545,0,0,0,23,71
qwen3-1.7b-keep4-s42,qwen3-1.7b-keep4-s42:415:0,415,535,0,0,0,22,61
qwen3-1.7b-keep4-s42,qwen3-1.7b-keep4-s42:415:1,415,447,0,0,0,18,61
qwen3-1.7b-keep4-s42,qwen3-1.7b-keep4-s42:415:2,415,492,0,0,0,14,61
qwen3-1.7b-keep4-s42,qwen3-1.7b-keep4-s42:415:3,415,459,0,0,0,44,61
qwen3-1.7b-keep4-s42,qwen3-1.7b-keep4-s42:415:4,415,476,0,0,0,53,61
qwen3-1.7b-keep4-s42,qwen3-1.7b-keep4-s42:415:5,415,71,0,0,0,22,61
qwen3-1.7b-keep4-s42,qwen3-1.7b-keep4-s42:415:6,415,409,0,0,0,16,61
qwen3-1.7b-keep4-s42,qwen3-1.7b-keep4-s42:415:7,415,528,0,0,0,24,61
qwen3-1.7b-keep4-s42,qwen3-1.7b-keep4-s42:416:2,416,527,0,0,0,29,76
qwen3-1.7b-keep4-s42,qwen3-1.7b-keep4-s42:416:3,416,428,0,0,0,32,76
qwen3-1.7b-keep4-s42,qwen3-1.7b-keep4-s42:416:5,416,381,0,0,0,36,76
qwen3-1.7b-keep4-s42,qwen3-1.7b-keep4-s42:416:6,416,507,0,0,0,36,76
qwen3-1.7b-keep4-s42,qwen3-1.7b-keep4-s42:417:1,417,507,0,0,0,4,33
qwen3-1.7b-keep4-s42,qwen3-1.7b-keep4-s42:417:6,417,14,0,0,0,8,33
qwen3-1.7b-keep4-s42,qwen3-1.7b-keep4-s42:417:7,417,348,0,0,0,4,33
qwen3-1.7b-keep4-s42,qwen3-1.7b-keep4-s42:418:0,418,228,0,0,0,4,31
qwen3-1.7b-keep4-s42,qwen3-1.7b-keep4-s42:418:1,418,308,0,0,0,5,31
qwen3-1.7b-keep4-s42,qwen3-1.7b-keep4-s42:418:2,418,317,0,0,0,5,31
qwen3-1.7b-keep4-s42,qwen3-1.7b-keep4-s42:418:4,418,391,0,0,0,9,31
qwen3-1.7b-keep4-s42,qwen3-1.7b-keep4-s42:418:5,418,196,0,0,0,6,31
qwen3-1.7b-keep4-s42,qwen3-1.7b-keep4-s42:418:6,418,429,0,0,0,5,31
qwen3-1.7b-keep4-s42,qwen3-1.7b-keep4-s42:418:7,418,430,0,0,0,5,31
qwen3-1.7b-keep4-s42,qwen3-1.7b-keep4-s42:419:0,419,490,0,0,0,14,35
qwen3-1.7b-keep4-s42,qwen3-1.7b-keep4-s42:419:1,419,5,0,0,0,13,35
qwen3-1.7b-keep4-s42,qwen3-1.7b-keep4-s42:419:3,419,9,0,0,0,7,35
qwen3-1.7b-keep4-s42,qwen3-1.7b-keep4-s42:419:5,419,24,0,0,0,14,35
qwen3-1.7b-keep4-s42,qwen3-1.7b-keep4-s42:419:7,419,0,0,0,0,13,35
qwen3-1.7b-keep4-s42,qwen3-1.7b-keep4-s42:420:2,420,342,0,0,0,38,77
qwen3-1.7b-keep4-s42,qwen3-1.7b-keep4-s42:420:7,420,212,0,0,0,25,77
qwen3-1.7b-keep4-s42,qwen3-1.7b-keep4-s42:421:2,421,418,0,0,0,5,47
qwen3-1.7b-keep4-s42,qwen3-1.7b-keep4-s42:421:3,421,54,0,0,0,13,47
qwen3-1.7b-keep4-s42,qwen3-1.7b-keep4-s42:421:4,421,459,0,0,0,2,47
qwen3-1.7b-keep4-s42,qwen3-1.7b-keep4-s42:421:5,421,431,0,0,0,9,47
qwen3-1.7b-keep4-s42,qwen3-1.7b-keep4-s42:421:6,421,420,0,0,0,8,47
qwen3-1.7b-keep4-s42,qwen3-1.7b-keep4-s42:421:7,421,509,0,0,0,7,47
qwen3-1.7b-keep4-s42,qwen3-1.7b-keep4-s42:422:0,422,384,0,0,0,15,39
qwen3-1.7b-keep4-s42,qwen3-1.7b-keep4-s42:422:1,422,455,0,0,0,16,39
qwen3-1.7b-keep4-s42,qwen3-1.7b-keep4-s42:422:2,422,508,0,0,0,13,39
qwen3-1.7b-keep4-s42,qwen3-1.7b-keep4-s42:422:3,422,335,0,0,0,23,39
qwen3-1.7b-keep4-s42,qwen3-1.7b-keep4-s42:422:4,422,273,0,0,0,18,39
qwen3-1.7b-keep4-s42,qwen3-1.7b-keep4-s42:422:5,422,340,0,0,0,15,39
qwen3-1.7b-keep4-s42,qwen3-1.7b-keep4-s42:422:7,422,415,0,0,0,16,39
qwen3-1.7b-keep4-s42,qwen3-1.7b-keep4-s42:423:1,423,7,0,0,0,5,74
qwen3-1.7b-keep4-s42,qwen3-1.7b-keep4-s42:423:3,423,399,0,0,0,10,74
qwen3-1.7b-keep4-s42,qwen3-1.7b-keep4-s42:424:2,424,469,0,0,0,12,83
qwen3-1.7b-keep4-s42,qwen3-1.7b-keep4-s42:425:0,425,456,0,0,0,9,40
qwen3-1.7b-keep4-s42,qwen3-1.7b-keep4-s42:425:1,425,560,0,0,0,7,40
qwen3-1.7b-keep4-s42,qwen3-1.7b-keep4-s42:425:2,425,554,0,0,0,10,40
qwen3-1.7b-keep4-s42,qwen3-1.7b-keep4-s42:425:3,425,432,0,0,0,6,40
qwen3-1.7b-keep4-s42,qwen3-1.7b-keep4-s42:425:4,425,555,0,0,0,11,40
qwen3-1.7b-keep4-s42,qwen3-1.7b-keep4-s42:425:5,425,577,0,0,0,5,40
qwen3-1.7b-keep4-s42,qwen3-1.7b-keep4-s42:425:6,425,336,0,0,0,9,40
qwen3-1.7b-keep4-s42,qwen3-1.7b-keep4-s42:425:7,425,448,0,0,0,9,40
qwen3-1.7b-keep4-s42,qwen3-1.7b-keep4-s42:426:0,426,419,0,0,0,4,54
qwen3-1.7b-keep4-s42,qwen3-1.7b-keep4-s42:426:1,426,432,0,0,0,1,54
qwen3-1.7b-keep4-s42,qwen3-1.7b-keep4-s42:426:2,426,438,0,0,0,1,54
qwen3-1.7b-keep4-s42,qwen3-1.7b-keep4-s42:426:3,426,394,0,0,0,4,54
qwen3-1.7b-keep4-s42,qwen3-1.7b-keep4-s42:426:4,426,438,0,0,0,5,54
qwen3-1.7b-keep4-s42,qwen3-1.7b-keep4-s42:426:5,426,380,0,0,0,4,54
qwen3-1.7b-keep4-s42,qwen3-1.7b-keep4-s42:426:6,426,392,0,0,0,2,54
qwen3-1.7b-keep4-s42,qwen3-1.7b-keep4-s42:426:7,426,465,0,0,0,5,54
qwen3-1.7b-keep4-s42,qwen3-1.7b-keep4-s42:427:2,427,439,0,0,0,14,74
qwen3-1.7b-keep4-s42,qwen3-1.7b-keep4-s42:427:7,427,395,0,0,0,10,74
qwen3-1.7b-keep4-s42,qwen3-1.7b-keep4-s42:428:0,428,496,0,0,0,6,34
qwen3-1.7b-keep4-s42,qwen3-1.7b-keep4-s42:428:1,428,444,0,0,0,8,34
qwen3-1.7b-keep4-s42,qwen3-1.7b-keep4-s42:428:3,428,505,0,0,0,9,34
qwen3-1.7b-keep4-s42,qwen3-1.7b-keep4-s42:428:7,428,527,0,0,0,5,34
qwen3-1.7b-keep4-s42,qwen3-1.7b-keep4-s42:429:2,429,12,0,0,0,17,61
qwen3-1.7b-keep4-s42,qwen3-1.7b-keep4-s42:429:3,429,499,0,0,0,27,61
qwen3-1.7b-keep4-s42,qwen3-1.7b-keep4-s42:429:6,429,385,0,0,0,31,61
qwen3-1.7b-keep4-s42,qwen3-1.7b-keep4-s42:429:7,429,4,0,0,0,19,61
qwen3-1.7b-keep4-s42,qwen3-1.7b-keep4-s42:430:1,430,349,0,0,0,14,37
qwen3-1.7b-keep4-s42,qwen3-1.7b-keep4-s42:431:0,431,57,0,0,0,15,53
qwen3-1.7b-keep4-s42,qwen3-1.7b-keep4-s42:431:1,431,459,0,0,0,8,53
qwen3-1.7b-keep4-s42,qwen3-1.7b-keep4-s42:431:3,431,518,0,0,0,7,53
qwen3-1.7b-keep4-s42,qwen3-1.7b-keep4-s42:431:5,431,0,0,0,0,12,53
qwen3-1.7b-keep4-s42,qwen3-1.7b-keep4-s42:431:6,431,441,0,0,0,7,53
qwen3-1.7b-keep4-s42,qwen3-1.7b-keep4-s42:431:7,431,473,0,0,0,6,53
qwen3-1.7b-keep4-s42,qwen3-1.7b-keep4-s42:432:0,432,477,0,0,0,2,46
qwen3-1.7b-keep4-s42,qwen3-1.7b-keep4-s42:432:1,432,440,0,0,0,2,46
qwen3-1.7b-keep4-s42,qwen3-1.7b-keep4-s42:432:2,432,449,0,0,0,0,46
qwen3-1.7b-keep4-s42,qwen3-1.7b-keep4-s42:432:3,432,502,0,0,0,2,46
qwen3-1.7b-keep4-s42,qwen3-1.7b-keep4-s42:432:4,432,471,0,0,0,2,46
qwen3-1.7b-keep4-s42,qwen3-1.7b-keep4-s42:432:5,432,496,0,0,0,3,46
qwen3-1.7b-keep4-s42,qwen3-1.7b-keep4-s42:432:6,432,487,0,0,0,1,46
qwen3-1.7b-keep4-s42,qwen3-1.7b-keep4-s42:432:7,432,548,8,0,0,6,46
qwen3-1.7b-keep4-s42,qwen3-1.7b-keep4-s42:433:0,433,442,0,0,0,8,52
qwen3-1.7b-keep4-s42,qwen3-1.7b-keep4-s42:433:1,433,514,0,0,0,11,52
qwen3-1.7b-keep4-s42,qwen3-1.7b-keep4-s42:433:3,433,555,0,0,0,7,52
qwen3-1.7b-keep4-s42,qwen3-1.7b-keep4-s42:433:4,433,345,0,0,0,8,52
qwen3-1.7b-keep4-s42,qwen3-1.7b-keep4-s42:433:5,433,413,0,0,0,3,52
qwen3-1.7b-keep4-s42,qwen3-1.7b-keep4-s42:433:6,433,449,0,0,0,4,52
qwen3-1.7b-keep4-s42,qwen3-1.7b-keep4-s42:433:7,433,366,0,0,0,5,52
qwen3-1.7b-keep4-s42,qwen3-1.7b-keep4-s42:434:0,434,470,0,0,0,5,52
qwen3-1.7b-keep4-s42,qwen3-1.7b-keep4-s42:434:1,434,331,0,0,0,3,52
qwen3-1.7b-keep4-s42,qwen3-1.7b-keep4-s42:434:2,434,432,0,0,0,6,52
qwen3-1.7b-keep4-s42,qwen3-1.7b-keep4-s42:434:3,434,384,0,0,0,5,52
qwen3-1.7b-keep4-s42,qwen3-1.7b-keep4-s42:434:4,434,310,0,0,0,4,52
qwen3-1.7b-keep4-s42,qwen3-1.7b-keep4-s42:434:5,434,436,0,0,0,4,52
qwen3-1.7b-keep4-s42,qwen3-1.7b-keep4-s42:434:6,434,320,0,0,0,3,52
qwen3-1.7b-keep4-s42,qwen3-1.7b-keep4-s42:434:7,434,188,0,0,0,5,52
qwen3-1.7b-keep4-s42,qwen3-1.7b-keep4-s42:435:0,435,480,0,0,0,15,47
qwen3-1.7b-keep4-s42,qwen3-1.7b-keep4-s42:435:1,435,461,0,0,0,22,47
qwen3-1.7b-keep4-s42,qwen3-1.7b-keep4-s42:435:4,435,484,0,0,0,21,47
qwen3-1.7b-keep4-s42,qwen3-1.7b-keep4-s42:435:6,435,1,0,0,0,19,47
qwen3-1.7b-keep4-s42,qwen3-1.7b-keep4-s42:436:1,436,455,0,0,0,20,37
qwen3-1.7b-keep4-s42,qwen3-1.7b-keep4-s42:436:2,436,9,0,0,0,18,37
qwen3-1.7b-keep4-s42,qwen3-1.7b-keep4-s42:436:4,436,453,0,0,0,16,37
qwen3-1.7b-keep4-s42,qwen3-1.7b-keep4-s42:437:2,437,569,0,0,0,10,43
qwen3-1.7b-keep4-s42,qwen3-1.7b-keep4-s42:437:3,437,394,0,0,0,6,43
qwen3-1.7b-keep4-s42,qwen3-1.7b-keep4-s42:437:4,437,423,0,0,0,12,43
qwen3-1.7b-keep4-s42,qwen3-1.7b-keep4-s42:438:0,438,368,0,0,0,12,86
qwen3-1.7b-keep4-s42,qwen3-1.7b-keep4-s42:438:1,438,196,0,0,0,22,86
qwen3-1.7b-keep4-s42,qwen3-1.7b-keep4-s42:438:3,438,415,0,0,0,12,86
qwen3-1.7b-keep4-s42,qwen3-1.7b-keep4-s42:438:4,438,404,0,0,0,16,86
qwen3-1.7b-keep4-s42,qwen3-1.7b-keep4-s42:438:5,438,363,0,0,0,11,86
qwen3-1.7b-keep4-s42,qwen3-1.7b-keep4-s42:438:6,438,331,0,0,0,17,86
qwen3-1.7b-keep4-s42,qwen3-1.7b-keep4-s42:438:7,438,361,0,0,0,15,86
qwen3-1.7b-keep4-s42,qwen3-1.7b-keep4-s42:439:0,439,251,0,0,0,29,56
qwen3-1.7b-keep4-s42,qwen3-1.7b-keep4-s42:439:4,439,8,0,0,0,32,56
qwen3-1.7b-keep4-s42,qwen3-1.7b-keep4-s42:439:5,439,310,0,0,0,31,56
qwen3-1.7b-keep4-s42,qwen3-1.7b-keep4-s42:439:7,439,0,0,0,0,30,56
qwen3-1.7b-keep4-s42,qwen3-1.7b-keep4-s42:441:1,441,303,0,0,0,10,83
qwen3-1.7b-keep4-s42,qwen3-1.7b-keep4-s42:441:2,441,465,0,0,0,22,83
qwen3-1.7b-keep4-s42,qwen3-1.7b-keep4-s42:441:4,441,23,0,0,0,12,83
qwen3-1.7b-keep4-s42,qwen3-1.7b-keep4-s42:441:5,441,16,0,0,0,15,83
qwen3-1.7b-keep4-s42,qwen3-1.7b-keep4-s42:441:6,441,389,0,0,0,12,83
qwen3-1.7b-keep4-s42,qwen3-1.7b-keep4-s42:442:5,442,495,0,0,0,18,30
qwen3-1.7b-keep4-s42,qwen3-1.7b-keep4-s42:443:0,443,0,0,0,0,11,43
qwen3-1.7b-keep4-s42,qwen3-1.7b-keep4-s42:443:1,443,370,0,0,0,12,43
qwen3-1.7b-keep4-s42,qwen3-1.7b-keep4-s42:443:5,443,1,0,0,0,8,43
qwen3-1.7b-keep4-s42,qwen3-1.7b-keep4-s42:443:7,443,410,0,0,0,9,43
qwen3-1.7b-keep4-s42,qwen3-1.7b-keep4-s42:444:4,444,24,0,0,0,1,25
qwen3-1.7b-keep4-s42,qwen3-1.7b-keep4-s42:444:5,444,87,0,0,0,2,25
qwen3-1.7b-keep4-s42,qwen3-1.7b-keep4-s42:445:0,445,381,0,0,0,16,75
qwen3-1.7b-keep4-s42,qwen3-1.7b-keep4-s42:445:1,445,412,0,0,0,7,75
qwen3-1.7b-keep4-s42,qwen3-1.7b-keep4-s42:445:2,445,440,0,0,0,16,75
qwen3-1.7b-keep4-s42,qwen3-1.7b-keep4-s42:445:3,445,444,0,0,0,13,75
qwen3-1.7b-keep4-s42,qwen3-1.7b-keep4-s42:445:4,445,416,0,0,0,22,75
qwen3-1.7b-keep4-s42,qwen3-1.7b-keep4-s42:445:7,445,422,0,0,0,19,75
qwen3-1.7b-keep4-s42,qwen3-1.7b-keep4-s42:446:0,446,495,0,0,0,15,33
qwen3-1.7b-keep4-s42,qwen3-1.7b-keep4-s42:446:1,446,613,0,0,0,15,33
qwen3-1.7b-keep4-s42,qwen3-1.7b-keep4-s42:446:2,446,588,0,0,0,14,33
qwen3-1.7b-keep4-s42,qwen3-1.7b-keep4-s42:446:4,446,511,0,0,0,18,33
qwen3-1.7b-keep4-s42,qwen3-1.7b-keep4-s42:446:5,446,536,0,0,0,14,33
qwen3-1.7b-keep4-s42,qwen3-1.7b-keep4-s42:446:6,446,477,0,0,0,15,33
qwen3-1.7b-keep4-s42,qwen3-1.7b-keep4-s42:447:0,447,608,0,0,0,23,34
qwen3-1.7b-keep4-s42,qwen3-1.7b-keep4-s42:447:2,447,421,0,0,0,19,34
qwen3-1.7b-keep4-s42,qwen3-1.7b-keep4-s42:447:3,447,493,0,0,0,8,34
qwen3-1.7b-keep4-s42,qwen3-1.7b-keep4-s42:447:4,447,379,0,0,0,14,34
qwen3-1.7b-keep4-s42,qwen3-1.7b-keep4-s42:447:5,447,551,0,0,0,3,34
qwen3-1.7b-keep4-s42,qwen3-1.7b-keep4-s42:447:6,447,358,0,0,0,1,34
qwen3-1.7b-keep4-s42,qwen3-1.7b-keep4-s42:447:7,447,438,0,0,0,9,34
qwen3-1.7b-keep4-s42,qwen3-1.7b-keep4-s42:448:1,448,310,0,0,0,14,52
qwen3-1.7b-keep4-s42,qwen3-1.7b-keep4-s42:448:5,448,340,0,0,0,13,52
qwen3-1.7b-keep4-s42,qwen3-1.7b-keep4-s42:448:6,448,391,0,0,0,16,52
qwen3-1.7b-keep4-s42,qwen3-1.7b-keep4-s42:449:0,449,421,0,0,0,12,38
qwen3-1.7b-keep4-s42,qwen3-1.7b-keep4-s42:449:1,449,558,0,0,0,14,38
qwen3-1.7b-keep4-s42,qwen3-1.7b-keep4-s42:449:2,449,417,0,0,0,6,38
qwen3-1.7b-keep4-s42,qwen3-1.7b-keep4-s42:449:3,449,537,0,0,0,11,38
qwen3-1.7b-keep4-s42,qwen3-1.7b-keep4-s42:449:4,449,607,0,0,0,7,38
qwen3-1.7b-keep4-s42,qwen3-1.7b-keep4-s42:449:5,449,478,0,0,0,10,38
qwen3-1.7b-keep4-s42,qwen3-1.7b-keep4-s42:449:6,449,7,0,0,0,15,38
qwen3-1.7b-keep4-s42,qwen3-1.7b-keep4-s42:449:7,449,637,0,0,0,11,38
qwen3-1.7b-keep4-s42,qwen3-1.7b-keep4-s42:451:0,451,443,0,0,0,24,68
qwen3-1.7b-keep4-s42,qwen3-1.7b-keep4-s42:451:1,451,410,0,0,0,17,68
qwen3-1.7b-keep4-s42,qwen3-1.7b-keep4-s42:451:2,451,495,0,0,0,17,68
qwen3-1.7b-keep4-s42,qwen3-1.7b-keep4-s42:451:3,451,507,0,0,0,14,68
qwen3-1.7b-keep4-s42,qwen3-1.7b-keep4-s42:451:4,451,306,0,0,0,14,68
qwen3-1.7b-keep4-s42,qwen3-1.7b-keep4-s42:451:5,451,571,0,0,0,12,68
qwen3-1.7b-keep4-s42,qwen3-1.7b-keep4-s42:451:6,451,391,0,0,0,23,68
qwen3-1.7b-keep4-s42,qwen3-1.7b-keep4-s42:452:1,452,366,0,0,0,11,48
qwen3-1.7b-keep4-s42,qwen3-1.7b-keep4-s42:452:5,452,3,0,0,0,14,48
qwen3-1.7b-keep4-s42,qwen3-1.7b-keep4-s42:452:7,452,511,0,0,0,10,48
qwen3-1.7b-keep4-s42,qwen3-1.7b-keep4-s42:453:1,453,439,0,0,0,33,57
qwen3-1.7b-keep4-s42,qwen3-1.7b-keep4-s42:453:4,453,15,0,0,0,44,57
qwen3-1.7b-keep4-s42,qwen3-1.7b-keep4-s42:454:0,454,446,0,0,0,3,61
qwen3-1.7b-keep4-s42,qwen3-1.7b-keep4-s42:454:1,454,406,0,0,0,12,61
qwen3-1.7b-keep4-s42,qwen3-1.7b-keep4-s42:454:2,454,538,0,0,0,6,61
qwen3-1.7b-keep4-s42,qwen3-1.7b-keep4-s42:454:3,454,446,0,0,0,10,61
qwen3-1.7b-keep4-s42,qwen3-1.7b-keep4-s42:454:4,454,444,0,0,0,3,61
qwen3-1.7b-keep4-s42,qwen3-1.7b-keep4-s42:454:5,454,502,0,0,0,8,61
qwen3-1.7b-keep4-s42,qwen3-1.7b-keep4-s42:454:6,454,380,0,0,0,4,61
qwen3-1.7b-keep4-s42,qwen3-1.7b-keep4-s42:454:7,454,487,0,0,0,8,61
qwen3-1.7b-keep4-s42,qwen3-1.7b-keep4-s42:455:0,455,431,0,0,0,24,60
qwen3-1.7b-keep4-s42,qwen3-1.7b-keep4-s42:455:3,455,496,0,0,0,15,60
qwen3-1.7b-keep4-s42,qwen3-1.7b-keep4-s42:455:4,455,433,0,0,0,21,60
qwen3-1.7b-keep4-s42,qwen3-1.7b-keep4-s42:455:5,455,456,0,0,0,24,60
qwen3-1.7b-keep4-s42,qwen3-1.7b-keep4-s42:456:3,456,587,0,0,0,3,17
qwen3-1.7b-keep4-s42,qwen3-1.7b-keep4-s42:456:4,456,13,0,0,0,4,17
qwen3-1.7b-keep4-s42,qwen3-1.7b-keep4-s42:456:6,456,524,0,0,0,11,17
qwen3-1.7b-keep4-s42,qwen3-1.7b-keep4-s42:457:0,457,294,0,0,0,3,33
qwen3-1.7b-keep4-s42,qwen3-1.7b-keep4-s42:457:1,457,323,0,0,0,6,33
qwen3-1.7b-keep4-s42,qwen3-1.7b-keep4-s42:457:3,457,368,0,0,0,5,33
qwen3-1.7b-keep4-s42,qwen3-1.7b-keep4-s42:457:4,457,318,0,0,0,3,33
qwen3-1.7b-keep4-s42,qwen3-1.7b-keep4-s42:457:5,457,266,0,0,0,3,33
qwen3-1.7b-keep4-s42,qwen3-1.7b-keep4-s42:457:6,457,308,0,0,0,5,33
qwen3-1.7b-keep4-s42,qwen3-1.7b-keep4-s42:457:7,457,176,0,0,0,4,33
qwen3-1.7b-keep4-s42,qwen3-1.7b-keep4-s42:458:1,458,475,0,0,0,15,34
qwen3-1.7b-keep4-s42,qwen3-1.7b-keep4-s42:458:2,458,510,0,0,0,13,34
qwen3-1.7b-keep4-s42,qwen3-1.7b-keep4-s42:458:3,458,434,0,0,0,10,34
qwen3-1.7b-keep4-s42,qwen3-1.7b-keep4-s42:458:4,458,480,0,0,0,10,34
qwen3-1.7b-keep4-s42,qwen3-1.7b-keep4-s42:458:5,458,518,0,0,0,7,34
qwen3-1.7b-keep4-s42,qwen3-1.7b-keep4-s42:458:6,458,458,0,0,0,6,34
qwen3-1.7b-keep4-s42,qwen3-1.7b-keep4-s42:458:7,458,9,0,0,0,6,34
qwen3-1.7b-keep4-s42,qwen3-1.7b-keep4-s42:459:0,459,393,0,0,0,11,68
qwen3-1.7b-keep4-s42,qwen3-1.7b-keep4-s42:459:1,459,391,0,0,0,7,68
qwen3-1.7b-keep4-s42,qwen3-1.7b-keep4-s42:459:2,459,415,0,0,0,8,68
qwen3-1.7b-keep4-s42,qwen3-1.7b-keep4-s42:459:3,459,397,0,0,0,6,68
qwen3-1.7b-keep4-s42,qwen3-1.7b-keep4-s42:459:4,459,435,0,0,0,8,68
qwen3-1.7b-keep4-s42,qwen3-1.7b-keep4-s42:459:6,459,406,0,0,0,4,68
qwen3-1.7b-keep4-s42,qwen3-1.7b-keep4-s42:459:7,459,465,0,0,0,3,68
qwen3-1.7b-keep4-s42,qwen3-1.7b-keep4-s42:460:0,460,424,0,0,0,9,72
qwen3-1.7b-keep4-s42,qwen3-1.7b-keep4-s42:460:1,460,281,0,0,0,11,72
qwen3-1.7b-keep4-s42,qwen3-1.7b-keep4-s42:460:3,460,412,0,0,0,11,72
qwen3-1.7b-keep4-s42,qwen3-1.7b-keep4-s42:460:4,460,307,0,0,0,9,72
qwen3-1.7b-keep4-s42,qwen3-1.7b-keep4-s42:460:5,460,322,0,0,0,5,72
qwen3-1.7b-keep4-s42,qwen3-1.7b-keep4-s42:460:6,460,276,0,0,0,9,72
qwen3-1.7b-keep4-s42,qwen3-1.7b-keep4-s42:460:7,460,305,0,0,0,7,72
qwen3-1.7b-keep4-s42,qwen3-1.7b-keep4-s42:461:0,461,562,0,0,0,23,63
qwen3-1.7b-keep4-s42,qwen3-1.7b-keep4-s42:461:2,461,396,0,0,0,25,63
qwen3-1.7b-keep4-s42,qwen3-1.7b-keep4-s42:461:3,461,499,0,0,0,16,63
qwen3-1.7b-keep4-s42,qwen3-1.7b-keep4-s42:461:4,461,448,0,0,0,31,63
qwen3-1.7b-keep4-s42,qwen3-1.7b-keep4-s42:461:5,461,363,0,0,0,24,63
qwen3-1.7b-keep4-s42,qwen3-1.7b-keep4-s42:461:6,461,22,0,0,0,16,63
qwen3-1.7b-keep4-s42,qwen3-1.7b-keep4-s42:461:7,461,534,0,0,0,22,63
qwen3-1.7b-keep4-s42,qwen3-1.7b-keep4-s42:462:0,462,400,0,0,0,21,58
qwen3-1.7b-keep4-s42,qwen3-1.7b-keep4-s42:463:0,463,106,0,0,0,15,30
qwen3-1.7b-keep4-s42,qwen3-1.7b-keep4-s42:463:1,463,444,0,0,0,7,30
qwen3-1.7b-keep4-s42,qwen3-1.7b-keep4-s42:463:2,463,479,0,0,0,12,30
qwen3-1.7b-keep4-s42,qwen3-1.7b-keep4-s42:463:3,463,175,0,0,0,14,30
qwen3-1.7b-keep4-s42,qwen3-1.7b-keep4-s42:463:4,463,426,1,0,0,15,30
qwen3-1.7b-keep4-s42,qwen3-1.7b-keep4-s42:463:6,463,549,0,0,0,8,30
qwen3-1.7b-keep4-s42,qwen3-1.7b-keep4-s42:463:7,463,590,0,0,0,5,30
qwen3-1.7b-keep4-s42,qwen3-1.7b-keep4-s42:464:0,464,288,0,0,0,0,9
qwen3-1.7b-keep4-s42,qwen3-1.7b-keep4-s42:464:1,464,549,0,0,0,0,9
qwen3-1.7b-keep4-s42,qwen3-1.7b-keep4-s42:464:2,464,406,0,0,0,0,9
qwen3-1.7b-keep4-s42,qwen3-1.7b-keep4-s42:464:3,464,490,0,0,0,0,9
qwen3-1.7b-keep4-s42,qwen3-1.7b-keep4-s42:464:4,464,478,0,0,0,0,9
qwen3-1.7b-keep4-s42,qwen3-1.7b-keep4-s42:464:5,464,475,0,0,0,0,9
qwen3-1.7b-keep4-s42,qwen3-1.7b-keep4-s42:464:6,464,409,0,0,0,0,9
qwen3-1.7b-keep4-s42,qwen3-1.7b-keep4-s42:464:7,464,529,0,0,0,0,9
qwen3-1.7b-keep4-s42,qwen3-1.7b-keep4-s42:465:0,465,447,0,0,0,13,59
qwen3-1.7b-keep4-s42,qwen3-1.7b-keep4-s42:465:1,465,506,0,0,0,5,59
qwen3-1.7b-keep4-s42,qwen3-1.7b-keep4-s42:465:2,465,556,0,0,0,16,59
qwen3-1.7b-keep4-s42,qwen3-1.7b-keep4-s42:465:3,465,385,0,0,0,17,59
qwen3-1.7b-keep4-s42,qwen3-1.7b-keep4-s42:465:4,465,556,0,0,0,10,59
qwen3-1.7b-keep4-s42,qwen3-1.7b-keep4-s42:465:5,465,432,0,0,0,13,59
qwen3-1.7b-keep4-s42,qwen3-1.7b-keep4-s42:465:6,465,516,0,0,0,17,59
qwen3-1.7b-keep4-s42,qwen3-1.7b-keep4-s42:465:7,465,458,0,0,0,10,59
qwen3-1.7b-keep4-s42,qwen3-1.7b-keep4-s42:466:0,466,20,0,0,0,9,53
qwen3-1.7b-keep4-s42,qwen3-1.7b-keep4-s42:466:2,466,83,0,0,0,10,53
qwen3-1.7b-keep4-s42,qwen3-1.7b-keep4-s42:466:3,466,468,0,0,0,0,53
qwen3-1.7b-keep4-s42,qwen3-1.7b-keep4-s42:466:4,466,459,0,0,0,1,53
qwen3-1.7b-keep4-s42,qwen3-1.7b-keep4-s42:467:0,467,443,0,0,0,7,31
qwen3-1.7b-keep4-s42,qwen3-1.7b-keep4-s42:467:1,467,484,0,0,0,6,31
qwen3-1.7b-keep4-s42,qwen3-1.7b-keep4-s42:467:2,467,448,0,0,0,6,31
qwen3-1.7b-keep4-s42,qwen3-1.7b-keep4-s42:467:3,467,408,0,0,0,6,31
qwen3-1.7b-keep4-s42,qwen3-1.7b-keep4-s42:467:4,467,524,0,0,0,7,31
qwen3-1.7b-keep4-s42,qwen3-1.7b-keep4-s42:467:5,467,435,0,0,0,7,31
qwen3-1.7b-keep4-s42,qwen3-1.7b-keep4-s42:467:6,467,492,0,0,0,9,31
qwen3-1.7b-keep4-s42,qwen3-1.7b-keep4-s42:468:4,468,400,0,0,0,23,40
qwen3-1.7b-keep4-s42,qwen3-1.7b-keep4-s42:469:0,469,324,0,0,0,41,97
qwen3-1.7b-keep4-s42,qwen3-1.7b-keep4-s42:469:2,469,360,0,0,0,29,97
qwen3-1.7b-keep4-s42,qwen3-1.7b-keep4-s42:469:4,469,351,0,0,0,22,97
qwen3-1.7b-keep4-s42,qwen3-1.7b-keep4-s42:469:6,469,313,0,0,0,29,97
qwen3-1.7b-keep4-s42,qwen3-1.7b-keep4-s42:469:7,469,285,0,0,0,15,97
qwen3-1.7b-keep4-s42,qwen3-1.7b-keep4-s42:470:1,470,554,0,0,0,13,38
qwen3-1.7b-keep4-s42,qwen3-1.7b-keep4-s42:470:4,470,418,0,0,0,17,38
qwen3-1.7b-keep4-s42,qwen3-1.7b-keep4-s42:470:5,470,531,0,0,0,13,38
qwen3-1.7b-keep4-s42,qwen3-1.7b-keep4-s42:470:7,470,491,0,0,0,14,38
qwen3-1.7b-keep4-s42,qwen3-1.7b-keep4-s42:471:0,471,448,0,0,0,3,39
qwen3-1.7b-keep4-s42,qwen3-1.7b-keep4-s42:471:1,471,4,0,0,0,3,39
qwen3-1.7b-keep4-s42,qwen3-1.7b-keep4-s42:471:2,471,408,0,0,0,0,39
qwen3-1.7b-keep4-s42,qwen3-1.7b-keep4-s42:471:3,471,408,0,0,0,0,39
qwen3-1.7b-keep4-s42,qwen3-1.7b-keep4-s42:471:4,471,510,0,0,0,2,39
qwen3-1.7b-keep4-s42,qwen3-1.7b-keep4-s42:471:5,471,415,0,0,0,4,39
qwen3-1.7b-keep4-s42,qwen3-1.7b-keep4-s42:471:6,471,467,0,0,0,0,39
qwen3-1.7b-keep4-s42,qwen3-1.7b-keep4-s42:471:7,471,4,0,0,0,2,39
qwen3-1.7b-keep4-s42,qwen3-1.7b-keep4-s42:472:0,472,423,0,0,0,10,61
qwen3-1.7b-keep4-s42,qwen3-1.7b-keep4-s42:472:1,472,339,0,0,0,11,61
qwen3-1.7b-keep4-s42,qwen3-1.7b-keep4-s42:472:2,472,406,0,0,0,3,61
qwen3-1.7b-keep4-s42,qwen3-1.7b-keep4-s42:472:3,472,339,0,0,0,1,61
qwen3-1.7b-keep4-s42,qwen3-1.7b-keep4-s42:472:4,472,136,0,0,0,5,61
qwen3-1.7b-keep4-s42,qwen3-1.7b-keep4-s42:472:5,472,341,0,0,0,11,61
qwen3-1.7b-keep4-s42,qwen3-1.7b-keep4-s42:472:6,472,368,0,0,0,3,61
qwen3-1.7b-keep4-s42,qwen3-1.7b-keep4-s42:472:7,472,301,0,0,0,4,61
qwen3-1.7b-keep4-s42,qwen3-1.7b-keep4-s42:473:0,473,453,0,0,0,11,42
qwen3-1.7b-keep4-s42,qwen3-1.7b-keep4-s42:473:1,473,474,0,0,0,7,42
qwen3-1.7b-keep4-s42,qwen3-1.7b-keep4-s42:473:2,473,77,0,0,0,5,42
qwen3-1.7b-keep4-s42,qwen3-1.7b-keep4-s42:473:3,473,260,0,0,0,10,42
qwen3-1.7b-keep4-s42,qwen3-1.7b-keep4-s42:473:4,473,346,0,0,0,4,42
qwen3-1.7b-keep4-s42,qwen3-1.7b-keep4-s42:473:5,473,418,0,0,0,5,42
qwen3-1.7b-keep4-s42,qwen3-1.7b-keep4-s42:473:6,473,388,0,0,0,2,42
qwen3-1.7b-keep4-s42,qwen3-1.7b-keep4-s42:473:7,473,397,0,0,0,6,42
qwen3-1.7b-keep4-s42,qwen3-1.7b-keep4-s42:474:4,474,481,0,0,0,21,48
qwen3-1.7b-keep4-s42,qwen3-1.7b-keep4-s42:475:0,475,501,0,0,0,7,27
qwen3-1.7b-keep4-s42,qwen3-1.7b-keep4-s42:475:2,475,431,0,0,0,4,27
qwen3-1.7b-keep4-s42,qwen3-1.7b-keep4-s42:475:3,475,380,0,0,0,2,27
qwen3-1.7b-keep4-s42,qwen3-1.7b-keep4-s42:475:4,475,448,0,0,0,5,27
qwen3-1.7b-keep4-s42,qwen3-1.7b-keep4-s42:475:5,475,459,0,0,0,6,27
qwen3-1.7b-keep4-s42,qwen3-1.7b-keep4-s42:475:6,475,229,0,0,0,6,27
qwen3-1.7b-keep4-s42,qwen3-1.7b-keep4-s42:475:7,475,158,0,0,0,4,27
qwen3-1.7b-keep4-s42,qwen3-1.7b-keep4-s42:476:2,476,609,0,0,0,7,25
qwen3-1.7b-keep4-s42,qwen3-1.7b-keep4-s42:476:4,476,530,0,0,0,7,25
qwen3-1.7b-keep4-s42,qwen3-1.7b-keep4-s42:476:6,476,152,0,0,0,6,25
qwen3-1.7b-keep4-s42,qwen3-1.7b-keep4-s42:477:0,477,469,0,0,0,7,38
qwen3-1.7b-keep4-s42,qwen3-1.7b-keep4-s42:477:1,477,378,0,0,0,7,38
qwen3-1.7b-keep4-s42,qwen3-1.7b-keep4-s42:477:2,477,560,0,0,0,9,38
qwen3-1.7b-keep4-s42,qwen3-1.7b-keep4-s42:477:4,477,533,0,0,0,13,38
qwen3-1.7b-keep4-s42,qwen3-1.7b-keep4-s42:477:5,477,536,0,0,0,11,38
qwen3-1.7b-keep4-s42,qwen3-1.7b-keep4-s42:477:6,477,436,0,0,0,7,38
qwen3-1.7b-keep4-s42,qwen3-1.7b-keep4-s42:477:7,477,503,0,0,0,10,38
qwen3-1.7b-keep4-s42,qwen3-1.7b-keep4-s42:479:0,479,499,0,0,0,12,53
qwen3-1.7b-keep4-s42,qwen3-1.7b-keep4-s42:479:2,479,330,0,0,0,17,53
qwen3-1.7b-keep4-s42,qwen3-1.7b-keep4-s42:479:3,479,431,0,0,0,0,53
qwen3-1.7b-keep4-s42,qwen3-1.7b-keep4-s42:479:5,479,457,0,0,0,6,53
qwen3-1.7b-keep4-s42,qwen3-1.7b-keep4-s42:479:7,479,391,0,0,0,20,53
qwen3-1.7b-keep4-s42,qwen3-1.7b-keep4-s42:480:1,480,2,0,0,0,11,33
qwen3-1.7b-keep4-s42,qwen3-1.7b-keep4-s42:480:2,480,1,0,0,0,5,33
qwen3-1.7b-keep4-s42,qwen3-1.7b-keep4-s42:480:4,480,345,0,0,0,11,33
qwen3-1.7b-keep4-s42,qwen3-1.7b-keep4-s42:480:5,480,405,0,0,0,9,33
qwen3-1.7b-keep4-s42,qwen3-1.7b-keep4-s42:480:6,480,9,0,0,0,5,33
qwen3-1.7b-keep4-s42,qwen3-1.7b-keep4-s42:481:0,481,573,0,0,0,7,63
qwen3-1.7b-keep4-s42,qwen3-1.7b-keep4-s42:481:2,481,486,0,0,0,10,63
qwen3-1.7b-keep4-s42,qwen3-1.7b-keep4-s42:481:3,481,406,0,0,0,4,63
qwen3-1.7b-keep4-s42,qwen3-1.7b-keep4-s42:481:4,481,468,0,0,0,3,63
qwen3-1.7b-keep4-s42,qwen3-1.7b-keep4-s42:481:5,481,405,0,0,0,7,63
qwen3-1.7b-keep4-s42,qwen3-1.7b-keep4-s42:481:6,481,485,0,0,0,6,63
qwen3-1.7b-keep4-s42,qwen3-1.7b-keep4-s42:481:7,481,50,0,0,0,5,63
qwen3-1.7b-keep4-s42,qwen3-1.7b-keep4-s42:482:4,482,319,0,0,0,19,72
qwen3-1.7b-keep4-s42,qwen3-1.7b-keep4-s42:482:5,482,0,0,0,0,16,72
qwen3-1.7b-keep4-s42,qwen3-1.7b-keep4-s42:482:7,482,393,0,0,0,10,72
qwen3-1.7b-keep4-s42,qwen3-1.7b-keep4-s42:484:2,484,454,0,0,0,15,55
qwen3-1.7b-keep4-s42,qwen3-1.7b-keep4-s42:485:3,485,376,0,0,0,4,68
qwen3-1.7b-keep4-s42,qwen3-1.7b-keep4-s42:485:4,485,389,0,0,0,13,68
qwen3-1.7b-keep4-s42,qwen3-1.7b-keep4-s42:485:7,485,412,0,0,0,5,68
qwen3-1.7b-keep4-s42,qwen3-1.7b-keep4-s42:486:0,486,415,0,0,0,0,78
qwen3-1.7b-keep4-s42,qwen3-1.7b-keep4-s42:486:1,486,426,0,0,0,14,78
qwen3-1.7b-keep4-s42,qwen3-1.7b-keep4-s42:486:2,486,485,0,0,0,16,78
qwen3-1.7b-keep4-s42,qwen3-1.7b-keep4-s42:486:3,486,504,0,0,0,13,78
qwen3-1.7b-keep4-s42,qwen3-1.7b-keep4-s42:486:4,486,460,0,0,0,9,78
qwen3-1.7b-keep4-s42,qwen3-1.7b-keep4-s42:486:5,486,483,0,0,0,16,78
qwen3-1.7b-keep4-s42,qwen3-1.7b-keep4-s42:486:6,486,451,0,0,0,2,78
qwen3-1.7b-keep4-s42,qwen3-1.7b-keep4-s42:486:7,486,470,0,0,0,14,78
qwen3-1.7b-keep4-s42,qwen3-1.7b-keep4-s42:487:0,487,582,0,0,0,5,22
qwen3-1.7b-keep4-s42,qwen3-1.7b-keep4-s42:487:7,487,531,0,0,0,5,22
qwen3-1.7b-keep4-s42,qwen3-1.7b-keep4-s42:488:3,488,349,0,0,0,4,66
qwen3-1.7b-keep4-s42,qwen3-1.7b-keep4-s42:488:4,488,0,0,0,0,0,66
qwen3-1.7b-keep4-s42,qwen3-1.7b-keep4-s42:488:6,488,388,0,0,0,23,66
qwen3-1.7b-keep4-s42,qwen3-1.7b-keep4-s42:489:0,489,233,0,0,0,4,59
qwen3-1.7b-keep4-s42,qwen3-1.7b-keep4-s42:489:2,489,442,0,0,0,8,59
qwen3-1.7b-keep4-s42,qwen3-1.7b-keep4-s42:489:3,489,515,0,0,0,7,59
qwen3-1.7b-keep4-s42,qwen3-1.7b-keep4-s42:489:6,489,389,0,0,0,11,59
qwen3-1.7b-keep4-s42,qwen3-1.7b-keep4-s42:490:0,490,501,0,0,0,5,34
qwen3-1.7b-keep4-s42,qwen3-1.7b-keep4-s42:490:1,490,606,0,0,0,2,34
qwen3-1.7b-keep4-s42,qwen3-1.7b-keep4-s42:490:2,490,629,0,0,0,6,34
qwen3-1.7b-keep4-s42,qwen3-1.7b-keep4-s42:490:3,490,514,0,0,0,2,34
qwen3-1.7b-keep4-s42,qwen3-1.7b-keep4-s42:490:4,490,3,0,0,0,6,34
qwen3-1.7b-keep4-s42,qwen3-1.7b-keep4-s42:490:5,490,499,0,0,0,4,34
qwen3-1.7b-keep4-s42,qwen3-1.7b-keep4-s42:490:6,490,2,0,0,0,3,34
qwen3-1.7b-keep4-s42,qwen3-1.7b-keep4-s42:490:7,490,479,0,0,0,3,34
qwen3-1.7b-keep4-s42,qwen3-1.7b-keep4-s42:491:0,491,450,0,0,0,7,39
qwen3-1.7b-keep4-s42,qwen3-1.7b-keep4-s42:491:1,491,407,0,0,0,10,39
qwen3-1.7b-keep4-s42,qwen3-1.7b-keep4-s42:491:2,491,432,0,0,0,1,39
qwen3-1.7b-keep4-s42,qwen3-1.7b-keep4-s42:491:3,491,458,0,0,0,4,39
qwen3-1.7b-keep4-s42,qwen3-1.7b-keep4-s42:491:4,491,433,0,0,0,6,39
qwen3-1.7b-keep4-s42,qwen3-1.7b-keep4-s42:491:5,491,433,0,0,0,5,39
qwen3-1.7b-keep4-s42,qwen3-1.7b-keep4-s42:491:6,491,389,0,0,0,6,39
qwen3-1.7b-keep4-s42,qwen3-1.7b-keep4-s42:491:7,491,333,0,0,0,16,39
qwen3-1.7b-keep4-s42,qwen3-1.7b-keep4-s42:492:3,492,422,0,0,0,6,39
qwen3-1.7b-keep4-s42,qwen3-1.7b-keep4-s42:492:7,492,512,0,0,0,7,39
qwen3-1.7b-keep4-s42,qwen3-1.7b-keep4-s42:493:0,493,368,0,0,0,21,50
qwen3-1.7b-keep4-s42,qwen3-1.7b-keep4-s42:493:1,493,336,0,0,0,24,50
qwen3-1.7b-keep4-s42,qwen3-1.7b-keep4-s42:493:2,493,313,0,0,0,30,50
qwen3-1.7b-keep4-s42,qwen3-1.7b-keep4-s42:493:4,493,426,0,0,0,28,50
qwen3-1.7b-keep4-s42,qwen3-1.7b-keep4-s42:493:5,493,336,0,0,0,27,50
qwen3-1.7b-keep4-s42,qwen3-1.7b-keep4-s42:493:6,493,361,0,0,0,16,50
qwen3-1.7b-keep4-s42,qwen3-1.7b-keep4-s42:493:7,493,376,0,0,0,19,50
qwen3-1.7b-keep4-s42,qwen3-1.7b-keep4-s42:494:2,494,398,0,0,0,2,23
qwen3-1.7b-keep4-s42,qwen3-1.7b-keep4-s42:494:5,494,3,0,0,0,3,23
qwen3-1.7b-keep4-s42,qwen3-1.7b-keep4-s42:494:7,494,2,0,0,0,6,23
qwen3-1.7b-keep4-s42,qwen3-1.7b-keep4-s42:496:0,496,435,0,0,0,4,61
qwen3-1.7b-keep4-s42,qwen3-1.7b-keep4-s42:496:1,496,299,0,0,0,3,61
qwen3-1.7b-keep4-s42,qwen3-1.7b-keep4-s42:496:2,496,262,0,0,0,5,61
qwen3-1.7b-keep4-s42,qwen3-1.7b-keep4-s42:496:3,496,303,0,0,0,3,61
qwen3-1.7b-keep4-s42,qwen3-1.7b-keep4-s42:496:4,496,380,0,0,0,2,61
qwen3-1.7b-keep4-s42,qwen3-1.7b-keep4-s42:496:5,496,295,0,0,0,6,61
qwen3-1.7b-keep4-s42,qwen3-1.7b-keep4-s42:496:6,496,284,0,0,0,8,61
qwen3-1.7b-keep4-s42,qwen3-1.7b-keep4-s42:497:3,497,342,0,0,0,9,71
qwen3-1.7b-keep4-s42,qwen3-1.7b-keep4-s42:498:0,498,323,0,0,0,41,101
qwen3-1.7b-keep4-s42,qwen3-1.7b-keep4-s42:498:2,498,297,0,0,0,32,101
qwen3-1.7b-keep4-s42,qwen3-1.7b-keep4-s42:498:7,498,297,0,0,0,24,101
qwen3-1.7b-keep4-s42,qwen3-1.7b-keep4-s42:499:0,499,432,0,0,0,3,47
qwen3-1.7b-keep4-s42,qwen3-1.7b-keep4-s42:499:1,499,31,0,0,0,0,47
qwen3-1.7b-keep4-s42,qwen3-1.7b-keep4-s42:499:2,499,535,0,0,0,7,47
qwen3-1.7b-keep4-s42,qwen3-1.7b-keep4-s42:499:3,499,469,0,0,0,11,47
qwen3-1.7b-keep4-s42,qwen3-1.7b-keep4-s42:499:4,499,371,0,0,0,8,47
qwen3-1.7b-keep4-s42,qwen3-1.7b-keep4-s42:499:5,499,455,0,0,0,1,47
qwen3-1.7b-keep4-s42,qwen3-1.7b-keep4-s42:499:6,499,411,0,0,0,0,47
qwen3-1.7b-keep4-s42,qwen3-1.7b-keep4-s42:499:7,499,400,0,0,0,1,47
qwen3-1.7b-keep4-s42,qwen3-1.7b-keep4-s42:500:4,500,429,0,0,0,12,43
qwen3-1.7b-keep4-s42,qwen3-1.7b-keep4-s42:500:5,500,336,0,0,0,19,43
qwen3-1.7b-keep4-s42,qwen3-1.7b-keep4-s42:500:6,500,361,0,0,0,12,43
qwen3-1.7b-keep4-s42,qwen3-1.7b-keep4-s42:501:2,501,445,0,0,0,45,63
qwen3-1.7b-keep4-s42,qwen3-1.7b-keep4-s42:502:0,502,522,0,0,0,27,101
qwen3-1.7b-keep4-s42,qwen3-1.7b-keep4-s42:502:3,502,460,0,0,0,49,101
qwen3-1.7b-keep4-s42,qwen3-1.7b-keep4-s42:502:4,502,432,0,0,0,30,101
qwen3-1.7b-keep4-s42,qwen3-1.7b-keep4-s42:502:5,502,374,0,0,0,48,101
qwen3-1.7b-keep4-s42,qwen3-1.7b-keep4-s42:503:0,503,21,0,0,0,15,38
qwen3-1.7b-keep4-s42,qwen3-1.7b-keep4-s42:504:1,504,496,0,0,0,18,46
qwen3-1.7b-keep4-s42,qwen3-1.7b-keep4-s42:504:5,504,11,0,0,0,21,46
qwen3-1.7b-keep4-s42,qwen3-1.7b-keep4-s42:504:7,504,11,5,0,0,21,46
qwen3-1.7b-keep4-s42,qwen3-1.7b-keep4-s42:505:0,505,0,0,0,0,15,44
qwen3-1.7b-keep4-s42,qwen3-1.7b-keep4-s42:505:1,505,513,0,0,0,16,44
qwen3-1.7b-keep4-s42,qwen3-1.7b-keep4-s42:505:2,505,0,0,0,0,19,44
qwen3-1.7b-keep4-s42,qwen3-1.7b-keep4-s42:505:3,505,505,0,0,0,9,44
qwen3-1.7b-keep4-s42,qwen3-1.7b-keep4-s42:505:4,505,554,0,0,0,18,44
qwen3-1.7b-keep4-s42,qwen3-1.7b-keep4-s42:505:5,505,581,0,0,0,6,44
qwen3-1.7b-keep4-s42,qwen3-1.7b-keep4-s42:505:6,505,568,0,0,0,11,44
qwen3-1.7b-keep4-s42,qwen3-1.7b-keep4-s42:505:7,505,514,0,0,0,12,44
qwen3-1.7b-keep4-s42,qwen3-1.7b-keep4-s42:506:0,506,211,0,0,0,4,83
qwen3-1.7b-keep4-s42,qwen3-1.7b-keep4-s42:506:1,506,448,0,0,0,0,83
qwen3-1.7b-keep4-s42,qwen3-1.7b-keep4-s42:506:2,506,472,0,0,0,0,83
qwen3-1.7b-keep4-s42,qwen3-1.7b-keep4-s42:506:3,506,459,0,0,0,0,83
qwen3-1.7b-keep4-s42,qwen3-1.7b-keep4-s42:506:4,506,353,0,0,0,0,83
qwen3-1.7b-keep4-s42,qwen3-1.7b-keep4-s42:506:5,506,475,0,0,0,0,83
qwen3-1.7b-keep4-s42,qwen3-1.7b-keep4-s42:506:6,506,405,0,0,0,0,83
qwen3-1.7b-keep4-s42,qwen3-1.7b-keep4-s42:506:7,506,274,0,0,0,0,83
qwen3-1.7b-keep4-s42,qwen3-1.7b-keep4-s42:507:0,507,455,0,0,0,6,64
qwen3-1.7b-keep4-s42,qwen3-1.7b-keep4-s42:507:1,507,509,0,0,0,4,64
qwen3-1.7b-keep4-s42,qwen3-1.7b-keep4-s42:507:2,507,453,0,0,0,8,64
qwen3-1.7b-keep4-s42,qwen3-1.7b-keep4-s42:507:3,507,369,0,0,0,13,64
qwen3-1.7b-keep4-s42,qwen3-1.7b-keep4-s42:507:4,507,391,0,0,0,9,64
qwen3-1.7b-keep4-s42,qwen3-1.7b-keep4-s42:507:5,507,450,0,0,0,3,64
qwen3-1.7b-keep4-s42,qwen3-1.7b-keep4-s42:507:6,507,382,0,0,0,9,64
qwen3-1.7b-keep4-s42,qwen3-1.7b-keep4-s42:507:7,507,485,0,0,0,9,64
qwen3-1.7b-keep4-s42,qwen3-1.7b-keep4-s42:508:0,508,464,0,0,0,21,61
qwen3-1.7b-keep4-s42,qwen3-1.7b-keep4-s42:508:1,508,465,0,0,0,24,61
qwen3-1.7b-keep4-s42,qwen3-1.7b-keep4-s42:508:2,508,447,0,0,0,36,61
qwen3-1.7b-keep4-s42,qwen3-1.7b-keep4-s42:508:3,508,36,0,0,0,35,61
qwen3-1.7b-keep4-s42,qwen3-1.7b-keep4-s42:508:4,508,361,0,0,0,17,61
qwen3-1.7b-keep4-s42,qwen3-1.7b-keep4-s42:508:5,508,259,0,0,0,34,61
qwen3-1.7b-keep4-s42,qwen3-1.7b-keep4-s42:508:6,508,428,0,0,0,26,61
qwen3-1.7b-keep4-s42,qwen3-1.7b-keep4-s42:508:7,508,556,0,0,0,22,61
qwen3-1.7b-keep4-s42,qwen3-1.7b-keep4-s42:509:1,509,0,0,0,0,16,57
qwen3-1.7b-keep4-s42,qwen3-1.7b-keep4-s42:509:2,509,420,0,0,0,10,57
qwen3-1.7b-keep4-s42,qwen3-1.7b-keep4-s42:509:4,509,13,0,0,0,14,57
qwen3-1.7b-keep4-s42,qwen3-1.7b-keep4-s42:509:6,509,408,0,0,0,20,57
qwen3-1.7b-keep4-s42,qwen3-1.7b-keep4-s42:510:0,510,251,0,0,0,0,30
qwen3-1.7b-keep4-s42,qwen3-1.7b-keep4-s42:510:1,510,257,0,0,0,0,30
qwen3-1.7b-keep4-s42,qwen3-1.7b-keep4-s42:510:2,510,308,0,0,0,0,30
qwen3-1.7b-keep4-s42,qwen3-1.7b-keep4-s42:510:3,510,259,0,0,0,0,30
qwen3-1.7b-keep4-s42,qwen3-1.7b-keep4-s42:510:4,510,326,0,0,0,1,30
qwen3-1.7b-keep4-s42,qwen3-1.7b-keep4-s42:510:5,510,275,0,0,0,0,30
qwen3-1.7b-keep4-s42,qwen3-1.7b-keep4-s42:510:6,510,266,0,0,0,0,30
qwen3-1.7b-keep4-s42,qwen3-1.7b-keep4-s42:510:7,510,281,0,0,0,0,30
qwen3-1.7b-keep4-s42,qwen3-1.7b-keep4-s42:511:0,511,478,0,0,0,26,73
qwen3-1.7b-keep4-s42,qwen3-1.7b-keep4-s42:511:2,511,376,0,0,0,26,73
qwen3-1.7b-keep4-s42,qwen3-1.7b-keep4-s42:511:3,511,409,0,0,0,18,73
qwen3-1.7b-keep4-s42,qwen3-1.7b-keep4-s42:511:4,511,467,0,0,0,25,73
qwen3-1.7b-keep4-s42,qwen3-1.7b-keep4-s42:511:5,511,0,0,0,0,23,73
qwen3-1.7b-keep4-s42,qwen3-1.7b-keep4-s42:511:7,511,447,0,0,0,21,73
qwen3-1.7b-keep4-s42,qwen3-1.7b-keep4-s42:512:0,512,559,0,0,0,8,32
qwen3-1.7b-keep4-s42,qwen3-1.7b-keep4-s42:512:1,512,538,0,0,0,4,32
qwen3-1.7b-keep4-s42,qwen3-1.7b-keep4-s42:512:3,512,560,0,0,0,10,32
qwen3-1.7b-keep4-s42,qwen3-1.7b-keep4-s42:512:4,512,567,0,0,0,8,32
qwen3-1.7b-keep4-s42,qwen3-1.7b-keep4-s42:512:5,512,422,0,0,0,5,32
qwen3-1.7b-keep4-s42,qwen3-1.7b-keep4-s42:512:6,512,538,0,0,0,9,32
qwen3-1.7b-keep4-s42,qwen3-1.7b-keep4-s42:512:7,512,500,0,0,0,7,32
qwen3-1.7b-keep4-s42,qwen3-1.7b-keep4-s42:513:1,513,344,0,0,0,18,64
qwen3-1.7b-keep4-s42,qwen3-1.7b-keep4-s42:513:2,513,278,0,0,0,9,64
qwen3-1.7b-keep4-s42,qwen3-1.7b-keep4-s42:513:4,513,298,0,0,0,7,64
qwen3-1.7b-keep4-s42,qwen3-1.7b-keep4-s42:513:5,513,309,0,0,0,7,64
qwen3-1.7b-keep4-s42,qwen3-1.7b-keep4-s42:513:6,513,360,55,0,3,12,64
qwen3-1.7b-keep4-s42,qwen3-1.7b-keep4-s42:513:7,513,267,0,0,0,16,64
qwen3-1.7b-keep4-s42,qwen3-1.7b-keep4-s42:514:0,514,352,0,0,0,3,56
qwen3-1.7b-keep4-s42,qwen3-1.7b-keep4-s42:514:1,514,337,0,0,0,9,56
qwen3-1.7b-keep4-s42,qwen3-1.7b-keep4-s42:514:2,514,32,0,0,0,6,56
qwen3-1.7b-keep4-s42,qwen3-1.7b-keep4-s42:514:3,514,336,0,0,0,4,56
qwen3-1.7b-keep4-s42,qwen3-1.7b-keep4-s42:514:4,514,229,0,0,0,2,56
qwen3-1.7b-keep4-s42,qwen3-1.7b-keep4-s42:514:5,514,287,0,0,0,2,56
qwen3-1.7b-keep4-s42,qwen3-1.7b-keep4-s42:514:6,514,410,0,0,0,1,56
qwen3-1.7b-keep4-s42,qwen3-1.7b-keep4-s42:514:7,514,448,0,0,0,2,56
qwen3-1.7b-keep4-s42,qwen3-1.7b-keep4-s42:515:1,515,3,0,0,0,14,52
qwen3-1.7b-keep4-s42,qwen3-1.7b-keep4-s42:515:2,515,17,0,0,0,12,52
qwen3-1.7b-keep4-s42,qwen3-1.7b-keep4-s42:515:3,515,569,0,0,0,4,52
qwen3-1.7b-keep4-s42,qwen3-1.7b-keep4-s42:516:2,516,321,0,0,0,0,55
qwen3-1.7b-keep4-s42,qwen3-1.7b-keep4-s42:516:3,516,509,0,0,0,0,55
qwen3-1.7b-keep4-s42,qwen3-1.7b-keep4-s42:516:4,516,379,0,0,0,0,55
qwen3-1.7b-keep4-s42,qwen3-1.7b-keep4-s42:516:5,516,391,0,0,0,5,55
qwen3-1.7b-keep4-s42,qwen3-1.7b-keep4-s42:517:0,517,470,0,0,0,2,30
qwen3-1.7b-keep4-s42,qwen3-1.7b-keep4-s42:517:2,517,175,0,0,0,7,30
qwen3-1.7b-keep4-s42,qwen3-1.7b-keep4-s42:517:3,517,487,0,0,0,6,30
qwen3-1.7b-keep4-s42,qwen3-1.7b-keep4-s42:517:4,517,503,0,0,0,4,30
qwen3-1.7b-keep4-s42,qwen3-1.7b-keep4-s42:517:5,517,186,0,0,0,5,30
qwen3-1.7b-keep4-s42,qwen3-1.7b-keep4-s42:517:6,517,561,0,0,0,2,30
qwen3-1.7b-keep4-s42,qwen3-1.7b-keep4-s42:517:7,517,593,0,0,0,6,30
qwen3-1.7b-keep4-s42,qwen3-1.7b-keep4-s42:518:6,518,522,0,0,0,9,53
qwen3-1.7b-keep4-s42,qwen3-1.7b-keep4-s42:519:0,519,347,0,0,0,0,20
qwen3-1.7b-keep4-s42,qwen3-1.7b-keep4-s42:519:1,519,359,0,0,0,9,20
qwen3-1.7b-keep4-s42,qwen3-1.7b-keep4-s42:519:2,519,309,0,0,0,0,20
qwen3-1.7b-keep4-s42,qwen3-1.7b-keep4-s42:519:3,519,216,0,0,0,2,20
qwen3-1.7b-keep4-s42,qwen3-1.7b-keep4-s42:519:4,519,270,0,0,0,0,20
qwen3-1.7b-keep4-s42,qwen3-1.7b-keep4-s42:519:5,519,332,0,0,0,1,20
qwen3-1.7b-keep4-s42,qwen3-1.7b-keep4-s42:519:6,519,302,0,0,0,0,20
qwen3-1.7b-keep4-s42,qwen3-1.7b-keep4-s42:519:7,519,434,0,0,0,1,20
qwen3-1.7b-keep4-s42,qwen3-1.7b-keep4-s42:520:0,520,407,0,0,0,6,54
qwen3-1.7b-keep4-s42,qwen3-1.7b-keep4-s42:520:1,520,394,0,0,0,9,54
qwen3-1.7b-keep4-s42,qwen3-1.7b-keep4-s42:520:2,520,296,0,0,0,1,54
qwen3-1.7b-keep4-s42,qwen3-1.7b-keep4-s42:520:3,520,335,0,0,0,8,54
qwen3-1.7b-keep4-s42,qwen3-1.7b-keep4-s42:520:4,520,391,0,0,0,10,54
qwen3-1.7b-keep4-s42,qwen3-1.7b-keep4-s42:520:6,520,434,0,0,0,5,54
qwen3-1.7b-keep4-s42,qwen3-1.7b-keep4-s42:520:7,520,330,0,0,0,10,54
qwen3-1.7b-keep4-s42,qwen3-1.7b-keep4-s42:521:0,521,446,0,0,0,13,74
qwen3-1.7b-keep4-s42,qwen3-1.7b-keep4-s42:521:1,521,412,0,0,0,6,74
qwen3-1.7b-keep4-s42,qwen3-1.7b-keep4-s42:521:2,521,376,0,0,0,8,74
qwen3-1.7b-keep4-s42,qwen3-1.7b-keep4-s42:521:3,521,278,0,0,0,7,74
qwen3-1.7b-keep4-s42,qwen3-1.7b-keep4-s42:521:4,521,467,0,0,0,7,74
qwen3-1.7b-keep4-s42,qwen3-1.7b-keep4-s42:521:5,521,448,0,0,0,3,74
qwen3-1.7b-keep4-s42,qwen3-1.7b-keep4-s42:521:6,521,434,0,0,0,5,74
qwen3-1.7b-keep4-s42,qwen3-1.7b-keep4-s42:521:7,521,406,0,0,0,9,74
qwen3-1.7b-keep4-s42,qwen3-1.7b-keep4-s42:522:3,522,597,0,0,0,12,29
qwen3-1.7b-keep4-s42,qwen3-1.7b-keep4-s42:522:4,522,539,0,0,0,11,29
qwen3-1.7b-keep4-s42,qwen3-1.7b-keep4-s42:522:6,522,551,0,0,0,11,29
qwen3-1.7b-keep4-s42,qwen3-1.7b-keep4-s42:523:6,523,265,0,0,0,22,213
qwen3-1.7b-keep4-s42,qwen3-1.7b-keep4-s42:524:0,524,421,0,0,0,5,67
qwen3-1.7b-keep4-s42,qwen3-1.7b-keep4-s42:524:1,524,280,0,0,0,6,67
qwen3-1.7b-keep4-s42,qwen3-1.7b-keep4-s42:524:2,524,291,0,0,0,10,67
qwen3-1.7b-keep4-s42,qwen3-1.7b-keep4-s42:524:3,524,381,0,0,0,6,67
qwen3-1.7b-keep4-s42,qwen3-1.7b-keep4-s42:524:4,524,295,0,0,0,5,67
qwen3-1.7b-keep4-s42,qwen3-1.7b-keep4-s42:524:5,524,26,0,0,0,12,67
qwen3-1.7b-keep4-s42,qwen3-1.7b-keep4-s42:524:6,524,393,0,0,0,3,67
qwen3-1.7b-keep4-s42,qwen3-1.7b-keep4-s42:525:0,525,398,0,0,0,0,40
qwen3-1.7b-keep4-s42,qwen3-1.7b-keep4-s42:525:1,525,514,0,0,0,0,40
qwen3-1.7b-keep4-s42,qwen3-1.7b-keep4-s42:525:2,525,535,0,0,0,0,40
qwen3-1.7b-keep4-s42,qwen3-1.7b-keep4-s42:525:3,525,527,0,0,0,0,40
qwen3-1.7b-keep4-s42,qwen3-1.7b-keep4-s42:525:4,525,593,0,0,0,0,40
qwen3-1.7b-keep4-s42,qwen3-1.7b-keep4-s42:525:5,525,486,0,0,0,0,40
qwen3-1.7b-keep4-s42,qwen3-1.7b-keep4-s42:525:6,525,484,0,0,0,0,40
qwen3-1.7b-keep4-s42,qwen3-1.7b-keep4-s42:525:7,525,429,0,0,0,0,40
qwen3-1.7b-keep4-s42,qwen3-1.7b-keep4-s42:526:6,526,405,0,0,0,23,75
qwen3-1.7b-keep4-s42,qwen3-1.7b-keep4-s42:527:1,527,310,0,0,0,31,53
qwen3-1.7b-keep4-s42,qwen3-1.7b-keep4-s42:527:2,527,161,0,0,0,21,53
qwen3-1.7b-keep4-s42,qwen3-1.7b-keep4-s42:527:4,527,245,0,0,0,22,53
qwen3-1.7b-keep4-s42,qwen3-1.7b-keep4-s42:527:5,527,144,121,2,7,23,53
qwen3-1.7b-keep4-s42,qwen3-1.7b-keep4-s42:527:6,527,298,0,0,0,23,53
qwen3-1.7b-keep4-s42,qwen3-1.7b-keep4-s42:528:0,528,412,0,0,0,8,40
qwen3-1.7b-keep4-s42,qwen3-1.7b-keep4-s42:528:4,528,443,0,0,0,12,40
qwen3-1.7b-keep4-s42,qwen3-1.7b-keep4-s42:529:5,529,9,0,0,0,9,42
qwen3-1.7b-keep4-s42,qwen3-1.7b-keep4-s42:531:0,531,400,0,0,0,3,91
qwen3-1.7b-keep4-s42,qwen3-1.7b-keep4-s42:531:1,531,431,0,0,0,2,91
qwen3-1.7b-keep4-s42,qwen3-1.7b-keep4-s42:531:2,531,388,0,0,0,3,91
qwen3-1.7b-keep4-s42,qwen3-1.7b-keep4-s42:531:3,531,336,0,0,0,5,91
qwen3-1.7b-keep4-s42,qwen3-1.7b-keep4-s42:531:4,531,301,0,0,0,7,91
qwen3-1.7b-keep4-s42,qwen3-1.7b-keep4-s42:531:5,531,492,0,0,0,1,91
qwen3-1.7b-keep4-s42,qwen3-1.7b-keep4-s42:531:6,531,403,0,0,0,0,91
qwen3-1.7b-keep4-s42,qwen3-1.7b-keep4-s42:531:7,531,541,0,0,0,2,91
qwen3-1.7b-keep4-s42,qwen3-1.7b-keep4-s42:532:0,532,601,0,0,0,8,51
qwen3-1.7b-keep4-s42,qwen3-1.7b-keep4-s42:532:2,532,531,0,0,0,12,51
qwen3-1.7b-keep4-s42,qwen3-1.7b-keep4-s42:533:7,533,245,0,0,0,12,44
qwen3-1.7b-keep4-s42,qwen3-1.7b-keep4-s42:536:0,536,381,0,0,0,4,46
qwen3-1.7b-keep4-s42,qwen3-1.7b-keep4-s42:536:1,536,378,0,0,0,17,46
qwen3-1.7b-keep4-s42,qwen3-1.7b-keep4-s42:536:2,536,364,0,0,0,14,46
qwen3-1.7b-keep4-s42,qwen3-1.7b-keep4-s42:536:3,536,369,0,0,0,18,46
qwen3-1.7b-keep4-s42,qwen3-1.7b-keep4-s42:536:5,536,13,0,0,0,10,46
qwen3-1.7b-keep4-s42,qwen3-1.7b-keep4-s42:537:0,537,500,0,0,0,16,53
qwen3-1.7b-keep4-s42,qwen3-1.7b-keep4-s42:537:1,537,516,0,0,0,0,53
qwen3-1.7b-keep4-s42,qwen3-1.7b-keep4-s42:537:2,537,484,0,0,0,12,53
qwen3-1.7b-keep4-s42,qwen3-1.7b-keep4-s42:537:3,537,194,8,0,0,20,53
qwen3-1.7b-keep4-s42,qwen3-1.7b-keep4-s42:537:4,537,514,0,0,0,9,53
qwen3-1.7b-keep4-s42,qwen3-1.7b-keep4-s42:537:5,537,474,0,0,0,10,53
qwen3-1.7b-keep4-s42,qwen3-1.7b-keep4-s42:537:6,537,500,0,0,0,11,53
qwen3-1.7b-keep4-s42,qwen3-1.7b-keep4-s42:537:7,537,480,0,0,0,11,53
qwen3-1.7b-keep4-s42,qwen3-1.7b-keep4-s42:538:1,538,520,0,0,0,5,39
qwen3-1.7b-keep4-s42,qwen3-1.7b-keep4-s42:538:2,538,509,0,0,0,9,39
qwen3-1.7b-keep4-s42,qwen3-1.7b-keep4-s42:538:3,538,495,0,0,0,9,39
qwen3-1.7b-keep4-s42,qwen3-1.7b-keep4-s42:538:6,538,5,0,0,0,9,39
qwen3-1.7b-keep4-s42,qwen3-1.7b-keep4-s42:539:0,539,419,0,0,0,5,72
qwen3-1.7b-keep4-s42,qwen3-1.7b-keep4-s42:539:1,539,283,0,0,0,13,72
qwen3-1.7b-keep4-s42,qwen3-1.7b-keep4-s42:539:2,539,216,0,0,0,5,72
qwen3-1.7b-keep4-s42,qwen3-1.7b-keep4-s42:539:3,539,200,0,0,0,7,72
qwen3-1.7b-keep4-s42,qwen3-1.7b-keep4-s42:539:4,539,208,0,0,0,9,72
qwen3-1.7b-keep4-s42,qwen3-1.7b-keep4-s42:539:5,539,107,0,0,0,10,72
qwen3-1.7b-keep4-s42,qwen3-1.7b-keep4-s42:539:6,539,257,0,0,0,9,72
qwen3-1.7b-keep4-s42,qwen3-1.7b-keep4-s42:539:7,539,335,0,0,0,9,72
qwen3-1.7b-keep4-s42,qwen3-1.7b-keep4-s42:540:0,540,8,0,0,0,31,64
qwen3-1.7b-keep4-s42,qwen3-1.7b-keep4-s42:540:1,540,337,0,0,0,35,64
qwen3-1.7b-keep4-s42,qwen3-1.7b-keep4-s42:540:2,540,386,0,0,0,34,64
qwen3-1.7b-keep4-s42,qwen3-1.7b-keep4-s42:540:3,540,0,0,0,0,27,64
qwen3-1.7b-keep4-s42,qwen3-1.7b-keep4-s42:540:4,540,386,0,0,0,28,64
qwen3-1.7b-keep4-s42,qwen3-1.7b-keep4-s42:540:5,540,402,0,0,0,24,64
qwen3-1.7b-keep4-s42,qwen3-1.7b-keep4-s42:540:6,540,390,0,0,0,31,64
qwen3-1.7b-keep4-s42,qwen3-1.7b-keep4-s42:540:7,540,299,0,0,0,30,64
qwen3-1.7b-keep4-s42,qwen3-1.7b-keep4-s42:541:0,541,509,0,0,0,7,35
qwen3-1.7b-keep4-s42,qwen3-1.7b-keep4-s42:541:1,541,501,0,0,0,9,35
qwen3-1.7b-keep4-s42,qwen3-1.7b-keep4-s42:541:2,541,614,0,0,0,8,35
qwen3-1.7b-keep4-s42,qwen3-1.7b-keep4-s42:541:3,541,449,0,0,0,11,35
qwen3-1.7b-keep4-s42,qwen3-1.7b-keep4-s42:541:4,541,447,0,0,0,10,35
qwen3-1.7b-keep4-s42,qwen3-1.7b-keep4-s42:541:5,541,500,0,0,0,10,35
qwen3-1.7b-keep4-s42,qwen3-1.7b-keep4-s42:541:6,541,550,0,0,0,6,35
qwen3-1.7b-keep4-s42,qwen3-1.7b-keep4-s42:541:7,541,467,0,0,0,3,35
qwen3-1.7b-keep4-s42,qwen3-1.7b-keep4-s42:543:4,543,5,0,0,0,54,76
qwen3-1.7b-keep4-s42,qwen3-1.7b-keep4-s42:544:0,544,429,0,0,0,27,102
qwen3-1.7b-keep4-s42,qwen3-1.7b-keep4-s42:544:1,544,406,0,0,0,25,102
qwen3-1.7b-keep4-s42,qwen3-1.7b-keep4-s42:544:2,544,375,0,0,0,25,102
qwen3-1.7b-keep4-s42,qwen3-1.7b-keep4-s42:544:3,544,395,0,0,0,25,102
qwen3-1.7b-keep4-s42,qwen3-1.7b-keep4-s42:544:4,544,407,0,0,0,27,102
qwen3-1.7b-keep4-s42,qwen3-1.7b-keep4-s42:544:5,544,382,0,0,0,28,102
qwen3-1.7b-keep4-s42,qwen3-1.7b-keep4-s42:544:6,544,366,0,0,0,27,102
qwen3-1.7b-keep4-s42,qwen3-1.7b-keep4-s42:544:7,544,416,0,0,0,29,102
qwen3-1.7b-keep4-s42,qwen3-1.7b-keep4-s42:546:3,546,245,0,0,0,40,81
qwen3-1.7b-keep4-s42,qwen3-1.7b-keep4-s42:546:4,546,372,0,0,0,37,81
qwen3-1.7b-keep4-s42,qwen3-1.7b-keep4-s42:547:0,547,483,0,0,0,14,83
qwen3-1.7b-keep4-s42,qwen3-1.7b-keep4-s42:547:1,547,441,0,0,0,8,83
qwen3-1.7b-keep4-s42,qwen3-1.7b-keep4-s42:547:2,547,381,0,0,0,10,83
qwen3-1.7b-keep4-s42,qwen3-1.7b-keep4-s42:547:3,547,488,0,0,0,10,83
qwen3-1.7b-keep4-s42,qwen3-1.7b-keep4-s42:547:4,547,373,0,0,0,11,83
qwen3-1.7b-keep4-s42,qwen3-1.7b-keep4-s42:547:5,547,472,0,0,0,8,83
qwen3-1.7b-keep4-s42,qwen3-1.7b-keep4-s42:547:6,547,442,0,0,0,15,83
qwen3-1.7b-keep4-s42,qwen3-1.7b-keep4-s42:547:7,547,402,0,0,0,14,83
qwen3-1.7b-keep4-s42,qwen3-1.7b-keep4-s42:548:0,548,352,0,0,0,6,47
qwen3-1.7b-keep4-s42,qwen3-1.7b-keep4-s42:548:1,548,300,0,0,0,9,47
qwen3-1.7b-keep4-s42,qwen3-1.7b-keep4-s42:548:2,548,331,2,0,0,3,47
qwen3-1.7b-keep4-s42,qwen3-1.7b-keep4-s42:548:3,548,462,0,0,0,7,47
qwen3-1.7b-keep4-s42,qwen3-1.7b-keep4-s42:548:4,548,325,0,0,0,2,47
qwen3-1.7b-keep4-s42,qwen3-1.7b-keep4-s42:548:5,548,460,0,0,0,2,47
qwen3-1.7b-keep4-s42,qwen3-1.7b-keep4-s42:548:6,548,454,0,0,0,15,47
qwen3-1.7b-keep4-s42,qwen3-1.7b-keep4-s42:548:7,548,277,0,0,0,1,47
qwen3-1.7b-keep4-s42,qwen3-1.7b-keep4-s42:549:3,549,391,0,0,0,12,59
qwen3-1.7b-keep4-s42,qwen3-1.7b-keep4-s42:549:6,549,78,0,0,0,17,59
qwen3-1.7b-keep4-s42,qwen3-1.7b-keep4-s42:549:7,549,221,0,0,0,19,59
qwen3-1.7b-keep4-s42,qwen3-1.7b-keep4-s42:550:0,550,348,0,0,0,16,83
qwen3-1.7b-keep4-s42,qwen3-1.7b-keep4-s42:550:2,550,336,0,0,0,13,83
qwen3-1.7b-keep4-s42,qwen3-1.7b-keep4-s42:550:3,550,384,0,0,0,10,83
qwen3-1.7b-keep4-s42,qwen3-1.7b-keep4-s42:550:4,550,381,0,0,0,8,83
qwen3-1.7b-keep4-s42,qwen3-1.7b-keep4-s42:550:5,550,420,0,0,0,10,83
qwen3-1.7b-keep4-s42,qwen3-1.7b-keep4-s42:550:6,550,62,0,0,0,19,83
qwen3-1.7b-keep4-s42,qwen3-1.7b-keep4-s42:550:7,550,250,0,0,0,10,83
qwen3-1.7b-keep4-s42,qwen3-1.7b-keep4-s42:551:0,551,1,0,0,0,4,93
qwen3-1.7b-keep4-s42,qwen3-1.7b-keep4-s42:551:1,551,450,0,0,0,23,93
qwen3-1.7b-keep4-s42,qwen3-1.7b-keep4-s42:551:2,551,324,0,0,0,2,93
qwen3-1.7b-keep4-s42,qwen3-1.7b-keep4-s42:551:3,551,318,0,0,0,7,93
qwen3-1.7b-keep4-s42,qwen3-1.7b-keep4-s42:551:4,551,10,0,0,0,12,93
qwen3-1.7b-keep4-s42,qwen3-1.7b-keep4-s42:551:5,551,389,0,0,0,2,93
qwen3-1.7b-keep4-s42,qwen3-1.7b-keep4-s42:551:7,551,17,0,0,0,4,93
qwen3-1.7b-keep4-s42,qwen3-1.7b-keep4-s42:552:0,552,1,0,0,0,24,73
qwen3-1.7b-keep4-s42,qwen3-1.7b-keep4-s42:552:4,552,516,0,0,0,23,73
qwen3-1.7b-keep4-s42,qwen3-1.7b-keep4-s42:552:5,552,591,0,0,0,36,73
qwen3-1.7b-keep4-s42,qwen3-1.7b-keep4-s42:553:0,553,388,0,0,0,12,52
qwen3-1.7b-keep4-s42,qwen3-1.7b-keep4-s42:553:1,553,320,0,0,0,9,52
qwen3-1.7b-keep4-s42,qwen3-1.7b-keep4-s42:553:2,553,367,0,0,0,2,52
qwen3-1.7b-keep4-s42,qwen3-1.7b-keep4-s42:553:3,553,435,0,0,0,11,52
qwen3-1.7b-keep4-s42,qwen3-1.7b-keep4-s42:553:4,553,418,0,0,0,9,52
qwen3-1.7b-keep4-s42,qwen3-1.7b-keep4-s42:553:5,553,397,0,0,0,6,52
qwen3-1.7b-keep4-s42,qwen3-1.7b-keep4-s42:553:7,553,374,0,0,0,10,52
qwen3-1.7b-keep4-s42,qwen3-1.7b-keep4-s42:554:0,554,421,0,0,0,32,78
qwen3-1.7b-keep4-s42,qwen3-1.7b-keep4-s42:554:1,554,342,0,0,0,28,78
qwen3-1.7b-keep4-s42,qwen3-1.7b-keep4-s42:554:2,554,411,0,0,0,37,78
qwen3-1.7b-keep4-s42,qwen3-1.7b-keep4-s42:554:3,554,250,0,0,0,40,78
qwen3-1.7b-keep4-s42,qwen3-1.7b-keep4-s42:554:4,554,317,0,0,0,32,78
qwen3-1.7b-keep4-s42,qwen3-1.7b-keep4-s42:554:5,554,348,0,0,0,36,78
qwen3-1.7b-keep4-s42,qwen3-1.7b-keep4-s42:554:6,554,417,0,0,0,29,78
qwen3-1.7b-keep4-s42,qwen3-1.7b-keep4-s42:554:7,554,378,0,0,0,30,78
qwen3-1.7b-keep4-s42,qwen3-1.7b-keep4-s42:555:0,555,8,0,0,0,15,40
qwen3-1.7b-keep4-s42,qwen3-1.7b-keep4-s42:557:0,557,425,0,0,0,8,62
qwen3-1.7b-keep4-s42,qwen3-1.7b-keep4-s42:557:1,557,397,0,0,0,12,62
qwen3-1.7b-keep4-s42,qwen3-1.7b-keep4-s42:557:3,557,123,0,0,0,12,62
qwen3-1.7b-keep4-s42,qwen3-1.7b-keep4-s42:557:6,557,529,0,0,0,13,62
qwen3-1.7b-keep4-s42,qwen3-1.7b-keep4-s42:557:7,557,437,0,0,0,11,62
qwen3-1.7b-keep4-s42,qwen3-1.7b-keep4-s42:558:0,558,384,0,0,0,10,82
qwen3-1.7b-keep4-s42,qwen3-1.7b-keep4-s42:558:1,558,420,0,0,0,11,82
qwen3-1.7b-keep4-s42,qwen3-1.7b-keep4-s42:558:2,558,408,0,0,0,17,82
qwen3-1.7b-keep4-s42,qwen3-1.7b-keep4-s42:558:3,558,448,0,0,0,16,82
qwen3-1.7b-keep4-s42,qwen3-1.7b-keep4-s42:558:4,558,379,0,0,0,21,82
qwen3-1.7b-keep4-s42,qwen3-1.7b-keep4-s42:558:5,558,403,0,0,0,19,82
qwen3-1.7b-keep4-s42,qwen3-1.7b-keep4-s42:558:6,558,429,0,0,0,13,82
qwen3-1.7b-keep4-s42,qwen3-1.7b-keep4-s42:558:7,558,362,0,0,0,6,82
qwen3-1.7b-keep4-s42,qwen3-1.7b-keep4-s42:559:0,559,452,0,0,0,11,21
qwen3-1.7b-keep4-s42,qwen3-1.7b-keep4-s42:559:2,559,6,0,0,0,12,21
qwen3-1.7b-keep4-s42,qwen3-1.7b-keep4-s42:559:7,559,527,0,0,0,10,21
qwen3-1.7b-keep4-s42,qwen3-1.7b-keep4-s42:560:2,560,373,0,0,0,12,53
qwen3-1.7b-keep4-s42,qwen3-1.7b-keep4-s42:560:4,560,482,0,0,0,9,53
qwen3-1.7b-keep4-s42,qwen3-1.7b-keep4-s42:560:5,560,580,0,0,0,7,53
qwen3-1.7b-keep4-s42,qwen3-1.7b-keep4-s42:560:6,560,74,0,0,0,6,53
qwen3-1.7b-keep4-s42,qwen3-1.7b-keep4-s42:560:7,560,440,0,0,0,9,53
qwen3-1.7b-keep4-s42,qwen3-1.7b-keep4-s42:561:1,561,7,0,0,0,48,91
qwen3-1.7b-keep4-s42,qwen3-1.7b-keep4-s42:561:3,561,22,17,1,7,43,91
qwen3-1.7b-keep4-s42,qwen3-1.7b-keep4-s42:562:5,562,462,0,0,0,19,57
qwen3-1.7b-keep4-s42,qwen3-1.7b-keep4-s42:563:0,563,428,0,0,0,6,91
qwen3-1.7b-keep4-s42,qwen3-1.7b-keep4-s42:563:1,563,459,0,0,0,10,91
qwen3-1.7b-keep4-s42,qwen3-1.7b-keep4-s42:563:2,563,423,0,0,0,10,91
qwen3-1.7b-keep4-s42,qwen3-1.7b-keep4-s42:563:3,563,340,0,0,0,5,91
qwen3-1.7b-keep4-s42,qwen3-1.7b-keep4-s42:563:4,563,506,0,0,0,7,91
qwen3-1.7b-keep4-s42,qwen3-1.7b-keep4-s42:563:5,563,426,0,0,0,8,91
qwen3-1.7b-keep4-s42,qwen3-1.7b-keep4-s42:563:6,563,367,0,0,0,4,91
qwen3-1.7b-keep4-s42,qwen3-1.7b-keep4-s42:563:7,563,463,0,0,0,9,91
qwen3-1.7b-keep4-s42,qwen3-1.7b-keep4-s42:564:1,564,377,0,0,0,12,33
qwen3-1.7b-keep4-s42,qwen3-1.7b-keep4-s42:564:7,564,472,0,0,0,15,33
qwen3-1.7b-keep4-s42,qwen3-1.7b-keep4-s42:565:2,565,335,0,0,0,8,50
qwen3-1.7b-keep4-s42,qwen3-1.7b-keep4-s42:565:3,565,387,0,0,0,16,50
qwen3-1.7b-keep4-s42,qwen3-1.7b-keep4-s42:565:6,565,374,0,0,0,31,50
qwen3-1.7b-keep4-s42,qwen3-1.7b-keep4-s42:566:0,566,373,0,0,0,7,46
qwen3-1.7b-keep4-s42,qwen3-1.7b-keep4-s42:566:1,566,538,0,0,0,5,46
qwen3-1.7b-keep4-s42,qwen3-1.7b-keep4-s42:566:2,566,410,0,0,0,5,46
qwen3-1.7b-keep4-s42,qwen3-1.7b-keep4-s42:566:3,566,334,0,0,0,7,46
qwen3-1.7b-keep4-s42,qwen3-1.7b-keep4-s42:566:4,566,425,0,0,0,6,46
qwen3-1.7b-keep4-s42,qwen3-1.7b-keep4-s42:566:5,566,465,0,0,0,5,46
qwen3-1.7b-keep4-s42,qwen3-1.7b-keep4-s42:566:6,566,492,0,0,0,1,46
qwen3-1.7b-keep4-s42,qwen3-1.7b-keep4-s42:566:7,566,344,0,0,0,3,46
qwen3-1.7b-keep4-s42,qwen3-1.7b-keep4-s42:567:1,567,386,0,0,0,37,66
qwen3-1.7b-keep4-s42,qwen3-1.7b-keep4-s42:567:4,567,4,0,0,0,44,66
qwen3-1.7b-keep4-s42,qwen3-1.7b-keep4-s42:567:5,567,628,0,0,0,43,66
qwen3-1.7b-keep4-s42,qwen3-1.7b-keep4-s42:568:0,568,351,0,0,0,4,35
qwen3-1.7b-keep4-s42,qwen3-1.7b-keep4-s42:568:1,568,413,0,0,0,3,35
qwen3-1.7b-keep4-s42,qwen3-1.7b-keep4-s42:568:2,568,253,0,0,0,4,35
qwen3-1.7b-keep4-s42,qwen3-1.7b-keep4-s42:568:3,568,154,0,0,0,1,35
qwen3-1.7b-keep4-s42,qwen3-1.7b-keep4-s42:568:4,568,394,0,0,0,3,35
qwen3-1.7b-keep4-s42,qwen3-1.7b-keep4-s42:568:5,568,376,0,0,0,3,35
qwen3-1.7b-keep4-s42,qwen3-1.7b-keep4-s42:568:6,568,395,0,0,0,3,35
qwen3-1.7b-keep4-s42,qwen3-1.7b-keep4-s42:568:7,568,281,0,0,0,3,35
qwen3-1.7b-keep4-s42,qwen3-1.7b-keep4-s42:569:0,569,401,0,0,0,6,127
qwen3-1.7b-keep4-s42,qwen3-1.7b-keep4-s42:569:1,569,462,0,0,0,10,127
qwen3-1.7b-keep4-s42,qwen3-1.7b-keep4-s42:569:2,569,406,0,0,0,8,127
qwen3-1.7b-keep4-s42,qwen3-1.7b-keep4-s42:569:3,569,427,0,0,0,16,127
qwen3-1.7b-keep4-s42,qwen3-1.7b-keep4-s42:569:4,569,395,0,0,0,17,127
qwen3-1.7b-keep4-s42,qwen3-1.7b-keep4-s42:569:5,569,518,0,0,0,5,127
qwen3-1.7b-keep4-s42,qwen3-1.7b-keep4-s42:569:6,569,313,0,0,0,16,127
qwen3-1.7b-keep4-s42,qwen3-1.7b-keep4-s42:569:7,569,499,0,0,0,14,127
qwen3-1.7b-keep4-s42,qwen3-1.7b-keep4-s42:570:0,570,482,0,0,0,7,33
qwen3-1.7b-keep4-s42,qwen3-1.7b-keep4-s42:570:2,570,445,0,0,0,7,33
qwen3-1.7b-keep4-s42,qwen3-1.7b-keep4-s42:570:6,570,457,0,0,0,3,33
qwen3-1.7b-keep4-s42,qwen3-1.7b-keep4-s42:571:1,571,453,0,0,0,5,40
qwen3-1.7b-keep4-s42,qwen3-1.7b-keep4-s42:572:0,572,547,0,0,0,5,29
qwen3-1.7b-keep4-s42,qwen3-1.7b-keep4-s42:572:1,572,532,0,0,0,11,29
qwen3-1.7b-keep4-s42,qwen3-1.7b-keep4-s42:572:2,572,461,0,0,0,6,29
qwen3-1.7b-keep4-s42,qwen3-1.7b-keep4-s42:572:4,572,541,0,0,0,10,29
qwen3-1.7b-keep4-s42,qwen3-1.7b-keep4-s42:572:7,572,26,0,0,0,7,29
qwen3-1.7b-keep4-s42,qwen3-1.7b-keep4-s42:573:1,573,314,0,0,0,1,101
qwen3-1.7b-keep4-s42,qwen3-1.7b-keep4-s42:573:2,573,195,0,0,0,12,101
qwen3-1.7b-keep4-s42,qwen3-1.7b-keep4-s42:573:3,573,233,0,0,0,2,101
qwen3-1.7b-keep4-s42,qwen3-1.7b-keep4-s42:573:6,573,221,0,0,0,0,101
qwen3-1.7b-keep4-s42,qwen3-1.7b-keep4-s42:573:7,573,216,0,0,0,11,101
qwen3-1.7b-keep4-s42,qwen3-1.7b-keep4-s42:574:1,574,6,0,0,0,22,37
qwen3-1.7b-keep4-s42,qwen3-1.7b-keep4-s42:575:0,575,652,0,0,0,7,72
qwen3-1.7b-keep4-s42,qwen3-1.7b-keep4-s42:575:1,575,543,0,0,0,10,72
qwen3-1.7b-keep4-s42,qwen3-1.7b-keep4-s42:575:2,575,581,0,0,0,5,72
qwen3-1.7b-keep4-s42,qwen3-1.7b-keep4-s42:575:3,575,503,0,0,0,17,72
qwen3-1.7b-keep4-s42,qwen3-1.7b-keep4-s42:575:7,575,440,0,0,0,20,72
qwen3-1.7b-keep4-s42,qwen3-1.7b-keep4-s42:576:0,576,398,0,0,0,5,83
qwen3-1.7b-keep4-s42,qwen3-1.7b-keep4-s42:576:1,576,417,0,0,0,8,83
qwen3-1.7b-keep4-s42,qwen3-1.7b-keep4-s42:576:2,576,343,0,0,0,11,83
qwen3-1.7b-keep4-s42,qwen3-1.7b-keep4-s42:576:3,576,322,0,0,0,3,83
qwen3-1.7b-keep4-s42,qwen3-1.7b-keep4-s42:576:4,576,263,0,0,0,11,83
qwen3-1.7b-keep4-s42,qwen3-1.7b-keep4-s42:576:5,576,296,0,0,0,3,83
qwen3-1.7b-keep4-s42,qwen3-1.7b-keep4-s42:576:6,576,353,0,0,0,4,83
qwen3-1.7b-keep4-s42,qwen3-1.7b-keep4-s42:576:7,576,314,0,0,0,7,83
qwen3-1.7b-keep4-s42,qwen3-1.7b-keep4-s42:577:7,577,362,0,0,0,17,53
qwen3-1.7b-keep4-s42,qwen3-1.7b-keep4-s42:578:1,578,485,0,0,0,14,27
qwen3-1.7b-keep4-s42,qwen3-1.7b-keep4-s42:578:3,578,517,0,0,0,10,27
qwen3-1.7b-keep4-s42,qwen3-1.7b-keep4-s42:578:4,578,539,0,0,0,12,27
qwen3-1.7b-keep4-s42,qwen3-1.7b-keep4-s42:578:5,578,468,0,0,0,11,27
qwen3-1.7b-keep4-s42,qwen3-1.7b-keep4-s42:578:6,578,0,0,0,0,14,27
qwen3-1.7b-keep4-s42,qwen3-1.7b-keep4-s42:579:0,579,0,0,0,0,23,94
qwen3-1.7b-keep4-s42,qwen3-1.7b-keep4-s42:579:5,579,0,0,0,0,25,94
qwen3-1.7b-keep4-s42,qwen3-1.7b-keep4-s42:580:6,580,425,0,0,0,5,37
qwen3-1.7b-keep4-s42,qwen3-1.7b-keep4-s42:581:1,581,323,0,0,0,9,51
qwen3-1.7b-keep4-s42,qwen3-1.7b-keep4-s42:581:2,581,416,0,0,0,16,51
qwen3-1.7b-keep4-s42,qwen3-1.7b-keep4-s42:581:3,581,411,0,0,0,6,51
qwen3-1.7b-keep4-s42,qwen3-1.7b-keep4-s42:582:3,582,397,0,0,0,38,63
qwen3-1.7b-keep4-s42,qwen3-1.7b-keep4-s42:583:1,583,360,0,0,0,1,25
qwen3-1.7b-keep4-s42,qwen3-1.7b-keep4-s42:583:2,583,332,0,0,0,4,25
qwen3-1.7b-keep4-s42,qwen3-1.7b-keep4-s42:584:3,584,386,0,0,0,25,42
qwen3-1.7b-keep4-s42,qwen3-1.7b-keep4-s42:585:0,585,356,0,0,0,11,64
qwen3-1.7b-keep4-s42,qwen3-1.7b-keep4-s42:585:1,585,593,0,0,0,4,64
qwen3-1.7b-keep4-s42,qwen3-1.7b-keep4-s42:585:2,585,377,0,0,0,9,64
qwen3-1.7b-keep4-s42,qwen3-1.7b-keep4-s42:585:3,585,476,0,0,0,4,64
qwen3-1.7b-keep4-s42,qwen3-1.7b-keep4-s42:585:4,585,466,0,0,0,5,64
qwen3-1.7b-keep4-s42,qwen3-1.7b-keep4-s42:585:5,585,508,0,0,0,7,64
qwen3-1.7b-keep4-s42,qwen3-1.7b-keep4-s42:585:7,585,566,0,0,0,4,64
qwen3-1.7b-keep4-s42,qwen3-1.7b-keep4-s42:586:1,586,458,0,0,0,3,45
qwen3-1.7b-keep4-s42,qwen3-1.7b-keep4-s42:586:2,586,402,0,0,0,23,45
qwen3-1.7b-keep4-s42,qwen3-1.7b-keep4-s42:586:4,586,518,0,0,0,12,45
qwen3-1.7b-keep4-s42,qwen3-1.7b-keep4-s42:586:5,586,12,0,0,0,11,45
qwen3-1.7b-keep4-s42,qwen3-1.7b-keep4-s42:586:6,586,520,0,0,0,15,45
qwen3-1.7b-keep4-s42,qwen3-1.7b-keep4-s42:587:0,587,434,0,0,0,11,87
qwen3-1.7b-keep4-s42,qwen3-1.7b-keep4-s42:587:1,587,399,0,0,0,18,87
qwen3-1.7b-keep4-s42,qwen3-1.7b-keep4-s42:587:2,587,336,0,0,0,18,87
qwen3-1.7b-keep4-s42,qwen3-1.7b-keep4-s42:587:3,587,449,0,0,0,17,87
qwen3-1.7b-keep4-s42,qwen3-1.7b-keep4-s42:587:4,587,211,0,0,0,20,87
qwen3-1.7b-keep4-s42,qwen3-1.7b-keep4-s42:587:5,587,433,0,0,0,18,87
qwen3-1.7b-keep4-s42,qwen3-1.7b-keep4-s42:587:6,587,295,0,0,0,14,87
qwen3-1.7b-keep4-s42,qwen3-1.7b-keep4-s42:587:7,587,479,0,0,0,14,87
qwen3-1.7b-keep4-s42,qwen3-1.7b-keep4-s42:588:0,588,392,0,0,0,8,46
qwen3-1.7b-keep4-s42,qwen3-1.7b-keep4-s42:588:1,588,431,0,0,0,6,46
qwen3-1.7b-keep4-s42,qwen3-1.7b-keep4-s42:588:2,588,466,0,0,0,8,46
qwen3-1.7b-keep4-s42,qwen3-1.7b-keep4-s42:588:3,588,420,0,0,0,6,46
qwen3-1.7b-keep4-s42,qwen3-1.7b-keep4-s42:588:4,588,410,0,0,0,5,46
qwen3-1.7b-keep4-s42,qwen3-1.7b-keep4-s42:588:5,588,400,0,0,0,9,46
qwen3-1.7b-keep4-s42,qwen3-1.7b-keep4-s42:588:6,588,331,0,0,0,5,46
qwen3-1.7b-keep4-s42,qwen3-1.7b-keep4-s42:588:7,588,384,0,0,0,7,46
qwen3-1.7b-keep4-s42,qwen3-1.7b-keep4-s42:589:0,589,495,0,0,0,9,51
qwen3-1.7b-keep4-s42,qwen3-1.7b-keep4-s42:589:1,589,475,0,0,0,12,51
qwen3-1.7b-keep4-s42,qwen3-1.7b-keep4-s42:589:2,589,382,0,0,0,13,51
qwen3-1.7b-keep4-s42,qwen3-1.7b-keep4-s42:589:3,589,557,0,0,0,10,51
qwen3-1.7b-keep4-s42,qwen3-1.7b-keep4-s42:589:4,589,451,0,0,0,12,51
qwen3-1.7b-keep4-s42,qwen3-1.7b-keep4-s42:589:5,589,468,0,0,0,12,51
qwen3-1.7b-keep4-s42,qwen3-1.7b-keep4-s42:589:6,589,364,0,0,0,9,51
qwen3-1.7b-keep4-s42,qwen3-1.7b-keep4-s42:589:7,589,522,0,0,0,9,51
qwen3-1.7b-keep4-s42,qwen3-1.7b-keep4-s42:590:0,590,343,0,0,0,9,41
qwen3-1.7b-keep4-s42,qwen3-1.7b-keep4-s42:590:1,590,406,0,0,0,4,41
qwen3-1.7b-keep4-s42,qwen3-1.7b-keep4-s42:590:2,590,180,0,0,0,8,41
qwen3-1.7b-keep4-s42,qwen3-1.7b-keep4-s42:590:4,590,272,0,0,0,6,41
qwen3-1.7b-keep4-s42,qwen3-1.7b-keep4-s42:590:5,590,236,0,0,0,7,41
qwen3-1.7b-keep4-s42,qwen3-1.7b-keep4-s42:590:7,590,320,0,0,0,7,41
qwen3-1.7b-keep4-s42,qwen3-1.7b-keep4-s42:591:0,591,515,0,0,0,3,40
qwen3-1.7b-keep4-s42,qwen3-1.7b-keep4-s42:591:1,591,407,0,0,0,3,40
qwen3-1.7b-keep4-s42,qwen3-1.7b-keep4-s42:591:2,591,475,0,0,0,6,40
qwen3-1.7b-keep4-s42,qwen3-1.7b-keep4-s42:591:3,591,434,0,0,0,3,40
qwen3-1.7b-keep4-s42,qwen3-1.7b-keep4-s42:591:4,591,507,0,0,0,14,40
qwen3-1.7b-keep4-s42,qwen3-1.7b-keep4-s42:591:5,591,411,0,0,0,16,40
qwen3-1.7b-keep4-s42,qwen3-1.7b-keep4-s42:591:6,591,470,0,0,0,3,40
qwen3-1.7b-keep4-s42,qwen3-1.7b-keep4-s42:591:7,591,505,0,0,0,1,40
qwen3-1.7b-keep4-s42,qwen3-1.7b-keep4-s42:592:0,592,417,0,0,0,12,71
qwen3-1.7b-keep4-s42,qwen3-1.7b-keep4-s42:592:1,592,501,0,0,0,7,71
qwen3-1.7b-keep4-s42,qwen3-1.7b-keep4-s42:592:2,592,462,0,0,0,14,71
qwen3-1.7b-keep4-s42,qwen3-1.7b-keep4-s42:592:3,592,463,0,0,0,9,71
qwen3-1.7b-keep4-s42,qwen3-1.7b-keep4-s42:592:4,592,437,0,0,0,26,71
qwen3-1.7b-keep4-s42,qwen3-1.7b-keep4-s42:592:5,592,526,0,0,0,13,71
qwen3-1.7b-keep4-s42,qwen3-1.7b-keep4-s42:592:6,592,538,0,0,0,9,71
qwen3-1.7b-keep4-s42,qwen3-1.7b-keep4-s42:592:7,592,506,0,0,0,6,71
qwen3-1.7b-keep4-s42,qwen3-1.7b-keep4-s42:593:1,593,530,0,0,0,4,17
qwen3-1.7b-keep4-s42,qwen3-1.7b-keep4-s42:593:3,593,491,0,0,0,5,17
qwen3-1.7b-keep4-s42,qwen3-1.7b-keep4-s42:593:6,593,538,0,0,0,3,17
qwen3-1.7b-keep4-s42,qwen3-1.7b-keep4-s42:594:0,594,1,0,0,0,13,40
qwen3-1.7b-keep4-s42,qwen3-1.7b-keep4-s42:594:2,594,438,0,0,0,14,40
qwen3-1.7b-keep4-s42,qwen3-1.7b-keep4-s42:594:3,594,407,0,0,0,13,40
qwen3-1.7b-keep4-s42,qwen3-1.7b-keep4-s42:594:4,594,33,0,0,0,13,40
qwen3-1.7b-keep4-s42,qwen3-1.7b-keep4-s42:594:5,594,478,0,0,0,11,40
qwen3-1.7b-keep4-s42,qwen3-1.7b-keep4-s42:594:6,594,12,0,0,0,14,40
qwen3-1.7b-keep4-s42,qwen3-1.7b-keep4-s42:594:7,594,369,0,0,0,13,40
qwen3-1.7b-keep4-s42,qwen3-1.7b-keep4-s42:595:0,595,326,0,0,0,0,29
qwen3-1.7b-keep4-s42,qwen3-1.7b-keep4-s42:595:1,595,501,0,0,0,1,29
qwen3-1.7b-keep4-s42,qwen3-1.7b-keep4-s42:595:3,595,467,0,0,0,0,29
qwen3-1.7b-keep4-s42,qwen3-1.7b-keep4-s42:595:4,595,276,0,0,0,0,29
qwen3-1.7b-keep4-s42,qwen3-1.7b-keep4-s42:595:5,595,395,0,0,0,0,29
qwen3-1.7b-keep4-s42,qwen3-1.7b-keep4-s42:595:6,595,563,0,0,0,0,29
qwen3-1.7b-keep4-s42,qwen3-1.7b-keep4-s42:595:7,595,490,0,0,0,1,29
qwen3-1.7b-keep4-s42,qwen3-1.7b-keep4-s42:596:0,596,316,0,0,0,13,29
qwen3-1.7b-keep4-s42,qwen3-1.7b-keep4-s42:596:3,596,444,0,0,0,6,29
qwen3-1.7b-keep4-s42,qwen3-1.7b-keep4-s42:596:4,596,487,0,0,0,9,29
qwen3-1.7b-keep4-s42,qwen3-1.7b-keep4-s42:596:6,596,339,0,0,0,8,29
qwen3-1.7b-keep4-s42,qwen3-1.7b-keep4-s42:596:7,596,374,0,0,0,13,29
qwen3-1.7b-keep4-s42,qwen3-1.7b-keep4-s42:597:1,597,405,0,0,0,17,67
qwen3-1.7b-keep4-s42,qwen3-1.7b-keep4-s42:597:4,597,416,0,0,0,18,67
qwen3-1.7b-keep4-s42,qwen3-1.7b-keep4-s42:597:5,597,409,0,0,0,10,67
qwen3-1.7b-keep4-s42,qwen3-1.7b-keep4-s42:597:6,597,379,0,0,0,18,67
qwen3-1.7b-keep4-s42,qwen3-1.7b-keep4-s42:598:0,598,0,0,0,0,5,21
qwen3-1.7b-keep4-s42,qwen3-1.7b-keep4-s42:598:1,598,396,0,0,0,1,21
qwen3-1.7b-keep4-s42,qwen3-1.7b-keep4-s42:598:2,598,419,0,0,0,2,21
qwen3-1.7b-keep4-s42,qwen3-1.7b-keep4-s42:598:3,598,420,0,0,0,3,21
qwen3-1.7b-keep4-s42,qwen3-1.7b-keep4-s42:598:6,598,350,0,0,0,1,21
qwen3-1.7b-keep4-s42,qwen3-1.7b-keep4-s42:598:7,598,408,0,0,0,2,21
qwen3-1.7b-keep4-s42,qwen3-1.7b-keep4-s42:600:4,600,362,0,0,0,12,55
qwen3-1.7b-keep4-s42,qwen3-1.7b-keep4-s42:600:5,600,452,0,0,0,9,55
qwen3-1.7b-keep4-s42,qwen3-1.7b-keep4-s42:601:0,601,399,0,0,0,30,50
qwen3-1.7b-keep4-s42,qwen3-1.7b-keep4-s42:601:1,601,232,0,0,0,17,50
qwen3-1.7b-keep4-s42,qwen3-1.7b-keep4-s42:601:2,601,542,0,0,0,36,50
qwen3-1.7b-keep4-s42,qwen3-1.7b-keep4-s42:601:3,601,397,0,0,0,14,50
qwen3-1.7b-keep4-s42,qwen3-1.7b-keep4-s42:601:4,601,312,0,0,0,17,50
qwen3-1.7b-keep4-s42,qwen3-1.7b-keep4-s42:601:5,601,364,0,0,0,36,50
qwen3-1.7b-keep4-s42,qwen3-1.7b-keep4-s42:601:6,601,427,0,0,0,14,50
qwen3-1.7b-keep4-s42,qwen3-1.7b-keep4-s42:601:7,601,357,0,0,0,15,50
qwen3-1.7b-keep4-s42,qwen3-1.7b-keep4-s42:602:0,602,424,0,0,0,14,61
qwen3-1.7b-keep4-s42,qwen3-1.7b-keep4-s42:602:1,602,368,0,0,0,21,61
qwen3-1.7b-keep4-s42,qwen3-1.7b-keep4-s42:602:2,602,374,0,0,0,19,61
qwen3-1.7b-keep4-s42,qwen3-1.7b-keep4-s42:602:3,602,323,0,0,0,12,61
qwen3-1.7b-keep4-s42,qwen3-1.7b-keep4-s42:602:4,602,397,0,0,0,17,61
qwen3-1.7b-keep4-s42,qwen3-1.7b-keep4-s42:602:6,602,444,0,0,0,12,61
qwen3-1.7b-keep4-s42,qwen3-1.7b-keep4-s42:603:5,603,420,0,0,0,9,31
qwen3-1.7b-keep4-s42,qwen3-1.7b-keep4-s42:603:7,603,375,0,0,0,11,31
qwen3-1.7b-keep4-s42,qwen3-1.7b-keep4-s42:604:0,604,0,0,0,0,32,126
qwen3-1.7b-keep4-s42,qwen3-1.7b-keep4-s42:604:1,604,303,0,0,0,33,126
qwen3-1.7b-keep4-s42,qwen3-1.7b-keep4-s42:604:2,604,319,0,0,0,17,126
qwen3-1.7b-keep4-s42,qwen3-1.7b-keep4-s42:604:3,604,289,0,0,0,35,126
qwen3-1.7b-keep4-s42,qwen3-1.7b-keep4-s42:604:5,604,280,0,0,0,28,126
qwen3-1.7b-keep4-s42,qwen3-1.7b-keep4-s42:604:6,604,311,0,0,0,33,126
qwen3-1.7b-keep4-s42,qwen3-1.7b-keep4-s42:604:7,604,406,0,0,0,37,126
qwen3-1.7b-keep4-s42,qwen3-1.7b-keep4-s42:605:0,605,493,0,0,0,11,102
qwen3-1.7b-keep4-s42,qwen3-1.7b-keep4-s42:605:1,605,469,0,0,0,8,102
qwen3-1.7b-keep4-s42,qwen3-1.7b-keep4-s42:605:2,605,452,0,0,0,13,102
qwen3-1.7b-keep4-s42,qwen3-1.7b-keep4-s42:605:3,605,4,0,0,0,9,102
qwen3-1.7b-keep4-s42,qwen3-1.7b-keep4-s42:605:4,605,400,0,0,0,10,102
qwen3-1.7b-keep4-s42,qwen3-1.7b-keep4-s42:605:5,605,444,0,0,0,10,102
qwen3-1.7b-keep4-s42,qwen3-1.7b-keep4-s42:605:6,605,416,0,0,0,19,102
qwen3-1.7b-keep4-s42,qwen3-1.7b-keep4-s42:605:7,605,514,0,0,0,16,102
qwen3-1.7b-keep4-s42,qwen3-1.7b-keep4-s42:606:0,606,317,0,0,0,11,42
qwen3-1.7b-keep4-s42,qwen3-1.7b-keep4-s42:606:1,606,450,0,0,0,5,42
qwen3-1.7b-keep4-s42,qwen3-1.7b-keep4-s42:606:3,606,355,0,0,0,8,42
qwen3-1.7b-keep4-s42,qwen3-1.7b-keep4-s42:606:4,606,472,0,0,0,12,42
qwen3-1.7b-keep4-s42,qwen3-1.7b-keep4-s42:606:5,606,380,0,0,0,5,42
qwen3-1.7b-keep4-s42,qwen3-1.7b-keep4-s42:606:6,606,396,0,0,0,13,42
qwen3-1.7b-keep4-s42,qwen3-1.7b-keep4-s42:606:7,606,443,0,0,0,17,42
qwen3-1.7b-keep4-s42,qwen3-1.7b-keep4-s42:607:0,607,356,0,0,0,0,16
qwen3-1.7b-keep4-s42,qwen3-1.7b-keep4-s42:607:2,607,317,0,0,0,1,16
qwen3-1.7b-keep4-s42,qwen3-1.7b-keep4-s42:607:4,607,333,0,0,0,1,16
qwen3-1.7b-keep4-s42,qwen3-1.7b-keep4-s42:607:6,607,189,0,0,0,1,16
qwen3-1.7b-keep4-s42,qwen3-1.7b-keep4-s42:607:7,607,292,0,0,0,0,16
qwen3-1.7b-keep4-s42,qwen3-1.7b-keep4-s42:608:0,608,461,0,0,0,23,69
qwen3-1.7b-keep4-s42,qwen3-1.7b-keep4-s42:608:3,608,427,0,0,0,34,69
qwen3-1.7b-keep4-s42,qwen3-1.7b-keep4-s42:608:4,608,459,0,0,0,27,69
qwen3-1.7b-keep4-s42,qwen3-1.7b-keep4-s42:608:5,608,380,0,0,0,29,69
qwen3-1.7b-keep4-s42,qwen3-1.7b-keep4-s42:608:6,608,468,0,0,0,27,69
qwen3-1.7b-keep4-s42,qwen3-1.7b-keep4-s42:609:0,609,494,0,0,0,28,84
qwen3-1.7b-keep4-s42,qwen3-1.7b-keep4-s42:609:1,609,321,0,0,0,41,84
qwen3-1.7b-keep4-s42,qwen3-1.7b-keep4-s42:609:2,609,449,0,0,0,29,84
qwen3-1.7b-keep4-s42,qwen3-1.7b-keep4-s42:609:3,609,500,0,0,0,24,84
qwen3-1.7b-keep4-s42,qwen3-1.7b-keep4-s42:609:4,609,507,0,0,0,22,84
qwen3-1.7b-keep4-s42,qwen3-1.7b-keep4-s42:609:5,609,507,0,0,0,36,84
qwen3-1.7b-keep4-s42,qwen3-1.7b-keep4-s42:609:6,609,353,0,0,0,19,84
qwen3-1.7b-keep4-s42,qwen3-1.7b-keep4-s42:609:7,609,441,0,0,0,19,84
qwen3-1.7b-keep4-s42,qwen3-1.7b-keep4-s42:610:0,610,432,0,0,0,4,71
qwen3-1.7b-keep4-s42,qwen3-1.7b-keep4-s42:610:1,610,484,0,0,0,2,71
qwen3-1.7b-keep4-s42,qwen3-1.7b-keep4-s42:610:2,610,401,0,0,0,8,71
qwen3-1.7b-keep4-s42,qwen3-1.7b-keep4-s42:610:3,610,278,0,0,0,4,71
qwen3-1.7b-keep4-s42,qwen3-1.7b-keep4-s42:610:4,610,384,0,0,0,8,71
qwen3-1.7b-keep4-s42,qwen3-1.7b-keep4-s42:610:5,610,271,0,0,0,3,71
qwen3-1.7b-keep4-s42,qwen3-1.7b-keep4-s42:610:7,610,265,0,0,0,9,71
qwen3-1.7b-keep4-s42,qwen3-1.7b-keep4-s42:611:0,611,389,0,0,0,3,30
qwen3-1.7b-keep4-s42,qwen3-1.7b-keep4-s42:611:2,611,421,0,0,0,8,30
qwen3-1.7b-keep4-s42,qwen3-1.7b-keep4-s42:611:3,611,398,0,0,0,3,30
qwen3-1.7b-keep4-s42,qwen3-1.7b-keep4-s42:611:4,611,486,0,0,0,5,30
qwen3-1.7b-keep4-s42,qwen3-1.7b-keep4-s42:611:5,611,529,0,0,0,5,30
qwen3-1.7b-keep4-s42,qwen3-1.7b-keep4-s42:611:6,611,482,0,0,0,5,30
qwen3-1.7b-keep4-s42,qwen3-1.7b-keep4-s42:611:7,611,56,0,0,0,3,30
qwen3-1.7b-keep4-s42,qwen3-1.7b-keep4-s42:612:0,612,418,0,0,0,21,116
qwen3-1.7b-keep4-s42,qwen3-1.7b-keep4-s42:612:1,612,297,0,0,0,28,116
qwen3-1.7b-keep4-s42,qwen3-1.7b-keep4-s42:612:2,612,353,0,0,0,5,116
qwen3-1.7b-keep4-s42,qwen3-1.7b-keep4-s42:612:3,612,303,0,0,0,26,116
qwen3-1.7b-keep4-s42,qwen3-1.7b-keep4-s42:612:4,612,393,0,0,0,34,116
qwen3-1.7b-keep4-s42,qwen3-1.7b-keep4-s42:612:5,612,501,0,0,0,13,116
qwen3-1.7b-keep4-s42,qwen3-1.7b-keep4-s42:612:6,612,401,0,0,0,12,116
qwen3-1.7b-keep4-s42,qwen3-1.7b-keep4-s42:613:0,613,432,0,0,0,27,64
qwen3-1.7b-keep4-s42,qwen3-1.7b-keep4-s42:613:1,613,391,0,0,0,22,64
qwen3-1.7b-keep4-s42,qwen3-1.7b-keep4-s42:613:2,613,385,0,0,0,12,64
qwen3-1.7b-keep4-s42,qwen3-1.7b-keep4-s42:613:3,613,459,0,0,0,18,64
qwen3-1.7b-keep4-s42,qwen3-1.7b-keep4-s42:613:4,613,506,0,0,0,9,64
qwen3-1.7b-keep4-s42,qwen3-1.7b-keep4-s42:613:5,613,450,0,0,0,21,64
qwen3-1.7b-keep4-s42,qwen3-1.7b-keep4-s42:613:6,613,448,0,0,0,27,64
qwen3-1.7b-keep4-s42,qwen3-1.7b-keep4-s42:613:7,613,508,0,0,0,10,64
qwen3-1.7b-keep4-s42,qwen3-1.7b-keep4-s42:614:0,614,33,0,0,0,21,62
qwen3-1.7b-keep4-s42,qwen3-1.7b-keep4-s42:614:1,614,369,0,0,0,14,62
qwen3-1.7b-keep4-s42,qwen3-1.7b-keep4-s42:614:2,614,451,0,0,0,19,62
qwen3-1.7b-keep4-s42,qwen3-1.7b-keep4-s42:614:3,614,367,0,0,0,18,62
qwen3-1.7b-keep4-s42,qwen3-1.7b-keep4-s42:614:4,614,475,0,0,0,16,62
qwen3-1.7b-keep4-s42,qwen3-1.7b-keep4-s42:614:5,614,447,0,0,0,20,62
qwen3-1.7b-keep4-s42,qwen3-1.7b-keep4-s42:614:6,614,398,0,0,0,15,62
qwen3-1.7b-keep4-s42,qwen3-1.7b-keep4-s42:615:1,615,424,0,0,0,17,66
qwen3-1.7b-keep4-s42,qwen3-1.7b-keep4-s42:615:2,615,523,0,0,0,20,66
qwen3-1.7b-keep4-s42,qwen3-1.7b-keep4-s42:615:4,615,437,0,0,0,21,66
qwen3-1.7b-keep4-s42,qwen3-1.7b-keep4-s42:615:5,615,457,0,0,0,17,66
qwen3-1.7b-keep4-s42,qwen3-1.7b-keep4-s42:615:6,615,399,0,0,0,18,66
qwen3-1.7b-keep4-s42,qwen3-1.7b-keep4-s42:615:7,615,496,0,0,0,20,66
qwen3-1.7b-keep4-s42,qwen3-1.7b-keep4-s42:616:0,616,379,0,0,0,8,71
qwen3-1.7b-keep4-s42,qwen3-1.7b-keep4-s42:616:1,616,370,0,0,0,8,71
qwen3-1.7b-keep4-s42,qwen3-1.7b-keep4-s42:616:2,616,306,0,0,0,5,71
qwen3-1.7b-keep4-s42,qwen3-1.7b-keep4-s42:616:3,616,499,0,0,0,5,71
qwen3-1.7b-keep4-s42,qwen3-1.7b-keep4-s42:616:4,616,328,0,0,0,5,71
qwen3-1.7b-keep4-s42,qwen3-1.7b-keep4-s42:616:5,616,305,0,0,0,7,71
qwen3-1.7b-keep4-s42,qwen3-1.7b-keep4-s42:616:6,616,279,0,0,0,11,71
qwen3-1.7b-keep4-s42,qwen3-1.7b-keep4-s42:616:7,616,435,0,0,0,9,71
qwen3-1.7b-keep4-s42,qwen3-1.7b-keep4-s42:617:0,617,514,0,0,0,8,79
qwen3-1.7b-keep4-s42,qwen3-1.7b-keep4-s42:617:1,617,505,0,0,0,14,79
qwen3-1.7b-keep4-s42,qwen3-1.7b-keep4-s42:617:2,617,515,0,0,0,2,79
qwen3-1.7b-keep4-s42,qwen3-1.7b-keep4-s42:617:3,617,519,0,0,0,2,79
qwen3-1.7b-keep4-s42,qwen3-1.7b-keep4-s42:617:4,617,523,0,0,0,3,79
qwen3-1.7b-keep4-s42,qwen3-1.7b-keep4-s42:617:5,617,493,0,0,0,4,79
qwen3-1.7b-keep4-s42,qwen3-1.7b-keep4-s42:617:6,617,459,0,0,0,2,79
qwen3-1.7b-keep4-s42,qwen3-1.7b-keep4-s42:617:7,617,497,0,0,0,3,79
qwen3-1.7b-keep4-s42,qwen3-1.7b-keep4-s42:618:1,618,466,7,0,0,4,50
qwen3-1.7b-keep4-s42,qwen3-1.7b-keep4-s42:618:2,618,6,0,0,0,4,50
qwen3-1.7b-keep4-s42,qwen3-1.7b-keep4-s42:618:4,618,386,0,0,0,5,50
qwen3-1.7b-keep4-s42,qwen3-1.7b-keep4-s42:618:6,618,2,0,0,0,7,50
qwen3-1.7b-keep4-s42,qwen3-1.7b-keep4-s42:619:1,619,534,0,0,0,20,32
qwen3-1.7b-keep4-s42,qwen3-1.7b-keep4-s42:619:6,619,532,0,0,0,14,32
qwen3-1.7b-keep4-s42,qwen3-1.7b-keep4-s42:620:0,620,434,0,0,0,11,67
qwen3-1.7b-keep4-s42,qwen3-1.7b-keep4-s42:620:1,620,292,0,0,0,21,67
qwen3-1.7b-keep4-s42,qwen3-1.7b-keep4-s42:620:2,620,504,0,0,0,10,67
qwen3-1.7b-keep4-s42,qwen3-1.7b-keep4-s42:620:3,620,468,0,0,0,7,67
qwen3-1.7b-keep4-s42,qwen3-1.7b-keep4-s42:620:4,620,436,0,0,0,18,67
qwen3-1.7b-keep4-s42,qwen3-1.7b-keep4-s42:620:5,620,492,0,0,0,13,67
qwen3-1.7b-keep4-s42,qwen3-1.7b-keep4-s42:620:6,620,437,0,0,0,11,67
qwen3-1.7b-keep4-s42,qwen3-1.7b-keep4-s42:620:7,620,401,0,0,0,14,67
qwen3-1.7b-keep4-s42,qwen3-1.7b-keep4-s42:621:0,621,0,0,0,0,14,71
qwen3-1.7b-keep4-s42,qwen3-1.7b-keep4-s42:621:2,621,330,0,0,0,13,71
qwen3-1.7b-keep4-s42,qwen3-1.7b-keep4-s42:621:3,621,444,0,0,0,24,71
qwen3-1.7b-keep4-s42,qwen3-1.7b-keep4-s42:623:4,623,3,0,0,0,8,46
qwen3-1.7b-keep4-s42,qwen3-1.7b-keep4-s42:623:5,623,369,0,0,0,17,46
qwen3-1.7b-keep4-s42,qwen3-1.7b-keep4-s42:623:6,623,1,0,0,0,16,46
qwen3-1.7b-keep4-s42,qwen3-1.7b-keep4-s42:623:7,623,5,0,0,0,16,46
qwen3-1.7b-keep4-s42,qwen3-1.7b-keep4-s42:624:0,624,684,0,0,0,12,69
qwen3-1.7b-keep4-s42,qwen3-1.7b-keep4-s42:624:1,624,401,0,0,0,8,69
qwen3-1.7b-keep4-s42,qwen3-1.7b-keep4-s42:624:2,624,422,0,0,0,10,69
qwen3-1.7b-keep4-s42,qwen3-1.7b-keep4-s42:624:3,624,456,0,0,0,7,69
qwen3-1.7b-keep4-s42,qwen3-1.7b-keep4-s42:624:4,624,489,0,0,0,5,69
qwen3-1.7b-keep4-s42,qwen3-1.7b-keep4-s42:624:5,624,454,0,0,0,11,69
qwen3-1.7b-keep4-s42,qwen3-1.7b-keep4-s42:624:6,624,332,0,0,0,12,69
qwen3-1.7b-keep4-s42,qwen3-1.7b-keep4-s42:624:7,624,510,0,0,0,10,69
qwen3-1.7b-keep4-s42,qwen3-1.7b-keep4-s42:625:0,625,497,0,0,0,9,39
qwen3-1.7b-keep4-s42,qwen3-1.7b-keep4-s42:625:1,625,342,0,0,0,2,39
qwen3-1.7b-keep4-s42,qwen3-1.7b-keep4-s42:625:2,625,528,0,0,0,8,39
qwen3-1.7b-keep4-s42,qwen3-1.7b-keep4-s42:625:3,625,445,0,0,0,11,39
qwen3-1.7b-keep4-s42,qwen3-1.7b-keep4-s42:625:5,625,613,0,0,0,7,39
qwen3-1.7b-keep4-s42,qwen3-1.7b-keep4-s42:625:6,625,172,0,0,0,7,39
qwen3-1.7b-keep4-s42,qwen3-1.7b-keep4-s42:625:7,625,540,0,0,0,8,39
qwen3-1.7b-keep4-s42,qwen3-1.7b-keep4-s42:626:0,626,451,0,0,0,26,56
qwen3-1.7b-keep4-s42,qwen3-1.7b-keep4-s42:626:1,626,420,0,0,0,33,56
qwen3-1.7b-keep4-s42,qwen3-1.7b-keep4-s42:626:2,626,427,0,0,0,23,56
qwen3-1.7b-keep4-s42,qwen3-1.7b-keep4-s42:626:3,626,492,0,0,0,31,56
qwen3-1.7b-keep4-s42,qwen3-1.7b-keep4-s42:626:4,626,452,0,0,0,29,56
qwen3-1.7b-keep4-s42,qwen3-1.7b-keep4-s42:626:5,626,424,0,0,0,24,56
qwen3-1.7b-keep4-s42,qwen3-1.7b-keep4-s42:626:7,626,435,0,0,0,29,56
qwen3-1.7b-keep4-s42,qwen3-1.7b-keep4-s42:627:0,627,483,0,0,0,15,45
qwen3-1.7b-keep4-s42,qwen3-1.7b-keep4-s42:627:1,627,8,0,0,0,12,45
qwen3-1.7b-keep4-s42,qwen3-1.7b-keep4-s42:627:2,627,433,0,0,0,16,45
qwen3-1.7b-keep4-s42,qwen3-1.7b-keep4-s42:627:3,627,446,0,0,0,14,45
qwen3-1.7b-keep4-s42,qwen3-1.7b-keep4-s42:627:4,627,417,0,0,0,23,45
qwen3-1.7b-keep4-s42,qwen3-1.7b-keep4-s42:627:6,627,16,0,0,0,17,45
qwen3-1.7b-keep4-s42,qwen3-1.7b-keep4-s42:627:7,627,404,0,0,0,20,45
qwen3-1.7b-keep4-s42,qwen3-1.7b-keep4-s42:628:0,628,337,0,0,0,8,28
qwen3-1.7b-keep4-s42,qwen3-1.7b-keep4-s42:628:1,628,405,0,0,0,2,28
qwen3-1.7b-keep4-s42,qwen3-1.7b-keep4-s42:628:2,628,429,0,0,0,7,28
qwen3-1.7b-keep4-s42,qwen3-1.7b-keep4-s42:628:3,628,236,0,0,0,7,28
qwen3-1.7b-keep4-s42,qwen3-1.7b-keep4-s42:628:5,628,282,0,0,0,7,28
qwen3-1.7b-keep4-s42,qwen3-1.7b-keep4-s42:628:6,628,402,0,0,0,7,28
qwen3-1.7b-keep4-s42,qwen3-1.7b-keep4-s42:628:7,628,343,0,0,0,6,28
qwen3-1.7b-keep4-s42,qwen3-1.7b-keep4-s42:629:2,629,382,0,0,0,21,53
qwen3-1.7b-keep4-s42,qwen3-1.7b-keep4-s42:629:4,629,18,0,0,0,18,53
qwen3-1.7b-keep4-s42,qwen3-1.7b-keep4-s42:629:6,629,342,0,0,0,20,53
qwen3-1.7b-keep4-s42,qwen3-1.7b-keep4-s42:630:6,630,443,0,0,0,24,38
qwen3-1.7b-keep4-s42,qwen3-1.7b-keep4-s42:631:0,631,491,0,0,0,31,72
qwen3-1.7b-keep4-s42,qwen3-1.7b-keep4-s42:631:1,631,532,0,0,0,33,72
qwen3-1.7b-keep4-s42,qwen3-1.7b-keep4-s42:631:2,631,343,0,0,0,38,72
qwen3-1.7b-keep4-s42,qwen3-1.7b-keep4-s42:631:3,631,454,0,0,0,30,72
qwen3-1.7b-keep4-s42,qwen3-1.7b-keep4-s42:631:4,631,486,0,0,0,36,72
qwen3-1.7b-keep4-s42,qwen3-1.7b-keep4-s42:631:5,631,474,0,0,0,34,72
qwen3-1.7b-keep4-s42,qwen3-1.7b-keep4-s42:631:6,631,432,0,0,0,34,72
qwen3-1.7b-keep4-s42,qwen3-1.7b-keep4-s42:631:7,631,388,0,0,0,43,72
qwen3-1.7b-keep4-s42,qwen3-1.7b-keep4-s42:632:0,632,348,0,0,0,4,40
qwen3-1.7b-keep4-s42,qwen3-1.7b-keep4-s42:632:1,632,358,0,0,0,2,40
qwen3-1.7b-keep4-s42,qwen3-1.7b-keep4-s42:632:2,632,318,0,0,0,3,40
qwen3-1.7b-keep4-s42,qwen3-1.7b-keep4-s42:632:3,632,308,0,0,0,5,40
qwen3-1.7b-keep4-s42,qwen3-1.7b-keep4-s42:632:4,632,275,0,0,0,3,40
qwen3-1.7b-keep4-s42,qwen3-1.7b-keep4-s42:632:5,632,393,0,0,0,6,40
qwen3-1.7b-keep4-s42,qwen3-1.7b-keep4-s42:632:6,632,473,0,0,0,3,40
qwen3-1.7b-keep4-s42,qwen3-1.7b-keep4-s42:632:7,632,188,0,0,0,8,40
qwen3-1.7b-keep4-s42,qwen3-1.7b-keep4-s42:633:6,633,2,0,0,0,2,22
qwen3-1.7b-keep4-s42,qwen3-1.7b-keep4-s42:634:4,634,417,0,0,0,9,46
qwen3-1.7b-keep4-s42,qwen3-1.7b-keep4-s42:634:6,634,447,0,0,0,8,46
qwen3-1.7b-keep4-s42,qwen3-1.7b-keep4-s42:634:7,634,3,0,0,0,2,46
qwen3-1.7b-keep4-s42,qwen3-1.7b-keep4-s42:635:0,635,291,0,0,0,5,65
qwen3-1.7b-keep4-s42,qwen3-1.7b-keep4-s42:635:1,635,517,0,0,0,16,65
qwen3-1.7b-keep4-s42,qwen3-1.7b-keep4-s42:635:2,635,519,0,0,0,7,65
qwen3-1.7b-keep4-s42,qwen3-1.7b-keep4-s42:635:3,635,339,0,0,0,2,65
qwen3-1.7b-keep4-s42,qwen3-1.7b-keep4-s42:635:4,635,353,0,0,0,14,65
qwen3-1.7b-keep4-s42,qwen3-1.7b-keep4-s42:635:5,635,384,0,0,0,6,65
qwen3-1.7b-keep4-s42,qwen3-1.7b-keep4-s42:635:6,635,456,0,0,0,8,65
qwen3-1.7b-keep4-s42,qwen3-1.7b-keep4-s42:635:7,635,408,0,0,0,7,65
qwen3-1.7b-keep4-s42,qwen3-1.7b-keep4-s42:636:0,636,424,0,0,0,4,37
qwen3-1.7b-keep4-s42,qwen3-1.7b-keep4-s42:636:2,636,406,0,0,0,1,37
qwen3-1.7b-keep4-s42,qwen3-1.7b-keep4-s42:636:3,636,461,0,0,0,12,37
qwen3-1.7b-keep4-s42,qwen3-1.7b-keep4-s42:636:4,636,441,0,0,0,17,37
qwen3-1.7b-keep4-s42,qwen3-1.7b-keep4-s42:636:5,636,455,0,0,0,10,37
qwen3-1.7b-keep4-s42,qwen3-1.7b-keep4-s42:636:6,636,424,0,0,0,13,37
qwen3-1.7b-keep4-s42,qwen3-1.7b-keep4-s42:636:7,636,425,0,0,0,12,37
qwen3-1.7b-keep4-s42,qwen3-1.7b-keep4-s42:638:3,638,16,0,0,0,12,27
qwen3-1.7b-keep4-s42,qwen3-1.7b-keep4-s42:638:4,638,295,0,0,0,13,27
qwen3-1.7b-keep4-s42,qwen3-1.7b-keep4-s42:639:6,639,439,0,0,0,8,50
qwen3-1.7b-keep4-s42,qwen3-1.7b-keep4-s42:640:2,640,476,0,0,0,42,77
qwen3-1.7b-keep4-s42,qwen3-1.7b-keep4-s42:640:3,640,321,0,0,0,22,77
qwen3-1.7b-keep4-s42,qwen3-1.7b-keep4-s42:640:4,640,417,0,0,0,40,77
qwen3-1.7b-keep4-s42,qwen3-1.7b-keep4-s42:640:5,640,1,0,0,0,21,77
qwen3-1.7b-keep4-s42,qwen3-1.7b-keep4-s42:640:6,640,398,0,0,0,22,77
qwen3-1.7b-keep4-s42,qwen3-1.7b-keep4-s42:642:0,642,297,0,0,0,7,34
qwen3-1.7b-keep4-s42,qwen3-1.7b-keep4-s42:642:1,642,318,0,0,0,0,34
qwen3-1.7b-keep4-s42,qwen3-1.7b-keep4-s42:642:2,642,164,0,0,0,7,34
qwen3-1.7b-keep4-s42,qwen3-1.7b-keep4-s42:642:3,642,266,0,0,0,5,34
qwen3-1.7b-keep4-s42,qwen3-1.7b-keep4-s42:642:4,642,343,0,0,0,7,34
qwen3-1.7b-keep4-s42,qwen3-1.7b-keep4-s42:642:5,642,207,0,0,0,7,34
qwen3-1.7b-keep4-s42,qwen3-1.7b-keep4-s42:642:7,642,326,0,0,0,5,34
qwen3-1.7b-keep4-s42,qwen3-1.7b-keep4-s42:643:0,643,540,0,0,0,15,54
qwen3-1.7b-keep4-s42,qwen3-1.7b-keep4-s42:643:1,643,514,0,0,0,13,54
qwen3-1.7b-keep4-s42,qwen3-1.7b-keep4-s42:643:2,643,443,0,0,0,28,54
qwen3-1.7b-keep4-s42,qwen3-1.7b-keep4-s42:643:5,643,4,0,0,0,14,54
qwen3-1.7b-keep4-s42,qwen3-1.7b-keep4-s42:643:6,643,477,0,0,0,13,54
qwen3-1.7b-keep4-s42,qwen3-1.7b-keep4-s42:643:7,643,519,0,0,0,16,54
qwen3-1.7b-keep4-s42,qwen3-1.7b-keep4-s42:644:0,644,382,0,0,0,11,69
qwen3-1.7b-keep4-s42,qwen3-1.7b-keep4-s42:644:1,644,406,0,0,0,9,69
qwen3-1.7b-keep4-s42,qwen3-1.7b-keep4-s42:644:2,644,386,0,0,0,13,69
qwen3-1.7b-keep4-s42,qwen3-1.7b-keep4-s42:644:3,644,354,0,0,0,12,69
qwen3-1.7b-keep4-s42,qwen3-1.7b-keep4-s42:644:4,644,400,0,0,0,7,69
qwen3-1.7b-keep4-s42,qwen3-1.7b-keep4-s42:644:5,644,58,0,0,0,9,69
qwen3-1.7b-keep4-s42,qwen3-1.7b-keep4-s42:644:6,644,478,0,0,0,8,69
qwen3-1.7b-keep4-s42,qwen3-1.7b-keep4-s42:644:7,644,390,1,0,0,9,69
qwen3-1.7b-keep4-s42,qwen3-1.7b-keep4-s42:645:0,645,320,0,0,0,6,81
qwen3-1.7b-keep4-s42,qwen3-1.7b-keep4-s42:645:1,645,422,0,0,0,8,81
qwen3-1.7b-keep4-s42,qwen3-1.7b-keep4-s42:645:3,645,414,0,0,0,12,81
qwen3-1.7b-keep4-s42,qwen3-1.7b-keep4-s42:645:4,645,465,0,0,0,24,81
qwen3-1.7b-keep4-s42,qwen3-1.7b-keep4-s42:645:5,645,609,0,0,0,8,81
qwen3-1.7b-keep4-s42,qwen3-1.7b-keep4-s42:645:6,645,360,0,0,0,11,81
qwen3-1.7b-keep4-s42,qwen3-1.7b-keep4-s42:645:7,645,370,0,0,0,24,81
qwen3-1.7b-keep4-s42,qwen3-1.7b-keep4-s42:646:4,646,11,0,0,0,23,36
qwen3-1.7b-keep4-s42,qwen3-1.7b-keep4-s42:647:0,647,430,0,0,0,14,44
qwen3-1.7b-keep4-s42,qwen3-1.7b-keep4-s42:647:1,647,8,0,0,0,19,44
qwen3-1.7b-keep4-s42,qwen3-1.7b-keep4-s42:647:4,647,6,0,0,0,21,44
qwen3-1.7b-keep4-s42,qwen3-1.7b-keep4-s42:648:0,648,434,0,0,0,4,28
qwen3-1.7b-keep4-s42,qwen3-1.7b-keep4-s42:648:1,648,393,0,0,0,4,28
qwen3-1.7b-keep4-s42,qwen3-1.7b-keep4-s42:648:2,648,356,0,0,0,3,28
qwen3-1.7b-keep4-s42,qwen3-1.7b-keep4-s42:648:3,648,1,0,0,0,4,28
qwen3-1.7b-keep4-s42,qwen3-1.7b-keep4-s42:648:4,648,398,0,0,0,4,28
qwen3-1.7b-keep4-s42,qwen3-1.7b-keep4-s42:648:5,648,11,0,0,0,3,28
qwen3-1.7b-keep4-s42,qwen3-1.7b-keep4-s42:648:7,648,474,0,0,0,3,28
qwen3-1.7b-keep4-s42,qwen3-1.7b-keep4-s42:649:0,649,0,0,0,0,51,65
qwen3-1.7b-keep4-s42,qwen3-1.7b-keep4-s42:649:2,649,3,0,0,0,58,65
qwen3-1.7b-keep4-s42,qwen3-1.7b-keep4-s42:651:0,651,444,0,0,0,10,73
qwen3-1.7b-keep4-s42,qwen3-1.7b-keep4-s42:651:1,651,401,0,0,0,4,73
qwen3-1.7b-keep4-s42,qwen3-1.7b-keep4-s42:651:2,651,284,0,0,0,0,73
qwen3-1.7b-keep4-s42,qwen3-1.7b-keep4-s42:651:3,651,451,0,0,0,11,73
qwen3-1.7b-keep4-s42,qwen3-1.7b-keep4-s42:651:4,651,495,0,0,0,9,73
qwen3-1.7b-keep4-s42,qwen3-1.7b-keep4-s42:651:5,651,463,0,0,0,14,73
qwen3-1.7b-keep4-s42,qwen3-1.7b-keep4-s42:651:6,651,463,0,0,0,2,73
qwen3-1.7b-keep4-s42,qwen3-1.7b-keep4-s42:651:7,651,530,0,0,0,9,73
qwen3-1.7b-keep4-s42,qwen3-1.7b-keep4-s42:652:0,652,301,0,0,0,22,97
qwen3-1.7b-keep4-s42,qwen3-1.7b-keep4-s42:652:1,652,314,0,0,0,29,97
qwen3-1.7b-keep4-s42,qwen3-1.7b-keep4-s42:652:2,652,69,4,0,0,43,97
qwen3-1.7b-keep4-s42,qwen3-1.7b-keep4-s42:652:4,652,214,0,0,0,24,97
qwen3-1.7b-keep4-s42,qwen3-1.7b-keep4-s42:652:5,652,7,0,0,0,24,97
qwen3-1.7b-keep4-s42,qwen3-1.7b-keep4-s42:652:6,652,302,0,0,0,37,97
qwen3-1.7b-keep4-s42,qwen3-1.7b-keep4-s42:652:7,652,381,0,0,0,4,97
qwen3-1.7b-keep4-s42,qwen3-1.7b-keep4-s42:653:0,653,478,0,0,0,17,67
qwen3-1.7b-keep4-s42,qwen3-1.7b-keep4-s42:653:2,653,390,0,0,0,9,67
qwen3-1.7b-keep4-s42,qwen3-1.7b-keep4-s42:653:3,653,384,0,0,0,18,67
qwen3-1.7b-keep4-s42,qwen3-1.7b-keep4-s42:653:4,653,371,0,0,0,10,67
qwen3-1.7b-keep4-s42,qwen3-1.7b-keep4-s42:654:0,654,517,0,0,0,5,27
qwen3-1.7b-keep4-s42,qwen3-1.7b-keep4-s42:654:1,654,555,0,0,0,6,27
qwen3-1.7b-keep4-s42,qwen3-1.7b-keep4-s42:654:2,654,570,0,0,0,8,27
qwen3-1.7b-keep4-s42,qwen3-1.7b-keep4-s42:654:3,654,525,0,0,0,8,27
qwen3-1.7b-keep4-s42,qwen3-1.7b-keep4-s42:654:4,654,164,0,0,0,7,27
qwen3-1.7b-keep4-s42,qwen3-1.7b-keep4-s42:654:6,654,526,0,0,0,7,27
qwen3-1.7b-keep4-s42,qwen3-1.7b-keep4-s42:654:7,654,25,0,0,0,9,27
qwen3-1.7b-keep4-s42,qwen3-1.7b-keep4-s42:655:1,655,517,0,0,0,22,59
qwen3-1.7b-keep4-s42,qwen3-1.7b-keep4-s42:655:2,655,473,0,0,0,24,59
qwen3-1.7b-keep4-s42,qwen3-1.7b-keep4-s42:655:5,655,516,0,0,0,31,59
qwen3-1.7b-keep4-s42,qwen3-1.7b-keep4-s42:656:1,656,447,0,0,0,6,41
qwen3-1.7b-keep4-s42,qwen3-1.7b-keep4-s42:656:2,656,462,0,0,0,7,41
qwen3-1.7b-keep4-s42,qwen3-1.7b-keep4-s42:656:3,656,570,0,0,0,10,41
qwen3-1.7b-keep4-s42,qwen3-1.7b-keep4-s42:656:4,656,390,0,0,0,1,41
qwen3-1.7b-keep4-s42,qwen3-1.7b-keep4-s42:656:5,656,395,0,0,0,7,41
qwen3-1.7b-keep4-s42,qwen3-1.7b-keep4-s42:656:6,656,521,0,0,0,8,41
qwen3-1.7b-keep4-s42,qwen3-1.7b-keep4-s42:657:0,657,484,0,0,0,9,43
qwen3-1.7b-keep4-s42,qwen3-1.7b-keep4-s42:657:1,657,505,0,0,0,8,43
qwen3-1.7b-keep4-s42,qwen3-1.7b-keep4-s42:657:3,657,461,0,0,0,4,43
qwen3-1.7b-keep4-s42,qwen3-1.7b-keep4-s42:657:4,657,333,0,0,0,6,43
qwen3-1.7b-keep4-s42,qwen3-1.7b-keep4-s42:657:5,657,32,0,0,0,4,43
qwen3-1.7b-keep4-s42,qwen3-1.7b-keep4-s42:657:6,657,515,0,0,0,8,43
qwen3-1.7b-keep4-s42,qwen3-1.7b-keep4-s42:657:7,657,476,0,0,0,4,43
qwen3-1.7b-keep4-s42,qwen3-1.7b-keep4-s42:658:0,658,521,0,0,0,5,28
qwen3-1.7b-keep4-s42,qwen3-1.7b-keep4-s42:658:1,658,474,0,0,0,2,28
qwen3-1.7b-keep4-s42,qwen3-1.7b-keep4-s42:658:2,658,476,0,0,0,4,28
qwen3-1.7b-keep4-s42,qwen3-1.7b-keep4-s42:658:3,658,427,0,0,0,4,28
qwen3-1.7b-keep4-s42,qwen3-1.7b-keep4-s42:658:4,658,446,0,0,0,5,28
qwen3-1.7b-keep4-s42,qwen3-1.7b-keep4-s42:658:6,658,555,0,0,0,4,28
qwen3-1.7b-keep4-s42,qwen3-1.7b-keep4-s42:658:7,658,385,0,0,0,4,28
qwen3-1.7b-keep4-s42,qwen3-1.7b-keep4-s42:659:3,659,408,0,0,0,45,64
qwen3-1.7b-keep4-s42,qwen3-1.7b-keep4-s42:659:4,659,0,0,0,0,41,64
qwen3-1.7b-keep4-s42,qwen3-1.7b-keep4-s42:659:6,659,473,0,0,0,34,64
qwen3-1.7b-keep4-s42,qwen3-1.7b-keep4-s42:659:7,659,393,0,0,0,34,64
qwen3-1.7b-keep4-s42,qwen3-1.7b-keep4-s42:660:3,660,287,0,0,0,29,95
qwen3-1.7b-keep4-s42,qwen3-1.7b-keep4-s42:660:4,660,209,19,0,1,33,95
qwen3-1.7b-keep4-s42,qwen3-1.7b-keep4-s42:660:6,660,26,0,0,0,30,95
qwen3-1.7b-keep4-s42,qwen3-1.7b-keep4-s42:660:7,660,240,0,0,0,28,95
qwen3-1.7b-keep4-s42,qwen3-1.7b-keep4-s42:661:3,661,518,0,0,0,21,47
qwen3-1.7b-keep4-s42,qwen3-1.7b-keep4-s42:661:6,661,505,0,0,0,20,47
qwen3-1.7b-keep4-s42,qwen3-1.7b-keep4-s42:662:5,662,374,0,0,0,24,74
qwen3-1.7b-keep4-s42,qwen3-1.7b-keep4-s42:662:7,662,117,0,0,0,17,74
qwen3-1.7b-keep4-s42,qwen3-1.7b-keep4-s42:663:0,663,24,0,0,0,9,75
qwen3-1.7b-keep4-s42,qwen3-1.7b-keep4-s42:663:4,663,272,0,0,0,12,75
qwen3-1.7b-keep4-s42,qwen3-1.7b-keep4-s42:663:6,663,218,0,0,0,16,75
qwen3-1.7b-keep4-s42,qwen3-1.7b-keep4-s42:663:7,663,380,0,0,0,2,75
qwen3-1.7b-keep4-s42,qwen3-1.7b-keep4-s42:664:0,664,330,0,0,0,22,53
qwen3-1.7b-keep4-s42,qwen3-1.7b-keep4-s42:664:1,664,407,0,0,0,19,53
qwen3-1.7b-keep4-s42,qwen3-1.7b-keep4-s42:664:2,664,438,0,0,0,20,53
qwen3-1.7b-keep4-s42,qwen3-1.7b-keep4-s42:664:3,664,433,0,0,0,21,53
qwen3-1.7b-keep4-s42,qwen3-1.7b-keep4-s42:664:4,664,478,0,0,0,17,53
qwen3-1.7b-keep4-s42,qwen3-1.7b-keep4-s42:664:5,664,430,0,0,0,21,53
qwen3-1.7b-keep4-s42,qwen3-1.7b-keep4-s42:664:6,664,431,0,0,0,19,53
qwen3-1.7b-keep4-s42,qwen3-1.7b-keep4-s42:664:7,664,459,0,0,0,10,53
qwen3-1.7b-keep4-s42,qwen3-1.7b-keep4-s42:665:0,665,433,0,0,0,4,82
qwen3-1.7b-keep4-s42,qwen3-1.7b-keep4-s42:665:1,665,408,0,0,0,3,82
qwen3-1.7b-keep4-s42,qwen3-1.7b-keep4-s42:665:2,665,346,0,0,0,8,82
qwen3-1.7b-keep4-s42,qwen3-1.7b-keep4-s42:665:3,665,453,0,0,0,8,82
qwen3-1.7b-keep4-s42,qwen3-1.7b-keep4-s42:665:4,665,492,0,0,0,11,82
qwen3-1.7b-keep4-s42,qwen3-1.7b-keep4-s42:665:5,665,358,0,0,0,9,82
qwen3-1.7b-keep4-s42,qwen3-1.7b-keep4-s42:665:6,665,199,0,0,0,10,82
qwen3-1.7b-keep4-s42,qwen3-1.7b-keep4-s42:665:7,665,311,0,0,0,6,82
qwen3-1.7b-keep4-s42,qwen3-1.7b-keep4-s42:666:3,666,346,0,0,0,27,58
qwen3-1.7b-keep4-s42,qwen3-1.7b-keep4-s42:666:4,666,414,0,0,0,22,58
qwen3-1.7b-keep4-s42,qwen3-1.7b-keep4-s42:667:0,667,296,0,0,0,20,53
qwen3-1.7b-keep4-s42,qwen3-1.7b-keep4-s42:667:2,667,4,0,0,0,19,53
qwen3-1.7b-keep4-s42,qwen3-1.7b-keep4-s42:667:4,667,285,0,0,0,21,53
qwen3-1.7b-keep4-s42,qwen3-1.7b-keep4-s42:667:5,667,409,0,0,0,9,53
qwen3-1.7b-keep4-s42,qwen3-1.7b-keep4-s42:667:6,667,349,0,0,0,16,53
qwen3-1.7b-keep4-s42,qwen3-1.7b-keep4-s42:667:7,667,404,0,0,0,13,53
qwen3-1.7b-keep4-s42,qwen3-1.7b-keep4-s42:668:0,668,474,0,0,0,13,84
qwen3-1.7b-keep4-s42,qwen3-1.7b-keep4-s42:668:1,668,454,0,0,0,14,84
qwen3-1.7b-keep4-s42,qwen3-1.7b-keep4-s42:668:2,668,409,0,0,0,10,84
qwen3-1.7b-keep4-s42,qwen3-1.7b-keep4-s42:668:3,668,522,0,0,0,3,84
qwen3-1.7b-keep4-s42,qwen3-1.7b-keep4-s42:668:4,668,399,0,0,0,17,84
qwen3-1.7b-keep4-s42,qwen3-1.7b-keep4-s42:668:5,668,399,0,0,0,6,84
qwen3-1.7b-keep4-s42,qwen3-1.7b-keep4-s42:668:6,668,450,0,0,0,10,84
qwen3-1.7b-keep4-s42,qwen3-1.7b-keep4-s42:668:7,668,462,0,0,0,7,84
qwen3-1.7b-keep4-s42,qwen3-1.7b-keep4-s42:670:0,670,480,0,0,0,3,46
qwen3-1.7b-keep4-s42,qwen3-1.7b-keep4-s42:670:1,670,466,0,0,0,6,46
qwen3-1.7b-keep4-s42,qwen3-1.7b-keep4-s42:670:2,670,485,0,0,0,10,46
qwen3-1.7b-keep4-s42,qwen3-1.7b-keep4-s42:670:3,670,491,0,0,0,5,46
qwen3-1.7b-keep4-s42,qwen3-1.7b-keep4-s42:670:4,670,450,0,0,0,7,46
qwen3-1.7b-keep4-s42,qwen3-1.7b-keep4-s42:670:5,670,498,0,0,0,5,46
qwen3-1.7b-keep4-s42,qwen3-1.7b-keep4-s42:670:6,670,485,0,0,0,6,46
qwen3-1.7b-keep4-s42,qwen3-1.7b-keep4-s42:670:7,670,497,0,0,0,6,46
qwen3-1.7b-keep4-s42,qwen3-1.7b-keep4-s42:671:0,671,0,0,0,0,22,41
qwen3-1.7b-keep4-s42,qwen3-1.7b-keep4-s42:671:7,671,353,0,0,0,15,41
qwen3-1.7b-keep4-s42,qwen3-1.7b-keep4-s42:672:0,672,60,0,0,0,18,48
qwen3-1.7b-keep4-s42,qwen3-1.7b-keep4-s42:672:1,672,415,0,0,0,7,48
qwen3-1.7b-keep4-s42,qwen3-1.7b-keep4-s42:672:2,672,474,0,0,0,11,48
qwen3-1.7b-keep4-s42,qwen3-1.7b-keep4-s42:672:4,672,511,0,0,0,6,48
qwen3-1.7b-keep4-s42,qwen3-1.7b-keep4-s42:672:5,672,404,0,0,0,8,48
qwen3-1.7b-keep4-s42,qwen3-1.7b-keep4-s42:672:6,672,17,0,0,0,10,48
qwen3-1.7b-keep4-s42,qwen3-1.7b-keep4-s42:672:7,672,6,0,0,0,12,48
qwen3-1.7b-keep4-s42,qwen3-1.7b-keep4-s42:673:0,673,498,0,0,0,9,40
qwen3-1.7b-keep4-s42,qwen3-1.7b-keep4-s42:673:1,673,412,0,0,0,6,40
qwen3-1.7b-keep4-s42,qwen3-1.7b-keep4-s42:673:2,673,475,0,0,0,9,40
qwen3-1.7b-keep4-s42,qwen3-1.7b-keep4-s42:673:3,673,386,0,0,0,4,40
qwen3-1.7b-keep4-s42,qwen3-1.7b-keep4-s42:673:4,673,434,0,0,0,13,40
qwen3-1.7b-keep4-s42,qwen3-1.7b-keep4-s42:673:5,673,427,0,0,0,3,40
qwen3-1.7b-keep4-s42,qwen3-1.7b-keep4-s42:673:6,673,376,0,0,0,3,40
qwen3-1.7b-keep4-s42,qwen3-1.7b-keep4-s42:673:7,673,472,0,0,0,6,40
qwen3-1.7b-keep4-s42,qwen3-1.7b-keep4-s42:675:5,675,399,0,0,0,25,57
qwen3-1.7b-keep4-s42,qwen3-1.7b-keep4-s42:675:7,675,519,0,0,0,12,57
qwen3-1.7b-keep4-s42,qwen3-1.7b-keep4-s42:676:0,676,245,0,0,0,15,84
qwen3-1.7b-keep4-s42,qwen3-1.7b-keep4-s42:676:1,676,282,0,0,0,14,84
qwen3-1.7b-keep4-s42,qwen3-1.7b-keep4-s42:676:2,676,14,0,0,0,29,84
qwen3-1.7b-keep4-s42,qwen3-1.7b-keep4-s42:676:3,676,164,0,0,0,18,84
qwen3-1.7b-keep4-s42,qwen3-1.7b-keep4-s42:676:5,676,216,0,0,0,14,84
qwen3-1.7b-keep4-s42,qwen3-1.7b-keep4-s42:676:6,676,166,0,0,0,17,84
qwen3-1.7b-keep4-s42,qwen3-1.7b-keep4-s42:676:7,676,206,0,0,0,19,84
qwen3-1.7b-keep4-s42,qwen3-1.7b-keep4-s42:678:0,678,397,0,0,0,24,58
qwen3-1.7b-keep4-s42,qwen3-1.7b-keep4-s42:678:2,678,216,0,0,0,20,58
qwen3-1.7b-keep4-s42,qwen3-1.7b-keep4-s42:678:3,678,367,0,0,0,18,58
qwen3-1.7b-keep4-s42,qwen3-1.7b-keep4-s42:679:1,679,6,0,0,0,5,55
qwen3-1.7b-keep4-s42,qwen3-1.7b-keep4-s42:679:3,679,382,0,0,0,11,55
qwen3-1.7b-keep4-s42,qwen3-1.7b-keep4-s42:680:1,680,403,0,0,0,7,68
qwen3-1.7b-keep4-s42,qwen3-1.7b-keep4-s42:680:2,680,550,0,0,0,17,68
qwen3-1.7b-keep4-s42,qwen3-1.7b-keep4-s42:680:3,680,525,0,0,0,15,68
qwen3-1.7b-keep4-s42,qwen3-1.7b-keep4-s42:680:4,680,415,0,0,0,9,68
qwen3-1.7b-keep4-s42,qwen3-1.7b-keep4-s42:680:5,680,459,0,0,0,8,68
qwen3-1.7b-keep4-s42,qwen3-1.7b-keep4-s42:680:6,680,375,0,0,0,11,68
qwen3-1.7b-keep4-s42,qwen3-1.7b-keep4-s42:680:7,680,525,0,0,0,16,68
qwen3-1.7b-keep4-s42,qwen3-1.7b-keep4-s42:681:0,681,485,0,0,0,7,125
qwen3-1.7b-keep4-s42,qwen3-1.7b-keep4-s42:681:1,681,404,0,0,0,14,125
qwen3-1.7b-keep4-s42,qwen3-1.7b-keep4-s42:681:2,681,348,0,0,0,17,125
qwen3-1.7b-keep4-s42,qwen3-1.7b-keep4-s42:681:3,681,477,0,0,0,6,125
qwen3-1.7b-keep4-s42,qwen3-1.7b-keep4-s42:681:4,681,356,0,0,0,13,125
qwen3-1.7b-keep4-s42,qwen3-1.7b-keep4-s42:681:5,681,109,0,0,0,23,125
qwen3-1.7b-keep4-s42,qwen3-1.7b-keep4-s42:681:7,681,364,0,0,0,0,125
qwen3-1.7b-keep4-s42,qwen3-1.7b-keep4-s42:682:0,682,488,0,0,0,19,74
qwen3-1.7b-keep4-s42,qwen3-1.7b-keep4-s42:682:1,682,555,0,0,0,17,74
qwen3-1.7b-keep4-s42,qwen3-1.7b-keep4-s42:682:2,682,12,0,0,0,23,74
qwen3-1.7b-keep4-s42,qwen3-1.7b-keep4-s42:682:3,682,466,0,0,0,15,74
qwen3-1.7b-keep4-s42,qwen3-1.7b-keep4-s42:682:4,682,482,0,0,0,14,74
qwen3-1.7b-keep4-s42,qwen3-1.7b-keep4-s42:682:5,682,486,0,0,0,15,74
qwen3-1.7b-keep4-s42,qwen3-1.7b-keep4-s42:682:7,682,524,0,0,0,20,74
qwen3-1.7b-keep4-s42,qwen3-1.7b-keep4-s42:683:1,683,396,0,0,0,26,93
qwen3-1.7b-keep4-s42,qwen3-1.7b-keep4-s42:683:2,683,360,0,0,0,22,93
qwen3-1.7b-keep4-s42,qwen3-1.7b-keep4-s42:683:3,683,269,0,0,0,15,93
qwen3-1.7b-keep4-s42,qwen3-1.7b-keep4-s42:683:4,683,310,0,0,0,28,93
qwen3-1.7b-keep4-s42,qwen3-1.7b-keep4-s42:683:6,683,328,0,0,0,62,93
qwen3-1.7b-keep4-s42,qwen3-1.7b-keep4-s42:684:0,684,408,0,0,0,16,65
qwen3-1.7b-keep4-s42,qwen3-1.7b-keep4-s42:684:1,684,453,0,0,0,1,65
qwen3-1.7b-keep4-s42,qwen3-1.7b-keep4-s42:684:3,684,429,0,0,0,17,65
qwen3-1.7b-keep4-s42,qwen3-1.7b-keep4-s42:684:4,684,453,0,0,0,2,65
qwen3-1.7b-keep4-s42,qwen3-1.7b-keep4-s42:684:5,684,262,0,0,0,12,65
qwen3-1.7b-keep4-s42,qwen3-1.7b-keep4-s42:684:6,684,511,0,0,0,9,65
qwen3-1.7b-keep4-s42,qwen3-1.7b-keep4-s42:684:7,684,527,0,0,0,1,65
qwen3-1.7b-keep4-s42,qwen3-1.7b-keep4-s42:685:0,685,345,0,0,0,25,58
qwen3-1.7b-keep4-s42,qwen3-1.7b-keep4-s42:685:1,685,371,0,0,0,10,58
qwen3-1.7b-keep4-s42,qwen3-1.7b-keep4-s42:685:3,685,320,0,0,0,15,58
qwen3-1.7b-keep4-s42,qwen3-1.7b-keep4-s42:685:4,685,11,0,0,0,21,58
qwen3-1.7b-keep4-s42,qwen3-1.7b-keep4-s42:685:6,685,303,0,0,0,15,58
qwen3-1.7b-keep4-s42,qwen3-1.7b-keep4-s42:685:7,685,123,0,0,0,23,58
qwen3-1.7b-keep4-s42,qwen3-1.7b-keep4-s42:686:3,686,357,0,0,0,30,64
qwen3-1.7b-keep4-s42,qwen3-1.7b-keep4-s42:686:4,686,410,0,0,0,22,64
qwen3-1.7b-keep4-s42,qwen3-1.7b-keep4-s42:686:5,686,4,0,0,0,30,64
qwen3-1.7b-keep4-s42,qwen3-1.7b-keep4-s42:686:7,686,356,0,0,0,10,64
qwen3-1.7b-keep4-s42,qwen3-1.7b-keep4-s42:687:0,687,458,0,0,0,29,77
qwen3-1.7b-keep4-s42,qwen3-1.7b-keep4-s42:687:1,687,0,0,0,0,42,77
qwen3-1.7b-keep4-s42,qwen3-1.7b-keep4-s42:687:2,687,444,0,0,0,33,77
qwen3-1.7b-keep4-s42,qwen3-1.7b-keep4-s42:687:4,687,6,0,0,0,38,77
qwen3-1.7b-keep4-s42,qwen3-1.7b-keep4-s42:687:5,687,421,0,0,0,32,77
qwen3-1.7b-keep4-s42,qwen3-1.7b-keep4-s42:688:3,688,477,0,0,0,4,59
qwen3-1.7b-keep4-s42,qwen3-1.7b-keep4-s42:688:4,688,380,0,0,0,5,59
qwen3-1.7b-keep4-s42,qwen3-1.7b-keep4-s42:688:5,688,0,0,0,0,1,59
qwen3-1.7b-keep4-s42,qwen3-1.7b-keep4-s42:688:7,688,45,0,0,0,0,59
qwen3-1.7b-keep4-s42,qwen3-1.7b-keep4-s42:689:0,689,424,0,0,0,13,67
qwen3-1.7b-keep4-s42,qwen3-1.7b-keep4-s42:689:4,689,382,0,0,0,20,67
qwen3-1.7b-keep4-s42,qwen3-1.7b-keep4-s42:689:6,689,376,0,0,0,13,67
qwen3-1.7b-keep4-s42,qwen3-1.7b-keep4-s42:689:7,689,366,0,0,0,17,67
qwen3-1.7b-keep4-s42,qwen3-1.7b-keep4-s42:690:0,690,413,0,0,0,26,45
qwen3-1.7b-keep4-s42,qwen3-1.7b-keep4-s42:690:1,690,126,0,0,0,15,45
qwen3-1.7b-keep4-s42,qwen3-1.7b-keep4-s42:690:2,690,509,0,0,0,14,45
qwen3-1.7b-keep4-s42,qwen3-1.7b-keep4-s42:690:3,690,438,0,0,0,14,45
qwen3-1.7b-keep4-s42,qwen3-1.7b-keep4-s42:690:4,690,277,0,0,0,15,45
qwen3-1.7b-keep4-s42,qwen3-1.7b-keep4-s42:690:5,690,468,0,0,0,22,45
qwen3-1.7b-keep4-s42,qwen3-1.7b-keep4-s42:690:6,690,435,0,0,0,15,45
qwen3-1.7b-keep4-s42,qwen3-1.7b-keep4-s42:690:7,690,581,0,0,0,13,45
qwen3-1.7b-keep4-s42,qwen3-1.7b-keep4-s42:691:2,691,527,0,0,0,7,59
qwen3-1.7b-keep4-s42,qwen3-1.7b-keep4-s42:691:5,691,476,0,0,0,14,59
qwen3-1.7b-keep4-s42,qwen3-1.7b-keep4-s42:691:6,691,432,0,0,0,17,59
qwen3-1.7b-keep4-s42,qwen3-1.7b-keep4-s42:692:1,692,416,0,0,0,1,8
qwen3-1.7b-keep4-s42,qwen3-1.7b-keep4-s42:692:6,692,421,0,0,0,2,8
qwen3-1.7b-keep4-s42,qwen3-1.7b-keep4-s42:692:7,692,342,0,0,0,2,8
qwen3-1.7b-keep4-s42,qwen3-1.7b-keep4-s42:694:2,694,439,0,0,0,20,52
qwen3-1.7b-keep4-s42,qwen3-1.7b-keep4-s42:695:0,695,390,0,0,0,7,99
qwen3-1.7b-keep4-s42,qwen3-1.7b-keep4-s42:695:1,695,403,0,0,0,5,99
qwen3-1.7b-keep4-s42,qwen3-1.7b-keep4-s42:695:2,695,360,0,0,0,2,99
qwen3-1.7b-keep4-s42,qwen3-1.7b-keep4-s42:695:3,695,423,0,0,0,17,99
qwen3-1.7b-keep4-s42,qwen3-1.7b-keep4-s42:695:4,695,423,0,0,0,19,99
qwen3-1.7b-keep4-s42,qwen3-1.7b-keep4-s42:695:5,695,431,0,0,0,7,99
qwen3-1.7b-keep4-s42,qwen3-1.7b-keep4-s42:695:6,695,25,0,0,0,16,99
qwen3-1.7b-keep4-s42,qwen3-1.7b-keep4-s42:695:7,695,326,0,0,0,10,99
qwen3-1.7b-keep4-s42,qwen3-1.7b-keep4-s42:696:1,696,267,0,0,0,32,73
qwen3-1.7b-keep4-s42,qwen3-1.7b-keep4-s42:696:2,696,457,0,0,0,23,73
qwen3-1.7b-keep4-s42,qwen3-1.7b-keep4-s42:696:5,696,520,0,0,0,26,73
qwen3-1.7b-keep4-s42,qwen3-1.7b-keep4-s42:696:6,696,239,0,0,0,31,73
qwen3-1.7b-keep4-s42,qwen3-1.7b-keep4-s42:697:0,697,497,0,0,0,22,50
qwen3-1.7b-keep4-s42,qwen3-1.7b-keep4-s42:697:3,697,80,0,0,0,22,50
qwen3-1.7b-keep4-s42,qwen3-1.7b-keep4-s42:698:0,698,529,0,0,0,11,80
qwen3-1.7b-keep4-s42,qwen3-1.7b-keep4-s42:698:1,698,417,0,0,0,3,80
qwen3-1.7b-keep4-s42,qwen3-1.7b-keep4-s42:698:2,698,384,0,0,0,2,80
qwen3-1.7b-keep4-s42,qwen3-1.7b-keep4-s42:698:3,698,451,0,0,0,8,80
qwen3-1.7b-keep4-s42,qwen3-1.7b-keep4-s42:698:4,698,53,0,0,0,4,80
qwen3-1.7b-keep4-s42,qwen3-1.7b-keep4-s42:698:5,698,422,0,0,0,5,80
qwen3-1.7b-keep4-s42,qwen3-1.7b-keep4-s42:698:6,698,510,0,0,0,10,80
qwen3-1.7b-keep4-s42,qwen3-1.7b-keep4-s42:698:7,698,316,0,0,0,5,80
qwen3-1.7b-keep4-s42,qwen3-1.7b-keep4-s42:699:1,699,362,0,0,0,6,51
qwen3-1.7b-keep4-s42,qwen3-1.7b-keep4-s42:699:2,699,329,0,0,0,5,51
qwen3-1.7b-keep4-s42,qwen3-1.7b-keep4-s42:699:3,699,428,0,0,0,6,51
qwen3-1.7b-keep4-s42,qwen3-1.7b-keep4-s42:699:4,699,387,0,0,0,6,51
qwen3-1.7b-keep4-s42,qwen3-1.7b-keep4-s42:699:6,699,459,0,0,0,6,51
qwen3-1.7b-keep4-s42,qwen3-1.7b-keep4-s42:699:7,699,415,0,0,0,5,51
qwen3-1.7b-keep4-s42,qwen3-1.7b-keep4-s42:700:0,700,520,0,0,0,8,41
qwen3-1.7b-keep4-s42,qwen3-1.7b-keep4-s42:700:1,700,570,0,0,0,9,41
qwen3-1.7b-keep4-s42,qwen3-1.7b-keep4-s42:700:2,700,417,0,0,0,8,41
qwen3-1.7b-keep4-s42,qwen3-1.7b-keep4-s42:700:3,700,542,0,0,0,10,41
qwen3-1.7b-keep4-s42,qwen3-1.7b-keep4-s42:700:4,700,528,0,0,0,5,41
qwen3-1.7b-keep4-s42,qwen3-1.7b-keep4-s42:700:5,700,518,0,0,0,5,41
qwen3-1.7b-keep4-s42,qwen3-1.7b-keep4-s42:700:6,700,543,0,0,0,5,41
qwen3-1.7b-keep4-s42,qwen3-1.7b-keep4-s42:700:7,700,478,0,0,0,7,41
qwen3-1.7b-keep4-s42,qwen3-1.7b-keep4-s42:701:0,701,388,0,0,0,16,72
qwen3-1.7b-keep4-s42,qwen3-1.7b-keep4-s42:701:2,701,335,0,0,0,19,72
qwen3-1.7b-keep4-s42,qwen3-1.7b-keep4-s42:701:3,701,447,0,0,0,34,72
qwen3-1.7b-keep4-s42,qwen3-1.7b-keep4-s42:701:4,701,2,0,0,0,35,72
qwen3-1.7b-keep4-s42,qwen3-1.7b-keep4-s42:701:6,701,43,0,0,0,24,72
qwen3-1.7b-keep4-s42,qwen3-1.7b-keep4-s42:701:7,701,377,0,0,0,20,72
qwen3-1.7b-keep4-s42,qwen3-1.7b-keep4-s42:702:0,702,516,0,0,0,17,69
qwen3-1.7b-keep4-s42,qwen3-1.7b-keep4-s42:702:1,702,447,0,0,0,7,69
qwen3-1.7b-keep4-s42,qwen3-1.7b-keep4-s42:702:2,702,435,0,0,0,8,69
qwen3-1.7b-keep4-s42,qwen3-1.7b-keep4-s42:702:3,702,410,0,0,0,10,69
qwen3-1.7b-keep4-s42,qwen3-1.7b-keep4-s42:702:4,702,501,0,0,0,3,69
qwen3-1.7b-keep4-s42,qwen3-1.7b-keep4-s42:702:5,702,399,0,0,0,12,69
qwen3-1.7b-keep4-s42,qwen3-1.7b-keep4-s42:702:7,702,316,0,0,0,14,69
qwen3-1.7b-keep4-s42,qwen3-1.7b-keep4-s42:703:1,703,258,0,0,0,22,81
qwen3-1.7b-keep4-s42,qwen3-1.7b-keep4-s42:703:5,703,395,0,0,0,28,81
qwen3-1.7b-keep4-s42,qwen3-1.7b-keep4-s42:704:0,704,374,0,0,0,0,21
qwen3-1.7b-keep4-s42,qwen3-1.7b-keep4-s42:704:1,704,387,0,0,0,0,21
qwen3-1.7b-keep4-s42,qwen3-1.7b-keep4-s42:704:2,704,351,0,0,0,0,21
qwen3-1.7b-keep4-s42,qwen3-1.7b-keep4-s42:704:3,704,419,0,0,0,0,21
qwen3-1.7b-keep4-s42,qwen3-1.7b-keep4-s42:704:4,704,387,0,0,0,0,21
qwen3-1.7b-keep4-s42,qwen3-1.7b-keep4-s42:704:5,704,361,0,0,0,0,21
qwen3-1.7b-keep4-s42,qwen3-1.7b-keep4-s42:704:6,704,518,0,0,0,0,21
qwen3-1.7b-keep4-s42,qwen3-1.7b-keep4-s42:704:7,704,354,0,0,0,0,21
qwen3-1.7b-keep4-s42,qwen3-1.7b-keep4-s42:706:0,706,442,0,0,0,5,35
qwen3-1.7b-keep4-s42,qwen3-1.7b-keep4-s42:706:1,706,510,0,0,0,2,35
qwen3-1.7b-keep4-s42,qwen3-1.7b-keep4-s42:706:2,706,440,0,0,0,7,35
qwen3-1.7b-keep4-s42,qwen3-1.7b-keep4-s42:706:3,706,546,0,0,0,5,35
qwen3-1.7b-keep4-s42,qwen3-1.7b-keep4-s42:706:4,706,425,0,0,0,1,35
qwen3-1.7b-keep4-s42,qwen3-1.7b-keep4-s42:706:5,706,517,0,0,0,5,35
qwen3-1.7b-keep4-s42,qwen3-1.7b-keep4-s42:706:6,706,674,0,0,0,6,35
qwen3-1.7b-keep4-s42,qwen3-1.7b-keep4-s42:706:7,706,517,0,0,0,5,35
qwen3-1.7b-keep4-s42,qwen3-1.7b-keep4-s42:707:0,707,411,0,0,0,4,83
qwen3-1.7b-keep4-s42,qwen3-1.7b-keep4-s42:707:1,707,319,0,0,0,16,83
qwen3-1.7b-keep4-s42,qwen3-1.7b-keep4-s42:707:2,707,350,0,0,0,5,83
qwen3-1.7b-keep4-s42,qwen3-1.7b-keep4-s42:707:3,707,340,0,0,0,7,83
qwen3-1.7b-keep4-s42,qwen3-1.7b-keep4-s42:707:4,707,429,0,0,0,12,83
qwen3-1.7b-keep4-s42,qwen3-1.7b-keep4-s42:707:5,707,459,0,0,0,27,83
qwen3-1.7b-keep4-s42,qwen3-1.7b-keep4-s42:707:6,707,12,0,0,0,5,83
qwen3-1.7b-keep4-s42,qwen3-1.7b-keep4-s42:707:7,707,302,0,0,0,6,83
qwen3-1.7b-keep4-s42,qwen3-1.7b-keep4-s42:708:0,708,140,0,0,0,4,44
qwen3-1.7b-keep4-s42,qwen3-1.7b-keep4-s42:708:1,708,416,0,0,0,3,44
qwen3-1.7b-keep4-s42,qwen3-1.7b-keep4-s42:708:2,708,0,0,0,0,9,44
qwen3-1.7b-keep4-s42,qwen3-1.7b-keep4-s42:708:3,708,421,0,0,0,2,44
qwen3-1.7b-keep4-s42,qwen3-1.7b-keep4-s42:708:4,708,437,0,0,0,2,44
qwen3-1.7b-keep4-s42,qwen3-1.7b-keep4-s42:708:5,708,545,0,0,0,2,44
qwen3-1.7b-keep4-s42,qwen3-1.7b-keep4-s42:708:6,708,421,0,0,0,1,44
qwen3-1.7b-keep4-s42,qwen3-1.7b-keep4-s42:708:7,708,479,0,0,0,6,44
qwen3-1.7b-keep4-s42,qwen3-1.7b-keep4-s42:709:0,709,452,0,0,0,14,74
qwen3-1.7b-keep4-s42,qwen3-1.7b-keep4-s42:709:1,709,472,0,0,0,15,74
qwen3-1.7b-keep4-s42,qwen3-1.7b-keep4-s42:709:2,709,411,0,0,0,22,74
qwen3-1.7b-keep4-s42,qwen3-1.7b-keep4-s42:709:3,709,536,0,0,0,16,74
qwen3-1.7b-keep4-s42,qwen3-1.7b-keep4-s42:709:4,709,488,0,0,0,30,74
qwen3-1.7b-keep4-s42,qwen3-1.7b-keep4-s42:709:5,709,460,0,0,0,20,74
qwen3-1.7b-keep4-s42,qwen3-1.7b-keep4-s42:709:6,709,443,0,0,0,18,74
qwen3-1.7b-keep4-s42,qwen3-1.7b-keep4-s42:709:7,709,441,0,0,0,22,74
qwen3-1.7b-keep4-s42,qwen3-1.7b-keep4-s42:710:0,710,478,0,0,0,5,67
qwen3-1.7b-keep4-s42,qwen3-1.7b-keep4-s42:710:1,710,456,0,0,0,7,67
qwen3-1.7b-keep4-s42,qwen3-1.7b-keep4-s42:710:2,710,370,0,0,0,6,67
qwen3-1.7b-keep4-s42,qwen3-1.7b-keep4-s42:710:3,710,336,0,0,0,3,67
qwen3-1.7b-keep4-s42,qwen3-1.7b-keep4-s42:710:4,710,405,0,0,0,2,67
qwen3-1.7b-keep4-s42,qwen3-1.7b-keep4-s42:710:5,710,458,0,0,0,5,67
qwen3-1.7b-keep4-s42,qwen3-1.7b-keep4-s42:710:6,710,486,0,0,0,2,67
qwen3-1.7b-keep4-s42,qwen3-1.7b-keep4-s42:710:7,710,406,0,0,0,2,67
qwen3-1.7b-keep4-s42,qwen3-1.7b-keep4-s42:711:0,711,425,0,0,0,11,59
qwen3-1.7b-keep4-s42,qwen3-1.7b-keep4-s42:711:1,711,310,0,0,0,10,59
qwen3-1.7b-keep4-s42,qwen3-1.7b-keep4-s42:711:2,711,471,0,0,0,18,59
qwen3-1.7b-keep4-s42,qwen3-1.7b-keep4-s42:711:3,711,453,0,0,0,7,59
qwen3-1.7b-keep4-s42,qwen3-1.7b-keep4-s42:711:4,711,527,0,0,0,14,59
qwen3-1.7b-keep4-s42,qwen3-1.7b-keep4-s42:711:5,711,456,0,0,0,18,59
qwen3-1.7b-keep4-s42,qwen3-1.7b-keep4-s42:711:6,711,407,0,0,0,4,59
qwen3-1.7b-keep4-s42,qwen3-1.7b-keep4-s42:711:7,711,411,0,0,0,10,59
qwen3-1.7b-keep4-s42,qwen3-1.7b-keep4-s42:712:0,712,383,0,0,0,12,63
qwen3-1.7b-keep4-s42,qwen3-1.7b-keep4-s42:712:3,712,380,0,0,0,5,63
qwen3-1.7b-keep4-s42,qwen3-1.7b-keep4-s42:712:6,712,477,0,0,0,8,63
qwen3-1.7b-keep4-s42,qwen3-1.7b-keep4-s42:712:7,712,6,0,0,0,12,63
qwen3-1.7b-keep4-s42,qwen3-1.7b-keep4-s42:713:0,713,398,0,0,0,24,55
qwen3-1.7b-keep4-s42,qwen3-1.7b-keep4-s42:713:1,713,450,0,0,0,21,55
qwen3-1.7b-keep4-s42,qwen3-1.7b-keep4-s42:713:2,713,425,0,0,0,25,55
qwen3-1.7b-keep4-s42,qwen3-1.7b-keep4-s42:713:3,713,358,0,0,0,20,55
qwen3-1.7b-keep4-s42,qwen3-1.7b-keep4-s42:713:4,713,425,0,0,0,32,55
qwen3-1.7b-keep4-s42,qwen3-1.7b-keep4-s42:713:5,713,455,0,0,0,14,55
qwen3-1.7b-keep4-s42,qwen3-1.7b-keep4-s42:713:6,713,432,0,0,0,25,55
qwen3-1.7b-keep4-s42,qwen3-1.7b-keep4-s42:713:7,713,399,0,0,0,28,55
qwen3-1.7b-keep4-s42,qwen3-1.7b-keep4-s42:714:3,714,449,0,0,0,5,66
qwen3-1.7b-keep4-s42,qwen3-1.7b-keep4-s42:715:1,715,519,0,0,0,5,23
qwen3-1.7b-keep4-s42,qwen3-1.7b-keep4-s42:715:4,715,630,0,0,0,8,23
qwen3-1.7b-keep4-s42,qwen3-1.7b-keep4-s42:715:5,715,634,0,0,0,9,23
qwen3-1.7b-keep4-s42,qwen3-1.7b-keep4-s42:715:6,715,601,0,0,0,8,23
qwen3-1.7b-keep4-s42,qwen3-1.7b-keep4-s42:716:0,716,515,0,0,0,30,80
qwen3-1.7b-keep4-s42,qwen3-1.7b-keep4-s42:716:1,716,405,0,0,0,18,80
qwen3-1.7b-keep4-s42,qwen3-1.7b-keep4-s42:716:2,716,443,0,0,0,35,80
qwen3-1.7b-keep4-s42,qwen3-1.7b-keep4-s42:716:3,716,484,0,0,0,20,80
qwen3-1.7b-keep4-s42,qwen3-1.7b-keep4-s42:716:4,716,361,0,0,0,19,80
qwen3-1.7b-keep4-s42,qwen3-1.7b-keep4-s42:716:5,716,419,0,0,0,22,80
qwen3-1.7b-keep4-s42,qwen3-1.7b-keep4-s42:716:6,716,446,0,0,0,12,80
qwen3-1.7b-keep4-s42,qwen3-1.7b-keep4-s42:716:7,716,572,0,0,0,20,80
qwen3-1.7b-keep4-s42,qwen3-1.7b-keep4-s42:717:0,717,331,0,0,0,2,9
qwen3-1.7b-keep4-s42,qwen3-1.7b-keep4-s42:717:1,717,321,0,0,0,6,9
qwen3-1.7b-keep4-s42,qwen3-1.7b-keep4-s42:717:2,717,268,0,0,0,5,9
qwen3-1.7b-keep4-s42,qwen3-1.7b-keep4-s42:717:3,717,380,0,0,0,4,9
qwen3-1.7b-keep4-s42,qwen3-1.7b-keep4-s42:717:4,717,536,0,0,0,4,9
qwen3-1.7b-keep4-s42,qwen3-1.7b-keep4-s42:717:6,717,379,0,0,0,2,9
qwen3-1.7b-keep4-s42,qwen3-1.7b-keep4-s42:717:7,717,345,0,0,0,5,9
qwen3-1.7b-keep4-s42,qwen3-1.7b-keep4-s42:718:2,718,2,0,0,0,38,85
qwen3-1.7b-keep4-s42,qwen3-1.7b-keep4-s42:718:5,718,2,0,0,0,35,85
qwen3-1.7b-keep4-s42,qwen3-1.7b-keep4-s42:719:0,719,421,0,0,0,28,60
qwen3-1.7b-keep4-s42,qwen3-1.7b-keep4-s42:719:1,719,399,0,0,0,30,60
qwen3-1.7b-keep4-s42,qwen3-1.7b-keep4-s42:719:2,719,401,0,0,0,27,60
qwen3-1.7b-keep4-s42,qwen3-1.7b-keep4-s42:719:3,719,350,0,0,0,25,60
qwen3-1.7b-keep4-s42,qwen3-1.7b-keep4-s42:719:4,719,327,0,0,0,22,60
qwen3-1.7b-keep4-s42,qwen3-1.7b-keep4-s42:719:5,719,387,0,0,0,25,60
qwen3-1.7b-keep4-s42,qwen3-1.7b-keep4-s42:719:6,719,277,0,0,0,25,60
qwen3-1.7b-keep4-s42,qwen3-1.7b-keep4-s42:719:7,719,304,0,0,0,20,60
qwen3-1.7b-keep4-s42,qwen3-1.7b-keep4-s42:720:0,720,369,0,0,0,9,34
qwen3-1.7b-keep4-s42,qwen3-1.7b-keep4-s42:720:1,720,481,0,0,0,9,34
qwen3-1.7b-keep4-s42,qwen3-1.7b-keep4-s42:720:2,720,484,0,0,0,9,34
qwen3-1.7b-keep4-s42,qwen3-1.7b-keep4-s42:720:3,720,349,0,0,0,10,34
qwen3-1.7b-keep4-s42,qwen3-1.7b-keep4-s42:720:4,720,11,0,0,0,5,34
qwen3-1.7b-keep4-s42,qwen3-1.7b-keep4-s42:720:5,720,10,0,0,0,10,34
qwen3-1.7b-keep4-s42,qwen3-1.7b-keep4-s42:720:6,720,248,0,0,0,11,34
qwen3-1.7b-keep4-s42,qwen3-1.7b-keep4-s42:720:7,720,387,0,0,0,5,34
qwen3-1.7b-keep4-s42,qwen3-1.7b-keep4-s42:721:0,721,334,0,0,0,26,76
qwen3-1.7b-keep4-s42,qwen3-1.7b-keep4-s42:721:1,721,494,0,0,0,14,76
qwen3-1.7b-keep4-s42,qwen3-1.7b-keep4-s42:721:2,721,343,0,0,0,23,76
qwen3-1.7b-keep4-s42,qwen3-1.7b-keep4-s42:721:3,721,367,0,0,0,24,76
qwen3-1.7b-keep4-s42,qwen3-1.7b-keep4-s42:721:4,721,332,0,0,0,20,76
qwen3-1.7b-keep4-s42,qwen3-1.7b-keep4-s42:721:5,721,344,0,0,0,21,76
qwen3-1.7b-keep4-s42,qwen3-1.7b-keep4-s42:721:6,721,359,0,0,0,22,76
qwen3-1.7b-keep4-s42,qwen3-1.7b-keep4-s42:721:7,721,316,0,0,0,23,76
qwen3-1.7b-keep4-s42,qwen3-1.7b-keep4-s42:722:0,722,464,0,0,0,4,25
qwen3-1.7b-keep4-s42,qwen3-1.7b-keep4-s42:722:1,722,367,0,0,0,5,25
qwen3-1.7b-keep4-s42,qwen3-1.7b-keep4-s42:722:3,722,293,0,0,0,5,25
qwen3-1.7b-keep4-s42,qwen3-1.7b-keep4-s42:722:4,722,565,0,0,0,7,25
qwen3-1.7b-keep4-s42,qwen3-1.7b-keep4-s42:722:5,722,364,0,0,0,4,25
qwen3-1.7b-keep4-s42,qwen3-1.7b-keep4-s42:722:6,722,454,0,0,0,5,25
qwen3-1.7b-keep4-s42,qwen3-1.7b-keep4-s42:722:7,722,354,0,0,0,9,25
qwen3-1.7b-keep4-s42,qwen3-1.7b-keep4-s42:723:0,723,518,0,0,0,0,44
qwen3-1.7b-keep4-s42,qwen3-1.7b-keep4-s42:723:1,723,488,0,0,0,16,44
qwen3-1.7b-keep4-s42,qwen3-1.7b-keep4-s42:723:6,723,0,0,0,0,2,44
qwen3-1.7b-keep4-s42,qwen3-1.7b-keep4-s42:724:1,724,524,0,0,0,38,56
qwen3-1.7b-keep4-s42,qwen3-1.7b-keep4-s42:724:2,724,471,0,0,0,38,56
qwen3-1.7b-keep4-s42,qwen3-1.7b-keep4-s42:724:5,724,342,0,0,0,10,56
qwen3-1.7b-keep4-s42,qwen3-1.7b-keep4-s42:725:0,725,40,0,0,0,10,77
qwen3-1.7b-keep4-s42,qwen3-1.7b-keep4-s42:725:1,725,107,0,0,0,11,77
qwen3-1.7b-keep4-s42,qwen3-1.7b-keep4-s42:725:2,725,419,0,0,0,19,77
qwen3-1.7b-keep4-s42,qwen3-1.7b-keep4-s42:725:3,725,451,0,0,0,4,77
qwen3-1.7b-keep4-s42,qwen3-1.7b-keep4-s42:725:4,725,395,0,0,0,7,77
qwen3-1.7b-keep4-s42,qwen3-1.7b-keep4-s42:725:5,725,446,0,0,0,12,77
qwen3-1.7b-keep4-s42,qwen3-1.7b-keep4-s42:725:6,725,304,0,0,0,11,77
qwen3-1.7b-keep4-s42,qwen3-1.7b-keep4-s42:725:7,725,509,0,0,0,12,77
qwen3-1.7b-keep4-s42,qwen3-1.7b-keep4-s42:726:0,726,296,0,0,0,0,40
qwen3-1.7b-keep4-s42,qwen3-1.7b-keep4-s42:726:1,726,286,0,0,0,0,40
qwen3-1.7b-keep4-s42,qwen3-1.7b-keep4-s42:726:2,726,377,0,0,0,4,40
qwen3-1.7b-keep4-s42,qwen3-1.7b-keep4-s42:726:3,726,454,0,0,0,0,40
qwen3-1.7b-keep4-s42,qwen3-1.7b-keep4-s42:726:4,726,356,0,0,0,0,40
qwen3-1.7b-keep4-s42,qwen3-1.7b-keep4-s42:726:5,726,410,0,0,0,0,40
qwen3-1.7b-keep4-s42,qwen3-1.7b-keep4-s42:726:6,726,360,0,0,0,0,40
qwen3-1.7b-keep4-s42,qwen3-1.7b-keep4-s42:727:5,727,525,0,0,0,21,42
qwen3-1.7b-keep4-s42,qwen3-1.7b-keep4-s42:728:0,728,321,0,0,0,16,75
qwen3-1.7b-keep4-s42,qwen3-1.7b-keep4-s42:728:1,728,380,0,0,0,12,75
qwen3-1.7b-keep4-s42,qwen3-1.7b-keep4-s42:728:2,728,324,0,0,0,11,75
qwen3-1.7b-keep4-s42,qwen3-1.7b-keep4-s42:728:3,728,488,0,0,0,13,75
qwen3-1.7b-keep4-s42,qwen3-1.7b-keep4-s42:728:4,728,411,0,0,0,8,75
qwen3-1.7b-keep4-s42,qwen3-1.7b-keep4-s42:728:5,728,427,0,0,0,8,75
qwen3-1.7b-keep4-s42,qwen3-1.7b-keep4-s42:728:6,728,425,0,0,0,10,75
qwen3-1.7b-keep4-s42,qwen3-1.7b-keep4-s42:728:7,728,414,0,0,0,11,75
qwen3-1.7b-keep4-s42,qwen3-1.7b-keep4-s42:729:6,729,382,0,0,0,3,35
qwen3-1.7b-keep4-s42,qwen3-1.7b-keep4-s42:730:0,730,545,0,0,0,9,78
qwen3-1.7b-keep4-s42,qwen3-1.7b-keep4-s42:730:1,730,531,0,0,0,11,78
qwen3-1.7b-keep4-s42,qwen3-1.7b-keep4-s42:730:2,730,565,0,0,0,11,78
qwen3-1.7b-keep4-s42,qwen3-1.7b-keep4-s42:730:3,730,523,0,0,0,0,78
qwen3-1.7b-keep4-s42,qwen3-1.7b-keep4-s42:730:4,730,563,0,0,0,5,78
qwen3-1.7b-keep4-s42,qwen3-1.7b-keep4-s42:730:5,730,602,0,0,0,8,78
qwen3-1.7b-keep4-s42,qwen3-1.7b-keep4-s42:730:6,730,534,0,0,0,8,78
qwen3-1.7b-keep4-s42,qwen3-1.7b-keep4-s42:730:7,730,538,0,0,0,6,78
qwen3-1.7b-keep4-s42,qwen3-1.7b-keep4-s42:731:0,731,554,0,0,0,12,48
qwen3-1.7b-keep4-s42,qwen3-1.7b-keep4-s42:731:1,731,502,0,0,0,9,48
qwen3-1.7b-keep4-s42,qwen3-1.7b-keep4-s42:731:2,731,561,0,0,0,5,48
qwen3-1.7b-keep4-s42,qwen3-1.7b-keep4-s42:731:3,731,596,0,0,0,7,48
qwen3-1.7b-keep4-s42,qwen3-1.7b-keep4-s42:731:4,731,531,0,0,0,8,48
qwen3-1.7b-keep4-s42,qwen3-1.7b-keep4-s42:731:5,731,541,0,0,0,4,48
qwen3-1.7b-keep4-s42,qwen3-1.7b-keep4-s42:731:6,731,610,0,0,0,6,48
qwen3-1.7b-keep4-s42,qwen3-1.7b-keep4-s42:731:7,731,628,0,0,0,6,48
qwen3-1.7b-keep4-s42,qwen3-1.7b-keep4-s42:732:0,732,442,0,0,0,4,79
qwen3-1.7b-keep4-s42,qwen3-1.7b-keep4-s42:732:1,732,457,0,0,0,10,79
qwen3-1.7b-keep4-s42,qwen3-1.7b-keep4-s42:732:2,732,401,0,0,0,12,79
qwen3-1.7b-keep4-s42,qwen3-1.7b-keep4-s42:732:3,732,290,0,0,0,11,79
qwen3-1.7b-keep4-s42,qwen3-1.7b-keep4-s42:732:4,732,334,0,0,0,17,79
qwen3-1.7b-keep4-s42,qwen3-1.7b-keep4-s42:732:5,732,437,0,0,0,18,79
qwen3-1.7b-keep4-s42,qwen3-1.7b-keep4-s42:732:6,732,331,0,0,0,10,79
qwen3-1.7b-keep4-s42,qwen3-1.7b-keep4-s42:732:7,732,387,0,0,0,19,79
qwen3-1.7b-keep4-s42,qwen3-1.7b-keep4-s42:733:1,733,437,0,0,0,33,79
qwen3-1.7b-keep4-s42,qwen3-1.7b-keep4-s42:733:3,733,472,0,0,0,30,79
qwen3-1.7b-keep4-s42,qwen3-1.7b-keep4-s42:733:7,733,2,0,0,0,34,79
qwen3-1.7b-keep4-s42,qwen3-1.7b-keep4-s42:734:2,734,420,0,0,0,20,76
qwen3-1.7b-keep4-s42,qwen3-1.7b-keep4-s42:734:5,734,395,0,0,0,24,76
qwen3-1.7b-keep4-s42,qwen3-1.7b-keep4-s42:734:6,734,38,0,0,0,26,76
qwen3-1.7b-keep4-s42,qwen3-1.7b-keep4-s42:734:7,734,4,0,0,0,27,76
qwen3-1.7b-keep4-s42,qwen3-1.7b-keep4-s42:735:0,735,298,0,0,0,38,91
qwen3-1.7b-keep4-s42,qwen3-1.7b-keep4-s42:735:1,735,371,0,0,0,33,91
qwen3-1.7b-keep4-s42,qwen3-1.7b-keep4-s42:735:2,735,320,0,0,0,19,91
qwen3-1.7b-keep4-s42,qwen3-1.7b-keep4-s42:735:3,735,268,0,0,0,31,91
qwen3-1.7b-keep4-s42,qwen3-1.7b-keep4-s42:735:4,735,337,0,0,0,36,91
qwen3-1.7b-keep4-s42,qwen3-1.7b-keep4-s42:735:5,735,255,0,0,0,42,91
qwen3-1.7b-keep4-s42,qwen3-1.7b-keep4-s42:735:6,735,324,0,0,0,34,91
qwen3-1.7b-keep4-s42,qwen3-1.7b-keep4-s42:735:7,735,289,0,0,0,37,91
qwen3-1.7b-keep4-s42,qwen3-1.7b-keep4-s42:736:0,736,397,0,0,0,4,47
qwen3-1.7b-keep4-s42,qwen3-1.7b-keep4-s42:736:1,736,425,0,0,0,18,47
qwen3-1.7b-keep4-s42,qwen3-1.7b-keep4-s42:736:2,736,476,0,0,0,7,47
qwen3-1.7b-keep4-s42,qwen3-1.7b-keep4-s42:736:5,736,472,0,0,0,5,47
qwen3-1.7b-keep4-s42,qwen3-1.7b-keep4-s42:736:6,736,430,0,0,0,7,47
qwen3-1.7b-keep4-s42,qwen3-1.7b-keep4-s42:736:7,736,439,0,0,0,13,47
qwen3-1.7b-keep4-s42,qwen3-1.7b-keep4-s42:737:0,737,253,0,0,0,16,82
qwen3-1.7b-keep4-s42,qwen3-1.7b-keep4-s42:737:1,737,263,0,0,0,27,82
qwen3-1.7b-keep4-s42,qwen3-1.7b-keep4-s42:737:2,737,214,0,0,0,28,82
qwen3-1.7b-keep4-s42,qwen3-1.7b-keep4-s42:737:3,737,259,0,0,0,23,82
qwen3-1.7b-keep4-s42,qwen3-1.7b-keep4-s42:737:4,737,305,0,0,0,30,82
qwen3-1.7b-keep4-s42,qwen3-1.7b-keep4-s42:737:5,737,391,0,0,0,19,82
qwen3-1.7b-keep4-s42,qwen3-1.7b-keep4-s42:737:6,737,180,0,0,0,28,82
qwen3-1.7b-keep4-s42,qwen3-1.7b-keep4-s42:737:7,737,255,0,0,0,25,82
qwen3-1.7b-keep4-s42,qwen3-1.7b-keep4-s42:738:0,738,383,0,0,0,15,62
qwen3-1.7b-keep4-s42,qwen3-1.7b-keep4-s42:738:1,738,394,0,0,0,12,62
qwen3-1.7b-keep4-s42,qwen3-1.7b-keep4-s42:738:2,738,352,0,0,0,13,62
qwen3-1.7b-keep4-s42,qwen3-1.7b-keep4-s42:738:4,738,432,0,0,0,14,62
qwen3-1.7b-keep4-s42,qwen3-1.7b-keep4-s42:738:5,738,429,0,0,0,9,62
qwen3-1.7b-keep4-s42,qwen3-1.7b-keep4-s42:738:6,738,431,0,0,0,13,62
qwen3-1.7b-keep4-s42,qwen3-1.7b-keep4-s42:738:7,738,462,0,0,0,13,62
qwen3-1.7b-keep4-s42,qwen3-1.7b-keep4-s42:739:1,739,428,0,0,0,15,64
qwen3-1.7b-keep4-s42,qwen3-1.7b-keep4-s42:739:2,739,7,5,0,1,2,64
qwen3-1.7b-keep4-s42,qwen3-1.7b-keep4-s42:739:3,739,405,0,0,0,7,64
qwen3-1.7b-keep4-s42,qwen3-1.7b-keep4-s42:739:4,739,449,0,0,0,14,64
qwen3-1.7b-keep4-s42,qwen3-1.7b-keep4-s42:739:5,739,498,0,0,0,6,64
qwen3-1.7b-keep4-s42,qwen3-1.7b-keep4-s42:740:0,740,250,0,0,0,3,36
qwen3-1.7b-keep4-s42,qwen3-1.7b-keep4-s42:740:1,740,420,0,0,0,3,36
qwen3-1.7b-keep4-s42,qwen3-1.7b-keep4-s42:740:2,740,380,0,0,0,2,36
qwen3-1.7b-keep4-s42,qwen3-1.7b-keep4-s42:740:3,740,349,0,0,0,0,36
qwen3-1.7b-keep4-s42,qwen3-1.7b-keep4-s42:740:5,740,443,0,0,0,0,36
qwen3-1.7b-keep4-s42,qwen3-1.7b-keep4-s42:740:6,740,351,0,0,0,1,36
qwen3-1.7b-keep4-s42,qwen3-1.7b-keep4-s42:740:7,740,4,0,0,0,0,36
qwen3-1.7b-keep4-s42,qwen3-1.7b-keep4-s42:742:0,742,446,0,0,0,1,41
qwen3-1.7b-keep4-s42,qwen3-1.7b-keep4-s42:742:1,742,525,0,0,0,0,41
qwen3-1.7b-keep4-s42,qwen3-1.7b-keep4-s42:742:2,742,524,0,0,0,10,41
qwen3-1.7b-keep4-s42,qwen3-1.7b-keep4-s42:742:3,742,317,0,0,0,1,41
qwen3-1.7b-keep4-s42,qwen3-1.7b-keep4-s42:742:4,742,424,0,0,0,3,41
qwen3-1.7b-keep4-s42,qwen3-1.7b-keep4-s42:742:5,742,593,0,0,0,10,41
qwen3-1.7b-keep4-s42,qwen3-1.7b-keep4-s42:742:6,742,487,0,0,0,2,41
qwen3-1.7b-keep4-s42,qwen3-1.7b-keep4-s42:742:7,742,482,0,0,0,10,41
qwen3-1.7b-keep4-s42,qwen3-1.7b-keep4-s42:743:1,743,505,0,0,0,28,75
qwen3-1.7b-keep4-s42,qwen3-1.7b-keep4-s42:743:4,743,397,0,0,0,10,75
qwen3-1.7b-keep4-s42,qwen3-1.7b-keep4-s42:744:5,744,535,0,0,0,8,30
qwen3-1.7b-keep4-s42,qwen3-1.7b-keep4-s42:745:0,745,454,0,0,0,2,88
qwen3-1.7b-keep4-s42,qwen3-1.7b-keep4-s42:745:1,745,18,0,0,0,2,88
qwen3-1.7b-keep4-s42,qwen3-1.7b-keep4-s42:745:2,745,257,24,0,0,36,88
qwen3-1.7b-keep4-s42,qwen3-1.7b-keep4-s42:745:3,745,479,0,0,0,40,88
qwen3-1.7b-keep4-s42,qwen3-1.7b-keep4-s42:745:4,745,423,0,0,0,3,88
qwen3-1.7b-keep4-s42,qwen3-1.7b-keep4-s42:745:5,745,410,0,0,0,6,88
qwen3-1.7b-keep4-s42,qwen3-1.7b-keep4-s42:745:6,745,346,0,0,0,5,88
qwen3-1.7b-keep4-s42,qwen3-1.7b-keep4-s42:745:7,745,418,0,0,0,4,88
qwen3-1.7b-keep4-s42,qwen3-1.7b-keep4-s42:746:0,746,333,0,0,0,30,63
qwen3-1.7b-keep4-s42,qwen3-1.7b-keep4-s42:746:1,746,367,0,0,0,26,63
qwen3-1.7b-keep4-s42,qwen3-1.7b-keep4-s42:746:2,746,346,0,0,0,26,63
qwen3-1.7b-keep4-s42,qwen3-1.7b-keep4-s42:746:3,746,474,0,0,0,24,63
qwen3-1.7b-keep4-s42,qwen3-1.7b-keep4-s42:746:4,746,459,0,0,0,35,63
qwen3-1.7b-keep4-s42,qwen3-1.7b-keep4-s42:746:5,746,383,0,0,0,36,63
qwen3-1.7b-keep4-s42,qwen3-1.7b-keep4-s42:746:6,746,481,0,0,0,24,63
qwen3-1.7b-keep4-s42,qwen3-1.7b-keep4-s42:746:7,746,382,0,0,0,38,63
qwen3-1.7b-keep4-s42,qwen3-1.7b-keep4-s42:747:0,747,541,0,0,0,10,50
qwen3-1.7b-keep4-s42,qwen3-1.7b-keep4-s42:747:2,747,440,0,0,0,14,50
qwen3-1.7b-keep4-s42,qwen3-1.7b-keep4-s42:747:3,747,485,0,0,0,10,50
qwen3-1.7b-keep4-s42,qwen3-1.7b-keep4-s42:747:4,747,448,0,0,0,5,50
qwen3-1.7b-keep4-s42,qwen3-1.7b-keep4-s42:747:5,747,25,0,0,0,2,50
qwen3-1.7b-keep4-s42,qwen3-1.7b-keep4-s42:747:7,747,427,0,0,0,11,50
qwen3-1.7b-keep4-s42,qwen3-1.7b-keep4-s42:749:1,749,394,0,0,0,12,56
qwen3-1.7b-keep4-s42,qwen3-1.7b-keep4-s42:749:2,749,17,0,0,0,19,56
qwen3-1.7b-keep4-s42,qwen3-1.7b-keep4-s42:749:3,749,456,0,0,0,14,56
qwen3-1.7b-keep4-s42,qwen3-1.7b-keep4-s42:749:6,749,405,0,0,0,14,56
qwen3-1.7b-keep4-s42,qwen3-1.7b-keep4-s42:750:1,750,11,0,0,0,2,37
qwen3-1.7b-keep4-s42,qwen3-1.7b-keep4-s42:750:4,750,500,0,0,0,2,37
qwen3-1.7b-keep4-s42,qwen3-1.7b-keep4-s42:750:5,750,481,0,0,0,15,37
qwen3-1.7b-keep4-s42,qwen3-1.7b-keep4-s42:750:7,750,11,0,0,0,7,37
qwen3-1.7b-keep4-s42,qwen3-1.7b-keep4-s42:752:0,752,446,0,0,0,3,46
qwen3-1.7b-keep4-s42,qwen3-1.7b-keep4-s42:752:1,752,433,0,0,0,7,46
qwen3-1.7b-keep4-s42,qwen3-1.7b-keep4-s42:752:4,752,466,0,0,0,9,46
qwen3-1.7b-keep4-s42,qwen3-1.7b-keep4-s42:752:5,752,431,0,0,0,1,46
qwen3-1.7b-keep4-s42,qwen3-1.7b-keep4-s42:752:6,752,444,0,0,0,5,46
qwen3-1.7b-keep4-s42,qwen3-1.7b-keep4-s42:752:7,752,643,0,0,0,5,46
qwen3-1.7b-keep4-s42,qwen3-1.7b-keep4-s42:753:0,753,407,0,0,0,12,34
qwen3-1.7b-keep4-s42,qwen3-1.7b-keep4-s42:753:1,753,336,0,0,0,10,34
qwen3-1.7b-keep4-s42,qwen3-1.7b-keep4-s42:753:3,753,431,0,0,0,21,34
qwen3-1.7b-keep4-s42,qwen3-1.7b-keep4-s42:753:5,753,264,0,0,0,14,34
qwen3-1.7b-keep4-s42,qwen3-1.7b-keep4-s42:753:6,753,349,0,0,0,14,34
qwen3-1.7b-keep4-s42,qwen3-1.7b-keep4-s42:754:7,754,493,0,0,0,24,60
qwen3-1.7b-keep4-s42,qwen3-1.7b-keep4-s42:755:1,755,426,0,0,0,20,93
qwen3-1.7b-keep4-s42,qwen3-1.7b-keep4-s42:755:2,755,433,0,0,0,34,93
qwen3-1.7b-keep4-s42,qwen3-1.7b-keep4-s42:755:4,755,375,0,0,0,23,93
qwen3-1.7b-keep4-s42,qwen3-1.7b-keep4-s42:755:5,755,419,0,0,0,23,93
qwen3-1.7b-keep4-s42,qwen3-1.7b-keep4-s42:756:1,756,303,0,0,0,6,74
qwen3-1.7b-keep4-s42,qwen3-1.7b-keep4-s42:756:4,756,281,0,0,0,15,74
qwen3-1.7b-keep4-s42,qwen3-1.7b-keep4-s42:756:6,756,422,0,0,0,5,74
qwen3-1.7b-keep4-s42,qwen3-1.7b-keep4-s42:756:7,756,384,0,0,0,2,74
qwen3-1.7b-keep4-s42,qwen3-1.7b-keep4-s42:757:0,757,281,0,0,0,12,66
qwen3-1.7b-keep4-s42,qwen3-1.7b-keep4-s42:757:1,757,465,0,0,0,24,66
qwen3-1.7b-keep4-s42,qwen3-1.7b-keep4-s42:757:2,757,306,0,0,0,16,66
qwen3-1.7b-keep4-s42,qwen3-1.7b-keep4-s42:757:3,757,427,0,0,0,21,66
qwen3-1.7b-keep4-s42,qwen3-1.7b-keep4-s42:757:4,757,204,0,0,0,21,66
qwen3-1.7b-keep4-s42,qwen3-1.7b-keep4-s42:757:6,757,409,0,0,0,26,66
qwen3-1.7b-keep4-s42,qwen3-1.7b-keep4-s42:758:0,758,504,0,0,0,18,36
qwen3-1.7b-keep4-s42,qwen3-1.7b-keep4-s42:758:1,758,563,0,0,0,10,36
qwen3-1.7b-keep4-s42,qwen3-1.7b-keep4-s42:758:2,758,491,0,0,0,14,36
qwen3-1.7b-keep4-s42,qwen3-1.7b-keep4-s42:758:4,758,585,0,0,0,11,36
qwen3-1.7b-keep4-s42,qwen3-1.7b-keep4-s42:758:5,758,575,0,0,0,14,36
qwen3-1.7b-keep4-s42,qwen3-1.7b-keep4-s42:758:6,758,554,0,0,0,17,36
qwen3-1.7b-keep4-s42,qwen3-1.7b-keep4-s42:759:0,759,300,0,0,0,3,17
qwen3-1.7b-keep4-s42,qwen3-1.7b-keep4-s42:759:2,759,218,0,0,0,5,17
qwen3-1.7b-keep4-s42,qwen3-1.7b-keep4-s42:759:3,759,329,0,0,0,3,17
qwen3-1.7b-keep4-s42,qwen3-1.7b-keep4-s42:759:4,759,237,0,0,0,1,17
qwen3-1.7b-keep4-s42,qwen3-1.7b-keep4-s42:759:5,759,365,0,0,0,1,17
qwen3-1.7b-keep4-s42,qwen3-1.7b-keep4-s42:759:6,759,480,0,0,0,3,17
qwen3-1.7b-keep4-s42,qwen3-1.7b-keep4-s42:759:7,759,328,0,0,0,4,17
qwen3-1.7b-keep4-s42,qwen3-1.7b-keep4-s42:760:2,760,384,0,0,0,23,56
qwen3-1.7b-keep4-s42,qwen3-1.7b-keep4-s42:761:6,761,33,0,0,0,0,56
qwen3-1.7b-keep4-s42,qwen3-1.7b-keep4-s42:761:7,761,393,0,0,0,1,56
qwen3-1.7b-keep4-s42,qwen3-1.7b-keep4-s42:762:0,762,375,0,0,0,5,25
qwen3-1.7b-keep4-s42,qwen3-1.7b-keep4-s42:762:2,762,425,0,0,0,4,25
qwen3-1.7b-keep4-s42,qwen3-1.7b-keep4-s42:762:3,762,298,0,0,0,6,25
qwen3-1.7b-keep4-s42,qwen3-1.7b-keep4-s42:762:5,762,438,0,0,0,2,25
qwen3-1.7b-keep4-s42,qwen3-1.7b-keep4-s42:762:7,762,455,0,0,0,6,25
qwen3-1.7b-keep4-s42,qwen3-1.7b-keep4-s42:763:0,763,491,0,0,0,17,45
qwen3-1.7b-keep4-s42,qwen3-1.7b-keep4-s42:763:1,763,515,0,0,0,12,45
qwen3-1.7b-keep4-s42,qwen3-1.7b-keep4-s42:763:2,763,463,0,0,0,14,45
qwen3-1.7b-keep4-s42,qwen3-1.7b-keep4-s42:763:3,763,408,0,0,0,12,45
qwen3-1.7b-keep4-s42,qwen3-1.7b-keep4-s42:763:4,763,422,0,0,0,15,45
qwen3-1.7b-keep4-s42,qwen3-1.7b-keep4-s42:763:6,763,468,0,0,0,15,45
qwen3-1.7b-keep4-s42,qwen3-1.7b-keep4-s42:763:7,763,444,0,0,0,10,45
qwen3-1.7b-keep4-s42,qwen3-1.7b-keep4-s42:764:6,764,445,0,0,0,13,52
qwen3-1.7b-keep4-s42,qwen3-1.7b-keep4-s42:765:0,765,542,0,0,0,10,47
qwen3-1.7b-keep4-s42,qwen3-1.7b-keep4-s42:765:3,765,445,0,0,0,29,47
qwen3-1.7b-keep4-s42,qwen3-1.7b-keep4-s42:765:5,765,129,0,0,0,11,47
qwen3-1.7b-keep4-s42,qwen3-1.7b-keep4-s42:765:6,765,496,0,0,0,4,47
qwen3-1.7b-keep4-s42,qwen3-1.7b-keep4-s42:766:0,766,485,0,0,0,7,46
qwen3-1.7b-keep4-s42,qwen3-1.7b-keep4-s42:766:1,766,542,0,0,0,21,46
qwen3-1.7b-keep4-s42,qwen3-1.7b-keep4-s42:766:2,766,513,0,0,0,4,46
qwen3-1.7b-keep4-s42,qwen3-1.7b-keep4-s42:766:3,766,446,1,0,0,3,46
qwen3-1.7b-keep4-s42,qwen3-1.7b-keep4-s42:766:4,766,402,0,0,0,11,46
qwen3-1.7b-keep4-s42,qwen3-1.7b-keep4-s42:766:5,766,416,0,0,0,27,46
qwen3-1.7b-keep4-s42,qwen3-1.7b-keep4-s42:766:6,766,46,0,0,0,17,46
qwen3-1.7b-keep4-s42,qwen3-1.7b-keep4-s42:766:7,766,435,0,0,0,24,46
qwen3-1.7b-keep4-s42,qwen3-1.7b-keep4-s42:767:1,767,69,0,0,0,20,42
qwen3-1.7b-keep4-s42,qwen3-1.7b-keep4-s42:767:3,767,456,0,0,0,0,42
qwen3-1.7b-keep4-s42,qwen3-1.7b-keep4-s42:767:4,767,3,0,0,0,24,42
qwen3-1.7b-keep4-s42,qwen3-1.7b-keep4-s42:767:5,767,109,0,0,0,4,42
qwen3-1.7b-keep4-s42,qwen3-1.7b-keep4-s42:768:0,768,393,0,0,0,3,34
qwen3-1.7b-keep4-s42,qwen3-1.7b-keep4-s42:768:2,768,542,0,0,0,1,34
qwen3-1.7b-keep4-s42,qwen3-1.7b-keep4-s42:768:4,768,497,0,0,0,10,34
qwen3-1.7b-keep4-s42,qwen3-1.7b-keep4-s42:768:6,768,375,0,0,0,12,34
qwen3-1.7b-keep4-s42,qwen3-1.7b-keep4-s42:769:0,769,540,0,0,0,28,40
qwen3-1.7b-keep4-s42,qwen3-1.7b-keep4-s42:769:2,769,586,0,0,0,30,40
qwen3-1.7b-keep4-s42,qwen3-1.7b-keep4-s42:769:3,769,520,0,0,0,27,40
qwen3-1.7b-keep4-s42,qwen3-1.7b-keep4-s42:769:4,769,517,0,0,0,32,40
qwen3-1.7b-keep4-s42,qwen3-1.7b-keep4-s42:769:5,769,430,0,0,0,32,40
qwen3-1.7b-keep4-s42,qwen3-1.7b-keep4-s42:769:7,769,527,0,0,0,25,40
qwen3-1.7b-keep4-s42,qwen3-1.7b-keep4-s42:770:0,770,401,0,0,0,10,91
qwen3-1.7b-keep4-s42,qwen3-1.7b-keep4-s42:770:1,770,389,0,0,0,8,91
qwen3-1.7b-keep4-s42,qwen3-1.7b-keep4-s42:770:2,770,364,0,0,0,13,91
qwen3-1.7b-keep4-s42,qwen3-1.7b-keep4-s42:770:3,770,441,0,0,0,11,91
qwen3-1.7b-keep4-s42,qwen3-1.7b-keep4-s42:770:4,770,420,0,0,0,13,91
qwen3-1.7b-keep4-s42,qwen3-1.7b-keep4-s42:770:5,770,446,0,0,0,11,91
qwen3-1.7b-keep4-s42,qwen3-1.7b-keep4-s42:770:6,770,354,0,0,0,9,91
qwen3-1.7b-keep4-s42,qwen3-1.7b-keep4-s42:770:7,770,422,0,0,0,17,91
qwen3-1.7b-keep4-s42,qwen3-1.7b-keep4-s42:771:0,771,391,0,0,0,0,63
qwen3-1.7b-keep4-s42,qwen3-1.7b-keep4-s42:771:1,771,411,0,0,0,1,63
qwen3-1.7b-keep4-s42,qwen3-1.7b-keep4-s42:771:3,771,0,0,0,0,2,63
qwen3-1.7b-keep4-s42,qwen3-1.7b-keep4-s42:772:0,772,303,0,0,0,6,45
qwen3-1.7b-keep4-s42,qwen3-1.7b-keep4-s42:772:1,772,492,0,0,0,5,45
qwen3-1.7b-keep4-s42,qwen3-1.7b-keep4-s42:772:2,772,16,0,0,0,6,45
qwen3-1.7b-keep4-s42,qwen3-1.7b-keep4-s42:772:3,772,457,0,0,0,11,45
qwen3-1.7b-keep4-s42,qwen3-1.7b-keep4-s42:772:4,772,232,0,0,0,5,45
qwen3-1.7b-keep4-s42,qwen3-1.7b-keep4-s42:772:5,772,458,0,0,0,5,45
qwen3-1.7b-keep4-s42,qwen3-1.7b-keep4-s42:772:6,772,453,0,0,0,5,45
qwen3-1.7b-keep4-s42,qwen3-1.7b-keep4-s42:772:7,772,374,0,0,0,5,45
qwen3-1.7b-keep4-s42,qwen3-1.7b-keep4-s42:773:0,773,469,0,0,0,26,100
qwen3-1.7b-keep4-s42,qwen3-1.7b-keep4-s42:774:0,774,516,0,0,0,1,66
qwen3-1.7b-keep4-s42,qwen3-1.7b-keep4-s42:774:1,774,512,0,0,0,6,66
qwen3-1.7b-keep4-s42,qwen3-1.7b-keep4-s42:774:2,774,403,0,0,0,3,66
qwen3-1.7b-keep4-s42,qwen3-1.7b-keep4-s42:774:3,774,378,0,0,0,0,66
qwen3-1.7b-keep4-s42,qwen3-1.7b-keep4-s42:774:4,774,294,0,0,0,8,66
qwen3-1.7b-keep4-s42,qwen3-1.7b-keep4-s42:774:5,774,335,0,0,0,1,66
qwen3-1.7b-keep4-s42,qwen3-1.7b-keep4-s42:774:6,774,364,0,0,0,1,66
qwen3-1.7b-keep4-s42,qwen3-1.7b-keep4-s42:774:7,774,382,0,0,0,2,66
qwen3-1.7b-keep4-s42,qwen3-1.7b-keep4-s42:775:0,775,510,0,0,0,5,26
qwen3-1.7b-keep4-s42,qwen3-1.7b-keep4-s42:775:1,775,542,0,0,0,4,26
qwen3-1.7b-keep4-s42,qwen3-1.7b-keep4-s42:775:2,775,529,0,0,0,3,26
qwen3-1.7b-keep4-s42,qwen3-1.7b-keep4-s42:775:3,775,486,0,0,0,3,26
qwen3-1.7b-keep4-s42,qwen3-1.7b-keep4-s42:775:4,775,519,0,0,0,2,26
qwen3-1.7b-keep4-s42,qwen3-1.7b-keep4-s42:775:5,775,519,0,0,0,3,26
qwen3-1.7b-keep4-s42,qwen3-1.7b-keep4-s42:775:6,775,486,0,0,0,2,26
qwen3-1.7b-keep4-s42,qwen3-1.7b-keep4-s42:775:7,775,472,0,0,0,3,26
qwen3-1.7b-keep4-s42,qwen3-1.7b-keep4-s42:776:5,776,535,0,0,0,13,56
qwen3-1.7b-keep4-s42,qwen3-1.7b-keep4-s42:778:1,778,2,0,0,0,39,52
qwen3-1.7b-keep4-s42,qwen3-1.7b-keep4-s42:778:7,778,0,0,0,0,20,52
qwen3-1.7b-keep4-s42,qwen3-1.7b-keep4-s42:779:0,779,408,0,0,0,10,92
qwen3-1.7b-keep4-s42,qwen3-1.7b-keep4-s42:779:1,779,318,0,0,0,25,92
qwen3-1.7b-keep4-s42,qwen3-1.7b-keep4-s42:779:2,779,352,0,0,0,19,92
qwen3-1.7b-keep4-s42,qwen3-1.7b-keep4-s42:779:3,779,409,0,0,0,3,92
qwen3-1.7b-keep4-s42,qwen3-1.7b-keep4-s42:779:4,779,423,0,0,0,19,92
qwen3-1.7b-keep4-s42,qwen3-1.7b-keep4-s42:779:5,779,323,0,0,0,15,92
qwen3-1.7b-keep4-s42,qwen3-1.7b-keep4-s42:779:6,779,360,0,0,0,2,92
qwen3-1.7b-keep4-s42,qwen3-1.7b-keep4-s42:779:7,779,375,0,0,0,5,92
qwen3-1.7b-keep4-s42,qwen3-1.7b-keep4-s42:780:0,780,367,0,0,0,13,82
qwen3-1.7b-keep4-s42,qwen3-1.7b-keep4-s42:780:1,780,134,0,0,0,4,82
qwen3-1.7b-keep4-s42,qwen3-1.7b-keep4-s42:780:2,780,307,0,0,0,9,82
qwen3-1.7b-keep4-s42,qwen3-1.7b-keep4-s42:780:4,780,275,0,0,0,7,82
qwen3-1.7b-keep4-s42,qwen3-1.7b-keep4-s42:780:5,780,436,0,0,0,6,82
qwen3-1.7b-keep4-s42,qwen3-1.7b-keep4-s42:780:6,780,459,0,0,0,0,82
qwen3-1.7b-keep4-s42,qwen3-1.7b-keep4-s42:780:7,780,217,0,0,0,8,82
qwen3-1.7b-keep4-s42,qwen3-1.7b-keep4-s42:781:0,781,355,0,0,0,30,90
qwen3-1.7b-keep4-s42,qwen3-1.7b-keep4-s42:781:1,781,395,0,0,0,27,90
qwen3-1.7b-keep4-s42,qwen3-1.7b-keep4-s42:781:2,781,337,0,0,0,25,90
qwen3-1.7b-keep4-s42,qwen3-1.7b-keep4-s42:781:3,781,346,0,0,0,33,90
qwen3-1.7b-keep4-s42,qwen3-1.7b-keep4-s42:781:4,781,376,0,0,0,24,90
qwen3-1.7b-keep4-s42,qwen3-1.7b-keep4-s42:781:5,781,375,0,0,0,22,90
qwen3-1.7b-keep4-s42,qwen3-1.7b-keep4-s42:781:6,781,258,0,0,0,30,90
qwen3-1.7b-keep4-s42,qwen3-1.7b-keep4-s42:781:7,781,312,0,0,0,30,90
qwen3-1.7b-keep4-s42,qwen3-1.7b-keep4-s42:782:0,782,479,0,0,0,5,60
qwen3-1.7b-keep4-s42,qwen3-1.7b-keep4-s42:782:1,782,343,0,0,0,13,60
qwen3-1.7b-keep4-s42,qwen3-1.7b-keep4-s42:782:2,782,398,0,0,0,7,60
qwen3-1.7b-keep4-s42,qwen3-1.7b-keep4-s42:782:3,782,366,0,0,0,19,60
qwen3-1.7b-keep4-s42,qwen3-1.7b-keep4-s42:782:4,782,428,0,0,0,10,60
qwen3-1.7b-keep4-s42,qwen3-1.7b-keep4-s42:782:6,782,3,0,0,0,14,60
qwen3-1.7b-keep4-s42,qwen3-1.7b-keep4-s42:782:7,782,468,0,0,0,18,60
qwen3-1.7b-keep4-s42,qwen3-1.7b-keep4-s42:783:0,783,524,0,0,0,8,51
qwen3-1.7b-keep4-s42,qwen3-1.7b-keep4-s42:783:1,783,539,0,0,0,6,51
qwen3-1.7b-keep4-s42,qwen3-1.7b-keep4-s42:783:2,783,513,0,0,0,8,51
qwen3-1.7b-keep4-s42,qwen3-1.7b-keep4-s42:783:3,783,506,0,0,0,8,51
qwen3-1.7b-keep4-s42,qwen3-1.7b-keep4-s42:783:4,783,507,0,0,0,8,51
qwen3-1.7b-keep4-s42,qwen3-1.7b-keep4-s42:783:5,783,465,0,0,0,6,51
qwen3-1.7b-keep4-s42,qwen3-1.7b-keep4-s42:783:6,783,533,0,0,0,8,51
qwen3-1.7b-keep4-s42,qwen3-1.7b-keep4-s42:783:7,783,412,0,0,0,8,51
qwen3-1.7b-keep4-s42,qwen3-1.7b-keep4-s42:784:2,784,0,0,0,0,12,29
qwen3-1.7b-keep4-s42,qwen3-1.7b-keep4-s42:784:4,784,362,0,0,0,13,29
qwen3-1.7b-keep4-s42,qwen3-1.7b-keep4-s42:784:5,784,557,0,0,0,4,29
qwen3-1.7b-keep4-s42,qwen3-1.7b-keep4-s42:784:7,784,425,0,0,0,16,29
qwen3-1.7b-keep4-s42,qwen3-1.7b-keep4-s42:786:1,786,614,0,0,0,8,25
qwen3-1.7b-keep4-s42,qwen3-1.7b-keep4-s42:788:3,788,0,0,0,0,15,50
qwen3-1.7b-keep4-s42,qwen3-1.7b-keep4-s42:789:0,789,435,0,0,0,15,70
qwen3-1.7b-keep4-s42,qwen3-1.7b-keep4-s42:789:1,789,237,0,0,0,16,70
qwen3-1.7b-keep4-s42,qwen3-1.7b-keep4-s42:789:2,789,345,0,0,0,10,70
qwen3-1.7b-keep4-s42,qwen3-1.7b-keep4-s42:789:3,789,480,0,0,0,18,70
qwen3-1.7b-keep4-s42,qwen3-1.7b-keep4-s42:789:4,789,452,0,0,0,13,70
qwen3-1.7b-keep4-s42,qwen3-1.7b-keep4-s42:789:5,789,375,0,0,0,10,70
qwen3-1.7b-keep4-s42,qwen3-1.7b-keep4-s42:789:6,789,278,0,0,0,12,70
qwen3-1.7b-keep4-s42,qwen3-1.7b-keep4-s42:789:7,789,406,0,0,0,21,70
qwen3-1.7b-keep4-s42,qwen3-1.7b-keep4-s42:790:0,790,329,0,0,0,21,73
qwen3-1.7b-keep4-s42,qwen3-1.7b-keep4-s42:790:1,790,406,0,0,0,20,73
qwen3-1.7b-keep4-s42,qwen3-1.7b-keep4-s42:790:3,790,350,0,0,0,22,73
qwen3-1.7b-keep4-s42,qwen3-1.7b-keep4-s42:790:5,790,400,0,0,0,24,73
qwen3-1.7b-keep4-s42,qwen3-1.7b-keep4-s42:790:6,790,388,0,0,0,20,73
qwen3-1.7b-keep4-s42,qwen3-1.7b-keep4-s42:790:7,790,449,0,0,0,15,73
qwen3-1.7b-keep4-s42,qwen3-1.7b-keep4-s42:791:0,791,518,0,0,0,13,83
qwen3-1.7b-keep4-s42,qwen3-1.7b-keep4-s42:791:1,791,416,0,0,0,4,83
qwen3-1.7b-keep4-s42,qwen3-1.7b-keep4-s42:791:2,791,447,0,0,0,5,83
qwen3-1.7b-keep4-s42,qwen3-1.7b-keep4-s42:791:3,791,424,0,0,0,12,83
qwen3-1.7b-keep4-s42,qwen3-1.7b-keep4-s42:791:4,791,496,0,0,0,3,83
qwen3-1.7b-keep4-s42,qwen3-1.7b-keep4-s42:791:5,791,453,0,0,0,9,83
qwen3-1.7b-keep4-s42,qwen3-1.7b-keep4-s42:791:6,791,476,0,0,0,10,83
qwen3-1.7b-keep4-s42,qwen3-1.7b-keep4-s42:791:7,791,439,0,0,0,11,83
qwen3-1.7b-keep4-s42,qwen3-1.7b-keep4-s42:792:4,792,350,0,0,0,22,80
qwen3-1.7b-keep4-s42,qwen3-1.7b-keep4-s42:793:0,793,469,0,0,0,25,72
qwen3-1.7b-keep4-s42,qwen3-1.7b-keep4-s42:793:1,793,333,0,0,0,27,72
qwen3-1.7b-keep4-s42,qwen3-1.7b-keep4-s42:793:2,793,4,0,0,0,26,72
qwen3-1.7b-keep4-s42,qwen3-1.7b-keep4-s42:793:3,793,8,0,0,0,23,72
qwen3-1.7b-keep4-s42,qwen3-1.7b-keep4-s42:793:4,793,43,0,0,0,17,72
qwen3-1.7b-keep4-s42,qwen3-1.7b-keep4-s42:793:5,793,421,0,0,0,21,72
qwen3-1.7b-keep4-s42,qwen3-1.7b-keep4-s42:793:6,793,187,0,0,0,28,72
qwen3-1.7b-keep4-s42,qwen3-1.7b-keep4-s42:793:7,793,352,0,0,0,21,72
qwen3-1.7b-keep4-s42,qwen3-1.7b-keep4-s42:794:2,794,409,0,0,0,23,90
qwen3-1.7b-keep4-s42,qwen3-1.7b-keep4-s42:794:6,794,408,0,0,0,32,90
qwen3-1.7b-keep4-s42,qwen3-1.7b-keep4-s42:796:0,796,398,0,0,0,13,41
qwen3-1.7b-keep4-s42,qwen3-1.7b-keep4-s42:796:2,796,2,0,0,0,18,41
qwen3-1.7b-keep4-s42,qwen3-1.7b-keep4-s42:796:3,796,452,0,0,0,17,41
qwen3-1.7b-keep4-s42,qwen3-1.7b-keep4-s42:796:4,796,395,0,0,0,14,41
qwen3-1.7b-keep4-s42,qwen3-1.7b-keep4-s42:796:6,796,492,0,0,0,15,41
qwen3-1.7b-keep4-s42,qwen3-1.7b-keep4-s42:797:1,797,525,0,0,0,10,60
qwen3-1.7b-keep4-s42,qwen3-1.7b-keep4-s42:797:3,797,406,0,0,0,21,60
qwen3-1.7b-keep4-s42,qwen3-1.7b-keep4-s42:797:4,797,380,0,0,0,14,60
qwen3-1.7b-keep4-s42,qwen3-1.7b-keep4-s42:798:0,798,328,0,0,0,7,69
qwen3-1.7b-keep4-s42,qwen3-1.7b-keep4-s42:798:1,798,388,0,0,0,10,69
qwen3-1.7b-keep4-s42,qwen3-1.7b-keep4-s42:798:2,798,0,0,0,0,11,69
qwen3-1.7b-keep4-s42,qwen3-1.7b-keep4-s42:798:3,798,328,0,0,0,9,69
qwen3-1.7b-keep4-s42,qwen3-1.7b-keep4-s42:798:4,798,10,0,0,0,5,69
qwen3-1.7b-keep4-s42,qwen3-1.7b-keep4-s42:798:5,798,372,0,0,0,10,69
qwen3-1.7b-keep4-s42,qwen3-1.7b-keep4-s42:798:7,798,399,0,0,0,6,69
qwen3-1.7b-keep4-s42,qwen3-1.7b-keep4-s42:799:1,799,350,0,0,0,49,78
qwen3-1.7b-keep4-s42,qwen3-1.7b-keep4-s42:799:2,799,371,0,0,0,45,78
qwen3-1.7b-keep4-s42,qwen3-1.7b-keep4-s42:799:3,799,0,0,0,0,45,78
qwen3-1.7b-keep4-s42,qwen3-1.7b-keep4-s42:799:4,799,393,0,0,0,53,78
qwen3-1.7b-keep4-s42,qwen3-1.7b-keep4-s42:799:5,799,389,0,0,0,46,78
qwen3-1.7b-keep4-s42,qwen3-1.7b-keep4-s42:799:7,799,325,0,0,0,46,78
qwen3-1.7b-keep4-s42,qwen3-1.7b-keep4-s42:800:0,800,388,0,0,0,38,69
qwen3-1.7b-keep4-s42,qwen3-1.7b-keep4-s42:800:1,800,27,0,0,0,40,69
qwen3-1.7b-keep4-s42,qwen3-1.7b-keep4-s42:800:2,800,496,0,0,0,39,69
qwen3-1.7b-keep4-s42,qwen3-1.7b-keep4-s42:800:4,800,49,0,0,0,36,69
qwen3-1.7b-keep4-s42,qwen3-1.7b-keep4-s42:801:2,801,413,0,0,0,6,48
qwen3-1.7b-keep4-s42,qwen3-1.7b-keep4-s42:801:3,801,397,0,0,0,27,48
qwen3-1.7b-keep4-s42,qwen3-1.7b-keep4-s42:801:4,801,521,0,0,0,25,48
qwen3-1.7b-keep4-s42,qwen3-1.7b-keep4-s42:801:5,801,95,0,0,0,7,48
qwen3-1.7b-keep4-s42,qwen3-1.7b-keep4-s42:801:6,801,406,0,0,0,11,48
qwen3-1.7b-keep4-s42,qwen3-1.7b-keep4-s42:801:7,801,424,0,0,0,25,48
qwen3-1.7b-keep4-s42,qwen3-1.7b-keep4-s42:802:1,802,541,0,0,0,5,17
qwen3-1.7b-keep4-s42,qwen3-1.7b-keep4-s42:802:3,802,130,0,0,0,4,17
qwen3-1.7b-keep4-s42,qwen3-1.7b-keep4-s42:802:7,802,631,0,0,0,1,17
qwen3-1.7b-keep4-s42,qwen3-1.7b-keep4-s42:803:6,803,639,0,0,0,18,53
qwen3-1.7b-keep4-s42,qwen3-1.7b-keep4-s42:805:0,805,399,0,0,0,6,59
qwen3-1.7b-keep4-s42,qwen3-1.7b-keep4-s42:805:2,805,419,0,0,0,10,59
qwen3-1.7b-keep4-s42,qwen3-1.7b-keep4-s42:805:4,805,35,20,0,0,8,59
qwen3-1.7b-keep4-s42,qwen3-1.7b-keep4-s42:805:5,805,5,0,0,0,7,59
qwen3-1.7b-keep4-s42,qwen3-1.7b-keep4-s42:806:1,806,543,0,0,0,34,81
qwen3-1.7b-keep4-s42,qwen3-1.7b-keep4-s42:806:2,806,554,0,0,0,8,81
qwen3-1.7b-keep4-s42,qwen3-1.7b-keep4-s42:806:6,806,516,0,0,0,17,81
qwen3-1.7b-keep4-s42,qwen3-1.7b-keep4-s42:806:7,806,482,0,0,0,35,81
qwen3-1.7b-keep4-s42,qwen3-1.7b-keep4-s42:807:0,807,476,0,0,0,8,43
qwen3-1.7b-keep4-s42,qwen3-1.7b-keep4-s42:807:1,807,328,0,0,0,8,43
qwen3-1.7b-keep4-s42,qwen3-1.7b-keep4-s42:807:2,807,466,0,0,0,7,43
qwen3-1.7b-keep4-s42,qwen3-1.7b-keep4-s42:807:5,807,377,8,0,0,4,43
qwen3-1.7b-keep4-s42,qwen3-1.7b-keep4-s42:807:6,807,515,0,0,0,3,43
qwen3-1.7b-keep4-s42,qwen3-1.7b-keep4-s42:808:1,808,505,0,0,0,10,28
qwen3-1.7b-keep4-s42,qwen3-1.7b-keep4-s42:808:2,808,449,0,0,0,16,28
qwen3-1.7b-keep4-s42,qwen3-1.7b-keep4-s42:808:4,808,110,0,0,0,10,28
qwen3-1.7b-keep4-s42,qwen3-1.7b-keep4-s42:808:5,808,503,0,0,0,15,28
qwen3-1.7b-keep4-s42,qwen3-1.7b-keep4-s42:808:6,808,2,0,0,0,19,28
qwen3-1.7b-keep4-s42,qwen3-1.7b-keep4-s42:808:7,808,58,0,0,0,13,28
qwen3-1.7b-keep4-s42,qwen3-1.7b-keep4-s42:809:1,809,373,0,0,0,8,63
qwen3-1.7b-keep4-s42,qwen3-1.7b-keep4-s42:809:2,809,502,0,0,0,5,63
qwen3-1.7b-keep4-s42,qwen3-1.7b-keep4-s42:809:3,809,22,0,0,0,6,63
qwen3-1.7b-keep4-s42,qwen3-1.7b-keep4-s42:809:4,809,395,0,0,0,7,63
qwen3-1.7b-keep4-s42,qwen3-1.7b-keep4-s42:809:5,809,447,0,0,0,8,63
qwen3-1.7b-keep4-s42,qwen3-1.7b-keep4-s42:809:7,809,494,0,0,0,2,63
qwen3-1.7b-keep4-s42,qwen3-1.7b-keep4-s42:810:2,810,380,0,0,0,26,63
qwen3-1.7b-keep4-s42,qwen3-1.7b-keep4-s42:811:0,811,254,0,0,0,11,87
qwen3-1.7b-keep4-s42,qwen3-1.7b-keep4-s42:811:1,811,356,0,0,0,11,87
qwen3-1.7b-keep4-s42,qwen3-1.7b-keep4-s42:811:2,811,419,0,0,0,6,87
qwen3-1.7b-keep4-s42,qwen3-1.7b-keep4-s42:811:3,811,314,0,0,0,7,87
qwen3-1.7b-keep4-s42,qwen3-1.7b-keep4-s42:811:4,811,377,0,0,0,12,87
qwen3-1.7b-keep4-s42,qwen3-1.7b-keep4-s42:811:5,811,290,0,0,0,13,87
qwen3-1.7b-keep4-s42,qwen3-1.7b-keep4-s42:811:6,811,437,0,0,0,11,87
qwen3-1.7b-keep4-s42,qwen3-1.7b-keep4-s42:811:7,811,239,0,0,0,5,87
qwen3-1.7b-keep4-s42,qwen3-1.7b-keep4-s42:812:1,812,555,0,0,0,34,67
qwen3-1.7b-keep4-s42,qwen3-1.7b-keep4-s42:812:3,812,4,0,0,0,12,67
qwen3-1.7b-keep4-s42,qwen3-1.7b-keep4-s42:812:6,812,570,0,0,0,15,67
qwen3-1.7b-keep4-s42,qwen3-1.7b-keep4-s42:812:7,812,472,0,0,0,29,67
qwen3-1.7b-keep4-s42,qwen3-1.7b-keep4-s42:813:4,813,434,0,0,0,20,63
qwen3-1.7b-keep4-s42,qwen3-1.7b-keep4-s42:814:1,814,526,0,0,0,36,73
qwen3-1.7b-keep4-s42,qwen3-1.7b-keep4-s42:814:2,814,0,0,0,0,45,73
qwen3-1.7b-keep4-s42,qwen3-1.7b-keep4-s42:814:3,814,0,0,0,0,36,73
qwen3-1.7b-keep4-s42,qwen3-1.7b-keep4-s42:814:5,814,378,0,0,0,34,73
qwen3-1.7b-keep4-s42,qwen3-1.7b-keep4-s42:814:7,814,4,0,0,0,43,73
qwen3-1.7b-keep4-s42,qwen3-1.7b-keep4-s42:815:0,815,301,0,0,0,9,55
qwen3-1.7b-keep4-s42,qwen3-1.7b-keep4-s42:815:1,815,315,0,0,0,19,55
qwen3-1.7b-keep4-s42,qwen3-1.7b-keep4-s42:815:2,815,304,0,0,0,13,55
qwen3-1.7b-keep4-s42,qwen3-1.7b-keep4-s42:815:3,815,297,0,0,0,6,55
qwen3-1.7b-keep4-s42,qwen3-1.7b-keep4-s42:815:4,815,371,0,0,0,5,55
qwen3-1.7b-keep4-s42,qwen3-1.7b-keep4-s42:815:5,815,273,0,0,0,7,55
qwen3-1.7b-keep4-s42,qwen3-1.7b-keep4-s42:815:6,815,296,0,0,0,7,55
qwen3-1.7b-keep4-s42,qwen3-1.7b-keep4-s42:815:7,815,502,0,0,0,14,55
qwen3-1.7b-keep4-s42,qwen3-1.7b-keep4-s42:816:0,816,13,7,0,0,28,54
qwen3-1.7b-keep4-s42,qwen3-1.7b-keep4-s42:816:1,816,473,0,0,0,27,54
qwen3-1.7b-keep4-s42,qwen3-1.7b-keep4-s42:816:3,816,486,0,0,0,32,54
qwen3-1.7b-keep4-s42,qwen3-1.7b-keep4-s42:816:4,816,477,0,0,0,30,54
qwen3-1.7b-keep4-s42,qwen3-1.7b-keep4-s42:817:2,817,263,0,0,0,35,53
qwen3-1.7b-keep4-s42,qwen3-1.7b-keep4-s42:817:4,817,381,0,0,0,34,53
qwen3-1.7b-keep4-s42,qwen3-1.7b-keep4-s42:817:5,817,432,3,0,0,20,53
qwen3-1.7b-keep4-s42,qwen3-1.7b-keep4-s42:817:6,817,396,0,0,0,33,53
qwen3-1.7b-keep4-s42,qwen3-1.7b-keep4-s42:817:7,817,356,0,0,0,20,53
qwen3-1.7b-keep4-s42,qwen3-1.7b-keep4-s42:818:1,818,482,0,0,0,14,67
qwen3-1.7b-keep4-s42,qwen3-1.7b-keep4-s42:818:2,818,81,0,0,0,17,67
qwen3-1.7b-keep4-s42,qwen3-1.7b-keep4-s42:818:3,818,9,0,0,0,23,67
qwen3-1.7b-keep4-s42,qwen3-1.7b-keep4-s42:818:4,818,436,0,0,0,6,67
qwen3-1.7b-keep4-s42,qwen3-1.7b-keep4-s42:818:7,818,457,0,0,0,12,67
qwen3-1.7b-keep4-s42,qwen3-1.7b-keep4-s42:819:1,819,418,0,0,0,19,53
qwen3-1.7b-keep4-s42,qwen3-1.7b-keep4-s42:820:0,820,446,0,0,0,7,32
qwen3-1.7b-keep4-s42,qwen3-1.7b-keep4-s42:820:1,820,333,0,0,0,1,32
qwen3-1.7b-keep4-s42,qwen3-1.7b-keep4-s42:820:2,820,508,0,0,0,3,32
qwen3-1.7b-keep4-s42,qwen3-1.7b-keep4-s42:820:3,820,387,0,0,0,6,32
qwen3-1.7b-keep4-s42,qwen3-1.7b-keep4-s42:820:4,820,437,0,0,0,4,32
qwen3-1.7b-keep4-s42,qwen3-1.7b-keep4-s42:820:5,820,425,0,0,0,8,32
qwen3-1.7b-keep4-s42,qwen3-1.7b-keep4-s42:820:6,820,431,0,0,0,4,32
qwen3-1.7b-keep4-s42,qwen3-1.7b-keep4-s42:820:7,820,469,0,0,0,3,32
qwen3-1.7b-keep4-s42,qwen3-1.7b-keep4-s42:821:1,821,490,0,0,0,12,66
qwen3-1.7b-keep4-s42,qwen3-1.7b-keep4-s42:821:3,821,545,0,0,0,9,66
qwen3-1.7b-keep4-s42,qwen3-1.7b-keep4-s42:821:4,821,2,0,0,0,13,66
qwen3-1.7b-keep4-s42,qwen3-1.7b-keep4-s42:821:6,821,2,0,0,0,10,66
qwen3-1.7b-keep4-s42,qwen3-1.7b-keep4-s42:821:7,821,415,0,0,0,19,66
qwen3-1.7b-keep4-s42,qwen3-1.7b-keep4-s42:822:0,822,518,0,0,0,7,55
qwen3-1.7b-keep4-s42,qwen3-1.7b-keep4-s42:822:1,822,355,0,0,0,5,55
qwen3-1.7b-keep4-s42,qwen3-1.7b-keep4-s42:822:2,822,372,0,0,0,16,55
qwen3-1.7b-keep4-s42,qwen3-1.7b-keep4-s42:822:3,822,350,0,0,0,13,55
qwen3-1.7b-keep4-s42,qwen3-1.7b-keep4-s42:822:4,822,68,0,0,0,10,55
qwen3-1.7b-keep4-s42,qwen3-1.7b-keep4-s42:822:5,822,404,0,0,0,3,55
qwen3-1.7b-keep4-s42,qwen3-1.7b-keep4-s42:822:7,822,490,0,0,0,10,55
qwen3-1.7b-keep4-s42,qwen3-1.7b-keep4-s42:823:0,823,526,0,0,0,10,45
qwen3-1.7b-keep4-s42,qwen3-1.7b-keep4-s42:823:1,823,451,0,0,0,6,45
qwen3-1.7b-keep4-s42,qwen3-1.7b-keep4-s42:823:2,823,366,0,0,0,1,45
qwen3-1.7b-keep4-s42,qwen3-1.7b-keep4-s42:823:3,823,554,0,0,0,4,45
qwen3-1.7b-keep4-s42,qwen3-1.7b-keep4-s42:823:4,823,429,0,0,0,0,45
qwen3-1.7b-keep4-s42,qwen3-1.7b-keep4-s42:823:6,823,116,0,0,0,4,45
qwen3-1.7b-keep4-s42,qwen3-1.7b-keep4-s42:823:7,823,459,0,0,0,2,45
qwen3-1.7b-keep4-s42,qwen3-1.7b-keep4-s42:824:0,824,65,35,4,6,21,69
qwen3-1.7b-keep4-s42,qwen3-1.7b-keep4-s42:824:3,824,398,0,0,0,6,69
qwen3-1.7b-keep4-s42,qwen3-1.7b-keep4-s42:825:0,825,404,0,0,0,11,66
qwen3-1.7b-keep4-s42,qwen3-1.7b-keep4-s42:825:1,825,360,0,0,0,8,66
qwen3-1.7b-keep4-s42,qwen3-1.7b-keep4-s42:825:2,825,378,0,0,0,11,66
qwen3-1.7b-keep4-s42,qwen3-1.7b-keep4-s42:825:3,825,328,0,0,0,9,66
qwen3-1.7b-keep4-s42,qwen3-1.7b-keep4-s42:825:4,825,484,0,0,0,8,66
qwen3-1.7b-keep4-s42,qwen3-1.7b-keep4-s42:825:5,825,369,0,0,0,6,66
qwen3-1.7b-keep4-s42,qwen3-1.7b-keep4-s42:825:6,825,352,1,0,0,8,66
qwen3-1.7b-keep4-s42,qwen3-1.7b-keep4-s42:825:7,825,419,0,0,0,6,66
qwen3-1.7b-keep4-s42,qwen3-1.7b-keep4-s42:826:0,826,34,0,0,0,21,29
qwen3-1.7b-keep4-s42,qwen3-1.7b-keep4-s42:826:1,826,472,0,0,0,6,29
qwen3-1.7b-keep4-s42,qwen3-1.7b-keep4-s42:826:2,826,316,0,0,0,0,29
qwen3-1.7b-keep4-s42,qwen3-1.7b-keep4-s42:826:5,826,465,0,0,0,12,29
qwen3-1.7b-keep4-s42,qwen3-1.7b-keep4-s42:826:6,826,511,0,0,0,2,29
qwen3-1.7b-keep4-s42,qwen3-1.7b-keep4-s42:826:7,826,487,0,0,0,6,29
qwen3-1.7b-keep4-s42,qwen3-1.7b-keep4-s42:827:0,827,387,0,0,0,5,69
qwen3-1.7b-keep4-s42,qwen3-1.7b-keep4-s42:827:2,827,390,0,0,0,19,69
qwen3-1.7b-keep4-s42,qwen3-1.7b-keep4-s42:827:3,827,369,0,0,0,18,69
qwen3-1.7b-keep4-s42,qwen3-1.7b-keep4-s42:827:4,827,463,0,0,0,18,69
qwen3-1.7b-keep4-s42,qwen3-1.7b-keep4-s42:827:5,827,406,0,0,0,9,69
qwen3-1.7b-keep4-s42,qwen3-1.7b-keep4-s42:827:6,827,406,0,0,0,16,69
qwen3-1.7b-keep4-s42,qwen3-1.7b-keep4-s42:828:0,828,305,0,0,0,16,82
qwen3-1.7b-keep4-s42,qwen3-1.7b-keep4-s42:828:1,828,407,0,0,0,23,82
qwen3-1.7b-keep4-s42,qwen3-1.7b-keep4-s42:828:2,828,444,0,0,0,6,82
qwen3-1.7b-keep4-s42,qwen3-1.7b-keep4-s42:828:3,828,379,0,0,0,19,82
qwen3-1.7b-keep4-s42,qwen3-1.7b-keep4-s42:828:4,828,306,0,0,0,41,82
qwen3-1.7b-keep4-s42,qwen3-1.7b-keep4-s42:829:0,829,422,0,0,0,3,133
qwen3-1.7b-keep4-s42,qwen3-1.7b-keep4-s42:829:1,829,399,0,0,0,6,133
qwen3-1.7b-keep4-s42,qwen3-1.7b-keep4-s42:829:2,829,250,0,0,0,21,133
qwen3-1.7b-keep4-s42,qwen3-1.7b-keep4-s42:829:3,829,399,0,0,0,19,133
qwen3-1.7b-keep4-s42,qwen3-1.7b-keep4-s42:829:4,829,307,0,0,0,27,133
qwen3-1.7b-keep4-s42,qwen3-1.7b-keep4-s42:829:5,829,294,0,0,0,13,133
qwen3-1.7b-keep4-s42,qwen3-1.7b-keep4-s42:829:7,829,347,0,0,0,8,133
qwen3-1.7b-keep4-s42,qwen3-1.7b-keep4-s42:830:0,830,390,0,0,0,15,80
qwen3-1.7b-keep4-s42,qwen3-1.7b-keep4-s42:830:1,830,0,0,0,0,38,80
qwen3-1.7b-keep4-s42,qwen3-1.7b-keep4-s42:830:3,830,143,0,0,0,26,80
qwen3-1.7b-keep4-s42,qwen3-1.7b-keep4-s42:830:5,830,263,0,0,0,33,80
qwen3-1.7b-keep4-s42,qwen3-1.7b-keep4-s42:831:0,831,385,0,0,0,16,88
qwen3-1.7b-keep4-s42,qwen3-1.7b-keep4-s42:831:1,831,332,0,0,0,15,88
qwen3-1.7b-keep4-s42,qwen3-1.7b-keep4-s42:831:2,831,350,0,0,0,17,88
qwen3-1.7b-keep4-s42,qwen3-1.7b-keep4-s42:831:4,831,292,0,0,0,20,88
qwen3-1.7b-keep4-s42,qwen3-1.7b-keep4-s42:832:0,832,214,0,0,0,42,71
qwen3-1.7b-keep4-s42,qwen3-1.7b-keep4-s42:832:2,832,396,0,0,0,19,71
qwen3-1.7b-keep4-s42,qwen3-1.7b-keep4-s42:832:3,832,303,0,0,0,31,71
qwen3-1.7b-keep4-s42,qwen3-1.7b-keep4-s42:832:4,832,396,0,0,0,21,71
qwen3-1.7b-keep4-s42,qwen3-1.7b-keep4-s42:833:0,833,419,0,0,0,6,63
qwen3-1.7b-keep4-s42,qwen3-1.7b-keep4-s42:833:1,833,325,0,0,0,7,63
qwen3-1.7b-keep4-s42,qwen3-1.7b-keep4-s42:833:2,833,433,0,0,0,9,63
qwen3-1.7b-keep4-s42,qwen3-1.7b-keep4-s42:833:3,833,418,0,0,0,4,63
qwen3-1.7b-keep4-s42,qwen3-1.7b-keep4-s42:833:4,833,291,0,0,0,7,63
qwen3-1.7b-keep4-s42,qwen3-1.7b-keep4-s42:833:5,833,378,0,0,0,8,63
qwen3-1.7b-keep4-s42,qwen3-1.7b-keep4-s42:833:6,833,487,0,0,0,11,63
qwen3-1.7b-keep4-s42,qwen3-1.7b-keep4-s42:833:7,833,416,0,0,0,3,63
qwen3-1.7b-keep4-s42,qwen3-1.7b-keep4-s42:834:0,834,552,0,0,0,3,55
qwen3-1.7b-keep4-s42,qwen3-1.7b-keep4-s42:834:1,834,499,0,0,0,6,55
qwen3-1.7b-keep4-s42,qwen3-1.7b-keep4-s42:834:2,834,500,0,0,0,6,55
qwen3-1.7b-keep4-s42,qwen3-1.7b-keep4-s42:834:3,834,481,0,0,0,4,55
qwen3-1.7b-keep4-s42,qwen3-1.7b-keep4-s42:834:4,834,536,0,0,0,4,55
qwen3-1.7b-keep4-s42,qwen3-1.7b-keep4-s42:834:5,834,364,0,0,0,3,55
qwen3-1.7b-keep4-s42,qwen3-1.7b-keep4-s42:834:6,834,427,0,0,0,3,55
qwen3-1.7b-keep4-s42,qwen3-1.7b-keep4-s42:835:4,835,410,0,0,0,34,89
qwen3-1.7b-keep4-s42,qwen3-1.7b-keep4-s42:835:5,835,372,0,0,0,36,89
qwen3-1.7b-keep4-s42,qwen3-1.7b-keep4-s42:835:6,835,378,0,0,0,42,89
qwen3-1.7b-keep4-s42,qwen3-1.7b-keep4-s42:835:7,835,426,0,0,0,32,89
qwen3-1.7b-keep4-s42,qwen3-1.7b-keep4-s42:836:0,836,440,0,0,0,0,58
qwen3-1.7b-keep4-s42,qwen3-1.7b-keep4-s42:836:1,836,408,0,0,0,0,58
qwen3-1.7b-keep4-s42,qwen3-1.7b-keep4-s42:836:2,836,464,0,0,0,2,58
qwen3-1.7b-keep4-s42,qwen3-1.7b-keep4-s42:836:3,836,461,0,0,0,5,58
qwen3-1.7b-keep4-s42,qwen3-1.7b-keep4-s42:836:4,836,447,0,0,0,3,58
qwen3-1.7b-keep4-s42,qwen3-1.7b-keep4-s42:836:5,836,517,0,0,0,0,58
qwen3-1.7b-keep4-s42,qwen3-1.7b-keep4-s42:836:6,836,416,0,0,0,4,58
qwen3-1.7b-keep4-s42,qwen3-1.7b-keep4-s42:836:7,836,443,0,0,0,0,58
qwen3-1.7b-keep4-s42,qwen3-1.7b-keep4-s42:837:0,837,295,0,0,0,40,86
qwen3-1.7b-keep4-s42,qwen3-1.7b-keep4-s42:837:1,837,357,0,0,0,6,86
qwen3-1.7b-keep4-s42,qwen3-1.7b-keep4-s42:837:2,837,349,0,0,0,9,86
qwen3-1.7b-keep4-s42,qwen3-1.7b-keep4-s42:837:3,837,401,0,0,0,6,86
qwen3-1.7b-keep4-s42,qwen3-1.7b-keep4-s42:837:4,837,383,0,0,0,14,86
qwen3-1.7b-keep4-s42,qwen3-1.7b-keep4-s42:837:5,837,267,0,0,0,10,86
qwen3-1.7b-keep4-s42,qwen3-1.7b-keep4-s42:837:6,837,410,0,0,0,7,86
qwen3-1.7b-keep4-s42,qwen3-1.7b-keep4-s42:838:0,838,545,0,0,0,9,32
qwen3-1.7b-keep4-s42,qwen3-1.7b-keep4-s42:838:1,838,30,0,0,0,8,32
qwen3-1.7b-keep4-s42,qwen3-1.7b-keep4-s42:838:2,838,448,0,0,0,6,32
qwen3-1.7b-keep4-s42,qwen3-1.7b-keep4-s42:838:3,838,462,0,0,0,9,32
qwen3-1.7b-keep4-s42,qwen3-1.7b-keep4-s42:838:5,838,50,0,0,0,8,32
qwen3-1.7b-keep4-s42,qwen3-1.7b-keep4-s42:839:0,839,142,0,0,0,4,41
qwen3-1.7b-keep4-s42,qwen3-1.7b-keep4-s42:839:1,839,377,0,0,0,16,41
qwen3-1.7b-keep4-s42,qwen3-1.7b-keep4-s42:839:2,839,497,0,0,0,3,41
qwen3-1.7b-keep4-s42,qwen3-1.7b-keep4-s42:839:3,839,406,0,0,0,8,41
qwen3-1.7b-keep4-s42,qwen3-1.7b-keep4-s42:839:4,839,381,0,0,0,9,41
qwen3-1.7b-keep4-s42,qwen3-1.7b-keep4-s42:839:5,839,299,0,0,0,9,41
qwen3-1.7b-keep4-s42,qwen3-1.7b-keep4-s42:839:7,839,542,0,0,0,5,41
qwen3-1.7b-keep4-s42,qwen3-1.7b-keep4-s42:840:1,840,404,0,0,0,33,94
qwen3-1.7b-keep4-s42,qwen3-1.7b-keep4-s42:840:2,840,410,0,0,0,39,94
qwen3-1.7b-keep4-s42,qwen3-1.7b-keep4-s42:840:4,840,370,0,0,0,35,94
qwen3-1.7b-keep4-s42,qwen3-1.7b-keep4-s42:840:5,840,435,0,0,0,38,94
qwen3-1.7b-keep4-s42,qwen3-1.7b-keep4-s42:840:6,840,395,0,0,0,33,94
qwen3-1.7b-keep4-s42,qwen3-1.7b-keep4-s42:841:1,841,543,0,0,0,14,48
qwen3-1.7b-keep4-s42,qwen3-1.7b-keep4-s42:841:3,841,425,0,0,0,10,48
qwen3-1.7b-keep4-s42,qwen3-1.7b-keep4-s42:841:4,841,358,0,0,0,21,48
qwen3-1.7b-keep4-s42,qwen3-1.7b-keep4-s42:841:5,841,398,0,0,0,26,48
qwen3-1.7b-keep4-s42,qwen3-1.7b-keep4-s42:841:6,841,446,0,0,0,24,48
qwen3-1.7b-keep4-s42,qwen3-1.7b-keep4-s42:841:7,841,554,0,0,0,13,48
qwen3-1.7b-keep4-s42,qwen3-1.7b-keep4-s42:842:0,842,398,0,0,0,10,102
qwen3-1.7b-keep4-s42,qwen3-1.7b-keep4-s42:842:2,842,404,0,0,0,17,102
qwen3-1.7b-keep4-s42,qwen3-1.7b-keep4-s42:842:5,842,543,0,0,0,15,102
qwen3-1.7b-keep4-s42,qwen3-1.7b-keep4-s42:842:6,842,0,0,0,0,15,102
qwen3-1.7b-keep4-s42,qwen3-1.7b-keep4-s42:843:2,843,509,0,0,0,18,65
qwen3-1.7b-keep4-s42,qwen3-1.7b-keep4-s42:843:3,843,451,0,0,0,20,65
qwen3-1.7b-keep4-s42,qwen3-1.7b-keep4-s42:843:5,843,485,0,0,0,17,65
qwen3-1.7b-keep4-s42,qwen3-1.7b-keep4-s42:843:6,843,560,0,0,0,13,65
qwen3-1.7b-keep4-s42,qwen3-1.7b-keep4-s42:843:7,843,506,0,0,0,26,65
qwen3-1.7b-keep4-s42,qwen3-1.7b-keep4-s42:844:0,844,387,0,0,0,7,70
qwen3-1.7b-keep4-s42,qwen3-1.7b-keep4-s42:844:1,844,394,0,0,0,9,70
qwen3-1.7b-keep4-s42,qwen3-1.7b-keep4-s42:844:2,844,378,0,0,0,9,70
qwen3-1.7b-keep4-s42,qwen3-1.7b-keep4-s42:844:3,844,461,0,0,0,1,70
qwen3-1.7b-keep4-s42,qwen3-1.7b-keep4-s42:844:4,844,496,0,0,0,9,70
qwen3-1.7b-keep4-s42,qwen3-1.7b-keep4-s42:844:5,844,296,0,0,0,2,70
qwen3-1.7b-keep4-s42,qwen3-1.7b-keep4-s42:844:6,844,458,0,0,0,8,70
qwen3-1.7b-keep4-s42,qwen3-1.7b-keep4-s42:844:7,844,526,0,0,0,5,70
qwen3-1.7b-keep4-s42,qwen3-1.7b-keep4-s42:846:0,846,496,0,0,0,13,52
qwen3-1.7b-keep4-s42,qwen3-1.7b-keep4-s42:846:1,846,534,0,0,0,19,52
qwen3-1.7b-keep4-s42,qwen3-1.7b-keep4-s42:846:2,846,391,0,0,0,22,52
qwen3-1.7b-keep4-s42,qwen3-1.7b-keep4-s42:846:3,846,469,0,0,0,18,52
qwen3-1.7b-keep4-s42,qwen3-1.7b-keep4-s42:846:4,846,417,0,0,0,15,52
qwen3-1.7b-keep4-s42,qwen3-1.7b-keep4-s42:846:5,846,457,0,0,0,10,52
qwen3-1.7b-keep4-s42,qwen3-1.7b-keep4-s42:846:6,846,454,0,0,0,12,52
qwen3-1.7b-keep4-s42,qwen3-1.7b-keep4-s42:846:7,846,441,0,0,0,13,52
qwen3-1.7b-keep4-s42,qwen3-1.7b-keep4-s42:847:5,847,416,0,0,0,6,65
qwen3-1.7b-keep4-s42,qwen3-1.7b-keep4-s42:848:0,848,420,0,0,0,12,68
qwen3-1.7b-keep4-s42,qwen3-1.7b-keep4-s42:848:1,848,352,0,0,0,10,68
qwen3-1.7b-keep4-s42,qwen3-1.7b-keep4-s42:848:2,848,377,0,0,0,9,68
qwen3-1.7b-keep4-s42,qwen3-1.7b-keep4-s42:848:3,848,339,0,0,0,4,68
qwen3-1.7b-keep4-s42,qwen3-1.7b-keep4-s42:848:4,848,165,0,0,0,20,68
qwen3-1.7b-keep4-s42,qwen3-1.7b-keep4-s42:848:6,848,405,0,0,0,4,68
qwen3-1.7b-keep4-s42,qwen3-1.7b-keep4-s42:848:7,848,338,0,0,0,14,68
qwen3-1.7b-keep4-s42,qwen3-1.7b-keep4-s42:849:4,849,361,0,0,0,30,71
qwen3-1.7b-keep4-s42,qwen3-1.7b-keep4-s42:849:6,849,3,0,0,0,29,71
qwen3-1.7b-keep4-s42,qwen3-1.7b-keep4-s42:850:0,850,17,0,0,0,32,77
qwen3-1.7b-keep4-s42,qwen3-1.7b-keep4-s42:850:3,850,8,0,0,0,39,77
qwen3-1.7b-keep4-s42,qwen3-1.7b-keep4-s42:850:6,850,443,0,0,0,30,77
qwen3-1.7b-keep4-s42,qwen3-1.7b-keep4-s42:851:1,851,521,0,0,0,19,48
qwen3-1.7b-keep4-s42,qwen3-1.7b-keep4-s42:851:2,851,526,0,0,0,20,48
qwen3-1.7b-keep4-s42,qwen3-1.7b-keep4-s42:851:3,851,458,0,0,0,17,48
qwen3-1.7b-keep4-s42,qwen3-1.7b-keep4-s42:851:4,851,507,0,0,0,4,48
qwen3-1.7b-keep4-s42,qwen3-1.7b-keep4-s42:851:5,851,562,0,0,0,10,48
qwen3-1.7b-keep4-s42,qwen3-1.7b-keep4-s42:851:6,851,461,0,0,0,14,48
qwen3-1.7b-keep4-s42,qwen3-1.7b-keep4-s42:851:7,851,452,0,0,0,16,48
qwen3-1.7b-keep4-s42,qwen3-1.7b-keep4-s42:852:0,852,573,0,0,0,5,31
qwen3-1.7b-keep4-s42,qwen3-1.7b-keep4-s42:852:1,852,549,0,0,0,7,31
qwen3-1.7b-keep4-s42,qwen3-1.7b-keep4-s42:852:2,852,84,1,0,0,3,31
qwen3-1.7b-keep4-s42,qwen3-1.7b-keep4-s42:852:3,852,484,0,0,0,5,31
qwen3-1.7b-keep4-s42,qwen3-1.7b-keep4-s42:852:4,852,0,0,0,0,12,31
qwen3-1.7b-keep4-s42,qwen3-1.7b-keep4-s42:852:5,852,404,0,0,0,9,31
qwen3-1.7b-keep4-s42,qwen3-1.7b-keep4-s42:852:6,852,491,0,0,0,3,31
qwen3-1.7b-keep4-s42,qwen3-1.7b-keep4-s42:853:0,853,190,0,0,0,5,98
qwen3-1.7b-keep4-s42,qwen3-1.7b-keep4-s42:853:1,853,380,0,0,0,6,98
qwen3-1.7b-keep4-s42,qwen3-1.7b-keep4-s42:853:2,853,448,0,0,0,2,98
qwen3-1.7b-keep4-s42,qwen3-1.7b-keep4-s42:853:3,853,383,0,0,0,10,98
qwen3-1.7b-keep4-s42,qwen3-1.7b-keep4-s42:853:4,853,368,0,0,0,2,98
qwen3-1.7b-keep4-s42,qwen3-1.7b-keep4-s42:853:5,853,395,0,0,0,11,98
qwen3-1.7b-keep4-s42,qwen3-1.7b-keep4-s42:853:6,853,213,0,0,0,4,98
qwen3-1.7b-keep4-s42,qwen3-1.7b-keep4-s42:853:7,853,434,0,0,0,5,98
qwen3-1.7b-keep4-s42,qwen3-1.7b-keep4-s42:854:0,854,366,0,0,0,5,88
qwen3-1.7b-keep4-s42,qwen3-1.7b-keep4-s42:854:1,854,362,0,0,0,4,88
qwen3-1.7b-keep4-s42,qwen3-1.7b-keep4-s42:854:2,854,394,0,0,0,4,88
qwen3-1.7b-keep4-s42,qwen3-1.7b-keep4-s42:854:3,854,419,0,0,0,15,88
qwen3-1.7b-keep4-s42,qwen3-1.7b-keep4-s42:854:4,854,281,0,0,0,13,88
qwen3-1.7b-keep4-s42,qwen3-1.7b-keep4-s42:854:5,854,433,0,0,0,15,88
qwen3-1.7b-keep4-s42,qwen3-1.7b-keep4-s42:854:6,854,328,0,0,0,10,88
qwen3-1.7b-keep4-s42,qwen3-1.7b-keep4-s42:854:7,854,382,0,0,0,12,88
qwen3-1.7b-keep4-s42,qwen3-1.7b-keep4-s42:855:0,855,432,0,0,0,26,66
qwen3-1.7b-keep4-s42,qwen3-1.7b-keep4-s42:855:3,855,290,0,0,0,27,66
qwen3-1.7b-keep4-s42,qwen3-1.7b-keep4-s42:855:5,855,362,0,0,0,32,66
qwen3-1.7b-keep4-s42,qwen3-1.7b-keep4-s42:855:6,855,355,0,0,0,21,66
qwen3-1.7b-keep4-s42,qwen3-1.7b-keep4-s42:856:1,856,461,0,0,0,20,39
qwen3-1.7b-keep4-s42,qwen3-1.7b-keep4-s42:856:6,856,410,0,0,0,20,39
qwen3-1.7b-keep4-s42,qwen3-1.7b-keep4-s42:856:7,856,325,0,0,0,23,39
qwen3-1.7b-keep4-s42,qwen3-1.7b-keep4-s42:857:0,857,442,0,0,0,30,50
qwen3-1.7b-keep4-s42,qwen3-1.7b-keep4-s42:857:6,857,519,0,0,0,18,50
qwen3-1.7b-keep4-s42,qwen3-1.7b-keep4-s42:858:0,858,341,0,0,0,18,66
qwen3-1.7b-keep4-s42,qwen3-1.7b-keep4-s42:858:2,858,274,0,0,0,9,66
qwen3-1.7b-keep4-s42,qwen3-1.7b-keep4-s42:858:3,858,431,0,0,0,15,66
qwen3-1.7b-keep4-s42,qwen3-1.7b-keep4-s42:858:4,858,400,0,0,0,20,66
qwen3-1.7b-keep4-s42,qwen3-1.7b-keep4-s42:858:5,858,338,0,0,0,20,66
qwen3-1.7b-keep4-s42,qwen3-1.7b-keep4-s42:858:6,858,439,0,0,0,16,66
qwen3-1.7b-keep4-s42,qwen3-1.7b-keep4-s42:858:7,858,453,0,0,0,11,66
qwen3-1.7b-keep4-s42,qwen3-1.7b-keep4-s42:859:0,859,448,0,0,0,5,53
qwen3-1.7b-keep4-s42,qwen3-1.7b-keep4-s42:859:1,859,531,0,0,0,7,53
qwen3-1.7b-keep4-s42,qwen3-1.7b-keep4-s42:859:2,859,330,0,0,0,4,53
qwen3-1.7b-keep4-s42,qwen3-1.7b-keep4-s42:859:3,859,447,0,0,0,13,53
qwen3-1.7b-keep4-s42,qwen3-1.7b-keep4-s42:859:5,859,406,0,0,0,16,53
qwen3-1.7b-keep4-s42,qwen3-1.7b-keep4-s42:859:6,859,430,0,0,0,6,53
qwen3-1.7b-keep4-s42,qwen3-1.7b-keep4-s42:859:7,859,316,0,0,0,8,53
qwen3-1.7b-keep4-s42,qwen3-1.7b-keep4-s42:860:1,860,557,0,0,0,10,30
qwen3-1.7b-keep4-s42,qwen3-1.7b-keep4-s42:860:2,860,449,0,0,0,9,30
qwen3-1.7b-keep4-s42,qwen3-1.7b-keep4-s42:861:0,861,424,0,0,0,15,62
qwen3-1.7b-keep4-s42,qwen3-1.7b-keep4-s42:861:1,861,357,0,0,0,18,62
qwen3-1.7b-keep4-s42,qwen3-1.7b-keep4-s42:861:2,861,401,0,0,0,18,62
qwen3-1.7b-keep4-s42,qwen3-1.7b-keep4-s42:861:3,861,444,0,0,0,17,62
qwen3-1.7b-keep4-s42,qwen3-1.7b-keep4-s42:861:6,861,458,0,0,0,15,62
qwen3-1.7b-keep4-s42,qwen3-1.7b-keep4-s42:861:7,861,402,0,0,0,16,62
qwen3-1.7b-keep4-s42,qwen3-1.7b-keep4-s42:863:3,863,1,0,0,0,22,51
qwen3-1.7b-keep4-s42,qwen3-1.7b-keep4-s42:863:6,863,1,0,0,0,22,51
qwen3-1.7b-keep4-s42,qwen3-1.7b-keep4-s42:863:7,863,1,0,0,0,18,51
qwen3-1.7b-keep4-s42,qwen3-1.7b-keep4-s42:864:0,864,11,0,0,0,22,46
qwen3-1.7b-keep4-s42,qwen3-1.7b-keep4-s42:864:1,864,533,0,0,0,25,46
qwen3-1.7b-keep4-s42,qwen3-1.7b-keep4-s42:865:0,865,477,0,0,0,0,106
qwen3-1.7b-keep4-s42,qwen3-1.7b-keep4-s42:865:1,865,440,0,0,0,0,106
qwen3-1.7b-keep4-s42,qwen3-1.7b-keep4-s42:865:2,865,403,0,0,0,2,106
qwen3-1.7b-keep4-s42,qwen3-1.7b-keep4-s42:865:3,865,480,0,0,0,0,106
qwen3-1.7b-keep4-s42,qwen3-1.7b-keep4-s42:865:4,865,346,0,0,0,0,106
qwen3-1.7b-keep4-s42,qwen3-1.7b-keep4-s42:865:5,865,498,0,0,0,0,106
qwen3-1.7b-keep4-s42,qwen3-1.7b-keep4-s42:865:6,865,392,0,0,0,2,106
qwen3-1.7b-keep4-s42,qwen3-1.7b-keep4-s42:865:7,865,341,0,0,0,2,106
qwen3-1.7b-keep4-s42,qwen3-1.7b-keep4-s42:866:0,866,157,0,0,0,5,53
qwen3-1.7b-keep4-s42,qwen3-1.7b-keep4-s42:866:1,866,318,0,0,0,12,53
qwen3-1.7b-keep4-s42,qwen3-1.7b-keep4-s42:866:2,866,436,0,0,0,5,53
qwen3-1.7b-keep4-s42,qwen3-1.7b-keep4-s42:866:3,866,421,0,0,0,10,53
qwen3-1.7b-keep4-s42,qwen3-1.7b-keep4-s42:866:4,866,440,0,0,0,17,53
qwen3-1.7b-keep4-s42,qwen3-1.7b-keep4-s42:866:5,866,348,0,0,0,8,53
qwen3-1.7b-keep4-s42,qwen3-1.7b-keep4-s42:866:6,866,412,0,0,0,15,53
qwen3-1.7b-keep4-s42,qwen3-1.7b-keep4-s42:866:7,866,446,0,0,0,3,53
qwen3-1.7b-keep4-s42,qwen3-1.7b-keep4-s42:867:0,867,363,0,0,0,4,72
qwen3-1.7b-keep4-s42,qwen3-1.7b-keep4-s42:867:1,867,361,0,0,0,6,72
qwen3-1.7b-keep4-s42,qwen3-1.7b-keep4-s42:867:2,867,370,0,0,0,1,72
qwen3-1.7b-keep4-s42,qwen3-1.7b-keep4-s42:867:3,867,425,0,0,0,4,72
qwen3-1.7b-keep4-s42,qwen3-1.7b-keep4-s42:867:4,867,513,0,0,0,7,72
qwen3-1.7b-keep4-s42,qwen3-1.7b-keep4-s42:867:5,867,441,0,0,0,2,72
qwen3-1.7b-keep4-s42,qwen3-1.7b-keep4-s42:867:6,867,432,0,0,0,7,72
qwen3-1.7b-keep4-s42,qwen3-1.7b-keep4-s42:867:7,867,417,0,0,0,7,72
qwen3-1.7b-keep4-s42,qwen3-1.7b-keep4-s42:868:0,868,436,0,0,0,13,31
qwen3-1.7b-keep4-s42,qwen3-1.7b-keep4-s42:868:4,868,513,0,0,0,6,31
qwen3-1.7b-keep4-s42,qwen3-1.7b-keep4-s42:868:7,868,453,0,0,0,20,31
qwen3-1.7b-keep4-s42,qwen3-1.7b-keep4-s42:869:0,869,2,0,0,0,15,65
qwen3-1.7b-keep4-s42,qwen3-1.7b-keep4-s42:869:4,869,569,0,0,0,22,65
qwen3-1.7b-keep4-s42,qwen3-1.7b-keep4-s42:870:0,870,382,0,0,0,21,80
qwen3-1.7b-keep4-s42,qwen3-1.7b-keep4-s42:870:1,870,4,0,0,0,15,80
qwen3-1.7b-keep4-s42,qwen3-1.7b-keep4-s42:870:3,870,382,0,0,0,18,80
qwen3-1.7b-keep4-s42,qwen3-1.7b-keep4-s42:870:5,870,385,0,0,0,19,80
qwen3-1.7b-keep4-s42,qwen3-1.7b-keep4-s42:870:7,870,446,0,0,0,17,80
qwen3-1.7b-keep4-s42,qwen3-1.7b-keep4-s42:871:0,871,373,0,0,0,18,74
qwen3-1.7b-keep4-s42,qwen3-1.7b-keep4-s42:871:2,871,423,0,0,0,13,74
qwen3-1.7b-keep4-s42,qwen3-1.7b-keep4-s42:871:3,871,496,0,0,0,15,74
qwen3-1.7b-keep4-s42,qwen3-1.7b-keep4-s42:871:4,871,442,0,0,0,9,74
qwen3-1.7b-keep4-s42,qwen3-1.7b-keep4-s42:871:6,871,404,0,0,0,8,74
qwen3-1.7b-keep4-s42,qwen3-1.7b-keep4-s42:871:7,871,220,0,0,0,19,74
qwen3-1.7b-keep4-s42,qwen3-1.7b-keep4-s42:872:0,872,1,0,0,0,1,89
qwen3-1.7b-keep4-s42,qwen3-1.7b-keep4-s42:872:1,872,368,0,0,0,13,89
qwen3-1.7b-keep4-s42,qwen3-1.7b-keep4-s42:872:2,872,344,0,0,0,8,89
qwen3-1.7b-keep4-s42,qwen3-1.7b-keep4-s42:872:3,872,277,0,0,0,14,89
qwen3-1.7b-keep4-s42,qwen3-1.7b-keep4-s42:872:4,872,461,0,0,0,8,89
qwen3-1.7b-keep4-s42,qwen3-1.7b-keep4-s42:872:7,872,447,0,0,0,12,89
qwen3-1.7b-keep4-s42,qwen3-1.7b-keep4-s42:873:1,873,363,0,0,0,22,58
qwen3-1.7b-keep4-s42,qwen3-1.7b-keep4-s42:873:2,873,482,0,0,0,21,58
qwen3-1.7b-keep4-s42,qwen3-1.7b-keep4-s42:873:6,873,39,0,0,0,12,58
qwen3-1.7b-keep4-s42,qwen3-1.7b-keep4-s42:873:7,873,210,0,0,0,13,58
qwen3-1.7b-keep4-s42,qwen3-1.7b-keep4-s42:874:0,874,264,0,0,0,9,52
qwen3-1.7b-keep4-s42,qwen3-1.7b-keep4-s42:874:1,874,267,0,0,0,5,52
qwen3-1.7b-keep4-s42,qwen3-1.7b-keep4-s42:874:2,874,328,0,0,0,3,52
qwen3-1.7b-keep4-s42,qwen3-1.7b-keep4-s42:874:3,874,315,0,0,0,5,52
qwen3-1.7b-keep4-s42,qwen3-1.7b-keep4-s42:874:4,874,340,0,0,0,5,52
qwen3-1.7b-keep4-s42,qwen3-1.7b-keep4-s42:874:5,874,372,0,0,0,11,52
qwen3-1.7b-keep4-s42,qwen3-1.7b-keep4-s42:874:6,874,312,0,0,0,5,52
qwen3-1.7b-keep4-s42,qwen3-1.7b-keep4-s42:874:7,874,193,0,0,0,8,52
qwen3-1.7b-keep4-s42,qwen3-1.7b-keep4-s42:875:2,875,359,0,0,0,30,102
qwen3-1.7b-keep4-s42,qwen3-1.7b-keep4-s42:875:3,875,4,0,0,0,31,102
qwen3-1.7b-keep4-s42,qwen3-1.7b-keep4-s42:875:4,875,345,0,0,0,26,102
qwen3-1.7b-keep4-s42,qwen3-1.7b-keep4-s42:875:6,875,424,0,0,0,31,102
qwen3-1.7b-keep4-s42,qwen3-1.7b-keep4-s42:875:7,875,325,0,0,0,22,102
qwen3-1.7b-keep4-s42,qwen3-1.7b-keep4-s42:876:0,876,457,0,0,0,1,49
qwen3-1.7b-keep4-s42,qwen3-1.7b-keep4-s42:876:2,876,344,0,0,0,3,49
qwen3-1.7b-keep4-s42,qwen3-1.7b-keep4-s42:876:3,876,387,0,0,0,9,49
qwen3-1.7b-keep4-s42,qwen3-1.7b-keep4-s42:876:4,876,419,0,0,0,15,49
qwen3-1.7b-keep4-s42,qwen3-1.7b-keep4-s42:876:5,876,343,13,0,0,10,49
qwen3-1.7b-keep4-s42,qwen3-1.7b-keep4-s42:876:7,876,368,0,0,0,11,49
qwen3-1.7b-keep4-s42,qwen3-1.7b-keep4-s42:877:2,877,535,0,0,0,6,37
qwen3-1.7b-keep4-s42,qwen3-1.7b-keep4-s42:877:3,877,499,0,0,0,8,37
qwen3-1.7b-keep4-s42,qwen3-1.7b-keep4-s42:877:4,877,568,0,0,0,2,37
qwen3-1.7b-keep4-s42,qwen3-1.7b-keep4-s42:877:5,877,415,0,0,0,10,37
qwen3-1.7b-keep4-s42,qwen3-1.7b-keep4-s42:878:3,878,474,0,0,0,23,62
qwen3-1.7b-keep4-s42,qwen3-1.7b-keep4-s42:878:7,878,569,0,0,0,34,62
qwen3-1.7b-keep4-s42,qwen3-1.7b-keep4-s42:879:0,879,360,0,0,0,16,64
qwen3-1.7b-keep4-s42,qwen3-1.7b-keep4-s42:879:1,879,462,0,0,0,7,64
qwen3-1.7b-keep4-s42,qwen3-1.7b-keep4-s42:879:2,879,396,0,0,0,9,64
qwen3-1.7b-keep4-s42,qwen3-1.7b-keep4-s42:879:3,879,402,0,0,0,11,64
qwen3-1.7b-keep4-s42,qwen3-1.7b-keep4-s42:879:4,879,421,0,0,0,12,64
qwen3-1.7b-keep4-s42,qwen3-1.7b-keep4-s42:879:5,879,403,0,0,0,10,64
qwen3-1.7b-keep4-s42,qwen3-1.7b-keep4-s42:879:6,879,471,0,0,0,6,64
qwen3-1.7b-keep4-s42,qwen3-1.7b-keep4-s42:879:7,879,448,0,0,0,13,64
qwen3-1.7b-keep4-s42,qwen3-1.7b-keep4-s42:880:0,880,384,0,0,0,4,19
qwen3-1.7b-keep4-s42,qwen3-1.7b-keep4-s42:880:1,880,383,0,0,0,7,19
qwen3-1.7b-keep4-s42,qwen3-1.7b-keep4-s42:880:3,880,490,0,0,0,1,19
qwen3-1.7b-keep4-s42,qwen3-1.7b-keep4-s42:880:4,880,447,0,0,0,7,19
qwen3-1.7b-keep4-s42,qwen3-1.7b-keep4-s42:880:5,880,61,1,0,0,4,19
qwen3-1.7b-keep4-s42,qwen3-1.7b-keep4-s42:880:6,880,479,0,0,0,5,19
qwen3-1.7b-keep4-s42,qwen3-1.7b-keep4-s42:880:7,880,485,0,0,0,3,19
qwen3-1.7b-keep4-s42,qwen3-1.7b-keep4-s42:881:0,881,3,0,0,0,32,72
qwen3-1.7b-keep4-s42,qwen3-1.7b-keep4-s42:881:1,881,504,0,0,0,31,72
qwen3-1.7b-keep4-s42,qwen3-1.7b-keep4-s42:881:3,881,515,0,0,0,40,72
qwen3-1.7b-keep4-s42,qwen3-1.7b-keep4-s42:881:4,881,7,0,0,0,35,72
qwen3-1.7b-keep4-s42,qwen3-1.7b-keep4-s42:881:5,881,517,0,0,0,37,72
qwen3-1.7b-keep4-s42,qwen3-1.7b-keep4-s42:881:6,881,8,0,0,0,29,72
qwen3-1.7b-keep4-s42,qwen3-1.7b-keep4-s42:881:7,881,463,0,0,0,31,72
qwen3-1.7b-keep4-s42,qwen3-1.7b-keep4-s42:882:0,882,345,0,0,0,3,37
qwen3-1.7b-keep4-s42,qwen3-1.7b-keep4-s42:882:1,882,458,0,0,0,6,37
qwen3-1.7b-keep4-s42,qwen3-1.7b-keep4-s42:882:2,882,295,0,0,0,6,37
qwen3-1.7b-keep4-s42,qwen3-1.7b-keep4-s42:882:3,882,264,0,0,0,2,37
qwen3-1.7b-keep4-s42,qwen3-1.7b-keep4-s42:882:4,882,312,0,0,0,4,37
qwen3-1.7b-keep4-s42,qwen3-1.7b-keep4-s42:882:5,882,259,0,0,0,5,37
qwen3-1.7b-keep4-s42,qwen3-1.7b-keep4-s42:882:6,882,1,0,0,0,5,37
qwen3-1.7b-keep4-s42,qwen3-1.7b-keep4-s42:882:7,882,304,0,0,0,5,37
qwen3-1.7b-keep4-s42,qwen3-1.7b-keep4-s42:883:4,883,448,0,0,0,3,26
qwen3-1.7b-keep4-s42,qwen3-1.7b-keep4-s42:883:5,883,329,0,0,0,5,26
qwen3-1.7b-keep4-s42,qwen3-1.7b-keep4-s42:883:6,883,482,0,0,0,4,26
qwen3-1.7b-keep4-s42,qwen3-1.7b-keep4-s42:884:0,884,468,0,0,0,10,70
qwen3-1.7b-keep4-s42,qwen3-1.7b-keep4-s42:884:1,884,441,0,0,0,26,70
qwen3-1.7b-keep4-s42,qwen3-1.7b-keep4-s42:884:2,884,17,0,0,0,21,70
qwen3-1.7b-keep4-s42,qwen3-1.7b-keep4-s42:884:3,884,372,0,0,0,6,70
qwen3-1.7b-keep4-s42,qwen3-1.7b-keep4-s42:884:4,884,439,0,0,0,29,70
qwen3-1.7b-keep4-s42,qwen3-1.7b-keep4-s42:884:5,884,2,0,0,0,22,70
qwen3-1.7b-keep4-s42,qwen3-1.7b-keep4-s42:885:0,885,378,0,0,0,1,61
qwen3-1.7b-keep4-s42,qwen3-1.7b-keep4-s42:885:1,885,389,0,0,0,1,61
qwen3-1.7b-keep4-s42,qwen3-1.7b-keep4-s42:885:2,885,408,0,0,0,2,61
qwen3-1.7b-keep4-s42,qwen3-1.7b-keep4-s42:885:3,885,410,0,0,0,2,61
qwen3-1.7b-keep4-s42,qwen3-1.7b-keep4-s42:885:4,885,402,0,0,0,3,61
qwen3-1.7b-keep4-s42,qwen3-1.7b-keep4-s42:885:5,885,393,0,0,0,3,61
qwen3-1.7b-keep4-s42,qwen3-1.7b-keep4-s42:885:6,885,520,0,0,0,2,61
qwen3-1.7b-keep4-s42,qwen3-1.7b-keep4-s42:885:7,885,298,0,0,0,1,61
qwen3-1.7b-keep4-s42,qwen3-1.7b-keep4-s42:886:0,886,590,0,0,0,20,40
qwen3-1.7b-keep4-s42,qwen3-1.7b-keep4-s42:886:1,886,385,0,0,0,20,40
qwen3-1.7b-keep4-s42,qwen3-1.7b-keep4-s42:886:2,886,345,0,0,0,19,40
qwen3-1.7b-keep4-s42,qwen3-1.7b-keep4-s42:886:3,886,429,0,0,0,19,40
qwen3-1.7b-keep4-s42,qwen3-1.7b-keep4-s42:886:4,886,579,0,0,0,13,40
qwen3-1.7b-keep4-s42,qwen3-1.7b-keep4-s42:886:5,886,378,0,0,0,13,40
qwen3-1.7b-keep4-s42,qwen3-1.7b-keep4-s42:886:6,886,387,0,0,0,25,40
qwen3-1.7b-keep4-s42,qwen3-1.7b-keep4-s42:886:7,886,4,0,0,0,24,40
qwen3-1.7b-keep4-s42,qwen3-1.7b-keep4-s42:887:0,887,256,0,0,0,1,55
qwen3-1.7b-keep4-s42,qwen3-1.7b-keep4-s42:887:1,887,405,0,0,0,10,55
qwen3-1.7b-keep4-s42,qwen3-1.7b-keep4-s42:887:2,887,408,0,0,0,5,55
qwen3-1.7b-keep4-s42,qwen3-1.7b-keep4-s42:887:3,887,381,0,0,0,8,55
qwen3-1.7b-keep4-s42,qwen3-1.7b-keep4-s42:887:4,887,282,0,0,0,6,55
qwen3-1.7b-keep4-s42,qwen3-1.7b-keep4-s42:887:5,887,276,0,0,0,2,55
qwen3-1.7b-keep4-s42,qwen3-1.7b-keep4-s42:887:6,887,370,0,0,0,11,55
qwen3-1.7b-keep4-s42,qwen3-1.7b-keep4-s42:887:7,887,470,0,0,0,1,55
qwen3-1.7b-keep4-s42,qwen3-1.7b-keep4-s42:888:0,888,406,0,0,0,7,82
qwen3-1.7b-keep4-s42,qwen3-1.7b-keep4-s42:888:1,888,450,0,0,0,5,82
qwen3-1.7b-keep4-s42,qwen3-1.7b-keep4-s42:888:2,888,419,0,0,0,1,82
qwen3-1.7b-keep4-s42,qwen3-1.7b-keep4-s42:888:3,888,446,0,0,0,1,82
qwen3-1.7b-keep4-s42,qwen3-1.7b-keep4-s42:888:4,888,391,0,0,0,4,82
qwen3-1.7b-keep4-s42,qwen3-1.7b-keep4-s42:888:5,888,417,0,0,0,3,82
qwen3-1.7b-keep4-s42,qwen3-1.7b-keep4-s42:888:6,888,305,0,0,0,1,82
qwen3-1.7b-keep4-s42,qwen3-1.7b-keep4-s42:888:7,888,421,0,0,0,5,82
qwen3-1.7b-keep4-s42,qwen3-1.7b-keep4-s42:889:0,889,1,0,0,0,11,28
qwen3-1.7b-keep4-s42,qwen3-1.7b-keep4-s42:889:1,889,380,0,0,0,4,28
qwen3-1.7b-keep4-s42,qwen3-1.7b-keep4-s42:889:2,889,488,0,0,0,11,28
qwen3-1.7b-keep4-s42,qwen3-1.7b-keep4-s42:889:4,889,478,0,0,0,10,28
qwen3-1.7b-keep4-s42,qwen3-1.7b-keep4-s42:889:7,889,464,0,0,0,4,28
qwen3-1.7b-keep4-s42,qwen3-1.7b-keep4-s42:890:0,890,260,0,0,0,23,66
qwen3-1.7b-keep4-s42,qwen3-1.7b-keep4-s42:890:1,890,335,0,0,0,19,66
qwen3-1.7b-keep4-s42,qwen3-1.7b-keep4-s42:891:0,891,465,0,0,0,21,82
qwen3-1.7b-keep4-s42,qwen3-1.7b-keep4-s42:891:1,891,482,0,0,0,14,82
qwen3-1.7b-keep4-s42,qwen3-1.7b-keep4-s42:891:2,891,378,0,0,0,22,82
qwen3-1.7b-keep4-s42,qwen3-1.7b-keep4-s42:891:5,891,471,0,0,0,15,82
qwen3-1.7b-keep4-s42,qwen3-1.7b-keep4-s42:892:0,892,507,0,0,0,8,35
qwen3-1.7b-keep4-s42,qwen3-1.7b-keep4-s42:892:1,892,440,0,0,0,8,35
qwen3-1.7b-keep4-s42,qwen3-1.7b-keep4-s42:892:2,892,473,0,0,0,9,35
qwen3-1.7b-keep4-s42,qwen3-1.7b-keep4-s42:892:3,892,426,0,0,0,8,35
qwen3-1.7b-keep4-s42,qwen3-1.7b-keep4-s42:892:4,892,488,0,0,0,7,35
qwen3-1.7b-keep4-s42,qwen3-1.7b-keep4-s42:892:5,892,472,0,0,0,9,35
qwen3-1.7b-keep4-s42,qwen3-1.7b-keep4-s42:892:6,892,445,0,0,0,10,35
qwen3-1.7b-keep4-s42,qwen3-1.7b-keep4-s42:892:7,892,534,0,0,0,8,35
qwen3-1.7b-keep4-s42,qwen3-1.7b-keep4-s42:893:3,893,328,0,0,0,21,38
qwen3-1.7b-keep4-s42,qwen3-1.7b-keep4-s42:894:0,894,455,0,0,0,8,59
qwen3-1.7b-keep4-s42,qwen3-1.7b-keep4-s42:894:1,894,285,0,0,0,16,59
qwen3-1.7b-keep4-s42,qwen3-1.7b-keep4-s42:894:2,894,418,0,0,0,11,59
qwen3-1.7b-keep4-s42,qwen3-1.7b-keep4-s42:894:4,894,427,0,0,0,10,59
qwen3-1.7b-keep4-s42,qwen3-1.7b-keep4-s42:894:5,894,465,0,0,0,14,59
qwen3-1.7b-keep4-s42,qwen3-1.7b-keep4-s42:894:6,894,23,0,0,0,9,59
qwen3-1.7b-keep4-s42,qwen3-1.7b-keep4-s42:894:7,894,424,0,0,0,12,59
qwen3-1.7b-keep4-s42,qwen3-1.7b-keep4-s42:895:3,895,469,0,0,0,30,66
qwen3-1.7b-keep4-s42,qwen3-1.7b-keep4-s42:895:5,895,392,0,0,0,17,66
qwen3-1.7b-keep4-s42,qwen3-1.7b-keep4-s42:896:0,896,410,0,0,0,9,89
qwen3-1.7b-keep4-s42,qwen3-1.7b-keep4-s42:896:1,896,395,0,0,0,5,89
qwen3-1.7b-keep4-s42,qwen3-1.7b-keep4-s42:896:2,896,375,0,0,0,13,89
qwen3-1.7b-keep4-s42,qwen3-1.7b-keep4-s42:896:3,896,387,0,0,0,5,89
qwen3-1.7b-keep4-s42,qwen3-1.7b-keep4-s42:896:4,896,322,0,0,0,7,89
qwen3-1.7b-keep4-s42,qwen3-1.7b-keep4-s42:896:5,896,338,0,0,0,5,89
qwen3-1.7b-keep4-s42,qwen3-1.7b-keep4-s42:896:6,896,350,0,0,0,5,89
qwen3-1.7b-keep4-s42,qwen3-1.7b-keep4-s42:896:7,896,410,0,0,0,6,89
qwen3-1.7b-keep4-s42,qwen3-1.7b-keep4-s42:897:0,897,462,0,0,0,6,54
qwen3-1.7b-keep4-s42,qwen3-1.7b-keep4-s42:897:1,897,4,0,0,0,10,54
qwen3-1.7b-keep4-s42,qwen3-1.7b-keep4-s42:897:2,897,385,0,0,0,9,54
qwen3-1.7b-keep4-s42,qwen3-1.7b-keep4-s42:897:3,897,488,0,0,0,7,54
qwen3-1.7b-keep4-s42,qwen3-1.7b-keep4-s42:897:5,897,423,0,0,0,7,54
qwen3-1.7b-keep4-s42,qwen3-1.7b-keep4-s42:897:6,897,478,0,0,0,2,54
qwen3-1.7b-keep4-s42,qwen3-1.7b-keep4-s42:898:0,898,551,0,0,0,16,37
qwen3-1.7b-keep4-s42,qwen3-1.7b-keep4-s42:898:1,898,514,0,0,0,4,37
qwen3-1.7b-keep4-s42,qwen3-1.7b-keep4-s42:898:2,898,429,0,0,0,7,37
qwen3-1.7b-keep4-s42,qwen3-1.7b-keep4-s42:898:3,898,494,0,0,0,11,37
qwen3-1.7b-keep4-s42,qwen3-1.7b-keep4-s42:898:4,898,430,0,0,0,6,37
qwen3-1.7b-keep4-s42,qwen3-1.7b-keep4-s42:898:7,898,666,0,0,0,4,37
qwen3-1.7b-keep4-s42,qwen3-1.7b-keep4-s42:899:2,899,381,0,0,0,26,41
qwen3-1.7b-keep4-s42,qwen3-1.7b-keep4-s42:899:3,899,519,0,0,0,25,41
qwen3-1.7b-keep4-s42,qwen3-1.7b-keep4-s42:900:0,900,350,0,0,0,2,45
qwen3-1.7b-keep4-s42,qwen3-1.7b-keep4-s42:900:2,900,297,0,0,0,3,45
qwen3-1.7b-keep4-s42,qwen3-1.7b-keep4-s42:900:3,900,313,0,0,0,3,45
qwen3-1.7b-keep4-s42,qwen3-1.7b-keep4-s42:900:4,900,349,0,0,0,2,45
qwen3-1.7b-keep4-s42,qwen3-1.7b-keep4-s42:900:5,900,351,0,0,0,6,45
qwen3-1.7b-keep4-s42,qwen3-1.7b-keep4-s42:900:6,900,417,0,0,0,14,45
qwen3-1.7b-keep4-s42,qwen3-1.7b-keep4-s42:900:7,900,480,0,0,0,15,45
qwen3-1.7b-keep4-s42,qwen3-1.7b-keep4-s42:901:0,901,298,0,0,0,9,69
qwen3-1.7b-keep4-s42,qwen3-1.7b-keep4-s42:901:1,901,504,0,0,0,7,69
qwen3-1.7b-keep4-s42,qwen3-1.7b-keep4-s42:901:2,901,421,0,0,0,13,69
qwen3-1.7b-keep4-s42,qwen3-1.7b-keep4-s42:901:3,901,449,0,0,0,13,69
qwen3-1.7b-keep4-s42,qwen3-1.7b-keep4-s42:901:4,901,439,0,0,0,11,69
qwen3-1.7b-keep4-s42,qwen3-1.7b-keep4-s42:901:5,901,473,0,0,0,13,69
qwen3-1.7b-keep4-s42,qwen3-1.7b-keep4-s42:901:6,901,407,0,0,0,15,69
qwen3-1.7b-keep4-s42,qwen3-1.7b-keep4-s42:901:7,901,489,0,0,0,10,69
qwen3-1.7b-keep4-s42,qwen3-1.7b-keep4-s42:902:0,902,413,0,0,0,14,49
qwen3-1.7b-keep4-s42,qwen3-1.7b-keep4-s42:902:2,902,421,0,0,0,16,49
qwen3-1.7b-keep4-s42,qwen3-1.7b-keep4-s42:902:3,902,352,0,0,0,12,49
qwen3-1.7b-keep4-s42,qwen3-1.7b-keep4-s42:902:4,902,401,0,0,0,11,49
qwen3-1.7b-keep4-s42,qwen3-1.7b-keep4-s42:902:6,902,413,0,0,0,13,49
qwen3-1.7b-keep4-s42,qwen3-1.7b-keep4-s42:903:0,903,30,0,0,0,35,69
qwen3-1.7b-keep4-s42,qwen3-1.7b-keep4-s42:904:0,904,364,0,0,0,8,38
qwen3-1.7b-keep4-s42,qwen3-1.7b-keep4-s42:904:1,904,503,0,0,0,10,38
qwen3-1.7b-keep4-s42,qwen3-1.7b-keep4-s42:904:2,904,463,0,0,0,10,38
qwen3-1.7b-keep4-s42,qwen3-1.7b-keep4-s42:904:3,904,418,0,0,0,9,38
qwen3-1.7b-keep4-s42,qwen3-1.7b-keep4-s42:904:4,904,399,0,0,0,7,38
qwen3-1.7b-keep4-s42,qwen3-1.7b-keep4-s42:904:5,904,489,0,0,0,10,38
qwen3-1.7b-keep4-s42,qwen3-1.7b-keep4-s42:904:6,904,528,0,0,0,10,38
qwen3-1.7b-keep4-s42,qwen3-1.7b-keep4-s42:904:7,904,467,0,0,0,7,38
qwen3-1.7b-keep4-s42,qwen3-1.7b-keep4-s42:905:1,905,328,0,0,0,19,69
qwen3-1.7b-keep4-s42,qwen3-1.7b-keep4-s42:905:2,905,475,0,0,0,24,69
qwen3-1.7b-keep4-s42,qwen3-1.7b-keep4-s42:905:3,905,352,0,0,0,29,69
qwen3-1.7b-keep4-s42,qwen3-1.7b-keep4-s42:905:6,905,362,0,0,0,22,69
qwen3-1.7b-keep4-s42,qwen3-1.7b-keep4-s42:906:0,906,328,0,0,0,1,30
qwen3-1.7b-keep4-s42,qwen3-1.7b-keep4-s42:906:2,906,408,0,0,0,0,30
qwen3-1.7b-keep4-s42,qwen3-1.7b-keep4-s42:906:3,906,382,0,0,0,0,30
qwen3-1.7b-keep4-s42,qwen3-1.7b-keep4-s42:906:5,906,443,0,0,0,1,30
qwen3-1.7b-keep4-s42,qwen3-1.7b-keep4-s42:907:1,907,44,0,0,0,29,84
qwen3-1.7b-keep4-s42,qwen3-1.7b-keep4-s42:908:0,908,447,0,0,0,4,29
qwen3-1.7b-keep4-s42,qwen3-1.7b-keep4-s42:908:1,908,470,0,0,0,4,29
qwen3-1.7b-keep4-s42,qwen3-1.7b-keep4-s42:908:3,908,518,0,0,0,7,29
qwen3-1.7b-keep4-s42,qwen3-1.7b-keep4-s42:908:4,908,380,0,0,0,5,29
qwen3-1.7b-keep4-s42,qwen3-1.7b-keep4-s42:908:5,908,399,0,0,0,5,29
qwen3-1.7b-keep4-s42,qwen3-1.7b-keep4-s42:908:6,908,462,0,0,0,4,29
qwen3-1.7b-keep4-s42,qwen3-1.7b-keep4-s42:908:7,908,448,0,0,0,3,29
qwen3-1.7b-keep4-s42,qwen3-1.7b-keep4-s42:910:1,910,409,0,0,0,4,57
qwen3-1.7b-keep4-s42,qwen3-1.7b-keep4-s42:910:2,910,295,0,0,0,13,57
qwen3-1.7b-keep4-s42,qwen3-1.7b-keep4-s42:910:4,910,308,0,0,0,1,57
qwen3-1.7b-keep4-s42,qwen3-1.7b-keep4-s42:910:5,910,412,0,0,0,23,57
qwen3-1.7b-keep4-s42,qwen3-1.7b-keep4-s42:910:6,910,287,0,0,0,13,57
qwen3-1.7b-keep4-s42,qwen3-1.7b-keep4-s42:910:7,910,439,0,0,0,16,57
qwen3-1.7b-keep4-s42,qwen3-1.7b-keep4-s42:911:0,911,459,0,0,0,9,33
qwen3-1.7b-keep4-s42,qwen3-1.7b-keep4-s42:911:1,911,365,0,0,0,8,33
qwen3-1.7b-keep4-s42,qwen3-1.7b-keep4-s42:911:2,911,529,0,0,0,10,33
qwen3-1.7b-keep4-s42,qwen3-1.7b-keep4-s42:911:3,911,548,0,0,0,10,33
qwen3-1.7b-keep4-s42,qwen3-1.7b-keep4-s42:911:4,911,551,0,0,0,4,33
qwen3-1.7b-keep4-s42,qwen3-1.7b-keep4-s42:911:5,911,455,0,0,0,8,33
qwen3-1.7b-keep4-s42,qwen3-1.7b-keep4-s42:911:6,911,514,0,0,0,11,33
qwen3-1.7b-keep4-s42,qwen3-1.7b-keep4-s42:911:7,911,418,0,0,0,4,33
qwen3-1.7b-keep4-s42,qwen3-1.7b-keep4-s42:912:0,912,422,0,0,0,2,50
qwen3-1.7b-keep4-s42,qwen3-1.7b-keep4-s42:912:2,912,397,0,0,0,20,50
qwen3-1.7b-keep4-s42,qwen3-1.7b-keep4-s42:912:3,912,518,0,0,0,13,50
qwen3-1.7b-keep4-s42,qwen3-1.7b-keep4-s42:912:4,912,0,0,0,0,24,50
qwen3-1.7b-keep4-s42,qwen3-1.7b-keep4-s42:912:5,912,400,0,0,0,9,50
qwen3-1.7b-keep4-s42,qwen3-1.7b-keep4-s42:912:6,912,445,0,0,0,0,50
qwen3-1.7b-keep4-s42,qwen3-1.7b-keep4-s42:912:7,912,283,0,0,0,31,50
qwen3-1.7b-keep4-s42,qwen3-1.7b-keep4-s42:913:0,913,320,0,0,0,19,57
qwen3-1.7b-keep4-s42,qwen3-1.7b-keep4-s42:913:1,913,7,0,0,0,24,57
qwen3-1.7b-keep4-s42,qwen3-1.7b-keep4-s42:913:2,913,299,0,0,0,25,57
qwen3-1.7b-keep4-s42,qwen3-1.7b-keep4-s42:914:0,914,544,0,0,0,5,42
qwen3-1.7b-keep4-s42,qwen3-1.7b-keep4-s42:914:1,914,460,0,0,0,2,42
qwen3-1.7b-keep4-s42,qwen3-1.7b-keep4-s42:914:2,914,518,0,0,0,3,42
qwen3-1.7b-keep4-s42,qwen3-1.7b-keep4-s42:914:3,914,443,0,0,0,2,42
qwen3-1.7b-keep4-s42,qwen3-1.7b-keep4-s42:914:4,914,467,0,0,0,4,42
qwen3-1.7b-keep4-s42,qwen3-1.7b-keep4-s42:914:5,914,472,0,0,0,4,42
qwen3-1.7b-keep4-s42,qwen3-1.7b-keep4-s42:914:6,914,451,0,0,0,8,42
qwen3-1.7b-keep4-s42,qwen3-1.7b-keep4-s42:914:7,914,396,0,0,0,4,42
qwen3-1.7b-keep4-s42,qwen3-1.7b-keep4-s42:915:0,915,473,0,0,0,12,54
qwen3-1.7b-keep4-s42,qwen3-1.7b-keep4-s42:915:1,915,503,0,0,0,13,54
qwen3-1.7b-keep4-s42,qwen3-1.7b-keep4-s42:915:2,915,452,0,0,0,14,54
qwen3-1.7b-keep4-s42,qwen3-1.7b-keep4-s42:915:4,915,431,0,0,0,10,54
qwen3-1.7b-keep4-s42,qwen3-1.7b-keep4-s42:915:5,915,512,0,0,0,18,54
qwen3-1.7b-keep4-s42,qwen3-1.7b-keep4-s42:915:6,915,390,0,0,0,10,54
qwen3-1.7b-keep4-s42,qwen3-1.7b-keep4-s42:915:7,915,457,0,0,0,8,54
qwen3-1.7b-keep4-s42,qwen3-1.7b-keep4-s42:916:0,916,460,0,0,0,6,121
qwen3-1.7b-keep4-s42,qwen3-1.7b-keep4-s42:916:1,916,387,0,0,0,9,121
qwen3-1.7b-keep4-s42,qwen3-1.7b-keep4-s42:916:2,916,435,0,0,0,5,121
qwen3-1.7b-keep4-s42,qwen3-1.7b-keep4-s42:916:3,916,453,0,0,0,7,121
qwen3-1.7b-keep4-s42,qwen3-1.7b-keep4-s42:916:4,916,461,0,0,0,7,121
qwen3-1.7b-keep4-s42,qwen3-1.7b-keep4-s42:916:5,916,415,0,0,0,4,121
qwen3-1.7b-keep4-s42,qwen3-1.7b-keep4-s42:916:6,916,361,0,0,0,12,121
qwen3-1.7b-keep4-s42,qwen3-1.7b-keep4-s42:916:7,916,366,0,0,0,4,121
qwen3-1.7b-keep4-s42,qwen3-1.7b-keep4-s42:917:0,917,274,0,0,0,28,82
qwen3-1.7b-keep4-s42,qwen3-1.7b-keep4-s42:917:1,917,326,0,0,0,17,82
qwen3-1.7b-keep4-s42,qwen3-1.7b-keep4-s42:917:2,917,271,0,0,0,23,82
qwen3-1.7b-keep4-s42,qwen3-1.7b-keep4-s42:917:3,917,357,0,0,0,19,82
qwen3-1.7b-keep4-s42,qwen3-1.7b-keep4-s42:917:5,917,365,0,0,0,10,82
qwen3-1.7b-keep4-s42,qwen3-1.7b-keep4-s42:917:6,917,8,0,0,0,19,82
qwen3-1.7b-keep4-s42,qwen3-1.7b-keep4-s42:917:7,917,317,0,0,0,26,82
qwen3-1.7b-keep4-s42,qwen3-1.7b-keep4-s42:918:0,918,415,0,0,0,9,70
qwen3-1.7b-keep4-s42,qwen3-1.7b-keep4-s42:918:1,918,397,0,0,0,8,70
qwen3-1.7b-keep4-s42,qwen3-1.7b-keep4-s42:918:2,918,479,0,0,0,3,70
qwen3-1.7b-keep4-s42,qwen3-1.7b-keep4-s42:918:3,918,504,0,0,0,11,70
qwen3-1.7b-keep4-s42,qwen3-1.7b-keep4-s42:918:4,918,407,0,0,0,6,70
qwen3-1.7b-keep4-s42,qwen3-1.7b-keep4-s42:918:6,918,407,0,0,0,9,70
qwen3-1.7b-keep4-s42,qwen3-1.7b-keep4-s42:918:7,918,461,0,0,0,5,70
qwen3-1.7b-keep4-s42,qwen3-1.7b-keep4-s42:919:3,919,37,0,0,0,15,27
qwen3-1.7b-keep4-s42,qwen3-1.7b-keep4-s42:919:5,919,0,0,0,0,13,27
qwen3-1.7b-keep4-s42,qwen3-1.7b-keep4-s42:920:0,920,511,0,0,0,21,56
qwen3-1.7b-keep4-s42,qwen3-1.7b-keep4-s42:920:1,920,486,0,0,0,25,56
qwen3-1.7b-keep4-s42,qwen3-1.7b-keep4-s42:920:6,920,543,0,0,0,11,56
qwen3-1.7b-keep4-s42,qwen3-1.7b-keep4-s42:920:7,920,532,0,0,0,13,56
qwen3-1.7b-keep4-s42,qwen3-1.7b-keep4-s42:921:1,921,400,0,0,0,14,57
qwen3-1.7b-keep4-s42,qwen3-1.7b-keep4-s42:921:5,921,87,0,0,0,13,57
qwen3-1.7b-keep4-s42,qwen3-1.7b-keep4-s42:923:0,923,309,0,0,0,31,68
qwen3-1.7b-keep4-s42,qwen3-1.7b-keep4-s42:923:3,923,379,0,0,0,22,68
qwen3-1.7b-keep4-s42,qwen3-1.7b-keep4-s42:923:4,923,348,0,0,0,29,68
qwen3-1.7b-keep4-s42,qwen3-1.7b-keep4-s42:923:5,923,16,0,0,0,33,68
qwen3-1.7b-keep4-s42,qwen3-1.7b-keep4-s42:923:6,923,421,0,0,0,32,68
qwen3-1.7b-keep4-s42,qwen3-1.7b-keep4-s42:923:7,923,30,0,0,0,30,68
qwen3-1.7b-keep4-s42,qwen3-1.7b-keep4-s42:924:0,924,537,0,0,0,15,32
qwen3-1.7b-keep4-s42,qwen3-1.7b-keep4-s42:924:4,924,354,0,0,0,22,32
qwen3-1.7b-keep4-s42,qwen3-1.7b-keep4-s42:924:5,924,13,0,0,0,8,32
qwen3-1.7b-keep4-s42,qwen3-1.7b-keep4-s42:925:0,925,427,0,0,0,8,49
qwen3-1.7b-keep4-s42,qwen3-1.7b-keep4-s42:925:1,925,526,0,0,0,11,49
qwen3-1.7b-keep4-s42,qwen3-1.7b-keep4-s42:925:2,925,400,0,0,0,8,49
qwen3-1.7b-keep4-s42,qwen3-1.7b-keep4-s42:925:3,925,546,0,0,0,8,49
qwen3-1.7b-keep4-s42,qwen3-1.7b-keep4-s42:925:4,925,497,0,0,0,16,49
qwen3-1.7b-keep4-s42,qwen3-1.7b-keep4-s42:925:5,925,546,0,0,0,8,49
qwen3-1.7b-keep4-s42,qwen3-1.7b-keep4-s42:925:6,925,393,0,0,0,16,49
qwen3-1.7b-keep4-s42,qwen3-1.7b-keep4-s42:925:7,925,404,0,0,0,14,49
qwen3-1.7b-keep4-s42,qwen3-1.7b-keep4-s42:926:0,926,473,0,0,0,20,98
qwen3-1.7b-keep4-s42,qwen3-1.7b-keep4-s42:926:1,926,165,0,0,0,27,98
qwen3-1.7b-keep4-s42,qwen3-1.7b-keep4-s42:926:2,926,405,0,0,0,22,98
qwen3-1.7b-keep4-s42,qwen3-1.7b-keep4-s42:926:3,926,405,0,0,0,23,98
qwen3-1.7b-keep4-s42,qwen3-1.7b-keep4-s42:926:4,926,386,0,0,0,21,98
qwen3-1.7b-keep4-s42,qwen3-1.7b-keep4-s42:926:5,926,545,75,0,3,14,98
qwen3-1.7b-keep4-s42,qwen3-1.7b-keep4-s42:926:6,926,331,0,0,0,17,98
qwen3-1.7b-keep4-s42,qwen3-1.7b-keep4-s42:926:7,926,404,0,0,0,24,98
qwen3-1.7b-keep4-s42,qwen3-1.7b-keep4-s42:927:5,927,389,0,0,0,2,5
qwen3-1.7b-keep4-s42,qwen3-1.7b-keep4-s42:928:0,928,341,0,0,0,41,82
qwen3-1.7b-keep4-s42,qwen3-1.7b-keep4-s42:928:1,928,461,0,0,0,37,82
qwen3-1.7b-keep4-s42,qwen3-1.7b-keep4-s42:928:2,928,386,0,0,0,40,82
qwen3-1.7b-keep4-s42,qwen3-1.7b-keep4-s42:928:5,928,407,0,0,0,32,82
qwen3-1.7b-keep4-s42,qwen3-1.7b-keep4-s42:928:7,928,430,0,0,0,37,82
qwen3-1.7b-keep4-s42,qwen3-1.7b-keep4-s42:929:0,929,485,0,0,0,12,49
qwen3-1.7b-keep4-s42,qwen3-1.7b-keep4-s42:929:1,929,464,0,0,0,14,49
qwen3-1.7b-keep4-s42,qwen3-1.7b-keep4-s42:929:2,929,453,0,0,0,20,49
qwen3-1.7b-keep4-s42,qwen3-1.7b-keep4-s42:929:4,929,68,0,0,0,13,49
qwen3-1.7b-keep4-s42,qwen3-1.7b-keep4-s42:929:5,929,419,0,0,0,14,49
qwen3-1.7b-keep4-s42,qwen3-1.7b-keep4-s42:929:6,929,490,0,0,0,25,49
qwen3-1.7b-keep4-s42,qwen3-1.7b-keep4-s42:929:7,929,531,0,0,0,11,49
qwen3-1.7b-keep4-s42,qwen3-1.7b-keep4-s42:931:0,931,359,0,0,0,37,75
qwen3-1.7b-keep4-s42,qwen3-1.7b-keep4-s42:931:2,931,1,0,0,0,44,75
qwen3-1.7b-keep4-s42,qwen3-1.7b-keep4-s42:931:3,931,341,0,0,0,16,75
qwen3-1.7b-keep4-s42,qwen3-1.7b-keep4-s42:931:4,931,361,0,0,0,21,75
qwen3-1.7b-keep4-s42,qwen3-1.7b-keep4-s42:932:0,932,335,0,0,0,7,111
qwen3-1.7b-keep4-s42,qwen3-1.7b-keep4-s42:932:1,932,53,0,0,0,12,111
qwen3-1.7b-keep4-s42,qwen3-1.7b-keep4-s42:932:2,932,418,0,0,0,42,111
qwen3-1.7b-keep4-s42,qwen3-1.7b-keep4-s42:932:3,932,428,0,0,0,30,111
qwen3-1.7b-keep4-s42,qwen3-1.7b-keep4-s42:932:4,932,419,0,0,0,44,111
qwen3-1.7b-keep4-s42,qwen3-1.7b-keep4-s42:932:5,932,139,0,0,0,42,111
qwen3-1.7b-keep4-s42,qwen3-1.7b-keep4-s42:932:6,932,5,0,0,0,25,111
qwen3-1.7b-keep4-s42,qwen3-1.7b-keep4-s42:932:7,932,198,0,0,0,11,111
qwen3-1.7b-keep4-s42,qwen3-1.7b-keep4-s42:933:6,933,608,0,0,0,12,41
qwen3-1.7b-keep4-s42,qwen3-1.7b-keep4-s42:935:0,935,399,0,0,0,2,29
qwen3-1.7b-keep4-s42,qwen3-1.7b-keep4-s42:935:1,935,289,0,0,0,3,29
qwen3-1.7b-keep4-s42,qwen3-1.7b-keep4-s42:935:2,935,345,0,0,0,5,29
qwen3-1.7b-keep4-s42,qwen3-1.7b-keep4-s42:935:4,935,288,0,0,0,12,29
qwen3-1.7b-keep4-s42,qwen3-1.7b-keep4-s42:935:5,935,333,0,0,0,4,29
qwen3-1.7b-keep4-s42,qwen3-1.7b-keep4-s42:935:6,935,196,0,0,0,4,29
qwen3-1.7b-keep4-s42,qwen3-1.7b-keep4-s42:935:7,935,479,0,0,0,3,29
qwen3-1.7b-keep4-s42,qwen3-1.7b-keep4-s42:937:1,937,106,0,0,0,8,33
qwen3-1.7b-keep4-s42,qwen3-1.7b-keep4-s42:938:0,938,413,0,0,0,4,81
qwen3-1.7b-keep4-s42,qwen3-1.7b-keep4-s42:938:1,938,469,0,0,0,4,81
qwen3-1.7b-keep4-s42,qwen3-1.7b-keep4-s42:938:2,938,458,0,0,0,5,81
qwen3-1.7b-keep4-s42,qwen3-1.7b-keep4-s42:938:3,938,421,0,0,0,6,81
qwen3-1.7b-keep4-s42,qwen3-1.7b-keep4-s42:938:4,938,526,0,0,0,8,81
qwen3-1.7b-keep4-s42,qwen3-1.7b-keep4-s42:938:5,938,391,0,0,0,15,81
qwen3-1.7b-keep4-s42,qwen3-1.7b-keep4-s42:938:6,938,400,0,0,0,5,81
qwen3-1.7b-keep4-s42,qwen3-1.7b-keep4-s42:938:7,938,548,0,0,0,5,81
qwen3-1.7b-keep4-s42,qwen3-1.7b-keep4-s42:939:0,939,589,0,0,0,2,75
qwen3-1.7b-keep4-s42,qwen3-1.7b-keep4-s42:939:1,939,405,0,0,0,15,75
qwen3-1.7b-keep4-s42,qwen3-1.7b-keep4-s42:939:2,939,429,0,0,0,19,75
qwen3-1.7b-keep4-s42,qwen3-1.7b-keep4-s42:939:3,939,420,0,0,0,28,75
qwen3-1.7b-keep4-s42,qwen3-1.7b-keep4-s42:939:4,939,478,0,0,0,11,75
qwen3-1.7b-keep4-s42,qwen3-1.7b-keep4-s42:939:5,939,465,0,0,0,18,75
qwen3-1.7b-keep4-s42,qwen3-1.7b-keep4-s42:939:6,939,471,0,0,0,13,75
qwen3-1.7b-keep4-s42,qwen3-1.7b-keep4-s42:939:7,939,474,0,0,0,15,75
qwen3-1.7b-keep4-s42,qwen3-1.7b-keep4-s42:940:5,940,479,0,0,0,17,53
qwen3-1.7b-keep4-s42,qwen3-1.7b-keep4-s42:940:6,940,546,0,0,0,22,53
qwen3-1.7b-keep4-s42,qwen3-1.7b-keep4-s42:940:7,940,511,0,0,0,23,53
qwen3-1.7b-keep4-s42,qwen3-1.7b-keep4-s42:941:3,941,372,0,0,0,14,61
qwen3-1.7b-keep4-s42,qwen3-1.7b-keep4-s42:941:5,941,262,0,0,0,2,61
qwen3-1.7b-keep4-s42,qwen3-1.7b-keep4-s42:941:7,941,354,0,0,0,4,61
qwen3-1.7b-keep4-s42,qwen3-1.7b-keep4-s42:942:0,942,490,0,0,0,1,35
qwen3-1.7b-keep4-s42,qwen3-1.7b-keep4-s42:942:1,942,477,0,0,0,3,35
qwen3-1.7b-keep4-s42,qwen3-1.7b-keep4-s42:942:2,942,539,0,0,0,5,35
qwen3-1.7b-keep4-s42,qwen3-1.7b-keep4-s42:942:3,942,413,0,0,0,3,35
qwen3-1.7b-keep4-s42,qwen3-1.7b-keep4-s42:942:4,942,455,0,0,0,6,35
qwen3-1.7b-keep4-s42,qwen3-1.7b-keep4-s42:942:5,942,519,0,0,0,2,35
qwen3-1.7b-keep4-s42,qwen3-1.7b-keep4-s42:942:6,942,453,0,0,0,8,35
qwen3-1.7b-keep4-s42,qwen3-1.7b-keep4-s42:942:7,942,512,0,0,0,4,35
qwen3-1.7b-keep4-s42,qwen3-1.7b-keep4-s42:945:5,945,358,0,0,0,21,58
qwen3-1.7b-keep4-s42,qwen3-1.7b-keep4-s42:945:7,945,286,0,0,0,25,58
qwen3-1.7b-keep4-s42,qwen3-1.7b-keep4-s42:946:0,946,381,0,0,0,7,47
qwen3-1.7b-keep4-s42,qwen3-1.7b-keep4-s42:946:1,946,500,0,0,0,5,47
qwen3-1.7b-keep4-s42,qwen3-1.7b-keep4-s42:946:2,946,418,0,0,0,8,47
qwen3-1.7b-keep4-s42,qwen3-1.7b-keep4-s42:946:3,946,443,0,0,0,0,47
qwen3-1.7b-keep4-s42,qwen3-1.7b-keep4-s42:946:4,946,506,0,0,0,8,47
qwen3-1.7b-keep4-s42,qwen3-1.7b-keep4-s42:946:5,946,479,0,0,0,7,47
qwen3-1.7b-keep4-s42,qwen3-1.7b-keep4-s42:946:6,946,521,0,0,0,8,47
qwen3-1.7b-keep4-s42,qwen3-1.7b-keep4-s42:946:7,946,498,0,0,0,9,47
qwen3-1.7b-keep4-s42,qwen3-1.7b-keep4-s42:947:0,947,311,0,0,0,20,73
qwen3-1.7b-keep4-s42,qwen3-1.7b-keep4-s42:947:3,947,0,0,0,0,25,73
qwen3-1.7b-keep4-s42,qwen3-1.7b-keep4-s42:947:6,947,300,0,0,0,38,73
qwen3-1.7b-keep4-s42,qwen3-1.7b-keep4-s42:947:7,947,418,0,0,0,16,73
qwen3-1.7b-keep4-s42,qwen3-1.7b-keep4-s42:948:0,948,298,0,0,0,39,95
qwen3-1.7b-keep4-s42,qwen3-1.7b-keep4-s42:948:1,948,332,0,0,0,48,95
qwen3-1.7b-keep4-s42,qwen3-1.7b-keep4-s42:948:2,948,347,0,0,0,17,95
qwen3-1.7b-keep4-s42,qwen3-1.7b-keep4-s42:948:3,948,368,0,0,0,28,95
qwen3-1.7b-keep4-s42,qwen3-1.7b-keep4-s42:948:4,948,335,0,0,0,1,95
qwen3-1.7b-keep4-s42,qwen3-1.7b-keep4-s42:948:5,948,272,0,0,0,29,95
qwen3-1.7b-keep4-s42,qwen3-1.7b-keep4-s42:948:6,948,310,0,0,0,3,95
qwen3-1.7b-keep4-s42,qwen3-1.7b-keep4-s42:948:7,948,280,0,0,0,33,95
qwen3-1.7b-keep4-s42,qwen3-1.7b-keep4-s42:949:0,949,315,0,0,0,7,65
qwen3-1.7b-keep4-s42,qwen3-1.7b-keep4-s42:949:1,949,377,0,0,0,7,65
qwen3-1.7b-keep4-s42,qwen3-1.7b-keep4-s42:949:2,949,328,0,0,0,6,65
qwen3-1.7b-keep4-s42,qwen3-1.7b-keep4-s42:949:3,949,460,0,0,0,7,65
qwen3-1.7b-keep4-s42,qwen3-1.7b-keep4-s42:949:4,949,270,0,0,0,6,65
qwen3-1.7b-keep4-s42,qwen3-1.7b-keep4-s42:949:5,949,321,0,0,0,4,65
qwen3-1.7b-keep4-s42,qwen3-1.7b-keep4-s42:949:6,949,412,0,0,0,9,65
qwen3-1.7b-keep4-s42,qwen3-1.7b-keep4-s42:949:7,949,419,0,0,0,5,65
qwen3-1.7b-keep4-s42,qwen3-1.7b-keep4-s42:950:0,950,330,0,0,0,52,105
qwen3-1.7b-keep4-s42,qwen3-1.7b-keep4-s42:950:5,950,3,0,0,0,42,105
qwen3-1.7b-keep4-s42,qwen3-1.7b-keep4-s42:951:0,951,436,0,0,0,11,28
qwen3-1.7b-keep4-s42,qwen3-1.7b-keep4-s42:951:1,951,53,0,0,0,10,28
qwen3-1.7b-keep4-s42,qwen3-1.7b-keep4-s42:951:2,951,492,0,0,0,8,28
qwen3-1.7b-keep4-s42,qwen3-1.7b-keep4-s42:951:4,951,300,0,0,0,10,28
qwen3-1.7b-keep4-s42,qwen3-1.7b-keep4-s42:951:5,951,0,0,0,0,7,28
qwen3-1.7b-keep4-s42,qwen3-1.7b-keep4-s42:951:6,951,432,0,0,0,10,28
qwen3-1.7b-keep4-s42,qwen3-1.7b-keep4-s42:952:0,952,389,0,0,0,4,35
qwen3-1.7b-keep4-s42,qwen3-1.7b-keep4-s42:952:1,952,417,0,0,0,0,35
qwen3-1.7b-keep4-s42,qwen3-1.7b-keep4-s42:952:2,952,498,0,0,0,5,35
qwen3-1.7b-keep4-s42,qwen3-1.7b-keep4-s42:952:3,952,407,0,0,0,1,35
qwen3-1.7b-keep4-s42,qwen3-1.7b-keep4-s42:952:4,952,427,0,0,0,2,35
qwen3-1.7b-keep4-s42,qwen3-1.7b-keep4-s42:952:5,952,428,0,0,0,2,35
qwen3-1.7b-keep4-s42,qwen3-1.7b-keep4-s42:952:6,952,403,0,0,0,1,35
qwen3-1.7b-keep4-s42,qwen3-1.7b-keep4-s42:952:7,952,466,0,0,0,4,35
qwen3-1.7b-keep4-s42,qwen3-1.7b-keep4-s42:953:0,953,421,3,0,0,4,88
qwen3-1.7b-keep4-s42,qwen3-1.7b-keep4-s42:953:1,953,529,0,0,0,4,88
qwen3-1.7b-keep4-s42,qwen3-1.7b-keep4-s42:953:2,953,547,0,0,0,5,88
qwen3-1.7b-keep4-s42,qwen3-1.7b-keep4-s42:953:3,953,454,0,0,0,10,88
qwen3-1.7b-keep4-s42,qwen3-1.7b-keep4-s42:953:4,953,526,0,0,0,4,88
qwen3-1.7b-keep4-s42,qwen3-1.7b-keep4-s42:953:5,953,513,0,0,0,8,88
qwen3-1.7b-keep4-s42,qwen3-1.7b-keep4-s42:953:6,953,553,0,0,0,13,88
qwen3-1.7b-keep4-s42,qwen3-1.7b-keep4-s42:953:7,953,471,0,0,0,2,88
qwen3-1.7b-keep4-s42,qwen3-1.7b-keep4-s42:954:1,954,321,0,0,0,26,101
qwen3-1.7b-keep4-s42,qwen3-1.7b-keep4-s42:954:4,954,363,0,0,0,13,101
qwen3-1.7b-keep4-s42,qwen3-1.7b-keep4-s42:954:5,954,335,0,0,0,19,101
qwen3-1.7b-keep4-s42,qwen3-1.7b-keep4-s42:954:7,954,0,0,0,0,19,101
qwen3-1.7b-keep4-s42,qwen3-1.7b-keep4-s42:955:0,955,423,0,0,0,10,36
qwen3-1.7b-keep4-s42,qwen3-1.7b-keep4-s42:955:1,955,432,0,0,0,1,36
qwen3-1.7b-keep4-s42,qwen3-1.7b-keep4-s42:955:2,955,507,0,0,0,3,36
qwen3-1.7b-keep4-s42,qwen3-1.7b-keep4-s42:955:3,955,470,0,0,0,7,36
qwen3-1.7b-keep4-s42,qwen3-1.7b-keep4-s42:955:4,955,512,0,0,0,7,36
qwen3-1.7b-keep4-s42,qwen3-1.7b-keep4-s42:955:5,955,427,0,0,0,8,36
qwen3-1.7b-keep4-s42,qwen3-1.7b-keep4-s42:955:6,955,608,0,0,0,8,36
qwen3-1.7b-keep4-s42,qwen3-1.7b-keep4-s42:955:7,955,372,0,0,0,9,36
qwen3-1.7b-keep4-s42,qwen3-1.7b-keep4-s42:956:2,956,329,0,0,0,0,28
qwen3-1.7b-keep4-s42,qwen3-1.7b-keep4-s42:956:5,956,403,0,0,0,7,28
qwen3-1.7b-keep4-s42,qwen3-1.7b-keep4-s42:956:7,956,0,0,0,0,8,28
qwen3-1.7b-keep4-s42,qwen3-1.7b-keep4-s42:957:1,957,459,0,0,0,27,78
qwen3-1.7b-keep4-s42,qwen3-1.7b-keep4-s42:957:4,957,462,0,0,0,30,78
qwen3-1.7b-keep4-s42,qwen3-1.7b-keep4-s42:957:5,957,409,0,0,0,22,78
qwen3-1.7b-keep4-s42,qwen3-1.7b-keep4-s42:957:6,957,436,0,0,0,21,78
qwen3-1.7b-keep4-s42,qwen3-1.7b-keep4-s42:958:0,958,278,0,0,0,16,74
qwen3-1.7b-keep4-s42,qwen3-1.7b-keep4-s42:958:1,958,90,0,0,0,12,74
qwen3-1.7b-keep4-s42,qwen3-1.7b-keep4-s42:958:2,958,293,0,0,0,8,74
qwen3-1.7b-keep4-s42,qwen3-1.7b-keep4-s42:958:3,958,403,0,0,0,4,74
qwen3-1.7b-keep4-s42,qwen3-1.7b-keep4-s42:958:4,958,296,0,0,0,9,74
qwen3-1.7b-keep4-s42,qwen3-1.7b-keep4-s42:958:5,958,291,0,0,0,7,74
qwen3-1.7b-keep4-s42,qwen3-1.7b-keep4-s42:958:6,958,397,0,0,0,9,74
qwen3-1.7b-keep4-s42,qwen3-1.7b-keep4-s42:958:7,958,339,0,0,0,9,74
qwen3-1.7b-keep4-s42,qwen3-1.7b-keep4-s42:959:1,959,354,0,0,0,18,41
qwen3-1.7b-keep4-s42,qwen3-1.7b-keep4-s42:959:5,959,323,0,0,0,27,41
qwen3-1.7b-keep4-s42,qwen3-1.7b-keep4-s42:960:0,960,292,0,0,0,16,41
qwen3-1.7b-keep4-s42,qwen3-1.7b-keep4-s42:960:1,960,394,0,0,0,6,41
qwen3-1.7b-keep4-s42,qwen3-1.7b-keep4-s42:960:3,960,159,0,0,0,11,41
qwen3-1.7b-keep4-s42,qwen3-1.7b-keep4-s42:960:4,960,322,0,0,0,14,41
qwen3-1.7b-keep4-s42,qwen3-1.7b-keep4-s42:960:5,960,359,0,0,0,8,41
qwen3-1.7b-keep4-s42,qwen3-1.7b-keep4-s42:960:6,960,447,0,0,0,12,41
qwen3-1.7b-keep4-s42,qwen3-1.7b-keep4-s42:961:2,961,384,0,0,0,23,40
qwen3-1.7b-keep4-s42,qwen3-1.7b-keep4-s42:961:3,961,388,0,0,0,22,40
qwen3-1.7b-keep4-s42,qwen3-1.7b-keep4-s42:961:6,961,476,0,0,0,17,40
qwen3-1.7b-keep4-s42,qwen3-1.7b-keep4-s42:962:0,962,436,0,0,0,4,79
qwen3-1.7b-keep4-s42,qwen3-1.7b-keep4-s42:962:1,962,298,0,0,0,7,79
qwen3-1.7b-keep4-s42,qwen3-1.7b-keep4-s42:962:2,962,377,0,0,0,8,79
qwen3-1.7b-keep4-s42,qwen3-1.7b-keep4-s42:962:3,962,349,0,0,0,7,79
qwen3-1.7b-keep4-s42,qwen3-1.7b-keep4-s42:962:4,962,279,0,0,0,6,79
qwen3-1.7b-keep4-s42,qwen3-1.7b-keep4-s42:962:5,962,341,0,0,0,7,79
qwen3-1.7b-keep4-s42,qwen3-1.7b-keep4-s42:962:6,962,389,0,0,0,7,79
qwen3-1.7b-keep4-s42,qwen3-1.7b-keep4-s42:962:7,962,361,0,0,0,6,79
qwen3-1.7b-keep4-s42,qwen3-1.7b-keep4-s42:963:0,963,501,0,0,0,10,26
qwen3-1.7b-keep4-s42,qwen3-1.7b-keep4-s42:963:1,963,415,0,0,0,12,26
qwen3-1.7b-keep4-s42,qwen3-1.7b-keep4-s42:963:2,963,479,0,0,0,9,26
qwen3-1.7b-keep4-s42,qwen3-1.7b-keep4-s42:963:3,963,475,0,0,0,10,26
qwen3-1.7b-keep4-s42,qwen3-1.7b-keep4-s42:963:5,963,478,0,0,0,11,26
qwen3-1.7b-keep4-s42,qwen3-1.7b-keep4-s42:963:6,963,439,0,0,0,7,26
qwen3-1.7b-keep4-s42,qwen3-1.7b-keep4-s42:963:7,963,64,0,0,0,12,26
qwen3-1.7b-keep4-s42,qwen3-1.7b-keep4-s42:964:0,964,629,0,0,0,3,67
qwen3-1.7b-keep4-s42,qwen3-1.7b-keep4-s42:964:1,964,431,0,0,0,21,67
qwen3-1.7b-keep4-s42,qwen3-1.7b-keep4-s42:964:2,964,440,0,0,0,13,67
qwen3-1.7b-keep4-s42,qwen3-1.7b-keep4-s42:964:6,964,536,0,0,0,3,67
qwen3-1.7b-keep4-s42,qwen3-1.7b-keep4-s42:965:1,965,514,0,0,0,20,29
qwen3-1.7b-keep4-s42,qwen3-1.7b-keep4-s42:966:0,966,447,0,0,0,4,15
qwen3-1.7b-keep4-s42,qwen3-1.7b-keep4-s42:966:2,966,526,0,0,0,4,15
qwen3-1.7b-keep4-s42,qwen3-1.7b-keep4-s42:966:3,966,2,0,0,0,4,15
qwen3-1.7b-keep4-s42,qwen3-1.7b-keep4-s42:966:4,966,76,0,0,0,2,15
qwen3-1.7b-keep4-s42,qwen3-1.7b-keep4-s42:966:6,966,458,0,0,0,2,15
qwen3-1.7b-keep4-s42,qwen3-1.7b-keep4-s42:966:7,966,0,0,0,0,2,15
qwen3-1.7b-keep4-s42,qwen3-1.7b-keep4-s42:967:0,967,479,0,0,0,6,47
qwen3-1.7b-keep4-s42,qwen3-1.7b-keep4-s42:967:1,967,494,0,0,0,9,47
qwen3-1.7b-keep4-s42,qwen3-1.7b-keep4-s42:967:2,967,58,5,0,0,8,47
qwen3-1.7b-keep4-s42,qwen3-1.7b-keep4-s42:967:3,967,513,0,0,0,8,47
qwen3-1.7b-keep4-s42,qwen3-1.7b-keep4-s42:967:4,967,490,0,0,0,21,47
qwen3-1.7b-keep4-s42,qwen3-1.7b-keep4-s42:967:5,967,514,0,0,0,6,47
qwen3-1.7b-keep4-s42,qwen3-1.7b-keep4-s42:967:6,967,531,0,0,0,10,47
qwen3-1.7b-keep4-s42,qwen3-1.7b-keep4-s42:967:7,967,509,0,0,0,5,47
qwen3-1.7b-keep4-s42,qwen3-1.7b-keep4-s42:968:7,968,13,0,0,0,36,61
qwen3-1.7b-keep4-s42,qwen3-1.7b-keep4-s42:969:2,969,1,0,0,0,7,31
qwen3-1.7b-keep4-s42,qwen3-1.7b-keep4-s42:969:4,969,583,0,0,0,9,31
qwen3-1.7b-keep4-s42,qwen3-1.7b-keep4-s42:969:5,969,434,0,0,0,11,31
qwen3-1.7b-keep4-s42,qwen3-1.7b-keep4-s42:970:0,970,424,0,0,0,10,86
qwen3-1.7b-keep4-s42,qwen3-1.7b-keep4-s42:970:1,970,351,0,0,0,22,86
qwen3-1.7b-keep4-s42,qwen3-1.7b-keep4-s42:970:2,970,507,0,0,0,19,86
qwen3-1.7b-keep4-s42,qwen3-1.7b-keep4-s42:970:3,970,414,0,0,0,15,86
qwen3-1.7b-keep4-s42,qwen3-1.7b-keep4-s42:970:4,970,506,0,0,0,14,86
qwen3-1.7b-keep4-s42,qwen3-1.7b-keep4-s42:970:5,970,467,0,0,0,8,86
qwen3-1.7b-keep4-s42,qwen3-1.7b-keep4-s42:970:6,970,565,0,0,0,25,86
qwen3-1.7b-keep4-s42,qwen3-1.7b-keep4-s42:970:7,970,464,0,0,0,18,86
qwen3-1.7b-keep4-s42,qwen3-1.7b-keep4-s42:971:0,971,453,0,0,0,10,74
qwen3-1.7b-keep4-s42,qwen3-1.7b-keep4-s42:971:1,971,447,0,0,0,8,74
qwen3-1.7b-keep4-s42,qwen3-1.7b-keep4-s42:971:2,971,505,0,0,0,6,74
qwen3-1.7b-keep4-s42,qwen3-1.7b-keep4-s42:971:3,971,479,0,0,0,4,74
qwen3-1.7b-keep4-s42,qwen3-1.7b-keep4-s42:971:4,971,439,0,0,0,14,74
qwen3-1.7b-keep4-s42,qwen3-1.7b-keep4-s42:971:5,971,491,0,0,0,8,74
qwen3-1.7b-keep4-s42,qwen3-1.7b-keep4-s42:971:6,971,494,0,0,0,11,74
qwen3-1.7b-keep4-s42,qwen3-1.7b-keep4-s42:971:7,971,475,0,0,0,4,74
qwen3-1.7b-keep4-s42,qwen3-1.7b-keep4-s42:972:0,972,469,0,0,0,12,74
qwen3-1.7b-keep4-s42,qwen3-1.7b-keep4-s42:972:1,972,429,0,0,0,7,74
qwen3-1.7b-keep4-s42,qwen3-1.7b-keep4-s42:972:2,972,366,0,0,0,5,74
qwen3-1.7b-keep4-s42,qwen3-1.7b-keep4-s42:972:4,972,406,0,0,0,7,74
qwen3-1.7b-keep4-s42,qwen3-1.7b-keep4-s42:972:5,972,539,42,0,2,6,74
qwen3-1.7b-keep4-s42,qwen3-1.7b-keep4-s42:972:6,972,519,0,0,0,7,74
qwen3-1.7b-keep4-s42,qwen3-1.7b-keep4-s42:972:7,972,468,0,0,0,5,74
qwen3-1.7b-keep4-s42,qwen3-1.7b-keep4-s42:973:0,973,489,0,0,0,15,130
qwen3-1.7b-keep4-s42,qwen3-1.7b-keep4-s42:973:2,973,249,0,0,0,19,130
qwen3-1.7b-keep4-s42,qwen3-1.7b-keep4-s42:973:4,973,383,0,0,0,12,130
qwen3-1.7b-keep4-s42,qwen3-1.7b-keep4-s42:973:5,973,389,0,0,0,25,130
qwen3-1.7b-keep4-s42,qwen3-1.7b-keep4-s42:973:6,973,365,0,0,0,16,130
qwen3-1.7b-keep4-s42,qwen3-1.7b-keep4-s42:973:7,973,309,0,0,0,14,130
qwen3-1.7b-keep4-s42,qwen3-1.7b-keep4-s42:975:0,975,374,0,0,0,11,76
qwen3-1.7b-keep4-s42,qwen3-1.7b-keep4-s42:975:1,975,424,0,0,0,11,76
qwen3-1.7b-keep4-s42,qwen3-1.7b-keep4-s42:975:2,975,416,0,0,0,0,76
qwen3-1.7b-keep4-s42,qwen3-1.7b-keep4-s42:975:3,975,374,0,0,0,1,76
qwen3-1.7b-keep4-s42,qwen3-1.7b-keep4-s42:975:4,975,426,0,0,0,6,76
qwen3-1.7b-keep4-s42,qwen3-1.7b-keep4-s42:975:6,975,435,0,0,0,4,76
qwen3-1.7b-keep4-s42,qwen3-1.7b-keep4-s42:975:7,975,440,0,0,0,0,76
qwen3-1.7b-keep4-s42,qwen3-1.7b-keep4-s42:977:0,977,374,0,0,0,16,84
qwen3-1.7b-keep4-s42,qwen3-1.7b-keep4-s42:977:1,977,454,0,0,0,8,84
qwen3-1.7b-keep4-s42,qwen3-1.7b-keep4-s42:977:2,977,383,0,0,0,13,84
qwen3-1.7b-keep4-s42,qwen3-1.7b-keep4-s42:977:3,977,424,0,0,0,1,84
qwen3-1.7b-keep4-s42,qwen3-1.7b-keep4-s42:977:4,977,389,0,0,0,14,84
qwen3-1.7b-keep4-s42,qwen3-1.7b-keep4-s42:977:6,977,400,0,0,0,6,84
qwen3-1.7b-keep4-s42,qwen3-1.7b-keep4-s42:977:7,977,431,0,0,0,8,84
qwen3-1.7b-keep4-s42,qwen3-1.7b-keep4-s42:978:2,978,367,0,0,0,30,50
qwen3-1.7b-keep4-s42,qwen3-1.7b-keep4-s42:978:7,978,408,0,0,0,21,50
qwen3-1.7b-keep4-s42,qwen3-1.7b-keep4-s42:979:1,979,353,0,0,0,8,47
qwen3-1.7b-keep4-s42,qwen3-1.7b-keep4-s42:979:2,979,376,0,0,0,16,47
qwen3-1.7b-keep4-s42,qwen3-1.7b-keep4-s42:979:3,979,401,0,0,0,10,47
qwen3-1.7b-keep4-s42,qwen3-1.7b-keep4-s42:979:4,979,326,0,0,0,1,47
qwen3-1.7b-keep4-s42,qwen3-1.7b-keep4-s42:979:5,979,459,0,0,0,1,47
qwen3-1.7b-keep4-s42,qwen3-1.7b-keep4-s42:979:6,979,369,0,0,0,16,47
qwen3-1.7b-keep4-s42,qwen3-1.7b-keep4-s42:979:7,979,308,0,0,0,21,47
qwen3-1.7b-keep4-s42,qwen3-1.7b-keep4-s42:980:0,980,0,0,0,0,32,45
qwen3-1.7b-keep4-s42,qwen3-1.7b-keep4-s42:980:5,980,7,0,0,0,29,45
qwen3-1.7b-keep4-s42,qwen3-1.7b-keep4-s42:981:1,981,340,0,0,0,31,84
qwen3-1.7b-keep4-s42,qwen3-1.7b-keep4-s42:981:3,981,461,0,0,0,21,84
qwen3-1.7b-keep4-s42,qwen3-1.7b-keep4-s42:981:4,981,359,0,0,0,21,84
qwen3-1.7b-keep4-s42,qwen3-1.7b-keep4-s42:981:5,981,373,0,0,0,21,84
qwen3-1.7b-keep4-s42,qwen3-1.7b-keep4-s42:981:6,981,368,0,0,0,19,84
qwen3-1.7b-keep4-s42,qwen3-1.7b-keep4-s42:982:0,982,512,0,0,0,1,30
qwen3-1.7b-keep4-s42,qwen3-1.7b-keep4-s42:982:1,982,353,0,0,0,1,30
qwen3-1.7b-keep4-s42,qwen3-1.7b-keep4-s42:982:2,982,418,0,0,0,0,30
qwen3-1.7b-keep4-s42,qwen3-1.7b-keep4-s42:982:3,982,384,0,0,0,0,30
qwen3-1.7b-keep4-s42,qwen3-1.7b-keep4-s42:982:4,982,409,0,0,0,0,30
qwen3-1.7b-keep4-s42,qwen3-1.7b-keep4-s42:982:5,982,446,0,0,0,0,30
qwen3-1.7b-keep4-s42,qwen3-1.7b-keep4-s42:982:6,982,403,0,0,0,1,30
qwen3-1.7b-keep4-s42,qwen3-1.7b-keep4-s42:982:7,982,367,0,0,0,1,30
qwen3-1.7b-keep4-s42,qwen3-1.7b-keep4-s42:983:1,983,398,0,0,0,10,28
qwen3-1.7b-keep4-s42,qwen3-1.7b-keep4-s42:983:2,983,372,0,0,0,11,28
qwen3-1.7b-keep4-s42,qwen3-1.7b-keep4-s42:983:3,983,339,0,0,0,13,28
qwen3-1.7b-keep4-s42,qwen3-1.7b-keep4-s42:983:4,983,300,0,0,0,15,28
qwen3-1.7b-keep4-s42,qwen3-1.7b-keep4-s42:983:6,983,406,0,0,0,5,28
qwen3-1.7b-keep4-s42,qwen3-1.7b-keep4-s42:983:7,983,451,0,0,0,15,28
qwen3-1.7b-keep4-s42,qwen3-1.7b-keep4-s42:984:0,984,411,0,0,0,28,69
qwen3-1.7b-keep4-s42,qwen3-1.7b-keep4-s42:984:3,984,364,0,0,0,26,69
qwen3-1.7b-keep4-s42,qwen3-1.7b-keep4-s42:984:4,984,428,0,0,0,28,69
qwen3-1.7b-keep4-s42,qwen3-1.7b-keep4-s42:984:6,984,16,0,0,0,22,69
qwen3-1.7b-keep4-s42,qwen3-1.7b-keep4-s42:985:0,985,469,0,0,0,24,84
qwen3-1.7b-keep4-s42,qwen3-1.7b-keep4-s42:985:1,985,352,0,0,0,37,84
qwen3-1.7b-keep4-s42,qwen3-1.7b-keep4-s42:985:2,985,407,0,0,0,38,84
qwen3-1.7b-keep4-s42,qwen3-1.7b-keep4-s42:985:3,985,376,0,0,0,42,84
qwen3-1.7b-keep4-s42,qwen3-1.7b-keep4-s42:985:4,985,302,0,0,0,17,84
qwen3-1.7b-keep4-s42,qwen3-1.7b-keep4-s42:985:5,985,468,0,0,0,27,84
qwen3-1.7b-keep4-s42,qwen3-1.7b-keep4-s42:985:6,985,401,0,0,0,21,84
qwen3-1.7b-keep4-s42,qwen3-1.7b-keep4-s42:986:0,986,429,0,0,0,4,41
qwen3-1.7b-keep4-s42,qwen3-1.7b-keep4-s42:986:1,986,487,0,0,0,6,41
qwen3-1.7b-keep4-s42,qwen3-1.7b-keep4-s42:986:2,986,364,0,0,0,4,41
qwen3-1.7b-keep4-s42,qwen3-1.7b-keep4-s42:986:3,986,487,0,0,0,4,41
qwen3-1.7b-keep4-s42,qwen3-1.7b-keep4-s42:986:4,986,458,0,0,0,4,41
qwen3-1.7b-keep4-s42,qwen3-1.7b-keep4-s42:986:5,986,422,0,0,0,6,41
qwen3-1.7b-keep4-s42,qwen3-1.7b-keep4-s42:986:6,986,479,0,0,0,9,41
qwen3-1.7b-keep4-s42,qwen3-1.7b-keep4-s42:986:7,986,397,0,0,0,8,41
qwen3-1.7b-keep4-s42,qwen3-1.7b-keep4-s42:987:1,987,576,0,0,0,20,54
qwen3-1.7b-keep4-s42,qwen3-1.7b-keep4-s42:987:2,987,576,0,0,0,29,54
qwen3-1.7b-keep4-s42,qwen3-1.7b-keep4-s42:987:5,987,5,0,0,0,21,54
qwen3-1.7b-keep4-s42,qwen3-1.7b-keep4-s42:987:6,987,550,0,0,0,21,54
qwen3-1.7b-keep4-s42,qwen3-1.7b-keep4-s42:988:0,988,561,0,0,0,13,40
qwen3-1.7b-keep4-s42,qwen3-1.7b-keep4-s42:988:1,988,536,0,0,0,13,40
qwen3-1.7b-keep4-s42,qwen3-1.7b-keep4-s42:988:2,988,504,0,0,0,2,40
qwen3-1.7b-keep4-s42,qwen3-1.7b-keep4-s42:988:3,988,512,0,0,0,11,40
qwen3-1.7b-keep4-s42,qwen3-1.7b-keep4-s42:988:4,988,532,0,0,0,7,40
qwen3-1.7b-keep4-s42,qwen3-1.7b-keep4-s42:988:5,988,453,0,0,0,10,40
qwen3-1.7b-keep4-s42,qwen3-1.7b-keep4-s42:988:6,988,546,0,0,0,8,40
qwen3-1.7b-keep4-s42,qwen3-1.7b-keep4-s42:988:7,988,494,0,0,0,5,40
qwen3-1.7b-keep4-s42,qwen3-1.7b-keep4-s42:989:1,989,314,0,0,0,26,41
qwen3-1.7b-keep4-s42,qwen3-1.7b-keep4-s42:989:2,989,340,0,0,0,11,41
qwen3-1.7b-keep4-s42,qwen3-1.7b-keep4-s42:989:4,989,390,0,0,0,19,41
qwen3-1.7b-keep4-s42,qwen3-1.7b-keep4-s42:989:6,989,361,0,0,0,17,41
qwen3-1.7b-keep4-s42,qwen3-1.7b-keep4-s42:989:7,989,347,0,0,0,23,41
qwen3-1.7b-keep4-s42,qwen3-1.7b-keep4-s42:990:1,990,394,0,0,0,9,34
qwen3-1.7b-keep4-s42,qwen3-1.7b-keep4-s42:990:3,990,416,0,0,0,11,34
qwen3-1.7b-keep4-s42,qwen3-1.7b-keep4-s42:990:5,990,426,0,0,0,11,34
qwen3-1.7b-keep4-s42,qwen3-1.7b-keep4-s42:990:6,990,28,0,0,0,13,34
qwen3-1.7b-keep4-s42,qwen3-1.7b-keep4-s42:991:0,991,365,0,0,0,22,53
qwen3-1.7b-keep4-s42,qwen3-1.7b-keep4-s42:991:1,991,471,0,0,0,17,53
qwen3-1.7b-keep4-s42,qwen3-1.7b-keep4-s42:991:2,991,415,0,0,0,18,53
qwen3-1.7b-keep4-s42,qwen3-1.7b-keep4-s42:991:3,991,467,0,0,0,16,53
qwen3-1.7b-keep4-s42,qwen3-1.7b-keep4-s42:991:4,991,400,0,0,0,14,53
qwen3-1.7b-keep4-s42,qwen3-1.7b-keep4-s42:991:5,991,9,0,0,0,20,53
qwen3-1.7b-keep4-s42,qwen3-1.7b-keep4-s42:991:7,991,508,0,0,0,14,53
qwen3-1.7b-keep4-s42,qwen3-1.7b-keep4-s42:992:0,992,271,0,0,0,6,41
qwen3-1.7b-keep4-s42,qwen3-1.7b-keep4-s42:992:1,992,270,0,0,0,9,41
qwen3-1.7b-keep4-s42,qwen3-1.7b-keep4-s42:992:2,992,396,0,0,0,8,41
qwen3-1.7b-keep4-s42,qwen3-1.7b-keep4-s42:992:3,992,253,0,0,0,7,41
qwen3-1.7b-keep4-s42,qwen3-1.7b-keep4-s42:992:4,992,333,0,0,0,6,41
qwen3-1.7b-keep4-s42,qwen3-1.7b-keep4-s42:992:5,992,243,0,0,0,8,41
qwen3-1.7b-keep4-s42,qwen3-1.7b-keep4-s42:992:6,992,306,0,0,0,9,41
qwen3-1.7b-keep4-s42,qwen3-1.7b-keep4-s42:992:7,992,308,0,0,0,5,41
qwen3-1.7b-keep4-s42,qwen3-1.7b-keep4-s42:993:4,993,454,0,0,0,36,69
qwen3-1.7b-keep4-s42,qwen3-1.7b-keep4-s42:993:6,993,7,0,0,0,34,69
qwen3-1.7b-keep4-s42,qwen3-1.7b-keep4-s42:993:7,993,6,0,0,0,30,69
qwen3-1.7b-keep4-s42,qwen3-1.7b-keep4-s42:994:0,994,425,0,0,0,8,56
qwen3-1.7b-keep4-s42,qwen3-1.7b-keep4-s42:994:1,994,487,0,0,0,8,56
qwen3-1.7b-keep4-s42,qwen3-1.7b-keep4-s42:994:2,994,502,0,0,0,8,56
qwen3-1.7b-keep4-s42,qwen3-1.7b-keep4-s42:994:3,994,413,0,0,0,2,56
qwen3-1.7b-keep4-s42,qwen3-1.7b-keep4-s42:994:4,994,420,0,0,0,3,56
qwen3-1.7b-keep4-s42,qwen3-1.7b-keep4-s42:994:5,994,445,0,0,0,4,56
qwen3-1.7b-keep4-s42,qwen3-1.7b-keep4-s42:994:6,994,378,0,0,0,1,56
qwen3-1.7b-keep4-s42,qwen3-1.7b-keep4-s42:994:7,994,426,0,0,0,1,56
qwen3-1.7b-keep4-s42,qwen3-1.7b-keep4-s42:995:1,995,492,0,0,0,10,59
qwen3-1.7b-keep4-s42,qwen3-1.7b-keep4-s42:995:2,995,287,0,0,0,19,59
qwen3-1.7b-keep4-s42,qwen3-1.7b-keep4-s42:995:3,995,327,0,0,0,14,59
qwen3-1.7b-keep4-s42,qwen3-1.7b-keep4-s42:995:4,995,384,0,0,0,9,59
qwen3-1.7b-keep4-s42,qwen3-1.7b-keep4-s42:995:5,995,517,0,0,0,11,59
qwen3-1.7b-keep4-s42,qwen3-1.7b-keep4-s42:995:6,995,423,0,0,0,9,59
qwen3-1.7b-keep4-s42,qwen3-1.7b-keep4-s42:995:7,995,82,0,0,0,9,59
qwen3-1.7b-keep4-s42,qwen3-1.7b-keep4-s42:996:3,996,343,0,0,0,32,98
qwen3-1.7b-keep4-s42,qwen3-1.7b-keep4-s42:998:0,998,443,0,0,0,3,88
qwen3-1.7b-keep4-s42,qwen3-1.7b-keep4-s42:998:1,998,428,0,0,0,5,88
qwen3-1.7b-keep4-s42,qwen3-1.7b-keep4-s42:998:2,998,370,0,0,0,6,88
qwen3-1.7b-keep4-s42,qwen3-1.7b-keep4-s42:998:3,998,312,0,0,0,8,88
qwen3-1.7b-keep4-s42,qwen3-1.7b-keep4-s42:998:4,998,379,0,0,0,19,88
qwen3-1.7b-keep4-s42,qwen3-1.7b-keep4-s42:998:5,998,195,0,0,0,8,88
qwen3-1.7b-keep4-s42,qwen3-1.7b-keep4-s42:998:6,998,434,0,0,0,8,88
qwen3-1.7b-keep4-s42,qwen3-1.7b-keep4-s42:998:7,998,287,0,0,0,16,88
qwen3-1.7b-keep4-s42,qwen3-1.7b-keep4-s42:999:3,999,403,0,0,0,37,77
qwen3-1.7b-keep4-s42,qwen3-1.7b-keep4-s42:999:4,999,408,0,0,0,46,77
qwen3-1.7b-keep4-s42,qwen3-1.7b-keep4-s42:999:5,999,2,0,0,0,40,77
qwen3-1.7b-keep4-s42,qwen3-1.7b-keep4-s42:999:7,999,11,0,0,0,31,77
qwen3-1.7b-keep4-s42,qwen3-1.7b-keep4-s42:1000:0,1000,371,0,0,0,26,118
qwen3-1.7b-keep4-s42,qwen3-1.7b-keep4-s42:1000:1,1000,15,0,0,0,40,118
qwen3-1.7b-keep4-s42,qwen3-1.7b-keep4-s42:1000:2,1000,407,0,0,0,34,118
qwen3-1.7b-keep4-s42,qwen3-1.7b-keep4-s42:1000:3,1000,328,0,0,0,33,118
qwen3-1.7b-keep4-s42,qwen3-1.7b-keep4-s42:1000:4,1000,363,0,0,0,30,118
qwen3-1.7b-keep4-s42,qwen3-1.7b-keep4-s42:1000:5,1000,482,0,0,0,32,118
qwen3-1.7b-keep4-s42,qwen3-1.7b-keep4-s42:1000:6,1000,445,0,0,0,31,118
qwen3-1.7b-keep4-s42,qwen3-1.7b-keep4-s42:1000:7,1000,1,0,0,0,47,118
qwen3-1.7b-keep4-s42,qwen3-1.7b-keep4-s42:1001:0,1001,252,0,0,0,16,91
qwen3-1.7b-keep4-s42,qwen3-1.7b-keep4-s42:1001:1,1001,221,0,0,0,19,91
qwen3-1.7b-keep4-s42,qwen3-1.7b-keep4-s42:1001:2,1001,3,0,0,0,13,91
qwen3-1.7b-keep4-s42,qwen3-1.7b-keep4-s42:1001:4,1001,250,0,0,0,13,91
qwen3-1.7b-keep4-s42,qwen3-1.7b-keep4-s42:1001:6,1001,257,0,0,0,18,91
qwen3-1.7b-keep4-s42,qwen3-1.7b-keep4-s42:1001:7,1001,437,0,0,0,8,91
qwen3-1.7b-keep4-s42,qwen3-1.7b-keep4-s42:1002:1,1002,10,0,0,0,18,52
qwen3-1.7b-keep4-s42,qwen3-1.7b-keep4-s42:1002:5,1002,10,0,0,0,22,52
qwen3-1.7b-keep4-s42,qwen3-1.7b-keep4-s42:1003:7,1003,404,0,0,0,16,33
qwen3-1.7b-keep4-s42,qwen3-1.7b-keep4-s42:1004:0,1004,443,0,0,0,0,28
qwen3-1.7b-keep4-s42,qwen3-1.7b-keep4-s42:1004:1,1004,325,0,0,0,2,28
qwen3-1.7b-keep4-s42,qwen3-1.7b-keep4-s42:1004:2,1004,455,0,0,0,2,28
qwen3-1.7b-keep4-s42,qwen3-1.7b-keep4-s42:1004:3,1004,405,0,0,0,0,28
qwen3-1.7b-keep4-s42,qwen3-1.7b-keep4-s42:1004:4,1004,406,0,0,0,1,28
qwen3-1.7b-keep4-s42,qwen3-1.7b-keep4-s42:1004:5,1004,481,0,0,0,3,28
qwen3-1.7b-keep4-s42,qwen3-1.7b-keep4-s42:1004:6,1004,394,0,0,0,2,28
qwen3-1.7b-keep4-s42,qwen3-1.7b-keep4-s42:1004:7,1004,327,0,0,0,1,28
qwen3-1.7b-keep4-s42,qwen3-1.7b-keep4-s42:1005:1,1005,368,0,0,0,29,54
qwen3-1.7b-keep4-s42,qwen3-1.7b-keep4-s42:1005:5,1005,470,0,0,0,20,54
qwen3-1.7b-keep4-s42,qwen3-1.7b-keep4-s42:1005:6,1005,28,0,0,0,23,54
qwen3-1.7b-keep4-s42,qwen3-1.7b-keep4-s42:1006:0,1006,426,0,0,0,20,55
qwen3-1.7b-keep4-s42,qwen3-1.7b-keep4-s42:1006:1,1006,448,0,0,0,19,55
qwen3-1.7b-keep4-s42,qwen3-1.7b-keep4-s42:1006:3,1006,410,0,0,0,10,55
qwen3-1.7b-keep4-s42,qwen3-1.7b-keep4-s42:1006:4,1006,2,0,0,0,10,55
qwen3-1.7b-keep4-s42,qwen3-1.7b-keep4-s42:1006:5,1006,437,0,0,0,11,55
qwen3-1.7b-keep4-s42,qwen3-1.7b-keep4-s42:1006:6,1006,401,0,0,0,18,55
qwen3-1.7b-keep4-s42,qwen3-1.7b-keep4-s42:1006:7,1006,469,0,0,0,28,55
qwen3-1.7b-keep4-s42,qwen3-1.7b-keep4-s42:1007:0,1007,221,0,0,0,1,55
qwen3-1.7b-keep4-s42,qwen3-1.7b-keep4-s42:1007:1,1007,328,0,0,0,3,55
qwen3-1.7b-keep4-s42,qwen3-1.7b-keep4-s42:1007:2,1007,356,0,0,0,3,55
qwen3-1.7b-keep4-s42,qwen3-1.7b-keep4-s42:1007:3,1007,287,0,0,0,2,55
qwen3-1.7b-keep4-s42,qwen3-1.7b-keep4-s42:1007:4,1007,350,0,0,0,3,55
qwen3-1.7b-keep4-s42,qwen3-1.7b-keep4-s42:1007:5,1007,427,0,0,0,5,55
qwen3-1.7b-keep4-s42,qwen3-1.7b-keep4-s42:1007:6,1007,383,0,0,0,5,55
qwen3-1.7b-keep4-s42,qwen3-1.7b-keep4-s42:1007:7,1007,248,0,0,0,1,55
qwen3-1.7b-keep4-s42,qwen3-1.7b-keep4-s42:1008:1,1008,478,0,0,0,33,63
qwen3-1.7b-keep4-s42,qwen3-1.7b-keep4-s42:1009:0,1009,396,0,0,0,16,53
qwen3-1.7b-keep4-s42,qwen3-1.7b-keep4-s42:1009:3,1009,453,0,0,0,26,53
qwen3-1.7b-keep4-s42,qwen3-1.7b-keep4-s42:1009:4,1009,369,0,0,0,27,53
qwen3-1.7b-keep4-s42,qwen3-1.7b-keep4-s42:1009:5,1009,373,0,0,0,24,53
qwen3-1.7b-keep4-s42,qwen3-1.7b-keep4-s42:1009:6,1009,334,0,0,0,23,53
qwen3-1.7b-keep4-s42,qwen3-1.7b-keep4-s42:1009:7,1009,420,0,0,0,16,53
qwen3-1.7b-keep4-s42,qwen3-1.7b-keep4-s42:1010:1,1010,466,0,0,0,12,26
qwen3-1.7b-keep4-s42,qwen3-1.7b-keep4-s42:1011:0,1011,426,0,0,0,7,79
qwen3-1.7b-keep4-s42,qwen3-1.7b-keep4-s42:1011:1,1011,358,0,0,0,9,79
qwen3-1.7b-keep4-s42,qwen3-1.7b-keep4-s42:1011:2,1011,83,0,0,0,14,79
qwen3-1.7b-keep4-s42,qwen3-1.7b-keep4-s42:1011:3,1011,375,0,0,0,10,79
qwen3-1.7b-keep4-s42,qwen3-1.7b-keep4-s42:1011:4,1011,364,0,0,0,11,79
qwen3-1.7b-keep4-s42,qwen3-1.7b-keep4-s42:1011:5,1011,367,0,0,0,10,79
qwen3-1.7b-keep4-s42,qwen3-1.7b-keep4-s42:1011:6,1011,409,0,0,0,9,79
qwen3-1.7b-keep4-s42,qwen3-1.7b-keep4-s42:1011:7,1011,203,0,0,0,11,79
qwen3-1.7b-keep4-s42,qwen3-1.7b-keep4-s42:1012:1,1012,28,0,0,0,23,67
qwen3-1.7b-keep4-s42,qwen3-1.7b-keep4-s42:1012:2,1012,538,0,0,0,23,67
qwen3-1.7b-keep4-s42,qwen3-1.7b-keep4-s42:1012:3,1012,515,0,0,0,25,67
qwen3-1.7b-keep4-s42,qwen3-1.7b-keep4-s42:1012:5,1012,467,0,0,0,28,67
qwen3-1.7b-keep4-s42,qwen3-1.7b-keep4-s42:1012:6,1012,60,0,0,0,24,67
qwen3-1.7b-keep4-s42,qwen3-1.7b-keep4-s42:1012:7,1012,524,0,0,0,22,67
qwen3-1.7b-keep4-s42,qwen3-1.7b-keep4-s42:1013:5,1013,423,0,0,0,4,74
qwen3-1.7b-keep4-s42,qwen3-1.7b-keep4-s42:1013:7,1013,3,0,0,0,22,74
qwen3-1.7b-keep4-s42,qwen3-1.7b-keep4-s42:1014:0,1014,218,0,0,0,7,62
qwen3-1.7b-keep4-s42,qwen3-1.7b-keep4-s42:1014:1,1014,428,0,0,0,6,62
qwen3-1.7b-keep4-s42,qwen3-1.7b-keep4-s42:1014:2,1014,485,0,0,0,13,62
qwen3-1.7b-keep4-s42,qwen3-1.7b-keep4-s42:1014:3,1014,446,0,0,0,9,62
qwen3-1.7b-keep4-s42,qwen3-1.7b-keep4-s42:1014:4,1014,494,0,0,0,7,62
qwen3-1.7b-keep4-s42,qwen3-1.7b-keep4-s42:1014:5,1014,464,0,0,0,4,62
qwen3-1.7b-keep4-s42,qwen3-1.7b-keep4-s42:1014:6,1014,358,0,0,0,3,62
qwen3-1.7b-keep4-s42,qwen3-1.7b-keep4-s42:1014:7,1014,603,0,0,0,9,62
qwen3-1.7b-keep4-s42,qwen3-1.7b-keep4-s42:1015:0,1015,485,0,0,0,26,71
qwen3-1.7b-keep4-s42,qwen3-1.7b-keep4-s42:1015:1,1015,514,0,0,0,31,71
qwen3-1.7b-keep4-s42,qwen3-1.7b-keep4-s42:1015:2,1015,477,0,0,0,35,71
qwen3-1.7b-keep4-s42,qwen3-1.7b-keep4-s42:1015:4,1015,497,0,0,0,37,71
qwen3-1.7b-keep4-s42,qwen3-1.7b-keep4-s42:1015:5,1015,534,0,0,0,30,71
qwen3-1.7b-keep4-s42,qwen3-1.7b-keep4-s42:1015:6,1015,0,0,0,0,32,71
qwen3-1.7b-keep4-s42,qwen3-1.7b-keep4-s42:1015:7,1015,4,0,0,0,38,71
qwen3-1.7b-keep4-s42,qwen3-1.7b-keep4-s42:1017:2,1017,376,0,0,0,20,57
qwen3-1.7b-keep4-s42,qwen3-1.7b-keep4-s42:1017:3,1017,0,0,0,0,13,57
qwen3-1.7b-keep4-s42,qwen3-1.7b-keep4-s42:1017:7,1017,348,0,0,0,18,57
qwen3-1.7b-keep4-s42,qwen3-1.7b-keep4-s42:1018:0,1018,2,0,0,0,18,36
qwen3-1.7b-keep4-s42,qwen3-1.7b-keep4-s42:1018:1,1018,485,0,0,0,15,36
qwen3-1.7b-keep4-s42,qwen3-1.7b-keep4-s42:1018:4,1018,469,0,0,0,17,36
qwen3-1.7b-keep4-s42,qwen3-1.7b-keep4-s42:1018:6,1018,502,0,0,0,12,36
qwen3-1.7b-keep4-s42,qwen3-1.7b-keep4-s42:1019:1,1019,498,0,0,0,2,12
qwen3-1.7b-keep4-s42,qwen3-1.7b-keep4-s42:1019:6,1019,440,0,0,0,1,12
qwen3-1.7b-keep4-s42,qwen3-1.7b-keep4-s42:1019:7,1019,4,0,0,0,2,12
qwen3-1.7b-keep4-s42,qwen3-1.7b-keep4-s42:1020:0,1020,495,0,0,0,11,70
qwen3-1.7b-keep4-s42,qwen3-1.7b-keep4-s42:1020:1,1020,437,0,0,0,11,70
qwen3-1.7b-keep4-s42,qwen3-1.7b-keep4-s42:1020:2,1020,549,0,0,0,10,70
qwen3-1.7b-keep4-s42,qwen3-1.7b-keep4-s42:1020:3,1020,467,0,0,0,4,70
qwen3-1.7b-keep4-s42,qwen3-1.7b-keep4-s42:1020:4,1020,400,0,0,0,7,70
qwen3-1.7b-keep4-s42,qwen3-1.7b-keep4-s42:1020:5,1020,576,0,0,0,17,70
qwen3-1.7b-keep4-s42,qwen3-1.7b-keep4-s42:1020:6,1020,545,0,0,0,10,70
qwen3-1.7b-keep4-s42,qwen3-1.7b-keep4-s42:1020:7,1020,392,0,0,0,11,70
qwen3-1.7b-keep4-s42,qwen3-1.7b-keep4-s42:1021:3,1021,360,0,0,0,29,99
qwen3-1.7b-keep4-s42,qwen3-1.7b-keep4-s42:1021:5,1021,349,0,0,0,28,99
qwen3-1.7b-keep4-s42,qwen3-1.7b-keep4-s42:1021:6,1021,364,0,0,0,32,99
qwen3-1.7b-keep4-s42,qwen3-1.7b-keep4-s42:1022:3,1022,346,0,0,0,26,71
qwen3-1.7b-keep4-s42,qwen3-1.7b-keep4-s42:1022:4,1022,343,0,0,0,24,71
qwen3-1.7b-keep4-s42,qwen3-1.7b-keep4-s42:1022:5,1022,290,0,0,0,31,71
qwen3-1.7b-keep4-s42,qwen3-1.7b-keep4-s42:1022:6,1022,318,0,0,0,33,71
qwen3-1.7b-keep4-s42,qwen3-1.7b-keep4-s42:1023:1,1023,530,0,0,0,34,45
qwen3-1.7b-keep4-s42,qwen3-1.7b-keep4-s42:1023:4,1023,423,0,0,0,31,45
qwen3-1.7b-keep4-s42,qwen3-1.7b-keep4-s42:1024:0,1024,0,0,0,0,40,82
qwen3-1.7b-keep4-s42,qwen3-1.7b-keep4-s42:1024:1,1024,14,0,0,0,20,82
qwen3-1.7b-keep4-s42,qwen3-1.7b-keep4-s42:1024:2,1024,401,0,0,0,9,82
qwen3-1.7b-keep4-s42,qwen3-1.7b-keep4-s42:1024:4,1024,7,0,0,0,35,82
qwen3-1.7b-keep4-s42,qwen3-1.7b-keep4-s42:1024:7,1024,389,0,0,0,37,82
qwen3-1.7b-keep4-s42,qwen3-1.7b-keep4-s42:1025:1,1025,446,0,0,0,31,96
qwen3-1.7b-keep4-s42,qwen3-1.7b-keep4-s42:1025:2,1025,414,0,0,0,24,96
qwen3-1.7b-keep4-s42,qwen3-1.7b-keep4-s42:1025:3,1025,390,0,0,0,33,96
qwen3-1.7b-keep4-s42,qwen3-1.7b-keep4-s42:1025:4,1025,258,0,0,0,34,96
qwen3-1.7b-keep4-s42,qwen3-1.7b-keep4-s42:1025:5,1025,227,0,0,0,28,96
qwen3-1.7b-keep4-s42,qwen3-1.7b-keep4-s42:1025:6,1025,402,0,0,0,25,96
qwen3-1.7b-keep4-s42,qwen3-1.7b-keep4-s42:1025:7,1025,409,0,0,0,25,96
qwen3-1.7b-keep4-s42,qwen3-1.7b-keep4-s42:1026:0,1026,523,0,0,0,38,78
qwen3-1.7b-keep4-s42,qwen3-1.7b-keep4-s42:1026:1,1026,444,0,0,0,33,78
qwen3-1.7b-keep4-s42,qwen3-1.7b-keep4-s42:1026:2,1026,358,0,0,0,33,78
qwen3-1.7b-keep4-s42,qwen3-1.7b-keep4-s42:1026:3,1026,311,0,0,0,49,78
qwen3-1.7b-keep4-s42,qwen3-1.7b-keep4-s42:1026:4,1026,318,0,0,0,33,78
qwen3-1.7b-keep4-s42,qwen3-1.7b-keep4-s42:1026:5,1026,359,0,0,0,45,78
qwen3-1.7b-keep4-s42,qwen3-1.7b-keep4-s42:1026:7,1026,327,0,0,0,28,78
qwen3-1.7b-keep4-s42,qwen3-1.7b-keep4-s42:1027:0,1027,498,0,0,0,8,60
qwen3-1.7b-keep4-s42,qwen3-1.7b-keep4-s42:1027:1,1027,504,0,0,0,18,60
qwen3-1.7b-keep4-s42,qwen3-1.7b-keep4-s42:1027:2,1027,537,0,0,0,4,60
qwen3-1.7b-keep4-s42,qwen3-1.7b-keep4-s42:1027:3,1027,535,0,0,0,13,60
qwen3-1.7b-keep4-s42,qwen3-1.7b-keep4-s42:1027:4,1027,499,0,0,0,8,60
qwen3-1.7b-keep4-s42,qwen3-1.7b-keep4-s42:1027:5,1027,491,0,0,0,12,60
qwen3-1.7b-keep4-s42,qwen3-1.7b-keep4-s42:1027:6,1027,575,0,0,0,7,60
qwen3-1.7b-keep4-s42,qwen3-1.7b-keep4-s42:1027:7,1027,521,0,0,0,10,60
qwen3-1.7b-keep4-s42,qwen3-1.7b-keep4-s42:1028:0,1028,415,0,0,0,23,115
qwen3-1.7b-keep4-s42,qwen3-1.7b-keep4-s42:1028:1,1028,0,0,0,0,30,115
qwen3-1.7b-keep4-s42,qwen3-1.7b-keep4-s42:1028:2,1028,466,0,0,0,26,115
qwen3-1.7b-keep4-s42,qwen3-1.7b-keep4-s42:1028:3,1028,493,0,0,0,25,115
qwen3-1.7b-keep4-s42,qwen3-1.7b-keep4-s42:1028:4,1028,0,0,0,0,28,115
qwen3-1.7b-keep4-s42,qwen3-1.7b-keep4-s42:1028:5,1028,448,0,0,0,30,115
qwen3-1.7b-keep4-s42,qwen3-1.7b-keep4-s42:1028:6,1028,460,0,0,0,32,115
qwen3-1.7b-keep4-s42,qwen3-1.7b-keep4-s42:1029:0,1029,367,0,0,0,5,41
qwen3-1.7b-keep4-s42,qwen3-1.7b-keep4-s42:1029:1,1029,340,0,0,0,12,41
qwen3-1.7b-keep4-s42,qwen3-1.7b-keep4-s42:1029:2,1029,521,0,0,0,10,41
qwen3-1.7b-keep4-s42,qwen3-1.7b-keep4-s42:1029:3,1029,392,0,0,0,13,41
qwen3-1.7b-keep4-s42,qwen3-1.7b-keep4-s42:1029:4,1029,456,0,0,0,3,41
qwen3-1.7b-keep4-s42,qwen3-1.7b-keep4-s42:1029:5,1029,297,0,0,0,3,41
qwen3-1.7b-keep4-s42,qwen3-1.7b-keep4-s42:1029:6,1029,512,0,0,0,7,41
qwen3-1.7b-keep4-s42,qwen3-1.7b-keep4-s42:1029:7,1029,544,0,0,0,8,41
qwen3-1.7b-keep4-s42,qwen3-1.7b-keep4-s42:1030:4,1030,338,0,0,0,14,38
qwen3-1.7b-keep4-s42,qwen3-1.7b-keep4-s42:1030:7,1030,359,0,0,0,11,38
qwen3-1.7b-keep4-s42,qwen3-1.7b-keep4-s42:1031:0,1031,396,0,0,0,12,41
qwen3-1.7b-keep4-s42,qwen3-1.7b-keep4-s42:1031:1,1031,197,0,0,0,20,41
qwen3-1.7b-keep4-s42,qwen3-1.7b-keep4-s42:1031:2,1031,365,0,0,0,20,41
qwen3-1.7b-keep4-s42,qwen3-1.7b-keep4-s42:1031:3,1031,493,0,0,0,4,41
qwen3-1.7b-keep4-s42,qwen3-1.7b-keep4-s42:1031:4,1031,435,0,0,0,16,41
qwen3-1.7b-keep4-s42,qwen3-1.7b-keep4-s42:1031:5,1031,378,0,0,0,12,41
qwen3-1.7b-keep4-s42,qwen3-1.7b-keep4-s42:1031:6,1031,449,0,0,0,12,41
qwen3-1.7b-keep4-s42,qwen3-1.7b-keep4-s42:1031:7,1031,509,0,0,0,14,41
qwen3-1.7b-keep4-s42,qwen3-1.7b-keep4-s42:1032:1,1032,89,0,0,0,21,53
qwen3-1.7b-keep4-s42,qwen3-1.7b-keep4-s42:1032:2,1032,447,0,0,0,22,53
qwen3-1.7b-keep4-s42,qwen3-1.7b-keep4-s42:1032:3,1032,485,0,0,0,12,53
qwen3-1.7b-keep4-s42,qwen3-1.7b-keep4-s42:1032:4,1032,437,0,0,0,20,53
qwen3-1.7b-keep4-s42,qwen3-1.7b-keep4-s42:1032:6,1032,269,0,0,0,14,53
qwen3-1.7b-keep4-s42,qwen3-1.7b-keep4-s42:1032:7,1032,505,0,0,0,18,53
qwen3-1.7b-keep4-s42,qwen3-1.7b-keep4-s42:1033:6,1033,1,0,0,0,19,66
qwen3-1.7b-keep4-s42,qwen3-1.7b-keep4-s42:1034:1,1034,413,0,0,0,19,50
qwen3-1.7b-keep4-s42,qwen3-1.7b-keep4-s42:1034:2,1034,406,0,0,0,21,50
qwen3-1.7b-keep4-s42,qwen3-1.7b-keep4-s42:1034:3,1034,392,0,0,0,21,50
qwen3-1.7b-keep4-s42,qwen3-1.7b-keep4-s42:1034:4,1034,500,0,0,0,24,50
qwen3-1.7b-keep4-s42,qwen3-1.7b-keep4-s42:1034:7,1034,369,0,0,0,19,50
qwen3-1.7b-keep4-s42,qwen3-1.7b-keep4-s42:1035:0,1035,1,0,0,0,10,39
qwen3-1.7b-keep4-s42,qwen3-1.7b-keep4-s42:1035:2,1035,531,0,0,0,10,39
qwen3-1.7b-keep4-s42,qwen3-1.7b-keep4-s42:1035:7,1035,367,0,0,0,14,39
qwen3-1.7b-keep4-s42,qwen3-1.7b-keep4-s42:1036:0,1036,356,0,0,0,27,52
qwen3-1.7b-keep4-s42,qwen3-1.7b-keep4-s42:1036:1,1036,364,0,0,0,34,52
qwen3-1.7b-keep4-s42,qwen3-1.7b-keep4-s42:1036:2,1036,319,0,0,0,32,52
qwen3-1.7b-keep4-s42,qwen3-1.7b-keep4-s42:1036:3,1036,377,0,0,0,29,52
qwen3-1.7b-keep4-s42,qwen3-1.7b-keep4-s42:1036:4,1036,267,0,0,0,38,52
qwen3-1.7b-keep4-s42,qwen3-1.7b-keep4-s42:1036:6,1036,351,0,0,0,26,52
qwen3-1.7b-keep4-s42,qwen3-1.7b-keep4-s42:1036:7,1036,368,0,0,0,27,52
qwen3-1.7b-keep4-s42,qwen3-1.7b-keep4-s42:1037:1,1037,358,0,0,0,19,35
qwen3-1.7b-keep4-s42,qwen3-1.7b-keep4-s42:1037:3,1037,4,0,0,0,21,35
qwen3-1.7b-keep4-s42,qwen3-1.7b-keep4-s42:1037:4,1037,9,0,0,0,21,35
qwen3-1.7b-keep4-s42,qwen3-1.7b-keep4-s42:1037:5,1037,2,0,0,0,23,35
qwen3-1.7b-keep4-s42,qwen3-1.7b-keep4-s42:1037:7,1037,448,0,0,0,21,35
qwen3-1.7b-keep4-s42,qwen3-1.7b-keep4-s42:1038:1,1038,377,0,0,0,40,62
qwen3-1.7b-keep4-s42,qwen3-1.7b-keep4-s42:1038:4,1038,437,0,0,0,21,62
qwen3-1.7b-keep4-s42,qwen3-1.7b-keep4-s42:1038:7,1038,5,0,0,0,43,62
qwen3-1.7b-keep4-s42,qwen3-1.7b-keep4-s42:1039:0,1039,202,0,0,0,11,95
qwen3-1.7b-keep4-s42,qwen3-1.7b-keep4-s42:1039:1,1039,332,0,0,0,5,95
qwen3-1.7b-keep4-s42,qwen3-1.7b-keep4-s42:1039:2,1039,313,0,0,0,26,95
qwen3-1.7b-keep4-s42,qwen3-1.7b-keep4-s42:1039:3,1039,266,0,0,0,8,95
qwen3-1.7b-keep4-s42,qwen3-1.7b-keep4-s42:1039:4,1039,293,0,0,0,12,95
qwen3-1.7b-keep4-s42,qwen3-1.7b-keep4-s42:1039:5,1039,383,0,0,0,15,95
qwen3-1.7b-keep4-s42,qwen3-1.7b-keep4-s42:1039:6,1039,326,0,0,0,10,95
qwen3-1.7b-keep4-s42,qwen3-1.7b-keep4-s42:1039:7,1039,382,0,0,0,12,95
qwen3-1.7b-keep4-s42,qwen3-1.7b-keep4-s42:1040:0,1040,483,0,0,0,47,67
qwen3-1.7b-keep4-s42,qwen3-1.7b-keep4-s42:1040:4,1040,510,0,0,0,26,67
qwen3-1.7b-keep4-s42,qwen3-1.7b-keep4-s42:1040:6,1040,502,0,0,0,30,67
qwen3-1.7b-keep4-s42,qwen3-1.7b-keep4-s42:1040:7,1040,484,0,0,0,38,67
qwen3-1.7b-keep4-s42,qwen3-1.7b-keep4-s42:1041:0,1041,433,0,0,0,25,56
qwen3-1.7b-keep4-s42,qwen3-1.7b-keep4-s42:1041:1,1041,427,0,0,0,21,56
qwen3-1.7b-keep4-s42,qwen3-1.7b-keep4-s42:1041:3,1041,270,0,0,0,10,56
qwen3-1.7b-keep4-s42,qwen3-1.7b-keep4-s42:1041:4,1041,299,0,0,0,12,56
qwen3-1.7b-keep4-s42,qwen3-1.7b-keep4-s42:1041:5,1041,350,0,0,0,28,56
qwen3-1.7b-keep4-s42,qwen3-1.7b-keep4-s42:1041:6,1041,219,0,0,0,9,56
qwen3-1.7b-keep4-s42,qwen3-1.7b-keep4-s42:1041:7,1041,304,0,0,0,26,56
qwen3-1.7b-keep4-s42,qwen3-1.7b-keep4-s42:1042:0,1042,459,0,0,0,3,49
qwen3-1.7b-keep4-s42,qwen3-1.7b-keep4-s42:1042:1,1042,444,0,0,0,9,49
qwen3-1.7b-keep4-s42,qwen3-1.7b-keep4-s42:1042:2,1042,0,0,0,0,7,49
qwen3-1.7b-keep4-s42,qwen3-1.7b-keep4-s42:1042:3,1042,450,0,0,0,10,49
qwen3-1.7b-keep4-s42,qwen3-1.7b-keep4-s42:1042:4,1042,453,0,0,0,8,49
qwen3-1.7b-keep4-s42,qwen3-1.7b-keep4-s42:1042:5,1042,310,0,0,0,6,49
qwen3-1.7b-keep4-s42,qwen3-1.7b-keep4-s42:1042:6,1042,533,0,0,0,8,49
qwen3-1.7b-keep4-s42,qwen3-1.7b-keep4-s42:1043:2,1043,442,0,0,0,26,62
qwen3-1.7b-keep4-s42,qwen3-1.7b-keep4-s42:1043:3,1043,549,0,0,0,22,62
qwen3-1.7b-keep4-s42,qwen3-1.7b-keep4-s42:1043:4,1043,449,0,0,0,20,62
qwen3-1.7b-keep4-s42,qwen3-1.7b-keep4-s42:1043:6,1043,13,0,0,0,23,62
qwen3-1.7b-keep4-s42,qwen3-1.7b-keep4-s42:1044:0,1044,385,0,0,0,7,44
qwen3-1.7b-keep4-s42,qwen3-1.7b-keep4-s42:1044:1,1044,357,0,0,0,12,44
qwen3-1.7b-keep4-s42,qwen3-1.7b-keep4-s42:1044:2,1044,462,0,0,0,5,44
qwen3-1.7b-keep4-s42,qwen3-1.7b-keep4-s42:1044:3,1044,310,0,0,0,5,44
qwen3-1.7b-keep4-s42,qwen3-1.7b-keep4-s42:1044:4,1044,450,0,0,0,6,44
qwen3-1.7b-keep4-s42,qwen3-1.7b-keep4-s42:1044:5,1044,453,0,0,0,4,44
qwen3-1.7b-keep4-s42,qwen3-1.7b-keep4-s42:1044:6,1044,246,0,0,0,9,44
qwen3-1.7b-keep4-s42,qwen3-1.7b-keep4-s42:1044:7,1044,416,0,0,0,7,44
qwen3-1.7b-keep4-s42,qwen3-1.7b-keep4-s42:1045:0,1045,422,0,0,0,10,66
qwen3-1.7b-keep4-s42,qwen3-1.7b-keep4-s42:1045:1,1045,358,0,0,0,10,66
qwen3-1.7b-keep4-s42,qwen3-1.7b-keep4-s42:1045:2,1045,430,0,0,0,10,66
qwen3-1.7b-keep4-s42,qwen3-1.7b-keep4-s42:1045:3,1045,420,0,0,0,8,66
qwen3-1.7b-keep4-s42,qwen3-1.7b-keep4-s42:1045:4,1045,506,0,0,0,10,66
qwen3-1.7b-keep4-s42,qwen3-1.7b-keep4-s42:1045:5,1045,584,0,0,0,9,66
qwen3-1.7b-keep4-s42,qwen3-1.7b-keep4-s42:1045:7,1045,310,0,0,0,9,66
qwen3-1.7b-keep4-s42,qwen3-1.7b-keep4-s42:1046:0,1046,402,0,0,0,23,83
qwen3-1.7b-keep4-s42,qwen3-1.7b-keep4-s42:1046:1,1046,388,0,0,0,18,83
qwen3-1.7b-keep4-s42,qwen3-1.7b-keep4-s42:1046:2,1046,376,0,0,0,13,83
qwen3-1.7b-keep4-s42,qwen3-1.7b-keep4-s42:1046:3,1046,385,0,0,0,12,83
qwen3-1.7b-keep4-s42,qwen3-1.7b-keep4-s42:1046:4,1046,409,0,0,0,25,83
qwen3-1.7b-keep4-s42,qwen3-1.7b-keep4-s42:1046:5,1046,423,0,0,0,6,83
qwen3-1.7b-keep4-s42,qwen3-1.7b-keep4-s42:1046:6,1046,459,0,0,0,11,83
qwen3-1.7b-keep4-s42,qwen3-1.7b-keep4-s42:1046:7,1046,384,0,0,0,12,83
qwen3-1.7b-keep4-s42,qwen3-1.7b-keep4-s42:1047:4,1047,427,0,0,0,10,58
qwen3-1.7b-keep4-s42,qwen3-1.7b-keep4-s42:1047:6,1047,470,0,0,0,8,58
qwen3-1.7b-keep4-s42,qwen3-1.7b-keep4-s42:1048:1,1048,353,0,0,0,17,50
qwen3-1.7b-keep4-s42,qwen3-1.7b-keep4-s42:1048:5,1048,142,0,0,0,24,50
qwen3-1.7b-keep4-s42,qwen3-1.7b-keep4-s42:1049:0,1049,387,0,0,0,2,33
qwen3-1.7b-keep4-s42,qwen3-1.7b-keep4-s42:1049:1,1049,0,0,0,0,2,33
qwen3-1.7b-keep4-s42,qwen3-1.7b-keep4-s42:1049:2,1049,425,0,0,0,2,33
qwen3-1.7b-keep4-s42,qwen3-1.7b-keep4-s42:1049:3,1049,378,0,0,0,1,33
qwen3-1.7b-keep4-s42,qwen3-1.7b-keep4-s42:1049:4,1049,8,0,0,0,3,33
qwen3-1.7b-keep4-s42,qwen3-1.7b-keep4-s42:1049:6,1049,398,0,0,0,2,33
qwen3-1.7b-keep4-s42,qwen3-1.7b-keep4-s42:1049:7,1049,0,0,0,0,3,33
qwen3-1.7b-keep4-s42,qwen3-1.7b-keep4-s42:1050:1,1050,339,0,0,0,37,85
qwen3-1.7b-keep4-s42,qwen3-1.7b-keep4-s42:1050:2,1050,434,0,0,0,17,85
qwen3-1.7b-keep4-s42,qwen3-1.7b-keep4-s42:1050:3,1050,354,0,0,0,32,85
qwen3-1.7b-keep4-s42,qwen3-1.7b-keep4-s42:1050:5,1050,518,0,0,0,16,85
qwen3-1.7b-keep4-s42,qwen3-1.7b-keep4-s42:1052:0,1052,442,0,0,0,10,32
qwen3-1.7b-keep4-s42,qwen3-1.7b-keep4-s42:1052:1,1052,394,0,0,0,6,32
qwen3-1.7b-keep4-s42,qwen3-1.7b-keep4-s42:1052:2,1052,406,0,0,0,7,32
qwen3-1.7b-keep4-s42,qwen3-1.7b-keep4-s42:1052:3,1052,417,0,0,0,10,32
qwen3-1.7b-keep4-s42,qwen3-1.7b-keep4-s42:1052:4,1052,367,0,0,0,8,32
qwen3-1.7b-keep4-s42,qwen3-1.7b-keep4-s42:1052:5,1052,400,0,0,0,8,32
qwen3-1.7b-keep4-s42,qwen3-1.7b-keep4-s42:1052:6,1052,504,0,0,0,8,32
qwen3-1.7b-keep4-s42,qwen3-1.7b-keep4-s42:1052:7,1052,443,0,0,0,8,32
qwen3-1.7b-keep4-s42,qwen3-1.7b-keep4-s42:1053:0,1053,288,0,0,0,8,69
qwen3-1.7b-keep4-s42,qwen3-1.7b-keep4-s42:1053:1,1053,331,0,0,0,6,69
qwen3-1.7b-keep4-s42,qwen3-1.7b-keep4-s42:1053:2,1053,260,0,0,0,7,69
qwen3-1.7b-keep4-s42,qwen3-1.7b-keep4-s42:1053:3,1053,400,0,0,0,8,69
qwen3-1.7b-keep4-s42,qwen3-1.7b-keep4-s42:1053:5,1053,197,0,0,0,7,69
qwen3-1.7b-keep4-s42,qwen3-1.7b-keep4-s42:1053:6,1053,366,0,0,0,6,69
qwen3-1.7b-keep4-s42,qwen3-1.7b-keep4-s42:1053:7,1053,368,0,0,0,7,69
qwen3-1.7b-keep4-s42,qwen3-1.7b-keep4-s42:1054:0,1054,391,0,0,0,9,63
qwen3-1.7b-keep4-s42,qwen3-1.7b-keep4-s42:1054:1,1054,391,0,0,0,10,63
qwen3-1.7b-keep4-s42,qwen3-1.7b-keep4-s42:1054:2,1054,388,0,0,0,10,63
qwen3-1.7b-keep4-s42,qwen3-1.7b-keep4-s42:1054:3,1054,435,0,0,0,14,63
qwen3-1.7b-keep4-s42,qwen3-1.7b-keep4-s42:1054:4,1054,416,0,0,0,18,63
qwen3-1.7b-keep4-s42,qwen3-1.7b-keep4-s42:1054:5,1054,373,0,0,0,12,63
qwen3-1.7b-keep4-s42,qwen3-1.7b-keep4-s42:1054:6,1054,489,0,0,0,12,63
qwen3-1.7b-keep4-s42,qwen3-1.7b-keep4-s42:1054:7,1054,340,0,0,0,15,63
qwen3-1.7b-keep4-s42,qwen3-1.7b-keep4-s42:1055:0,1055,270,0,0,0,54,98
qwen3-1.7b-keep4-s42,qwen3-1.7b-keep4-s42:1055:1,1055,352,0,0,0,26,98
qwen3-1.7b-keep4-s42,qwen3-1.7b-keep4-s42:1055:2,1055,280,0,0,0,50,98
qwen3-1.7b-keep4-s42,qwen3-1.7b-keep4-s42:1055:3,1055,360,0,0,0,47,98
qwen3-1.7b-keep4-s42,qwen3-1.7b-keep4-s42:1055:4,1055,309,0,0,0,23,98
qwen3-1.7b-keep4-s42,qwen3-1.7b-keep4-s42:1055:6,1055,345,0,0,0,59,98
qwen3-1.7b-keep4-s42,qwen3-1.7b-keep4-s42:1055:7,1055,276,0,0,0,26,98
qwen3-1.7b-keep4-s42,qwen3-1.7b-keep4-s42:1056:0,1056,374,0,0,0,25,80
qwen3-1.7b-keep4-s42,qwen3-1.7b-keep4-s42:1056:1,1056,503,0,0,0,10,80
qwen3-1.7b-keep4-s42,qwen3-1.7b-keep4-s42:1056:2,1056,569,0,0,0,16,80
qwen3-1.7b-keep4-s42,qwen3-1.7b-keep4-s42:1056:3,1056,535,0,0,0,18,80
qwen3-1.7b-keep4-s42,qwen3-1.7b-keep4-s42:1056:6,1056,422,0,0,0,23,80
qwen3-1.7b-keep4-s42,qwen3-1.7b-keep4-s42:1057:0,1057,415,0,0,0,6,59
qwen3-1.7b-keep4-s42,qwen3-1.7b-keep4-s42:1057:1,1057,360,0,0,0,7,59
qwen3-1.7b-keep4-s42,qwen3-1.7b-keep4-s42:1057:3,1057,336,0,0,0,8,59
qwen3-1.7b-keep4-s42,qwen3-1.7b-keep4-s42:1057:5,1057,428,0,0,0,3,59
qwen3-1.7b-keep4-s42,qwen3-1.7b-keep4-s42:1057:6,1057,413,0,0,0,5,59
qwen3-1.7b-keep4-s42,qwen3-1.7b-keep4-s42:1057:7,1057,361,0,0,0,22,59
qwen3-1.7b-keep4-s42,qwen3-1.7b-keep4-s42:1058:3,1058,233,0,0,0,0,79
qwen3-1.7b-keep4-s42,qwen3-1.7b-keep4-s42:1058:4,1058,265,0,0,0,0,79
qwen3-1.7b-keep4-s42,qwen3-1.7b-keep4-s42:1058:5,1058,342,0,0,0,0,79
qwen3-1.7b-keep4-s42,qwen3-1.7b-keep4-s42:1058:7,1058,351,0,0,0,0,79
qwen3-1.7b-keep4-s42,qwen3-1.7b-keep4-s42:1059:0,1059,191,0,0,0,5,44
qwen3-1.7b-keep4-s42,qwen3-1.7b-keep4-s42:1059:1,1059,431,0,0,0,10,44
qwen3-1.7b-keep4-s42,qwen3-1.7b-keep4-s42:1059:2,1059,389,0,0,0,8,44
qwen3-1.7b-keep4-s42,qwen3-1.7b-keep4-s42:1059:3,1059,378,0,0,0,5,44
qwen3-1.7b-keep4-s42,qwen3-1.7b-keep4-s42:1059:4,1059,471,0,0,0,5,44
qwen3-1.7b-keep4-s42,qwen3-1.7b-keep4-s42:1059:5,1059,331,0,0,0,7,44
qwen3-1.7b-keep4-s42,qwen3-1.7b-keep4-s42:1059:6,1059,454,0,0,0,16,44
qwen3-1.7b-keep4-s42,qwen3-1.7b-keep4-s42:1060:3,1060,438,0,0,0,13,31
qwen3-1.7b-keep4-s42,qwen3-1.7b-keep4-s42:1061:0,1061,404,0,0,0,3,34
qwen3-1.7b-keep4-s42,qwen3-1.7b-keep4-s42:1061:1,1061,288,0,0,0,1,34
qwen3-1.7b-keep4-s42,qwen3-1.7b-keep4-s42:1061:2,1061,348,0,0,0,2,34
qwen3-1.7b-keep4-s42,qwen3-1.7b-keep4-s42:1061:3,1061,326,0,0,0,2,34
qwen3-1.7b-keep4-s42,qwen3-1.7b-keep4-s42:1061:4,1061,379,0,0,0,2,34
qwen3-1.7b-keep4-s42,qwen3-1.7b-keep4-s42:1061:6,1061,389,0,0,0,2,34
qwen3-1.7b-keep4-s42,qwen3-1.7b-keep4-s42:1061:7,1061,362,0,0,0,3,34
qwen3-1.7b-keep4-s42,qwen3-1.7b-keep4-s42:1062:0,1062,451,0,0,0,2,45
qwen3-1.7b-keep4-s42,qwen3-1.7b-keep4-s42:1062:2,1062,6,0,0,0,25,45
qwen3-1.7b-keep4-s42,qwen3-1.7b-keep4-s42:1062:3,1062,388,0,0,0,21,45
qwen3-1.7b-keep4-s42,qwen3-1.7b-keep4-s42:1062:4,1062,448,0,0,0,16,45
qwen3-1.7b-keep4-s42,qwen3-1.7b-keep4-s42:1062:5,1062,301,0,0,0,20,45
qwen3-1.7b-keep4-s42,qwen3-1.7b-keep4-s42:1062:6,1062,350,0,0,0,15,45
qwen3-1.7b-keep4-s42,qwen3-1.7b-keep4-s42:1062:7,1062,480,0,0,0,2,45
qwen3-1.7b-keep4-s42,qwen3-1.7b-keep4-s42:1063:0,1063,377,0,0,0,6,84
qwen3-1.7b-keep4-s42,qwen3-1.7b-keep4-s42:1063:1,1063,419,19,1,8,12,84
qwen3-1.7b-keep4-s42,qwen3-1.7b-keep4-s42:1063:2,1063,299,0,0,0,26,84
qwen3-1.7b-keep4-s42,qwen3-1.7b-keep4-s42:1063:3,1063,341,0,0,0,18,84
qwen3-1.7b-keep4-s42,qwen3-1.7b-keep4-s42:1063:4,1063,366,0,0,0,2,84
qwen3-1.7b-keep4-s42,qwen3-1.7b-keep4-s42:1063:5,1063,570,0,0,0,22,84
qwen3-1.7b-keep4-s42,qwen3-1.7b-keep4-s42:1063:6,1063,474,0,0,0,16,84
qwen3-1.7b-keep4-s42,qwen3-1.7b-keep4-s42:1063:7,1063,450,0,0,0,8,84
qwen3-1.7b-keep4-s42,qwen3-1.7b-keep4-s42:1064:2,1064,388,0,0,0,9,38
qwen3-1.7b-keep4-s42,qwen3-1.7b-keep4-s42:1064:6,1064,400,0,0,0,5,38
qwen3-1.7b-keep4-s42,qwen3-1.7b-keep4-s42:1065:4,1065,564,0,0,0,17,69
qwen3-1.7b-keep4-s42,qwen3-1.7b-keep4-s42:1067:4,1067,1,0,0,0,1,4
qwen3-1.7b-keep4-s42,qwen3-1.7b-keep4-s42:1069:2,1069,399,0,0,0,6,27
qwen3-1.7b-keep4-s42,qwen3-1.7b-keep4-s42:1069:3,1069,428,0,0,0,5,27
qwen3-1.7b-keep4-s42,qwen3-1.7b-keep4-s42:1069:4,1069,246,1,0,0,7,27
qwen3-1.7b-keep4-s42,qwen3-1.7b-keep4-s42:1069:7,1069,355,0,0,0,8,27
qwen3-1.7b-keep4-s42,qwen3-1.7b-keep4-s42:1070:0,1070,312,0,0,0,2,33
qwen3-1.7b-keep4-s42,qwen3-1.7b-keep4-s42:1070:1,1070,313,0,0,0,3,33
qwen3-1.7b-keep4-s42,qwen3-1.7b-keep4-s42:1070:2,1070,337,0,0,0,4,33
qwen3-1.7b-keep4-s42,qwen3-1.7b-keep4-s42:1070:3,1070,238,0,0,0,4,33
qwen3-1.7b-keep4-s42,qwen3-1.7b-keep4-s42:1070:4,1070,447,0,0,0,2,33
qwen3-1.7b-keep4-s42,qwen3-1.7b-keep4-s42:1070:5,1070,425,0,0,0,7,33
qwen3-1.7b-keep4-s42,qwen3-1.7b-keep4-s42:1070:6,1070,322,0,0,0,3,33
qwen3-1.7b-keep4-s42,qwen3-1.7b-keep4-s42:1070:7,1070,350,0,0,0,5,33
qwen3-1.7b-keep4-s42,qwen3-1.7b-keep4-s42:1071:0,1071,446,0,0,0,35,91
qwen3-1.7b-keep4-s42,qwen3-1.7b-keep4-s42:1071:1,1071,521,0,0,0,39,91
qwen3-1.7b-keep4-s42,qwen3-1.7b-keep4-s42:1071:3,1071,446,0,0,0,15,91
qwen3-1.7b-keep4-s42,qwen3-1.7b-keep4-s42:1071:4,1071,4,0,0,0,34,91
qwen3-1.7b-keep4-s42,qwen3-1.7b-keep4-s42:1071:5,1071,465,0,0,0,21,91
qwen3-1.7b-keep4-s42,qwen3-1.7b-keep4-s42:1071:6,1071,421,0,0,0,11,91
qwen3-1.7b-keep4-s42,qwen3-1.7b-keep4-s42:1072:0,1072,10,0,0,0,15,82
qwen3-1.7b-keep4-s42,qwen3-1.7b-keep4-s42:1072:2,1072,333,0,0,0,10,82
qwen3-1.7b-keep4-s42,qwen3-1.7b-keep4-s42:1072:3,1072,537,0,0,0,14,82
qwen3-1.7b-keep4-s42,qwen3-1.7b-keep4-s42:1072:4,1072,177,0,0,0,18,82
qwen3-1.7b-keep4-s42,qwen3-1.7b-keep4-s42:1072:5,1072,384,0,0,0,20,82
qwen3-1.7b-keep4-s42,qwen3-1.7b-keep4-s42:1072:6,1072,430,0,0,0,12,82
qwen3-1.7b-keep4-s42,qwen3-1.7b-keep4-s42:1073:2,1073,475,0,0,0,8,65
qwen3-1.7b-keep4-s42,qwen3-1.7b-keep4-s42:1073:3,1073,24,0,0,0,23,65
qwen3-1.7b-keep4-s42,qwen3-1.7b-keep4-s42:1073:4,1073,439,0,0,0,8,65
qwen3-1.7b-keep4-s42,qwen3-1.7b-keep4-s42:1073:5,1073,404,0,0,0,8,65
qwen3-1.7b-keep4-s42,qwen3-1.7b-keep4-s42:1073:6,1073,466,0,0,0,7,65
qwen3-1.7b-keep4-s42,qwen3-1.7b-keep4-s42:1074:1,1074,426,0,0,0,28,62
qwen3-1.7b-keep4-s42,qwen3-1.7b-keep4-s42:1074:2,1074,421,0,0,0,24,62
qwen3-1.7b-keep4-s42,qwen3-1.7b-keep4-s42:1074:3,1074,431,0,0,0,28,62
qwen3-1.7b-keep4-s42,qwen3-1.7b-keep4-s42:1074:5,1074,367,0,0,0,26,62
qwen3-1.7b-keep4-s42,qwen3-1.7b-keep4-s42:1074:6,1074,463,0,0,0,28,62
qwen3-1.7b-keep4-s42,qwen3-1.7b-keep4-s42:1074:7,1074,406,0,0,0,32,62
qwen3-1.7b-keep4-s42,qwen3-1.7b-keep4-s42:1075:0,1075,0,0,0,0,12,34
qwen3-1.7b-keep4-s42,qwen3-1.7b-keep4-s42:1075:1,1075,0,0,0,0,10,34
qwen3-1.7b-keep4-s42,qwen3-1.7b-keep4-s42:1075:4,1075,579,0,0,0,10,34
qwen3-1.7b-keep4-s42,qwen3-1.7b-keep4-s42:1075:6,1075,605,0,0,0,14,34
qwen3-1.7b-keep4-s42,qwen3-1.7b-keep4-s42:1075:7,1075,521,0,0,0,11,34
qwen3-1.7b-keep4-s42,qwen3-1.7b-keep4-s42:1076:0,1076,385,0,0,0,15,58
qwen3-1.7b-keep4-s42,qwen3-1.7b-keep4-s42:1076:1,1076,290,0,0,0,0,58
qwen3-1.7b-keep4-s42,qwen3-1.7b-keep4-s42:1076:2,1076,337,0,0,0,12,58
qwen3-1.7b-keep4-s42,qwen3-1.7b-keep4-s42:1076:3,1076,297,0,0,0,9,58
qwen3-1.7b-keep4-s42,qwen3-1.7b-keep4-s42:1076:4,1076,394,2,0,0,18,58
qwen3-1.7b-keep4-s42,qwen3-1.7b-keep4-s42:1076:5,1076,236,0,0,0,22,58
qwen3-1.7b-keep4-s42,qwen3-1.7b-keep4-s42:1076:6,1076,389,1,0,0,22,58
qwen3-1.7b-keep4-s42,qwen3-1.7b-keep4-s42:1076:7,1076,323,0,0,0,7,58
qwen3-1.7b-keep4-s42,qwen3-1.7b-keep4-s42:1077:1,1077,280,0,0,0,8,62
qwen3-1.7b-keep4-s42,qwen3-1.7b-keep4-s42:1077:2,1077,293,0,0,0,10,62
qwen3-1.7b-keep4-s42,qwen3-1.7b-keep4-s42:1077:3,1077,331,0,0,0,13,62
qwen3-1.7b-keep4-s42,qwen3-1.7b-keep4-s42:1077:4,1077,370,0,0,0,11,62
qwen3-1.7b-keep4-s42,qwen3-1.7b-keep4-s42:1077:5,1077,330,0,0,0,19,62
qwen3-1.7b-keep4-s42,qwen3-1.7b-keep4-s42:1077:6,1077,336,0,0,0,10,62
qwen3-1.7b-keep4-s42,qwen3-1.7b-keep4-s42:1077:7,1077,333,0,0,0,8,62
qwen3-1.7b-keep4-s42,qwen3-1.7b-keep4-s42:1078:0,1078,305,0,0,0,10,87
qwen3-1.7b-keep4-s42,qwen3-1.7b-keep4-s42:1078:2,1078,28,0,0,0,28,87
qwen3-1.7b-keep4-s42,qwen3-1.7b-keep4-s42:1078:7,1078,277,0,0,0,15,87
qwen3-1.7b-keep4-s42,qwen3-1.7b-keep4-s42:1079:1,1079,545,0,0,0,13,50
qwen3-1.7b-keep4-s42,qwen3-1.7b-keep4-s42:1079:3,1079,421,0,0,0,20,50
qwen3-1.7b-keep4-s42,qwen3-1.7b-keep4-s42:1079:4,1079,478,0,0,0,11,50
qwen3-1.7b-keep4-s42,qwen3-1.7b-keep4-s42:1079:5,1079,445,0,0,0,12,50
qwen3-1.7b-keep4-s42,qwen3-1.7b-keep4-s42:1079:7,1079,545,0,0,0,17,50
qwen3-1.7b-keep4-s42,qwen3-1.7b-keep4-s42:1080:1,1080,279,0,0,0,8,38
qwen3-1.7b-keep4-s42,qwen3-1.7b-keep4-s42:1080:3,1080,452,0,0,0,9,38
qwen3-1.7b-keep4-s42,qwen3-1.7b-keep4-s42:1081:0,1081,461,0,0,0,5,41
qwen3-1.7b-keep4-s42,qwen3-1.7b-keep4-s42:1081:1,1081,439,0,0,0,15,41
qwen3-1.7b-keep4-s42,qwen3-1.7b-keep4-s42:1081:2,1081,247,0,0,0,5,41
qwen3-1.7b-keep4-s42,qwen3-1.7b-keep4-s42:1081:4,1081,363,0,0,0,4,41
qwen3-1.7b-keep4-s42,qwen3-1.7b-keep4-s42:1081:5,1081,352,0,0,0,3,41
qwen3-1.7b-keep4-s42,qwen3-1.7b-keep4-s42:1081:7,1081,12,0,0,0,14,41
qwen3-1.7b-keep4-s42,qwen3-1.7b-keep4-s42:1082:0,1082,337,0,0,0,18,34
qwen3-1.7b-keep4-s42,qwen3-1.7b-keep4-s42:1082:1,1082,337,0,0,0,21,34
qwen3-1.7b-keep4-s42,qwen3-1.7b-keep4-s42:1082:2,1082,425,0,0,0,14,34
qwen3-1.7b-keep4-s42,qwen3-1.7b-keep4-s42:1082:3,1082,385,0,0,0,19,34
qwen3-1.7b-keep4-s42,qwen3-1.7b-keep4-s42:1082:4,1082,367,0,0,0,16,34
qwen3-1.7b-keep4-s42,qwen3-1.7b-keep4-s42:1083:0,1083,422,0,0,0,18,42
qwen3-1.7b-keep4-s42,qwen3-1.7b-keep4-s42:1083:1,1083,402,0,0,0,13,42
qwen3-1.7b-keep4-s42,qwen3-1.7b-keep4-s42:1083:2,1083,313,0,0,0,11,42
qwen3-1.7b-keep4-s42,qwen3-1.7b-keep4-s42:1083:3,1083,1,0,0,0,19,42
qwen3-1.7b-keep4-s42,qwen3-1.7b-keep4-s42:1083:4,1083,349,0,0,0,13,42
qwen3-1.7b-keep4-s42,qwen3-1.7b-keep4-s42:1083:7,1083,329,0,0,0,9,42
qwen3-1.7b-keep4-s42,qwen3-1.7b-keep4-s42:1085:0,1085,252,0,0,0,14,139
qwen3-1.7b-keep4-s42,qwen3-1.7b-keep4-s42:1085:1,1085,316,0,0,0,19,139
qwen3-1.7b-keep4-s42,qwen3-1.7b-keep4-s42:1085:2,1085,291,0,0,0,35,139
qwen3-1.7b-keep4-s42,qwen3-1.7b-keep4-s42:1085:3,1085,342,0,0,0,33,139
qwen3-1.7b-keep4-s42,qwen3-1.7b-keep4-s42:1085:4,1085,357,0,0,0,24,139
qwen3-1.7b-keep4-s42,qwen3-1.7b-keep4-s42:1085:5,1085,347,0,0,0,29,139
qwen3-1.7b-keep4-s42,qwen3-1.7b-keep4-s42:1085:6,1085,328,0,0,0,31,139
qwen3-1.7b-keep4-s42,qwen3-1.7b-keep4-s42:1085:7,1085,211,0,0,0,41,139
qwen3-1.7b-keep4-s42,qwen3-1.7b-keep4-s42:1086:0,1086,528,0,0,0,14,36
qwen3-1.7b-keep4-s42,qwen3-1.7b-keep4-s42:1086:1,1086,357,0,0,0,15,36
qwen3-1.7b-keep4-s42,qwen3-1.7b-keep4-s42:1086:2,1086,422,0,0,0,12,36
qwen3-1.7b-keep4-s42,qwen3-1.7b-keep4-s42:1086:4,1086,473,0,0,0,13,36
qwen3-1.7b-keep4-s42,qwen3-1.7b-keep4-s42:1086:5,1086,481,0,0,0,15,36
qwen3-1.7b-keep4-s42,qwen3-1.7b-keep4-s42:1086:6,1086,463,0,0,0,16,36
qwen3-1.7b-keep4-s42,qwen3-1.7b-keep4-s42:1086:7,1086,451,0,0,0,13,36
qwen3-1.7b-keep4-s42,qwen3-1.7b-keep4-s42:1087:0,1087,321,0,0,0,18,68
qwen3-1.7b-keep4-s42,qwen3-1.7b-keep4-s42:1087:2,1087,410,0,0,0,27,68
qwen3-1.7b-keep4-s42,qwen3-1.7b-keep4-s42:1087:5,1087,8,0,0,0,26,68
qwen3-1.7b-keep4-s42,qwen3-1.7b-keep4-s42:1087:6,1087,3,0,0,0,30,68
qwen3-1.7b-keep4-s42,qwen3-1.7b-keep4-s42:1087:7,1087,428,0,0,0,28,68
qwen3-1.7b-keep4-s42,qwen3-1.7b-keep4-s42:1088:0,1088,360,0,0,0,12,54
qwen3-1.7b-keep4-s42,qwen3-1.7b-keep4-s42:1088:1,1088,320,0,0,0,16,54
qwen3-1.7b-keep4-s42,qwen3-1.7b-keep4-s42:1088:5,1088,398,0,0,0,10,54
qwen3-1.7b-keep4-s42,qwen3-1.7b-keep4-s42:1088:6,1088,54,0,0,0,9,54
qwen3-1.7b-keep4-s42,qwen3-1.7b-keep4-s42:1089:2,1089,220,0,0,0,10,55
qwen3-1.7b-keep4-s42,qwen3-1.7b-keep4-s42:1089:3,1089,213,0,0,0,14,55
qwen3-1.7b-keep4-s42,qwen3-1.7b-keep4-s42:1089:6,1089,376,0,0,0,1,55
qwen3-1.7b-keep4-s42,qwen3-1.7b-keep4-s42:1090:0,1090,546,0,0,0,13,26
qwen3-1.7b-keep4-s42,qwen3-1.7b-keep4-s42:1090:2,1090,3,0,0,0,15,26
qwen3-1.7b-keep4-s42,qwen3-1.7b-keep4-s42:1091:2,1091,510,0,0,0,9,102
qwen3-1.7b-keep4-s42,qwen3-1.7b-keep4-s42:1091:3,1091,449,0,0,0,15,102
qwen3-1.7b-keep4-s42,qwen3-1.7b-keep4-s42:1091:4,1091,405,0,0,0,15,102
qwen3-1.7b-keep4-s42,qwen3-1.7b-keep4-s42:1091:5,1091,447,0,0,0,30,102
qwen3-1.7b-keep4-s42,qwen3-1.7b-keep4-s42:1091:6,1091,448,0,0,0,16,102
qwen3-1.7b-keep4-s42,qwen3-1.7b-keep4-s42:1091:7,1091,500,0,0,0,15,102
qwen3-1.7b-keep4-s42,qwen3-1.7b-keep4-s42:1092:0,1092,596,0,0,0,0,10
qwen3-1.7b-keep4-s42,qwen3-1.7b-keep4-s42:1092:1,1092,127,127,0,1,1,10
qwen3-1.7b-keep4-s42,qwen3-1.7b-keep4-s42:1092:2,1092,10,0,0,0,0,10
qwen3-1.7b-keep4-s42,qwen3-1.7b-keep4-s42:1092:4,1092,453,0,0,0,0,10
qwen3-1.7b-keep4-s42,qwen3-1.7b-keep4-s42:1092:6,1092,373,0,0,0,0,10
qwen3-1.7b-keep4-s42,qwen3-1.7b-keep4-s42:1093:0,1093,470,0,0,0,26,94
qwen3-1.7b-keep4-s42,qwen3-1.7b-keep4-s42:1093:1,1093,462,0,0,0,39,94
qwen3-1.7b-keep4-s42,qwen3-1.7b-keep4-s42:1093:2,1093,347,0,0,0,54,94
qwen3-1.7b-keep4-s42,qwen3-1.7b-keep4-s42:1093:3,1093,478,0,0,0,23,94
qwen3-1.7b-keep4-s42,qwen3-1.7b-keep4-s42:1093:4,1093,391,0,0,0,47,94
qwen3-1.7b-keep4-s42,qwen3-1.7b-keep4-s42:1093:5,1093,399,0,0,0,29,94
qwen3-1.7b-keep4-s42,qwen3-1.7b-keep4-s42:1093:7,1093,389,0,0,0,45,94
qwen3-1.7b-keep4-s42,qwen3-1.7b-keep4-s42:1094:4,1094,448,0,0,0,17,37
qwen3-1.7b-keep4-s42,qwen3-1.7b-keep4-s42:1095:0,1095,317,0,0,0,22,57
qwen3-1.7b-keep4-s42,qwen3-1.7b-keep4-s42:1095:1,1095,279,0,0,0,19,57
qwen3-1.7b-keep4-s42,qwen3-1.7b-keep4-s42:1095:2,1095,301,0,0,0,18,57
qwen3-1.7b-keep4-s42,qwen3-1.7b-keep4-s42:1095:3,1095,294,0,0,0,18,57
qwen3-1.7b-keep4-s42,qwen3-1.7b-keep4-s42:1095:5,1095,396,0,0,0,18,57
qwen3-1.7b-keep4-s42,qwen3-1.7b-keep4-s42:1095:6,1095,380,0,0,0,22,57
qwen3-1.7b-keep4-s42,qwen3-1.7b-keep4-s42:1095:7,1095,260,0,0,0,19,57
qwen3-1.7b-keep4-s42,qwen3-1.7b-keep4-s42:1096:6,1096,440,0,0,0,37,69
qwen3-1.7b-keep4-s42,qwen3-1.7b-keep4-s42:1097:0,1097,1,0,0,0,28,99
qwen3-1.7b-keep4-s42,qwen3-1.7b-keep4-s42:1097:1,1097,375,0,0,0,28,99
qwen3-1.7b-keep4-s42,qwen3-1.7b-keep4-s42:1097:4,1097,321,0,0,0,33,99
qwen3-1.7b-keep4-s42,qwen3-1.7b-keep4-s42:1097:5,1097,360,0,0,0,27,99
qwen3-1.7b-keep4-s42,qwen3-1.7b-keep4-s42:1097:6,1097,390,0,0,0,22,99
qwen3-1.7b-keep4-s42,qwen3-1.7b-keep4-s42:1098:2,1098,495,0,0,0,13,51
qwen3-1.7b-keep4-s42,qwen3-1.7b-keep4-s42:1098:5,1098,409,0,0,0,14,51
qwen3-1.7b-keep4-s42,qwen3-1.7b-keep4-s42:1098:6,1098,323,0,0,0,17,51
qwen3-1.7b-keep4-s42,qwen3-1.7b-keep4-s42:1099:0,1099,408,0,0,0,7,48
qwen3-1.7b-keep4-s42,qwen3-1.7b-keep4-s42:1099:1,1099,435,0,0,0,10,48
qwen3-1.7b-keep4-s42,qwen3-1.7b-keep4-s42:1099:2,1099,385,0,0,0,5,48
qwen3-1.7b-keep4-s42,qwen3-1.7b-keep4-s42:1099:3,1099,496,0,0,0,3,48
qwen3-1.7b-keep4-s42,qwen3-1.7b-keep4-s42:1099:4,1099,381,0,0,0,6,48
qwen3-1.7b-keep4-s42,qwen3-1.7b-keep4-s42:1099:5,1099,491,0,0,0,3,48
qwen3-1.7b-keep4-s42,qwen3-1.7b-keep4-s42:1099:6,1099,334,0,0,0,7,48
qwen3-1.7b-keep4-s42,qwen3-1.7b-keep4-s42:1099:7,1099,392,0,0,0,7,48
qwen3-1.7b-keep4-s42,qwen3-1.7b-keep4-s42:1100:1,1100,360,0,0,0,23,56
qwen3-1.7b-keep4-s42,qwen3-1.7b-keep4-s42:1100:2,1100,321,0,0,0,23,56
qwen3-1.7b-keep4-s42,qwen3-1.7b-keep4-s42:1100:3,1100,387,0,0,0,11,56
qwen3-1.7b-keep4-s42,qwen3-1.7b-keep4-s42:1100:6,1100,300,0,0,0,18,56
qwen3-1.7b-keep4-s42,qwen3-1.7b-keep4-s42:1100:7,1100,347,0,0,0,17,56
qwen3-1.7b-keep4-s42,qwen3-1.7b-keep4-s42:1102:0,1102,347,0,0,0,34,103
qwen3-1.7b-keep4-s42,qwen3-1.7b-keep4-s42:1102:1,1102,314,0,0,0,34,103
qwen3-1.7b-keep4-s42,qwen3-1.7b-keep4-s42:1102:2,1102,411,0,0,0,34,103
qwen3-1.7b-keep4-s42,qwen3-1.7b-keep4-s42:1102:3,1102,357,0,0,0,37,103
qwen3-1.7b-keep4-s42,qwen3-1.7b-keep4-s42:1102:4,1102,389,0,0,0,30,103
qwen3-1.7b-keep4-s42,qwen3-1.7b-keep4-s42:1102:5,1102,397,0,0,0,11,103
qwen3-1.7b-keep4-s42,qwen3-1.7b-keep4-s42:1102:6,1102,367,0,0,0,30,103
qwen3-1.7b-keep4-s42,qwen3-1.7b-keep4-s42:1102:7,1102,373,0,0,0,28,103
qwen3-1.7b-keep4-s42,qwen3-1.7b-keep4-s42:1104:1,1104,42,0,0,0,10,30
qwen3-1.7b-keep4-s42,qwen3-1.7b-keep4-s42:1105:0,1105,483,0,0,0,10,78
qwen3-1.7b-keep4-s42,qwen3-1.7b-keep4-s42:1105:1,1105,266,0,0,0,9,78
qwen3-1.7b-keep4-s42,qwen3-1.7b-keep4-s42:1105:2,1105,301,0,0,0,11,78
qwen3-1.7b-keep4-s42,qwen3-1.7b-keep4-s42:1105:3,1105,241,0,0,0,10,78
qwen3-1.7b-keep4-s42,qwen3-1.7b-keep4-s42:1105:4,1105,336,0,0,0,13,78
qwen3-1.7b-keep4-s42,qwen3-1.7b-keep4-s42:1105:5,1105,473,0,0,0,8,78
qwen3-1.7b-keep4-s42,qwen3-1.7b-keep4-s42:1105:6,1105,462,0,0,0,5,78
qwen3-1.7b-keep4-s42,qwen3-1.7b-keep4-s42:1105:7,1105,428,0,0,0,5,78
qwen3-1.7b-keep4-s42,qwen3-1.7b-keep4-s42:1106:0,1106,2,0,0,0,19,79
qwen3-1.7b-keep4-s42,qwen3-1.7b-keep4-s42:1106:1,1106,472,0,0,0,17,79
qwen3-1.7b-keep4-s42,qwen3-1.7b-keep4-s42:1106:2,1106,454,0,0,0,19,79
qwen3-1.7b-keep4-s42,qwen3-1.7b-keep4-s42:1106:4,1106,502,0,0,0,16,79
qwen3-1.7b-keep4-s42,qwen3-1.7b-keep4-s42:1106:7,1106,452,0,0,0,13,79
qwen3-1.7b-keep4-s42,qwen3-1.7b-keep4-s42:1107:0,1107,414,0,0,0,6,112
qwen3-1.7b-keep4-s42,qwen3-1.7b-keep4-s42:1107:1,1107,438,0,0,0,6,112
qwen3-1.7b-keep4-s42,qwen3-1.7b-keep4-s42:1107:2,1107,396,0,0,0,2,112
qwen3-1.7b-keep4-s42,qwen3-1.7b-keep4-s42:1107:3,1107,397,0,0,0,7,112
qwen3-1.7b-keep4-s42,qwen3-1.7b-keep4-s42:1107:5,1107,483,0,0,0,4,112
qwen3-1.7b-keep4-s42,qwen3-1.7b-keep4-s42:1107:6,1107,396,0,0,0,6,112
