model_tag,model_path,probe_id,stable_prompt_id,m,anchor_region,k_1based,gold_blocks,s_R_C1,s_N_C1,s_R_C2,s_N_C2,s_R_C3,s_N_C3,gain_motif,gain_copy,gain_recovery,margin_c1,margin_c2,gain_second,seconds
qwen3-4b-cleanv2-s42,<TRAIN_ROOT>/qwen3-4b-cleanv2-s42/checkpoint-417,d965150b2da21de4ba4a3d1d,74,1,early,7,45,-0.9100198149681091,-1.284233808517456,-0.5450012683868408,-1.2263357639312744,-0.26025480031967163,-1.2846102714538574,0.30712050199508667,0.3650185465812683,-0.05789804458618164,0.3742139935493469,0.6813344955444336,0.3430209755897522,1.96
qwen3-4b-cleanv2-s42,<TRAIN_ROOT>/qwen3-4b-cleanv2-s42/checkpoint-417,2d2e725f52b09920c56037f9,74,2,late,39,45,-1.1517339944839478,-0.9192721247673035,-1.237526535987854,-0.8564642667770386,-0.7915534973144531,-0.8692498207092285,-0.14860039949417114,-0.08579254150390625,-0.06280785799026489,-0.2324618697166443,-0.38106226921081543,0.4587585926055908,1.92
qwen3-4b-cleanv2-s42,<TRAIN_ROOT>/qwen3-4b-cleanv2-s42/checkpoint-417,4abd7e4c5ea1c19c72626455,74,4,mid,25,45,-1.1456623077392578,-0.0024065538309514523,-0.6601815223693848,-0.026821136474609375,-0.3174004554748535,-0.13363803923130035,0.509895368013531,0.48548078536987305,0.024414582643657923,-1.1432557539083064,-0.6333603858947754,0.44959796965122223,1.77
qwen3-4b-cleanv2-s42,<TRAIN_ROOT>/qwen3-4b-cleanv2-s42/checkpoint-417,01075d90db01d5df3308e80b,74,8,early,10,45,-1.06952702999115,-0.30848121643066406,-1.0406996011734009,-0.2993214428424835,-0.3184114098548889,-0.29187849164009094,0.01966765522956848,0.028827428817749023,-0.009159773588180542,-0.7610458135604858,-0.7413781583309174,0.7148452401161194,1.5
qwen3-4b-cleanv2-s42,<TRAIN_ROOT>/qwen3-4b-cleanv2-s42/checkpoint-417,998df6743db6815184e98a68,149,1,late,25,27,-0.7970285415649414,-2.609323024749756,-0.5821013450622559,-2.3786377906799316,-0.3108208179473877,-2.355146884918213,-0.015758037567138672,0.21492719650268555,-0.23068523406982422,1.8122944831848145,1.7965364456176758,0.24778962135314941,1.61
qwen3-4b-cleanv2-s42,<TRAIN_ROOT>/qwen3-4b-cleanv2-s42/checkpoint-417,d27b815f15791d6b6116d6ca,149,2,mid,10,27,-0.9793187379837036,-2.3648529052734375,-0.6883450746536255,-2.3939285278320312,-0.40958893299102783,-2.4930953979492188,0.3200492858886719,0.2909736633300781,0.02907562255859375,1.3855341672897339,1.7055834531784058,0.37792301177978516,0.66
qwen3-4b-cleanv2-s42,<TRAIN_ROOT>/qwen3-4b-cleanv2-s42/checkpoint-417,da059ac4cf722b5bbe2d1cf5,149,4,early,5,27,-1.1125235557556152,-2.5279364585876465,-1.0197803974151611,-2.409081220626831,-0.28959983587265015,-2.45198917388916,-0.026112079620361328,0.0927431583404541,-0.11885523796081543,1.4154129028320312,1.38930082321167,0.7730885148048401,0.69
qwen3-4b-cleanv2-s42,<TRAIN_ROOT>/qwen3-4b-cleanv2-s42/checkpoint-417,4462be88e0797c826137614c,149,8,late,26,27,-1.681558609008789,-0.6408882141113281,-1.052250862121582,-0.6380209922790527,-0.1259807050228119,-0.8456859588623047,0.6264405250549316,0.629307746887207,-0.0028672218322753906,-1.040670394897461,-0.4142298698425293,1.133935123682022,0.85
qwen3-4b-cleanv2-s42,<TRAIN_ROOT>/qwen3-4b-cleanv2-s42/checkpoint-417,ebde3f007a1bb48bdaa634d3,697,1,mid,30,50,-1.867774486541748,-0.6615502238273621,-1.7032016515731812,-0.6810016632080078,-1.275712251663208,-0.7044997215270996,0.18402427434921265,0.1645728349685669,0.019451439380645752,-1.206224262714386,-1.0221999883651733,0.45098745822906494,0.82
qwen3-4b-cleanv2-s42,<TRAIN_ROOT>/qwen3-4b-cleanv2-s42/checkpoint-417,63c451262eab3a7c2048b027,697,2,early,12,50,-1.2443304061889648,-1.760412335395813,-0.8013112545013428,-1.654394507408142,-0.5289559364318848,-1.7058079242706299,0.33700132369995117,0.44301915168762207,-0.1060178279876709,0.5160819292068481,0.8530832529067993,0.3237687349319458,0.65
qwen3-4b-cleanv2-s42,<TRAIN_ROOT>/qwen3-4b-cleanv2-s42/checkpoint-417,f0673df68f2f94ee70c8b9d4,697,4,late,38,50,-1.5240522623062134,-0.01722860336303711,-1.0751289129257202,-0.16776442527770996,-0.07496888935565948,-0.5506918430328369,0.599459171295166,0.44892334938049316,0.15053582191467285,-1.5068236589431763,-0.9073644876480103,1.3830874413251877,0.93
qwen3-4b-cleanv2-s42,<TRAIN_ROOT>/qwen3-4b-cleanv2-s42/checkpoint-417,38ed0fa9d3d0d75b0179fcb8,697,8,mid,19,50,-2.338913917541504,-0.3939516544342041,-2.493070125579834,-0.3581015467643738,-1.22674560546875,-0.3613113760948181,-0.1900063157081604,-0.15415620803833008,-0.03585010766983032,-1.9449622631072998,-2.13496857881546,1.2695343494415283,0.8
qwen3-4b-cleanv2-s42,<TRAIN_ROOT>/qwen3-4b-cleanv2-s42/checkpoint-417,6c017697e9e582834c74f4f0,951,1,early,2,28,-2.814495801925659,-0.43578803539276123,-1.8218896389007568,-0.39360564947128296,-0.9579541683197021,-0.3831027150154114,0.9504237771034241,0.9926061630249023,-0.04218238592147827,-2.378707766532898,-1.4282839894294739,0.8534325361251831,0.6
qwen3-4b-cleanv2-s42,<TRAIN_ROOT>/qwen3-4b-cleanv2-s42/checkpoint-417,59fa5d774db6b66ebdb40c9c,951,2,late,19,28,-1.7584948539733887,-1.3060128688812256,-1.2690150737762451,-1.2289862632751465,-0.6961853504180908,-1.2784106731414795,0.41245317459106445,0.48947978019714355,-0.0770266056060791,-0.4524819850921631,-0.04002881050109863,0.6222541332244873,0.77
qwen3-4b-cleanv2-s42,<TRAIN_ROOT>/qwen3-4b-cleanv2-s42/checkpoint-417,1e6c194ba9fdc3d89f9f8316,951,4,mid,17,28,-0.6664919853210449,-0.09247541427612305,-0.405847430229187,-0.3733668327331543,-0.07530319690704346,-0.5456578731536865,0.5415359735488892,0.2606445550918579,0.28089141845703125,-0.5740165710449219,-0.032480597496032715,0.5028352737426758,0.77
qwen3-4b-cleanv2-s42,<TRAIN_ROOT>/qwen3-4b-cleanv2-s42/checkpoint-417,d6aeef57aca591ad11f29a22,951,8,early,9,28,-1.3176531791687012,-1.1520289182662964,-2.0084404945373535,-1.2170851230621338,-1.4499776363372803,-1.3258150815963745,-0.6257311105728149,-0.6907873153686523,0.0650562047958374,-0.16562426090240479,-0.7913553714752197,0.667192816734314,0.74
qwen3-4b-cleanv2-s42,<TRAIN_ROOT>/qwen3-4b-cleanv2-s42/checkpoint-417,4503507ee57d130ca9daf7b0,446,1,late,23,33,-1.3584219217300415,-0.3913326561450958,-1.279660940170288,-0.3373890221118927,-0.8947473764419556,-0.31130656599998474,0.024817347526550293,0.07876098155975342,-0.053943634033203125,-0.9670892655849457,-0.9422719180583954,0.35883110761642456,0.79
qwen3-4b-cleanv2-s42,<TRAIN_ROOT>/qwen3-4b-cleanv2-s42/checkpoint-417,445e107c7ab72253fe0aaf81,446,2,mid,22,33,-1.4246275424957275,-0.8918787240982056,-1.4518399238586426,-1.0409530401229858,-0.853147029876709,-1.0707000494003296,0.12186193466186523,-0.02721238136291504,0.14907431602478027,-0.532748818397522,-0.41088688373565674,0.6284399032592773,0.79
qwen3-4b-cleanv2-s42,<TRAIN_ROOT>/qwen3-4b-cleanv2-s42/checkpoint-417,31cfcc0667745eadb10f7fa9,446,4,early,11,33,-1.513281226158142,-0.8455774784088135,-1.585628867149353,-0.7463395595550537,-0.5228721499443054,-0.7203340530395508,-0.1715855598449707,-0.07234764099121094,-0.09923791885375977,-0.6677037477493286,-0.8392893075942993,1.0367512106895447,0.72
qwen3-4b-cleanv2-s42,<TRAIN_ROOT>/qwen3-4b-cleanv2-s42/checkpoint-417,aa634a030da58182f9f82045,446,8,late,25,33,-0.9511124491691589,-1.067725419998169,-1.2772464752197266,-1.0406239032745361,-0.9335963129997253,-0.9719287753105164,-0.35323554277420044,-0.3261340260505676,-0.027101516723632812,0.11661297082901001,-0.23662257194519043,0.27495503425598145,0.86
qwen3-4b-cleanv2-s42,<TRAIN_ROOT>/qwen3-4b-cleanv2-s42/checkpoint-417,bbb9710a014a3df702de427f,240,1,mid,15,28,-1.9755257368087769,-1.1085293292999268,-1.2606143951416016,-1.0410218238830566,-0.5019863247871399,-0.9893932342529297,0.6474038362503052,0.7149113416671753,-0.06750750541687012,-0.8669964075088501,-0.21959257125854492,0.7069994807243347,0.68
qwen3-4b-cleanv2-s42,<TRAIN_ROOT>/qwen3-4b-cleanv2-s42/checkpoint-417,1f61a19c6bc1180edc20f9c0,240,2,early,5,28,-1.486487865447998,-1.204026222229004,-1.2100841999053955,-1.2312543392181396,-0.7731353640556335,-1.2253284454345703,0.3036317825317383,0.27640366554260254,0.027228116989135742,-0.28246164321899414,0.02117013931274414,0.4310229420661926,0.59
qwen3-4b-cleanv2-s42,<TRAIN_ROOT>/qwen3-4b-cleanv2-s42/checkpoint-417,569ca8c626e3b961bab03a7f,240,4,late,25,28,-0.9125628471374512,-1.280083417892456,-0.9976730942726135,-1.4199182987213135,-0.19032832980155945,-1.4069583415985107,0.05472463369369507,-0.08511024713516235,0.13983488082885742,0.3675205707550049,0.42224520444869995,0.7943848073482513,0.79
qwen3-4b-cleanv2-s42,<TRAIN_ROOT>/qwen3-4b-cleanv2-s42/checkpoint-417,0d5f3910187089bfabb6f0d1,240,8,mid,10,28,-1.4648622274398804,-1.2087024450302124,-1.450188398361206,-1.170458197593689,-1.2896316051483154,-1.108462929725647,-0.02357041835784912,0.014673829078674316,-0.03824424743652344,-0.25615978240966797,-0.2797302007675171,0.09856152534484863,0.69
qwen3-4b-cleanv2-s42,<TRAIN_ROOT>/qwen3-4b-cleanv2-s42/checkpoint-417,59c67d0aff61ce8b025cd587,713,1,early,10,55,-0.6289477348327637,-0.6702300906181335,-0.5635820031166077,-0.6506716012954712,-0.45565831661224365,-0.647526204586029,0.04580724239349365,0.065365731716156,-0.019558489322662354,0.04128235578536987,0.08708959817886353,0.10477828979492188,0.72
qwen3-4b-cleanv2-s42,<TRAIN_ROOT>/qwen3-4b-cleanv2-s42/checkpoint-417,2a9a519f66dd78ddaecd4060,713,2,late,45,55,-1.943876028060913,-0.0174647755920887,-1.1829638481140137,-0.08552306145429611,-0.36702513694763184,-0.1506214141845703,0.8289704658091068,0.7609121799468994,0.06805828586220741,-1.9264112524688244,-1.0974407866597176,0.881037063896656,1.08
qwen3-4b-cleanv2-s42,<TRAIN_ROOT>/qwen3-4b-cleanv2-s42/checkpoint-417,b5887a490b43e3bda1f27682,713,4,mid,31,55,-1.3043606281280518,-0.4398372769355774,-1.0940083265304565,-0.36937448382377625,-0.4006631076335907,-0.3540041148662567,0.13988950848579407,0.21035230159759521,-0.07046279311180115,-0.8645233511924744,-0.7246338427066803,0.6779748499393463,0.93
qwen3-4b-cleanv2-s42,<TRAIN_ROOT>/qwen3-4b-cleanv2-s42/checkpoint-417,41b331ac9957267b398b0a81,713,8,early,9,55,-0.6262729167938232,-0.31811991333961487,-0.7423298954963684,-0.3338947296142578,-0.7203494906425476,-0.321546733379364,-0.10028216242790222,-0.11605697870254517,0.015774816274642944,-0.3081530034542084,-0.4084351658821106,0.009632408618927002,0.79
qwen3-4b-cleanv2-s42,<TRAIN_ROOT>/qwen3-4b-cleanv2-s42/checkpoint-417,836337a33768f73d15ac3ec1,551,1,late,80,93,-0.6444597840309143,-0.5649488568305969,-0.34617334604263306,-0.5651779174804688,-0.1561831384897232,-0.5500233173370361,0.2985154986381531,0.29828643798828125,0.00022906064987182617,-0.07951092720031738,0.2190045714378357,0.17483560740947723,1.5
qwen3-4b-cleanv2-s42,<TRAIN_ROOT>/qwen3-4b-cleanv2-s42/checkpoint-417,b290fa510f2c1d0203540192,551,2,mid,36,93,-0.9260534048080444,-0.7113844752311707,-0.7285881042480469,-1.000740885734558,-0.4643073081970215,-1.0047223567962646,0.486821711063385,0.19746530055999756,0.28935641050338745,-0.21466892957687378,0.27215278148651123,0.26826226711273193,1.01
qwen3-4b-cleanv2-s42,<TRAIN_ROOT>/qwen3-4b-cleanv2-s42/checkpoint-417,b2f4081bcf85c6905d027f80,551,4,early,23,93,-0.8256617784500122,-0.6768498420715332,-0.8054792284965515,-0.6682500243186951,-0.4577789306640625,-0.5863508582115173,0.011582732200622559,0.020182549953460693,-0.008599817752838135,-0.148811936378479,-0.13722920417785645,0.2658011317253113,0.88
qwen3-4b-cleanv2-s42,<TRAIN_ROOT>/qwen3-4b-cleanv2-s42/checkpoint-417,99bb668b99b2fecbe54e9d94,551,8,late,92,93,-1.138437271118164,-0.1806408315896988,-0.6438201665878296,-0.1978491097688675,-0.18248939514160156,-0.5135459899902344,0.5118253827095032,0.4946171045303345,0.0172082781791687,-0.9577964395284653,-0.4459710568189621,0.7770276516675949,1.71
qwen3-4b-cleanv2-s42,<TRAIN_ROOT>/qwen3-4b-cleanv2-s42/checkpoint-417,43e4913666c9ec592bc96b92,90,1,mid,17,43,-1.7742185592651367,-0.010382890701293945,-1.0914236307144165,-0.03820443153381348,-0.7126356363296509,-0.03510022163391113,0.7106164693832397,0.6827949285507202,0.02782154083251953,-1.7638356685638428,-1.053219199180603,0.3756837844848633,0.67
qwen3-4b-cleanv2-s42,<TRAIN_ROOT>/qwen3-4b-cleanv2-s42/checkpoint-417,a6fcff6ad24c1a7d24d8f748,90,2,early,13,43,-0.9911980628967285,-0.001837296993471682,-0.7176935076713562,-0.04910365119576454,-0.5001912117004395,-0.06938309967517853,0.3207709094276652,0.2735045552253723,0.04726635420229286,-0.9893607659032568,-0.6685898564755917,0.23778174445033073,0.64
qwen3-4b-cleanv2-s42,<TRAIN_ROOT>/qwen3-4b-cleanv2-s42/checkpoint-417,9eb1a71c67275f9b40ec4d7f,90,4,late,36,43,-0.813866913318634,-0.581511914730072,-0.64455646276474,-0.48487550020217896,-0.16570159792900085,-0.5085729956626892,0.07267403602600098,0.16931045055389404,-0.09663641452789307,-0.232354998588562,-0.15968096256256104,0.5025523602962494,0.89
qwen3-4b-cleanv2-s42,<TRAIN_ROOT>/qwen3-4b-cleanv2-s42/checkpoint-417,b32c02f680ffa5a2e77602f0,90,8,mid,17,43,-1.2144885063171387,-0.010382890701293945,-1.0929900407791138,-0.1590590476989746,-0.783186674118042,-0.2429971694946289,0.27017462253570557,0.1214984655380249,0.14867615699768066,-1.2041056156158447,-0.9339309930801392,0.3937414884567261,0.74
qwen3-4b-cleanv2-s42,<TRAIN_ROOT>/qwen3-4b-cleanv2-s42/checkpoint-417,e9ffd9186f8c9134a7bbcdee,601,1,early,3,50,-1.2929036617279053,-0.15686583518981934,-1.1328017711639404,-0.18331408500671387,-0.8181438446044922,-0.22864270210266113,0.18655014038085938,0.16010189056396484,0.02644824981689453,-1.136037826538086,-0.9494876861572266,0.3599865436553955,0.58
qwen3-4b-cleanv2-s42,<TRAIN_ROOT>/qwen3-4b-cleanv2-s42/checkpoint-417,b91c51ec6d191b2d824dcec6,601,2,late,42,50,-1.1408586502075195,-0.0025817870628088713,-0.8012086749076843,-0.0512884147465229,-0.3354698121547699,-0.10375366359949112,0.38835660298354924,0.3396499752998352,0.04870662768371403,-1.1382768631447107,-0.7499202601611614,0.5182041116058826,0.93
qwen3-4b-cleanv2-s42,<TRAIN_ROOT>/qwen3-4b-cleanv2-s42/checkpoint-417,3dc700793e82ca58d013d7b5,601,4,mid,31,50,-1.2257565259933472,-0.05426540598273277,-1.0668087005615234,-0.5258169174194336,-0.5230176448822021,-0.6957817077636719,0.6304993368685246,0.15894782543182373,0.4715515114367008,-1.1714911200106144,-0.5409917831420898,0.7137558460235596,0.85
qwen3-4b-cleanv2-s42,<TRAIN_ROOT>/qwen3-4b-cleanv2-s42/checkpoint-417,ab4b3c52fc83fbe6fcb00e1e,601,8,early,15,50,-1.313081979751587,-0.02405414544045925,-0.9317345023155212,-0.0798456221818924,-0.27765998244285583,-0.11289157718420029,0.4371389541774988,0.3813474774360657,0.055791476741433144,-1.2890278343111277,-0.8518888801336288,0.6871204748749733,0.75
qwen3-4b-cleanv2-s42,<TRAIN_ROOT>/qwen3-4b-cleanv2-s42/checkpoint-417,f890d57ef4c19a2d3210c5f8,596,1,late,20,29,-0.8606659770011902,-0.009646676480770111,-0.7766810655593872,-0.03814142569899559,-0.6107996106147766,-0.05501660704612732,0.11247966066002846,0.08398491144180298,0.02849474921822548,-0.8510193005204201,-0.7385396398603916,0.18275663629174232,0.74
qwen3-4b-cleanv2-s42,<TRAIN_ROOT>/qwen3-4b-cleanv2-s42/checkpoint-417,347532d8361dfcc521f2ef53,596,2,mid,18,29,-0.7694300413131714,-0.08382320404052734,-0.5998837947845459,-0.15967006981372833,-0.3526913821697235,-0.23135223984718323,0.24539311230182648,0.1695462465286255,0.07584686577320099,-0.685606837272644,-0.44021372497081757,0.3188745826482773,0.74
qwen3-4b-cleanv2-s42,<TRAIN_ROOT>/qwen3-4b-cleanv2-s42/checkpoint-417,fd8294eca743e4511f8b95b1,596,4,early,10,29,-0.4065355956554413,-0.6061879992485046,-0.4777936339378357,-0.635248064994812,-0.24627287685871124,-0.6677131652832031,-0.042197972536087036,-0.07125803828239441,0.029060065746307373,0.19965240359306335,0.15745443105697632,0.26398585736751556,0.67
qwen3-4b-cleanv2-s42,<TRAIN_ROOT>/qwen3-4b-cleanv2-s42/checkpoint-417,2d203957d82e9c66ec8b8294,596,8,late,27,29,-0.943488597869873,-0.22474269568920135,-0.6444953680038452,-0.27529335021972656,-0.3354454040527344,-0.6161560416221619,0.34954388439655304,0.29899322986602783,0.05055065453052521,-0.7187459021806717,-0.36920201778411865,0.6499126553535461,0.89
qwen3-4b-cleanv2-s42,<TRAIN_ROOT>/qwen3-4b-cleanv2-s42/checkpoint-417,af9d9baf0fa7df87541ff03d,648,1,mid,15,28,-1.577820062637329,-0.025875680148601532,-1.0188655853271484,-0.10118044912815094,-0.7420777678489685,-0.12128669023513794,0.6342592462897301,0.5589544773101807,0.07530476897954941,-1.5519443824887276,-0.9176851361989975,0.29689405858516693,0.63
qwen3-4b-cleanv2-s42,<TRAIN_ROOT>/qwen3-4b-cleanv2-s42/checkpoint-417,fd313e91971eb88be5afeea1,648,2,early,8,28,-0.9618046283721924,-1.977977991104126,-0.8688664436340332,-1.9687832593917847,-0.7216393947601318,-1.9718151092529297,0.08374345302581787,0.09293818473815918,-0.009194731712341309,1.0161733627319336,1.0999168157577515,0.1502588987350464,0.58
qwen3-4b-cleanv2-s42,<TRAIN_ROOT>/qwen3-4b-cleanv2-s42/checkpoint-417,e1f3216ede07650f7aa3997e,648,4,late,22,28,-1.203400731086731,-0.6835318803787231,-1.1168968677520752,-0.6522127985954285,-0.2684107720851898,-0.7112269997596741,0.055184781551361084,0.08650386333465576,-0.03131908178329468,-0.5198688507080078,-0.46468406915664673,0.907500296831131,0.72
qwen3-4b-cleanv2-s42,<TRAIN_ROOT>/qwen3-4b-cleanv2-s42/checkpoint-417,74deaf8b69b36ef1a8a0dde7,648,8,mid,16,28,-2.031703233718872,-0.9494220018386841,-1.5120872259140015,-1.0061182975769043,-0.562721848487854,-1.036942720413208,0.5763123035430908,0.5196160078048706,0.056696295738220215,-1.082281231880188,-0.5059689283370972,0.9801898002624512,0.71
qwen3-4b-cleanv2-s42,<TRAIN_ROOT>/qwen3-4b-cleanv2-s42/checkpoint-417,805f9f8fb789625422cbc086,184,1,early,6,24,-1.090408205986023,-2.2161617279052734,-0.9172102212905884,-1.9691665172576904,-0.5726378560066223,-2.0093369483947754,-0.07379722595214844,0.17319798469543457,-0.246995210647583,1.1257535219192505,1.051956295967102,0.384742796421051,0.67
qwen3-4b-cleanv2-s42,<TRAIN_ROOT>/qwen3-4b-cleanv2-s42/checkpoint-417,04f621959baf181db75e5ed1,184,2,late,22,24,-0.7009013295173645,-0.20870018005371094,-0.4694642722606659,-0.16547229886054993,-0.10393960028886795,-0.20753955841064453,0.1882091760635376,0.2314370572566986,-0.04322788119316101,-0.49220114946365356,-0.30399197340011597,0.40759193152189255,0.85
qwen3-4b-cleanv2-s42,<TRAIN_ROOT>/qwen3-4b-cleanv2-s42/checkpoint-417,1640223469e620e00d73cfaf,184,4,mid,12,24,-1.0297017097473145,-2.2678027153015137,-0.4890466630458832,-1.7250257730484009,-0.12012019008398056,-1.8126107454299927,-0.0021218955516815186,0.5406550467014313,-0.5427769422531128,1.2381010055541992,1.2359791100025177,0.4565114453434944,0.78
qwen3-4b-cleanv2-s42,<TRAIN_ROOT>/qwen3-4b-cleanv2-s42/checkpoint-417,969a50a0db6c6f192a497298,184,8,early,8,24,-2.089566707611084,-0.3541646897792816,-1.2978723049163818,-0.3378541171550751,-0.45799583196640015,-0.30514922738075256,0.7753838300704956,0.7916944026947021,-0.016310572624206543,-1.7354020178318024,-0.9600181877613068,0.8071715831756592,0.75
qwen3-4b-cleanv2-s42,<TRAIN_ROOT>/qwen3-4b-cleanv2-s42/checkpoint-417,1c6b25f9d0923cd2d94efb84,751,1,late,13,16,-3.1398026943206787,-1.3106778860092163,-2.5546722412109375,-1.042410135269165,-1.7734016180038452,-0.9954225420951843,0.31686270236968994,0.5851304531097412,-0.26826775074005127,-1.8291248083114624,-1.5122621059417725,0.7342830300331116,0.68
qwen3-4b-cleanv2-s42,<TRAIN_ROOT>/qwen3-4b-cleanv2-s42/checkpoint-417,e367eb02ddb4b9387e4b28bd,751,2,mid,8,16,-0.7130148410797119,-2.321504592895508,-0.6471586227416992,-2.1897952556610107,-0.3234975337982178,-2.2946460247039795,-0.06585311889648438,0.0658562183380127,-0.13170933723449707,1.608489751815796,1.5426366329193115,0.4285118579864502,0.63
qwen3-4b-cleanv2-s42,<TRAIN_ROOT>/qwen3-4b-cleanv2-s42/checkpoint-417,9e3a580cae6381d196f649c6,751,4,early,4,16,-2.6656084060668945,-2.155437469482422,-2.191051483154297,-2.1794180870056152,-0.634569525718689,-1.9795866012573242,0.498537540435791,0.47455692291259766,0.02398061752319336,-0.5101709365844727,-0.01163339614868164,1.356650471687317,0.62
qwen3-4b-cleanv2-s42,<TRAIN_ROOT>/qwen3-4b-cleanv2-s42/checkpoint-417,f3f9c3956225b867a39028ea,751,8,late,12,16,-0.9553050994873047,-1.294997215270996,-0.738720178604126,-1.415109395980835,-0.5436785221099854,-1.4369351863861084,0.3366971015930176,0.2165849208831787,0.12011218070983887,0.3396921157836914,0.676389217376709,0.21686744689941406,0.73
qwen3-4b-cleanv2-s42,<TRAIN_ROOT>/qwen3-4b-cleanv2-s42/checkpoint-417,65096627a5cce2e2d6091712,206,1,mid,14,29,-2.0741443634033203,-0.7762839198112488,-1.1825546026229858,-0.7161077260971069,-0.5729230642318726,-0.676365852355957,0.8314135670661926,0.8915897607803345,-0.060176193714141846,-1.2978604435920715,-0.4664468765258789,0.5698896646499634,0.74
qwen3-4b-cleanv2-s42,<TRAIN_ROOT>/qwen3-4b-cleanv2-s42/checkpoint-417,74b5323dfa2f65f655fcc834,206,2,early,8,29,-1.44756019115448,-1.4034842252731323,-1.4335774183273315,-1.4764963388442993,-1.007232666015625,-1.5272853374481201,0.08699488639831543,0.013982772827148438,0.07301211357116699,-0.044075965881347656,0.04291892051696777,0.47713375091552734,0.7
qwen3-4b-cleanv2-s42,<TRAIN_ROOT>/qwen3-4b-cleanv2-s42/checkpoint-417,8f1f12d4720c8af1d53b068a,206,4,late,24,29,-1.704189419746399,-0.0449632927775383,-0.8703545331954956,-0.2541765570640564,-0.1266716569662094,-0.4460713863372803,1.0430481508374214,0.8338348865509033,0.2092132642865181,-1.6592261269688606,-0.6161779761314392,0.9355777055025101,0.85
qwen3-4b-cleanv2-s42,<TRAIN_ROOT>/qwen3-4b-cleanv2-s42/checkpoint-417,8f483369c8fcd4ababc0c762,206,8,mid,18,29,-1.6126298904418945,-0.3383297920227051,-0.30189013481140137,-0.8103165626525879,-0.045754194259643555,-1.3813080787658691,1.782726526260376,1.3107397556304932,0.4719867706298828,-1.2743000984191895,0.5084264278411865,0.8271274566650391,0.84
qwen3-4b-cleanv2-s42,<TRAIN_ROOT>/qwen3-4b-cleanv2-s42/checkpoint-417,9811ccec2931dbb537529c6d,558,1,early,24,82,-1.4803019762039185,-0.7225233316421509,-1.164783239364624,-0.7677105665206909,-0.36719512939453125,-0.8391999006271362,0.3607059717178345,0.31551873683929443,0.04518723487854004,-0.7577786445617676,-0.3970726728439331,0.8690774440765381,1.08
qwen3-4b-cleanv2-s42,<TRAIN_ROOT>/qwen3-4b-cleanv2-s42/checkpoint-417,6e1c6679680efe79accb8e7b,558,2,late,55,82,-0.9600748419761658,-1.5138089656829834,-1.0463348627090454,-1.7045116424560547,-0.5717140436172485,-1.5423364639282227,0.10444265604019165,-0.08626002073287964,0.1907026767730713,0.5537341237068176,0.6581767797470093,0.31244564056396484,1.44
qwen3-4b-cleanv2-s42,<TRAIN_ROOT>/qwen3-4b-cleanv2-s42/checkpoint-417,37b7bc2b1b7bd35486701553,558,4,mid,30,82,-1.2068426609039307,-0.18464241921901703,-0.9890234470367432,-0.33561021089553833,-0.5331599116325378,-0.5588096976280212,0.3687870055437088,0.2178192138671875,0.1509677916765213,-1.0222002416849136,-0.6534132361412048,0.6790630221366882,1.18
qwen3-4b-cleanv2-s42,<TRAIN_ROOT>/qwen3-4b-cleanv2-s42/checkpoint-417,04ac368ac009f9de8f9c51d0,558,8,early,21,82,-1.5545246601104736,-0.7617188096046448,-2.2528510093688965,-0.9990870952606201,-0.3054177463054657,-1.066153645515442,-0.4609580636024475,-0.6983263492584229,0.23736828565597534,-0.7928058505058289,-1.2537639141082764,2.0144998133182526,1.13
qwen3-4b-cleanv2-s42,<TRAIN_ROOT>/qwen3-4b-cleanv2-s42/checkpoint-417,5707a7fe38a18181a56f87bd,955,1,late,35,36,-1.2715165615081787,-0.9710792303085327,-0.8079204559326172,-0.9283885955810547,-0.42966198921203613,-0.9558544158935547,0.4209054708480835,0.4635961055755615,-0.04269063472747803,-0.300437331199646,0.1204681396484375,0.40572428703308105,0.97
qwen3-4b-cleanv2-s42,<TRAIN_ROOT>/qwen3-4b-cleanv2-s42/checkpoint-417,a53f859655816ef39961b09b,955,2,mid,24,36,-1.6641124486923218,-0.6126587986946106,-1.0506690740585327,-0.62154620885849,-0.6623374819755554,-0.6989233493804932,0.6223307847976685,0.6134433746337891,0.008887410163879395,-1.0514536499977112,-0.4291228652000427,0.46570873260498047,0.87
qwen3-4b-cleanv2-s42,<TRAIN_ROOT>/qwen3-4b-cleanv2-s42/checkpoint-417,5d5653546cad43c8eaed074a,955,4,early,8,36,-1.258533239364624,-0.5206061601638794,-1.3212363719940186,-0.5069088339805603,-0.6447279453277588,-0.4802894592285156,-0.07640045881271362,-0.06270313262939453,-0.013697326183319092,-0.7379270792007446,-0.8143275380134583,0.6498890519142151,0.75
qwen3-4b-cleanv2-s42,<TRAIN_ROOT>/qwen3-4b-cleanv2-s42/checkpoint-417,431e25ec675e12299fd26efa,955,8,late,35,36,-0.7438473701477051,-0.9710792303085327,-0.3317488133907318,-1.1615254878997803,-0.031964145600795746,-1.6104488372802734,0.6025448143482208,0.41209855675697327,0.19044625759124756,0.22723186016082764,0.8297766745090485,0.7487080171704292,1.04
qwen3-4b-cleanv2-s42,<TRAIN_ROOT>/qwen3-4b-cleanv2-s42/checkpoint-417,3f07bfd4bb4db3783e649c29,435,1,mid,18,47,-0.9098596572875977,-0.11893977969884872,-1.131751537322998,-0.11761303246021271,-1.18812894821167,-0.11245479434728622,-0.2232186272740364,-0.2218918800354004,-0.0013267472386360168,-0.7909198775887489,-1.0141385048627853,-0.06153564900159836,0.83
qwen3-4b-cleanv2-s42,<TRAIN_ROOT>/qwen3-4b-cleanv2-s42/checkpoint-417,6abba83c2e8de8dd90fdf154,435,2,early,9,47,-1.3129329681396484,-0.9348568916320801,-1.3631168603897095,-0.9910208582878113,-0.7744791507720947,-1.0291244983673096,0.005980074405670166,-0.050183892250061035,0.0561639666557312,-0.37807607650756836,-0.3720960021018982,0.626741349697113,0.75
qwen3-4b-cleanv2-s42,<TRAIN_ROOT>/qwen3-4b-cleanv2-s42/checkpoint-417,b51fccefafcb510b3382439e,435,4,late,34,47,-0.5235612988471985,-0.5839781165122986,-0.5818676352500916,-0.647321343421936,-0.11711197346448898,-0.6541599631309509,0.005036890506744385,-0.058306336402893066,0.06334322690963745,0.0604168176651001,0.06545370817184448,0.47159428149461746,1.02
qwen3-4b-cleanv2-s42,<TRAIN_ROOT>/qwen3-4b-cleanv2-s42/checkpoint-417,187f012bfa37ade38e3a1a51,435,8,mid,19,47,-1.6853485107421875,-0.15980882942676544,-1.5679574012756348,-0.1857849359512329,-0.19799184799194336,-0.20101477205753326,0.1433672159910202,0.11739110946655273,0.025976106524467468,-1.525539681315422,-1.3821724653244019,1.3851953893899918,0.91
qwen3-4b-cleanv2-s42,<TRAIN_ROOT>/qwen3-4b-cleanv2-s42/checkpoint-417,736aeae0555b4803eb42db6b,1064,1,early,2,38,-0.9873369336128235,-0.5502543449401855,-0.9416669011116028,-0.5163931846618652,-0.774674117565155,-0.506263017654419,0.01180887222290039,0.0456700325012207,-0.03386116027832031,-0.43708258867263794,-0.42527371644973755,0.15686261653900146,0.77
qwen3-4b-cleanv2-s42,<TRAIN_ROOT>/qwen3-4b-cleanv2-s42/checkpoint-417,58b99f2b2c9782c77bd08e18,1064,2,late,32,38,-0.8553047180175781,-0.5653513669967651,-0.9719704985618591,-0.589657187461853,-0.4291527569293976,-0.6472252607345581,-0.09235996007919312,-0.116665780544281,0.02430582046508789,-0.289953351020813,-0.3823133111000061,0.6003858149051666,1.1
qwen3-4b-cleanv2-s42,<TRAIN_ROOT>/qwen3-4b-cleanv2-s42/checkpoint-417,cc03082db1aa8dd7df0eb7e4,1064,4,mid,22,38,-1.5618674755096436,-0.8531577587127686,-0.7986688613891602,-0.8103680610656738,-0.11359143257141113,-0.7436623573303223,0.7204089164733887,0.7631986141204834,-0.04278969764709473,-0.708709716796875,0.011699199676513672,0.6183717250823975,1.02
qwen3-4b-cleanv2-s42,<TRAIN_ROOT>/qwen3-4b-cleanv2-s42/checkpoint-417,ad0b0dcf75ab8f41f682d4d4,1064,8,early,11,38,-0.6952300667762756,-1.1756523847579956,-0.6469539999961853,-1.2348239421844482,-0.36911541223526,-1.2929763793945312,0.10744762420654297,0.04827606678009033,0.05917155742645264,0.48042231798171997,0.5878699421882629,0.3359910249710083,0.95
qwen3-4b-cleanv2-s42,<TRAIN_ROOT>/qwen3-4b-cleanv2-s42/checkpoint-417,f016c46a941b21fff95f36de,943,1,late,48,57,-1.934210181236267,-0.5416651964187622,-1.860929012298584,-0.42965787649154663,-1.1353111267089844,-0.4175528287887573,-0.03872615098953247,0.0732811689376831,-0.11200731992721558,-1.3925449848175049,-1.4312711358070374,0.7135128378868103,1.03
qwen3-4b-cleanv2-s42,<TRAIN_ROOT>/qwen3-4b-cleanv2-s42/checkpoint-417,3331a6bfde556174444a5ee7,943,2,mid,25,57,-1.5576832294464111,-0.4976569712162018,-1.4553749561309814,-0.5033270120620728,-1.0636104345321655,-0.5109648108482361,0.10797831416130066,0.10230827331542969,0.005670040845870972,-1.0600262582302094,-0.9520479440689087,0.39940232038497925,0.79
qwen3-4b-cleanv2-s42,<TRAIN_ROOT>/qwen3-4b-cleanv2-s42/checkpoint-417,19328703d8ae6c682b7b8fef,943,4,early,14,57,-0.8066035509109497,-1.006486415863037,-0.7985183000564575,-0.8564698696136475,-0.6263828277587891,-0.7690263986587524,-0.14193129539489746,0.008085250854492188,-0.15001654624938965,0.1998828649520874,0.05795156955718994,0.08469200134277344,0.71
qwen3-4b-cleanv2-s42,<TRAIN_ROOT>/qwen3-4b-cleanv2-s42/checkpoint-417,3dc61cd01859f904cfee1ea3,943,8,late,43,57,-0.6701844334602356,-0.7516399025917053,-0.5474451780319214,-0.5383813977241516,-0.23561836779117584,-0.5236784815788269,-0.0905192494392395,0.12273925542831421,-0.2132585048675537,0.08145546913146973,-0.009063780307769775,0.29712389409542084,1.06
qwen3-4b-cleanv2-s42,<TRAIN_ROOT>/qwen3-4b-cleanv2-s42/checkpoint-417,7ddc6a8961b2107e117754ef,812,1,mid,30,67,-1.109325647354126,-0.0030084610916674137,-0.8584064841270447,-0.02234935760498047,-0.6138061881065369,-0.0355493538081646,0.27026005974039435,0.2509191632270813,0.019340896513313055,-1.1063171862624586,-0.8360571265220642,0.25780029222369194,0.83
qwen3-4b-cleanv2-s42,<TRAIN_ROOT>/qwen3-4b-cleanv2-s42/checkpoint-417,cbbf890e06f26dad041eebdb,812,2,early,6,67,-2.5499982833862305,-0.003817422315478325,-1.5542323589324951,-0.039393018931150436,-0.9006271362304688,-0.05904552340507507,1.0313415210694075,0.9957659244537354,0.03557559661567211,-2.546180861070752,-1.5148393400013447,0.673257727175951,0.62
qwen3-4b-cleanv2-s42,<TRAIN_ROOT>/qwen3-4b-cleanv2-s42/checkpoint-417,d13f43a6a79bebea4adcbd74,812,4,late,46,67,-0.6818872690200806,-0.5114139318466187,-0.5758494138717651,-0.507325291633606,-0.20812439918518066,-0.5890043377876282,0.10194921493530273,0.10603785514831543,-0.004088640213012695,-0.17047333717346191,-0.06852412223815918,0.4494040608406067,1.05
qwen3-4b-cleanv2-s42,<TRAIN_ROOT>/qwen3-4b-cleanv2-s42/checkpoint-417,93af8b81c813f6dcc0a0ce6a,812,8,mid,44,67,-1.0950993299484253,-0.3140850067138672,-0.88865065574646,-0.3168359398841858,-0.5967944264411926,-0.33853012323379517,0.20919960737228394,0.20644867420196533,0.0027509331703186035,-0.7810143232345581,-0.5718147158622742,0.3135504126548767,1.09
qwen3-4b-cleanv2-s42,<TRAIN_ROOT>/qwen3-4b-cleanv2-s42/checkpoint-417,2045fe02e4633781d255bd20,730,1,early,23,78,-1.9922616481781006,-0.4735347628593445,-1.6102192401885986,-0.5464321970939636,-0.9199169874191284,-0.5269338488578796,0.4549398422241211,0.38204240798950195,0.07289743423461914,-1.518726885318756,-1.063787043094635,0.6708039045333862,0.92
qwen3-4b-cleanv2-s42,<TRAIN_ROOT>/qwen3-4b-cleanv2-s42/checkpoint-417,19dbd22cc94738bda5ec62c3,730,2,late,67,78,-1.482642412185669,-0.7240691184997559,-1.1382923126220703,-0.750590980052948,-0.2608754634857178,-0.780554473400116,0.37087196111679077,0.34435009956359863,0.02652186155319214,-0.7585732936859131,-0.3877013325691223,0.9073803424835205,1.39
qwen3-4b-cleanv2-s42,<TRAIN_ROOT>/qwen3-4b-cleanv2-s42/checkpoint-417,478cdc3edaa585d84831f5fa,730,4,mid,39,78,-1.2536654472351074,-1.1726797819137573,-0.5066771507263184,-1.1924409866333008,-0.21457266807556152,-1.2694905996322632,0.7667495012283325,0.7469882965087891,0.019761204719543457,-0.0809856653213501,0.6857638359069824,0.36915409564971924,1.12
qwen3-4b-cleanv2-s42,<TRAIN_ROOT>/qwen3-4b-cleanv2-s42/checkpoint-417,2c561abe645fe2051d4658a3,730,8,early,21,78,-1.6433111429214478,-0.5403705835342407,-0.6933335065841675,-0.6425615549087524,-0.03308623284101486,-0.8320390582084656,1.052168607711792,0.9499776363372803,0.10219097137451172,-1.102940559387207,-0.05077195167541504,0.8497247770428658,0.97
qwen3-4b-cleanv2-s42,<TRAIN_ROOT>/qwen3-4b-cleanv2-s42/checkpoint-417,7e79ae63b971027db3d8654d,247,1,late,22,23,-0.7689685821533203,-0.18589253723621368,-0.6797974705696106,-0.23073704540729523,-0.43040403723716736,-0.17573823034763336,0.13401561975479126,0.08917111158370972,0.04484450817108154,-0.5830760449171066,-0.44906042516231537,0.19439461827278137,0.68
qwen3-4b-cleanv2-s42,<TRAIN_ROOT>/qwen3-4b-cleanv2-s42/checkpoint-417,bafd8dcfa332b1c5a3b9648f,247,2,mid,9,23,-1.2791599035263062,-0.30596035718917847,-0.9648151993751526,-0.3726649284362793,-0.5998186469078064,-0.43109130859375,0.3810492753982544,0.31434470415115356,0.06670457124710083,-0.9731995463371277,-0.5921502709388733,0.4234229326248169,0.58
qwen3-4b-cleanv2-s42,<TRAIN_ROOT>/qwen3-4b-cleanv2-s42/checkpoint-417,86e74c099bceda77a741a3b3,247,4,early,8,23,-0.5472513437271118,-1.6152679920196533,-0.13150577247142792,-1.6407363414764404,-0.04815368726849556,-1.7258334159851074,0.441213920712471,0.4157455712556839,0.02546834945678711,1.0680166482925415,1.5092305690050125,0.16844915971159935,0.59
qwen3-4b-cleanv2-s42,<TRAIN_ROOT>/qwen3-4b-cleanv2-s42/checkpoint-417,8c3b47362cdefe2b0809a842,247,8,late,22,23,-1.7210451364517212,-0.18589253723621368,-1.5676273107528687,-0.22496435046195984,-0.46198275685310364,-0.25522634387016296,0.1924896389245987,0.15341782569885254,0.039071813225746155,-1.5351525992155075,-1.3426629602909088,1.1359065473079681,0.73
qwen3-4b-cleanv2-s42,<TRAIN_ROOT>/qwen3-4b-cleanv2-s42/checkpoint-417,32d357d7eb5cbcb2e321804d,25,1,mid,35,61,-1.3127763271331787,-0.7693538665771484,-0.9759969711303711,-0.783800482749939,-0.5249338150024414,-0.8606999516487122,0.35122597217559814,0.3367793560028076,0.014446616172790527,-0.5434224605560303,-0.19219648838043213,0.5279626250267029,0.88
qwen3-4b-cleanv2-s42,<TRAIN_ROOT>/qwen3-4b-cleanv2-s42/checkpoint-417,b83afac8286156386a41719d,25,2,early,3,61,-1.2581487894058228,-0.6366995573043823,-1.1164491176605225,-0.5825458765029907,-0.5817148685455322,-0.5785074234008789,0.08754599094390869,0.1416996717453003,-0.0541536808013916,-0.6214492321014404,-0.5339032411575317,0.5306957960128784,0.56
qwen3-4b-cleanv2-s42,<TRAIN_ROOT>/qwen3-4b-cleanv2-s42/checkpoint-417,33463e2d95aeaf94e948b4ba,25,4,late,50,61,-0.9820472002029419,-1.8645225763320923,-0.2769768536090851,-1.730814814567566,-0.017672626301646233,-2.1269280910491943,0.5713625848293304,0.7050703465938568,-0.13370776176452637,0.8824753761291504,1.4538379609584808,0.6554175037890673,1.05
qwen3-4b-cleanv2-s42,<TRAIN_ROOT>/qwen3-4b-cleanv2-s42/checkpoint-417,d851f61132db5fedd9d210a4,25,8,mid,40,61,-1.1362650394439697,-0.3855263590812683,-0.48873066902160645,-0.5854257345199585,-0.09453415870666504,-0.7180125117301941,0.8474337458610535,0.6475343704223633,0.19989937543869019,-0.7507386803627014,0.09669506549835205,0.526783287525177,1.0
qwen3-4b-cleanv2-s42,<TRAIN_ROOT>/qwen3-4b-cleanv2-s42/checkpoint-417,a82ce41ac868615945d8e799,725,1,early,12,77,-1.1011823415756226,-1.0398616790771484,-0.9446487426757812,-1.0870225429534912,-0.6041160225868225,-1.0848766565322876,0.20369446277618408,0.1565335988998413,0.04716086387634277,-0.06132066249847412,0.14237380027770996,0.3383868336677551,1.0
qwen3-4b-cleanv2-s42,<TRAIN_ROOT>/qwen3-4b-cleanv2-s42/checkpoint-417,71e700821a8dc1e8c6276452,725,2,late,75,77,-1.5628771781921387,-0.42666277289390564,-1.1159088611602783,-0.5091177225112915,-0.5357429385185242,-0.5470714569091797,0.5294232666492462,0.44696831703186035,0.08245494961738586,-1.136214405298233,-0.6067911386489868,0.6181196570396423,1.89
qwen3-4b-cleanv2-s42,<TRAIN_ROOT>/qwen3-4b-cleanv2-s42/checkpoint-417,6eef6195d736b5d9ed0213f9,725,4,mid,45,77,-1.0573104619979858,-0.19899530708789825,-0.6959868669509888,-0.14974983036518097,-0.21820566058158875,-0.11479292809963226,0.3120781183242798,0.36132359504699707,-0.049245476722717285,-0.8583151549100876,-0.5462370365858078,0.4428243041038513,1.47
qwen3-4b-cleanv2-s42,<TRAIN_ROOT>/qwen3-4b-cleanv2-s42/checkpoint-417,0e73f7c661fd6ab841a290ef,725,8,early,21,77,-0.3832653760910034,-0.7321563959121704,-0.2816425859928131,-1.0602445602416992,-0.09376893937587738,-1.1816221475601196,0.4297109544277191,0.10162279009819031,0.3280881643295288,0.348891019821167,0.7786019742488861,0.30925123393535614,1.19
qwen3-4b-cleanv2-s42,<TRAIN_ROOT>/qwen3-4b-cleanv2-s42/checkpoint-417,b063948d0bf2b8e5dd8b94d2,109,1,late,80,81,-1.6817896366119385,-1.1630910634994507,-1.055907964706421,-1.104809284210205,-0.3661212921142578,-1.0938140153884888,0.567599892616272,0.6258816719055176,-0.058281779289245605,-0.5186985731124878,0.04890131950378418,0.6787914037704468,1.39
qwen3-4b-cleanv2-s42,<TRAIN_ROOT>/qwen3-4b-cleanv2-s42/checkpoint-417,ae9eff06cba618a1c53350de,109,2,mid,39,81,-1.1003309488296509,-0.04334656521677971,-0.9747195243835449,-0.12061961740255356,-0.26984161138534546,-0.23048719763755798,0.2028844766318798,0.12561142444610596,0.07727305218577385,-1.0569843836128712,-0.8540999069809914,0.8147454932332039,0.95
qwen3-4b-cleanv2-s42,<TRAIN_ROOT>/qwen3-4b-cleanv2-s42/checkpoint-417,0c50d81be53fbf5e05e4785b,109,4,early,11,81,-1.1873635053634644,-1.189603328704834,-1.2346760034561157,-1.2995429039001465,-0.6967817544937134,-1.2707144021987915,0.06262707710266113,-0.04731249809265137,0.1099395751953125,0.002239823341369629,0.06486690044403076,0.5090657472610474,0.68
qwen3-4b-cleanv2-s42,<TRAIN_ROOT>/qwen3-4b-cleanv2-s42/checkpoint-417,6ac1fe4685dd1ebbf68d8f7b,109,8,late,67,81,-1.2423481941223145,-0.0001218969191540964,-0.8983079791069031,-0.0024714036844670773,-0.42263031005859375,-0.028731433674693108,0.34638972178072436,0.3440402150154114,0.002349506765312981,-1.2422262972031604,-0.895836575422436,0.5019376990385354,1.32
qwen3-4b-cleanv2-s42,<TRAIN_ROOT>/qwen3-4b-cleanv2-s42/checkpoint-417,5e84a167ed1b05c5deda0556,354,1,mid,16,37,-1.0885403156280518,-0.08040332794189453,-1.0915714502334595,-0.12932968139648438,-0.7638885378837585,-0.20871353149414062,0.04589521884918213,-0.003031134605407715,0.048926353454589844,-1.0081369876861572,-0.9622417688369751,0.4070667624473572,1.15
qwen3-4b-cleanv2-s42,<TRAIN_ROOT>/qwen3-4b-cleanv2-s42/checkpoint-417,23ebf0898e30d5abae7f857c,354,2,early,7,37,-0.52193284034729,-0.5461037755012512,-0.6312479376792908,-0.5252329707145691,-0.5390492677688599,-0.5389889478683472,-0.13018590211868286,-0.10931509733200073,-0.02087080478668213,0.02417093515396118,-0.10601496696472168,0.10595464706420898,1.06
qwen3-4b-cleanv2-s42,<TRAIN_ROOT>/qwen3-4b-cleanv2-s42/checkpoint-417,9bcc5a0f61ae8a3047e39d63,354,4,late,25,37,-1.8786510229110718,-0.4472811818122864,-1.3576096296310425,-0.6066780090332031,-0.39185619354248047,-0.6799325346946716,0.680438220500946,0.5210413932800293,0.15939682722091675,-1.4313698410987854,-0.7509316205978394,1.0390079617500305,1.29
qwen3-4b-cleanv2-s42,<TRAIN_ROOT>/qwen3-4b-cleanv2-s42/checkpoint-417,d1edbd5623521a538aa5fca8,354,8,mid,13,37,-0.43127956986427307,-0.46889451146125793,-0.5943455696105957,-0.4738946855068207,-0.5595834255218506,-0.42927125096321106,-0.1580658257007599,-0.16306599974632263,0.005000174045562744,0.03761494159698486,-0.12045088410377502,-0.009861290454864502,1.22
qwen3-4b-cleanv2-s42,<TRAIN_ROOT>/qwen3-4b-cleanv2-s42/checkpoint-417,920ebfa979b15dfbc05c1094,543,1,early,25,76,-0.3913639187812805,-0.6373473405838013,-0.37294328212738037,-0.6178009510040283,-0.22193355858325958,-0.45325955748558044,-0.0011257529258728027,0.018420636653900146,-0.01954638957977295,0.24598342180252075,0.24485766887664795,-0.013531669974327087,0.86
qwen3-4b-cleanv2-s42,<TRAIN_ROOT>/qwen3-4b-cleanv2-s42/checkpoint-417,a3dc7472147837412c0b11d1,543,2,late,67,76,-0.7769811153411865,-0.07650710642337799,-0.6418160200119019,-0.06418530642986298,-0.28246009349823,-0.06228414177894592,0.12284329533576965,0.13516509532928467,-0.012321799993515015,-0.7004740089178085,-0.5776307135820389,0.3574547618627548,1.31
qwen3-4b-cleanv2-s42,<TRAIN_ROOT>/qwen3-4b-cleanv2-s42/checkpoint-417,27979d5ef192bf4c09d615c8,543,4,mid,36,76,-1.2305164337158203,-0.0008355921017937362,-0.7660748362541199,-0.005505475215613842,-0.2684040069580078,-0.04082489013671875,0.46911148057552055,0.46444159746170044,0.004669883113820106,-1.2296808416140266,-0.760569361038506,0.532990244217217,1.0
qwen3-4b-cleanv2-s42,<TRAIN_ROOT>/qwen3-4b-cleanv2-s42/checkpoint-417,ac0cde23b1abac34b9cfcf28,543,8,early,22,76,-0.4909665286540985,-0.6477571725845337,-0.5104432106018066,-0.6868448257446289,-0.24995627999305725,-0.6806167960166931,0.019610971212387085,-0.01947668194770813,0.039087653160095215,0.15679064393043518,0.17640161514282227,0.2542589008808136,0.89
qwen3-4b-cleanv2-s42,<TRAIN_ROOT>/qwen3-4b-cleanv2-s42/checkpoint-417,a9548574f81448ef5a8aa817,825,1,late,61,66,-1.159714937210083,-1.5218546390533447,-0.5954642295837402,-1.4586482048034668,-0.2191312313079834,-1.4623101949691772,0.5010442733764648,0.5642507076263428,-0.06320643424987793,0.3621397018432617,0.8631839752197266,0.3799949884414673,1.52
qwen3-4b-cleanv2-s42,<TRAIN_ROOT>/qwen3-4b-cleanv2-s42/checkpoint-417,096b4d0ec510c1c7a6566d4d,825,2,mid,31,66,-1.1387536525726318,-0.9949673414230347,-1.0480679273605347,-1.0332330465316772,-0.5841587781906128,-1.073425531387329,0.12895143032073975,0.09068572521209717,0.03826570510864258,-0.14378631114959717,-0.014834880828857422,0.5041016340255737,1.17
qwen3-4b-cleanv2-s42,<TRAIN_ROOT>/qwen3-4b-cleanv2-s42/checkpoint-417,e1e41ad44c6806132c774a0b,825,4,early,20,66,-0.6393482089042664,-0.8724111914634705,-0.3893350660800934,-0.7997318506240845,-0.17591094970703125,-1.0066261291503906,0.177333801984787,0.250013142824173,-0.07267934083938599,0.2330629825592041,0.4103967845439911,0.4203183948993683,1.09
qwen3-4b-cleanv2-s42,<TRAIN_ROOT>/qwen3-4b-cleanv2-s42/checkpoint-417,d4244d2f2d931771b21fa86c,825,8,late,63,66,-0.9743974804878235,-2.1552681922912598,-0.3214282989501953,-2.213685989379883,-0.03530354052782059,-2.524196147918701,0.7113869786262512,0.6529691815376282,0.05841779708862305,1.1808707118034363,1.8922576904296875,0.5966349169611931,1.65
qwen3-4b-cleanv2-s42,<TRAIN_ROOT>/qwen3-4b-cleanv2-s42/checkpoint-417,6112204531b74189307db310,214,1,mid,22,53,-0.5223851799964905,-0.5380829572677612,-0.4684930741786957,-0.5228431224822998,-0.34737879037857056,-0.5345250964164734,0.038652271032333374,0.0538921058177948,-0.015239834785461426,0.015697777271270752,0.054350048303604126,0.1327962577342987,1.06
qwen3-4b-cleanv2-s42,<TRAIN_ROOT>/qwen3-4b-cleanv2-s42/checkpoint-417,4706196d71d0b2b4b60cc96d,214,2,early,3,53,-0.5259068608283997,-0.5829862356185913,-0.5661985278129578,-0.5394551157951355,-0.389363557100296,-0.5682806968688965,-0.08382278680801392,-0.040291666984558105,-0.04353111982345581,0.05707937479019165,-0.026743412017822266,0.20566055178642273,0.84
qwen3-4b-cleanv2-s42,<TRAIN_ROOT>/qwen3-4b-cleanv2-s42/checkpoint-417,b632938f778c2c1498b5b0a4,214,4,late,52,53,-1.0100796222686768,-0.41059932112693787,-0.8389912247657776,-0.43432435393333435,-0.24144300818443298,-0.44105634093284607,0.19481343030929565,0.17108839750289917,0.023725032806396484,-0.5994803011417389,-0.40466687083244324,0.6042802035808563,1.48
qwen3-4b-cleanv2-s42,<TRAIN_ROOT>/qwen3-4b-cleanv2-s42/checkpoint-417,f7440cb46f2ded22787762f6,214,8,mid,31,53,-1.2460678815841675,-0.013470593839883804,-1.2497532367706299,-0.026678645983338356,-1.1184240579605103,-0.04337075352668762,0.00952269695699215,-0.0036853551864624023,0.013208052143454552,-1.2325972877442837,-1.2230745907872915,0.1480212863534689,1.24
qwen3-4b-cleanv2-s42,<TRAIN_ROOT>/qwen3-4b-cleanv2-s42/checkpoint-417,296ef9f61d3d6c60a128c367,872,1,early,28,89,-0.9322855472564697,-0.0065837437286973,-0.8479190468788147,-0.017402436584234238,-0.3174300789833069,-0.053641848266124725,0.09518519323319197,0.08436650037765503,0.010818692855536938,-0.9257018035277724,-0.8305166102945805,0.5667283795773983,1.3
qwen3-4b-cleanv2-s42,<TRAIN_ROOT>/qwen3-4b-cleanv2-s42/checkpoint-417,ab9ba1b6f827dc974938a70a,872,2,late,77,89,-1.906998872756958,-0.42888233065605164,-1.7051894664764404,-0.33293741941452026,-0.9905822277069092,-0.32321494817733765,0.1058644950389862,0.20180940628051758,-0.09594491124153137,-1.4781165421009064,-1.3722520470619202,0.7048847675323486,1.95
qwen3-4b-cleanv2-s42,<TRAIN_ROOT>/qwen3-4b-cleanv2-s42/checkpoint-417,c3228a901c6e5ea8796decd1,872,4,mid,41,89,-2.8371572494506836,-0.022058486938476562,-1.7163918018341064,-0.06957435607910156,-0.8901798129081726,-0.19833850860595703,1.1682813167572021,1.1207654476165771,0.047515869140625,-2.815098762512207,-1.6468174457550049,0.9549761414527893,1.51
qwen3-4b-cleanv2-s42,<TRAIN_ROOT>/qwen3-4b-cleanv2-s42/checkpoint-417,5f5bad32dd62107618a21473,872,8,early,28,89,-1.8417729139328003,-0.0065837437286973,-1.128497838973999,-0.05104976147413254,-0.58477383852005,-0.08511289209127426,0.7577410927042365,0.7132750749588013,0.04446601774543524,-1.835189170204103,-1.0774480774998665,0.5777871310710907,1.38
qwen3-4b-cleanv2-s42,<TRAIN_ROOT>/qwen3-4b-cleanv2-s42/checkpoint-417,1de1d47aeeec8e790d4963d5,84,1,late,73,79,-0.8924286961555481,-0.0014104109723120928,-0.7668979167938232,-0.007030193693935871,-0.5053098201751709,-0.014987358823418617,0.13115056208334863,0.12553077936172485,0.005619782721623778,-0.891018285183236,-0.7598677230998874,0.2695452617481351,1.56
qwen3-4b-cleanv2-s42,<TRAIN_ROOT>/qwen3-4b-cleanv2-s42/checkpoint-417,5cdce1d669e621163cea7026,84,2,mid,40,79,-1.093982219696045,-1.3610224723815918,-1.357155680656433,-1.2227590084075928,-0.5713127851486206,-1.0806224346160889,-0.4014369249343872,-0.2631734609603882,-0.13826346397399902,0.2670402526855469,-0.13439667224884033,0.6437063217163086,1.17
qwen3-4b-cleanv2-s42,<TRAIN_ROOT>/qwen3-4b-cleanv2-s42/checkpoint-417,dedfa3a1e01d8f51c7d89cd7,84,4,early,26,79,-1.423948049545288,-0.756694495677948,-1.4274942874908447,-0.7214704155921936,-0.4265766143798828,-0.7367057800292969,-0.038770318031311035,-0.0035462379455566406,-0.035224080085754395,-0.6672535538673401,-0.7060238718986511,1.0161530375480652,1.02
qwen3-4b-cleanv2-s42,<TRAIN_ROOT>/qwen3-4b-cleanv2-s42/checkpoint-417,20d55247bed5444ea9f65d19,84,8,late,76,79,-1.0570515394210815,-0.0008722941274754703,-0.5842931270599365,-0.019297156482934952,-0.0690833330154419,-0.10856273025274277,0.4911832747166045,0.472758412361145,0.01842486235545948,-1.056179245293606,-0.5649959705770016,0.6044753678143024,1.67
qwen3-4b-cleanv2-s42,<TRAIN_ROOT>/qwen3-4b-cleanv2-s42/checkpoint-417,8e67e740d29e545c0ddec327,585,1,mid,31,64,-1.3584396839141846,-1.543228268623352,-1.0326508283615112,-1.4644103050231934,-0.542544960975647,-1.505928874015808,0.24697089195251465,0.32578885555267334,-0.07881796360015869,0.18478858470916748,0.43175947666168213,0.531624436378479,0.79
qwen3-4b-cleanv2-s42,<TRAIN_ROOT>/qwen3-4b-cleanv2-s42/checkpoint-417,2203c0f52d641f3cd08d03ef,585,2,early,16,64,-1.6903339624404907,-3.4859778881073,-0.9733924865722656,-3.5808351039886475,-0.6683875918388367,-3.507504940032959,0.8117986917495728,0.7169414758682251,0.09485721588134766,1.795643925666809,2.607442617416382,0.23167473077774048,0.66
qwen3-4b-cleanv2-s42,<TRAIN_ROOT>/qwen3-4b-cleanv2-s42/checkpoint-417,138425a3459db02300c9df65,585,4,late,55,64,-1.8635371923446655,-2.107841968536377,-0.546008288860321,-1.9099200963974,-0.14199911057949066,-2.097407341003418,1.1196070313453674,1.3175289034843445,-0.19792187213897705,0.24430477619171143,1.3639118075370789,0.5914964228868484,1.01
qwen3-4b-cleanv2-s42,<TRAIN_ROOT>/qwen3-4b-cleanv2-s42/checkpoint-417,129c05db0d3a3c4bcd246fe5,585,8,mid,36,64,-2.487410068511963,-1.1739270687103271,-1.5406259298324585,-1.3729755878448486,-0.4927276074886322,-1.5385868549346924,1.1458326578140259,0.9467841386795044,0.19904851913452148,-1.3134829998016357,-0.16765034198760986,1.21350958943367,0.88
qwen3-4b-cleanv2-s42,<TRAIN_ROOT>/qwen3-4b-cleanv2-s42/checkpoint-417,ad7092aca4488efc9db26c8f,772,1,early,10,45,-1.217785120010376,-0.1186983585357666,-0.6696186065673828,-0.0977780818939209,-0.279451847076416,-0.11191225051879883,0.5272462368011475,0.5481665134429932,-0.020920276641845703,-1.0990867614746094,-0.5718405246734619,0.4043009281158447,0.76
qwen3-4b-cleanv2-s42,<TRAIN_ROOT>/qwen3-4b-cleanv2-s42/checkpoint-417,15bb19c247c3f5881bc5d98e,772,2,late,35,45,-1.3728513717651367,-0.5206398367881775,-1.2894666194915771,-0.5609734654426575,-0.25963377952575684,-0.5324541926383972,0.12371838092803955,0.08338475227355957,0.04033362865447998,-0.8522115349769592,-0.7284931540489197,1.00131356716156,1.05
qwen3-4b-cleanv2-s42,<TRAIN_ROOT>/qwen3-4b-cleanv2-s42/checkpoint-417,1954c28a0143673d6bc9adc4,772,4,mid,29,45,-0.7384511828422546,-1.1989129781723022,-0.5279817581176758,-1.0200899839401245,-0.2706849277019501,-1.0272272825241089,0.03164643049240112,0.21046942472457886,-0.17882299423217773,0.4604617953300476,0.49210822582244873,0.2644341289997101,1.0
qwen3-4b-cleanv2-s42,<TRAIN_ROOT>/qwen3-4b-cleanv2-s42/checkpoint-417,fdd6a951473822214878a1a3,772,8,early,10,45,-1.2675293684005737,-0.1186983585357666,-1.1265926361083984,-0.4726909399032593,-0.8117052316665649,-0.585564136505127,0.49492931365966797,0.1409367322921753,0.3539925813674927,-1.1488310098648071,-0.6539016962051392,0.42776060104370117,0.83
qwen3-4b-cleanv2-s42,<TRAIN_ROOT>/qwen3-4b-cleanv2-s42/checkpoint-417,d67eb6d44d6f06e364a90708,460,1,late,51,72,-1.67611563205719,-0.47516822814941406,-1.0064777135849,-0.4295211434364319,-0.5455867648124695,-0.49625715613365173,0.6239908337593079,0.66963791847229,-0.04564708471298218,-1.2009474039077759,-0.576956570148468,0.5276269614696503,1.73
qwen3-4b-cleanv2-s42,<TRAIN_ROOT>/qwen3-4b-cleanv2-s42/checkpoint-417,293a267d3a3031b50c80856f,460,2,mid,25,72,-0.6484929919242859,-0.6558111310005188,-0.6395191550254822,-0.7310087084770203,-0.3861244320869446,-0.802355170249939,0.08417141437530518,0.008973836898803711,0.07519757747650146,0.00731813907623291,0.09148955345153809,0.3247411847114563,1.35
qwen3-4b-cleanv2-s42,<TRAIN_ROOT>/qwen3-4b-cleanv2-s42/checkpoint-417,3a9885d5eacd6b4616847f9c,460,4,early,7,72,-1.111061930656433,-0.49630045890808105,-1.0067411661148071,-0.5585596561431885,-0.30790627002716064,-0.6301372051239014,0.1665799617767334,0.10432076454162598,0.06225919723510742,-0.614761471748352,-0.44818150997161865,0.7704124450683594,1.14
qwen3-4b-cleanv2-s42,<TRAIN_ROOT>/qwen3-4b-cleanv2-s42/checkpoint-417,8b73328976048466328b58ae,460,8,late,56,72,-1.1657778024673462,-1.0206552743911743,-0.9033224582672119,-1.214630365371704,-0.3033977150917053,-1.296610713005066,0.45643043518066406,0.2624553442001343,0.19397509098052979,-0.14512252807617188,0.3113079071044922,0.6819050908088684,1.92
qwen3-4b-cleanv2-s42,<TRAIN_ROOT>/qwen3-4b-cleanv2-s42/checkpoint-417,2a4159635a1b90ecaf5c4493,476,1,mid,10,25,-2.2003695964813232,-0.8883240222930908,-1.8027576208114624,-0.9126808643341064,-1.2079185247421265,-0.865368127822876,0.42196881771087646,0.39761197566986084,0.024356842041015625,-1.3120455741882324,-0.890076756477356,0.5475263595581055,0.65
qwen3-4b-cleanv2-s42,<TRAIN_ROOT>/qwen3-4b-cleanv2-s42/checkpoint-417,608232e956f9586de48124c1,476,2,early,8,25,-1.4848017692565918,-0.7075620889663696,-1.3886239528656006,-0.7081026434898376,-0.4357169270515442,-0.7535526156425476,0.09671837091445923,0.09617781639099121,0.0005405545234680176,-0.7772396802902222,-0.6805213093757629,0.9983569979667664,0.64
qwen3-4b-cleanv2-s42,<TRAIN_ROOT>/qwen3-4b-cleanv2-s42/checkpoint-417,c7ab532a4796a41792cf0fb4,476,4,late,19,25,-0.9945037364959717,-1.3170444965362549,-0.9970295429229736,-1.4100942611694336,-0.15999507904052734,-1.4480047225952148,0.09052395820617676,-0.002525806427001953,0.09304976463317871,0.3225407600402832,0.41306471824645996,0.8749449253082275,0.76
qwen3-4b-cleanv2-s42,<TRAIN_ROOT>/qwen3-4b-cleanv2-s42/checkpoint-417,411079d4a43229cd9d819ab0,476,8,mid,14,25,-1.648972749710083,-0.071502685546875,-1.2367867231369019,-0.2763352394104004,-0.46100783348083496,-0.2831864356994629,0.6170185804367065,0.41218602657318115,0.2048325538635254,-1.577470064163208,-0.9604514837265015,0.7826300859451294,0.75
qwen3-4b-cleanv2-s42,<TRAIN_ROOT>/qwen3-4b-cleanv2-s42/checkpoint-417,bcf4a631411ead04f9e07598,112,1,early,6,36,-1.338136911392212,-0.46264374256134033,-1.2344127893447876,-0.48729050159454346,-0.899520218372345,-0.508346676826477,0.12837088108062744,0.10372412204742432,0.024646759033203125,-0.8754931688308716,-0.7471222877502441,0.3559487462043762,0.82
qwen3-4b-cleanv2-s42,<TRAIN_ROOT>/qwen3-4b-cleanv2-s42/checkpoint-417,b12e28e84fd488140eba184b,112,2,late,33,36,-1.8178428411483765,-0.6049823760986328,-1.7457764148712158,-0.5935821533203125,-0.9209930300712585,-0.5333960652351379,0.06066620349884033,0.07206642627716064,-0.011400222778320312,-1.2128604650497437,-1.1521942615509033,0.7645972967147827,1.13
qwen3-4b-cleanv2-s42,<TRAIN_ROOT>/qwen3-4b-cleanv2-s42/checkpoint-417,304198d3231dc6703556bba0,112,4,mid,18,36,-0.6089431643486023,-0.17712901532649994,-0.5241360664367676,-0.3665931522846222,-0.39690399169921875,-0.4086349308490753,0.27427123486995697,0.08480709791183472,0.18946413695812225,-0.43181414902210236,-0.15754291415214539,0.16927385330200195,0.99
qwen3-4b-cleanv2-s42,<TRAIN_ROOT>/qwen3-4b-cleanv2-s42/checkpoint-417,ac5e64f0faca410ed9af66ba,112,8,early,9,36,-0.8464231491088867,-1.1133455038070679,-0.7769886255264282,-1.0962786674499512,-0.4958004057407379,-1.1774663925170898,0.0523676872253418,0.0694345235824585,-0.0170668363571167,0.26692235469818115,0.31929004192352295,0.362375944852829,0.94
qwen3-4b-cleanv2-s42,<TRAIN_ROOT>/qwen3-4b-cleanv2-s42/checkpoint-417,df0cc647b67e90068478d221,265,1,late,44,46,-1.0577144622802734,-0.19697274267673492,-0.652995228767395,-0.20322872698307037,-0.3508080244064331,-0.20767909288406372,0.41097521781921387,0.4047192335128784,0.006255984306335449,-0.8607417196035385,-0.44976650178432465,0.30663757026195526,1.0
qwen3-4b-cleanv2-s42,<TRAIN_ROOT>/qwen3-4b-cleanv2-s42/checkpoint-417,988b1a88f3169c92eeafc80f,265,2,mid,29,46,-1.4817270040512085,-0.0008903503767214715,-0.8430379033088684,-0.03642768785357475,-0.5736511945724487,-0.06772289425134659,0.6742264382191934,0.6386891007423401,0.03553733747685328,-1.480836653674487,-0.8066102154552937,0.3006819151341915,0.87
qwen3-4b-cleanv2-s42,<TRAIN_ROOT>/qwen3-4b-cleanv2-s42/checkpoint-417,0451b195b260e9949b03b333,265,4,early,13,46,-0.660694420337677,-0.5153007507324219,-0.4303828775882721,-0.5051947832107544,-0.1402064859867096,-0.574975311756134,0.22020557522773743,0.2303115427494049,-0.01010596752166748,-0.14539366960525513,0.0748119056224823,0.35995692014694214,0.75
qwen3-4b-cleanv2-s42,<TRAIN_ROOT>/qwen3-4b-cleanv2-s42/checkpoint-417,00aa0148d187488946e7fb98,265,8,late,37,46,-1.7378488779067993,-0.0017171588260680437,-0.6283144354820251,-0.14748819172382355,-0.05922088772058487,-0.36601585149765015,1.2553054753225297,1.1095344424247742,0.1457710328977555,-1.7361317190807313,-0.4808262437582016,0.7876212075352669,1.0
qwen3-4b-cleanv2-s42,<TRAIN_ROOT>/qwen3-4b-cleanv2-s42/checkpoint-417,527852dc4a9810c309536e96,832,1,mid,28,71,-1.3982467651367188,-0.4083564281463623,-1.2848886251449585,-0.5035088062286377,-0.4793221354484558,-0.5094852447509766,0.20851051807403564,0.11335813999176025,0.09515237808227539,-0.9898903369903564,-0.7813798189163208,0.8115429282188416,0.93
qwen3-4b-cleanv2-s42,<TRAIN_ROOT>/qwen3-4b-cleanv2-s42/checkpoint-417,a02d6c7ed721f1c92a424523,832,2,early,5,71,-1.0225954055786133,-0.9151403903961182,-0.8852124214172363,-1.0357744693756104,-0.6217524409294128,-1.0855083465576172,0.25801706314086914,0.13738298416137695,0.12063407897949219,-0.10745501518249512,0.15056204795837402,0.3131938576698303,0.72
qwen3-4b-cleanv2-s42,<TRAIN_ROOT>/qwen3-4b-cleanv2-s42/checkpoint-417,846e6c67abe28d7ecc90da37,832,4,late,51,71,-1.7233197689056396,-1.2692127227783203,-1.3128986358642578,-1.2455236911773682,-0.26590609550476074,-1.3820841312408447,0.3867321014404297,0.41042113304138184,-0.02368903160095215,-0.45410704612731934,-0.06737494468688965,1.1835529804229736,1.22
qwen3-4b-cleanv2-s42,<TRAIN_ROOT>/qwen3-4b-cleanv2-s42/checkpoint-417,464d2922e7366e6b97103ab4,832,8,mid,46,71,-1.0956553220748901,-0.008433818817138672,-0.993415355682373,-0.017668962478637695,-0.471794456243515,-0.08172488212585449,0.11147511005401611,0.10223996639251709,0.009235143661499023,-1.0872215032577515,-0.9757463932037354,0.5856768190860748,1.23
qwen3-4b-cleanv2-s42,<TRAIN_ROOT>/qwen3-4b-cleanv2-s42/checkpoint-417,855b06bef5f437f2308d9414,359,1,early,3,23,-3.401854991912842,-1.0835292339324951,-3.1141371726989746,-1.0256236791610718,-2.5538125038146973,-0.9670661687850952,0.22981226444244385,0.2877178192138672,-0.05790555477142334,-2.3183257579803467,-2.088513493537903,0.5017671585083008,0.54
qwen3-4b-cleanv2-s42,<TRAIN_ROOT>/qwen3-4b-cleanv2-s42/checkpoint-417,6a489b8561c5183e1d9d9c2c,359,2,late,19,23,-1.1780163049697876,-0.9843116402626038,-1.0282350778579712,-0.7618510127067566,-0.4544506072998047,-0.6698086857795715,-0.07267940044403076,0.1497812271118164,-0.22246062755584717,-0.19370466470718384,-0.2663840651512146,0.48174214363098145,0.69
qwen3-4b-cleanv2-s42,<TRAIN_ROOT>/qwen3-4b-cleanv2-s42/checkpoint-417,dc301a34fc4d15c1bc2406a9,359,4,mid,12,23,-1.028943419456482,-0.61917644739151,-1.1358318328857422,-0.5434422492980957,-0.36330080032348633,-0.5085515379905701,-0.18262261152267456,-0.10688841342926025,-0.0757341980934143,-0.4097669720649719,-0.5923895835876465,0.7376403212547302,0.64
qwen3-4b-cleanv2-s42,<TRAIN_ROOT>/qwen3-4b-cleanv2-s42/checkpoint-417,f945f901f5e2dbc866d175a7,359,8,early,8,23,-1.6440011262893677,-0.5118263959884644,-1.6906030178070068,-0.4979677200317383,-1.2565782070159912,-0.5402870178222656,-0.060460567474365234,-0.04660189151763916,-0.013858675956726074,-1.1321747303009033,-1.1926352977752686,0.47634410858154297,0.65
qwen3-4b-cleanv2-s42,<TRAIN_ROOT>/qwen3-4b-cleanv2-s42/checkpoint-417,c92261ecbbe032c47d72683f,711,1,late,41,59,-0.9293572306632996,-0.9558035731315613,-0.8311830163002014,-0.9127510786056519,-0.520857572555542,-0.9335950016975403,0.05512171983718872,0.09817421436309814,-0.043052494525909424,0.02644634246826172,0.08156806230545044,0.33116936683654785,1.0
qwen3-4b-cleanv2-s42,<TRAIN_ROOT>/qwen3-4b-cleanv2-s42/checkpoint-417,47aed701c56c2603a8b0f69b,711,2,mid,35,59,-1.3941566944122314,-0.8154354095458984,-1.2800064086914062,-0.8394275903701782,-0.832292377948761,-0.9014976620674133,0.13814246654510498,0.1141502857208252,0.023992180824279785,-0.578721284866333,-0.440578818321228,0.5097841024398804,0.95
qwen3-4b-cleanv2-s42,<TRAIN_ROOT>/qwen3-4b-cleanv2-s42/checkpoint-417,50d15936ef9e10fc403c9b38,711,4,early,11,59,-1.4672857522964478,-1.0157155990600586,-1.3460320234298706,-1.0363749265670776,-0.5987293124198914,-1.0615053176879883,0.1419130563735962,0.12125372886657715,0.020659327507019043,-0.45157015323638916,-0.30965709686279297,0.7724331021308899,0.72
qwen3-4b-cleanv2-s42,<TRAIN_ROOT>/qwen3-4b-cleanv2-s42/checkpoint-417,eed41c48cf5f158574a62659,711,8,late,54,59,-1.326600193977356,-1.3675551414489746,-0.7113736271858215,-1.3629810810089111,-0.028977712616324425,-1.7095531225204468,0.610652506351471,0.6152265667915344,-0.0045740604400634766,0.04095494747161865,0.6516074538230896,1.0289679560810328,1.2
qwen3-4b-cleanv2-s42,<TRAIN_ROOT>/qwen3-4b-cleanv2-s42/checkpoint-417,c88121271d6106690907486c,412,1,mid,17,34,-1.2451177835464478,-1.318857192993164,-0.9170146584510803,-1.4120943546295166,-0.29890039563179016,-1.3929083347320557,0.42134028673171997,0.32810312509536743,0.09323716163635254,0.07373940944671631,0.4950796961784363,0.5989282429218292,0.84
qwen3-4b-cleanv2-s42,<TRAIN_ROOT>/qwen3-4b-cleanv2-s42/checkpoint-417,2947270ca1d5140e05cd4663,412,2,early,3,34,-1.577316164970398,-1.7114500999450684,-1.066125512123108,-1.6502286195755005,-0.6613767743110657,-1.693835973739624,0.44996917247772217,0.51119065284729,-0.06122148036956787,0.1341339349746704,0.5841031074523926,0.44835609197616577,0.72
qwen3-4b-cleanv2-s42,<TRAIN_ROOT>/qwen3-4b-cleanv2-s42/checkpoint-417,2d09f878ffc0d24c33b79021,412,4,late,26,34,-1.0649116039276123,-0.9515711665153503,-0.6140146255493164,-1.1225439310073853,-0.1446363925933838,-1.0937025547027588,0.6218697428703308,0.4508969783782959,0.1709727644920349,-0.11334043741226196,0.5085293054580688,0.44053685665130615,0.96
qwen3-4b-cleanv2-s42,<TRAIN_ROOT>/qwen3-4b-cleanv2-s42/checkpoint-417,3062c212d34561e0d4cf63ea,412,8,mid,15,34,-1.7644649744033813,-1.383772850036621,-1.3039963245391846,-1.620335578918457,-0.4422161281108856,-1.8255491256713867,0.6970313787460327,0.4604686498641968,0.23656272888183594,-0.38069212436676025,0.31633925437927246,1.0669937431812286,0.88
qwen3-4b-cleanv2-s42,<TRAIN_ROOT>/qwen3-4b-cleanv2-s42/checkpoint-417,e228044d95b0781a977d7b06,532,1,early,9,51,-2.118178367614746,-0.22770659625530243,-1.5531270503997803,-0.22113530337810516,-1.2324169874191284,-0.2275770604610443,0.5584800243377686,0.5650513172149658,-0.006571292877197266,-1.8904717713594437,-1.331991747021675,0.327151820063591,0.57
qwen3-4b-cleanv2-s42,<TRAIN_ROOT>/qwen3-4b-cleanv2-s42/checkpoint-417,2635de1b6cc554d7c0bccb0f,532,2,late,42,51,-0.7446153163909912,-0.02204599417746067,-0.5851747989654541,-0.04177408292889595,-0.26026052236557007,-0.05427103117108345,0.1791686061769724,0.1594405174255371,0.01972808875143528,-0.7225693222135305,-0.5434007160365582,0.33741122484207153,0.92
qwen3-4b-cleanv2-s42,<TRAIN_ROOT>/qwen3-4b-cleanv2-s42/checkpoint-417,18c20933d677d19e058a6563,532,4,mid,29,51,-0.5477067828178406,-0.4183277487754822,-0.41065943241119385,-0.42910146713256836,-0.075719453394413,-0.4538014829158783,0.1478210687637329,0.13704735040664673,0.010773718357086182,-0.1293790340423584,0.01844203472137451,0.3596399948000908,0.8
qwen3-4b-cleanv2-s42,<TRAIN_ROOT>/qwen3-4b-cleanv2-s42/checkpoint-417,1f6fde163c2d700f23e3b8cf,532,8,early,12,51,-0.43200695514678955,-0.21517004072666168,-0.420385479927063,-0.19166463613510132,-0.11006271839141846,-0.24696923792362213,-0.011883929371833801,0.011621475219726562,-0.023505404591560364,-0.21683691442012787,-0.22872084379196167,0.36562736332416534,0.68
qwen3-4b-cleanv2-s42,<TRAIN_ROOT>/qwen3-4b-cleanv2-s42/checkpoint-417,d28d96c1b4e2bee22f7a0f5e,22,1,late,55,60,-1.9027924537658691,-0.0530024953186512,-0.8958282470703125,-0.1040060892701149,-0.18363237380981445,-0.17839623987674713,1.0579678006470203,1.0069642066955566,0.0510035939514637,-1.849789958447218,-0.7918221578001976,0.7865860238671303,0.97
qwen3-4b-cleanv2-s42,<TRAIN_ROOT>/qwen3-4b-cleanv2-s42/checkpoint-417,76057a13e7ced01f0b2fa09e,22,2,mid,23,60,-1.0936518907546997,-0.43849825859069824,-1.0109049081802368,-0.4760921001434326,-0.468719482421875,-0.5791234970092773,0.12034082412719727,0.08274698257446289,0.037593841552734375,-0.6551536321640015,-0.5348128080368042,0.6452168226242065,0.7
qwen3-4b-cleanv2-s42,<TRAIN_ROOT>/qwen3-4b-cleanv2-s42/checkpoint-417,3ff882f4f3544cf0f257aa94,22,4,early,16,60,-0.8725261688232422,-0.874373197555542,-0.7252123355865479,-1.0042645931243896,-0.1914164274930954,-0.9140982627868652,0.277205228805542,0.14731383323669434,0.12989139556884766,0.0018470287322998047,0.2790522575378418,0.44362957775592804,0.64
qwen3-4b-cleanv2-s42,<TRAIN_ROOT>/qwen3-4b-cleanv2-s42/checkpoint-417,a34385efba2c5efdf93a8957,22,8,late,52,60,-2.0034165382385254,-1.00577974319458,-1.13926100730896,-0.8438186645507812,-0.2328306883573532,-0.7179265022277832,0.7021944522857666,0.8641555309295654,-0.16196107864379883,-0.9976367950439453,-0.2954423427581787,0.7805381566286087,1.02
qwen3-4b-cleanv2-s42,<TRAIN_ROOT>/qwen3-4b-cleanv2-s42/checkpoint-417,806aeae824ad23b83118a5ad,299,1,mid,37,66,-0.9157937169075012,-0.9414629340171814,-0.670269250869751,-0.9723435044288635,-0.45829835534095764,-0.9552238583564758,0.2764050364494324,0.24552446603775024,0.03088057041168213,0.025669217109680176,0.30207425355911255,0.19485124945640564,0.88
qwen3-4b-cleanv2-s42,<TRAIN_ROOT>/qwen3-4b-cleanv2-s42/checkpoint-417,9d8a2774978365c157fb4171,299,2,early,21,66,-1.1490497589111328,-0.0042192935943603516,-0.8950202465057373,-0.011960744857788086,-0.7287700176239014,-0.025615453720092773,0.26177096366882324,0.2540295124053955,0.007741451263427734,-1.1448304653167725,-0.8830595016479492,0.17990493774414062,0.72
qwen3-4b-cleanv2-s42,<TRAIN_ROOT>/qwen3-4b-cleanv2-s42/checkpoint-417,7e2cb9c4c4ae6aeb88279a0b,299,4,late,64,66,-1.8808914422988892,-1.3980553150177002,-1.0755503177642822,-1.466923475265503,-0.14710065722465515,-1.508253574371338,0.8742092847824097,0.8053411245346069,0.06886816024780273,-0.48283612728118896,0.3913731575012207,0.969779759645462,1.2
qwen3-4b-cleanv2-s42,<TRAIN_ROOT>/qwen3-4b-cleanv2-s42/checkpoint-417,d8180f9387dd944ad972e4b3,299,8,mid,27,66,-1.3618195056915283,-1.0453327894210815,-1.3261568546295166,-1.1122915744781494,-0.9048187732696533,-1.0716255903244019,0.10262143611907959,0.03566265106201172,0.06695878505706787,-0.3164867162704468,-0.2138652801513672,0.3806720972061157,0.84
qwen3-4b-cleanv2-s42,<TRAIN_ROOT>/qwen3-4b-cleanv2-s42/checkpoint-417,25308b0ce2b1fc2f48c5f794,984,1,early,13,69,-2.3098742961883545,-0.5189822912216187,-2.1693601608276367,-0.5421743392944336,-1.5643994808197021,-0.514744758605957,0.16370618343353271,0.14051413536071777,0.02319204807281494,-1.7908920049667358,-1.6271858215332031,0.577531099319458,0.74
qwen3-4b-cleanv2-s42,<TRAIN_ROOT>/qwen3-4b-cleanv2-s42/checkpoint-417,9a4e5aad5bebf2efe85ad11e,984,2,late,61,69,-0.8153002262115479,-0.5070029497146606,-0.5447614192962646,-0.5920396447181702,-0.12672162055969238,-0.5457759499549866,0.3555755019187927,0.2705388069152832,0.08503669500350952,-0.3082972764968872,0.04727822542190552,0.37177610397338867,1.24
qwen3-4b-cleanv2-s42,<TRAIN_ROOT>/qwen3-4b-cleanv2-s42/checkpoint-417,87a55359562cfd193e4f79d1,984,4,mid,33,69,-1.3644670248031616,-0.00225427420809865,-1.1798768043518066,-0.08254178613424301,-0.8816314339637756,-0.12573666870594025,0.26487773237749934,0.18459022045135498,0.08028751192614436,-1.362212750595063,-1.0973350182175636,0.34144025295972824,0.97
qwen3-4b-cleanv2-s42,<TRAIN_ROOT>/qwen3-4b-cleanv2-s42/checkpoint-417,0bd6b12149dd96afca6c55db,984,8,early,12,69,-1.6802501678466797,-2.6009349822998047,-1.925328254699707,-2.7609329223632812,-1.4638360738754272,-2.682438373565674,-0.08508014678955078,-0.24507808685302734,0.15999794006347656,0.920684814453125,0.8356046676635742,0.38299763202667236,0.8
qwen3-4b-cleanv2-s42,<TRAIN_ROOT>/qwen3-4b-cleanv2-s42/checkpoint-417,e05fd0b5ec672f65f9facb8c,353,1,late,19,26,-1.0112545490264893,-0.4984862208366394,-0.7930670976638794,-0.476166307926178,-0.44165611267089844,-0.47720086574554443,0.19586753845214844,0.21818745136260986,-0.022319912910461426,-0.5127683281898499,-0.3169007897377014,0.3524455428123474,1.13
qwen3-4b-cleanv2-s42,<TRAIN_ROOT>/qwen3-4b-cleanv2-s42/checkpoint-417,d74333173d3c52ededa83d72,353,2,mid,16,26,-0.34901532530784607,-0.7230210900306702,-0.31026217341423035,-0.6990953087806702,-0.24665935337543488,-0.6852449774742126,0.014827370643615723,0.03875315189361572,-0.02392578125,0.3740057647228241,0.3888331353664398,0.04975248873233795,1.1
qwen3-4b-cleanv2-s42,<TRAIN_ROOT>/qwen3-4b-cleanv2-s42/checkpoint-417,60bfe85c97a884cfbf8ada69,353,4,early,5,26,-0.6041893362998962,-0.529403567314148,-0.49441060423851013,-0.5477675199508667,-0.16673381626605988,-0.6165016889572144,0.12814268469810486,0.10977873206138611,0.01836395263671875,-0.07478576898574829,0.05335691571235657,0.3964109569787979,0.99
qwen3-4b-cleanv2-s42,<TRAIN_ROOT>/qwen3-4b-cleanv2-s42/checkpoint-417,d485155e3cebd2c804a90bf5,353,8,late,23,26,-0.41053682565689087,-0.4556938409805298,-0.3878491222858429,-0.47369182109832764,-0.21849127113819122,-0.5086989402770996,0.040685683488845825,0.022687703371047974,0.01799798011779785,0.045157015323638916,0.08584269881248474,0.20436497032642365,1.3
qwen3-4b-cleanv2-s42,<TRAIN_ROOT>/qwen3-4b-cleanv2-s42/checkpoint-417,3d1823bcf955cf0042e58546,800,1,mid,40,69,-1.4735652208328247,-0.0005310906562954187,-0.8140089511871338,-0.0043625300750136375,-0.6396162509918213,-0.008226394653320312,0.6633877090644091,0.6595562696456909,0.003831439418718219,-1.4730341301765293,-0.8096464211121202,0.17825656477361917,0.99
qwen3-4b-cleanv2-s42,<TRAIN_ROOT>/qwen3-4b-cleanv2-s42/checkpoint-417,19bc721210ce568dd85e66d2,800,2,early,16,69,-0.973761260509491,-0.17781512439250946,-0.9523714780807495,-0.2298414409160614,-0.8103232383728027,-0.2921907603740692,0.0734160989522934,0.021389782428741455,0.05202631652355194,-0.7959461361169815,-0.7225300371646881,0.2043975591659546,0.77
qwen3-4b-cleanv2-s42,<TRAIN_ROOT>/qwen3-4b-cleanv2-s42/checkpoint-417,61d30debf6f4930b122e45b9,800,4,late,61,69,-1.2205520868301392,-0.6374390125274658,-1.0658352375030518,-0.8152902126312256,-0.40764734148979187,-0.9779219627380371,0.33256804943084717,0.1547168493270874,0.17785120010375977,-0.5831130743026733,-0.25054502487182617,0.8208196461200714,1.24
qwen3-4b-cleanv2-s42,<TRAIN_ROOT>/qwen3-4b-cleanv2-s42/checkpoint-417,e439d22a97d0b3af281989ae,800,8,mid,46,69,-0.9491937160491943,-0.7424578666687012,-0.8499441146850586,-0.6894911527633667,-0.7036087512969971,-0.6656078100204468,0.04628288745880127,0.09924960136413574,-0.05296671390533447,-0.20673584938049316,-0.1604529619216919,0.1224520206451416,1.12
qwen3-4b-cleanv2-s42,<TRAIN_ROOT>/qwen3-4b-cleanv2-s42/checkpoint-417,1c547e24d53a57c262bd5dcc,1049,1,early,9,33,-0.8507065176963806,-0.7538406252861023,-0.7754131555557251,-0.8307716250419617,-0.5835645794868469,-0.8989866375923157,0.1522243618965149,0.07529336214065552,0.07693099975585938,-0.09686589241027832,0.05535846948623657,0.2600635886192322,0.58
qwen3-4b-cleanv2-s42,<TRAIN_ROOT>/qwen3-4b-cleanv2-s42/checkpoint-417,686f827473d2f7b0b50c130f,1049,2,late,31,33,-1.267006516456604,-1.1675610542297363,-0.8875167369842529,-1.037611722946167,-0.31394872069358826,-1.0954632759094238,0.24954044818878174,0.3794897794723511,-0.12994933128356934,-0.09944546222686768,0.15009498596191406,0.6314195692539215,0.81
qwen3-4b-cleanv2-s42,<TRAIN_ROOT>/qwen3-4b-cleanv2-s42/checkpoint-417,0e16a3872848e737dddb35d9,1049,4,mid,13,33,-1.5737173557281494,-0.1047799289226532,-1.3081915378570557,-0.10110174119472504,-0.31517526507377625,-0.08701079338788986,0.2618476301431656,0.26552581787109375,-0.0036781877279281616,-1.4689374268054962,-1.2070897966623306,0.9789253249764442,0.65
qwen3-4b-cleanv2-s42,<TRAIN_ROOT>/qwen3-4b-cleanv2-s42/checkpoint-417,41ca22731884587deccccc63,1049,8,early,8,33,-1.2202526330947876,-0.6528305411338806,-1.0707567930221558,-0.7215761542320251,-0.5627317428588867,-0.738691508769989,0.21824145317077637,0.14949584007263184,0.06874561309814453,-0.567422091960907,-0.3491806387901306,0.5251404047012329,0.64
qwen3-4b-cleanv2-s42,<TRAIN_ROOT>/qwen3-4b-cleanv2-s42/checkpoint-417,eb832003d9251b37a7a443d5,694,1,late,38,52,-1.030374526977539,-0.9428670406341553,-1.139504075050354,-0.9234641194343567,-0.9482678174972534,-0.9210066795349121,-0.12853246927261353,-0.10912954807281494,-0.019402921199798584,-0.08750748634338379,-0.21603995561599731,0.188778817653656,1.09
qwen3-4b-cleanv2-s42,<TRAIN_ROOT>/qwen3-4b-cleanv2-s42/checkpoint-417,f67c57a22041bf1f45c25b36,694,2,mid,19,52,-1.8301312923431396,-0.00047132704639807343,-1.3008613586425781,-0.07044368237257004,-0.6595087051391602,-0.08643998205661774,0.5992422890267335,0.5292699337005615,0.06997235532617196,-1.8296599652967416,-1.230417676270008,0.6573489531874657,0.91
qwen3-4b-cleanv2-s42,<TRAIN_ROOT>/qwen3-4b-cleanv2-s42/checkpoint-417,ca35095b8f0545926de791ec,694,4,early,15,52,-1.039065957069397,-0.0026519298553466797,-1.1231558322906494,-0.11583447456359863,-0.7620589137077332,-0.19896173477172852,0.02909266948699951,-0.08408987522125244,0.11318254470825195,-1.0364140272140503,-1.0073213577270508,0.44422417879104614,0.9
qwen3-4b-cleanv2-s42,<TRAIN_ROOT>/qwen3-4b-cleanv2-s42/checkpoint-417,3ce540cf07c5623d46d255af,694,8,late,37,52,-1.381882905960083,-0.030805861577391624,-0.6250073909759521,-0.13511522114276886,-0.08560071885585785,-0.29582351446151733,0.8611848745495081,0.7568755149841309,0.10430935956537724,-1.3510770443826914,-0.4898921698331833,0.7001149654388428,1.15
qwen3-4b-cleanv2-s42,<TRAIN_ROOT>/qwen3-4b-cleanv2-s42/checkpoint-417,b2579c2786a7b4ce931b833a,75,1,mid,38,59,-1.1249239444732666,-0.4825747013092041,-0.7310016751289368,-0.5074672698974609,-0.4574297070503235,-0.5094585418701172,0.41881483793258667,0.39392226934432983,0.024892568588256836,-0.6423492431640625,-0.22353440523147583,0.27556324005126953,1.07
qwen3-4b-cleanv2-s42,<TRAIN_ROOT>/qwen3-4b-cleanv2-s42/checkpoint-417,ab5a5a6123efc6b4a594dac3,75,2,early,18,59,-3.212790012359619,-0.4868478775024414,-1.6936111450195312,-0.6301708221435547,-0.7012774348258972,-0.6509308815002441,1.6625018119812012,1.519178867340088,0.14332294464111328,-2.7259421348571777,-1.0634403228759766,1.0130937695503235,0.88
qwen3-4b-cleanv2-s42,<TRAIN_ROOT>/qwen3-4b-cleanv2-s42/checkpoint-417,741dae24f8d8bc56f7ee8e91,75,4,late,41,59,-1.4012027978897095,-0.9901638627052307,-0.9429777264595032,-0.9595896005630493,-0.279227077960968,-1.047766923904419,0.4276508092880249,0.4582250714302063,-0.030574262142181396,-0.41103893518447876,0.016611874103546143,0.7519279718399048,1.14
qwen3-4b-cleanv2-s42,<TRAIN_ROOT>/qwen3-4b-cleanv2-s42/checkpoint-417,31f29fa68c8c76ff35e4d40a,75,8,mid,34,59,-2.653172254562378,-1.4087060689926147,-0.9423672556877136,-1.261999487876892,-0.2681964337825775,-1.3006051778793335,1.5640984177589417,1.7108049988746643,-0.14670658111572266,-1.2444661855697632,0.31963223218917847,0.7127765119075775,1.1
qwen3-4b-cleanv2-s42,<TRAIN_ROOT>/qwen3-4b-cleanv2-s42/checkpoint-417,66d2187065a8598523e50cb4,229,1,early,16,76,-1.3360589742660522,-0.7449201941490173,-0.9602123498916626,-0.7374197244644165,-0.5419929623603821,-0.7365784049034119,0.3683461546897888,0.37584662437438965,-0.00750046968460083,-0.5911387801170349,-0.2227926254272461,0.4173780679702759,0.84
qwen3-4b-cleanv2-s42,<TRAIN_ROOT>/qwen3-4b-cleanv2-s42/checkpoint-417,4a5846c9fb79ec397f347180,229,2,late,53,76,-1.822391390800476,-0.329455703496933,-1.1635668277740479,-0.27276772260665894,-0.5469131469726562,-0.3703286051750183,0.6021365821361542,0.6588245630264282,-0.05668798089027405,-1.492935687303543,-0.8907991051673889,0.714214563369751,1.34
qwen3-4b-cleanv2-s42,<TRAIN_ROOT>/qwen3-4b-cleanv2-s42/checkpoint-417,fde1278791fb09d3ec4e38b5,229,4,mid,47,76,-1.9276117086410522,-0.1274324208498001,-1.3916294574737549,-0.37790000438690186,-0.529034435749054,-0.6990509629249573,0.7864498347043991,0.5359822511672974,0.25046758353710175,-1.8001792877912521,-1.013729453086853,1.1837459802627563,1.29
qwen3-4b-cleanv2-s42,<TRAIN_ROOT>/qwen3-4b-cleanv2-s42/checkpoint-417,fe4939cd62c0d14e88ec9952,229,8,early,9,76,-0.6984897255897522,-0.04639596492052078,-0.6661207675933838,-0.06519082933664322,-0.35942375659942627,-0.1677771359682083,0.051163822412490845,0.03236895799636841,0.018794864416122437,-0.6520937606692314,-0.6009299382567406,0.4092833176255226,0.85
qwen3-4b-cleanv2-s42,<TRAIN_ROOT>/qwen3-4b-cleanv2-s42/checkpoint-417,b6f15fce736da2ed4e1d1ef6,358,1,late,25,31,-1.1438064575195312,-1.393512487411499,-0.6786419749259949,-1.393450140953064,-0.32641324400901794,-1.3674949407577515,0.4651021361351013,0.4651644825935364,-6.23464584350586e-05,0.24970602989196777,0.7148081660270691,0.32627353072166443,1.13
qwen3-4b-cleanv2-s42,<TRAIN_ROOT>/qwen3-4b-cleanv2-s42/checkpoint-417,ae64cb9482c2deb257fd9a3b,358,2,mid,11,31,-0.4501420855522156,-0.8208174705505371,-0.3106094002723694,-0.8643736839294434,-0.1384303867816925,-0.8944523930549622,0.18308889865875244,0.1395326852798462,0.04355621337890625,0.37067538499832153,0.553764283657074,0.20225772261619568,1.01
qwen3-4b-cleanv2-s42,<TRAIN_ROOT>/qwen3-4b-cleanv2-s42/checkpoint-417,4552f6cf85eb98d5fb34b403,358,4,early,9,31,-1.6715985536575317,-0.31638601422309875,-0.9308412075042725,-0.2999314069747925,-0.5429799556732178,-0.3086681365966797,0.724302738904953,0.7407573461532593,-0.016454607248306274,-1.355212539434433,-0.63090980052948,0.3965979814529419,0.98
qwen3-4b-cleanv2-s42,<TRAIN_ROOT>/qwen3-4b-cleanv2-s42/checkpoint-417,2219439c31f9ee48fb18c8ec,358,8,late,25,31,-1.2149417400360107,-1.393512487411499,-0.8078096508979797,-1.4369128942489624,-0.13990333676338196,-1.461219310760498,0.4505324959754944,0.407132089138031,0.04340040683746338,0.17857074737548828,0.6291032433509827,0.6922127306461334,1.21
qwen3-4b-cleanv2-s42,<TRAIN_ROOT>/qwen3-4b-cleanv2-s42/checkpoint-417,59c8e653be01d499622952bd,928,1,mid,29,82,-0.7203471064567566,-1.1078510284423828,-0.6037240028381348,-1.1033786535263062,-0.4314613342285156,-1.1064014434814453,0.11215072870254517,0.11662310361862183,-0.00447237491607666,0.3875039219856262,0.4996546506881714,0.1752854585647583,1.01
qwen3-4b-cleanv2-s42,<TRAIN_ROOT>/qwen3-4b-cleanv2-s42/checkpoint-417,8a24137edfcf39f8b8457f9d,928,2,early,26,82,-0.9430375099182129,-0.31072863936424255,-0.9346191883087158,-0.377218633890152,-0.8233605027198792,-0.44276162981987,0.0749083161354065,0.00841832160949707,0.06648999452590942,-0.6323088705539703,-0.5574005544185638,0.1768016815185547,0.98
qwen3-4b-cleanv2-s42,<TRAIN_ROOT>/qwen3-4b-cleanv2-s42/checkpoint-417,ccb76dac12de663ff031047c,928,4,late,61,82,-0.9369432330131531,-0.5643668174743652,-0.8712780475616455,-0.43591293692588806,-0.44269490242004395,-0.4424947202205658,-0.0627886950969696,0.06566518545150757,-0.12845388054847717,-0.37257641553878784,-0.43536511063575745,0.4351649284362793,1.42
qwen3-4b-cleanv2-s42,<TRAIN_ROOT>/qwen3-4b-cleanv2-s42/checkpoint-417,9fef51d7e8c8177ef781900a,928,8,mid,51,82,-1.4166953563690186,-1.0628926753997803,-1.0287270545959473,-1.2262235879898071,-0.5713131427764893,-1.2459099292755127,0.5512992143630981,0.3879683017730713,0.16333091259002686,-0.3538026809692383,0.19749653339385986,0.4771002531051636,1.34
qwen3-4b-cleanv2-s42,<TRAIN_ROOT>/qwen3-4b-cleanv2-s42/checkpoint-417,b1369034f554a77a2a9c57bf,621,1,early,12,71,-1.9098196029663086,-0.5197298526763916,-1.7404587268829346,-0.5695648193359375,-1.3551790714263916,-0.6286437511444092,0.21919584274291992,0.16936087608337402,0.0498349666595459,-1.390089750289917,-1.170893907546997,0.44435858726501465,0.72
qwen3-4b-cleanv2-s42,<TRAIN_ROOT>/qwen3-4b-cleanv2-s42/checkpoint-417,011e27684423150b9832325a,621,2,late,60,71,-2.581672430038452,-0.003802708350121975,-1.6821973323822021,-0.01846422627568245,-1.0083694458007812,-0.04154668748378754,0.9141366155818105,0.89947509765625,0.014661517925560474,-2.57786972168833,-1.6637331061065197,0.696910347789526,1.24
qwen3-4b-cleanv2-s42,<TRAIN_ROOT>/qwen3-4b-cleanv2-s42/checkpoint-417,11644ee88c48233115dd92ef,621,4,mid,46,71,-0.8638409376144409,-1.0299196243286133,-0.8397676348686218,-1.264282464981079,-0.33759069442749023,-1.4636821746826172,0.2584361433982849,0.024073302745819092,0.23436284065246582,0.16607868671417236,0.4245148301124573,0.7015766501426697,1.11
qwen3-4b-cleanv2-s42,<TRAIN_ROOT>/qwen3-4b-cleanv2-s42/checkpoint-417,b4291a02c8c3bd527d9ae88d,621,8,early,22,71,-1.4571853876113892,-0.0007500118808820844,-1.3954546451568604,-0.0451795794069767,-0.7009521126747131,-0.07196193188428879,0.10616030998062342,0.06173074245452881,0.044429567526094615,-1.456435375730507,-1.3502750657498837,0.7212848849594593,0.89
qwen3-4b-cleanv2-s42,<TRAIN_ROOT>/qwen3-4b-cleanv2-s42/checkpoint-417,88a81b34680721a6be6a8a26,914,1,late,32,42,-1.3245898485183716,-0.45221075415611267,-1.2717901468276978,-0.452959269285202,-0.6597809195518494,-0.4962376654148102,0.053548216819763184,0.05279970169067383,0.0007485151290893555,-0.8723790943622589,-0.8188308775424957,0.6552876234054565,1.07
qwen3-4b-cleanv2-s42,<TRAIN_ROOT>/qwen3-4b-cleanv2-s42/checkpoint-417,b48a2ca4898b4b45df279853,914,2,mid,19,42,-0.7667248845100403,-0.5471803545951843,-0.7352614402770996,-0.6011032462120056,-0.3185286223888397,-0.6424874067306519,0.08538633584976196,0.031463444232940674,0.05392289161682129,-0.21954452991485596,-0.134158194065094,0.45811697840690613,0.93
qwen3-4b-cleanv2-s42,<TRAIN_ROOT>/qwen3-4b-cleanv2-s42/checkpoint-417,10ff29ef5da6333860adba97,914,4,early,11,42,-1.6279261112213135,-0.0376155860722065,-1.5206876993179321,-0.06442814320325851,-0.8329211473464966,-0.24773578345775604,0.13405096903443336,0.10723841190338135,0.026812557131052017,-1.590310525149107,-1.4562595561146736,0.8710741922259331,0.88
qwen3-4b-cleanv2-s42,<TRAIN_ROOT>/qwen3-4b-cleanv2-s42/checkpoint-417,ca3d09eef4cd234452541e88,914,8,late,40,42,-1.03903329372406,-0.04266810417175293,-0.04370265454053879,-0.5813775062561035,-0.0121612548828125,-0.7972686290740967,1.5340400412678719,0.9953306391835213,0.5387094020843506,-0.9963651895523071,0.5376748517155647,0.24743252247571945,1.26
qwen3-4b-cleanv2-s42,<TRAIN_ROOT>/qwen3-4b-cleanv2-s42/checkpoint-417,38c998810a3df9ee6c5eb767,1101,1,mid,28,48,-0.6295818090438843,-0.8046385049819946,-0.6225559115409851,-0.6823343634605408,-0.5060079097747803,-0.7198135256767273,-0.11527824401855469,0.00702589750289917,-0.12230414152145386,0.17505669593811035,0.059778451919555664,0.15402716398239136,0.8
qwen3-4b-cleanv2-s42,<TRAIN_ROOT>/qwen3-4b-cleanv2-s42/checkpoint-417,20c36340f9224e2b878d7d02,1101,2,early,9,48,-1.0016021728515625,-0.6424392461776733,-0.9084879159927368,-0.6855626702308655,-0.4112915098667145,-0.7714082598686218,0.13623768091201782,0.09311425685882568,0.04312342405319214,-0.35916292667388916,-0.22292524576187134,0.5830419957637787,0.63
qwen3-4b-cleanv2-s42,<TRAIN_ROOT>/qwen3-4b-cleanv2-s42/checkpoint-417,0ac985ae09f48f6978a5b872,1101,4,late,45,48,-0.8126232028007507,-0.9950613975524902,-0.8405576944351196,-1.070939540863037,-0.27138465642929077,-1.148161768913269,0.04794365167617798,-0.027934491634368896,0.07587814331054688,0.1824381947517395,0.23038184642791748,0.6463952660560608,0.97
qwen3-4b-cleanv2-s42,<TRAIN_ROOT>/qwen3-4b-cleanv2-s42/checkpoint-417,4595447208580ff7ae942085,1101,8,mid,31,48,-2.4520339965820312,-0.15892843902111053,-1.5073883533477783,-0.219465434551239,-0.25722718238830566,-0.2882716655731201,1.0051826387643814,0.9446456432342529,0.06053699553012848,-2.2931055575609207,-1.2879229187965393,1.3189674019813538,0.9
qwen3-4b-cleanv2-s42,<TRAIN_ROOT>/qwen3-4b-cleanv2-s42/checkpoint-417,f136499503f340fbb39a66d0,994,1,early,15,56,-1.2019610404968262,-0.5697522163391113,-0.8279126286506653,-0.567021369934082,-0.4770677983760834,-0.5364515781402588,0.3713175654411316,0.3740484118461609,-0.002730846405029297,-0.6322088241577148,-0.26089125871658325,0.32027503848075867,0.76
qwen3-4b-cleanv2-s42,<TRAIN_ROOT>/qwen3-4b-cleanv2-s42/checkpoint-417,27d9916d980511f570a92b94,994,2,late,51,56,-1.205425500869751,-0.8982429504394531,-0.756199061870575,-0.9121321439743042,-0.186475470662117,-0.9460709691047668,0.4631156325340271,0.449226438999176,0.013889193534851074,-0.30718255043029785,0.15593308210372925,0.6036624163389206,1.15
qwen3-4b-cleanv2-s42,<TRAIN_ROOT>/qwen3-4b-cleanv2-s42/checkpoint-417,886984b71eac722c34daa925,994,4,mid,34,56,-1.1002172231674194,-1.22873854637146,-0.6801698207855225,-1.061586856842041,-0.2596164643764496,-0.9714560508728027,0.252895712852478,0.420047402381897,-0.16715168952941895,0.12852132320404053,0.38141703605651855,0.3304225504398346,0.99
qwen3-4b-cleanv2-s42,<TRAIN_ROOT>/qwen3-4b-cleanv2-s42/checkpoint-417,fa01c6d536b04eaff320ab17,994,8,early,14,56,-1.0282853841781616,-0.926972508430481,-0.9646444320678711,-0.8638718724250793,-0.5571522116661072,-0.8874265551567078,0.000540316104888916,0.06364095211029053,-0.06310063600540161,-0.10131287574768066,-0.10077255964279175,0.43104690313339233,0.83
qwen3-4b-cleanv2-s42,<TRAIN_ROOT>/qwen3-4b-cleanv2-s42/checkpoint-417,45f835008bee272d45670891,541,1,late,31,35,-1.1220762729644775,-1.422808051109314,-0.6663651466369629,-1.4346481561660767,-0.16941452026367188,-1.4863296747207642,0.46755123138427734,0.45571112632751465,0.011840105056762695,0.3007317781448364,0.7682830095291138,0.5486321449279785,0.9
qwen3-4b-cleanv2-s42,<TRAIN_ROOT>/qwen3-4b-cleanv2-s42/checkpoint-417,63ff44f25f6e0f0312c2e506,541,2,mid,21,35,-1.6476455926895142,-2.8462111949920654,-1.1831852197647095,-2.7566561698913574,-0.7253124117851257,-2.6517486572265625,0.3749053478240967,0.4644603729248047,-0.08955502510070801,1.1985656023025513,1.573470950126648,0.3529652953147888,0.82
qwen3-4b-cleanv2-s42,<TRAIN_ROOT>/qwen3-4b-cleanv2-s42/checkpoint-417,8fb6a7105f2bc8e07ef16f26,541,4,early,10,35,-1.4377667903900146,-0.7942652702331543,-1.6370849609375,-0.7315318584442139,-0.9118156433105469,-0.71114182472229,-0.2620515823364258,-0.19931817054748535,-0.06273341178894043,-0.6435015201568604,-0.9055531024932861,0.7048792839050293,0.75
qwen3-4b-cleanv2-s42,<TRAIN_ROOT>/qwen3-4b-cleanv2-s42/checkpoint-417,a4bae367dab0a5dac0ffc28d,541,8,late,26,35,-1.5756053924560547,-1.0274219512939453,-1.6496057510375977,-0.9887114763259888,-0.9980030059814453,-0.9073092341423035,-0.11271083354949951,-0.07400035858154297,-0.03871047496795654,-0.5481834411621094,-0.6608942747116089,0.570200502872467,0.92
qwen3-4b-cleanv2-s42,<TRAIN_ROOT>/qwen3-4b-cleanv2-s42/checkpoint-417,4fad602cf9f5d60e6549beb5,1088,1,mid,19,54,-1.556593418121338,-0.5454162955284119,-1.1370134353637695,-0.5108424425125122,-0.5237634181976318,-0.5322475433349609,0.3850061297416687,0.41957998275756836,-0.03457385301589966,-1.011177122592926,-0.6261709928512573,0.6346551179885864,0.77
qwen3-4b-cleanv2-s42,<TRAIN_ROOT>/qwen3-4b-cleanv2-s42/checkpoint-417,3bac02cad36549754b6049a1,1088,2,early,12,54,-1.1753193140029907,-0.034531593322753906,-1.2451027631759644,-0.04006805643439293,-0.5134264230728149,-0.10886230319738388,-0.06424698606133461,-0.06978344917297363,0.005536463111639023,-1.1407877206802368,-1.2050347067415714,0.8004705868661404,0.72
qwen3-4b-cleanv2-s42,<TRAIN_ROOT>/qwen3-4b-cleanv2-s42/checkpoint-417,dd991590a7daebbab9762483,1088,4,late,53,54,-0.6584504842758179,-1.8476282358169556,-0.5954839587211609,-1.7843031883239746,-0.04290437698364258,-1.9561961889266968,-0.0003585219383239746,0.06296652555465698,-0.06332504749298096,1.1891777515411377,1.1888192296028137,0.7244725823402405,1.15
qwen3-4b-cleanv2-s42,<TRAIN_ROOT>/qwen3-4b-cleanv2-s42/checkpoint-417,264f873d770d7c6a66c961e3,1088,8,mid,31,54,-0.5221036672592163,-0.5662316679954529,-0.6953577995300293,-0.6123478412628174,-0.628410816192627,-0.6245308518409729,-0.1271379590034485,-0.173254132270813,0.0461161732673645,0.04412800073623657,-0.08300995826721191,0.07912999391555786,1.0
qwen3-4b-cleanv2-s42,<TRAIN_ROOT>/qwen3-4b-cleanv2-s42/checkpoint-417,e22f26912ea93985e1117033,449,1,early,2,38,-1.4004831314086914,-0.7367444038391113,-1.3751643896102905,-0.6425652503967285,-0.9808464050292969,-0.6400579214096069,-0.06886041164398193,0.02531874179840088,-0.09417915344238281,-0.6637387275695801,-0.732599139213562,0.39181065559387207,0.48
qwen3-4b-cleanv2-s42,<TRAIN_ROOT>/qwen3-4b-cleanv2-s42/checkpoint-417,6fc55bd800164ef951d7bc1d,449,2,late,34,38,-1.2863428592681885,-0.9108405113220215,-1.0586220026016235,-0.90791916847229,-0.31828588247299194,-1.073052167892456,0.2247995138168335,0.22772085666656494,-0.0029213428497314453,-0.375502347946167,-0.1507028341293335,0.9054691195487976,0.81
qwen3-4b-cleanv2-s42,<TRAIN_ROOT>/qwen3-4b-cleanv2-s42/checkpoint-417,08d2b2f93cb73ede12ae170e,449,4,mid,21,38,-1.2191238403320312,-0.4075514078140259,-0.8858035802841187,-0.43413007259368896,-0.40958213806152344,-0.46937060356140137,0.3598989248275757,0.3333202600479126,0.026578664779663086,-0.8115724325180054,-0.4516735076904297,0.5114619731903076,0.7
qwen3-4b-cleanv2-s42,<TRAIN_ROOT>/qwen3-4b-cleanv2-s42/checkpoint-417,22290a324c0d1a3265acd7ec,449,8,early,8,38,-4.146745681762695,-1.260209321975708,-3.3811001777648926,-1.1728147268295288,-1.8743183612823486,-1.1559486389160156,0.6782509088516235,0.7656455039978027,-0.0873945951461792,-2.8865363597869873,-2.2082854509353638,1.4899157285690308,0.59
qwen3-4b-cleanv2-s42,<TRAIN_ROOT>/qwen3-4b-cleanv2-s42/checkpoint-417,73d97370261a9c4e53cb3a66,1003,1,late,28,33,-1.0076338052749634,-1.3788162469863892,-1.0376362800598145,-1.4498625993728638,-0.8251934051513672,-1.4175139665603638,0.041043877601623535,-0.030002474784851074,0.07104635238647461,0.3711824417114258,0.4122263193130493,0.18009424209594727,0.91
qwen3-4b-cleanv2-s42,<TRAIN_ROOT>/qwen3-4b-cleanv2-s42/checkpoint-417,045623a69db32e4155a4bcc1,1003,2,mid,20,33,-1.547389268875122,-0.6152561902999878,-0.5953578948974609,-0.7471023201942444,-0.4522203505039215,-0.9567044377326965,1.0838775038719177,0.9520313739776611,0.1318461298942566,-0.9321330785751343,0.15174442529678345,0.3527396619319916,0.83
qwen3-4b-cleanv2-s42,<TRAIN_ROOT>/qwen3-4b-cleanv2-s42/checkpoint-417,b9e8741eb1fd017cdaa99534,1003,4,early,8,33,-1.2373943328857422,-0.7342588305473328,-0.979882538318634,-0.8520383834838867,-0.5499257445335388,-0.9392343759536743,0.3752913475036621,0.25751179456710815,0.11777955293655396,-0.5031355023384094,-0.12784415483474731,0.5171527862548828,0.72
qwen3-4b-cleanv2-s42,<TRAIN_ROOT>/qwen3-4b-cleanv2-s42/checkpoint-417,74dc4d0fde1beabac14bb34d,1003,8,late,30,33,-1.0075262784957886,-0.029144763946533203,-0.6798125505447388,-0.2108314037322998,-0.3828645348548889,-0.40111732482910156,0.5094003677368164,0.3277137279510498,0.1816866397857666,-0.9783815145492554,-0.46898114681243896,0.4872339367866516,1.02
qwen3-4b-cleanv2-s42,<TRAIN_ROOT>/qwen3-4b-cleanv2-s42/checkpoint-417,af68e7bb4307cff7b58d64b1,1035,1,mid,17,39,-1.4793752431869507,-1.1650053262710571,-1.1836351156234741,-1.1964367628097534,-0.916763961315155,-1.240558385848999,0.32717156410217285,0.29574012756347656,0.03143143653869629,-0.31436991691589355,0.012801647186279297,0.3109927773475647,0.67
qwen3-4b-cleanv2-s42,<TRAIN_ROOT>/qwen3-4b-cleanv2-s42/checkpoint-417,4a0cdf73515da4c94e3f3ada,1035,2,early,3,39,-0.9753361344337463,-0.10712297260761261,-0.9404975771903992,-0.18660955131053925,-0.4986523389816284,-0.27059802412986755,0.1143251359462738,0.03483855724334717,0.07948657870292664,-0.8682131618261337,-0.7538880258798599,0.5258337110280991,0.56
qwen3-4b-cleanv2-s42,<TRAIN_ROOT>/qwen3-4b-cleanv2-s42/checkpoint-417,89c655404b744a2d41782ffe,1035,4,late,33,39,-1.2252380847930908,-1.2720026969909668,-1.0555309057235718,-1.343756914138794,-0.6306814551353455,-1.4158222675323486,0.2414613962173462,0.16970717906951904,0.07175421714782715,0.04676461219787598,0.28822600841522217,0.496914803981781,0.82
qwen3-4b-cleanv2-s42,<TRAIN_ROOT>/qwen3-4b-cleanv2-s42/checkpoint-417,e32c2b80a5c1a8dd2b885a14,1035,8,mid,23,39,-1.6128339767456055,-0.661870002746582,-1.420734167098999,-0.5880649089813232,-0.1260569989681244,-0.598820686340332,0.11829471588134766,0.19209980964660645,-0.07380509376525879,-0.9509639739990234,-0.8326692581176758,1.3054329454898834,0.76
qwen3-4b-cleanv2-s42,<TRAIN_ROOT>/qwen3-4b-cleanv2-s42/checkpoint-417,b9a647b45724491bb65b1d5f,538,1,early,3,39,-1.727527141571045,-0.632628321647644,-1.7548109292984009,-0.7011568546295166,-1.5126618146896362,-0.7356522679328918,0.0412447452545166,-0.027283787727355957,0.06852853298187256,-1.0948988199234009,-1.0536540746688843,0.2766445279121399,0.52
qwen3-4b-cleanv2-s42,<TRAIN_ROOT>/qwen3-4b-cleanv2-s42/checkpoint-417,54272ba22689136f2fc34a4c,538,2,late,28,39,-1.4225081205368042,-1.6218156814575195,-1.279558777809143,-1.7086327075958252,-0.535557210445404,-1.702483892440796,0.2297663688659668,0.14294934272766113,0.08681702613830566,0.19930756092071533,0.42907392978668213,0.7378527522087097,0.78
qwen3-4b-cleanv2-s42,<TRAIN_ROOT>/qwen3-4b-cleanv2-s42/checkpoint-417,e18e4d4b36304b433733f8f1,538,4,mid,21,39,-1.0936721563339233,-0.704109787940979,-0.9253608584403992,-0.560699462890625,-0.513966977596283,-0.476741224527359,0.024900972843170166,0.16831129789352417,-0.143410325050354,-0.38956236839294434,-0.36466139554977417,0.3274356424808502,0.72
qwen3-4b-cleanv2-s42,<TRAIN_ROOT>/qwen3-4b-cleanv2-s42/checkpoint-417,dabbc018876070eafc123db1,538,8,early,9,39,-1.2882932424545288,-1.7397384643554688,-1.2794244289398193,-1.7355709075927734,-1.026163935661316,-1.8416063785552979,0.00470125675201416,0.008868813514709473,-0.0041675567626953125,0.45144522190093994,0.4561464786529541,0.35929596424102783,0.65
qwen3-4b-cleanv2-s42,<TRAIN_ROOT>/qwen3-4b-cleanv2-s42/checkpoint-417,b288ace107a538aed9aaec81,269,1,late,29,38,-1.333928108215332,-1.5563995838165283,-1.0764782428741455,-1.689254879951477,-0.6812870502471924,-1.707610011100769,0.39030516147613525,0.2574498653411865,0.13285529613494873,0.2224714756011963,0.6127766370773315,0.4135463237762451,0.9
qwen3-4b-cleanv2-s42,<TRAIN_ROOT>/qwen3-4b-cleanv2-s42/checkpoint-417,0695e695c6e6d2cb6106f586,269,2,mid,23,38,-0.7869754433631897,-0.3062451183795929,-0.7172437906265259,-0.3045825958251953,-0.42277637124061584,-0.2979344427585602,0.06806913018226624,0.06973165273666382,-0.001662522554397583,-0.4807303249835968,-0.41266119480133057,0.2878192663192749,0.85
qwen3-4b-cleanv2-s42,<TRAIN_ROOT>/qwen3-4b-cleanv2-s42/checkpoint-417,be37203a131f41a434f0e951,269,4,early,8,38,-1.0923048257827759,-0.21378174424171448,-0.9407013654708862,-0.19387376308441162,-0.565520167350769,-0.19576691091060638,0.1316954791545868,0.15160346031188965,-0.019907981157302856,-0.8785230815410614,-0.7468276023864746,0.37707434594631195,0.69
qwen3-4b-cleanv2-s42,<TRAIN_ROOT>/qwen3-4b-cleanv2-s42/checkpoint-417,e6eb622e5c3c17f50e8c536d,269,8,late,31,38,-0.7631738781929016,-1.653655767440796,-0.6418316960334778,-1.8972821235656738,-0.28820332884788513,-1.953397274017334,0.36496853828430176,0.12134218215942383,0.24362635612487793,0.8904818892478943,1.255450427532196,0.4097435176372528,1.0
qwen3-4b-cleanv2-s42,<TRAIN_ROOT>/qwen3-4b-cleanv2-s42/checkpoint-417,a13ef6fed582430292a722b6,197,1,mid,21,38,-0.702117919921875,-0.20889844000339508,-0.5251681804656982,-0.23331889510154724,-0.40474995970726013,-0.22916412353515625,0.20137019455432892,0.17694973945617676,0.02442045509815216,-0.4932194799184799,-0.291849285364151,0.11626344919204712,0.73
qwen3-4b-cleanv2-s42,<TRAIN_ROOT>/qwen3-4b-cleanv2-s42/checkpoint-417,f482fa61f0c6eb9bcebd5cef,197,2,early,10,38,-0.7659974098205566,-0.032561831176280975,-0.6419846415519714,-0.08379045873880386,-0.29436802864074707,-0.15080028772354126,0.1752413958311081,0.1240127682685852,0.05122862756252289,-0.7334355786442757,-0.5581941828131676,0.41462644189596176,0.63
qwen3-4b-cleanv2-s42,<TRAIN_ROOT>/qwen3-4b-cleanv2-s42/checkpoint-417,9eeb26ee90a0196665753da1,197,4,late,35,38,-0.8022739291191101,-1.016548991203308,-0.4970766007900238,-0.9335697293281555,-0.151748389005661,-1.1699899435043335,0.22221806645393372,0.3051973283290863,-0.08297926187515259,0.214275062084198,0.4364931285381317,0.5817484259605408,0.9
qwen3-4b-cleanv2-s42,<TRAIN_ROOT>/qwen3-4b-cleanv2-s42/checkpoint-417,e7993165699a6dbf295bf92d,197,8,mid,22,38,-1.364106297492981,-0.6375373601913452,-0.8929856419563293,-0.5565319061279297,-0.25564682483673096,-0.7422116994857788,0.3901152014732361,0.4711206555366516,-0.08100545406341553,-0.7265689373016357,-0.33645373582839966,0.8230186104774475,0.83
qwen3-4b-cleanv2-s42,<TRAIN_ROOT>/qwen3-4b-cleanv2-s42/checkpoint-417,5032522a33da22e940e9327e,938,1,early,18,81,-0.828099250793457,-0.4529731571674347,-0.873515248298645,-0.5051911473274231,-0.6629242300987244,-0.5043267011642456,0.006801992654800415,-0.04541599750518799,0.0522179901599884,-0.37512609362602234,-0.3683241009712219,0.20972657203674316,0.99
qwen3-4b-cleanv2-s42,<TRAIN_ROOT>/qwen3-4b-cleanv2-s42/checkpoint-417,0507a42ec2fad13aa43c21aa,938,2,late,60,81,-1.4734742641448975,-0.00011444091796875,-1.241620659828186,-0.005446815397590399,-0.653523325920105,-0.02457122877240181,0.23718597879633307,0.23185360431671143,0.005332374479621649,-1.4733598232269287,-1.2361738444305956,0.6072217472828925,1.46
qwen3-4b-cleanv2-s42,<TRAIN_ROOT>/qwen3-4b-cleanv2-s42/checkpoint-417,559d5504b8c535e9e3016e71,938,4,mid,43,81,-1.2628965377807617,-0.6844325065612793,-0.9401693344116211,-0.8255631923675537,-0.2419414520263672,-1.0007476806640625,0.46385788917541504,0.3227272033691406,0.14113068580627441,-0.5784640312194824,-0.11460614204406738,0.8734123706817627,1.3
qwen3-4b-cleanv2-s42,<TRAIN_ROOT>/qwen3-4b-cleanv2-s42/checkpoint-417,1341c38c9e1fb346d6b3c709,938,8,early,21,81,-1.178511619567871,-0.8172900676727295,-0.9387592077255249,-0.717845618724823,-0.5906440019607544,-0.6137083172798157,0.1403079628944397,0.2397524118423462,-0.0994444489479065,-0.3612215518951416,-0.2209135890007019,0.24397790431976318,1.1
qwen3-4b-cleanv2-s42,<TRAIN_ROOT>/qwen3-4b-cleanv2-s42/checkpoint-417,90eb8483f2c1d9040480645e,443,1,late,41,43,-1.7306382656097412,-1.6767600774765015,-0.9883309006690979,-1.6631053686141968,-0.2798173129558563,-1.7283315658569336,0.7286526560783386,0.7423073649406433,-0.013654708862304688,-0.053878188133239746,0.6747744679450989,0.7737397849559784,0.96
qwen3-4b-cleanv2-s42,<TRAIN_ROOT>/qwen3-4b-cleanv2-s42/checkpoint-417,13e7e77ed908998dc4ee57db,443,2,mid,16,43,-1.6459367275238037,-0.23856483399868011,-1.6064631938934326,-0.20909713208675385,-0.772849440574646,-0.22524939477443695,0.010005831718444824,0.039473533630371094,-0.02946770191192627,-1.4073718935251236,-1.3973660618066788,0.8497660160064697,0.73
qwen3-4b-cleanv2-s42,<TRAIN_ROOT>/qwen3-4b-cleanv2-s42/checkpoint-417,428b40c1b153ae9a1d0a2acb,443,4,early,8,43,-1.339798092842102,-0.9980405569076538,-1.148864507675171,-0.9432851672172546,-0.48825374245643616,-0.9574050903320312,0.13617819547653198,0.19093358516693115,-0.05475538969039917,-0.34175753593444824,-0.20557934045791626,0.6747306883335114,0.66
qwen3-4b-cleanv2-s42,<TRAIN_ROOT>/qwen3-4b-cleanv2-s42/checkpoint-417,18114735260c9cdcf0e3b033,443,8,late,29,43,-0.9447276592254639,-0.6588884592056274,-0.8657103776931763,-0.6894365549087524,-0.027915434911847115,-1.0389759540557861,0.1095653772354126,0.0790172815322876,0.030548095703125,-0.2858392000198364,-0.17627382278442383,1.1873343419283628,0.93
qwen3-4b-cleanv2-s42,<TRAIN_ROOT>/qwen3-4b-cleanv2-s42/checkpoint-417,99292c06216799ff239495c2,495,1,mid,15,24,-0.8537656664848328,-0.44442272186279297,-0.6126222610473633,-0.3090047836303711,-0.2824417054653168,-0.2585608959197998,0.10572546720504761,0.24114340543746948,-0.13541793823242188,-0.4093429446220398,-0.3036174774169922,0.2797366678714752,0.61
qwen3-4b-cleanv2-s42,<TRAIN_ROOT>/qwen3-4b-cleanv2-s42/checkpoint-417,5e4c03f7c2a2b7b84762e94c,495,2,early,5,24,-1.5167969465255737,-0.3499772250652313,-1.498273491859436,-0.3198328912258148,-1.3330442905426025,-0.3159235417842865,-0.011620879173278809,0.018523454666137695,-0.030144333839416504,-1.1668197214603424,-1.1784406006336212,0.16131985187530518,0.52
qwen3-4b-cleanv2-s42,<TRAIN_ROOT>/qwen3-4b-cleanv2-s42/checkpoint-417,b81826373e52bfcfe7e556f6,495,4,late,19,24,-0.5084980726242065,-0.34962695837020874,-0.4864811897277832,-0.2933709919452667,-0.2283313274383545,-0.3108128607273102,-0.03423908352851868,0.02201688289642334,-0.05625596642494202,-0.1588711142539978,-0.19311019778251648,0.27559173107147217,0.68
qwen3-4b-cleanv2-s42,<TRAIN_ROOT>/qwen3-4b-cleanv2-s42/checkpoint-417,6893b595f38061582377ea85,495,8,mid,13,24,-0.6417842507362366,-0.7210693955421448,-0.6302497982978821,-0.6898433566093445,-0.2675938308238983,-0.6305310726165771,-0.0196915864944458,0.011534452438354492,-0.031226038932800293,0.0792851448059082,0.0595935583114624,0.30334368348121643,0.67
qwen3-4b-cleanv2-s42,<TRAIN_ROOT>/qwen3-4b-cleanv2-s42/checkpoint-417,f06c39ebf409e591d47421a5,92,1,early,13,41,-0.8660500645637512,-1.0370047092437744,-0.7468959093093872,-1.019127607345581,-0.4463210701942444,-1.0246121883392334,0.10127705335617065,0.11915415525436401,-0.01787710189819336,0.1709546446800232,0.27223169803619385,0.30605942010879517,0.62
qwen3-4b-cleanv2-s42,<TRAIN_ROOT>/qwen3-4b-cleanv2-s42/checkpoint-417,0c0deb3e12af7e9e0ffc67a2,92,2,late,39,41,-1.42728590965271,-0.010836821980774403,-1.0505125522613525,-0.04373081028461456,-0.3361325263977051,-0.10567944496870041,0.4096673456951976,0.3767733573913574,0.03289398830384016,-1.4164490876719356,-1.006781741976738,0.7763286605477333,0.86
qwen3-4b-cleanv2-s42,<TRAIN_ROOT>/qwen3-4b-cleanv2-s42/checkpoint-417,64f40a818308366302ef0b2e,92,4,mid,17,41,-1.6733386516571045,-0.006706783082336187,-1.1266324520111084,-0.1094382181763649,-0.2805454730987549,-0.3767978250980377,0.6494376347400248,0.5467061996459961,0.10273143509402871,-1.6666318685747683,-1.0171942338347435,1.1134465858340263,0.68
qwen3-4b-cleanv2-s42,<TRAIN_ROOT>/qwen3-4b-cleanv2-s42/checkpoint-417,7100994a39d0377b87516301,92,8,early,12,41,-1.0543220043182373,-1.125380039215088,-1.0583715438842773,-1.1443238258361816,-0.7936687469482422,-1.2408185005187988,0.014894247055053711,-0.004049539566040039,0.01894378662109375,0.07105803489685059,0.0859522819519043,0.36119747161865234,0.68
qwen3-4b-cleanv2-s42,<TRAIN_ROOT>/qwen3-4b-cleanv2-s42/checkpoint-417,a0fad726a72999bab72dd86d,757,1,late,64,66,-1.1173393726348877,-0.0040336959064006805,-0.7276018261909485,-0.011474436149001122,-0.48955971002578735,-0.035332247614860535,0.39717828668653965,0.3897375464439392,0.007440740242600441,-1.113305676728487,-0.7161273900419474,0.26189992763102055,1.38
qwen3-4b-cleanv2-s42,<TRAIN_ROOT>/qwen3-4b-cleanv2-s42/checkpoint-417,bfe8092e92f5894bb4438332,757,2,mid,31,66,-1.7054572105407715,-1.2152516841888428,-1.5057826042175293,-1.2858994007110596,-0.633858859539032,-1.4407174587249756,0.270322322845459,0.1996746063232422,0.0706477165222168,-0.4902055263519287,-0.21988320350646973,1.0267418026924133,1.06
qwen3-4b-cleanv2-s42,<TRAIN_ROOT>/qwen3-4b-cleanv2-s42/checkpoint-417,34d116df29cc40faf190952d,757,4,early,13,66,-1.3027420043945312,-0.7425867915153503,-0.9080091118812561,-1.0270274877548218,-0.06375538557767868,-1.0737518072128296,0.6791735887527466,0.39473289251327515,0.28444069623947144,-0.5601552128791809,0.11901837587356567,0.8909780457615852,0.9
qwen3-4b-cleanv2-s42,<TRAIN_ROOT>/qwen3-4b-cleanv2-s42/checkpoint-417,610b6e5e9040bdb9207cfc29,757,8,late,52,66,-1.607546329498291,-2.1403074264526367,-1.665644884109497,-2.2957141399383545,-0.9680142402648926,-2.3388383388519287,0.09730815887451172,-0.058098554611206055,0.15540671348571777,0.5327610969543457,0.6300692558288574,0.7407548427581787,1.34
qwen3-4b-cleanv2-s42,<TRAIN_ROOT>/qwen3-4b-cleanv2-s42/checkpoint-417,8811204db0285e8f273eda6e,106,1,mid,16,31,-0.9786391258239746,-2.4626173973083496,-0.7205204963684082,-2.281726360321045,-0.44144725799560547,-2.2152106761932373,0.07722759246826172,0.2581186294555664,-0.1808910369873047,1.483978271484375,1.5612058639526367,0.21255755424499512,0.76
qwen3-4b-cleanv2-s42,<TRAIN_ROOT>/qwen3-4b-cleanv2-s42/checkpoint-417,b7930f3a13ddab35ec068a51,106,2,early,4,31,-2.0804684162139893,-0.01839415356516838,-1.966162085533142,-0.09404055774211884,-1.5924640893936157,-0.14751720428466797,0.18995273485779762,0.11430633068084717,0.07564640417695045,-2.062074262648821,-1.8721215277910233,0.4271746426820755,0.66
qwen3-4b-cleanv2-s42,<TRAIN_ROOT>/qwen3-4b-cleanv2-s42/checkpoint-417,3519339e591089d0ca4b9587,106,4,late,27,31,-1.050275206565857,-1.5703102350234985,-0.4479624330997467,-1.5769195556640625,-0.053224775940179825,-1.7136753797531128,0.6089220941066742,0.6023127734661102,0.006609320640563965,0.5200350284576416,1.1289571225643158,0.5314934812486172,0.88
qwen3-4b-cleanv2-s42,<TRAIN_ROOT>/qwen3-4b-cleanv2-s42/checkpoint-417,4c25367eab99d22898c72e59,106,8,mid,12,31,-2.106306791305542,-0.5483273267745972,-1.742521047592163,-0.5991935729980469,-0.9359070658683777,-0.5516550540924072,0.4146519899368286,0.3637857437133789,0.05086624622344971,-1.5579794645309448,-1.1433274745941162,0.7590754628181458,0.79
qwen3-4b-cleanv2-s42,<TRAIN_ROOT>/qwen3-4b-cleanv2-s42/checkpoint-417,f5def70dc89928964c2edbb7,156,1,early,16,50,-1.6314853429794312,-1.066267490386963,-1.3146578073501587,-1.1482675075531006,-0.7279396653175354,-1.1540483236312866,0.39882755279541016,0.31682753562927246,0.0820000171661377,-0.5652178525924683,-0.1663902997970581,0.5924989581108093,0.68
qwen3-4b-cleanv2-s42,<TRAIN_ROOT>/qwen3-4b-cleanv2-s42/checkpoint-417,83b596ab67e4a22941614acb,156,2,late,49,50,-0.9079402685165405,-0.6985105276107788,-0.8450924754142761,-0.7771072387695312,-0.3104279935359955,-0.6960665583610535,0.14144450426101685,0.0628477931022644,0.07859671115875244,-0.20942974090576172,-0.06798523664474487,0.45362380146980286,1.0
qwen3-4b-cleanv2-s42,<TRAIN_ROOT>/qwen3-4b-cleanv2-s42/checkpoint-417,d8eff49b8b6cc3d22f926dc1,156,4,mid,22,50,-1.3309745788574219,-0.4075285792350769,-1.032806158065796,-0.4538784325122833,-0.3585035502910614,-0.5130878686904907,0.3445182740688324,0.298168420791626,0.04634985327720642,-0.923445999622345,-0.5789277255535126,0.7335120439529419,0.77
qwen3-4b-cleanv2-s42,<TRAIN_ROOT>/qwen3-4b-cleanv2-s42/checkpoint-417,7eb7d141bdf3ddb9c8517039,156,8,early,15,50,-1.7738842964172363,-0.6033557057380676,-1.5052216053009033,-0.7565419673919678,-0.4196128845214844,-0.8175405859947205,0.42184895277023315,0.268662691116333,0.15318626165390015,-1.1705285906791687,-0.7486796379089355,1.1466073393821716,0.74
qwen3-4b-cleanv2-s42,<TRAIN_ROOT>/qwen3-4b-cleanv2-s42/checkpoint-417,578f691fd445ffa59acd08b1,235,1,late,25,29,-1.1024340391159058,-1.254779577255249,-0.9818300604820251,-1.348398208618164,-0.5607194900512695,-1.3327213525772095,0.21422260999679565,0.12060397863388062,0.09361863136291504,0.15234553813934326,0.3665681481361389,0.405433714389801,0.9
qwen3-4b-cleanv2-s42,<TRAIN_ROOT>/qwen3-4b-cleanv2-s42/checkpoint-417,62fc58d18e67d5acfb23f669,235,2,mid,18,29,-1.4475502967834473,-0.0036935806274414062,-0.8576101064682007,-0.028574561700224876,-0.3872504234313965,-0.07964706420898438,0.61482117138803,0.5899401903152466,0.02488098107278347,-1.4438567161560059,-0.8290355447679758,0.5214321855455637,0.84
qwen3-4b-cleanv2-s42,<TRAIN_ROOT>/qwen3-4b-cleanv2-s42/checkpoint-417,87ed75d027dea39469d63982,235,4,early,8,29,-0.9478636384010315,-0.4219629764556885,-0.46514976024627686,-0.7550168037414551,-0.08941950649023056,-0.7837691307067871,0.8157677054405212,0.48271387815475464,0.3330538272857666,-0.525900661945343,0.2898670434951782,0.4044825807213783,0.77
qwen3-4b-cleanv2-s42,<TRAIN_ROOT>/qwen3-4b-cleanv2-s42/checkpoint-417,067d9e1a4ca09e8f2c27a63e,235,8,late,26,29,-1.408948540687561,-0.5005155801773071,-0.939793586730957,-0.4197394549846649,-0.3530801832675934,-0.41962721943855286,0.3883788287639618,0.469154953956604,-0.08077612519264221,-0.9084329605102539,-0.5200541317462921,0.5866011679172516,0.98
qwen3-4b-cleanv2-s42,<TRAIN_ROOT>/qwen3-4b-cleanv2-s42/checkpoint-417,13f10be9f615b8d347f3d4cd,966,1,mid,9,15,-1.7936933040618896,-1.0479987859725952,-1.1861770153045654,-1.0966628789901733,-0.6244513988494873,-1.0154964923858643,0.6561803817749023,0.6075162887573242,0.048664093017578125,-0.7456945180892944,-0.08951413631439209,0.48055922985076904,0.86
qwen3-4b-cleanv2-s42,<TRAIN_ROOT>/qwen3-4b-cleanv2-s42/checkpoint-417,91b1f9173e0c3d288aa62575,966,2,early,2,15,-1.117133378982544,-1.558241605758667,-1.0272483825683594,-1.5136772394180298,-0.6066941618919373,-1.4646872282028198,0.04532063007354736,0.08988499641418457,-0.04456436634063721,0.44110822677612305,0.4864288568496704,0.37156420946121216,0.81
qwen3-4b-cleanv2-s42,<TRAIN_ROOT>/qwen3-4b-cleanv2-s42/checkpoint-417,266d154ef76828c48ada9deb,966,4,late,11,15,-0.6201333999633789,-1.9418339729309082,-0.6032193303108215,-2.00250244140625,-0.39975711703300476,-2.1430201530456543,0.07758253812789917,0.016914069652557373,0.0606684684753418,1.3217005729675293,1.3992831110954285,0.34397992491722107,0.91
qwen3-4b-cleanv2-s42,<TRAIN_ROOT>/qwen3-4b-cleanv2-s42/checkpoint-417,a37781102679ad5828f97682,966,8,mid,10,15,-1.0095993280410767,-2.0814571380615234,-0.4173778295516968,-2.7770323753356934,-0.12937772274017334,-3.0714879035949707,1.2877967357635498,0.5922214984893799,0.6955752372741699,1.0718578100204468,2.3596545457839966,0.5824556350708008,0.94
qwen3-4b-cleanv2-s42,<TRAIN_ROOT>/qwen3-4b-cleanv2-s42/checkpoint-417,f2872db13d4eb76e8e402b5c,501,1,early,12,63,-1.5423102378845215,-0.6670297980308533,-1.0254778861999512,-0.5964887142181396,-0.6868772506713867,-0.5945236086845398,0.4462912678718567,0.5168323516845703,-0.07054108381271362,-0.8752804398536682,-0.4289891719818115,0.3366355299949646,0.76
qwen3-4b-cleanv2-s42,<TRAIN_ROOT>/qwen3-4b-cleanv2-s42/checkpoint-417,0f6f04efb2d1593d42ed5d64,501,2,late,54,63,-1.0924276113510132,-0.0010101001244038343,-0.7931717038154602,-0.015787601470947266,-0.5718515515327454,-0.037798088043928146,0.3140334088820964,0.299255907535553,0.014777501346543431,-1.0914175112266093,-0.7773841023445129,0.24333063885569572,1.23
qwen3-4b-cleanv2-s42,<TRAIN_ROOT>/qwen3-4b-cleanv2-s42/checkpoint-417,1541c8e9db1184bfe7b5519b,501,4,mid,38,63,-1.1704930067062378,-0.0023271243553608656,-0.7372570633888245,-0.038475196808576584,-0.17834918200969696,-0.13747406005859375,0.46938401577062905,0.43323594331741333,0.03614807245321572,-1.168165882350877,-0.6987818665802479,0.6579067446291447,1.06
qwen3-4b-cleanv2-s42,<TRAIN_ROOT>/qwen3-4b-cleanv2-s42/checkpoint-417,daa5895e673acb0dbeb50546,501,8,early,8,63,-0.5898085832595825,-0.6564565300941467,-0.6976869702339172,-0.6045922636985779,-0.5970321297645569,-0.5982517004013062,-0.15974265336990356,-0.10787838697433472,-0.05186426639556885,0.06664794683456421,-0.09309470653533936,0.09431427717208862,0.81
qwen3-4b-cleanv2-s42,<TRAIN_ROOT>/qwen3-4b-cleanv2-s42/checkpoint-417,57e0be0276f3f27fd9a8113a,300,1,late,44,46,-1.1014790534973145,-0.01422712579369545,-1.0713200569152832,-0.022858725860714912,-0.6566073894500732,-0.04777336120605469,0.03879059664905071,0.03015899658203125,0.008631600067019463,-1.087251927703619,-1.0484613310545683,0.43962730281054974,1.04
qwen3-4b-cleanv2-s42,<TRAIN_ROOT>/qwen3-4b-cleanv2-s42/checkpoint-417,ddb26356cbf304cdaa87af1d,300,2,mid,16,46,-1.005348801612854,-1.925995945930481,-0.9832744598388672,-2.0908284187316895,-0.31356102228164673,-2.1502797603607178,0.1869068145751953,0.022074341773986816,0.1648324728012085,0.920647144317627,1.1075539588928223,0.7291647791862488,0.79
qwen3-4b-cleanv2-s42,<TRAIN_ROOT>/qwen3-4b-cleanv2-s42/checkpoint-417,7df683634173f64214511ae2,300,4,early,10,46,-0.9697468876838684,-0.9912582635879517,-0.7928969264030457,-0.7724416851997375,-0.43426090478897095,-0.7787599563598633,-0.04196661710739136,0.17684996128082275,-0.2188165783882141,0.021511375904083252,-0.020455241203308105,0.36495429277420044,0.75
qwen3-4b-cleanv2-s42,<TRAIN_ROOT>/qwen3-4b-cleanv2-s42/checkpoint-417,01a6bf182b0a2e956aa5c1be,300,8,late,41,46,-0.9295799136161804,-0.4794348180294037,-0.6137178540229797,-0.5075451135635376,-0.13976211845874786,-0.647369921207428,0.3439723551273346,0.3158620595932007,0.02811029553413391,-0.45014509558677673,-0.10617274045944214,0.6137805432081223,1.08
qwen3-4b-cleanv2-s42,<TRAIN_ROOT>/qwen3-4b-cleanv2-s42/checkpoint-417,ffb01c14fb5c0ed9a98623e8,194,1,mid,13,28,-1.6266260147094727,-1.0560623407363892,-1.6198707818984985,-0.8564546704292297,-1.0260032415390015,-0.8241661787033081,-0.1928524374961853,0.006755232810974121,-0.19960767030715942,-0.5705636739730835,-0.7634161114692688,0.5615790486335754,0.56
qwen3-4b-cleanv2-s42,<TRAIN_ROOT>/qwen3-4b-cleanv2-s42/checkpoint-417,78ca3fc9be604333b4bf19fc,194,2,early,9,28,-1.2885427474975586,-0.4711572825908661,-1.198246955871582,-0.6387560367584229,-0.8258633613586426,-0.6965628862380981,0.2578945457935333,0.09029579162597656,0.16759875416755676,-0.8173854649066925,-0.5594909191131592,0.43019044399261475,0.54
qwen3-4b-cleanv2-s42,<TRAIN_ROOT>/qwen3-4b-cleanv2-s42/checkpoint-417,90f2a68cd272d84552ce7561,194,4,late,19,28,-0.9598802328109741,-0.10903909802436829,-0.7837104797363281,-0.21736399829387665,-0.08680534362792969,-0.3825122117996216,0.28449465334415436,0.176169753074646,0.10832490026950836,-0.8508411347866058,-0.5663464814424515,0.8620533496141434,0.65
qwen3-4b-cleanv2-s42,<TRAIN_ROOT>/qwen3-4b-cleanv2-s42/checkpoint-417,d7b2118fbd515798bc622087,194,8,mid,10,28,-0.8486051559448242,-0.8391024470329285,-0.9139629602432251,-0.8460475206375122,-0.6207063794136047,-0.8682125806808472,-0.05841273069381714,-0.06535780429840088,0.00694507360458374,-0.009502708911895752,-0.06791543960571289,0.3154216408729553,0.62
qwen3-4b-cleanv2-s42,<TRAIN_ROOT>/qwen3-4b-cleanv2-s42/checkpoint-417,a9e88df70cb072dd8a498ca5,802,1,early,6,17,-0.7315189242362976,-1.0870535373687744,-0.5978813171386719,-1.09994637966156,-0.31176018714904785,-1.1534271240234375,0.14653044939041138,0.13363760709762573,0.012892842292785645,0.3555346131324768,0.5020650625228882,0.33960187435150146,0.65
qwen3-4b-cleanv2-s42,<TRAIN_ROOT>/qwen3-4b-cleanv2-s42/checkpoint-417,6e39bed745fee09a548648fb,802,2,late,12,17,-0.6279778480529785,-0.5977725982666016,-0.3320258855819702,-0.6252201795578003,-0.20132899284362793,-0.6021396517753601,0.32339954376220703,0.2959519624710083,0.02744758129119873,-0.030205249786376953,0.2931942939758301,0.1076163649559021,0.72
qwen3-4b-cleanv2-s42,<TRAIN_ROOT>/qwen3-4b-cleanv2-s42/checkpoint-417,8fab71e2eb7d8c63432c992c,802,4,mid,10,17,-0.9761892557144165,-0.4143892526626587,-0.9419800043106079,-0.4722609519958496,-0.15246745944023132,-0.41811859607696533,0.09208095073699951,0.034209251403808594,0.05787169933319092,-0.5618000030517578,-0.4697190523147583,0.7353701889514923,0.72
qwen3-4b-cleanv2-s42,<TRAIN_ROOT>/qwen3-4b-cleanv2-s42/checkpoint-417,b1bcff7aadf146df5e42f7b4,802,8,late,12,17,-1.7996188402175903,-0.5977725982666016,-0.6614928841590881,-0.541247546672821,-0.24125057458877563,-0.7001866102218628,1.0816009044647217,1.1381259560585022,-0.05652505159378052,-1.2018462419509888,-0.12024533748626709,0.5791813731193542,0.79
qwen3-4b-cleanv2-s42,<TRAIN_ROOT>/qwen3-4b-cleanv2-s42/checkpoint-417,afdf74dd91bc36e8fd7adf90,180,1,early,5,50,-1.043091058731079,-0.3798808157444,-0.9212653636932373,-0.39036670327186584,-0.6073639988899231,-0.38968759775161743,0.13231158256530762,0.1218256950378418,0.01048588752746582,-0.6632102429866791,-0.5308986604213715,0.3132222592830658,0.54
qwen3-4b-cleanv2-s42,<TRAIN_ROOT>/qwen3-4b-cleanv2-s42/checkpoint-417,a9dd0400ff1cba4ece7daad1,180,2,mid,32,50,-0.3128735423088074,-1.2753098011016846,-0.30335837602615356,-1.4275026321411133,-0.19789986312389374,-1.477981448173523,0.16170799732208252,0.009515166282653809,0.1521928310394287,0.9624362587928772,1.1241442561149597,0.1559373289346695,0.83
qwen3-4b-cleanv2-s42,<TRAIN_ROOT>/qwen3-4b-cleanv2-s42/checkpoint-417,4c5278909f3cfdddbcfe054c,180,4,early,7,50,-0.6399985551834106,-0.967254638671875,-0.7864087224006653,-0.9466843605041504,-0.7505342364311218,-0.9673552513122559,-0.16698044538497925,-0.14641016721725464,-0.02057027816772461,0.32725608348846436,0.1602756381034851,0.056545376777648926,0.59
qwen3-4b-cleanv2-s42,<TRAIN_ROOT>/qwen3-4b-cleanv2-s42/checkpoint-417,e145eaa69862f21a8324b8a7,180,8,late,37,50,-0.7486410140991211,-0.2651516795158386,-0.5383903384208679,-0.24980323016643524,-0.16140493750572205,-0.35296615958213806,0.1949022263288498,0.21025067567825317,-0.015348449349403381,-0.48348933458328247,-0.2885871082544327,0.4801483303308487,0.94
qwen3-4b-cleanv2-s42,<TRAIN_ROOT>/qwen3-4b-cleanv2-s42/checkpoint-417,2af6c3ed7e31e7497fffb5e6,946,1,mid,17,47,-0.899817705154419,-1.0053366422653198,-0.8358781337738037,-0.9494537711143494,-0.32015419006347656,-0.987630307674408,0.008056700229644775,0.06393957138061523,-0.05588287115097046,0.10551893711090088,0.11357563734054565,0.5539004802703857,0.67
qwen3-4b-cleanv2-s42,<TRAIN_ROOT>/qwen3-4b-cleanv2-s42/checkpoint-417,06750e58f2ac750ac2c364d6,946,2,early,7,47,-0.9078490734100342,-1.3674272298812866,-1.0362693071365356,-1.3032249212265015,-0.4542890191078186,-1.2626384496688843,-0.19262254238128662,-0.12842023372650146,-0.06420230865478516,0.45957815647125244,0.2669556140899658,0.5413938164710999,0.59
qwen3-4b-cleanv2-s42,<TRAIN_ROOT>/qwen3-4b-cleanv2-s42/checkpoint-417,202be5b01f0a5ca176537f98,946,4,late,32,47,-1.2240047454833984,-1.8938665390014648,-0.5306568145751953,-1.7721168994903564,-0.09305530041456223,-2.0529186725616455,0.5715982913970947,0.6933479309082031,-0.1217496395111084,0.6698617935180664,1.2414600849151611,0.7184032872319221,0.85
qwen3-4b-cleanv2-s42,<TRAIN_ROOT>/qwen3-4b-cleanv2-s42/checkpoint-417,17972ce916f6dbfa39c5d97d,946,8,mid,30,47,-1.0451961755752563,-1.072104573249817,-0.6819204688072205,-1.2445825338363647,-0.2814880311489105,-1.5118626356124878,0.5357536673545837,0.3632757067680359,0.17247796058654785,0.026908397674560547,0.5626620650291443,0.667712539434433,0.86
qwen3-4b-cleanv2-s42,<TRAIN_ROOT>/qwen3-4b-cleanv2-s42/checkpoint-417,e94272e4403e13f8ac2a3f8a,486,1,early,18,78,-2.5258114337921143,-0.0008130073547363281,-1.6430282592773438,-0.013646602630615234,-0.9199352264404297,-0.054601192474365234,0.8956167697906494,0.8827831745147705,0.012833595275878906,-2.524998426437378,-1.6293816566467285,0.7640476226806641,1.02
qwen3-4b-cleanv2-s42,<TRAIN_ROOT>/qwen3-4b-cleanv2-s42/checkpoint-417,39d676cfc97004052c2d3241,486,2,late,63,78,-1.1676883697509766,-0.020343780517578125,-0.8645777106285095,-0.06657753139734268,-0.5106092691421509,-0.11970100551843643,0.3493444100022316,0.30311065912246704,0.04623375087976456,-1.1473445892333984,-0.7980001792311668,0.4070919156074524,1.5
qwen3-4b-cleanv2-s42,<TRAIN_ROOT>/qwen3-4b-cleanv2-s42/checkpoint-417,a33658a1d23bdea24fa8fec8,486,4,mid,50,78,-2.7000317573547363,-0.6055285334587097,-1.4944171905517578,-0.6595092415809631,-0.5372874140739441,-0.7547740936279297,1.259595274925232,1.2056145668029785,0.05398070812225342,-2.0945032238960266,-0.8349079489707947,1.0523946285247803,1.37
qwen3-4b-cleanv2-s42,<TRAIN_ROOT>/qwen3-4b-cleanv2-s42/checkpoint-417,7cc358348ddf394d323d54fa,486,8,early,26,78,-4.595751762390137,-0.0010334651451557875,-1.8671813011169434,-0.020799636840820312,-0.5347518920898438,-0.059291839599609375,2.748336632968858,2.7285704612731934,0.019766171695664525,-4.594718297244981,-1.846381664276123,1.3709216117858887,1.14
qwen3-4b-cleanv2-s42,<TRAIN_ROOT>/qwen3-4b-cleanv2-s42/checkpoint-417,48130e24fa784953221be0bb,818,1,late,57,67,-2.9634079933166504,-1.58087158203125,-1.8656814098358154,-1.6023471355438232,-0.7539116740226746,-1.7748138904571533,1.1192021369934082,1.097726583480835,0.021475553512573242,-1.3825364112854004,-0.2633342742919922,1.284236490726471,1.1
qwen3-4b-cleanv2-s42,<TRAIN_ROOT>/qwen3-4b-cleanv2-s42/checkpoint-417,3216248b1968553ebb30ec9f,818,2,mid,24,67,-0.8422864675521851,-0.0008293152204714715,-0.8504714369773865,-0.012844721786677837,-0.696513295173645,-0.02580363117158413,0.00383043714100495,-0.008184969425201416,0.012015406566206366,-0.8414571523317136,-0.8376267151907086,0.16691705118864775,0.77
qwen3-4b-cleanv2-s42,<TRAIN_ROOT>/qwen3-4b-cleanv2-s42/checkpoint-417,36649eed8f05a9b78cc1875d,818,4,early,22,67,-0.8970873951911926,-0.0007752736564725637,-0.7399451732635498,-0.015168762765824795,-0.35229602456092834,-0.04544169455766678,0.17153571103699505,0.15714222192764282,0.014393489109352231,-0.8963121215347201,-0.724776410497725,0.41792208049446344,0.77
qwen3-4b-cleanv2-s42,<TRAIN_ROOT>/qwen3-4b-cleanv2-s42/checkpoint-417,6a82449c7761420da3e6af42,818,8,late,52,67,-0.9172200560569763,-0.0015316009521484375,-0.7632172107696533,-0.008526409044861794,-0.11741536110639572,-0.10461897403001785,0.16099765338003635,0.154002845287323,0.006994808092713356,-0.9156884551048279,-0.7546908017247915,0.7418944146484137,1.14
qwen3-4b-cleanv2-s42,<TRAIN_ROOT>/qwen3-4b-cleanv2-s42/checkpoint-417,e2f0402e72c1eea5bf7cb394,173,1,mid,22,46,-1.9175388813018799,-0.15312224626541138,-1.878265142440796,-0.14930813014507294,-1.2005621194839478,-0.1466197967529297,0.035459622740745544,0.039273738861083984,-0.00381411612033844,-1.7644166350364685,-1.728957012295723,0.6750146895647049,0.81
qwen3-4b-cleanv2-s42,<TRAIN_ROOT>/qwen3-4b-cleanv2-s42/checkpoint-417,22685a36833c8afad29b8930,173,2,early,2,46,-1.3015966415405273,-0.3579598665237427,-1.4366830587387085,-0.368444561958313,-1.2979339361190796,-0.405661404132843,-0.12460172176361084,-0.13508641719818115,0.010484695434570312,-0.9436367750167847,-1.0682384967803955,0.17596596479415894,0.6
qwen3-4b-cleanv2-s42,<TRAIN_ROOT>/qwen3-4b-cleanv2-s42/checkpoint-417,e377f463eb8164fa1657be49,173,4,late,38,46,-0.9875401854515076,-1.1847608089447021,-0.888942301273346,-1.240018606185913,-0.5344847440719604,-1.17424738407135,0.15385568141937256,0.09859788417816162,0.05525779724121094,0.19722062349319458,0.35107630491256714,0.2886863350868225,1.05
qwen3-4b-cleanv2-s42,<TRAIN_ROOT>/qwen3-4b-cleanv2-s42/checkpoint-417,f0b32eb9c99f732215dc31ed,173,8,mid,19,46,-0.6210074424743652,-0.07684898376464844,-0.5109632015228271,-0.3142377734184265,-0.033178459852933884,-0.549574077129364,0.34743303060531616,0.11004424095153809,0.23738878965377808,-0.5441584587097168,-0.19672542810440063,0.7131210453808308,0.88
qwen3-4b-cleanv2-s42,<TRAIN_ROOT>/qwen3-4b-cleanv2-s42/checkpoint-417,93d27ad4060eeccaaa5dece9,884,1,early,2,70,-1.0422894954681396,-1.2628366947174072,-0.9106776714324951,-1.2295526266098022,-0.528437614440918,-1.2874515056610107,0.09832775592803955,0.13161182403564453,-0.03328406810760498,0.22054719924926758,0.31887495517730713,0.44013893604278564,0.57
qwen3-4b-cleanv2-s42,<TRAIN_ROOT>/qwen3-4b-cleanv2-s42/checkpoint-417,dbfb8860e9a82f3be2f32882,884,2,late,67,70,-1.0501431226730347,-0.9555943608283997,-0.7001414895057678,-0.7459314465522766,-0.09794150292873383,-0.7328929901123047,0.1403387188911438,0.35000163316726685,-0.20966291427612305,-0.09454876184463501,0.04578995704650879,0.5891615301370621,1.25
qwen3-4b-cleanv2-s42,<TRAIN_ROOT>/qwen3-4b-cleanv2-s42/checkpoint-417,07a542ac28251f02cd239792,884,4,mid,25,70,-1.0675361156463623,-0.12466979026794434,-0.4870966672897339,-0.26431965827941895,-0.030047930777072906,-0.5613276958465576,0.720089316368103,0.5804394483566284,0.1396498680114746,-0.942866325378418,-0.22277700901031494,0.7540567740797997,0.83
qwen3-4b-cleanv2-s42,<TRAIN_ROOT>/qwen3-4b-cleanv2-s42/checkpoint-417,871c09c2801b764bd57b94ac,884,8,early,15,70,-1.009944200515747,-0.7346528172492981,-1.1082701683044434,-0.7380566000938416,-0.6723098754882812,-0.7320522665977478,-0.09492218494415283,-0.09832596778869629,0.003403782844543457,-0.275291383266449,-0.3702135682106018,0.42995595932006836,0.78
qwen3-4b-cleanv2-s42,<TRAIN_ROOT>/qwen3-4b-cleanv2-s42/checkpoint-417,b8722afac2d3edae146a405c,674,1,late,39,44,-1.6685951948165894,-0.9635151624679565,-1.2028164863586426,-0.9334412217140198,-0.6062950491905212,-0.8973214626312256,0.43570476770401,0.4657787084579468,-0.030073940753936768,-0.7050800323486328,-0.2693752646446228,0.5604016780853271,0.91
qwen3-4b-cleanv2-s42,<TRAIN_ROOT>/qwen3-4b-cleanv2-s42/checkpoint-417,935f16b232831be318dbd400,674,2,mid,21,44,-1.1454474925994873,-1.2982467412948608,-0.7481940984725952,-1.2264388799667358,-0.5865297317504883,-1.1723556518554688,0.3254455327987671,0.3972533941268921,-0.071807861328125,0.15279924869537354,0.4782447814941406,0.10758113861083984,0.76
qwen3-4b-cleanv2-s42,<TRAIN_ROOT>/qwen3-4b-cleanv2-s42/checkpoint-417,112c4b896dbfe413e4669ae4,674,4,early,12,44,-1.3753018379211426,-0.0499507375061512,-1.2625824213027954,-0.08988054096698761,-0.7229154706001282,-0.24777713418006897,0.15264922007918358,0.11271941661834717,0.03992980346083641,-1.3253511004149914,-1.1727018803358078,0.6975635439157486,0.71
qwen3-4b-cleanv2-s42,<TRAIN_ROOT>/qwen3-4b-cleanv2-s42/checkpoint-417,d35e2109a55bfc644f33bc71,674,8,late,40,44,-1.647421956062317,-0.6751965284347534,-0.49491479992866516,-0.7730533480644226,-0.03780131787061691,-1.1568001508712769,1.250363975763321,1.1525071561336517,0.09785681962966919,-0.9722254276275635,0.27813854813575745,0.8408602848649025,0.98
qwen3-4b-cleanv2-s42,<TRAIN_ROOT>/qwen3-4b-cleanv2-s42/checkpoint-417,b772969717e506ec9c1486cc,819,1,mid,20,53,-1.1934401988983154,-1.3514580726623535,-1.046727180480957,-1.3521292209625244,-0.5500016212463379,-1.3375513553619385,0.1473841667175293,0.1467130184173584,0.0006711483001708984,0.15801787376403809,0.3054020404815674,0.4821476936340332,0.77
qwen3-4b-cleanv2-s42,<TRAIN_ROOT>/qwen3-4b-cleanv2-s42/checkpoint-417,02f23d7365dfb434c52f6dcd,819,2,early,14,53,-1.2375578880310059,-0.5995996594429016,-1.0366443395614624,-0.6450368762016296,-0.5407869219779968,-0.7271257042884827,0.24635076522827148,0.20091354846954346,0.04543721675872803,-0.6379582285881042,-0.39160746335983276,0.5779462456703186,0.73
qwen3-4b-cleanv2-s42,<TRAIN_ROOT>/qwen3-4b-cleanv2-s42/checkpoint-417,93e37242dc34f5dfc52170c9,819,4,late,36,53,-1.025652289390564,-0.20501911640167236,-0.8338138461112976,-0.24761104583740234,-0.11905918270349503,-0.28153467178344727,0.23443037271499634,0.19183844327926636,0.04259192943572998,-0.8206331729888916,-0.5862028002738953,0.7486782893538475,0.99
qwen3-4b-cleanv2-s42,<TRAIN_ROOT>/qwen3-4b-cleanv2-s42/checkpoint-417,ae82390c38132126a91b101a,819,8,mid,34,53,-1.2951325178146362,-1.1768243312835693,-0.9659566879272461,-1.4080183506011963,-0.13604526221752167,-1.763336420059204,0.5603698492050171,0.32917582988739014,0.23119401931762695,-0.1183081865310669,0.4420616626739502,1.1852294951677322,0.99
qwen3-4b-cleanv2-s42,<TRAIN_ROOT>/qwen3-4b-cleanv2-s42/checkpoint-417,a1f571360ea4843402220418,950,1,early,34,105,-0.693692147731781,-0.041200004518032074,-0.5958453416824341,-0.09204276651144028,-0.3528706729412079,-0.15170511603355408,0.14868956804275513,0.09784680604934692,0.0508427619934082,-0.6524921432137489,-0.5038025751709938,0.30263701826334,1.04
qwen3-4b-cleanv2-s42,<TRAIN_ROOT>/qwen3-4b-cleanv2-s42/checkpoint-417,dad2099f4eef0e44ae504a0f,950,2,late,87,105,-0.5774875283241272,-0.5027889609336853,-0.5407013893127441,-0.5107071399688721,-0.35477548837661743,-0.49358803033828735,0.044704318046569824,0.03678613901138306,0.007918179035186768,-0.0746985673904419,-0.02999424934387207,0.168806791305542,1.71
qwen3-4b-cleanv2-s42,<TRAIN_ROOT>/qwen3-4b-cleanv2-s42/checkpoint-417,05bcd4e6e23a5b86dca38f04,950,4,mid,42,105,-0.7238876819610596,-0.009905338287353516,-0.6109081506729126,-0.0843760222196579,-0.2065247893333435,-0.18111705780029297,0.18745021522045135,0.11297953128814697,0.07447068393230438,-0.713982343673706,-0.5265321284532547,0.5011243969202042,1.17
qwen3-4b-cleanv2-s42,<TRAIN_ROOT>/qwen3-4b-cleanv2-s42/checkpoint-417,feb4b0b3040571d594eb744c,950,8,early,25,105,-1.841338872909546,-0.041455745697021484,-1.6249032020568848,-0.11179256439208984,-1.506744146347046,-0.157881498336792,0.2867724895477295,0.21643567085266113,0.07033681869506836,-1.7998831272125244,-1.513110637664795,0.16424798965454102,1.01
qwen3-4b-cleanv2-s42,<TRAIN_ROOT>/qwen3-4b-cleanv2-s42/checkpoint-417,78d9aa958886df4f24ee752f,1054,1,late,60,63,-1.5981333255767822,-1.5839837789535522,-0.9351749420166016,-1.5123201608657837,-0.40271711349487305,-1.5043244361877441,0.5912947654724121,0.6629583835601807,-0.07166361808776855,-0.01414954662322998,0.5771452188491821,0.524462103843689,1.53
qwen3-4b-cleanv2-s42,<TRAIN_ROOT>/qwen3-4b-cleanv2-s42/checkpoint-417,3e05d493865f684d92088845,1054,2,mid,37,63,-0.8281531929969788,-0.27626800537109375,-0.2332305908203125,-0.2822267711162567,-0.12500381469726562,-0.29412078857421875,0.6008813679218292,0.5949226021766663,0.005958765745162964,-0.551885187625885,0.048996180295944214,0.12012079358100891,1.27
qwen3-4b-cleanv2-s42,<TRAIN_ROOT>/qwen3-4b-cleanv2-s42/checkpoint-417,02a8d75f2c058571b16d76de,1054,4,early,13,63,-1.3192121982574463,-0.9756110310554504,-1.0562024116516113,-1.0453388690948486,-0.5676066875457764,-1.1226575374603271,0.33273762464523315,0.26300978660583496,0.0697278380393982,-0.34360116720199585,-0.010863542556762695,0.5659143924713135,1.02
qwen3-4b-cleanv2-s42,<TRAIN_ROOT>/qwen3-4b-cleanv2-s42/checkpoint-417,748984ddf774b6080d77d2e6,1054,8,late,50,63,-1.2963647842407227,-1.295095443725586,-0.09563904255628586,-1.4878968000411987,-0.028351783752441406,-1.7669235467910767,1.3935270980000496,1.2007257416844368,0.1928013563156128,-0.0012693405151367188,1.3922577574849129,0.3463140055537224,1.51
qwen3-4b-cleanv2-s42,<TRAIN_ROOT>/qwen3-4b-cleanv2-s42/checkpoint-417,920365599b88585b735ecde9,738,1,mid,38,62,-1.4080740213394165,-1.0423777103424072,-1.0130678415298462,-1.1160106658935547,-0.47866061329841614,-1.1856638193130493,0.4686391353607178,0.3950061798095703,0.07363295555114746,-0.3656963109970093,0.1029428243637085,0.6040603816509247,0.95
qwen3-4b-cleanv2-s42,<TRAIN_ROOT>/qwen3-4b-cleanv2-s42/checkpoint-417,06673fb29d4b6e36b216db68,738,2,early,3,62,-0.9887881278991699,-1.3634493350982666,-1.0033342838287354,-1.35719895362854,-0.8557437658309937,-1.4098615646362305,-0.020796537399291992,-0.01454615592956543,-0.0062503814697265625,0.3746612071990967,0.3538646697998047,0.20025312900543213,0.58
qwen3-4b-cleanv2-s42,<TRAIN_ROOT>/qwen3-4b-cleanv2-s42/checkpoint-417,447638ee9f9d0d1182cb7c03,738,4,late,46,62,-1.5163226127624512,-0.6952493786811829,-0.5745635628700256,-0.8571727871894836,-0.11232347041368484,-1.2675148248672485,1.1036824584007263,0.9417590498924255,0.16192340850830078,-0.8210732340812683,0.282609224319458,0.8725821301341057,1.07
qwen3-4b-cleanv2-s42,<TRAIN_ROOT>/qwen3-4b-cleanv2-s42/checkpoint-417,390941ae11801d193a6886bc,738,8,mid,30,62,-1.0674246549606323,-0.8926353454589844,-0.16222885251045227,-0.7662377953529358,-0.03490673378109932,-0.9214568138122559,0.7787982523441315,0.90519580245018,-0.12639755010604858,-0.17478930950164795,0.6040089428424835,0.282541137188673,0.94
qwen3-4b-cleanv2-s42,<TRAIN_ROOT>/qwen3-4b-cleanv2-s42/checkpoint-417,1e4265fa876d895e98ecf483,775,1,early,8,26,-1.0334455966949463,-0.5764018893241882,-0.6508520245552063,-0.5785673260688782,-0.4534757733345032,-0.5598234534263611,0.38475900888442993,0.38259357213974,0.0021654367446899414,-0.45704370737075806,-0.07228469848632812,0.17863237857818604,0.69
qwen3-4b-cleanv2-s42,<TRAIN_ROOT>/qwen3-4b-cleanv2-s42/checkpoint-417,f01e4af72eeafe9ad1fb8ec6,775,2,late,20,26,-1.6022835969924927,-2.2498369216918945,-1.0527385473251343,-2.2312850952148438,-0.6620508432388306,-2.309704542160034,0.5309932231903076,0.5495450496673584,-0.01855182647705078,0.6475533246994019,1.1785465478897095,0.46910715103149414,0.82
qwen3-4b-cleanv2-s42,<TRAIN_ROOT>/qwen3-4b-cleanv2-s42/checkpoint-417,5dae32552c442a3aeffd66a5,775,4,mid,14,26,-1.2945712804794312,-0.9177786707878113,-0.9607454538345337,-0.5063093304634094,-0.5509706735610962,-0.450971394777298,-0.0776435136795044,0.33382582664489746,-0.41146934032440186,-0.3767926096916199,-0.45443612337112427,0.35443684458732605,0.77
qwen3-4b-cleanv2-s42,<TRAIN_ROOT>/qwen3-4b-cleanv2-s42/checkpoint-417,02d92b53f68848660bb14463,775,8,early,9,26,-1.3642354011535645,-1.5849746465682983,-1.0779855251312256,-1.6475809812545776,-0.43106862902641296,-1.6608555316925049,0.34885621070861816,0.28624987602233887,0.0626063346862793,0.2207392454147339,0.569595456123352,0.6601914465427399,0.77
qwen3-4b-cleanv2-s42,<TRAIN_ROOT>/qwen3-4b-cleanv2-s42/checkpoint-417,2e4769ee4f820b7f8cad838a,114,1,late,9,13,-1.1101024150848389,-0.7116333842277527,-1.0929193496704102,-0.7008851766586304,-0.853693962097168,-0.6869081258773804,0.0064348578453063965,0.01718306541442871,-0.010748207569122314,-0.3984690308570862,-0.3920341730117798,0.2252483367919922,0.77
qwen3-4b-cleanv2-s42,<TRAIN_ROOT>/qwen3-4b-cleanv2-s42/checkpoint-417,557448943f3fe0e9d0a25c9d,114,2,mid,7,13,-2.0029172897338867,-0.0030884742736816406,-1.121372938156128,-0.03499722480773926,-0.6051368713378906,-0.0839695930480957,0.9134531021118164,0.8815443515777588,0.03190875053405762,-1.999828815460205,-1.0863757133483887,0.5652084350585938,0.76
qwen3-4b-cleanv2-s42,<TRAIN_ROOT>/qwen3-4b-cleanv2-s42/checkpoint-417,13d6e6a4d2e0aa3ae7eef430,114,4,early,4,13,-2.031053304672241,-0.4911552667617798,-1.3030401468276978,-0.38778892159461975,-0.4865596294403076,-0.3823986351490021,0.6246468126773834,0.7280131578445435,-0.10336634516716003,-1.5398980379104614,-0.915251225233078,0.8110902309417725,0.75
qwen3-4b-cleanv2-s42,<TRAIN_ROOT>/qwen3-4b-cleanv2-s42/checkpoint-417,562c005c6a3f05c6801e17c5,114,8,late,9,13,-0.8423490524291992,-0.7116333842277527,-0.6307122707366943,-0.7398754954338074,-0.3971524238586426,-0.6008052825927734,0.23987889289855957,0.21163678169250488,0.028242111206054688,-0.13071566820144653,0.10916322469711304,0.09448963403701782,0.84
qwen3-4b-cleanv2-s42,<TRAIN_ROOT>/qwen3-4b-cleanv2-s42/checkpoint-417,0789690a98ffa8ff10044a85,226,1,mid,15,26,-1.5278393030166626,-0.6637962460517883,-0.7363197207450867,-0.6339206695556641,-0.3393751084804535,-0.6397266387939453,0.7616440057754517,0.7915195822715759,-0.029875576496124268,-0.8640430569648743,-0.10239905118942261,0.40275058150291443,0.67
qwen3-4b-cleanv2-s42,<TRAIN_ROOT>/qwen3-4b-cleanv2-s42/checkpoint-417,23305a9398342bd15f9632f0,226,2,early,9,26,-1.3866641521453857,-1.313097357749939,-1.0666084289550781,-1.1172808408737183,-0.5206226110458374,-1.251389980316162,0.12423920631408691,0.3200557231903076,-0.1958165168762207,-0.07356679439544678,0.05067241191864014,0.6800949573516846,0.61
qwen3-4b-cleanv2-s42,<TRAIN_ROOT>/qwen3-4b-cleanv2-s42/checkpoint-417,bc7372af10659172c78d9465,226,4,late,25,26,-1.7880859375,-0.6977828741073608,-1.2934147119522095,-0.6460670232772827,-0.3299606442451477,-0.6534144282341003,0.4429553747177124,0.4946712255477905,-0.051715850830078125,-1.0903030633926392,-0.6473476886749268,0.9708014726638794,0.78
qwen3-4b-cleanv2-s42,<TRAIN_ROOT>/qwen3-4b-cleanv2-s42/checkpoint-417,0007cb462363661747a643bf,226,8,mid,16,26,-1.5601623058319092,-1.8003284931182861,-0.5291058421134949,-1.932997703552246,-0.11061923205852509,-2.109483480453491,1.1637256741523743,1.0310564637184143,0.13266921043395996,0.24016618728637695,1.4038918614387512,0.5949723869562149,0.74
qwen3-4b-cleanv2-s42,<TRAIN_ROOT>/qwen3-4b-cleanv2-s42/checkpoint-417,6cfb87c500e5f1bf176ea656,852,1,early,3,31,-0.5746870636940002,-0.17883513867855072,-0.5717296600341797,-0.19956712424755096,-0.4014984667301178,-0.21233300864696503,0.0236893892288208,0.0029574036598205566,0.020731985569000244,-0.3958519250154495,-0.3721625357866287,0.18299707770347595,0.51
qwen3-4b-cleanv2-s42,<TRAIN_ROOT>/qwen3-4b-cleanv2-s42/checkpoint-417,61e48dfba3310514131f1c67,852,2,late,24,31,-0.6241021156311035,-0.2928491532802582,-0.33671584725379944,-0.33445537090301514,-0.11025546491146088,-0.38674837350845337,0.32899248600006104,0.2873862683773041,0.04160621762275696,-0.33125296235084534,-0.0022604763507843018,0.2787533849477768,0.72
qwen3-4b-cleanv2-s42,<TRAIN_ROOT>/qwen3-4b-cleanv2-s42/checkpoint-417,32d52626e8d28807e1eb2f9b,852,4,mid,15,31,-0.7370515465736389,-0.33616939187049866,-0.5402417778968811,-0.6287605166435242,-0.07109546661376953,-0.589739978313446,0.4894008934497833,0.1968097686767578,0.2925911247730255,-0.40088215470314026,0.08851873874664307,0.43012577295303345,0.66
qwen3-4b-cleanv2-s42,<TRAIN_ROOT>/qwen3-4b-cleanv2-s42/checkpoint-417,9c8b3a9ee0102a1918bcbd5c,852,8,early,8,31,-0.5101471543312073,-0.6033934354782104,-0.5968493223190308,-0.5895735025405884,-0.49892523884773254,-0.5776915550231934,-0.10052210092544556,-0.08670216798782349,-0.01381993293762207,0.09324628114700317,-0.007275819778442383,0.0860421359539032,0.63
qwen3-4b-cleanv2-s42,<TRAIN_ROOT>/qwen3-4b-cleanv2-s42/checkpoint-417,2e06c22d60bad9df63ee59a0,820,1,late,25,32,-0.973261833190918,-0.8995650410652161,-0.842646062374115,-0.9394161105155945,-0.3032737672328949,-0.9492705464363098,0.1704668402671814,0.13061577081680298,0.03985106945037842,-0.0736967921257019,0.09677004814147949,0.5492267310619354,0.99
qwen3-4b-cleanv2-s42,<TRAIN_ROOT>/qwen3-4b-cleanv2-s42/checkpoint-417,1c7a4acc31b015b6e6ad98fd,820,2,mid,21,32,-1.454508662223816,-0.7294845581054688,-1.0272287130355835,-0.559411346912384,-0.4018152058124542,-0.5195897221565247,0.2572067379951477,0.4272799491882324,-0.17007321119308472,-0.7250241041183472,-0.46781736612319946,0.5855918824672699,0.95
qwen3-4b-cleanv2-s42,<TRAIN_ROOT>/qwen3-4b-cleanv2-s42/checkpoint-417,9c66cbb7bd85e51d036817dd,820,4,early,4,32,-1.279285192489624,-1.2720179557800293,-0.6825487613677979,-1.191904067993164,-0.28356319665908813,-1.200981855392456,0.5166225433349609,0.5967364311218262,-0.08011388778686523,-0.0072672367095947266,0.5093553066253662,0.4080633521080017,0.81
qwen3-4b-cleanv2-s42,<TRAIN_ROOT>/qwen3-4b-cleanv2-s42/checkpoint-417,12723c8c7e72093af91bf718,820,8,late,26,32,-0.7919381260871887,-2.2262845039367676,-0.24783070385456085,-2.2578206062316895,-0.00735431257635355,-2.635113477706909,0.5756435245275497,0.5441074222326279,0.031536102294921875,1.4343463778495789,2.0099899023771286,0.617769262753427,1.09
qwen3-4b-cleanv2-s42,<TRAIN_ROOT>/qwen3-4b-cleanv2-s42/checkpoint-417,cec32a215c32dbc3be8f651e,313,1,mid,12,28,-1.2467596530914307,-0.013504574075341225,-0.8234585523605347,-0.016756195574998856,-0.5227876901626587,-0.02922385185956955,0.4265527222305536,0.423301100730896,0.003251621499657631,-1.2332550790160894,-0.8067023567855358,0.31313851848244667,0.71
qwen3-4b-cleanv2-s42,<TRAIN_ROOT>/qwen3-4b-cleanv2-s42/checkpoint-417,8287c0030a4a4e8489b6521d,313,2,early,2,28,-0.3660454750061035,-1.0673636198043823,-0.46398067474365234,-1.0292243957519531,-0.2522737383842468,-1.0210548639297485,-0.13607442378997803,-0.09793519973754883,-0.0381392240524292,0.7013181447982788,0.5652437210083008,0.20353740453720093,0.62
qwen3-4b-cleanv2-s42,<TRAIN_ROOT>/qwen3-4b-cleanv2-s42/checkpoint-417,b7ab3f2ecfe2a9e565639f5c,313,4,late,21,28,-1.2478970289230347,-0.21297931671142578,-0.9582971334457397,-0.2947502136230469,-0.2410348355770111,-0.7361616492271423,0.371370792388916,0.2895998954772949,0.0817708969116211,-1.0349177122116089,-0.6635469198226929,1.158673733472824,0.83
qwen3-4b-cleanv2-s42,<TRAIN_ROOT>/qwen3-4b-cleanv2-s42/checkpoint-417,a710465d9fdbf22164a5b6b4,313,8,mid,14,28,-0.9859007000923157,-0.2117650955915451,-0.7710235714912415,-0.37735825777053833,-0.11463356018066406,-0.7458691000938416,0.38047029078006744,0.21487712860107422,0.16559316217899323,-0.7741356045007706,-0.3936653137207031,1.0249008536338806,0.8
qwen3-4b-cleanv2-s42,<TRAIN_ROOT>/qwen3-4b-cleanv2-s42/checkpoint-417,720066b23fab6d11a4745bed,442,1,early,8,30,-1.1246470212936401,-0.3319615423679352,-0.9845287203788757,-0.305111289024353,-0.7913618087768555,-0.30255022644996643,0.11326804757118225,0.1401183009147644,-0.026850253343582153,-0.792685478925705,-0.6794174313545227,0.19060584902763367,0.58
qwen3-4b-cleanv2-s42,<TRAIN_ROOT>/qwen3-4b-cleanv2-s42/checkpoint-417,4d8ca56e3b4dc029ab7565cb,442,2,late,21,30,-1.2625948190689087,-0.37337273359298706,-0.80329829454422,-0.34528493881225586,-0.3957800567150116,-0.3176283836364746,0.4312087297439575,0.4592965245246887,-0.0280877947807312,-0.8892220854759216,-0.4580133557319641,0.3798616826534271,0.72
qwen3-4b-cleanv2-s42,<TRAIN_ROOT>/qwen3-4b-cleanv2-s42/checkpoint-417,fcceca4eee47cd4470c5db0d,442,4,mid,20,30,-0.980825662612915,-0.42340782284736633,-0.8530027866363525,-0.6507802605628967,-0.4452887773513794,-0.7772617340087891,0.3551953136920929,0.1278228759765625,0.2273724377155304,-0.5574178397655487,-0.2022225260734558,0.5341954827308655,0.72
qwen3-4b-cleanv2-s42,<TRAIN_ROOT>/qwen3-4b-cleanv2-s42/checkpoint-417,1c5c6833b39be94fd4072766,442,8,early,9,30,-0.9698611497879028,-0.5892119407653809,-1.0017565488815308,-0.4800918996334076,-0.8865086436271667,-0.4925554692745209,-0.1410154402256012,-0.03189539909362793,-0.10912004113197327,-0.380649209022522,-0.5216646492481232,0.1277114748954773,0.65
qwen3-4b-cleanv2-s42,<TRAIN_ROOT>/qwen3-4b-cleanv2-s42/checkpoint-417,0487a6382d06912f858cb189,803,1,late,38,53,-1.1778134107589722,-0.0005781173822470009,-0.762428879737854,-0.010525131598114967,-0.4373458921909332,-0.02414684370160103,0.42533154523698613,0.41538453102111816,0.009947014215867966,-1.1772352933767252,-0.751903748139739,0.33870469965040684,0.81
qwen3-4b-cleanv2-s42,<TRAIN_ROOT>/qwen3-4b-cleanv2-s42/checkpoint-417,9e4e34f183a542c5678bb2d5,803,2,mid,29,53,-0.8977605700492859,-0.0016935348976403475,-0.6200498342514038,-0.02436237409710884,-0.48787233233451843,-0.08112487941980362,0.3003795749973506,0.2777107357978821,0.022668839199468493,-0.8960670351516455,-0.595687460154295,0.18894000723958015,0.74
qwen3-4b-cleanv2-s42,<TRAIN_ROOT>/qwen3-4b-cleanv2-s42/checkpoint-417,daec73172d70d146cf74edf9,803,4,early,16,53,-2.4908041954040527,-0.0022609711159020662,-2.3424108028411865,-0.006311988923698664,-1.2629282474517822,-0.0189985278993845,0.1524444103706628,0.1483933925628662,0.0040510178077965975,-2.4885432242881507,-2.336098813917488,1.0921690943650901,0.65
qwen3-4b-cleanv2-s42,<TRAIN_ROOT>/qwen3-4b-cleanv2-s42/checkpoint-417,802809ccff093c20967a1292,803,8,late,47,53,-2.0143072605133057,-0.0005987167241983116,-1.5457241535186768,-0.010683441534638405,-0.24271145462989807,-0.06675948947668076,0.478667831805069,0.4685831069946289,0.010084724810440093,-2.0137085437891074,-1.5350407119840384,1.359088746830821,0.97
qwen3-4b-cleanv2-s42,<TRAIN_ROOT>/qwen3-4b-cleanv2-s42/checkpoint-417,2170bed7afd383d9ff753db0,1063,1,mid,36,84,-1.4834206104278564,-0.06598663330078125,-1.3909441232681274,-0.06630969047546387,-1.1699292659759521,-0.10166430473327637,0.09279954433441162,0.092476487159729,0.0003230571746826172,-1.4174339771270752,-1.3246344327926636,0.2563694715499878,1.06
qwen3-4b-cleanv2-s42,<TRAIN_ROOT>/qwen3-4b-cleanv2-s42/checkpoint-417,8c634b8a5726f03fe54a0c40,1063,2,early,28,84,-1.1364185810089111,-0.6872954964637756,-0.7473829388618469,-0.73055499792099,-0.36129018664360046,-0.7017936706542969,0.43229514360427856,0.3890356421470642,0.043259501457214355,-0.4491230845451355,-0.016827940940856934,0.35733142495155334,1.0
qwen3-4b-cleanv2-s42,<TRAIN_ROOT>/qwen3-4b-cleanv2-s42/checkpoint-417,306d5c29bf259ec557fd5419,1063,4,late,80,84,-1.1769804954528809,-0.057567328214645386,-0.5275294780731201,-0.25981223583221436,-0.21914052963256836,-0.34160396456718445,0.8516959249973297,0.6494510173797607,0.20224490761756897,-1.1194131672382355,-0.26771724224090576,0.39018067717552185,1.56
qwen3-4b-cleanv2-s42,<TRAIN_ROOT>/qwen3-4b-cleanv2-s42/checkpoint-417,c4097103ddbb961fbcde58d4,1063,8,mid,43,84,-1.9758855104446411,-0.4212237298488617,-0.6126009225845337,-0.3740181624889374,-0.271820068359375,-0.3640784025192261,1.316079020500183,1.3632845878601074,-0.047205567359924316,-1.5546617805957794,-0.2385827600955963,0.3308410942554474,1.19
qwen3-4b-cleanv2-s42,<TRAIN_ROOT>/qwen3-4b-cleanv2-s42/checkpoint-417,2953f7fa95babd9e3c1dba4e,20,1,early,17,90,-0.3708932399749756,-0.597307026386261,-0.44985246658325195,-0.6105177402496338,-0.5576989650726318,-0.5798723697662354,-0.06574851274490356,-0.07895922660827637,0.013210713863372803,0.2264137864112854,0.16066527366638184,-0.13849186897277832,0.83
qwen3-4b-cleanv2-s42,<TRAIN_ROOT>/qwen3-4b-cleanv2-s42/checkpoint-417,a001216ec311ab28b1c782a6,20,2,late,71,90,-1.046632170677185,-0.24249373376369476,-0.712035059928894,-0.18806691467761993,-0.42267927527427673,-0.2578784227371216,0.2801702916622162,0.334597110748291,-0.05442681908607483,-0.8041384369134903,-0.5239681452512741,0.35916729271411896,1.43
qwen3-4b-cleanv2-s42,<TRAIN_ROOT>/qwen3-4b-cleanv2-s42/checkpoint-417,7d4ab15a4c3c559e63065db2,20,4,mid,45,90,-2.0223569869995117,-0.0028757369145751,-0.838349461555481,-0.05338069424033165,-0.2819402515888214,-0.29002708196640015,1.2345124827697873,1.1840075254440308,0.05050495732575655,-2.0194812500849366,-0.7849687673151493,0.793055597692728,1.14
qwen3-4b-cleanv2-s42,<TRAIN_ROOT>/qwen3-4b-cleanv2-s42/checkpoint-417,874d8579757275bfd450edd7,20,8,early,30,90,-1.2910025119781494,-0.48726388812065125,-0.8920712471008301,-0.6828987002372742,-0.29856085777282715,-0.8491317629814148,0.5945660769939423,0.39893126487731934,0.19563481211662292,-0.8037386238574982,-0.2091725468635559,0.7597434520721436,1.02
qwen3-4b-cleanv2-s42,<TRAIN_ROOT>/qwen3-4b-cleanv2-s42/checkpoint-417,51bf4a2d7e2e3df70bb7bec4,332,1,late,36,46,-1.091015338897705,-0.4135299324989319,-1.2233197689056396,-0.4190870523452759,-0.6839537620544434,-0.4267500638961792,-0.12674731016159058,-0.13230443000793457,0.005557119846343994,-0.6774854063987732,-0.8042327165603638,0.5470290184020996,1.06
qwen3-4b-cleanv2-s42,<TRAIN_ROOT>/qwen3-4b-cleanv2-s42/checkpoint-417,5724f4957ac48e0b498de328,332,2,mid,26,46,-1.1477638483047485,-0.01739788055419922,-0.7629682421684265,-0.23379039764404297,-0.5564965605735779,-0.2340438812971115,0.6011881232261658,0.384795606136322,0.21639251708984375,-1.1303659677505493,-0.5291778445243835,0.20672516524791718,0.95
qwen3-4b-cleanv2-s42,<TRAIN_ROOT>/qwen3-4b-cleanv2-s42/checkpoint-417,75780dc10c32555bbd73243e,332,4,early,9,46,-0.7276517748832703,-0.8141014575958252,-0.511074960231781,-0.8238888382911682,-0.22248929738998413,-0.8404439687728882,0.22636419534683228,0.21657681465148926,0.009787380695343018,0.08644968271255493,0.3128138780593872,0.30514079332351685,0.79
qwen3-4b-cleanv2-s42,<TRAIN_ROOT>/qwen3-4b-cleanv2-s42/checkpoint-417,3eea09cf6119b36668863b4f,332,8,late,42,46,-0.6075304746627808,-1.1132644414901733,-0.6577860713005066,-1.354141116142273,-0.1880451887845993,-1.6350760459899902,0.19062107801437378,-0.05025559663772583,0.2408766746520996,0.5057339668273926,0.6963550448417664,0.7506758123636246,1.22
qwen3-4b-cleanv2-s42,<TRAIN_ROOT>/qwen3-4b-cleanv2-s42/checkpoint-417,1596d6a6987701aadc7be7e8,282,1,mid,9,14,-1.0359232425689697,-0.00023376941680908203,-0.39769625663757324,-0.0024967193603515625,-0.24634432792663574,-0.007916808128356934,0.640489935874939,0.6382269859313965,0.0022629499435424805,-1.0356894731521606,-0.3951995372772217,0.15677201747894287,0.61
qwen3-4b-cleanv2-s42,<TRAIN_ROOT>/qwen3-4b-cleanv2-s42/checkpoint-417,3de996dce905d2402c88824f,282,2,early,4,14,-1.6068220138549805,-0.00333328265696764,-1.8379371166229248,-0.005340830888599157,-0.9725260734558105,-0.021570716053247452,-0.22910755453631282,-0.23111510276794434,0.0020075482316315174,-1.6034887311980128,-1.8325962857343256,0.8816409283317626,0.57
qwen3-4b-cleanv2-s42,<TRAIN_ROOT>/qwen3-4b-cleanv2-s42/checkpoint-417,4089c74129e54f7a333d9f27,282,4,late,13,14,-0.7074075937271118,-0.23636198043823242,-0.6081380844116211,-0.1917186975479126,-0.3570749759674072,-0.1921931505203247,0.0546262264251709,0.09926950931549072,-0.044643282890319824,-0.4710456132888794,-0.4164193868637085,0.251537561416626,0.7
qwen3-4b-cleanv2-s42,<TRAIN_ROOT>/qwen3-4b-cleanv2-s42/checkpoint-417,08d33fee3a7b5c24a13af17e,282,8,mid,9,14,-1.0191653966903687,-0.00023376941680908203,-0.6784707903862,-0.006665825843811035,-0.26155704259872437,-0.035030245780944824,0.34712666273117065,0.3406946063041687,0.006432056427001953,-1.0189316272735596,-0.6718049645423889,0.4452781677246094,0.68
qwen3-4b-cleanv2-s42,<TRAIN_ROOT>/qwen3-4b-cleanv2-s42/checkpoint-417,7c62b86962db49ff959024bd,372,1,early,4,12,-0.5298032760620117,-0.013643264770507812,-0.5391567945480347,-0.05355852469801903,-0.46617746353149414,-0.08160383254289627,0.030561741441488266,-0.00935351848602295,0.039915259927511215,-0.5161600112915039,-0.48559826985001564,0.10102463886141777,0.49
qwen3-4b-cleanv2-s42,<TRAIN_ROOT>/qwen3-4b-cleanv2-s42/checkpoint-417,30900aecc158203beb3146ef,372,2,late,9,12,-1.7157020568847656,-0.0058123269118368626,-1.5536659955978394,-0.020268334075808525,-0.36334705352783203,-0.034692976623773575,0.17649206845089793,0.16203606128692627,0.014456007163971663,-1.7098897299729288,-1.5333976615220308,1.2047435846179724,0.55
qwen3-4b-cleanv2-s42,<TRAIN_ROOT>/qwen3-4b-cleanv2-s42/checkpoint-417,a338e9556f3a175d7712417d,372,4,mid,6,12,-0.8128385543823242,-0.5215450525283813,-0.8157669901847839,-0.5419394969940186,-0.5945541262626648,-0.6055367588996887,0.01746600866317749,-0.002928435802459717,0.020394444465637207,-0.29129350185394287,-0.2738274931907654,0.2848101258277893,0.54
qwen3-4b-cleanv2-s42,<TRAIN_ROOT>/qwen3-4b-cleanv2-s42/checkpoint-417,08b87e14581fb4957897d55c,372,8,late,9,12,-2.4252660274505615,-0.0058123269118368626,-2.1253631114959717,-0.02219136618077755,-1.117976427078247,-0.05594274774193764,0.31628195522353053,0.29990291595458984,0.016379039268940687,-2.4194537005387247,-2.103171745315194,1.0411380659788847,0.62
qwen3-4b-cleanv2-s42,<TRAIN_ROOT>/qwen3-4b-cleanv2-s42/checkpoint-417,3792e641f43277a5ddfc1283,337,1,early,21,81,-1.4627461433410645,-0.08151674270629883,-1.4263403415679932,-0.12164711952209473,-1.4010262489318848,-0.15767335891723633,0.07653617858886719,0.03640580177307129,0.0401303768157959,-1.3812294006347656,-1.3046932220458984,0.06134033203125,0.87
qwen3-4b-cleanv2-s42,<TRAIN_ROOT>/qwen3-4b-cleanv2-s42/checkpoint-417,22064c359e308e482d7c4729,337,2,mid,47,81,-1.716761589050293,-0.03767172619700432,-1.4773223400115967,-0.12498824298381805,-0.7879090309143066,-0.12877528369426727,0.32675576582551,0.2394392490386963,0.08731651678681374,-1.6790898628532887,-1.3523340970277786,0.6932003498077393,1.2
qwen3-4b-cleanv2-s42,<TRAIN_ROOT>/qwen3-4b-cleanv2-s42/checkpoint-417,a713d08dcbcf69dbbce00769,337,4,early,8,81,-1.302042007446289,-0.00044886270188726485,-0.8319120407104492,-0.018532434478402138,-0.5682193636894226,-0.12699148058891296,0.4882135385123547,0.47012996673583984,0.018083571776514873,-1.3015931447444018,-0.8133796062320471,0.37215172313153744,0.76
qwen3-4b-cleanv2-s42,<TRAIN_ROOT>/qwen3-4b-cleanv2-s42/checkpoint-417,99c3b8315e330c11103adaf3,337,8,late,58,81,-1.2040865421295166,-0.301740437746048,-0.69776451587677,-0.5190885663032532,-0.3611583709716797,-0.6838491559028625,0.7236701548099518,0.5063220262527466,0.2173481285572052,-0.9023461043834686,-0.17867594957351685,0.5013667345046997,1.44
qwen3-4b-cleanv2-s42,<TRAIN_ROOT>/qwen3-4b-cleanv2-s42/checkpoint-417,953981154f6c9b83a52363fe,550,1,mid,38,83,-1.1206517219543457,-0.03362517058849335,-0.8470845222473145,-0.1324407458305359,-0.6980342864990234,-0.1647278219461441,0.3723827749490738,0.27356719970703125,0.09881557524204254,-1.0870265513658524,-0.7146437764167786,0.18133731186389923,1.07
qwen3-4b-cleanv2-s42,<TRAIN_ROOT>/qwen3-4b-cleanv2-s42/checkpoint-417,0a86a3fa1a1ff8633e5bfdfd,550,2,early,11,83,-1.2656936645507812,-0.8722023963928223,-1.0071594715118408,-0.8875446319580078,-0.6413940191268921,-0.9625794887542725,0.273876428604126,0.25853419303894043,0.015342235565185547,-0.393491268157959,-0.11961483955383301,0.4408003091812134,0.79
qwen3-4b-cleanv2-s42,<TRAIN_ROOT>/qwen3-4b-cleanv2-s42/checkpoint-417,a4cb8657a5d9f8671aa6ce79,550,4,late,64,83,-1.0878045558929443,-0.8387394547462463,-0.8599529266357422,-1.0616638660430908,-0.19809384644031525,-1.1219068765640259,0.45077604055404663,0.22785162925720215,0.22292441129684448,-0.249065101146698,0.20171093940734863,0.722102090716362,1.36
qwen3-4b-cleanv2-s42,<TRAIN_ROOT>/qwen3-4b-cleanv2-s42/checkpoint-417,a8400cc2110152cd600a9eaf,550,8,mid,44,83,-2.36395001411438,-0.007191181182861328,-1.661841630935669,-0.04651467129588127,-0.7266900539398193,-0.08902709186077118,0.7414318732917309,0.7021083831787109,0.03932349011301994,-2.3567588329315186,-1.6153269596397877,0.9776639975607395,1.2
qwen3-4b-cleanv2-s42,<TRAIN_ROOT>/qwen3-4b-cleanv2-s42/checkpoint-417,8d2cea81d54ba16f6e06c8db,522,1,early,5,29,-1.835374355316162,-0.8913986086845398,-1.4457523822784424,-0.81577467918396,-1.010077953338623,-0.8067962527275085,0.3139980435371399,0.3896219730377197,-0.07562392950057983,-0.9439757466316223,-0.6299777030944824,0.4266960024833679,0.51
qwen3-4b-cleanv2-s42,<TRAIN_ROOT>/qwen3-4b-cleanv2-s42/checkpoint-417,d28bc68019e4365133699c3a,522,2,late,26,29,-1.1012166738510132,-1.8445193767547607,-0.8617161512374878,-1.9138143062591553,-0.44912445545196533,-1.7674754858016968,0.3087954521179199,0.2395005226135254,0.06929492950439453,0.7433027029037476,1.0520981550216675,0.26625287532806396,0.7
qwen3-4b-cleanv2-s42,<TRAIN_ROOT>/qwen3-4b-cleanv2-s42/checkpoint-417,e5801a7d9bdfc1eb539fd461,522,4,mid,13,29,-3.2186660766601562,-1.6494125127792358,-2.857633352279663,-1.6770039796829224,-2.3149521350860596,-1.7108147144317627,0.3886241912841797,0.36103272438049316,0.027591466903686523,-1.5692535638809204,-1.1806293725967407,0.5764919519424438,0.6
qwen3-4b-cleanv2-s42,<TRAIN_ROOT>/qwen3-4b-cleanv2-s42/checkpoint-417,eea0713f659145877f729726,522,8,early,8,29,-1.6309480667114258,-0.03886527940630913,-1.3776826858520508,-0.1210605651140213,-0.8554379940032959,-0.29974594712257385,0.3354606665670872,0.253265380859375,0.08219528570771217,-1.5920827873051167,-1.2566221207380295,0.7009300738573074,0.6
qwen3-4b-cleanv2-s42,<TRAIN_ROOT>/qwen3-4b-cleanv2-s42/checkpoint-417,adc0ea97cfc982846ab95e7a,237,1,late,55,58,-1.0236785411834717,-0.3933101296424866,-0.9737968444824219,-0.35716351866722107,-0.47906622290611267,-0.3571789264678955,0.013735085725784302,0.049881696701049805,-0.0361466109752655,-0.6303684115409851,-0.6166333258152008,0.49474602937698364,1.16
qwen3-4b-cleanv2-s42,<TRAIN_ROOT>/qwen3-4b-cleanv2-s42/checkpoint-417,c24b27a1fd529cfdb1d02449,237,2,mid,34,58,-1.2807199954986572,-0.13559913635253906,-1.06450355052948,-0.1897132396697998,-0.44047966599464417,-0.2244105339050293,0.270330548286438,0.21621644496917725,0.05411410331726074,-1.1451208591461182,-0.8747903108596802,0.6587211787700653,0.94
qwen3-4b-cleanv2-s42,<TRAIN_ROOT>/qwen3-4b-cleanv2-s42/checkpoint-417,bd877b1f19fe8896c152711c,237,4,early,6,58,-0.5526432991027832,-0.40019917488098145,-0.5522769689559937,-0.4064401686191559,-0.306860089302063,-0.410847008228302,0.006607323884963989,0.0003663301467895508,0.0062409937381744385,-0.15244412422180176,-0.14583680033683777,0.24982371926307678,0.67
qwen3-4b-cleanv2-s42,<TRAIN_ROOT>/qwen3-4b-cleanv2-s42/checkpoint-417,0c442d36ec68bb4b86edd337,237,8,late,52,58,-1.3382568359375,-0.53727787733078,-0.8686498999595642,-0.5229009389877319,-0.20294028520584106,-0.430766761302948,0.4552299976348877,0.4696069359779358,-0.014376938343048096,-0.80097895860672,-0.3457489609718323,0.5735754370689392,1.22
qwen3-4b-cleanv2-s42,<TRAIN_ROOT>/qwen3-4b-cleanv2-s42/checkpoint-417,199aa2a79bf2115730addd43,782,1,mid,27,60,-0.5806056261062622,-0.3317975103855133,-0.5570185780525208,-0.35493209958076477,-0.4181486964225769,-0.38965487480163574,0.04672163724899292,0.023587048053741455,0.023134589195251465,-0.2488081157207489,-0.20208647847175598,0.17359265685081482,0.8
qwen3-4b-cleanv2-s42,<TRAIN_ROOT>/qwen3-4b-cleanv2-s42/checkpoint-417,75bbd8700f298a26d328514f,782,2,early,11,60,-1.3587228059768677,-0.062487125396728516,-1.3468754291534424,-0.21760034561157227,-1.0559757947921753,-0.22556257247924805,0.16696059703826904,0.011847376823425293,0.15511322021484375,-1.2962356805801392,-1.1292750835418701,0.29886186122894287,0.64
qwen3-4b-cleanv2-s42,<TRAIN_ROOT>/qwen3-4b-cleanv2-s42/checkpoint-417,2dde787e748458c83df4b4ff,782,4,late,42,60,-1.236283540725708,-0.01800714246928692,-0.4070078134536743,-0.04535035043954849,-0.03469540551304817,-0.3520723283290863,0.8566189352422953,0.8292757272720337,0.027343207970261574,-1.218276398256421,-0.3616574630141258,0.679034385830164,0.99
qwen3-4b-cleanv2-s42,<TRAIN_ROOT>/qwen3-4b-cleanv2-s42/checkpoint-417,3aa6948389eac679c5e4b6fa,782,8,mid,39,60,-0.8516834378242493,-0.35895392298698425,-0.39979010820388794,-0.3492354154586792,-0.057315241545438766,-0.6337607502937317,0.4421748220920563,0.45189332962036133,-0.009718507528305054,-0.492729514837265,-0.05055469274520874,0.6270002014935017,1.0
qwen3-4b-cleanv2-s42,<TRAIN_ROOT>/qwen3-4b-cleanv2-s42/checkpoint-417,194c98cf3bd7d516a7b3010e,216,1,early,14,70,-1.4257466793060303,-0.0054986742325127125,-0.7465332746505737,-0.0291298758238554,-0.48150551319122314,-0.04154014587402344,0.7028446062467992,0.6792134046554565,0.023631201591342688,-1.4202480050735176,-0.7174033988267183,0.2774380315095186,0.88
qwen3-4b-cleanv2-s42,<TRAIN_ROOT>/qwen3-4b-cleanv2-s42/checkpoint-417,a960b4b599ba4c17736d86f3,216,2,late,65,70,-0.7562459111213684,-1.1192008256912231,-0.5950894951820374,-1.0971965789794922,-0.3255496323108673,-1.2334232330322266,0.1391521692276001,0.16115641593933105,-0.022004246711730957,0.36295491456985474,0.5021070837974548,0.4057665169239044,1.45
qwen3-4b-cleanv2-s42,<TRAIN_ROOT>/qwen3-4b-cleanv2-s42/checkpoint-417,7a6a2b4f55ea9415823a1843,216,4,mid,44,70,-0.7007579803466797,-0.5648179650306702,-0.4011189043521881,-0.5923932194709778,-0.11315250396728516,-0.8264458775520325,0.3272143304347992,0.2996390759944916,0.027575254440307617,-0.13594001531600952,0.19127431511878967,0.5220190584659576,1.24
qwen3-4b-cleanv2-s42,<TRAIN_ROOT>/qwen3-4b-cleanv2-s42/checkpoint-417,e95f10b7df64c1263a81cbca,216,8,early,8,70,-0.5493587851524353,-0.7345450520515442,-0.529198944568634,-0.6281242370605469,-0.4496803283691406,-0.6292920112609863,-0.08626097440719604,0.02015984058380127,-0.10642081499099731,0.1851862668991089,0.09892529249191284,0.08068639039993286,0.9
qwen3-4b-cleanv2-s42,<TRAIN_ROOT>/qwen3-4b-cleanv2-s42/checkpoint-417,ac765161f8ebf5bf22d78dd0,707,1,late,80,83,-1.0524160861968994,-0.9736515283584595,-0.639876127243042,-0.7978742718696594,-0.3388395309448242,-0.7877546548843384,0.23676270246505737,0.4125399589538574,-0.17577725648880005,-0.07876455783843994,0.15799814462661743,0.29091697931289673,1.45
qwen3-4b-cleanv2-s42,<TRAIN_ROOT>/qwen3-4b-cleanv2-s42/checkpoint-417,dc6a719262401c44f5426c33,707,2,mid,34,83,-0.8253445625305176,-0.8918857574462891,-0.677241325378418,-0.9558184146881104,-0.14901304244995117,-0.9716563820838928,0.2120358943939209,0.1481032371520996,0.06393265724182129,0.06654119491577148,0.2785770893096924,0.5440662503242493,0.95
qwen3-4b-cleanv2-s42,<TRAIN_ROOT>/qwen3-4b-cleanv2-s42/checkpoint-417,0e57774d036f2b7904d89a57,707,4,early,19,83,-1.8214917182922363,-0.6105117797851562,-0.9368460178375244,-0.4520111083984375,-0.4067232310771942,-0.43166255950927734,0.7261450290679932,0.8846457004547119,-0.15850067138671875,-1.21097993850708,-0.4848349094390869,0.50977423787117,0.82
qwen3-4b-cleanv2-s42,<TRAIN_ROOT>/qwen3-4b-cleanv2-s42/checkpoint-417,31c8798b5b8c96ad8d9114da,707,8,late,65,83,-2.3456430435180664,-0.004015662707388401,-1.2419503927230835,-0.013531078584492207,-0.042816162109375,-0.29855242371559143,1.1132080666720867,1.103692650794983,0.009515415877103806,-2.341627380810678,-1.2284193141385913,1.4841555757448077,1.36
qwen3-4b-cleanv2-s42,<TRAIN_ROOT>/qwen3-4b-cleanv2-s42/checkpoint-417,c0f66150ce29966d27684f3b,42,1,mid,33,56,-1.5876890420913696,-0.3998587131500244,-1.6774133443832397,-0.4347090721130371,-1.1936086416244507,-0.4502756595611572,-0.05487394332885742,-0.08972430229187012,0.034850358963012695,-1.1878303289413452,-1.2427042722702026,0.4993712902069092,1.07
qwen3-4b-cleanv2-s42,<TRAIN_ROOT>/qwen3-4b-cleanv2-s42/checkpoint-417,732ea0864b20214e3762440f,42,2,early,13,56,-0.9999141693115234,-1.1493909358978271,-0.7109449505805969,-1.1797142028808594,-0.497365802526474,-1.18125581741333,0.31929248571395874,0.2889692187309265,0.030323266983032227,0.1494767665863037,0.46876925230026245,0.21512076258659363,0.84
qwen3-4b-cleanv2-s42,<TRAIN_ROOT>/qwen3-4b-cleanv2-s42/checkpoint-417,e4fb25dc9f939fe13d347902,42,4,late,39,56,-1.195068359375,-1.2868248224258423,-0.9743245244026184,-1.345075249671936,-0.22211118042469025,-1.9089901447296143,0.27899426221847534,0.2207438349723816,0.05825042724609375,0.09175646305084229,0.3707507252693176,1.3161282390356064,1.17
qwen3-4b-cleanv2-s42,<TRAIN_ROOT>/qwen3-4b-cleanv2-s42/checkpoint-417,ab590a88c25ee467546c2d8f,42,8,mid,36,56,-1.463670015335083,-0.00271203787997365,-0.5614926815032959,-0.05098830536007881,-0.2789573669433594,-0.08783721923828125,0.9504536013118923,0.9021773338317871,0.04827626748010516,-1.4609579774551094,-0.5105043761432171,0.31938422843813896,1.19
qwen3-4b-cleanv2-s42,<TRAIN_ROOT>/qwen3-4b-cleanv2-s42/checkpoint-417,6d4612b69b35f424679d6e12,598,1,early,3,21,-1.0468087196350098,-0.6773207783699036,-0.6806726455688477,-0.7087953090667725,-0.5179333686828613,-0.7343205213546753,0.397610604763031,0.3661360740661621,0.031474530696868896,-0.3694879412651062,0.028122663497924805,0.18826448917388916,0.84
qwen3-4b-cleanv2-s42,<TRAIN_ROOT>/qwen3-4b-cleanv2-s42/checkpoint-417,6803044e75bdb0db6605a0eb,598,2,late,20,21,-1.546528697013855,-1.8481922149658203,-1.4441391229629517,-1.8142938613891602,-0.5313122868537903,-1.7942674160003662,0.06849122047424316,0.10238957405090332,-0.033898353576660156,0.30166351795196533,0.3701547384262085,0.8928003907203674,1.04
qwen3-4b-cleanv2-s42,<TRAIN_ROOT>/qwen3-4b-cleanv2-s42/checkpoint-417,ca56d8a31b5739f66cf1cb6c,598,4,mid,11,21,-0.9897739887237549,-0.8566597104072571,-0.983069658279419,-0.9377830624580383,-0.5391345024108887,-0.9804455041885376,0.08782768249511719,0.0067043304443359375,0.08112335205078125,-0.1331142783164978,-0.045286595821380615,0.48659759759902954,0.97
qwen3-4b-cleanv2-s42,<TRAIN_ROOT>/qwen3-4b-cleanv2-s42/checkpoint-417,c45c798b4a8d9a897503beb9,598,8,late,15,21,-1.1222851276397705,-0.5612162351608276,-0.947484016418457,-0.4865584969520569,-0.6074559688568115,-0.5878554582595825,0.10014337301254272,0.17480111122131348,-0.07465773820877075,-0.5610688924789429,-0.46092551946640015,0.44132500886917114,1.06
qwen3-4b-cleanv2-s42,<TRAIN_ROOT>/qwen3-4b-cleanv2-s42/checkpoint-417,81ab330d13cb712cde2dfa2c,198,1,early,18,58,-0.9648559093475342,-0.7774320840835571,-0.8487751483917236,-0.82061368227005,-0.6558544635772705,-0.8149635195732117,0.15926235914230347,0.11608076095581055,0.04318159818649292,-0.18742382526397705,-0.028161466121673584,0.18727052211761475,0.71
qwen3-4b-cleanv2-s42,<TRAIN_ROOT>/qwen3-4b-cleanv2-s42/checkpoint-417,0003d87fcaa534cab5768452,198,2,mid,30,58,-0.9174402356147766,-0.7748388648033142,-0.7041695713996887,-0.853841245174408,-0.3025887906551361,-0.8576714992523193,0.29227304458618164,0.2132706642150879,0.07900238037109375,-0.1426013708114624,0.14967167377471924,0.405411034822464,0.84
qwen3-4b-cleanv2-s42,<TRAIN_ROOT>/qwen3-4b-cleanv2-s42/checkpoint-417,620202d455a747b7d61043e6,198,4,early,5,58,-1.2805235385894775,-0.9050877094268799,-1.5766631364822388,-0.9430712461471558,-1.235504388809204,-0.9390988349914551,-0.25815606117248535,-0.29613959789276123,0.03798353672027588,-0.37543582916259766,-0.633591890335083,0.337186336517334,0.62
qwen3-4b-cleanv2-s42,<TRAIN_ROOT>/qwen3-4b-cleanv2-s42/checkpoint-417,0fba98b1437c0ada8647ba30,198,8,late,42,58,-1.3676319122314453,-1.2454233169555664,-0.6093816757202148,-1.1884872913360596,-0.04877490922808647,-1.4161505699157715,0.7013142108917236,0.7582502365112305,-0.056936025619506836,-0.1222085952758789,0.5791056156158447,0.7882700450718403,1.05
qwen3-4b-cleanv2-s42,<TRAIN_ROOT>/qwen3-4b-cleanv2-s42/checkpoint-417,be63b8c8b839a918e81eff68,472,1,mid,29,61,-1.3178097009658813,-1.455044150352478,-0.9550936222076416,-1.4429144859313965,-0.38289791345596313,-1.4753092527389526,0.3505864143371582,0.36271607875823975,-0.012129664421081543,0.13723444938659668,0.4878208637237549,0.6045904755592346,1.13
qwen3-4b-cleanv2-s42,<TRAIN_ROOT>/qwen3-4b-cleanv2-s42/checkpoint-417,8dd1b1ead52e9b8caabb323c,472,2,early,13,61,-1.401137351989746,-1.936213493347168,-0.8318018913269043,-1.9329359531402588,-0.4566664695739746,-2.117584705352783,0.5660579204559326,0.5693354606628418,-0.0032775402069091797,0.5350761413574219,1.1011340618133545,0.5597841739654541,0.96
qwen3-4b-cleanv2-s42,<TRAIN_ROOT>/qwen3-4b-cleanv2-s42/checkpoint-417,948e679476ad705e1e1ec981,472,4,late,45,61,-1.1449966430664062,-1.0849227905273438,-0.6227163672447205,-0.8964766263961792,-0.042685892432928085,-1.018973469734192,0.33383411169052124,0.5222802758216858,-0.18844616413116455,-0.0600738525390625,0.27376025915145874,0.7025273181498051,1.34
qwen3-4b-cleanv2-s42,<TRAIN_ROOT>/qwen3-4b-cleanv2-s42/checkpoint-417,71403ea13aaf79dcc3fc008a,472,8,mid,37,61,-1.3757075071334839,-1.2988022565841675,-0.5292441844940186,-1.3510996103286743,-0.2932397723197937,-1.4679158926010132,0.8987606763839722,0.8464633226394653,0.052297353744506836,-0.0769052505493164,0.8218554258346558,0.3528206944465637,1.29
qwen3-4b-cleanv2-s42,<TRAIN_ROOT>/qwen3-4b-cleanv2-s42/checkpoint-417,5edf3da8a29bf7d65eb286ea,967,1,early,14,47,-1.0059940814971924,-0.10875797271728516,-0.8519855737686157,-0.1724224090576172,-0.5637609362602234,-0.24487845599651337,0.2176729440689087,0.15400850772857666,0.06366443634033203,-0.8972361087799072,-0.6795631647109985,0.3606806844472885,0.74
qwen3-4b-cleanv2-s42,<TRAIN_ROOT>/qwen3-4b-cleanv2-s42/checkpoint-417,ec4af121670d19af952419cc,967,2,late,38,47,-1.6907844543457031,-1.1056160926818848,-1.0421222448349,-1.086249828338623,-0.23628009855747223,-1.0490903854370117,0.6292959451675415,0.6486622095108032,-0.01936626434326172,-0.5851683616638184,0.044127583503723145,0.7686827033758163,0.99
qwen3-4b-cleanv2-s42,<TRAIN_ROOT>/qwen3-4b-cleanv2-s42/checkpoint-417,ad3726977bd3d7f25417a87d,967,4,mid,19,47,-1.642768383026123,-0.032171569764614105,-1.4109280109405518,-0.08600203692913055,-0.5066725015640259,-0.1299406737089157,0.28567083925008774,0.2318403720855713,0.05383046716451645,-1.610596813261509,-1.3249259740114212,0.948194146156311,0.83
qwen3-4b-cleanv2-s42,<TRAIN_ROOT>/qwen3-4b-cleanv2-s42/checkpoint-417,4ca6095e0ac60c2f1e9eccec,967,8,early,16,47,-0.8901045322418213,-0.44300028681755066,-0.2095964252948761,-0.39919307827949524,-0.0111164515838027,-0.6004236340522766,0.6367008984088898,0.6805081069469452,-0.04380720853805542,-0.44710424542427063,0.18959665298461914,0.39971052948385477,0.82
qwen3-4b-cleanv2-s42,<TRAIN_ROOT>/qwen3-4b-cleanv2-s42/checkpoint-417,56b57df1a16ef227d401e3b0,437,1,late,36,43,-1.300923228263855,-1.9329655170440674,-1.1758896112442017,-1.9703001976013184,-0.7127581834793091,-1.9102959632873535,0.1623682975769043,0.12503361701965332,0.03733468055725098,0.6320422887802124,0.7944105863571167,0.40312719345092773,0.91
qwen3-4b-cleanv2-s42,<TRAIN_ROOT>/qwen3-4b-cleanv2-s42/checkpoint-417,79b09b6d74cedc6e63b89be4,437,2,mid,18,43,-1.860719084739685,-0.46608227491378784,-1.3324321508407593,-0.9169635772705078,-0.2839711606502533,-0.9096387624740601,0.9791682362556458,0.5282869338989258,0.45088130235671997,-1.3946368098258972,-0.41546857357025146,1.0411361753940582,0.72
qwen3-4b-cleanv2-s42,<TRAIN_ROOT>/qwen3-4b-cleanv2-s42/checkpoint-417,af210277fd8369fc36aef084,437,4,early,6,43,-1.2141592502593994,-0.997978687286377,-1.0034654140472412,-1.0211589336395264,-0.2058073729276657,-1.0718326568603516,0.23387408256530762,0.2106938362121582,0.023180246353149414,-0.21618056297302246,0.017693519592285156,0.8483317643404007,0.59
qwen3-4b-cleanv2-s42,<TRAIN_ROOT>/qwen3-4b-cleanv2-s42/checkpoint-417,d55d9a1dcd9e7ad3a9b881e5,437,8,late,35,43,-0.44503068923950195,-1.5445281267166138,-0.4139533042907715,-1.5249178409576416,-0.11636650562286377,-1.4027734994888306,0.0114670991897583,0.03107738494873047,-0.019610285758972168,1.0994974374771118,1.1109645366668701,0.17544245719909668,1.0
qwen3-4b-cleanv2-s42,<TRAIN_ROOT>/qwen3-4b-cleanv2-s42/checkpoint-417,d29c6383af19f9fb239b2a22,1106,1,mid,43,79,-0.8796806335449219,-0.01582111045718193,-0.3226606249809265,-0.06954540312290192,-0.24947375059127808,-0.1867048144340515,0.6107443012297153,0.5570200085639954,0.053724292665719986,-0.8638595230877399,-0.2531152218580246,0.19034628570079803,0.99
qwen3-4b-cleanv2-s42,<TRAIN_ROOT>/qwen3-4b-cleanv2-s42/checkpoint-417,95e7949ff510d93443a8ccaa,1106,2,early,5,79,-2.1094772815704346,-0.6974136233329773,-1.373841643333435,-0.6906015276908875,-0.5758264660835266,-0.6755771636962891,0.7288235425949097,0.7356356382369995,-0.006812095642089844,-1.4120636582374573,-0.6832401156425476,0.7829908132553101,0.62
qwen3-4b-cleanv2-s42,<TRAIN_ROOT>/qwen3-4b-cleanv2-s42/checkpoint-417,02cc6a1981322cc91840be49,1106,4,late,74,79,-0.8667242527008057,-0.6092413067817688,-0.5627716779708862,-0.4802917242050171,-0.06677394360303879,-0.5186535120010376,0.17500299215316772,0.30395257472991943,-0.1289495825767517,-0.25748294591903687,-0.08247995376586914,0.534359522163868,1.35
qwen3-4b-cleanv2-s42,<TRAIN_ROOT>/qwen3-4b-cleanv2-s42/checkpoint-417,790a94a1bdc241776cf533fb,1106,8,mid,27,79,-1.536034345626831,-0.0008547306060791016,-1.1643481254577637,-0.07245445251464844,-0.49855372309684753,-0.25669264793395996,0.4432859420776367,0.3716862201690674,0.07159972190856934,-1.535179615020752,-1.0918936729431152,0.8500325977802277,0.9
qwen3-4b-cleanv2-s42,<TRAIN_ROOT>/qwen3-4b-cleanv2-s42/checkpoint-417,0a5996fa718155669218cf68,126,1,early,21,65,-1.3111727237701416,-0.03330438956618309,-0.9922605752944946,-0.04548506438732147,-0.7882654070854187,-0.05201565474271774,0.33109282329678535,0.318912148475647,0.012180674821138382,-1.2778683342039585,-0.9467755109071732,0.2105257585644722,0.8
qwen3-4b-cleanv2-s42,<TRAIN_ROOT>/qwen3-4b-cleanv2-s42/checkpoint-417,a400e3562615cb47562d3cfa,126,2,late,51,65,-1.5951170921325684,-0.00237274169921875,-1.1778191328048706,-0.009781837463378906,-0.4858594834804535,-0.04284827038645744,0.4247070550918579,0.41729795932769775,0.007409095764160156,-1.5927443504333496,-1.1680372953414917,0.7250260822474957,1.15
qwen3-4b-cleanv2-s42,<TRAIN_ROOT>/qwen3-4b-cleanv2-s42/checkpoint-417,92d2666026c462e1ea827762,126,4,mid,43,65,-0.5707687735557556,-0.6361621022224426,-0.4809505045413971,-0.5002948641777039,-0.19744527339935303,-0.5935527682304382,-0.04604896903038025,0.08981826901435852,-0.13586723804473877,0.06539332866668701,0.019344359636306763,0.37676313519477844,1.11
qwen3-4b-cleanv2-s42,<TRAIN_ROOT>/qwen3-4b-cleanv2-s42/checkpoint-417,2b9ff6c50db9981313adffdb,126,8,early,9,65,-0.6712244749069214,-0.4343223571777344,-0.3891168534755707,-0.5176348686218262,-0.20324550569057465,-0.5550742149353027,0.3654201328754425,0.2821076214313507,0.0833125114440918,-0.236902117729187,0.1285180151462555,0.2233106940984726,0.77
qwen3-4b-cleanv2-s42,<TRAIN_ROOT>/qwen3-4b-cleanv2-s42/checkpoint-417,05acf5d8e132c3797ca66000,403,1,late,15,19,-1.2544612884521484,-0.42434096336364746,-1.1290411949157715,-0.48946189880371094,-0.7338402271270752,-0.5147087574005127,0.19054102897644043,0.12542009353637695,0.06512093544006348,-0.830120325088501,-0.6395792961120605,0.42044782638549805,0.69
qwen3-4b-cleanv2-s42,<TRAIN_ROOT>/qwen3-4b-cleanv2-s42/checkpoint-417,88865ab701ffef2d78147d4f,403,2,mid,7,19,-1.1414388418197632,-0.0056938170455396175,-0.6043394207954407,-0.10791855305433273,-0.18876595795154572,-0.14989928901195526,0.6393241570331156,0.5370994210243225,0.10222473600879312,-1.1357450247742236,-0.49642086774110794,0.4575541988015175,0.63
qwen3-4b-cleanv2-s42,<TRAIN_ROOT>/qwen3-4b-cleanv2-s42/checkpoint-417,05267bf98e75e6f1eec27c7b,403,4,early,5,19,-1.6894997358322144,-0.6261874437332153,-1.6765786409378052,-0.5388457179069519,-0.5048980712890625,-0.5583974123001099,-0.07442063093185425,0.01292109489440918,-0.08734172582626343,-1.063312292098999,-1.1377329230308533,1.1912322640419006,0.62
qwen3-4b-cleanv2-s42,<TRAIN_ROOT>/qwen3-4b-cleanv2-s42/checkpoint-417,dc87b8d38be16a01cc7800b1,403,8,late,16,19,-3.319422721862793,-0.79461669921875,-1.585038661956787,-1.10451340675354,-0.2711038589477539,-1.0276994705200195,2.044280767440796,1.7343840599060059,0.30989670753479004,-2.524806022644043,-0.48052525520324707,1.2371208667755127,0.76
qwen3-4b-cleanv2-s42,<TRAIN_ROOT>/qwen3-4b-cleanv2-s42/checkpoint-417,ff1d61ebce22dde40543c83e,539,1,mid,40,72,-0.8592138290405273,-0.5618864893913269,-0.6810117959976196,-0.519228458404541,-0.4053337275981903,-0.4787690043449402,0.13554400205612183,0.17820203304290771,-0.04265803098678589,-0.29732733964920044,-0.1617833375930786,0.2352186143398285,1.43
qwen3-4b-cleanv2-s42,<TRAIN_ROOT>/qwen3-4b-cleanv2-s42/checkpoint-417,77d1dafbb520fe1aef8c3539,539,2,early,3,72,-2.76153564453125,-0.02287921868264675,-2.59822940826416,-0.0703977569937706,-1.1750167608261108,-0.14942817389965057,0.2108247745782137,0.16330623626708984,0.04751853831112385,-2.7386564258486032,-2.5278316512703896,1.5022430643439293,1.03
qwen3-4b-cleanv2-s42,<TRAIN_ROOT>/qwen3-4b-cleanv2-s42/checkpoint-417,7fa97d9bc60f6d994bb1ca2e,539,4,late,52,72,-1.1173889636993408,-0.5989271998405457,-0.7557140588760376,-0.5025327801704407,-0.29144179821014404,-0.5544407963752747,0.26528048515319824,0.3616749048233032,-0.09639441967010498,-0.5184617638587952,-0.2531812787055969,0.5161802768707275,1.6
qwen3-4b-cleanv2-s42,<TRAIN_ROOT>/qwen3-4b-cleanv2-s42/checkpoint-417,9f5b132dadc6f921ee259d89,539,8,mid,25,72,-0.5971848964691162,-0.8615398406982422,-0.44549670815467834,-0.7688493132591248,-0.19575311243534088,-0.7577779293060303,0.058997660875320435,0.15168818831443787,-0.09269052743911743,0.264354944229126,0.3233526051044464,0.23867221176624298,1.34
qwen3-4b-cleanv2-s42,<TRAIN_ROOT>/qwen3-4b-cleanv2-s42/checkpoint-417,da0b6fa428b7c661ae43f869,1046,1,early,10,83,-0.983587920665741,-0.6074475049972534,-0.8655325770378113,-0.6041049957275391,-0.6882080435752869,-0.6007035374641418,0.11471283435821533,0.11805534362792969,-0.0033425092697143555,-0.37614041566848755,-0.2614275813102722,0.1739230751991272,0.94
qwen3-4b-cleanv2-s42,<TRAIN_ROOT>/qwen3-4b-cleanv2-s42/checkpoint-417,7c504a61950c891a2c9a149d,1046,2,late,78,83,-0.8170590996742249,-0.990527331829071,-0.5945607423782349,-1.1535090208053589,-0.19404655694961548,-1.2319974899291992,0.38548004627227783,0.22249835729599,0.16298168897628784,0.1734682321548462,0.558948278427124,0.4790026545524597,1.73
qwen3-4b-cleanv2-s42,<TRAIN_ROOT>/qwen3-4b-cleanv2-s42/checkpoint-417,8d44fe62696a2746cb745dfe,1046,4,mid,43,83,-1.704667568206787,-0.5104039311408997,-1.4169487953186035,-0.4782556891441345,-0.27812671661376953,-0.5124010443687439,0.25557053089141846,0.2877187728881836,-0.03214824199676514,-1.1942636370658875,-0.938693106174469,1.1729674339294434,1.31
qwen3-4b-cleanv2-s42,<TRAIN_ROOT>/qwen3-4b-cleanv2-s42/checkpoint-417,1181bf8ba0b6e20b5fc86e05,1046,8,early,15,83,-1.5467007160186768,-0.19868183135986328,-1.3403995037078857,-0.22641730308532715,-0.27788734436035156,-0.44567322731018066,0.23403668403625488,0.20630121231079102,0.027735471725463867,-1.3480188846588135,-1.1139822006225586,1.2817680835723877,1.05
qwen3-4b-cleanv2-s42,<TRAIN_ROOT>/qwen3-4b-cleanv2-s42/checkpoint-417,d0b985ff05782095ff678f53,614,1,late,45,62,-0.7356337308883667,-0.9824510812759399,-0.595098078250885,-0.9804251790046692,-0.36418667435646057,-1.0217161178588867,0.13850975036621094,0.1405356526374817,-0.002025902271270752,0.24681735038757324,0.3853271007537842,0.27220234274864197,0.95
qwen3-4b-cleanv2-s42,<TRAIN_ROOT>/qwen3-4b-cleanv2-s42/checkpoint-417,4f7e11c5b0281073d2e85fd3,614,2,mid,30,62,-0.5220353007316589,-0.015865564346313477,-0.4594748616218567,-0.01963353157043457,-0.33547621965408325,-0.03322514146566391,0.06632840633392334,0.06256043910980225,0.0037679672241210938,-0.5061697363853455,-0.4398413300514221,0.13759025186300278,0.79
qwen3-4b-cleanv2-s42,<TRAIN_ROOT>/qwen3-4b-cleanv2-s42/checkpoint-417,20026eff6a296916203bf414,614,4,early,15,62,-0.9278391599655151,-1.523979663848877,-0.6755709648132324,-1.5728540420532227,-0.21482166647911072,-1.6447978019714355,0.3011425733566284,0.2522681951522827,0.0488743782043457,0.5961405038833618,0.8972830772399902,0.5326930582523346,0.65
qwen3-4b-cleanv2-s42,<TRAIN_ROOT>/qwen3-4b-cleanv2-s42/checkpoint-417,5c1e6fe30cf091f55620091e,614,8,late,43,62,-1.0044376850128174,-0.02797667309641838,-0.8273321390151978,-0.08351564407348633,-0.20896129310131073,-0.10461632907390594,0.23264451697468758,0.17710554599761963,0.05553897097706795,-0.976461011916399,-0.7438164949417114,0.6394715309143066,1.01
qwen3-4b-cleanv2-s42,<TRAIN_ROOT>/qwen3-4b-cleanv2-s42/checkpoint-417,51a64691fe397b156df10878,756,1,mid,48,74,-2.357354164123535,-0.8848323822021484,-1.8684251308441162,-0.9242610931396484,-0.8719097971916199,-0.9375133514404297,0.528357744216919,0.48892903327941895,0.0394287109375,-1.4725217819213867,-0.9441640377044678,1.0097675919532776,1.13
qwen3-4b-cleanv2-s42,<TRAIN_ROOT>/qwen3-4b-cleanv2-s42/checkpoint-417,11238e3a4b02102cc43fb14f,756,2,early,23,74,-0.8657183051109314,-0.9080987572669983,-0.6839583516120911,-0.7037791013717651,-0.2015245258808136,-0.6466100215911865,-0.022559702396392822,0.18175995349884033,-0.20431965589523315,0.042380452156066895,0.019820749759674072,0.42526474595069885,0.9
qwen3-4b-cleanv2-s42,<TRAIN_ROOT>/qwen3-4b-cleanv2-s42/checkpoint-417,7a29b859c3f3715f8526b938,756,4,late,52,74,-2.2783563137054443,-0.0001513957977294922,-1.4104366302490234,-0.0051920413970947266,-0.5367622375488281,-0.017473578453063965,0.8729603290557861,0.8679196834564209,0.005040645599365234,-2.278204917907715,-1.4052445888519287,0.8859559297561646,1.21
qwen3-4b-cleanv2-s42,<TRAIN_ROOT>/qwen3-4b-cleanv2-s42/checkpoint-417,2b5ae2ebebede6bf19658470,756,8,mid,38,74,-2.50341796875,-0.0029872895684093237,-1.822706937789917,-0.01280746515840292,-0.6404692530632019,-0.07205543667078018,0.6905312065500766,0.680711030960083,0.009820175589993596,-2.5004306791815907,-1.809899472631514,1.2414856562390924,1.1
qwen3-4b-cleanv2-s42,<TRAIN_ROOT>/qwen3-4b-cleanv2-s42/checkpoint-417,6ad15806f6631d7c0b8c1b63,430,1,early,6,37,-1.3275240659713745,-0.04200000688433647,-1.1112682819366455,-0.068852998316288,-0.666665256023407,-0.09483642876148224,0.24310877546668053,0.216255784034729,0.026852991431951523,-1.285524059087038,-1.0424152836203575,0.47058645635843277,0.64
qwen3-4b-cleanv2-s42,<TRAIN_ROOT>/qwen3-4b-cleanv2-s42/checkpoint-417,6e75585ba4b49956dfcd462c,430,2,late,36,37,-1.1571216583251953,-0.5648968815803528,-1.305496096611023,-0.6645187735557556,-0.8597949743270874,-0.6606926321983337,-0.048752546310424805,-0.14837443828582764,0.09962189197540283,-0.5922247767448425,-0.6409773230552673,0.44187498092651367,0.96
qwen3-4b-cleanv2-s42,<TRAIN_ROOT>/qwen3-4b-cleanv2-s42/checkpoint-417,09c47ee286fbb9b2585d89b8,430,4,mid,17,37,-0.8423944115638733,-0.022042911499738693,-0.7706586718559265,-0.08082215487957001,-0.4431664049625397,-0.15700101852416992,0.1305149830877781,0.07173573970794678,0.058779243379831314,-0.8203515000641346,-0.6898365169763565,0.40367113053798676,0.79
qwen3-4b-cleanv2-s42,<TRAIN_ROOT>/qwen3-4b-cleanv2-s42/checkpoint-417,25fed1a6e05fa18497eed5a6,430,8,early,12,37,-1.303567886352539,-0.015622901730239391,-1.2830829620361328,-0.048401832580566406,-0.8266674876213074,-0.07891006767749786,0.053263855166733265,0.02048492431640625,0.032778930850327015,-1.2879449846222997,-1.2346811294555664,0.4869237095117569,0.79
qwen3-4b-cleanv2-s42,<TRAIN_ROOT>/qwen3-4b-cleanv2-s42/checkpoint-417,0617f6552eb6b49fedd280de,988,1,late,39,40,-1.9632904529571533,-1.4574425220489502,-1.2553681135177612,-1.3074846267700195,-0.719012975692749,-1.2425751686096191,0.5579644441604614,0.7079223394393921,-0.14995789527893066,-0.5058479309082031,0.0521165132522583,0.4714456796646118,0.81
qwen3-4b-cleanv2-s42,<TRAIN_ROOT>/qwen3-4b-cleanv2-s42/checkpoint-417,426a779856077ab63f7d8534,988,2,mid,25,40,-2.932917833328247,-0.6009736061096191,-1.9684886932373047,-0.6410787105560303,-0.8313961029052734,-0.6370084285736084,1.0045342445373535,0.9644291400909424,0.04010510444641113,-2.331944227218628,-1.3274099826812744,1.1330223083496094,0.7
qwen3-4b-cleanv2-s42,<TRAIN_ROOT>/qwen3-4b-cleanv2-s42/checkpoint-417,4e148220f50c9f261419881b,988,4,early,8,40,-0.5682731866836548,-1.0845497846603394,-0.4643988311290741,-0.997340202331543,-0.06042064353823662,-1.053696632385254,0.016664773225784302,0.10387435555458069,-0.08720958232879639,0.5162765979766846,0.5329413712024689,0.4603346176445484,0.58
qwen3-4b-cleanv2-s42,<TRAIN_ROOT>/qwen3-4b-cleanv2-s42/checkpoint-417,83655df12590879b3c3f2921,988,8,late,32,40,-1.2908504009246826,-1.6386635303497314,-1.0857110023498535,-1.7558060884475708,-0.4672262668609619,-1.8810731172561646,0.32228195667266846,0.2051393985748291,0.11714255809783936,0.34781312942504883,0.6700950860977173,0.7437517642974854,0.81
qwen3-4b-cleanv2-s42,<TRAIN_ROOT>/qwen3-4b-cleanv2-s42/checkpoint-417,70c6353fa2b31cef174bde70,15,1,mid,29,57,-1.0876528024673462,-0.4393075406551361,-0.9705708622932434,-0.41230499744415283,-0.7022709250450134,-0.39952364563941956,0.0900793969631195,0.11708194017410278,-0.027002543210983276,-0.6483452618122101,-0.5582658648490906,0.2555185854434967,0.79
qwen3-4b-cleanv2-s42,<TRAIN_ROOT>/qwen3-4b-cleanv2-s42/checkpoint-417,8f9f8478f36b53e93b8b74c0,15,2,early,11,57,-1.326088547706604,-0.35841646790504456,-1.1038141250610352,-0.29769814014434814,-0.7829103469848633,-0.3321736752986908,0.16155609488487244,0.22227442264556885,-0.06071832776069641,-0.9676720798015594,-0.806115984916687,0.3553793132305145,0.63
qwen3-4b-cleanv2-s42,<TRAIN_ROOT>/qwen3-4b-cleanv2-s42/checkpoint-417,edde71d0fa341a33c27b488a,15,4,late,49,57,-0.9141262769699097,-0.8922466039657593,-0.7241474986076355,-0.6478608250617981,-0.25211048126220703,-0.6792123913764954,-0.05440700054168701,0.18997877836227417,-0.24438577890396118,-0.02187967300415039,-0.0762866735458374,0.5033885836601257,1.02
qwen3-4b-cleanv2-s42,<TRAIN_ROOT>/qwen3-4b-cleanv2-s42/checkpoint-417,2a3bc0c093bb941ada42cce3,15,8,mid,23,57,-1.0246232748031616,-0.01335408166050911,-0.9124952554702759,-0.018494386225938797,-0.6844568252563477,-0.14787615835666656,0.11726832389831543,0.11212801933288574,0.0051403045654296875,-1.0112691931426525,-0.8940008692443371,0.357420202344656,0.8
qwen3-4b-cleanv2-s42,<TRAIN_ROOT>/qwen3-4b-cleanv2-s42/checkpoint-417,e0163ad5af26c37c8c3ae934,874,1,early,6,52,-1.0955562591552734,-1.0616538524627686,-1.0688481330871582,-1.0525779724121094,-1.027228832244873,-1.0387921333312988,0.017632246017456055,0.026708126068115234,-0.00907588005065918,-0.03390240669250488,-0.016270160675048828,0.02783346176147461,1.03
qwen3-4b-cleanv2-s42,<TRAIN_ROOT>/qwen3-4b-cleanv2-s42/checkpoint-417,2e0b7accf9e831283b823962,874,2,late,47,52,-0.3503912389278412,-1.1232210397720337,-0.25334033370018005,-1.121611475944519,-0.13567733764648438,-1.1792411804199219,0.09544134140014648,0.09705090522766113,-0.0016095638275146484,0.7728298008441925,0.868271142244339,0.1752927005290985,1.52
qwen3-4b-cleanv2-s42,<TRAIN_ROOT>/qwen3-4b-cleanv2-s42/checkpoint-417,3c834cde27159b5832b35ad1,874,4,mid,29,52,-2.5147509574890137,-0.09172405302524567,-2.0701260566711426,-0.20491981506347656,-0.2840031385421753,-0.28288599848747253,0.557820662856102,0.4446249008178711,0.1131957620382309,-2.423026904463768,-1.865206241607666,1.8640891015529633,1.31
qwen3-4b-cleanv2-s42,<TRAIN_ROOT>/qwen3-4b-cleanv2-s42/checkpoint-417,9159c90e85adb79d0283ded2,874,8,early,8,52,-1.3793126344680786,-0.7618927359580994,-1.262694239616394,-0.7899664044380188,-0.4597582221031189,-0.8730953335762024,0.144692063331604,0.11661839485168457,0.028073668479919434,-0.6174198985099792,-0.47272783517837524,0.8860649466514587,1.16
qwen3-4b-cleanv2-s42,<TRAIN_ROOT>/qwen3-4b-cleanv2-s42/checkpoint-417,ce579112b85dc167b31ec9e2,59,1,late,49,70,-0.794384777545929,-0.8802730441093445,-0.5211480855941772,-0.7376939654350281,-0.23957942426204681,-0.7002363204956055,0.1306576132774353,0.2732366919517517,-0.1425790786743164,0.08588826656341553,0.21654587984085083,0.24411101639270782,1.15
qwen3-4b-cleanv2-s42,<TRAIN_ROOT>/qwen3-4b-cleanv2-s42/checkpoint-417,c89e7b9850e2ad0866120b09,59,2,mid,26,70,-1.58827805519104,-0.02009129524230957,-1.6580592393875122,-0.04016304016113281,-0.7025343775749207,-0.11510443687438965,-0.049709439277648926,-0.06978118419647217,0.020071744918823242,-1.5681867599487305,-1.6178961992263794,1.0304662585258484,0.9
qwen3-4b-cleanv2-s42,<TRAIN_ROOT>/qwen3-4b-cleanv2-s42/checkpoint-417,f671b2e2d8681668d9b4aaae,59,4,early,21,70,-0.9183757901191711,-0.29461976885795593,-0.7593887448310852,-0.40004196763038635,-0.47041893005371094,-0.46022510528564453,0.26440924406051636,0.15898704528808594,0.10542219877243042,-0.6237560212612152,-0.35934677720069885,0.34915295243263245,0.88
qwen3-4b-cleanv2-s42,<TRAIN_ROOT>/qwen3-4b-cleanv2-s42/checkpoint-417,48b942e3d356b9b6788f9e4b,59,8,late,60,70,-1.2182064056396484,-0.16478662192821503,-0.7944372296333313,-0.22730746865272522,-0.2939049303531647,-0.29591113328933716,0.48629002273082733,0.42376917600631714,0.06252084672451019,-1.0534197837114334,-0.5671297609806061,0.5691359639167786,1.36
qwen3-4b-keep4-s42,<TRAIN_ROOT>/qwen3-4b-keep4-s42/checkpoint-417,d965150b2da21de4ba4a3d1d,74,1,early,7,45,-0.8241662383079529,-1.292362928390503,-0.576771080493927,-1.3208959102630615,-0.26230064034461975,-1.3057055473327637,0.2759281396865845,0.24739515781402588,0.028532981872558594,0.46819669008255005,0.7441248297691345,0.2992800772190094,1.96
qwen3-4b-keep4-s42,<TRAIN_ROOT>/qwen3-4b-keep4-s42/checkpoint-417,2d2e725f52b09920c56037f9,74,2,late,39,45,-1.0503946542739868,-1.0133051872253418,-1.0408616065979004,-0.9773221015930176,-0.6413515210151672,-0.983759880065918,-0.026450037956237793,0.009533047676086426,-0.03598308563232422,-0.03708946704864502,-0.06353950500488281,0.40594786405563354,2.01
qwen3-4b-keep4-s42,<TRAIN_ROOT>/qwen3-4b-keep4-s42/checkpoint-417,4abd7e4c5ea1c19c72626455,74,4,mid,25,45,-1.017606496810913,-0.0018822064157575369,-0.5973111987113953,-0.02600513957440853,-0.29499706625938416,-0.10189039260149002,0.4444182312581688,0.4202952980995178,0.024122933158650994,-1.0157242903951555,-0.5713060591369867,0.3781993854790926,1.9
qwen3-4b-keep4-s42,<TRAIN_ROOT>/qwen3-4b-keep4-s42/checkpoint-417,01075d90db01d5df3308e80b,74,8,early,10,45,-1.107940673828125,-0.3187776207923889,-0.7387858629226685,-0.3111380636692047,-0.37209877371788025,-0.3027692437171936,0.36151525378227234,0.36915481090545654,-0.007639557123184204,-0.7891630530357361,-0.42764779925346375,0.3583182692527771,1.56
qwen3-4b-keep4-s42,<TRAIN_ROOT>/qwen3-4b-keep4-s42/checkpoint-417,998df6743db6815184e98a68,149,1,late,25,27,-0.7696561813354492,-2.630988121032715,-0.6414122581481934,-2.5828957557678223,-0.354245662689209,-2.556790351867676,0.08015155792236328,0.12824392318725586,-0.04809236526489258,1.8613319396972656,1.941483497619629,0.2610611915588379,1.07
qwen3-4b-keep4-s42,<TRAIN_ROOT>/qwen3-4b-keep4-s42/checkpoint-417,d27b815f15791d6b6116d6ca,149,2,mid,10,27,-0.9986709356307983,-2.459866523742676,-0.6109442710876465,-2.4977564811706543,-0.27412843704223633,-2.6193032264709473,0.42561662197113037,0.38772666454315186,0.037889957427978516,1.4611955881118774,1.8868122100830078,0.4583625793457031,0.66
qwen3-4b-keep4-s42,<TRAIN_ROOT>/qwen3-4b-keep4-s42/checkpoint-417,da059ac4cf722b5bbe2d1cf5,149,4,early,5,27,-1.0581880807876587,-2.639195203781128,-0.7537874579429626,-2.554734230041504,-0.2137189656496048,-2.564690351486206,0.21993964910507202,0.30440062284469604,-0.08446097373962402,1.5810071229934692,1.8009467720985413,0.55002461373806,0.65
qwen3-4b-keep4-s42,<TRAIN_ROOT>/qwen3-4b-keep4-s42/checkpoint-417,4462be88e0797c826137614c,149,8,late,26,27,-1.886845350265503,-0.737323522567749,-1.0149654150009155,-0.8187816143035889,-0.07709281146526337,-1.0944066047668457,0.9533380270004272,0.8718799352645874,0.08145809173583984,-1.149521827697754,-0.19618380069732666,1.213497593998909,0.86
qwen3-4b-keep4-s42,<TRAIN_ROOT>/qwen3-4b-keep4-s42/checkpoint-417,ebde3f007a1bb48bdaa634d3,697,1,mid,30,50,-1.8336337804794312,-0.6418382525444031,-1.674810767173767,-0.679851233959198,-1.1080944538116455,-0.6944432854652405,0.19683599472045898,0.15882301330566406,0.03801298141479492,-1.191795527935028,-0.9949595332145691,0.5813083648681641,0.83
qwen3-4b-keep4-s42,<TRAIN_ROOT>/qwen3-4b-keep4-s42/checkpoint-417,63c451262eab3a7c2048b027,697,2,early,12,50,-1.108903408050537,-1.5513412952423096,-0.6586716175079346,-1.4598209857940674,-0.4542858600616455,-1.5559755563735962,0.35871148109436035,0.45023179054260254,-0.09152030944824219,0.44243788719177246,0.8011493682861328,0.30054032802581787,0.66
qwen3-4b-keep4-s42,<TRAIN_ROOT>/qwen3-4b-keep4-s42/checkpoint-417,f0673df68f2f94ee70c8b9d4,697,4,late,38,50,-1.4893556833267212,-0.008986949920654297,-1.0657392740249634,-0.08644986152648926,-0.2360292226076126,-0.3967728614807129,0.5010793209075928,0.4236164093017578,0.07746291160583496,-1.480368733406067,-0.9792894124984741,1.1400330513715744,0.95
qwen3-4b-keep4-s42,<TRAIN_ROOT>/qwen3-4b-keep4-s42/checkpoint-417,38ed0fa9d3d0d75b0179fcb8,697,8,mid,19,50,-2.1271419525146484,-0.3883732259273529,-2.0101702213287354,-0.3639182448387146,-0.7543120384216309,-0.411538690328598,0.09251675009727478,0.11697173118591309,-0.024454981088638306,-1.7387687265872955,-1.6462519764900208,1.303478628396988,0.82
qwen3-4b-keep4-s42,<TRAIN_ROOT>/qwen3-4b-keep4-s42/checkpoint-417,6c017697e9e582834c74f4f0,951,1,early,2,28,-2.815476894378662,-0.43270114064216614,-1.7408883571624756,-0.38987597823143005,-1.001301646232605,-0.33396968245506287,1.0317633748054504,1.0745885372161865,-0.042825162410736084,-2.382775753736496,-1.3510123789310455,0.6836804151535034,0.61
qwen3-4b-keep4-s42,<TRAIN_ROOT>/qwen3-4b-keep4-s42/checkpoint-417,59fa5d774db6b66ebdb40c9c,951,2,late,19,28,-1.3935925960540771,-1.5155820846557617,-1.0591254234313965,-1.333235263824463,-0.7223072052001953,-1.2977383136749268,0.15212035179138184,0.33446717262268066,-0.18234682083129883,0.12198948860168457,0.2741098403930664,0.30132126808166504,0.78
qwen3-4b-keep4-s42,<TRAIN_ROOT>/qwen3-4b-keep4-s42/checkpoint-417,1e6c194ba9fdc3d89f9f8316,951,4,mid,17,28,-0.7795411348342896,-0.07055163383483887,-0.4597829580307007,-0.41075754165649414,-0.13574731349945068,-0.6729660034179688,0.6599640846252441,0.31975817680358887,0.3402059078216553,-0.7089895009994507,-0.04902541637420654,0.5862441062927246,0.79
qwen3-4b-keep4-s42,<TRAIN_ROOT>/qwen3-4b-keep4-s42/checkpoint-417,d6aeef57aca591ad11f29a22,951,8,early,9,28,-1.5811558961868286,-1.058322787284851,-1.8357011079788208,-1.1758959293365479,-1.257576584815979,-1.2976922988891602,-0.1369720697402954,-0.2545452117919922,0.11757314205169678,-0.5228331089019775,-0.659805178642273,0.6999208927154541,0.75
qwen3-4b-keep4-s42,<TRAIN_ROOT>/qwen3-4b-keep4-s42/checkpoint-417,4503507ee57d130ca9daf7b0,446,1,late,23,33,-1.4833159446716309,-0.4677644670009613,-1.3236509561538696,-0.39196860790252686,-0.7886641621589661,-0.4069535434246063,0.08386912941932678,0.15966498851776123,-0.07579585909843445,-1.0155514776706696,-0.9316823482513428,0.549971729516983,0.8
qwen3-4b-keep4-s42,<TRAIN_ROOT>/qwen3-4b-keep4-s42/checkpoint-417,445e107c7ab72253fe0aaf81,446,2,mid,22,33,-1.378425121307373,-0.8381522297859192,-1.3111333847045898,-1.0121512413024902,-0.7763793468475342,-1.0659575462341309,0.24129074811935425,0.0672917366027832,0.17399901151657104,-0.5402728915214539,-0.2989821434020996,0.5885603427886963,0.79
qwen3-4b-keep4-s42,<TRAIN_ROOT>/qwen3-4b-keep4-s42/checkpoint-417,31cfcc0667745eadb10f7fa9,446,4,early,11,33,-1.4740184545516968,-0.7855434417724609,-1.49735426902771,-0.7110006809234619,-0.6194395422935486,-0.7109465599060059,-0.09787857532501221,-0.023335814476013184,-0.07454276084899902,-0.6884750127792358,-0.786353588104248,0.8778606057167053,0.73
qwen3-4b-keep4-s42,<TRAIN_ROOT>/qwen3-4b-keep4-s42/checkpoint-417,aa634a030da58182f9f82045,446,8,late,25,33,-1.3640960454940796,-1.2659534215927124,-1.5468623638153076,-1.3349659442901611,-1.250162124633789,-1.2103008031845093,-0.1137537956237793,-0.18276631832122803,0.06901252269744873,-0.09814262390136719,-0.21189641952514648,0.1720350980758667,0.87
qwen3-4b-keep4-s42,<TRAIN_ROOT>/qwen3-4b-keep4-s42/checkpoint-417,bbb9710a014a3df702de427f,240,1,mid,15,28,-1.9961665868759155,-1.0657806396484375,-1.2049438953399658,-1.009096622467041,-0.5133339166641235,-1.0233442783355713,0.7345386743545532,0.7912226915359497,-0.056684017181396484,-0.930385947227478,-0.1958472728729248,0.7058576345443726,0.68
qwen3-4b-keep4-s42,<TRAIN_ROOT>/qwen3-4b-keep4-s42/checkpoint-417,1f61a19c6bc1180edc20f9c0,240,2,early,5,28,-1.3512009382247925,-1.219985008239746,-1.0663871765136719,-1.1845993995666504,-0.6034036874771118,-1.2077887058258057,0.2494281530380249,0.2848137617111206,-0.0353856086730957,-0.1312159299850464,0.11821222305297852,0.48617279529571533,0.59
qwen3-4b-keep4-s42,<TRAIN_ROOT>/qwen3-4b-keep4-s42/checkpoint-417,569ca8c626e3b961bab03a7f,240,4,late,25,28,-0.7816271185874939,-1.1641592979431152,-0.9103636741638184,-1.2918150424957275,-0.1114393025636673,-1.390319585800171,-0.0010808110237121582,-0.12873655557632446,0.1276557445526123,0.38253217935562134,0.3814513683319092,0.8974289149045944,0.8
qwen3-4b-keep4-s42,<TRAIN_ROOT>/qwen3-4b-keep4-s42/checkpoint-417,0d5f3910187089bfabb6f0d1,240,8,mid,10,28,-1.5115621089935303,-1.2112091779708862,-1.5880149602890015,-1.2104415893554688,-1.185521125793457,-1.2071396112442017,-0.07722043991088867,-0.07645285129547119,-0.0007675886154174805,-0.30035293102264404,-0.3775733709335327,0.39919185638427734,0.69
qwen3-4b-keep4-s42,<TRAIN_ROOT>/qwen3-4b-keep4-s42/checkpoint-417,59c67d0aff61ce8b025cd587,713,1,early,10,55,-0.6000381708145142,-0.705906867980957,-0.45308583974838257,-0.6592128872871399,-0.31060323119163513,-0.6485967636108398,0.10025835037231445,0.1469523310661316,-0.04669398069381714,0.10586869716644287,0.20612704753875732,0.1318664848804474,0.73
qwen3-4b-keep4-s42,<TRAIN_ROOT>/qwen3-4b-keep4-s42/checkpoint-417,2a9a519f66dd78ddaecd4060,713,2,late,45,55,-1.8954730033874512,-0.008876255713403225,-1.0121667385101318,-0.06699589639902115,-0.2645416259765625,-0.1588807851076126,0.9414259055629373,0.8833062648773193,0.058119640685617924,-1.886596747674048,-0.9451708421111107,0.8395100012421608,1.09
qwen3-4b-keep4-s42,<TRAIN_ROOT>/qwen3-4b-keep4-s42/checkpoint-417,b5887a490b43e3bda1f27682,713,4,mid,31,55,-1.1924883127212524,-0.43988609313964844,-0.8814994692802429,-0.35201796889305115,-0.2659841477870941,-0.3700111508369446,0.22312071919441223,0.3109888434410095,-0.08786812424659729,-0.752602219581604,-0.5294815003871918,0.6335085034370422,0.95
qwen3-4b-keep4-s42,<TRAIN_ROOT>/qwen3-4b-keep4-s42/checkpoint-417,41b331ac9957267b398b0a81,713,8,early,9,55,-0.5784920454025269,-0.31059542298316956,-0.6303501129150391,-0.3320971429347992,-0.30401408672332764,-0.3272717297077179,-0.03035634756088257,-0.05185806751251221,0.02150171995162964,-0.2678966224193573,-0.29825296998023987,0.3215106129646301,0.79
qwen3-4b-keep4-s42,<TRAIN_ROOT>/qwen3-4b-keep4-s42/checkpoint-417,836337a33768f73d15ac3ec1,551,1,late,80,93,-0.6418800354003906,-0.5242108106613159,-0.3168451488018036,-0.501825213432312,-0.11950071156024933,-0.5138401985168457,0.30264928936958313,0.32503488659858704,-0.022385597229003906,-0.11766922473907471,0.18498006463050842,0.20935942232608795,1.51
qwen3-4b-keep4-s42,<TRAIN_ROOT>/qwen3-4b-keep4-s42/checkpoint-417,b290fa510f2c1d0203540192,551,2,mid,36,93,-0.9430996775627136,-0.7656559348106384,-0.7261108160018921,-1.0719010829925537,-0.4513378143310547,-1.0874443054199219,0.5232340097427368,0.21698886156082153,0.3062451481819153,-0.1774437427520752,0.3457902669906616,0.29031622409820557,1.01
qwen3-4b-keep4-s42,<TRAIN_ROOT>/qwen3-4b-keep4-s42/checkpoint-417,b2f4081bcf85c6905d027f80,551,4,early,23,93,-0.8356621861457825,-0.7260832190513611,-0.6946139335632324,-0.7522212266921997,-0.3924425542354584,-0.7245690822601318,0.16718626022338867,0.14104825258255005,0.026138007640838623,-0.10957896709442139,0.057607293128967285,0.2745192348957062,0.88
qwen3-4b-keep4-s42,<TRAIN_ROOT>/qwen3-4b-keep4-s42/checkpoint-417,99bb668b99b2fecbe54e9d94,551,8,late,92,93,-1.3472583293914795,-0.2053905874490738,-0.8776404857635498,-0.16704542934894562,-0.21035784482955933,-0.4242378771305084,0.4312726855278015,0.4696178436279297,-0.038345158100128174,-1.1418677419424057,-0.7105950564146042,0.9244750887155533,1.73
qwen3-4b-keep4-s42,<TRAIN_ROOT>/qwen3-4b-keep4-s42/checkpoint-417,43e4913666c9ec592bc96b92,90,1,mid,17,43,-1.8955988883972168,-0.012319326400756836,-1.3545273542404175,-0.030957937240600586,-0.8147986531257629,-0.03588294982910156,0.5597101449966431,0.5410715341567993,0.01863861083984375,-1.88327956199646,-1.323569416999817,0.5446537137031555,0.67
qwen3-4b-keep4-s42,<TRAIN_ROOT>/qwen3-4b-keep4-s42/checkpoint-417,a6fcff6ad24c1a7d24d8f748,90,2,early,13,43,-1.046987533569336,-0.0017154000233858824,-0.6517643928527832,-0.03896678611636162,-0.3234850764274597,-0.09044491499662399,0.43247452680952847,0.39522314071655273,0.037251386092975736,-1.04527213354595,-0.6127976067364216,0.37975744530558586,0.64
qwen3-4b-keep4-s42,<TRAIN_ROOT>/qwen3-4b-keep4-s42/checkpoint-417,9eb1a71c67275f9b40ec4d7f,90,4,late,36,43,-0.976535439491272,-0.7593437433242798,-0.5796869993209839,-0.5661312341690063,-0.15346431732177734,-0.5993267297744751,0.20363593101501465,0.3968484401702881,-0.19321250915527344,-0.2171916961669922,-0.013555765151977539,0.4594181776046753,0.9
qwen3-4b-keep4-s42,<TRAIN_ROOT>/qwen3-4b-keep4-s42/checkpoint-417,b32c02f680ffa5a2e77602f0,90,8,mid,17,43,-1.1022700071334839,-0.012319326400756836,-0.9401143193244934,-0.10828375816345215,-0.4695091247558594,-0.23581457138061523,0.2581201195716858,0.16215568780899048,0.09596443176269531,-1.089950680732727,-0.8318305611610413,0.5981360077857971,0.74
qwen3-4b-keep4-s42,<TRAIN_ROOT>/qwen3-4b-keep4-s42/checkpoint-417,e9ffd9186f8c9134a7bbcdee,601,1,early,3,50,-1.2788264751434326,-0.17095327377319336,-0.9802696704864502,-0.20634222030639648,-0.6299662590026855,-0.2634565830230713,0.33394575119018555,0.2985568046569824,0.035388946533203125,-1.1078732013702393,-0.7739274501800537,0.40741777420043945,0.58
qwen3-4b-keep4-s42,<TRAIN_ROOT>/qwen3-4b-keep4-s42/checkpoint-417,b91c51ec6d191b2d824dcec6,601,2,late,42,50,-1.2204207181930542,-0.0014022827381268144,-0.846221923828125,-0.029689980670809746,-0.324432373046875,-0.0756351500749588,0.40248649229761213,0.3741987943649292,0.02828769793268293,-1.2190184354549274,-0.8165319431573153,0.567734720185399,0.94
qwen3-4b-keep4-s42,<TRAIN_ROOT>/qwen3-4b-keep4-s42/checkpoint-417,3dc700793e82ca58d013d7b5,601,4,mid,31,50,-1.2220818996429443,-0.21586990356445312,-1.127085566520691,-0.7059505581855774,-0.5848268866539001,-0.906549870967865,0.5850769877433777,0.09499633312225342,0.49008065462112427,-1.0062119960784912,-0.4211350083351135,0.7428579926490784,0.86
qwen3-4b-keep4-s42,<TRAIN_ROOT>/qwen3-4b-keep4-s42/checkpoint-417,ab4b3c52fc83fbe6fcb00e1e,601,8,early,15,50,-1.4079875946044922,-0.015514182858169079,-0.7963310480117798,-0.0870504379272461,-0.29728928208351135,-0.10729122161865234,0.6831928016617894,0.6116565465927124,0.07153625506907701,-1.392473411746323,-0.7092806100845337,0.5192825496196747,0.75
qwen3-4b-keep4-s42,<TRAIN_ROOT>/qwen3-4b-keep4-s42/checkpoint-417,f890d57ef4c19a2d3210c5f8,596,1,late,20,29,-0.8917316198348999,-0.007000836543738842,-0.7831410765647888,-0.029976585879921913,-0.5911277532577515,-0.06075477600097656,0.13156629260629416,0.10859054327011108,0.02297574933618307,-0.8847307832911611,-0.7531644906848669,0.222791513428092,0.75
qwen3-4b-keep4-s42,<TRAIN_ROOT>/qwen3-4b-keep4-s42/checkpoint-417,347532d8361dfcc521f2ef53,596,2,mid,18,29,-0.7605818510055542,-0.04603385925292969,-0.5971710085868835,-0.12101135402917862,-0.40897563099861145,-0.1703346222639084,0.2383883371949196,0.16341084241867065,0.07497749477624893,-0.7145479917526245,-0.4761596545577049,0.23751864582300186,0.74
qwen3-4b-keep4-s42,<TRAIN_ROOT>/qwen3-4b-keep4-s42/checkpoint-417,fd8294eca743e4511f8b95b1,596,4,early,10,29,-0.3773255944252014,-0.6757821440696716,-0.4751873016357422,-0.6730405688285828,-0.23280075192451477,-0.7187663316726685,-0.10060328245162964,-0.09786170721054077,-0.002741575241088867,0.2984565496444702,0.19785326719284058,0.2881123125553131,0.69
qwen3-4b-keep4-s42,<TRAIN_ROOT>/qwen3-4b-keep4-s42/checkpoint-417,2d203957d82e9c66ec8b8294,596,8,late,27,29,-0.959771990776062,-0.18781185150146484,-0.5635969042778015,-0.28904229402542114,-0.2965412139892578,-0.5876226425170898,0.4974055290222168,0.3961750864982605,0.1012304425239563,-0.7719601392745972,-0.27455461025238037,0.5656360387802124,0.9
qwen3-4b-keep4-s42,<TRAIN_ROOT>/qwen3-4b-keep4-s42/checkpoint-417,af9d9baf0fa7df87541ff03d,648,1,mid,15,28,-1.5673781633377075,-0.02702317014336586,-0.913192629814148,-0.07567714154720306,-0.5876577496528625,-0.10517428815364838,0.7028395049273968,0.6541855335235596,0.048653971403837204,-1.5403549931943417,-0.8375154882669449,0.3550320267677307,0.63
qwen3-4b-keep4-s42,<TRAIN_ROOT>/qwen3-4b-keep4-s42/checkpoint-417,fd313e91971eb88be5afeea1,648,2,early,8,28,-0.9333491325378418,-1.9950189590454102,-0.8179504871368408,-1.9761348962783813,-0.3774573802947998,-1.9776735305786133,0.09651458263397217,0.11539864540100098,-0.01888406276702881,1.0616698265075684,1.1581844091415405,0.44203174114227295,0.58
qwen3-4b-keep4-s42,<TRAIN_ROOT>/qwen3-4b-keep4-s42/checkpoint-417,e1f3216ede07650f7aa3997e,648,4,late,22,28,-1.2964322566986084,-0.7271217703819275,-1.0538698434829712,-0.761709451675415,-0.34050899744033813,-0.7315345406532288,0.27715009450912476,0.2425624132156372,0.03458768129348755,-0.5693104863166809,-0.29216039180755615,0.6831859350204468,0.73
qwen3-4b-keep4-s42,<TRAIN_ROOT>/qwen3-4b-keep4-s42/checkpoint-417,74deaf8b69b36ef1a8a0dde7,648,8,mid,16,28,-1.8670381307601929,-0.9255145788192749,-1.1432703733444214,-0.9672879576683044,-0.3496999740600586,-0.9915813207626343,0.765541136264801,0.7237677574157715,0.04177337884902954,-0.941523551940918,-0.17598241567611694,0.8178637623786926,0.71
qwen3-4b-keep4-s42,<TRAIN_ROOT>/qwen3-4b-keep4-s42/checkpoint-417,805f9f8fb789625422cbc086,184,1,early,6,24,-1.0026357173919678,-2.238318920135498,-0.8904480934143066,-2.0856852531433105,-0.5611758828163147,-2.0862843990325928,-0.04044604301452637,0.11218762397766113,-0.1526336669921875,1.2356832027435303,1.195237159729004,0.32987135648727417,0.67
qwen3-4b-keep4-s42,<TRAIN_ROOT>/qwen3-4b-keep4-s42/checkpoint-417,04f621959baf181db75e5ed1,184,2,late,22,24,-0.7236388921737671,-0.2761601507663727,-0.4438219666481018,-0.24300765991210938,-0.1163548082113266,-0.290061354637146,0.24666443467140198,0.2798169255256653,-0.033152490854263306,-0.4474787414073944,-0.20081430673599243,0.37452085316181183,0.88
qwen3-4b-keep4-s42,<TRAIN_ROOT>/qwen3-4b-keep4-s42/checkpoint-417,1640223469e620e00d73cfaf,184,4,mid,12,24,-1.0591598749160767,-2.3414101600646973,-0.628334641456604,-1.90872061252594,-0.21145807206630707,-1.994196891784668,-0.001864314079284668,0.43082523345947266,-0.4326895475387573,1.2822502851486206,1.280385971069336,0.502352848649025,0.77
qwen3-4b-keep4-s42,<TRAIN_ROOT>/qwen3-4b-keep4-s42/checkpoint-417,969a50a0db6c6f192a497298,184,8,early,8,24,-1.8328672647476196,-0.3485870659351349,-1.074105978012085,-0.3449449837207794,-0.5123871564865112,-0.2972418963909149,0.7551192045211792,0.7587612867355347,-0.0036420822143554688,-1.4842801988124847,-0.7291609942913055,0.5140157341957092,0.76
qwen3-4b-keep4-s42,<TRAIN_ROOT>/qwen3-4b-keep4-s42/checkpoint-417,1c6b25f9d0923cd2d94efb84,751,1,late,13,16,-2.919245481491089,-1.4309189319610596,-2.0699658393859863,-1.164443016052246,-1.0319751501083374,-1.106488823890686,0.5828037261962891,0.8492796421051025,-0.2664759159088135,-1.4883265495300293,-0.9055228233337402,0.9800364971160889,0.68
qwen3-4b-keep4-s42,<TRAIN_ROOT>/qwen3-4b-keep4-s42/checkpoint-417,e367eb02ddb4b9387e4b28bd,751,2,mid,8,16,-0.673459529876709,-2.4586310386657715,-0.6694240570068359,-2.2808494567871094,-0.35152626037597656,-2.3256402015686035,-0.17374610900878906,0.004035472869873047,-0.1777815818786621,1.7851715087890625,1.6114253997802734,0.3626885414123535,0.64
qwen3-4b-keep4-s42,<TRAIN_ROOT>/qwen3-4b-keep4-s42/checkpoint-417,9e3a580cae6381d196f649c6,751,4,early,4,16,-2.741607427597046,-2.23701548576355,-1.5462754964828491,-2.143766403198242,-0.48858070373535156,-1.9319984912872314,1.1020828485488892,1.1953319311141968,-0.09324908256530762,-0.5045919418334961,0.5974909067153931,0.8459268808364868,0.63
qwen3-4b-keep4-s42,<TRAIN_ROOT>/qwen3-4b-keep4-s42/checkpoint-417,f3f9c3956225b867a39028ea,751,8,late,12,16,-0.8871705532073975,-1.1754252910614014,-0.6536931991577148,-1.368973731994629,-0.5946197509765625,-1.2651304006576538,0.42702579498291016,0.23347735404968262,0.19354844093322754,0.2882547378540039,0.7152805328369141,-0.044769883155822754,0.74
qwen3-4b-keep4-s42,<TRAIN_ROOT>/qwen3-4b-keep4-s42/checkpoint-417,65096627a5cce2e2d6091712,206,1,mid,14,29,-1.943302869796753,-0.7765169143676758,-1.1663446426391602,-0.7255086898803711,-0.5677118301391602,-0.6403993368148804,0.7259500026702881,0.7769582271575928,-0.05100822448730469,-1.1667859554290771,-0.44083595275878906,0.5135234594345093,0.75
qwen3-4b-keep4-s42,<TRAIN_ROOT>/qwen3-4b-keep4-s42/checkpoint-417,74b5323dfa2f65f655fcc834,206,2,early,8,29,-1.4986664056777954,-1.402369499206543,-1.3762688636779785,-1.4972097873687744,-1.0089155435562134,-1.5315653085708618,0.21723783016204834,0.1223975419998169,0.09484028816223145,-0.09629690647125244,0.1209409236907959,0.40170884132385254,0.71
qwen3-4b-keep4-s42,<TRAIN_ROOT>/qwen3-4b-keep4-s42/checkpoint-417,8f1f12d4720c8af1d53b068a,206,4,late,24,29,-2.000655174255371,-0.03287260979413986,-0.9473269581794739,-0.22941236197948456,-0.20455633103847504,-0.4027358591556549,1.249867968261242,1.0533282160758972,0.1965397521853447,-1.9677825644612312,-0.7179145961999893,0.9160941243171692,0.86
qwen3-4b-keep4-s42,<TRAIN_ROOT>/qwen3-4b-keep4-s42/checkpoint-417,8f483369c8fcd4ababc0c762,206,8,mid,18,29,-1.5397789478302002,-0.31574559211730957,-0.21485114097595215,-0.835991621017456,-0.03187274932861328,-1.3470404148101807,1.8451738357543945,1.324927806854248,0.5202460289001465,-1.2240333557128906,0.6211404800415039,0.6940271854400635,0.85
qwen3-4b-keep4-s42,<TRAIN_ROOT>/qwen3-4b-keep4-s42/checkpoint-417,9811ccec2931dbb537529c6d,558,1,early,24,82,-1.3081997632980347,-0.7004424929618835,-1.094728946685791,-0.7592713832855225,-0.40878763794898987,-0.8273876905441284,0.27229970693588257,0.21347081661224365,0.058828890323638916,-0.6077572703361511,-0.33545756340026855,0.7540576159954071,1.1
qwen3-4b-keep4-s42,<TRAIN_ROOT>/qwen3-4b-keep4-s42/checkpoint-417,6e1c6679680efe79accb8e7b,558,2,late,55,82,-0.906494140625,-1.338221549987793,-0.9111971259117126,-1.4785804748535156,-0.288783460855484,-1.3321378231048584,0.13565593957901,-0.0047029852867126465,0.14035892486572266,0.43172740936279297,0.567383348941803,0.4759710133075714,1.45
qwen3-4b-keep4-s42,<TRAIN_ROOT>/qwen3-4b-keep4-s42/checkpoint-417,37b7bc2b1b7bd35486701553,558,4,mid,30,82,-1.2519378662109375,-0.17249451577663422,-0.8126604557037354,-0.37543413043022156,-0.2441425323486328,-0.6403740048408508,0.6422170251607895,0.43927741050720215,0.20293961465358734,-1.0794433504343033,-0.4372263252735138,0.8334577977657318,1.19
qwen3-4b-keep4-s42,<TRAIN_ROOT>/qwen3-4b-keep4-s42/checkpoint-417,04ac368ac009f9de8f9c51d0,558,8,early,21,82,-1.6256344318389893,-0.7681354880332947,-1.4848952293395996,-0.9900069236755371,-0.27530452609062195,-1.0711920261383057,0.3626106381416321,0.14073920249938965,0.22187143564224243,-0.8574989438056946,-0.4948883056640625,1.2907758057117462,1.14
qwen3-4b-keep4-s42,<TRAIN_ROOT>/qwen3-4b-keep4-s42/checkpoint-417,5707a7fe38a18181a56f87bd,955,1,late,35,36,-1.3171870708465576,-1.1034644842147827,-0.8881998062133789,-1.0155770778656006,-0.43099045753479004,-1.0671272277832031,0.3410998582839966,0.4289872646331787,-0.08788740634918213,-0.2137225866317749,0.12737727165222168,0.5087594985961914,0.98
qwen3-4b-keep4-s42,<TRAIN_ROOT>/qwen3-4b-keep4-s42/checkpoint-417,a53f859655816ef39961b09b,955,2,mid,24,36,-1.7426519393920898,-0.5911884307861328,-0.9541378617286682,-0.6909235119819641,-0.606047511100769,-0.683466374874115,0.8882491588592529,0.7885140776634216,0.0997350811958313,-1.151463508605957,-0.2632143497467041,0.34063321352005005,0.88
qwen3-4b-keep4-s42,<TRAIN_ROOT>/qwen3-4b-keep4-s42/checkpoint-417,5d5653546cad43c8eaed074a,955,4,early,8,36,-1.2512919902801514,-0.5202486515045166,-1.2226457595825195,-0.5644247531890869,-0.5401113033294678,-0.5017147064208984,0.07282233238220215,0.028646230697631836,0.04417610168457031,-0.7310433387756348,-0.6582210063934326,0.6198244094848633,0.75
qwen3-4b-keep4-s42,<TRAIN_ROOT>/qwen3-4b-keep4-s42/checkpoint-417,431e25ec675e12299fd26efa,955,8,late,35,36,-0.7937798500061035,-1.1034644842147827,-0.28592729568481445,-1.295846939086914,-0.03523318096995354,-1.645729422569275,0.7002350091934204,0.5078525543212891,0.19238245487213135,0.3096846342086792,1.0099196434020996,0.6005765981972218,1.06
qwen3-4b-keep4-s42,<TRAIN_ROOT>/qwen3-4b-keep4-s42/checkpoint-417,3f07bfd4bb4db3783e649c29,435,1,mid,18,47,-1.0630004405975342,-0.14754906296730042,-1.136911392211914,-0.12825070321559906,-1.0774407386779785,-0.14278507232666016,-0.09320931136608124,-0.07391095161437988,-0.019298359751701355,-0.9154513776302338,-1.008660688996315,0.07400502264499664,0.84
qwen3-4b-keep4-s42,<TRAIN_ROOT>/qwen3-4b-keep4-s42/checkpoint-417,6abba83c2e8de8dd90fdf154,435,2,early,9,47,-1.330189824104309,-0.8893626928329468,-1.2377289533615112,-0.8874384760856628,-0.5176567435264587,-0.8622779846191406,0.09053665399551392,0.09246087074279785,-0.0019242167472839355,-0.4408271312713623,-0.3502904772758484,0.6949117183685303,0.75
qwen3-4b-keep4-s42,<TRAIN_ROOT>/qwen3-4b-keep4-s42/checkpoint-417,b51fccefafcb510b3382439e,435,4,late,34,47,-0.5250459909439087,-0.6285940408706665,-0.36900290846824646,-0.7153953909873962,-0.07743453979492188,-0.7917940020561218,0.24284443259239197,0.15604308247566223,0.08680135011672974,0.10354804992675781,0.3463924825191498,0.36796697974205017,1.03
qwen3-4b-keep4-s42,<TRAIN_ROOT>/qwen3-4b-keep4-s42/checkpoint-417,187f012bfa37ade38e3a1a51,435,8,mid,19,47,-1.266493797302246,-0.16458094120025635,-0.8375751972198486,-0.22501875460147858,-0.12230920791625977,-0.22581107914447784,0.4893564134836197,0.42891860008239746,0.06043781340122223,-1.1019128561019897,-0.6125564426183701,0.7160583138465881,0.92
qwen3-4b-keep4-s42,<TRAIN_ROOT>/qwen3-4b-keep4-s42/checkpoint-417,736aeae0555b4803eb42db6b,1064,1,early,2,38,-1.0039198398590088,-0.5330007076263428,-1.0056809186935425,-0.5393903255462646,-0.7887346744537354,-0.5262124538421631,0.004628539085388184,-0.0017610788345336914,0.006389617919921875,-0.470919132232666,-0.46629059314727783,0.20376837253570557,0.77
qwen3-4b-keep4-s42,<TRAIN_ROOT>/qwen3-4b-keep4-s42/checkpoint-417,58b99f2b2c9782c77bd08e18,1064,2,late,32,38,-0.8882467150688171,-0.5216555595397949,-1.0104560852050781,-0.5945031046867371,-0.4265393614768982,-0.6760205030441284,-0.04936182498931885,-0.12220937013626099,0.07284754514694214,-0.3665911555290222,-0.41595298051834106,0.6654341220855713,1.11
qwen3-4b-keep4-s42,<TRAIN_ROOT>/qwen3-4b-keep4-s42/checkpoint-417,cc03082db1aa8dd7df0eb7e4,1064,4,mid,22,38,-1.5610582828521729,-0.7734568119049072,-0.7543509006500244,-0.7582812309265137,-0.14631199836730957,-0.7287695407867432,0.7915318012237549,0.8067073822021484,-0.015175580978393555,-0.7876014709472656,0.003930330276489258,0.5785272121429443,1.04
qwen3-4b-keep4-s42,<TRAIN_ROOT>/qwen3-4b-keep4-s42/checkpoint-417,ad0b0dcf75ab8f41f682d4d4,1064,8,early,11,38,-0.9051077365875244,-1.3339524269104004,-0.6952584385871887,-1.3253387212753296,-0.3986526131629944,-1.360329031944275,0.2012355923652649,0.2098492980003357,-0.0086137056350708,0.428844690322876,0.6300802826881409,0.33159613609313965,0.96
qwen3-4b-keep4-s42,<TRAIN_ROOT>/qwen3-4b-keep4-s42/checkpoint-417,f016c46a941b21fff95f36de,943,1,late,48,57,-1.9354535341262817,-0.537739098072052,-1.7933456897735596,-0.4438636600971222,-1.1526999473571777,-0.40941357612609863,0.04823240637779236,0.14210784435272217,-0.09387543797492981,-1.3977144360542297,-1.3494820296764374,0.6061956584453583,1.05
qwen3-4b-keep4-s42,<TRAIN_ROOT>/qwen3-4b-keep4-s42/checkpoint-417,3331a6bfde556174444a5ee7,943,2,mid,25,57,-1.471840500831604,-0.5005673170089722,-1.3525418043136597,-0.49152636528015137,-0.968829333782196,-0.5077759027481079,0.11025774478912354,0.11929869651794434,-0.0090409517288208,-0.9712731838226318,-0.8610154390335083,0.39996200799942017,0.8
qwen3-4b-keep4-s42,<TRAIN_ROOT>/qwen3-4b-keep4-s42/checkpoint-417,19328703d8ae6c682b7b8fef,943,4,early,14,57,-0.8464077711105347,-1.1468887329101562,-0.8028568625450134,-0.8038180470466614,-0.6134952902793884,-0.7359156012535095,-0.29951977729797363,0.04355090856552124,-0.3430706858634949,0.3004809617996216,0.0009611845016479492,0.12145912647247314,0.72
qwen3-4b-keep4-s42,<TRAIN_ROOT>/qwen3-4b-keep4-s42/checkpoint-417,3dc61cd01859f904cfee1ea3,943,8,late,43,57,-0.6465129852294922,-0.7484607696533203,-0.3917548358440399,-0.6367390751838684,-0.19058901071548462,-0.6379017233848572,0.14303645491600037,0.25475814938545227,-0.1117216944694519,0.10194778442382812,0.2449842393398285,0.20232847332954407,1.07
qwen3-4b-keep4-s42,<TRAIN_ROOT>/qwen3-4b-keep4-s42/checkpoint-417,7ddc6a8961b2107e117754ef,812,1,mid,30,67,-1.0350128412246704,-0.0037551880814135075,-0.8580547571182251,-0.02502288855612278,-0.5973062515258789,-0.042389679700136185,0.19822578458115458,0.1769580841064453,0.021267700474709272,-1.031257653143257,-0.8330318685621023,0.2781152967363596,0.85
qwen3-4b-keep4-s42,<TRAIN_ROOT>/qwen3-4b-keep4-s42/checkpoint-417,cbbf890e06f26dad041eebdb,812,2,early,6,67,-2.291220188140869,-0.0024198805913329124,-1.3807443380355835,-0.018375670537352562,-0.679541289806366,-0.046178001910448074,0.9264316400513053,0.9104758501052856,0.01595578994601965,-2.2888003075495362,-1.362368667498231,0.729005379602313,0.62
qwen3-4b-keep4-s42,<TRAIN_ROOT>/qwen3-4b-keep4-s42/checkpoint-417,d13f43a6a79bebea4adcbd74,812,4,late,46,67,-0.6951309442520142,-0.528119683265686,-0.4816960096359253,-0.5228700041770935,-0.15475988388061523,-0.5870264172554016,0.20818525552749634,0.21343493461608887,-0.005249679088592529,-0.16701126098632812,0.04117399454116821,0.39109253883361816,1.07
qwen3-4b-keep4-s42,<TRAIN_ROOT>/qwen3-4b-keep4-s42/checkpoint-417,93af8b81c813f6dcc0a0ce6a,812,8,mid,44,67,-0.9505980610847473,-0.23210474848747253,-0.7850783467292786,-0.28423863649368286,-0.3807288706302643,-0.3887896239757538,0.21765360236167908,0.16551971435546875,0.05213388800621033,-0.7184933125972748,-0.5008397102355957,0.5089004635810852,1.1
qwen3-4b-keep4-s42,<TRAIN_ROOT>/qwen3-4b-keep4-s42/checkpoint-417,2045fe02e4633781d255bd20,730,1,early,23,78,-1.9458820819854736,-0.5534343719482422,-1.5628610849380493,-0.6257448196411133,-0.9485384225845337,-0.573136031627655,0.4553314447402954,0.3830209970474243,0.0723104476928711,-1.3924477100372314,-0.937116265296936,0.5617138743400574,0.94
qwen3-4b-keep4-s42,<TRAIN_ROOT>/qwen3-4b-keep4-s42/checkpoint-417,19dbd22cc94738bda5ec62c3,730,2,late,67,78,-1.6741423606872559,-0.7331881523132324,-1.1161541938781738,-0.8030802607536316,-0.21060943603515625,-0.8414912223815918,0.6278802752494812,0.557988166809082,0.06989210844039917,-0.9409542083740234,-0.31307393312454224,0.9439557194709778,1.41
qwen3-4b-keep4-s42,<TRAIN_ROOT>/qwen3-4b-keep4-s42/checkpoint-417,478cdc3edaa585d84831f5fa,730,4,mid,39,78,-1.4416253566741943,-1.1945459842681885,-0.5467307567596436,-1.2531147003173828,-0.3457498550415039,-1.2929874658584595,0.9534633159637451,0.8948945999145508,0.058568716049194336,-0.24707937240600586,0.7063839435577393,0.2408536672592163,1.13
qwen3-4b-keep4-s42,<TRAIN_ROOT>/qwen3-4b-keep4-s42/checkpoint-417,2c561abe645fe2051d4658a3,730,8,early,21,78,-1.9376775026321411,-0.5489259958267212,-0.4260643720626831,-0.7760278582572937,-0.04387228935956955,-0.9699940085411072,1.7387149930000305,1.511613130569458,0.2271018624305725,-1.38875150680542,0.3499634861946106,0.576158232986927,0.98
qwen3-4b-keep4-s42,<TRAIN_ROOT>/qwen3-4b-keep4-s42/checkpoint-417,7e79ae63b971027db3d8654d,247,1,late,22,23,-0.9301876425743103,-0.17281807959079742,-0.8244442343711853,-0.2242497354745865,-0.5804538726806641,-0.16175419092178345,0.15717506408691406,0.105743408203125,0.05143165588378906,-0.7573695629835129,-0.6001944988965988,0.1814948171377182,0.69
qwen3-4b-keep4-s42,<TRAIN_ROOT>/qwen3-4b-keep4-s42/checkpoint-417,bafd8dcfa332b1c5a3b9648f,247,2,mid,9,23,-1.3311195373535156,-0.33771467208862305,-1.0117863416671753,-0.4442426562309265,-0.703631579875946,-0.47971075773239136,0.4258611798286438,0.31933319568634033,0.10652798414230347,-0.9934048652648926,-0.5675436854362488,0.3436228632926941,0.58
qwen3-4b-keep4-s42,<TRAIN_ROOT>/qwen3-4b-keep4-s42/checkpoint-417,86e74c099bceda77a741a3b3,247,4,early,8,23,-0.511914849281311,-1.676858901977539,-0.13918209075927734,-1.702514886856079,-0.06956825405359268,-1.8256933689117432,0.39838874340057373,0.3727327585220337,0.02565598487854004,1.164944052696228,1.5633327960968018,0.19279231876134872,0.59
qwen3-4b-keep4-s42,<TRAIN_ROOT>/qwen3-4b-keep4-s42/checkpoint-417,8c3b47362cdefe2b0809a842,247,8,late,22,23,-1.8730357885360718,-0.17281807959079742,-1.5645414590835571,-0.21414883434772491,-0.47533583641052246,-0.26468318700790405,0.34982508420944214,0.30849432945251465,0.04133075475692749,-1.7002177089452744,-1.3503926247358322,1.1397399753332138,0.75
qwen3-4b-keep4-s42,<TRAIN_ROOT>/qwen3-4b-keep4-s42/checkpoint-417,32d357d7eb5cbcb2e321804d,25,1,mid,35,61,-1.3152103424072266,-0.8511850237846375,-0.9836547374725342,-0.9096717834472656,-0.4684607982635498,-0.9529759287834167,0.39004236459732056,0.3315556049346924,0.058486759662628174,-0.4640253186225891,-0.07398295402526855,0.5584980845451355,0.89
qwen3-4b-keep4-s42,<TRAIN_ROOT>/qwen3-4b-keep4-s42/checkpoint-417,b83afac8286156386a41719d,25,2,early,3,61,-1.3535429239273071,-0.666661262512207,-0.9522650241851807,-0.6527416110038757,-0.5197578072547913,-0.6229974627494812,0.38735824823379517,0.40127789974212646,-0.013919651508331299,-0.6868816614151001,-0.29952341318130493,0.4027630686759949,0.57
qwen3-4b-keep4-s42,<TRAIN_ROOT>/qwen3-4b-keep4-s42/checkpoint-417,33463e2d95aeaf94e948b4ba,25,4,late,50,61,-1.039880394935608,-1.7932891845703125,-0.38223353028297424,-1.6946957111358643,-0.04845636710524559,-1.9669373035430908,0.5590533912181854,0.6576468646526337,-0.09859347343444824,0.7534087896347046,1.31246218085289,0.6060187555849552,1.07
qwen3-4b-keep4-s42,<TRAIN_ROOT>/qwen3-4b-keep4-s42/checkpoint-417,d851f61132db5fedd9d210a4,25,8,mid,40,61,-1.1560122966766357,-0.45265993475914,-0.3795902729034424,-0.62815922498703,-0.11203575134277344,-0.8989620208740234,0.9519213140010834,0.7764220237731934,0.17549929022789001,-0.7033523619174957,0.24856895208358765,0.5383573174476624,1.02
qwen3-4b-keep4-s42,<TRAIN_ROOT>/qwen3-4b-keep4-s42/checkpoint-417,a82ce41ac868615945d8e799,725,1,early,12,77,-1.0599498748779297,-0.9618528485298157,-0.8065456748008728,-1.008191704750061,-0.5339024662971497,-1.0426381826400757,0.29974305629730225,0.2534042000770569,0.04633885622024536,-0.09809702634811401,0.20164602994918823,0.3070896863937378,1.01
qwen3-4b-keep4-s42,<TRAIN_ROOT>/qwen3-4b-keep4-s42/checkpoint-417,71e700821a8dc1e8c6276452,725,2,late,75,77,-1.2876497507095337,-0.5313538312911987,-0.8921631574630737,-0.6081148386001587,-0.29407447576522827,-0.6449653506278992,0.4722476005554199,0.39548659324645996,0.07676100730895996,-0.756295919418335,-0.28404831886291504,0.6349391937255859,1.92
qwen3-4b-keep4-s42,<TRAIN_ROOT>/qwen3-4b-keep4-s42/checkpoint-417,6eef6195d736b5d9ed0213f9,725,4,mid,45,77,-1.1357754468917847,-0.24876771867275238,-0.6069843769073486,-0.1571376919746399,-0.05535011738538742,-0.12497463822364807,0.43716104328632355,0.528791069984436,-0.09163002669811249,-0.8870077282190323,-0.44984668493270874,0.5194712057709694,1.5
qwen3-4b-keep4-s42,<TRAIN_ROOT>/qwen3-4b-keep4-s42/checkpoint-417,0e73f7c661fd6ab841a290ef,725,8,early,21,77,-0.4089672267436981,-0.7440029382705688,-0.15410104393959045,-1.0490362644195557,-0.04996626824140549,-1.305635690689087,0.5598995089530945,0.25486618280410767,0.3050333261489868,0.3350357115268707,0.8949352204799652,0.3607342019677162,1.21
qwen3-4b-keep4-s42,<TRAIN_ROOT>/qwen3-4b-keep4-s42/checkpoint-417,b063948d0bf2b8e5dd8b94d2,109,1,late,80,81,-1.7452409267425537,-1.0489574670791626,-0.8689516186714172,-1.0293911695480347,-0.28683534264564514,-1.076174020767212,0.8567230105400085,0.8762893080711365,-0.01956629753112793,-0.6962834596633911,0.16043955087661743,0.6288991272449493,1.41
qwen3-4b-keep4-s42,<TRAIN_ROOT>/qwen3-4b-keep4-s42/checkpoint-417,ae9eff06cba618a1c53350de,109,2,mid,39,81,-1.2951685190200806,-0.05023082345724106,-1.090877890586853,-0.07959191501140594,-0.11455999314785004,-0.2956657409667969,0.23365171998739243,0.20429062843322754,0.029361091554164886,-1.2449376955628395,-1.011285975575447,1.192391723394394,0.97
qwen3-4b-keep4-s42,<TRAIN_ROOT>/qwen3-4b-keep4-s42/checkpoint-417,0c50d81be53fbf5e05e4785b,109,4,early,11,81,-1.374613642692566,-1.1268043518066406,-1.257916808128357,-1.2667430639266968,-0.48697683215141296,-1.2773159742355347,0.25663554668426514,0.11669683456420898,0.13993871212005615,-0.2478092908859253,0.008826255798339844,0.7815128862857819,0.69
qwen3-4b-keep4-s42,<TRAIN_ROOT>/qwen3-4b-keep4-s42/checkpoint-417,6ac1fe4685dd1ebbf68d8f7b,109,8,late,67,81,-1.2676682472229004,-0.00014201077283360064,-0.7501274943351746,-0.00316169043071568,-0.25789374113082886,-0.03201727569103241,0.5205604325456079,0.5175407528877258,0.0030196796578820795,-1.2675262364500668,-0.7469658039044589,0.5210893384646624,1.34
qwen3-4b-keep4-s42,<TRAIN_ROOT>/qwen3-4b-keep4-s42/checkpoint-417,5e84a167ed1b05c5deda0556,354,1,mid,16,37,-1.116249918937683,-0.09437036514282227,-1.0017303228378296,-0.1406412124633789,-0.6008819937705994,-0.23929357528686523,0.16079044342041016,0.11451959609985352,0.04627084732055664,-1.0218795537948608,-0.8610891103744507,0.49950069189071655,1.17
qwen3-4b-keep4-s42,<TRAIN_ROOT>/qwen3-4b-keep4-s42/checkpoint-417,23ebf0898e30d5abae7f857c,354,2,early,7,37,-0.4901595413684845,-0.5555076599121094,-0.6022637486457825,-0.5415274500846863,-0.4921530485153198,-0.5506057739257812,-0.12608441710472107,-0.11210420727729797,-0.013980209827423096,0.06534811854362488,-0.06073629856109619,0.11918902397155762,1.08
qwen3-4b-keep4-s42,<TRAIN_ROOT>/qwen3-4b-keep4-s42/checkpoint-417,9bcc5a0f61ae8a3047e39d63,354,4,late,25,37,-1.6744674444198608,-0.4284917414188385,-1.102271318435669,-0.5623795390129089,-0.228419691324234,-0.6191515326499939,0.7060839235782623,0.5721961259841919,0.13388779759407043,-1.2459757030010223,-0.53989177942276,0.9306236207485199,1.31
qwen3-4b-keep4-s42,<TRAIN_ROOT>/qwen3-4b-keep4-s42/checkpoint-417,d1edbd5623521a538aa5fca8,354,8,mid,13,37,-0.41301167011260986,-0.5194189548492432,-0.5275323390960693,-0.49632295966148376,-0.4476861357688904,-0.4523996412754059,-0.13761666417121887,-0.11452066898345947,-0.0230959951877594,0.1064072847366333,-0.03120937943458557,0.035922884941101074,1.24
qwen3-4b-keep4-s42,<TRAIN_ROOT>/qwen3-4b-keep4-s42/checkpoint-417,920ebfa979b15dfbc05c1094,543,1,early,25,76,-0.3652515411376953,-0.5130541920661926,-0.3545847237110138,-0.48424413800239563,-0.19667184352874756,-0.44745373725891113,-0.01814323663711548,0.010666817426681519,-0.028810054063796997,0.14780265092849731,0.12965941429138184,0.12112247943878174,0.88
qwen3-4b-keep4-s42,<TRAIN_ROOT>/qwen3-4b-keep4-s42/checkpoint-417,a3dc7472147837412c0b11d1,543,2,late,67,76,-0.7892721891403198,-0.07283631712198257,-0.6153606176376343,-0.052811261266469955,-0.304165244102478,-0.05464724823832512,0.15388651564717293,0.17391157150268555,-0.02002505585551262,-0.7164358720183372,-0.5625493563711643,0.3130313605070114,1.34
qwen3-4b-keep4-s42,<TRAIN_ROOT>/qwen3-4b-keep4-s42/checkpoint-417,27979d5ef192bf4c09d615c8,543,4,mid,36,76,-1.2240008115768433,-0.0010053461883217096,-0.7549128532409668,-0.004210212267935276,-0.2993110120296478,-0.030503014102578163,0.47229282441549003,0.46908795833587646,0.0032048660796135664,-1.2229954653885216,-0.7507026409730315,0.48189464304596186,1.01
qwen3-4b-keep4-s42,<TRAIN_ROOT>/qwen3-4b-keep4-s42/checkpoint-417,ac0cde23b1abac34b9cfcf28,543,8,early,22,76,-0.5268608927726746,-0.5969417691230774,-0.4432596266269684,-0.6321174502372742,-0.11331412196159363,-0.6557914614677429,0.11877694725990295,0.08360126614570618,0.03517568111419678,0.07008087635040283,0.1888578236103058,0.3536195158958435,0.9
qwen3-4b-keep4-s42,<TRAIN_ROOT>/qwen3-4b-keep4-s42/checkpoint-417,a9548574f81448ef5a8aa817,825,1,late,61,66,-1.1231663227081299,-1.5375041961669922,-0.5278353691101074,-1.4827041625976562,-0.20197129249572754,-1.4953664541244507,0.5405309200286865,0.5953309535980225,-0.05480003356933594,0.4143378734588623,0.9548687934875488,0.3385263681411743,1.55
qwen3-4b-keep4-s42,<TRAIN_ROOT>/qwen3-4b-keep4-s42/checkpoint-417,096b4d0ec510c1c7a6566d4d,825,2,mid,31,66,-1.1070388555526733,-1.0073899030685425,-0.985380232334137,-1.086800456047058,-0.5332285165786743,-1.1031221151351929,0.201069176197052,0.12165862321853638,0.07941055297851562,-0.09964895248413086,0.10142022371292114,0.4684733748435974,1.2
qwen3-4b-keep4-s42,<TRAIN_ROOT>/qwen3-4b-keep4-s42/checkpoint-417,e1e41ad44c6806132c774a0b,825,4,early,20,66,-0.6488108038902283,-0.8665181994438171,-0.4091079831123352,-0.8188503384590149,-0.18842315673828125,-1.0468320846557617,0.19203495979309082,0.23970282077789307,-0.047667860984802246,0.21770739555358887,0.4097423553466797,0.4486665725708008,1.12
qwen3-4b-keep4-s42,<TRAIN_ROOT>/qwen3-4b-keep4-s42/checkpoint-417,d4244d2f2d931771b21fa86c,825,8,late,63,66,-0.9926060438156128,-2.09237003326416,-0.14801767468452454,-2.193289279937744,-0.0269003976136446,-2.4792232513427734,0.9455076158046722,0.8445883691310883,0.10091924667358398,1.0997639894485474,2.0452716052532196,0.40705124847590923,1.66
qwen3-4b-keep4-s42,<TRAIN_ROOT>/qwen3-4b-keep4-s42/checkpoint-417,6112204531b74189307db310,214,1,mid,22,53,-0.4665531814098358,-0.5336146950721741,-0.4102223217487335,-0.511959433555603,-0.2746191620826721,-0.5258044600486755,0.03467559814453125,0.056330859661102295,-0.021655261516571045,0.06706151366233826,0.1017371118068695,0.1494481861591339,1.07
qwen3-4b-keep4-s42,<TRAIN_ROOT>/qwen3-4b-keep4-s42/checkpoint-417,4706196d71d0b2b4b60cc96d,214,2,early,3,53,-0.5847969055175781,-0.6115279197692871,-0.5291795134544373,-0.604883074760437,-0.2992720305919647,-0.662874698638916,0.04897254705429077,0.05561739206314087,-0.006644845008850098,0.026731014251708984,0.07570356130599976,0.28789910674095154,0.85
qwen3-4b-keep4-s42,<TRAIN_ROOT>/qwen3-4b-keep4-s42/checkpoint-417,b632938f778c2c1498b5b0a4,214,4,late,52,53,-0.8941438794136047,-0.5269694328308105,-0.6743440628051758,-0.5512886047363281,-0.24988162517547607,-0.5557715892791748,0.24411898851394653,0.21979981660842896,0.024319171905517578,-0.3671744465827942,-0.12305545806884766,0.4289454221725464,1.51
qwen3-4b-keep4-s42,<TRAIN_ROOT>/qwen3-4b-keep4-s42/checkpoint-417,f7440cb46f2ded22787762f6,214,8,mid,31,53,-1.2556520700454712,-0.010056551545858383,-1.1121169328689575,-0.023259667679667473,-0.8637735247612,-0.045213811099529266,0.15673825331032276,0.14353513717651367,0.01320311613380909,-1.2455955184996128,-1.08885726518929,0.27029755152761936,1.26
qwen3-4b-keep4-s42,<TRAIN_ROOT>/qwen3-4b-keep4-s42/checkpoint-417,296ef9f61d3d6c60a128c367,872,1,early,28,89,-1.1678894758224487,-0.0073227351531386375,-0.8173183798789978,-0.025406308472156525,-0.19411976635456085,-0.08315934240818024,0.3686546692624688,0.3505710959434509,0.018083573319017887,-1.16056674066931,-0.7919120714068413,0.6809516474604607,1.32
qwen3-4b-keep4-s42,<TRAIN_ROOT>/qwen3-4b-keep4-s42/checkpoint-417,ab9ba1b6f827dc974938a70a,872,2,late,77,89,-1.8039309978485107,-0.39045143127441406,-1.559103012084961,-0.30447661876678467,-0.8628363609313965,-0.3365364968776703,0.1588531732559204,0.2448279857635498,-0.0859748125076294,-1.4134795665740967,-1.2546263933181763,0.7283265292644501,1.99
qwen3-4b-keep4-s42,<TRAIN_ROOT>/qwen3-4b-keep4-s42/checkpoint-417,c3228a901c6e5ea8796decd1,872,4,mid,41,89,-2.5855367183685303,-0.028746604919433594,-1.3567489385604858,-0.08259411156177521,-0.6680614352226257,-0.1686338484287262,1.282635286450386,1.2287877798080444,0.053847506642341614,-2.5567901134490967,-1.2741548269987106,0.7747272402048111,1.53
qwen3-4b-keep4-s42,<TRAIN_ROOT>/qwen3-4b-keep4-s42/checkpoint-417,5f5bad32dd62107618a21473,872,8,early,28,89,-1.722944736480713,-0.0073227351531386375,-0.8635714054107666,-0.08067343384027481,-0.4776202440261841,-0.16470231115818024,0.9327240297570825,0.8593733310699463,0.07335069868713617,-1.7156220013275743,-0.7828979715704918,0.46998003870248795,1.41
qwen3-4b-keep4-s42,<TRAIN_ROOT>/qwen3-4b-keep4-s42/checkpoint-417,1de1d47aeeec8e790d4963d5,84,1,late,73,79,-0.8374507427215576,-0.0018515954725444317,-0.6975073218345642,-0.008604196831583977,-0.28972873091697693,-0.023314256221055984,0.14669602224603295,0.1399434208869934,0.006752601359039545,-0.8355991472490132,-0.6889031250029802,0.4224886503070593,1.57
qwen3-4b-keep4-s42,<TRAIN_ROOT>/qwen3-4b-keep4-s42/checkpoint-417,5cdce1d669e621163cea7026,84,2,mid,40,79,-1.2843222618103027,-1.39864182472229,-1.4167439937591553,-1.1641085147857666,-0.5944936275482178,-1.130439281463623,-0.366955041885376,-0.13242173194885254,-0.23453330993652344,0.1143195629119873,-0.25263547897338867,0.788581132888794,1.19
qwen3-4b-keep4-s42,<TRAIN_ROOT>/qwen3-4b-keep4-s42/checkpoint-417,dedfa3a1e01d8f51c7d89cd7,84,4,early,26,79,-1.612674355506897,-0.8276360630989075,-1.47874116897583,-0.8018840551376343,-0.42724037170410156,-0.8321841955184937,0.1081811785697937,0.1339331865310669,-0.025752007961273193,-0.7850382924079895,-0.6768571138381958,1.081800937652588,1.04
qwen3-4b-keep4-s42,<TRAIN_ROOT>/qwen3-4b-keep4-s42/checkpoint-417,20d55247bed5444ea9f65d19,84,8,late,76,79,-1.0464177131652832,-0.000804519688244909,-0.5133042335510254,-0.03898099437355995,-0.08596324920654297,-0.17929460108280182,0.5712899542995729,0.5331134796142578,0.03817647468531504,-1.0456131934770383,-0.47432323917746544,0.5676545910537243,1.71
qwen3-4b-keep4-s42,<TRAIN_ROOT>/qwen3-4b-keep4-s42/checkpoint-417,8e67e740d29e545c0ddec327,585,1,mid,31,64,-1.4477958679199219,-1.405150055885315,-1.0015662908554077,-1.3830283880233765,-0.4623340666294098,-1.405271291732788,0.4241079092025757,0.44622957706451416,-0.022121667861938477,-0.042645812034606934,0.38146209716796875,0.5614751279354095,0.79
qwen3-4b-keep4-s42,<TRAIN_ROOT>/qwen3-4b-keep4-s42/checkpoint-417,2203c0f52d641f3cd08d03ef,585,2,early,16,64,-1.9196056127548218,-3.705481767654419,-0.8921909332275391,-3.7851994037628174,-0.6528423428535461,-3.6814820766448975,1.1071323156356812,1.0274146795272827,0.07971763610839844,1.7858761548995972,2.8930084705352783,0.135631263256073,0.67
qwen3-4b-keep4-s42,<TRAIN_ROOT>/qwen3-4b-keep4-s42/checkpoint-417,138425a3459db02300c9df65,585,4,late,55,64,-1.8214867115020752,-2.1049857139587402,-0.6444200873374939,-1.897011399269104,-0.18888284265995026,-2.014401435852051,0.9690923094749451,1.1770666241645813,-0.20797431468963623,0.28349900245666504,1.25259131193161,0.5729272812604904,1.03
qwen3-4b-keep4-s42,<TRAIN_ROOT>/qwen3-4b-keep4-s42/checkpoint-417,129c05db0d3a3c4bcd246fe5,585,8,mid,36,64,-2.8251590728759766,-1.0891263484954834,-1.5211553573608398,-1.3861253261566162,-0.3709615170955658,-1.6004036664962769,1.6010026931762695,1.3040037155151367,0.2969989776611328,-1.7360327243804932,-0.13503003120422363,1.3644721806049347,0.89
qwen3-4b-keep4-s42,<TRAIN_ROOT>/qwen3-4b-keep4-s42/checkpoint-417,ad7092aca4488efc9db26c8f,772,1,early,10,45,-1.133428931236267,-0.09184610843658447,-0.6505250930786133,-0.06554841995239258,-0.2527046203613281,-0.07739889621734619,0.4566061496734619,0.4829038381576538,-0.026297688484191895,-1.0415828227996826,-0.5849766731262207,0.40967094898223877,0.78
qwen3-4b-keep4-s42,<TRAIN_ROOT>/qwen3-4b-keep4-s42/checkpoint-417,15bb19c247c3f5881bc5d98e,772,2,late,35,45,-1.4426982402801514,-0.6923251748085022,-1.1829829216003418,-0.5457723736763,-0.30198025703430176,-0.5225690007209778,0.11316251754760742,0.25971531867980957,-0.14655280113220215,-0.7503730654716492,-0.6372105479240417,0.8577992916107178,1.07
qwen3-4b-keep4-s42,<TRAIN_ROOT>/qwen3-4b-keep4-s42/checkpoint-417,1954c28a0143673d6bc9adc4,772,4,mid,29,45,-0.700279951095581,-1.4622375965118408,-0.45017436146736145,-1.2810547351837158,-0.2442503124475479,-1.1818655729293823,0.0689227283000946,0.2501055896282196,-0.181182861328125,0.7619576454162598,0.8308803737163544,0.10673488676548004,1.02
qwen3-4b-keep4-s42,<TRAIN_ROOT>/qwen3-4b-keep4-s42/checkpoint-417,fdd6a951473822214878a1a3,772,8,early,10,45,-1.3991024494171143,-0.09184610843658447,-1.3596222400665283,-0.5679231882095337,-0.7917194962501526,-0.45043087005615234,0.5155572891235352,0.03948020935058594,0.4760770797729492,-1.3072563409805298,-0.7916990518569946,0.4504104256629944,0.84
qwen3-4b-keep4-s42,<TRAIN_ROOT>/qwen3-4b-keep4-s42/checkpoint-417,d67eb6d44d6f06e364a90708,460,1,late,51,72,-1.4920717477798462,-0.41121354699134827,-0.8612872958183289,-0.41326904296875,-0.4850246012210846,-0.4400976002216339,0.6328399479389191,0.6307844519615173,0.0020554959774017334,-1.080858200788498,-0.44801825284957886,0.4030912518501282,1.76
qwen3-4b-keep4-s42,<TRAIN_ROOT>/qwen3-4b-keep4-s42/checkpoint-417,293a267d3a3031b50c80856f,460,2,mid,25,72,-0.7104223370552063,-0.6273077130317688,-0.5710064172744751,-0.7485501170158386,-0.36543312668800354,-0.8946179747581482,0.260658323764801,0.1394159197807312,0.12124240398406982,-0.0831146240234375,0.17754369974136353,0.35164114832878113,1.37
qwen3-4b-keep4-s42,<TRAIN_ROOT>/qwen3-4b-keep4-s42/checkpoint-417,3a9885d5eacd6b4616847f9c,460,4,early,7,72,-1.0715501308441162,-0.5074434280395508,-0.7767726182937622,-0.5557222366333008,-0.20248964428901672,-0.6423830986022949,0.343056321144104,0.294777512550354,0.04827880859375,-0.5641067028045654,-0.22105038166046143,0.6609438359737396,1.16
qwen3-4b-keep4-s42,<TRAIN_ROOT>/qwen3-4b-keep4-s42/checkpoint-417,8b73328976048466328b58ae,460,8,late,56,72,-1.3124548196792603,-0.9221283197402954,-1.054635763168335,-1.1125805377960205,-0.4846475422382355,-1.1638710498809814,0.4482712745666504,0.2578190565109253,0.1904522180557251,-0.39032649993896484,0.05794477462768555,0.6212787330150604,1.95
qwen3-4b-keep4-s42,<TRAIN_ROOT>/qwen3-4b-keep4-s42/checkpoint-417,2a4159635a1b90ecaf5c4493,476,1,mid,10,25,-2.076089382171631,-0.8494472503662109,-1.5998249053955078,-0.8978750705718994,-1.0544986724853516,-0.8831665515899658,0.5246922969818115,0.47626447677612305,0.04842782020568848,-1.22664213180542,-0.7019498348236084,0.5306177139282227,0.66
qwen3-4b-keep4-s42,<TRAIN_ROOT>/qwen3-4b-keep4-s42/checkpoint-417,608232e956f9586de48124c1,476,2,early,8,25,-1.5084882974624634,-0.7253004312515259,-1.3937629461288452,-0.7428780198097229,-0.5077217817306519,-0.7699961066246033,0.13230293989181519,0.11472535133361816,0.01757758855819702,-0.7831878662109375,-0.6508849263191223,0.9131592512130737,0.65
qwen3-4b-keep4-s42,<TRAIN_ROOT>/qwen3-4b-keep4-s42/checkpoint-417,c7ab532a4796a41792cf0fb4,476,4,late,19,25,-0.7636191844940186,-1.1689634323120117,-0.7914013862609863,-1.4078664779663086,-0.17629384994506836,-1.3958179950714111,0.2111208438873291,-0.027782201766967773,0.23890304565429688,0.40534424781799316,0.6164650917053223,0.6030590534210205,0.77
qwen3-4b-keep4-s42,<TRAIN_ROOT>/qwen3-4b-keep4-s42/checkpoint-417,411079d4a43229cd9d819ab0,476,8,mid,14,25,-1.7986928224563599,-0.059667110443115234,-0.9455937147140503,-0.23914170265197754,-0.257461279630661,-0.33587121963500977,1.0325736999511719,0.8530991077423096,0.1794745922088623,-1.7390257120132446,-0.7064520120620728,0.7848619520664215,0.76
qwen3-4b-keep4-s42,<TRAIN_ROOT>/qwen3-4b-keep4-s42/checkpoint-417,bcf4a631411ead04f9e07598,112,1,early,6,36,-1.234688639640808,-0.49495410919189453,-1.090465784072876,-0.49362871050834656,-0.7836638689041138,-0.5469849109649658,0.14289745688438416,0.14422285556793213,-0.0013253986835479736,-0.7397345304489136,-0.5968370735645294,0.36015811562538147,0.83
qwen3-4b-keep4-s42,<TRAIN_ROOT>/qwen3-4b-keep4-s42/checkpoint-417,b12e28e84fd488140eba184b,112,2,late,33,36,-1.9686715602874756,-0.5691645741462708,-1.8051214218139648,-0.6068379878997803,-0.7109228372573853,-0.5282658338546753,0.20122355222702026,0.16355013847351074,0.03767341375350952,-1.3995069861412048,-1.1982834339141846,1.0156264305114746,1.14
qwen3-4b-keep4-s42,<TRAIN_ROOT>/qwen3-4b-keep4-s42/checkpoint-417,304198d3231dc6703556bba0,112,4,mid,18,36,-0.6089118719100952,-0.1556035578250885,-0.4881253242492676,-0.3070351779460907,-0.3701634407043457,-0.41840922832489014,0.27221816778182983,0.12078654766082764,0.1514316201210022,-0.4533083140850067,-0.18109014630317688,0.2293359339237213,1.01
qwen3-4b-keep4-s42,<TRAIN_ROOT>/qwen3-4b-keep4-s42/checkpoint-417,ac5e64f0faca410ed9af66ba,112,8,early,9,36,-0.9696211218833923,-1.2880734205245972,-0.6767839789390564,-1.2441117763519287,-0.30544623732566833,-1.2952983379364014,0.24887549877166748,0.29283714294433594,-0.04396164417266846,0.31845229864120483,0.5673277974128723,0.4225243031978607,0.96
qwen3-4b-keep4-s42,<TRAIN_ROOT>/qwen3-4b-keep4-s42/checkpoint-417,df0cc647b67e90068478d221,265,1,late,44,46,-0.9596165418624878,-0.2249159961938858,-0.5553555488586426,-0.22609782218933105,-0.3395293951034546,-0.22375698387622833,0.40544281899929047,0.4042609930038452,0.0011818259954452515,-0.734700545668602,-0.3292577266693115,0.21348531544208527,1.02
qwen3-4b-keep4-s42,<TRAIN_ROOT>/qwen3-4b-keep4-s42/checkpoint-417,988b1a88f3169c92eeafc80f,265,2,mid,29,46,-1.4313626289367676,-0.00158100132830441,-0.9185943603515625,-0.020888328552246094,-0.50907963514328,-0.06357689201831818,0.5320755958091468,0.5127682685852051,0.019307327223941684,-1.4297816276084632,-0.8977060317993164,0.45220328867435455,0.88
qwen3-4b-keep4-s42,<TRAIN_ROOT>/qwen3-4b-keep4-s42/checkpoint-417,0451b195b260e9949b03b333,265,4,early,13,46,-0.6817951798439026,-0.534298837184906,-0.47421935200691223,-0.5937285423278809,-0.16664355993270874,-0.613752543926239,0.2670055329799652,0.20757582783699036,0.059429705142974854,-0.14749634265899658,0.11950919032096863,0.32759979367256165,0.75
qwen3-4b-keep4-s42,<TRAIN_ROOT>/qwen3-4b-keep4-s42/checkpoint-417,00aa0148d187488946e7fb98,265,8,late,37,46,-1.68976628780365,-0.002577373059466481,-0.7364500164985657,-0.3212694525718689,-0.10531406849622726,-0.302428662776947,1.2720083508174866,0.9533162713050842,0.3186920795124024,-1.6871889147441834,-0.4151805639266968,0.6122951582074165,1.02
qwen3-4b-keep4-s42,<TRAIN_ROOT>/qwen3-4b-keep4-s42/checkpoint-417,527852dc4a9810c309536e96,832,1,mid,28,71,-1.5319627523422241,-0.4534757137298584,-1.3168840408325195,-0.47362446784973145,-0.5567636489868164,-0.5200257301330566,0.23522746562957764,0.2150787115097046,0.020148754119873047,-1.0784870386123657,-0.8432595729827881,0.8065216541290283,0.95
qwen3-4b-keep4-s42,<TRAIN_ROOT>/qwen3-4b-keep4-s42/checkpoint-417,a02d6c7ed721f1c92a424523,832,2,early,5,71,-1.0434798002243042,-1.0004918575286865,-0.9551190137863159,-1.0659136772155762,-0.5594694018363953,-1.1060681343078613,0.15378260612487793,0.08836078643798828,0.06542181968688965,-0.042987942695617676,0.11079466342926025,0.4358040690422058,0.73
qwen3-4b-keep4-s42,<TRAIN_ROOT>/qwen3-4b-keep4-s42/checkpoint-417,846e6c67abe28d7ecc90da37,832,4,late,51,71,-1.5041553974151611,-1.3871216773986816,-0.8831446170806885,-1.3505314588546753,-0.20049357414245605,-1.4481781721115112,0.5844205617904663,0.6210107803344727,-0.03659021854400635,-0.11703372001647949,0.4673868417739868,0.7802977561950684,1.24
qwen3-4b-keep4-s42,<TRAIN_ROOT>/qwen3-4b-keep4-s42/checkpoint-417,464d2922e7366e6b97103ab4,832,8,mid,46,71,-1.2615890502929688,-0.00769352912902832,-0.8852810859680176,-0.02627110481262207,-0.308790385723114,-0.10693907737731934,0.3948855400085449,0.37630796432495117,0.01857757568359375,-1.2538955211639404,-0.8590099811553955,0.6571586728096008,1.25
qwen3-4b-keep4-s42,<TRAIN_ROOT>/qwen3-4b-keep4-s42/checkpoint-417,855b06bef5f437f2308d9414,359,1,early,3,23,-3.7056469917297363,-1.108480453491211,-2.9527230262756348,-1.0295562744140625,-2.2568068504333496,-0.97589111328125,0.6739997863769531,0.7529239654541016,-0.07892417907714844,-2.5971665382385254,-1.9231667518615723,0.6422510147094727,0.55
qwen3-4b-keep4-s42,<TRAIN_ROOT>/qwen3-4b-keep4-s42/checkpoint-417,6a489b8561c5183e1d9d9c2c,359,2,late,19,23,-1.1818164587020874,-0.9473074078559875,-1.1420999765396118,-0.8244442343711853,-0.519392192363739,-0.7269107103347778,-0.08314669132232666,0.039716482162475586,-0.12286317348480225,-0.23450905084609985,-0.3176557421684265,0.5251742601394653,0.7
qwen3-4b-keep4-s42,<TRAIN_ROOT>/qwen3-4b-keep4-s42/checkpoint-417,dc301a34fc4d15c1bc2406a9,359,4,mid,12,23,-1.0486143827438354,-0.6364516019821167,-1.105743408203125,-0.5846004486083984,-0.2448388785123825,-0.5253044962882996,-0.10898017883300781,-0.05712902545928955,-0.05185115337371826,-0.41216278076171875,-0.5211429595947266,0.8016085773706436,0.65
qwen3-4b-keep4-s42,<TRAIN_ROOT>/qwen3-4b-keep4-s42/checkpoint-417,f945f901f5e2dbc866d175a7,359,8,early,8,23,-1.5480748414993286,-0.5982844233512878,-1.3256125450134277,-0.6639703512191772,-0.9251134395599365,-0.6450953483581543,0.2881482243537903,0.22246229648590088,0.0656859278678894,-0.9497904181480408,-0.6616421937942505,0.38162410259246826,0.66
qwen3-4b-keep4-s42,<TRAIN_ROOT>/qwen3-4b-keep4-s42/checkpoint-417,c92261ecbbe032c47d72683f,711,1,late,41,59,-0.953826904296875,-0.9300624132156372,-0.8046720623970032,-0.9165971875190735,-0.5375135540962219,-0.9954005479812622,0.1356896162033081,0.14915484189987183,-0.01346522569656372,-0.023764491081237793,0.11192512512207031,0.34596186876296997,1.02
qwen3-4b-keep4-s42,<TRAIN_ROOT>/qwen3-4b-keep4-s42/checkpoint-417,47aed701c56c2603a8b0f69b,711,2,mid,35,59,-1.3180592060089111,-0.7477461099624634,-1.0482215881347656,-0.7939470410346985,-0.616855800151825,-0.8581754565238953,0.3160385489463806,0.2698376178741455,0.04620093107223511,-0.5703130960464478,-0.25427454710006714,0.49559420347213745,0.97
qwen3-4b-keep4-s42,<TRAIN_ROOT>/qwen3-4b-keep4-s42/checkpoint-417,50d15936ef9e10fc403c9b38,711,4,early,11,59,-1.4719456434249878,-1.0447105169296265,-1.2806339263916016,-1.0879207849502563,-0.5657269954681396,-1.0979293584823608,0.2345219850540161,0.19131171703338623,0.04321026802062988,-0.42723512649536133,-0.19271314144134521,0.7249155044555664,0.73
qwen3-4b-keep4-s42,<TRAIN_ROOT>/qwen3-4b-keep4-s42/checkpoint-417,eed41c48cf5f158574a62659,711,8,late,54,59,-1.2567895650863647,-1.53999662399292,-0.5006592869758606,-1.5924508571624756,-0.01502227783203125,-1.9757742881774902,0.8085845112800598,0.7561302781105042,0.052454233169555664,0.2832070589065552,1.091791570186615,0.868960440158844,1.22
qwen3-4b-keep4-s42,<TRAIN_ROOT>/qwen3-4b-keep4-s42/checkpoint-417,c88121271d6106690907486c,412,1,mid,17,34,-1.120158314704895,-1.417465090751648,-0.7016332745552063,-1.4192389249801636,-0.24522358179092407,-1.3974205255508423,0.42029887437820435,0.4185250401496887,0.001773834228515625,0.29730677604675293,0.7176056504249573,0.43459129333496094,0.86
qwen3-4b-keep4-s42,<TRAIN_ROOT>/qwen3-4b-keep4-s42/checkpoint-417,2947270ca1d5140e05cd4663,412,2,early,3,34,-1.7107820510864258,-1.8688756227493286,-0.9307632446289062,-1.8375097513198853,-0.5890039801597595,-1.8961517810821533,0.7486529350280762,0.7800188064575195,-0.03136587142944336,0.15809357166290283,0.906746506690979,0.4004012942314148,0.74
qwen3-4b-keep4-s42,<TRAIN_ROOT>/qwen3-4b-keep4-s42/checkpoint-417,2d09f878ffc0d24c33b79021,412,4,late,26,34,-1.243156909942627,-0.8697577714920044,-0.632725715637207,-1.0797914266586304,-0.15408563613891602,-1.1197316646575928,0.8204648494720459,0.6104311943054199,0.21003365516662598,-0.37339913845062256,0.44706571102142334,0.5185803174972534,0.98
qwen3-4b-keep4-s42,<TRAIN_ROOT>/qwen3-4b-keep4-s42/checkpoint-417,3062c212d34561e0d4cf63ea,412,8,mid,15,34,-1.8279560804367065,-1.3660328388214111,-0.8638443350791931,-1.7132716178894043,-0.3437114655971527,-1.940448522567749,1.3113505244255066,0.9641117453575134,0.34723877906799316,-0.4619232416152954,0.8494272828102112,0.7473097741603851,0.9
qwen3-4b-keep4-s42,<TRAIN_ROOT>/qwen3-4b-keep4-s42/checkpoint-417,e228044d95b0781a977d7b06,532,1,early,9,51,-2.2472963333129883,-0.21775786578655243,-1.470702052116394,-0.21360532939434052,-1.1860913038253784,-0.22386567294597626,0.7724417448043823,0.7765942811965942,-0.004152536392211914,-2.029538467526436,-1.2570967227220535,0.29487109184265137,0.57
qwen3-4b-keep4-s42,<TRAIN_ROOT>/qwen3-4b-keep4-s42/checkpoint-417,2635de1b6cc554d7c0bccb0f,532,2,late,42,51,-0.7385507225990295,-0.022507285699248314,-0.6017410159111023,-0.049735166132450104,-0.2885577380657196,-0.05804948881268501,0.16403758712112904,0.13680970668792725,0.02722788043320179,-0.7160434368997812,-0.5520058497786522,0.3214976005256176,0.93
qwen3-4b-keep4-s42,<TRAIN_ROOT>/qwen3-4b-keep4-s42/checkpoint-417,18c20933d677d19e058a6563,532,4,mid,29,51,-0.6897696256637573,-0.43113595247268677,-0.4543134272098541,-0.4668467342853546,-0.10722377151250839,-0.5161100029945374,0.27116698026657104,0.2354561984539032,0.03571078181266785,-0.25863367319107056,0.012533307075500488,0.3963529244065285,0.81
qwen3-4b-keep4-s42,<TRAIN_ROOT>/qwen3-4b-keep4-s42/checkpoint-417,1f6fde163c2d700f23e3b8cf,532,8,early,12,51,-0.5321565866470337,-0.21089936792850494,-0.4196385145187378,-0.22250112891197205,-0.052591681480407715,-0.293658971786499,0.124119833111763,0.1125180721282959,0.011601760983467102,-0.32125721871852875,-0.19713738560676575,0.43820467591285706,0.69
qwen3-4b-keep4-s42,<TRAIN_ROOT>/qwen3-4b-keep4-s42/checkpoint-417,d28d96c1b4e2bee22f7a0f5e,22,1,late,55,60,-1.8350961208343506,-0.0382821224629879,-0.9449713230133057,-0.07892963290214539,-0.2936258316040039,-0.12116678059101105,0.9307723082602024,0.8901247978210449,0.040647510439157486,-1.7968139983713627,-0.8660416901111603,0.6935826390981674,1.0
qwen3-4b-keep4-s42,<TRAIN_ROOT>/qwen3-4b-keep4-s42/checkpoint-417,76057a13e7ced01f0b2fa09e,22,2,mid,23,60,-1.0430071353912354,-0.5247278213500977,-0.8371921181678772,-0.5822927951812744,-0.38646337389945984,-0.6456480026245117,0.2633799910545349,0.20581501722335815,0.05756497383117676,-0.5182793140411377,-0.2548993229866028,0.5140839517116547,0.71
qwen3-4b-keep4-s42,<TRAIN_ROOT>/qwen3-4b-keep4-s42/checkpoint-417,3ff882f4f3544cf0f257aa94,22,4,early,16,60,-0.8929752707481384,-0.998154878616333,-0.6985085606575012,-1.1016955375671387,-0.21267107129096985,-1.0473012924194336,0.29800736904144287,0.1944667100906372,0.10354065895080566,0.10517960786819458,0.40318697690963745,0.4314432442188263,0.64
qwen3-4b-keep4-s42,<TRAIN_ROOT>/qwen3-4b-keep4-s42/checkpoint-417,a34385efba2c5efdf93a8957,22,8,late,52,60,-1.9971520900726318,-0.9507362842559814,-1.0461130142211914,-0.8302652835845947,-0.23519739508628845,-0.789949893951416,0.8305680751800537,0.9510390758514404,-0.12047100067138672,-1.0464158058166504,-0.21584773063659668,0.7706002295017242,1.04
qwen3-4b-keep4-s42,<TRAIN_ROOT>/qwen3-4b-keep4-s42/checkpoint-417,806aeae824ad23b83118a5ad,299,1,mid,37,66,-0.933025598526001,-0.8745490312576294,-0.6691154837608337,-0.8943964242935181,-0.4389871060848236,-0.8886205554008484,0.2837575078010559,0.26391011476516724,0.019847393035888672,-0.05847656726837158,0.22528094053268433,0.22435250878334045,0.89
qwen3-4b-keep4-s42,<TRAIN_ROOT>/qwen3-4b-keep4-s42/checkpoint-417,9d8a2774978365c157fb4171,299,2,early,21,66,-1.146294116973877,-0.00543975830078125,-0.8554022312164307,-0.011195898056030273,-0.6434879302978516,-0.034056663513183594,0.2966480255126953,0.2908918857574463,0.0057561397552490234,-1.1408543586730957,-0.8442063331604004,0.23477506637573242,0.74
qwen3-4b-keep4-s42,<TRAIN_ROOT>/qwen3-4b-keep4-s42/checkpoint-417,7e2cb9c4c4ae6aeb88279a0b,299,4,late,64,66,-1.8654171228408813,-1.4342222213745117,-1.0691648721694946,-1.55495023727417,-0.16618919372558594,-1.6334547996520996,0.9169802665710449,0.7962522506713867,0.1207280158996582,-0.43119490146636963,0.4857853651046753,0.9814802408218384,1.22
qwen3-4b-keep4-s42,<TRAIN_ROOT>/qwen3-4b-keep4-s42/checkpoint-417,d8180f9387dd944ad972e4b3,299,8,mid,27,66,-1.3668885231018066,-0.9420364499092102,-1.1979060173034668,-0.943760097026825,-0.4022512435913086,-0.982730507850647,0.1707061529159546,0.16898250579833984,0.001723647117614746,-0.42485207319259644,-0.25414592027664185,0.8346251845359802,0.85
qwen3-4b-keep4-s42,<TRAIN_ROOT>/qwen3-4b-keep4-s42/checkpoint-417,25308b0ce2b1fc2f48c5f794,984,1,early,13,69,-2.1198153495788574,-0.4896430969238281,-1.8413400650024414,-0.5102211833000183,-1.0833404064178467,-0.4902089536190033,0.2990533709526062,0.278475284576416,0.020578086376190186,-1.6301722526550293,-1.331118881702423,0.7379874289035797,0.75
qwen3-4b-keep4-s42,<TRAIN_ROOT>/qwen3-4b-keep4-s42/checkpoint-417,9a4e5aad5bebf2efe85ad11e,984,2,late,61,69,-0.8743274211883545,-0.4807506203651428,-0.6152081489562988,-0.5370367169380188,-0.18824338912963867,-0.5136885046958923,0.31540536880493164,0.25911927223205566,0.05628609657287598,-0.39357680082321167,-0.07817143201828003,0.4036165475845337,1.25
qwen3-4b-keep4-s42,<TRAIN_ROOT>/qwen3-4b-keep4-s42/checkpoint-417,87a55359562cfd193e4f79d1,984,4,mid,33,69,-1.3566498756408691,-0.0020874871406704187,-1.1044355630874634,-0.04919709265232086,-0.7327122092247009,-0.12277666479349136,0.2993239180650562,0.25221431255340576,0.04710960551165044,-1.3545623885001987,-1.0552384704351425,0.44530292600393295,0.98
qwen3-4b-keep4-s42,<TRAIN_ROOT>/qwen3-4b-keep4-s42/checkpoint-417,0bd6b12149dd96afca6c55db,984,8,early,12,69,-1.6175591945648193,-2.548215627670288,-1.7340644598007202,-2.6091408729553223,-0.9729932546615601,-2.520472288131714,-0.0555800199508667,-0.11650526523590088,0.06092524528503418,0.9306564331054688,0.875076413154602,0.6724026203155518,0.82
qwen3-4b-keep4-s42,<TRAIN_ROOT>/qwen3-4b-keep4-s42/checkpoint-417,e05fd0b5ec672f65f9facb8c,353,1,late,19,26,-1.0248510837554932,-0.5083441734313965,-0.8015259504318237,-0.49285343289375305,-0.3643839359283447,-0.5071200132369995,0.207834392786026,0.22332513332366943,-0.015490740537643433,-0.5165069103240967,-0.3086725175380707,0.45140859484672546,1.15
qwen3-4b-keep4-s42,<TRAIN_ROOT>/qwen3-4b-keep4-s42/checkpoint-417,d74333173d3c52ededa83d72,353,2,mid,16,26,-0.3978598415851593,-0.768218994140625,-0.26755982637405396,-0.754318356513977,-0.11559359729290009,-0.7357884645462036,0.1163993775844574,0.13030001521110535,-0.01390063762664795,0.3703591525554657,0.4867585301399231,0.13343633711338043,1.12
qwen3-4b-keep4-s42,<TRAIN_ROOT>/qwen3-4b-keep4-s42/checkpoint-417,60bfe85c97a884cfbf8ada69,353,4,early,5,26,-0.7025777697563171,-0.5437604784965515,-0.494559109210968,-0.5695192217826843,-0.08517087996006012,-0.6961433291435242,0.23377740383148193,0.20801866054534912,0.025758743286132812,-0.15881729125976562,0.07496011257171631,0.5360123366117477,1.01
qwen3-4b-keep4-s42,<TRAIN_ROOT>/qwen3-4b-keep4-s42/checkpoint-417,d485155e3cebd2c804a90bf5,353,8,late,23,26,-0.4164305329322815,-0.4487506151199341,-0.33852845430374146,-0.4760932922363281,-0.21341603994369507,-0.5217596292495728,0.10524475574493408,0.07790207862854004,0.027342677116394043,0.03232008218765259,0.13756483793258667,0.17077875137329102,1.33
qwen3-4b-keep4-s42,<TRAIN_ROOT>/qwen3-4b-keep4-s42/checkpoint-417,3d1823bcf955cf0042e58546,800,1,mid,40,69,-1.4801311492919922,-0.0006571876001544297,-0.7440365552902222,-0.004353417549282312,-0.5596669316291809,-0.009844886139035225,0.7397908239508979,0.73609459400177,0.0036962299491278827,-1.4794739616918378,-0.7396831377409399,0.18986109225079417,1.01
qwen3-4b-keep4-s42,<TRAIN_ROOT>/qwen3-4b-keep4-s42/checkpoint-417,19bc721210ce568dd85e66d2,800,2,early,16,69,-0.9624947309494019,-0.22150738537311554,-0.9504727125167847,-0.23773892223834991,-0.7851726412773132,-0.3314685821533203,0.028253555297851562,0.012022018432617188,0.016231536865234375,-0.7409873455762863,-0.7127337902784348,0.25902973115444183,0.78
qwen3-4b-keep4-s42,<TRAIN_ROOT>/qwen3-4b-keep4-s42/checkpoint-417,61d30debf6f4930b122e45b9,800,4,late,61,69,-1.0559955835342407,-0.6920115947723389,-0.9349207282066345,-0.8656837940216064,-0.48125648498535156,-1.0523529052734375,0.2947470545768738,0.1210748553276062,0.17367219924926758,-0.36398398876190186,-0.06923693418502808,0.640333354473114,1.26
qwen3-4b-keep4-s42,<TRAIN_ROOT>/qwen3-4b-keep4-s42/checkpoint-417,e439d22a97d0b3af281989ae,800,8,mid,46,69,-0.9118533134460449,-0.7666010856628418,-0.7651872634887695,-0.6839825510978699,-0.5351173877716064,-0.6524865031242371,0.06404751539230347,0.1466660499572754,-0.08261853456497192,-0.14525222778320312,-0.08120471239089966,0.19857382774353027,1.13
qwen3-4b-keep4-s42,<TRAIN_ROOT>/qwen3-4b-keep4-s42/checkpoint-417,1c547e24d53a57c262bd5dcc,1049,1,early,9,33,-0.7988836169242859,-0.6316248178482056,-0.7175623178482056,-0.7522346377372742,-0.5219963192939758,-0.8350883722305298,0.20193111896514893,0.08132129907608032,0.1206098198890686,-0.16725879907608032,0.034672319889068604,0.27841973304748535,0.59
qwen3-4b-keep4-s42,<TRAIN_ROOT>/qwen3-4b-keep4-s42/checkpoint-417,686f827473d2f7b0b50c130f,1049,2,late,31,33,-1.1789885759353638,-1.0023977756500244,-0.6318435668945312,-0.9748570919036865,-0.28050336241722107,-1.0518901348114014,0.5196043252944946,0.5471450090408325,-0.02754068374633789,-0.17659080028533936,0.3430135250091553,0.428373247385025,0.83
qwen3-4b-keep4-s42,<TRAIN_ROOT>/qwen3-4b-keep4-s42/checkpoint-417,0e16a3872848e737dddb35d9,1049,4,mid,13,33,-1.4694232940673828,-0.12441009283065796,-0.9453873038291931,-0.10158975422382355,-0.3207145631313324,-0.09658677875995636,0.5012156516313553,0.5240359902381897,-0.02282033860683441,-1.3450132012367249,-0.8437975496053696,0.6196697652339935,0.66
qwen3-4b-keep4-s42,<TRAIN_ROOT>/qwen3-4b-keep4-s42/checkpoint-417,41ca22731884587deccccc63,1049,8,early,8,33,-1.1352990865707397,-0.6940115094184875,-1.0172926187515259,-0.8726219534873962,-0.5523405075073242,-0.8792591094970703,0.29661691188812256,0.11800646781921387,0.1786104440689087,-0.4412875771522522,-0.14467066526412964,0.47158926725387573,0.65
qwen3-4b-keep4-s42,<TRAIN_ROOT>/qwen3-4b-keep4-s42/checkpoint-417,eb832003d9251b37a7a443d5,694,1,late,38,52,-0.9754366874694824,-0.9238033890724182,-0.9828927516937256,-1.0279606580734253,-0.6909425258636475,-1.091938853263855,0.09670120477676392,-0.007456064224243164,0.10415726900100708,-0.05163329839706421,0.04506790637969971,0.3559284210205078,1.11
qwen3-4b-keep4-s42,<TRAIN_ROOT>/qwen3-4b-keep4-s42/checkpoint-417,f67c57a22041bf1f45c25b36,694,2,mid,19,52,-1.9666144847869873,-0.0004016028542537242,-1.2951645851135254,-0.07225969433784485,-0.5737197399139404,-0.10859446972608566,0.743307991157053,0.6714498996734619,0.07185809148359112,-1.9662128819327336,-1.2229048907756805,0.7577796205878258,0.93
qwen3-4b-keep4-s42,<TRAIN_ROOT>/qwen3-4b-keep4-s42/checkpoint-417,ca35095b8f0545926de791ec,694,4,early,15,52,-0.9276595711708069,-0.0039522647857666016,-1.027404546737671,-0.09639453887939453,-0.6042086482048035,-0.1659407615661621,-0.007302701473236084,-0.09974497556686401,0.09244227409362793,-0.9237073063850403,-0.9310100078582764,0.492742121219635,0.91
qwen3-4b-keep4-s42,<TRAIN_ROOT>/qwen3-4b-keep4-s42/checkpoint-417,3ce540cf07c5623d46d255af,694,8,late,37,52,-1.166696548461914,-0.02461351826786995,-0.40567782521247864,-0.1477854698896408,-0.04603467881679535,-0.41862136125564575,0.8841906748712063,0.7610187232494354,0.12317195162177086,-1.1420830301940441,-0.25789235532283783,0.6304790377616882,1.17
qwen3-4b-keep4-s42,<TRAIN_ROOT>/qwen3-4b-keep4-s42/checkpoint-417,b2579c2786a7b4ce931b833a,75,1,mid,38,59,-0.929233968257904,-0.44522714614868164,-0.6827611923217773,-0.444965124130249,-0.45625972747802734,-0.43445277214050293,0.2462107539176941,0.2464727759361267,-0.0002620220184326172,-0.4840068221092224,-0.23779606819152832,0.2159891128540039,1.09
qwen3-4b-keep4-s42,<TRAIN_ROOT>/qwen3-4b-keep4-s42/checkpoint-417,ab5a5a6123efc6b4a594dac3,75,2,early,18,59,-2.8601739406585693,-0.4629514217376709,-1.183685064315796,-0.5762004852294922,-0.5361725687980652,-0.6247661113739014,1.7897379398345947,1.6764888763427734,0.11324906349182129,-2.3972225189208984,-0.6074845790863037,0.6960781216621399,0.9
qwen3-4b-keep4-s42,<TRAIN_ROOT>/qwen3-4b-keep4-s42/checkpoint-417,741dae24f8d8bc56f7ee8e91,75,4,late,41,59,-1.2666720151901245,-1.02125883102417,-0.8381244540214539,-0.9260913729667664,-0.26242923736572266,-1.0075945854187012,0.3333801031112671,0.42854756116867065,-0.09516745805740356,-0.2454131841659546,0.0879669189453125,0.657198429107666,1.16
qwen3-4b-keep4-s42,<TRAIN_ROOT>/qwen3-4b-keep4-s42/checkpoint-417,31f29fa68c8c76ff35e4d40a,75,8,mid,34,59,-2.5803356170654297,-1.4570326805114746,-0.845550537109375,-1.2969530820846558,-0.22379779815673828,-1.3064334392547607,1.5747054815292358,1.7347850799560547,-0.16007959842681885,-1.123302936553955,0.45140254497528076,0.6312330961227417,1.12
qwen3-4b-keep4-s42,<TRAIN_ROOT>/qwen3-4b-keep4-s42/checkpoint-417,66d2187065a8598523e50cb4,229,1,early,16,76,-1.1847881078720093,-0.7197681665420532,-0.8358598947525024,-0.7054649591445923,-0.406585693359375,-0.7037515640258789,0.3346250057220459,0.34892821311950684,-0.014303207397460938,-0.46501994132995605,-0.13039493560791016,0.42756080627441406,0.86
qwen3-4b-keep4-s42,<TRAIN_ROOT>/qwen3-4b-keep4-s42/checkpoint-417,4a5846c9fb79ec397f347180,229,2,late,53,76,-1.6985338926315308,-0.4808337092399597,-1.1436694860458374,-0.37666863203048706,-0.6497270464897156,-0.3433570861816406,0.4506993293762207,0.5548644065856934,-0.10416507720947266,-1.217700183391571,-0.7670008540153503,0.4606308937072754,1.36
qwen3-4b-keep4-s42,<TRAIN_ROOT>/qwen3-4b-keep4-s42/checkpoint-417,fde1278791fb09d3ec4e38b5,229,4,mid,47,76,-1.9469884634017944,-0.07305172830820084,-1.2038767337799072,-0.4367787837982178,-0.5047403573989868,-0.7843895554542542,1.1068387851119041,0.7431117296218872,0.36372705549001694,-1.8739367350935936,-0.7670979499816895,1.0467471480369568,1.31
qwen3-4b-keep4-s42,<TRAIN_ROOT>/qwen3-4b-keep4-s42/checkpoint-417,fe4939cd62c0d14e88ec9952,229,8,early,9,76,-0.6031315922737122,-0.04577842354774475,-0.5274671912193298,-0.06758059561252594,-0.2997984290122986,-0.14522258937358856,0.09746657311916351,0.07566440105438232,0.02180217206478119,-0.5573531687259674,-0.4598865956068039,0.30531075596809387,0.87
qwen3-4b-keep4-s42,<TRAIN_ROOT>/qwen3-4b-keep4-s42/checkpoint-417,b6f15fce736da2ed4e1d1ef6,358,1,late,25,31,-0.9350088834762573,-1.469764232635498,-0.5721893310546875,-1.4487965106964111,-0.3026171624660492,-1.4964431524276733,0.3418518304824829,0.3628195524215698,-0.020967721939086914,0.5347553491592407,0.8766071796417236,0.3172188103199005,1.15
qwen3-4b-keep4-s42,<TRAIN_ROOT>/qwen3-4b-keep4-s42/checkpoint-417,ae64cb9482c2deb257fd9a3b,358,2,mid,11,31,-0.4287465214729309,-0.8531990051269531,-0.2876225411891937,-0.8975549340248108,-0.12761829793453217,-0.9094952940940857,0.18547990918159485,0.14112398028373718,0.044355928897857666,0.4244524836540222,0.6099323928356171,0.17194460332393646,1.02
qwen3-4b-keep4-s42,<TRAIN_ROOT>/qwen3-4b-keep4-s42/checkpoint-417,4552f6cf85eb98d5fb34b403,358,4,early,9,31,-1.5896470546722412,-0.341669499874115,-0.7090405225753784,-0.32870376110076904,-0.3500129282474518,-0.3395622968673706,0.8676407933235168,0.8806065320968628,-0.012965738773345947,-1.2479775547981262,-0.3803367614746094,0.3698861300945282,1.0
qwen3-4b-keep4-s42,<TRAIN_ROOT>/qwen3-4b-keep4-s42/checkpoint-417,2219439c31f9ee48fb18c8ec,358,8,late,25,31,-1.2377554178237915,-1.469764232635498,-0.5964744091033936,-1.4011486768722534,-0.13524506986141205,-1.4308325052261353,0.5726654529571533,0.641281008720398,-0.06861555576324463,0.23200881481170654,0.8046742677688599,0.49091316759586334,1.23
qwen3-4b-keep4-s42,<TRAIN_ROOT>/qwen3-4b-keep4-s42/checkpoint-417,59c8e653be01d499622952bd,928,1,mid,29,82,-0.6466709971427917,-1.0513548851013184,-0.49662065505981445,-1.0715404748916626,-0.33175215125083923,-1.047611117362976,0.17023593187332153,0.1500503420829773,0.02018558979034424,0.4046838879585266,0.5749198198318481,0.1409391462802887,1.02
qwen3-4b-keep4-s42,<TRAIN_ROOT>/qwen3-4b-keep4-s42/checkpoint-417,8a24137edfcf39f8b8457f9d,928,2,early,26,82,-0.9087061285972595,-0.26646748185157776,-0.9081289172172546,-0.3515623211860657,-0.8081765174865723,-0.4150716960430145,0.0856720507144928,0.0005772113800048828,0.08509483933448792,-0.6422386467456818,-0.556566596031189,0.16346177458763123,1.0
qwen3-4b-keep4-s42,<TRAIN_ROOT>/qwen3-4b-keep4-s42/checkpoint-417,ccb76dac12de663ff031047c,928,4,late,61,82,-0.9912906289100647,-0.6536674499511719,-0.8358086943626404,-0.4809672236442566,-0.3771311044692993,-0.4917423129081726,-0.017218291759490967,0.15548193454742432,-0.17270022630691528,-0.3376231789588928,-0.3548414707183838,0.4694526791572571,1.44
qwen3-4b-keep4-s42,<TRAIN_ROOT>/qwen3-4b-keep4-s42/checkpoint-417,9fef51d7e8c8177ef781900a,928,8,mid,51,82,-1.427459716796875,-1.070389986038208,-0.9703009128570557,-1.2370295524597168,-0.47329044342041016,-1.3050572872161865,0.6237983703613281,0.45715880393981934,0.1666395664215088,-0.357069730758667,0.26672863960266113,0.5650382041931152,1.37
qwen3-4b-keep4-s42,<TRAIN_ROOT>/qwen3-4b-keep4-s42/checkpoint-417,b1369034f554a77a2a9c57bf,621,1,early,12,71,-1.8310458660125732,-0.5376479625701904,-1.5583441257476807,-0.5878725051879883,-1.140899896621704,-0.6565454006195068,0.32292628288269043,0.2727017402648926,0.05022454261779785,-1.2933979034423828,-0.9704716205596924,0.4861171245574951,0.73
qwen3-4b-keep4-s42,<TRAIN_ROOT>/qwen3-4b-keep4-s42/checkpoint-417,011e27684423150b9832325a,621,2,late,60,71,-2.4986114501953125,-0.00317328330129385,-1.5077240467071533,-0.016123091802001,-0.9309756755828857,-0.04105023294687271,1.0038372119888663,0.9908874034881592,0.01294980850070715,-2.4954381668940187,-1.4916009549051523,0.6016755122691393,1.26
qwen3-4b-keep4-s42,<TRAIN_ROOT>/qwen3-4b-keep4-s42/checkpoint-417,11644ee88c48233115dd92ef,621,4,mid,46,71,-0.8602697253227234,-1.198279857635498,-0.7497382164001465,-1.380260705947876,-0.2152682989835739,-1.6085596084594727,0.29251235723495483,0.1105315089225769,0.18198084831237793,0.33801013231277466,0.6305224895477295,0.7627688199281693,1.13
qwen3-4b-keep4-s42,<TRAIN_ROOT>/qwen3-4b-keep4-s42/checkpoint-417,b4291a02c8c3bd527d9ae88d,621,8,early,22,71,-1.3679403066635132,-0.000759124755859375,-1.2433621883392334,-0.04296853765845299,-0.9158755540847778,-0.09281539916992188,0.1667875312268734,0.12457811832427979,0.04220941290259361,-1.3671811819076538,-1.2003936506807804,0.37733349576592445,0.9
qwen3-4b-keep4-s42,<TRAIN_ROOT>/qwen3-4b-keep4-s42/checkpoint-417,88a81b34680721a6be6a8a26,914,1,late,32,42,-1.436106562614441,-0.6026867628097534,-1.3185166120529175,-0.630854070186615,-0.7266795039176941,-0.6502240300178528,0.145757257938385,0.11758995056152344,0.028167307376861572,-0.8334197998046875,-0.6876625418663025,0.6112070679664612,1.09
qwen3-4b-keep4-s42,<TRAIN_ROOT>/qwen3-4b-keep4-s42/checkpoint-417,b48a2ca4898b4b45df279853,914,2,mid,19,42,-0.9328001737594604,-0.5521702170372009,-0.8751779198646545,-0.6520774364471436,-0.35613495111465454,-0.6904298663139343,0.15752947330474854,0.05762225389480591,0.09990721940994263,-0.3806299567222595,-0.223100483417511,0.5573953986167908,0.93
qwen3-4b-keep4-s42,<TRAIN_ROOT>/qwen3-4b-keep4-s42/checkpoint-417,10ff29ef5da6333860adba97,914,4,early,11,42,-1.5428457260131836,-0.06600513309240341,-1.4549976587295532,-0.07399673759937286,-0.552918016910553,-0.2620947062969208,0.09583967179059982,0.08784806728363037,0.007991604506969452,-1.4768405929207802,-1.3810009211301804,1.0901776105165482,0.89
qwen3-4b-keep4-s42,<TRAIN_ROOT>/qwen3-4b-keep4-s42/checkpoint-417,ca3d09eef4cd234452541e88,914,8,late,40,42,-1.2199442386627197,-0.008952140808105469,-0.030397839844226837,-0.4718818664550781,-0.0086678396910429,-0.6986103057861328,1.6524761244654655,1.189546398818493,0.46292972564697266,-1.2109920978546143,0.4414840266108513,0.24845843948423862,1.28
qwen3-4b-keep4-s42,<TRAIN_ROOT>/qwen3-4b-keep4-s42/checkpoint-417,38c998810a3df9ee6c5eb767,1101,1,mid,28,48,-0.47713503241539,-1.0027529001235962,-0.43040725588798523,-0.9709372520446777,-0.3786278963088989,-0.8728128671646118,0.014912128448486328,0.046727776527404785,-0.03181564807891846,0.5256178677082062,0.5405299961566925,-0.046345025300979614,0.81
qwen3-4b-keep4-s42,<TRAIN_ROOT>/qwen3-4b-keep4-s42/checkpoint-417,20c36340f9224e2b878d7d02,1101,2,early,9,48,-1.0188426971435547,-0.6471290588378906,-0.9084539413452148,-0.7158109545707703,-0.39841195940971375,-0.8043176531791687,0.17907065153121948,0.11038875579833984,0.06868189573287964,-0.37171363830566406,-0.19264298677444458,0.5985486805438995,0.63
qwen3-4b-keep4-s42,<TRAIN_ROOT>/qwen3-4b-keep4-s42/checkpoint-417,0ac985ae09f48f6978a5b872,1101,4,late,45,48,-0.8402554988861084,-1.024515986442566,-0.782723605632782,-1.0871999263763428,-0.24888284504413605,-1.176218032836914,0.12021583318710327,0.057531893253326416,0.06268393993377686,0.18426048755645752,0.3044763207435608,0.6228588670492172,0.99
qwen3-4b-keep4-s42,<TRAIN_ROOT>/qwen3-4b-keep4-s42/checkpoint-417,4595447208580ff7ae942085,1101,8,mid,31,48,-2.4199860095977783,-0.20955641567707062,-1.0523035526275635,-0.2708313763141632,-0.1886153221130371,-0.31537559628486633,1.4289574176073074,1.3676824569702148,0.06127496063709259,-2.2104295939207077,-0.7814721763134003,0.9082324504852295,0.91
qwen3-4b-keep4-s42,<TRAIN_ROOT>/qwen3-4b-keep4-s42/checkpoint-417,f136499503f340fbb39a66d0,994,1,early,15,56,-1.2632585763931274,-0.5724332332611084,-0.8171730041503906,-0.5537431240081787,-0.4292547106742859,-0.5365495681762695,0.42739546298980713,0.4460855722427368,-0.018690109252929688,-0.690825343132019,-0.2634298801422119,0.37072473764419556,0.76
qwen3-4b-keep4-s42,<TRAIN_ROOT>/qwen3-4b-keep4-s42/checkpoint-417,27d9916d980511f570a92b94,994,2,late,51,56,-0.9683870673179626,-0.893890380859375,-0.612909197807312,-0.8713434934616089,-0.16699674725532532,-0.8486680388450623,0.3329309821128845,0.35547786951065063,-0.022546887397766113,-0.07449668645858765,0.2584342956542969,0.42323699593544006,1.17
qwen3-4b-keep4-s42,<TRAIN_ROOT>/qwen3-4b-keep4-s42/checkpoint-417,886984b71eac722c34daa925,994,4,mid,34,56,-1.1138255596160889,-1.1084516048431396,-0.6044356822967529,-0.9928228855133057,-0.2801218032836914,-0.9499237537384033,0.39376115798950195,0.5093898773193359,-0.11562871932983398,-0.005373954772949219,0.38838720321655273,0.2814147472381592,1.0
qwen3-4b-keep4-s42,<TRAIN_ROOT>/qwen3-4b-keep4-s42/checkpoint-417,fa01c6d536b04eaff320ab17,994,8,early,14,56,-0.8866926431655884,-0.9195134043693542,-0.7381664514541626,-0.8992877006530762,-0.38290634751319885,-0.945737361907959,0.1283004879951477,0.14852619171142578,-0.020225703716278076,0.03282076120376587,0.16112124919891357,0.40170976519584656,0.84
qwen3-4b-keep4-s42,<TRAIN_ROOT>/qwen3-4b-keep4-s42/checkpoint-417,45f835008bee272d45670891,541,1,late,31,35,-1.1835968494415283,-1.5491615533828735,-0.754817008972168,-1.510447382926941,-0.17432355880737305,-1.5793884992599487,0.39006567001342773,0.42877984046936035,-0.03871417045593262,0.3655647039413452,0.755630373954773,0.6494345664978027,0.91
qwen3-4b-keep4-s42,<TRAIN_ROOT>/qwen3-4b-keep4-s42/checkpoint-417,63ff44f25f6e0f0312c2e506,541,2,mid,21,35,-1.4788486957550049,-2.8241922855377197,-0.8980297446250916,-2.5734031200408936,-0.6320427060127258,-2.4769411087036133,0.33002978563308716,0.5808189511299133,-0.25078916549682617,1.3453435897827148,1.675373375415802,0.16952502727508545,0.84
qwen3-4b-keep4-s42,<TRAIN_ROOT>/qwen3-4b-keep4-s42/checkpoint-417,8fb6a7105f2bc8e07ef16f26,541,4,early,10,35,-1.4728225469589233,-0.8101491928100586,-1.3256642818450928,-0.8191125392913818,-0.6527172923088074,-0.7488288879394531,0.1561216115951538,0.14715826511383057,0.008963346481323242,-0.6626733541488647,-0.5065517425537109,0.6026633381843567,0.76
qwen3-4b-keep4-s42,<TRAIN_ROOT>/qwen3-4b-keep4-s42/checkpoint-417,a4bae367dab0a5dac0ffc28d,541,8,late,26,35,-1.6016435623168945,-1.2590874433517456,-1.3683583736419678,-1.0696470737457275,-0.6835931539535522,-0.9227322340011597,0.04384481906890869,0.23328518867492676,-0.18944036960601807,-0.3425561189651489,-0.29871129989624023,0.5378503799438477,0.94
qwen3-4b-keep4-s42,<TRAIN_ROOT>/qwen3-4b-keep4-s42/checkpoint-417,4fad602cf9f5d60e6549beb5,1088,1,mid,19,54,-1.3454017639160156,-0.5089134573936462,-1.2735223770141602,-0.5047130584716797,-0.6142408847808838,-0.5324709415435791,0.06767898797988892,0.07187938690185547,-0.004200398921966553,-0.8364883065223694,-0.7688093185424805,0.6870393753051758,0.79
qwen3-4b-keep4-s42,<TRAIN_ROOT>/qwen3-4b-keep4-s42/checkpoint-417,3bac02cad36549754b6049a1,1088,2,early,12,54,-1.2311489582061768,-0.02959270589053631,-1.360451340675354,-0.023815155029296875,-0.7736582159996033,-0.06300125271081924,-0.13507993333041668,-0.12930238246917725,-0.005777550861239433,-1.2015562523156404,-1.3366361856460571,0.6259792223572731,0.73
qwen3-4b-keep4-s42,<TRAIN_ROOT>/qwen3-4b-keep4-s42/checkpoint-417,dd991590a7daebbab9762483,1088,4,late,53,54,-0.6421960592269897,-1.6375648975372314,-0.4385251998901367,-1.6130644083023071,-0.05642223358154297,-1.6917096376419067,0.1791703701019287,0.20367085933685303,-0.024500489234924316,0.9953688383102417,1.1745392084121704,0.46074819564819336,1.18
qwen3-4b-keep4-s42,<TRAIN_ROOT>/qwen3-4b-keep4-s42/checkpoint-417,264f873d770d7c6a66c961e3,1088,8,mid,31,54,-0.3848598897457123,-0.4938148856163025,-0.5699383616447449,-0.5390352010726929,-0.43838977813720703,-0.597510039806366,-0.1398581564426422,-0.1850784718990326,0.04522031545639038,0.10895499587059021,-0.030903160572052002,0.19002342224121094,1.02
qwen3-4b-keep4-s42,<TRAIN_ROOT>/qwen3-4b-keep4-s42/checkpoint-417,e22f26912ea93985e1117033,449,1,early,2,38,-1.5064096450805664,-0.8342928886413574,-1.319252371788025,-0.7380905151367188,-0.8897289037704468,-0.6975617408752441,0.09095489978790283,0.1871572732925415,-0.09620237350463867,-0.672116756439209,-0.5811618566513062,0.3889946937561035,0.48
qwen3-4b-keep4-s42,<TRAIN_ROOT>/qwen3-4b-keep4-s42/checkpoint-417,6fc55bd800164ef951d7bc1d,449,2,late,34,38,-1.2219783067703247,-0.8813285827636719,-0.983100175857544,-0.8406651020050049,-0.28172537684440613,-0.9315483570098877,0.19821465015411377,0.23887813091278076,-0.04066348075866699,-0.34064972400665283,-0.14243507385253906,0.7922580540180206,0.82
qwen3-4b-keep4-s42,<TRAIN_ROOT>/qwen3-4b-keep4-s42/checkpoint-417,08d2b2f93cb73ede12ae170e,449,4,mid,21,38,-1.1449601650238037,-0.46039271354675293,-0.7274141311645508,-0.4525834321975708,-0.3832063674926758,-0.4783174991607666,0.4097367525100708,0.41754603385925293,-0.007809281349182129,-0.6845674514770508,-0.27483069896698,0.3699418306350708,0.71
qwen3-4b-keep4-s42,<TRAIN_ROOT>/qwen3-4b-keep4-s42/checkpoint-417,22290a324c0d1a3265acd7ec,449,8,early,8,38,-3.937051773071289,-1.1134474277496338,-2.8179337978363037,-1.0618419647216797,-1.1229695081710815,-1.1476753950119019,1.0675125122070312,1.1191179752349854,-0.0516054630279541,-2.8236043453216553,-1.756091833114624,1.7807977199554443,0.6
qwen3-4b-keep4-s42,<TRAIN_ROOT>/qwen3-4b-keep4-s42/checkpoint-417,73d97370261a9c4e53cb3a66,1003,1,late,28,33,-1.2356030941009521,-1.2945986986160278,-0.995829701423645,-1.429972767829895,-0.6117839813232422,-1.3854560852050781,0.3751474618911743,0.23977339267730713,0.1353740692138672,0.058995604515075684,0.43414306640625,0.33952903747558594,0.92
qwen3-4b-keep4-s42,<TRAIN_ROOT>/qwen3-4b-keep4-s42/checkpoint-417,045623a69db32e4155a4bcc1,1003,2,mid,20,33,-1.3819741010665894,-0.7026804089546204,-0.6112600564956665,-0.7692458033561707,-0.48055705428123474,-0.9531436562538147,0.8372794389724731,0.7707140445709229,0.06656539440155029,-0.679293692111969,0.15798574686050415,0.3146008551120758,0.84
qwen3-4b-keep4-s42,<TRAIN_ROOT>/qwen3-4b-keep4-s42/checkpoint-417,b9e8741eb1fd017cdaa99534,1003,4,early,8,33,-1.1806784868240356,-0.6567360162734985,-0.8859900236129761,-0.747183620929718,-0.43236005306243896,-0.8190927505493164,0.38513606786727905,0.29468846321105957,0.09044760465621948,-0.5239424705505371,-0.13880640268325806,0.5255391001701355,0.74
qwen3-4b-keep4-s42,<TRAIN_ROOT>/qwen3-4b-keep4-s42/checkpoint-417,74dc4d0fde1beabac14bb34d,1003,8,late,30,33,-0.9961445927619934,-0.03604912757873535,-0.5146514177322388,-0.28194332122802734,-0.34054914116859436,-0.43061113357543945,0.7273873686790466,0.48149317502975464,0.245894193649292,-0.9600954651832581,-0.23270809650421143,0.3227700889110565,1.03
qwen3-4b-keep4-s42,<TRAIN_ROOT>/qwen3-4b-keep4-s42/checkpoint-417,af68e7bb4307cff7b58d64b1,1035,1,mid,17,39,-1.6254546642303467,-1.2008776664733887,-1.1542549133300781,-1.2132163047790527,-0.7743209600448608,-1.2602381706237793,0.4835383892059326,0.47119975090026855,0.012338638305664062,-0.424576997756958,0.05896139144897461,0.42695581912994385,0.68
qwen3-4b-keep4-s42,<TRAIN_ROOT>/qwen3-4b-keep4-s42/checkpoint-417,4a0cdf73515da4c94e3f3ada,1035,2,early,3,39,-0.863860011100769,-0.10930170863866806,-0.7588616013526917,-0.19244958460330963,-0.2678944766521454,-0.2786532938480377,0.18814628571271896,0.10499840974807739,0.08314787596464157,-0.754558302462101,-0.566412016749382,0.5771708339452744,0.57
qwen3-4b-keep4-s42,<TRAIN_ROOT>/qwen3-4b-keep4-s42/checkpoint-417,89c655404b744a2d41782ffe,1035,4,late,33,39,-1.2469673156738281,-1.307814598083496,-1.0345062017440796,-1.4574038982391357,-0.6710785627365112,-1.5014739036560059,0.3620504140853882,0.21246111392974854,0.14958930015563965,0.06084728240966797,0.42289769649505615,0.4074976444244385,0.84
qwen3-4b-keep4-s42,<TRAIN_ROOT>/qwen3-4b-keep4-s42/checkpoint-417,e32c2b80a5c1a8dd2b885a14,1035,8,mid,23,39,-1.8094546794891357,-0.6082625389099121,-0.7471059560775757,-0.45848894119262695,-0.07576402276754379,-0.5239956378936768,0.9125751256942749,1.06234872341156,-0.14977359771728516,-1.2011921405792236,-0.28861701488494873,0.7368486300110817,0.77
qwen3-4b-keep4-s42,<TRAIN_ROOT>/qwen3-4b-keep4-s42/checkpoint-417,b9a647b45724491bb65b1d5f,538,1,early,3,39,-1.755379319190979,-0.7313336133956909,-1.6294686794281006,-0.7834854125976562,-1.305528998374939,-0.7908454537391663,0.17806243896484375,0.12591063976287842,0.05215179920196533,-1.024045705795288,-0.8459832668304443,0.33129972219467163,0.52
qwen3-4b-keep4-s42,<TRAIN_ROOT>/qwen3-4b-keep4-s42/checkpoint-417,54272ba22689136f2fc34a4c,538,2,late,28,39,-1.362813949584961,-1.5120632648468018,-1.1486696004867554,-1.6420795917510986,-0.4796060621738434,-1.6446313858032227,0.34416067600250244,0.21414434909820557,0.13001632690429688,0.14924931526184082,0.49340999126434326,0.671615332365036,0.8
qwen3-4b-keep4-s42,<TRAIN_ROOT>/qwen3-4b-keep4-s42/checkpoint-417,e18e4d4b36304b433733f8f1,538,4,mid,21,39,-0.8744329810142517,-0.7306896448135376,-0.7075042724609375,-0.6661928296089172,-0.36127015948295593,-0.6334913372993469,0.10243189334869385,0.1669287085533142,-0.06449681520462036,-0.1437433362007141,-0.041311442852020264,0.31353262066841125,0.73
qwen3-4b-keep4-s42,<TRAIN_ROOT>/qwen3-4b-keep4-s42/checkpoint-417,dabbc018876070eafc123db1,538,8,early,9,39,-1.172819972038269,-1.7041823863983154,-1.0824095010757446,-1.7639427185058594,-0.6953218579292297,-1.8485522270202637,0.15017080307006836,0.09041047096252441,0.059760332107543945,0.5313624143600464,0.6815332174301147,0.4716971516609192,0.66
qwen3-4b-keep4-s42,<TRAIN_ROOT>/qwen3-4b-keep4-s42/checkpoint-417,b288ace107a538aed9aaec81,269,1,late,29,38,-1.4342701435089111,-1.6134867668151855,-0.8733220100402832,-1.6504285335540771,-0.5215287208557129,-1.684118390083313,0.5978899002075195,0.5609481334686279,0.0369417667388916,0.17921662330627441,0.777106523513794,0.38548314571380615,0.91
qwen3-4b-keep4-s42,<TRAIN_ROOT>/qwen3-4b-keep4-s42/checkpoint-417,0695e695c6e6d2cb6106f586,269,2,mid,23,38,-0.8403072357177734,-0.3205750286579132,-0.6706300377845764,-0.32142674922943115,-0.37555113434791565,-0.33033838868141174,0.17052891850471497,0.16967719793319702,0.0008517205715179443,-0.5197322070598602,-0.34920328855514526,0.30399054288864136,0.86
qwen3-4b-keep4-s42,<TRAIN_ROOT>/qwen3-4b-keep4-s42/checkpoint-417,be37203a131f41a434f0e951,269,4,early,8,38,-1.023756504058838,-0.22716805338859558,-0.8718575239181519,-0.20664070546627045,-0.5251918435096741,-0.1951896995306015,0.1313716322183609,0.15189898014068604,-0.020527347922325134,-0.7965884506702423,-0.6652168184518814,0.33521467447280884,0.7
qwen3-4b-keep4-s42,<TRAIN_ROOT>/qwen3-4b-keep4-s42/checkpoint-417,e6eb622e5c3c17f50e8c536d,269,8,late,31,38,-0.737718403339386,-1.5903141498565674,-0.511925995349884,-1.9465699195861816,-0.2258625030517578,-2.1229312419891357,0.5820481777191162,0.22579240798950195,0.35625576972961426,0.8525957465171814,1.4346439242362976,0.4624248147010803,1.01
qwen3-4b-keep4-s42,<TRAIN_ROOT>/qwen3-4b-keep4-s42/checkpoint-417,a13ef6fed582430292a722b6,197,1,mid,21,38,-0.8500401377677917,-0.22894802689552307,-0.5415446758270264,-0.25078997015953064,-0.3643721044063568,-0.25898686051368713,0.33033740520477295,0.3084954619407654,0.02184194326400757,-0.6210921108722687,-0.2907547056674957,0.18536946177482605,0.75
qwen3-4b-keep4-s42,<TRAIN_ROOT>/qwen3-4b-keep4-s42/checkpoint-417,f482fa61f0c6eb9bcebd5cef,197,2,early,10,38,-0.7458704710006714,-0.036397721618413925,-0.6214837431907654,-0.07117186486721039,-0.31129249930381775,-0.11045859009027481,0.15916087105870247,0.124386727809906,0.03477414324879646,-0.7094727493822575,-0.550311878323555,0.34947796911001205,0.64
qwen3-4b-keep4-s42,<TRAIN_ROOT>/qwen3-4b-keep4-s42/checkpoint-417,9eeb26ee90a0196665753da1,197,4,late,35,38,-0.8555023074150085,-0.9301563501358032,-0.46177947521209717,-0.8222762942314148,-0.13197273015975952,-1.1060043573379517,0.28584277629852295,0.3937228322029114,-0.10788005590438843,0.07465404272079468,0.3604968190193176,0.6135348081588745,0.92
qwen3-4b-keep4-s42,<TRAIN_ROOT>/qwen3-4b-keep4-s42/checkpoint-417,e7993165699a6dbf295bf92d,197,8,mid,22,38,-1.2543108463287354,-0.715227484703064,-0.4356452226638794,-0.5946947932243347,-0.19016309082508087,-0.7095851898193359,0.6981329321861267,0.818665623664856,-0.12053269147872925,-0.5390833616256714,0.15904957056045532,0.36037252843379974,0.84
qwen3-4b-keep4-s42,<TRAIN_ROOT>/qwen3-4b-keep4-s42/checkpoint-417,5032522a33da22e940e9327e,938,1,early,18,81,-0.8700952529907227,-0.4957151412963867,-0.9448891282081604,-0.5176426768302917,-0.5732417106628418,-0.5331764221191406,-0.052866339683532715,-0.07479387521743774,0.02192753553390503,-0.37438011169433594,-0.42724645137786865,0.3871811628341675,1.01
qwen3-4b-keep4-s42,<TRAIN_ROOT>/qwen3-4b-keep4-s42/checkpoint-417,0507a42ec2fad13aa43c21aa,938,2,late,60,81,-1.2694288492202759,-0.0001712799130473286,-1.1374067068099976,-0.005792808718979359,-0.58855801820755,-0.04111194610595703,0.13764367121621035,0.13202214241027832,0.00562152880593203,-1.2692575693072286,-1.1316138980910182,0.5841678259894252,1.49
qwen3-4b-keep4-s42,<TRAIN_ROOT>/qwen3-4b-keep4-s42/checkpoint-417,559d5504b8c535e9e3016e71,938,4,mid,43,81,-1.3497122526168823,-0.5484371185302734,-1.0738964080810547,-0.7136306762695312,-0.2560157775878906,-0.8967335224151611,0.44100940227508545,0.27581584453582764,0.1651935577392578,-0.8012751340866089,-0.36026573181152344,1.000983476638794,1.32
qwen3-4b-keep4-s42,<TRAIN_ROOT>/qwen3-4b-keep4-s42/checkpoint-417,1341c38c9e1fb346d6b3c709,938,8,early,21,81,-1.0980377197265625,-0.7682797312736511,-0.818156898021698,-0.6365214586257935,-0.5452582836151123,-0.5498992204666138,0.14812254905700684,0.2798808217048645,-0.13175827264785767,-0.3297579884529114,-0.18163543939590454,0.186276376247406,1.12
qwen3-4b-keep4-s42,<TRAIN_ROOT>/qwen3-4b-keep4-s42/checkpoint-417,90eb8483f2c1d9040480645e,443,1,late,41,43,-1.7787587642669678,-1.6621623039245605,-0.9189355373382568,-1.6249916553497314,-0.260879248380661,-1.6615644693374634,0.8226525783538818,0.8598232269287109,-0.0371706485748291,-0.11659646034240723,0.7060561180114746,0.6946291029453278,0.97
qwen3-4b-keep4-s42,<TRAIN_ROOT>/qwen3-4b-keep4-s42/checkpoint-417,13e7e77ed908998dc4ee57db,443,2,mid,16,43,-1.521111249923706,-0.20629821717739105,-1.2832438945770264,-0.1819387823343277,-0.6784750819206238,-0.18762542307376862,0.21350792050361633,0.2378673553466797,-0.024359434843063354,-1.314813032746315,-1.1013051122426987,0.6104554533958435,0.73
qwen3-4b-keep4-s42,<TRAIN_ROOT>/qwen3-4b-keep4-s42/checkpoint-417,428b40c1b153ae9a1d0a2acb,443,4,early,8,43,-1.1561996936798096,-1.0862596035003662,-1.1864736080169678,-0.9547090530395508,-0.48220527172088623,-0.9354113340377808,-0.16182446479797363,-0.030273914337158203,-0.13155055046081543,-0.06994009017944336,-0.231764554977417,0.6849706172943115,0.67
qwen3-4b-keep4-s42,<TRAIN_ROOT>/qwen3-4b-keep4-s42/checkpoint-417,18114735260c9cdcf0e3b033,443,8,late,29,43,-0.8431533575057983,-0.6694557070732117,-0.18956826627254486,-0.8300468325614929,-0.009090944193303585,-1.2570016384124756,0.8141762167215347,0.6535850912332535,0.16059112548828125,-0.17369765043258667,0.6404785662889481,0.6074321279302239,0.94
qwen3-4b-keep4-s42,<TRAIN_ROOT>/qwen3-4b-keep4-s42/checkpoint-417,99292c06216799ff239495c2,495,1,mid,15,24,-0.8418111801147461,-0.4627842903137207,-0.6019447445869446,-0.2991749048233032,-0.20248527824878693,-0.29631102085113525,0.07625705003738403,0.2398664355278015,-0.16360938549041748,-0.3790268898010254,-0.30276983976364136,0.3965955823659897,0.62
qwen3-4b-keep4-s42,<TRAIN_ROOT>/qwen3-4b-keep4-s42/checkpoint-417,5e4c03f7c2a2b7b84762e94c,495,2,early,5,24,-1.4449727535247803,-0.31204694509506226,-1.4614022970199585,-0.27543729543685913,-1.1811209917068481,-0.2659499943256378,-0.05303919315338135,-0.016429543495178223,-0.036609649658203125,-1.132925808429718,-1.1859650015830994,0.27079400420188904,0.53
qwen3-4b-keep4-s42,<TRAIN_ROOT>/qwen3-4b-keep4-s42/checkpoint-417,b81826373e52bfcfe7e556f6,495,4,late,19,24,-0.5753178596496582,-0.3780877888202667,-0.4211702346801758,-0.32744917273521423,-0.19015371799468994,-0.32861942052841187,0.10350900888442993,0.15414762496948242,-0.05063861608505249,-0.19723007082939148,-0.09372106194496155,0.23218676447868347,0.69
qwen3-4b-keep4-s42,<TRAIN_ROOT>/qwen3-4b-keep4-s42/checkpoint-417,6893b595f38061582377ea85,495,8,mid,13,24,-0.6710572242736816,-0.7933518886566162,-0.6191749572753906,-0.7725692987442017,-0.24598650634288788,-0.723737895488739,0.031099677085876465,0.051882266998291016,-0.02078258991241455,0.12229466438293457,0.15339434146881104,0.3243570476770401,0.68
qwen3-4b-keep4-s42,<TRAIN_ROOT>/qwen3-4b-keep4-s42/checkpoint-417,f06c39ebf409e591d47421a5,92,1,early,13,41,-1.0590825080871582,-1.0273644924163818,-0.7716848850250244,-0.9724962711334229,-0.523310124874115,-0.9977908134460449,0.2325294017791748,0.2873976230621338,-0.054868221282958984,-0.03171801567077637,0.20081138610839844,0.2736693024635315,0.63
qwen3-4b-keep4-s42,<TRAIN_ROOT>/qwen3-4b-keep4-s42/checkpoint-417,0c0deb3e12af7e9e0ffc67a2,92,2,late,39,41,-1.513763189315796,-0.04186278209090233,-0.9725515842437744,-0.07698235660791397,-0.34048986434936523,-0.16357393562793732,0.5763311795890331,0.5412116050720215,0.03511957451701164,-1.4719004072248936,-0.8955692276358604,0.7186532989144325,0.88
qwen3-4b-keep4-s42,<TRAIN_ROOT>/qwen3-4b-keep4-s42/checkpoint-417,64f40a818308366302ef0b2e,92,4,mid,17,41,-1.775911808013916,-0.0027683803346008062,-1.005716323852539,-0.0704694539308548,-0.1932971477508545,-0.39718276262283325,0.8378965577576309,0.770195484161377,0.06770107359625399,-1.7731434276793152,-0.9352468699216843,1.139132484793663,0.68
qwen3-4b-keep4-s42,<TRAIN_ROOT>/qwen3-4b-keep4-s42/checkpoint-417,7100994a39d0377b87516301,92,8,early,12,41,-1.061104416847229,-1.127901315689087,-0.9105833768844604,-1.1426347494125366,-0.6694933176040649,-1.20293390750885,0.16525447368621826,0.15052103996276855,0.014733433723449707,0.06679689884185791,0.23205137252807617,0.301389217376709,0.69
qwen3-4b-keep4-s42,<TRAIN_ROOT>/qwen3-4b-keep4-s42/checkpoint-417,a0fad726a72999bab72dd86d,757,1,late,64,66,-1.119443416595459,-0.004623586777597666,-0.7030147314071655,-0.010126113891601562,-0.39144933223724365,-0.030688026919960976,0.42193121230229735,0.41642868518829346,0.005502527114003897,-1.1148198298178613,-0.692888617515564,0.3321273121982813,1.4
qwen3-4b-keep4-s42,<TRAIN_ROOT>/qwen3-4b-keep4-s42/checkpoint-417,bfe8092e92f5894bb4438332,757,2,mid,31,66,-1.5220471620559692,-1.0824213027954102,-1.332601547241211,-1.0991675853729248,-0.5380434393882751,-1.2614147663116455,0.20619189739227295,0.1894456148147583,0.01674628257751465,-0.4396258592605591,-0.23343396186828613,0.9568052887916565,1.08
qwen3-4b-keep4-s42,<TRAIN_ROOT>/qwen3-4b-keep4-s42/checkpoint-417,34d116df29cc40faf190952d,757,4,early,13,66,-1.1701542139053345,-1.2806949615478516,-0.8140720129013062,-1.1928634643554688,-0.06264583021402359,-1.244799017906189,0.2682507038116455,0.3560822010040283,-0.08783149719238281,0.11054074764251709,0.3787914514541626,0.8033617362380028,0.92
qwen3-4b-keep4-s42,<TRAIN_ROOT>/qwen3-4b-keep4-s42/checkpoint-417,610b6e5e9040bdb9207cfc29,757,8,late,52,66,-1.412856101989746,-2.3355138301849365,-1.2420814037322998,-2.5676019191741943,-0.31985974311828613,-2.5982120037078857,0.4028627872467041,0.1707746982574463,0.2320880889892578,0.9226577281951904,1.3255205154418945,0.9528317451477051,1.37
qwen3-4b-keep4-s42,<TRAIN_ROOT>/qwen3-4b-keep4-s42/checkpoint-417,8811204db0285e8f273eda6e,106,1,mid,16,31,-0.9959323406219482,-2.874871015548706,-0.5809457302093506,-2.669581174850464,-0.2970702648162842,-2.5686750411987305,0.20969676971435547,0.41498661041259766,-0.2052898406982422,1.8789386749267578,2.0886354446411133,0.182969331741333,0.79
qwen3-4b-keep4-s42,<TRAIN_ROOT>/qwen3-4b-keep4-s42/checkpoint-417,b7930f3a13ddab35ec068a51,106,2,early,4,31,-2.0927560329437256,-0.014183998107910156,-1.8682159185409546,-0.06289132684469223,-1.4127613306045532,-0.12803968787193298,0.27324744313955307,0.224540114402771,0.048707328736782074,-2.0785720348358154,-1.8053245916962624,0.5206029489636421,0.68
qwen3-4b-keep4-s42,<TRAIN_ROOT>/qwen3-4b-keep4-s42/checkpoint-417,3519339e591089d0ca4b9587,106,4,late,27,31,-1.3199098110198975,-1.7328022718429565,-0.502956211566925,-1.7679367065429688,-0.12431017309427261,-1.6698226928710938,0.8520880341529846,0.8169535994529724,0.03513443470001221,0.4128924608230591,1.2649804949760437,0.28053202480077744,0.89
qwen3-4b-keep4-s42,<TRAIN_ROOT>/qwen3-4b-keep4-s42/checkpoint-417,4c25367eab99d22898c72e59,106,8,mid,12,31,-1.9792579412460327,-0.5314735770225525,-1.4664539098739624,-0.5725852251052856,-0.6700986623764038,-0.582449197769165,0.5539156794548035,0.5128040313720703,0.041111648082733154,-1.4477843642234802,-0.8938686847686768,0.806219220161438,0.81
qwen3-4b-keep4-s42,<TRAIN_ROOT>/qwen3-4b-keep4-s42/checkpoint-417,f5def70dc89928964c2edbb7,156,1,early,16,50,-1.562213659286499,-1.2260843515396118,-1.3096052408218384,-1.321063756942749,-0.7495520710945129,-1.39594566822052,0.34758782386779785,0.25260841846466064,0.09497940540313721,-0.3361293077468872,0.011458516120910645,0.6349350810050964,0.69
qwen3-4b-keep4-s42,<TRAIN_ROOT>/qwen3-4b-keep4-s42/checkpoint-417,83b596ab67e4a22941614acb,156,2,late,49,50,-1.0114797353744507,-0.8957793116569519,-0.9204225540161133,-0.9331862330436707,-0.3142630457878113,-0.8994547724723816,0.12846410274505615,0.0910571813583374,0.03740692138671875,-0.11570042371749878,0.012763679027557373,0.5724280476570129,1.02
qwen3-4b-keep4-s42,<TRAIN_ROOT>/qwen3-4b-keep4-s42/checkpoint-417,d8eff49b8b6cc3d22f926dc1,156,4,mid,22,50,-1.440686821937561,-0.4762330651283264,-0.9079210758209229,-0.5453189015388489,-0.5071487426757812,-0.5805069208145142,0.6018515825271606,0.5327657461166382,0.06908583641052246,-0.9644537568092346,-0.362602174282074,0.4359603524208069,0.78
qwen3-4b-keep4-s42,<TRAIN_ROOT>/qwen3-4b-keep4-s42/checkpoint-417,7eb7d141bdf3ddb9c8517039,156,8,early,15,50,-1.4980432987213135,-0.5495861768722534,-0.811640739440918,-0.7377120852470398,-0.3494455814361572,-0.8231809139251709,0.8745284676551819,0.6864025592803955,0.18812590837478638,-0.9484571218490601,-0.07392865419387817,0.5476639866828918,0.75
qwen3-4b-keep4-s42,<TRAIN_ROOT>/qwen3-4b-keep4-s42/checkpoint-417,578f691fd445ffa59acd08b1,235,1,late,25,29,-1.1734322309494019,-1.2845929861068726,-0.8142818808555603,-1.3388671875,-0.4839864671230316,-1.2765560150146484,0.413424551486969,0.35915035009384155,0.05427420139312744,0.1111607551574707,0.5245853066444397,0.2679842412471771,0.91
qwen3-4b-keep4-s42,<TRAIN_ROOT>/qwen3-4b-keep4-s42/checkpoint-417,62fc58d18e67d5acfb23f669,235,2,mid,18,29,-1.3988723754882812,-0.0031082152854651213,-0.8583887815475464,-0.027254868298768997,-0.34332752227783203,-0.12006454914808273,0.5646302469540387,0.5404835939407349,0.024146653013303876,-1.3957641602028161,-0.8311339132487774,0.6078709401190281,0.86
qwen3-4b-keep4-s42,<TRAIN_ROOT>/qwen3-4b-keep4-s42/checkpoint-417,87ed75d027dea39469d63982,235,4,early,8,29,-0.9229496717453003,-0.5171635150909424,-0.395878404378891,-0.9110991954803467,-0.11175674200057983,-0.9587838649749756,0.9210069477558136,0.5270712673664093,0.3939356803894043,-0.4057861566543579,0.5152207911014557,0.33180633187294006,0.78
qwen3-4b-keep4-s42,<TRAIN_ROOT>/qwen3-4b-keep4-s42/checkpoint-417,067d9e1a4ca09e8f2c27a63e,235,8,late,26,29,-1.4569679498672485,-0.4476676881313324,-0.8518871665000916,-0.36962783336639404,-0.3368339538574219,-0.3499385416507721,0.5270409286022186,0.605080783367157,-0.07803985476493835,-1.0093002617359161,-0.4822593331336975,0.49536392092704773,1.0
qwen3-4b-keep4-s42,<TRAIN_ROOT>/qwen3-4b-keep4-s42/checkpoint-417,13f10be9f615b8d347f3d4cd,966,1,mid,9,15,-1.715080738067627,-1.0688484907150269,-1.1383287906646729,-1.1737804412841797,-0.6545031070709229,-1.1228870153427124,0.6816838979721069,0.5767519474029541,0.10493195056915283,-0.6462322473526001,0.035451650619506836,0.4329322576522827,0.88
qwen3-4b-keep4-s42,<TRAIN_ROOT>/qwen3-4b-keep4-s42/checkpoint-417,91b1f9173e0c3d288aa62575,966,2,early,2,15,-1.0688320398330688,-1.509886384010315,-0.789989173412323,-1.4816268682479858,-0.4882623553276062,-1.4793777465820312,0.25058335065841675,0.27884286642074585,-0.0282595157623291,0.4410543441772461,0.6916376948356628,0.2994776964187622,0.85
qwen3-4b-keep4-s42,<TRAIN_ROOT>/qwen3-4b-keep4-s42/checkpoint-417,266d154ef76828c48ada9deb,966,4,late,11,15,-0.596394419670105,-1.952469825744629,-0.476098895072937,-1.961796760559082,-0.29365718364715576,-2.129912853240967,0.1296224594116211,0.12029552459716797,0.009326934814453125,1.356075406074524,1.485697865486145,0.350557804107666,0.92
qwen3-4b-keep4-s42,<TRAIN_ROOT>/qwen3-4b-keep4-s42/checkpoint-417,a37781102679ad5828f97682,966,8,mid,10,15,-1.088135004043579,-2.0488486289978027,-0.3572063446044922,-2.72261905670166,-0.11389333754777908,-2.8430700302124023,1.4046990871429443,0.7309286594390869,0.6737704277038574,0.9607136249542236,2.365412712097168,0.3637639805674553,0.95
qwen3-4b-keep4-s42,<TRAIN_ROOT>/qwen3-4b-keep4-s42/checkpoint-417,f2872db13d4eb76e8e402b5c,501,1,early,12,63,-1.3288521766662598,-0.6246744394302368,-0.9789555072784424,-0.6125515699386597,-0.6657514572143555,-0.5905554890632629,0.33777379989624023,0.3498966693878174,-0.012122869491577148,-0.704177737236023,-0.3664039373397827,0.2912079691886902,0.78
qwen3-4b-keep4-s42,<TRAIN_ROOT>/qwen3-4b-keep4-s42/checkpoint-417,0f6f04efb2d1593d42ed5d64,501,2,late,54,63,-1.0924237966537476,-0.002166748046875,-0.8272541165351868,-0.014268716797232628,-0.5731439590454102,-0.04827340692281723,0.2772716488689184,0.2651696801185608,0.012101968750357628,-1.0902570486068726,-0.8129853997379541,0.2881148476153612,1.23
qwen3-4b-keep4-s42,<TRAIN_ROOT>/qwen3-4b-keep4-s42/checkpoint-417,1541c8e9db1184bfe7b5519b,501,4,mid,38,63,-1.1775578260421753,-0.0017536481609568,-0.582987904548645,-0.02024364471435547,-0.167732372879982,-0.10129356384277344,0.6130599180469289,0.5945699214935303,0.01848999655339867,-1.1758041778812185,-0.5627442598342896,0.496305450797081,1.08
qwen3-4b-keep4-s42,<TRAIN_ROOT>/qwen3-4b-keep4-s42/checkpoint-417,daa5895e673acb0dbeb50546,501,8,early,8,63,-0.6389579772949219,-0.6673135161399841,-0.6582804918289185,-0.6804582476615906,-0.44879552721977234,-0.6521264910697937,-0.006177783012390137,-0.019322514533996582,0.013144731521606445,0.028355538845062256,0.02217775583267212,0.18115320801734924,0.82
qwen3-4b-keep4-s42,<TRAIN_ROOT>/qwen3-4b-keep4-s42/checkpoint-417,57e0be0276f3f27fd9a8113a,300,1,late,44,46,-1.1330442428588867,-0.015289095230400562,-1.0950379371643066,-0.0216632429510355,-0.6272227764129639,-0.05130577087402344,0.044380453415215015,0.03800630569458008,0.006374147720634937,-1.1177551476284862,-1.0733746942132711,0.4974576886743307,1.06
qwen3-4b-keep4-s42,<TRAIN_ROOT>/qwen3-4b-keep4-s42/checkpoint-417,ddb26356cbf304cdaa87af1d,300,2,mid,16,46,-1.0629607439041138,-1.7340829372406006,-0.9166865348815918,-1.9039450883865356,-0.2552235424518585,-2.0289218425750732,0.31613636016845703,0.14627420902252197,0.16986215114593506,0.6711221933364868,0.9872585535049438,0.7864397466182709,0.8
qwen3-4b-keep4-s42,<TRAIN_ROOT>/qwen3-4b-keep4-s42/checkpoint-417,7df683634173f64214511ae2,300,4,early,10,46,-0.9146961569786072,-0.7637619376182556,-0.7735430598258972,-0.6563226580619812,-0.2909753620624542,-0.6879753470420837,0.03371381759643555,0.14115309715270996,-0.10743927955627441,-0.15093421936035156,-0.11722040176391602,0.5142203867435455,0.75
qwen3-4b-keep4-s42,<TRAIN_ROOT>/qwen3-4b-keep4-s42/checkpoint-417,01a6bf182b0a2e956aa5c1be,300,8,late,41,46,-1.076119303703308,-0.6369353532791138,-0.5757066607475281,-0.5791208148002625,-0.11011619865894318,-0.8039340972900391,0.4425981044769287,0.50041264295578,-0.05781453847885132,-0.43918395042419434,0.003414154052734375,0.6904037445783615,1.1
qwen3-4b-keep4-s42,<TRAIN_ROOT>/qwen3-4b-keep4-s42/checkpoint-417,ffb01c14fb5c0ed9a98623e8,194,1,mid,13,28,-1.7144466638565063,-1.0464104413986206,-1.5087541341781616,-0.8617657423019409,-0.8153166174888611,-0.7824016213417053,0.02104783058166504,0.20569252967834473,-0.1846446990966797,-0.6680362224578857,-0.6469883918762207,0.6140733957290649,0.57
qwen3-4b-keep4-s42,<TRAIN_ROOT>/qwen3-4b-keep4-s42/checkpoint-417,78ca3fc9be604333b4bf19fc,194,2,early,9,28,-1.1123521327972412,-0.47523054480552673,-1.0956220626831055,-0.7210106253623962,-0.7655965685844421,-0.7753446698188782,0.26251015067100525,0.016730070114135742,0.2457800805568695,-0.6371215879917145,-0.37461143732070923,0.38435953855514526,0.54
qwen3-4b-keep4-s42,<TRAIN_ROOT>/qwen3-4b-keep4-s42/checkpoint-417,90f2a68cd272d84552ce7561,194,4,late,19,28,-0.9293672442436218,-0.08594068139791489,-0.43234381079673767,-0.3300124406814575,-0.08440589904785156,-0.4956669211387634,0.7410951927304268,0.49702343344688416,0.24407175928354263,-0.8434265628457069,-0.10233137011528015,0.513592392206192,0.66
qwen3-4b-keep4-s42,<TRAIN_ROOT>/qwen3-4b-keep4-s42/checkpoint-417,d7b2118fbd515798bc622087,194,8,mid,10,28,-0.8412302136421204,-0.8648476004600525,-0.9331537485122681,-0.9070256352424622,-0.7470461130142212,-0.9125235080718994,-0.04974550008773804,-0.0919235348701477,0.04217803478240967,0.02361738681793213,-0.026128113269805908,0.19160550832748413,0.62
qwen3-4b-keep4-s42,<TRAIN_ROOT>/qwen3-4b-keep4-s42/checkpoint-417,a9e88df70cb072dd8a498ca5,802,1,early,6,17,-0.8554204106330872,-1.0259006023406982,-0.6144759058952332,-1.0248407125473022,-0.2578388750553131,-1.1170858144760132,0.239884614944458,0.240944504737854,-0.001059889793395996,0.17048019170761108,0.4103648066520691,0.448882132768631,0.66
qwen3-4b-keep4-s42,<TRAIN_ROOT>/qwen3-4b-keep4-s42/checkpoint-417,6e39bed745fee09a548648fb,802,2,late,12,17,-0.789837121963501,-0.6767525672912598,-0.3665083646774292,-0.7047387957572937,-0.17788195610046387,-0.706916332244873,0.4513149857521057,0.4233287572860718,0.027986228466033936,-0.11308455467224121,0.3382304310798645,0.19080394506454468,0.74
qwen3-4b-keep4-s42,<TRAIN_ROOT>/qwen3-4b-keep4-s42/checkpoint-417,8fab71e2eb7d8c63432c992c,802,4,mid,10,17,-0.7240110635757446,-0.50983726978302,-0.7099352478981018,-0.4610980749130249,-0.1303296834230423,-0.5371441841125488,-0.034663379192352295,0.014075815677642822,-0.04873919486999512,-0.2141737937927246,-0.2488371729850769,0.6556516736745834,0.73
qwen3-4b-keep4-s42,<TRAIN_ROOT>/qwen3-4b-keep4-s42/checkpoint-417,b1bcff7aadf146df5e42f7b4,802,8,late,12,17,-1.5471477508544922,-0.6767525672912598,-0.24704276025295258,-0.6657451391220093,-0.14013396203517914,-0.8667911291122437,1.2890975624322891,1.3001049906015396,-0.011007428169250488,-0.8703951835632324,0.4187023788690567,0.3079547882080078,0.81
qwen3-4b-keep4-s42,<TRAIN_ROOT>/qwen3-4b-keep4-s42/checkpoint-417,afdf74dd91bc36e8fd7adf90,180,1,early,5,50,-1.1360690593719482,-0.41078096628189087,-1.0298435688018799,-0.4238164722919464,-0.7530738115310669,-0.40947481989860535,0.1192609965801239,0.10622549057006836,0.013035506010055542,-0.7252880930900574,-0.6060270965099335,0.2624281048774719,0.55
qwen3-4b-keep4-s42,<TRAIN_ROOT>/qwen3-4b-keep4-s42/checkpoint-417,a9dd0400ff1cba4ece7daad1,180,2,mid,32,50,-0.3779056966304779,-1.4967483282089233,-0.27745670080184937,-1.538555383682251,-0.12694840133190155,-1.5809144973754883,0.14225605130195618,0.10044899582862854,0.04180705547332764,1.1188426315784454,1.2610986828804016,0.19286741316318512,0.85
qwen3-4b-keep4-s42,<TRAIN_ROOT>/qwen3-4b-keep4-s42/checkpoint-417,4c5278909f3cfdddbcfe054c,180,4,early,7,50,-0.680429995059967,-0.9776613712310791,-0.744503915309906,-0.924685001373291,-0.3736766576766968,-0.9318678379058838,-0.11705029010772705,-0.06407392024993896,-0.052976369857788086,0.29723137617111206,0.180181086063385,0.378010094165802,0.6
qwen3-4b-keep4-s42,<TRAIN_ROOT>/qwen3-4b-keep4-s42/checkpoint-417,e145eaa69862f21a8324b8a7,180,8,late,37,50,-0.7958604693412781,-0.43622255325317383,-0.41189083456993103,-0.49953383207321167,-0.09543435275554657,-0.47911375761032104,0.4472809135913849,0.38396963477134705,0.06331127882003784,-0.35963791608810425,0.08764299750328064,0.29603640735149384,0.96
qwen3-4b-keep4-s42,<TRAIN_ROOT>/qwen3-4b-keep4-s42/checkpoint-417,2af6c3ed7e31e7497fffb5e6,946,1,mid,17,47,-0.8880681991577148,-0.9419052004814148,-0.6919357776641846,-0.9040796160697937,-0.1918637752532959,-0.9178550839424133,0.15830683708190918,0.19613242149353027,-0.037825584411621094,0.05383700132369995,0.21214383840560913,0.5138474702835083,0.69
qwen3-4b-keep4-s42,<TRAIN_ROOT>/qwen3-4b-keep4-s42/checkpoint-417,06750e58f2ac750ac2c364d6,946,2,early,7,47,-0.8397294878959656,-1.3638814687728882,-0.8871862292289734,-1.2799789905548096,-0.4143618047237396,-1.2827959060668945,-0.13135921955108643,-0.04745674133300781,-0.08390247821807861,0.5241519808769226,0.3927927613258362,0.4756413400173187,0.6
qwen3-4b-keep4-s42,<TRAIN_ROOT>/qwen3-4b-keep4-s42/checkpoint-417,202be5b01f0a5ca176537f98,946,4,late,32,47,-1.284363031387329,-2.054769515991211,-0.5335063934326172,-1.9208698272705078,-0.13900862634181976,-2.1299448013305664,0.6169569492340088,0.7508566379547119,-0.13389968872070312,0.7704064846038818,1.3873634338378906,0.603572741150856,0.86
qwen3-4b-keep4-s42,<TRAIN_ROOT>/qwen3-4b-keep4-s42/checkpoint-417,17972ce916f6dbfa39c5d97d,946,8,mid,30,47,-1.0476131439208984,-0.9764221906661987,-0.559438169002533,-1.2367218732833862,-0.25426656007766724,-1.5113102197647095,0.748474657535553,0.4881749749183655,0.2602996826171875,-0.07119095325469971,0.6772837042808533,0.579759955406189,0.88
qwen3-4b-keep4-s42,<TRAIN_ROOT>/qwen3-4b-keep4-s42/checkpoint-417,e94272e4403e13f8ac2a3f8a,486,1,early,18,78,-2.4416158199310303,-0.0006432533264160156,-1.4697322845458984,-0.011909961700439453,-0.779214084148407,-0.0661630630493164,0.9831502437591553,0.9718835353851318,0.011266708374023438,-2.4409725666046143,-1.457822322845459,0.7447713017463684,1.04
qwen3-4b-keep4-s42,<TRAIN_ROOT>/qwen3-4b-keep4-s42/checkpoint-417,39d676cfc97004052c2d3241,486,2,late,63,78,-1.2883275747299194,-0.011112022213637829,-0.904667317867279,-0.055669404566287994,-0.5449528098106384,-0.1374547928571701,0.42821763921529055,0.3836602568626404,0.044557382352650166,-1.2772155525162816,-0.8489979133009911,0.44149989634752274,1.52
qwen3-4b-keep4-s42,<TRAIN_ROOT>/qwen3-4b-keep4-s42/checkpoint-417,a33658a1d23bdea24fa8fec8,486,4,mid,50,78,-2.6991710662841797,-0.6361944675445557,-1.1370189189910889,-0.732273519039154,-0.5058590769767761,-0.8431587219238281,1.6582311987876892,1.5621521472930908,0.09607905149459839,-2.062976598739624,-0.4047453999519348,0.7420450448989868,1.4
qwen3-4b-keep4-s42,<TRAIN_ROOT>/qwen3-4b-keep4-s42/checkpoint-417,7cc358348ddf394d323d54fa,486,8,early,26,78,-4.590978622436523,-0.0005865097045898438,-2.0069804191589355,-0.01683775708079338,-0.908045768737793,-0.031985603272914886,2.6002494506537914,2.583998203277588,0.016251247376203537,-4.590392112731934,-1.9901426620781422,1.114082496613264,1.17
qwen3-4b-keep4-s42,<TRAIN_ROOT>/qwen3-4b-keep4-s42/checkpoint-417,48130e24fa784953221be0bb,818,1,late,57,67,-2.674217700958252,-1.968334436416626,-1.6517305374145508,-1.9586098194122314,-0.7227414846420288,-2.11034893989563,1.0127625465393066,1.0224871635437012,-0.009724617004394531,-0.705883264541626,0.30687928199768066,1.0807281732559204,1.12
qwen3-4b-keep4-s42,<TRAIN_ROOT>/qwen3-4b-keep4-s42/checkpoint-417,3216248b1968553ebb30ec9f,818,2,mid,24,67,-0.7856791615486145,-0.0022368114441633224,-0.8359582424163818,-0.014721044339239597,-0.6903530359268188,-0.04460690915584564,-0.03779484797269106,-0.050279080867767334,0.012484232895076275,-0.7834423501044512,-0.8212371980771422,0.17549107130616903,0.78
qwen3-4b-keep4-s42,<TRAIN_ROOT>/qwen3-4b-keep4-s42/checkpoint-417,36649eed8f05a9b78cc1875d,818,4,early,22,67,-0.873946487903595,-0.0007097880588844419,-0.7099924683570862,-0.015865707769989967,-0.3747203052043915,-0.04958178475499153,0.17910993925761431,0.1639540195465088,0.015155919711105525,-0.8732366998447105,-0.6941267605870962,0.36898824013769627,0.78
qwen3-4b-keep4-s42,<TRAIN_ROOT>/qwen3-4b-keep4-s42/checkpoint-417,6a82449c7761420da3e6af42,818,8,late,52,67,-0.8243885636329651,-0.0031703501008450985,-0.6875787973403931,-0.010860443115234375,-0.178439661860466,-0.07562413066625595,0.1444998593069613,0.13680976629257202,0.0076900930143892765,-0.82121821353212,-0.6767183542251587,0.5739028230309486,1.17
qwen3-4b-keep4-s42,<TRAIN_ROOT>/qwen3-4b-keep4-s42/checkpoint-417,e2f0402e72c1eea5bf7cb394,173,1,mid,22,46,-1.8810129165649414,-0.1678265780210495,-1.7034242153167725,-0.14071787893772125,-1.0700291395187378,-0.13922515511512756,0.1504800021648407,0.17758870124816895,-0.027108699083328247,-1.713186338543892,-1.5627063363790512,0.631902351975441,0.83
qwen3-4b-keep4-s42,<TRAIN_ROOT>/qwen3-4b-keep4-s42/checkpoint-417,22685a36833c8afad29b8930,173,2,early,2,46,-1.318153738975525,-0.34629127383232117,-1.4246608018875122,-0.3674599230289459,-1.0844414234161377,-0.37732842564582825,-0.08533841371536255,-0.1065070629119873,0.021168649196624756,-0.9718624651432037,-1.0572008788585663,0.35008788108825684,0.61
qwen3-4b-keep4-s42,<TRAIN_ROOT>/qwen3-4b-keep4-s42/checkpoint-417,e377f463eb8164fa1657be49,173,4,late,38,46,-0.9659190773963928,-1.108931064605713,-0.8406932950019836,-1.1580448150634766,-0.49765926599502563,-1.103617548942566,0.17433953285217285,0.12522578239440918,0.04911375045776367,0.14301198720932007,0.3173515200614929,0.28860676288604736,1.08
qwen3-4b-keep4-s42,<TRAIN_ROOT>/qwen3-4b-keep4-s42/checkpoint-417,f0b32eb9c99f732215dc31ed,173,8,mid,19,46,-0.6791291832923889,-0.03592681884765625,-0.39413249492645264,-0.27038687467575073,-0.028422802686691284,-0.5193769335746765,0.5194567441940308,0.2849966883659363,0.23446005582809448,-0.6432023644447327,-0.1237456202507019,0.6146997511386871,0.9
qwen3-4b-keep4-s42,<TRAIN_ROOT>/qwen3-4b-keep4-s42/checkpoint-417,93d27ad4060eeccaaa5dece9,884,1,early,2,70,-1.0735125541687012,-1.4673961400985718,-0.7906391620635986,-1.4205621480941772,-0.4118928909301758,-1.444035291671753,0.236039400100708,0.28287339210510254,-0.04683399200439453,0.3938835859298706,0.6299229860305786,0.40221941471099854,0.57
qwen3-4b-keep4-s42,<TRAIN_ROOT>/qwen3-4b-keep4-s42/checkpoint-417,dbfb8860e9a82f3be2f32882,884,2,late,67,70,-0.9399085640907288,-0.9478206634521484,-0.6624965667724609,-0.8090617656707764,-0.0785234272480011,-0.7471386790275574,0.13865309953689575,0.2774119973182678,-0.13875889778137207,0.007912099361419678,0.14656519889831543,0.5220500528812408,1.27
qwen3-4b-keep4-s42,<TRAIN_ROOT>/qwen3-4b-keep4-s42/checkpoint-417,07a542ac28251f02cd239792,884,4,mid,25,70,-1.2195930480957031,-0.10649251937866211,-0.41663625836372375,-0.31668925285339355,-0.037865567952394485,-0.5741066932678223,1.0131535232067108,0.8029567897319794,0.21019673347473145,-1.113100528717041,-0.0999470055103302,0.636188130825758,0.85
qwen3-4b-keep4-s42,<TRAIN_ROOT>/qwen3-4b-keep4-s42/checkpoint-417,871c09c2801b764bd57b94ac,884,8,early,15,70,-0.9491655826568604,-0.815021276473999,-0.9304754734039307,-0.805784285068512,-0.5262300968170166,-0.7844475507736206,0.009453117847442627,0.018690109252929688,-0.00923699140548706,-0.13414430618286133,-0.1246911883354187,0.3829086422920227,0.8
qwen3-4b-keep4-s42,<TRAIN_ROOT>/qwen3-4b-keep4-s42/checkpoint-417,b8722afac2d3edae146a405c,674,1,late,39,44,-1.7950036525726318,-0.9353646039962769,-0.9081147313117981,-0.8966528177261353,-0.37663713097572327,-0.8860648274421692,0.8481771349906921,0.8868889212608337,-0.0387117862701416,-0.859639048576355,-0.011461913585662842,0.5208896100521088,0.92
qwen3-4b-keep4-s42,<TRAIN_ROOT>/qwen3-4b-keep4-s42/checkpoint-417,935f16b232831be318dbd400,674,2,mid,21,44,-1.1416810750961304,-1.2050566673278809,-0.7337512969970703,-1.1161330938339233,-0.5626656413078308,-1.0790694952011108,0.31900620460510254,0.40792977809906006,-0.08892357349395752,0.06337559223175049,0.382381796836853,0.134022057056427,0.77
qwen3-4b-keep4-s42,<TRAIN_ROOT>/qwen3-4b-keep4-s42/checkpoint-417,112c4b896dbfe413e4669ae4,674,4,early,12,44,-1.3062691688537598,-0.03453473001718521,-0.9708548784255981,-0.06718717515468597,-0.46853575110435486,-0.201753631234169,0.3680667355656624,0.3354142904281616,0.03265244513750076,-1.2717344388365746,-0.9036677032709122,0.6368855834007263,0.71
qwen3-4b-keep4-s42,<TRAIN_ROOT>/qwen3-4b-keep4-s42/checkpoint-417,d35e2109a55bfc644f33bc71,674,8,late,40,44,-1.6464998722076416,-0.7778206467628479,-0.5454998016357422,-0.7704318165779114,-0.029423819854855537,-1.197718858718872,1.093611240386963,1.1010000705718994,-0.0073888301849365234,-0.8686792254447937,0.2249320149421692,0.9433630239218473,1.0
qwen3-4b-keep4-s42,<TRAIN_ROOT>/qwen3-4b-keep4-s42/checkpoint-417,b772969717e506ec9c1486cc,819,1,mid,20,53,-1.187347650527954,-1.379669427871704,-1.0248432159423828,-1.347938060760498,-0.42698049545288086,-1.3208208084106445,0.13077306747436523,0.1625044345855713,-0.031731367111206055,0.19232177734375,0.32309484481811523,0.5707454681396484,0.78
qwen3-4b-keep4-s42,<TRAIN_ROOT>/qwen3-4b-keep4-s42/checkpoint-417,02f23d7365dfb434c52f6dcd,819,2,early,14,53,-1.223875641822815,-0.5270015001296997,-0.915473461151123,-0.6285783648490906,-0.45255783200263977,-0.7197971343994141,0.40997904539108276,0.3084021806716919,0.10157686471939087,-0.6968741416931152,-0.28689509630203247,0.5541343986988068,0.74
qwen3-4b-keep4-s42,<TRAIN_ROOT>/qwen3-4b-keep4-s42/checkpoint-417,93e37242dc34f5dfc52170c9,819,4,late,36,53,-0.9596096277236938,-0.2240527868270874,-0.6422352194786072,-0.2328096628189087,-0.09291134029626846,-0.22677040100097656,0.32613128423690796,0.31737440824508667,0.008756875991821289,-0.7355568408966064,-0.4094255566596985,0.5432846173644066,1.0
qwen3-4b-keep4-s42,<TRAIN_ROOT>/qwen3-4b-keep4-s42/checkpoint-417,ae82390c38132126a91b101a,819,8,mid,34,53,-1.249462366104126,-0.8000366687774658,-0.8303629159927368,-1.2627851963043213,-0.11498603969812393,-1.679074764251709,0.8818479776382446,0.41909945011138916,0.46274852752685547,-0.44942569732666016,0.4324222803115845,1.1316664442420006,1.01
qwen3-4b-keep4-s42,<TRAIN_ROOT>/qwen3-4b-keep4-s42/checkpoint-417,a1f571360ea4843402220418,950,1,early,34,105,-0.7836735248565674,-0.06438367068767548,-0.6017478108406067,-0.07953262329101562,-0.3291023075580597,-0.14084944128990173,0.19707466661930084,0.1819257140159607,0.015148952603340149,-0.7192898541688919,-0.5222151875495911,0.3339623212814331,1.06
qwen3-4b-keep4-s42,<TRAIN_ROOT>/qwen3-4b-keep4-s42/checkpoint-417,dad2099f4eef0e44ae504a0f,950,2,late,87,105,-0.5811249017715454,-0.5327467918395996,-0.5080146789550781,-0.49746885895729065,-0.33283448219299316,-0.4716002345085144,0.037832289934158325,0.07311022281646729,-0.03527793288230896,-0.0483781099319458,-0.010545819997787476,0.14931157231330872,1.74
qwen3-4b-keep4-s42,<TRAIN_ROOT>/qwen3-4b-keep4-s42/checkpoint-417,05bcd4e6e23a5b86dca38f04,950,4,mid,42,105,-0.6204591393470764,-0.008923212997615337,-0.5902302265167236,-0.052872657775878906,-0.2554859220981598,-0.14981381595134735,0.07417835760861635,0.030228912830352783,0.04394944477826357,-0.6115359263494611,-0.5373575687408447,0.4316854625940323,1.19
qwen3-4b-keep4-s42,<TRAIN_ROOT>/qwen3-4b-keep4-s42/checkpoint-417,feb4b0b3040571d594eb744c,950,8,early,25,105,-1.8992488384246826,-0.0358128547668457,-1.628948450088501,-0.09036898612976074,-1.39286208152771,-0.10849165916442871,0.3248565196990967,0.27030038833618164,0.05455613136291504,-1.863435983657837,-1.5385794639587402,0.254209041595459,1.03
qwen3-4b-keep4-s42,<TRAIN_ROOT>/qwen3-4b-keep4-s42/checkpoint-417,78d9aa958886df4f24ee752f,1054,1,late,60,63,-1.2635934352874756,-1.5850673913955688,-0.6886069774627686,-1.495868444442749,-0.31582117080688477,-1.5093506574630737,0.4857875108718872,0.574986457824707,-0.08919894695281982,0.32147395610809326,0.8072614669799805,0.3862680196762085,1.56
qwen3-4b-keep4-s42,<TRAIN_ROOT>/qwen3-4b-keep4-s42/checkpoint-417,3e05d493865f684d92088845,1054,2,mid,37,63,-0.8589723706245422,-0.3365987241268158,-0.2793239951133728,-0.218655064702034,-0.1525897979736328,-0.2919943034648895,0.46170471608638763,0.5796483755111694,-0.1179436594247818,-0.5223736464977264,-0.060668930411338806,0.20007343590259552,1.29
qwen3-4b-keep4-s42,<TRAIN_ROOT>/qwen3-4b-keep4-s42/checkpoint-417,02a8d75f2c058571b16d76de,1054,4,early,13,63,-1.559255838394165,-1.05622136592865,-0.8552517890930176,-1.1420800685882568,-0.496701717376709,-1.198446273803711,0.7898627519607544,0.7040040493011475,0.08585870265960693,-0.5030344724655151,0.28682827949523926,0.4149162769317627,1.04
qwen3-4b-keep4-s42,<TRAIN_ROOT>/qwen3-4b-keep4-s42/checkpoint-417,748984ddf774b6080d77d2e6,1054,8,late,50,63,-1.471541404724121,-1.4616152048110962,-0.045363809913396835,-1.6214394569396973,-0.022402573376893997,-1.8487821817398071,1.5860018469393253,1.4261775948107243,0.15982425212860107,-0.009926199913024902,1.5760756470263004,0.2503039613366127,1.53
qwen3-4b-keep4-s42,<TRAIN_ROOT>/qwen3-4b-keep4-s42/checkpoint-417,920365599b88585b735ecde9,738,1,mid,38,62,-1.371825098991394,-1.0167936086654663,-0.9921522736549377,-1.0326728820800781,-0.47405219078063965,-1.0591988563537598,0.3955520987510681,0.3796728253364563,0.015879273414611816,-0.35503149032592773,0.04052060842514038,0.5446260571479797,0.96
qwen3-4b-keep4-s42,<TRAIN_ROOT>/qwen3-4b-keep4-s42/checkpoint-417,06673fb29d4b6e36b216db68,738,2,early,3,62,-0.9777821898460388,-1.356958031654358,-0.9016971588134766,-1.376768946647644,-0.7562804222106934,-1.4161862134933472,0.09589594602584839,0.07608503103256226,0.019810914993286133,0.3791758418083191,0.4750717878341675,0.18483400344848633,0.59
qwen3-4b-keep4-s42,<TRAIN_ROOT>/qwen3-4b-keep4-s42/checkpoint-417,447638ee9f9d0d1182cb7c03,738,4,late,46,62,-1.2410707473754883,-0.5612279772758484,-0.4422362446784973,-0.7194008231163025,-0.1203654408454895,-1.1867523193359375,0.9570073485374451,0.798834502696991,0.1581728458404541,-0.6798427700996399,0.2771645784378052,0.7892223000526428,1.09
qwen3-4b-keep4-s42,<TRAIN_ROOT>/qwen3-4b-keep4-s42/checkpoint-417,390941ae11801d193a6886bc,738,8,mid,30,62,-0.989176332950592,-0.8547680974006653,-0.1659020632505417,-0.6661453247070312,-0.02827887237071991,-0.7889449596405029,0.6346514970064163,0.8232742697000504,-0.18862277269363403,-0.13440823554992676,0.5002432614564896,0.26042282581329346,0.96
qwen3-4b-keep4-s42,<TRAIN_ROOT>/qwen3-4b-keep4-s42/checkpoint-417,1e4265fa876d895e98ecf483,775,1,early,8,26,-0.8598939776420593,-0.7717174887657166,-0.5766603350639343,-0.7894378900527954,-0.4200124740600586,-0.7703500986099243,0.30095404386520386,0.283233642578125,0.017720401287078857,-0.08817648887634277,0.21277755498886108,0.13756006956100464,0.71
qwen3-4b-keep4-s42,<TRAIN_ROOT>/qwen3-4b-keep4-s42/checkpoint-417,f01e4af72eeafe9ad1fb8ec6,775,2,late,20,26,-1.7188007831573486,-3.1339032649993896,-1.1453272104263306,-2.892151355743408,-0.7232826948165894,-3.0100162029266357,0.3317216634750366,0.5734735727310181,-0.24175190925598145,1.415102481842041,1.7468241453170776,0.5399093627929688,0.83
qwen3-4b-keep4-s42,<TRAIN_ROOT>/qwen3-4b-keep4-s42/checkpoint-417,5dae32552c442a3aeffd66a5,775,4,mid,14,26,-1.3345482349395752,-1.0103225708007812,-1.0384691953659058,-0.6121959686279297,-0.7105939984321594,-0.5248148441314697,-0.10204756259918213,0.29607903957366943,-0.39812660217285156,-0.32422566413879395,-0.4262732267379761,0.24049407243728638,0.78
qwen3-4b-keep4-s42,<TRAIN_ROOT>/qwen3-4b-keep4-s42/checkpoint-417,02d92b53f68848660bb14463,775,8,early,9,26,-1.2048320770263672,-1.721551537513733,-0.8930403590202332,-1.7385021448135376,-0.2539159953594208,-1.771522879600525,0.3287423253059387,0.31179171800613403,0.016950607299804688,0.5167194604873657,0.8454617857933044,0.6721450984477997,0.77
qwen3-4b-keep4-s42,<TRAIN_ROOT>/qwen3-4b-keep4-s42/checkpoint-417,2e4769ee4f820b7f8cad838a,114,1,late,9,13,-1.1078119277954102,-0.8231725692749023,-1.0683846473693848,-0.776861846446991,-0.8097951412200928,-0.7759482264518738,-0.006883442401885986,0.03942728042602539,-0.04631072282791138,-0.2846393585205078,-0.2915228009223938,0.2576758861541748,0.78
qwen3-4b-keep4-s42,<TRAIN_ROOT>/qwen3-4b-keep4-s42/checkpoint-417,557448943f3fe0e9d0a25c9d,114,2,mid,7,13,-1.8827009201049805,-0.005150318145751953,-0.9967794418334961,-0.04549098014831543,-0.5762550830841064,-0.09588360786437988,0.9262621402740479,0.8859214782714844,0.04034066200256348,-1.8775506019592285,-0.9512884616851807,0.4709169864654541,0.77
qwen3-4b-keep4-s42,<TRAIN_ROOT>/qwen3-4b-keep4-s42/checkpoint-417,13d6e6a4d2e0aa3ae7eef430,114,4,early,4,13,-1.756927490234375,-0.5145679712295532,-1.0069420337677002,-0.4101230800151825,-0.47210782766342163,-0.38474175333976746,0.6455405652523041,0.7499854564666748,-0.10444489121437073,-1.2423595190048218,-0.5968189537525177,0.5094528794288635,0.76
qwen3-4b-keep4-s42,<TRAIN_ROOT>/qwen3-4b-keep4-s42/checkpoint-417,562c005c6a3f05c6801e17c5,114,8,late,9,13,-0.9528875350952148,-0.8231725692749023,-0.6237690448760986,-0.797795295715332,-0.4122812747955322,-0.6931015849113464,0.3037412166595459,0.3291184902191162,-0.025377273559570312,-0.1297149658203125,0.1740262508392334,0.10679405927658081,0.85
qwen3-4b-keep4-s42,<TRAIN_ROOT>/qwen3-4b-keep4-s42/checkpoint-417,0789690a98ffa8ff10044a85,226,1,mid,15,26,-1.5620088577270508,-0.6996164321899414,-0.6990520358085632,-0.7177482843399048,-0.3447912335395813,-0.7151121497154236,0.8810886740684509,0.8629568219184875,0.01813185214996338,-0.8623924255371094,0.018696248531341553,0.35162466764450073,0.68
qwen3-4b-keep4-s42,<TRAIN_ROOT>/qwen3-4b-keep4-s42/checkpoint-417,23305a9398342bd15f9632f0,226,2,early,9,26,-1.4803006649017334,-1.1839001178741455,-1.067563772201538,-1.0278704166412354,-0.4549083709716797,-1.1129417419433594,0.25670719146728516,0.4127368927001953,-0.15602970123291016,-0.2964005470275879,-0.039693355560302734,0.6977267265319824,0.63
qwen3-4b-keep4-s42,<TRAIN_ROOT>/qwen3-4b-keep4-s42/checkpoint-417,bc7372af10659172c78d9465,226,4,late,25,26,-1.5762428045272827,-0.7406279444694519,-0.7792900204658508,-0.660564124584198,-0.24919433891773224,-0.6575130224227905,0.716888964176178,0.7969527840614319,-0.0800638198852539,-0.8356148600578308,-0.11872589588165283,0.5270445793867111,0.8
qwen3-4b-keep4-s42,<TRAIN_ROOT>/qwen3-4b-keep4-s42/checkpoint-417,0007cb462363661747a643bf,226,8,mid,16,26,-1.8396997451782227,-1.7209372520446777,-0.4796895980834961,-1.9375574588775635,-0.14340083301067352,-2.1037473678588867,1.5766303539276123,1.3600101470947266,0.21662020683288574,-0.11876249313354492,1.4578678607940674,0.5024786740541458,0.75
qwen3-4b-keep4-s42,<TRAIN_ROOT>/qwen3-4b-keep4-s42/checkpoint-417,6cfb87c500e5f1bf176ea656,852,1,early,3,31,-0.5763305425643921,-0.1760556846857071,-0.48959439992904663,-0.1940777748823166,-0.30914103984832764,-0.20495907962322235,0.10475823283195496,0.08673614263534546,0.018022090196609497,-0.400274857878685,-0.29551662504673004,0.19133466482162476,0.52
qwen3-4b-keep4-s42,<TRAIN_ROOT>/qwen3-4b-keep4-s42/checkpoint-417,61e48dfba3310514131f1c67,852,2,late,24,31,-0.6320902109146118,-0.35246917605400085,-0.3792988955974579,-0.36276111006736755,-0.1112380400300026,-0.39729443192481995,0.26308324933052063,0.25279131531715393,0.0102919340133667,-0.27962103486061096,-0.016537785530090332,0.3025941774249077,0.75
qwen3-4b-keep4-s42,<TRAIN_ROOT>/qwen3-4b-keep4-s42/checkpoint-417,32d52626e8d28807e1eb2f9b,852,4,mid,15,31,-0.7035574316978455,-0.34975436329841614,-0.3423626124858856,-0.6700952053070068,-0.05429871752858162,-0.7183039784431458,0.6815356612205505,0.36119481921195984,0.3203408420085907,-0.3538030683994293,0.3277325928211212,0.3362726680934429,0.67
qwen3-4b-keep4-s42,<TRAIN_ROOT>/qwen3-4b-keep4-s42/checkpoint-417,9c8b3a9ee0102a1918bcbd5c,852,8,early,8,31,-0.48718634247779846,-0.6145793199539185,-0.5243149995803833,-0.612399697303772,-0.4129260182380676,-0.5955417156219482,-0.03930827975273132,-0.03712865710258484,-0.0021796226501464844,0.12739297747612,0.08808469772338867,0.09453099966049194,0.63
qwen3-4b-keep4-s42,<TRAIN_ROOT>/qwen3-4b-keep4-s42/checkpoint-417,2e06c22d60bad9df63ee59a0,820,1,late,25,32,-1.017698884010315,-1.0719512701034546,-1.110805869102478,-1.0863078832626343,-0.4033977687358856,-1.0464540719985962,-0.0787503719329834,-0.09310698509216309,0.014356613159179688,0.05425238609313965,-0.02449798583984375,0.6675542891025543,1.01
qwen3-4b-keep4-s42,<TRAIN_ROOT>/qwen3-4b-keep4-s42/checkpoint-417,1c7a4acc31b015b6e6ad98fd,820,2,mid,21,32,-1.306018590927124,-0.770933985710144,-0.9553771615028381,-0.5207922458648682,-0.4187600910663605,-0.5124490857124329,0.10049968957901001,0.3506414294242859,-0.2501417398452759,-0.53508460521698,-0.43458491563796997,0.5282739102840424,0.97
qwen3-4b-keep4-s42,<TRAIN_ROOT>/qwen3-4b-keep4-s42/checkpoint-417,9c66cbb7bd85e51d036817dd,820,4,early,4,32,-1.3020790815353394,-1.2978830337524414,-0.7975436449050903,-1.2210772037506104,-0.28115716576576233,-1.1987273693084717,0.42772960662841797,0.504535436630249,-0.07680583000183105,-0.004196047782897949,0.42353355884552,0.49403664469718933,0.82
qwen3-4b-keep4-s42,<TRAIN_ROOT>/qwen3-4b-keep4-s42/checkpoint-417,12723c8c7e72093af91bf718,820,8,late,26,32,-0.8988382816314697,-1.7818803787231445,-0.16158591210842133,-2.0020298957824707,-0.006862216629087925,-2.432878255844116,0.9574018865823746,0.7372523695230484,0.22014951705932617,0.8830420970916748,1.8404439836740494,0.5855720555409789,1.09
qwen3-4b-keep4-s42,<TRAIN_ROOT>/qwen3-4b-keep4-s42/checkpoint-417,cec32a215c32dbc3be8f651e,313,1,mid,12,28,-1.362310528755188,-0.007229396607726812,-0.6211418509483337,-0.01106916181743145,-0.45540785789489746,-0.02291720360517502,0.7450084430165589,0.7411686778068542,0.0038397652097046375,-1.3550811321474612,-0.6100726891309023,0.17758203484117985,0.72
qwen3-4b-keep4-s42,<TRAIN_ROOT>/qwen3-4b-keep4-s42/checkpoint-417,8287c0030a4a4e8489b6521d,313,2,early,2,28,-0.49897798895835876,-1.1065212488174438,-0.4927511215209961,-1.0365980863571167,-0.19343313574790955,-1.0213688611984253,-0.06369629502296448,0.006226867437362671,-0.06992316246032715,0.6075432598590851,0.5438469648361206,0.28408876061439514,0.63
qwen3-4b-keep4-s42,<TRAIN_ROOT>/qwen3-4b-keep4-s42/checkpoint-417,b7ab3f2ecfe2a9e565639f5c,313,4,late,21,28,-1.3281996250152588,-0.20387306809425354,-0.9533098936080933,-0.34969139099121094,-0.27477821707725525,-1.0272810459136963,0.5207080543041229,0.3748897314071655,0.1458183228969574,-1.1243265569210052,-0.6036185026168823,1.3561213314533234,0.85
qwen3-4b-keep4-s42,<TRAIN_ROOT>/qwen3-4b-keep4-s42/checkpoint-417,a710465d9fdbf22164a5b6b4,313,8,mid,14,28,-1.058907151222229,-0.34976884722709656,-0.7552914023399353,-0.4208095669746399,-0.14566688239574432,-0.8417229056358337,0.37465646862983704,0.3036157488822937,0.07104071974754333,-0.7091383039951324,-0.3344818353652954,1.0305378586053848,0.82
qwen3-4b-keep4-s42,<TRAIN_ROOT>/qwen3-4b-keep4-s42/checkpoint-417,720066b23fab6d11a4745bed,442,1,early,8,30,-1.1402391195297241,-0.3614893853664398,-0.945870041847229,-0.3469051122665405,-0.678811252117157,-0.33471956849098206,0.17978480458259583,0.19436907768249512,-0.014584273099899292,-0.7787497341632843,-0.5989649295806885,0.25487324595451355,0.59
qwen3-4b-keep4-s42,<TRAIN_ROOT>/qwen3-4b-keep4-s42/checkpoint-417,4d8ca56e3b4dc029ab7565cb,442,2,late,21,30,-1.1936848163604736,-0.4434962272644043,-0.7071072459220886,-0.3976081311702728,-0.38005760312080383,-0.3722872734069824,0.44068947434425354,0.486577570438385,-0.04588809609413147,-0.7501885890960693,-0.3094991147518158,0.3017287850379944,0.72
qwen3-4b-keep4-s42,<TRAIN_ROOT>/qwen3-4b-keep4-s42/checkpoint-417,fcceca4eee47cd4470c5db0d,442,4,mid,20,30,-1.1219226121902466,-0.4332086443901062,-1.0729944705963135,-0.736477792263031,-0.6747570037841797,-0.8938619494438171,0.3521972894668579,0.048928141593933105,0.3032691478729248,-0.6887139678001404,-0.33651667833328247,0.5556216239929199,0.73
qwen3-4b-keep4-s42,<TRAIN_ROOT>/qwen3-4b-keep4-s42/checkpoint-417,1c5c6833b39be94fd4072766,442,8,early,9,30,-0.9788475036621094,-0.5299938917160034,-0.8960151672363281,-0.4489259719848633,-0.8796215057373047,-0.4271776080131531,0.0017644166946411133,0.08283233642578125,-0.08106791973114014,-0.44885361194610596,-0.44708919525146484,-0.005354702472686768,0.66
qwen3-4b-keep4-s42,<TRAIN_ROOT>/qwen3-4b-keep4-s42/checkpoint-417,0487a6382d06912f858cb189,803,1,late,38,53,-0.9971861243247986,-0.0010629653697833419,-0.6660768389701843,-0.00750389089807868,-0.32851505279541016,-0.027400780469179153,0.3375502108829096,0.33110928535461426,0.006440925528295338,-0.9961231589550152,-0.6585729480721056,0.35745867574587464,0.82
qwen3-4b-keep4-s42,<TRAIN_ROOT>/qwen3-4b-keep4-s42/checkpoint-417,9e4e34f183a542c5678bb2d5,803,2,mid,29,53,-1.0610920190811157,-0.001409339951351285,-0.6797058582305908,-0.02034778706729412,-0.4456131160259247,-0.07972583919763565,0.40032460796646774,0.3813861608505249,0.018938447115942836,-1.0596826791297644,-0.6593580711632967,0.29347079433500767,0.75
qwen3-4b-keep4-s42,<TRAIN_ROOT>/qwen3-4b-keep4-s42/checkpoint-417,daec73172d70d146cf74edf9,803,4,early,16,53,-2.272817611694336,-0.0016918182373046875,-1.9261384010314941,-0.005063438322395086,-0.9987809658050537,-0.01932354085147381,0.3500508307479322,0.3466792106628418,0.003371620085090399,-2.2711257934570312,-1.921074962709099,0.9416175377555192,0.66
qwen3-4b-keep4-s42,<TRAIN_ROOT>/qwen3-4b-keep4-s42/checkpoint-417,802809ccff093c20967a1292,803,8,late,47,53,-1.944100260734558,-0.0009435653919354081,-1.3471463918685913,-0.009732628241181374,-0.3401901423931122,-0.0419742576777935,0.6057429317152128,0.5969538688659668,0.008789062849245965,-1.9431566953426227,-1.33741376362741,1.0391978789120913,0.98
qwen3-4b-keep4-s42,<TRAIN_ROOT>/qwen3-4b-keep4-s42/checkpoint-417,2170bed7afd383d9ff753db0,1063,1,mid,36,84,-1.446853756904602,-0.06056571006774902,-1.2887303829193115,-0.08031129837036133,-1.1126927137374878,-0.12473821640014648,0.17786896228790283,0.15812337398529053,0.019745588302612305,-1.386288046836853,-1.2084190845489502,0.2204645872116089,1.08
qwen3-4b-keep4-s42,<TRAIN_ROOT>/qwen3-4b-keep4-s42/checkpoint-417,8c634b8a5726f03fe54a0c40,1063,2,early,28,84,-1.249987006187439,-0.6918864846229553,-0.7778190970420837,-0.7088396549224854,-0.3603891432285309,-0.6885155439376831,0.48912107944488525,0.4721679091453552,0.01695317029953003,-0.5581005215644836,-0.06897944211959839,0.3971058428287506,1.01
qwen3-4b-keep4-s42,<TRAIN_ROOT>/qwen3-4b-keep4-s42/checkpoint-417,306d5c29bf259ec557fd5419,1063,4,late,80,84,-1.1365032196044922,-0.049771446734666824,-0.6390781402587891,-0.28997477889060974,-0.3729095458984375,-0.4349752366542816,0.737628411501646,0.4974250793457031,0.24020333215594292,-1.0867317728698254,-0.3491033613681793,0.41116905212402344,1.58
qwen3-4b-keep4-s42,<TRAIN_ROOT>/qwen3-4b-keep4-s42/checkpoint-417,c4097103ddbb961fbcde58d4,1063,8,mid,43,84,-2.089512825012207,-0.403522789478302,-0.4925011396408081,-0.34181419014930725,-0.2721944749355316,-0.3346880376338959,1.5353030860424042,1.597011685371399,-0.06170859932899475,-1.685990035533905,-0.15068694949150085,0.2131805121898651,1.21
qwen3-4b-keep4-s42,<TRAIN_ROOT>/qwen3-4b-keep4-s42/checkpoint-417,2953f7fa95babd9e3c1dba4e,20,1,early,17,90,-0.3447239398956299,-0.5734570622444153,-0.469907283782959,-0.6133797764778137,-0.5156152248382568,-0.5697977542877197,-0.08526062965393066,-0.1251833438873291,0.03992271423339844,0.2287331223487854,0.14347249269485474,-0.08928996324539185,0.84
qwen3-4b-keep4-s42,<TRAIN_ROOT>/qwen3-4b-keep4-s42/checkpoint-417,a001216ec311ab28b1c782a6,20,2,late,71,90,-1.055504560470581,-0.13835589587688446,-0.7506529688835144,-0.17554940283298492,-0.3861985206604004,-0.24748188257217407,0.3420450985431671,0.30485159158706665,0.037193506956100464,-0.9171486645936966,-0.5751035660505295,0.43638692796230316,1.44
qwen3-4b-keep4-s42,<TRAIN_ROOT>/qwen3-4b-keep4-s42/checkpoint-417,7d4ab15a4c3c559e63065db2,20,4,mid,45,90,-2.003551959991455,-0.003511701477691531,-1.029025673866272,-0.040130071341991425,-0.3056339621543884,-0.270313560962677,1.011144655989483,0.9745262861251831,0.03661836986429989,-2.0000402585137635,-0.9888956025242805,0.9535752013325691,1.16
qwen3-4b-keep4-s42,<TRAIN_ROOT>/qwen3-4b-keep4-s42/checkpoint-417,874d8579757275bfd450edd7,20,8,early,30,90,-1.2924442291259766,-0.46311455965042114,-0.8846502304077148,-0.8075264096260071,-0.3561248779296875,-0.944252610206604,0.7522058486938477,0.4077939987182617,0.34441184997558594,-0.8293296694755554,-0.07712382078170776,0.6652515530586243,1.04
qwen3-4b-keep4-s42,<TRAIN_ROOT>/qwen3-4b-keep4-s42/checkpoint-417,51bf4a2d7e2e3df70bb7bec4,332,1,late,36,46,-0.9840512275695801,-0.44159039855003357,-0.8874618411064148,-0.4751858413219452,-0.46966952085494995,-0.5137287974357605,0.1301848292350769,0.09658938646316528,0.03359544277191162,-0.5424608290195465,-0.4122759997844696,0.45633527636528015,1.07
qwen3-4b-keep4-s42,<TRAIN_ROOT>/qwen3-4b-keep4-s42/checkpoint-417,5724f4957ac48e0b498de328,332,2,mid,26,46,-1.5864025354385376,-0.02478046528995037,-0.9443167448043823,-0.12654171884059906,-0.6321820616722107,-0.1861923187971115,0.743847044184804,0.6420857906341553,0.10176125355064869,-1.5616220701485872,-0.8177750259637833,0.3717852830886841,0.97
qwen3-4b-keep4-s42,<TRAIN_ROOT>/qwen3-4b-keep4-s42/checkpoint-417,75780dc10c32555bbd73243e,332,4,early,9,46,-0.7172194719314575,-0.8707031607627869,-0.48831385374069214,-0.8661552667617798,-0.21354587376117706,-0.8593744039535522,0.2243577241897583,0.22890561819076538,-0.00454789400100708,0.15348368883132935,0.37784141302108765,0.26798711717128754,0.8
qwen3-4b-keep4-s42,<TRAIN_ROOT>/qwen3-4b-keep4-s42/checkpoint-417,3eea09cf6119b36668863b4f,332,8,late,42,46,-0.5904101133346558,-1.2024662494659424,-0.5468432307243347,-1.3198782205581665,-0.06520557403564453,-1.6100212335586548,0.16097885370254517,0.043566882610321045,0.11741197109222412,0.6120561361312866,0.7730349898338318,0.7717806696891785,1.23
qwen3-4b-keep4-s42,<TRAIN_ROOT>/qwen3-4b-keep4-s42/checkpoint-417,1596d6a6987701aadc7be7e8,282,1,mid,9,14,-1.0608545541763306,-0.0001862049102783203,-0.38522136211395264,-0.004024982452392578,-0.17760217189788818,-0.014470338821411133,0.6794719696044922,0.6756331920623779,0.003838777542114258,-1.0606683492660522,-0.38119637966156006,0.218064546585083,0.62
qwen3-4b-keep4-s42,<TRAIN_ROOT>/qwen3-4b-keep4-s42/checkpoint-417,3de996dce905d2402c88824f,282,2,early,4,14,-1.4801979064941406,-0.0029885610565543175,-1.6410927772521973,-0.00588862132281065,-0.6745715141296387,-0.017085902392864227,-0.1579948104918003,-0.16089487075805664,0.0029000602662563324,-1.4772093454375863,-1.6352041559293866,0.9777185441926122,0.58
qwen3-4b-keep4-s42,<TRAIN_ROOT>/qwen3-4b-keep4-s42/checkpoint-417,4089c74129e54f7a333d9f27,282,4,late,13,14,-0.7076854705810547,-0.254014253616333,-0.6219418048858643,-0.20927315950393677,-0.35692310333251953,-0.2022441029548645,0.04100257158279419,0.08574366569519043,-0.04474109411239624,-0.4536712169647217,-0.4126686453819275,0.25798964500427246,0.71
qwen3-4b-keep4-s42,<TRAIN_ROOT>/qwen3-4b-keep4-s42/checkpoint-417,08d33fee3a7b5c24a13af17e,282,8,mid,9,14,-1.22037672996521,-0.0001862049102783203,-0.7581798434257507,-0.004095315933227539,-0.23193973302841187,-0.030050277709960938,0.46610599756240845,0.46219688653945923,0.003909111022949219,-1.2201905250549316,-0.7540845274925232,0.5521950721740723,0.69
qwen3-4b-keep4-s42,<TRAIN_ROOT>/qwen3-4b-keep4-s42/checkpoint-417,7c62b86962db49ff959024bd,372,1,early,4,12,-0.5945361852645874,-0.010182641446590424,-0.5344144701957703,-0.04177960753440857,-0.4363954961299896,-0.07379809767007828,0.09171868115663528,0.06012171506881714,0.031596966087818146,-0.584353543817997,-0.4926348626613617,0.13003746420145035,0.5
qwen3-4b-keep4-s42,<TRAIN_ROOT>/qwen3-4b-keep4-s42/checkpoint-417,30900aecc158203beb3146ef,372,2,late,9,12,-1.7848598957061768,-0.010259204544126987,-1.6330645084381104,-0.024578941985964775,-0.3320377469062805,-0.054671816527843475,0.1661151247099042,0.1517953872680664,0.014319737441837788,-1.7746006911620498,-1.6084855664521456,1.3311196360737085,0.56
qwen3-4b-keep4-s42,<TRAIN_ROOT>/qwen3-4b-keep4-s42/checkpoint-417,a338e9556f3a175d7712417d,372,4,mid,6,12,-0.8228634595870972,-0.7066449522972107,-0.7595928907394409,-0.7315747141838074,-0.5010072588920593,-0.803558349609375,0.08820033073425293,0.06327056884765625,0.02492976188659668,-0.11621850728988647,-0.028018176555633545,0.3305692672729492,0.54
qwen3-4b-keep4-s42,<TRAIN_ROOT>/qwen3-4b-keep4-s42/checkpoint-417,08b87e14581fb4957897d55c,372,8,late,9,12,-2.7225470542907715,-0.010259204544126987,-2.4453816413879395,-0.03592342883348465,-0.850156307220459,-0.09202003479003906,0.3028296371921897,0.27716541290283203,0.025664224289357662,-2.7122878497466445,-2.409458212554455,1.6513219401240349,0.62
qwen3-4b-keep4-s42,<TRAIN_ROOT>/qwen3-4b-keep4-s42/checkpoint-417,3792e641f43277a5ddfc1283,337,1,early,21,81,-1.383291244506836,-0.09807968139648438,-1.3789833784103394,-0.15449190139770508,-1.360211968421936,-0.19385552406311035,0.060720086097717285,0.004307866096496582,0.0564122200012207,-1.2852115631103516,-1.2244914770126343,0.058135032653808594,0.88
qwen3-4b-keep4-s42,<TRAIN_ROOT>/qwen3-4b-keep4-s42/checkpoint-417,22064c359e308e482d7c4729,337,2,mid,47,81,-1.488337516784668,-0.07752196490764618,-1.300790548324585,-0.14642302691936493,-0.6973781585693359,-0.15332412719726562,0.25644803047180176,0.187546968460083,0.06890106201171875,-1.4108155518770218,-1.15436752140522,0.6103134900331497,1.22
qwen3-4b-keep4-s42,<TRAIN_ROOT>/qwen3-4b-keep4-s42/checkpoint-417,a713d08dcbcf69dbbce00769,337,4,early,8,81,-1.1565849781036377,-0.0004836188454646617,-0.7996671795845032,-0.01886410266160965,-0.5907686352729797,-0.20846346020698547,0.3752982823352795,0.3569177985191345,0.018380483816144988,-1.156101359258173,-0.7808030769228935,0.39849790185689926,0.77
qwen3-4b-keep4-s42,<TRAIN_ROOT>/qwen3-4b-keep4-s42/checkpoint-417,99c3b8315e330c11103adaf3,337,8,late,58,81,-1.0432260036468506,-0.31307369470596313,-0.7601528167724609,-0.5587268471717834,-0.4300142824649811,-0.8167190551757812,0.52872633934021,0.28307318687438965,0.2456531524658203,-0.7301523089408875,-0.2014259696006775,0.5881307423114777,1.47
qwen3-4b-keep4-s42,<TRAIN_ROOT>/qwen3-4b-keep4-s42/checkpoint-417,953981154f6c9b83a52363fe,550,1,mid,38,83,-0.9927901029586792,-0.01278513204306364,-0.7167159914970398,-0.08133229613304138,-0.5396032333374023,-0.12759573757648468,0.34462127555161715,0.2760741114616394,0.06854716408997774,-0.9800049709156156,-0.6353836953639984,0.22337619960308075,1.09
qwen3-4b-keep4-s42,<TRAIN_ROOT>/qwen3-4b-keep4-s42/checkpoint-417,0a86a3fa1a1ff8633e5bfdfd,550,2,early,11,83,-1.125253677368164,-0.9572055339813232,-0.9326680302619934,-1.0163862705230713,-0.3937135338783264,-1.0237443447113037,0.2517663836479187,0.19258564710617065,0.05918073654174805,-0.16804814338684082,0.08371824026107788,0.5463125705718994,0.8
qwen3-4b-keep4-s42,<TRAIN_ROOT>/qwen3-4b-keep4-s42/checkpoint-417,a4cb8657a5d9f8671aa6ce79,550,4,late,64,83,-1.2002487182617188,-0.9288159012794495,-0.8647015690803528,-1.1672453880310059,-0.2791362404823303,-1.239955186843872,0.5739766359329224,0.33554714918136597,0.2384294867515564,-0.2714328169822693,0.3025438189506531,0.6582751274108887,1.39
qwen3-4b-keep4-s42,<TRAIN_ROOT>/qwen3-4b-keep4-s42/checkpoint-417,a8400cc2110152cd600a9eaf,550,8,mid,44,83,-2.326951265335083,-0.010202726349234581,-1.6903870105743408,-0.03617715835571289,-0.46518754959106445,-0.1261509358882904,0.6625386867672205,0.6365642547607422,0.02597443200647831,-2.3167485389858484,-1.654209852218628,1.3151732385158539,1.22
qwen3-4b-keep4-s42,<TRAIN_ROOT>/qwen3-4b-keep4-s42/checkpoint-417,8d2cea81d54ba16f6e06c8db,522,1,early,5,29,-1.6900864839553833,-0.8410388827323914,-1.309781789779663,-0.7461071610450745,-0.9379855990409851,-0.7562114596366882,0.2853729724884033,0.3803046941757202,-0.0949317216873169,-0.8490476012229919,-0.5636746287345886,0.38190048933029175,0.51
qwen3-4b-keep4-s42,<TRAIN_ROOT>/qwen3-4b-keep4-s42/checkpoint-417,d28bc68019e4365133699c3a,522,2,late,26,29,-0.8392700552940369,-1.9074437618255615,-0.76271653175354,-1.8538306951522827,-0.4625392556190491,-1.8078441619873047,0.022940456867218018,0.07655352354049683,-0.05361306667327881,1.0681737065315247,1.0911141633987427,0.25419074296951294,0.7
qwen3-4b-keep4-s42,<TRAIN_ROOT>/qwen3-4b-keep4-s42/checkpoint-417,e5801a7d9bdfc1eb539fd461,522,4,mid,13,29,-3.1680428981781006,-1.5940337181091309,-2.7258172035217285,-1.6637581586837769,-2.0348663330078125,-1.7062958478927612,0.5119501352310181,0.44222569465637207,0.069724440574646,-1.5740091800689697,-1.0620590448379517,0.7334885597229004,0.6
qwen3-4b-keep4-s42,<TRAIN_ROOT>/qwen3-4b-keep4-s42/checkpoint-417,eea0713f659145877f729726,522,8,early,8,29,-1.579145908355713,-0.03782195970416069,-1.1959397792816162,-0.08628006279468536,-0.4501476287841797,-0.22486381232738495,0.43166423216462135,0.3832061290740967,0.04845810309052467,-1.5413239486515522,-1.1096597164869308,0.8843759000301361,0.61
qwen3-4b-keep4-s42,<TRAIN_ROOT>/qwen3-4b-keep4-s42/checkpoint-417,adc0ea97cfc982846ab95e7a,237,1,late,55,58,-1.2799108028411865,-0.3900662958621979,-1.1761153936386108,-0.35520026087760925,-0.5662190318107605,-0.3710155487060547,0.06892937421798706,0.10379540920257568,-0.03486603498458862,-0.8898445069789886,-0.8209151327610016,0.6257116496562958,1.18
qwen3-4b-keep4-s42,<TRAIN_ROOT>/qwen3-4b-keep4-s42/checkpoint-417,c24b27a1fd529cfdb1d02449,237,2,mid,34,58,-1.35458505153656,-0.07819151878356934,-1.0420150756835938,-0.16368579864501953,-0.5823730826377869,-0.20742130279541016,0.3980642557144165,0.3125699758529663,0.0854942798614502,-1.2763935327529907,-0.8783292770385742,0.5033774971961975,0.96
qwen3-4b-keep4-s42,<TRAIN_ROOT>/qwen3-4b-keep4-s42/checkpoint-417,bd877b1f19fe8896c152711c,237,4,early,6,58,-0.5906122922897339,-0.46117153763771057,-0.5147571563720703,-0.4327339828014374,-0.23883068561553955,-0.45062652230262756,0.04741758108139038,0.07585513591766357,-0.028437554836273193,-0.12944075465202332,-0.08202317357063293,0.29381901025772095,0.67
qwen3-4b-keep4-s42,<TRAIN_ROOT>/qwen3-4b-keep4-s42/checkpoint-417,0c442d36ec68bb4b86edd337,237,8,late,52,58,-1.1791577339172363,-0.5441727638244629,-0.4677763879299164,-0.5447186231613159,-0.14188078045845032,-0.4969169497489929,0.711927205324173,0.71138134598732,0.0005458593368530273,-0.6349849700927734,0.07694223523139954,0.27809393405914307,1.24
qwen3-4b-keep4-s42,<TRAIN_ROOT>/qwen3-4b-keep4-s42/checkpoint-417,199aa2a79bf2115730addd43,782,1,mid,27,60,-0.4600495994091034,-0.383571982383728,-0.4071960747241974,-0.38521212339401245,-0.2816888391971588,-0.40746742486953735,0.05449366569519043,0.052853524684906006,0.0016401410102844238,-0.07647761702537537,-0.021983951330184937,0.14776253700256348,0.81
qwen3-4b-keep4-s42,<TRAIN_ROOT>/qwen3-4b-keep4-s42/checkpoint-417,75bbd8700f298a26d328514f,782,2,early,11,60,-1.5931099653244019,-0.07046302407979965,-1.3591409921646118,-0.21061913669109344,-0.4691726267337799,-0.22486750781536102,0.37412508577108383,0.23396897315979004,0.1401561126112938,-1.5226469412446022,-1.1485218554735184,0.9042167365550995,0.65
qwen3-4b-keep4-s42,<TRAIN_ROOT>/qwen3-4b-keep4-s42/checkpoint-417,2dde787e748458c83df4b4ff,782,4,late,42,60,-1.3530480861663818,-0.01427132822573185,-0.3861907124519348,-0.04930741712450981,-0.04914049059152603,-0.32116222381591797,1.001893462613225,0.966857373714447,0.03503608889877796,-1.33877675794065,-0.336883295327425,0.6089050285518169,1.0
qwen3-4b-keep4-s42,<TRAIN_ROOT>/qwen3-4b-keep4-s42/checkpoint-417,3aa6948389eac679c5e4b6fa,782,8,mid,39,60,-0.7974894642829895,-0.32401013374328613,-0.2826952040195465,-0.4274349510669708,-0.031025521457195282,-0.7422337532043457,0.6182190775871277,0.514794260263443,0.10342481732368469,-0.47347933053970337,0.14473974704742432,0.5664684846997261,1.02
qwen3-4b-keep4-s42,<TRAIN_ROOT>/qwen3-4b-keep4-s42/checkpoint-417,194c98cf3bd7d516a7b3010e,216,1,early,14,70,-1.6062880754470825,-0.007922490127384663,-0.7479923963546753,-0.023446189239621162,-0.5355864763259888,-0.038941700011491776,0.8738193782046437,0.8582956790924072,0.0155236991122365,-1.5983655853196979,-0.7245462071150541,0.22790143080055714,0.9
qwen3-4b-keep4-s42,<TRAIN_ROOT>/qwen3-4b-keep4-s42/checkpoint-417,a960b4b599ba4c17736d86f3,216,2,late,65,70,-0.6321209073066711,-0.970870316028595,-0.5238808989524841,-1.0300341844558716,-0.3025095462799072,-1.1457955837249756,0.16740387678146362,0.10824000835418701,0.05916386842727661,0.33874940872192383,0.5061532855033875,0.3371327519416809,1.48
qwen3-4b-keep4-s42,<TRAIN_ROOT>/qwen3-4b-keep4-s42/checkpoint-417,7a6a2b4f55ea9415823a1843,216,4,mid,44,70,-0.6772871017456055,-0.6351242065429688,-0.46842873096466064,-0.625596821308136,-0.17562124133110046,-0.7681699395179749,0.19933098554611206,0.20885837078094482,-0.009527385234832764,-0.04216289520263672,0.15716809034347534,0.43538060784339905,1.27
qwen3-4b-keep4-s42,<TRAIN_ROOT>/qwen3-4b-keep4-s42/checkpoint-417,e95f10b7df64c1263a81cbca,216,8,early,8,70,-0.5327941179275513,-0.7791673541069031,-0.39832624793052673,-0.7161602973937988,-0.3782367706298828,-0.6924840807914734,0.07146081328392029,0.13446786999702454,-0.06300705671310425,0.2463732361793518,0.3178340494632721,-0.0035867393016815186,0.91
qwen3-4b-keep4-s42,<TRAIN_ROOT>/qwen3-4b-keep4-s42/checkpoint-417,ac765161f8ebf5bf22d78dd0,707,1,late,80,83,-0.8949966430664062,-1.0064014196395874,-0.5356104373931885,-0.8772549033164978,-0.2953040599822998,-0.8116161227226257,0.23023968935012817,0.3593862056732178,-0.1291465163230896,0.11140477657318115,0.3416444659233093,0.1746675968170166,1.48
qwen3-4b-keep4-s42,<TRAIN_ROOT>/qwen3-4b-keep4-s42/checkpoint-417,dc6a719262401c44f5426c33,707,2,mid,34,83,-0.861790657043457,-0.9521024823188782,-0.640153169631958,-1.1084823608398438,-0.16080307960510254,-1.1242214441299438,0.3780173659324646,0.22163748741149902,0.15637987852096558,0.09031182527542114,0.46832919120788574,0.49508917331695557,0.98
qwen3-4b-keep4-s42,<TRAIN_ROOT>/qwen3-4b-keep4-s42/checkpoint-417,0e57774d036f2b7904d89a57,707,4,early,19,83,-1.6241542100906372,-0.6199049949645996,-0.6601683497428894,-0.549105167388916,-0.3238894045352936,-0.5316023826599121,0.8931860327720642,0.9639858603477478,-0.0707998275756836,-1.0042492151260376,-0.11106318235397339,0.3187761604785919,0.85
qwen3-4b-keep4-s42,<TRAIN_ROOT>/qwen3-4b-keep4-s42/checkpoint-417,31c8798b5b8c96ad8d9114da,707,8,late,65,83,-2.222944974899292,-0.011109438724815845,-0.9465173482894897,-0.04487193748354912,-0.04926776885986328,-0.6260755658149719,1.3101901253685355,1.2764276266098022,0.03376249875873327,-2.211835536174476,-0.9016454108059406,1.4784532077610493,1.39
qwen3-4b-keep4-s42,<TRAIN_ROOT>/qwen3-4b-keep4-s42/checkpoint-417,c0f66150ce29966d27684f3b,42,1,mid,33,56,-1.3773187398910522,-0.49619436264038086,-1.4087587594985962,-0.5392861366271973,-0.7381775975227356,-0.5410771369934082,0.011651754379272461,-0.031440019607543945,0.043091773986816406,-0.8811243772506714,-0.8694726228713989,0.6723721623420715,1.1
qwen3-4b-keep4-s42,<TRAIN_ROOT>/qwen3-4b-keep4-s42/checkpoint-417,732ea0864b20214e3762440f,42,2,early,13,56,-1.0556995868682861,-1.1592668294906616,-0.8081960082054138,-1.221374273300171,-0.5491390228271484,-1.1580325365066528,0.3096110224723816,0.24750357866287231,0.06210744380950928,0.10356724262237549,0.4131782650947571,0.19571524858474731,0.86
qwen3-4b-keep4-s42,<TRAIN_ROOT>/qwen3-4b-keep4-s42/checkpoint-417,e4fb25dc9f939fe13d347902,42,4,late,39,56,-1.486440658569336,-1.2208808660507202,-0.8918272852897644,-1.3830913305282593,-0.3157126009464264,-2.005993366241455,0.7568238377571106,0.5946133732795715,0.16221046447753906,-0.2655597925186157,0.4912640452384949,1.1990167200565338,1.18
qwen3-4b-keep4-s42,<TRAIN_ROOT>/qwen3-4b-keep4-s42/checkpoint-417,ab590a88c25ee467546c2d8f,42,8,mid,36,56,-1.6704537868499756,-0.0027734967879951,-0.7673236727714539,-0.08713870495557785,-0.39634379744529724,-0.16284222900867462,0.9874953222461045,0.9031301140785217,0.08436520816758275,-1.6676802900619805,-0.680184967815876,0.4466833993792534,1.21
qwen3-4b-keep4-s42,<TRAIN_ROOT>/qwen3-4b-keep4-s42/checkpoint-417,6d4612b69b35f424679d6e12,598,1,early,3,21,-1.1743998527526855,-0.7697890400886536,-0.6229476928710938,-0.8269506692886353,-0.4187610149383545,-0.8750526309013367,0.6086137890815735,0.5514521598815918,0.05716162919998169,-0.404610812664032,0.2040029764175415,0.2522886395454407,0.86
qwen3-4b-keep4-s42,<TRAIN_ROOT>/qwen3-4b-keep4-s42/checkpoint-417,6803044e75bdb0db6605a0eb,598,2,late,20,21,-1.3584991693496704,-2.0444259643554688,-1.041994571685791,-1.9582560062408447,-0.3410589396953583,-1.9227850437164307,0.23033463954925537,0.3165045976638794,-0.08616995811462402,0.6859267950057983,0.9162614345550537,0.6654646694660187,1.06
qwen3-4b-keep4-s42,<TRAIN_ROOT>/qwen3-4b-keep4-s42/checkpoint-417,ca56d8a31b5739f66cf1cb6c,598,4,mid,11,21,-1.0484709739685059,-0.8223476409912109,-0.8942782878875732,-0.9810938239097595,-0.20962834358215332,-1.0200875997543335,0.3129388689994812,0.15419268608093262,0.15874618291854858,-0.22612333297729492,0.08681553602218628,0.7236437201499939,0.97
qwen3-4b-keep4-s42,<TRAIN_ROOT>/qwen3-4b-keep4-s42/checkpoint-417,c45c798b4a8d9a897503beb9,598,8,late,15,21,-1.319746494293213,-0.7043590545654297,-0.890620231628418,-0.6194071173667908,-0.5389957427978516,-0.6438010334968567,0.344174325466156,0.4291262626647949,-0.08495193719863892,-0.6153874397277832,-0.2712131142616272,0.3760184049606323,1.08
qwen3-4b-keep4-s42,<TRAIN_ROOT>/qwen3-4b-keep4-s42/checkpoint-417,81ab330d13cb712cde2dfa2c,198,1,early,18,58,-0.8764848709106445,-0.6989766955375671,-0.7279403209686279,-0.7316837310791016,-0.5149908065795898,-0.7365335822105408,0.18125158548355103,0.1485445499420166,0.032707035541534424,-0.1775081753730774,0.003743410110473633,0.2177993655204773,0.72
qwen3-4b-keep4-s42,<TRAIN_ROOT>/qwen3-4b-keep4-s42/checkpoint-417,0003d87fcaa534cab5768452,198,2,mid,30,58,-0.9314377903938293,-0.708778440952301,-0.682704746723175,-0.8253528475761414,-0.303663045167923,-0.8614728450775146,0.36530745029449463,0.2487330436706543,0.11657440662384033,-0.22265934944152832,0.1426481008529663,0.41516169905662537,0.86
qwen3-4b-keep4-s42,<TRAIN_ROOT>/qwen3-4b-keep4-s42/checkpoint-417,620202d455a747b7d61043e6,198,4,early,5,58,-1.1851882934570312,-0.9388161301612854,-1.204908013343811,-0.9850317239761353,-0.933630645275116,-0.931465208530426,0.02649587392807007,-0.019719719886779785,0.046215593814849854,-0.24637216329574585,-0.21987628936767578,0.21771085262298584,0.63
qwen3-4b-keep4-s42,<TRAIN_ROOT>/qwen3-4b-keep4-s42/checkpoint-417,0fba98b1437c0ada8647ba30,198,8,late,42,58,-0.8935272097587585,-1.370910882949829,-0.41905689239501953,-1.408832311630249,-0.07914352416992188,-1.5983190536499023,0.5123917460441589,0.474470317363739,0.03792142868041992,0.47738367319107056,0.9897754192352295,0.529400110244751,1.07
qwen3-4b-keep4-s42,<TRAIN_ROOT>/qwen3-4b-keep4-s42/checkpoint-417,be63b8c8b839a918e81eff68,472,1,mid,29,61,-1.2975646257400513,-1.6338802576065063,-0.8760924935340881,-1.5980528593063354,-0.3093772530555725,-1.6009700298309326,0.38564473390579224,0.42147213220596313,-0.0358273983001709,0.3363156318664551,0.7219603657722473,0.5696324110031128,1.15
qwen3-4b-keep4-s42,<TRAIN_ROOT>/qwen3-4b-keep4-s42/checkpoint-417,8dd1b1ead52e9b8caabb323c,472,2,early,13,61,-1.5289802551269531,-1.8253369331359863,-0.8691842555999756,-1.9078972339630127,-0.47801661491394043,-2.0919036865234375,0.7423563003540039,0.6597959995269775,0.08256030082702637,0.2963566780090332,1.038712978363037,0.57517409324646,0.98
qwen3-4b-keep4-s42,<TRAIN_ROOT>/qwen3-4b-keep4-s42/checkpoint-417,948e679476ad705e1e1ec981,472,4,late,45,61,-1.16708242893219,-1.190962791442871,-0.43241578340530396,-1.0172560214996338,-0.0853792205452919,-1.1044219732284546,0.5609598755836487,0.734666645526886,-0.1737067699432373,0.023880362510681152,0.5848402380943298,0.43420251458883286,1.37
qwen3-4b-keep4-s42,<TRAIN_ROOT>/qwen3-4b-keep4-s42/checkpoint-417,71403ea13aaf79dcc3fc008a,472,8,mid,37,61,-1.3492215871810913,-1.3755762577056885,-0.3645539879798889,-1.3695005178451538,-0.15889914333820343,-1.4447952508926392,0.9785918593406677,0.9846675992012024,-0.006075739860534668,0.026354670524597168,1.004946529865265,0.28094957768917084,1.32
qwen3-4b-keep4-s42,<TRAIN_ROOT>/qwen3-4b-keep4-s42/checkpoint-417,5edf3da8a29bf7d65eb286ea,967,1,early,14,47,-0.8866825103759766,-0.11997604370117188,-0.7688040137290955,-0.1802775114774704,-0.4569399058818817,-0.2751016616821289,0.17817996442317963,0.1178784966468811,0.06030146777629852,-0.7667064666748047,-0.5885265022516251,0.40668825805187225,0.75
qwen3-4b-keep4-s42,<TRAIN_ROOT>/qwen3-4b-keep4-s42/checkpoint-417,ec4af121670d19af952419cc,967,2,late,38,47,-1.438194990158081,-1.135981559753418,-0.861233651638031,-1.0973199605941772,-0.23204335570335388,-1.0872725248336792,0.5382997393608093,0.57696133852005,-0.03866159915924072,-0.3022134304046631,0.23608630895614624,0.6191428601741791,1.0
qwen3-4b-keep4-s42,<TRAIN_ROOT>/qwen3-4b-keep4-s42/checkpoint-417,ad3726977bd3d7f25417a87d,967,4,mid,19,47,-1.4296448230743408,-0.04063050076365471,-0.8409563302993774,-0.10521920770406723,-0.2623353898525238,-0.14103078842163086,0.6532771997153759,0.5886884927749634,0.06458870694041252,-1.3890143223106861,-0.7357371225953102,0.6144325211644173,0.84
qwen3-4b-keep4-s42,<TRAIN_ROOT>/qwen3-4b-keep4-s42/checkpoint-417,4ca6095e0ac60c2f1e9eccec,967,8,early,16,47,-1.017711877822876,-0.4567911922931671,-0.16751565039157867,-0.3975607454776764,-0.010723961517214775,-0.5586773157119751,0.7909657806158066,0.8501962274312973,-0.05923044681549072,-0.5609206855297089,0.23004509508609772,0.3179082591086626,0.83
qwen3-4b-keep4-s42,<TRAIN_ROOT>/qwen3-4b-keep4-s42/checkpoint-417,56b57df1a16ef227d401e3b0,437,1,late,36,43,-1.1773700714111328,-1.9435603618621826,-0.9504034519195557,-1.9760568141937256,-0.5695870518684387,-2.001615285873413,0.2594630718231201,0.22696661949157715,0.03249645233154297,0.7661902904510498,1.02565336227417,0.40637487173080444,0.92
qwen3-4b-keep4-s42,<TRAIN_ROOT>/qwen3-4b-keep4-s42/checkpoint-417,79b09b6d74cedc6e63b89be4,437,2,mid,18,43,-1.8886804580688477,-0.42625492811203003,-1.2049131393432617,-0.7681020498275757,-0.3151283264160156,-0.836504340171814,1.0256144404411316,0.6837673187255859,0.34184712171554565,-1.4624255299568176,-0.43681108951568604,0.9581871032714844,0.73
qwen3-4b-keep4-s42,<TRAIN_ROOT>/qwen3-4b-keep4-s42/checkpoint-417,af210277fd8369fc36aef084,437,4,early,6,43,-1.222643494606018,-1.0624654293060303,-0.90865159034729,-1.0208396911621094,-0.19830258190631866,-1.0734398365020752,0.27236616611480713,0.313991904258728,-0.0416257381439209,-0.1601780652999878,0.11218810081481934,0.7629491537809372,0.6
qwen3-4b-keep4-s42,<TRAIN_ROOT>/qwen3-4b-keep4-s42/checkpoint-417,d55d9a1dcd9e7ad3a9b881e5,437,8,late,35,43,-0.46358609199523926,-1.73086678981781,-0.3173198699951172,-1.6921898126602173,-0.09311401844024658,-1.5835723876953125,0.1075892448425293,0.14626622200012207,-0.03867697715759277,1.2672806978225708,1.3748699426651,0.11558842658996582,1.01
qwen3-4b-keep4-s42,<TRAIN_ROOT>/qwen3-4b-keep4-s42/checkpoint-417,d29c6383af19f9fb239b2a22,1106,1,mid,43,79,-1.1577215194702148,-0.02285541221499443,-0.3315868377685547,-0.06113850325345993,-0.2130322903394699,-0.12871812283992767,0.8644177727401257,0.8261346817016602,0.0382830910384655,-1.1348661072552204,-0.27044833451509476,0.18613416701555252,1.01
qwen3-4b-keep4-s42,<TRAIN_ROOT>/qwen3-4b-keep4-s42/checkpoint-417,95e7949ff510d93443a8ccaa,1106,2,early,5,79,-1.7922439575195312,-0.727635383605957,-1.1352274417877197,-0.7124078869819641,-0.4458469748497009,-0.6533868908882141,0.6417890191078186,0.6570165157318115,-0.01522749662399292,-1.0646085739135742,-0.4228195548057556,0.6303594708442688,0.63
qwen3-4b-keep4-s42,<TRAIN_ROOT>/qwen3-4b-keep4-s42/checkpoint-417,02cc6a1981322cc91840be49,1106,4,late,74,79,-1.1163387298583984,-0.5316815972328186,-0.5898329615592957,-0.4393962621688843,-0.09936205297708511,-0.437177836894989,0.43422043323516846,0.5265057682991028,-0.09228533506393433,-0.5846571326255798,-0.15043669939041138,0.4882524833083153,1.38
qwen3-4b-keep4-s42,<TRAIN_ROOT>/qwen3-4b-keep4-s42/checkpoint-417,790a94a1bdc241776cf533fb,1106,8,mid,27,79,-1.4162153005599976,-0.00090789794921875,-1.1538504362106323,-0.07669925689697266,-0.4498071074485779,-0.35482239723205566,0.33815622329711914,0.26236486434936523,0.0757913589477539,-1.4153074026107788,-1.0771511793136597,0.9821664690971375,0.91
qwen3-4b-keep4-s42,<TRAIN_ROOT>/qwen3-4b-keep4-s42/checkpoint-417,0a5996fa718155669218cf68,126,1,early,21,65,-1.5241674184799194,-0.024819808080792427,-1.0570906400680542,-0.038067907094955444,-0.7805024981498718,-0.04937917739152908,0.48032487742602825,0.46707677841186523,0.013248099014163017,-1.499347610399127,-1.0190227329730988,0.287899412214756,0.82
qwen3-4b-keep4-s42,<TRAIN_ROOT>/qwen3-4b-keep4-s42/checkpoint-417,a400e3562615cb47562d3cfa,126,2,late,51,65,-1.60635244846344,-0.0019578933715820312,-1.1604794263839722,-0.007964452728629112,-0.41361701488494873,-0.04236094281077385,0.45187958143651485,0.4458730220794678,0.006006559357047081,-1.604394555091858,-1.152514973655343,0.7812589015811682,1.17
qwen3-4b-keep4-s42,<TRAIN_ROOT>/qwen3-4b-keep4-s42/checkpoint-417,92d2666026c462e1ea827762,126,4,mid,43,65,-0.5247157216072083,-0.6312512159347534,-0.4250253140926361,-0.5440595149993896,-0.14793752133846283,-0.6352087259292603,0.012498706579208374,0.09969040751457214,-0.08719170093536377,0.10653549432754517,0.11903420090675354,0.3682370036840439,1.12
qwen3-4b-keep4-s42,<TRAIN_ROOT>/qwen3-4b-keep4-s42/checkpoint-417,2b9ff6c50db9981313adffdb,126,8,early,9,65,-0.6277049779891968,-0.443366676568985,-0.4137554168701172,-0.5803994536399841,-0.20961615443229675,-0.5989246368408203,0.35098233819007874,0.2139495611190796,0.13703277707099915,-0.1843383014202118,0.16664403676986694,0.22266444563865662,0.79
qwen3-4b-keep4-s42,<TRAIN_ROOT>/qwen3-4b-keep4-s42/checkpoint-417,05acf5d8e132c3797ca66000,403,1,late,15,19,-1.273179531097412,-0.46995091438293457,-0.9672799110412598,-0.47629261016845703,-0.6640503406524658,-0.5417740345001221,0.3122413158416748,0.30589962005615234,0.006341695785522461,-0.8032286167144775,-0.49098730087280273,0.368710994720459,0.7
qwen3-4b-keep4-s42,<TRAIN_ROOT>/qwen3-4b-keep4-s42/checkpoint-417,88865ab701ffef2d78147d4f,403,2,mid,7,19,-0.9088327884674072,-0.008890914730727673,-0.46675756573677063,-0.051805879920721054,-0.12909719347953796,-0.2038368284702301,0.48499018792063,0.4420752227306366,0.04291496518999338,-0.8999418737366796,-0.4149516858160496,0.4896913208067417,0.64
qwen3-4b-keep4-s42,<TRAIN_ROOT>/qwen3-4b-keep4-s42/checkpoint-417,05267bf98e75e6f1eec27c7b,403,4,early,5,19,-1.7581521272659302,-0.5541279315948486,-1.3763177394866943,-0.4884694516658783,-0.3551159203052521,-0.5186872482299805,0.3161759078502655,0.38183438777923584,-0.06565847992897034,-1.2040241956710815,-0.887848287820816,1.0514196157455444,0.63
qwen3-4b-keep4-s42,<TRAIN_ROOT>/qwen3-4b-keep4-s42/checkpoint-417,dc87b8d38be16a01cc7800b1,403,8,late,16,19,-2.9599952697753906,-0.5796270370483398,-1.5470757484436035,-0.8948483467102051,-0.4362154006958008,-0.833920955657959,1.7281408309936523,1.412919521331787,0.31522130966186523,-2.380368232727051,-0.6522274017333984,1.0499329566955566,0.77
qwen3-4b-keep4-s42,<TRAIN_ROOT>/qwen3-4b-keep4-s42/checkpoint-417,ff1d61ebce22dde40543c83e,539,1,mid,40,72,-0.9218429923057556,-0.4871947169303894,-0.582371711730957,-0.4552483558654785,-0.18869514763355255,-0.44132518768310547,0.3075249195098877,0.3394712805747986,-0.03194636106491089,-0.4346482753753662,-0.12712335586547852,0.37975339591503143,1.45
qwen3-4b-keep4-s42,<TRAIN_ROOT>/qwen3-4b-keep4-s42/checkpoint-417,77d1dafbb520fe1aef8c3539,539,2,early,3,72,-2.9833316802978516,-0.017342377454042435,-2.767775535583496,-0.04656067118048668,-1.3938159942626953,-0.09071178734302521,0.2447744384407997,0.21555614471435547,0.029218293726444244,-2.965989302843809,-2.7212148644030094,1.4181106574833393,1.04
qwen3-4b-keep4-s42,<TRAIN_ROOT>/qwen3-4b-keep4-s42/checkpoint-417,7fa97d9bc60f6d994bb1ca2e,539,4,late,52,72,-1.1642591953277588,-0.6705144047737122,-0.6779781579971313,-0.5460665225982666,-0.2878592610359192,-0.6168151497840881,0.3618331551551819,0.48628103733062744,-0.12444788217544556,-0.49374479055404663,-0.13191163539886475,0.4608675241470337,1.63
qwen3-4b-keep4-s42,<TRAIN_ROOT>/qwen3-4b-keep4-s42/checkpoint-417,9f5b132dadc6f921ee259d89,539,8,mid,25,72,-0.6854389905929565,-0.8152801394462585,-0.36042556166648865,-0.7626116275787354,-0.18999400734901428,-0.7432518005371094,0.2723449170589447,0.3250134289264679,-0.05266851186752319,0.129841148853302,0.4021860659122467,0.1510717272758484,1.37
qwen3-4b-keep4-s42,<TRAIN_ROOT>/qwen3-4b-keep4-s42/checkpoint-417,da0b6fa428b7c661ae43f869,1046,1,early,10,83,-1.0850974321365356,-0.5277618765830994,-0.8276494145393372,-0.5452830195426941,-0.6209418177604675,-0.516739547252655,0.2749691605567932,0.2574480175971985,0.017521142959594727,-0.5573355555534363,-0.28236639499664307,0.17816412448883057,0.95
qwen3-4b-keep4-s42,<TRAIN_ROOT>/qwen3-4b-keep4-s42/checkpoint-417,7c504a61950c891a2c9a149d,1046,2,late,78,83,-0.7104699015617371,-1.0903186798095703,-0.5452053546905518,-1.27963387966156,-0.2506292164325714,-1.3930962085723877,0.35457974672317505,0.1652645468711853,0.18931519985198975,0.37984877824783325,0.7344285249710083,0.408038467168808,1.78
qwen3-4b-keep4-s42,<TRAIN_ROOT>/qwen3-4b-keep4-s42/checkpoint-417,8d44fe62696a2746cb745dfe,1046,4,mid,43,83,-1.6861050128936768,-0.5899088978767395,-1.2604210376739502,-0.5484540462493896,-0.28654322028160095,-0.5744547247886658,0.3842291235923767,0.42568397521972656,-0.041454851627349854,-1.0961961150169373,-0.7119669914245605,0.9998784959316254,1.34
qwen3-4b-keep4-s42,<TRAIN_ROOT>/qwen3-4b-keep4-s42/checkpoint-417,1181bf8ba0b6e20b5fc86e05,1046,8,early,15,83,-1.4237537384033203,-0.17472004890441895,-1.0862865447998047,-0.17910075187683105,-0.26163482666015625,-0.39253973960876465,0.34184789657592773,0.3374671936035156,0.004380702972412109,-1.2490336894989014,-0.9071857929229736,1.038090705871582,1.07
qwen3-4b-keep4-s42,<TRAIN_ROOT>/qwen3-4b-keep4-s42/checkpoint-417,d0b985ff05782095ff678f53,614,1,late,45,62,-0.6739937663078308,-0.9320459961891174,-0.37961918115615845,-0.9637489914894104,-0.3079700469970703,-0.9441756010055542,0.32607758045196533,0.29437458515167236,0.03170299530029297,0.2580522298812866,0.584129810333252,0.052075743675231934,0.97
qwen3-4b-keep4-s42,<TRAIN_ROOT>/qwen3-4b-keep4-s42/checkpoint-417,4f7e11c5b0281073d2e85fd3,614,2,mid,30,62,-0.48222410678863525,-0.0220334529876709,-0.4501771330833435,-0.02322077751159668,-0.3161766827106476,-0.04075201600790024,0.03323429822921753,0.03204697370529175,0.0011873245239257812,-0.46019065380096436,-0.4269563555717468,0.15153168886899948,0.8
qwen3-4b-keep4-s42,<TRAIN_ROOT>/qwen3-4b-keep4-s42/checkpoint-417,20026eff6a296916203bf414,614,4,early,15,62,-0.8964279890060425,-1.58290696144104,-0.5945919752120972,-1.5388848781585693,-0.23133468627929688,-1.560654878616333,0.2578139305114746,0.3018360137939453,-0.0440220832824707,0.6864789724349976,0.9442929029464722,0.38502728939056396,0.66
qwen3-4b-keep4-s42,<TRAIN_ROOT>/qwen3-4b-keep4-s42/checkpoint-417,5c1e6fe30cf091f55620091e,614,8,late,43,62,-1.2235859632492065,-0.02353127859532833,-0.6643258929252625,-0.10412391275167465,-0.09798049926757812,-0.17540375888347626,0.6398527044802904,0.5592600703239441,0.08059263415634632,-1.2000546846538782,-0.5602019801735878,0.6376252397894859,1.03
qwen3-4b-keep4-s42,<TRAIN_ROOT>/qwen3-4b-keep4-s42/checkpoint-417,51a64691fe397b156df10878,756,1,mid,48,74,-2.084942579269409,-0.9156424403190613,-1.6545398235321045,-0.9488496780395508,-0.7981084585189819,-0.9903399348258972,0.4636099934577942,0.4304027557373047,0.0332072377204895,-1.169300138950348,-0.7056901454925537,0.897921621799469,1.14
qwen3-4b-keep4-s42,<TRAIN_ROOT>/qwen3-4b-keep4-s42/checkpoint-417,11238e3a4b02102cc43fb14f,756,2,early,23,74,-0.9220624566078186,-0.7615951895713806,-0.701086163520813,-0.6708155870437622,-0.13476382195949554,-0.6207611560821533,0.1301966905593872,0.22097629308700562,-0.09077960252761841,-0.160467267036438,-0.03027057647705078,0.5162679105997086,0.92
qwen3-4b-keep4-s42,<TRAIN_ROOT>/qwen3-4b-keep4-s42/checkpoint-417,7a29b859c3f3715f8526b938,756,4,late,52,74,-2.2031350135803223,-0.0002313852310180664,-1.3090541362762451,-0.007979393005371094,-0.26818275451660156,-0.060558199882507324,0.9018288850784302,0.8940808773040771,0.007748007774353027,-2.202903628349304,-1.301074743270874,1.0934501886367798,1.23
qwen3-4b-keep4-s42,<TRAIN_ROOT>/qwen3-4b-keep4-s42/checkpoint-417,2b5ae2ebebede6bf19658470,756,8,mid,38,74,-2.3009049892425537,-0.005047989077866077,-1.6209237575531006,-0.013331986032426357,-0.5347146987915039,-0.07246513664722443,0.6882652286440134,0.6799812316894531,0.00828399695456028,-2.2958570001646876,-1.6075917715206742,1.1453422093763947,1.12
qwen3-4b-keep4-s42,<TRAIN_ROOT>/qwen3-4b-keep4-s42/checkpoint-417,6ad15806f6631d7c0b8c1b63,430,1,early,6,37,-1.2561867237091064,-0.04236144945025444,-0.9732632040977478,-0.0762554183602333,-0.5310854315757751,-0.1263507902622223,0.3168174885213375,0.28292351961135864,0.03389396890997887,-1.213825274258852,-0.8970077857375145,0.49227314442396164,0.65
qwen3-4b-keep4-s42,<TRAIN_ROOT>/qwen3-4b-keep4-s42/checkpoint-417,6e75585ba4b49956dfcd462c,430,2,late,36,37,-0.9729011058807373,-0.5462608337402344,-1.0791361331939697,-0.5703464150428772,-0.7709472179412842,-0.6164237260818481,-0.0821494460105896,-0.10623502731323242,0.024085581302642822,-0.42664027214050293,-0.5087897181510925,0.3542662262916565,0.97
qwen3-4b-keep4-s42,<TRAIN_ROOT>/qwen3-4b-keep4-s42/checkpoint-417,09c47ee286fbb9b2585d89b8,430,4,mid,17,37,-0.7978500127792358,-0.01222737692296505,-0.6639050841331482,-0.04041179269552231,-0.1969866305589676,-0.10456721484661102,0.1621293444186449,0.13394492864608765,0.02818441577255726,-0.7856226358562708,-0.6234932914376259,0.5310738757252693,0.8
qwen3-4b-keep4-s42,<TRAIN_ROOT>/qwen3-4b-keep4-s42/checkpoint-417,25fed1a6e05fa18497eed5a6,430,8,early,12,37,-1.2532100677490234,-0.011375046335160732,-1.0251940488815308,-0.04479732736945152,-0.4286736845970154,-0.08381443470716476,0.26143829990178347,0.22801601886749268,0.03342228103429079,-1.2418350214138627,-0.9803967215120792,0.6355374716222286,0.8
qwen3-4b-keep4-s42,<TRAIN_ROOT>/qwen3-4b-keep4-s42/checkpoint-417,0617f6552eb6b49fedd280de,988,1,late,39,40,-1.9646222591400146,-1.6905410289764404,-1.1809115409851074,-1.5446701049804688,-0.577360987663269,-1.4785048961639404,0.6378397941589355,0.7837107181549072,-0.14587092399597168,-0.2740812301635742,0.36375856399536133,0.5373853445053101,0.83
qwen3-4b-keep4-s42,<TRAIN_ROOT>/qwen3-4b-keep4-s42/checkpoint-417,426a779856077ab63f7d8534,988,2,mid,25,40,-2.8313710689544678,-0.643256664276123,-2.067176580429077,-0.6363375186920166,-0.8203014731407166,-0.6768317222595215,0.7572753429412842,0.7641944885253906,-0.006919145584106445,-2.1881144046783447,-1.4308390617370605,1.2873693108558655,0.72
qwen3-4b-keep4-s42,<TRAIN_ROOT>/qwen3-4b-keep4-s42/checkpoint-417,4e148220f50c9f261419881b,988,4,early,8,40,-0.5888555645942688,-1.0385019779205322,-0.3786371648311615,-0.9628950357437134,-0.06895897537469864,-1.028077483177185,0.13461145758628845,0.2102183997631073,-0.07560694217681885,0.4496464133262634,0.5842578709125519,0.37486063688993454,0.58
qwen3-4b-keep4-s42,<TRAIN_ROOT>/qwen3-4b-keep4-s42/checkpoint-417,83655df12590879b3c3f2921,988,8,late,32,40,-1.4195725917816162,-1.644651174545288,-0.9241971969604492,-1.7308955192565918,-0.4656565189361572,-1.8613494634628296,0.5816197395324707,0.495375394821167,0.08624434471130371,0.22507858276367188,0.8066983222961426,0.5889946222305298,0.83
qwen3-4b-keep4-s42,<TRAIN_ROOT>/qwen3-4b-keep4-s42/checkpoint-417,70c6353fa2b31cef174bde70,15,1,mid,29,57,-1.0576144456863403,-0.5128616690635681,-0.8474199771881104,-0.4548594057559967,-0.7141363620758057,-0.4591000974178314,0.15219220519065857,0.21019446849822998,-0.05800226330757141,-0.5447527766227722,-0.39256057143211365,0.1375243067741394,0.8
qwen3-4b-keep4-s42,<TRAIN_ROOT>/qwen3-4b-keep4-s42/checkpoint-417,8f9f8478f36b53e93b8b74c0,15,2,early,11,57,-1.3788615465164185,-0.3957415819168091,-1.0969977378845215,-0.35069382190704346,-0.5965622067451477,-0.4002212882041931,0.23681604862213135,0.281863808631897,-0.045047760009765625,-0.9831199645996094,-0.746303915977478,0.5499629974365234,0.64
qwen3-4b-keep4-s42,<TRAIN_ROOT>/qwen3-4b-keep4-s42/checkpoint-417,edde71d0fa341a33c27b488a,15,4,late,49,57,-0.8944611549377441,-0.8858086466789246,-0.705610454082489,-0.7122834324836731,-0.22922134399414062,-0.7647306323051453,0.015325486660003662,0.18885070085525513,-0.17352521419525146,-0.00865250825881958,0.006672978401184082,0.5288363099098206,1.04
qwen3-4b-keep4-s42,<TRAIN_ROOT>/qwen3-4b-keep4-s42/checkpoint-417,2a3bc0c093bb941ada42cce3,15,8,mid,23,57,-0.9618545770645142,-0.008920229971408844,-0.8012760281562805,-0.031645115464925766,-0.565468966960907,-0.09883689880371094,0.18330343440175056,0.16057854890823364,0.022724885493516922,-0.9529343470931053,-0.7696309126913548,0.3029988445341587,0.81
qwen3-4b-keep4-s42,<TRAIN_ROOT>/qwen3-4b-keep4-s42/checkpoint-417,e0163ad5af26c37c8c3ae934,874,1,early,6,52,-1.209033489227295,-1.1108317375183105,-1.1790621280670166,-1.1087837219238281,-1.0768249034881592,-1.0990087985992432,0.0279233455657959,0.02997136116027832,-0.002048015594482422,-0.09820175170898438,-0.07027840614318848,0.09246230125427246,1.06
qwen3-4b-keep4-s42,<TRAIN_ROOT>/qwen3-4b-keep4-s42/checkpoint-417,2e0b7accf9e831283b823962,874,2,late,47,52,-0.2851364016532898,-1.124859094619751,-0.1930186003446579,-1.1220951080322266,-0.090131476521492,-1.1867623329162598,0.08935381472110748,0.0921178013086319,-0.002763986587524414,0.8397226929664612,0.9290765076875687,0.1675543487071991,1.56
qwen3-4b-keep4-s42,<TRAIN_ROOT>/qwen3-4b-keep4-s42/checkpoint-417,3c834cde27159b5832b35ad1,874,4,mid,29,52,-3.68807315826416,-0.060031719505786896,-1.4951616525650024,-0.20964154601097107,-0.17834609746932983,-0.3044872283935547,2.342521332204342,2.1929115056991577,0.14960982650518417,-3.6280414387583733,-1.2855201065540314,1.4116612374782562,1.34
qwen3-4b-keep4-s42,<TRAIN_ROOT>/qwen3-4b-keep4-s42/checkpoint-417,9159c90e85adb79d0283ded2,874,8,early,8,52,-1.2354028224945068,-0.8306719064712524,-0.8249179720878601,-0.8287734985351562,-0.38307300209999084,-1.0041731595993042,0.40858644247055054,0.41048485040664673,-0.0018984079360961914,-0.4047309160232544,0.0038555264472961426,0.6172446310520172,1.17
qwen3-4b-keep4-s42,<TRAIN_ROOT>/qwen3-4b-keep4-s42/checkpoint-417,ce579112b85dc167b31ec9e2,59,1,late,49,70,-0.9302748441696167,-0.8880819082260132,-0.5727435350418091,-0.7554597854614258,-0.19222700595855713,-0.6797763705253601,0.22490918636322021,0.3575313091278076,-0.1326221227645874,-0.042192935943603516,0.1827162504196167,0.3048331141471863,1.17
qwen3-4b-keep4-s42,<TRAIN_ROOT>/qwen3-4b-keep4-s42/checkpoint-417,c89e7b9850e2ad0866120b09,59,2,mid,26,70,-1.3607561588287354,-0.013373851776123047,-1.4045071601867676,-0.04896998405456543,-0.6315845847129822,-0.10214066505432129,-0.008154869079589844,-0.04375100135803223,0.03559613227844238,-1.3473823070526123,-1.3555371761322021,0.8260932564735413,0.93
qwen3-4b-keep4-s42,<TRAIN_ROOT>/qwen3-4b-keep4-s42/checkpoint-417,f671b2e2d8681668d9b4aaae,59,4,early,21,70,-0.8546995520591736,-0.27182942628860474,-0.6155716180801392,-0.38384971022605896,-0.4186399579048157,-0.4849519729614258,0.35114821791648865,0.23912793397903442,0.11202028393745422,-0.5828701257705688,-0.2317219078540802,0.2980339229106903,0.9
qwen3-4b-keep4-s42,<TRAIN_ROOT>/qwen3-4b-keep4-s42/checkpoint-417,48b942e3d356b9b6788f9e4b,59,8,late,60,70,-1.2160698175430298,-0.17272745072841644,-0.6928615570068359,-0.17420469224452972,-0.22732198238372803,-0.21127265691757202,0.5246855020523071,0.5232082605361938,0.0014772415161132812,-1.0433423668146133,-0.5186568647623062,0.5026075392961502,1.39
qwen3-4b-notrain,<MODEL_ROOT>/Qwen3-4B,d965150b2da21de4ba4a3d1d,74,1,early,7,45,-2.54435396194458,-1.606128454208374,-0.5455676317214966,-1.541835069656372,-0.04467465355992317,-1.7740309238433838,1.9344929456710815,1.9987863302230835,-0.06429338455200195,-0.938225507736206,0.9962674379348755,0.7330888323485851,1.85
qwen3-4b-notrain,<MODEL_ROOT>/Qwen3-4B,2d2e725f52b09920c56037f9,74,2,late,39,45,-1.8239907026290894,-1.8883049488067627,-0.840394139289856,-1.7290375232696533,-0.2765863239765167,-1.6960748434066772,0.824329137802124,0.9835965633392334,-0.15926742553710938,0.06431424617767334,0.8886433839797974,0.5308451354503632,2.04
qwen3-4b-notrain,<MODEL_ROOT>/Qwen3-4B,4abd7e4c5ea1c19c72626455,74,4,mid,25,45,-2.80407977104187,-3.034418296010699e-05,-0.6230177879333496,-0.04833135008811951,-0.20932579040527344,-0.0805896446108818,2.22936298901368,2.1810619831085205,0.0483010059051594,-2.80404942685891,-0.5746864378452301,0.44595029205083847,1.72
qwen3-4b-notrain,<MODEL_ROOT>/Qwen3-4B,01075d90db01d5df3308e80b,74,8,early,10,45,-3.664339303970337,-1.043877124786377,-0.17444142699241638,-1.078158974647522,-0.009402361698448658,-1.3091647624969482,3.5241797268390656,3.4898978769779205,0.03428184986114502,-2.62046217918396,0.9037175476551056,0.396044853143394,1.32
qwen3-4b-notrain,<MODEL_ROOT>/Qwen3-4B,998df6743db6815184e98a68,149,1,late,25,27,-1.674607515335083,-2.9308595657348633,-0.14798307418823242,-3.0359301567077637,-0.010701417922973633,-3.451119899749756,1.631695032119751,1.5266244411468506,0.10507059097290039,1.2562520503997803,2.8879470825195312,0.552471399307251,0.8
qwen3-4b-notrain,<MODEL_ROOT>/Qwen3-4B,d27b815f15791d6b6116d6ca,149,2,mid,10,27,-1.4912071228027344,-3.0389137268066406,-0.7240962982177734,-3.003563642501831,-0.1281740665435791,-3.22412109375,0.7317607402801514,0.7671108245849609,-0.03535008430480957,1.5477066040039062,2.2794673442840576,0.8164796829223633,0.68
qwen3-4b-notrain,<MODEL_ROOT>/Qwen3-4B,da059ac4cf722b5bbe2d1cf5,149,4,early,5,27,-1.392716646194458,-4.432819366455078,-0.10435812920331955,-4.2393341064453125,-0.024170195683836937,-4.080897331237793,1.0948732569813728,1.2883585169911385,-0.19348526000976562,3.04010272026062,4.134975977241993,-0.07824884168803692,0.65
qwen3-4b-notrain,<MODEL_ROOT>/Qwen3-4B,4462be88e0797c826137614c,149,8,late,26,27,-2.4887990951538086,-0.8296377658843994,-0.49577397108078003,-1.1454873085021973,-5.181630695005879e-05,-2.672985315322876,2.3088746666908264,1.9930251240730286,0.31584954261779785,-1.6591613292694092,0.6497133374214172,2.0232201615945087,0.88
qwen3-4b-notrain,<MODEL_ROOT>/Qwen3-4B,ebde3f007a1bb48bdaa634d3,697,1,mid,30,50,-2.3705062866210938,-1.1761131286621094,-1.7140337228775024,-1.0711772441864014,-0.43698394298553467,-1.0406084060668945,0.5515366792678833,0.6564725637435913,-0.10493588447570801,-1.1943931579589844,-0.6428564786911011,1.246480941772461,0.84
qwen3-4b-notrain,<MODEL_ROOT>/Qwen3-4B,63c451262eab3a7c2048b027,697,2,early,12,50,-1.644381046295166,-4.620413303375244,-1.5753660202026367,-4.669468879699707,-0.8285026550292969,-4.416306018829346,0.11807060241699219,0.0690150260925293,0.04905557632446289,2.976032257080078,3.0941028594970703,0.4937005043029785,0.68
qwen3-4b-notrain,<MODEL_ROOT>/Qwen3-4B,f0673df68f2f94ee70c8b9d4,697,4,late,38,50,-3.524061918258667,-2.384185791015625e-06,-0.21117429435253143,-0.19746947288513184,-0.024971826002001762,-1.0645415782928467,3.5103547126054764,3.3128876239061356,0.19746708869934082,-3.524059534072876,-0.013704821467399597,1.0532745737582445,0.98
qwen3-4b-notrain,<MODEL_ROOT>/Qwen3-4B,38ed0fa9d3d0d75b0179fcb8,697,8,mid,19,50,-2.1767232418060303,-0.7774616479873657,-0.6405434608459473,-0.6364333629608154,-0.00026154518127441406,-0.9898712038993835,1.3951514959335327,1.536179780960083,-0.1410282850265503,-1.3992615938186646,-0.004110097885131836,0.993719756603241,0.83
qwen3-4b-notrain,<MODEL_ROOT>/Qwen3-4B,6c017697e9e582834c74f4f0,951,1,early,2,28,-8.309856414794922,-2.4464755058288574,-2.0389201641082764,-1.1256420612335205,-1.1626418828964233,-0.6683404445648193,4.950102806091309,6.2709362506866455,-1.320833444595337,-5.8633809089660645,-0.9132781028747559,0.41897666454315186,0.62
qwen3-4b-notrain,<MODEL_ROOT>/Qwen3-4B,59fa5d774db6b66ebdb40c9c,951,2,late,19,28,-2.5971059799194336,-3.438863515853882,-1.250504732131958,-2.5921518802642822,-0.6954336166381836,-2.289987802505493,0.499889612197876,1.3466012477874756,-0.8467116355895996,0.8417575359344482,1.3416471481323242,0.25290703773498535,0.79
qwen3-4b-notrain,<MODEL_ROOT>/Qwen3-4B,1e6c194ba9fdc3d89f9f8316,951,4,mid,17,28,-1.6108787059783936,-0.02802443504333496,-0.40256547927856445,-0.937772274017334,-0.013624906539916992,-1.6600558757781982,2.118061065673828,1.208313226699829,0.909747838973999,-1.5828542709350586,0.5352067947387695,1.1112241744995117,0.79
qwen3-4b-notrain,<MODEL_ROOT>/Qwen3-4B,d6aeef57aca591ad11f29a22,951,8,early,9,28,-4.519051551818848,-0.8143953084945679,-0.947761595249176,-1.2073124647140503,-0.2198156714439392,-1.6307969093322754,3.964207112789154,3.5712899565696716,0.3929171562194824,-3.70465624332428,0.25955086946487427,1.151430368423462,0.75
qwen3-4b-notrain,<MODEL_ROOT>/Qwen3-4B,4503507ee57d130ca9daf7b0,446,1,late,23,33,-2.8445725440979004,-0.11760766804218292,-1.4810394048690796,-0.12806157767772675,-0.30994880199432373,-0.13857761025428772,1.3739870488643646,1.3635331392288208,0.010453909635543823,-2.7269648760557175,-1.3529778271913528,1.1816066354513168,0.79
qwen3-4b-notrain,<MODEL_ROOT>/Qwen3-4B,445e107c7ab72253fe0aaf81,446,2,mid,22,33,-2.6202306747436523,-1.8588546514511108,-1.2982673645019531,-2.0607750415802,-0.36307430267333984,-2.1424472332000732,1.5238837003707886,1.3219633102416992,0.20192039012908936,-0.7613760232925415,0.7625076770782471,1.0168652534484863,0.79
qwen3-4b-notrain,<MODEL_ROOT>/Qwen3-4B,31cfcc0667745eadb10f7fa9,446,4,early,11,33,-4.056135654449463,-2.8713552951812744,-0.703978955745697,-3.1017415523529053,-0.2076852023601532,-2.9372024536132812,3.5825429558753967,3.352156698703766,0.23038625717163086,-1.1847803592681885,2.3977625966072083,0.3317546546459198,0.73
qwen3-4b-notrain,<MODEL_ROOT>/Qwen3-4B,aa634a030da58182f9f82045,446,8,late,25,33,-2.6459386348724365,-1.129352331161499,-0.30361080169677734,-1.4732228517532349,-0.003755251644179225,-3.1076064109802246,2.686198353767395,2.342327833175659,0.34387052059173584,-1.5165863037109375,1.1696120500564575,1.9342391092795879,0.87
qwen3-4b-notrain,<MODEL_ROOT>/Qwen3-4B,bbb9710a014a3df702de427f,240,1,mid,15,28,-2.7467706203460693,-1.281491756439209,-0.7362640500068665,-1.3720011711120605,-0.23338699340820312,-0.9881095886230469,2.1010159850120544,2.010506570339203,0.09050941467285156,-1.4652788639068604,0.6357371211051941,0.11898547410964966,0.68
qwen3-4b-notrain,<MODEL_ROOT>/Qwen3-4B,1f61a19c6bc1180edc20f9c0,240,2,early,5,28,-4.246794700622559,-2.3988447189331055,-0.9270627498626709,-2.439213514328003,-0.02441597171127796,-2.704011917114258,3.360100746154785,3.3197319507598877,0.04036879539489746,-1.8479499816894531,1.512150764465332,1.1674451809376478,0.59
qwen3-4b-notrain,<MODEL_ROOT>/Qwen3-4B,569ca8c626e3b961bab03a7f,240,4,late,25,28,-1.498767375946045,-1.977973222732544,-0.16542816162109375,-1.81315016746521,-0.0012820108095183969,-2.5955240726470947,1.1685161590576172,1.3333392143249512,-0.16482305526733398,0.479205846786499,1.6477220058441162,0.9465200559934601,0.8
qwen3-4b-notrain,<MODEL_ROOT>/Qwen3-4B,0d5f3910187089bfabb6f0d1,240,8,mid,10,28,-3.828354835510254,-2.7574069499969482,-0.9361556768417358,-1.277552843093872,-0.3305244445800781,-1.0456806421279907,1.412345051765442,2.892199158668518,-1.4798541069030762,-1.0709478855133057,0.34139716625213623,0.37375903129577637,0.7
qwen3-4b-notrain,<MODEL_ROOT>/Qwen3-4B,59c67d0aff61ce8b025cd587,713,1,early,10,55,-1.7725931406021118,-2.735579013824463,-0.6907466650009155,-2.5492360591888428,-0.4103948473930359,-2.2811059951782227,0.8955035209655762,1.0818464756011963,-0.18634295463562012,0.9629858732223511,1.8584893941879272,0.012221753597259521,0.73
qwen3-4b-notrain,<MODEL_ROOT>/Qwen3-4B,2a9a519f66dd78ddaecd4060,713,2,late,45,55,-3.7451813220977783,-0.00020299639436416328,-1.247598648071289,-0.0059026991948485374,-0.22472023963928223,-0.06039592623710632,2.5032823768269736,2.4975826740264893,0.005699702800484374,-3.744978325703414,-1.2416959488764405,1.0773716354742646,1.09
qwen3-4b-notrain,<MODEL_ROOT>/Qwen3-4B,b5887a490b43e3bda1f27682,713,4,mid,31,55,-1.6668320894241333,-0.9825607538223267,-0.2565386891365051,-0.8978294730186462,-0.026625771075487137,-1.2080910205841064,1.3255621194839478,1.4102934002876282,-0.08473128080368042,-0.6842713356018066,0.6412907838821411,0.5401744656264782,0.94
qwen3-4b-notrain,<MODEL_ROOT>/Qwen3-4B,41b331ac9957267b398b0a81,713,8,early,9,55,-2.05696177482605,-1.238558053970337,-0.10479382425546646,-1.0178743600845337,-0.007266998756676912,-1.151041030883789,1.7314842566847801,1.9521679505705833,-0.22068369388580322,-0.8184037208557129,0.9130805358290672,0.23069349629804492,0.8
qwen3-4b-notrain,<MODEL_ROOT>/Qwen3-4B,836337a33768f73d15ac3ec1,551,1,late,80,93,-0.9039396047592163,-0.7488234639167786,-0.1676495224237442,-0.8007951974868774,-0.045190609991550446,-0.8734760284423828,0.788261815905571,0.7362900823354721,0.05197173357009888,-0.15511614084243774,0.6331456750631332,0.19513974338769913,1.52
qwen3-4b-notrain,<MODEL_ROOT>/Qwen3-4B,b290fa510f2c1d0203540192,551,2,mid,36,93,-0.8467410802841187,-1.5402073860168457,-0.7492985725402832,-1.469628930091858,-0.2197251319885254,-1.381356120109558,0.026864051818847656,0.09744250774383545,-0.07057845592498779,0.693466305732727,0.7203303575515747,0.441300630569458,1.01
qwen3-4b-notrain,<MODEL_ROOT>/Qwen3-4B,b2f4081bcf85c6905d027f80,551,4,early,23,93,-1.2923400402069092,-1.4998935461044312,-0.7282655835151672,-1.0849143266677856,-0.027450736612081528,-1.1235121488571167,0.14909523725509644,0.5640744566917419,-0.4149792194366455,0.20755350589752197,0.3566487431526184,0.7394126690924168,0.88
qwen3-4b-notrain,<MODEL_ROOT>/Qwen3-4B,99bb668b99b2fecbe54e9d94,551,8,late,92,93,-2.1492276191711426,-0.17485827207565308,-0.7980477213859558,-0.2127581536769867,-0.02383526973426342,-0.7098531126976013,1.3890797793865204,1.3511798977851868,0.03789988160133362,-1.9743693470954895,-0.5852895677089691,1.271307410672307,1.74
qwen3-4b-notrain,<MODEL_ROOT>/Qwen3-4B,43e4913666c9ec592bc96b92,90,1,mid,17,43,-2.9866347312927246,-9.393692016601562e-05,-1.307766318321228,-0.0017726421356201172,-0.9109554886817932,-0.003330707550048828,1.6805471181869507,1.6788684129714966,0.0016787052154541016,-2.9865407943725586,-1.305993676185608,0.3983688950538635,0.68
qwen3-4b-notrain,<MODEL_ROOT>/Qwen3-4B,a6fcff6ad24c1a7d24d8f748,90,2,early,13,43,-1.8698537349700928,0.0,-0.5156220197677612,-0.0006654912722297013,-0.22010692954063416,-0.012629595585167408,1.3548972064745612,1.3542317152023315,0.0006654912722297013,-1.8698537349700928,-0.5149565284955315,0.3074791945400648,0.65
qwen3-4b-notrain,<MODEL_ROOT>/Qwen3-4B,9eb1a71c67275f9b40ec4d7f,90,4,late,36,43,-2.1248884201049805,-1.576669692993164,-0.3157607614994049,-0.9743968844413757,-0.10870538651943207,-0.8863491415977478,1.2068548500537872,1.8091276586055756,-0.6022728085517883,-0.5482187271118164,0.6586361229419708,0.11900763213634491,0.9
qwen3-4b-notrain,<MODEL_ROOT>/Qwen3-4B,b32c02f680ffa5a2e77602f0,90,8,mid,17,43,-2.153243064880371,-9.393692016601562e-05,-0.11033821105957031,-0.6340820789337158,-0.004791433457285166,-1.1076459884643555,2.6768929958343506,2.042904853820801,0.6339881420135498,-2.153149127960205,0.5237438678741455,0.5791106871329248,0.74
qwen3-4b-notrain,<MODEL_ROOT>/Qwen3-4B,e9ffd9186f8c9134a7bbcdee,601,1,early,3,50,-2.4205162525177,-0.2283482551574707,-1.7053890228271484,-0.15227842330932617,-1.2247729301452637,-0.08326578140258789,0.6390573978424072,0.7151272296905518,-0.07606983184814453,-2.1921679973602295,-1.5531105995178223,0.4116034507751465,0.59
qwen3-4b-notrain,<MODEL_ROOT>/Qwen3-4B,b91c51ec6d191b2d824dcec6,601,2,late,42,50,-1.7318416833877563,-2.212524486822076e-05,-0.9346824884414673,-0.012349891476333141,-0.5478412508964539,-0.03842811658978462,0.809486961177754,0.7971591949462891,0.01232776623146492,-1.7318195581428881,-0.9223325969651341,0.4129194626584649,0.94
qwen3-4b-notrain,<MODEL_ROOT>/Qwen3-4B,3dc700793e82ca58d013d7b5,601,4,mid,31,50,-1.9517368078231812,-0.34574243426322937,-1.309263825416565,-1.0539616346359253,-0.09109960496425629,-1.1887712478637695,1.3506921827793121,0.6424729824066162,0.7082192003726959,-1.6059943735599518,-0.25530219078063965,1.352973833680153,0.86
qwen3-4b-notrain,<MODEL_ROOT>/Qwen3-4B,ab4b3c52fc83fbe6fcb00e1e,601,8,early,15,50,-1.4663666486740112,-0.0514984130859375,-0.1910984069108963,-1.0502666234970093,-0.004641532897949219,-1.2921018600463867,2.2740364521741867,1.275268241763115,0.9987682104110718,-1.4148682355880737,0.859168216586113,0.4282921105623245,0.76
qwen3-4b-notrain,<MODEL_ROOT>/Qwen3-4B,f890d57ef4c19a2d3210c5f8,596,1,late,20,29,-1.269992470741272,-0.003640781855210662,-1.1521196365356445,-0.004331068601459265,-0.5874859094619751,-0.013751810416579247,0.11856312095187604,0.11787283420562744,0.0006902867462486029,-1.2663516888860613,-1.1477885679341853,0.5740544688887894,0.75
qwen3-4b-notrain,<MODEL_ROOT>/Qwen3-4B,347532d8361dfcc521f2ef53,596,2,mid,18,29,-1.2921607494354248,-0.029603196308016777,-0.6977556943893433,-0.05245189741253853,-0.06114578619599342,-0.19970913231372833,0.6172537561506033,0.5944050550460815,0.02284870110452175,-1.262557553127408,-0.6453037969768047,0.7838671430945396,0.75
qwen3-4b-notrain,<MODEL_ROOT>/Qwen3-4B,fd8294eca743e4511f8b95b1,596,4,early,10,29,-1.6037553548812866,-3.205617904663086,-0.7608476281166077,-2.772390604019165,-0.04900811240077019,-2.9729650020599365,0.40968042612075806,0.842907726764679,-0.4332273006439209,1.6018625497817993,2.0115429759025574,0.912413913756609,0.69
qwen3-4b-notrain,<MODEL_ROOT>/Qwen3-4B,2d203957d82e9c66ec8b8294,596,8,late,27,29,-1.204147219657898,-0.7831529974937439,-0.10477187484502792,-0.7563535571098328,-0.001108689815737307,-1.4383996725082397,1.072575904428959,1.09937534481287,-0.026799440383911133,-0.42099422216415405,0.6515816822648048,0.7857093004276976,0.9
qwen3-4b-notrain,<MODEL_ROOT>/Qwen3-4B,af9d9baf0fa7df87541ff03d,648,1,mid,15,28,-4.019736289978027,-0.000991674605756998,-1.6227315664291382,-0.005577967967838049,-0.7051584124565125,-0.009229807183146477,2.40159101691097,2.397004723548889,0.004586293362081051,-4.01874461537227,-1.6171535984613001,0.9212249931879342,0.64
qwen3-4b-notrain,<MODEL_ROOT>/Qwen3-4B,fd313e91971eb88be5afeea1,648,2,early,8,28,-2.691173791885376,-3.970771074295044,-0.6632447242736816,-3.4711976051330566,-0.1524670124053955,-3.5736355781555176,1.528355598449707,2.0279290676116943,-0.4995734691619873,1.279597282409668,2.807952880859375,0.6132156848907471,0.58
qwen3-4b-notrain,<MODEL_ROOT>/Qwen3-4B,e1f3216ede07650f7aa3997e,648,4,late,22,28,-1.5615806579589844,-1.9569554328918457,-0.7905905842781067,-1.691694736480713,-0.16766886413097382,-1.6541650295257568,0.5057293772697449,0.7709900736808777,-0.2652606964111328,0.39537477493286133,0.9011041522026062,0.5853920131921768,0.73
qwen3-4b-notrain,<MODEL_ROOT>/Qwen3-4B,74deaf8b69b36ef1a8a0dde7,648,8,mid,16,28,-2.2786672115325928,-1.9498708248138428,-0.24332332611083984,-1.7074382305145264,-0.0312055591493845,-2.169740676879883,1.7929112911224365,2.035343885421753,-0.2424325942993164,-0.32879638671875,1.4641149044036865,0.6744202133268118,0.72
qwen3-4b-notrain,<MODEL_ROOT>/Qwen3-4B,805f9f8fb789625422cbc086,184,1,early,6,24,-2.872474193572998,-3.078524351119995,-2.048862934112549,-2.5437264442443848,-1.1745461225509644,-2.5687520503997803,0.28881335258483887,0.8236112594604492,-0.5347979068756104,0.20605015754699707,0.49486351013183594,0.89934241771698,0.67
qwen3-4b-notrain,<MODEL_ROOT>/Qwen3-4B,04f621959baf181db75e5ed1,184,2,late,22,24,-1.2927167415618896,-0.23136036098003387,-0.4804474115371704,-0.19387592375278473,-0.0022962661460042,-0.4681761562824249,0.7747848927974701,0.8122693300247192,-0.037484437227249146,-1.0613563805818558,-0.2865714877843857,0.7524513779208064,0.87
qwen3-4b-notrain,<MODEL_ROOT>/Qwen3-4B,1640223469e620e00d73cfaf,184,4,mid,12,24,-1.8397572040557861,-3.7552177906036377,-0.44624030590057373,-2.963102102279663,-0.01181466318666935,-3.3589541912078857,0.6014012098312378,1.3935168981552124,-0.7921156883239746,1.9154605865478516,2.5168617963790894,0.830277731642127,0.79
qwen3-4b-notrain,<MODEL_ROOT>/Qwen3-4B,969a50a0db6c6f192a497298,184,8,early,8,24,-1.9880151748657227,-1.3783284425735474,-0.8088199496269226,-1.0547826290130615,-0.059051789343357086,-1.1837204694747925,0.8556494116783142,1.1791952252388,-0.32354581356048584,-0.6096867322921753,0.24596267938613892,0.8787060007452965,0.76
qwen3-4b-notrain,<MODEL_ROOT>/Qwen3-4B,1c6b25f9d0923cd2d94efb84,751,1,late,13,16,-5.665438652038574,-2.5057532787323,-4.437785625457764,-1.9834470748901367,-2.387716293334961,-1.9831736087799072,0.7053468227386475,1.2276530265808105,-0.5223062038421631,-3.1596853733062744,-2.454338550567627,2.0497958660125732,0.68
qwen3-4b-notrain,<MODEL_ROOT>/Qwen3-4B,e367eb02ddb4b9387e4b28bd,751,2,mid,8,16,-1.5299837589263916,-3.814678192138672,-1.2452406883239746,-4.047136306762695,-0.25893616676330566,-4.998115062713623,0.5172011852264404,0.284743070602417,0.23245811462402344,2.2846944332122803,2.8018956184387207,1.9372832775115967,0.64
qwen3-4b-notrain,<MODEL_ROOT>/Qwen3-4B,9e3a580cae6381d196f649c6,751,4,early,4,16,-7.500575065612793,-2.1186463832855225,-0.7850183248519897,-1.6899216175079346,-0.05178896710276604,-1.8228909969329834,6.286831974983215,6.715556740760803,-0.4287247657775879,-5.3819286823272705,0.9049032926559448,0.8661987371742725,0.63
qwen3-4b-notrain,<MODEL_ROOT>/Qwen3-4B,f3f9c3956225b867a39028ea,751,8,late,12,16,-1.6151604652404785,-3.3759877681732178,-0.05919027328491211,-3.988319158554077,-0.0017850399017333984,-5.222314834594727,2.168301582336426,1.5559701919555664,0.6123313903808594,1.7608273029327393,3.929128885269165,1.2914009094238281,0.74
qwen3-4b-notrain,<MODEL_ROOT>/Qwen3-4B,65096627a5cce2e2d6091712,206,1,mid,14,29,-1.8815860748291016,-1.3353288173675537,-0.23722045123577118,-1.2234952449798584,-0.20190875232219696,-1.0811002254486084,1.532532051205635,1.6443656235933304,-0.11183357238769531,-0.5462572574615479,0.9862747937440872,-0.10708332061767578,0.75
qwen3-4b-notrain,<MODEL_ROOT>/Qwen3-4B,74b5323dfa2f65f655fcc834,206,2,early,8,29,-1.7463880777359009,-2.733470916748047,-1.3188176155090332,-3.040330171585083,-0.46939870715141296,-3.205651044845581,0.7344297170639038,0.4275704622268677,0.30685925483703613,0.987082839012146,1.7215125560760498,1.0147397816181183,0.71
qwen3-4b-notrain,<MODEL_ROOT>/Qwen3-4B,8f1f12d4720c8af1d53b068a,206,4,late,24,29,-1.7781492471694946,-0.08883830904960632,-0.6167687177658081,-0.3905274569988251,-0.002897807629778981,-1.399979829788208,1.4630696773529053,1.1613805294036865,0.30168914794921875,-1.6893109381198883,-0.22624126076698303,1.623323282925412,0.86
qwen3-4b-notrain,<MODEL_ROOT>/Qwen3-4B,8f483369c8fcd4ababc0c762,206,8,mid,18,29,-2.26947283744812,-0.32311487197875977,-0.023844003677368164,-1.3105480670928955,-0.0009527206420898438,-2.083859920501709,3.2330620288848877,2.245628833770752,0.9874331951141357,-1.9463579654693604,1.2867040634155273,0.7962031364440918,0.85
qwen3-4b-notrain,<MODEL_ROOT>/Qwen3-4B,9811ccec2931dbb537529c6d,558,1,early,24,82,-1.8272747993469238,-0.7053059339523315,-0.8632490634918213,-0.7613037824630737,-0.19958601891994476,-1.0002943277359009,1.0200235843658447,0.9640257358551025,0.05599784851074219,-1.1219688653945923,-0.10194528102874756,0.9026535898447037,1.11
qwen3-4b-notrain,<MODEL_ROOT>/Qwen3-4B,6e1c6679680efe79accb8e7b,558,2,late,55,82,-1.1636322736740112,-3.3481040000915527,-0.598336398601532,-3.0193228721618652,-0.08743000030517578,-2.4159598350524902,0.23651474714279175,0.5652958750724792,-0.3287811279296875,2.1844717264175415,2.4209864735603333,-0.0924566388130188,1.45
qwen3-4b-notrain,<MODEL_ROOT>/Qwen3-4B,37b7bc2b1b7bd35486701553,558,4,mid,30,82,-1.4329566955566406,-2.374596118927002,-0.32192739844322205,-3.153474807739258,-0.0008856455679051578,-4.05536413192749,1.8899079859256744,1.1110292971134186,0.7788786888122559,0.9416394233703613,2.8315474092960358,1.2229310770635493,1.21
qwen3-4b-notrain,<MODEL_ROOT>/Qwen3-4B,04ac368ac009f9de8f9c51d0,558,8,early,21,82,-2.9332308769226074,-2.3620989322662354,-0.2704244554042816,-2.366734027862549,-0.013869695365428925,-2.8556666374206543,2.6674415171146393,2.662806421518326,0.0046350955963134766,-0.5711319446563721,2.096309572458267,0.7454873695969582,1.14
qwen3-4b-notrain,<MODEL_ROOT>/Qwen3-4B,5707a7fe38a18181a56f87bd,955,1,late,35,36,-2.01971697807312,-2.1265268325805664,-0.7220683097839355,-1.9422998428344727,-0.16878795623779297,-1.9762624502182007,1.1134216785430908,1.2976486682891846,-0.18422698974609375,0.10680985450744629,1.220231533050537,0.5872429609298706,0.98
qwen3-4b-notrain,<MODEL_ROOT>/Qwen3-4B,a53f859655816ef39961b09b,955,2,mid,24,36,-2.2462100982666016,-1.3391060829162598,-0.6043480634689331,-1.4863964319229126,-0.08326776325702667,-1.6112028360366821,1.7891523838043213,1.6418620347976685,0.14729034900665283,-0.9071040153503418,0.8820483684539795,0.645886704325676,0.88
qwen3-4b-notrain,<MODEL_ROOT>/Qwen3-4B,5d5653546cad43c8eaed074a,955,4,early,8,36,-1.6422340869903564,-2.1288890838623047,-0.6233475208282471,-1.4674183130264282,-0.010001420974731445,-1.9195306301116943,0.3574157953262329,1.0188865661621094,-0.6614707708358765,0.48665499687194824,0.8440707921981812,1.0654584169387817,0.75
qwen3-4b-notrain,<MODEL_ROOT>/Qwen3-4B,431e25ec675e12299fd26efa,955,8,late,35,36,-0.4812350273132324,-2.1265268325805664,-0.01565806195139885,-2.3480184078216553,-0.00021346411085687578,-3.119234800338745,0.6870685406029224,0.4655769653618336,0.22149157524108887,1.645291805267334,2.3323603458702564,0.7866609903576318,1.06
qwen3-4b-notrain,<MODEL_ROOT>/Qwen3-4B,3f07bfd4bb4db3783e649c29,435,1,mid,18,47,-1.9402198791503906,-0.6735805869102478,-1.066066026687622,-0.6119760870933533,-0.3855617046356201,-0.6669412851333618,0.812549352645874,0.8741538524627686,-0.06160449981689453,-1.2666392922401428,-0.4540899395942688,0.7354695200920105,0.84
qwen3-4b-notrain,<MODEL_ROOT>/Qwen3-4B,6abba83c2e8de8dd90fdf154,435,2,early,9,47,-4.784021377563477,-3.2750802040100098,-1.2107770442962646,-2.506991147994995,-0.08518346399068832,-2.377349853515625,2.8051552772521973,3.573244333267212,-0.7680890560150146,-1.5089411735534668,1.2962141036987305,0.9959522858262062,0.75
qwen3-4b-notrain,<MODEL_ROOT>/Qwen3-4B,b51fccefafcb510b3382439e,435,4,late,34,47,-1.2618029117584229,-0.9459869265556335,-0.19527016580104828,-0.6138818860054016,-0.005742073059082031,-1.3268953561782837,0.7344277054071426,1.0665327459573746,-0.33210504055023193,-0.3158159852027893,0.41861172020435333,0.9025415629148483,1.04
qwen3-4b-notrain,<MODEL_ROOT>/Qwen3-4B,187f012bfa37ade38e3a1a51,435,8,mid,19,47,-3.21722412109375,-0.5951694250106812,-0.24099278450012207,-0.7852230072021484,-0.0001952648162841797,-0.8329901099205017,3.166284918785095,2.976231336593628,0.19005358219146729,-2.622054696083069,0.5442302227020264,0.28856462240219116,0.92
qwen3-4b-notrain,<MODEL_ROOT>/Qwen3-4B,736aeae0555b4803eb42db6b,1064,1,early,2,38,-2.2089805603027344,-0.5472760200500488,-1.1930187940597534,-0.3116271495819092,-0.6840178370475769,-0.24926352500915527,0.7803128957748413,1.015961766242981,-0.23564887046813965,-1.6617045402526855,-0.8813916444778442,0.4466373324394226,0.78
qwen3-4b-notrain,<MODEL_ROOT>/Qwen3-4B,58b99f2b2c9782c77bd08e18,1064,2,late,32,38,-1.2508193254470825,-0.7686893343925476,-0.5265707969665527,-0.8046387434005737,-0.05189687758684158,-1.2124842405319214,0.7601979374885559,0.7242485284805298,0.03594940900802612,-0.4821299910545349,0.278067946434021,0.8825194165110588,1.11
qwen3-4b-notrain,<MODEL_ROOT>/Qwen3-4B,cc03082db1aa8dd7df0eb7e4,1064,4,mid,22,38,-2.5228660106658936,-0.6713118553161621,-0.8217670917510986,-0.5462398529052734,-0.004010200500488281,-0.9897885322570801,1.5760269165039062,1.701098918914795,-0.12507200241088867,-1.8515541553497314,-0.2755272388458252,1.261305570602417,1.04
qwen3-4b-notrain,<MODEL_ROOT>/Qwen3-4B,ad0b0dcf75ab8f41f682d4d4,1064,8,early,11,38,-1.3882195949554443,-2.3948252201080322,-0.03529845550656319,-2.391846179962158,-0.007423612754791975,-2.7881147861480713,1.3499420993030071,1.3529211394488811,-0.0029790401458740234,1.006605625152588,2.356547724455595,0.4241434489376843,0.97
qwen3-4b-notrain,<MODEL_ROOT>/Qwen3-4B,f016c46a941b21fff95f36de,943,1,late,48,57,-2.7018582820892334,-2.237208127975464,-1.823002815246582,-1.64732825756073,-0.7939308881759644,-1.5346786975860596,0.2889755964279175,0.8788554668426514,-0.5898798704147339,-0.46465015411376953,-0.17567455768585205,0.9164223670959473,1.05
qwen3-4b-notrain,<MODEL_ROOT>/Qwen3-4B,3331a6bfde556174444a5ee7,943,2,mid,25,57,-2.5145182609558105,-2.000290870666504,-1.2862213850021362,-1.917892575263977,-1.0785880088806152,-2.0239036083221436,1.1458985805511475,1.2282968759536743,-0.08239829540252686,-0.5142273902893066,0.6316711902618408,0.3136444091796875,0.8
qwen3-4b-notrain,<MODEL_ROOT>/Qwen3-4B,19328703d8ae6c682b7b8fef,943,4,early,14,57,-1.2842804193496704,-1.6367360353469849,-0.7228599190711975,-1.1556459665298462,-0.10962041467428207,-1.0849049091339111,0.08033043146133423,0.5614205002784729,-0.48109006881713867,0.35245561599731445,0.4327860474586487,0.5424984470009804,0.72
qwen3-4b-notrain,<MODEL_ROOT>/Qwen3-4B,3dc61cd01859f904cfee1ea3,943,8,late,43,57,-1.5488818883895874,-0.9351052045822144,-0.3199135363101959,-0.8808212280273438,-0.0062052784487605095,-1.491127610206604,1.1746843755245209,1.2289683520793915,-0.054283976554870605,-0.613776683807373,0.5609076917171478,0.9240146400406957,1.07
qwen3-4b-notrain,<MODEL_ROOT>/Qwen3-4B,7ddc6a8961b2107e117754ef,812,1,mid,30,67,-1.8930832147598267,-0.003536224365234375,-0.8110986948013306,-0.010762214660644531,-0.4015029966831207,-0.013998031616210938,1.0892105102539062,1.081984519958496,0.007225990295410156,-1.8895469903945923,-0.800336480140686,0.41283151507377625,0.84
qwen3-4b-notrain,<MODEL_ROOT>/Qwen3-4B,cbbf890e06f26dad041eebdb,812,2,early,6,67,-5.626716613769531,0.0,-1.7251803874969482,-6.948199006728828e-05,-0.8665266036987305,-0.0014490400208160281,3.9016057082626503,3.901536226272583,6.948199006728828e-05,-5.626716613769531,-1.725110905506881,0.8600333418289665,0.63
qwen3-4b-notrain,<MODEL_ROOT>/Qwen3-4B,d13f43a6a79bebea4adcbd74,812,4,late,46,67,-1.2500441074371338,-0.9142405986785889,-0.12447953224182129,-0.7895963788032532,-0.005401730537414551,-1.3664129972457886,1.0009203553199768,1.1255645751953125,-0.1246442198753357,-0.3358035087585449,0.6651168465614319,0.6958944201469421,1.07
qwen3-4b-notrain,<MODEL_ROOT>/Qwen3-4B,93af8b81c813f6dcc0a0ce6a,812,8,mid,44,67,-1.4296613931655884,-0.7184178233146667,-0.43689730763435364,-0.6389694213867188,-0.04242352396249771,-1.3630839586257935,0.9133156836032867,0.9927640855312347,-0.079448401927948,-0.7112435698509216,0.2020721137523651,1.1185883209109306,1.1
qwen3-4b-notrain,<MODEL_ROOT>/Qwen3-4B,2045fe02e4633781d255bd20,730,1,early,23,78,-2.6005477905273438,-0.9673547744750977,-1.0959317684173584,-1.1717209815979004,-0.5468205213546753,-1.086989402770996,1.708982229232788,1.5046160221099854,0.20436620712280273,-1.633193016052246,0.07578921318054199,0.4643796682357788,0.94
qwen3-4b-notrain,<MODEL_ROOT>/Qwen3-4B,19dbd22cc94738bda5ec62c3,730,2,late,67,78,-1.5933566093444824,-0.893316924571991,-0.7985861301422119,-0.9141144752502441,-0.05557966232299805,-0.9582136869430542,0.8155680298805237,0.7947704792022705,0.020797550678253174,-0.7000396847724915,0.11552834510803223,0.7871056795120239,1.42
qwen3-4b-notrain,<MODEL_ROOT>/Qwen3-4B,478cdc3edaa585d84831f5fa,730,4,mid,39,78,-2.3895812034606934,-1.4553354978561401,-0.19471430778503418,-1.276833415031433,-0.008133172988891602,-1.555510401725769,2.016364812850952,2.194866895675659,-0.17850208282470703,-0.9342457056045532,1.082119107246399,0.4652581214904785,1.13
qwen3-4b-notrain,<MODEL_ROOT>/Qwen3-4B,2c561abe645fe2051d4658a3,730,8,early,21,78,-3.7353250980377197,-0.47333183884620667,-0.5865802764892578,-0.9316045641899109,-0.0008828300051391125,-1.9286565780639648,3.607017546892166,3.148744821548462,0.4582727253437042,-3.261993259191513,0.3450242877006531,1.5827494603581727,0.98
qwen3-4b-notrain,<MODEL_ROOT>/Qwen3-4B,7e79ae63b971027db3d8654d,247,1,late,22,23,-1.3012534379959106,-0.3903128206729889,-0.7758727669715881,-0.42802155017852783,-0.54490727186203,-0.41983139514923096,0.5630894005298615,0.5253806710243225,0.03770872950553894,-0.9109406173229218,-0.3478512167930603,0.22277534008026123,0.69
qwen3-4b-notrain,<MODEL_ROOT>/Qwen3-4B,bafd8dcfa332b1c5a3b9648f,247,2,mid,9,23,-2.0843448638916016,-0.6484982371330261,-0.5928625464439392,-0.7550429105758667,-0.012985230423510075,-0.938145637512207,1.598026990890503,1.4914823174476624,0.10654467344284058,-1.4358466267585754,0.1621803641319275,0.7629800429567695,0.58
qwen3-4b-notrain,<MODEL_ROOT>/Qwen3-4B,86e74c099bceda77a741a3b3,247,4,early,8,23,-1.813245177268982,-1.740544319152832,-0.01509170513600111,-2.0713820457458496,-0.00226764683611691,-2.4722740650177,2.1289911987259984,1.7981534721329808,0.3308377265930176,-0.0727008581161499,2.0562903406098485,0.4137160775717348,0.6
qwen3-4b-notrain,<MODEL_ROOT>/Qwen3-4B,8c3b47362cdefe2b0809a842,247,8,late,22,23,-2.221116065979004,-0.3903128206729889,-0.4595099985599518,-0.8177379965782166,-0.0014059884706512094,-1.6106008291244507,2.18903124332428,1.7616060674190521,0.42742517590522766,-1.830803245306015,0.35822799801826477,1.2509668426355347,0.74
qwen3-4b-notrain,<MODEL_ROOT>/Qwen3-4B,32d357d7eb5cbcb2e321804d,25,1,mid,35,61,-1.08079195022583,-2.007793426513672,-0.26677894592285156,-2.0295462608337402,-0.07176065444946289,-2.158414125442505,0.8357658386230469,0.8140130043029785,0.02175283432006836,0.9270014762878418,1.7627673149108887,0.3238861560821533,0.89
qwen3-4b-notrain,<MODEL_ROOT>/Qwen3-4B,b83afac8286156386a41719d,25,2,early,3,61,-2.749757766723633,-0.4131133258342743,-0.4622381031513214,-0.4600883424282074,-0.09245999902486801,-0.6412026882171631,2.3344946801662445,2.2875196635723114,0.046975016593933105,-2.3366444408893585,-0.0021497607231140137,0.5508924499154091,0.57
qwen3-4b-notrain,<MODEL_ROOT>/Qwen3-4B,33463e2d95aeaf94e948b4ba,25,4,late,50,61,-0.8212405443191528,-2.2017757892608643,-0.06309647858142853,-2.109715223312378,-0.0007426522206515074,-3.767595052719116,0.666083499789238,0.7581440657377243,-0.09206056594848633,1.3805352449417114,2.0466187447309494,1.7202336557675153,1.07
qwen3-4b-notrain,<MODEL_ROOT>/Qwen3-4B,d851f61132db5fedd9d210a4,25,8,mid,40,61,-1.0670409202575684,-0.7546380758285522,-0.032381534576416016,-1.2249444723129272,-0.00039124488830566406,-2.053262710571289,1.5049657821655273,1.0346593856811523,0.470306396484375,-0.3124028444290161,1.1925629377365112,0.8603085279464722,1.02
qwen3-4b-notrain,<MODEL_ROOT>/Qwen3-4B,a82ce41ac868615945d8e799,725,1,early,12,77,-2.210944414138794,-2.2766897678375244,-0.646590530872345,-2.2972359657287598,-0.5814024806022644,-2.113144874572754,1.5849000811576843,1.564353883266449,0.02054619789123535,0.06574535369873047,1.6506454348564148,-0.11890304088592529,1.01
qwen3-4b-notrain,<MODEL_ROOT>/Qwen3-4B,71e700821a8dc1e8c6276452,725,2,late,75,77,-1.5520246028900146,-0.5869288444519043,-0.7142001986503601,-0.6241039037704468,-0.10273661464452744,-0.68443763256073,0.874999463558197,0.8378244042396545,0.03717505931854248,-0.9650957584381104,-0.09009629487991333,0.6717973127961159,1.93
qwen3-4b-notrain,<MODEL_ROOT>/Qwen3-4B,6eef6195d736b5d9ed0213f9,725,4,mid,45,77,-1.703059434890747,-0.40794599056243896,-0.30800196528434753,-0.4117593467235565,-0.0023276011925190687,-0.48953232169151306,1.398870825767517,1.3950574696063995,0.0038133561611175537,-1.295113444328308,0.10375738143920898,0.383447339059785,1.5
qwen3-4b-notrain,<MODEL_ROOT>/Qwen3-4B,0e73f7c661fd6ab841a290ef,725,8,early,21,77,-0.7125552892684937,-1.3097050189971924,-0.04619898274540901,-1.540330171585083,-0.00023439952929038554,-1.8691705465316772,0.8969814591109753,0.6663563065230846,0.23062515258789062,0.5971497297286987,1.494131188839674,0.37480495816271286,1.2
qwen3-4b-notrain,<MODEL_ROOT>/Qwen3-4B,b063948d0bf2b8e5dd8b94d2,109,1,late,80,81,-2.1750025749206543,-1.2656254768371582,-0.30700555443763733,-1.2605644464492798,-0.021789975464344025,-1.3414493799209595,1.8629359900951385,1.867997020483017,-0.005061030387878418,-0.9093770980834961,0.9535588920116425,0.366100512444973,1.41
qwen3-4b-notrain,<MODEL_ROOT>/Qwen3-4B,ae9eff06cba618a1c53350de,109,2,mid,39,81,-1.4734742641448975,-0.07668781280517578,-0.38335829973220825,-0.22095108032226562,-0.0062994277104735374,-0.611345648765564,1.234379231929779,1.0901159644126892,0.14426326751708984,-1.3967864513397217,-0.16240721940994263,0.767453440465033,0.97
qwen3-4b-notrain,<MODEL_ROOT>/Qwen3-4B,0c50d81be53fbf5e05e4785b,109,4,early,11,81,-3.0290048122406006,-1.1945209503173828,-0.4820062816143036,-1.2935494184494019,-0.0786006972193718,-1.419613003730774,2.646026998758316,2.546998530626297,0.09902846813201904,-1.8344838619232178,0.8115431368350983,0.5294691696763039,0.69
qwen3-4b-notrain,<MODEL_ROOT>/Qwen3-4B,6ac1fe4685dd1ebbf68d8f7b,109,8,late,67,81,-1.6057400703430176,-1.3871626833861228e-06,-0.9331924319267273,-0.0005158511339686811,-0.04504808038473129,-0.2773767113685608,0.6730621023875756,0.6725476384162903,0.000514463971285295,-1.6057386831803342,-0.9326765807927586,1.1650052117765881,1.34
qwen3-4b-notrain,<MODEL_ROOT>/Qwen3-4B,5e84a167ed1b05c5deda0556,354,1,mid,16,37,-1.7499268054962158,-0.21349048614501953,-1.2856712341308594,-0.2477121353149414,-0.4662223756313324,-0.3015279769897461,0.4984772205352783,0.46425557136535645,0.034221649169921875,-1.5364363193511963,-1.037959098815918,0.8732647001743317,1.17
qwen3-4b-notrain,<MODEL_ROOT>/Qwen3-4B,23ebf0898e30d5abae7f857c,354,2,early,7,37,-1.1324007511138916,-1.7533588409423828,-0.8637170195579529,-1.583997368812561,-0.15821737051010132,-1.4400770664215088,0.09932225942611694,0.2686837315559387,-0.16936147212982178,0.6209580898284912,0.7202803492546082,0.5615793466567993,1.08
qwen3-4b-notrain,<MODEL_ROOT>/Qwen3-4B,9bcc5a0f61ae8a3047e39d63,354,4,late,25,37,-1.472147822380066,-0.7986977100372314,-0.3339340388774872,-1.512034296989441,-0.09067802876234055,-1.417230248451233,1.8515503704547882,1.1382137835025787,0.7133365869522095,-0.6734501123428345,1.1781002581119537,0.14845196157693863,1.31
qwen3-4b-notrain,<MODEL_ROOT>/Qwen3-4B,d1edbd5623521a538aa5fca8,354,8,mid,13,37,-0.635845959186554,-0.6183440089225769,-0.18243834376335144,-0.5015397667884827,-0.0004217484383843839,-0.8602171540260315,0.3366033732891083,0.4534076154232025,-0.11680424213409424,-0.01750195026397705,0.3191014230251312,0.5406939825625159,1.25
qwen3-4b-notrain,<MODEL_ROOT>/Qwen3-4B,920ebfa979b15dfbc05c1094,543,1,early,25,76,-0.4489419162273407,-1.117042899131775,-0.18075226247310638,-0.7882422208786011,-0.012426245026290417,-0.6072515845298767,-0.060611024498939514,0.2681896537542343,-0.32880067825317383,0.6681009829044342,0.6074899584054947,-0.012664618901908398,0.87
qwen3-4b-notrain,<MODEL_ROOT>/Qwen3-4B,a3dc7472147837412c0b11d1,543,2,late,67,76,-0.807202935218811,-0.11731483042240143,-0.26422762870788574,-0.05449124053120613,-0.023540496826171875,-0.10900431871414185,0.48015171661973,0.5429753065109253,-0.0628235898911953,-0.6898881047964096,-0.2097363881766796,0.2952002100646496,1.34
qwen3-4b-notrain,<MODEL_ROOT>/Qwen3-4B,27979d5ef192bf4c09d615c8,543,4,mid,36,76,-2.151240110397339,-3.467906708465307e-06,-0.7890334129333496,-0.0028416027780622244,-0.09862041473388672,-0.05034446716308594,1.365044832335343,1.3622066974639893,0.002838134871353759,-2.1512366424906304,-0.7861918101552874,0.7379158625844866,1.01
qwen3-4b-notrain,<MODEL_ROOT>/Qwen3-4B,ac0cde23b1abac34b9cfcf28,543,8,early,22,76,-0.6724117398262024,-0.8569391369819641,-0.01620718277990818,-1.3282264471054077,-0.00047889124834910035,-1.8562122583389282,1.1274918671697378,0.6562045570462942,0.4712873101234436,0.18452739715576172,1.3120192643254995,0.5437141027650796,0.92
qwen3-4b-notrain,<MODEL_ROOT>/Qwen3-4B,a9548574f81448ef5a8aa817,825,1,late,61,66,-1.5258245468139648,-2.078886032104492,-0.43628859519958496,-1.9755017757415771,-0.07592129707336426,-1.9610284566879272,0.9861516952514648,1.0895359516143799,-0.10338425636291504,0.5530614852905273,1.5392131805419922,0.3458939790725708,1.55
qwen3-4b-notrain,<MODEL_ROOT>/Qwen3-4B,096b4d0ec510c1c7a6566d4d,825,2,mid,31,66,-1.9544092416763306,-1.4276939630508423,-0.9102969169616699,-1.4275747537612915,-0.17800523340702057,-1.457144021987915,1.0439931154251099,1.0441123247146606,-0.00011920928955078125,-0.5267152786254883,0.5172778367996216,0.7618609517812729,1.2
qwen3-4b-notrain,<MODEL_ROOT>/Qwen3-4B,e1e41ad44c6806132c774a0b,825,4,early,20,66,-0.7899759411811829,-1.489378571510315,-0.04777831956744194,-1.4370931386947632,-0.0061241150833666325,-2.3558967113494873,0.6899121887981892,0.7421976216137409,-0.05228543281555176,0.6994026303291321,1.3893148191273212,0.9604577771387994,1.11
qwen3-4b-notrain,<MODEL_ROOT>/Qwen3-4B,d4244d2f2d931771b21fa86c,825,8,late,63,66,-1.433308720588684,-4.743064880371094,-0.04301516339182854,-5.3025360107421875,-0.0008877648506313562,-6.08655309677124,1.9497646875679493,1.3902935571968555,0.5594711303710938,3.3097561597824097,5.259520847350359,0.8261444845702499,1.66
qwen3-4b-notrain,<MODEL_ROOT>/Qwen3-4B,6112204531b74189307db310,214,1,mid,22,53,-0.9597637057304382,-0.26585134863853455,-0.4627557694911957,-0.25341859459877014,-0.16313575208187103,-0.3215886056423187,0.48457518219947815,0.49700793623924255,-0.012432754039764404,-0.6939123570919037,-0.20933717489242554,0.36779002845287323,1.07
qwen3-4b-notrain,<MODEL_ROOT>/Qwen3-4B,4706196d71d0b2b4b60cc96d,214,2,early,3,53,-1.3956648111343384,-0.7428245544433594,-0.49023646116256714,-0.8973150253295898,-0.02450440265238285,-1.5269917249679565,1.0599188208580017,0.9054283499717712,0.15449047088623047,-0.652840256690979,0.4070785641670227,1.095408758148551,0.85
qwen3-4b-notrain,<MODEL_ROOT>/Qwen3-4B,b632938f778c2c1498b5b0a4,214,4,late,52,53,-1.6486388444900513,-0.6421181559562683,-0.35681167244911194,-0.6283239126205444,-0.029249446466565132,-0.7268003225326538,1.2780329287052155,1.2918271720409393,-0.013794243335723877,-1.006520688533783,0.2715122401714325,0.4260386358946562,1.5
qwen3-4b-notrain,<MODEL_ROOT>/Qwen3-4B,f7440cb46f2ded22787762f6,214,8,mid,31,53,-1.3423254489898682,-0.004634296055883169,-0.5073827505111694,-0.14173586666584015,-0.049676015973091125,-0.6951239109039307,0.9720442690886557,0.8349426984786987,0.13710157060995698,-1.337691152933985,-0.3656468838453293,1.0110947787761688,1.26
qwen3-4b-notrain,<MODEL_ROOT>/Qwen3-4B,296ef9f61d3d6c60a128c367,872,1,early,28,89,-1.2802950143814087,-0.0016309950733557343,-1.2626512050628662,-0.0057089063338935375,-0.5990119576454163,-0.015681585296988487,0.021721720579080284,0.01764380931854248,0.004077911260537803,-1.278664019308053,-1.2569422987289727,0.6736119263805449,1.33
qwen3-4b-notrain,<MODEL_ROOT>/Qwen3-4B,ab9ba1b6f827dc974938a70a,872,2,late,77,89,-2.0824265480041504,-0.6118425130844116,-0.9857828617095947,-0.6719136834144592,-0.06606912612915039,-0.7855199575424194,1.1567148566246033,1.0966436862945557,0.06007117033004761,-1.4705840349197388,-0.3138691782951355,1.0333200097084045,1.99
qwen3-4b-notrain,<MODEL_ROOT>/Qwen3-4B,c3228a901c6e5ea8796decd1,872,4,mid,41,89,-3.9153079986572266,-2.918243444582913e-05,-1.842474341392517,-0.005481147672981024,-0.2697247266769409,-0.0770263671875,2.0782856225032447,2.0728336572647095,0.005451965238535195,-3.9152788162227807,-1.836993193719536,1.6442948342300951,1.53
qwen3-4b-notrain,<MODEL_ROOT>/Qwen3-4B,5f5bad32dd62107618a21473,872,8,early,28,89,-2.3767881393432617,-0.0016309950733557343,-0.40727296471595764,-0.3619533181190491,-0.12046178430318832,-0.6653487086296082,2.3298374976729974,1.969515174627304,0.36032232304569334,-2.375157144269906,-0.04531964659690857,0.5902065709233284,1.42
qwen3-4b-notrain,<MODEL_ROOT>/Qwen3-4B,1de1d47aeeec8e790d4963d5,84,1,late,73,79,-1.132059097290039,-4.2401828977745026e-05,-0.6700871586799622,-0.00028243433916941285,-0.33186137676239014,-0.0016133235767483711,0.46221197112026857,0.4619719386100769,0.00024003251019166782,-1.1320166954610613,-0.6698047243407927,0.339556671155151,1.58
qwen3-4b-notrain,<MODEL_ROOT>/Qwen3-4B,5cdce1d669e621163cea7026,84,2,mid,40,79,-2.2152795791625977,-3.4569787979125977,-1.2632511854171753,-2.8286471366882324,-0.038726262748241425,-2.387754440307617,0.32369673252105713,0.9520283937454224,-0.6283316612243652,1.24169921875,1.5653959512710571,0.7836322262883186,1.18
qwen3-4b-notrain,<MODEL_ROOT>/Qwen3-4B,dedfa3a1e01d8f51c7d89cd7,84,4,early,26,79,-2.7304327487945557,-1.3269010782241821,-1.2858368158340454,-1.2719557285308838,-0.012559679336845875,-1.6708475351333618,1.389650583267212,1.4445959329605103,-0.05494534969329834,-1.4035316705703735,-0.013881087303161621,1.6721689430996776,1.04
qwen3-4b-notrain,<MODEL_ROOT>/Qwen3-4B,20d55247bed5444ea9f65d19,84,8,late,76,79,-2.3255906105041504,-2.4414064682787284e-05,-0.3501625061035156,-0.0025989534333348274,-0.00029015541076660156,-0.8754706382751465,1.9780026437692868,1.9754281044006348,0.00257453936865204,-2.3255661964394676,-0.3475635526701808,1.2227440355345607,1.69
qwen3-4b-notrain,<MODEL_ROOT>/Qwen3-4B,8e67e740d29e545c0ddec327,585,1,mid,31,64,-1.6245193481445312,-1.6606031656265259,-0.5898551940917969,-1.7928053140640259,-0.19192886352539062,-1.8855596780776978,1.1668663024902344,1.0346641540527344,0.1322021484375,0.03608381748199463,1.202950119972229,0.4906806945800781,0.79
qwen3-4b-notrain,<MODEL_ROOT>/Qwen3-4B,2203c0f52d641f3cd08d03ef,585,2,early,16,64,-1.7663700580596924,-6.734817028045654,-0.8333030939102173,-6.8106513023376465,-0.4865650236606598,-6.681952476501465,1.0089012384414673,0.9330669641494751,0.07583427429199219,4.968446969985962,5.977348208427429,0.21803924441337585,0.67
qwen3-4b-notrain,<MODEL_ROOT>/Qwen3-4B,138425a3459db02300c9df65,585,4,late,55,64,-3.281489610671997,-3.960026979446411,-0.19120244681835175,-3.2065303325653076,-0.025318963453173637,-3.3423962593078613,2.336790516972542,3.0902871638536453,-0.7534966468811035,0.6785373687744141,3.015327885746956,0.3017494101077318,1.03
qwen3-4b-notrain,<MODEL_ROOT>/Qwen3-4B,129c05db0d3a3c4bcd246fe5,585,8,mid,36,64,-2.795335292816162,-1.7203538417816162,-0.2465251386165619,-2.731790781021118,-0.048671405762434006,-3.560394287109375,3.560247093439102,2.5488101541996,1.011436939239502,-1.074981451034546,2.4852656424045563,1.0264572389423847,0.89
qwen3-4b-notrain,<MODEL_ROOT>/Qwen3-4B,ad7092aca4488efc9db26c8f,772,1,early,10,45,-2.787977933883667,-0.8364864587783813,-0.8101592063903809,-0.6027449369430542,-0.32562941312789917,-0.5770113468170166,1.744077205657959,1.9778187274932861,-0.23374152183532715,-1.9514914751052856,-0.20741426944732666,0.4587962031364441,0.78
qwen3-4b-notrain,<MODEL_ROOT>/Qwen3-4B,15bb19c247c3f5881bc5d98e,772,2,late,35,45,-1.405313491821289,-0.5057440996170044,-0.48468756675720215,-0.4543206989765167,-0.010444402694702148,-0.8797505497932434,0.8692025244235992,0.9206259250640869,-0.05142340064048767,-0.8995693922042847,-0.030366867780685425,0.8996730148792267,1.06
qwen3-4b-notrain,<MODEL_ROOT>/Qwen3-4B,1954c28a0143673d6bc9adc4,772,4,mid,29,45,-0.7032442688941956,-1.4504817724227905,-0.34448230266571045,-1.2595983743667603,-0.007592746522277594,-1.0022014379501343,0.16787856817245483,0.3587619662284851,-0.19088339805603027,0.747237503528595,0.9151160717010498,0.07949261972680688,1.02
qwen3-4b-notrain,<MODEL_ROOT>/Qwen3-4B,fdd6a951473822214878a1a3,772,8,early,10,45,-2.2680575847625732,-0.8364864587783813,-1.130510926246643,-0.9979612827301025,-1.0596469640731812,-1.0268065929412842,1.2990214824676514,1.1375466585159302,0.1614748239517212,-1.431571125984192,-0.13254964351654053,0.09970927238464355,0.84
qwen3-4b-notrain,<MODEL_ROOT>/Qwen3-4B,d67eb6d44d6f06e364a90708,460,1,late,51,72,-2.8494341373443604,-1.316998839378357,-0.21675273776054382,-1.3838276863098145,-0.0989532545208931,-1.4818567037582397,2.699510246515274,2.6326813995838165,0.06682884693145752,-1.5324352979660034,1.1670749485492706,0.21582850068807602,1.76
qwen3-4b-notrain,<MODEL_ROOT>/Qwen3-4B,293a267d3a3031b50c80856f,460,2,mid,25,72,-1.4870983362197876,-0.7821993827819824,-0.18842068314552307,-0.9063008427619934,-0.016730880364775658,-1.5125656127929688,1.4227791130542755,1.2986776530742645,0.12410145998001099,-0.7048989534378052,0.7178801596164703,0.7779545728117228,1.38
qwen3-4b-notrain,<MODEL_ROOT>/Qwen3-4B,3a9885d5eacd6b4616847f9c,460,4,early,7,72,-3.51381778717041,-0.604529857635498,-0.09238222241401672,-0.6297574043273926,-0.017108069732785225,-0.8657891750335693,3.446663111448288,3.4214355647563934,0.02522754669189453,-2.909287929534912,0.5373751819133759,0.31130592338740826,1.16
qwen3-4b-notrain,<MODEL_ROOT>/Qwen3-4B,8b73328976048466328b58ae,460,8,late,56,72,-1.2809088230133057,-1.1883049011230469,-0.03370009735226631,-1.5394175052642822,-0.0005967881879769266,-1.9498484134674072,1.5983213298022747,1.2472087256610394,0.35111260414123535,-0.09260392189025879,1.505717407912016,0.4435342173674144,1.96
qwen3-4b-notrain,<MODEL_ROOT>/Qwen3-4B,2a4159635a1b90ecaf5c4493,476,1,mid,10,25,-5.660338401794434,-1.545856237411499,-0.904719352722168,-1.5340213775634766,-0.13780657947063446,-1.3198168277740479,4.743784189224243,4.755619049072266,-0.011834859848022461,-4.114482164382935,0.6293020248413086,0.5527082234621048,0.66
qwen3-4b-notrain,<MODEL_ROOT>/Qwen3-4B,608232e956f9586de48124c1,476,2,early,8,25,-2.99332857131958,-1.878159999847412,-0.5505439639091492,-1.8161005973815918,-0.032154630869627,-1.8871937990188599,2.3807252049446106,2.442784607410431,-0.06205940246582031,-1.115168571472168,1.2655566334724426,0.5894825346767902,0.65
qwen3-4b-notrain,<MODEL_ROOT>/Qwen3-4B,c7ab532a4796a41792cf0fb4,476,4,late,19,25,-2.370490074157715,-1.8389368057250977,-0.38827061653137207,-1.9987187385559082,-0.011308431625366211,-3.0492749214172363,2.1420013904571533,1.9822194576263428,0.15978193283081055,-0.5315532684326172,1.6104481220245361,1.427518367767334,0.77
qwen3-4b-notrain,<MODEL_ROOT>/Qwen3-4B,411079d4a43229cd9d819ab0,476,8,mid,14,25,-1.9613568782806396,-0.556861162185669,-0.06439699977636337,-2.3367481231689453,-0.0007266998873092234,-2.735370397567749,3.6768468394875526,1.8969598785042763,1.7798869609832764,-1.4044957160949707,2.272351123392582,0.46229257428785786,0.76
qwen3-4b-notrain,<MODEL_ROOT>/Qwen3-4B,bcf4a631411ead04f9e07598,112,1,early,6,36,-1.944130778312683,-1.2600200176239014,-0.8133820295333862,-1.2481001615524292,-0.27727699279785156,-1.3022401332855225,1.1188288927078247,1.1307487487792969,-0.011919856071472168,-0.6841107606887817,0.43471813201904297,0.5902450084686279,0.83
qwen3-4b-notrain,<MODEL_ROOT>/Qwen3-4B,b12e28e84fd488140eba184b,112,2,late,33,36,-3.008999824523926,-0.5412562489509583,-2.032135009765625,-0.5657482147216797,-0.5265849232673645,-0.3725817799568176,1.0013567805290222,0.9768648147583008,0.024491965770721436,-2.4677435755729675,-1.4663867950439453,1.3123836517333984,1.14
qwen3-4b-notrain,<MODEL_ROOT>/Qwen3-4B,304198d3231dc6703556bba0,112,4,mid,18,36,-1.3315365314483643,-0.3780291676521301,-0.9649195671081543,-0.555841326713562,-0.30927547812461853,-0.6301064491271973,0.5444291234016418,0.36661696434020996,0.17781215906143188,-0.9535073637962341,-0.4090782403945923,0.729909211397171,1.0
qwen3-4b-notrain,<MODEL_ROOT>/Qwen3-4B,ac5e64f0faca410ed9af66ba,112,8,early,9,36,-1.5025970935821533,-1.4606211185455322,-0.26736965775489807,-1.2944343090057373,-0.08557949215173721,-1.4458589553833008,1.0690406262874603,1.2352274358272552,-0.16618680953979492,-0.041975975036621094,1.0270646512508392,0.33321481198072433,0.96
qwen3-4b-notrain,<MODEL_ROOT>/Qwen3-4B,df0cc647b67e90068478d221,265,1,late,44,46,-1.799608826637268,-0.6539472341537476,-0.25130271911621094,-0.6002467274665833,-0.02888321876525879,-0.5550993084907532,1.4946056008338928,1.5483061075210571,-0.05370050668716431,-1.1456615924835205,0.3489440083503723,0.17727208137512207,1.02
qwen3-4b-notrain,<MODEL_ROOT>/Qwen3-4B,988b1a88f3169c92eeafc80f,265,2,mid,29,46,-2.3486123085021973,-0.0004470825369935483,-1.3645479679107666,-0.009487533941864967,-0.6312010288238525,-0.1816783994436264,0.9931047919963021,0.9840643405914307,0.009040451404871419,-2.3481652259652037,-1.3550604339689016,0.9055378045886755,0.88
qwen3-4b-notrain,<MODEL_ROOT>/Qwen3-4B,0451b195b260e9949b03b333,265,4,early,13,46,-0.9128473997116089,-1.019639015197754,-0.13259097933769226,-1.1987072229385376,-0.024531638249754906,-1.3560352325439453,0.9593246281147003,0.7802564203739166,0.1790682077407837,0.10679161548614502,1.0661162436008453,0.26538735069334507,0.75
qwen3-4b-notrain,<MODEL_ROOT>/Qwen3-4B,00aa0148d187488946e7fb98,265,8,late,37,46,-2.8607614040374756,-0.0001844678627094254,-0.009731483645737171,-0.6267741322517395,-0.0002483367861714214,-1.1518054008483887,3.4776195847807685,2.8510299203917384,0.6265896643890301,-2.860576936174766,0.6170426486060023,0.5345144154562149,1.01
qwen3-4b-notrain,<MODEL_ROOT>/Qwen3-4B,527852dc4a9810c309536e96,832,1,mid,28,71,-1.9165666103363037,-0.15194034576416016,-1.059173583984375,-0.34046363830566406,-0.29781150817871094,-0.4134700298309326,1.0459163188934326,0.8573930263519287,0.1885232925415039,-1.7646262645721436,-0.7187099456787109,0.8343684673309326,0.95
qwen3-4b-notrain,<MODEL_ROOT>/Qwen3-4B,a02d6c7ed721f1c92a424523,832,2,early,5,71,-3.699491500854492,-3.5732123851776123,-0.7393902540206909,-3.5928871631622314,-0.11495685577392578,-3.430166482925415,2.9797760248184204,2.9601012468338013,0.01967477798461914,-0.12627911567687988,2.8534969091415405,0.46171271800994873,0.73
qwen3-4b-notrain,<MODEL_ROOT>/Qwen3-4B,846e6c67abe28d7ecc90da37,832,4,late,51,71,-3.6971917152404785,-2.0999510288238525,-0.6966986656188965,-2.1719086170196533,-0.007133007049560547,-2.847242593765259,3.072450637817383,3.000493049621582,0.07195758819580078,-1.597240686416626,1.4752099514007568,1.3648996353149414,1.24
qwen3-4b-notrain,<MODEL_ROOT>/Qwen3-4B,464d2922e7366e6b97103ab4,832,8,mid,46,71,-1.1782803535461426,-0.01640629768371582,-0.1518069952726364,-0.1801619529724121,-0.004360835067927837,-0.9788610935211182,1.1902290135622025,1.0264733582735062,0.1637556552886963,-1.1618740558624268,0.028354957699775696,0.9461453007534146,1.24
qwen3-4b-notrain,<MODEL_ROOT>/Qwen3-4B,855b06bef5f437f2308d9414,359,1,early,3,23,-9.519512176513672,-2.6259331703186035,-2.753235340118408,-2.456700086593628,-0.9976401329040527,-2.4830663204193115,6.597043752670288,6.766276836395264,-0.16923308372497559,-6.893579006195068,-0.2965352535247803,1.781961441040039,0.55
qwen3-4b-notrain,<MODEL_ROOT>/Qwen3-4B,6a489b8561c5183e1d9d9c2c,359,2,late,19,23,-1.837114691734314,-1.2796684503555298,-0.9133626818656921,-0.837403416633606,-0.14563027024269104,-1.02812659740448,0.481486976146698,0.9237520098686218,-0.44226503372192383,-0.5574462413787842,-0.07595926523208618,0.9584555923938751,0.7
qwen3-4b-notrain,<MODEL_ROOT>/Qwen3-4B,dc301a34fc4d15c1bc2406a9,359,4,mid,12,23,-1.4743537902832031,-1.2130308151245117,-0.17534971237182617,-1.0986534357070923,-0.020344575867056847,-0.8714567422866821,1.1846266984939575,1.299004077911377,-0.11437737941741943,-0.2613229751586914,0.9233037233352661,-0.07219155691564083,0.65
qwen3-4b-notrain,<MODEL_ROOT>/Qwen3-4B,f945f901f5e2dbc866d175a7,359,8,early,8,23,-2.9032983779907227,-2.387481927871704,-0.14234352111816406,-2.216035842895508,-0.0013411386171355844,-2.659274101257324,2.5895087718963623,2.7609548568725586,-0.1714460849761963,-0.5158164501190186,2.0736923217773438,0.5842406408628449,0.66
qwen3-4b-notrain,<MODEL_ROOT>/Qwen3-4B,c92261ecbbe032c47d72683f,711,1,late,41,59,-0.8873378038406372,-0.6604957580566406,-0.3045702874660492,-0.6603240966796875,-0.018379557877779007,-0.7870205640792847,0.5825958549976349,0.582767516374588,-0.000171661376953125,-0.22684204578399658,0.3557538092136383,0.41288719698786736,1.02
qwen3-4b-notrain,<MODEL_ROOT>/Qwen3-4B,47aed701c56c2603a8b0f69b,711,2,mid,35,59,-2.9178574085235596,-1.289830207824707,-2.193307876586914,-1.2043637037277222,-1.0512115955352783,-1.2981823682785034,0.6390830278396606,0.7245495319366455,-0.08546650409698486,-1.6280272006988525,-0.9889441728591919,1.235914945602417,0.97
qwen3-4b-notrain,<MODEL_ROOT>/Qwen3-4B,50d15936ef9e10fc403c9b38,711,4,early,11,59,-2.320601224899292,-2.546717643737793,-0.7392681837081909,-2.6139001846313477,-0.0570635125041008,-2.65036940574646,1.6485155820846558,1.581333041191101,0.06718254089355469,0.22611641883850098,1.8746320009231567,0.7186738923192024,0.73
qwen3-4b-notrain,<MODEL_ROOT>/Qwen3-4B,eed41c48cf5f158574a62659,711,8,late,54,59,-1.6812092065811157,-2.3734681606292725,-0.012737697921693325,-2.548210620880127,-5.467732626129873e-05,-3.4147915840148926,1.843213968910277,1.6684715086594224,0.1747424602508545,0.6922589540481567,2.5354729229584336,0.8792639837301977,1.21
qwen3-4b-notrain,<MODEL_ROOT>/Qwen3-4B,c88121271d6106690907486c,412,1,mid,17,34,-2.519071340560913,-2.2652456760406494,-1.1226035356521606,-2.4117584228515625,-0.25304391980171204,-2.4761507511138916,1.5429805517196655,1.3964678049087524,0.14651274681091309,-0.25382566452026367,1.2891548871994019,0.9339519441127777,0.86
qwen3-4b-notrain,<MODEL_ROOT>/Qwen3-4B,2947270ca1d5140e05cd4663,412,2,early,3,34,-3.5601775646209717,-3.72601318359375,-1.0654433965682983,-3.7368221282958984,-0.6249961853027344,-3.730224609375,2.5055431127548218,2.4947341680526733,0.010808944702148438,0.16583561897277832,2.6713787317276,0.4338496923446655,0.74
qwen3-4b-notrain,<MODEL_ROOT>/Qwen3-4B,2d09f878ffc0d24c33b79021,412,4,late,26,34,-1.2196416854858398,-0.7266642451286316,-0.3173410892486572,-0.8436325788497925,-0.010533809661865234,-1.033508539199829,1.0192689299583435,0.9023005962371826,0.11696833372116089,-0.49297744035720825,0.5262914896011353,0.4966832399368286,0.99
qwen3-4b-notrain,<MODEL_ROOT>/Qwen3-4B,3062c212d34561e0d4cf63ea,412,8,mid,15,34,-3.428365468978882,-4.052736282348633,-0.1358722746372223,-4.345095634460449,-0.011280441656708717,-4.651815414428711,3.584852546453476,3.2924931943416595,0.2923593521118164,0.624370813369751,4.209223359823227,0.4313116129487753,0.89
qwen3-4b-notrain,<MODEL_ROOT>/Qwen3-4B,e228044d95b0781a977d7b06,532,1,early,9,51,-5.754861354827881,-0.8764840364456177,-3.170356273651123,-0.8684222102165222,-1.4650723934173584,-0.7374967336654663,2.5764432549476624,2.584505081176758,-0.008061826229095459,-4.878377318382263,-2.301934063434601,1.5743584036827087,0.57
qwen3-4b-notrain,<MODEL_ROOT>/Qwen3-4B,2635de1b6cc554d7c0bccb0f,532,2,late,42,51,-1.1505757570266724,-0.11774788051843643,-0.5776232481002808,-0.20103894174098969,-0.11469179391860962,-0.17576360702514648,0.6562435701489449,0.5729525089263916,0.08329106122255325,-1.032827876508236,-0.3765843063592911,0.43765611946582794,0.93
qwen3-4b-notrain,<MODEL_ROOT>/Qwen3-4B,18c20933d677d19e058a6563,532,4,mid,29,51,-0.8681286573410034,-0.9305693507194519,-0.26161181926727295,-0.5808253288269043,-0.003118388121947646,-0.9373758435249329,0.25677281618118286,0.6065168380737305,-0.3497440218925476,0.062440693378448486,0.31921350955963135,0.6150439458433539,0.81
qwen3-4b-notrain,<MODEL_ROOT>/Qwen3-4B,1f6fde163c2d700f23e3b8cf,532,8,early,12,51,-0.9121452569961548,-0.5920723080635071,-0.0036420822143554688,-0.7338719964027405,-2.0384788513183594e-05,-1.0542405843734741,1.0503028631210327,0.9085031747817993,0.1417996883392334,-0.3200729489326477,0.730229914188385,0.3239902853965759,0.69
qwen3-4b-notrain,<MODEL_ROOT>/Qwen3-4B,d28d96c1b4e2bee22f7a0f5e,22,1,late,55,60,-1.6454823017120361,-0.030431749299168587,-0.9897596836090088,-0.0365557000041008,-0.2206881046295166,-0.07003512233495712,0.6618465688079596,0.6557226181030273,0.006123950704932213,-1.6150505524128675,-0.953203983604908,0.8025510013103485,0.99
qwen3-4b-notrain,<MODEL_ROOT>/Qwen3-4B,76057a13e7ced01f0b2fa09e,22,2,mid,23,60,-1.5441856384277344,-0.4413793087005615,-0.5089829564094543,-0.6726911067962646,-0.08082029968500137,-0.814978837966919,1.2665144801139832,1.03520268201828,0.23131179809570312,-1.1028063297271729,0.1637081503868103,0.5704503878951073,0.71
qwen3-4b-notrain,<MODEL_ROOT>/Qwen3-4B,3ff882f4f3544cf0f257aa94,22,4,early,16,60,-1.4104254245758057,-1.4702653884887695,-0.6439666748046875,-1.4400029182434082,-0.0044303471222519875,-1.688798189163208,0.7361962795257568,0.7664587497711182,-0.030262470245361328,0.05983996391296387,0.7960362434387207,0.8883315986022353,0.64
qwen3-4b-notrain,<MODEL_ROOT>/Qwen3-4B,a34385efba2c5efdf93a8957,22,8,late,52,60,-2.584650993347168,-2.1666791439056396,-0.14409033954143524,-1.5175189971923828,-0.005252838134765625,-1.911837100982666,1.791400507092476,2.4405606538057327,-0.6491601467132568,-0.4179718494415283,1.3734286576509476,0.5331556051969528,1.03
qwen3-4b-notrain,<MODEL_ROOT>/Qwen3-4B,806aeae824ad23b83118a5ad,299,1,mid,37,66,-2.5255119800567627,-2.0849452018737793,-1.1338615417480469,-1.9321799278259277,-0.8011940717697144,-1.9414788484573364,1.2388851642608643,1.3916504383087158,-0.15276527404785156,-0.4405667781829834,0.7983183860778809,0.3419663906097412,0.89
qwen3-4b-notrain,<MODEL_ROOT>/Qwen3-4B,9d8a2774978365c157fb4171,299,2,early,21,66,-3.555692195892334,-1.430511474609375e-06,-1.7660844326019287,-0.0004398822784423828,-1.32958984375,-0.0014638900756835938,1.790046215057373,1.7896077632904053,0.00043845176696777344,-3.5556907653808594,-1.7656445503234863,0.4375185966491699,0.73
qwen3-4b-notrain,<MODEL_ROOT>/Qwen3-4B,7e2cb9c4c4ae6aeb88279a0b,299,4,late,64,66,-2.316304922103882,-2.100571870803833,-0.5110681653022766,-2.156773805618286,-0.0023714702110737562,-2.915900945663452,1.8614386916160583,1.8052367568016052,0.056201934814453125,-0.21573305130004883,1.6457056403160095,1.2678238351363689,1.22
qwen3-4b-notrain,<MODEL_ROOT>/Qwen3-4B,d8180f9387dd944ad972e4b3,299,8,mid,27,66,-2.076465606689453,-1.3260434865951538,-0.08701968193054199,-1.4062433242797852,-0.0020542144775390625,-1.6939324140548706,2.0696457624435425,1.9894459247589111,0.08019983768463135,-0.7504221200942993,1.3192236423492432,0.3726545572280884,0.85
qwen3-4b-notrain,<MODEL_ROOT>/Qwen3-4B,25308b0ce2b1fc2f48c5f794,984,1,early,13,69,-3.1177334785461426,-1.8546559810638428,-2.1289420127868652,-1.1505696773529053,-0.43731021881103516,-0.9804424047470093,0.28470516204833984,0.9887914657592773,-0.7040863037109375,-1.2630774974822998,-0.97837233543396,1.521504521369934,0.78
qwen3-4b-notrain,<MODEL_ROOT>/Qwen3-4B,9a4e5aad5bebf2efe85ad11e,984,2,late,61,69,-0.7503809928894043,-0.828063428401947,-0.31314516067504883,-0.7882612943649292,-0.12035727500915527,-0.7368565797805786,0.39743369817733765,0.43723583221435547,-0.03980213403701782,0.07768243551254272,0.47511613368988037,0.14138317108154297,1.25
qwen3-4b-notrain,<MODEL_ROOT>/Qwen3-4B,87a55359562cfd193e4f79d1,984,4,mid,33,69,-1.9675928354263306,-0.00010469224798725918,-1.1081273555755615,-0.0177620779722929,-0.38765695691108704,-0.026562372222542763,0.8771228655750747,0.859465479850769,0.01765738572430564,-1.9674881431783433,-1.0903652776032686,0.7292706929147243,0.98
qwen3-4b-notrain,<MODEL_ROOT>/Qwen3-4B,0bd6b12149dd96afca6c55db,984,8,early,12,69,-3.786963939666748,-5.7775373458862305,-1.2279784679412842,-4.575265884399414,-0.089996337890625,-4.821357727050781,1.3567140102386475,2.558985471725464,-1.2022714614868164,1.9905734062194824,3.34728741645813,1.3840739727020264,0.81
qwen3-4b-notrain,<MODEL_ROOT>/Qwen3-4B,e05fd0b5ec672f65f9facb8c,353,1,late,19,26,-2.051297664642334,-0.6553499102592468,-1.1904845237731934,-0.5895075798034668,-0.6144239902496338,-0.6010950803756714,0.7949708104133606,0.8608131408691406,-0.06584233045578003,-1.3959477543830872,-0.6009769439697266,0.5876480340957642,1.14
qwen3-4b-notrain,<MODEL_ROOT>/Qwen3-4B,d74333173d3c52ededa83d72,353,2,mid,16,26,-0.6820753812789917,-0.8204067349433899,-0.19166667759418488,-0.8407720923423767,-0.01120503805577755,-0.8421746492385864,0.5107740610837936,0.4904087036848068,0.020365357398986816,0.1383313536643982,0.6491054147481918,0.18186419643461704,1.11
qwen3-4b-notrain,<MODEL_ROOT>/Qwen3-4B,60bfe85c97a884cfbf8ada69,353,4,early,5,26,-1.4993526935577393,-1.1365728378295898,-0.036420442163944244,-1.3880505561828613,-0.0031509401742368937,-1.6987231969833374,1.7144099697470665,1.462932251393795,0.2514777183532715,-0.3627798557281494,1.351630114018917,0.3439421427901834,1.0
qwen3-4b-notrain,<MODEL_ROOT>/Qwen3-4B,d485155e3cebd2c804a90bf5,353,8,late,23,26,-0.7094398736953735,-0.39054059982299805,-0.26943397521972656,-0.618492603302002,-0.0011789659038186073,-0.8287880420684814,0.6679579019546509,0.440005898475647,0.2279520034790039,-0.3188992738723755,0.3490586280822754,0.47855044808238745,1.32
qwen3-4b-notrain,<MODEL_ROOT>/Qwen3-4B,3d1823bcf955cf0042e58546,800,1,mid,40,69,-2.8169472217559814,-0.0007765028276480734,-0.7274394631385803,-0.0015377468662336469,-0.5582693219184875,-0.0042928061448037624,2.0902690026559867,2.089507758617401,0.0007612440385855734,-2.8161707189283334,-0.7259017162723467,0.1719252004986629,1.0
qwen3-4b-notrain,<MODEL_ROOT>/Qwen3-4B,19bc721210ce568dd85e66d2,800,2,early,16,69,-1.37179696559906,-0.04475826770067215,-1.2685269117355347,-0.09906281530857086,-0.7690121531486511,-0.19400596618652344,0.1575746014714241,0.10327005386352539,0.05430454760789871,-1.327038697898388,-1.1694640964269638,0.5944579094648361,0.78
qwen3-4b-notrain,<MODEL_ROOT>/Qwen3-4B,61d30debf6f4930b122e45b9,800,4,late,61,69,-1.464437484741211,-1.269728660583496,-0.38503915071487427,-1.3813655376434326,-0.014490890316665173,-1.7105646133422852,1.1910352110862732,1.0793983340263367,0.11163687705993652,-0.19470882415771484,0.9963263869285583,0.6997473360970616,1.25
qwen3-4b-notrain,<MODEL_ROOT>/Qwen3-4B,e439d22a97d0b3af281989ae,800,8,mid,46,69,-2.367171049118042,-1.2999366521835327,-0.9035465717315674,-1.0670322179794312,-0.0656578540802002,-1.0943316221237183,1.230720043182373,1.4636244773864746,-0.23290443420410156,-1.0672343969345093,0.16348564624786377,0.8651881217956543,1.13
qwen3-4b-notrain,<MODEL_ROOT>/Qwen3-4B,1c547e24d53a57c262bd5dcc,1049,1,early,9,33,-1.1950029134750366,-1.045395851135254,-0.29780063033103943,-1.4668339490890503,-0.025266075506806374,-1.5550508499145508,1.3186403810977936,0.8972022831439972,0.4214380979537964,-0.14960706233978271,1.1690333187580109,0.36075145564973354,0.58
qwen3-4b-notrain,<MODEL_ROOT>/Qwen3-4B,686f827473d2f7b0b50c130f,1049,2,late,31,33,-0.7487886548042297,-1.3927998542785645,-0.3102678954601288,-1.349562168121338,-0.0793176144361496,-1.5420081615447998,0.3952830731868744,0.43852075934410095,-0.04323768615722656,0.6440111994743347,1.039294272661209,0.4233962744474411,0.82
qwen3-4b-notrain,<MODEL_ROOT>/Qwen3-4B,0e16a3872848e737dddb35d9,1049,4,mid,13,33,-1.9253816604614258,-0.830524742603302,-0.4755481779575348,-0.97110915184021,-0.0006546020740643144,-1.0585761070251465,1.590417891740799,1.449833482503891,0.14058440923690796,-1.0948569178581238,0.49556097388267517,0.562360531068407,0.66
qwen3-4b-notrain,<MODEL_ROOT>/Qwen3-4B,41ca22731884587deccccc63,1049,8,early,8,33,-2.6843743324279785,-1.782578468322754,-0.28652364015579224,-2.030099391937256,-0.15051880478858948,-2.347503900527954,2.6453716158866882,2.3978506922721863,0.24752092361450195,-0.9017958641052246,1.7435757517814636,0.453409343957901,0.65
qwen3-4b-notrain,<MODEL_ROOT>/Qwen3-4B,eb832003d9251b37a7a443d5,694,1,late,38,52,-2.6674773693084717,-2.282383680343628,-1.6044732332229614,-2.1127309799194336,-1.2125309705734253,-2.0744354724884033,0.8933514356613159,1.0630041360855103,-0.16965270042419434,-0.38509368896484375,0.5082577466964722,0.35364675521850586,1.1
qwen3-4b-notrain,<MODEL_ROOT>/Qwen3-4B,f67c57a22041bf1f45c25b36,694,2,mid,19,52,-3.4545552730560303,-4.238552548940788e-07,-1.9026744365692139,-0.010698742233216763,-0.6319155693054199,-0.033927071839571,1.5625791548647783,1.5518808364868164,0.010698318377961868,-3.4545548492007754,-1.891975694335997,1.2939871968701482,0.93
qwen3-4b-notrain,<MODEL_ROOT>/Qwen3-4B,ca35095b8f0545926de791ec,694,4,early,15,52,-2.3246846199035645,-4.76837158203125e-07,-1.550426721572876,-0.061219215393066406,-0.6766997575759888,-0.26360607147216797,0.8354766368865967,0.7742578983306885,0.0612187385559082,-2.3246841430664062,-1.4892075061798096,1.0761138200759888,0.91
qwen3-4b-notrain,<MODEL_ROOT>/Qwen3-4B,3ce540cf07c5623d46d255af,694,8,late,37,52,-3.5960371494293213,-0.0006877354462631047,-0.3690550923347473,-1.4761792421340942,-0.0003250667068641633,-2.2681844234466553,4.702473563782405,3.226982057094574,1.4754915066878311,-3.595349413983058,1.107124149799347,1.1607352069404442,1.17
qwen3-4b-notrain,<MODEL_ROOT>/Qwen3-4B,b2579c2786a7b4ce931b833a,75,1,mid,38,59,-0.9779857993125916,-1.6646764278411865,-0.4334638714790344,-1.7627921104431152,-0.2915559709072113,-1.5429754257202148,0.6426376104354858,0.5445219278335571,0.09811568260192871,0.686690628528595,1.3293282389640808,-0.07790878415107727,1.09
qwen3-4b-notrain,<MODEL_ROOT>/Qwen3-4B,ab5a5a6123efc6b4a594dac3,75,2,early,18,59,-5.997706413269043,-1.437286615371704,-1.6331567764282227,-1.2339141368865967,-0.164703369140625,-1.359144926071167,4.161177158355713,4.36454963684082,-0.20337247848510742,-4.560419797897339,-0.399242639541626,1.593684196472168,0.89
qwen3-4b-notrain,<MODEL_ROOT>/Qwen3-4B,741dae24f8d8bc56f7ee8e91,75,4,late,41,59,-1.2168257236480713,-0.971412718296051,-0.33929499983787537,-1.0488709211349487,-0.02431945875287056,-1.7612431049346924,0.9549889266490936,0.8775307238101959,0.0774582028388977,-0.24541300535202026,0.7095759212970734,1.0273477248847485,1.16
qwen3-4b-notrain,<MODEL_ROOT>/Qwen3-4B,31f29fa68c8c76ff35e4d40a,75,8,mid,34,59,-4.789177894592285,-2.3669533729553223,-0.09854062646627426,-2.0612375736236572,-0.0021448135375976562,-2.439005136489868,4.384921468794346,4.690637268126011,-0.30571579933166504,-2.422224521636963,1.962696947157383,0.47416337579488754,1.12
qwen3-4b-notrain,<MODEL_ROOT>/Qwen3-4B,66d2187065a8598523e50cb4,229,1,early,16,76,-1.7931699752807617,-1.3640276193618774,-0.18363571166992188,-1.2356704473495483,-0.060075949877500534,-1.2414053678512573,1.4811770915985107,1.6095342636108398,-0.1283571720123291,-0.4291423559188843,1.0520347356796265,0.12929468229413033,0.86
qwen3-4b-notrain,<MODEL_ROOT>/Qwen3-4B,4a5846c9fb79ec397f347180,229,2,late,53,76,-2.4528720378875732,-0.9265744090080261,-1.0082486867904663,-0.5958623886108398,-0.5442224740982056,-1.119642972946167,1.1139113306999207,1.444623351097107,-0.3307120203971863,-1.5262976288795471,-0.41238629817962646,0.9878067970275879,1.36
qwen3-4b-notrain,<MODEL_ROOT>/Qwen3-4B,fde1278791fb09d3ec4e38b5,229,4,mid,47,76,-3.0924174785614014,-0.3051643371582031,-0.8247261047363281,-1.1674892902374268,-0.20800304412841797,-2.000696897506714,3.130016326904297,2.2676913738250732,0.8623249530792236,-2.7872531414031982,0.34276318550109863,1.4499306678771973,1.31
qwen3-4b-notrain,<MODEL_ROOT>/Qwen3-4B,fe4939cd62c0d14e88ec9952,229,8,early,9,76,-2.1748194694519043,-0.4107016324996948,-0.4709019064903259,-0.7307891845703125,-0.1038539707660675,-0.9003952145576477,2.024005115032196,1.7039175629615784,0.3200875520706177,-1.7641178369522095,0.2598872780799866,0.5366539657115936,0.87
qwen3-4b-notrain,<MODEL_ROOT>/Qwen3-4B,b6f15fce736da2ed4e1d1ef6,358,1,late,25,31,-1.3397631645202637,-2.8810110092163086,-0.24623680114746094,-2.8970773220062256,-0.15571630001068115,-2.833723545074463,1.1095926761627197,1.0935263633728027,0.016066312789916992,1.541247844696045,2.6508405208587646,0.02716672420501709,1.16
qwen3-4b-notrain,<MODEL_ROOT>/Qwen3-4B,ae64cb9482c2deb257fd9a3b,358,2,mid,11,31,-0.598746657371521,-1.7752916812896729,-0.24571900069713593,-1.7385752201080322,-0.09392216056585312,-1.5396957397460938,0.31631119549274445,0.35302765667438507,-0.036716461181640625,1.1765450239181519,1.4928562194108963,-0.04708264023065567,1.03
qwen3-4b-notrain,<MODEL_ROOT>/Qwen3-4B,4552f6cf85eb98d5fb34b403,358,4,early,9,31,-2.956055164337158,-1.5504814386367798,-1.1891589164733887,-1.3086239099502563,-0.5033637881278992,-1.1870710849761963,1.525038719177246,1.7668962478637695,-0.24185752868652344,-1.4055737257003784,0.11946499347686768,0.5642423033714294,1.0
qwen3-4b-notrain,<MODEL_ROOT>/Qwen3-4B,2219439c31f9ee48fb18c8ec,358,8,late,25,31,-1.292561650276184,-2.8810110092163086,-0.06722016632556915,-3.134385824203491,-0.0001621246337890625,-3.9620141983032227,1.4787162989377975,1.225341483950615,0.2533748149871826,1.5884493589401245,3.067165657877922,0.8946864157915115,1.23
qwen3-4b-notrain,<MODEL_ROOT>/Qwen3-4B,59c8e653be01d499622952bd,928,1,mid,29,82,-1.0395534038543701,-1.9743399620056152,-0.484691321849823,-1.9409013986587524,-0.28470438718795776,-1.9648531675338745,0.5214235186576843,0.5548620820045471,-0.03343856334686279,0.9347865581512451,1.4562100768089294,0.2239387035369873,1.02
qwen3-4b-notrain,<MODEL_ROOT>/Qwen3-4B,8a24137edfcf39f8b8457f9d,928,2,early,26,82,-1.345732569694519,-0.305593878030777,-1.04208242893219,-0.4449706971645355,-0.4019598066806793,-0.5492740869522095,0.44302695989608765,0.3036501407623291,0.13937681913375854,-1.040138691663742,-0.5971117317676544,0.7444260120391846,1.01
qwen3-4b-notrain,<MODEL_ROOT>/Qwen3-4B,ccb76dac12de663ff031047c,928,4,late,61,82,-1.2003909349441528,-0.8494107127189636,-0.4896271228790283,-0.7640827894210815,-0.035037554800510406,-0.9357771873474121,0.6254358887672424,0.7107638120651245,-0.08532792329788208,-0.3509802222251892,0.2744556665420532,0.6262839660048485,1.45
qwen3-4b-notrain,<MODEL_ROOT>/Qwen3-4B,9fef51d7e8c8177ef781900a,928,8,mid,51,82,-1.5591466426849365,-2.0936760902404785,-0.2792954444885254,-2.6654133796691895,-0.0012900829315185547,-2.8636462688446045,1.851588487625122,1.2798511981964111,0.5717372894287109,0.534529447555542,2.386117935180664,0.4762382507324219,1.36
qwen3-4b-notrain,<MODEL_ROOT>/Qwen3-4B,b1369034f554a77a2a9c57bf,621,1,early,12,71,-2.779385805130005,-0.9918856620788574,-1.950634241104126,-0.8682410717010498,-0.9527645111083984,-0.9152340888977051,0.7051069736480713,0.8287515640258789,-0.12364459037780762,-1.7875001430511475,-1.0823931694030762,1.0448627471923828,0.73
qwen3-4b-notrain,<MODEL_ROOT>/Qwen3-4B,011e27684423150b9832325a,621,2,late,60,71,-1.9976646900177002,-0.10217258334159851,-0.8459362983703613,-0.1714564859867096,-0.13138747215270996,-0.42728617787361145,1.22101229429245,1.1517283916473389,0.06928390264511108,-1.8954921066761017,-0.6744798123836517,0.9703785181045532,1.26
qwen3-4b-notrain,<MODEL_ROOT>/Qwen3-4B,11644ee88c48233115dd92ef,621,4,mid,46,71,-1.116618037223816,-3.3684582710266113,-0.46627411246299744,-3.32877254486084,-0.0045534772798419,-4.10399055480957,0.610658198595047,0.6503439247608185,-0.039685726165771484,2.2518402338027954,2.8624984323978424,1.236938645131886,1.12
qwen3-4b-notrain,<MODEL_ROOT>/Qwen3-4B,b4291a02c8c3bd527d9ae88d,621,8,early,22,71,-4.8508477210998535,-2.966986812680261e-06,-0.11492156982421875,-0.09233411401510239,-0.009336471557617188,-0.48412811756134033,4.8282572983039245,4.735926151275635,0.0923311470282897,-4.850844754113041,-0.022587455809116364,0.4973791018128395,0.9
qwen3-4b-notrain,<MODEL_ROOT>/Qwen3-4B,88a81b34680721a6be6a8a26,914,1,late,32,42,-2.1528656482696533,-1.6702076196670532,-0.8695604801177979,-1.647544264793396,-0.33246761560440063,-1.6366018056869507,1.2606418132781982,1.2833051681518555,-0.022663354873657227,-0.4826580286026001,0.7779837846755981,0.5261504054069519,1.09
qwen3-4b-notrain,<MODEL_ROOT>/Qwen3-4B,b48a2ca4898b4b45df279853,914,2,mid,19,42,-1.4382123947143555,-0.6564443111419678,-0.11045976728200912,-0.9337112307548523,-0.00512071093544364,-1.288063883781433,1.6050195470452309,1.3277526274323463,0.2772669196128845,-0.7817680835723877,0.8232514634728432,0.4596917093731463,0.93
qwen3-4b-notrain,<MODEL_ROOT>/Qwen3-4B,10ff29ef5da6333860adba97,914,4,early,11,42,-2.2664554119110107,-0.4266338348388672,-0.28372922539711,-1.1193598508834839,-0.03429291397333145,-1.2320464849472046,2.6754522025585175,1.9827261865139008,0.6927260160446167,-1.8398215770721436,0.8356306254863739,0.36212294548749924,0.89
qwen3-4b-notrain,<MODEL_ROOT>/Qwen3-4B,ca3d09eef4cd234452541e88,914,8,late,40,42,-1.5436378717422485,-0.06589412689208984,-0.003218121128156781,-1.5673418045043945,-0.00027698941994458437,-2.0675292015075684,3.0418674282263964,1.5404197506140918,1.5014476776123047,-1.4777437448501587,1.5641236833762378,0.503128528711386,1.28
qwen3-4b-notrain,<MODEL_ROOT>/Qwen3-4B,38c998810a3df9ee6c5eb767,1101,1,mid,28,48,-1.0596911907196045,-2.01194429397583,-0.6259020566940308,-2.011201858520508,-0.38742783665657043,-2.031075954437256,0.43304669857025146,0.43378913402557373,-0.0007424354553222656,0.9522531032562256,1.385299801826477,0.2583483159542084,0.81
qwen3-4b-notrain,<MODEL_ROOT>/Qwen3-4B,20c36340f9224e2b878d7d02,1101,2,early,9,48,-4.26645040512085,-2.7159430980682373,-2.2465109825134277,-2.889472007751465,-0.0052169798873364925,-3.523878335952759,2.1934683322906494,2.019939422607422,0.17352890968322754,-1.5505073070526123,0.6429610252380371,2.875700330827385,0.62
qwen3-4b-notrain,<MODEL_ROOT>/Qwen3-4B,0ac985ae09f48f6978a5b872,1101,4,late,45,48,-1.313625693321228,-0.7185685634613037,-0.04926272854208946,-1.0819389820098877,-0.005164282862097025,-1.6876987218856812,1.6277333833277225,1.2643629647791386,0.363370418548584,-0.5950571298599243,1.0326762534677982,0.6498581855557859,0.98
qwen3-4b-notrain,<MODEL_ROOT>/Qwen3-4B,4595447208580ff7ae942085,1101,8,mid,31,48,-4.811606407165527,-0.025334445759654045,-0.6571657657623291,-0.13295000791549683,-0.015066862106323242,-0.393530935049057,4.262056203559041,4.154440641403198,0.10761556215584278,-4.786271961405873,-0.5242157578468323,0.902679830789566,0.91
qwen3-4b-notrain,<MODEL_ROOT>/Qwen3-4B,f136499503f340fbb39a66d0,994,1,early,15,56,-1.933935523033142,-0.9673411846160889,-0.6411266326904297,-0.8870861530303955,-0.5219452977180481,-0.8978574275970459,1.212553858757019,1.2928088903427124,-0.08025503158569336,-0.9665943384170532,0.24595952033996582,0.12995260953903198,0.76
qwen3-4b-notrain,<MODEL_ROOT>/Qwen3-4B,27d9916d980511f570a92b94,994,2,late,51,56,-0.6737858653068542,-1.920372724533081,-0.2844164967536926,-1.8431339263916016,-0.050563521683216095,-2.0389060974121094,0.31213057041168213,0.3893693685531616,-0.07723879814147949,1.2465868592262268,1.558717429637909,0.42962514609098434,1.17
qwen3-4b-notrain,<MODEL_ROOT>/Qwen3-4B,886984b71eac722c34daa925,994,4,mid,34,56,-1.617777943611145,-1.487562656402588,-0.68099445104599,-1.6163535118103027,-0.11375018954277039,-1.5394437313079834,1.0655743479728699,0.936783492565155,0.12879085540771484,-0.13021528720855713,0.9353590607643127,0.49033448100090027,1.0
qwen3-4b-notrain,<MODEL_ROOT>/Qwen3-4B,fa01c6d536b04eaff320ab17,994,8,early,14,56,-0.6813474893569946,-1.211793065071106,-0.182379350066185,-0.900479793548584,-0.024869536980986595,-1.158234715461731,0.18765486776828766,0.49896813929080963,-0.311313271522522,0.5304455757141113,0.718100443482399,0.4152647349983454,0.84
qwen3-4b-notrain,<MODEL_ROOT>/Qwen3-4B,45f835008bee272d45670891,541,1,late,31,35,-1.598933219909668,-2.5200767517089844,-0.45998048782348633,-2.0971438884735107,-0.07344818115234375,-2.0784356594085693,0.716019868850708,1.1389527320861816,-0.42293286323547363,0.9211435317993164,1.6371634006500244,0.36782407760620117,0.91
qwen3-4b-notrain,<MODEL_ROOT>/Qwen3-4B,63ff44f25f6e0f0312c2e506,541,2,mid,21,35,-2.5960686206817627,-4.915289402008057,-1.1062732934951782,-5.133172035217285,-0.2864326536655426,-5.259446620941162,1.707677960395813,1.4897953271865845,0.21788263320922852,2.319220781326294,4.026898741722107,0.9461152255535126,0.83
qwen3-4b-notrain,<MODEL_ROOT>/Qwen3-4B,8fb6a7105f2bc8e07ef16f26,541,4,early,10,35,-3.097306251525879,-2.392331123352051,-0.36127060651779175,-1.7007789611816406,-0.08723704516887665,-1.6250982284545898,2.044483482837677,2.736035645008087,-0.6915521621704102,-0.7049751281738281,1.3395083546638489,0.19835282862186432,0.76
qwen3-4b-notrain,<MODEL_ROOT>/Qwen3-4B,a4bae367dab0a5dac0ffc28d,541,8,late,26,35,-2.2709593772888184,-1.564608097076416,-0.04769357293844223,-1.6393705606460571,-0.0009692510357126594,-2.5982697010040283,2.2980282679200172,2.223265804350376,0.07476246356964111,-0.7063512802124023,1.591676987707615,1.0056234622607008,0.93
qwen3-4b-notrain,<MODEL_ROOT>/Qwen3-4B,4fad602cf9f5d60e6549beb5,1088,1,mid,19,54,-2.1679422855377197,-1.0318342447280884,-1.302328109741211,-0.9227142333984375,-0.3752305507659912,-0.8762397766113281,0.7564941644668579,0.8656141757965088,-0.10912001132965088,-1.1361080408096313,-0.37961387634277344,0.8806231021881104,0.79
qwen3-4b-notrain,<MODEL_ROOT>/Qwen3-4B,3bac02cad36549754b6049a1,1088,2,early,12,54,-3.1656205654144287,-0.03913993760943413,-0.8479663729667664,-0.08531627804040909,-0.29781246185302734,-0.32412490248680115,2.3638305328786373,2.3176541924476624,0.04617634043097496,-3.1264806278049946,-0.7626500949263573,0.7889625355601311,0.73
qwen3-4b-notrain,<MODEL_ROOT>/Qwen3-4B,dd991590a7daebbab9762483,1088,4,late,53,54,-0.7682134509086609,-2.3173062801361084,-0.19813251495361328,-1.87312650680542,-0.0012993812561035156,-2.2573039531707764,0.12590116262435913,0.5700809359550476,-0.4441797733306885,1.5490928292274475,1.6749939918518066,0.5810105800628662,1.16
qwen3-4b-notrain,<MODEL_ROOT>/Qwen3-4B,264f873d770d7c6a66c961e3,1088,8,mid,31,54,-1.2619514465332031,-0.38987213373184204,-0.47445201873779297,-0.4088052213191986,-0.018988609313964844,-0.5320755243301392,0.8064325153827667,0.7874994277954102,0.018933087587356567,-0.8720793128013611,-0.06564679741859436,0.5787337124347687,1.02
qwen3-4b-notrain,<MODEL_ROOT>/Qwen3-4B,e22f26912ea93985e1117033,449,1,early,2,38,-5.043065071105957,-4.518528938293457,-3.1511731147766113,-3.242156982421875,-2.5299127101898193,-3.3162455558776855,0.6155200004577637,1.8918919563293457,-1.276371955871582,-0.5245361328125,0.09098386764526367,0.6953489780426025,0.48
qwen3-4b-notrain,<MODEL_ROOT>/Qwen3-4B,6fc55bd800164ef951d7bc1d,449,2,late,34,38,-1.991487741470337,-0.8088133335113525,-0.7490177154541016,-0.5608570575714111,-0.17812319099903107,-0.7905352115631104,0.994513750076294,1.2424700260162354,-0.2479562759399414,-1.1826744079589844,-0.18816065788269043,0.8005726784467697,0.82
qwen3-4b-notrain,<MODEL_ROOT>/Qwen3-4B,08d2b2f93cb73ede12ae170e,449,4,mid,21,38,-1.4199724197387695,-0.6178586483001709,-0.8097156286239624,-0.7473560571670532,-0.11974303424358368,-0.8382818698883057,0.7397541999816895,0.6102567911148071,0.12949740886688232,-0.8021137714385986,-0.06235957145690918,0.7808984071016312,0.71
qwen3-4b-notrain,<MODEL_ROOT>/Qwen3-4B,22290a324c0d1a3265acd7ec,449,8,early,8,38,-7.483842372894287,-2.3433330059051514,-0.3049198091030121,-1.9286880493164062,-0.0637790709733963,-1.737094759941101,6.76427760720253,7.178922563791275,-0.4146449565887451,-5.140509366989136,1.6237682402133942,0.04954744875431061,0.6
qwen3-4b-notrain,<MODEL_ROOT>/Qwen3-4B,73d97370261a9c4e53cb3a66,1003,1,late,28,33,-1.337950348854065,-2.165816307067871,-0.9488175511360168,-2.374748468399048,-0.5487130284309387,-2.2254769802093506,0.5980649590492249,0.3891327977180481,0.20893216133117676,0.8278659582138062,1.425930917263031,0.25083303451538086,0.92
qwen3-4b-notrain,<MODEL_ROOT>/Qwen3-4B,045623a69db32e4155a4bcc1,1003,2,mid,20,33,-3.2026970386505127,-1.5698299407958984,-1.453261375427246,-1.5593984127044678,-0.8632692694664001,-1.7511759996414185,1.739004135131836,1.7494356632232666,-0.010431528091430664,-1.6328670978546143,0.10613703727722168,0.7817696928977966,0.84
qwen3-4b-notrain,<MODEL_ROOT>/Qwen3-4B,b9e8741eb1fd017cdaa99534,1003,4,early,8,33,-1.4932903051376343,-1.2318782806396484,-0.9093671441078186,-1.462906837463379,-0.0496545284986496,-1.2571102380752563,0.8149517178535461,0.5839231610298157,0.23102855682373047,-0.26141202449798584,0.5535396933555603,0.6539160162210464,0.74
qwen3-4b-notrain,<MODEL_ROOT>/Qwen3-4B,74dc4d0fde1beabac14bb34d,1003,8,late,30,33,-1.4427889585494995,-0.000274658203125,-0.4567139446735382,-0.10430335998535156,-0.06936194747686386,-0.646195650100708,1.0901037156581879,0.9860750138759613,0.10402870178222656,-1.4425143003463745,-0.35241058468818665,0.9292442873120308,1.03
qwen3-4b-notrain,<MODEL_ROOT>/Qwen3-4B,af68e7bb4307cff7b58d64b1,1035,1,mid,17,39,-2.9721076488494873,-5.46668004989624,-1.7695767879486084,-5.532951831817627,-0.5886325836181641,-5.501002311706543,1.2688026428222656,1.202530860900879,0.06627178192138672,2.494572401046753,3.7633750438690186,1.1489946842193604,0.67
qwen3-4b-notrain,<MODEL_ROOT>/Qwen3-4B,4a0cdf73515da4c94e3f3ada,1035,2,early,3,39,-3.5107884407043457,-0.00575201865285635,-1.6629350185394287,-0.12055207043886185,-0.12326159328222275,-0.20745141804218292,1.9626534739509225,1.847853422164917,0.1148000517860055,-3.5050364220514894,-1.5423829481005669,1.626572772860527,0.57
qwen3-4b-notrain,<MODEL_ROOT>/Qwen3-4B,89c655404b744a2d41782ffe,1035,4,late,33,39,-1.9307093620300293,-2.3620963096618652,-1.0798218250274658,-2.156205177307129,-0.013354710303246975,-2.7700371742248535,0.6449964046478271,0.8508875370025635,-0.20589113235473633,0.43138694763183594,1.076383352279663,1.6802991116419435,0.84
qwen3-4b-notrain,<MODEL_ROOT>/Qwen3-4B,e32c2b80a5c1a8dd2b885a14,1035,8,mid,23,39,-2.571887731552124,-1.2925727367401123,-0.08482106775045395,-1.7333474159240723,-0.00021521250891964883,-2.7619166374206543,2.92784134298563,2.48706666380167,0.44077467918395996,-1.2793149948120117,1.6485263481736183,1.1131750767381163,0.77
qwen3-4b-notrain,<MODEL_ROOT>/Qwen3-4B,b9a647b45724491bb65b1d5f,538,1,early,3,39,-3.8052878379821777,-0.2510354816913605,-1.6230870485305786,-0.30023786425590515,-0.8123757839202881,-0.28797319531440735,2.231403172016144,2.182200789451599,0.04920238256454468,-3.5542523562908173,-1.3228491842746735,0.7984465956687927,0.52
qwen3-4b-notrain,<MODEL_ROOT>/Qwen3-4B,54272ba22689136f2fc34a4c,538,2,late,28,39,-1.8647335767745972,-1.4035379886627197,-0.5815626382827759,-1.4832031726837158,-0.3066085875034332,-2.063072681427002,1.3628361225128174,1.2831709384918213,0.0796651840209961,-0.46119558811187744,0.9016405344009399,0.8548235595226288,0.79
qwen3-4b-notrain,<MODEL_ROOT>/Qwen3-4B,e18e4d4b36304b433733f8f1,538,4,mid,21,39,-2.6784050464630127,-1.2127443552017212,-0.6149740219116211,-1.5203880071640015,-0.06428356468677521,-1.1281150579452515,2.371074676513672,2.0634310245513916,0.3076436519622803,-1.4656606912612915,0.9054139852523804,0.1584175080060959,0.73
qwen3-4b-notrain,<MODEL_ROOT>/Qwen3-4B,dabbc018876070eafc123db1,538,8,early,9,39,-2.8514623641967773,-2.6211981773376465,-0.3414081931114197,-2.1777076721191406,-0.1376819610595703,-2.478818416595459,2.066563665866852,2.5100541710853577,-0.44349050521850586,-0.23026418685913086,1.836299479007721,0.5048369765281677,0.66
qwen3-4b-notrain,<MODEL_ROOT>/Qwen3-4B,b288ace107a538aed9aaec81,269,1,late,29,38,-1.5687730312347412,-1.0517709255218506,-1.0397589206695557,-0.846799910068512,-0.18973278999328613,-0.9536553025245667,0.3240430951118469,0.5290141105651855,-0.20497101545333862,-0.5170021057128906,-0.1929590106010437,0.9568815231323242,0.91
qwen3-4b-notrain,<MODEL_ROOT>/Qwen3-4B,0695e695c6e6d2cb6106f586,269,2,mid,23,38,-1.2620168924331665,-1.8838934898376465,-0.6237922310829163,-1.6643184423446655,-0.18604759871959686,-1.4261916875839233,0.4186496138572693,0.6382246613502502,-0.21957504749298096,0.62187659740448,1.0405262112617493,0.1996178776025772,0.86
qwen3-4b-notrain,<MODEL_ROOT>/Qwen3-4B,be37203a131f41a434f0e951,269,4,early,8,38,-2.2783801555633545,-0.3021256625652313,-0.7025877833366394,-0.1589086502790451,-0.027305815368890762,-0.16210681200027466,1.4325753599405289,1.575792372226715,-0.14321701228618622,-1.9762544929981232,-0.5436791330575943,0.6784801296889782,0.7
qwen3-4b-notrain,<MODEL_ROOT>/Qwen3-4B,e6eb622e5c3c17f50e8c536d,269,8,late,31,38,-0.9249496459960938,-1.9333078861236572,-0.03656318038702011,-3.185303211212158,-0.0025249829050153494,-3.71510648727417,2.1403817906975746,0.8883864656090736,1.251995325088501,1.0083582401275635,3.148740030825138,0.5638414735440165,1.02
qwen3-4b-notrain,<MODEL_ROOT>/Qwen3-4B,a13ef6fed582430292a722b6,197,1,mid,21,38,-0.8504623174667358,-0.3637233078479767,-0.7097398638725281,-0.3428064286708832,-0.5269267559051514,-0.36033135652542114,0.11980557441711426,0.14072245359420776,-0.020916879177093506,-0.48673900961875916,-0.3669334352016449,0.20033803582191467,0.76
qwen3-4b-notrain,<MODEL_ROOT>/Qwen3-4B,f482fa61f0c6eb9bcebd5cef,197,2,early,10,38,-1.1617963314056396,-0.41273054480552673,-0.5195446014404297,-0.026678720489144325,-0.10881556570529938,-0.11534436792135239,0.25619990564882755,0.64225172996521,-0.3860518243163824,-0.7490657866001129,-0.49286588095128536,0.49939468316733837,0.64
qwen3-4b-notrain,<MODEL_ROOT>/Qwen3-4B,9eeb26ee90a0196665753da1,197,4,late,35,38,-1.0306938886642456,-1.3008726835250854,-0.22466960549354553,-1.3684755563735962,-0.016756875440478325,-1.9983437061309814,0.8736271560192108,0.8060242831707001,0.06760287284851074,0.27017879486083984,1.1438059508800507,0.8377808798104525,0.91
qwen3-4b-notrain,<MODEL_ROOT>/Qwen3-4B,e7993165699a6dbf295bf92d,197,8,mid,22,38,-1.3555243015289307,-1.1878204345703125,-0.07398584485054016,-1.268851637840271,-0.0015805562725290656,-1.7046650648117065,1.362569659948349,1.2815384566783905,0.0810312032699585,-0.16770386695861816,1.1948657929897308,0.5082187155494466,0.84
qwen3-4b-notrain,<MODEL_ROOT>/Qwen3-4B,5032522a33da22e940e9327e,938,1,early,18,81,-1.0738404989242554,-0.84090256690979,-0.3160693049430847,-0.8444189429283142,-0.11840058118104935,-0.9282298684120178,0.7612875699996948,0.7577711939811707,0.00351637601852417,-0.23293793201446533,0.5283496379852295,0.281479649245739,1.01
qwen3-4b-notrain,<MODEL_ROOT>/Qwen3-4B,0507a42ec2fad13aa43c21aa,938,2,late,60,81,-2.393890142440796,-1.5258789289873675e-06,-1.5701367855072021,-0.0002948761102743447,-0.6860421299934387,-0.01738910749554634,0.8240467071649391,0.8237533569335938,0.0002933502313453573,-2.393888616561867,-1.5698419093969278,0.9011888868990354,1.5
qwen3-4b-notrain,<MODEL_ROOT>/Qwen3-4B,559d5504b8c535e9e3016e71,938,4,mid,43,81,-1.853509783744812,-1.1182239055633545,-0.49030858278274536,-1.209934949874878,-0.03581581264734268,-1.4596281051635742,1.45491224527359,1.3632012009620667,0.09171104431152344,-0.7352858781814575,0.7196263670921326,0.704185925424099,1.33
qwen3-4b-notrain,<MODEL_ROOT>/Qwen3-4B,1341c38c9e1fb346d6b3c709,938,8,early,21,81,-1.4298670291900635,-1.9477629661560059,-0.41359469294548035,-1.162890911102295,-0.00710209971293807,-1.1139156818389893,0.2314002811908722,1.0162723362445831,-0.7848720550537109,0.5178959369659424,0.7492962181568146,0.3575173639692366,1.13
qwen3-4b-notrain,<MODEL_ROOT>/Qwen3-4B,90eb8483f2c1d9040480645e,443,1,late,41,43,-3.686326265335083,-3.6162219047546387,-0.9130355715751648,-3.3743155002593994,-0.06193215772509575,-3.4291024208068848,2.531384289264679,2.773290693759918,-0.24190640449523926,-0.07010436058044434,2.4612799286842346,0.9058903343975544,0.97
qwen3-4b-notrain,<MODEL_ROOT>/Qwen3-4B,13e7e77ed908998dc4ee57db,443,2,mid,16,43,-3.3645334243774414,-1.4167968034744263,-1.959136724472046,-1.3129836320877075,-0.6926705241203308,-1.3053622245788574,1.3015835285186768,1.4053966999053955,-0.10381317138671875,-1.9477366209030151,-0.6461530923843384,1.258844792842865,0.72
qwen3-4b-notrain,<MODEL_ROOT>/Qwen3-4B,428b40c1b153ae9a1d0a2acb,443,4,early,8,43,-1.8436079025268555,-2.414140462875366,-0.5719152688980103,-2.0340049266815186,-0.04377882927656174,-1.8712172508239746,0.8915570974349976,1.2716926336288452,-0.38013553619384766,0.5705325603485107,1.4620896577835083,0.36534876376390457,0.66
qwen3-4b-notrain,<MODEL_ROOT>/Qwen3-4B,18114735260c9cdcf0e3b033,443,8,late,29,43,-1.8182200193405151,-1.4869475364685059,-0.008337887935340405,-1.5985043048858643,-6.0688366829708684e-06,-3.1998934745788574,1.9214388998225331,1.8098821314051747,0.1115567684173584,-0.3312724828720093,1.5901664169505239,1.6097209887916506,0.94
qwen3-4b-notrain,<MODEL_ROOT>/Qwen3-4B,99292c06216799ff239495c2,495,1,mid,15,24,-1.1047954559326172,-0.3477659225463867,-0.6631525158882141,-0.31674909591674805,-0.028957558795809746,-0.37759971618652344,0.4106261134147644,0.4416429400444031,-0.031016826629638672,-0.7570295333862305,-0.34640341997146606,0.6950455773621798,0.62
qwen3-4b-notrain,<MODEL_ROOT>/Qwen3-4B,5e4c03f7c2a2b7b84762e94c,495,2,early,5,24,-3.8855671882629395,-0.17981134355068207,-2.2823801040649414,-0.16703547537326813,-0.3109603524208069,-0.25744307041168213,1.590411216020584,1.603187084197998,-0.01277586817741394,-3.7057558447122574,-2.1153446286916733,2.0618273466825485,0.53
qwen3-4b-notrain,<MODEL_ROOT>/Qwen3-4B,b81826373e52bfcfe7e556f6,495,4,late,19,24,-0.5045205354690552,-1.0215731859207153,-0.18884813785552979,-0.8783522844314575,-0.0005011558532714844,-1.4803191423416138,0.17245149612426758,0.3156723976135254,-0.1432209014892578,0.5170526504516602,0.6895041465759277,0.7903138399124146,0.69
qwen3-4b-notrain,<MODEL_ROOT>/Qwen3-4B,6893b595f38061582377ea85,495,8,mid,13,24,-1.7564001083374023,-2.339693546295166,-0.08680343627929688,-1.9093018770217896,-0.07975930720567703,-1.890487790107727,1.239205002784729,1.6695966720581055,-0.43039166927337646,0.5832934379577637,1.8224984407424927,-0.011769957840442657,0.68
qwen3-4b-notrain,<MODEL_ROOT>/Qwen3-4B,f06c39ebf409e591d47421a5,92,1,early,13,41,-2.540236711502075,-2.5280587673187256,-1.9082131385803223,-2.313286304473877,-1.1138299703598022,-2.1792664527893066,0.4172511100769043,0.6320235729217529,-0.21477246284484863,-0.01217794418334961,0.4050731658935547,0.6603633165359497,0.63
qwen3-4b-notrain,<MODEL_ROOT>/Qwen3-4B,0c0deb3e12af7e9e0ffc67a2,92,2,late,39,41,-1.1490774154663086,-0.2852247655391693,-0.4173290729522705,-0.4307442009449005,-0.08851981163024902,-0.5240452289581299,0.8772677779197693,0.7317483425140381,0.1455194354057312,-0.8638526499271393,0.013415127992630005,0.42211028933525085,0.87
qwen3-4b-notrain,<MODEL_ROOT>/Qwen3-4B,64f40a818308366302ef0b2e,92,4,mid,17,41,-4.382917881011963,-6.5394815464969724e-06,-0.3910055160522461,-0.3560853898525238,-0.0044786930084228516,-1.0372666120529175,4.347991215330694,3.991912364959717,0.3560788503709773,-4.382911341530416,-0.03492012619972229,1.067708045244217,0.68
qwen3-4b-notrain,<MODEL_ROOT>/Qwen3-4B,7100994a39d0377b87516301,92,8,early,12,41,-2.9556851387023926,-3.419375419616699,-1.301698923110962,-2.862236738204956,-0.3336051106452942,-3.1023876667022705,1.0968475341796875,1.6539862155914307,-0.5571386814117432,0.46369028091430664,1.5605378150939941,1.2082447409629822,0.68
qwen3-4b-notrain,<MODEL_ROOT>/Qwen3-4B,a0fad726a72999bab72dd86d,757,1,late,64,66,-1.9995272159576416,-6.016818224452436e-05,-1.017724871635437,-0.0007398778689093888,-0.810364305973053,-0.0029634996317327023,0.9824820540088695,0.9818023443222046,0.0006797096866648644,-1.999467047775397,-1.0169849937665276,0.20958418742520735,1.4
qwen3-4b-notrain,<MODEL_ROOT>/Qwen3-4B,bfe8092e92f5894bb4438332,757,2,mid,31,66,-2.4029788970947266,-0.7304854393005371,-1.0308955907821655,-0.6777544021606445,-0.15071788430213928,-1.0650520324707031,1.3193522691726685,1.372083306312561,-0.05273103713989258,-1.6724934577941895,-0.353141188621521,1.2674753367900848,1.09
qwen3-4b-notrain,<MODEL_ROOT>/Qwen3-4B,34d116df29cc40faf190952d,757,4,early,13,66,-3.1218810081481934,-0.3159860074520111,-0.47703519463539124,-0.2764981687068939,-0.005104411859065294,-0.718878448009491,2.605357974767685,2.644845813512802,-0.03948783874511719,-2.8058950006961823,-0.20053702592849731,0.914311062078923,0.92
qwen3-4b-notrain,<MODEL_ROOT>/Qwen3-4B,610b6e5e9040bdb9207cfc29,757,8,late,52,66,-2.153347969055176,-2.4256608486175537,-0.06995153427124023,-2.685168743133545,-0.0013620853424072266,-3.099588394165039,2.3429043292999268,2.0833964347839355,0.2595078945159912,0.27231287956237793,2.6152172088623047,0.48300909996032715,1.36
qwen3-4b-notrain,<MODEL_ROOT>/Qwen3-4B,8811204db0285e8f273eda6e,106,1,mid,16,31,-2.129714250564575,-6.6882643699646,-0.9761466979980469,-5.916033744812012,-0.44983744621276855,-5.644412040710449,0.38133692741394043,1.1535675525665283,-0.7722306251525879,4.558550119400024,4.939887046813965,0.2546875476837158,0.78
qwen3-4b-notrain,<MODEL_ROOT>/Qwen3-4B,b7930f3a13ddab35ec068a51,106,2,early,4,31,-4.163397312164307,-0.01578998565673828,-2.7411231994628906,-0.051055908203125,-0.19127006828784943,-0.18020789325237274,1.4575400352478027,1.422274112701416,0.03526592254638672,-4.147607326507568,-2.6900672912597656,2.679005116224289,0.66
qwen3-4b-notrain,<MODEL_ROOT>/Qwen3-4B,3519339e591089d0ca4b9587,106,4,late,27,31,-1.4860875606536865,-1.7188869714736938,-0.33646073937416077,-1.482852578163147,-0.0010255178203806281,-3.4141557216644287,0.9135924279689789,1.1496268212795258,-0.23603439331054688,0.23279941082000732,1.1463918387889862,2.266738365055062,0.89
qwen3-4b-notrain,<MODEL_ROOT>/Qwen3-4B,4c25367eab99d22898c72e59,106,8,mid,12,31,-5.403171539306641,-2.051825761795044,-0.6456435918807983,-1.7479149103164673,-0.06943067163228989,-1.9535086154937744,4.453617095947266,4.757527947425842,-0.30391085147857666,-3.3513457775115967,1.102271318435669,0.7818066254258156,0.8
qwen3-4b-notrain,<MODEL_ROOT>/Qwen3-4B,f5def70dc89928964c2edbb7,156,1,early,16,50,-2.303180456161499,-2.3681955337524414,-0.8842493295669556,-2.2874112129211426,-0.43369048833847046,-2.4815433025360107,1.3381468057632446,1.4189311265945435,-0.08078432083129883,0.06501507759094238,1.403161883354187,0.6446909308433533,0.71
qwen3-4b-notrain,<MODEL_ROOT>/Qwen3-4B,83b596ab67e4a22941614acb,156,2,late,49,50,-1.1316211223602295,-0.7142890691757202,-0.48891228437423706,-0.8542248606681824,-0.05091667175292969,-1.929261565208435,0.7826446294784546,0.6427088379859924,0.13993579149246216,-0.4173320531845093,0.3653125762939453,1.51303231716156,1.02
qwen3-4b-notrain,<MODEL_ROOT>/Qwen3-4B,d8eff49b8b6cc3d22f926dc1,156,4,mid,22,50,-2.0987560749053955,-0.7482329607009888,-0.3373298645019531,-0.6431700587272644,-0.0056512621231377125,-1.0089516639709473,1.656363308429718,1.7614262104034424,-0.10506290197372437,-1.3505231142044067,0.3058401942253113,0.6974602076224983,0.78
qwen3-4b-notrain,<MODEL_ROOT>/Qwen3-4B,7eb7d141bdf3ddb9c8517039,156,8,early,15,50,-2.2966349124908447,-0.19976970553398132,-0.017458438873291016,-1.1184897422790527,-9.703636169433594e-05,-1.9401774406433105,3.197896510362625,2.2791764736175537,0.9187200367450714,-2.0968652069568634,1.1010313034057617,0.8390491008758545,0.75
qwen3-4b-notrain,<MODEL_ROOT>/Qwen3-4B,578f691fd445ffa59acd08b1,235,1,late,25,29,-1.6480928659439087,-1.6011956930160522,-0.8486564755439758,-1.243194818496704,-0.6033722162246704,-1.1665188074111938,0.4414355158805847,0.7994363903999329,-0.35800087451934814,-0.046897172927856445,0.39453834295272827,0.16860824823379517,0.91
qwen3-4b-notrain,<MODEL_ROOT>/Qwen3-4B,62fc58d18e67d5acfb23f669,235,2,mid,18,29,-1.6544746160507202,-1.411438006471144e-05,-0.8342560529708862,-0.0018115997081622481,-0.364968478679657,-0.029340744018554688,0.8220160484079315,0.820218563079834,0.0017974853280975367,-1.6544605016706555,-0.832444453262724,0.4968167186016217,0.85
qwen3-4b-notrain,<MODEL_ROOT>/Qwen3-4B,87ed75d027dea39469d63982,235,4,early,8,29,-2.9319612979888916,-0.7143750190734863,-0.32481276988983154,-1.7813372611999512,-0.02815328538417816,-2.2024857997894287,3.674110770225525,2.60714852809906,1.0669622421264648,-2.2175862789154053,1.4565244913101196,0.7178080230951309,0.78
qwen3-4b-notrain,<MODEL_ROOT>/Qwen3-4B,067d9e1a4ca09e8f2c27a63e,235,8,late,26,29,-3.0171754360198975,-1.4519559144973755,-0.14325085282325745,-1.055443286895752,-0.01135177630931139,-1.277937889099121,2.4774119555950165,2.87392458319664,-0.39651262760162354,-1.565219521522522,0.9121924340724945,0.3543936787173152,1.0
qwen3-4b-notrain,<MODEL_ROOT>/Qwen3-4B,13f10be9f615b8d347f3d4cd,966,1,mid,9,15,-2.722933053970337,-2.5199992656707764,-1.1897077560424805,-2.6845109462738037,-0.9857847690582275,-2.9778294563293457,1.6977369785308838,1.5332252979278564,0.16451168060302734,-0.20293378829956055,1.4948031902313232,0.4972414970397949,0.87
qwen3-4b-notrain,<MODEL_ROOT>/Qwen3-4B,91b1f9173e0c3d288aa62575,966,2,early,2,15,-2.629230499267578,-4.123608589172363,-0.6316382884979248,-3.9675426483154297,-0.2672303020954132,-3.943211793899536,1.8415262699127197,1.9975922107696533,-0.1560659408569336,1.4943780899047852,3.335904359817505,0.34007713198661804,0.82
qwen3-4b-notrain,<MODEL_ROOT>/Qwen3-4B,266d154ef76828c48ada9deb,966,4,late,11,15,-2.2265281677246094,-3.3072686195373535,-0.3380226492881775,-2.4774041175842285,-0.11543560773134232,-2.368095874786377,1.0586410164833069,1.8885055184364319,-0.829864501953125,1.0807404518127441,2.139381468296051,0.11327879875898361,0.92
qwen3-4b-notrain,<MODEL_ROOT>/Qwen3-4B,a37781102679ad5828f97682,966,8,mid,10,15,-1.3441935777664185,-4.280162334442139,-0.0348333902657032,-4.1269211769104,-0.0022489374969154596,-6.202702522277832,1.156119029968977,1.3093601875007153,-0.15324115753173828,2.93596875667572,4.092087786644697,2.1083657981362194,0.95
qwen3-4b-notrain,<MODEL_ROOT>/Qwen3-4B,f2872db13d4eb76e8e402b5c,501,1,early,12,63,-3.93053936958313,-0.7126522660255432,-0.9110109806060791,-0.5705264210700989,-0.6754438877105713,-0.622688889503479,2.8774025440216064,3.019528388977051,-0.14212584495544434,-3.2178871035575867,-0.3404845595359802,0.28772956132888794,0.77
qwen3-4b-notrain,<MODEL_ROOT>/Qwen3-4B,0f6f04efb2d1593d42ed5d64,501,2,late,54,63,-2.1542680263519287,-1.589457315276377e-05,-0.8678528070449829,-0.005041917320340872,-0.3963050842285156,-0.017216365784406662,1.291441242054134,1.2864152193069458,0.005026022747188108,-2.154252131778776,-0.862810889724642,0.4837221712805331,1.23
qwen3-4b-notrain,<MODEL_ROOT>/Qwen3-4B,1541c8e9db1184bfe7b5519b,501,4,mid,38,63,-1.4202524423599243,-0.00011348724365234375,-0.5456631183624268,-0.21619653701782227,-0.09617335349321365,-0.3819678723812103,1.0906723737716675,0.8745893239974976,0.21608304977416992,-1.420138955116272,-0.3294665813446045,0.6152611002326012,1.07
qwen3-4b-notrain,<MODEL_ROOT>/Qwen3-4B,daa5895e673acb0dbeb50546,501,8,early,8,63,-3.4083263874053955,-2.492219924926758,-0.28739356994628906,-0.8346936106681824,-0.0892147496342659,-0.7768303751945496,1.463406503200531,3.1209328174591064,-1.6575263142585754,-0.9161064624786377,0.5473000407218933,0.14031558483839035,0.82
qwen3-4b-notrain,<MODEL_ROOT>/Qwen3-4B,57e0be0276f3f27fd9a8113a,300,1,late,44,46,-1.9665179252624512,-0.0013228522147983313,-1.1239893436431885,-0.0013970269355922937,-0.5725400447845459,-0.007645713165402412,0.8426027563400567,0.8425285816192627,7.417472079396248e-05,-1.9651950730476528,-1.1225923167075962,0.5576979850884527,1.05
qwen3-4b-notrain,<MODEL_ROOT>/Qwen3-4B,ddb26356cbf304cdaa87af1d,300,2,mid,16,46,-2.4539906978607178,-4.29183292388916,-0.6028187870979309,-4.417078018188477,-0.03665265440940857,-5.014439105987549,1.9764170050621033,1.8511719107627869,0.1252450942993164,1.8378422260284424,3.8142592310905457,1.1635272204875946,0.8
qwen3-4b-notrain,<MODEL_ROOT>/Qwen3-4B,7df683634173f64214511ae2,300,4,early,10,46,-1.4142744541168213,-1.9792708158493042,-0.21942053735256195,-1.4137283563613892,-0.012707392685115337,-1.6537946462631226,0.6293114572763443,1.1948539167642593,-0.565542459487915,0.5649963617324829,1.1943078190088272,0.44677943456918,0.75
qwen3-4b-notrain,<MODEL_ROOT>/Qwen3-4B,01a6bf182b0a2e956aa5c1be,300,8,late,41,46,-0.9250057339668274,-1.6467405557632446,-0.051383018493652344,-1.5075900554656982,-0.0007139206281863153,-2.101047992706299,0.7344722151756287,0.873622715473175,-0.1391505002975464,0.7217348217964172,1.456207036972046,0.6441270351060666,1.09
qwen3-4b-notrain,<MODEL_ROOT>/Qwen3-4B,ffb01c14fb5c0ed9a98623e8,194,1,mid,13,28,-3.6424782276153564,-2.086082935333252,-2.693373441696167,-1.287163257598877,-0.8019728064537048,-0.9627206921577454,0.15018510818481445,0.9491047859191895,-0.798919677734375,-1.5563952922821045,-1.40621018409729,1.5669580698013306,0.57
qwen3-4b-notrain,<MODEL_ROOT>/Qwen3-4B,78ca3fc9be604333b4bf19fc,194,2,early,9,28,-2.0521035194396973,-1.1559827327728271,-1.1121405363082886,-1.5493916273117065,-0.3608090281486511,-1.1586954593658447,1.333371877670288,0.9399629831314087,0.3934088945388794,-0.8961207866668701,0.43725109100341797,0.36063534021377563,0.55
qwen3-4b-notrain,<MODEL_ROOT>/Qwen3-4B,90f2a68cd272d84552ce7561,194,4,late,19,28,-3.3397624492645264,-1.631889820098877,-0.28398022055625916,-1.9595544338226318,-0.0013399124145507812,-2.3141071796417236,3.383446842432022,3.055782228708267,0.3276646137237549,-1.7078726291656494,1.6755742132663727,0.6371930539608002,0.65
qwen3-4b-notrain,<MODEL_ROOT>/Qwen3-4B,d7b2118fbd515798bc622087,194,8,mid,10,28,-1.8629487752914429,-1.6125980615615845,-0.08716106414794922,-2.1052908897399902,-0.006484413053840399,-2.6692726612091064,2.2684805393218994,1.7757877111434937,0.49269282817840576,-0.2503507137298584,2.018129825592041,0.644658422563225,0.62
qwen3-4b-notrain,<MODEL_ROOT>/Qwen3-4B,a9e88df70cb072dd8a498ca5,802,1,early,6,17,-1.7936962842941284,-2.129241466522217,-0.9375689029693604,-2.1753861904144287,-0.1881023794412613,-2.2445218563079834,0.90227210521698,0.8561273813247681,0.046144723892211914,0.3355451822280884,1.2378172874450684,0.8186021894216537,0.67
qwen3-4b-notrain,<MODEL_ROOT>/Qwen3-4B,6e39bed745fee09a548648fb,802,2,late,12,17,-0.6100841760635376,-1.5391736030578613,-0.26056182384490967,-1.510711669921875,-0.04525959491729736,-1.5331921577453613,0.3210604190826416,0.34952235221862793,-0.028461933135986328,0.9290894269943237,1.2501498460769653,0.23778271675109863,0.74
qwen3-4b-notrain,<MODEL_ROOT>/Qwen3-4B,8fab71e2eb7d8c63432c992c,802,4,mid,10,17,-1.3486073017120361,-0.8854035139083862,-0.05788422003388405,-1.0288941860198975,-0.0011790139833465219,-1.5521522760391235,1.4342137537896633,1.290723081678152,0.14349067211151123,-0.4632037878036499,0.9710099659860134,0.5799632960697636,0.73
qwen3-4b-notrain,<MODEL_ROOT>/Qwen3-4B,b1bcff7aadf146df5e42f7b4,802,8,late,12,17,-2.1567070484161377,-1.5391736030578613,-0.057609133422374725,-1.5641834735870361,-0.0005349053535610437,-2.2673592567443848,2.1241077855229378,2.099097914993763,0.025009870529174805,-0.6175334453582764,1.5065743401646614,0.7602500112261623,0.81
qwen3-4b-notrain,<MODEL_ROOT>/Qwen3-4B,afdf74dd91bc36e8fd7adf90,180,1,early,5,50,-4.132227420806885,-0.7696208953857422,-0.5553131103515625,-0.6625099182128906,-0.21656574308872223,-0.6977139711380005,3.4698033332824707,3.5769143104553223,-0.10711097717285156,-3.3626065254211426,0.10719680786132812,0.37395142018795013,0.55
qwen3-4b-notrain,<MODEL_ROOT>/Qwen3-4B,a9dd0400ff1cba4ece7daad1,180,2,mid,32,50,-0.6646264791488647,-2.1481692790985107,-0.21043114364147186,-2.4503884315490723,-0.004586571361869574,-2.6808316707611084,0.7564144879579544,0.4541953355073929,0.3022191524505615,1.483542799949646,2.2399572879076004,0.4362878114916384,0.84
qwen3-4b-notrain,<MODEL_ROOT>/Qwen3-4B,4c5278909f3cfdddbcfe054c,180,4,early,7,50,-2.3981590270996094,-0.9951870441436768,-0.1503937542438507,-0.9791889190673828,-0.0013925379607826471,-1.2883782386779785,2.2317671477794647,2.2477652728557587,-0.015998125076293945,-1.4029719829559326,0.8287951648235321,0.45819053589366376,0.6
qwen3-4b-notrain,<MODEL_ROOT>/Qwen3-4B,e145eaa69862f21a8324b8a7,180,8,late,37,50,-0.6519109606742859,-0.7988446950912476,-0.0387018546462059,-0.553372859954834,-0.0007435480947606266,-0.8413519859313965,0.3677372708916664,0.61320910602808,-0.24547183513641357,0.14693373441696167,0.5146710053086281,0.3259374325280078,0.95
qwen3-4b-notrain,<MODEL_ROOT>/Qwen3-4B,2af6c3ed7e31e7497fffb5e6,946,1,mid,17,47,-2.143059015274048,-2.5781569480895996,-0.5690646171569824,-2.4328391551971436,-0.07551193237304688,-2.524958610534668,1.4286766052246094,1.5739943981170654,-0.14531779289245605,0.43509793281555176,1.8637745380401611,0.58567214012146,0.68
qwen3-4b-notrain,<MODEL_ROOT>/Qwen3-4B,06750e58f2ac750ac2c364d6,946,2,early,7,47,-1.8374106884002686,-2.8591277599334717,-0.534142255783081,-2.5139944553375244,-0.11065882444381714,-2.7253167629241943,0.9581351280212402,1.3032684326171875,-0.34513330459594727,1.0217170715332031,1.9798521995544434,0.6348057389259338,0.6
qwen3-4b-notrain,<MODEL_ROOT>/Qwen3-4B,202be5b01f0a5ca176537f98,946,4,late,32,47,-1.8260947465896606,-2.7672371864318848,-0.10085572302341461,-2.8159868717193604,-9.81224948191084e-05,-3.735905885696411,1.7739887088537216,1.725239023566246,0.048749685287475586,0.9411424398422241,2.7151311486959457,1.0206766145056463,0.86
qwen3-4b-notrain,<MODEL_ROOT>/Qwen3-4B,17972ce916f6dbfa39c5d97d,946,8,mid,30,47,-1.9378032684326172,-1.9460740089416504,-0.049475669860839844,-2.2390363216400146,-0.007629204075783491,-2.6266727447509766,2.1812899112701416,1.8883275985717773,0.29296231269836426,0.008270740509033203,2.189560651779175,0.42948288889601827,0.88
qwen3-4b-notrain,<MODEL_ROOT>/Qwen3-4B,e94272e4403e13f8ac2a3f8a,486,1,early,18,78,-4.996463298797607,-1.9073486328125e-06,-2.9002342224121094,-0.000270843505859375,-1.533842921257019,-0.011044979095458984,2.0964980125427246,2.096229076385498,0.0002689361572265625,-4.996461391448975,-2.89996337890625,1.37716543674469,1.04
qwen3-4b-notrain,<MODEL_ROOT>/Qwen3-4B,39d676cfc97004052c2d3241,486,2,late,63,78,-1.4050476551055908,-0.0027780532836914062,-0.953529953956604,-0.08277835696935654,-0.3052305281162262,-0.1065099760890007,0.531518004834652,0.4515177011489868,0.08000030368566513,-1.4022696018218994,-0.8707515969872475,0.672031044960022,1.53
qwen3-4b-notrain,<MODEL_ROOT>/Qwen3-4B,a33658a1d23bdea24fa8fec8,486,4,mid,50,78,-3.402228832244873,-1.3246781826019287,-0.7898435592651367,-0.8617227673530579,-0.12538211047649384,-0.9913147687911987,2.1494298577308655,2.6123852729797363,-0.46295541524887085,-2.0775506496429443,0.07187920808792114,0.7940534502267838,1.39
qwen3-4b-notrain,<MODEL_ROOT>/Qwen3-4B,7cc358348ddf394d323d54fa,486,8,early,26,78,-7.168423175811768,-1.2079874977644067e-05,-0.06309175491333008,-0.4108661115169525,-0.0011806488037109375,-1.2895921468734741,7.516185452540412,7.1053314208984375,0.41085403164197487,-7.16841109593679,0.34777435660362244,0.9406371414661407,1.16
qwen3-4b-notrain,<MODEL_ROOT>/Qwen3-4B,48130e24fa784953221be0bb,818,1,late,57,67,-4.719943046569824,-2.608664035797119,-2.403554677963257,-2.6716372966766357,-0.6511663198471069,-2.7912960052490234,2.379361629486084,2.3163883686065674,0.0629732608795166,-2.111279010772705,0.2680826187133789,1.8720470666885376,1.12
qwen3-4b-notrain,<MODEL_ROOT>/Qwen3-4B,3216248b1968553ebb30ec9f,818,2,mid,24,67,-1.4509021043777466,-3.9672853745287284e-05,-1.0712370872497559,-0.00456581125035882,-0.3024252653121948,-0.010761642828583717,0.38419115552460426,0.3796650171279907,0.004526138396613533,-1.4508624315240013,-1.066671275999397,0.7750076535157859,0.78
qwen3-4b-notrain,<MODEL_ROOT>/Qwen3-4B,36649eed8f05a9b78cc1875d,818,4,early,22,67,-1.5281766653060913,0.0,-0.8848071098327637,-0.0008183797472156584,-0.22844941914081573,-0.07155279070138931,0.6441879352205433,0.6433695554733276,0.0008183797472156584,-1.5281766653060913,-0.883988730085548,0.7270921016461216,0.78
qwen3-4b-notrain,<MODEL_ROOT>/Qwen3-4B,6a82449c7761420da3e6af42,818,8,late,52,67,-1.2385576963424683,-0.002254598308354616,-0.2710302770137787,-0.03465394303202629,-0.002297621686011553,-0.5572793483734131,0.9999267640523612,0.9675274193286896,0.032399344723671675,-1.2363030980341136,-0.2363763339817524,0.7913580606691539,1.16
qwen3-4b-notrain,<MODEL_ROOT>/Qwen3-4B,e2f0402e72c1eea5bf7cb394,173,1,mid,22,46,-3.02074933052063,-0.7481973171234131,-2.4181182384490967,-0.6962441802024841,-0.9890782833099365,-0.6113608479499817,0.5506779551506042,0.6026310920715332,-0.051953136920928955,-2.272552013397217,-1.7218740582466125,1.3441566228866577,0.82
qwen3-4b-notrain,<MODEL_ROOT>/Qwen3-4B,22685a36833c8afad29b8930,173,2,early,2,46,-4.082978248596191,-1.5557444095611572,-1.1994701623916626,-1.2580766677856445,-0.3499488830566406,-1.2280818223953247,2.585840344429016,2.883508086204529,-0.2976677417755127,-2.527233839035034,0.058606505393981934,0.8195264339447021,0.61
qwen3-4b-notrain,<MODEL_ROOT>/Qwen3-4B,e377f463eb8164fa1657be49,173,4,late,38,46,-1.056610107421875,-2.875091314315796,-0.8986074328422546,-2.6583139896392822,-0.2025541216135025,-2.407256603240967,-0.05877465009689331,0.15800267457962036,-0.21677732467651367,1.818481206893921,1.7597065567970276,0.4449959248304367,1.06
qwen3-4b-notrain,<MODEL_ROOT>/Qwen3-4B,f0b32eb9c99f732215dc31ed,173,8,mid,19,46,-0.7247468829154968,-0.332103431224823,-0.05655187368392944,-1.1743396520614624,-0.0002520243579056114,-1.728623867034912,1.5104312300682068,0.6681950092315674,0.8422362208366394,-0.39264345169067383,1.117787778377533,0.6105840642994735,0.91
qwen3-4b-notrain,<MODEL_ROOT>/Qwen3-4B,93d27ad4060eeccaaa5dece9,884,1,early,2,70,-2.794142007827759,-4.494933605194092,-0.9527637958526611,-4.120910167694092,-0.5224943161010742,-4.040503978729248,1.4673547744750977,1.8413782119750977,-0.3740234375,1.700791597366333,3.1681463718414307,0.34986329078674316,0.57
qwen3-4b-notrain,<MODEL_ROOT>/Qwen3-4B,dbfb8860e9a82f3be2f32882,884,2,late,67,70,-1.3640514612197876,-0.9930827617645264,-0.7459871768951416,-0.9056043028831482,-0.006316503044217825,-0.9396832585334778,0.5305858254432678,0.618064284324646,-0.08747845888137817,-0.37096869945526123,0.1596171259880066,0.7737496295012534,1.26
qwen3-4b-notrain,<MODEL_ROOT>/Qwen3-4B,07a542ac28251f02cd239792,884,4,mid,25,70,-1.2771278619766235,-0.20592451095581055,-0.2532658278942108,-0.6092126369476318,-0.00016461886116303504,-2.1926615238189697,1.427150160074234,1.0238620340824127,0.4032881259918213,-1.071203351020813,0.355946809053421,1.8365500959043857,0.84
qwen3-4b-notrain,<MODEL_ROOT>/Qwen3-4B,871c09c2801b764bd57b94ac,884,8,early,15,70,-1.9526636600494385,-2.1938767433166504,-0.15511870384216309,-2.2151236534118652,-0.0012574195861816406,-2.2005114555358887,1.8187918663024902,1.7975449562072754,0.021246910095214844,0.24121308326721191,2.060004949569702,0.13924908638000488,0.79
qwen3-4b-notrain,<MODEL_ROOT>/Qwen3-4B,b8722afac2d3edae146a405c,674,1,late,39,44,-2.3879024982452393,-1.4117203950881958,-0.7353591918945312,-1.2368191480636597,-0.20532672107219696,-1.3368675708770752,1.4776420593261719,1.652543306350708,-0.17490124702453613,-0.9761821031570435,0.5014599561691284,0.6300808936357498,0.92
qwen3-4b-notrain,<MODEL_ROOT>/Qwen3-4B,935f16b232831be318dbd400,674,2,mid,21,44,-2.4630324840545654,-3.3121085166931152,-0.9777984619140625,-2.3820674419403076,-0.3854942321777344,-2.7818105220794678,0.5551929473876953,1.485234022140503,-0.9300410747528076,0.8490760326385498,1.4042689800262451,0.9920473098754883,0.77
qwen3-4b-notrain,<MODEL_ROOT>/Qwen3-4B,112c4b896dbfe413e4669ae4,674,4,early,12,44,-3.805924415588379,-4.523141251411289e-05,-0.6613547205924988,-1.1478277444839478,-0.19956567883491516,-1.2355968952178955,4.292352208067314,3.14456969499588,1.1477825130714336,-3.805879184175865,0.486473023891449,0.5495581924915314,0.72
qwen3-4b-notrain,<MODEL_ROOT>/Qwen3-4B,d35e2109a55bfc644f33bc71,674,8,late,40,44,-0.9285483956336975,-1.4102083444595337,-0.013606601394712925,-2.5080559253692627,-9.388393664266914e-05,-3.7652363777160645,2.0127893751487136,0.9149417942389846,1.097847580909729,0.4816599488258362,2.4944493239745498,1.270693169804872,1.0
qwen3-4b-notrain,<MODEL_ROOT>/Qwen3-4B,b772969717e506ec9c1486cc,819,1,mid,20,53,-2.1088168621063232,-2.7710025310516357,-0.21950459480285645,-2.9057114124298096,-0.09217143058776855,-3.0659549236297607,2.0240211486816406,1.8893122673034668,0.13470888137817383,0.6621856689453125,2.686206817626953,0.28757667541503906,0.78
qwen3-4b-notrain,<MODEL_ROOT>/Qwen3-4B,02f23d7365dfb434c52f6dcd,819,2,early,14,53,-3.5766944885253906,-0.849884033203125,-0.9799487590789795,-0.8347967863082886,-0.04680512472987175,-1.179705023765564,2.5816584825515747,2.596745729446411,-0.015087246894836426,-2.7268104553222656,-0.14515197277069092,1.2780518718063831,0.74
qwen3-4b-notrain,<MODEL_ROOT>/Qwen3-4B,93e37242dc34f5dfc52170c9,819,4,late,36,53,-2.126767873764038,-0.6877568960189819,-0.18468132615089417,-0.7739871740341187,-0.0011802673107013106,-1.249261498451233,2.0283168256282806,1.942086547613144,0.08623027801513672,-1.4390109777450562,0.5893058478832245,0.6587753832573071,1.0
qwen3-4b-notrain,<MODEL_ROOT>/Qwen3-4B,ae82390c38132126a91b101a,819,8,mid,34,53,-1.892335295677185,-4.330850601196289,-0.13932457566261292,-4.197333812713623,-0.0025136948097497225,-4.385426044464111,1.6194939315319061,1.7530107200145721,-0.13351678848266602,2.438515305519104,4.05800923705101,0.3249031126033515,1.01
qwen3-4b-notrain,<MODEL_ROOT>/Qwen3-4B,a1f571360ea4843402220418,950,1,early,34,105,-1.4834648370742798,-0.03240394592285156,-0.5110424160957336,-0.045094966888427734,-0.13943350315093994,-0.1084742546081543,0.9851134419441223,0.9724224209785461,0.012691020965576172,-1.4510608911514282,-0.4659474492073059,0.43498820066452026,1.06
qwen3-4b-notrain,<MODEL_ROOT>/Qwen3-4B,dad2099f4eef0e44ae504a0f,950,2,late,87,105,-0.7237198948860168,-0.9681017994880676,-0.46351656317710876,-0.7387228012084961,-0.22732038795948029,-0.6655303239822388,0.030824333429336548,0.2602033317089081,-0.22937899827957153,0.24438190460205078,0.27520623803138733,0.16300369799137115,1.73
qwen3-4b-notrain,<MODEL_ROOT>/Qwen3-4B,05bcd4e6e23a5b86dca38f04,950,4,mid,42,105,-1.227595329284668,-0.00024922689772211015,-0.7415278553962708,-0.015434901230037212,-0.07822100818157196,-0.1811111867427826,0.5012531482207123,0.4860674738883972,0.015185674332315102,-1.2273461023869459,-0.7260929541662335,0.8289831327274442,1.19
qwen3-4b-notrain,<MODEL_ROOT>/Qwen3-4B,feb4b0b3040571d594eb744c,950,8,early,25,105,-2.5317130088806152,-0.002862215042114258,-1.8123209476470947,-0.007866859436035156,-0.23688983917236328,-0.05018353462219238,0.7243967056274414,0.7193920612335205,0.0050046443939208984,-2.528850793838501,-1.8044540882110596,1.6177477836608887,1.03
qwen3-4b-notrain,<MODEL_ROOT>/Qwen3-4B,78d9aa958886df4f24ee752f,1054,1,late,60,63,-2.1599700450897217,-2.2387895584106445,-0.521477222442627,-2.049975633621216,-0.1941230297088623,-2.1495673656463623,1.449678897857666,1.6384928226470947,-0.1888139247894287,0.07881951332092285,1.5284984111785889,0.42694592475891113,1.55
qwen3-4b-notrain,<MODEL_ROOT>/Qwen3-4B,3e05d493865f684d92088845,1054,2,mid,37,63,-1.5709328651428223,-0.4374781847000122,-0.168645441532135,-0.22004996240139008,-0.06456460058689117,-0.20430289208889008,1.1848592013120651,1.4022874236106873,-0.21742822229862213,-1.13345468044281,0.051404520869255066,0.08833377063274384,1.29
qwen3-4b-notrain,<MODEL_ROOT>/Qwen3-4B,02a8d75f2c058571b16d76de,1054,4,early,13,63,-2.9777424335479736,-1.1684941053390503,-0.6651692390441895,-1.0987129211425781,-0.24417757987976074,-1.3767212629318237,2.242792010307312,2.312573194503784,-0.06978118419647217,-1.8092483282089233,0.43354368209838867,0.6990000009536743,1.03
qwen3-4b-notrain,<MODEL_ROOT>/Qwen3-4B,748984ddf774b6080d77d2e6,1054,8,late,50,63,-2.5751729011535645,-1.8337663412094116,-0.024387551471590996,-2.3591384887695312,-0.0010229110484942794,-3.4006006717681885,3.076157497242093,2.5507853496819735,0.5253721475601196,-0.7414065599441528,2.3347509372979403,1.064826823421754,1.53
qwen3-4b-notrain,<MODEL_ROOT>/Qwen3-4B,920365599b88585b735ecde9,738,1,mid,38,62,-1.936475157737732,-2.3019962310791016,-0.7295817136764526,-2.3553454875946045,-0.2587548792362213,-2.268411874771118,1.2602427005767822,1.2068934440612793,0.05334925651550293,0.36552107334136963,1.6257637739181519,0.383893221616745,0.97
qwen3-4b-notrain,<MODEL_ROOT>/Qwen3-4B,06673fb29d4b6e36b216db68,738,2,early,3,62,-1.5676199197769165,-3.5385570526123047,-1.0572001934051514,-3.2798500061035156,-0.24131393432617188,-2.863438606262207,0.2517126798629761,0.5104197263717651,-0.25870704650878906,1.9709371328353882,2.2226498126983643,0.3994748592376709,0.59
qwen3-4b-notrain,<MODEL_ROOT>/Qwen3-4B,447638ee9f9d0d1182cb7c03,738,4,late,46,62,-1.3439735174179077,-0.932603657245636,-0.17453765869140625,-1.162268042564392,-0.007898184470832348,-1.9721914529800415,1.3991002440452576,1.1694358587265015,0.2296643853187561,-0.41136986017227173,0.9877303838729858,0.9765628846362233,1.09
qwen3-4b-notrain,<MODEL_ROOT>/Qwen3-4B,390941ae11801d193a6886bc,738,8,mid,30,62,-1.0076873302459717,-1.9032766819000244,-0.037452179938554764,-1.405167579650879,-0.00030604275525547564,-1.9661856889724731,0.4721260480582714,0.9702351503074169,-0.4981091022491455,0.8955893516540527,1.3677153997123241,0.5981642465048935,0.96
qwen3-4b-notrain,<MODEL_ROOT>/Qwen3-4B,1e4265fa876d895e98ecf483,775,1,early,8,26,-1.1588022708892822,-0.5294460654258728,-0.6055383682250977,-0.6069576144218445,-0.5397138595581055,-0.5913564562797546,0.6307754516601562,0.5532639026641846,0.07751154899597168,-0.6293562054634094,0.0014192461967468262,0.050223350524902344,0.7
qwen3-4b-notrain,<MODEL_ROOT>/Qwen3-4B,f01e4af72eeafe9ad1fb8ec6,775,2,late,20,26,-1.9554635286331177,-4.931602478027344,-1.405920386314392,-4.507767200469971,-1.1828551292419434,-4.656050682067871,0.12570786476135254,0.5495431423187256,-0.42383527755737305,2.976138949394226,3.1018468141555786,0.3713487386703491,0.83
qwen3-4b-notrain,<MODEL_ROOT>/Qwen3-4B,5dae32552c442a3aeffd66a5,775,4,mid,14,26,-2.386763334274292,-2.9022934436798096,-1.2797882556915283,-1.6088547706604004,-0.5865934491157532,-1.658008337020874,-0.1864635944366455,1.1069750785827637,-1.2934386730194092,0.5155301094055176,0.32906651496887207,0.7423483729362488,0.78
qwen3-4b-notrain,<MODEL_ROOT>/Qwen3-4B,02d92b53f68848660bb14463,775,8,early,9,26,-2.7040231227874756,-2.1617982387542725,-0.2612427771091461,-2.314652919769287,-0.01724921353161335,-2.7261288166046143,2.595635026693344,2.4427803456783295,0.15285468101501465,-0.5422248840332031,2.053410142660141,0.6554694604128599,0.77
qwen3-4b-notrain,<MODEL_ROOT>/Qwen3-4B,2e4769ee4f820b7f8cad838a,114,1,late,9,13,-3.3415777683258057,-3.1291120052337646,-1.4601354598999023,-2.6839189529418945,-1.2736811637878418,-2.597252607345581,1.4362492561340332,1.8814423084259033,-0.4451930522918701,-0.21246576309204102,1.2237834930419922,0.09978795051574707,0.78
qwen3-4b-notrain,<MODEL_ROOT>/Qwen3-4B,557448943f3fe0e9d0a25c9d,114,2,mid,7,13,-3.8456473350524902,-4.673004150390625e-05,-1.2726407051086426,-0.0019707679748535156,-0.4404933452606201,-0.03425121307373047,2.5749306678771973,2.5730066299438477,0.0019240379333496094,-3.8456006050109863,-1.270669937133789,0.8644278049468994,0.77
qwen3-4b-notrain,<MODEL_ROOT>/Qwen3-4B,13d6e6a4d2e0aa3ae7eef430,114,4,early,4,13,-4.3412957191467285,-0.6013238430023193,-1.0328017473220825,-0.5720078945159912,-0.09926795959472656,-0.38158634305000305,3.279178023338318,3.308493971824646,-0.029315948486328125,-3.739971876144409,-0.4607938528060913,0.7431122362613678,0.76
qwen3-4b-notrain,<MODEL_ROOT>/Qwen3-4B,562c005c6a3f05c6801e17c5,114,8,late,9,13,-4.959364891052246,-3.1291120052337646,-0.4332613945007324,-2.7247867584228516,-0.06917595863342285,-2.6315102577209473,4.121778249740601,4.526103496551514,-0.4043252468109131,-1.8302528858184814,2.291525363922119,0.2708089351654053,0.85
qwen3-4b-notrain,<MODEL_ROOT>/Qwen3-4B,0789690a98ffa8ff10044a85,226,1,mid,15,26,-3.1746795177459717,-2.3266685009002686,-0.6762716174125671,-1.508901596069336,-0.22447529435157776,-1.4821447134017944,1.680640995502472,2.4984079003334045,-0.8177669048309326,-0.8480110168457031,0.8326299786567688,0.4250394403934479,0.67
qwen3-4b-notrain,<MODEL_ROOT>/Qwen3-4B,23305a9398342bd15f9632f0,226,2,early,9,26,-1.7283895015716553,-2.2436463832855225,-0.6783294677734375,-2.3269877433776855,-0.19239330291748047,-2.4258408546447754,1.1334013938903809,1.0500600337982178,0.08334136009216309,0.5152568817138672,1.648658275604248,0.5847892761230469,0.62
qwen3-4b-notrain,<MODEL_ROOT>/Qwen3-4B,bc7372af10659172c78d9465,226,4,late,25,26,-1.9457653760910034,-1.1147241592407227,-0.45793992280960083,-0.7401387095451355,-0.01603088341653347,-1.068282127380371,1.1132400035858154,1.4878254532814026,-0.37458544969558716,-0.8310412168502808,0.28219878673553467,0.770052457228303,0.79
qwen3-4b-notrain,<MODEL_ROOT>/Qwen3-4B,0007cb462363661747a643bf,226,8,mid,16,26,-2.320775032043457,-1.3197557926177979,-0.13739395141601562,-1.4816412925720215,-0.009383520111441612,-2.00103759765625,2.345266580581665,2.1833810806274414,0.16188549995422363,-1.0010192394256592,1.3442473411560059,0.6474067363888025,0.76
qwen3-4b-notrain,<MODEL_ROOT>/Qwen3-4B,6cfb87c500e5f1bf176ea656,852,1,early,3,31,-1.6684561967849731,-0.21235837042331696,-1.1777219772338867,-0.24988949298858643,-0.3724983334541321,-0.2516063153743744,0.5282653421163559,0.4907342195510864,0.03753112256526947,-1.4560978263616562,-0.9278324842453003,0.8069404661655426,0.52
qwen3-4b-notrain,<MODEL_ROOT>/Qwen3-4B,61e48dfba3310514131f1c67,852,2,late,24,31,-0.8769629597663879,-0.3615570068359375,-0.1749490648508072,-0.3572266399860382,-0.020979808643460274,-0.41395848989486694,0.6976835280656815,0.7020138949155807,-0.004330366849899292,-0.5154059529304504,0.18227757513523102,0.21070110611617565,0.73
qwen3-4b-notrain,<MODEL_ROOT>/Qwen3-4B,32d52626e8d28807e1eb2f9b,852,4,mid,15,31,-0.8028548359870911,-1.3922067880630493,-0.1283188909292221,-1.393083095550537,-0.003262943821027875,-1.1942161321640015,0.6754122525453568,0.674535945057869,0.000876307487487793,0.5893519520759583,1.264764204621315,-0.07381101627834141,0.66
qwen3-4b-notrain,<MODEL_ROOT>/Qwen3-4B,9c8b3a9ee0102a1918bcbd5c,852,8,early,8,31,-0.6871678233146667,-1.4536612033843994,-0.14501021802425385,-1.2712966203689575,-0.06150161474943161,-1.4648785591125488,0.359793022274971,0.5421576052904129,-0.1823645830154419,0.7664933800697327,1.1262864023447037,0.27709054201841354,0.63
qwen3-4b-notrain,<MODEL_ROOT>/Qwen3-4B,2e06c22d60bad9df63ee59a0,820,1,late,25,32,-1.660427451133728,-0.9206053018569946,-0.5021974444389343,-1.456297516822815,-0.20168228447437286,-1.2500717639923096,1.693922221660614,1.1582300066947937,0.5356922149658203,-0.7398221492767334,0.9541000723838806,0.09428940713405609,1.0
qwen3-4b-notrain,<MODEL_ROOT>/Qwen3-4B,1c7a4acc31b015b6e6ad98fd,820,2,mid,21,32,-1.5946621894836426,-1.0341360569000244,-0.8343912959098816,-0.7427851557731628,-0.05038303881883621,-0.6187366843223572,0.4689199924468994,0.760270893573761,-0.2913509011268616,-0.5605261325836182,-0.09160614013671875,0.6599597856402397,0.97
qwen3-4b-notrain,<MODEL_ROOT>/Qwen3-4B,9c66cbb7bd85e51d036817dd,820,4,early,4,32,-2.1883857250213623,-1.9967663288116455,-0.09903992712497711,-1.775871753692627,-0.004356596153229475,-2.0997729301452637,1.8684512227773666,2.089345797896385,-0.22089457511901855,-0.1916193962097168,1.6768318265676498,0.41858450742438436,0.82
qwen3-4b-notrain,<MODEL_ROOT>/Qwen3-4B,12723c8c7e72093af91bf718,820,8,late,26,32,-1.3537784814834595,-2.769317626953125,-0.08853530883789062,-3.0145156383514404,-0.0002490149636287242,-3.606863021850586,1.5104411840438843,1.2652431726455688,0.24519801139831543,1.4155391454696655,2.92598032951355,0.6806336773734074,1.11
qwen3-4b-notrain,<MODEL_ROOT>/Qwen3-4B,cec32a215c32dbc3be8f651e,313,1,mid,12,28,-2.3528361320495605,-0.9898630380630493,-0.9369260668754578,-0.30654799938201904,-0.8740693926811218,-0.7907122373580933,0.7325950264930725,1.4159100651741028,-0.6833150386810303,-1.3629730939865112,-0.6303780674934387,0.5470209121704102,0.72
qwen3-4b-notrain,<MODEL_ROOT>/Qwen3-4B,8287c0030a4a4e8489b6521d,313,2,early,2,28,-1.6169624328613281,-3.0520129203796387,-0.15267610549926758,-1.8411134481430054,-0.03106292150914669,-1.7830463647842407,0.25338685512542725,1.4642863273620605,-1.2108994722366333,1.4350504875183105,1.6884373426437378,0.06354610063135624,0.63
qwen3-4b-notrain,<MODEL_ROOT>/Qwen3-4B,b7ab3f2ecfe2a9e565639f5c,313,4,late,21,28,-1.4063447713851929,-0.17790070176124573,-1.1473305225372314,-0.5394765734672546,-0.038663070648908615,-1.3000744581222534,0.6205901205539703,0.2590142488479614,0.3615758717060089,-1.2284440696239471,-0.6078539490699768,1.8692653365433216,0.85
qwen3-4b-notrain,<MODEL_ROOT>/Qwen3-4B,a710465d9fdbf22164a5b6b4,313,8,mid,14,28,-1.0871132612228394,-0.993399441242218,-0.1858772337436676,-0.5213346481323242,-0.00024929046048782766,-1.274879813194275,0.42917123436927795,0.9012360274791718,-0.4720647931098938,-0.09371381998062134,0.3354574143886566,0.9391731083451305,0.81
qwen3-4b-notrain,<MODEL_ROOT>/Qwen3-4B,720066b23fab6d11a4745bed,442,1,early,8,30,-2.508258819580078,-1.4738433361053467,-1.6474287509918213,-1.2259273529052734,-0.8412584662437439,-1.162954330444336,0.6129140853881836,0.8608300685882568,-0.24791598320007324,-1.0344154834747314,-0.42150139808654785,0.7431972622871399,0.59
qwen3-4b-notrain,<MODEL_ROOT>/Qwen3-4B,4d8ca56e3b4dc029ab7565cb,442,2,late,21,30,-1.6930311918258667,-0.9126283526420593,-0.6656369566917419,-0.6741792559623718,-0.2838660180568695,-0.5406576991081238,0.7889451384544373,1.0273942351341248,-0.2384490966796875,-0.7804028391838074,0.008542299270629883,0.2482493817806244,0.73
qwen3-4b-notrain,<MODEL_ROOT>/Qwen3-4B,fcceca4eee47cd4470c5db0d,442,4,mid,20,30,-1.6031469106674194,-0.7042390704154968,-0.8809894919395447,-1.1567744016647339,-0.009106106124818325,-1.4388536214828491,1.1746927499771118,0.7221574187278748,0.45253533124923706,-0.8989078402519226,0.2757849097251892,1.1539626056328416,0.73
qwen3-4b-notrain,<MODEL_ROOT>/Qwen3-4B,1c5c6833b39be94fd4072766,442,8,early,9,30,-1.9224863052368164,-2.113193988800049,-0.7176933288574219,-1.6312079429626465,-0.07399455457925797,-1.5006418228149414,0.7228069305419922,1.2047929763793945,-0.48198604583740234,0.19070768356323242,0.9135146141052246,0.5131326541304588,0.66
qwen3-4b-notrain,<MODEL_ROOT>/Qwen3-4B,0487a6382d06912f858cb189,803,1,late,38,53,-2.4785447120666504,0.0,-1.3125629425048828,-3.376007225597277e-05,-0.7255212664604187,-0.0005205154302529991,1.1660155296340236,1.1659817695617676,3.376007225597277e-05,-2.4785447120666504,-1.3125291824326268,0.5875284314024611,0.82
qwen3-4b-notrain,<MODEL_ROOT>/Qwen3-4B,9e4e34f183a542c5678bb2d5,803,2,mid,29,53,-1.7604548931121826,-1.5258789289873675e-06,-0.597126305103302,-0.0018123626941815019,-0.14356639981269836,-0.052849579602479935,1.1651394248241331,1.1633285880088806,0.0018108368152525145,-1.7604533672332536,-0.5953139424091205,0.5045971221989021,0.75
qwen3-4b-notrain,<MODEL_ROOT>/Qwen3-4B,daec73172d70d146cf74edf9,803,4,early,16,53,-3.326596260070801,-3.814697265625e-05,-0.9437570571899414,-0.004431534092873335,-0.5305509567260742,-0.011927413754165173,2.3872325900010765,2.3828392028808594,0.004393387120217085,-3.3265581130981445,-0.9393255230970681,0.420701980125159,0.66
qwen3-4b-notrain,<MODEL_ROOT>/Qwen3-4B,802809ccff093c20967a1292,803,8,late,47,53,-2.5934860706329346,-6.771087646484375e-05,-0.03474922105669975,-0.3300630748271942,-0.00022735596576239914,-0.9092043042182922,2.888732213526964,2.558736849576235,0.32999536395072937,-2.5934183597564697,0.29531385377049446,0.6136630944820354,0.99
qwen3-4b-notrain,<MODEL_ROOT>/Qwen3-4B,2170bed7afd383d9ff753db0,1063,1,mid,36,84,-2.62654972076416,-0.036501407623291016,-1.6751439571380615,-0.01531982421875,-1.2813282012939453,-0.03109288215637207,0.9302241802215576,0.9514057636260986,-0.021181583404541016,-2.590048313140869,-1.6598241329193115,0.4095888137817383,1.09
qwen3-4b-notrain,<MODEL_ROOT>/Qwen3-4B,8c634b8a5726f03fe54a0c40,1063,2,early,28,84,-1.4102083444595337,-1.296161413192749,-1.4514354467391968,-1.3762198686599731,-0.3521755337715149,-1.6661076545715332,0.038831353187561035,-0.041227102279663086,0.08005845546722412,-0.11404693126678467,-0.07521557807922363,1.389147698879242,1.01
qwen3-4b-notrain,<MODEL_ROOT>/Qwen3-4B,306d5c29bf259ec557fd5419,1063,4,late,80,84,-1.3283486366271973,-0.11099597811698914,-0.6342787742614746,-0.3875582814216614,-0.23171210289001465,-0.660887598991394,0.9706321656703949,0.6940698623657227,0.27656230330467224,-1.2173526585102081,-0.24672049283981323,0.6758959889411926,1.58
qwen3-4b-notrain,<MODEL_ROOT>/Qwen3-4B,c4097103ddbb961fbcde58d4,1063,8,mid,43,84,-3.1367156505584717,-0.5872638821601868,-0.6003734469413757,-0.5321457386016846,-0.057819914072752,-0.6095089912414551,2.4812240600585938,2.536342203617096,-0.0551181435585022,-2.549451768398285,-0.06822770833969116,0.6199167855083942,1.21
qwen3-4b-notrain,<MODEL_ROOT>/Qwen3-4B,2953f7fa95babd9e3c1dba4e,20,1,early,17,90,-0.10650181770324707,-1.0175257921218872,-0.31859445571899414,-1.006625771522522,-0.4738657474517822,-0.5489800572395325,-0.2229926586151123,-0.21209263801574707,-0.010900020599365234,0.9110239744186401,0.6880313158035278,-0.6129170060157776,0.84
qwen3-4b-notrain,<MODEL_ROOT>/Qwen3-4B,a001216ec311ab28b1c782a6,20,2,late,71,90,-1.2718828916549683,-0.002509858924895525,-0.667739748954773,-0.0076281228102743626,-0.30666351318359375,-0.01663970947265625,0.6092614065855742,0.6041431427001953,0.005118263885378838,-1.2693730327300727,-0.6601116261444986,0.3700878224335611,1.43
qwen3-4b-notrain,<MODEL_ROOT>/Qwen3-4B,7d4ab15a4c3c559e63065db2,20,4,mid,45,90,-3.837209939956665,-3.0517578125e-05,-0.9129770398139954,-0.0162811279296875,-0.04340171813964844,-0.4795077443122864,2.940483510494232,2.9242329001426697,0.0162506103515625,-3.83717942237854,-0.8966959118843079,1.3328019380569458,1.16
qwen3-4b-notrain,<MODEL_ROOT>/Qwen3-4B,874d8579757275bfd450edd7,20,8,early,30,90,-2.8463644981384277,-0.5066705942153931,-0.09560871124267578,-0.9654752612113953,-0.0038580894470214844,-1.3744621276855469,3.209560453891754,2.750755786895752,0.4588046669960022,-2.3396939039230347,0.8698665499687195,0.5007374882698059,1.03
qwen3-4b-notrain,<MODEL_ROOT>/Qwen3-4B,51bf4a2d7e2e3df70bb7bec4,332,1,late,36,46,-1.4426730871200562,-0.6713632941246033,-0.477705180644989,-0.6781186461448669,-0.11055326461791992,-0.6995242238044739,0.9717232584953308,0.9649679064750671,0.006755352020263672,-0.7713097929954529,0.20041346549987793,0.388557493686676,1.07
qwen3-4b-notrain,<MODEL_ROOT>/Qwen3-4B,5724f4957ac48e0b498de328,332,2,mid,26,46,-2.1978695392608643,-0.0008527755853720009,-0.6811901926994324,-0.010500145144760609,-0.3484840393066406,-0.05488395690917969,1.5263267161208205,1.5166793465614319,0.009647369559388608,-2.1970167636754923,-0.6706900475546718,0.3770899651572108,0.97
qwen3-4b-notrain,<MODEL_ROOT>/Qwen3-4B,75780dc10c32555bbd73243e,332,4,early,9,46,-2.381417751312256,-1.0699132680892944,-0.6176433563232422,-1.0768145322799683,-0.16824913024902344,-1.0496900081634521,1.7706756591796875,1.7637743949890137,0.006901264190673828,-1.3115044832229614,0.4591711759567261,0.42226970195770264,0.8
qwen3-4b-notrain,<MODEL_ROOT>/Qwen3-4B,3eea09cf6119b36668863b4f,332,8,late,42,46,-0.955309271812439,-2.2284717559814453,-0.06206194683909416,-2.3085436820983887,-0.0006202062359079719,-3.0020668506622314,0.9733192510902882,0.8932473249733448,0.08007192611694336,1.2731624841690063,2.2464817352592945,0.754964909167029,1.23
qwen3-4b-notrain,<MODEL_ROOT>/Qwen3-4B,1596d6a6987701aadc7be7e8,282,1,mid,9,14,-1.8276044130325317,-2.6226043701171875e-06,-0.6046171188354492,-2.205371856689453e-05,-0.384956955909729,-0.0005612373352050781,1.2230067253112793,1.2229872941970825,1.9431114196777344e-05,-1.8276017904281616,-0.6045950651168823,0.2201993465423584,0.62
qwen3-4b-notrain,<MODEL_ROOT>/Qwen3-4B,3de996dce905d2402c88824f,282,2,early,4,14,-6.201215744018555,-4.323323992139194e-06,-1.5166146755218506,-0.0002910614130087197,-0.05925107002258301,-0.0809553861618042,4.684887806585721,4.684601068496704,0.0002867380890165805,-6.2012114206945625,-1.5163236141088419,1.538027930248063,0.58
qwen3-4b-notrain,<MODEL_ROOT>/Qwen3-4B,4089c74129e54f7a333d9f27,282,4,late,13,14,-1.6983482837677002,-0.6254987120628357,-0.6437364816665649,-0.42855292558670044,-0.033825039863586426,-0.35898125171661377,0.857666015625,1.0546118021011353,-0.19694578647613525,-1.0728495717048645,-0.2151835560798645,0.5403397679328918,0.71
qwen3-4b-notrain,<MODEL_ROOT>/Qwen3-4B,08d33fee3a7b5c24a13af17e,282,8,mid,9,14,-3.6800734996795654,-2.6226043701171875e-06,-0.33579733967781067,-0.6006995439529419,-0.005957739893347025,-0.8492873907089233,3.9449730813503265,3.3442761600017548,0.6006969213485718,-3.6800708770751953,0.2649022042751312,0.5784274465404451,0.69
qwen3-4b-notrain,<MODEL_ROOT>/Qwen3-4B,7c62b86962db49ff959024bd,372,1,early,4,12,-2.037292957305908,0.0,-1.2084178924560547,-8.808483107713982e-05,-0.5348776578903198,-0.0039574019610881805,0.8289631496809307,0.8288750648498535,8.808483107713982e-05,-2.037292957305908,-1.2083298076249775,0.6774095516957459,0.5
qwen3-4b-notrain,<MODEL_ROOT>/Qwen3-4B,30900aecc158203beb3146ef,372,2,late,9,12,-2.7520411014556885,-0.0014283922500908375,-0.5734357833862305,-0.020051533356308937,-0.13349799811840057,-0.06462182104587555,2.197228459175676,2.178605318069458,0.0186231411062181,-2.7506127092055976,-0.5533842500299215,0.4845080729573965,0.56
qwen3-4b-notrain,<MODEL_ROOT>/Qwen3-4B,a338e9556f3a175d7712417d,372,4,mid,6,12,-1.4987497329711914,-2.9241414070129395,-0.9217860102653503,-2.8156683444976807,-0.2859947085380554,-2.6789894104003906,0.4684906601905823,0.5769637227058411,-0.10847306251525879,1.425391674041748,1.8938823342323303,0.4991123676300049,0.55
qwen3-4b-notrain,<MODEL_ROOT>/Qwen3-4B,08b87e14581fb4957897d55c,372,8,late,9,12,-5.8680009841918945,-0.0014283922500908375,-0.5685298442840576,-0.07969029992818832,-0.008530616760253906,-0.44381651282310486,5.377733047585934,5.299471139907837,0.07826190767809749,-5.866572591941804,-0.4888395443558693,0.9241254404187202,0.62
qwen3-4b-notrain,<MODEL_ROOT>/Qwen3-4B,3792e641f43277a5ddfc1283,337,1,early,21,81,-2.3402750492095947,-0.3638420104980469,-1.9654104709625244,-0.2293529510498047,-1.5769007205963135,-0.1021580696105957,0.24037551879882812,0.3748645782470703,-0.1344890594482422,-1.9764330387115479,-1.7360575199127197,0.26131486892700195,0.88
qwen3-4b-notrain,<MODEL_ROOT>/Qwen3-4B,22064c359e308e482d7c4729,337,2,mid,47,81,-3.1477348804473877,-0.013639132492244244,-1.168290138244629,-0.03498490899801254,-0.39743971824645996,-0.07132785022258759,2.000790518708527,1.9794447422027588,0.0213457765057683,-3.1340957479551435,-1.1333052292466164,0.807193361222744,1.22
qwen3-4b-notrain,<MODEL_ROOT>/Qwen3-4B,a713d08dcbcf69dbbce00769,337,4,early,8,81,-3.3139894008636475,-8.477105097881577e-07,-1.2440226078033447,-0.00018416511011309922,-0.46467000246047974,-0.09954050183296204,2.070150110459906,2.0699667930603027,0.00018331739960331106,-3.3139885531531377,-1.2438384426932316,0.8787089420657139,0.77
qwen3-4b-notrain,<MODEL_ROOT>/Qwen3-4B,99c3b8315e330c11103adaf3,337,8,late,58,81,-1.6772403717041016,-0.7802295684814453,-0.2801907956600189,-1.1243048906326294,-0.08595529943704605,-1.5640119314193726,1.7411248981952667,1.3970495760440826,0.3440753221511841,-0.8970108032226562,0.8441140949726105,0.633942537009716,1.46
qwen3-4b-notrain,<MODEL_ROOT>/Qwen3-4B,953981154f6c9b83a52363fe,550,1,mid,38,83,-1.410282850265503,-0.0065670013427734375,-0.8413271903991699,-0.059792086482048035,-0.5214780569076538,-0.056012243032455444,0.6221807450056076,0.568955659866333,0.0532250851392746,-1.4037158489227295,-0.7815351039171219,0.3160692900419235,1.09
qwen3-4b-notrain,<MODEL_ROOT>/Qwen3-4B,0a86a3fa1a1ff8633e5bfdfd,550,2,early,11,83,-2.1649346351623535,-1.931549072265625,-0.8782302141189575,-1.9601154327392578,-0.23540376126766205,-1.8591408729553223,1.3152707815170288,1.286704421043396,0.028566360473632812,-0.23338556289672852,1.0818852186203003,0.5418518930673599,0.81
qwen3-4b-notrain,<MODEL_ROOT>/Qwen3-4B,a4cb8657a5d9f8671aa6ce79,550,4,late,64,83,-1.0377061367034912,-1.1098202466964722,-0.45343929529190063,-1.2676817178726196,-0.03768327459692955,-1.393286108970642,0.742128312587738,0.5842668414115906,0.15786147117614746,0.07211410999298096,0.814242422580719,0.5413604117929935,1.39
qwen3-4b-notrain,<MODEL_ROOT>/Qwen3-4B,a8400cc2110152cd600a9eaf,550,8,mid,44,83,-2.8669259548187256,-0.0013755162945017219,-0.24422240257263184,-0.1819901466369629,-0.017391681671142578,-0.39220699667930603,2.803318182588555,2.6227035522460938,0.18061463034246117,-2.865550438524224,-0.062232255935668945,0.4370475709438324,1.22
qwen3-4b-notrain,<MODEL_ROOT>/Qwen3-4B,8d2cea81d54ba16f6e06c8db,522,1,early,5,29,-4.155925750732422,-0.5982622504234314,-2.1084628105163574,-0.3939356207847595,-0.8390459418296814,-0.41674262285232544,1.8431363105773926,2.0474629402160645,-0.20432662963867188,-3.5576635003089905,-1.714527189731598,1.292223870754242,0.51
qwen3-4b-notrain,<MODEL_ROOT>/Qwen3-4B,d28bc68019e4365133699c3a,522,2,late,26,29,-1.2778549194335938,-5.154427528381348,-0.7581528425216675,-3.910271167755127,-0.4435083568096161,-2.1067728996276855,-0.7244542837142944,0.5197020769119263,-1.2441563606262207,3.876572608947754,3.1521183252334595,-1.48885378241539,0.7
qwen3-4b-notrain,<MODEL_ROOT>/Qwen3-4B,e5801a7d9bdfc1eb539fd461,522,4,mid,13,29,-4.429313659667969,-4.035633087158203,-2.7930686473846436,-3.833244562149048,-0.7100837826728821,-4.070660591125488,1.43385648727417,1.6362450122833252,-0.20238852500915527,-0.3936805725097656,1.0401759147644043,2.320400893688202,0.6
qwen3-4b-notrain,<MODEL_ROOT>/Qwen3-4B,eea0713f659145877f729726,522,8,early,8,29,-3.1819493770599365,-0.062184907495975494,-0.07853102684020996,-2.9603824615478516,-0.038066864013671875,-3.121847152709961,6.001615904271603,3.1034183502197266,2.898197554051876,-3.119764469563961,2.8818514347076416,0.20192885398864746,0.61
qwen3-4b-notrain,<MODEL_ROOT>/Qwen3-4B,adc0ea97cfc982846ab95e7a,237,1,late,55,58,-1.6979068517684937,-0.8032941222190857,-0.46085676550865173,-0.7730780839920044,-0.25395044684410095,-0.7682950496673584,1.2068340480327606,1.237050086259842,-0.0302160382270813,-0.894612729549408,0.31222131848335266,0.20212328433990479,1.19
qwen3-4b-notrain,<MODEL_ROOT>/Qwen3-4B,c24b27a1fd529cfdb1d02449,237,2,mid,34,58,-2.3158857822418213,-0.0688178539276123,-0.9465591311454773,-0.11979985237121582,-0.13937167823314667,-0.20986509323120117,1.4203086495399475,1.369326651096344,0.050981998443603516,-2.247067928314209,-0.8267592787742615,0.897252693772316,0.96
qwen3-4b-notrain,<MODEL_ROOT>/Qwen3-4B,bd877b1f19fe8896c152711c,237,4,early,6,58,-1.1499018669128418,-0.09650010615587234,-0.30870941281318665,-0.305745929479599,-0.04122094437479973,-0.49772411584854126,1.0504382774233818,0.8411924540996552,0.20924582332372665,-1.0534017607569695,-0.0029634833335876465,0.4594666548073292,0.68
qwen3-4b-notrain,<MODEL_ROOT>/Qwen3-4B,0c442d36ec68bb4b86edd337,237,8,late,52,58,-1.759734034538269,-1.2326297760009766,-0.0648103877902031,-1.24181067943573,-0.0016724513843655586,-1.4303791522979736,1.7041045501828194,1.694923646748066,0.009180903434753418,-0.5271042585372925,1.1770002916455269,0.2517064092680812,1.23
qwen3-4b-notrain,<MODEL_ROOT>/Qwen3-4B,199aa2a79bf2115730addd43,782,1,mid,27,60,-0.9019447565078735,-1.1564981937408447,-0.5082294940948486,-1.073851227760315,-0.2515422999858856,-1.2387794256210327,0.3110682964324951,0.3937152624130249,-0.08264696598052979,0.2545534372329712,0.5656217336654663,0.4216153919696808,0.81
qwen3-4b-notrain,<MODEL_ROOT>/Qwen3-4B,75bbd8700f298a26d328514f,782,2,early,11,60,-2.781101942062378,-1.0649728775024414,-0.695330798625946,-1.5640449523925781,-0.2585122287273407,-1.5653504133224487,2.5848432183265686,2.085771143436432,0.4990720748901367,-1.7161290645599365,0.8687141537666321,0.43812403082847595,0.65
qwen3-4b-notrain,<MODEL_ROOT>/Qwen3-4B,2dde787e748458c83df4b4ff,782,4,late,42,60,-2.5912511348724365,-0.00016621181566733867,-0.6780128479003906,-0.003516333643347025,-0.05274978280067444,-0.27217036485671997,1.9165884087997256,1.913238286972046,0.0033501218276796862,-2.591084923056769,-0.6744965142570436,0.8939170963130891,1.0
qwen3-4b-notrain,<MODEL_ROOT>/Qwen3-4B,3aa6948389eac679c5e4b6fa,782,8,mid,39,60,-1.3086888790130615,-0.16783201694488525,-0.2596729099750519,-0.7452324032783508,-0.0027581730391830206,-1.1085306406021118,1.6264163553714752,1.0490159690380096,0.5774003863334656,-1.1408568620681763,0.48555949330329895,0.6202129742596298,1.02
qwen3-4b-notrain,<MODEL_ROOT>/Qwen3-4B,194c98cf3bd7d516a7b3010e,216,1,early,14,70,-3.0644330978393555,-0.000263214111328125,-1.04694664478302,-0.0034467908553779125,-0.8183515667915344,-0.0116424560546875,2.0206700298003852,2.0174864530563354,0.0031835767440497875,-3.0641698837280273,-1.043499853927642,0.23679074319079518,0.9
qwen3-4b-notrain,<MODEL_ROOT>/Qwen3-4B,a960b4b599ba4c17736d86f3,216,2,late,65,70,-0.7585680484771729,-1.4035377502441406,-0.310647189617157,-1.615182876586914,-0.03590146079659462,-2.0749387741088867,0.6595659852027893,0.44792085886001587,0.21164512634277344,0.6449697017669678,1.304535686969757,0.734501626342535,1.48
qwen3-4b-notrain,<MODEL_ROOT>/Qwen3-4B,7a6a2b4f55ea9415823a1843,216,4,mid,44,70,-1.12489914894104,-0.8376714587211609,-0.031127188354730606,-0.9900473356246948,-0.00034205117844976485,-1.763898253440857,1.2461478374898434,1.0937719605863094,0.15237587690353394,-0.28722769021987915,0.9589201472699642,0.804636054992443,1.25
qwen3-4b-notrain,<MODEL_ROOT>/Qwen3-4B,e95f10b7df64c1263a81cbca,216,8,early,8,70,-2.994645118713379,-2.1207878589630127,-0.41936153173446655,-1.9590290784835815,-0.029501808807253838,-2.28240966796875,2.413524806499481,2.5752835869789124,-0.16175878047943115,-0.8738572597503662,1.539667546749115,0.7132403124123812,0.91
qwen3-4b-notrain,<MODEL_ROOT>/Qwen3-4B,ac765161f8ebf5bf22d78dd0,707,1,late,80,83,-0.9176456928253174,-0.9191314578056335,-0.4088256359100342,-0.8458231091499329,-0.13813543319702148,-0.8731495141983032,0.4355117082595825,0.5088200569152832,-0.07330834865570068,0.0014857649803161621,0.4369974732398987,0.29801660776138306,1.47
qwen3-4b-notrain,<MODEL_ROOT>/Qwen3-4B,dc6a719262401c44f5426c33,707,2,mid,34,83,-1.5126960277557373,-1.3702112436294556,-0.5762462615966797,-1.7792593240737915,-0.020007848739624023,-1.91974937915802,1.3454978466033936,0.9364497661590576,0.40904808044433594,-0.14248478412628174,1.2030130624771118,0.6967284679412842,0.97
qwen3-4b-notrain,<MODEL_ROOT>/Qwen3-4B,0e57774d036f2b7904d89a57,707,4,early,19,83,-3.7982842922210693,-1.5598115921020508,-1.2725369930267334,-0.6203365325927734,-0.46064144372940063,-0.5058443546295166,1.5862722396850586,2.525747299194336,-0.9394750595092773,-2.2384727001190186,-0.65220046043396,0.6974033713340759,0.84
qwen3-4b-notrain,<MODEL_ROOT>/Qwen3-4B,31c8798b5b8c96ad8d9114da,707,8,late,65,83,-5.1940693855285645,-2.722306817304343e-05,-0.44469135999679565,-0.015104814432561398,-0.0007712046499364078,-0.8755982518196106,4.764455616896157,4.749378025531769,0.015077591364388354,-5.194042162460391,-0.42958654556423426,1.3044135927339084,1.38
qwen3-4b-notrain,<MODEL_ROOT>/Qwen3-4B,c0f66150ce29966d27684f3b,42,1,mid,33,56,-2.535945415496826,-1.336564540863037,-1.744526743888855,-1.512446403503418,-0.7398512363433838,-1.4109578132629395,0.967300534248352,0.7914186716079712,0.17588186264038086,-1.199380874633789,-0.232080340385437,0.9031869173049927,1.09
qwen3-4b-notrain,<MODEL_ROOT>/Qwen3-4B,732ea0864b20214e3762440f,42,2,early,13,56,-1.2465444803237915,-1.7251625061035156,-0.7803804278373718,-1.6982046365737915,-0.5702109336853027,-1.7207682132720947,0.43920618295669556,0.4661640524864197,-0.02695786952972412,0.4786180257797241,0.9178242087364197,0.23273307085037231,0.86
qwen3-4b-notrain,<MODEL_ROOT>/Qwen3-4B,e4fb25dc9f939fe13d347902,42,4,late,39,56,-2.229201316833496,-1.2075294256210327,-0.1648760885000229,-1.7616329193115234,-0.00703387800604105,-3.085212469100952,2.618428722023964,2.064325228333473,0.5541034936904907,-1.0216718912124634,1.5967568308115005,1.4814217602834105,1.19
qwen3-4b-notrain,<MODEL_ROOT>/Qwen3-4B,ab590a88c25ee467546c2d8f,42,8,mid,36,56,-2.44796085357666,-0.00030835470533929765,-0.22536496818065643,-0.12034521996974945,-0.0009256090852431953,-0.6925271153450012,2.342632750660414,2.2225958853960037,0.12003686526441015,-2.447652498871321,-0.10501974821090698,0.796621254470665,1.22
qwen3-4b-notrain,<MODEL_ROOT>/Qwen3-4B,6d4612b69b35f424679d6e12,598,1,early,3,21,-4.81015157699585,-1.3105701208114624,-1.4905455112457275,-0.8557854294776917,-0.5651049613952637,-1.0083751678466797,2.8648213744163513,3.319606065750122,-0.45478469133377075,-3.499581456184387,-0.6347600817680359,1.078030288219452,0.85
qwen3-4b-notrain,<MODEL_ROOT>/Qwen3-4B,6803044e75bdb0db6605a0eb,598,2,late,20,21,-2.1096808910369873,-1.901503086090088,-1.0366246700286865,-1.976210594177246,-0.028764724731445312,-2.526182174682617,1.147763729095459,1.0730562210083008,0.0747075080871582,-0.20817780494689941,0.9395859241485596,1.5578315258026123,1.06
qwen3-4b-notrain,<MODEL_ROOT>/Qwen3-4B,ca56d8a31b5739f66cf1cb6c,598,4,mid,11,21,-2.309356927871704,-2.414015769958496,-0.3126654624938965,-2.762514352798462,-0.0017538070678710938,-3.0839803218841553,2.3451900482177734,1.9966914653778076,0.3484985828399658,0.10465884208679199,2.4498488903045654,0.6323776245117188,0.97
qwen3-4b-notrain,<MODEL_ROOT>/Qwen3-4B,c45c798b4a8d9a897503beb9,598,8,late,15,21,-1.664672613143921,-1.3509267568588257,-0.062103271484375,-1.3596009016036987,-8.96453857421875e-05,-2.0031092166900635,1.611243486404419,1.602569341659546,0.008674144744873047,-0.3137458562850952,1.2974976301193237,0.7055219411849976,1.07
qwen3-4b-notrain,<MODEL_ROOT>/Qwen3-4B,81ab330d13cb712cde2dfa2c,198,1,early,18,58,-2.620590925216675,-3.078641653060913,-0.3056800365447998,-2.9370481967926025,-0.22957634925842285,-3.40421462059021,2.1733174324035645,2.314910888671875,-0.14159345626831055,0.4580507278442383,2.6313681602478027,0.5432701110839844,0.73
qwen3-4b-notrain,<MODEL_ROOT>/Qwen3-4B,0003d87fcaa534cab5768452,198,2,mid,30,58,-0.8944789171218872,-0.6564086079597473,-0.26292186975479126,-0.6908833980560303,-0.14926253259181976,-0.7908614277839661,0.6660318374633789,0.631557047367096,0.03447479009628296,-0.2380703091621399,0.427961528301239,0.2136373668909073,0.86
qwen3-4b-notrain,<MODEL_ROOT>/Qwen3-4B,620202d455a747b7d61043e6,198,4,early,5,58,-2.9730467796325684,-2.530123233795166,-0.2545405626296997,-2.3827250003814697,-0.027695126831531525,-2.433713674545288,2.5711079835891724,2.7185062170028687,-0.1473982334136963,-0.44292354583740234,2.12818443775177,0.27783410996198654,0.63
qwen3-4b-notrain,<MODEL_ROOT>/Qwen3-4B,0fba98b1437c0ada8647ba30,198,8,late,42,58,-1.6563177108764648,-1.7583534717559814,-0.019796181470155716,-1.7229628562927246,-0.00030765534029342234,-2.8760135173797607,1.6011309139430523,1.6365215294063091,-0.035390615463256836,0.1020357608795166,1.703166674822569,1.1725391872168984,1.06
qwen3-4b-notrain,<MODEL_ROOT>/Qwen3-4B,be63b8c8b839a918e81eff68,472,1,mid,29,61,-1.0560652017593384,-2.594958543777466,-0.6053657531738281,-2.4668829441070557,-0.19225545227527618,-2.5030899047851562,0.3226238489151001,0.45069944858551025,-0.12807559967041016,1.5388933420181274,1.8615171909332275,0.4493172615766525,1.14
qwen3-4b-notrain,<MODEL_ROOT>/Qwen3-4B,8dd1b1ead52e9b8caabb323c,472,2,early,13,61,-4.022522926330566,-2.729559898376465,-1.685786485671997,-2.6827545166015625,-0.2320873737335205,-2.6698951721191406,2.289931058883667,2.3367364406585693,-0.046805381774902344,-1.2929630279541016,0.9969680309295654,1.4408397674560547,0.98
qwen3-4b-notrain,<MODEL_ROOT>/Qwen3-4B,948e679476ad705e1e1ec981,472,4,late,45,61,-2.021972417831421,-2.4404821395874023,-0.15537910163402557,-1.4819384813308716,-0.0021389008034020662,-1.6457594633102417,0.9080496579408646,1.8665933161973953,-0.9585436582565308,0.41850972175598145,1.326559379696846,0.3170611828099936,1.37
qwen3-4b-notrain,<MODEL_ROOT>/Qwen3-4B,71403ea13aaf79dcc3fc008a,472,8,mid,37,61,-1.78570556640625,-2.2206013202667236,-0.152001291513443,-2.3845455646514893,-0.0037482869811356068,-2.644324541091919,1.7976485192775726,1.633704274892807,0.16394424438476562,0.43489575386047363,2.2325442731380463,0.4080319809727371,1.32
qwen3-4b-notrain,<MODEL_ROOT>/Qwen3-4B,5edf3da8a29bf7d65eb286ea,967,1,early,14,47,-2.566876173019409,-1.7006587982177734,-1.5554615259170532,-1.8063796758651733,-0.2412433624267578,-1.8207296133041382,1.1171355247497559,1.011414647102356,0.1057208776473999,-0.8662173748016357,0.2509181499481201,1.3285681009292603,0.75
qwen3-4b-notrain,<MODEL_ROOT>/Qwen3-4B,ec4af121670d19af952419cc,967,2,late,38,47,-1.9782618284225464,-1.5500669479370117,-0.8623461723327637,-1.2429322004318237,-0.044497232884168625,-1.411397933959961,0.8087809085845947,1.1159156560897827,-0.307134747505188,-0.42819488048553467,0.38058602809906006,0.9863146729767323,1.0
qwen3-4b-notrain,<MODEL_ROOT>/Qwen3-4B,ad3726977bd3d7f25417a87d,967,4,mid,19,47,-2.824336290359497,-0.5073469877243042,-0.43807685375213623,-0.5103116035461426,-0.0012836456298828125,-1.103774905204773,2.389224052429199,2.386259436607361,0.002964615821838379,-2.316989302635193,0.07223474979400635,1.0302565097808838,0.86
qwen3-4b-notrain,<MODEL_ROOT>/Qwen3-4B,4ca6095e0ac60c2f1e9eccec,967,8,early,16,47,-1.3602262735366821,-1.3808279037475586,-0.057917702943086624,-1.3980814218521118,-4.9591064453125e-05,-1.8714969158172607,1.3195620886981487,1.3023085705935955,0.017253518104553223,0.020601630210876465,1.3401637189090252,0.5312836058437824,0.83
qwen3-4b-notrain,<MODEL_ROOT>/Qwen3-4B,56b57df1a16ef227d401e3b0,437,1,late,36,43,-1.6729291677474976,-2.6373658180236816,-0.9964150190353394,-2.6615729331970215,-0.32332950830459595,-2.4787445068359375,0.700721263885498,0.6765141487121582,0.024207115173339844,0.9644366502761841,1.6651579141616821,0.4902570843696594,0.92
qwen3-4b-notrain,<MODEL_ROOT>/Qwen3-4B,79b09b6d74cedc6e63b89be4,437,2,mid,18,43,-1.4677598476409912,-0.20918306708335876,-0.3799985349178314,-0.6969388723373413,-0.02238750457763672,-0.9689410924911499,1.5755171179771423,1.0877613127231598,0.48775580525398254,-1.2585767805576324,0.3169403374195099,0.6296132504940033,0.73
qwen3-4b-notrain,<MODEL_ROOT>/Qwen3-4B,af210277fd8369fc36aef084,437,4,early,6,43,-2.2164485454559326,-1.0724053382873535,-0.1733432412147522,-1.412994146347046,-0.0011450449237599969,-2.8623616695404053,2.383694112300873,2.0431053042411804,0.3405888080596924,-1.144043207168579,1.2396509051322937,1.6215657194843516,0.61
qwen3-4b-notrain,<MODEL_ROOT>/Qwen3-4B,d55d9a1dcd9e7ad3a9b881e5,437,8,late,35,43,-0.6328064203262329,-2.8519318103790283,-0.02378237247467041,-2.5776970386505127,-0.0001590251922607422,-2.3943064212799072,0.3347892761230469,0.6090240478515625,-0.2742347717285156,2.2191253900527954,2.5539146661758423,-0.1597672700881958,1.02
qwen3-4b-notrain,<MODEL_ROOT>/Qwen3-4B,d29c6383af19f9fb239b2a22,1106,1,mid,43,79,-0.6755353808403015,-0.0573706217110157,-0.1937122344970703,-0.17621839046478271,-0.1680639535188675,-0.15573935210704803,0.6006709150969982,0.4818231463432312,0.11884776875376701,-0.6181647591292858,-0.017493844032287598,0.00516924262046814,1.01
qwen3-4b-notrain,<MODEL_ROOT>/Qwen3-4B,95e7949ff510d93443a8ccaa,1106,2,early,5,79,-5.400586128234863,-1.148471474647522,-0.8209815621376038,-1.1698334217071533,-0.04063161090016365,-1.279732346534729,4.600966513156891,4.5796045660972595,0.021361947059631348,-4.252114653587341,0.34885185956954956,0.8902488760650158,0.63
qwen3-4b-notrain,<MODEL_ROOT>/Qwen3-4B,02cc6a1981322cc91840be49,1106,4,late,74,79,-1.4373209476470947,-0.635772705078125,-0.10651525110006332,-0.40256813168525696,-0.0018579695606604218,-0.9043494462966919,1.0976011231541634,1.3308056965470314,-0.23320457339286804,-0.8015482425689697,0.29605288058519363,0.6064385961508378,1.37
qwen3-4b-notrain,<MODEL_ROOT>/Qwen3-4B,790a94a1bdc241776cf533fb,1106,8,mid,27,79,-2.486915349960327,-9.5367431640625e-05,-0.5812175273895264,-0.19764447212219238,-0.007900585420429707,-0.7879085540771484,2.1032469272613525,1.9056978225708008,0.19754910469055176,-2.4868199825286865,-0.383573055267334,1.1635810239240527,0.91
qwen3-4b-notrain,<MODEL_ROOT>/Qwen3-4B,0a5996fa718155669218cf68,126,1,early,21,65,-2.7993645668029785,-0.0004943500971421599,-1.1483337879180908,-0.0013713836669921875,-0.6414188742637634,-0.0112457275390625,1.6519078124547377,1.6510307788848877,0.0008770335698500276,-2.7988702167058364,-1.1469624042510986,0.5167892575263977,0.81
qwen3-4b-notrain,<MODEL_ROOT>/Qwen3-4B,a400e3562615cb47562d3cfa,126,2,late,51,65,-2.2725167274475098,-8.900960892788135e-06,-1.1533124446868896,-0.0028464000206440687,-0.44393813610076904,-0.017604192718863487,1.1220417818203714,1.1192042827606201,0.0028374990597512806,-2.272507826486617,-1.1504660446662456,0.72413210128434,1.17
qwen3-4b-notrain,<MODEL_ROOT>/Qwen3-4B,92d2666026c462e1ea827762,126,4,mid,43,65,-0.9161289930343628,-1.8546786308288574,-0.3288482427597046,-1.057566523551941,-0.009431100450456142,-1.1971346139907837,-0.2098313570022583,0.5872807502746582,-0.7971121072769165,0.9385496377944946,0.7287182807922363,0.4589852327480912,1.13
qwen3-4b-notrain,<MODEL_ROOT>/Qwen3-4B,2b9ff6c50db9981313adffdb,126,8,early,9,65,-1.5151664018630981,-0.1966821551322937,-0.0146644813939929,-0.5635029077529907,-0.0029643564485013485,-0.8385084867477417,1.8673226730898023,1.5005019204691052,0.366820752620697,-1.3184842467308044,0.5488384263589978,0.28670570394024253,0.78
qwen3-4b-notrain,<MODEL_ROOT>/Qwen3-4B,05acf5d8e132c3797ca66000,403,1,late,15,19,-3.5969958305358887,-0.3097720146179199,-1.894744634628296,-0.3478505611419678,-0.9645950794219971,-0.2770960330963135,1.7403297424316406,1.7022511959075928,0.03807854652404785,-3.2872238159179688,-1.5468940734863281,0.8593950271606445,0.7
qwen3-4b-notrain,<MODEL_ROOT>/Qwen3-4B,88865ab701ffef2d78147d4f,403,2,mid,7,19,-1.1995290517807007,-0.4270900785923004,-0.2927378714084625,-0.5198165774345398,-0.017560111358761787,-0.8344066739082336,0.9995176792144775,0.9067911803722382,0.09272649884223938,-0.7724389731884003,0.22707870602607727,0.5897678565233946,0.63
qwen3-4b-notrain,<MODEL_ROOT>/Qwen3-4B,05267bf98e75e6f1eec27c7b,403,4,early,5,19,-3.286302328109741,-1.207759141921997,-0.8182313442230225,-0.7965195178985596,-0.10805920511484146,-0.5799229145050049,2.0568313598632812,2.4680709838867188,-0.4112396240234375,-2.078543186187744,-0.02171182632446289,0.4935755357146263,0.63
qwen3-4b-notrain,<MODEL_ROOT>/Qwen3-4B,dc87b8d38be16a01cc7800b1,403,8,late,16,19,-7.802529811859131,-0.900568962097168,-0.16318702697753906,-1.2447082996368408,-0.0017390251159667969,-1.9734628200531006,7.983482122421265,7.639342784881592,0.34413933753967285,-6.901960849761963,1.0815212726593018,0.890202522277832,0.77
qwen3-4b-notrain,<MODEL_ROOT>/Qwen3-4B,ff1d61ebce22dde40543c83e,539,1,mid,40,72,-0.8262186050415039,-0.8586524724960327,-0.3277355134487152,-0.8236529231071472,-0.12538491189479828,-0.6643942594528198,0.4634835422039032,0.4984830915927887,-0.0349995493888855,0.03243386745452881,0.495917409658432,0.04309193789958954,1.45
qwen3-4b-notrain,<MODEL_ROOT>/Qwen3-4B,77d1dafbb520fe1aef8c3539,539,2,early,3,72,-6.699758052825928,-0.0004890441778115928,-2.2994697093963623,-0.14072361588478088,-0.3919903635978699,-0.27257806062698364,4.540522915136535,4.400288343429565,0.1402345717069693,-6.699269008648116,-2.1587460935115814,2.039333790540695,1.04
qwen3-4b-notrain,<MODEL_ROOT>/Qwen3-4B,7fa97d9bc60f6d994bb1ca2e,539,4,late,52,72,-1.516400694847107,-1.199105143547058,-0.2675730884075165,-0.7904654741287231,-0.010820389725267887,-1.11832857131958,0.8401879370212555,1.2488276064395905,-0.40863966941833496,-0.31729555130004883,0.5228923857212067,0.5846157958731055,1.62
qwen3-4b-notrain,<MODEL_ROOT>/Qwen3-4B,9f5b132dadc6f921ee259d89,539,8,mid,25,72,-0.8608002662658691,-1.486792802810669,-0.23850496113300323,-1.372639775276184,-0.015746116638183594,-1.4443293809890747,0.508142277598381,0.6222953051328659,-0.11415302753448486,0.6259925365447998,1.1341348141431808,0.29444845020771027,1.36
qwen3-4b-notrain,<MODEL_ROOT>/Qwen3-4B,da0b6fa428b7c661ae43f869,1046,1,early,10,83,-2.2755513191223145,-1.2217799425125122,-0.6832256317138672,-1.1377999782562256,-0.32394516468048096,-1.042795181274414,1.5083457231521606,1.5923256874084473,-0.08397996425628662,-1.0537713766098022,0.4545743465423584,0.2642756700515747,0.95
qwen3-4b-notrain,<MODEL_ROOT>/Qwen3-4B,7c504a61950c891a2c9a149d,1046,2,late,78,83,-0.9092667698860168,-1.3656060695648193,-0.385021835565567,-1.7561242580413818,-0.04393164440989494,-2.0018982887268066,0.9147631227970123,0.5242449343204498,0.3905181884765625,0.4563392996788025,1.3711024224758148,0.5868642218410969,1.75
qwen3-4b-notrain,<MODEL_ROOT>/Qwen3-4B,8d44fe62696a2746cb745dfe,1046,4,mid,43,83,-1.7818821668624878,-0.7904971241950989,-0.3287228047847748,-0.7802034616470337,-0.004631360527127981,-1.0866628885269165,1.4428656995296478,1.453159362077713,-0.010293662548065186,-0.9913850426673889,0.4514806568622589,0.6305508711375296,1.34
qwen3-4b-notrain,<MODEL_ROOT>/Qwen3-4B,1181bf8ba0b6e20b5fc86e05,1046,8,early,15,83,-5.646584987640381,-0.7562804222106934,-0.1209723949432373,-1.657505989074707,-0.00509953498840332,-2.161423921585083,6.426838159561157,5.5256125926971436,0.9012255668640137,-4.8903045654296875,1.5365335941314697,0.61979079246521,1.07
qwen3-4b-notrain,<MODEL_ROOT>/Qwen3-4B,d0b985ff05782095ff678f53,614,1,late,45,62,-0.5353624224662781,-1.5037356615066528,-0.3214450478553772,-1.5109325647354126,-0.11811432987451553,-1.546971082687378,0.22111427783966064,0.21391737461090088,0.007196903228759766,0.9683732390403748,1.1894875168800354,0.239369235932827,0.96
qwen3-4b-notrain,<MODEL_ROOT>/Qwen3-4B,4f7e11c5b0281073d2e85fd3,614,2,mid,30,62,-1.2599081993103027,-0.001178662059828639,-0.6314185261726379,-0.016499757766723633,-0.4142320454120636,-0.010052363388240337,0.6438107688445598,0.6284896731376648,0.015321095706894994,-1.258729537250474,-0.6149187684059143,0.21073908638209105,0.8
qwen3-4b-notrain,<MODEL_ROOT>/Qwen3-4B,20026eff6a296916203bf414,614,4,early,15,62,-1.3199620246887207,-2.149756908416748,-0.5120939016342163,-2.3170483112335205,-0.020753702148795128,-2.600130796432495,0.9751595258712769,0.8078681230545044,0.16729140281677246,0.8297948837280273,1.8049544095993042,0.7744226846843958,0.66
qwen3-4b-notrain,<MODEL_ROOT>/Qwen3-4B,5c1e6fe30cf091f55620091e,614,8,late,43,62,-2.95357084274292,-0.012482325546443462,-0.39365673065185547,-0.40709447860717773,-0.0032167434692382812,-0.4016445577144623,2.9545262651517987,2.5599141120910645,0.39461215306073427,-2.9410885171964765,0.013437747955322266,0.38499006628990173,1.03
qwen3-4b-notrain,<MODEL_ROOT>/Qwen3-4B,51a64691fe397b156df10878,756,1,mid,48,74,-2.136242628097534,-1.6775379180908203,-1.486581563949585,-1.4723091125488281,-0.41774529218673706,-1.6340669393539429,0.44443225860595703,0.6496610641479492,-0.2052288055419922,-0.45870471000671387,-0.014272451400756836,1.2305940985679626,1.14
qwen3-4b-notrain,<MODEL_ROOT>/Qwen3-4B,11238e3a4b02102cc43fb14f,756,2,early,23,74,-1.9741559028625488,-2.0032856464385986,-0.5442661643028259,-1.5092799663543701,-0.01914045587182045,-1.2889803647994995,0.9358840584754944,1.429889738559723,-0.4940056800842285,0.029129743576049805,0.9650138020515442,0.3048261068761349,0.91
qwen3-4b-notrain,<MODEL_ROOT>/Qwen3-4B,7a29b859c3f3715f8526b938,756,4,late,52,74,-1.5497583150863647,-0.009006023406982422,-0.6292842626571655,-0.43007898330688477,-0.013205846771597862,-0.770520806312561,1.3415470123291016,0.9204740524291992,0.42107295989990234,-1.5407522916793823,-0.19920527935028076,0.9565202388912439,1.23
qwen3-4b-notrain,<MODEL_ROOT>/Qwen3-4B,2b5ae2ebebede6bf19658470,756,8,mid,38,74,-4.1439738273620605,-0.00021209717669989914,-1.647195816040039,-0.026650238782167435,-0.016036352142691612,-1.7193806171417236,2.523216152927489,2.4967780113220215,0.026438141605467536,-4.143761730185361,-1.6205455772578716,3.3238898422569036,1.12
qwen3-4b-notrain,<MODEL_ROOT>/Qwen3-4B,6ad15806f6631d7c0b8c1b63,430,1,early,6,37,-3.16690731048584,-0.00848922785371542,-2.3085248470306396,-0.014253425411880016,-0.9274797439575195,-0.015835000202059746,0.8641466610133648,0.8583824634552002,0.0057641975581645966,-3.1584180826321244,-2.2942714216187596,1.3826266778632998,0.65
qwen3-4b-notrain,<MODEL_ROOT>/Qwen3-4B,6e75585ba4b49956dfcd462c,430,2,late,36,37,-1.5654367208480835,-1.9111605882644653,-0.8790403008460999,-1.6892163753509521,-0.018379557877779007,-1.6735460758209229,0.46445220708847046,0.6863964200019836,-0.22194421291351318,0.34572386741638184,0.8101760745048523,0.8449904434382915,0.97
qwen3-4b-notrain,<MODEL_ROOT>/Qwen3-4B,09c47ee286fbb9b2585d89b8,430,4,mid,17,37,-2.062163829803467,-1.52587890625e-05,-0.2626543939113617,-0.06349977105855942,-0.009706323966383934,-0.4463876187801361,1.862993948161602,1.799509435892105,0.06348451226949692,-2.0621485710144043,-0.19915462285280228,0.6358359176665545,0.8
qwen3-4b-notrain,<MODEL_ROOT>/Qwen3-4B,25fed1a6e05fa18497eed5a6,430,8,early,12,37,-4.4527082443237305,-0.0011259078746661544,-0.09097602218389511,-0.22635173797607422,-0.0289981160312891,-0.4412384033203125,4.586958052241243,4.361732222139835,0.22522583010140806,-4.451582336449064,0.1353757157921791,0.2768645714968443,0.8
qwen3-4b-notrain,<MODEL_ROOT>/Qwen3-4B,0617f6552eb6b49fedd280de,988,1,late,39,40,-2.6578245162963867,-2.111037254333496,-0.7666454911231995,-1.4443514347076416,-0.1903771013021469,-1.2696254253387451,1.2244932055473328,1.8911790251731873,-0.6666858196258545,-0.5467872619628906,0.6777059435844421,0.40154238045215607,0.83
qwen3-4b-notrain,<MODEL_ROOT>/Qwen3-4B,426a779856077ab63f7d8534,988,2,mid,25,40,-3.8682422637939453,-1.2466154098510742,-1.2357418537139893,-0.7971253395080566,-0.11944618076086044,-0.8402395248413086,2.1830103397369385,2.632500410079956,-0.4494900703430176,-2.621626853942871,-0.4386165142059326,1.1594098582863808,0.71
qwen3-4b-notrain,<MODEL_ROOT>/Qwen3-4B,4e148220f50c9f261419881b,988,4,early,8,40,-1.3346977233886719,-0.8292165994644165,-0.015334042720496655,-1.2049156427383423,-0.00020599365234375,-1.5746322870254517,1.695062723942101,1.3193636806681752,0.3756990432739258,-0.5054811239242554,1.1895816000178456,0.3848446933552623,0.58
qwen3-4b-notrain,<MODEL_ROOT>/Qwen3-4B,83655df12590879b3c3f2921,988,8,late,32,40,-1.9956560134887695,-3.046992778778076,-0.5933957099914551,-3.041823387145996,-0.006693124771118164,-3.7711215019226074,1.3970909118652344,1.4022603034973145,-0.005169391632080078,1.0513367652893066,2.448427677154541,1.3160006999969482,0.82
qwen3-4b-notrain,<MODEL_ROOT>/Qwen3-4B,70c6353fa2b31cef174bde70,15,1,mid,29,57,-1.7673377990722656,-2.0998458862304688,-1.3458409309387207,-1.5513871908187866,-1.1723209619522095,-1.487945556640625,-0.1269618272781372,0.4214968681335449,-0.5484586954116821,0.3325080871582031,0.20554625988006592,0.11007833480834961,0.8
qwen3-4b-notrain,<MODEL_ROOT>/Qwen3-4B,8f9f8478f36b53e93b8b74c0,15,2,early,11,57,-2.6453919410705566,-0.49174076318740845,-1.590677261352539,-0.19242902100086212,-0.5808805227279663,-0.2523841857910156,0.7554029375314713,1.0547146797180176,-0.2993117421865463,-2.153651177883148,-1.398248240351677,1.0697519034147263,0.64
qwen3-4b-notrain,<MODEL_ROOT>/Qwen3-4B,edde71d0fa341a33c27b488a,15,4,late,49,57,-0.8520970344543457,-1.9667078256607056,-0.8366707563400269,-1.8771140575408936,-0.07368167489767075,-1.9897032976150513,-0.07416749000549316,0.015426278114318848,-0.08959376811981201,1.1146107912063599,1.0404433012008667,0.8755783215165138,1.04
qwen3-4b-notrain,<MODEL_ROOT>/Qwen3-4B,2a3bc0c093bb941ada42cce3,15,8,mid,23,57,-2.8187220096588135,-0.0058307647705078125,-0.7085728049278259,-0.22220465540885925,-0.057006265968084335,-1.0358043909072876,2.326523095369339,2.1101492047309875,0.21637389063835144,-2.8128912448883057,-0.4863681495189667,1.46516627445817,0.81
qwen3-4b-notrain,<MODEL_ROOT>/Qwen3-4B,e0163ad5af26c37c8c3ae934,874,1,early,6,52,-2.495086193084717,-0.7372355461120605,-1.7246840000152588,-0.8096389770507812,-0.9770658016204834,-0.7928593158721924,0.8428056240081787,0.770402193069458,0.0724034309387207,-1.7578506469726562,-0.9150450229644775,0.7308385372161865,1.05
qwen3-4b-notrain,<MODEL_ROOT>/Qwen3-4B,2e0b7accf9e831283b823962,874,2,late,47,52,-0.2531425356864929,-3.0598134994506836,-0.13727159798145294,-3.0499603748321533,-0.018312949687242508,-2.88840913772583,0.1060178130865097,0.11587093770503998,-0.009853124618530273,2.8066709637641907,2.9126887768507004,-0.04259258881211281,1.55
qwen3-4b-notrain,<MODEL_ROOT>/Qwen3-4B,3c834cde27159b5832b35ad1,874,4,mid,29,52,-4.383071422576904,-0.25014176964759827,-0.2154126912355423,-0.49889400601387024,-0.0020495825447142124,-0.7701147198677063,4.416410967707634,4.167658731341362,0.24875223636627197,-4.132929652929306,0.28348131477832794,0.48458382254466414,1.33
qwen3-4b-notrain,<MODEL_ROOT>/Qwen3-4B,9159c90e85adb79d0283ded2,874,8,early,8,52,-2.964451789855957,-1.763914942741394,-0.2359008938074112,-1.6326000690460205,-0.035080231726169586,-1.9544357061386108,2.5972360223531723,2.728550896048546,-0.13131487369537354,-1.200536847114563,1.3966991752386093,0.5226562991738319,1.17
qwen3-4b-notrain,<MODEL_ROOT>/Qwen3-4B,ce579112b85dc167b31ec9e2,59,1,late,49,70,-1.1221630573272705,-1.4271318912506104,-0.5045210123062134,-1.3079087734222412,-0.06801928579807281,-1.2610234022140503,0.498418927192688,0.6176420450210571,-0.11922311782836914,0.30496883392333984,0.8033877611160278,0.38961635529994965,1.17
qwen3-4b-notrain,<MODEL_ROOT>/Qwen3-4B,c89e7b9850e2ad0866120b09,59,2,mid,26,70,-4.460780620574951,-0.01015925407409668,-0.5890983939170837,-0.08533120155334473,-0.05210516229271889,-0.364854097366333,3.9468541741371155,3.8716822266578674,0.07517194747924805,-4.4506213665008545,-0.503767192363739,0.8165161274373531,0.92
qwen3-4b-notrain,<MODEL_ROOT>/Qwen3-4B,f671b2e2d8681668d9b4aaae,59,4,early,21,70,-1.444601058959961,-0.7104582190513611,-0.5375005602836609,-0.7643404006958008,-0.1986721009016037,-1.0001646280288696,0.9609826803207397,0.9071004986763,0.0538821816444397,-0.7341428399085999,0.2268398404121399,0.574652686715126,0.89
qwen3-4b-notrain,<MODEL_ROOT>/Qwen3-4B,48b942e3d356b9b6788f9e4b,59,8,late,60,70,-1.819379210472107,-0.38002341985702515,-0.5169001817703247,-0.407424658536911,-0.000936161435674876,-0.7763007283210754,1.329880267381668,1.3024790287017822,0.027401238679885864,-1.4393557906150818,-0.1094755232334137,0.8848400901188143,1.39
qwen3-4b-obr-p15-s42,<TRAIN_ROOT>/qwen3-4b-obr-p15-s42/checkpoint-417,d965150b2da21de4ba4a3d1d,74,1,early,7,45,-0.8344337940216064,-1.246929407119751,-0.603871762752533,-1.2874510288238525,-0.2748357355594635,-1.277977705001831,0.27108365297317505,0.2305620312690735,0.04052162170410156,0.41249561309814453,0.6835792660713196,0.319562703371048,1.94
qwen3-4b-obr-p15-s42,<TRAIN_ROOT>/qwen3-4b-obr-p15-s42/checkpoint-417,2d2e725f52b09920c56037f9,74,2,late,39,45,-1.190591812133789,-0.9617072939872742,-1.0554879903793335,-0.8728556632995605,-0.4599185585975647,-0.8880023956298828,0.04625219106674194,0.13510382175445557,-0.08885163068771362,-0.2288845181465149,-0.18263232707977295,0.6107161641120911,2.03
qwen3-4b-obr-p15-s42,<TRAIN_ROOT>/qwen3-4b-obr-p15-s42/checkpoint-417,4abd7e4c5ea1c19c72626455,74,4,mid,25,45,-1.1237990856170654,-0.010417765006422997,-0.5665102005004883,-0.05638313293457031,-0.2675768733024597,-0.14425624907016754,0.6032542530447245,0.5572888851165771,0.045965367928147316,-1.1133813206106424,-0.510127067565918,0.3868064433336258,1.79
qwen3-4b-obr-p15-s42,<TRAIN_ROOT>/qwen3-4b-obr-p15-s42/checkpoint-417,01075d90db01d5df3308e80b,74,8,early,10,45,-1.1486064195632935,-0.30216604471206665,-0.8704301714897156,-0.2803063988685608,-0.32717862725257874,-0.2875068485736847,0.256316602230072,0.2781762480735779,-0.02185964584350586,-0.8464403748512268,-0.5901237726211548,0.5504519939422607,1.58
qwen3-4b-obr-p15-s42,<TRAIN_ROOT>/qwen3-4b-obr-p15-s42/checkpoint-417,998df6743db6815184e98a68,149,1,late,25,27,-0.7187700271606445,-2.5287437438964844,-0.5707812309265137,-2.4049458503723145,-0.31321287155151367,-2.295539379119873,0.024190902709960938,0.14798879623413086,-0.12379789352416992,1.8099737167358398,1.8341646194458008,0.1481618881225586,1.9
qwen3-4b-obr-p15-s42,<TRAIN_ROOT>/qwen3-4b-obr-p15-s42/checkpoint-417,d27b815f15791d6b6116d6ca,149,2,mid,10,27,-0.9880025386810303,-2.4773755073547363,-0.5941596031188965,-2.4896397590637207,-0.32384276390075684,-2.566405773162842,0.40610718727111816,0.3938429355621338,0.012264251708984375,1.489372968673706,1.8954801559448242,0.34708285331726074,0.86
qwen3-4b-obr-p15-s42,<TRAIN_ROOT>/qwen3-4b-obr-p15-s42/checkpoint-417,da059ac4cf722b5bbe2d1cf5,149,4,early,5,27,-1.1379362344741821,-2.621962308883667,-0.8486478328704834,-2.5638813972473145,-0.2502182722091675,-2.5701186656951904,0.2312074899673462,0.28928840160369873,-0.05808091163635254,1.4840260744094849,1.715233564376831,0.6046668291091919,0.69
qwen3-4b-obr-p15-s42,<TRAIN_ROOT>/qwen3-4b-obr-p15-s42/checkpoint-417,4462be88e0797c826137614c,149,8,late,26,27,-1.5432069301605225,-0.7466843128204346,-0.846592903137207,-0.7755918502807617,-0.056834857910871506,-1.0504255294799805,0.7255215644836426,0.6966140270233154,0.02890753746032715,-0.7965226173400879,-0.07100105285644531,1.0645917244255543,0.86
qwen3-4b-obr-p15-s42,<TRAIN_ROOT>/qwen3-4b-obr-p15-s42/checkpoint-417,ebde3f007a1bb48bdaa634d3,697,1,mid,30,50,-1.936145305633545,-0.6391240954399109,-1.7004942893981934,-0.6491414904594421,-1.3357285261154175,-0.6796767711639404,0.2456684112548828,0.23565101623535156,0.01001739501953125,-1.297021210193634,-1.0513527989387512,0.39530104398727417,0.84
qwen3-4b-obr-p15-s42,<TRAIN_ROOT>/qwen3-4b-obr-p15-s42/checkpoint-417,63c451262eab3a7c2048b027,697,2,early,12,50,-1.2587692737579346,-1.6643379926681519,-0.54166579246521,-1.582201361656189,-0.3790771961212158,-1.6158181428909302,0.6349668502807617,0.7171034812927246,-0.08213663101196289,0.4055687189102173,1.040535569190979,0.19620537757873535,0.67
qwen3-4b-obr-p15-s42,<TRAIN_ROOT>/qwen3-4b-obr-p15-s42/checkpoint-417,f0673df68f2f94ee70c8b9d4,697,4,late,38,50,-1.4348393678665161,-0.02864694595336914,-1.038327693939209,-0.1810436248779297,-0.1597788780927658,-0.4823896884918213,0.5489083528518677,0.39651167392730713,0.15239667892456055,-1.406192421913147,-0.8572840690612793,1.1798948794603348,0.95
qwen3-4b-obr-p15-s42,<TRAIN_ROOT>/qwen3-4b-obr-p15-s42/checkpoint-417,38ed0fa9d3d0d75b0179fcb8,697,8,mid,19,50,-1.853593349456787,-0.4033378064632416,-2.0541093349456787,-0.3716205060482025,-0.5098154544830322,-0.40653157234191895,-0.23223328590393066,-0.2005159854888916,-0.03171730041503906,-1.4502555429935455,-1.6824888288974762,1.579204946756363,0.82
qwen3-4b-obr-p15-s42,<TRAIN_ROOT>/qwen3-4b-obr-p15-s42/checkpoint-417,6c017697e9e582834c74f4f0,951,1,early,2,28,-1.9121942520141602,-0.5241026282310486,-1.0996347665786743,-0.4328564405441284,-0.6935430765151978,-0.38465991616249084,0.7213132977485657,0.8125594854354858,-0.09124618768692017,-1.3880916237831116,-0.6667783260345459,0.357895165681839,0.61
qwen3-4b-obr-p15-s42,<TRAIN_ROOT>/qwen3-4b-obr-p15-s42/checkpoint-417,59fa5d774db6b66ebdb40c9c,951,2,late,19,28,-1.2073907852172852,-1.3169877529144287,-0.9266872406005859,-1.1883490085601807,-0.6485908031463623,-1.1833343505859375,0.15206480026245117,0.2807035446166992,-0.12863874435424805,0.10959696769714355,0.2616617679595947,0.27308177947998047,0.78
qwen3-4b-obr-p15-s42,<TRAIN_ROOT>/qwen3-4b-obr-p15-s42/checkpoint-417,1e6c194ba9fdc3d89f9f8316,951,4,mid,17,28,-0.7844138145446777,-0.0795750617980957,-0.44726788997650146,-0.37006688117980957,-0.126165509223938,-0.5083651542663574,0.6276377439498901,0.33714592456817627,0.29049181938171387,-0.704838752746582,-0.0772010087966919,0.45940065383911133,0.79
qwen3-4b-obr-p15-s42,<TRAIN_ROOT>/qwen3-4b-obr-p15-s42/checkpoint-417,d6aeef57aca591ad11f29a22,951,8,early,9,28,-1.3035945892333984,-1.1345566511154175,-1.6066044569015503,-1.0785396099090576,-1.0581344366073608,-1.1971138715744019,-0.3590269088745117,-0.30300986766815186,-0.05601704120635986,-0.16903793811798096,-0.5280648469924927,0.6670442819595337,0.74
qwen3-4b-obr-p15-s42,<TRAIN_ROOT>/qwen3-4b-obr-p15-s42/checkpoint-417,4503507ee57d130ca9daf7b0,446,1,late,23,33,-1.6340157985687256,-0.43191611766815186,-1.4044740200042725,-0.3986484110355377,-0.8321552872657776,-0.3850792646408081,0.196274071931839,0.22954177856445312,-0.033267706632614136,-1.2020996809005737,-1.0058256089687347,0.5587495863437653,0.79
qwen3-4b-obr-p15-s42,<TRAIN_ROOT>/qwen3-4b-obr-p15-s42/checkpoint-417,445e107c7ab72253fe0aaf81,446,2,mid,22,33,-1.311129093170166,-0.8830558657646179,-1.0444276332855225,-0.9784796833992004,-0.6432180404663086,-1.0255141258239746,0.3621252775192261,0.26670145988464355,0.09542381763458252,-0.4280732274055481,-0.06594794988632202,0.44824403524398804,0.79
qwen3-4b-obr-p15-s42,<TRAIN_ROOT>/qwen3-4b-obr-p15-s42/checkpoint-417,31cfcc0667745eadb10f7fa9,446,4,early,11,33,-1.445007085800171,-0.7467122077941895,-1.302252173423767,-0.7449951171875,-0.45840129256248474,-0.7269711494445801,0.14103782176971436,0.1427549123764038,-0.0017170906066894531,-0.6982948780059814,-0.5572570562362671,0.8258269131183624,0.73
qwen3-4b-obr-p15-s42,<TRAIN_ROOT>/qwen3-4b-obr-p15-s42/checkpoint-417,aa634a030da58182f9f82045,446,8,late,25,33,-1.272843360900879,-1.164744257926941,-1.3315341472625732,-1.1417030096054077,-0.7361971735954285,-1.07095205783844,-0.08173203468322754,-0.058690786361694336,-0.023041248321533203,-0.10809910297393799,-0.18983113765716553,0.524586021900177,0.86
qwen3-4b-obr-p15-s42,<TRAIN_ROOT>/qwen3-4b-obr-p15-s42/checkpoint-417,bbb9710a014a3df702de427f,240,1,mid,15,28,-1.9181076288223267,-1.1345949172973633,-1.5079708099365234,-1.0886955261230469,-0.6270691156387329,-1.0702195167541504,0.3642374277114868,0.4101368188858032,-0.045899391174316406,-0.7835127115249634,-0.41927528381347656,0.862425684928894,0.68
qwen3-4b-obr-p15-s42,<TRAIN_ROOT>/qwen3-4b-obr-p15-s42/checkpoint-417,1f61a19c6bc1180edc20f9c0,240,2,early,5,28,-1.329656958580017,-1.243729591369629,-1.0421886444091797,-1.2454118728637695,-0.6386503577232361,-1.2608850002288818,0.289150595664978,0.2874683141708374,0.001682281494140625,-0.08592736721038818,0.20322322845458984,0.4190114140510559,0.59
qwen3-4b-obr-p15-s42,<TRAIN_ROOT>/qwen3-4b-obr-p15-s42/checkpoint-417,569ca8c626e3b961bab03a7f,240,4,late,25,28,-0.8490020632743835,-1.2779221534729004,-0.9503315687179565,-1.3801443576812744,-0.113961361348629,-1.428905725479126,0.0008926987648010254,-0.101329505443573,0.10222220420837402,0.42892009019851685,0.42981278896331787,0.8851315751671791,0.79
qwen3-4b-obr-p15-s42,<TRAIN_ROOT>/qwen3-4b-obr-p15-s42/checkpoint-417,0d5f3910187089bfabb6f0d1,240,8,mid,10,28,-1.475431203842163,-1.1492496728897095,-1.6160300970077515,-1.1644783020019531,-1.3220651149749756,-1.1217387914657593,-0.12537026405334473,-0.14059889316558838,0.015228629112243652,-0.3261815309524536,-0.45155179500579834,0.25122547149658203,0.69
qwen3-4b-obr-p15-s42,<TRAIN_ROOT>/qwen3-4b-obr-p15-s42/checkpoint-417,59c67d0aff61ce8b025cd587,713,1,early,10,55,-0.5075259208679199,-0.7002069354057312,-0.43285492062568665,-0.6526012420654297,-0.32890477776527405,-0.6608293652534485,0.027065306901931763,0.07467100024223328,-0.047605693340301514,0.19268101453781128,0.21974632143974304,0.1121782660484314,0.72
qwen3-4b-obr-p15-s42,<TRAIN_ROOT>/qwen3-4b-obr-p15-s42/checkpoint-417,2a9a519f66dd78ddaecd4060,713,2,late,45,55,-1.7565171718597412,-0.021569933742284775,-0.9576005935668945,-0.11507280170917511,-0.27805233001708984,-0.21142823994159698,0.892419446259737,0.7989165782928467,0.09350286796689034,-1.7349472381174564,-0.8425277918577194,0.7759037017822266,1.08
qwen3-4b-obr-p15-s42,<TRAIN_ROOT>/qwen3-4b-obr-p15-s42/checkpoint-417,b5887a490b43e3bda1f27682,713,4,mid,31,55,-1.1231629848480225,-0.48513317108154297,-0.8446963429450989,-0.4364469647407532,-0.2653615176677704,-0.45233288407325745,0.2297804355621338,0.2784666419029236,-0.048686206340789795,-0.6380298137664795,-0.4082493782043457,0.5952207446098328,0.94
qwen3-4b-obr-p15-s42,<TRAIN_ROOT>/qwen3-4b-obr-p15-s42/checkpoint-417,41b331ac9957267b398b0a81,713,8,early,9,55,-0.7094002366065979,-0.2951469421386719,-0.6920268535614014,-0.32285985350608826,-0.4606339931488037,-0.31355684995651245,0.045086294412612915,0.017373383045196533,0.027712911367416382,-0.414253294467926,-0.3691670000553131,0.22208985686302185,0.79
qwen3-4b-obr-p15-s42,<TRAIN_ROOT>/qwen3-4b-obr-p15-s42/checkpoint-417,836337a33768f73d15ac3ec1,551,1,late,80,93,-0.6527330279350281,-0.5645599365234375,-0.343275785446167,-0.5634452700614929,-0.1594860702753067,-0.5678457021713257,0.3083425760269165,0.3094572424888611,-0.00111466646194458,-0.08817309141159058,0.22016948461532593,0.18819014728069305,1.53
qwen3-4b-obr-p15-s42,<TRAIN_ROOT>/qwen3-4b-obr-p15-s42/checkpoint-417,b290fa510f2c1d0203540192,551,2,mid,36,93,-0.8357293009757996,-0.8597119450569153,-0.6108860969543457,-1.0216175317764282,-0.32919979095458984,-1.079532265663147,0.3867487907409668,0.22484320402145386,0.16190558671951294,0.023982644081115723,0.4107314348220825,0.3396010398864746,1.0
qwen3-4b-obr-p15-s42,<TRAIN_ROOT>/qwen3-4b-obr-p15-s42/checkpoint-417,b2f4081bcf85c6905d027f80,551,4,early,23,93,-0.8206097483634949,-0.7544403076171875,-0.7072707414627075,-0.7766535878181458,-0.38458773493766785,-0.6833544969558716,0.1355522871017456,0.11333900690078735,0.022213280200958252,-0.06616944074630737,0.06938284635543823,0.2293839156627655,0.87
qwen3-4b-obr-p15-s42,<TRAIN_ROOT>/qwen3-4b-obr-p15-s42/checkpoint-417,99bb668b99b2fecbe54e9d94,551,8,late,92,93,-1.2334754467010498,-0.18511147797107697,-0.7948128581047058,-0.20183390378952026,-0.2160436511039734,-0.6043286919593811,0.4553850144147873,0.438662588596344,0.0167224258184433,-1.0483639687299728,-0.5929789543151855,0.9812639951705933,1.74
qwen3-4b-obr-p15-s42,<TRAIN_ROOT>/qwen3-4b-obr-p15-s42/checkpoint-417,43e4913666c9ec592bc96b92,90,1,mid,17,43,-1.630379319190979,-0.017095565795898438,-0.7613078951835632,-0.08164668083190918,-0.5024370551109314,-0.09055328369140625,0.9336225390434265,0.8690714240074158,0.06455111503601074,-1.6132837533950806,-0.679661214351654,0.2677774429321289,0.67
qwen3-4b-obr-p15-s42,<TRAIN_ROOT>/qwen3-4b-obr-p15-s42/checkpoint-417,a6fcff6ad24c1a7d24d8f748,90,2,early,13,43,-0.9135708808898926,-0.00536207715049386,-0.5959681272506714,-0.065253347158432,-0.3308072090148926,-0.1125982478260994,0.37749402364715934,0.3176027536392212,0.05989127000793815,-0.9082088037393987,-0.5307147800922394,0.3125058189034462,0.64
qwen3-4b-obr-p15-s42,<TRAIN_ROOT>/qwen3-4b-obr-p15-s42/checkpoint-417,9eb1a71c67275f9b40ec4d7f,90,4,late,36,43,-0.8972590565681458,-0.6550769805908203,-0.3548394739627838,-0.5122923254966736,-0.12438052892684937,-0.5658003091812134,0.3996349275112152,0.5424195826053619,-0.14278465509414673,-0.24218207597732544,0.15745285153388977,0.28396692872047424,0.89
qwen3-4b-obr-p15-s42,<TRAIN_ROOT>/qwen3-4b-obr-p15-s42/checkpoint-417,b32c02f680ffa5a2e77602f0,90,8,mid,17,43,-1.086177110671997,-0.017095565795898438,-0.8698045611381531,-0.3524131774902344,-0.4602215588092804,-0.3955373764038086,0.5516901612281799,0.216372549533844,0.33531761169433594,-1.0690815448760986,-0.5173913836479187,0.4527072012424469,0.74
qwen3-4b-obr-p15-s42,<TRAIN_ROOT>/qwen3-4b-obr-p15-s42/checkpoint-417,e9ffd9186f8c9134a7bbcdee,601,1,early,3,50,-1.220670223236084,-0.16254687309265137,-0.8979556560516357,-0.22767186164855957,-0.581261157989502,-0.31862902641296387,0.38783955574035645,0.32271456718444824,0.0651249885559082,-1.0581233501434326,-0.6702837944030762,0.4076516628265381,0.59
qwen3-4b-obr-p15-s42,<TRAIN_ROOT>/qwen3-4b-obr-p15-s42/checkpoint-417,b91c51ec6d191b2d824dcec6,601,2,late,42,50,-1.1172370910644531,-0.005390167236328125,-0.593819260597229,-0.06350898742675781,-0.3261852264404297,-0.1053915023803711,0.5815366506576538,0.5234178304672241,0.05811882019042969,-1.111846923828125,-0.5303102731704712,0.3095165491104126,0.94
qwen3-4b-obr-p15-s42,<TRAIN_ROOT>/qwen3-4b-obr-p15-s42/checkpoint-417,3dc700793e82ca58d013d7b5,601,4,mid,31,50,-1.1266262531280518,-0.15763454139232635,-0.9701903462409973,-0.37423402070999146,-0.5040428042411804,-0.6012997031211853,0.37303538620471954,0.15643590688705444,0.2165994793176651,-0.9689917117357254,-0.5959563255310059,0.6932132244110107,0.86
qwen3-4b-obr-p15-s42,<TRAIN_ROOT>/qwen3-4b-obr-p15-s42/checkpoint-417,ab4b3c52fc83fbe6fcb00e1e,601,8,early,15,50,-1.0543440580368042,-0.044786836951971054,-0.6759830713272095,-0.10435695946216583,-0.23823776841163635,-0.16833172738552094,0.4379311092197895,0.3783609867095947,0.05957012251019478,-1.0095572210848331,-0.5716261118650436,0.5017200708389282,0.75
qwen3-4b-obr-p15-s42,<TRAIN_ROOT>/qwen3-4b-obr-p15-s42/checkpoint-417,f890d57ef4c19a2d3210c5f8,596,1,late,20,29,-0.9905921220779419,-0.01445596944540739,-0.8397006988525391,-0.05547887831926346,-0.736481249332428,-0.09223192930221558,0.1919143320992589,0.15089142322540283,0.04102290887385607,-0.9761361526325345,-0.7842218205332756,0.1399725005030632,0.74
qwen3-4b-obr-p15-s42,<TRAIN_ROOT>/qwen3-4b-obr-p15-s42/checkpoint-417,347532d8361dfcc521f2ef53,596,2,mid,18,29,-0.7449398636817932,-0.054900169372558594,-0.5930486917495728,-0.1431499570608139,-0.34863990545272827,-0.17309093475341797,0.24014095962047577,0.15189117193222046,0.08824978768825531,-0.6900396943092346,-0.44989873468875885,0.27434976398944855,0.74
qwen3-4b-obr-p15-s42,<TRAIN_ROOT>/qwen3-4b-obr-p15-s42/checkpoint-417,fd8294eca743e4511f8b95b1,596,4,early,10,29,-0.47204330563545227,-0.6998411417007446,-0.4841046929359436,-0.7192114591598511,-0.26953125,-0.7480934262275696,0.007308930158615112,-0.012061387300491333,0.019370317459106445,0.22779783606529236,0.23510676622390747,0.2434554100036621,0.68
qwen3-4b-obr-p15-s42,<TRAIN_ROOT>/qwen3-4b-obr-p15-s42/checkpoint-417,2d203957d82e9c66ec8b8294,596,8,late,27,29,-0.9711090922355652,-0.18508319556713104,-0.710249125957489,-0.29326820373535156,-0.17917287349700928,-0.791286289691925,0.3690449744462967,0.26085996627807617,0.10818500816822052,-0.7860258966684341,-0.41698092222213745,1.0290943384170532,0.9
qwen3-4b-obr-p15-s42,<TRAIN_ROOT>/qwen3-4b-obr-p15-s42/checkpoint-417,af9d9baf0fa7df87541ff03d,648,1,mid,15,28,-1.5008975267410278,-0.07351714372634888,-1.0407428741455078,-0.14722487330436707,-0.7853677868843079,-0.17758531868457794,0.5338623821735382,0.46015465259552,0.07370772957801819,-1.427380383014679,-0.8935180008411407,0.2857355326414108,0.63
qwen3-4b-obr-p15-s42,<TRAIN_ROOT>/qwen3-4b-obr-p15-s42/checkpoint-417,fd313e91971eb88be5afeea1,648,2,early,8,28,-0.8747777938842773,-1.8454049825668335,-0.8018419742584229,-1.7670916318893433,-0.41939401626586914,-1.8364461660385132,-0.005377531051635742,0.07293581962585449,-0.07831335067749023,0.9706271886825562,0.9652496576309204,0.45180249214172363,0.58
qwen3-4b-obr-p15-s42,<TRAIN_ROOT>/qwen3-4b-obr-p15-s42/checkpoint-417,e1f3216ede07650f7aa3997e,648,4,late,22,28,-1.1078120470046997,-0.6583309173583984,-0.7968889474868774,-0.714533269405365,-0.31155410408973694,-0.8146612644195557,0.3671254515647888,0.31092309951782227,0.05620235204696655,-0.44948112964630127,-0.08235567808151245,0.5854628384113312,0.72
qwen3-4b-obr-p15-s42,<TRAIN_ROOT>/qwen3-4b-obr-p15-s42/checkpoint-417,74deaf8b69b36ef1a8a0dde7,648,8,mid,16,28,-1.736707091331482,-0.9459537267684937,-1.3572548627853394,-0.9168259501457214,-0.4546991288661957,-0.960737943649292,0.35032445192337036,0.3794522285461426,-0.029127776622772217,-0.7907533645629883,-0.4404289126396179,0.9464677274227142,0.71
qwen3-4b-obr-p15-s42,<TRAIN_ROOT>/qwen3-4b-obr-p15-s42/checkpoint-417,805f9f8fb789625422cbc086,184,1,early,6,24,-1.0047156810760498,-2.1730916500091553,-0.7636984586715698,-2.0668163299560547,-0.528175950050354,-2.0263314247131348,0.1347419023513794,0.24101722240447998,-0.10627532005310059,1.1683759689331055,1.3031178712844849,0.1950376033782959,0.67
qwen3-4b-obr-p15-s42,<TRAIN_ROOT>/qwen3-4b-obr-p15-s42/checkpoint-417,04f621959baf181db75e5ed1,184,2,late,22,24,-0.6774221062660217,-0.22639526426792145,-0.4439306855201721,-0.21299700438976288,-0.14096060395240784,-0.26703792810440063,0.22009316086769104,0.2334914207458496,-0.01339825987815857,-0.4510268419981003,-0.23093368113040924,0.35701100528240204,0.85
qwen3-4b-obr-p15-s42,<TRAIN_ROOT>/qwen3-4b-obr-p15-s42/checkpoint-417,1640223469e620e00d73cfaf,184,4,mid,12,24,-0.974593460559845,-2.2232885360717773,-0.5575981140136719,-1.8296018838882446,-0.07201018184423447,-1.8781485557556152,0.02330869436264038,0.4169953465461731,-0.3936866521835327,1.2486950755119324,1.2720037698745728,0.534134604036808,0.77
qwen3-4b-obr-p15-s42,<TRAIN_ROOT>/qwen3-4b-obr-p15-s42/checkpoint-417,969a50a0db6c6f192a497298,184,8,early,8,24,-1.9290475845336914,-0.3321070075035095,-1.2435935735702515,-0.33167827129364014,-0.4746701717376709,-0.33352622389793396,0.6850252747535706,0.6854540109634399,-0.00042873620986938477,-1.5969405770301819,-0.9119153022766113,0.7707713544368744,0.76
qwen3-4b-obr-p15-s42,<TRAIN_ROOT>/qwen3-4b-obr-p15-s42/checkpoint-417,1c6b25f9d0923cd2d94efb84,751,1,late,13,16,-2.8201355934143066,-1.2582000494003296,-3.12365984916687,-1.0297437906265259,-1.9798974990844727,-1.0253883600234985,-0.5319805145263672,-0.3035242557525635,-0.2284562587738037,-1.561935544013977,-2.0939160585403442,1.1394069194793701,0.69
qwen3-4b-obr-p15-s42,<TRAIN_ROOT>/qwen3-4b-obr-p15-s42/checkpoint-417,e367eb02ddb4b9387e4b28bd,751,2,mid,8,16,-0.795565128326416,-2.293745517730713,-0.7326409816741943,-2.0604608058929443,-0.4293248653411865,-2.07099986076355,-0.17036056518554688,0.06292414665222168,-0.23328471183776855,1.4981803894042969,1.32781982421875,0.3138551712036133,0.63
qwen3-4b-obr-p15-s42,<TRAIN_ROOT>/qwen3-4b-obr-p15-s42/checkpoint-417,9e3a580cae6381d196f649c6,751,4,early,4,16,-2.6540818214416504,-2.144409656524658,-1.7548065185546875,-2.1031782627105713,-0.568254828453064,-1.9155166149139404,0.858043909072876,0.8992753028869629,-0.041231393814086914,-0.5096721649169922,0.3483717441558838,0.9988900423049927,0.62
qwen3-4b-obr-p15-s42,<TRAIN_ROOT>/qwen3-4b-obr-p15-s42/checkpoint-417,f3f9c3956225b867a39028ea,751,8,late,12,16,-0.9792523384094238,-1.3232183456420898,-0.7705175876617432,-1.422865867614746,-0.6070084571838379,-1.4301366806030273,0.3083822727203369,0.20873475074768066,0.09964752197265625,0.343966007232666,0.6523482799530029,0.17077994346618652,0.73
qwen3-4b-obr-p15-s42,<TRAIN_ROOT>/qwen3-4b-obr-p15-s42/checkpoint-417,65096627a5cce2e2d6091712,206,1,mid,14,29,-1.975385069847107,-0.7716407775878906,-1.2248653173446655,-0.7510193586349487,-0.6439822912216187,-0.7153751254081726,0.7298983335494995,0.7505197525024414,-0.020621418952941895,-1.2037442922592163,-0.4738459587097168,0.5452387928962708,0.74
qwen3-4b-obr-p15-s42,<TRAIN_ROOT>/qwen3-4b-obr-p15-s42/checkpoint-417,74b5323dfa2f65f655fcc834,206,2,early,8,29,-1.480162262916565,-1.4058425426483154,-1.2642996311187744,-1.4771734476089478,-0.8328342437744141,-1.516066551208496,0.28719353675842285,0.21586263179779053,0.07133090496063232,-0.07431972026824951,0.21287381649017334,0.4703584909439087,0.7
qwen3-4b-obr-p15-s42,<TRAIN_ROOT>/qwen3-4b-obr-p15-s42/checkpoint-417,8f1f12d4720c8af1d53b068a,206,4,late,24,29,-1.8313286304473877,-0.07148143649101257,-0.9811758995056152,-0.2571217715740204,-0.245073601603508,-0.4567566215991974,1.0357930660247803,0.8501527309417725,0.1856403350830078,-1.7598471939563751,-0.7240541279315948,0.9357371479272842,0.85
qwen3-4b-obr-p15-s42,<TRAIN_ROOT>/qwen3-4b-obr-p15-s42/checkpoint-417,8f483369c8fcd4ababc0c762,206,8,mid,18,29,-1.7255511283874512,-0.3381633758544922,-0.3833272457122803,-0.6404948234558105,-0.05416750907897949,-1.1925666332244873,1.6445553302764893,1.342223882675171,0.30233144760131836,-1.387387752532959,0.2571675777435303,0.8812315464019775,0.84
qwen3-4b-obr-p15-s42,<TRAIN_ROOT>/qwen3-4b-obr-p15-s42/checkpoint-417,9811ccec2931dbb537529c6d,558,1,early,24,82,-1.3401093482971191,-0.8072553873062134,-1.19402277469635,-0.8104594349861145,-0.49264803528785706,-0.8669344186782837,0.14929062128067017,0.14608657360076904,0.003204047679901123,-0.5328539609909058,-0.3835633397102356,0.7578497231006622,1.09
qwen3-4b-obr-p15-s42,<TRAIN_ROOT>/qwen3-4b-obr-p15-s42/checkpoint-417,6e1c6679680efe79accb8e7b,558,2,late,55,82,-1.0415384769439697,-1.319440245628357,-0.8034059405326843,-1.3994042873382568,-0.32207393646240234,-1.2558540105819702,0.3180965781211853,0.2381325364112854,0.0799640417098999,0.2779017686843872,0.5959983468055725,0.33778172731399536,1.45
qwen3-4b-obr-p15-s42,<TRAIN_ROOT>/qwen3-4b-obr-p15-s42/checkpoint-417,37b7bc2b1b7bd35486701553,558,4,mid,30,82,-1.1965001821517944,-0.2144092619419098,-0.8639162182807922,-0.3407909572124481,-0.3532581329345703,-0.532553493976593,0.4589656591415405,0.3325839638710022,0.12638169527053833,-0.9820909202098846,-0.5231252610683441,0.7024206221103668,1.19
qwen3-4b-obr-p15-s42,<TRAIN_ROOT>/qwen3-4b-obr-p15-s42/checkpoint-417,04ac368ac009f9de8f9c51d0,558,8,early,21,82,-1.3438260555267334,-0.8548508286476135,-1.3433945178985596,-0.9984904527664185,-0.1799294650554657,-1.1213719844818115,0.14407116174697876,0.0004315376281738281,0.14363962411880493,-0.4889752268791199,-0.3449040651321411,1.286346584558487,1.14
qwen3-4b-obr-p15-s42,<TRAIN_ROOT>/qwen3-4b-obr-p15-s42/checkpoint-417,5707a7fe38a18181a56f87bd,955,1,late,35,36,-1.3528079986572266,-1.123740553855896,-0.9181303977966309,-1.096523642539978,-0.5592308044433594,-1.073526382446289,0.40746068954467773,0.4346776008605957,-0.02721691131591797,-0.22906744480133057,0.17839324474334717,0.3359023332595825,0.97
qwen3-4b-obr-p15-s42,<TRAIN_ROOT>/qwen3-4b-obr-p15-s42/checkpoint-417,a53f859655816ef39961b09b,955,2,mid,24,36,-1.7452292442321777,-0.6041823625564575,-0.8659464120864868,-0.6419421434402466,-0.5644289255142212,-0.7298325300216675,0.91704261302948,0.8792828321456909,0.03775978088378906,-1.1410468816757202,-0.22400426864624023,0.3894078731536865,0.87
qwen3-4b-obr-p15-s42,<TRAIN_ROOT>/qwen3-4b-obr-p15-s42/checkpoint-417,5d5653546cad43c8eaed074a,955,4,early,8,36,-1.2716262340545654,-0.5751327872276306,-1.209749460220337,-0.6131225228309631,-0.43256282806396484,-0.5203357338905334,0.09986650943756104,0.061876773834228516,0.03798973560333252,-0.6964934468269348,-0.5966269373893738,0.6843998432159424,0.75
qwen3-4b-obr-p15-s42,<TRAIN_ROOT>/qwen3-4b-obr-p15-s42/checkpoint-417,431e25ec675e12299fd26efa,955,8,late,35,36,-0.6905192136764526,-1.123740553855896,-0.36128664016723633,-1.1934245824813843,-0.053529106080532074,-1.586751937866211,0.3989166021347046,0.3292325735092163,0.06968402862548828,0.43322134017944336,0.832137942314148,0.7010848894715309,1.05
qwen3-4b-obr-p15-s42,<TRAIN_ROOT>/qwen3-4b-obr-p15-s42/checkpoint-417,3f07bfd4bb4db3783e649c29,435,1,mid,18,47,-1.0902698040008545,-0.19749145209789276,-1.145555019378662,-0.16177920997142792,-1.0434541702270508,-0.15290012955665588,-0.09099745750427246,-0.05528521537780762,-0.035712242126464844,-0.8927783519029617,-0.9837758094072342,0.0932217687368393,0.83
qwen3-4b-obr-p15-s42,<TRAIN_ROOT>/qwen3-4b-obr-p15-s42/checkpoint-417,6abba83c2e8de8dd90fdf154,435,2,early,9,47,-1.3005834817886353,-0.8781905174255371,-1.0827562808990479,-0.8926558494567871,-0.4521454870700836,-0.9311952590942383,0.2322925329208374,0.2178272008895874,0.01446533203125,-0.42239296436309814,-0.19010043144226074,0.6691502034664154,0.75
qwen3-4b-obr-p15-s42,<TRAIN_ROOT>/qwen3-4b-obr-p15-s42/checkpoint-417,b51fccefafcb510b3382439e,435,4,late,34,47,-0.4913465678691864,-0.7478651404380798,-0.404392808675766,-0.7698303461074829,-0.0750221237540245,-0.8230776190757751,0.10891896486282349,0.08695375919342041,0.021965205669403076,0.25651857256889343,0.3654375374317169,0.3826179578900337,1.02
qwen3-4b-obr-p15-s42,<TRAIN_ROOT>/qwen3-4b-obr-p15-s42/checkpoint-417,187f012bfa37ade38e3a1a51,435,8,mid,19,47,-1.4457638263702393,-0.163169726729393,-0.9280896186828613,-0.18988199532032013,-0.07743644714355469,-0.22297202050685883,0.544386476278305,0.5176742076873779,0.026712268590927124,-1.2825940996408463,-0.7382076233625412,0.8837431967258453,0.91
qwen3-4b-obr-p15-s42,<TRAIN_ROOT>/qwen3-4b-obr-p15-s42/checkpoint-417,736aeae0555b4803eb42db6b,1064,1,early,2,38,-0.9999226331710815,-0.5459432601928711,-0.9021799564361572,-0.5514802932739258,-0.7088271379470825,-0.5752665996551514,0.103279709815979,0.09774267673492432,0.0055370330810546875,-0.45397937297821045,-0.35069966316223145,0.2171391248703003,0.77
qwen3-4b-obr-p15-s42,<TRAIN_ROOT>/qwen3-4b-obr-p15-s42/checkpoint-417,58b99f2b2c9782c77bd08e18,1064,2,late,32,38,-1.1056909561157227,-0.542717456817627,-0.82452392578125,-0.5493741035461426,-0.28173378109931946,-0.6326844096183777,0.2878236770629883,0.28116703033447266,0.006656646728515625,-0.5629734992980957,-0.2751498222351074,0.6261004507541656,1.11
qwen3-4b-obr-p15-s42,<TRAIN_ROOT>/qwen3-4b-obr-p15-s42/checkpoint-417,cc03082db1aa8dd7df0eb7e4,1064,4,mid,22,38,-1.6392216682434082,-0.7025835514068604,-0.8677694797515869,-0.7237660884857178,-0.1939849853515625,-0.6620938777923584,0.7926347255706787,0.7714521884918213,0.021182537078857422,-0.9366381168365479,-0.14400339126586914,0.612112283706665,1.02
qwen3-4b-obr-p15-s42,<TRAIN_ROOT>/qwen3-4b-obr-p15-s42/checkpoint-417,ad0b0dcf75ab8f41f682d4d4,1064,8,early,11,38,-0.954774022102356,-1.3131219148635864,-0.793430745601654,-1.3447191715240479,-0.38197094202041626,-1.3669239282608032,0.19294053316116333,0.1613432765007019,0.031597256660461426,0.35834789276123047,0.5512884259223938,0.43366456031799316,0.96
qwen3-4b-obr-p15-s42,<TRAIN_ROOT>/qwen3-4b-obr-p15-s42/checkpoint-417,f016c46a941b21fff95f36de,943,1,late,48,57,-1.7228879928588867,-0.5211328268051147,-1.6177560091018677,-0.45770132541656494,-0.9152668714523315,-0.4404914677143097,0.04170048236846924,0.10513198375701904,-0.0634315013885498,-1.201755166053772,-1.1600546836853027,0.6852792799472809,1.04
qwen3-4b-obr-p15-s42,<TRAIN_ROOT>/qwen3-4b-obr-p15-s42/checkpoint-417,3331a6bfde556174444a5ee7,943,2,mid,25,57,-1.5048401355743408,-0.5102445483207703,-1.4016519784927368,-0.5138065218925476,-0.9422823190689087,-0.5068291425704956,0.10675013065338135,0.103188157081604,0.0035619735717773438,-0.9945955872535706,-0.8878454566001892,0.4523922801017761,0.79
qwen3-4b-obr-p15-s42,<TRAIN_ROOT>/qwen3-4b-obr-p15-s42/checkpoint-417,19328703d8ae6c682b7b8fef,943,4,early,14,57,-0.8745371699333191,-1.1838834285736084,-0.8895030617713928,-1.0236105918884277,-0.6566937565803528,-0.8486170172691345,-0.1752387285232544,-0.01496589183807373,-0.16027283668518066,0.3093462586402893,0.1341075301170349,0.057815730571746826,0.71
qwen3-4b-obr-p15-s42,<TRAIN_ROOT>/qwen3-4b-obr-p15-s42/checkpoint-417,3dc61cd01859f904cfee1ea3,943,8,late,43,57,-0.7556873559951782,-0.6878649592399597,-0.4537460207939148,-0.5326427817344666,-0.23778466880321503,-0.5399627685546875,0.14671915769577026,0.3019413352012634,-0.15522217750549316,-0.0678223967552185,0.07889676094055176,0.22328133881092072,1.07
qwen3-4b-obr-p15-s42,<TRAIN_ROOT>/qwen3-4b-obr-p15-s42/checkpoint-417,7ddc6a8961b2107e117754ef,812,1,mid,30,67,-0.9851627349853516,-0.008218574337661266,-0.7484208941459656,-0.050111960619688034,-0.5321298837661743,-0.07736759632825851,0.27863522712141275,0.236741840839386,0.04189338628202677,-0.9769441606476903,-0.6983089335262775,0.24354664608836174,0.84
qwen3-4b-obr-p15-s42,<TRAIN_ROOT>/qwen3-4b-obr-p15-s42/checkpoint-417,cbbf890e06f26dad041eebdb,812,2,early,6,67,-2.3029496669769287,-0.0041909902356565,-1.2244243621826172,-0.0562831349670887,-0.7146320343017578,-0.1307460367679596,1.1306174495257437,1.0785253047943115,0.0520921447314322,-2.298758676741272,-1.1681412272155285,0.5842552296817303,0.62
qwen3-4b-obr-p15-s42,<TRAIN_ROOT>/qwen3-4b-obr-p15-s42/checkpoint-417,d13f43a6a79bebea4adcbd74,812,4,late,46,67,-0.6369692087173462,-0.5074501037597656,-0.5035901069641113,-0.49501749873161316,-0.13892948627471924,-0.6040940880775452,0.1209464967250824,0.13337910175323486,-0.012432605028152466,-0.12951910495758057,-0.008572608232498169,0.4737372100353241,1.06
qwen3-4b-obr-p15-s42,<TRAIN_ROOT>/qwen3-4b-obr-p15-s42/checkpoint-417,93af8b81c813f6dcc0a0ce6a,812,8,mid,44,67,-0.9971673488616943,-0.28417691588401794,-0.896065354347229,-0.2796296179294586,-0.43924278020858765,-0.3349054753780365,0.096554696559906,0.10110199451446533,-0.004547297954559326,-0.7129904329776764,-0.6164357364177704,0.5120984315872192,1.1
qwen3-4b-obr-p15-s42,<TRAIN_ROOT>/qwen3-4b-obr-p15-s42/checkpoint-417,2045fe02e4633781d255bd20,730,1,early,23,78,-1.956725835800171,-0.5018724203109741,-1.6084450483322144,-0.5586456060409546,-0.846464991569519,-0.5523852109909058,0.405053973197937,0.34828078746795654,0.05677318572998047,-1.4548534154891968,-1.0497994422912598,0.7557196617126465,0.93
qwen3-4b-obr-p15-s42,<TRAIN_ROOT>/qwen3-4b-obr-p15-s42/checkpoint-417,19dbd22cc94738bda5ec62c3,730,2,late,67,78,-1.5802390575408936,-0.7588114738464355,-1.0685100555419922,-0.7944097518920898,-0.2079155445098877,-0.7974561452865601,0.5473272800445557,0.5117290019989014,0.0355982780456543,-0.821427583694458,-0.27410030364990234,0.8636409044265747,1.41
qwen3-4b-obr-p15-s42,<TRAIN_ROOT>/qwen3-4b-obr-p15-s42/checkpoint-417,478cdc3edaa585d84831f5fa,730,4,mid,39,78,-1.3386213779449463,-1.2182810306549072,-0.6059834957122803,-1.2601606845855713,-0.31128692626953125,-1.3060520887374878,0.7745175361633301,0.732637882232666,0.04187965393066406,-0.12034034729003906,0.654177188873291,0.3405879735946655,1.12
qwen3-4b-obr-p15-s42,<TRAIN_ROOT>/qwen3-4b-obr-p15-s42/checkpoint-417,2c561abe645fe2051d4658a3,730,8,early,21,78,-1.9881982803344727,-0.5960689783096313,-0.7536256313323975,-0.683415412902832,-0.06639644503593445,-0.8712391257286072,1.3219190835952759,1.2345726490020752,0.08734643459320068,-1.3921293020248413,-0.07021021842956543,0.8750528991222382,0.97
qwen3-4b-obr-p15-s42,<TRAIN_ROOT>/qwen3-4b-obr-p15-s42/checkpoint-417,7e79ae63b971027db3d8654d,247,1,late,22,23,-0.8255852460861206,-0.1957838237285614,-0.7568329572677612,-0.27658674120903015,-0.5226016640663147,-0.2628542482852936,0.14955520629882812,0.06875228881835938,0.08080291748046875,-0.6298014223575592,-0.4802462160587311,0.22049880027770996,0.68
qwen3-4b-obr-p15-s42,<TRAIN_ROOT>/qwen3-4b-obr-p15-s42/checkpoint-417,bafd8dcfa332b1c5a3b9648f,247,2,mid,9,23,-1.2771495580673218,-0.3102998733520508,-1.038713812828064,-0.38778623938560486,-0.785948634147644,-0.4198489189147949,0.3159221112728119,0.2384357452392578,0.07748636603355408,-0.966849684715271,-0.6509275734424591,0.28482785820961,0.58
qwen3-4b-obr-p15-s42,<TRAIN_ROOT>/qwen3-4b-obr-p15-s42/checkpoint-417,86e74c099bceda77a741a3b3,247,4,early,8,23,-0.5204452872276306,-1.5964581966400146,-0.15046921372413635,-1.5754666328430176,-0.05365581437945366,-1.7343993186950684,0.3489845097064972,0.36997607350349426,-0.02099156379699707,1.076012909412384,1.4249974191188812,0.2557460851967335,0.59
qwen3-4b-obr-p15-s42,<TRAIN_ROOT>/qwen3-4b-obr-p15-s42/checkpoint-417,8c3b47362cdefe2b0809a842,247,8,late,22,23,-2.0906004905700684,-0.1957838237285614,-1.6838959455490112,-0.31673771142959595,-0.39600375294685364,-0.2949288785457611,0.5276584327220917,0.40670454502105713,0.12095388770103455,-1.894816666841507,-1.3671582341194153,1.2660833597183228,0.74
qwen3-4b-obr-p15-s42,<TRAIN_ROOT>/qwen3-4b-obr-p15-s42/checkpoint-417,32d357d7eb5cbcb2e321804d,25,1,mid,35,61,-1.4195291996002197,-0.825179398059845,-0.9486212730407715,-0.8721608519554138,-0.40490126609802246,-0.8775796294212341,0.5178893804550171,0.47090792655944824,0.04698145389556885,-0.5943498015403748,-0.07646042108535767,0.5491387844085693,0.88
qwen3-4b-obr-p15-s42,<TRAIN_ROOT>/qwen3-4b-obr-p15-s42/checkpoint-417,b83afac8286156386a41719d,25,2,early,3,61,-1.2772725820541382,-0.6197063326835632,-0.7856699824333191,-0.5964857339859009,-0.4932100474834442,-0.6039393544197083,0.46838200092315674,0.4916025996208191,-0.023220598697662354,-0.657566249370575,-0.1891842484474182,0.29991355538368225,0.56
qwen3-4b-obr-p15-s42,<TRAIN_ROOT>/qwen3-4b-obr-p15-s42/checkpoint-417,33463e2d95aeaf94e948b4ba,25,4,late,50,61,-0.9717972874641418,-1.742803931236267,-0.21445049345493317,-1.5791336297988892,-0.025454608723521233,-1.8915599584579468,0.5936764925718307,0.7573467940092087,-0.16367030143737793,0.7710066437721252,1.364683136343956,0.5014222133904696,1.06
qwen3-4b-obr-p15-s42,<TRAIN_ROOT>/qwen3-4b-obr-p15-s42/checkpoint-417,d851f61132db5fedd9d210a4,25,8,mid,40,61,-1.3109192848205566,-0.4545561671257019,-0.40089869499206543,-0.6198463439941406,-0.07297396659851074,-0.8602072596549988,1.07531076669693,0.9100205898284912,0.16529017686843872,-0.8563631176948547,0.2189476490020752,0.5682856440544128,1.01
qwen3-4b-obr-p15-s42,<TRAIN_ROOT>/qwen3-4b-obr-p15-s42/checkpoint-417,a82ce41ac868615945d8e799,725,1,early,12,77,-1.1119251251220703,-1.0095716714859009,-0.8355916142463684,-1.0536550283432007,-0.6124241948127747,-1.085458755493164,0.3204168677330017,0.2763335108757019,0.044083356857299805,-0.10235345363616943,0.21806341409683228,0.25497114658355713,1.0
qwen3-4b-obr-p15-s42,<TRAIN_ROOT>/qwen3-4b-obr-p15-s42/checkpoint-417,71e700821a8dc1e8c6276452,725,2,late,75,77,-1.2633503675460815,-0.5546724200248718,-1.016435980796814,-0.6056666374206543,-0.3566003739833832,-0.6445793509483337,0.29790860414505005,0.24691438674926758,0.05099421739578247,-0.7086779475212097,-0.41076934337615967,0.6987483203411102,1.92
qwen3-4b-obr-p15-s42,<TRAIN_ROOT>/qwen3-4b-obr-p15-s42/checkpoint-417,6eef6195d736b5d9ed0213f9,725,4,mid,45,77,-0.8757972121238708,-0.2049407958984375,-0.47608187794685364,-0.1692964732646942,-0.1166025847196579,-0.1448422223329544,0.3640710115432739,0.3997153341770172,-0.035644322633743286,-0.6708564162254333,-0.3067854046821594,0.33502504229545593,1.48
qwen3-4b-obr-p15-s42,<TRAIN_ROOT>/qwen3-4b-obr-p15-s42/checkpoint-417,0e73f7c661fd6ab841a290ef,725,8,early,21,77,-0.41627973318099976,-0.5990204215049744,-0.23555123805999756,-1.03459894657135,-0.08057383447885513,-1.2680675983428955,0.6163070201873779,0.1807284951210022,0.43557852506637573,0.1827406883239746,0.7990477085113525,0.38844605535268784,1.2
qwen3-4b-obr-p15-s42,<TRAIN_ROOT>/qwen3-4b-obr-p15-s42/checkpoint-417,b063948d0bf2b8e5dd8b94d2,109,1,late,80,81,-1.8445336818695068,-1.2033802270889282,-0.9470833539962769,-1.1096512079238892,-0.36406412720680237,-1.151317834854126,0.8037213087081909,0.89745032787323,-0.09372901916503906,-0.6411534547805786,0.1625678539276123,0.6246858537197113,1.39
qwen3-4b-obr-p15-s42,<TRAIN_ROOT>/qwen3-4b-obr-p15-s42/checkpoint-417,ae9eff06cba618a1c53350de,109,2,mid,39,81,-1.43048894405365,-0.03925212472677231,-1.0347707271575928,-0.18772506713867188,-0.24257442355155945,-0.2818373143672943,0.5441911593079567,0.39571821689605713,0.14847294241189957,-1.3912368193268776,-0.8470456600189209,0.8863085508346558,0.96
qwen3-4b-obr-p15-s42,<TRAIN_ROOT>/qwen3-4b-obr-p15-s42/checkpoint-417,0c50d81be53fbf5e05e4785b,109,4,early,11,81,-1.594976782798767,-1.2716917991638184,-1.3391302824020386,-1.3272844552993774,-0.4516241252422333,-1.3236302137374878,0.3114391565322876,0.2558465003967285,0.05559265613555908,-0.32328498363494873,-0.011845827102661133,0.8838519155979156,0.68
qwen3-4b-obr-p15-s42,<TRAIN_ROOT>/qwen3-4b-obr-p15-s42/checkpoint-417,6ac1fe4685dd1ebbf68d8f7b,109,8,late,67,81,-0.9773566126823425,-0.0007136951899155974,-0.7801935076713562,-0.006479957140982151,-0.2663954198360443,-0.0736871212720871,0.20292936696205288,0.19716310501098633,0.005766261951066554,-0.9766429174924269,-0.773713550530374,0.5810052519664168,1.33
qwen3-4b-obr-p15-s42,<TRAIN_ROOT>/qwen3-4b-obr-p15-s42/checkpoint-417,5e84a167ed1b05c5deda0556,354,1,mid,16,37,-1.1200523376464844,-0.12203741073608398,-1.0514202117919922,-0.20331764221191406,-0.6648151278495789,-0.2731485366821289,0.14991235733032227,0.06863212585449219,0.08128023147583008,-0.9980149269104004,-0.8481025695800781,0.4564359784126282,1.16
qwen3-4b-obr-p15-s42,<TRAIN_ROOT>/qwen3-4b-obr-p15-s42/checkpoint-417,23ebf0898e30d5abae7f857c,354,2,early,7,37,-0.5391821265220642,-0.6734307408332825,-0.6203873753547668,-0.6445151567459106,-0.45528221130371094,-0.6432257890701294,-0.11012083292007446,-0.08120524883270264,-0.028915584087371826,0.13424861431121826,0.0241277813911438,0.16381579637527466,1.07
qwen3-4b-obr-p15-s42,<TRAIN_ROOT>/qwen3-4b-obr-p15-s42/checkpoint-417,9bcc5a0f61ae8a3047e39d63,354,4,late,25,37,-1.6100555658340454,-0.5215293169021606,-0.9550766348838806,-0.7061075568199158,-0.2149372100830078,-0.7658358812332153,0.8395571708679199,0.6549789309501648,0.18457823991775513,-1.0885262489318848,-0.24896907806396484,0.7998677492141724,1.3
qwen3-4b-obr-p15-s42,<TRAIN_ROOT>/qwen3-4b-obr-p15-s42/checkpoint-417,d1edbd5623521a538aa5fca8,354,8,mid,13,37,-0.40051180124282837,-0.4831574261188507,-0.5584523677825928,-0.4668690264225006,-0.37725818157196045,-0.37918224930763245,-0.1742289662361145,-0.1579405665397644,-0.016288399696350098,0.08264562487602234,-0.09158334136009216,0.09350740909576416,1.23
qwen3-4b-obr-p15-s42,<TRAIN_ROOT>/qwen3-4b-obr-p15-s42/checkpoint-417,920ebfa979b15dfbc05c1094,543,1,early,25,76,-0.3930708169937134,-0.5368152260780334,-0.362610399723053,-0.5184369087219238,-0.1833229660987854,-0.4255947768688202,0.012082099914550781,0.0304604172706604,-0.01837831735610962,0.14374440908432007,0.15582650899887085,0.08644530177116394,0.87
qwen3-4b-obr-p15-s42,<TRAIN_ROOT>/qwen3-4b-obr-p15-s42/checkpoint-417,a3dc7472147837412c0b11d1,543,2,late,67,76,-0.7851787805557251,-0.08835338801145554,-0.6159060001373291,-0.07048790901899338,-0.277767539024353,-0.07330980151891708,0.15140730142593384,0.169272780418396,-0.017865478992462158,-0.6968253925442696,-0.5454180911183357,0.3409603536128998,1.32
qwen3-4b-obr-p15-s42,<TRAIN_ROOT>/qwen3-4b-obr-p15-s42/checkpoint-417,27979d5ef192bf4c09d615c8,543,4,mid,36,76,-1.1858446598052979,-0.0014922402333468199,-0.778056800365448,-0.01172360498458147,-0.2999494969844818,-0.05095897987484932,0.4180192241910845,0.40778785943984985,0.01023136475123465,-1.184352419571951,-0.7663331953808665,0.517342678271234,1.0
qwen3-4b-obr-p15-s42,<TRAIN_ROOT>/qwen3-4b-obr-p15-s42/checkpoint-417,ac0cde23b1abac34b9cfcf28,543,8,early,22,76,-0.44993314146995544,-0.6437174081802368,-0.3797887861728668,-0.6776668429374695,-0.09338672459125519,-0.717968761920929,0.10409379005432129,0.07014435529708862,0.033949434757232666,0.19378426671028137,0.29787805676460266,0.3267039805650711,0.89
qwen3-4b-obr-p15-s42,<TRAIN_ROOT>/qwen3-4b-obr-p15-s42/checkpoint-417,a9548574f81448ef5a8aa817,825,1,late,61,66,-1.302335500717163,-1.5541784763336182,-0.6496143341064453,-1.470834732055664,-0.2804601192474365,-1.4670614004135132,0.5693774223327637,0.6527211666107178,-0.0833437442779541,0.2518429756164551,0.8212203979492188,0.3653808832168579,1.54
qwen3-4b-obr-p15-s42,<TRAIN_ROOT>/qwen3-4b-obr-p15-s42/checkpoint-417,096b4d0ec510c1c7a6566d4d,825,2,mid,31,66,-1.193826675415039,-1.0762039422988892,-1.0186125040054321,-1.1380369663238525,-0.5313786268234253,-1.1551766395568848,0.2370471954345703,0.17521417140960693,0.06183302402496338,-0.1176227331161499,0.11942446231842041,0.5043735504150391,1.18
qwen3-4b-obr-p15-s42,<TRAIN_ROOT>/qwen3-4b-obr-p15-s42/checkpoint-417,e1e41ad44c6806132c774a0b,825,4,early,20,66,-0.7729896903038025,-0.7832369208335876,-0.42269858717918396,-0.6925434470176697,-0.16617870330810547,-1.0498695373535156,0.25959762930870056,0.35029110312461853,-0.09069347381591797,0.010247230529785156,0.2698448598384857,0.6138459742069244,1.1
qwen3-4b-obr-p15-s42,<TRAIN_ROOT>/qwen3-4b-obr-p15-s42/checkpoint-417,d4244d2f2d931771b21fa86c,825,8,late,63,66,-0.9379728436470032,-2.082379102706909,-0.3366633653640747,-2.0273704528808594,-0.02278900146484375,-2.415485382080078,0.5463008284568787,0.6013094782829285,-0.055008649826049805,1.144406259059906,1.6907070875167847,0.7019892930984497,1.65
qwen3-4b-obr-p15-s42,<TRAIN_ROOT>/qwen3-4b-obr-p15-s42/checkpoint-417,6112204531b74189307db310,214,1,mid,22,53,-0.4321556091308594,-0.5274103283882141,-0.4080956280231476,-0.5228031873703003,-0.2988640367984772,-0.5295108556747437,0.019452840089797974,0.024059981107711792,-0.004607141017913818,0.09525471925735474,0.11470755934715271,0.11593925952911377,1.06
qwen3-4b-obr-p15-s42,<TRAIN_ROOT>/qwen3-4b-obr-p15-s42/checkpoint-417,4706196d71d0b2b4b60cc96d,214,2,early,3,53,-0.541327953338623,-0.5965363383293152,-0.5604606866836548,-0.5748637914657593,-0.3044750988483429,-0.6504942774772644,-0.040805280208587646,-0.01913273334503174,-0.021672546863555908,0.05520838499069214,0.014403104782104492,0.331616073846817,0.84
qwen3-4b-obr-p15-s42,<TRAIN_ROOT>/qwen3-4b-obr-p15-s42/checkpoint-417,b632938f778c2c1498b5b0a4,214,4,late,52,53,-0.8259795308113098,-0.5249539613723755,-0.6066262722015381,-0.5237496495246887,-0.22593753039836884,-0.5344325304031372,0.21814894676208496,0.21935325860977173,-0.0012043118476867676,-0.3010255694389343,-0.08287662267684937,0.39137162268161774,1.49
qwen3-4b-obr-p15-s42,<TRAIN_ROOT>/qwen3-4b-obr-p15-s42/checkpoint-417,f7440cb46f2ded22787762f6,214,8,mid,31,53,-1.1824045181274414,-0.016901914030313492,-1.1386443376541138,-0.04432330280542374,-0.9203290343284607,-0.0893690437078476,0.07118156924843788,0.04376018047332764,0.027421388775110245,-1.165502604097128,-1.09432103484869,0.26336104422807693,1.25
qwen3-4b-obr-p15-s42,<TRAIN_ROOT>/qwen3-4b-obr-p15-s42/checkpoint-417,296ef9f61d3d6c60a128c367,872,1,early,28,89,-1.034505844116211,-0.0075611537322402,-0.7943530678749084,-0.02689107321202755,-0.35198721289634705,-0.05990685522556305,0.25948269572108984,0.2401527762413025,0.01932991947978735,-1.0269446903839707,-0.7674619946628809,0.4753816369920969,1.3
qwen3-4b-obr-p15-s42,<TRAIN_ROOT>/qwen3-4b-obr-p15-s42/checkpoint-417,ab9ba1b6f827dc974938a70a,872,2,late,77,89,-1.5580799579620361,-0.3557097315788269,-1.3564488887786865,-0.35375741124153137,-0.6327388286590576,-0.3620644509792328,0.19967874884605408,0.2016310691833496,-0.0019523203372955322,-1.2023702263832092,-1.0026914775371552,0.7320170998573303,1.99
qwen3-4b-obr-p15-s42,<TRAIN_ROOT>/qwen3-4b-obr-p15-s42/checkpoint-417,c3228a901c6e5ea8796decd1,872,4,mid,41,89,-2.1766700744628906,-0.01896038092672825,-1.2281379699707031,-0.12332286685705185,-0.5900293588638306,-0.2575387954711914,1.052894590422511,0.9485321044921875,0.1043624859303236,-2.1577096935361624,-1.1048151031136513,0.7723245397210121,1.52
qwen3-4b-obr-p15-s42,<TRAIN_ROOT>/qwen3-4b-obr-p15-s42/checkpoint-417,5f5bad32dd62107618a21473,872,8,early,28,89,-1.5781086683273315,-0.0075611537322402,-1.0596472024917603,-0.0500827357172966,-0.5218876600265503,-0.10064146667718887,0.5609830478206277,0.5184614658355713,0.0425215819850564,-1.5705475145950913,-1.0095644667744637,0.5883182734251022,1.39
qwen3-4b-obr-p15-s42,<TRAIN_ROOT>/qwen3-4b-obr-p15-s42/checkpoint-417,1de1d47aeeec8e790d4963d5,84,1,late,73,79,-0.7684968113899231,-0.0032960453536361456,-0.6337393522262573,-0.02750631608068943,-0.36181437969207764,-0.05766971409320831,0.15896772989071906,0.13475745916366577,0.024210270727053285,-0.765200766036287,-0.6062330361455679,0.30208837054669857,1.56
qwen3-4b-obr-p15-s42,<TRAIN_ROOT>/qwen3-4b-obr-p15-s42/checkpoint-417,5cdce1d669e621163cea7026,84,2,mid,40,79,-1.2928260564804077,-1.3213169574737549,-1.3418527841567993,-1.2138895988464355,-0.38718006014823914,-1.0025579929351807,-0.15645408630371094,-0.0490267276763916,-0.10742735862731934,0.028490900993347168,-0.12796318531036377,0.7433411180973053,1.17
qwen3-4b-obr-p15-s42,<TRAIN_ROOT>/qwen3-4b-obr-p15-s42/checkpoint-417,dedfa3a1e01d8f51c7d89cd7,84,4,early,26,79,-1.615786075592041,-0.788964569568634,-1.49199640750885,-0.7384229302406311,-0.4135509133338928,-0.7767941355705261,0.07324802875518799,0.12378966808319092,-0.05054163932800293,-0.826821506023407,-0.753573477268219,1.1168166995048523,1.02
qwen3-4b-obr-p15-s42,<TRAIN_ROOT>/qwen3-4b-obr-p15-s42/checkpoint-417,20d55247bed5444ea9f65d19,84,8,late,76,79,-0.9199512004852295,-0.005060069262981415,-0.4156162738800049,-0.072750985622406,-0.03921687602996826,-0.3890504539012909,0.5720258429646492,0.5043349266052246,0.06769091635942459,-0.9148911312222481,-0.3428652882575989,0.6926988661289215,1.69
qwen3-4b-obr-p15-s42,<TRAIN_ROOT>/qwen3-4b-obr-p15-s42/checkpoint-417,8e67e740d29e545c0ddec327,585,1,mid,31,64,-1.5887813568115234,-1.5584052801132202,-1.1289821863174438,-1.5089861154556274,-0.7140651941299438,-1.497791051864624,0.4103800058364868,0.4597991704940796,-0.04941916465759277,-0.030376076698303223,0.3800039291381836,0.4037219285964966,0.78
qwen3-4b-obr-p15-s42,<TRAIN_ROOT>/qwen3-4b-obr-p15-s42/checkpoint-417,2203c0f52d641f3cd08d03ef,585,2,early,16,64,-2.0192253589630127,-3.638218402862549,-0.8659858703613281,-3.710630178451538,-0.4519027769565582,-3.6617233753204346,1.2256512641906738,1.1532394886016846,0.07241177558898926,1.6189930438995361,2.84464430809021,0.3651762902736664,0.67
qwen3-4b-obr-p15-s42,<TRAIN_ROOT>/qwen3-4b-obr-p15-s42/checkpoint-417,138425a3459db02300c9df65,585,4,late,55,64,-1.6902897357940674,-2.139665126800537,-0.6443018317222595,-2.0856759548187256,-0.12658391892910004,-2.2425599098205566,0.9919987320899963,1.0459879040718079,-0.05398917198181152,0.4493753910064697,1.441374123096466,0.6746018677949905,1.02
qwen3-4b-obr-p15-s42,<TRAIN_ROOT>/qwen3-4b-obr-p15-s42/checkpoint-417,129c05db0d3a3c4bcd246fe5,585,8,mid,36,64,-2.4907636642456055,-1.092240810394287,-1.3025344610214233,-1.2958652973175049,-0.2804320752620697,-1.5146371126174927,1.3918536901474,1.1882292032241821,0.20362448692321777,-1.3985228538513184,-0.006669163703918457,1.2408742010593414,0.88
qwen3-4b-obr-p15-s42,<TRAIN_ROOT>/qwen3-4b-obr-p15-s42/checkpoint-417,ad7092aca4488efc9db26c8f,772,1,early,10,45,-1.1319998502731323,-0.09679186344146729,-0.6830486059188843,-0.10060286521911621,-0.3077421188354492,-0.11146318912506104,0.452762246131897,0.44895124435424805,0.0038110017776489258,-1.035207986831665,-0.5824457406997681,0.3861668109893799,0.77
qwen3-4b-obr-p15-s42,<TRAIN_ROOT>/qwen3-4b-obr-p15-s42/checkpoint-417,15bb19c247c3f5881bc5d98e,772,2,late,35,45,-1.2859907150268555,-0.5610900521278381,-1.1816577911376953,-0.545421838760376,-0.15641236305236816,-0.5774773359298706,0.088664710521698,0.10433292388916016,-0.015668213367462158,-0.7249006628990173,-0.6362359523773193,1.0573009252548218,1.06
qwen3-4b-obr-p15-s42,<TRAIN_ROOT>/qwen3-4b-obr-p15-s42/checkpoint-417,1954c28a0143673d6bc9adc4,772,4,mid,29,45,-0.7584463357925415,-1.3623806238174438,-0.46540290117263794,-1.1837704181671143,-0.2812120020389557,-1.1253654956817627,0.11443322896957397,0.29304343461990356,-0.1786102056503296,0.6039342880249023,0.7183675169944763,0.1257859766483307,1.01
qwen3-4b-obr-p15-s42,<TRAIN_ROOT>/qwen3-4b-obr-p15-s42/checkpoint-417,fdd6a951473822214878a1a3,772,8,early,10,45,-1.4924286603927612,-0.09679186344146729,-1.2395377159118652,-0.28994524478912354,-0.6771109700202942,-0.4576380252838135,0.44604432582855225,0.252890944480896,0.19315338134765625,-1.395636796951294,-0.9495924711227417,0.730119526386261,0.83
qwen3-4b-obr-p15-s42,<TRAIN_ROOT>/qwen3-4b-obr-p15-s42/checkpoint-417,d67eb6d44d6f06e364a90708,460,1,late,51,72,-1.4584907293319702,-0.4493692219257355,-0.9187151193618774,-0.43455401062965393,-0.5267260670661926,-0.4730339050292969,0.5249603986740112,0.5397756099700928,-0.014815211296081543,-1.0091215074062347,-0.4841611087322235,0.43046894669532776,1.74
qwen3-4b-obr-p15-s42,<TRAIN_ROOT>/qwen3-4b-obr-p15-s42/checkpoint-417,293a267d3a3031b50c80856f,460,2,mid,25,72,-0.7696157693862915,-0.6119481921195984,-0.681474506855011,-0.7043216228485107,-0.42040902376174927,-0.8040586113929749,0.18051469326019287,0.08814126253128052,0.09237343072891235,-0.15766757726669312,0.022847115993499756,0.36080247163772583,1.36
qwen3-4b-obr-p15-s42,<TRAIN_ROOT>/qwen3-4b-obr-p15-s42/checkpoint-417,3a9885d5eacd6b4616847f9c,460,4,early,7,72,-1.0393840074539185,-0.5280516147613525,-0.9290159344673157,-0.6552739143371582,-0.23743778467178345,-0.7179892063140869,0.23759037256240845,0.11036807298660278,0.12722229957580566,-0.5113323926925659,-0.27374202013015747,0.7542934417724609,1.16
qwen3-4b-obr-p15-s42,<TRAIN_ROOT>/qwen3-4b-obr-p15-s42/checkpoint-417,8b73328976048466328b58ae,460,8,late,56,72,-1.2575840950012207,-0.8558586239814758,-1.031394362449646,-1.0188175439834595,-0.31002894043922424,-1.109654426574707,0.38914865255355835,0.2261897325515747,0.16295892000198364,-0.4017254710197449,-0.012576818466186523,0.8122023046016693,1.92
qwen3-4b-obr-p15-s42,<TRAIN_ROOT>/qwen3-4b-obr-p15-s42/checkpoint-417,2a4159635a1b90ecaf5c4493,476,1,mid,10,25,-2.0925369262695312,-0.9524271488189697,-1.4845218658447266,-0.9485969543457031,-0.9920613169670105,-0.8964717388153076,0.6041848659515381,0.6080150604248047,-0.0038301944732666016,-1.1401097774505615,-0.5359249114990234,0.44033533334732056,0.65
qwen3-4b-obr-p15-s42,<TRAIN_ROOT>/qwen3-4b-obr-p15-s42/checkpoint-417,608232e956f9586de48124c1,476,2,early,8,25,-1.5559242963790894,-0.6276580691337585,-1.2079130411148071,-0.7213059067726135,-0.39396777749061584,-0.7659969925880432,0.4416590929031372,0.3480112552642822,0.09364783763885498,-0.9282662272453308,-0.4866071343421936,0.858636349439621,0.64
qwen3-4b-obr-p15-s42,<TRAIN_ROOT>/qwen3-4b-obr-p15-s42/checkpoint-417,c7ab532a4796a41792cf0fb4,476,4,late,19,25,-0.8455781936645508,-1.1644442081451416,-0.8767170906066895,-1.3331663608551025,-0.24643874168395996,-1.3032848834991455,0.13758325576782227,-0.031138896942138672,0.16872215270996094,0.3188660144805908,0.4564492702484131,0.6003968715667725,0.76
qwen3-4b-obr-p15-s42,<TRAIN_ROOT>/qwen3-4b-obr-p15-s42/checkpoint-417,411079d4a43229cd9d819ab0,476,8,mid,14,25,-1.8464435338974,-0.05424976348876953,-0.9186911582946777,-0.27988386154174805,-0.3252915143966675,-0.3425440788269043,1.1533864736557007,0.9277523756027222,0.22563409805297852,-1.7921937704086304,-0.6388072967529297,0.6560598611831665,0.75
qwen3-4b-obr-p15-s42,<TRAIN_ROOT>/qwen3-4b-obr-p15-s42/checkpoint-417,bcf4a631411ead04f9e07598,112,1,early,6,36,-1.2603048086166382,-0.44759124517440796,-1.0380747318267822,-0.4705720543861389,-0.7049204707145691,-0.5171049237251282,0.24521088600158691,0.22223007678985596,0.022980809211730957,-0.8127135634422302,-0.5675026774406433,0.3796871304512024,0.82
qwen3-4b-obr-p15-s42,<TRAIN_ROOT>/qwen3-4b-obr-p15-s42/checkpoint-417,b12e28e84fd488140eba184b,112,2,late,33,36,-2.1379024982452393,-0.632343053817749,-1.7170721292495728,-0.6604870557785034,-0.5420960187911987,-0.5834814310073853,0.4489743709564209,0.4208303689956665,0.028144001960754395,-1.5055594444274902,-1.0565850734710693,1.0979704856872559,1.13
qwen3-4b-obr-p15-s42,<TRAIN_ROOT>/qwen3-4b-obr-p15-s42/checkpoint-417,304198d3231dc6703556bba0,112,4,mid,18,36,-0.598345160484314,-0.14380469918251038,-0.46687793731689453,-0.3169519007205963,-0.3525645136833191,-0.37166348099708557,0.30461442470550537,0.13146722316741943,0.17314720153808594,-0.4545404613018036,-0.14992603659629822,0.1690250039100647,0.99
qwen3-4b-obr-p15-s42,<TRAIN_ROOT>/qwen3-4b-obr-p15-s42/checkpoint-417,ac5e64f0faca410ed9af66ba,112,8,early,9,36,-0.9765253067016602,-1.2265024185180664,-0.8413254022598267,-1.1862839460372925,-0.3168926239013672,-1.2775115966796875,0.09498143196105957,0.1351999044418335,-0.040218472480773926,0.24997711181640625,0.3449585437774658,0.6156604290008545,0.94
qwen3-4b-obr-p15-s42,<TRAIN_ROOT>/qwen3-4b-obr-p15-s42/checkpoint-417,df0cc647b67e90068478d221,265,1,late,44,46,-0.9931137561798096,-0.21708185970783234,-0.5734552145004272,-0.22435115277767181,-0.29435276985168457,-0.227309912443161,0.4269278347492218,0.4196585416793823,0.0072692930698394775,-0.7760318964719772,-0.34910406172275543,0.2820612043142319,1.0
qwen3-4b-obr-p15-s42,<TRAIN_ROOT>/qwen3-4b-obr-p15-s42/checkpoint-417,988b1a88f3169c92eeafc80f,265,2,mid,29,46,-1.3760147094726562,-0.0015794754726812243,-0.7188470959663391,-0.0650545135140419,-0.4685175120830536,-0.18514271080493927,0.7206426515476778,0.6571676135063171,0.06347503804136068,-1.374435233999975,-0.6537925824522972,0.3704177811741829,0.86
qwen3-4b-obr-p15-s42,<TRAIN_ROOT>/qwen3-4b-obr-p15-s42/checkpoint-417,0451b195b260e9949b03b333,265,4,early,13,46,-0.6940298676490784,-0.5173754692077637,-0.4089197516441345,-0.5235496759414673,-0.16426673531532288,-0.5345986485481262,0.29128432273864746,0.28511011600494385,0.006174206733703613,-0.1766543984413147,0.11462992429733276,0.2557019889354706,0.74
qwen3-4b-obr-p15-s42,<TRAIN_ROOT>/qwen3-4b-obr-p15-s42/checkpoint-417,00aa0148d187488946e7fb98,265,8,late,37,46,-1.2545222043991089,-0.01228278037160635,-0.6793327331542969,-0.1860937476158142,-0.11061878502368927,-0.37501609325408936,0.7490004384890199,0.575189471244812,0.17381096724420786,-1.2422394240275025,-0.49323898553848267,0.7576362937688828,1.0
qwen3-4b-obr-p15-s42,<TRAIN_ROOT>/qwen3-4b-obr-p15-s42/checkpoint-417,527852dc4a9810c309536e96,832,1,mid,28,71,-1.4434995651245117,-0.25803089141845703,-1.2372840642929077,-0.35890674591064453,-0.5595232844352722,-0.4772779941558838,0.3070913553237915,0.206215500831604,0.1008758544921875,-1.1854686737060547,-0.8783773183822632,0.7961320281028748,0.93
qwen3-4b-obr-p15-s42,<TRAIN_ROOT>/qwen3-4b-obr-p15-s42/checkpoint-417,a02d6c7ed721f1c92a424523,832,2,early,5,71,-0.9249665141105652,-0.9248242378234863,-0.7021530866622925,-0.9938716888427734,-0.46692323684692383,-1.0258400440216064,0.2918608784675598,0.2228134274482727,0.06904745101928711,-0.00014227628707885742,0.29171860218048096,0.26719820499420166,0.72
qwen3-4b-obr-p15-s42,<TRAIN_ROOT>/qwen3-4b-obr-p15-s42/checkpoint-417,846e6c67abe28d7ecc90da37,832,4,late,51,71,-1.58589768409729,-1.3367879390716553,-0.9180908203125,-1.3277325630187988,-0.12862372398376465,-1.5441243648529053,0.6587514877319336,0.66780686378479,-0.009055376052856445,-0.24910974502563477,0.40964174270629883,1.0058588981628418,1.22
qwen3-4b-obr-p15-s42,<TRAIN_ROOT>/qwen3-4b-obr-p15-s42/checkpoint-417,464d2922e7366e6b97103ab4,832,8,mid,46,71,-1.21718430519104,-0.011892318725585938,-0.7852843999862671,-0.026456594467163086,-0.22614511847496033,-0.1413724422454834,0.4464641809463501,0.43189990520477295,0.014564275741577148,-1.205291986465454,-0.758827805519104,0.6740551292896271,1.23
qwen3-4b-obr-p15-s42,<TRAIN_ROOT>/qwen3-4b-obr-p15-s42/checkpoint-417,855b06bef5f437f2308d9414,359,1,early,3,23,-3.5366477966308594,-1.1267350912094116,-2.893509864807129,-1.061894416809082,-2.22268009185791,-1.0191253423690796,0.5782972574234009,0.6431379318237305,-0.06484067440032959,-2.4099127054214478,-1.8316154479980469,0.6280606985092163,0.54
qwen3-4b-obr-p15-s42,<TRAIN_ROOT>/qwen3-4b-obr-p15-s42/checkpoint-417,6a489b8561c5183e1d9d9c2c,359,2,late,19,23,-1.2037690877914429,-0.8383076786994934,-0.8675090670585632,-0.6955149173736572,-0.34916383028030396,-0.7672922611236572,0.19346725940704346,0.33626002073287964,-0.14279276132583618,-0.36546140909194946,-0.171994149684906,0.5901225805282593,0.69
qwen3-4b-obr-p15-s42,<TRAIN_ROOT>/qwen3-4b-obr-p15-s42/checkpoint-417,dc301a34fc4d15c1bc2406a9,359,4,mid,12,23,-0.969696044921875,-0.5674240589141846,-1.1010587215423584,-0.5383902788162231,-0.3109321594238281,-0.5025705099105835,-0.16039645671844482,-0.1313626766204834,-0.029033780097961426,-0.40227198600769043,-0.5626684427261353,0.7543067932128906,0.65
qwen3-4b-obr-p15-s42,<TRAIN_ROOT>/qwen3-4b-obr-p15-s42/checkpoint-417,f945f901f5e2dbc866d175a7,359,8,early,8,23,-1.6379822492599487,-0.5807477831840515,-1.4637467861175537,-0.5918067693710327,-0.8750433921813965,-0.615278422832489,0.18529444932937622,0.17423546314239502,0.011058986186981201,-1.0572344660758972,-0.871940016746521,0.6121750473976135,0.66
qwen3-4b-obr-p15-s42,<TRAIN_ROOT>/qwen3-4b-obr-p15-s42/checkpoint-417,c92261ecbbe032c47d72683f,711,1,late,41,59,-0.6752164959907532,-0.9794386029243469,-0.735979437828064,-0.9101371765136719,-0.44059044122695923,-0.896325409412384,-0.13006436824798584,-0.06076294183731079,-0.06930142641067505,0.30422210693359375,0.1741577386856079,0.2815772294998169,1.02
qwen3-4b-obr-p15-s42,<TRAIN_ROOT>/qwen3-4b-obr-p15-s42/checkpoint-417,47aed701c56c2603a8b0f69b,711,2,mid,35,59,-1.2523564100265503,-0.7294422388076782,-1.033439040184021,-0.7220045328140259,-0.6615562438964844,-0.7852840423583984,0.21147966384887695,0.2189173698425293,-0.007437705993652344,-0.5229141712188721,-0.3114345073699951,0.4351623058319092,0.96
qwen3-4b-obr-p15-s42,<TRAIN_ROOT>/qwen3-4b-obr-p15-s42/checkpoint-417,50d15936ef9e10fc403c9b38,711,4,early,11,59,-1.588476538658142,-1.0159151554107666,-1.310626745223999,-1.0315284729003906,-0.6989752054214478,-1.0770409107208252,0.2934631109237671,0.27784979343414307,0.015613317489624023,-0.5725613832473755,-0.2790982723236084,0.6571639776229858,0.73
qwen3-4b-obr-p15-s42,<TRAIN_ROOT>/qwen3-4b-obr-p15-s42/checkpoint-417,eed41c48cf5f158574a62659,711,8,late,54,59,-1.053783893585205,-1.4496207237243652,-0.7221953272819519,-1.4317094087600708,-0.02203793078660965,-1.6529386043548584,0.31367725133895874,0.3315885663032532,-0.017911314964294434,0.39583683013916016,0.7095140814781189,0.9213865920901299,1.2
qwen3-4b-obr-p15-s42,<TRAIN_ROOT>/qwen3-4b-obr-p15-s42/checkpoint-417,c88121271d6106690907486c,412,1,mid,17,34,-1.1764460802078247,-1.4669109582901,-0.765504002571106,-1.5091326236724854,-0.2763385772705078,-1.5103462934494019,0.453163743019104,0.41094207763671875,0.042221665382385254,0.2904648780822754,0.7436286211013794,0.49037909507751465,0.84
qwen3-4b-obr-p15-s42,<TRAIN_ROOT>/qwen3-4b-obr-p15-s42/checkpoint-417,2947270ca1d5140e05cd4663,412,2,early,3,34,-1.7201356887817383,-1.8249433040618896,-0.9278780221939087,-1.7672555446624756,-0.605895459651947,-1.8678700923919678,0.7345699071884155,0.7922576665878296,-0.05768775939941406,0.10480761528015137,0.8393775224685669,0.42259711027145386,0.73
qwen3-4b-obr-p15-s42,<TRAIN_ROOT>/qwen3-4b-obr-p15-s42/checkpoint-417,2d09f878ffc0d24c33b79021,412,4,late,26,34,-1.0671679973602295,-0.8601924180984497,-0.5776262283325195,-0.9533810019493103,-0.13065218925476074,-0.9787781834602356,0.5827303528785706,0.48954176902770996,0.0931885838508606,-0.20697557926177979,0.37575477361679077,0.4723712205886841,0.97
qwen3-4b-obr-p15-s42,<TRAIN_ROOT>/qwen3-4b-obr-p15-s42/checkpoint-417,3062c212d34561e0d4cf63ea,412,8,mid,15,34,-1.9506698846817017,-1.5149357318878174,-1.2535812854766846,-1.6175177097320557,-0.4670642912387848,-1.8002510070800781,0.7996705770492554,0.6970885992050171,0.10258197784423828,-0.4357341527938843,0.3639364242553711,0.9692502915859222,0.88
qwen3-4b-obr-p15-s42,<TRAIN_ROOT>/qwen3-4b-obr-p15-s42/checkpoint-417,e228044d95b0781a977d7b06,532,1,early,9,51,-2.6368114948272705,-0.2372300624847412,-1.8054448366165161,-0.22386574745178223,-1.317206859588623,-0.22581300139427185,0.8180023431777954,0.8313666582107544,-0.013364315032958984,-2.3995814323425293,-1.5815790891647339,0.4901852309703827,0.57
qwen3-4b-obr-p15-s42,<TRAIN_ROOT>/qwen3-4b-obr-p15-s42/checkpoint-417,2635de1b6cc554d7c0bccb0f,532,2,late,42,51,-0.7285171747207642,-0.029875947162508965,-0.5293479561805725,-0.061151888221502304,-0.3465310335159302,-0.06451483070850372,0.230445159599185,0.19916921854019165,0.03127594105899334,-0.6986412275582552,-0.4681960679590702,0.18617986515164375,0.92
qwen3-4b-obr-p15-s42,<TRAIN_ROOT>/qwen3-4b-obr-p15-s42/checkpoint-417,18c20933d677d19e058a6563,532,4,mid,29,51,-0.7459054589271545,-0.4682384729385376,-0.4026162624359131,-0.5110912322998047,-0.09378471970558167,-0.5707751512527466,0.38614195585250854,0.34328919649124146,0.04285275936126709,-0.27766698598861694,0.1084749698638916,0.3685154616832733,0.8
qwen3-4b-obr-p15-s42,<TRAIN_ROOT>/qwen3-4b-obr-p15-s42/checkpoint-417,1f6fde163c2d700f23e3b8cf,532,8,early,12,51,-0.5069183111190796,-0.21241647005081177,-0.47306060791015625,-0.19720244407653809,-0.07657527923583984,-0.2673918604850769,0.018643677234649658,0.03385770320892334,-0.015214025974273682,-0.2945018410682678,-0.27585816383361816,0.4666747450828552,0.68
qwen3-4b-obr-p15-s42,<TRAIN_ROOT>/qwen3-4b-obr-p15-s42/checkpoint-417,d28d96c1b4e2bee22f7a0f5e,22,1,late,55,60,-1.963069200515747,-0.044996537268161774,-0.8754796981811523,-0.13494546711444855,-0.21260762214660645,-0.20295007526874542,1.1775384321808815,1.0875895023345947,0.08994892984628677,-1.9180726632475853,-0.7405342310667038,0.7308766841888428,0.98
qwen3-4b-obr-p15-s42,<TRAIN_ROOT>/qwen3-4b-obr-p15-s42/checkpoint-417,76057a13e7ced01f0b2fa09e,22,2,mid,23,60,-1.0375406742095947,-0.4221985340118408,-0.8266139626502991,-0.503530740737915,-0.23922348022460938,-0.575005054473877,0.2922589182853699,0.21092671155929565,0.08133220672607422,-0.6153421401977539,-0.32308322191238403,0.6588647961616516,0.7
qwen3-4b-obr-p15-s42,<TRAIN_ROOT>/qwen3-4b-obr-p15-s42/checkpoint-417,3ff882f4f3544cf0f257aa94,22,4,early,16,60,-0.8308132886886597,-0.8914690017700195,-0.6599481701850891,-0.9967286586761475,-0.2105085551738739,-0.9532225131988525,0.2761247754096985,0.17086511850357056,0.10525965690612793,0.06065571308135986,0.33678048849105835,0.4059334695339203,0.63
qwen3-4b-obr-p15-s42,<TRAIN_ROOT>/qwen3-4b-obr-p15-s42/checkpoint-417,a34385efba2c5efdf93a8957,22,8,late,52,60,-2.058194160461426,-0.8798017501831055,-1.0844926834106445,-0.6808578968048096,-0.10724513232707977,-0.7545287609100342,0.7747576236724854,0.9737014770507812,-0.1989438533782959,-1.1783924102783203,-0.40363478660583496,1.0509184151887894,1.02
qwen3-4b-obr-p15-s42,<TRAIN_ROOT>/qwen3-4b-obr-p15-s42/checkpoint-417,806aeae824ad23b83118a5ad,299,1,mid,37,66,-0.9259989261627197,-0.9571190476417542,-0.6308210492134094,-0.9292818307876587,-0.48979800939559937,-0.913159191608429,0.26734066009521484,0.2951778769493103,-0.02783721685409546,0.031120121479034424,0.29846078157424927,0.12490040063858032,0.88
qwen3-4b-obr-p15-s42,<TRAIN_ROOT>/qwen3-4b-obr-p15-s42/checkpoint-417,9d8a2774978365c157fb4171,299,2,early,21,66,-1.1629507541656494,-0.002871990203857422,-0.7855112552642822,-0.026751995086669922,-0.6465437412261963,-0.037085771560668945,0.4013195037841797,0.3774394989013672,0.0238800048828125,-1.160078763961792,-0.7587592601776123,0.14930129051208496,0.73
qwen3-4b-obr-p15-s42,<TRAIN_ROOT>/qwen3-4b-obr-p15-s42/checkpoint-417,7e2cb9c4c4ae6aeb88279a0b,299,4,late,64,66,-1.611592411994934,-1.4049179553985596,-1.0235358476638794,-1.5496704578399658,-0.16306665539741516,-1.6480472087860107,0.7328090667724609,0.5880565643310547,0.14475250244140625,-0.2066744565963745,0.5261346101760864,0.9588459432125092,1.2
qwen3-4b-obr-p15-s42,<TRAIN_ROOT>/qwen3-4b-obr-p15-s42/checkpoint-417,d8180f9387dd944ad972e4b3,299,8,mid,27,66,-1.3332173824310303,-0.9297121167182922,-1.2601323127746582,-0.991006076335907,-0.40059709548950195,-0.9623632431030273,0.13437902927398682,0.07308506965637207,0.061293959617614746,-0.40350526571273804,-0.2691262364387512,0.8308923840522766,0.84
qwen3-4b-obr-p15-s42,<TRAIN_ROOT>/qwen3-4b-obr-p15-s42/checkpoint-417,25308b0ce2b1fc2f48c5f794,984,1,early,13,69,-2.231314182281494,-0.5858039855957031,-1.9478845596313477,-0.5486644506454468,-1.2309939861297607,-0.5258220434188843,0.24629008769989014,0.2834296226501465,-0.03713953495025635,-1.645510196685791,-1.3992201089859009,0.6940481662750244,0.74
qwen3-4b-obr-p15-s42,<TRAIN_ROOT>/qwen3-4b-obr-p15-s42/checkpoint-417,9a4e5aad5bebf2efe85ad11e,984,2,late,61,69,-0.828974723815918,-0.5297046303749084,-0.5635190010070801,-0.58250492811203,-0.11275458335876465,-0.5216203331947327,0.3182560205459595,0.2654557228088379,0.05280029773712158,-0.2992700934410095,0.01898592710494995,0.38987982273101807,1.23
qwen3-4b-obr-p15-s42,<TRAIN_ROOT>/qwen3-4b-obr-p15-s42/checkpoint-417,87a55359562cfd193e4f79d1,984,4,mid,33,69,-1.2563568353652954,-0.0074937609024345875,-1.1437774896621704,-0.08059629052877426,-0.8116783499717712,-0.13227060437202454,0.18568187532946467,0.112579345703125,0.07310252962633967,-1.2488630744628608,-1.0631811991333961,0.38377345353364944,0.96
qwen3-4b-obr-p15-s42,<TRAIN_ROOT>/qwen3-4b-obr-p15-s42/checkpoint-417,0bd6b12149dd96afca6c55db,984,8,early,12,69,-1.424115538597107,-2.680297613143921,-1.5491212606430054,-2.755390167236328,-0.8386573791503906,-2.605532169342041,-0.04991316795349121,-0.12500572204589844,0.07509255409240723,1.256182074546814,1.2062689065933228,0.5606058835983276,0.82
qwen3-4b-obr-p15-s42,<TRAIN_ROOT>/qwen3-4b-obr-p15-s42/checkpoint-417,e05fd0b5ec672f65f9facb8c,353,1,late,19,26,-1.0059213638305664,-0.5301039814949036,-0.8010885715484619,-0.541623055934906,-0.46245861053466797,-0.5545430779457092,0.21635186672210693,0.2048327922821045,0.011519074440002441,-0.47581738233566284,-0.2594655156135559,0.35154998302459717,1.13
qwen3-4b-obr-p15-s42,<TRAIN_ROOT>/qwen3-4b-obr-p15-s42/checkpoint-417,d74333173d3c52ededa83d72,353,2,mid,16,26,-0.31591352820396423,-0.7788029909133911,-0.22627602517604828,-0.75601726770401,-0.08607928454875946,-0.7332818508148193,0.06685177981853485,0.08963750302791595,-0.022785723209381104,0.4628894627094269,0.5297412425279617,0.11746132373809814,1.1
qwen3-4b-obr-p15-s42,<TRAIN_ROOT>/qwen3-4b-obr-p15-s42/checkpoint-417,60bfe85c97a884cfbf8ada69,353,4,early,5,26,-0.6967859268188477,-0.5682557225227356,-0.5263388752937317,-0.5638279318809509,-0.07247314602136612,-0.6731249094009399,0.1660192608833313,0.17044705152511597,-0.004427790641784668,-0.12853020429611206,0.03748905658721924,0.5631627067923546,0.99
qwen3-4b-obr-p15-s42,<TRAIN_ROOT>/qwen3-4b-obr-p15-s42/checkpoint-417,d485155e3cebd2c804a90bf5,353,8,late,23,26,-0.49519863724708557,-0.48427319526672363,-0.3994944095611572,-0.49215614795684814,-0.22113361954689026,-0.5443801879882812,0.10358718037605286,0.09570422768592834,0.007882952690124512,-0.010925441980361938,0.09266173839569092,0.23058483004570007,1.31
qwen3-4b-obr-p15-s42,<TRAIN_ROOT>/qwen3-4b-obr-p15-s42/checkpoint-417,3d1823bcf955cf0042e58546,800,1,mid,40,69,-1.208088755607605,-0.0031399198342114687,-0.6402367353439331,-0.021287495270371437,-0.5470244288444519,-0.033369701355695724,0.5859995956998318,0.5678520202636719,0.01814757543615997,-1.2049488357733935,-0.6189492400735617,0.10529451258480549,0.99
qwen3-4b-obr-p15-s42,<TRAIN_ROOT>/qwen3-4b-obr-p15-s42/checkpoint-417,19bc721210ce568dd85e66d2,800,2,early,16,69,-0.9322254061698914,-0.1731773018836975,-0.8652250170707703,-0.26113277673721313,-0.6480746269226074,-0.35175472497940063,0.15495586395263672,0.0670003890991211,0.08795547485351562,-0.7590481042861938,-0.6040922403335571,0.30777233839035034,0.77
qwen3-4b-obr-p15-s42,<TRAIN_ROOT>/qwen3-4b-obr-p15-s42/checkpoint-417,61d30debf6f4930b122e45b9,800,4,late,61,69,-1.0421863794326782,-0.7018005847930908,-0.8311609625816345,-0.866898775100708,-0.2000022977590561,-1.1418755054473877,0.3761236071586609,0.2110254168510437,0.1650981903076172,-0.3403857946395874,0.035737812519073486,0.9061353951692581,1.24
qwen3-4b-obr-p15-s42,<TRAIN_ROOT>/qwen3-4b-obr-p15-s42/checkpoint-417,e439d22a97d0b3af281989ae,800,8,mid,46,69,-0.9237582683563232,-0.7552690505981445,-0.7770106792449951,-0.6739367246627808,-0.6313257217407227,-0.6474589109420776,0.06541526317596436,0.14674758911132812,-0.08133232593536377,-0.1684892177581787,-0.10307395458221436,0.11920714378356934,1.12
qwen3-4b-obr-p15-s42,<TRAIN_ROOT>/qwen3-4b-obr-p15-s42/checkpoint-417,1c547e24d53a57c262bd5dcc,1049,1,early,9,33,-0.8541925549507141,-0.6889232993125916,-0.7699255347251892,-0.7871700525283813,-0.5669735074043274,-0.8644121289253235,0.1825137734413147,0.0842670202255249,0.0982467532157898,-0.16526925563812256,0.01724451780319214,0.28019410371780396,0.57
qwen3-4b-obr-p15-s42,<TRAIN_ROOT>/qwen3-4b-obr-p15-s42/checkpoint-417,686f827473d2f7b0b50c130f,1049,2,late,31,33,-1.2672854661941528,-1.1478297710418701,-0.717652440071106,-1.0822980403900146,-0.23998746275901794,-1.0905346870422363,0.4841012954711914,0.5496330261230469,-0.06553173065185547,-0.11945569515228271,0.3646456003189087,0.4859016239643097,0.81
qwen3-4b-obr-p15-s42,<TRAIN_ROOT>/qwen3-4b-obr-p15-s42/checkpoint-417,0e16a3872848e737dddb35d9,1049,4,mid,13,33,-1.5953940153121948,-0.11550713330507278,-1.2052539587020874,-0.0968235582113266,-0.38323554396629333,-0.0845816507935524,0.37145648151636124,0.3901400566101074,-0.018683575093746185,-1.479886882007122,-1.1084304004907608,0.8097765073180199,0.65
qwen3-4b-obr-p15-s42,<TRAIN_ROOT>/qwen3-4b-obr-p15-s42/checkpoint-417,41ca22731884587deccccc63,1049,8,early,8,33,-1.1048147678375244,-0.6797756552696228,-0.9516971707344055,-0.7916509509086609,-0.5473846793174744,-0.8517879843711853,0.264992892742157,0.1531175971031189,0.11187529563903809,-0.4250391125679016,-0.16004621982574463,0.46444952487945557,0.64
qwen3-4b-obr-p15-s42,<TRAIN_ROOT>/qwen3-4b-obr-p15-s42/checkpoint-417,eb832003d9251b37a7a443d5,694,1,late,38,52,-1.2906347513198853,-0.9283175468444824,-1.151069164276123,-0.8718207478523254,-0.8914459943771362,-0.892525851726532,0.08306878805160522,0.1395655870437622,-0.05649679899215698,-0.36231720447540283,-0.2792484164237976,0.28032827377319336,1.09
qwen3-4b-obr-p15-s42,<TRAIN_ROOT>/qwen3-4b-obr-p15-s42/checkpoint-417,f67c57a22041bf1f45c25b36,694,2,mid,19,52,-1.7794597148895264,-0.0014186435146257281,-0.9693994522094727,-0.10045623779296875,-0.6199548244476318,-0.1525285542011261,0.9090978569583967,0.8100602626800537,0.09903759427834302,-1.7780410713749006,-0.8689432144165039,0.40151694416999817,0.91
qwen3-4b-obr-p15-s42,<TRAIN_ROOT>/qwen3-4b-obr-p15-s42/checkpoint-417,ca35095b8f0545926de791ec,694,4,early,15,52,-0.9887464642524719,-0.006379127502441406,-0.9213089346885681,-0.0641934871673584,-0.5727507472038269,-0.17525768280029297,0.1252518892288208,0.06743752956390381,0.05781435966491699,-0.9823673367500305,-0.8571154475212097,0.4596223831176758,0.89
qwen3-4b-obr-p15-s42,<TRAIN_ROOT>/qwen3-4b-obr-p15-s42/checkpoint-417,3ce540cf07c5623d46d255af,694,8,late,37,52,-1.3158986568450928,-0.10906792432069778,-0.4837668538093567,-0.2238246500492096,-0.060750965029001236,-0.4851897358894348,0.9468885287642479,0.8321318030357361,0.11475672572851181,-1.206830732524395,-0.2599422037601471,0.6843809746205807,1.16
qwen3-4b-obr-p15-s42,<TRAIN_ROOT>/qwen3-4b-obr-p15-s42/checkpoint-417,b2579c2786a7b4ce931b833a,75,1,mid,38,59,-0.9881739020347595,-0.48715686798095703,-0.7257459759712219,-0.503042459487915,-0.5400654077529907,-0.5018377304077148,0.2783135175704956,0.2624279260635376,0.015885591506958008,-0.5010170340538025,-0.22270351648330688,0.184475839138031,1.08
qwen3-4b-obr-p15-s42,<TRAIN_ROOT>/qwen3-4b-obr-p15-s42/checkpoint-417,ab5a5a6123efc6b4a594dac3,75,2,early,18,59,-3.052053213119507,-0.5895495414733887,-1.6323680877685547,-0.6570639610290527,-0.5421895980834961,-0.677623987197876,1.4871995449066162,1.4196851253509521,0.06751441955566406,-2.462503671646118,-0.975304126739502,1.1107385158538818,0.88
qwen3-4b-obr-p15-s42,<TRAIN_ROOT>/qwen3-4b-obr-p15-s42/checkpoint-417,741dae24f8d8bc56f7ee8e91,75,4,late,41,59,-1.1581146717071533,-1.024868369102478,-0.9492551684379578,-0.9364864230155945,-0.21836109459400177,-1.0383380651474,0.12047755718231201,0.20885950326919556,-0.08838194608688354,-0.1332463026046753,-0.012768745422363281,0.8327457159757614,1.14
qwen3-4b-obr-p15-s42,<TRAIN_ROOT>/qwen3-4b-obr-p15-s42/checkpoint-417,31f29fa68c8c76ff35e4d40a,75,8,mid,34,59,-2.5735106468200684,-1.430570125579834,-1.0674455165863037,-1.3753336668014526,-0.3051169812679291,-1.3525992631912231,1.4508286714553833,1.5060651302337646,-0.05523645877838135,-1.1429405212402344,0.3078881502151489,0.7395941317081451,1.11
qwen3-4b-obr-p15-s42,<TRAIN_ROOT>/qwen3-4b-obr-p15-s42/checkpoint-417,66d2187065a8598523e50cb4,229,1,early,16,76,-1.252097725868225,-0.7185255289077759,-0.9072639346122742,-0.7137481570243835,-0.4626537263393402,-0.6927295923233032,0.3400564193725586,0.3448337912559509,-0.004777371883392334,-0.5335721969604492,-0.19351577758789062,0.42359164357185364,0.85
qwen3-4b-obr-p15-s42,<TRAIN_ROOT>/qwen3-4b-obr-p15-s42/checkpoint-417,4a5846c9fb79ec397f347180,229,2,late,53,76,-1.7569580078125,-0.4055166244506836,-0.873473584651947,-0.3053445816040039,-0.5075012445449829,-0.34569644927978516,0.7833123803138733,0.883484423160553,-0.10017204284667969,-1.3514413833618164,-0.5681290030479431,0.40632420778274536,1.34
qwen3-4b-obr-p15-s42,<TRAIN_ROOT>/qwen3-4b-obr-p15-s42/checkpoint-417,fde1278791fb09d3ec4e38b5,229,4,mid,47,76,-1.6400879621505737,-0.06991659104824066,-1.1434195041656494,-0.4131298363208771,-0.4176536500453949,-0.8297969698905945,0.8398817032575607,0.4966684579849243,0.3432132452726364,-1.570171371102333,-0.7302896678447723,1.142432987689972,1.29
qwen3-4b-obr-p15-s42,<TRAIN_ROOT>/qwen3-4b-obr-p15-s42/checkpoint-417,fe4939cd62c0d14e88ec9952,229,8,early,9,76,-0.5994607210159302,-0.05033111944794655,-0.4745579957962036,-0.09732070565223694,-0.2775643765926361,-0.2590835392475128,0.17189231142401695,0.12490272521972656,0.04698958620429039,-0.5491296015679836,-0.3772372901439667,0.3587564527988434,0.85
qwen3-4b-obr-p15-s42,<TRAIN_ROOT>/qwen3-4b-obr-p15-s42/checkpoint-417,b6f15fce736da2ed4e1d1ef6,358,1,late,25,31,-0.8801124095916748,-1.426746129989624,-0.5835086107254028,-1.4156110286712646,-0.34680038690567017,-1.4362226724624634,0.2854686975479126,0.296603798866272,-0.011135101318359375,0.5466337203979492,0.8321024179458618,0.2573198676109314,1.13
qwen3-4b-obr-p15-s42,<TRAIN_ROOT>/qwen3-4b-obr-p15-s42/checkpoint-417,ae64cb9482c2deb257fd9a3b,358,2,mid,11,31,-0.48988792300224304,-0.9126531481742859,-0.38476860523223877,-0.9550866484642029,-0.1535307914018631,-0.9673978686332703,0.14755281805992126,0.10511931777000427,0.04243350028991699,0.42276522517204285,0.5703180432319641,0.24354903399944305,1.0
qwen3-4b-obr-p15-s42,<TRAIN_ROOT>/qwen3-4b-obr-p15-s42/checkpoint-417,4552f6cf85eb98d5fb34b403,358,4,early,9,31,-1.8534693717956543,-0.36092352867126465,-0.8214640021324158,-0.3390374481678009,-0.4345618784427643,-0.34781813621520996,1.0101192891597748,1.0320053696632385,-0.021886080503463745,-1.4925458431243896,-0.48242655396461487,0.39568281173706055,0.98
qwen3-4b-obr-p15-s42,<TRAIN_ROOT>/qwen3-4b-obr-p15-s42/checkpoint-417,2219439c31f9ee48fb18c8ec,358,8,late,25,31,-1.2403956651687622,-1.426746129989624,-0.7090710997581482,-1.465337872505188,-0.09717854857444763,-1.5016521215438843,0.569916307926178,0.531324565410614,0.038591742515563965,0.18635046482086182,0.7562667727470398,0.6482068002223969,1.22
qwen3-4b-obr-p15-s42,<TRAIN_ROOT>/qwen3-4b-obr-p15-s42/checkpoint-417,59c8e653be01d499622952bd,928,1,mid,29,82,-0.6514462232589722,-1.0902807712554932,-0.5547293424606323,-1.0676685571670532,-0.4061982035636902,-1.0599242448806763,0.0741046667098999,0.09671688079833984,-0.02261221408843994,0.438834547996521,0.5129392147064209,0.14078682661056519,1.01
qwen3-4b-obr-p15-s42,<TRAIN_ROOT>/qwen3-4b-obr-p15-s42/checkpoint-417,8a24137edfcf39f8b8457f9d,928,2,early,26,82,-0.8990679979324341,-0.3450508117675781,-0.869650661945343,-0.4047727584838867,-0.8052855730056763,-0.43088778853416443,0.08913928270339966,0.029417335987091064,0.059721946716308594,-0.554017186164856,-0.4648779034614563,0.09048011898994446,0.99
qwen3-4b-obr-p15-s42,<TRAIN_ROOT>/qwen3-4b-obr-p15-s42/checkpoint-417,ccb76dac12de663ff031047c,928,4,late,61,82,-0.9228695034980774,-0.5559398531913757,-0.7543877959251404,-0.4283876419067383,-0.18129950761795044,-0.4575343132019043,0.04092949628829956,0.168481707572937,-0.12755221128463745,-0.36692965030670166,-0.3260001540184021,0.602234959602356,1.42
qwen3-4b-obr-p15-s42,<TRAIN_ROOT>/qwen3-4b-obr-p15-s42/checkpoint-417,9fef51d7e8c8177ef781900a,928,8,mid,51,82,-1.2600209712982178,-1.0877628326416016,-1.1883573532104492,-1.2847718000411987,-0.48397135734558105,-1.3368936777114868,0.2686725854873657,0.07166361808776855,0.19700896739959717,-0.1722581386566162,0.09641444683074951,0.7565078735351562,1.34
qwen3-4b-obr-p15-s42,<TRAIN_ROOT>/qwen3-4b-obr-p15-s42/checkpoint-417,b1369034f554a77a2a9c57bf,621,1,early,12,71,-1.8126614093780518,-0.5867965221405029,-1.3899211883544922,-0.6188740730285645,-0.9605765342712402,-0.6813976764678955,0.4548177719116211,0.42274022102355957,0.03207755088806152,-1.2258648872375488,-0.7710471153259277,0.491868257522583,0.72
qwen3-4b-obr-p15-s42,<TRAIN_ROOT>/qwen3-4b-obr-p15-s42/checkpoint-417,011e27684423150b9832325a,621,2,late,60,71,-1.8355975151062012,-0.009492874145507812,-1.100245475769043,-0.0670122429728508,-0.5802526473999023,-0.10408756136894226,0.7928714081645012,0.7353520393371582,0.05751936882734299,-1.8261046409606934,-1.0332332327961922,0.5570681467652321,1.24
qwen3-4b-obr-p15-s42,<TRAIN_ROOT>/qwen3-4b-obr-p15-s42/checkpoint-417,11644ee88c48233115dd92ef,621,4,mid,46,71,-0.8285702466964722,-1.038926601409912,-0.7005127668380737,-1.289647102355957,-0.16947269439697266,-1.5349233150482178,0.37877798080444336,0.12805747985839844,0.2507205009460449,0.21035635471343994,0.5891343355178833,0.7763162851333618,1.11
qwen3-4b-obr-p15-s42,<TRAIN_ROOT>/qwen3-4b-obr-p15-s42/checkpoint-417,b4291a02c8c3bd527d9ae88d,621,8,early,22,71,-1.2829632759094238,-0.002749972976744175,-1.2207584381103516,-0.05427996441721916,-0.46946844458580017,-0.09599622339010239,0.11373482923954725,0.062204837799072266,0.05152999144047499,-1.2802133029326797,-1.1664784736931324,0.7930062524974346,0.88
qwen3-4b-obr-p15-s42,<TRAIN_ROOT>/qwen3-4b-obr-p15-s42/checkpoint-417,88a81b34680721a6be6a8a26,914,1,late,32,42,-1.375480055809021,-0.5615143179893494,-1.3225994110107422,-0.5335292816162109,-0.7811005711555481,-0.565233051776886,0.02489560842514038,0.05288064479827881,-0.027985036373138428,-0.8139657378196716,-0.7890701293945312,0.5732026100158691,1.08
qwen3-4b-obr-p15-s42,<TRAIN_ROOT>/qwen3-4b-obr-p15-s42/checkpoint-417,b48a2ca4898b4b45df279853,914,2,mid,19,42,-0.8003203868865967,-0.5736786127090454,-0.7742841839790344,-0.6526734828948975,-0.3006666302680969,-0.6910384297370911,0.1050310730934143,0.026036202907562256,0.07899487018585205,-0.22664177417755127,-0.12161070108413696,0.5119825005531311,0.92
qwen3-4b-obr-p15-s42,<TRAIN_ROOT>/qwen3-4b-obr-p15-s42/checkpoint-417,10ff29ef5da6333860adba97,914,4,early,11,42,-1.4273264408111572,-0.08040332794189453,-1.3136857748031616,-0.10922088474035263,-0.4581385552883148,-0.2929929792881012,0.1424582228064537,0.1136406660079956,0.0288175567984581,-1.3469231128692627,-1.204464890062809,1.0393193140625954,0.88
qwen3-4b-obr-p15-s42,<TRAIN_ROOT>/qwen3-4b-obr-p15-s42/checkpoint-417,ca3d09eef4cd234452541e88,914,8,late,40,42,-1.0203003883361816,-0.03923845291137695,-0.2174411416053772,-0.6044707298278809,-0.04315164312720299,-0.8027405738830566,1.3680915236473083,0.8028592467308044,0.5652322769165039,-0.9810619354248047,0.38702958822250366,0.37255934253335,1.26
qwen3-4b-obr-p15-s42,<TRAIN_ROOT>/qwen3-4b-obr-p15-s42/checkpoint-417,38c998810a3df9ee6c5eb767,1101,1,mid,28,48,-0.5964874029159546,-0.9567239284515381,-0.525939404964447,-0.9318537712097168,-0.4460236132144928,-0.9066252708435059,0.04567784070968628,0.07054799795150757,-0.02487015724182129,0.3602365255355835,0.4059143662452698,0.054687291383743286,0.8
qwen3-4b-obr-p15-s42,<TRAIN_ROOT>/qwen3-4b-obr-p15-s42/checkpoint-417,20c36340f9224e2b878d7d02,1101,2,early,9,48,-0.9370071291923523,-0.6293601989746094,-0.7303642630577087,-0.6542911529541016,-0.3147737681865692,-0.7488599419593811,0.23157382011413574,0.20664286613464355,0.024930953979492188,-0.3076469302177429,-0.07607311010360718,0.5101592838764191,0.62
qwen3-4b-obr-p15-s42,<TRAIN_ROOT>/qwen3-4b-obr-p15-s42/checkpoint-417,0ac985ae09f48f6978a5b872,1101,4,late,45,48,-0.8742964863777161,-1.0387451648712158,-0.810860276222229,-1.0956852436065674,-0.1999206691980362,-1.2197132110595703,0.12037628889083862,0.06343621015548706,0.05694007873535156,0.16444867849349976,0.2848249673843384,0.7349675744771957,0.97
qwen3-4b-obr-p15-s42,<TRAIN_ROOT>/qwen3-4b-obr-p15-s42/checkpoint-417,4595447208580ff7ae942085,1101,8,mid,31,48,-2.1704020500183105,-0.1728479266166687,-1.2599084377288818,-0.2799060344696045,-0.2285900115966797,-0.37292933464050293,1.0175517201423645,0.9104936122894287,0.10705810785293579,-1.9975541234016418,-0.9800024032592773,1.1243417263031006,0.89
qwen3-4b-obr-p15-s42,<TRAIN_ROOT>/qwen3-4b-obr-p15-s42/checkpoint-417,f136499503f340fbb39a66d0,994,1,early,15,56,-1.2448652982711792,-0.6320137977600098,-0.790391743183136,-0.6187307834625244,-0.40470054745674133,-0.6073086261749268,0.44119054079055786,0.4544735550880432,-0.013283014297485352,-0.6128515005111694,-0.17166095972061157,0.374269038438797,0.75
qwen3-4b-obr-p15-s42,<TRAIN_ROOT>/qwen3-4b-obr-p15-s42/checkpoint-417,27d9916d980511f570a92b94,994,2,late,51,56,-1.009536623954773,-0.956190824508667,-0.6893125772476196,-0.9208986163139343,-0.21244417130947113,-0.9102925658226013,0.28493183851242065,0.3202240467071533,-0.035292208194732666,-0.05334579944610596,0.2315860390663147,0.4662623554468155,1.15
qwen3-4b-obr-p15-s42,<TRAIN_ROOT>/qwen3-4b-obr-p15-s42/checkpoint-417,886984b71eac722c34daa925,994,4,mid,34,56,-0.9922639727592468,-1.160555362701416,-0.5744269490242004,-1.1629247665405273,-0.28386321663856506,-1.0772147178649902,0.4202064275741577,0.4178370237350464,0.002369403839111328,0.1682913899421692,0.5884978175163269,0.20485368371009827,0.98
qwen3-4b-obr-p15-s42,<TRAIN_ROOT>/qwen3-4b-obr-p15-s42/checkpoint-417,fa01c6d536b04eaff320ab17,994,8,early,14,56,-1.044865608215332,-0.9762811064720154,-0.9280071258544922,-0.9377762675285339,-0.4602625072002411,-0.9654361009597778,0.0783536434173584,0.11685848236083984,-0.038504838943481445,-0.06858450174331665,0.009769141674041748,0.495404452085495,0.82
qwen3-4b-obr-p15-s42,<TRAIN_ROOT>/qwen3-4b-obr-p15-s42/checkpoint-417,45f835008bee272d45670891,541,1,late,31,35,-1.1251754760742188,-1.5789378881454468,-0.7622382640838623,-1.5223785638809204,-0.19215607643127441,-1.5385853052139282,0.3063778877258301,0.36293721199035645,-0.05655932426452637,0.453762412071228,0.7601402997970581,0.5862889289855957,0.91
qwen3-4b-obr-p15-s42,<TRAIN_ROOT>/qwen3-4b-obr-p15-s42/checkpoint-417,63ff44f25f6e0f0312c2e506,541,2,mid,21,35,-1.538103461265564,-2.709655523300171,-0.9717701077461243,-2.449942111968994,-0.6439670920372009,-2.495004653930664,0.30661994218826294,0.5663333535194397,-0.25971341133117676,1.171552062034607,1.4781720042228699,0.37286555767059326,0.83
qwen3-4b-obr-p15-s42,<TRAIN_ROOT>/qwen3-4b-obr-p15-s42/checkpoint-417,8fb6a7105f2bc8e07ef16f26,541,4,early,10,35,-1.5947215557098389,-0.810739278793335,-1.356149673461914,-0.8461689949035645,-0.6429876089096069,-0.8052582740783691,0.2740015983581543,0.2385718822479248,0.03542971611022949,-0.7839822769165039,-0.5099806785583496,0.6722513437271118,0.76
qwen3-4b-obr-p15-s42,<TRAIN_ROOT>/qwen3-4b-obr-p15-s42/checkpoint-417,a4bae367dab0a5dac0ffc28d,541,8,late,26,35,-1.5188512802124023,-1.2740966081619263,-1.5679214000701904,-1.1702357530593872,-0.676163375377655,-0.983796238899231,-0.15293097496032715,-0.049070119857788086,-0.10386085510253906,-0.24475467205047607,-0.3976856470108032,0.7053185105323792,0.93
qwen3-4b-obr-p15-s42,<TRAIN_ROOT>/qwen3-4b-obr-p15-s42/checkpoint-417,4fad602cf9f5d60e6549beb5,1088,1,mid,19,54,-1.5087673664093018,-0.6079905033111572,-0.9752185344696045,-0.592309296131134,-0.4205589294433594,-0.6136521100997925,0.5178676247596741,0.5335488319396973,-0.015681207180023193,-0.9007768630981445,-0.38290923833847046,0.5760024189949036,0.78
qwen3-4b-obr-p15-s42,<TRAIN_ROOT>/qwen3-4b-obr-p15-s42/checkpoint-417,3bac02cad36549754b6049a1,1088,2,early,12,54,-1.2622941732406616,-0.06698208302259445,-1.2213681936264038,-0.10634441673755646,-0.5481090545654297,-0.15694867074489594,0.08028831332921982,0.04092597961425781,0.039362333714962006,-1.1953120902180672,-1.1150237768888474,0.7238633930683136,0.72
qwen3-4b-obr-p15-s42,<TRAIN_ROOT>/qwen3-4b-obr-p15-s42/checkpoint-417,dd991590a7daebbab9762483,1088,4,late,53,54,-0.6871063113212585,-1.8201714754104614,-0.5795828700065613,-1.7987949848175049,-0.0967721939086914,-1.8516923189163208,0.08614695072174072,0.10752344131469727,-0.021376490592956543,1.1330651640892029,1.2192121148109436,0.5357080101966858,1.15
qwen3-4b-obr-p15-s42,<TRAIN_ROOT>/qwen3-4b-obr-p15-s42/checkpoint-417,264f873d770d7c6a66c961e3,1088,8,mid,31,54,-0.7060124278068542,-0.5881321430206299,-0.7406126856803894,-0.6266663074493408,-0.6108026504516602,-0.6326894164085388,0.003933906555175781,-0.034600257873535156,0.03853416442871094,-0.11788028478622437,-0.11394637823104858,0.13583314418792725,1.01
qwen3-4b-obr-p15-s42,<TRAIN_ROOT>/qwen3-4b-obr-p15-s42/checkpoint-417,e22f26912ea93985e1117033,449,1,early,2,38,-1.5636495351791382,-0.8270910978317261,-1.377211570739746,-0.7332145571708679,-0.8677304983139038,-0.6774675250053406,0.09256142377853394,0.1864379644393921,-0.09387654066085815,-0.7365584373474121,-0.6439970135688782,0.45373404026031494,0.48
qwen3-4b-obr-p15-s42,<TRAIN_ROOT>/qwen3-4b-obr-p15-s42/checkpoint-417,6fc55bd800164ef951d7bc1d,449,2,late,34,38,-1.086726427078247,-0.9347338676452637,-0.7921090126037598,-0.940704345703125,-0.22896532714366913,-0.9924604892730713,0.30058789253234863,0.2946174144744873,0.005970478057861328,-0.1519925594329834,0.14859533309936523,0.6148998290300369,0.81
qwen3-4b-obr-p15-s42,<TRAIN_ROOT>/qwen3-4b-obr-p15-s42/checkpoint-417,08d2b2f93cb73ede12ae170e,449,4,mid,21,38,-1.2421894073486328,-0.3921828269958496,-0.7378381490707397,-0.3923259973526001,-0.35489845275878906,-0.42608630657196045,0.5044944286346436,0.5043512582778931,0.00014317035675048828,-0.8500065803527832,-0.34551215171813965,0.41670000553131104,0.7
qwen3-4b-obr-p15-s42,<TRAIN_ROOT>/qwen3-4b-obr-p15-s42/checkpoint-417,22290a324c0d1a3265acd7ec,449,8,early,8,38,-3.975001573562622,-1.132524847984314,-2.568394899368286,-1.0380887985229492,-1.2592403888702393,-1.0616401433944702,1.3121706247329712,1.406606674194336,-0.09443604946136475,-2.842476725578308,-1.530306100845337,1.3327058553695679,0.59
qwen3-4b-obr-p15-s42,<TRAIN_ROOT>/qwen3-4b-obr-p15-s42/checkpoint-417,73d97370261a9c4e53cb3a66,1003,1,late,28,33,-1.2518459558486938,-1.5089181661605835,-1.1040327548980713,-1.4693505764007568,-0.7233509421348572,-1.420851230621338,0.1082456111907959,0.14781320095062256,-0.03956758975982666,0.25707221031188965,0.36531782150268555,0.33218246698379517,0.91
qwen3-4b-obr-p15-s42,<TRAIN_ROOT>/qwen3-4b-obr-p15-s42/checkpoint-417,045623a69db32e4155a4bcc1,1003,2,mid,20,33,-1.4616848230361938,-0.6389467716217041,-0.5658428072929382,-0.8549253940582275,-0.5178735852241516,-1.1041284799575806,1.111820638179779,0.8958420157432556,0.21597862243652344,-0.8227380514144897,0.2890825867652893,0.29717230796813965,0.84
qwen3-4b-obr-p15-s42,<TRAIN_ROOT>/qwen3-4b-obr-p15-s42/checkpoint-417,b9e8741eb1fd017cdaa99534,1003,4,early,8,33,-1.209173560142517,-0.6810905337333679,-0.9525923728942871,-0.820490837097168,-0.48793309926986694,-0.8654548525810242,0.39598149061203003,0.25658118724823,0.13940030336380005,-0.5280830264091492,-0.13210153579711914,0.5096232891082764,0.72
qwen3-4b-obr-p15-s42,<TRAIN_ROOT>/qwen3-4b-obr-p15-s42/checkpoint-417,74dc4d0fde1beabac14bb34d,1003,8,late,30,33,-0.963114321231842,-0.04704761505126953,-0.5601380467414856,-0.3042032718658447,-0.2785876989364624,-0.5105488300323486,0.6601319313049316,0.40297627449035645,0.2571556568145752,-0.9160667061805725,-0.25593477487564087,0.4878959059715271,1.02
qwen3-4b-obr-p15-s42,<TRAIN_ROOT>/qwen3-4b-obr-p15-s42/checkpoint-417,af68e7bb4307cff7b58d64b1,1035,1,mid,17,39,-1.4612067937850952,-1.3433998823165894,-1.1201823949813843,-1.3355408906936646,-0.8435583114624023,-1.4255707263946533,0.33316540718078613,0.34102439880371094,-0.007858991622924805,-0.11780691146850586,0.21535849571228027,0.3666539192199707,0.66
qwen3-4b-obr-p15-s42,<TRAIN_ROOT>/qwen3-4b-obr-p15-s42/checkpoint-417,4a0cdf73515da4c94e3f3ada,1035,2,early,3,39,-1.022559642791748,-0.1208932101726532,-0.7594751715660095,-0.21924182772636414,-0.2256052941083908,-0.31752151250839233,0.36143308877944946,0.2630844712257385,0.09834861755371094,-0.9016664326190948,-0.5402333438396454,0.6321495622396469,0.56
qwen3-4b-obr-p15-s42,<TRAIN_ROOT>/qwen3-4b-obr-p15-s42/checkpoint-417,89c655404b744a2d41782ffe,1035,4,late,33,39,-1.3377636671066284,-1.1549983024597168,-1.0524823665618896,-1.3041119575500488,-0.5052441358566284,-1.3439345359802246,0.4343949556350708,0.28528130054473877,0.14911365509033203,-0.18276536464691162,0.2516295909881592,0.587060809135437,0.83
qwen3-4b-obr-p15-s42,<TRAIN_ROOT>/qwen3-4b-obr-p15-s42/checkpoint-417,e32c2b80a5c1a8dd2b885a14,1035,8,mid,23,39,-1.605513572692871,-0.6480391025543213,-0.9892854690551758,-0.6149351596832275,-0.03971322625875473,-0.8486306667327881,0.5831241607666016,0.6162281036376953,-0.03310394287109375,-0.9574744701385498,-0.37435030937194824,1.1832677498459816,0.76
qwen3-4b-obr-p15-s42,<TRAIN_ROOT>/qwen3-4b-obr-p15-s42/checkpoint-417,b9a647b45724491bb65b1d5f,538,1,early,3,39,-1.918384313583374,-0.8424919843673706,-1.8006246089935303,-0.8497596383094788,-1.4909578561782837,-0.8893235325813293,0.1250273585319519,0.11775970458984375,0.007267653942108154,-1.0758923292160034,-0.9508649706840515,0.34923064708709717,0.51
qwen3-4b-obr-p15-s42,<TRAIN_ROOT>/qwen3-4b-obr-p15-s42/checkpoint-417,54272ba22689136f2fc34a4c,538,2,late,28,39,-1.3591358661651611,-1.6538562774658203,-1.0371170043945312,-1.6900272369384766,-0.4735340178012848,-1.7734026908874512,0.35818982124328613,0.3220188617706299,0.03617095947265625,0.2947204113006592,0.6529102325439453,0.6469584405422211,0.78
qwen3-4b-obr-p15-s42,<TRAIN_ROOT>/qwen3-4b-obr-p15-s42/checkpoint-417,e18e4d4b36304b433733f8f1,538,4,mid,21,39,-1.1673296689987183,-0.6152467727661133,-0.8847145438194275,-0.582287609577179,-0.41845932602882385,-0.5120012164115906,0.24965596199035645,0.28261512517929077,-0.032959163188934326,-0.552082896232605,-0.30242693424224854,0.39596882462501526,0.72
qwen3-4b-obr-p15-s42,<TRAIN_ROOT>/qwen3-4b-obr-p15-s42/checkpoint-417,dabbc018876070eafc123db1,538,8,early,9,39,-1.194140076637268,-1.6683614253997803,-1.2122082710266113,-1.650132417678833,-0.9110206961631775,-1.7337465286254883,-0.03629720211029053,-0.01806819438934326,-0.018229007720947266,0.4742213487625122,0.4379241466522217,0.3848016858100891,0.65
qwen3-4b-obr-p15-s42,<TRAIN_ROOT>/qwen3-4b-obr-p15-s42/checkpoint-417,b288ace107a538aed9aaec81,269,1,late,29,38,-1.3075385093688965,-1.4212243556976318,-0.8444130420684814,-1.4994627237319946,-0.5739729404449463,-1.480820894241333,0.5413638353347778,0.46312546730041504,0.07823836803436279,0.11368584632873535,0.6550496816635132,0.25179827213287354,0.9
qwen3-4b-obr-p15-s42,<TRAIN_ROOT>/qwen3-4b-obr-p15-s42/checkpoint-417,0695e695c6e6d2cb6106f586,269,2,mid,23,38,-0.8646715879440308,-0.2979070544242859,-0.7154520750045776,-0.2986816167831421,-0.40216264128685,-0.2868116497993469,0.14999407529830933,0.14921951293945312,0.0007745623588562012,-0.5667645335197449,-0.41677045822143555,0.3014194667339325,0.85
qwen3-4b-obr-p15-s42,<TRAIN_ROOT>/qwen3-4b-obr-p15-s42/checkpoint-417,be37203a131f41a434f0e951,269,4,early,8,38,-1.1198523044586182,-0.22220170497894287,-0.8776213526725769,-0.20631349086761475,-0.34177568554878235,-0.19721077382564545,0.22634273767471313,0.24223095178604126,-0.015888214111328125,-0.8976505994796753,-0.6713078618049622,0.5267429500818253,0.69
qwen3-4b-obr-p15-s42,<TRAIN_ROOT>/qwen3-4b-obr-p15-s42/checkpoint-417,e6eb622e5c3c17f50e8c536d,269,8,late,31,38,-0.6998017430305481,-1.842024803161621,-0.6095443964004517,-2.0587055683135986,-0.23197035491466522,-2.1488795280456543,0.306938111782074,0.09025734663009644,0.21668076515197754,1.142223060131073,1.449161171913147,0.4677480012178421,1.0
qwen3-4b-obr-p15-s42,<TRAIN_ROOT>/qwen3-4b-obr-p15-s42/checkpoint-417,a13ef6fed582430292a722b6,197,1,mid,21,38,-0.7035255432128906,-0.19610169529914856,-0.5155990123748779,-0.23424160480499268,-0.3276110589504242,-0.2511419355869293,0.2260664403438568,0.1879265308380127,0.038139909505844116,-0.5074238479137421,-0.28135740756988525,0.20488828420639038,0.74
qwen3-4b-obr-p15-s42,<TRAIN_ROOT>/qwen3-4b-obr-p15-s42/checkpoint-417,f482fa61f0c6eb9bcebd5cef,197,2,early,10,38,-0.6290949583053589,-0.045166015625,-0.4606936573982239,-0.15930239856243134,-0.27932167053222656,-0.18122652173042297,0.28253768384456635,0.168401300907135,0.11413638293743134,-0.5839289426803589,-0.30139125883579254,0.20329611003398895,0.63
qwen3-4b-obr-p15-s42,<TRAIN_ROOT>/qwen3-4b-obr-p15-s42/checkpoint-417,9eeb26ee90a0196665753da1,197,4,late,35,38,-0.8073932528495789,-0.9103488922119141,-0.5379737019538879,-0.8233923316001892,-0.15871047973632812,-1.0784915685653687,0.18246299028396606,0.2694195508956909,-0.08695656061172485,0.1029556393623352,0.28541862964630127,0.6343624591827393,0.9
qwen3-4b-obr-p15-s42,<TRAIN_ROOT>/qwen3-4b-obr-p15-s42/checkpoint-417,e7993165699a6dbf295bf92d,197,8,mid,22,38,-1.1577246189117432,-0.5442461967468262,-0.4643705189228058,-0.4774109721183777,-0.16053199768066406,-0.6191967725753784,0.6265188753604889,0.6933540999889374,-0.06683522462844849,-0.613478422164917,0.0130404531955719,0.44562432169914246,0.83
qwen3-4b-obr-p15-s42,<TRAIN_ROOT>/qwen3-4b-obr-p15-s42/checkpoint-417,5032522a33da22e940e9327e,938,1,early,18,81,-0.8906384110450745,-0.5197970271110535,-0.8886212110519409,-0.5735874176025391,-0.5631663203239441,-0.5784960985183716,0.05580759048461914,0.002017199993133545,0.053790390491485596,-0.370841383934021,-0.31503379344940186,0.33036357164382935,0.99
qwen3-4b-obr-p15-s42,<TRAIN_ROOT>/qwen3-4b-obr-p15-s42/checkpoint-417,0507a42ec2fad13aa43c21aa,938,2,late,60,81,-1.4396332502365112,-0.0004360199091024697,-0.9452446699142456,-0.020656203851103783,-0.49770864844322205,-0.09719067066907883,0.5146087642642669,0.4943885803222656,0.020220183942001313,-1.4391972303274088,-0.9245884660631418,0.5240704882889986,1.47
qwen3-4b-obr-p15-s42,<TRAIN_ROOT>/qwen3-4b-obr-p15-s42/checkpoint-417,559d5504b8c535e9e3016e71,938,4,mid,43,81,-1.0784376859664917,-0.651085615158081,-1.123207926750183,-0.7909674644470215,-0.26556187868118286,-0.8788082599639893,0.09511160850524902,-0.044770240783691406,0.13988184928894043,-0.42735207080841064,-0.3322404623031616,0.945486843585968,1.3
qwen3-4b-obr-p15-s42,<TRAIN_ROOT>/qwen3-4b-obr-p15-s42/checkpoint-417,1341c38c9e1fb346d6b3c709,938,8,early,21,81,-1.065261721611023,-0.8673146367073059,-0.7958143353462219,-0.7490407824516296,-0.5722628831863403,-0.6436419486999512,0.15117353200912476,0.269447386264801,-0.11827385425567627,-0.19794708490371704,-0.046773552894592285,0.11815261840820312,1.11
qwen3-4b-obr-p15-s42,<TRAIN_ROOT>/qwen3-4b-obr-p15-s42/checkpoint-417,90eb8483f2c1d9040480645e,443,1,late,41,43,-1.7015670537948608,-1.753646969795227,-0.8397056460380554,-1.7500245571136475,-0.2805737257003784,-1.738218069076538,0.8582389950752258,0.8618614077568054,-0.00362241268157959,0.05207991600036621,0.910318911075592,0.5473254323005676,0.96
qwen3-4b-obr-p15-s42,<TRAIN_ROOT>/qwen3-4b-obr-p15-s42/checkpoint-417,13e7e77ed908998dc4ee57db,443,2,mid,16,43,-1.530775785446167,-0.23754310607910156,-1.2774639129638672,-0.1999991536140442,-0.5989761352539062,-0.20576117932796478,0.21576792001724243,0.2533118724822998,-0.03754395246505737,-1.2932326793670654,-1.077464759349823,0.6842498034238815,0.73
qwen3-4b-obr-p15-s42,<TRAIN_ROOT>/qwen3-4b-obr-p15-s42/checkpoint-417,428b40c1b153ae9a1d0a2acb,443,4,early,8,43,-1.3044044971466064,-0.9080061912536621,-1.1598737239837646,-0.8911141157150269,-0.5160282850265503,-0.9234568476676941,0.12763869762420654,0.1445307731628418,-0.016892075538635254,-0.39639830589294434,-0.2687596082687378,0.6761881709098816,0.66
qwen3-4b-obr-p15-s42,<TRAIN_ROOT>/qwen3-4b-obr-p15-s42/checkpoint-417,18114735260c9cdcf0e3b033,443,8,late,29,43,-0.935509443283081,-0.6577818989753723,-0.4802277386188507,-0.745288074016571,-0.027084525674581528,-1.1111036539077759,0.5427878797054291,0.45528170466423035,0.08750617504119873,-0.27772754430770874,0.26506033539772034,0.818958792835474,0.93
qwen3-4b-obr-p15-s42,<TRAIN_ROOT>/qwen3-4b-obr-p15-s42/checkpoint-417,99292c06216799ff239495c2,495,1,mid,15,24,-0.936209499835968,-0.40698230266571045,-0.6587543487548828,-0.28267133235931396,-0.231196790933609,-0.2686666250228882,0.15314418077468872,0.2774551510810852,-0.12431097030639648,-0.5292271971702576,-0.37608301639556885,0.413552850484848,0.61
qwen3-4b-obr-p15-s42,<TRAIN_ROOT>/qwen3-4b-obr-p15-s42/checkpoint-417,5e4c03f7c2a2b7b84762e94c,495,2,early,5,24,-1.5375257730484009,-0.3285139501094818,-1.480528712272644,-0.3121349811553955,-1.2802034616470337,-0.2877732813358307,0.04061809182167053,0.056997060775756836,-0.016378968954086304,-1.209011822938919,-1.1683937311172485,0.17596355080604553,0.52
qwen3-4b-obr-p15-s42,<TRAIN_ROOT>/qwen3-4b-obr-p15-s42/checkpoint-417,b81826373e52bfcfe7e556f6,495,4,late,19,24,-0.5242640972137451,-0.3500942587852478,-0.438437819480896,-0.33262360095977783,-0.19821560382843018,-0.3476982116699219,0.06835561990737915,0.08582627773284912,-0.01747065782546997,-0.17416983842849731,-0.10581421852111816,0.25529682636260986,0.68
qwen3-4b-obr-p15-s42,<TRAIN_ROOT>/qwen3-4b-obr-p15-s42/checkpoint-417,6893b595f38061582377ea85,495,8,mid,13,24,-0.6931337714195251,-0.7245437502861023,-0.7305160164833069,-0.6885055899620056,-0.39823856949806213,-0.661186933517456,-0.07342040538787842,-0.03738224506378174,-0.03603816032409668,0.03140997886657715,-0.04201042652130127,0.3049587905406952,0.67
qwen3-4b-obr-p15-s42,<TRAIN_ROOT>/qwen3-4b-obr-p15-s42/checkpoint-417,f06c39ebf409e591d47421a5,92,1,early,13,41,-0.7671746015548706,-1.0239801406860352,-0.5786372423171997,-0.9392664432525635,-0.3592819571495056,-0.9683923721313477,0.10382366180419922,0.1885373592376709,-0.08471369743347168,0.25680553913116455,0.36062920093536377,0.24848121404647827,0.62
qwen3-4b-obr-p15-s42,<TRAIN_ROOT>/qwen3-4b-obr-p15-s42/checkpoint-417,0c0deb3e12af7e9e0ffc67a2,92,2,late,39,41,-1.2838530540466309,-0.019761452451348305,-1.0227642059326172,-0.06678977608680725,-0.3249654769897461,-0.14662405848503113,0.3081171717494726,0.26108884811401367,0.047028323635458946,-1.2640916015952826,-0.9559744298458099,0.777633011341095,0.86
qwen3-4b-obr-p15-s42,<TRAIN_ROOT>/qwen3-4b-obr-p15-s42/checkpoint-417,64f40a818308366302ef0b2e,92,4,mid,17,41,-1.6713716983795166,-0.01003156416118145,-0.9410498142242432,-0.1554628163576126,-0.21462035179138184,-0.4544023871421814,0.8757531363517046,0.7303218841552734,0.14543125219643116,-1.6613401342183352,-0.7855869978666306,1.0253690332174301,0.67
qwen3-4b-obr-p15-s42,<TRAIN_ROOT>/qwen3-4b-obr-p15-s42/checkpoint-417,7100994a39d0377b87516301,92,8,early,12,41,-1.1032531261444092,-1.178875207901001,-0.8626216053962708,-1.1152390241622925,-0.5368019938468933,-1.162355899810791,0.17699533700942993,0.24063152074813843,-0.0636361837387085,0.0756220817565918,0.25261741876602173,0.372936487197876,0.68
qwen3-4b-obr-p15-s42,<TRAIN_ROOT>/qwen3-4b-obr-p15-s42/checkpoint-417,a0fad726a72999bab72dd86d,757,1,late,64,66,-1.0587513446807861,-0.008276506327092648,-0.6438384056091309,-0.04335004836320877,-0.4210399389266968,-0.08812765777111053,0.4499864811077714,0.4149129390716553,0.03507354203611612,-1.0504748383536935,-0.6004883572459221,0.26757607609033585,1.38
qwen3-4b-obr-p15-s42,<TRAIN_ROOT>/qwen3-4b-obr-p15-s42/checkpoint-417,bfe8092e92f5894bb4438332,757,2,mid,31,66,-1.8456918001174927,-1.2010447978973389,-1.4778780937194824,-1.2122113704681396,-0.39872226119041443,-1.3914477825164795,0.37898027896881104,0.36781370639801025,0.011166572570800781,-0.6446470022201538,-0.2656667232513428,1.2583922445774078,1.06
qwen3-4b-obr-p15-s42,<TRAIN_ROOT>/qwen3-4b-obr-p15-s42/checkpoint-417,34d116df29cc40faf190952d,757,4,early,13,66,-1.23114013671875,-1.2490689754486084,-0.9022269248962402,-1.1452058553695679,-0.07499296218156815,-1.2162675857543945,0.22505009174346924,0.32891321182250977,-0.10386312007904053,0.0179288387298584,0.24297893047332764,0.8982956930994987,0.9
qwen3-4b-obr-p15-s42,<TRAIN_ROOT>/qwen3-4b-obr-p15-s42/checkpoint-417,610b6e5e9040bdb9207cfc29,757,8,late,52,66,-1.347318410873413,-2.292062282562256,-1.294964075088501,-2.464909076690674,-0.24409842491149902,-2.508578062057495,0.22520112991333008,0.05235433578491211,0.17284679412841797,0.9447438716888428,1.1699450016021729,1.0945346355438232,1.35
qwen3-4b-obr-p15-s42,<TRAIN_ROOT>/qwen3-4b-obr-p15-s42/checkpoint-417,8811204db0285e8f273eda6e,106,1,mid,16,31,-1.0611283779144287,-2.515796661376953,-0.6204686164855957,-2.3274056911468506,-0.36518430709838867,-2.296475410461426,0.25226879119873047,0.440659761428833,-0.18839097023010254,1.4546682834625244,1.7069370746612549,0.22435402870178223,0.76
qwen3-4b-obr-p15-s42,<TRAIN_ROOT>/qwen3-4b-obr-p15-s42/checkpoint-417,b7930f3a13ddab35ec068a51,106,2,early,4,31,-1.8825916051864624,-0.026175817474722862,-1.7832344770431519,-0.18249671161174774,-1.4750999212265015,-0.2880032956600189,0.2556780222803354,0.09935712814331055,0.15632089413702488,-1.8564157877117395,-1.6007377654314041,0.41364113986492157,0.65
qwen3-4b-obr-p15-s42,<TRAIN_ROOT>/qwen3-4b-obr-p15-s42/checkpoint-417,3519339e591089d0ca4b9587,106,4,late,27,31,-1.0725113153457642,-1.569095253944397,-0.371600478887558,-1.6871604919433594,-0.0721893310546875,-1.6969006061553955,0.8189760744571686,0.7009108364582062,0.1180652379989624,0.4965839385986328,1.3155600130558014,0.3091512620449066,0.88
qwen3-4b-obr-p15-s42,<TRAIN_ROOT>/qwen3-4b-obr-p15-s42/checkpoint-417,4c25367eab99d22898c72e59,106,8,mid,12,31,-1.9184768199920654,-0.528527557849884,-1.5698297023773193,-0.5650852918624878,-0.7886053919792175,-0.5773571729660034,0.38520485162734985,0.3486471176147461,0.03655773401260376,-1.3899492621421814,-1.0047444105148315,0.7934961915016174,0.79
qwen3-4b-obr-p15-s42,<TRAIN_ROOT>/qwen3-4b-obr-p15-s42/checkpoint-417,f5def70dc89928964c2edbb7,156,1,early,16,50,-1.5038788318634033,-1.0896470546722412,-1.5130692720413208,-1.130952000617981,-0.8616965413093567,-1.2008535861968994,0.032114505767822266,-0.00919044017791748,0.041304945945739746,-0.4142317771911621,-0.38211727142333984,0.7212743163108826,0.68
qwen3-4b-obr-p15-s42,<TRAIN_ROOT>/qwen3-4b-obr-p15-s42/checkpoint-417,83b596ab67e4a22941614acb,156,2,late,49,50,-0.9584640264511108,-0.7497250437736511,-0.8097130656242371,-0.8148345947265625,-0.2993863523006439,-0.7914578318595886,0.21386051177978516,0.14875096082687378,0.06510955095291138,-0.20873898267745972,0.0051215291023254395,0.48694995045661926,1.01
qwen3-4b-obr-p15-s42,<TRAIN_ROOT>/qwen3-4b-obr-p15-s42/checkpoint-417,d8eff49b8b6cc3d22f926dc1,156,4,mid,22,50,-1.546337366104126,-0.46303775906562805,-0.9505157470703125,-0.5140470266342163,-0.37038910388946533,-0.5928230881690979,0.6468308866024017,0.5958216190338135,0.05100926756858826,-1.083299607038498,-0.4364687204360962,0.6589027047157288,0.77
qwen3-4b-obr-p15-s42,<TRAIN_ROOT>/qwen3-4b-obr-p15-s42/checkpoint-417,7eb7d141bdf3ddb9c8517039,156,8,early,15,50,-1.6329371929168701,-0.6221694946289062,-1.2544362545013428,-0.7584907412528992,-0.4150705337524414,-0.7795699238777161,0.5148221850395203,0.37850093841552734,0.13632124662399292,-1.0107676982879639,-0.4959455132484436,0.8604449033737183,0.74
qwen3-4b-obr-p15-s42,<TRAIN_ROOT>/qwen3-4b-obr-p15-s42/checkpoint-417,578f691fd445ffa59acd08b1,235,1,late,25,29,-1.1835945844650269,-1.2672615051269531,-0.9525226950645447,-1.21403968334198,-0.5631212592124939,-1.1917645931243896,0.17785006761550903,0.23107188940048218,-0.053221821784973145,0.08366692066192627,0.2615169882774353,0.36712634563446045,0.9
qwen3-4b-obr-p15-s42,<TRAIN_ROOT>/qwen3-4b-obr-p15-s42/checkpoint-417,62fc58d18e67d5acfb23f669,235,2,mid,18,29,-1.5012104511260986,-0.00521430978551507,-0.8658674955368042,-0.0964365005493164,-0.4316220283508301,-0.1365032196044922,0.7265651463530958,0.6353429555892944,0.09122219076380134,-1.4959961413405836,-0.7694309949874878,0.4743121862411499,0.86
qwen3-4b-obr-p15-s42,<TRAIN_ROOT>/qwen3-4b-obr-p15-s42/checkpoint-417,87ed75d027dea39469d63982,235,4,early,8,29,-1.0229802131652832,-0.7193050384521484,-0.4903266429901123,-0.9375407695770264,-0.1620081514120102,-0.903566837310791,0.7508893013000488,0.5326535701751709,0.21823573112487793,-0.30367517471313477,0.44721412658691406,0.29434455931186676,0.77
qwen3-4b-obr-p15-s42,<TRAIN_ROOT>/qwen3-4b-obr-p15-s42/checkpoint-417,067d9e1a4ca09e8f2c27a63e,235,8,late,26,29,-1.549115538597107,-0.5197839736938477,-1.084027886390686,-0.43158382177352905,-0.3295004069805145,-0.39419257640838623,0.3768875002861023,0.4650876522064209,-0.0882001519203186,-1.0293315649032593,-0.652444064617157,0.7171362340450287,0.98
qwen3-4b-obr-p15-s42,<TRAIN_ROOT>/qwen3-4b-obr-p15-s42/checkpoint-417,13f10be9f615b8d347f3d4cd,966,1,mid,9,15,-1.6708271503448486,-1.0818732976913452,-1.1404788494110107,-1.1393425464630127,-0.7718946933746338,-1.1048611402511597,0.5878175497055054,0.5303483009338379,0.05746924877166748,-0.5889538526535034,-0.0011363029479980469,0.3341027498245239,0.86
qwen3-4b-obr-p15-s42,<TRAIN_ROOT>/qwen3-4b-obr-p15-s42/checkpoint-417,91b1f9173e0c3d288aa62575,966,2,early,2,15,-1.0697021484375,-1.5858755111694336,-0.8434434533119202,-1.55489182472229,-0.4956751763820648,-1.5247291326522827,0.19527500867843628,0.22625869512557983,-0.030983686447143555,0.5161733627319336,0.7114483714103699,0.317605584859848,0.81
qwen3-4b-obr-p15-s42,<TRAIN_ROOT>/qwen3-4b-obr-p15-s42/checkpoint-417,266d154ef76828c48ada9deb,966,4,late,11,15,-0.5691474080085754,-2.0255093574523926,-0.43855956196784973,-1.9592647552490234,-0.27779021859169006,-2.0839004516601562,0.06434324383735657,0.1305878460407257,-0.06624460220336914,1.4563619494438171,1.5207051932811737,0.2854050397872925,0.91
qwen3-4b-obr-p15-s42,<TRAIN_ROOT>/qwen3-4b-obr-p15-s42/checkpoint-417,a37781102679ad5828f97682,966,8,mid,10,15,-1.0514366626739502,-2.143702983856201,-0.5274648070335388,-2.4534687995910645,-0.14859633147716522,-2.677677631378174,0.8337376713752747,0.5239718556404114,0.3097658157348633,1.092266321182251,1.9260039925575256,0.603077307343483,0.94
qwen3-4b-obr-p15-s42,<TRAIN_ROOT>/qwen3-4b-obr-p15-s42/checkpoint-417,f2872db13d4eb76e8e402b5c,501,1,early,12,63,-1.4548726081848145,-0.5830669403076172,-1.0121824741363525,-0.60130774974823,-0.6177957057952881,-0.6272594332695007,0.4609309434890747,0.4426901340484619,0.018240809440612793,-0.8718056678771973,-0.41087472438812256,0.4203384518623352,0.77
qwen3-4b-obr-p15-s42,<TRAIN_ROOT>/qwen3-4b-obr-p15-s42/checkpoint-417,0f6f04efb2d1593d42ed5d64,501,2,late,54,63,-1.0078591108322144,-0.0034623146057128906,-0.693389892578125,-0.02980518341064453,-0.4777753949165344,-0.07896550744771957,0.340812087059021,0.31446921825408936,0.02634286880493164,-1.0043967962265015,-0.6635847091674805,0.2647748216986656,1.21
qwen3-4b-obr-p15-s42,<TRAIN_ROOT>/qwen3-4b-obr-p15-s42/checkpoint-417,1541c8e9db1184bfe7b5519b,501,4,mid,38,63,-1.037880301475525,-0.004509131424129009,-0.5164602994918823,-0.06577730178833008,-0.17452889680862427,-0.12635326385498047,0.5826881723478436,0.5214200019836426,0.06126817036420107,-1.033371170051396,-0.45068299770355225,0.40250736474990845,1.06
qwen3-4b-obr-p15-s42,<TRAIN_ROOT>/qwen3-4b-obr-p15-s42/checkpoint-417,daa5895e673acb0dbeb50546,501,8,early,8,63,-0.6735248565673828,-0.731669545173645,-0.690596878528595,-0.6599903106689453,-0.4221363067626953,-0.6664182543754578,-0.08875125646591187,-0.017072021961212158,-0.07167923450469971,0.05814468860626221,-0.030606567859649658,0.2748885154724121,0.81
qwen3-4b-obr-p15-s42,<TRAIN_ROOT>/qwen3-4b-obr-p15-s42/checkpoint-417,57e0be0276f3f27fd9a8113a,300,1,late,44,46,-1.239701509475708,-0.015561421401798725,-0.9708840847015381,-0.05547396466135979,-0.6322200298309326,-0.1017066091299057,0.308729968033731,0.2688174247741699,0.03991254325956106,-1.2241400880739093,-0.9154101200401783,0.3848966993391514,1.04
qwen3-4b-obr-p15-s42,<TRAIN_ROOT>/qwen3-4b-obr-p15-s42/checkpoint-417,ddb26356cbf304cdaa87af1d,300,2,mid,16,46,-0.9966181516647339,-1.904268741607666,-0.7498084306716919,-2.0515072345733643,-0.2637917101383209,-2.2304887771606445,0.39404821395874023,0.246809720993042,0.14723849296569824,0.9076505899429321,1.3016988039016724,0.6649982631206512,0.78
qwen3-4b-obr-p15-s42,<TRAIN_ROOT>/qwen3-4b-obr-p15-s42/checkpoint-417,7df683634173f64214511ae2,300,4,early,10,46,-0.7888825535774231,-0.8527017831802368,-0.5947348475456238,-0.7900943756103516,-0.2842954099178314,-0.8485469818115234,0.13154029846191406,0.19414770603179932,-0.06260740756988525,0.06381922960281372,0.19535952806472778,0.36889204382896423,0.74
qwen3-4b-obr-p15-s42,<TRAIN_ROOT>/qwen3-4b-obr-p15-s42/checkpoint-417,01a6bf182b0a2e956aa5c1be,300,8,late,41,46,-1.0469597578048706,-0.5474600791931152,-0.7146283984184265,-0.5562813878059387,-0.06569347530603409,-0.721416175365448,0.3411526679992676,0.3323313593864441,0.008821308612823486,-0.49949967861175537,-0.1583470106124878,0.8140697106719017,1.08
qwen3-4b-obr-p15-s42,<TRAIN_ROOT>/qwen3-4b-obr-p15-s42/checkpoint-417,ffb01c14fb5c0ed9a98623e8,194,1,mid,13,28,-1.7471805810928345,-1.1002708673477173,-1.6829776763916016,-0.8377785086631775,-0.9793920516967773,-0.7659187316894531,-0.19828945398330688,0.06420290470123291,-0.2624923586845398,-0.6469097137451172,-0.8451991677284241,0.6317258477210999,0.56
qwen3-4b-obr-p15-s42,<TRAIN_ROOT>/qwen3-4b-obr-p15-s42/checkpoint-417,78ca3fc9be604333b4bf19fc,194,2,early,9,28,-1.1214971542358398,-0.4889301657676697,-0.9935066103935242,-0.6039032340049744,-0.6670060157775879,-0.6794045567512512,0.24296361207962036,0.12799054384231567,0.11497306823730469,-0.6325669884681702,-0.3896033763885498,0.40200191736221313,0.54
qwen3-4b-obr-p15-s42,<TRAIN_ROOT>/qwen3-4b-obr-p15-s42/checkpoint-417,90f2a68cd272d84552ce7561,194,4,late,19,28,-0.9824969172477722,-0.12231890112161636,-0.4689146876335144,-0.31364738941192627,-0.05985148996114731,-0.5135871171951294,0.7049107179045677,0.5135822296142578,0.1913284882903099,-0.8601780161261559,-0.15526729822158813,0.6090029254555702,0.65
qwen3-4b-obr-p15-s42,<TRAIN_ROOT>/qwen3-4b-obr-p15-s42/checkpoint-417,d7b2118fbd515798bc622087,194,8,mid,10,28,-0.8506664633750916,-0.8087342381477356,-0.8858974575996399,-0.866222620010376,-0.45673903822898865,-0.9657648205757141,0.02225738763809204,-0.03523099422454834,0.05748838186264038,-0.04193222522735596,-0.019674837589263916,0.5287006199359894,0.61
qwen3-4b-obr-p15-s42,<TRAIN_ROOT>/qwen3-4b-obr-p15-s42/checkpoint-417,a9e88df70cb072dd8a498ca5,802,1,early,6,17,-0.8625273108482361,-1.0331084728240967,-0.5823655724525452,-1.0684832334518433,-0.27384039759635925,-1.161340355873108,0.3155364990234375,0.2801617383956909,0.03537476062774658,0.1705811619758606,0.4861176609992981,0.40138229727745056,0.65
qwen3-4b-obr-p15-s42,<TRAIN_ROOT>/qwen3-4b-obr-p15-s42/checkpoint-417,6e39bed745fee09a548648fb,802,2,late,12,17,-0.6194690465927124,-0.6855770945549011,-0.2951970100402832,-0.6970051527023315,-0.1637263298034668,-0.6561694145202637,0.3357000946998596,0.3242720365524292,0.01142805814743042,0.06610804796218872,0.40180814266204834,0.09063494205474854,0.73
qwen3-4b-obr-p15-s42,<TRAIN_ROOT>/qwen3-4b-obr-p15-s42/checkpoint-417,8fab71e2eb7d8c63432c992c,802,4,mid,10,17,-0.8706825971603394,-0.399885892868042,-0.7460500597953796,-0.42420125007629395,-0.10354478657245636,-0.48907411098480225,0.14894789457321167,0.12463253736495972,0.024315357208251953,-0.47079670429229736,-0.3218488097190857,0.7073781341314316,0.72
qwen3-4b-obr-p15-s42,<TRAIN_ROOT>/qwen3-4b-obr-p15-s42/checkpoint-417,b1bcff7aadf146df5e42f7b4,802,8,late,12,17,-1.2403019666671753,-0.6855770945549011,-0.47018685936927795,-0.5947556495666504,-0.2435114085674286,-0.7981524467468262,0.6792936623096466,0.7701151072978973,-0.09082144498825073,-0.5547248721122742,0.12456879019737244,0.43007224798202515,0.79
qwen3-4b-obr-p15-s42,<TRAIN_ROOT>/qwen3-4b-obr-p15-s42/checkpoint-417,afdf74dd91bc36e8fd7adf90,180,1,early,5,50,-1.1314136981964111,-0.41257768869400024,-0.9754742980003357,-0.4222926199436188,-0.6922351121902466,-0.40577155351638794,0.16565433144569397,0.15593940019607544,0.00971493124961853,-0.7188360095024109,-0.5531816780567169,0.2667181193828583,0.54
qwen3-4b-obr-p15-s42,<TRAIN_ROOT>/qwen3-4b-obr-p15-s42/checkpoint-417,a9dd0400ff1cba4ece7daad1,180,2,mid,32,50,-0.39970579743385315,-1.5565744638442993,-0.2967066466808319,-1.5728857517242432,-0.11066145449876785,-1.6459540128707886,0.11931043863296509,0.10299915075302124,0.016311287879943848,1.1568686664104462,1.2761791050434113,0.25911345332860947,0.83
qwen3-4b-obr-p15-s42,<TRAIN_ROOT>/qwen3-4b-obr-p15-s42/checkpoint-417,4c5278909f3cfdddbcfe054c,180,4,early,7,50,-0.7311483025550842,-0.9184105396270752,-0.7214019298553467,-0.8901083469390869,-0.24537000060081482,-0.8943707942962646,-0.018555819988250732,0.009746372699737549,-0.02830219268798828,0.18726223707199097,0.16870641708374023,0.4802943766117096,0.61
qwen3-4b-obr-p15-s42,<TRAIN_ROOT>/qwen3-4b-obr-p15-s42/checkpoint-417,e145eaa69862f21a8324b8a7,180,8,late,37,50,-0.964169979095459,-0.42548608779907227,-0.436626136302948,-0.4955117106437683,-0.05435371398925781,-0.5529117584228516,0.597569465637207,0.527543842792511,0.07002562284469604,-0.5386838912963867,0.05888557434082031,0.43967247009277344,0.94
qwen3-4b-obr-p15-s42,<TRAIN_ROOT>/qwen3-4b-obr-p15-s42/checkpoint-417,2af6c3ed7e31e7497fffb5e6,946,1,mid,17,47,-0.9841773509979248,-0.9786325693130493,-0.7118892669677734,-0.9130973815917969,-0.2158985137939453,-0.9535120129585266,0.20675289630889893,0.27228808403015137,-0.06553518772125244,-0.005544781684875488,0.20120811462402344,0.5364053845405579,0.67
qwen3-4b-obr-p15-s42,<TRAIN_ROOT>/qwen3-4b-obr-p15-s42/checkpoint-417,06750e58f2ac750ac2c364d6,946,2,early,7,47,-0.8500163555145264,-1.339040994644165,-0.8139494061470032,-1.2906335592269897,-0.36659517884254456,-1.2863571643829346,-0.0123404860496521,0.03606694936752319,-0.04840743541717529,0.48902463912963867,0.4766841530799866,0.44307783246040344,0.59
qwen3-4b-obr-p15-s42,<TRAIN_ROOT>/qwen3-4b-obr-p15-s42/checkpoint-417,202be5b01f0a5ca176537f98,946,4,late,32,47,-1.0731233358383179,-1.7708425521850586,-0.6125087738037109,-1.6923811435699463,-0.14004962146282196,-1.9729619026184082,0.38215315341949463,0.46061456203460693,-0.0784614086151123,0.6977192163467407,1.0798723697662354,0.7530399113893509,0.84
qwen3-4b-obr-p15-s42,<TRAIN_ROOT>/qwen3-4b-obr-p15-s42/checkpoint-417,17972ce916f6dbfa39c5d97d,946,8,mid,30,47,-1.031465768814087,-1.1276525259017944,-0.6536480188369751,-1.3449910879135132,-0.24351654946804047,-1.6355020999908447,0.5951563119888306,0.3778177499771118,0.21733856201171875,0.09618675708770752,0.6913430690765381,0.7006424814462662,0.87
qwen3-4b-obr-p15-s42,<TRAIN_ROOT>/qwen3-4b-obr-p15-s42/checkpoint-417,e94272e4403e13f8ac2a3f8a,486,1,early,18,78,-2.355597734451294,-0.0024442672729492188,-1.2466537952423096,-0.06157350540161133,-0.8236564993858337,-0.14790821075439453,1.1680731773376465,1.1089439392089844,0.05912923812866211,-2.3531534671783447,-1.1850802898406982,0.509332001209259,1.03
qwen3-4b-obr-p15-s42,<TRAIN_ROOT>/qwen3-4b-obr-p15-s42/checkpoint-417,39d676cfc97004052c2d3241,486,2,late,63,78,-1.2088969945907593,-0.021286582574248314,-0.8511576056480408,-0.13946056365966797,-0.49327680468559265,-0.22090645134449005,0.47591337002813816,0.3577393889427185,0.11817398108541965,-1.187610412016511,-0.7116970419883728,0.4393266886472702,1.5
qwen3-4b-obr-p15-s42,<TRAIN_ROOT>/qwen3-4b-obr-p15-s42/checkpoint-417,a33658a1d23bdea24fa8fec8,486,4,mid,50,78,-2.3890128135681152,-0.6179729104042053,-0.9300540685653687,-0.6886878609657288,-0.5628153681755066,-0.7670190930366516,1.52967369556427,1.4589587450027466,0.07071495056152344,-1.77103990316391,-0.2413662075996399,0.4455699324607849,1.37
qwen3-4b-obr-p15-s42,<TRAIN_ROOT>/qwen3-4b-obr-p15-s42/checkpoint-417,7cc358348ddf394d323d54fa,486,8,early,26,78,-4.034830570220947,-0.0036722819786518812,-2.0392985343933105,-0.043275199830532074,-0.8530902862548828,-0.06154791638255119,2.035134953679517,1.9955320358276367,0.03960291785188019,-4.031158288242295,-1.9960233345627785,1.2044809646904469,1.15
qwen3-4b-obr-p15-s42,<TRAIN_ROOT>/qwen3-4b-obr-p15-s42/checkpoint-417,48130e24fa784953221be0bb,818,1,late,57,67,-2.6217126846313477,-2.0061349868774414,-1.741476058959961,-1.9839842319488525,-0.6684144735336304,-2.097355842590332,0.8580858707427979,0.8802366256713867,-0.022150754928588867,-0.6155776977539062,0.2425081729888916,1.18643319606781,1.11
qwen3-4b-obr-p15-s42,<TRAIN_ROOT>/qwen3-4b-obr-p15-s42/checkpoint-417,3216248b1968553ebb30ec9f,818,2,mid,24,67,-0.7601696252822876,-0.004150518216192722,-0.7323572039604187,-0.04052009806036949,-0.5520486235618591,-0.06476479023694992,0.06418200116604567,0.027812421321868896,0.03636957984417677,-0.7560191070660949,-0.6918371059000492,0.20455327257514,0.77
qwen3-4b-obr-p15-s42,<TRAIN_ROOT>/qwen3-4b-obr-p15-s42/checkpoint-417,36649eed8f05a9b78cc1875d,818,4,early,22,67,-0.7749729752540588,-0.0018795013893395662,-0.583713710308075,-0.0353190116584301,-0.28682586550712585,-0.06787452846765518,0.22469877521507442,0.1912592649459839,0.03343951026909053,-0.7730934738647193,-0.5483946986496449,0.3294433616101742,0.77
qwen3-4b-obr-p15-s42,<TRAIN_ROOT>/qwen3-4b-obr-p15-s42/checkpoint-417,6a82449c7761420da3e6af42,818,8,late,52,67,-0.8341814279556274,-0.003119300352409482,-0.6279391050338745,-0.01421692781150341,-0.05967184528708458,-0.21116380393505096,0.21733995038084686,0.20624232292175293,0.011097627459093928,-0.831062127603218,-0.6137221772223711,0.7652141358703375,1.14
qwen3-4b-obr-p15-s42,<TRAIN_ROOT>/qwen3-4b-obr-p15-s42/checkpoint-417,e2f0402e72c1eea5bf7cb394,173,1,mid,22,46,-1.8768237829208374,-0.19015459716320038,-1.8721897602081299,-0.18108060956001282,-1.2205947637557983,-0.18116188049316406,-0.0044399648904800415,0.0046340227127075195,-0.009073987603187561,-1.686669185757637,-1.691109150648117,0.6516762673854828,0.81
qwen3-4b-obr-p15-s42,<TRAIN_ROOT>/qwen3-4b-obr-p15-s42/checkpoint-417,22685a36833c8afad29b8930,173,2,early,2,46,-1.2750879526138306,-0.36399078369140625,-1.3895626068115234,-0.3783951997756958,-0.9785836338996887,-0.4045111835002899,-0.10007023811340332,-0.11447465419769287,0.01440441608428955,-0.9110971689224243,-1.0111674070358276,0.43709495663642883,0.6
qwen3-4b-obr-p15-s42,<TRAIN_ROOT>/qwen3-4b-obr-p15-s42/checkpoint-417,e377f463eb8164fa1657be49,173,4,late,38,46,-1.003528356552124,-1.1945396661758423,-0.7861975431442261,-1.2637795209884644,-0.3154855966567993,-1.1381174325942993,0.28657066822052,0.21733081340789795,0.06923985481262207,0.19101130962371826,0.4775819778442383,0.3450498580932617,1.05
qwen3-4b-obr-p15-s42,<TRAIN_ROOT>/qwen3-4b-obr-p15-s42/checkpoint-417,f0b32eb9c99f732215dc31ed,173,8,mid,19,46,-0.6448042988777161,-0.10317373275756836,-0.45813778042793274,-0.31621837615966797,-0.04150047525763512,-0.5643221735954285,0.39971116185188293,0.18666651844978333,0.2130446434020996,-0.5416305661201477,-0.14191940426826477,0.6647411026060581,0.88
qwen3-4b-obr-p15-s42,<TRAIN_ROOT>/qwen3-4b-obr-p15-s42/checkpoint-417,93d27ad4060eeccaaa5dece9,884,1,early,2,70,-1.0329582691192627,-1.3574327230453491,-0.7614808082580566,-1.2921607494354248,-0.45834851264953613,-1.33568274974823,0.20620548725128174,0.27147746086120605,-0.06527197360992432,0.3244744539260864,0.5306799411773682,0.3466542959213257,0.56
qwen3-4b-obr-p15-s42,<TRAIN_ROOT>/qwen3-4b-obr-p15-s42/checkpoint-417,dbfb8860e9a82f3be2f32882,884,2,late,67,70,-0.8993414044380188,-0.8542327880859375,-0.4555746614933014,-0.7033019065856934,-0.058578066527843475,-0.7143012285232544,0.29283586144447327,0.4437667429447174,-0.15093088150024414,-0.0451086163520813,0.24772724509239197,0.40799591690301895,1.25
qwen3-4b-obr-p15-s42,<TRAIN_ROOT>/qwen3-4b-obr-p15-s42/checkpoint-417,07a542ac28251f02cd239792,884,4,mid,25,70,-1.0542714595794678,-0.1383955478668213,-0.38783398270606995,-0.3210465908050537,-0.05109831318259239,-0.5796551704406738,0.8490885198116302,0.6664374768733978,0.18265104293823242,-0.9158759117126465,-0.06678739190101624,0.5953442491590977,0.83
qwen3-4b-obr-p15-s42,<TRAIN_ROOT>/qwen3-4b-obr-p15-s42/checkpoint-417,871c09c2801b764bd57b94ac,884,8,early,15,70,-0.9328985214233398,-0.7644758820533752,-1.0007100105285645,-0.7647920846939087,-0.48538923263549805,-0.7691484689712524,-0.06749528646469116,-0.06781148910522461,0.00031620264053344727,-0.1684226393699646,-0.23591792583465576,0.5196771621704102,0.78
qwen3-4b-obr-p15-s42,<TRAIN_ROOT>/qwen3-4b-obr-p15-s42/checkpoint-417,b8722afac2d3edae146a405c,674,1,late,39,44,-1.75684654712677,-0.869921863079071,-1.185468316078186,-0.8429309725761414,-0.43542057275772095,-0.8447189927101135,0.5443873405456543,0.571378231048584,-0.026990890502929688,-0.886924684047699,-0.3425373435020447,0.7518357634544373,0.94
qwen3-4b-obr-p15-s42,<TRAIN_ROOT>/qwen3-4b-obr-p15-s42/checkpoint-417,935f16b232831be318dbd400,674,2,mid,21,44,-1.1227678060531616,-1.2717816829681396,-0.7356796264648438,-1.2219364643096924,-0.5993852615356445,-1.2106754779815674,0.3372429609298706,0.38708817958831787,-0.049845218658447266,0.14901387691497803,0.48625683784484863,0.12503337860107422,0.76
qwen3-4b-obr-p15-s42,<TRAIN_ROOT>/qwen3-4b-obr-p15-s42/checkpoint-417,112c4b896dbfe413e4669ae4,674,4,early,12,44,-1.3219265937805176,-0.032936371862888336,-0.9003437757492065,-0.13045501708984375,-0.42041143774986267,-0.32442012429237366,0.5191014632582664,0.42158281803131104,0.09751864522695541,-1.2889902219176292,-0.7698887586593628,0.6738974452018738,0.7
qwen3-4b-obr-p15-s42,<TRAIN_ROOT>/qwen3-4b-obr-p15-s42/checkpoint-417,d35e2109a55bfc644f33bc71,674,8,late,40,44,-1.669751524925232,-0.7223336696624756,-0.6628314256668091,-0.8205678462982178,-0.041306812316179276,-1.2624915838241577,1.105154275894165,1.0069200992584229,0.09823417663574219,-0.9474178552627563,0.1577364206314087,1.0634483508765697,0.98
qwen3-4b-obr-p15-s42,<TRAIN_ROOT>/qwen3-4b-obr-p15-s42/checkpoint-417,b772969717e506ec9c1486cc,819,1,mid,20,53,-1.2608139514923096,-1.2727735042572021,-0.9259564876556396,-1.244147777557373,-0.28453540802001953,-1.2612733840942383,0.3062317371368408,0.3348574638366699,-0.0286257266998291,0.011959552764892578,0.3181912899017334,0.6585466861724854,0.77
qwen3-4b-obr-p15-s42,<TRAIN_ROOT>/qwen3-4b-obr-p15-s42/checkpoint-417,02f23d7365dfb434c52f6dcd,819,2,early,14,53,-1.1923282146453857,-0.5716712474822998,-0.902947723865509,-0.6407268047332764,-0.43270668387413025,-0.7471768260002136,0.35843604803085327,0.2893804907798767,0.06905555725097656,-0.6206569671630859,-0.26222091913223267,0.576691061258316,0.73
qwen3-4b-obr-p15-s42,<TRAIN_ROOT>/qwen3-4b-obr-p15-s42/checkpoint-417,93e37242dc34f5dfc52170c9,819,4,late,36,53,-1.0117015838623047,-0.23183965682983398,-0.5326614379882812,-0.22909975051879883,-0.060305215418338776,-0.45717620849609375,0.4763002395629883,0.47904014587402344,-0.0027399063110351562,-0.7798619270324707,-0.3035616874694824,0.7004326805472374,0.98
qwen3-4b-obr-p15-s42,<TRAIN_ROOT>/qwen3-4b-obr-p15-s42/checkpoint-417,ae82390c38132126a91b101a,819,8,mid,34,53,-1.1584882736206055,-1.0180485248565674,-0.7064337134361267,-1.2489593029022217,-0.11919327080249786,-1.5926690101623535,0.6829653382301331,0.45205456018447876,0.2309107780456543,-0.14043974876403809,0.542525589466095,0.9309501498937607,0.99
qwen3-4b-obr-p15-s42,<TRAIN_ROOT>/qwen3-4b-obr-p15-s42/checkpoint-417,a1f571360ea4843402220418,950,1,early,34,105,-0.7989115118980408,-0.03559335321187973,-0.6655980944633484,-0.06631183624267578,-0.38882917165756226,-0.10769717395305634,0.16403190046548843,0.13331341743469238,0.03071848303079605,-0.763318158686161,-0.5992862582206726,0.3181542605161667,1.04
qwen3-4b-obr-p15-s42,<TRAIN_ROOT>/qwen3-4b-obr-p15-s42/checkpoint-417,dad2099f4eef0e44ae504a0f,950,2,late,87,105,-0.6002493500709534,-0.5176101922988892,-0.47685691714286804,-0.5345329642295837,-0.28982284665107727,-0.4846181571483612,0.1403152048587799,0.12339243292808533,0.01692277193069458,-0.08263915777206421,0.0576760470867157,0.13711926341056824,1.7
qwen3-4b-obr-p15-s42,<TRAIN_ROOT>/qwen3-4b-obr-p15-s42/checkpoint-417,05bcd4e6e23a5b86dca38f04,950,4,mid,42,105,-0.6414759755134583,-0.011338233947753906,-0.538166344165802,-0.10142152011394501,-0.2433418333530426,-0.2095503807067871,0.19339291751384735,0.10330963134765625,0.0900832861661911,-0.6301377415657043,-0.436744824051857,0.4029533714056015,1.17
qwen3-4b-obr-p15-s42,<TRAIN_ROOT>/qwen3-4b-obr-p15-s42/checkpoint-417,feb4b0b3040571d594eb744c,950,8,early,25,105,-1.7123405933380127,-0.03118419647216797,-1.406646966934204,-0.19411659240722656,-1.2568719387054443,-0.23549103736877441,0.4686260223388672,0.3056936264038086,0.1629323959350586,-1.6811563968658447,-1.2125303745269775,0.19114947319030762,1.02
qwen3-4b-obr-p15-s42,<TRAIN_ROOT>/qwen3-4b-obr-p15-s42/checkpoint-417,78d9aa958886df4f24ee752f,1054,1,late,60,63,-1.2281138896942139,-1.6333539485931396,-0.8261542320251465,-1.615234375,-0.42925381660461426,-1.6216691732406616,0.38384008407592773,0.4019596576690674,-0.01811957359313965,0.4052400588989258,0.7890801429748535,0.40333521366119385,1.53
qwen3-4b-obr-p15-s42,<TRAIN_ROOT>/qwen3-4b-obr-p15-s42/checkpoint-417,3e05d493865f684d92088845,1054,2,mid,37,63,-0.8624909520149231,-0.1593511402606964,-0.2911718189716339,-0.2161797434091568,-0.1683756560087204,-0.24151547253131866,0.6281477361917496,0.5713191330432892,0.05682860314846039,-0.7031398117542267,-0.07499207556247711,0.14813189208507538,1.27
qwen3-4b-obr-p15-s42,<TRAIN_ROOT>/qwen3-4b-obr-p15-s42/checkpoint-417,02a8d75f2c058571b16d76de,1054,4,early,13,63,-1.613098382949829,-1.1127982139587402,-1.195347547531128,-1.2033032178878784,-0.6133666038513184,-1.2068241834640503,0.5082558393478394,0.41775083541870117,0.09050500392913818,-0.5003001689910889,0.007955670356750488,0.5855019092559814,1.02
qwen3-4b-obr-p15-s42,<TRAIN_ROOT>/qwen3-4b-obr-p15-s42/checkpoint-417,748984ddf774b6080d77d2e6,1054,8,late,50,63,-1.3786300420761108,-1.3761247396469116,-0.09577503055334091,-1.5011086463928223,-0.024311447516083717,-1.7710206508636475,1.4078389182686806,1.28285501152277,0.12498390674591064,-0.0025053024291992188,1.4053336158394814,0.3413755875080824,1.51
qwen3-4b-obr-p15-s42,<TRAIN_ROOT>/qwen3-4b-obr-p15-s42/checkpoint-417,920365599b88585b735ecde9,738,1,mid,38,62,-1.2456490993499756,-0.960850179195404,-0.930362343788147,-1.040143609046936,-0.4860585331916809,-1.1625137329101562,0.3945801854133606,0.3152867555618286,0.07929342985153198,-0.28479892015457153,0.10978126525878906,0.5666739344596863,0.96
qwen3-4b-obr-p15-s42,<TRAIN_ROOT>/qwen3-4b-obr-p15-s42/checkpoint-417,06673fb29d4b6e36b216db68,738,2,early,3,62,-0.9923515319824219,-1.2410433292388916,-0.9725057482719421,-1.2314010858535767,-0.7608086466789246,-1.284379243850708,0.010203540325164795,0.019845783710479736,-0.009642243385314941,0.24869179725646973,0.2588953375816345,0.2646752595901489,0.59
qwen3-4b-obr-p15-s42,<TRAIN_ROOT>/qwen3-4b-obr-p15-s42/checkpoint-417,447638ee9f9d0d1182cb7c03,738,4,late,46,62,-1.2869362831115723,-0.8148050308227539,-0.3854192793369293,-0.9229215979576111,-0.09122364968061447,-1.2910093069076538,1.0096335709095001,0.9015170037746429,0.10811656713485718,-0.47213125228881836,0.5375023186206818,0.6622833386063576,1.08
qwen3-4b-obr-p15-s42,<TRAIN_ROOT>/qwen3-4b-obr-p15-s42/checkpoint-417,390941ae11801d193a6886bc,738,8,mid,30,62,-1.041158676147461,-0.8716172575950623,-0.18895895779132843,-0.7452163696289062,-0.024546191096305847,-0.8430453538894653,0.7257988303899765,0.8521997183561325,-0.126400887966156,-0.16954141855239868,0.5562574118375778,0.26224175095558167,0.94
qwen3-4b-obr-p15-s42,<TRAIN_ROOT>/qwen3-4b-obr-p15-s42/checkpoint-417,1e4265fa876d895e98ecf483,775,1,early,8,26,-0.9383079409599304,-0.7141429781913757,-0.6264274716377258,-0.7201606631278992,-0.5012291073799133,-0.7309185266494751,0.317898154258728,0.3118804693222046,0.0060176849365234375,-0.2241649627685547,0.09373319149017334,0.13595622777938843,0.69
qwen3-4b-obr-p15-s42,<TRAIN_ROOT>/qwen3-4b-obr-p15-s42/checkpoint-417,f01e4af72eeafe9ad1fb8ec6,775,2,late,20,26,-1.5767130851745605,-3.099520683288574,-0.9639105796813965,-2.939763307571411,-0.6817532181739807,-3.0216422080993652,0.453045129776001,0.6128025054931641,-0.15975737571716309,1.5228075981140137,1.9758527278900146,0.3640362620353699,0.82
qwen3-4b-obr-p15-s42,<TRAIN_ROOT>/qwen3-4b-obr-p15-s42/checkpoint-417,5dae32552c442a3aeffd66a5,775,4,mid,14,26,-1.2212133407592773,-0.8054271340370178,-0.9596475958824158,-0.5594149827957153,-0.6519002914428711,-0.53004390001297,0.015553593635559082,0.2615657448768616,-0.2460121512413025,-0.4157862067222595,-0.40023261308670044,0.2783762216567993,0.77
qwen3-4b-obr-p15-s42,<TRAIN_ROOT>/qwen3-4b-obr-p15-s42/checkpoint-417,02d92b53f68848660bb14463,775,8,early,9,26,-1.2502907514572144,-1.6890945434570312,-0.9453570246696472,-1.6875431537628174,-0.27197393774986267,-1.7052946090698242,0.30338233709335327,0.30493372678756714,-0.0015513896942138672,0.4388037919998169,0.7421861290931702,0.6911345422267914,0.76
qwen3-4b-obr-p15-s42,<TRAIN_ROOT>/qwen3-4b-obr-p15-s42/checkpoint-417,2e4769ee4f820b7f8cad838a,114,1,late,9,13,-1.0378575325012207,-0.7947044372558594,-0.9932239055633545,-0.7908525466918945,-0.8072037696838379,-0.7936729192733765,0.04078173637390137,0.04463362693786621,-0.0038518905639648438,-0.24315309524536133,-0.20237135887145996,0.18884050846099854,0.76
qwen3-4b-obr-p15-s42,<TRAIN_ROOT>/qwen3-4b-obr-p15-s42/checkpoint-417,557448943f3fe0e9d0a25c9d,114,2,mid,7,13,-1.7439634799957275,-0.021350383758544922,-1.2054808139801025,-0.2184584140777588,-0.7322201728820801,-0.2810490131378174,0.7355906963348389,0.538482666015625,0.19710803031921387,-1.7226130962371826,-0.9870223999023438,0.535851240158081,0.76
qwen3-4b-obr-p15-s42,<TRAIN_ROOT>/qwen3-4b-obr-p15-s42/checkpoint-417,13d6e6a4d2e0aa3ae7eef430,114,4,early,4,13,-1.8048086166381836,-0.5000253319740295,-0.870781660079956,-0.4116275906562805,-0.3470977544784546,-0.3937298059463501,0.8456292152404785,0.9340269565582275,-0.08839774131774902,-1.304783284664154,-0.45915406942367554,0.505786120891571,0.75
qwen3-4b-obr-p15-s42,<TRAIN_ROOT>/qwen3-4b-obr-p15-s42/checkpoint-417,562c005c6a3f05c6801e17c5,114,8,late,9,13,-0.8458139896392822,-0.7947044372558594,-0.6152198314666748,-0.7742087244987488,-0.39269161224365234,-0.6652266383171082,0.21009844541549683,0.23059415817260742,-0.020495712757110596,-0.05110955238342285,0.15898889303207397,0.11354613304138184,0.84
qwen3-4b-obr-p15-s42,<TRAIN_ROOT>/qwen3-4b-obr-p15-s42/checkpoint-417,0789690a98ffa8ff10044a85,226,1,mid,15,26,-1.3311315774917603,-0.6654720306396484,-0.7458482980728149,-0.724351704120636,-0.34049683809280396,-0.7275823950767517,0.6441629528999329,0.5852832794189453,0.05887967348098755,-0.6656595468521118,-0.021496593952178955,0.4085821509361267,0.67
qwen3-4b-obr-p15-s42,<TRAIN_ROOT>/qwen3-4b-obr-p15-s42/checkpoint-417,23305a9398342bd15f9632f0,226,2,early,9,26,-1.220097541809082,-1.3830677270889282,-0.9010187983512878,-1.1909122467041016,-0.3867664337158203,-1.3357027769088745,0.12692326307296753,0.3190787434577942,-0.19215548038482666,0.1629701852798462,0.2898934483528137,0.6590428948402405,0.61
qwen3-4b-obr-p15-s42,<TRAIN_ROOT>/qwen3-4b-obr-p15-s42/checkpoint-417,bc7372af10659172c78d9465,226,4,late,25,26,-1.4715690612792969,-0.6633886098861694,-1.1039314270019531,-0.6081756353378296,-0.3444042205810547,-0.6046981811523438,0.3124246597290039,0.36763763427734375,-0.055212974548339844,-0.8081804513931274,-0.49575579166412354,0.7560497522354126,0.78
qwen3-4b-obr-p15-s42,<TRAIN_ROOT>/qwen3-4b-obr-p15-s42/checkpoint-417,0007cb462363661747a643bf,226,8,mid,16,26,-1.6046044826507568,-1.7319746017456055,-0.9189679026603699,-1.8142545223236084,-0.20574569702148438,-1.9583618640899658,0.7679165005683899,0.685636579990387,0.08227992057800293,0.12737011909484863,0.8952866196632385,0.8573295474052429,0.74
qwen3-4b-obr-p15-s42,<TRAIN_ROOT>/qwen3-4b-obr-p15-s42/checkpoint-417,6cfb87c500e5f1bf176ea656,852,1,early,3,31,-0.5960220098495483,-0.17012910544872284,-0.5286476016044617,-0.19338327646255493,-0.34133461117744446,-0.2065538465976715,0.09062857925891876,0.06737440824508667,0.023254171013832092,-0.4258929044008255,-0.33526432514190674,0.2004835605621338,0.53
qwen3-4b-obr-p15-s42,<TRAIN_ROOT>/qwen3-4b-obr-p15-s42/checkpoint-417,61e48dfba3310514131f1c67,852,2,late,24,31,-0.6378301978111267,-0.3547966778278351,-0.35319021344184875,-0.3821912705898285,-0.11960660666227341,-0.41472917795181274,0.31203457713127136,0.28463998436927795,0.027394592761993408,-0.2830335199832916,0.029001057147979736,0.2661215141415596,0.74
qwen3-4b-obr-p15-s42,<TRAIN_ROOT>/qwen3-4b-obr-p15-s42/checkpoint-417,32d52626e8d28807e1eb2f9b,852,4,mid,15,31,-0.7346331477165222,-0.3644123375415802,-0.4684678316116333,-0.6108954548835754,-0.05389256030321121,-0.6459448933601379,0.5126484334468842,0.2661653161048889,0.24648311734199524,-0.370220810174942,0.14242762327194214,0.4496247097849846,0.67
qwen3-4b-obr-p15-s42,<TRAIN_ROOT>/qwen3-4b-obr-p15-s42/checkpoint-417,9c8b3a9ee0102a1918bcbd5c,852,8,early,8,31,-0.574461817741394,-0.5782691240310669,-0.6288788318634033,-0.5808910131454468,-0.4951736330986023,-0.5591261386871338,-0.051795125007629395,-0.05441701412200928,0.002621889114379883,0.0038073062896728516,-0.04798781871795654,0.11194032430648804,0.64
qwen3-4b-obr-p15-s42,<TRAIN_ROOT>/qwen3-4b-obr-p15-s42/checkpoint-417,2e06c22d60bad9df63ee59a0,820,1,late,25,32,-0.9365779757499695,-1.099962592124939,-0.7795135378837585,-1.1380367279052734,-0.2780769467353821,-1.0840351581573486,0.1951385736465454,0.15706443786621094,0.03807413578033447,0.16338461637496948,0.3585231900215149,0.44743502140045166,1.0
qwen3-4b-obr-p15-s42,<TRAIN_ROOT>/qwen3-4b-obr-p15-s42/checkpoint-417,1c7a4acc31b015b6e6ad98fd,820,2,mid,21,32,-1.188417911529541,-0.6406612396240234,-0.833172082901001,-0.5432427525520325,-0.3732653856277466,-0.49499067664146423,0.2578273415565491,0.35524582862854004,-0.09741848707199097,-0.5477566719055176,-0.2899293303489685,0.41165462136268616,0.98
qwen3-4b-obr-p15-s42,<TRAIN_ROOT>/qwen3-4b-obr-p15-s42/checkpoint-417,9c66cbb7bd85e51d036817dd,820,4,early,4,32,-1.3088771104812622,-1.2330148220062256,-0.898952305316925,-1.1598942279815674,-0.1924557238817215,-1.1890699863433838,0.33680421113967896,0.40992480516433716,-0.0731205940246582,-0.07586228847503662,0.26094192266464233,0.73567233979702,0.82
qwen3-4b-obr-p15-s42,<TRAIN_ROOT>/qwen3-4b-obr-p15-s42/checkpoint-417,12723c8c7e72093af91bf718,820,8,late,26,32,-0.8474509119987488,-1.895430326461792,-0.34247124195098877,-1.9029525518417358,-0.0122663713991642,-2.2690529823303223,0.5125018954277039,0.50497967004776,0.007522225379943848,1.0479794144630432,1.560481309890747,0.696305301040411,1.08
qwen3-4b-obr-p15-s42,<TRAIN_ROOT>/qwen3-4b-obr-p15-s42/checkpoint-417,cec32a215c32dbc3be8f651e,313,1,mid,12,28,-1.2278398275375366,-0.02601664513349533,-0.6637919545173645,-0.04525334760546684,-0.575962483882904,-0.06993266940116882,0.5832845754921436,0.5640478730201721,0.019236702471971512,-1.2018231824040413,-0.6185386069118977,0.11250879243016243,0.71
qwen3-4b-obr-p15-s42,<TRAIN_ROOT>/qwen3-4b-obr-p15-s42/checkpoint-417,8287c0030a4a4e8489b6521d,313,2,early,2,28,-0.45530208945274353,-1.1709152460098267,-0.47948265075683594,-1.0666054487228394,-0.17661301791667938,-1.028760552406311,-0.1284903585910797,-0.024180561304092407,-0.1043097972869873,0.7156131565570831,0.5871227979660034,0.26502473652362823,0.62
qwen3-4b-obr-p15-s42,<TRAIN_ROOT>/qwen3-4b-obr-p15-s42/checkpoint-417,b7ab3f2ecfe2a9e565639f5c,313,4,late,21,28,-1.0659654140472412,-0.2343677580356598,-0.8017315864562988,-0.2837291657924652,-0.35723480582237244,-0.5872625708580017,0.3135952353477478,0.2642338275909424,0.04936140775680542,-0.8315976560115814,-0.5180024206638336,0.7480301856994629,0.83
qwen3-4b-obr-p15-s42,<TRAIN_ROOT>/qwen3-4b-obr-p15-s42/checkpoint-417,a710465d9fdbf22164a5b6b4,313,8,mid,14,28,-1.033582329750061,-0.4517751634120941,-0.6960840225219727,-0.4514600932598114,-0.123601533472538,-0.9167976379394531,0.33718323707580566,0.3374983072280884,-0.00031507015228271484,-0.5818071663379669,-0.24462392926216125,1.0378200337290764,0.8
qwen3-4b-obr-p15-s42,<TRAIN_ROOT>/qwen3-4b-obr-p15-s42/checkpoint-417,720066b23fab6d11a4745bed,442,1,early,8,30,-1.040927767753601,-0.27645111083984375,-0.9441062808036804,-0.29480934143066406,-0.7555834054946899,-0.29512476921081543,0.11517971754074097,0.09682148694992065,0.018358230590820312,-0.7644766569137573,-0.6492969393730164,0.18883830308914185,0.58
qwen3-4b-obr-p15-s42,<TRAIN_ROOT>/qwen3-4b-obr-p15-s42/checkpoint-417,4d8ca56e3b4dc029ab7565cb,442,2,late,21,30,-1.2628942728042603,-0.3891189992427826,-0.7831275463104248,-0.346352756023407,-0.366163969039917,-0.3261704444885254,0.43700048327445984,0.47976672649383545,-0.04276624321937561,-0.8737752735614777,-0.4367747902870178,0.3967812657356262,0.74
qwen3-4b-obr-p15-s42,<TRAIN_ROOT>/qwen3-4b-obr-p15-s42/checkpoint-417,fcceca4eee47cd4470c5db0d,442,4,mid,20,30,-1.1165705919265747,-0.43899208307266235,-1.022422194480896,-0.7124778032302856,-0.350477010011673,-0.8825759887695312,0.367634117603302,0.09414839744567871,0.2734857201576233,-0.6775785088539124,-0.30994439125061035,0.8420433700084686,0.72
qwen3-4b-obr-p15-s42,<TRAIN_ROOT>/qwen3-4b-obr-p15-s42/checkpoint-417,1c5c6833b39be94fd4072766,442,8,early,9,30,-0.9925305247306824,-0.578640341758728,-0.898041307926178,-0.47572535276412964,-0.6844089031219482,-0.440910667181015,-0.008425772190093994,0.0944892168045044,-0.10291498899459839,-0.41389018297195435,-0.42231595516204834,0.1788177192211151,0.66
qwen3-4b-obr-p15-s42,<TRAIN_ROOT>/qwen3-4b-obr-p15-s42/checkpoint-417,0487a6382d06912f858cb189,803,1,late,38,53,-0.8907539248466492,-0.0014039993984624743,-0.5794754028320312,-0.026127053424715996,-0.4148523509502411,-0.061820220202207565,0.33600157604087144,0.3112785220146179,0.02472305402625352,-0.8893499254481867,-0.5533483494073153,0.20031621865928173,0.81
qwen3-4b-obr-p15-s42,<TRAIN_ROOT>/qwen3-4b-obr-p15-s42/checkpoint-417,9e4e34f183a542c5678bb2d5,803,2,mid,29,53,-1.0141149759292603,-0.0018724441761150956,-0.5611773729324341,-0.027554893866181374,-0.40725964307785034,-0.09834175556898117,0.47862005268689245,0.45293760299682617,0.025682449690066278,-1.0122425317531452,-0.5336224790662527,0.22470459155738354,0.74
qwen3-4b-obr-p15-s42,<TRAIN_ROOT>/qwen3-4b-obr-p15-s42/checkpoint-417,daec73172d70d146cf74edf9,803,4,early,16,53,-1.9160284996032715,-0.00537376431748271,-1.7939629554748535,-0.019220734015107155,-0.9490604400634766,-0.036002159118652344,0.1359125138260424,0.12206554412841797,0.013846969697624445,-1.9106547352857888,-1.7747422214597464,0.8616839405149221,0.65
qwen3-4b-obr-p15-s42,<TRAIN_ROOT>/qwen3-4b-obr-p15-s42/checkpoint-417,802809ccff093c20967a1292,803,8,late,47,53,-1.5126091241836548,-0.0028545379173010588,-1.0680636167526245,-0.021352767944335938,-0.25739002227783203,-0.11713027954101562,0.46304373745806515,0.4445455074310303,0.01849823002703488,-1.5097545862663537,-1.0467108488082886,0.9064511060714722,0.97
qwen3-4b-obr-p15-s42,<TRAIN_ROOT>/qwen3-4b-obr-p15-s42/checkpoint-417,2170bed7afd383d9ff753db0,1063,1,mid,36,84,-1.3423383235931396,-0.10876131057739258,-1.1998792886734009,-0.11544203758239746,-0.9835022687911987,-0.17487168312072754,0.14913976192474365,0.14245903491973877,0.006680727005004883,-1.233577013015747,-1.0844372510910034,0.2758066654205322,1.06
qwen3-4b-obr-p15-s42,<TRAIN_ROOT>/qwen3-4b-obr-p15-s42/checkpoint-417,8c634b8a5726f03fe54a0c40,1063,2,early,28,84,-1.0223745107650757,-0.7114764451980591,-0.5330120325088501,-0.7045798897743225,-0.2502359449863434,-0.749247670173645,0.482465922832489,0.4893624782562256,-0.006896555423736572,-0.3108980655670166,0.1715678572654724,0.3274438679218292,1.0
qwen3-4b-obr-p15-s42,<TRAIN_ROOT>/qwen3-4b-obr-p15-s42/checkpoint-417,306d5c29bf259ec557fd5419,1063,4,late,80,84,-1.2109456062316895,-0.1254095435142517,-0.5673651695251465,-0.36175864934921265,-0.29427289962768555,-0.4682726263999939,0.8799295425415039,0.643580436706543,0.23634910583496094,-1.0855360627174377,-0.20560652017593384,0.3796062469482422,1.55
qwen3-4b-obr-p15-s42,<TRAIN_ROOT>/qwen3-4b-obr-p15-s42/checkpoint-417,c4097103ddbb961fbcde58d4,1063,8,mid,43,84,-1.9088239669799805,-0.3658108413219452,-0.43655452132225037,-0.32105007767677307,-0.23274695873260498,-0.3220609724521637,1.427508682012558,1.47226944565773,-0.04476076364517212,-1.5430131256580353,-0.1155044436454773,0.204818457365036,1.19
qwen3-4b-obr-p15-s42,<TRAIN_ROOT>/qwen3-4b-obr-p15-s42/checkpoint-417,2953f7fa95babd9e3c1dba4e,20,1,early,17,90,-0.2827615737915039,-0.5313981175422668,-0.3834054470062256,-0.5462856292724609,-0.46743321418762207,-0.49689781665802,-0.08575636148452759,-0.10064387321472168,0.014887511730194092,0.24863654375076294,0.16288018226623535,-0.1334155797958374,0.83
qwen3-4b-obr-p15-s42,<TRAIN_ROOT>/qwen3-4b-obr-p15-s42/checkpoint-417,a001216ec311ab28b1c782a6,20,2,late,71,90,-0.9695371389389038,-0.15003840625286102,-1.0894558429718018,-0.19909054040908813,-0.47954291105270386,-0.3015657961368561,-0.07086656987667084,-0.11991870403289795,0.04905213415622711,-0.8194987326860428,-0.8903653025627136,0.7123881876468658,1.41
qwen3-4b-obr-p15-s42,<TRAIN_ROOT>/qwen3-4b-obr-p15-s42/checkpoint-417,7d4ab15a4c3c559e63065db2,20,4,mid,45,90,-1.6402361392974854,-0.00519044091925025,-0.589992344379425,-0.08780643343925476,-0.2347833812236786,-0.3668709099292755,1.1328597874380648,1.0502437949180603,0.08261599252000451,-1.635045698378235,-0.5021859109401703,0.6342734396457672,1.14
qwen3-4b-obr-p15-s42,<TRAIN_ROOT>/qwen3-4b-obr-p15-s42/checkpoint-417,874d8579757275bfd450edd7,20,8,early,30,90,-1.292494297027588,-0.5592697262763977,-0.8512077331542969,-0.7558227777481079,-0.3344423770904541,-0.9209415316581726,0.6378396153450012,0.441286563873291,0.1965530514717102,-0.7332245707511902,-0.09538495540618896,0.6818841099739075,1.02
qwen3-4b-obr-p15-s42,<TRAIN_ROOT>/qwen3-4b-obr-p15-s42/checkpoint-417,51bf4a2d7e2e3df70bb7bec4,332,1,late,36,46,-0.9947538375854492,-0.4158039391040802,-1.0280959606170654,-0.4140864312648773,-0.46510380506515503,-0.42797091603279114,-0.03505963087081909,-0.03334212303161621,-0.0017175078392028809,-0.578949898481369,-0.6140095293521881,0.5768766403198242,1.06
qwen3-4b-obr-p15-s42,<TRAIN_ROOT>/qwen3-4b-obr-p15-s42/checkpoint-417,5724f4957ac48e0b498de328,332,2,mid,26,46,-1.6593210697174072,-0.02421875111758709,-0.9117218852043152,-0.1778951734304428,-0.5966269969940186,-0.20999394357204437,0.9012756068259478,0.747599184513092,0.15367642231285572,-1.6351023185998201,-0.7338267117738724,0.3471936583518982,0.95
qwen3-4b-obr-p15-s42,<TRAIN_ROOT>/qwen3-4b-obr-p15-s42/checkpoint-417,75780dc10c32555bbd73243e,332,4,early,9,46,-0.7735514044761658,-0.8364852070808411,-0.5005441904067993,-0.845371663570404,-0.22416995465755463,-0.854755699634552,0.28189367055892944,0.27300721406936646,0.008886456489562988,0.06293380260467529,0.34482747316360474,0.28575827181339264,0.79
qwen3-4b-obr-p15-s42,<TRAIN_ROOT>/qwen3-4b-obr-p15-s42/checkpoint-417,3eea09cf6119b36668863b4f,332,8,late,42,46,-0.5690129995346069,-1.167083740234375,-0.5847983360290527,-1.2555780410766602,-0.0994160994887352,-1.4816137552261353,0.07270896434783936,-0.0157853364944458,0.08849430084228516,0.5980707406997681,0.6707797050476074,0.7114179506897926,1.21
qwen3-4b-obr-p15-s42,<TRAIN_ROOT>/qwen3-4b-obr-p15-s42/checkpoint-417,1596d6a6987701aadc7be7e8,282,1,mid,9,14,-0.9523391723632812,-0.0004780292510986328,-0.36967170238494873,-0.006851077079772949,-0.2368704080581665,-0.014003276824951172,0.5890405178070068,0.5826674699783325,0.006373047828674316,-0.9518611431121826,-0.3628206253051758,0.13995349407196045,0.61
qwen3-4b-obr-p15-s42,<TRAIN_ROOT>/qwen3-4b-obr-p15-s42/checkpoint-417,3de996dce905d2402c88824f,282,2,early,4,14,-1.4639840126037598,-0.007102585397660732,-1.1028761863708496,-0.04506314918398857,-0.37785816192626953,-0.06629829853773117,0.399068390019238,0.36110782623291016,0.03796056378632784,-1.456881427206099,-1.057813037186861,0.7462531737983227,0.57
qwen3-4b-obr-p15-s42,<TRAIN_ROOT>/qwen3-4b-obr-p15-s42/checkpoint-417,4089c74129e54f7a333d9f27,282,4,late,13,14,-0.5649839639663696,-0.23302215337753296,-0.49109649658203125,-0.19299614429473877,-0.26635515689849854,-0.20665192604064941,0.03386145830154419,0.07388746738433838,-0.04002600908279419,-0.33196181058883667,-0.2981003522872925,0.23839712142944336,0.71
qwen3-4b-obr-p15-s42,<TRAIN_ROOT>/qwen3-4b-obr-p15-s42/checkpoint-417,08d33fee3a7b5c24a13af17e,282,8,mid,9,14,-0.9916205406188965,-0.0004780292510986328,-0.6388532519340515,-0.008129358291625977,-0.2508333921432495,-0.03499472141265869,0.3604186177253723,0.35276728868484497,0.007651329040527344,-0.9911425113677979,-0.6307238936424255,0.4148852229118347,0.68
qwen3-4b-obr-p15-s42,<TRAIN_ROOT>/qwen3-4b-obr-p15-s42/checkpoint-417,7c62b86962db49ff959024bd,372,1,early,4,12,-0.604202926158905,-0.01345062255859375,-0.5373053550720215,-0.07909376174211502,-0.4333856999874115,-0.1331518441438675,0.13254071027040482,0.06689757108688354,0.06564313918352127,-0.5907523036003113,-0.45821159332990646,0.15797773748636246,0.49
qwen3-4b-obr-p15-s42,<TRAIN_ROOT>/qwen3-4b-obr-p15-s42/checkpoint-417,30900aecc158203beb3146ef,372,2,late,9,12,-1.9230889081954956,-0.01053704135119915,-0.9663532376289368,-0.06018320843577385,-0.3307933807373047,-0.0729539692401886,1.0063818376511335,0.9567356705665588,0.0496461670845747,-1.9125518668442965,-0.9061700291931629,0.6483306176960468,0.55
qwen3-4b-obr-p15-s42,<TRAIN_ROOT>/qwen3-4b-obr-p15-s42/checkpoint-417,a338e9556f3a175d7712417d,372,4,mid,6,12,-0.7920427322387695,-0.6202571392059326,-0.711646556854248,-0.6368271708488464,-0.5652644038200378,-0.6605656743049622,0.0969662070274353,0.08039617538452148,0.01657003164291382,-0.17178559303283691,-0.07481938600540161,0.17012065649032593,0.54
qwen3-4b-obr-p15-s42,<TRAIN_ROOT>/qwen3-4b-obr-p15-s42/checkpoint-417,08b87e14581fb4957897d55c,372,8,late,9,12,-2.603773593902588,-0.01053704135119915,-2.406306266784668,-0.02364434115588665,-0.8661477565765381,-0.08852556347846985,0.21057462692260742,0.19746732711791992,0.0131072998046875,-2.5932365525513887,-2.3826619256287813,1.605039732530713,0.61
qwen3-4b-obr-p15-s42,<TRAIN_ROOT>/qwen3-4b-obr-p15-s42/checkpoint-417,3792e641f43277a5ddfc1283,337,1,early,21,81,-1.404569387435913,-0.13959169387817383,-1.3534170389175415,-0.18834400177001953,-1.320229411125183,-0.23065853118896484,0.09990465641021729,0.05115234851837158,0.0487523078918457,-1.2649776935577393,-1.165073037147522,0.07550215721130371,0.87
qwen3-4b-obr-p15-s42,<TRAIN_ROOT>/qwen3-4b-obr-p15-s42/checkpoint-417,22064c359e308e482d7c4729,337,2,mid,47,81,-1.590592622756958,-0.06231848523020744,-1.4209856986999512,-0.15755462646484375,-0.8574273586273193,-0.1862446516752243,0.26484306529164314,0.16960692405700684,0.0952361412346363,-1.5282741375267506,-1.2634310722351074,0.5922483652830124,1.2
qwen3-4b-obr-p15-s42,<TRAIN_ROOT>/qwen3-4b-obr-p15-s42/checkpoint-417,a713d08dcbcf69dbbce00769,337,4,early,8,81,-1.0138815641403198,-0.0017437405185773969,-0.6708769202232361,-0.139984130859375,-0.5910125970840454,-0.49583563208580017,0.48124503425788134,0.34300464391708374,0.1382403903407976,-1.0121378236217424,-0.5308927893638611,0.43571582436561584,0.76
qwen3-4b-obr-p15-s42,<TRAIN_ROOT>/qwen3-4b-obr-p15-s42/checkpoint-417,99c3b8315e330c11103adaf3,337,8,late,58,81,-1.0790568590164185,-0.35111746191978455,-0.7332702279090881,-0.626337468624115,-0.4195552468299866,-0.8560504913330078,0.6210066378116608,0.3457866311073303,0.27522000670433044,-0.7279393970966339,-0.10693275928497314,0.5434280037879944,1.44
qwen3-4b-obr-p15-s42,<TRAIN_ROOT>/qwen3-4b-obr-p15-s42/checkpoint-417,953981154f6c9b83a52363fe,550,1,mid,38,83,-1.0179286003112793,-0.04808911681175232,-0.8732908964157104,-0.22781823575496674,-0.69975745677948,-0.2576947808265686,0.32436682283878326,0.14463770389556885,0.17972911894321442,-0.969839483499527,-0.6454726606607437,0.20340998470783234,1.07
qwen3-4b-obr-p15-s42,<TRAIN_ROOT>/qwen3-4b-obr-p15-s42/checkpoint-417,0a86a3fa1a1ff8633e5bfdfd,550,2,early,11,83,-1.142168641090393,-1.0079128742218018,-1.0388339757919312,-1.009448528289795,-0.6010844707489014,-1.017545223236084,0.10487031936645508,0.10333466529846191,0.001535654067993164,-0.1342557668685913,-0.02938544750213623,0.44584619998931885,0.79
qwen3-4b-obr-p15-s42,<TRAIN_ROOT>/qwen3-4b-obr-p15-s42/checkpoint-417,a4cb8657a5d9f8671aa6ce79,550,4,late,64,83,-1.1711727380752563,-0.9029350876808167,-0.9809977412223816,-1.2178465127944946,-0.22564697265625,-1.2680004835128784,0.5050864219665527,0.19017499685287476,0.314911425113678,-0.2682376503944397,0.23684877157211304,0.8055047392845154,1.36
qwen3-4b-obr-p15-s42,<TRAIN_ROOT>/qwen3-4b-obr-p15-s42/checkpoint-417,a8400cc2110152cd600a9eaf,550,8,mid,44,83,-2.205793619155884,-0.009719371795654297,-1.7477171421051025,-0.028679054230451584,-0.56492018699646,-0.07746696472167969,0.47703615948557854,0.45807647705078125,0.018959682434797287,-2.1960742473602295,-1.719038087874651,1.2315848655998707,1.2
qwen3-4b-obr-p15-s42,<TRAIN_ROOT>/qwen3-4b-obr-p15-s42/checkpoint-417,8d2cea81d54ba16f6e06c8db,522,1,early,5,29,-1.9131097793579102,-0.8592854142189026,-1.5076329708099365,-0.8456805348396301,-1.1512020826339722,-0.8503639101982117,0.39187192916870117,0.40547680854797363,-0.013604879379272461,-1.0538243651390076,-0.6619524359703064,0.3611142635345459,0.51
qwen3-4b-obr-p15-s42,<TRAIN_ROOT>/qwen3-4b-obr-p15-s42/checkpoint-417,d28bc68019e4365133699c3a,522,2,late,26,29,-1.0273668766021729,-1.8840110301971436,-0.6559836268424988,-1.765472173690796,-0.3948264718055725,-1.6356391906738281,0.2528443932533264,0.3713832497596741,-0.11853885650634766,0.8566441535949707,1.1094885468482971,0.1313241720199585,0.69
qwen3-4b-obr-p15-s42,<TRAIN_ROOT>/qwen3-4b-obr-p15-s42/checkpoint-417,e5801a7d9bdfc1eb539fd461,522,4,mid,13,29,-3.8628127574920654,-1.6614584922790527,-2.80865478515625,-1.5466734170913696,-2.156142473220825,-1.5492078065872192,0.9393728971481323,1.0541579723358154,-0.1147850751876831,-2.2013542652130127,-1.2619813680648804,0.6550467014312744,0.59
qwen3-4b-obr-p15-s42,<TRAIN_ROOT>/qwen3-4b-obr-p15-s42/checkpoint-417,eea0713f659145877f729726,522,8,early,8,29,-1.7526249885559082,-0.07075615227222443,-1.3168106079101562,-0.12797203660011292,-0.6417233943939209,-0.352887362241745,0.49303026497364044,0.43581438064575195,0.05721588432788849,-1.6818688362836838,-1.1888385713100433,0.9000025391578674,0.6
qwen3-4b-obr-p15-s42,<TRAIN_ROOT>/qwen3-4b-obr-p15-s42/checkpoint-417,adc0ea97cfc982846ab95e7a,237,1,late,55,58,-1.1558558940887451,-0.44375258684158325,-1.0556507110595703,-0.39035093784332275,-0.5045455694198608,-0.3986862003803253,0.04680353403091431,0.1002051830291748,-0.0534016489982605,-0.7121033072471619,-0.6652997732162476,0.559440404176712,1.16
qwen3-4b-obr-p15-s42,<TRAIN_ROOT>/qwen3-4b-obr-p15-s42/checkpoint-417,c24b27a1fd529cfdb1d02449,237,2,mid,34,58,-1.2179943323135376,-0.14766740798950195,-1.0988825559616089,-0.2181077003479004,-0.5698685050010681,-0.20998501777648926,0.18955206871032715,0.11911177635192871,0.07044029235839844,-1.0703269243240356,-0.8807748556137085,0.5208913683891296,0.94
qwen3-4b-obr-p15-s42,<TRAIN_ROOT>/qwen3-4b-obr-p15-s42/checkpoint-417,bd877b1f19fe8896c152711c,237,4,early,6,58,-0.6025041937828064,-0.4938320815563202,-0.500668466091156,-0.4461555778980255,-0.22357851266860962,-0.4638701379299164,0.05415922403335571,0.10183572769165039,-0.04767650365829468,-0.1086721122264862,-0.05451288819313049,0.29480451345443726,0.67
qwen3-4b-obr-p15-s42,<TRAIN_ROOT>/qwen3-4b-obr-p15-s42/checkpoint-417,0c442d36ec68bb4b86edd337,237,8,late,52,58,-1.1990318298339844,-0.5546174049377441,-0.5186347961425781,-0.5175876617431641,-0.10410133004188538,-0.4506378173828125,0.6433672904968262,0.6803970336914062,-0.03702974319458008,-0.6444144248962402,-0.0010471343994140625,0.3475836217403412,1.22
qwen3-4b-obr-p15-s42,<TRAIN_ROOT>/qwen3-4b-obr-p15-s42/checkpoint-417,199aa2a79bf2115730addd43,782,1,mid,27,60,-0.559607744216919,-0.31737032532691956,-0.5218871235847473,-0.3198961913585663,-0.3616710901260376,-0.34498023986816406,0.04024648666381836,0.03772062063217163,0.0025258660316467285,-0.2422374188899994,-0.20199093222618103,0.1853000819683075,0.8
qwen3-4b-obr-p15-s42,<TRAIN_ROOT>/qwen3-4b-obr-p15-s42/checkpoint-417,75bbd8700f298a26d328514f,782,2,early,11,60,-1.6041080951690674,-0.08873351663351059,-1.343199372291565,-0.1951567381620407,-0.4383457899093628,-0.22995059192180634,0.36733194440603256,0.26090872287750244,0.10642322152853012,-1.5153745785355568,-1.1480426341295242,0.9396474361419678,0.64
qwen3-4b-obr-p15-s42,<TRAIN_ROOT>/qwen3-4b-obr-p15-s42/checkpoint-417,2dde787e748458c83df4b4ff,782,4,late,42,60,-0.9647530913352966,-0.032255854457616806,-0.3944885730743408,-0.040669988840818405,-0.09903056919574738,-0.2676700949668884,0.5786786526441574,0.5702645182609558,0.008414134383201599,-0.9324972368776798,-0.3538185842335224,0.5224581100046635,0.99
qwen3-4b-obr-p15-s42,<TRAIN_ROOT>/qwen3-4b-obr-p15-s42/checkpoint-417,3aa6948389eac679c5e4b6fa,782,8,mid,39,60,-0.831630289554596,-0.2799583077430725,-0.32083454728126526,-0.33343830704689026,-0.047593630850315094,-0.5938220620155334,0.5642757415771484,0.5107957422733307,0.05347999930381775,-0.5516719818115234,0.012603759765625,0.5336246713995934,1.01
qwen3-4b-obr-p15-s42,<TRAIN_ROOT>/qwen3-4b-obr-p15-s42/checkpoint-417,194c98cf3bd7d516a7b3010e,216,1,early,14,70,-1.611411690711975,-0.01178020890802145,-0.7943248748779297,-0.03648948669433594,-0.4897814989089966,-0.05905130133032799,0.8417960936203599,0.8170868158340454,0.024709277786314487,-1.5996314818039536,-0.7578353881835938,0.32710519060492516,0.88
qwen3-4b-obr-p15-s42,<TRAIN_ROOT>/qwen3-4b-obr-p15-s42/checkpoint-417,a960b4b599ba4c17736d86f3,216,2,late,65,70,-0.549633264541626,-1.1693142652511597,-0.5381571650505066,-1.2128170728683472,-0.33569514751434326,-1.2941668033599854,0.054978907108306885,0.011476099491119385,0.0435028076171875,0.6196810007095337,0.6746599078178406,0.2838117480278015,1.45
qwen3-4b-obr-p15-s42,<TRAIN_ROOT>/qwen3-4b-obr-p15-s42/checkpoint-417,7a6a2b4f55ea9415823a1843,216,4,mid,44,70,-0.7334902882575989,-0.5572868585586548,-0.5174669623374939,-0.5598210692405701,-0.12851949036121368,-0.7633317112922668,0.21855753660202026,0.21602332592010498,0.002534210681915283,-0.1762034296989441,0.04235410690307617,0.592458114027977,1.24
qwen3-4b-obr-p15-s42,<TRAIN_ROOT>/qwen3-4b-obr-p15-s42/checkpoint-417,e95f10b7df64c1263a81cbca,216,8,early,8,70,-0.5598252415657043,-0.7826306819915771,-0.5470888614654541,-0.6780193448066711,-0.44912189245224,-0.644561231136322,-0.09187495708465576,0.012736380100250244,-0.104611337184906,0.2228054404258728,0.13093048334121704,0.06450885534286499,0.9
qwen3-4b-obr-p15-s42,<TRAIN_ROOT>/qwen3-4b-obr-p15-s42/checkpoint-417,ac765161f8ebf5bf22d78dd0,707,1,late,80,83,-1.1011784076690674,-0.8693903088569641,-0.6051361560821533,-0.7712206244468689,-0.3873898983001709,-0.776166558265686,0.39787256717681885,0.49604225158691406,-0.09816968441009521,-0.23178809881210327,0.16608446836471558,0.22269219160079956,1.45
qwen3-4b-obr-p15-s42,<TRAIN_ROOT>/qwen3-4b-obr-p15-s42/checkpoint-417,dc6a719262401c44f5426c33,707,2,mid,34,83,-0.8636267185211182,-0.9324339032173157,-0.7144958972930908,-0.9692317247390747,-0.13525128364562988,-0.9660875797271729,0.18592864274978638,0.14913082122802734,0.03679782152175903,0.06880718469619751,0.2547358274459839,0.5761004686355591,0.95
qwen3-4b-obr-p15-s42,<TRAIN_ROOT>/qwen3-4b-obr-p15-s42/checkpoint-417,0e57774d036f2b7904d89a57,707,4,early,19,83,-1.671337604522705,-0.5715658664703369,-0.7489817142486572,-0.5407354831695557,-0.34581586718559265,-0.48317384719848633,0.8915255069732666,0.9223558902740479,-0.03083038330078125,-1.0997717380523682,-0.20824623107910156,0.34560421109199524,0.82
qwen3-4b-obr-p15-s42,<TRAIN_ROOT>/qwen3-4b-obr-p15-s42/checkpoint-417,31c8798b5b8c96ad8d9114da,707,8,late,65,83,-2.3411974906921387,-0.006535443477332592,-1.0744702816009521,-0.02154211699962616,-0.038981758058071136,-0.4310491979122162,1.28173388261348,1.2667272090911865,0.015006673522293568,-2.334662047214806,-1.052928164601326,1.444995604455471,1.37
qwen3-4b-obr-p15-s42,<TRAIN_ROOT>/qwen3-4b-obr-p15-s42/checkpoint-417,c0f66150ce29966d27684f3b,42,1,mid,33,56,-1.4017925262451172,-0.4648590087890625,-1.3713250160217285,-0.5412120819091797,-0.8333452343940735,-0.5252821445465088,0.10682058334350586,0.030467510223388672,0.07635307312011719,-0.9369335174560547,-0.8301129341125488,0.5220498442649841,1.07
qwen3-4b-obr-p15-s42,<TRAIN_ROOT>/qwen3-4b-obr-p15-s42/checkpoint-417,732ea0864b20214e3762440f,42,2,early,13,56,-1.0526846647262573,-1.1977078914642334,-0.7416572570800781,-1.2571947574615479,-0.46937233209609985,-1.257821798324585,0.37051427364349365,0.3110274076461792,0.05948686599731445,0.14502322673797607,0.5155375003814697,0.2729119658470154,0.85
qwen3-4b-obr-p15-s42,<TRAIN_ROOT>/qwen3-4b-obr-p15-s42/checkpoint-417,e4fb25dc9f939fe13d347902,42,4,late,39,56,-1.477640986442566,-1.192281723022461,-0.9912785291671753,-1.3656151294708252,-0.2640683948993683,-1.9931697845458984,0.6596958637237549,0.4863624572753906,0.17333340644836426,-0.285359263420105,0.3743366003036499,1.3547647893428802,1.17
qwen3-4b-obr-p15-s42,<TRAIN_ROOT>/qwen3-4b-obr-p15-s42/checkpoint-417,ab590a88c25ee467546c2d8f,42,8,mid,36,56,-1.4181960821151733,-0.011563194915652275,-0.6562930941581726,-0.14064958691596985,-0.2180372029542923,-0.22370083630084991,0.8909893799573183,0.7619029879570007,0.12908639200031757,-1.406632887199521,-0.5156435072422028,0.5213071405887604,1.19
qwen3-4b-obr-p15-s42,<TRAIN_ROOT>/qwen3-4b-obr-p15-s42/checkpoint-417,6d4612b69b35f424679d6e12,598,1,early,3,21,-1.0755174160003662,-0.7285282015800476,-0.6514286994934082,-0.9089366793632507,-0.4994683265686035,-0.9152159690856934,0.6044971942901611,0.424088716506958,0.18040847778320312,-0.3469892144203186,0.25750797986984253,0.15823966264724731,0.84
qwen3-4b-obr-p15-s42,<TRAIN_ROOT>/qwen3-4b-obr-p15-s42/checkpoint-417,6803044e75bdb0db6605a0eb,598,2,late,20,21,-1.334089756011963,-1.8893861770629883,-1.2032138109207153,-1.8843090534210205,-0.36694273352622986,-1.8156788349151611,0.12579882144927979,0.13087594509124756,-0.0050771236419677734,0.5552964210510254,0.6810952425003052,0.7676408588886261,1.04
qwen3-4b-obr-p15-s42,<TRAIN_ROOT>/qwen3-4b-obr-p15-s42/checkpoint-417,ca56d8a31b5739f66cf1cb6c,598,4,mid,11,21,-0.9768853187561035,-0.7819051742553711,-0.8457236289978027,-0.9303476214408875,-0.4633462429046631,-0.9163961410522461,0.27960413694381714,0.13116168975830078,0.14844244718551636,-0.19498014450073242,0.08462399244308472,0.3684259057044983,0.96
qwen3-4b-obr-p15-s42,<TRAIN_ROOT>/qwen3-4b-obr-p15-s42/checkpoint-417,c45c798b4a8d9a897503beb9,598,8,late,15,21,-1.1739163398742676,-0.6204520463943481,-0.8957958221435547,-0.5242465138435364,-0.35875868797302246,-0.5885287523269653,0.18191498517990112,0.2781205177307129,-0.09620553255081177,-0.5534642934799194,-0.3715493083000183,0.6013193726539612,1.06
qwen3-4b-obr-p15-s42,<TRAIN_ROOT>/qwen3-4b-obr-p15-s42/checkpoint-417,81ab330d13cb712cde2dfa2c,198,1,early,18,58,-0.8450238704681396,-0.686427116394043,-0.794912576675415,-0.7498930096626282,-0.5617549419403076,-0.7620450854301453,0.11357718706130981,0.05011129379272461,0.0634658932685852,-0.15859675407409668,-0.045019567012786865,0.2453097105026245,0.71
qwen3-4b-obr-p15-s42,<TRAIN_ROOT>/qwen3-4b-obr-p15-s42/checkpoint-417,0003d87fcaa534cab5768452,198,2,mid,30,58,-0.9509631395339966,-0.7808808088302612,-0.6662614941596985,-0.8836471438407898,-0.2948385775089264,-0.8769580721855164,0.38746798038482666,0.2847016453742981,0.10276633501052856,-0.17008233070373535,0.2173856496810913,0.36473384499549866,0.85
qwen3-4b-obr-p15-s42,<TRAIN_ROOT>/qwen3-4b-obr-p15-s42/checkpoint-417,620202d455a747b7d61043e6,198,4,early,5,58,-1.3407635688781738,-0.8815630674362183,-1.2836053371429443,-0.9102639555931091,-0.8375742435455322,-0.8732619881629944,0.08585911989212036,0.05715823173522949,0.02870088815689087,-0.45920050144195557,-0.3733413815498352,0.40902912616729736,0.64
qwen3-4b-obr-p15-s42,<TRAIN_ROOT>/qwen3-4b-obr-p15-s42/checkpoint-417,0fba98b1437c0ada8647ba30,198,8,late,42,58,-1.0647203922271729,-1.0034728050231934,-0.2947065532207489,-0.9210560321807861,-0.046042826026678085,-1.0370850563049316,0.6875970661640167,0.770013839006424,-0.08241677284240723,-0.06124758720397949,0.6263494789600372,0.3646927513182163,1.05
qwen3-4b-obr-p15-s42,<TRAIN_ROOT>/qwen3-4b-obr-p15-s42/checkpoint-417,be63b8c8b839a918e81eff68,472,1,mid,29,61,-1.4730207920074463,-1.6470435857772827,-1.0200726985931396,-1.6440157890319824,-0.33641520142555237,-1.6675571203231812,0.44992029666900635,0.45294809341430664,-0.003027796745300293,0.17402279376983643,0.6239430904388428,0.707198828458786,1.12
qwen3-4b-obr-p15-s42,<TRAIN_ROOT>/qwen3-4b-obr-p15-s42/checkpoint-417,8dd1b1ead52e9b8caabb323c,472,2,early,13,61,-1.5461852550506592,-1.8025381565093994,-0.9343607425689697,-1.8789246082305908,-0.5261082649230957,-2.031581163406372,0.6882109642028809,0.6118245124816895,0.0763864517211914,0.25635290145874023,0.9445638656616211,0.5609090328216553,0.96
qwen3-4b-obr-p15-s42,<TRAIN_ROOT>/qwen3-4b-obr-p15-s42/checkpoint-417,948e679476ad705e1e1ec981,472,4,late,45,61,-1.287392020225525,-1.2336870431900024,-0.7228250503540039,-1.0908653736114502,-0.08075294643640518,-1.140988826751709,0.42174530029296875,0.564566969871521,-0.14282166957855225,-0.05370497703552246,0.3680403232574463,0.6921955570578575,1.34
qwen3-4b-obr-p15-s42,<TRAIN_ROOT>/qwen3-4b-obr-p15-s42/checkpoint-417,71403ea13aaf79dcc3fc008a,472,8,mid,37,61,-1.387499213218689,-1.3582632541656494,-0.5120938420295715,-1.3180443048477173,-0.22802786529064178,-1.4177788496017456,0.8351864218711853,0.8754053711891174,-0.04021894931793213,-0.02923595905303955,0.8059504628181458,0.38380052149295807,1.3
qwen3-4b-obr-p15-s42,<TRAIN_ROOT>/qwen3-4b-obr-p15-s42/checkpoint-417,5edf3da8a29bf7d65eb286ea,967,1,early,14,47,-1.0447479486465454,-0.1354268491268158,-0.9391776919364929,-0.2438068389892578,-0.49261417984962463,-0.290507972240448,0.2139502465724945,0.10557025671005249,0.10837998986244202,-0.9093210995197296,-0.6953708529472351,0.49326464533805847,0.74
qwen3-4b-obr-p15-s42,<TRAIN_ROOT>/qwen3-4b-obr-p15-s42/checkpoint-417,ec4af121670d19af952419cc,967,2,late,38,47,-1.442254662513733,-1.112400770187378,-0.9187245965003967,-1.1159374713897705,-0.19529187679290771,-1.0802191495895386,0.5270667672157288,0.5235300660133362,0.003536701202392578,-0.329853892326355,0.19721287488937378,0.6877143979072571,0.99
qwen3-4b-obr-p15-s42,<TRAIN_ROOT>/qwen3-4b-obr-p15-s42/checkpoint-417,ad3726977bd3d7f25417a87d,967,4,mid,19,47,-1.575914978981018,-0.038498878479003906,-0.9193679690361023,-0.11450815200805664,-0.3128942847251892,-0.17209672927856445,0.7325562834739685,0.6565470099449158,0.07600927352905273,-1.5374161005020142,-0.8048598170280457,0.6640622615814209,0.83
qwen3-4b-obr-p15-s42,<TRAIN_ROOT>/qwen3-4b-obr-p15-s42/checkpoint-417,4ca6095e0ac60c2f1e9eccec,967,8,early,16,47,-1.009844422340393,-0.4626442492008209,-0.1869150847196579,-0.4004487991333008,-0.012561586685478687,-0.5542452931404114,0.760733887553215,0.8229293376207352,-0.06219545006752014,-0.5472001731395721,0.21353371441364288,0.3281499920412898,0.82
qwen3-4b-obr-p15-s42,<TRAIN_ROOT>/qwen3-4b-obr-p15-s42/checkpoint-417,56b57df1a16ef227d401e3b0,437,1,late,36,43,-1.1570996046066284,-1.955512285232544,-1.1422792673110962,-1.9824583530426025,-0.5879584550857544,-1.968515396118164,0.04176640510559082,0.014820337295532227,0.026946067810058594,0.7984126806259155,0.8401790857315063,0.5403778553009033,0.91
qwen3-4b-obr-p15-s42,<TRAIN_ROOT>/qwen3-4b-obr-p15-s42/checkpoint-417,79b09b6d74cedc6e63b89be4,437,2,mid,18,43,-2.007824659347534,-0.4779367446899414,-1.196639060974121,-0.8834492564201355,-0.3276863098144531,-0.9325771331787109,1.2166981101036072,0.8111855983734131,0.4055125117301941,-1.5298879146575928,-0.3131898045539856,0.9180806279182434,0.72
qwen3-4b-obr-p15-s42,<TRAIN_ROOT>/qwen3-4b-obr-p15-s42/checkpoint-417,af210277fd8369fc36aef084,437,4,early,6,43,-1.2390352487564087,-1.0859129428863525,-0.9103792309761047,-1.0314688682556152,-0.18528981506824493,-1.1019082069396973,0.27421194314956665,0.32865601778030396,-0.054444074630737305,-0.15312230587005615,0.1210896372795105,0.7955287545919418,0.59
qwen3-4b-obr-p15-s42,<TRAIN_ROOT>/qwen3-4b-obr-p15-s42/checkpoint-417,d55d9a1dcd9e7ad3a9b881e5,437,8,late,35,43,-0.5354472398757935,-1.5831890106201172,-0.47825324535369873,-1.5729573965072632,-0.0547637939453125,-1.4565985202789307,0.04696238040924072,0.05719399452209473,-0.010231614112854004,1.0477417707443237,1.0947041511535645,0.3071305751800537,1.0
qwen3-4b-obr-p15-s42,<TRAIN_ROOT>/qwen3-4b-obr-p15-s42/checkpoint-417,d29c6383af19f9fb239b2a22,1106,1,mid,43,79,-0.8511701226234436,-0.030386319383978844,-0.31496569514274597,-0.11259443312883377,-0.22153456509113312,-0.20136694610118866,0.6184125412255526,0.5362044274806976,0.08220811374485493,-0.8207838032394648,-0.2023712620139122,0.18220364302396774,0.99
qwen3-4b-obr-p15-s42,<TRAIN_ROOT>/qwen3-4b-obr-p15-s42/checkpoint-417,95e7949ff510d93443a8ccaa,1106,2,early,5,79,-1.8355871438980103,-0.7129322290420532,-1.151654601097107,-0.6757404208183289,-0.3712717592716217,-0.6291290521621704,0.646740734577179,0.6839325428009033,-0.037191808223724365,-1.122654914855957,-0.4759141802787781,0.7337714731693268,0.63
qwen3-4b-obr-p15-s42,<TRAIN_ROOT>/qwen3-4b-obr-p15-s42/checkpoint-417,02cc6a1981322cc91840be49,1106,4,late,74,79,-1.1285759210586548,-0.5365347862243652,-0.5463102459907532,-0.47342580556869507,-0.05720710754394531,-0.509921669960022,0.5191566944122314,0.5822656750679016,-0.06310898065567017,-0.5920411348342896,-0.0728844404220581,0.5255990028381348,1.36
qwen3-4b-obr-p15-s42,<TRAIN_ROOT>/qwen3-4b-obr-p15-s42/checkpoint-417,790a94a1bdc241776cf533fb,1106,8,mid,27,79,-1.252988338470459,-0.0030493736267089844,-1.0954833030700684,-0.19247674942016602,-0.4709281921386719,-0.5704517364501953,0.34693241119384766,0.15750503540039062,0.18942737579345703,-1.24993896484375,-0.9030065536499023,1.0025300979614258,0.9
qwen3-4b-obr-p15-s42,<TRAIN_ROOT>/qwen3-4b-obr-p15-s42/checkpoint-417,0a5996fa718155669218cf68,126,1,early,21,65,-1.2149285078048706,-0.029150357469916344,-0.9100877642631531,-0.06430885940790176,-0.6496980786323547,-0.0814465656876564,0.33999924547970295,0.30484074354171753,0.03515850193798542,-1.1857781503349543,-0.8457789048552513,0.277527391910553,0.81
qwen3-4b-obr-p15-s42,<TRAIN_ROOT>/qwen3-4b-obr-p15-s42/checkpoint-417,a400e3562615cb47562d3cfa,126,2,late,51,65,-1.65096914768219,-0.002285321708768606,-1.0462300777435303,-0.026073774322867393,-0.32339614629745483,-0.10395558923482895,0.6285275225527585,0.6047390699386597,0.023788452614098787,-1.6486838259734213,-1.0201563034206629,0.800715746358037,1.15
qwen3-4b-obr-p15-s42,<TRAIN_ROOT>/qwen3-4b-obr-p15-s42/checkpoint-417,92d2666026c462e1ea827762,126,4,mid,43,65,-0.5949191451072693,-0.8022845387458801,-0.4516395330429077,-0.668781042098999,-0.16559384763240814,-0.7606316208839417,0.009776115417480469,0.14327961206436157,-0.1335034966468811,0.20736539363861084,0.2171415090560913,0.3778962641954422,1.11
qwen3-4b-obr-p15-s42,<TRAIN_ROOT>/qwen3-4b-obr-p15-s42/checkpoint-417,2b9ff6c50db9981313adffdb,126,8,early,9,65,-0.6498373746871948,-0.43954816460609436,-0.4432719647884369,-0.5741832256317139,-0.20268529653549194,-0.5944932103157043,0.34120047092437744,0.20656540989875793,0.1346350610256195,-0.21028921008110046,0.13091126084327698,0.2608966529369354,0.77
qwen3-4b-obr-p15-s42,<TRAIN_ROOT>/qwen3-4b-obr-p15-s42/checkpoint-417,05acf5d8e132c3797ca66000,403,1,late,15,19,-1.2528531551361084,-0.4100039005279541,-0.993894100189209,-0.5251774787902832,-0.7948935031890869,-0.5710854530334473,0.3741326332092285,0.2589590549468994,0.1151735782623291,-0.8428492546081543,-0.4687166213989258,0.24490857124328613,0.69
qwen3-4b-obr-p15-s42,<TRAIN_ROOT>/qwen3-4b-obr-p15-s42/checkpoint-417,88865ab701ffef2d78147d4f,403,2,mid,7,19,-1.0103989839553833,-0.033287812024354935,-0.32064110040664673,-0.3622787594795227,-0.14306174218654633,-0.5037422180175781,1.0187488310039043,0.6897578835487366,0.32899094745516777,-0.9771111719310284,0.04163765907287598,0.3190428167581558,0.64
qwen3-4b-obr-p15-s42,<TRAIN_ROOT>/qwen3-4b-obr-p15-s42/checkpoint-417,05267bf98e75e6f1eec27c7b,403,4,early,5,19,-1.6676342487335205,-0.5553429126739502,-1.3895059823989868,-0.4838298261165619,-0.44526973366737366,-0.48809221386909485,0.20661517977714539,0.2781282663345337,-0.0715130865573883,-1.1122913360595703,-0.9056761562824249,0.9484986364841461,0.63
qwen3-4b-obr-p15-s42,<TRAIN_ROOT>/qwen3-4b-obr-p15-s42/checkpoint-417,dc87b8d38be16a01cc7800b1,403,8,late,16,19,-2.599463939666748,-0.7367377281188965,-1.735219955444336,-1.0407092571258545,-0.5910444259643555,-1.0251812934875488,1.1682155132293701,0.8642439842224121,0.303971529006958,-1.8627262115478516,-0.6945106983184814,1.1286475658416748,0.77
qwen3-4b-obr-p15-s42,<TRAIN_ROOT>/qwen3-4b-obr-p15-s42/checkpoint-417,ff1d61ebce22dde40543c83e,539,1,mid,40,72,-0.8503109216690063,-0.6433544158935547,-0.6208580136299133,-0.6361629366874695,-0.2517576217651367,-0.5768846273422241,0.2222614288330078,0.22945290803909302,-0.007191479206085205,-0.20695650577545166,0.015304923057556152,0.30982208251953125,1.45
qwen3-4b-obr-p15-s42,<TRAIN_ROOT>/qwen3-4b-obr-p15-s42/checkpoint-417,77d1dafbb520fe1aef8c3539,539,2,early,3,72,-2.6224303245544434,-0.022472381591796875,-2.3349485397338867,-0.10839233547449112,-0.6869933009147644,-0.16603584587574005,0.3734017387032509,0.28748178482055664,0.08591995388269424,-2.5999579429626465,-2.2265562042593956,1.7055987492203712,1.04
qwen3-4b-obr-p15-s42,<TRAIN_ROOT>/qwen3-4b-obr-p15-s42/checkpoint-417,7fa97d9bc60f6d994bb1ca2e,539,4,late,52,72,-1.122902512550354,-0.7330152988433838,-0.6870482563972473,-0.540452778339386,-0.17217078804969788,-0.6128330230712891,0.2432917356491089,0.4358542561531067,-0.1925625205039978,-0.3898872137069702,-0.14659547805786133,0.5872577130794525,1.6
qwen3-4b-obr-p15-s42,<TRAIN_ROOT>/qwen3-4b-obr-p15-s42/checkpoint-417,9f5b132dadc6f921ee259d89,539,8,mid,25,72,-0.639668881893158,-0.7861070036888123,-0.38694438338279724,-0.7487097382545471,-0.1898598074913025,-0.6993619203567505,0.21532723307609558,0.2527244985103607,-0.03739726543426514,0.1464381217956543,0.3617653548717499,0.14773675799369812,1.34
qwen3-4b-obr-p15-s42,<TRAIN_ROOT>/qwen3-4b-obr-p15-s42/checkpoint-417,da0b6fa428b7c661ae43f869,1046,1,early,10,83,-0.8824823498725891,-0.5330818891525269,-0.7532399296760559,-0.4953431189060211,-0.6059460043907166,-0.47709718346595764,0.09150364995002747,0.1292424201965332,-0.03773877024650574,-0.34940046072006226,-0.2578968107700348,0.12904798984527588,0.94
qwen3-4b-obr-p15-s42,<TRAIN_ROOT>/qwen3-4b-obr-p15-s42/checkpoint-417,7c504a61950c891a2c9a149d,1046,2,late,78,83,-0.6885454654693604,-1.093502402305603,-0.4505578279495239,-1.2612433433532715,-0.1580999195575714,-1.3547910451889038,0.4057285785675049,0.23798763751983643,0.16774094104766846,0.4049569368362427,0.8106855154037476,0.38600561022758484,1.74
qwen3-4b-obr-p15-s42,<TRAIN_ROOT>/qwen3-4b-obr-p15-s42/checkpoint-417,8d44fe62696a2746cb745dfe,1046,4,mid,43,83,-1.7297406196594238,-0.5341038107872009,-1.1643556356430054,-0.5266635417938232,-0.25501251220703125,-0.5503240823745728,0.5579447150230408,0.5653849840164185,-0.0074402689933776855,-1.195636808872223,-0.6376920938491821,0.9330036640167236,1.32
qwen3-4b-obr-p15-s42,<TRAIN_ROOT>/qwen3-4b-obr-p15-s42/checkpoint-417,1181bf8ba0b6e20b5fc86e05,1046,8,early,15,83,-1.5201117992401123,-0.21337032318115234,-1.1382787227630615,-0.2629406452178955,-0.2532646656036377,-0.5702190399169922,0.43140339851379395,0.3818330764770508,0.049570322036743164,-1.30674147605896,-0.875338077545166,1.1922924518585205,1.05
qwen3-4b-obr-p15-s42,<TRAIN_ROOT>/qwen3-4b-obr-p15-s42/checkpoint-417,d0b985ff05782095ff678f53,614,1,late,45,62,-0.5397962331771851,-0.9041831493377686,-0.432977557182312,-0.9276819825172424,-0.331745445728302,-0.9323011636734009,0.13031750917434692,0.10681867599487305,0.023498833179473877,0.3643869161605835,0.4947044253349304,0.10585129261016846,0.95
qwen3-4b-obr-p15-s42,<TRAIN_ROOT>/qwen3-4b-obr-p15-s42/checkpoint-417,4f7e11c5b0281073d2e85fd3,614,2,mid,30,62,-0.6001256704330444,-0.016160806640982628,-0.46070119738578796,-0.03871878236532211,-0.3856101930141449,-0.04661520570516586,0.16198244877159595,0.13942447304725647,0.022557975724339485,-0.5839648637920618,-0.42198241502046585,0.08298742771148682,0.78
qwen3-4b-obr-p15-s42,<TRAIN_ROOT>/qwen3-4b-obr-p15-s42/checkpoint-417,20026eff6a296916203bf414,614,4,early,15,62,-1.1713192462921143,-1.483053207397461,-0.6171001195907593,-1.5246524810791016,-0.26042112708091736,-1.638171911239624,0.5958184003829956,0.554219126701355,0.041599273681640625,0.3117339611053467,0.9075523614883423,0.4701984226703644,0.65
qwen3-4b-obr-p15-s42,<TRAIN_ROOT>/qwen3-4b-obr-p15-s42/checkpoint-417,5c1e6fe30cf091f55620091e,614,8,late,43,62,-0.8641155362129211,-0.04415528103709221,-0.5921922922134399,-0.1704142987728119,-0.08547134697437286,-0.20444917678833008,0.3981822617352009,0.2719232439994812,0.12625901773571968,-0.8199602551758289,-0.42177799344062805,0.5407558232545853,1.01
qwen3-4b-obr-p15-s42,<TRAIN_ROOT>/qwen3-4b-obr-p15-s42/checkpoint-417,51a64691fe397b156df10878,756,1,mid,48,74,-2.146087408065796,-0.9952192306518555,-1.7272790670394897,-0.9945882558822632,-1.109435796737671,-0.9812564849853516,0.41817736625671387,0.41880834102630615,-0.0006309747695922852,-1.1508681774139404,-0.7326908111572266,0.6045114994049072,1.12
qwen3-4b-obr-p15-s42,<TRAIN_ROOT>/qwen3-4b-obr-p15-s42/checkpoint-417,11238e3a4b02102cc43fb14f,756,2,early,23,74,-0.852172315120697,-0.7403259873390198,-0.4352523982524872,-0.623762309551239,-0.11977418512105942,-0.7256376147270203,0.3003562390804291,0.41691991686820984,-0.11656367778778076,-0.11184632778167725,0.18850991129875183,0.417353518307209,0.9
qwen3-4b-obr-p15-s42,<TRAIN_ROOT>/qwen3-4b-obr-p15-s42/checkpoint-417,7a29b859c3f3715f8526b938,756,4,late,52,74,-2.2720422744750977,-0.00041425228118896484,-1.1995347738265991,-0.015022754669189453,-0.37796497344970703,-0.060386061668395996,1.087116003036499,1.0725075006484985,0.014608502388000488,-2.2716280221939087,-1.1845120191574097,0.8669331073760986,1.21
qwen3-4b-obr-p15-s42,<TRAIN_ROOT>/qwen3-4b-obr-p15-s42/checkpoint-417,2b5ae2ebebede6bf19658470,756,8,mid,38,74,-2.2575550079345703,-0.006973647978156805,-1.7439388036727905,-0.022969437763094902,-0.46893343329429626,-0.12545548379421234,0.5296119940467179,0.5136162042617798,0.015995789784938097,-2.2505813599564135,-1.7209693659096956,1.3774914164096117,1.1
qwen3-4b-obr-p15-s42,<TRAIN_ROOT>/qwen3-4b-obr-p15-s42/checkpoint-417,6ad15806f6631d7c0b8c1b63,430,1,early,6,37,-1.244773507118225,-0.03497925028204918,-1.0015619993209839,-0.09909439086914062,-0.6269914507865906,-0.13747386634349823,0.30732664838433266,0.2432115077972412,0.06411514058709145,-1.209794256836176,-0.9024676084518433,0.4129500240087509,0.64
qwen3-4b-obr-p15-s42,<TRAIN_ROOT>/qwen3-4b-obr-p15-s42/checkpoint-417,6e75585ba4b49956dfcd462c,430,2,late,36,37,-1.1045783758163452,-0.5761485695838928,-1.1164400577545166,-0.6230343580245972,-0.5065059661865234,-0.640832245349884,0.03502410650253296,-0.011861681938171387,0.046885788440704346,-0.5284298062324524,-0.49340569972991943,0.62773197889328,0.96
qwen3-4b-obr-p15-s42,<TRAIN_ROOT>/qwen3-4b-obr-p15-s42/checkpoint-417,09c47ee286fbb9b2585d89b8,430,4,mid,17,37,-0.8852893114089966,-0.02224954031407833,-0.7114972472190857,-0.09352906793355942,-0.33767303824424744,-0.1762782782316208,0.24507159180939198,0.1737920641899109,0.07127952761948109,-0.8630397710949183,-0.6179681792855263,0.4565734192728996,0.79
qwen3-4b-obr-p15-s42,<TRAIN_ROOT>/qwen3-4b-obr-p15-s42/checkpoint-417,25fed1a6e05fa18497eed5a6,430,8,early,12,37,-1.3159784078598022,-0.009744835086166859,-1.0935570001602173,-0.056078340858221054,-0.4901525378227234,-0.09566402435302734,0.26875491347163916,0.22242140769958496,0.046333505772054195,-1.3062335727736354,-1.0374786593019962,0.6429901458323002,0.78
qwen3-4b-obr-p15-s42,<TRAIN_ROOT>/qwen3-4b-obr-p15-s42/checkpoint-417,0617f6552eb6b49fedd280de,988,1,late,39,40,-2.008500576019287,-1.6879010200500488,-1.3766191005706787,-1.5986602306365967,-0.8901898860931396,-1.560539960861206,0.5426406860351562,0.6318814754486084,-0.08924078941345215,-0.3205995559692383,0.22204113006591797,0.44830894470214844,0.82
qwen3-4b-obr-p15-s42,<TRAIN_ROOT>/qwen3-4b-obr-p15-s42/checkpoint-417,426a779856077ab63f7d8534,988,2,mid,25,40,-3.2189748287200928,-0.6883702278137207,-2.1367766857147217,-0.685335636138916,-0.7624927759170532,-0.6731741428375244,1.0791635513305664,1.082198143005371,-0.0030345916748046875,-2.530604600906372,-1.4514410495758057,1.3621224164962769,0.7
qwen3-4b-obr-p15-s42,<TRAIN_ROOT>/qwen3-4b-obr-p15-s42/checkpoint-417,4e148220f50c9f261419881b,988,4,early,8,40,-0.5870711803436279,-1.086288332939148,-0.40619903802871704,-0.9703613519668579,-0.07617118209600449,-1.004518747329712,0.06494516134262085,0.1808721423149109,-0.11592698097229004,0.49921715259552,0.5641623139381409,0.36418525129556656,0.57
qwen3-4b-obr-p15-s42,<TRAIN_ROOT>/qwen3-4b-obr-p15-s42/checkpoint-417,83655df12590879b3c3f2921,988,8,late,32,40,-1.4412264823913574,-1.5997778177261353,-0.9994773864746094,-1.7592098712921143,-0.4043715000152588,-1.8742597103118896,0.601181149482727,0.44174909591674805,0.159432053565979,0.15855133533477783,0.7597324848175049,0.710155725479126,0.81
qwen3-4b-obr-p15-s42,<TRAIN_ROOT>/qwen3-4b-obr-p15-s42/checkpoint-417,70c6353fa2b31cef174bde70,15,1,mid,29,57,-0.9818452000617981,-0.5134071707725525,-0.9030464887619019,-0.47906219959259033,-0.606658935546875,-0.47931650280952454,0.04445374011993408,0.07879871129989624,-0.03434497117996216,-0.4684380292892456,-0.4239842891693115,0.29664185643196106,0.79
qwen3-4b-obr-p15-s42,<TRAIN_ROOT>/qwen3-4b-obr-p15-s42/checkpoint-417,8f9f8478f36b53e93b8b74c0,15,2,early,11,57,-1.27481210231781,-0.3466288149356842,-0.9981916546821594,-0.2900962829589844,-0.5970473289489746,-0.3467479348182678,0.2200879156589508,0.27662044763565063,-0.05653253197669983,-0.9281832873821259,-0.708095371723175,0.45779597759246826,0.63
qwen3-4b-obr-p15-s42,<TRAIN_ROOT>/qwen3-4b-obr-p15-s42/checkpoint-417,edde71d0fa341a33c27b488a,15,4,late,49,57,-0.6966869235038757,-0.8945921659469604,-0.5719984769821167,-0.7565451860427856,-0.2094407081604004,-0.7849851250648499,-0.013358533382415771,0.12468844652175903,-0.1380469799041748,0.19790524244308472,0.18454670906066895,0.3909977078437805,1.02
qwen3-4b-obr-p15-s42,<TRAIN_ROOT>/qwen3-4b-obr-p15-s42/checkpoint-417,2a3bc0c093bb941ada42cce3,15,8,mid,23,57,-0.894910454750061,-0.011292384937405586,-0.7400102615356445,-0.02354387193918228,-0.441824734210968,-0.08413960784673691,0.1671516802161932,0.1549001932144165,0.012251487001776695,-0.8836180698126554,-0.7164663895964622,0.35878126323223114,0.79
qwen3-4b-obr-p15-s42,<TRAIN_ROOT>/qwen3-4b-obr-p15-s42/checkpoint-417,e0163ad5af26c37c8c3ae934,874,1,early,6,52,-1.1820459365844727,-1.0994725227355957,-1.149714469909668,-1.1000139713287354,-1.0507259368896484,-1.0764455795288086,0.032872915267944336,0.03233146667480469,0.0005414485931396484,-0.08257341384887695,-0.04970049858093262,0.07542014122009277,1.03
qwen3-4b-obr-p15-s42,<TRAIN_ROOT>/qwen3-4b-obr-p15-s42/checkpoint-417,2e0b7accf9e831283b823962,874,2,late,47,52,-0.2609134912490845,-1.1418699026107788,-0.19830428063869476,-1.168568730354309,-0.10195259004831314,-1.195320963859558,0.08930803835391998,0.06260921061038971,0.026698827743530273,0.8809564113616943,0.9702644497156143,0.12310392409563065,1.53
qwen3-4b-obr-p15-s42,<TRAIN_ROOT>/qwen3-4b-obr-p15-s42/checkpoint-417,3c834cde27159b5832b35ad1,874,4,mid,29,52,-2.2953708171844482,-0.08175677061080933,-1.118964433670044,-0.17426586151123047,-0.22332601249217987,-0.2488974779844284,1.2689154744148254,1.1764063835144043,0.09250909090042114,-2.213614046573639,-0.9446985721588135,0.970270037651062,1.31
qwen3-4b-obr-p15-s42,<TRAIN_ROOT>/qwen3-4b-obr-p15-s42/checkpoint-417,9159c90e85adb79d0283ded2,874,8,early,8,52,-1.3257852792739868,-0.7875992059707642,-1.0239999294281006,-0.8130542635917664,-0.36547690629959106,-0.905042290687561,0.3272404074668884,0.30178534984588623,0.025455057621002197,-0.5381860733032227,-0.21094566583633423,0.7505110502243042,1.16
qwen3-4b-obr-p15-s42,<TRAIN_ROOT>/qwen3-4b-obr-p15-s42/checkpoint-417,ce579112b85dc167b31ec9e2,59,1,late,49,70,-0.8672692775726318,-0.7899394035339355,-0.6670620441436768,-0.7197937965393066,-0.3375914692878723,-0.7069958448410034,0.13006162643432617,0.20020723342895508,-0.0701456069946289,-0.07732987403869629,0.05273175239562988,0.3166726231575012,1.15
qwen3-4b-obr-p15-s42,<TRAIN_ROOT>/qwen3-4b-obr-p15-s42/checkpoint-417,c89e7b9850e2ad0866120b09,59,2,mid,26,70,-1.5629353523254395,-0.021253108978271484,-1.213887333869934,-0.10274577140808105,-0.4720865786075592,-0.160597562789917,0.43054068088531494,0.34904801845550537,0.08149266242980957,-1.541682243347168,-1.111141562461853,0.7996525466442108,0.91
qwen3-4b-obr-p15-s42,<TRAIN_ROOT>/qwen3-4b-obr-p15-s42/checkpoint-417,f671b2e2d8681668d9b4aaae,59,4,early,21,70,-0.8750333786010742,-0.3145269453525543,-0.6884906888008118,-0.3852073848247528,-0.42815837264060974,-0.4955148696899414,0.25722312927246094,0.18654268980026245,0.07068043947219849,-0.5605064332485199,-0.30328330397605896,0.3706398010253906,0.88
qwen3-4b-obr-p15-s42,<TRAIN_ROOT>/qwen3-4b-obr-p15-s42/checkpoint-417,48b942e3d356b9b6788f9e4b,59,8,late,60,70,-1.3329368829727173,-0.16376277804374695,-1.0287017822265625,-0.19330556690692902,-0.38777995109558105,-0.23069560527801514,0.33377788960933685,0.3042351007461548,0.029542788863182068,-1.1691741049289703,-0.8353962153196335,0.6783118695020676,1.37
