episode_variant,capture_kind,model,episode_ordinal,gap_at_risk,gap_stop_events,gap_censored,gap_stop_hazard,episodes_started,capture_events,inepisode_stop_events,inepisode_censored,capture_hazard_given_episode,capture_cif_after_episode,stop_cif_after_episode,event_free_survival
lineage,primary,M0,1,8848,2949,1,0.33329566003616634,5898,89,263,0,0.015089860969820278,0.010060475798030044,0.36302493121461465,0.6269145929873554
lineage,primary,M0,2,5546,1181,1,0.21294626758023802,4364,76,257,0,0.017415215398716773,0.018653412494696556,0.5255817477123731,0.4557648397929304
lineage,primary,M0,3,4031,614,0,0.1523195236913917,3417,98,261,0,0.02868012876792508,0.029733778235134956,0.624513584680573,0.34575263708429205
lineage,primary,M0,4,3058,332,0,0.10856769130150425,2726,72,221,0,0.02641232575201761,0.03787445510566113,0.6870385056444754,0.2750870392498635
lineage,primary,M0,5,2433,215,0,0.08836826962597616,2218,51,221,0,0.022993688007213707,0.0436407678889505,0.7363348266937728,0.22002440541727677
lineage,primary,M0,6,1946,156,0,0.08016443987667009,1790,47,162,0,0.026256983240223464,0.04895482084609953,0.7722894828719301,0.17875569628197047
lineage,primary,M0,7,1581,112,0,0.07084123972169513,1469,39,134,0,0.02654867256637168,0.053364354150967866,0.8001034621795612,0.14653218366947104
lineage,primary,M0,8,1296,79,0,0.06095679012345679,1217,28,140,0,0.023007395234182416,0.05653017293395027,0.824864687660745,0.11860513940530489
lineage,primary,M0,9,1049,60,0,0.057197330791229746,989,21,96,0,0.021233569261880688,0.058904537021187066,0.8425028208802184,0.09859264209859471
lineage,primary,M0,10,872,39,0,0.04472477064220184,833,24,88,0,0.028811524609843937,0.06161809597802912,0.8568620703601744,0.08151983366179677
lineage,primary,M0,11,721,32,0,0.044382801664355064,689,19,82,0,0.027576197387518143,0.06376633015219575,0.8697514754051742,0.06648219444263037
lineage,primary,M0,12,588,19,0,0.03231292517006803,569,9,88,0,0.015817223198594025,0.06478391476101153,0.8818494257544284,0.05336665948456044
lineage,primary,M0,13,472,20,0,0.0423728813559322,452,10,42,0,0.022123893805309734,0.06591456432636239,0.8888594530596037,0.04522598261403427
lineage,primary,M0,14,400,15,0,0.0375,385,9,50,0,0.023376623376623377,0.06693214893517817,0.8962086752343842,0.036859175830437935
lineage,primary,M0,15,326,16,0,0.049079754601226995,310,5,36,0,0.016129032258064516,0.0674974737178536,0.9020880529742086,0.030414473307938044
lineage,primary,M0,16,269,9,0,0.03345724907063197,260,3,28,0,0.011538461538461539,0.06783666858745886,0.9062714563660067,0.025891875046534618
lineage,primary,M0,17,229,5,0,0.021834061135371178,224,2,36,0,0.008928571428571428,0.06806279850052903,0.9109071195839452,0.021030081915525932
lineage,primary,M0,18,186,4,0,0.021505376344086023,182,3,26,0,0.016483516483516484,0.06840199337013429,0.9142990682799979,0.017298938349868103
lineage,primary,M0,19,153,4,0,0.026143790849673203,149,5,21,0,0.03355704697986577,0.06896731815280972,0.917125692193375,0.013906989653815533
lineage,primary,M0,20,123,5,0,0.04065040650406504,118,3,11,0,0.025423728813559324,0.06930651302241499,0.9189347314979365,0.011758755479648905
lineage,primary,M0,21,104,4,0,0.038461538461538464,100,5,15,0,0.05,0.06987183780509042,0.9210829656721031,0.00904519652280685
lineage,primary,M0,22,80,3,0,0.0375,77,2,9,0,0.025974025974025976,0.07009796771816058,0.9224397451505241,0.007462287131315652
lineage,primary,M0,23,66,0,0,0.0,66,0,11,0,0.0,0.07009796771816058,0.9236834596724101,0.00621857260942971
lineage,primary,M0,24,55,0,0,0.0,55,3,5,0,0.05454545454545454,0.07043716258776585,0.9242487844550855,0.005314052957149025
lineage,primary,M0,25,47,2,0,0.0425531914893617,45,1,5,0,0.022222222222222223,0.07055022754430093,0.9250402391508311,0.00440953330486834
lineage,primary,M0,26,39,0,0,0.0,39,3,4,0,0.07692307692307693,0.0708894224139062,0.9254924989769715,0.0036180786091227404
lineage,primary,M0,27,32,0,0,0.0,32,0,6,0,0.0,0.0708894224139062,0.926170888716182,0.0029396888699122267
lineage,primary,M0,28,26,0,0,0.0,26,0,1,0,0.0,0.0708894224139062,0.9262839536727171,0.002826623913377141
lineage,primary,M0,29,25,0,0,0.0,25,1,4,0,0.04,0.07100248737044128,0.9267362134988575,0.002261299130701713
lineage,primary,M0,30,20,1,0,0.05,19,0,0,0,0.0,0.07100248737044128,0.9268492784553926,0.002148234174166627
lineage,primary,M0,31,19,1,0,0.05263157894736842,18,1,0,0,0.05555555555555555,0.07111555232697636,0.9269623434119276,0.0019221042610964559
lineage,primary,M0,32,17,0,0,0.0,17,0,1,0,0.0,0.07111555232697636,0.9270754083684627,0.0018090393045613702
lineage,primary,M0,33,16,1,0,0.0625,15,0,1,0,0.0,0.07111555232697636,0.9273015382815328,0.0015829093914911988
lineage,primary,M0,34,14,0,0,0.0,14,0,1,0,0.0,0.07111555232697636,0.9274146032380679,0.0014698444349561133
lineage,primary,M0,35,13,0,0,0.0,13,1,1,0,0.07692307692307693,0.07122861728351144,0.927527668194603,0.001243714521885942
lineage,primary,M0,36,11,1,0,0.09090909090909091,10,1,2,0,0.1,0.07134168224004653,0.9278668630642082,0.0007914546957455993
lineage,primary,M0,37,7,0,0,0.0,7,0,1,0,0.0,0.07134168224004653,0.9279799280207432,0.0006783897392105137
lineage,primary,M0,38,6,0,0,0.0,6,0,1,0,0.0,0.07134168224004653,0.9280929929772783,0.0005653247826754281
lineage,primary,M0,39,5,0,0,0.0,5,0,0,0,0.0,0.07134168224004653,0.9280929929772783,0.0005653247826754281
lineage,primary,M0,40,5,0,0,0.0,5,0,2,0,0.0,0.07134168224004653,0.9283191228903485,0.00033919486960525685
lineage,primary,M0,41,3,0,0,0.0,3,0,1,0,0.0,0.07134168224004653,0.9284321878468835,0.00022612991307017127
lineage,primary,M0,42,2,0,0,0.0,2,0,0,0,0.0,0.07134168224004653,0.9284321878468835,0.00022612991307017127
lineage,primary,M0,43,2,0,0,0.0,2,0,1,0,0.0,0.07134168224004653,0.9285452528034186,0.00011306495653508564
lineage,primary,M0,44,1,0,0,0.0,1,0,1,0,0.0,0.07134168224004653,0.9286583177599537,0.0
lineage,primary,M0,45,0,0,0,0.0,0,0,0,0,0.0,0.07134168224004653,0.9286583177599537,0.0
lineage,primary,M0,46,0,0,0,0.0,0,0,0,0,0.0,0.07134168224004653,0.9286583177599537,0.0
lineage,primary,M0,47,0,0,0,0.0,0,0,0,0,0.0,0.07134168224004653,0.9286583177599537,0.0
lineage,primary,M0,48,0,0,0,0.0,0,0,0,0,0.0,0.07134168224004653,0.9286583177599537,0.0
lineage,primary,M0,49,0,0,0,0.0,0,0,0,0,0.0,0.07134168224004653,0.9286583177599537,0.0
lineage,primary,M0,50,0,0,0,0.0,0,0,0,0,0.0,0.07134168224004653,0.9286583177599537,0.0
lineage,primary,M0,51,0,0,0,0.0,0,0,0,0,0.0,0.07134168224004653,0.9286583177599537,0.0
lineage,primary,M0,52,0,0,0,0.0,0,0,0,0,0.0,0.07134168224004653,0.9286583177599537,0.0
lineage,primary,M0,53,0,0,0,0.0,0,0,0,0,0.0,0.07134168224004653,0.9286583177599537,0.0
lineage,primary,M0,54,0,0,0,0.0,0,0,0,0,0.0,0.07134168224004653,0.9286583177599537,0.0
lineage,primary,M0,55,0,0,0,0.0,0,0,0,0,0.0,0.07134168224004653,0.9286583177599537,0.0
lineage,primary,M0,56,0,0,0,0.0,0,0,0,0,0.0,0.07134168224004653,0.9286583177599537,0.0
lineage,primary,M0,57,0,0,0,0.0,0,0,0,0,0.0,0.07134168224004653,0.9286583177599537,0.0
lineage,primary,M0,58,0,0,0,0.0,0,0,0,0,0.0,0.07134168224004653,0.9286583177599537,0.0
lineage,primary,M0,59,0,0,0,0.0,0,0,0,0,0.0,0.07134168224004653,0.9286583177599537,0.0
lineage,primary,M0,60,0,0,0,0.0,0,0,0,0,0.0,0.07134168224004653,0.9286583177599537,0.0
lineage,primary,M0,61,0,0,0,0.0,0,0,0,0,0.0,0.07134168224004653,0.9286583177599537,0.0
lineage,primary,M0,62,0,0,0,0.0,0,0,0,0,0.0,0.07134168224004653,0.9286583177599537,0.0
lineage,primary,M0,63,0,0,0,0.0,0,0,0,0,0.0,0.07134168224004653,0.9286583177599537,0.0
lineage,primary,M0,64,0,0,0,0.0,0,0,0,0,0.0,0.07134168224004653,0.9286583177599537,0.0
lineage,primary,M0,65,0,0,0,0.0,0,0,0,0,0.0,0.07134168224004653,0.9286583177599537,0.0
lineage,primary,M0,66,0,0,0,0.0,0,0,0,0,0.0,0.07134168224004653,0.9286583177599537,0.0
lineage,primary,M0,67,0,0,0,0.0,0,0,0,0,0.0,0.07134168224004653,0.9286583177599537,0.0
lineage,primary,M0,68,0,0,0,0.0,0,0,0,0,0.0,0.07134168224004653,0.9286583177599537,0.0
lineage,primary,M0,69,0,0,0,0.0,0,0,0,0,0.0,0.07134168224004653,0.9286583177599537,0.0
lineage,primary,M0,70,0,0,0,0.0,0,0,0,0,0.0,0.07134168224004653,0.9286583177599537,0.0
lineage,primary,M0,71,0,0,0,0.0,0,0,0,0,0.0,0.07134168224004653,0.9286583177599537,0.0
lineage,primary,M0,72,0,0,0,0.0,0,0,0,0,0.0,0.07134168224004653,0.9286583177599537,0.0
lineage,primary,M0,73,0,0,0,0.0,0,0,0,0,0.0,0.07134168224004653,0.9286583177599537,0.0
lineage,primary,M0,74,0,0,0,0.0,0,0,0,0,0.0,0.07134168224004653,0.9286583177599537,0.0
lineage,primary,M0,75,0,0,0,0.0,0,0,0,0,0.0,0.07134168224004653,0.9286583177599537,0.0
lineage,primary,M0,76,0,0,0,0.0,0,0,0,0,0.0,0.07134168224004653,0.9286583177599537,0.0
lineage,primary,M0,77,0,0,0,0.0,0,0,0,0,0.0,0.07134168224004653,0.9286583177599537,0.0
lineage,primary,M0,78,0,0,0,0.0,0,0,0,0,0.0,0.07134168224004653,0.9286583177599537,0.0
lineage,primary,M0,79,0,0,0,0.0,0,0,0,0,0.0,0.07134168224004653,0.9286583177599537,0.0
lineage,primary,M0,80,0,0,0,0.0,0,0,0,0,0.0,0.07134168224004653,0.9286583177599537,0.0
lineage,primary,M0,81,0,0,0,0.0,0,0,0,0,0.0,0.07134168224004653,0.9286583177599537,0.0
lineage,primary,M0,82,0,0,0,0.0,0,0,0,0,0.0,0.07134168224004653,0.9286583177599537,0.0
lineage,primary,M0,83,0,0,0,0.0,0,0,0,0,0.0,0.07134168224004653,0.9286583177599537,0.0
lineage,primary,M0,84,0,0,0,0.0,0,0,0,0,0.0,0.07134168224004653,0.9286583177599537,0.0
lineage,primary,M0,85,0,0,0,0.0,0,0,0,0,0.0,0.07134168224004653,0.9286583177599537,0.0
lineage,primary,M0,86,0,0,0,0.0,0,0,0,0,0.0,0.07134168224004653,0.9286583177599537,0.0
lineage,primary,M0,87,0,0,0,0.0,0,0,0,0,0.0,0.07134168224004653,0.9286583177599537,0.0
lineage,primary,M1,1,8848,1357,7,0.15336799276672694,7484,298,154,1,0.039818278995189735,0.03371142947027196,0.1707893355131091,0.7954992350166189
lineage,primary,M1,2,7031,743,2,0.10567486843976674,6286,314,222,0,0.04995227489659561,0.06924922406395045,0.27997905965053566,0.6507717162855139
lineage,primary,M1,3,5750,451,4,0.07843478260869566,5295,289,199,0,0.05457979225684608,0.10198228527209646,0.3535615720719941,0.5444561426559094
lineage,primary,M1,4,4807,287,2,0.059704597462034534,4518,287,176,0,0.0635236830455954,0.13450320989475562,0.4060112523181959,0.45948553778704837
lineage,primary,M1,5,4055,238,1,0.05869297163995068,3816,252,179,0,0.0660377358490566,0.16306565105552184,0.453268224622281,0.38366612432219704
lineage,primary,M1,6,3385,137,2,0.040472673559822744,3246,214,173,0,0.06592729513247074,0.18733600223560196,0.4884166425127668,0.3242473552516311
lineage,primary,M1,7,2859,129,0,0.04512067156348373,2730,184,129,0,0.0673992673992674,0.2082039677362316,0.517677159356041,0.27411887290772735
lineage,primary,M1,8,2417,93,2,0.03847745138601572,2322,163,131,0,0.07019810508182601,0.22670618599640954,0.5430944358953639,0.2301993781082264
lineage,primary,M1,9,2028,62,1,0.03057199211045365,1965,102,126,0,0.051908396946564885,0.23829015337694937,0.5644416962309161,0.19726815039213424
lineage,primary,M1,10,1737,48,0,0.027633851468048358,1689,110,105,0,0.06512729425695678,0.250782667218708,0.5818176473017259,0.16739968547956585
lineage,primary,M1,11,1474,39,0,0.026458616010854818,1435,89,80,0,0.06202090592334495,0.2608902465997673,0.5953322759123557,0.14377747748787678
lineage,primary,M1,12,1266,25,0,0.019747235387045814,1241,70,62,0,0.05640612409347301,0.2688400281354319,0.6052127186781102,0.12594725318645764
lineage,primary,M1,13,1109,29,0,0.026149684400360685,1080,64,73,0,0.05925925925925926,0.27610839982518237,0.61679668605865,0.1070949141161673
lineage,primary,M1,14,943,32,0,0.033934252386002124,911,40,42,0,0.043907793633369926,0.2806511321312764,0.625200740824924,0.09414812704379925
lineage,primary,M1,15,829,20,0,0.024125452352231604,809,46,47,0,0.05686032138442522,0.2858752742832846,0.6328098174376315,0.08131490827908355
lineage,primary,M1,16,716,15,0,0.02094972067039106,701,29,44,0,0.04136947218259629,0.28916875520520274,0.6395103475891203,0.07132089720567665
lineage,primary,M1,17,628,12,0,0.01910828025477707,616,31,38,1,0.05032467532467533,0.2926893727424256,0.6451887629717378,0.06212186428583619
lineage,primary,M1,18,546,10,0,0.018315018315018316,536,32,24,0,0.05970149253731343,0.29633021460533177,0.6490571574510756,0.05461262794359225
lineage,primary,M1,19,480,9,0,0.01875,471,23,34,0,0.04883227176220807,0.2989470696942956,0.6539495387043557,0.04710339160134831
lineage,primary,M1,20,414,5,0,0.012077294685990338,409,21,29,0,0.05134474327628362,0.30133637216682774,0.6578179331836934,0.04084569464947836
lineage,primary,M1,21,359,3,0,0.008356545961002786,356,21,26,0,0.05898876404494382,0.3037256746393599,0.6611174461219521,0.0351568792386875
lineage,primary,M1,22,309,7,0,0.022653721682847898,302,13,12,0,0.04304635761589404,0.3052047666461655,0.6632791959780526,0.031516037375781354
lineage,primary,M1,23,277,4,0,0.01444043321299639,273,14,19,1,0.05128205128205128,0.30679763496118695,0.6658960510670164,0.027306313971796118
lineage,primary,M1,24,239,1,0,0.0041841004184100415,238,16,14,0,0.06722689075630252,0.308625672716621,0.6676098364627359,0.023764490820642647
lineage,primary,M1,25,208,2,0,0.009615384615384616,206,16,12,0,0.07766990291262135,0.31045371047205506,0.6692093694987407,0.020336920029203804
lineage,primary,M1,26,178,4,0,0.02247191011235955,174,9,12,0,0.05172413793103448,0.3114819817094867,0.6710374072541747,0.0174806110363381
lineage,primary,M1,27,153,2,0,0.013071895424836602,151,12,8,0,0.07947019867549669,0.31285301002606225,0.672179930851321,0.014967059122616281
lineage,primary,M1,28,131,2,0,0.015267175572519083,129,9,6,0,0.06976744186046512,0.3138812812634939,0.673093949729038,0.013024769007467603
lineage,primary,M1,29,114,1,0,0.008771929824561403,113,6,6,0,0.05309734513274336,0.3145667954217817,0.6738937162470404,0.011539488331177438
lineage,primary,M1,30,101,2,0,0.019801980198019802,99,3,4,0,0.030303030303030304,0.31490955250092556,0.6745792304053282,0.010511217093745785
lineage,primary,M1,31,92,2,0,0.021739130434782608,90,7,4,0,0.07777777777777778,0.31570931901892796,0.675264744563616,0.009025936417455619
lineage,primary,M1,32,79,1,0,0.012658227848101266,78,3,4,0,0.038461538461538464,0.31605207609807184,0.6758360063621891,0.008111917539738594
lineage,primary,M1,33,71,1,0,0.014084507042253521,70,2,5,0,0.02857142857142857,0.3162805808175011,0.6765215205204769,0.007197898662021569
lineage,primary,M1,34,63,0,0,0.0,63,3,5,0,0.047619047619047616,0.316623337896645,0.67709278231905,0.006283879784304544
lineage,primary,M1,35,55,3,0,0.05454545454545454,52,0,6,0,0.0,0.316623337896645,0.6781210535564817,0.005255608546872891
lineage,primary,M1,36,46,0,0,0.0,46,1,1,0,0.021739130434782608,0.3167375902563596,0.6782353059161963,0.005027103827443635
lineage,primary,M1,37,44,0,0,0.0,44,1,2,0,0.022727272727272728,0.31685184261607424,0.6784638106356256,0.004684346748299751
lineage,primary,M1,38,41,0,0,0.0,41,1,1,0,0.024390243902439025,0.31696609497578887,0.6785780629953402,0.004455842028870494
lineage,primary,M1,39,39,1,0,0.02564102564102564,38,3,2,0,0.07894736842105263,0.31730885205493276,0.6789208200744841,0.003770327870582726
lineage,primary,M1,40,33,0,0,0.0,33,2,0,0,0.06060606060606061,0.317537356774362,0.6789208200744841,0.0035418231511534703
lineage,primary,M1,41,31,0,0,0.0,31,2,1,0,0.06451612903225806,0.31776586149379127,0.6790350724341987,0.003199066072009586
lineage,primary,M1,42,28,0,0,0.0,28,1,3,0,0.03571428571428571,0.3178801138535059,0.6793778295133426,0.002742056633151074
lineage,primary,M1,43,24,0,0,0.0,24,1,0,0,0.041666666666666664,0.3179943662132205,0.6793778295133426,0.0026278042734364463
lineage,primary,M1,44,23,1,0,0.043478260869565216,22,0,2,0,0.0,0.3179943662132205,0.6797205865924865,0.002285047194292562
lineage,primary,M1,45,20,0,0,0.0,20,1,1,0,0.05,0.31810861857293515,0.6798348389522011,0.002056542474863306
lineage,primary,M1,46,18,0,0,0.0,18,1,1,0,0.05555555555555555,0.3182228709326498,0.6799490913119157,0.0018280377554340498
lineage,primary,M1,47,16,0,0,0.0,16,0,1,0,0.0,0.3182228709326498,0.6800633436716303,0.0017137853957194216
lineage,primary,M1,48,15,0,0,0.0,15,2,1,0,0.13333333333333333,0.31845137565207904,0.680177596031345,0.0013710283165755373
lineage,primary,M1,49,12,0,0,0.0,12,2,1,0,0.16666666666666666,0.3186798803715083,0.6802918483910596,0.001028271237431653
lineage,primary,M1,50,9,0,0,0.0,9,0,0,0,0.0,0.3186798803715083,0.6802918483910596,0.001028271237431653
lineage,primary,M1,51,9,0,0,0.0,9,0,1,0,0.0,0.3186798803715083,0.6804061007507742,0.0009140188777170249
lineage,primary,M1,52,8,0,0,0.0,8,0,1,0,0.0,0.3186798803715083,0.6805203531104889,0.0007997665180023968
lineage,primary,M1,53,7,0,0,0.0,7,0,0,0,0.0,0.3186798803715083,0.6805203531104889,0.0007997665180023968
lineage,primary,M1,54,7,0,0,0.0,7,0,0,0,0.0,0.3186798803715083,0.6805203531104889,0.0007997665180023968
lineage,primary,M1,55,7,0,0,0.0,7,0,0,0,0.0,0.3186798803715083,0.6805203531104889,0.0007997665180023968
lineage,primary,M1,56,7,0,0,0.0,7,0,0,0,0.0,0.3186798803715083,0.6805203531104889,0.0007997665180023968
lineage,primary,M1,57,7,0,0,0.0,7,0,0,0,0.0,0.3186798803715083,0.6805203531104889,0.0007997665180023968
lineage,primary,M1,58,7,0,0,0.0,7,0,0,0,0.0,0.3186798803715083,0.6805203531104889,0.0007997665180023968
lineage,primary,M1,59,7,0,0,0.0,7,0,0,0,0.0,0.3186798803715083,0.6805203531104889,0.0007997665180023968
lineage,primary,M1,60,7,0,0,0.0,7,0,0,0,0.0,0.3186798803715083,0.6805203531104889,0.0007997665180023968
lineage,primary,M1,61,7,0,0,0.0,7,0,0,0,0.0,0.3186798803715083,0.6805203531104889,0.0007997665180023968
lineage,primary,M1,62,7,0,0,0.0,7,0,0,0,0.0,0.3186798803715083,0.6805203531104889,0.0007997665180023968
lineage,primary,M1,63,7,0,0,0.0,7,0,0,0,0.0,0.3186798803715083,0.6805203531104889,0.0007997665180023968
lineage,primary,M1,64,7,0,0,0.0,7,0,0,0,0.0,0.3186798803715083,0.6805203531104889,0.0007997665180023968
lineage,primary,M1,65,7,0,0,0.0,7,0,2,0,0.0,0.3186798803715083,0.6807488578299181,0.0005712617985731405
lineage,primary,M1,66,5,0,0,0.0,5,0,0,0,0.0,0.3186798803715083,0.6807488578299181,0.0005712617985731405
lineage,primary,M1,67,5,0,0,0.0,5,0,0,0,0.0,0.3186798803715083,0.6807488578299181,0.0005712617985731405
lineage,primary,M1,68,5,0,0,0.0,5,0,0,0,0.0,0.3186798803715083,0.6807488578299181,0.0005712617985731405
lineage,primary,M1,69,5,0,0,0.0,5,0,1,0,0.0,0.3186798803715083,0.6808631101896327,0.00045700943885851244
lineage,primary,M1,70,4,0,0,0.0,4,0,0,1,0.0,0.3186798803715083,0.6808631101896327,0.00045700943885851244
lineage,primary,M1,71,3,0,0,0.0,3,0,0,0,0.0,0.3186798803715083,0.6808631101896327,0.00045700943885851244
lineage,primary,M1,72,3,0,0,0.0,3,0,0,0,0.0,0.3186798803715083,0.6808631101896327,0.00045700943885851244
lineage,primary,M1,73,3,0,0,0.0,3,0,0,0,0.0,0.3186798803715083,0.6808631101896327,0.00045700943885851244
lineage,primary,M1,74,3,0,0,0.0,3,0,0,0,0.0,0.3186798803715083,0.6808631101896327,0.00045700943885851244
lineage,primary,M1,75,3,0,0,0.0,3,0,0,0,0.0,0.3186798803715083,0.6808631101896327,0.00045700943885851244
lineage,primary,M1,76,3,0,0,0.0,3,0,0,0,0.0,0.3186798803715083,0.6808631101896327,0.00045700943885851244
lineage,primary,M1,77,3,0,0,0.0,3,0,0,0,0.0,0.3186798803715083,0.6808631101896327,0.00045700943885851244
lineage,primary,M1,78,3,0,0,0.0,3,1,0,0,0.3333333333333333,0.3188322168511278,0.6808631101896327,0.00030467295923900835
lineage,primary,M1,79,2,0,0,0.0,2,0,0,0,0.0,0.3188322168511278,0.6808631101896327,0.00030467295923900835
lineage,primary,M1,80,2,0,0,0.0,2,0,0,0,0.0,0.3188322168511278,0.6808631101896327,0.00030467295923900835
lineage,primary,M1,81,2,0,0,0.0,2,0,0,0,0.0,0.3188322168511278,0.6808631101896327,0.00030467295923900835
lineage,primary,M1,82,2,0,0,0.0,2,0,0,1,0.0,0.3188322168511278,0.6808631101896327,0.00030467295923900835
lineage,primary,M1,83,1,0,0,0.0,1,0,0,0,0.0,0.3188322168511278,0.6808631101896327,0.00030467295923900835
lineage,primary,M1,84,1,0,0,0.0,1,0,0,0,0.0,0.3188322168511278,0.6808631101896327,0.00030467295923900835
lineage,primary,M1,85,1,0,0,0.0,1,0,0,0,0.0,0.3188322168511278,0.6808631101896327,0.00030467295923900835
lineage,primary,M1,86,1,0,0,0.0,1,0,0,0,0.0,0.3188322168511278,0.6808631101896327,0.00030467295923900835
lineage,primary,M1,87,1,0,0,0.0,1,1,0,0,1.0,0.3191368898103668,0.6808631101896327,0.0
lineage,legacy,M0,1,8848,2949,1,0.33329566003616634,5898,7,320,17,0.001186842997626314,0.0007912733773731495,0.3694681572875103,0.6297405693351166
lineage,legacy,M0,2,5554,1183,1,0.21299963989917176,4370,6,308,12,0.0013729977116704805,0.0014717393565541617,0.5385332587170815,0.4599950019263643
lineage,legacy,M0,3,4044,614,0,0.15182987141444115,3430,8,325,14,0.0023323615160349854,0.002381719577971302,0.6453421872059183,0.35227609321611036
lineage,legacy,M0,4,3083,332,0,0.10768731754784301,2751,11,259,10,0.003998545983278807,0.0036386242245419194,0.7128722459443941,0.2834891298310639
lineage,legacy,M0,5,2471,215,0,0.08700930797248077,2256,1,260,6,0.0004432624113475177,0.0037533507036317873,0.7673673235120815,0.2288793257842867
lineage,legacy,M0,6,1989,157,0,0.07893413775766717,1832,2,191,4,0.001091703056768559,0.003983495827597888,0.8074125750821829,0.18860392909021917
lineage,legacy,M0,7,1635,112,0,0.06850152905198777,1523,4,159,4,0.0026263952724885093,0.00444491216787977,0.8386735321362804,0.15688155569583978
lineage,legacy,M0,8,1356,79,0,0.05825958702064897,1277,3,157,2,0.0023492560689115116,0.004791995255702424,0.8659774017116625,0.12923060303263498
lineage,legacy,M0,9,1115,60,0,0.053811659192825115,1055,1,110,3,0.0009478672985781991,0.004907897141830347,0.8856807223534096,0.10941138050476001
lineage,legacy,M0,10,941,39,0,0.04144527098831031,902,0,106,3,0.0,0.004907897141830347,0.9025400742909124,0.09255202856725714
lineage,legacy,M0,11,793,32,0,0.0403530895334174,761,0,90,6,0.0,0.004907897141830347,0.9167788479166443,0.07831325494152527
lineage,legacy,M0,12,665,19,0,0.02857142857142857,646,1,94,2,0.0015479876160990713,0.005025661434975498,0.9300862130420464,0.06488812552297808
lineage,legacy,M0,13,549,20,0,0.03642987249544627,529,1,50,2,0.001890359168241966,0.005143854741939028,0.9383597445294936,0.05649640072856744
lineage,legacy,M0,14,476,15,0,0.031512605042016806,461,0,59,2,0.0,0.005143854741939028,0.9471427984242708,0.04771334683379015
lineage,legacy,M0,15,400,16,0,0.04,384,0,41,0,0.0,0.005143854741939028,0.953941950348086,0.04091419490997505
lineage,legacy,M0,16,343,9,0,0.026239067055393587,334,0,32,1,0.0,0.005143854741939028,0.9588325683985496,0.036023576859511554
lineage,legacy,M0,17,301,5,0,0.016611295681063124,296,0,38,0,0.0,0.005143854741939028,0.963978793664194,0.030877351593867047
lineage,legacy,M0,18,258,4,0,0.015503875968992248,254,0,29,0,0.0,0.005143854741939028,0.9679282223564329,0.026927922901628237
lineage,legacy,M0,19,225,4,0,0.017777777777777778,221,0,28,1,0.0,0.005143854741939028,0.9717579713913312,0.02309817386673
lineage,legacy,M0,20,192,5,0,0.026041666666666668,187,0,14,1,0.0,0.005143854741939028,0.9740437281802263,0.020812417077834846
lineage,legacy,M0,21,172,4,0,0.023255813953488372,168,0,22,0,0.0,0.005143854741939028,0.9771897912268758,0.01766635403118539
lineage,legacy,M0,22,146,3,0,0.02054794520547945,143,0,13,0,0.0,0.005143854741939028,0.9791258300248139,0.015730315233247267
lineage,legacy,M0,23,130,0,0,0.0,130,0,13,0,0.0,0.005143854741939028,0.9806988615481387,0.01415728370992254
lineage,legacy,M0,24,117,0,0,0.0,117,0,11,1,0.0,0.005143854741939028,0.9820298882217211,0.01282625703634008
lineage,legacy,M0,25,105,2,0,0.01904761904761905,103,0,8,0,0.0,0.005143854741939028,0.9832514365108964,0.011604708747164834
lineage,legacy,M0,26,95,0,0,0.0,95,0,7,1,0.0,0.005143854741939028,0.9841065203133191,0.010749624944742162
lineage,legacy,M0,27,87,0,0,0.0,87,0,7,0,0.0,0.005143854741939028,0.9849714326651949,0.009884712592866355
lineage,legacy,M0,28,80,0,0,0.0,80,0,3,1,0.0,0.005143854741939028,0.9853421093874274,0.009514035870633868
lineage,legacy,M0,29,76,0,0,0.0,76,0,6,0,0.0,0.005143854741939028,0.9860932174824775,0.008762927775583825
lineage,legacy,M0,30,70,1,0,0.014285714285714285,69,0,2,0,0.0,0.005143854741939028,0.9864687715300025,0.008387373728058804
lineage,legacy,M0,31,67,1,0,0.014925373134328358,66,0,2,0,0.0,0.005143854741939028,0.9868443255775274,0.008011819680533784
lineage,legacy,M0,32,64,0,0,0.0,64,0,2,0,0.0,0.005143854741939028,0.9870946949425441,0.007761450315517103
lineage,legacy,M0,33,62,1,0,0.016129032258064516,61,0,1,0,0.0,0.005143854741939028,0.9873450643075607,0.007511080950500423
lineage,legacy,M0,34,60,0,0,0.0,60,0,2,0,0.0,0.005143854741939028,0.9875954336725774,0.007260711585483743
lineage,legacy,M0,35,58,0,0,0.0,58,0,2,0,0.0,0.005143854741939028,0.9878458030375941,0.007010342220467062
lineage,legacy,M0,36,56,1,0,0.017857142857142856,55,0,4,0,0.0,0.005143854741939028,0.9884717264501357,0.00638441880792536
lineage,legacy,M0,37,51,0,0,0.0,51,0,3,0,0.0,0.005143854741939028,0.9888472804976607,0.006008864760400338
lineage,legacy,M0,38,48,0,0,0.0,48,0,3,0,0.0,0.005143854741939028,0.9892228345451857,0.005633310712875317
lineage,legacy,M0,39,45,0,0,0.0,45,0,1,0,0.0,0.005143854741939028,0.989348019227694,0.005508126030366977
lineage,legacy,M0,40,44,0,0,0.0,44,0,3,0,0.0,0.005143854741939028,0.989723573275219,0.005132571982841956
lineage,legacy,M0,41,41,0,0,0.0,41,0,3,0,0.0,0.005143854741939028,0.990099127322744,0.0047570179353169356
lineage,legacy,M0,42,38,0,0,0.0,38,0,0,0,0.0,0.005143854741939028,0.990099127322744,0.0047570179353169356
lineage,legacy,M0,43,38,0,0,0.0,38,0,3,0,0.0,0.005143854741939028,0.990474681370269,0.004381463887791914
lineage,legacy,M0,44,35,0,0,0.0,35,0,1,0,0.0,0.005143854741939028,0.9905998660527773,0.004256279205283574
lineage,legacy,M0,45,34,0,0,0.0,34,0,0,0,0.0,0.005143854741939028,0.9905998660527773,0.004256279205283574
lineage,legacy,M0,46,34,0,0,0.0,34,0,0,0,0.0,0.005143854741939028,0.9905998660527773,0.004256279205283574
lineage,legacy,M0,47,34,0,0,0.0,34,0,0,0,0.0,0.005143854741939028,0.9905998660527773,0.004256279205283574
lineage,legacy,M0,48,34,0,0,0.0,34,0,1,0,0.0,0.005143854741939028,0.9907250507352856,0.004131094522775234
lineage,legacy,M0,49,33,0,0,0.0,33,0,0,0,0.0,0.005143854741939028,0.9907250507352856,0.004131094522775234
lineage,legacy,M0,50,33,0,0,0.0,33,0,0,0,0.0,0.005143854741939028,0.9907250507352856,0.004131094522775234
lineage,legacy,M0,51,33,0,0,0.0,33,0,0,0,0.0,0.005143854741939028,0.9907250507352856,0.004131094522775234
lineage,legacy,M0,52,33,0,0,0.0,33,0,0,0,0.0,0.005143854741939028,0.9907250507352856,0.004131094522775234
lineage,legacy,M0,53,33,0,0,0.0,33,0,0,1,0.0,0.005143854741939028,0.9907250507352856,0.004131094522775234
lineage,legacy,M0,54,32,0,0,0.0,32,0,1,0,0.0,0.005143854741939028,0.9908541474391224,0.0040019978189385075
lineage,legacy,M0,55,31,0,0,0.0,31,0,0,0,0.0,0.005143854741939028,0.9908541474391224,0.0040019978189385075
lineage,legacy,M0,56,31,0,0,0.0,31,0,0,0,0.0,0.005143854741939028,0.9908541474391224,0.0040019978189385075
lineage,legacy,M0,57,31,0,0,0.0,31,0,0,1,0.0,0.005143854741939028,0.9908541474391224,0.0040019978189385075
lineage,legacy,M0,58,30,0,0,0.0,30,0,0,0,0.0,0.005143854741939028,0.9908541474391224,0.0040019978189385075
lineage,legacy,M0,59,30,0,0,0.0,30,0,0,0,0.0,0.005143854741939028,0.9908541474391224,0.0040019978189385075
lineage,legacy,M0,60,30,0,0,0.0,30,0,0,1,0.0,0.005143854741939028,0.9908541474391224,0.0040019978189385075
lineage,legacy,M0,61,29,0,0,0.0,29,0,0,0,0.0,0.005143854741939028,0.9908541474391224,0.0040019978189385075
lineage,legacy,M0,62,29,0,0,0.0,29,0,0,0,0.0,0.005143854741939028,0.9908541474391224,0.0040019978189385075
lineage,legacy,M0,63,29,0,0,0.0,29,0,1,0,0.0,0.005143854741939028,0.9909921473639134,0.0038639978941475248
lineage,legacy,M0,64,28,0,0,0.0,28,0,0,0,0.0,0.005143854741939028,0.9909921473639134,0.0038639978941475248
lineage,legacy,M0,65,28,0,0,0.0,28,0,0,0,0.0,0.005143854741939028,0.9909921473639134,0.0038639978941475248
lineage,legacy,M0,66,28,0,0,0.0,28,0,0,1,0.0,0.005143854741939028,0.9909921473639134,0.0038639978941475248
lineage,legacy,M0,67,27,0,0,0.0,27,0,0,0,0.0,0.005143854741939028,0.9909921473639134,0.0038639978941475248
lineage,legacy,M0,68,27,0,0,0.0,27,0,0,0,0.0,0.005143854741939028,0.9909921473639134,0.0038639978941475248
lineage,legacy,M0,69,27,0,0,0.0,27,0,2,0,0.0,0.005143854741939028,0.9912783694301466,0.0035777758279143747
lineage,legacy,M0,70,25,0,0,0.0,25,0,0,0,0.0,0.005143854741939028,0.9912783694301466,0.0035777758279143747
lineage,legacy,M0,71,25,0,0,0.0,25,0,0,0,0.0,0.005143854741939028,0.9912783694301466,0.0035777758279143747
lineage,legacy,M0,72,25,0,0,0.0,25,0,0,0,0.0,0.005143854741939028,0.9912783694301466,0.0035777758279143747
lineage,legacy,M0,73,25,0,0,0.0,25,0,0,0,0.0,0.005143854741939028,0.9912783694301466,0.0035777758279143747
lineage,legacy,M0,74,25,0,0,0.0,25,0,0,0,0.0,0.005143854741939028,0.9912783694301466,0.0035777758279143747
lineage,legacy,M0,75,25,0,0,0.0,25,0,0,0,0.0,0.005143854741939028,0.9912783694301466,0.0035777758279143747
lineage,legacy,M0,76,25,0,0,0.0,25,0,0,0,0.0,0.005143854741939028,0.9912783694301466,0.0035777758279143747
lineage,legacy,M0,77,25,0,0,0.0,25,0,0,0,0.0,0.005143854741939028,0.9912783694301466,0.0035777758279143747
lineage,legacy,M0,78,25,0,0,0.0,25,0,0,0,0.0,0.005143854741939028,0.9912783694301466,0.0035777758279143747
lineage,legacy,M0,79,25,0,0,0.0,25,0,0,0,0.0,0.005143854741939028,0.9912783694301466,0.0035777758279143747
lineage,legacy,M0,80,25,0,0,0.0,25,0,0,0,0.0,0.005143854741939028,0.9912783694301466,0.0035777758279143747
lineage,legacy,M0,81,25,0,0,0.0,25,0,0,0,0.0,0.005143854741939028,0.9912783694301466,0.0035777758279143747
lineage,legacy,M0,82,25,0,0,0.0,25,0,0,0,0.0,0.005143854741939028,0.9912783694301466,0.0035777758279143747
lineage,legacy,M0,83,25,0,0,0.0,25,0,0,0,0.0,0.005143854741939028,0.9912783694301466,0.0035777758279143747
lineage,legacy,M0,84,25,0,0,0.0,25,0,1,0,0.0,0.005143854741939028,0.9914214804632632,0.0034346647947977997
lineage,legacy,M0,85,24,0,0,0.0,24,0,0,0,0.0,0.005143854741939028,0.9914214804632632,0.0034346647947977997
lineage,legacy,M0,86,24,0,0,0.0,24,0,1,0,0.0,0.005143854741939028,0.9915645914963798,0.0032915537616812246
lineage,legacy,M0,87,23,0,0,0.0,23,0,0,0,0.0,0.005143854741939028,0.9915645914963798,0.0032915537616812246
lineage,legacy,M0,88,23,0,0,0.0,23,0,0,0,0.0,0.005143854741939028,0.9915645914963798,0.0032915537616812246
lineage,legacy,M0,89,23,0,0,0.0,23,0,0,0,0.0,0.005143854741939028,0.9915645914963798,0.0032915537616812246
lineage,legacy,M0,90,23,0,0,0.0,23,0,0,0,0.0,0.005143854741939028,0.9915645914963798,0.0032915537616812246
lineage,legacy,M0,91,23,0,0,0.0,23,0,0,0,0.0,0.005143854741939028,0.9915645914963798,0.0032915537616812246
lineage,legacy,M0,92,23,0,0,0.0,23,0,0,0,0.0,0.005143854741939028,0.9915645914963798,0.0032915537616812246
lineage,legacy,M0,93,23,0,0,0.0,23,0,0,0,0.0,0.005143854741939028,0.9915645914963798,0.0032915537616812246
lineage,legacy,M0,94,23,0,0,0.0,23,0,0,0,0.0,0.005143854741939028,0.9915645914963798,0.0032915537616812246
lineage,legacy,M0,95,23,0,0,0.0,23,0,0,0,0.0,0.005143854741939028,0.9915645914963798,0.0032915537616812246
lineage,legacy,M0,96,23,0,0,0.0,23,0,0,0,0.0,0.005143854741939028,0.9915645914963798,0.0032915537616812246
lineage,legacy,M0,97,23,0,0,0.0,23,0,0,0,0.0,0.005143854741939028,0.9915645914963798,0.0032915537616812246
lineage,legacy,M0,98,23,0,0,0.0,23,0,1,0,0.0,0.005143854741939028,0.9917077025294964,0.0031484427285646496
lineage,legacy,M0,99,22,0,0,0.0,22,0,0,0,0.0,0.005143854741939028,0.9917077025294964,0.0031484427285646496
lineage,legacy,M0,100,22,0,0,0.0,22,0,0,0,0.0,0.005143854741939028,0.9917077025294964,0.0031484427285646496
lineage,legacy,M0,101,22,0,0,0.0,22,0,0,0,0.0,0.005143854741939028,0.9917077025294964,0.0031484427285646496
lineage,legacy,M0,102,22,0,0,0.0,22,0,0,0,0.0,0.005143854741939028,0.9917077025294964,0.0031484427285646496
lineage,legacy,M0,103,22,0,0,0.0,22,0,0,0,0.0,0.005143854741939028,0.9917077025294964,0.0031484427285646496
lineage,legacy,M0,104,22,0,0,0.0,22,0,0,0,0.0,0.005143854741939028,0.9917077025294964,0.0031484427285646496
lineage,legacy,M0,105,22,0,0,0.0,22,0,0,1,0.0,0.005143854741939028,0.9917077025294964,0.0031484427285646496
lineage,legacy,M0,106,21,0,0,0.0,21,0,1,0,0.0,0.005143854741939028,0.9918576283737137,0.002998516884347285
lineage,legacy,M0,107,20,0,0,0.0,20,0,0,0,0.0,0.005143854741939028,0.9918576283737137,0.002998516884347285
lineage,legacy,M0,108,20,0,0,0.0,20,0,0,0,0.0,0.005143854741939028,0.9918576283737137,0.002998516884347285
lineage,legacy,M0,109,20,0,0,0.0,20,0,0,0,0.0,0.005143854741939028,0.9918576283737137,0.002998516884347285
lineage,legacy,M0,110,20,0,0,0.0,20,0,0,0,0.0,0.005143854741939028,0.9918576283737137,0.002998516884347285
lineage,legacy,M0,111,20,0,0,0.0,20,0,0,0,0.0,0.005143854741939028,0.9918576283737137,0.002998516884347285
lineage,legacy,M0,112,20,0,0,0.0,20,0,0,0,0.0,0.005143854741939028,0.9918576283737137,0.002998516884347285
lineage,legacy,M0,113,20,0,0,0.0,20,0,1,0,0.0,0.005143854741939028,0.9920075542179311,0.002848591040129921
lineage,legacy,M0,114,19,0,0,0.0,19,0,0,0,0.0,0.005143854741939028,0.9920075542179311,0.002848591040129921
lineage,legacy,M0,115,19,0,0,0.0,19,0,0,0,0.0,0.005143854741939028,0.9920075542179311,0.002848591040129921
lineage,legacy,M0,116,19,0,0,0.0,19,0,0,0,0.0,0.005143854741939028,0.9920075542179311,0.002848591040129921
lineage,legacy,M0,117,19,0,0,0.0,19,0,0,0,0.0,0.005143854741939028,0.9920075542179311,0.002848591040129921
lineage,legacy,M0,118,19,0,0,0.0,19,0,0,0,0.0,0.005143854741939028,0.9920075542179311,0.002848591040129921
lineage,legacy,M0,119,19,0,0,0.0,19,0,0,1,0.0,0.005143854741939028,0.9920075542179311,0.002848591040129921
lineage,legacy,M0,120,18,0,0,0.0,18,0,0,1,0.0,0.005143854741939028,0.9920075542179311,0.002848591040129921
lineage,legacy,M0,121,17,0,0,0.0,17,0,0,0,0.0,0.005143854741939028,0.9920075542179311,0.002848591040129921
lineage,legacy,M0,122,17,0,0,0.0,17,0,0,0,0.0,0.005143854741939028,0.9920075542179311,0.002848591040129921
lineage,legacy,M0,123,17,0,0,0.0,17,0,0,0,0.0,0.005143854741939028,0.9920075542179311,0.002848591040129921
lineage,legacy,M0,124,17,0,0,0.0,17,0,0,0,0.0,0.005143854741939028,0.9920075542179311,0.002848591040129921
lineage,legacy,M0,125,17,0,0,0.0,17,0,0,0,0.0,0.005143854741939028,0.9920075542179311,0.002848591040129921
lineage,legacy,M0,126,17,0,0,0.0,17,0,0,0,0.0,0.005143854741939028,0.9920075542179311,0.002848591040129921
lineage,legacy,M0,127,17,0,0,0.0,17,0,0,0,0.0,0.005143854741939028,0.9920075542179311,0.002848591040129921
lineage,legacy,M0,128,17,0,0,0.0,17,0,0,0,0.0,0.005143854741939028,0.9920075542179311,0.002848591040129921
lineage,legacy,M0,129,17,0,0,0.0,17,0,0,0,0.0,0.005143854741939028,0.9920075542179311,0.002848591040129921
lineage,legacy,M0,130,17,0,0,0.0,17,0,0,0,0.0,0.005143854741939028,0.9920075542179311,0.002848591040129921
lineage,legacy,M0,131,17,0,0,0.0,17,0,0,0,0.0,0.005143854741939028,0.9920075542179311,0.002848591040129921
lineage,legacy,M0,132,17,0,0,0.0,17,0,0,0,0.0,0.005143854741939028,0.9920075542179311,0.002848591040129921
lineage,legacy,M0,133,17,0,0,0.0,17,0,0,0,0.0,0.005143854741939028,0.9920075542179311,0.002848591040129921
lineage,legacy,M0,134,17,0,0,0.0,17,0,0,0,0.0,0.005143854741939028,0.9920075542179311,0.002848591040129921
lineage,legacy,M0,135,17,0,0,0.0,17,0,0,0,0.0,0.005143854741939028,0.9920075542179311,0.002848591040129921
lineage,legacy,M0,136,17,0,0,0.0,17,0,0,0,0.0,0.005143854741939028,0.9920075542179311,0.002848591040129921
lineage,legacy,M0,137,17,0,0,0.0,17,0,0,0,0.0,0.005143854741939028,0.9920075542179311,0.002848591040129921
lineage,legacy,M0,138,17,0,0,0.0,17,0,0,1,0.0,0.005143854741939028,0.9920075542179311,0.002848591040129921
lineage,legacy,M0,139,16,0,0,0.0,16,0,0,1,0.0,0.005143854741939028,0.9920075542179311,0.002848591040129921
lineage,legacy,M0,140,15,0,0,0.0,15,0,0,0,0.0,0.005143854741939028,0.9920075542179311,0.002848591040129921
lineage,legacy,M0,141,15,0,0,0.0,15,0,0,0,0.0,0.005143854741939028,0.9920075542179311,0.002848591040129921
lineage,legacy,M0,142,15,0,0,0.0,15,0,1,1,0.0,0.005143854741939028,0.9921974602872731,0.0026586849707879263
lineage,legacy,M0,143,13,0,0,0.0,13,0,0,0,0.0,0.005143854741939028,0.9921974602872731,0.0026586849707879263
lineage,legacy,M0,144,13,0,0,0.0,13,0,0,0,0.0,0.005143854741939028,0.9921974602872731,0.0026586849707879263
lineage,legacy,M0,145,13,0,0,0.0,13,0,0,1,0.0,0.005143854741939028,0.9921974602872731,0.0026586849707879263
lineage,legacy,M0,146,12,0,0,0.0,12,0,1,0,0.0,0.005143854741939028,0.9924190173681721,0.0024371278898889324
lineage,legacy,M0,147,11,0,0,0.0,11,0,0,0,0.0,0.005143854741939028,0.9924190173681721,0.0024371278898889324
lineage,legacy,M0,148,11,0,0,0.0,11,0,0,0,0.0,0.005143854741939028,0.9924190173681721,0.0024371278898889324
lineage,legacy,M0,149,11,0,0,0.0,11,0,0,0,0.0,0.005143854741939028,0.9924190173681721,0.0024371278898889324
lineage,legacy,M0,150,11,0,0,0.0,11,0,0,0,0.0,0.005143854741939028,0.9924190173681721,0.0024371278898889324
lineage,legacy,M0,151,11,0,0,0.0,11,0,0,0,0.0,0.005143854741939028,0.9924190173681721,0.0024371278898889324
lineage,legacy,M0,152,11,0,0,0.0,11,0,0,0,0.0,0.005143854741939028,0.9924190173681721,0.0024371278898889324
lineage,legacy,M0,153,11,0,0,0.0,11,0,0,2,0.0,0.005143854741939028,0.9924190173681721,0.0024371278898889324
lineage,legacy,M0,154,9,0,0,0.0,9,0,0,0,0.0,0.005143854741939028,0.9924190173681721,0.0024371278898889324
lineage,legacy,M0,155,9,0,0,0.0,9,0,0,0,0.0,0.005143854741939028,0.9924190173681721,0.0024371278898889324
lineage,legacy,M0,156,9,0,0,0.0,9,0,0,0,0.0,0.005143854741939028,0.9924190173681721,0.0024371278898889324
lineage,legacy,M0,157,9,0,0,0.0,9,0,0,0,0.0,0.005143854741939028,0.9924190173681721,0.0024371278898889324
lineage,legacy,M0,158,9,0,0,0.0,9,0,0,0,0.0,0.005143854741939028,0.9924190173681721,0.0024371278898889324
lineage,legacy,M0,159,9,0,0,0.0,9,0,0,0,0.0,0.005143854741939028,0.9924190173681721,0.0024371278898889324
lineage,legacy,M0,160,9,0,0,0.0,9,0,0,0,0.0,0.005143854741939028,0.9924190173681721,0.0024371278898889324
lineage,legacy,M0,161,9,0,0,0.0,9,0,0,0,0.0,0.005143854741939028,0.9924190173681721,0.0024371278898889324
lineage,legacy,M0,162,9,0,0,0.0,9,0,0,0,0.0,0.005143854741939028,0.9924190173681721,0.0024371278898889324
lineage,legacy,M0,163,9,0,0,0.0,9,0,0,0,0.0,0.005143854741939028,0.9924190173681721,0.0024371278898889324
lineage,legacy,M0,164,9,0,0,0.0,9,0,0,1,0.0,0.005143854741939028,0.9924190173681721,0.0024371278898889324
lineage,legacy,M0,165,8,0,0,0.0,8,0,0,0,0.0,0.005143854741939028,0.9924190173681721,0.0024371278898889324
lineage,legacy,M0,166,8,0,0,0.0,8,0,0,1,0.0,0.005143854741939028,0.9924190173681721,0.0024371278898889324
lineage,legacy,M0,167,7,0,0,0.0,7,0,0,0,0.0,0.005143854741939028,0.9924190173681721,0.0024371278898889324
lineage,legacy,M0,168,7,0,0,0.0,7,0,0,0,0.0,0.005143854741939028,0.9924190173681721,0.0024371278898889324
lineage,legacy,M0,169,7,0,0,0.0,7,0,0,0,0.0,0.005143854741939028,0.9924190173681721,0.0024371278898889324
lineage,legacy,M0,170,7,0,0,0.0,7,0,0,0,0.0,0.005143854741939028,0.9924190173681721,0.0024371278898889324
lineage,legacy,M0,171,7,0,0,0.0,7,0,0,0,0.0,0.005143854741939028,0.9924190173681721,0.0024371278898889324
lineage,legacy,M0,172,7,0,0,0.0,7,0,0,0,0.0,0.005143854741939028,0.9924190173681721,0.0024371278898889324
lineage,legacy,M0,173,7,0,0,0.0,7,0,0,0,0.0,0.005143854741939028,0.9924190173681721,0.0024371278898889324
lineage,legacy,M0,174,7,0,0,0.0,7,0,0,0,0.0,0.005143854741939028,0.9924190173681721,0.0024371278898889324
lineage,legacy,M0,175,7,0,0,0.0,7,0,0,0,0.0,0.005143854741939028,0.9924190173681721,0.0024371278898889324
lineage,legacy,M0,176,7,0,0,0.0,7,0,0,0,0.0,0.005143854741939028,0.9924190173681721,0.0024371278898889324
lineage,legacy,M0,177,7,0,0,0.0,7,0,0,0,0.0,0.005143854741939028,0.9924190173681721,0.0024371278898889324
lineage,legacy,M0,178,7,0,0,0.0,7,0,0,0,0.0,0.005143854741939028,0.9924190173681721,0.0024371278898889324
lineage,legacy,M0,179,7,0,0,0.0,7,0,0,0,0.0,0.005143854741939028,0.9924190173681721,0.0024371278898889324
lineage,legacy,M0,180,7,0,0,0.0,7,0,0,0,0.0,0.005143854741939028,0.9924190173681721,0.0024371278898889324
lineage,legacy,M0,181,7,0,0,0.0,7,0,0,0,0.0,0.005143854741939028,0.9924190173681721,0.0024371278898889324
lineage,legacy,M0,182,7,0,0,0.0,7,0,0,0,0.0,0.005143854741939028,0.9924190173681721,0.0024371278898889324
lineage,legacy,M0,183,7,0,0,0.0,7,0,0,1,0.0,0.005143854741939028,0.9924190173681721,0.0024371278898889324
lineage,legacy,M0,184,6,0,0,0.0,6,0,0,0,0.0,0.005143854741939028,0.9924190173681721,0.0024371278898889324
lineage,legacy,M0,185,6,0,0,0.0,6,0,0,0,0.0,0.005143854741939028,0.9924190173681721,0.0024371278898889324
lineage,legacy,M0,186,6,0,0,0.0,6,0,0,0,0.0,0.005143854741939028,0.9924190173681721,0.0024371278898889324
lineage,legacy,M0,187,6,0,0,0.0,6,0,0,0,0.0,0.005143854741939028,0.9924190173681721,0.0024371278898889324
lineage,legacy,M0,188,6,0,0,0.0,6,0,0,0,0.0,0.005143854741939028,0.9924190173681721,0.0024371278898889324
lineage,legacy,M0,189,6,0,0,0.0,6,0,0,0,0.0,0.005143854741939028,0.9924190173681721,0.0024371278898889324
lineage,legacy,M0,190,6,0,0,0.0,6,0,0,0,0.0,0.005143854741939028,0.9924190173681721,0.0024371278898889324
lineage,legacy,M0,191,6,0,0,0.0,6,0,0,0,0.0,0.005143854741939028,0.9924190173681721,0.0024371278898889324
lineage,legacy,M0,192,6,0,0,0.0,6,0,0,0,0.0,0.005143854741939028,0.9924190173681721,0.0024371278898889324
lineage,legacy,M0,193,6,0,0,0.0,6,0,0,0,0.0,0.005143854741939028,0.9924190173681721,0.0024371278898889324
lineage,legacy,M0,194,6,0,0,0.0,6,0,0,0,0.0,0.005143854741939028,0.9924190173681721,0.0024371278898889324
lineage,legacy,M0,195,6,0,0,0.0,6,0,0,0,0.0,0.005143854741939028,0.9924190173681721,0.0024371278898889324
lineage,legacy,M0,196,6,0,0,0.0,6,0,0,0,0.0,0.005143854741939028,0.9924190173681721,0.0024371278898889324
lineage,legacy,M0,197,6,0,0,0.0,6,0,0,0,0.0,0.005143854741939028,0.9924190173681721,0.0024371278898889324
lineage,legacy,M0,198,6,0,0,0.0,6,0,0,1,0.0,0.005143854741939028,0.9924190173681721,0.0024371278898889324
lineage,legacy,M0,199,5,0,0,0.0,5,0,0,1,0.0,0.005143854741939028,0.9924190173681721,0.0024371278898889324
lineage,legacy,M0,200,4,0,0,0.0,4,0,0,0,0.0,0.005143854741939028,0.9924190173681721,0.0024371278898889324
lineage,legacy,M0,201,4,0,0,0.0,4,0,0,0,0.0,0.005143854741939028,0.9924190173681721,0.0024371278898889324
lineage,legacy,M0,202,4,0,0,0.0,4,0,0,0,0.0,0.005143854741939028,0.9924190173681721,0.0024371278898889324
lineage,legacy,M0,203,4,0,0,0.0,4,0,0,0,0.0,0.005143854741939028,0.9924190173681721,0.0024371278898889324
lineage,legacy,M0,204,4,0,0,0.0,4,0,0,0,0.0,0.005143854741939028,0.9924190173681721,0.0024371278898889324
lineage,legacy,M0,205,4,0,0,0.0,4,0,0,0,0.0,0.005143854741939028,0.9924190173681721,0.0024371278898889324
lineage,legacy,M0,206,4,0,0,0.0,4,0,0,0,0.0,0.005143854741939028,0.9924190173681721,0.0024371278898889324
lineage,legacy,M0,207,4,0,0,0.0,4,0,0,0,0.0,0.005143854741939028,0.9924190173681721,0.0024371278898889324
lineage,legacy,M0,208,4,0,0,0.0,4,0,0,0,0.0,0.005143854741939028,0.9924190173681721,0.0024371278898889324
lineage,legacy,M0,209,4,0,0,0.0,4,0,0,0,0.0,0.005143854741939028,0.9924190173681721,0.0024371278898889324
lineage,legacy,M0,210,4,0,0,0.0,4,0,0,0,0.0,0.005143854741939028,0.9924190173681721,0.0024371278898889324
lineage,legacy,M0,211,4,0,0,0.0,4,0,0,0,0.0,0.005143854741939028,0.9924190173681721,0.0024371278898889324
lineage,legacy,M0,212,4,0,0,0.0,4,0,0,0,0.0,0.005143854741939028,0.9924190173681721,0.0024371278898889324
lineage,legacy,M0,213,4,0,0,0.0,4,0,0,0,0.0,0.005143854741939028,0.9924190173681721,0.0024371278898889324
lineage,legacy,M0,214,4,0,0,0.0,4,0,0,0,0.0,0.005143854741939028,0.9924190173681721,0.0024371278898889324
lineage,legacy,M0,215,4,0,0,0.0,4,0,0,0,0.0,0.005143854741939028,0.9924190173681721,0.0024371278898889324
lineage,legacy,M0,216,4,0,0,0.0,4,0,0,0,0.0,0.005143854741939028,0.9924190173681721,0.0024371278898889324
lineage,legacy,M0,217,4,0,0,0.0,4,0,0,0,0.0,0.005143854741939028,0.9924190173681721,0.0024371278898889324
lineage,legacy,M0,218,4,0,0,0.0,4,0,0,0,0.0,0.005143854741939028,0.9924190173681721,0.0024371278898889324
lineage,legacy,M0,219,4,0,0,0.0,4,0,0,0,0.0,0.005143854741939028,0.9924190173681721,0.0024371278898889324
lineage,legacy,M0,220,4,0,0,0.0,4,0,0,0,0.0,0.005143854741939028,0.9924190173681721,0.0024371278898889324
lineage,legacy,M0,221,4,0,0,0.0,4,0,0,0,0.0,0.005143854741939028,0.9924190173681721,0.0024371278898889324
lineage,legacy,M0,222,4,0,0,0.0,4,0,0,0,0.0,0.005143854741939028,0.9924190173681721,0.0024371278898889324
lineage,legacy,M0,223,4,0,0,0.0,4,0,0,0,0.0,0.005143854741939028,0.9924190173681721,0.0024371278898889324
lineage,legacy,M0,224,4,0,0,0.0,4,0,0,0,0.0,0.005143854741939028,0.9924190173681721,0.0024371278898889324
lineage,legacy,M0,225,4,0,0,0.0,4,0,0,0,0.0,0.005143854741939028,0.9924190173681721,0.0024371278898889324
lineage,legacy,M0,226,4,0,0,0.0,4,0,0,0,0.0,0.005143854741939028,0.9924190173681721,0.0024371278898889324
lineage,legacy,M0,227,4,0,0,0.0,4,0,0,0,0.0,0.005143854741939028,0.9924190173681721,0.0024371278898889324
lineage,legacy,M0,228,4,0,0,0.0,4,0,0,0,0.0,0.005143854741939028,0.9924190173681721,0.0024371278898889324
lineage,legacy,M0,229,4,0,0,0.0,4,0,0,0,0.0,0.005143854741939028,0.9924190173681721,0.0024371278898889324
lineage,legacy,M0,230,4,0,0,0.0,4,0,0,0,0.0,0.005143854741939028,0.9924190173681721,0.0024371278898889324
lineage,legacy,M0,231,4,0,0,0.0,4,0,0,0,0.0,0.005143854741939028,0.9924190173681721,0.0024371278898889324
lineage,legacy,M0,232,4,0,0,0.0,4,0,0,0,0.0,0.005143854741939028,0.9924190173681721,0.0024371278898889324
lineage,legacy,M0,233,4,0,0,0.0,4,0,0,1,0.0,0.005143854741939028,0.9924190173681721,0.0024371278898889324
lineage,legacy,M0,234,3,0,0,0.0,3,0,0,0,0.0,0.005143854741939028,0.9924190173681721,0.0024371278898889324
lineage,legacy,M0,235,3,0,0,0.0,3,0,0,0,0.0,0.005143854741939028,0.9924190173681721,0.0024371278898889324
lineage,legacy,M0,236,3,0,0,0.0,3,0,0,0,0.0,0.005143854741939028,0.9924190173681721,0.0024371278898889324
lineage,legacy,M0,237,3,0,0,0.0,3,0,0,0,0.0,0.005143854741939028,0.9924190173681721,0.0024371278898889324
lineage,legacy,M0,238,3,0,0,0.0,3,0,0,0,0.0,0.005143854741939028,0.9924190173681721,0.0024371278898889324
lineage,legacy,M0,239,3,0,0,0.0,3,0,0,0,0.0,0.005143854741939028,0.9924190173681721,0.0024371278898889324
lineage,legacy,M0,240,3,0,0,0.0,3,0,0,0,0.0,0.005143854741939028,0.9924190173681721,0.0024371278898889324
lineage,legacy,M0,241,3,0,0,0.0,3,0,0,0,0.0,0.005143854741939028,0.9924190173681721,0.0024371278898889324
lineage,legacy,M0,242,3,0,0,0.0,3,0,0,0,0.0,0.005143854741939028,0.9924190173681721,0.0024371278898889324
lineage,legacy,M0,243,3,0,0,0.0,3,0,0,0,0.0,0.005143854741939028,0.9924190173681721,0.0024371278898889324
lineage,legacy,M0,244,3,0,0,0.0,3,0,0,0,0.0,0.005143854741939028,0.9924190173681721,0.0024371278898889324
lineage,legacy,M0,245,3,0,0,0.0,3,0,0,0,0.0,0.005143854741939028,0.9924190173681721,0.0024371278898889324
lineage,legacy,M0,246,3,0,0,0.0,3,0,0,0,0.0,0.005143854741939028,0.9924190173681721,0.0024371278898889324
lineage,legacy,M0,247,3,0,0,0.0,3,0,0,0,0.0,0.005143854741939028,0.9924190173681721,0.0024371278898889324
lineage,legacy,M0,248,3,0,0,0.0,3,0,0,0,0.0,0.005143854741939028,0.9924190173681721,0.0024371278898889324
lineage,legacy,M0,249,3,0,0,0.0,3,0,0,0,0.0,0.005143854741939028,0.9924190173681721,0.0024371278898889324
lineage,legacy,M0,250,3,0,0,0.0,3,0,0,0,0.0,0.005143854741939028,0.9924190173681721,0.0024371278898889324
lineage,legacy,M0,251,3,0,0,0.0,3,0,0,0,0.0,0.005143854741939028,0.9924190173681721,0.0024371278898889324
lineage,legacy,M0,252,3,0,0,0.0,3,0,0,0,0.0,0.005143854741939028,0.9924190173681721,0.0024371278898889324
lineage,legacy,M0,253,3,0,0,0.0,3,0,0,0,0.0,0.005143854741939028,0.9924190173681721,0.0024371278898889324
lineage,legacy,M0,254,3,0,0,0.0,3,0,0,0,0.0,0.005143854741939028,0.9924190173681721,0.0024371278898889324
lineage,legacy,M0,255,3,0,0,0.0,3,0,0,0,0.0,0.005143854741939028,0.9924190173681721,0.0024371278898889324
lineage,legacy,M0,256,3,0,0,0.0,3,0,0,0,0.0,0.005143854741939028,0.9924190173681721,0.0024371278898889324
lineage,legacy,M0,257,3,0,0,0.0,3,0,0,0,0.0,0.005143854741939028,0.9924190173681721,0.0024371278898889324
lineage,legacy,M0,258,3,0,0,0.0,3,0,0,0,0.0,0.005143854741939028,0.9924190173681721,0.0024371278898889324
lineage,legacy,M0,259,3,0,0,0.0,3,0,0,0,0.0,0.005143854741939028,0.9924190173681721,0.0024371278898889324
lineage,legacy,M0,260,3,0,0,0.0,3,0,0,0,0.0,0.005143854741939028,0.9924190173681721,0.0024371278898889324
lineage,legacy,M0,261,3,0,0,0.0,3,0,0,0,0.0,0.005143854741939028,0.9924190173681721,0.0024371278898889324
lineage,legacy,M0,262,3,0,0,0.0,3,0,0,0,0.0,0.005143854741939028,0.9924190173681721,0.0024371278898889324
lineage,legacy,M0,263,3,0,0,0.0,3,0,0,0,0.0,0.005143854741939028,0.9924190173681721,0.0024371278898889324
lineage,legacy,M0,264,3,0,0,0.0,3,0,0,0,0.0,0.005143854741939028,0.9924190173681721,0.0024371278898889324
lineage,legacy,M0,265,3,0,0,0.0,3,0,0,0,0.0,0.005143854741939028,0.9924190173681721,0.0024371278898889324
lineage,legacy,M0,266,3,0,0,0.0,3,0,0,0,0.0,0.005143854741939028,0.9924190173681721,0.0024371278898889324
lineage,legacy,M0,267,3,0,0,0.0,3,0,0,0,0.0,0.005143854741939028,0.9924190173681721,0.0024371278898889324
lineage,legacy,M0,268,3,0,0,0.0,3,0,0,0,0.0,0.005143854741939028,0.9924190173681721,0.0024371278898889324
lineage,legacy,M0,269,3,0,0,0.0,3,0,0,0,0.0,0.005143854741939028,0.9924190173681721,0.0024371278898889324
lineage,legacy,M0,270,3,0,0,0.0,3,0,0,0,0.0,0.005143854741939028,0.9924190173681721,0.0024371278898889324
lineage,legacy,M0,271,3,0,0,0.0,3,0,0,0,0.0,0.005143854741939028,0.9924190173681721,0.0024371278898889324
lineage,legacy,M0,272,3,0,0,0.0,3,0,0,0,0.0,0.005143854741939028,0.9924190173681721,0.0024371278898889324
lineage,legacy,M0,273,3,0,0,0.0,3,0,0,0,0.0,0.005143854741939028,0.9924190173681721,0.0024371278898889324
lineage,legacy,M0,274,3,0,0,0.0,3,0,0,0,0.0,0.005143854741939028,0.9924190173681721,0.0024371278898889324
lineage,legacy,M0,275,3,0,0,0.0,3,0,0,0,0.0,0.005143854741939028,0.9924190173681721,0.0024371278898889324
lineage,legacy,M0,276,3,0,0,0.0,3,0,0,0,0.0,0.005143854741939028,0.9924190173681721,0.0024371278898889324
lineage,legacy,M0,277,3,0,0,0.0,3,0,0,0,0.0,0.005143854741939028,0.9924190173681721,0.0024371278898889324
lineage,legacy,M0,278,3,0,0,0.0,3,0,0,0,0.0,0.005143854741939028,0.9924190173681721,0.0024371278898889324
lineage,legacy,M0,279,3,0,0,0.0,3,0,0,0,0.0,0.005143854741939028,0.9924190173681721,0.0024371278898889324
lineage,legacy,M0,280,3,0,0,0.0,3,0,0,0,0.0,0.005143854741939028,0.9924190173681721,0.0024371278898889324
lineage,legacy,M0,281,3,0,0,0.0,3,0,0,0,0.0,0.005143854741939028,0.9924190173681721,0.0024371278898889324
lineage,legacy,M0,282,3,0,0,0.0,3,0,0,0,0.0,0.005143854741939028,0.9924190173681721,0.0024371278898889324
lineage,legacy,M0,283,3,0,0,0.0,3,0,0,0,0.0,0.005143854741939028,0.9924190173681721,0.0024371278898889324
lineage,legacy,M0,284,3,0,0,0.0,3,0,0,0,0.0,0.005143854741939028,0.9924190173681721,0.0024371278898889324
lineage,legacy,M0,285,3,0,0,0.0,3,0,0,0,0.0,0.005143854741939028,0.9924190173681721,0.0024371278898889324
lineage,legacy,M0,286,3,0,0,0.0,3,0,0,0,0.0,0.005143854741939028,0.9924190173681721,0.0024371278898889324
lineage,legacy,M0,287,3,0,0,0.0,3,0,0,0,0.0,0.005143854741939028,0.9924190173681721,0.0024371278898889324
lineage,legacy,M0,288,3,0,0,0.0,3,0,0,0,0.0,0.005143854741939028,0.9924190173681721,0.0024371278898889324
lineage,legacy,M0,289,3,0,0,0.0,3,0,0,0,0.0,0.005143854741939028,0.9924190173681721,0.0024371278898889324
lineage,legacy,M0,290,3,0,0,0.0,3,0,0,0,0.0,0.005143854741939028,0.9924190173681721,0.0024371278898889324
lineage,legacy,M0,291,3,0,0,0.0,3,0,0,0,0.0,0.005143854741939028,0.9924190173681721,0.0024371278898889324
lineage,legacy,M0,292,3,0,0,0.0,3,0,0,0,0.0,0.005143854741939028,0.9924190173681721,0.0024371278898889324
lineage,legacy,M0,293,3,0,0,0.0,3,0,0,0,0.0,0.005143854741939028,0.9924190173681721,0.0024371278898889324
lineage,legacy,M0,294,3,0,0,0.0,3,0,0,0,0.0,0.005143854741939028,0.9924190173681721,0.0024371278898889324
lineage,legacy,M0,295,3,0,0,0.0,3,0,0,0,0.0,0.005143854741939028,0.9924190173681721,0.0024371278898889324
lineage,legacy,M0,296,3,0,0,0.0,3,0,0,0,0.0,0.005143854741939028,0.9924190173681721,0.0024371278898889324
lineage,legacy,M0,297,3,0,0,0.0,3,0,0,0,0.0,0.005143854741939028,0.9924190173681721,0.0024371278898889324
lineage,legacy,M0,298,3,0,0,0.0,3,0,0,0,0.0,0.005143854741939028,0.9924190173681721,0.0024371278898889324
lineage,legacy,M0,299,3,0,0,0.0,3,0,0,0,0.0,0.005143854741939028,0.9924190173681721,0.0024371278898889324
lineage,legacy,M0,300,3,0,0,0.0,3,0,0,0,0.0,0.005143854741939028,0.9924190173681721,0.0024371278898889324
lineage,legacy,M0,301,3,0,0,0.0,3,0,0,0,0.0,0.005143854741939028,0.9924190173681721,0.0024371278898889324
lineage,legacy,M0,302,3,0,0,0.0,3,0,0,0,0.0,0.005143854741939028,0.9924190173681721,0.0024371278898889324
lineage,legacy,M0,303,3,0,0,0.0,3,0,0,0,0.0,0.005143854741939028,0.9924190173681721,0.0024371278898889324
lineage,legacy,M0,304,3,0,0,0.0,3,0,0,0,0.0,0.005143854741939028,0.9924190173681721,0.0024371278898889324
lineage,legacy,M0,305,3,0,0,0.0,3,0,0,1,0.0,0.005143854741939028,0.9924190173681721,0.0024371278898889324
lineage,legacy,M0,306,2,0,0,0.0,2,0,0,0,0.0,0.005143854741939028,0.9924190173681721,0.0024371278898889324
lineage,legacy,M0,307,2,0,0,0.0,2,0,0,0,0.0,0.005143854741939028,0.9924190173681721,0.0024371278898889324
lineage,legacy,M0,308,2,0,0,0.0,2,0,0,0,0.0,0.005143854741939028,0.9924190173681721,0.0024371278898889324
lineage,legacy,M0,309,2,0,0,0.0,2,0,0,0,0.0,0.005143854741939028,0.9924190173681721,0.0024371278898889324
lineage,legacy,M0,310,2,0,0,0.0,2,0,0,0,0.0,0.005143854741939028,0.9924190173681721,0.0024371278898889324
lineage,legacy,M0,311,2,0,0,0.0,2,0,0,0,0.0,0.005143854741939028,0.9924190173681721,0.0024371278898889324
lineage,legacy,M0,312,2,0,0,0.0,2,0,0,0,0.0,0.005143854741939028,0.9924190173681721,0.0024371278898889324
lineage,legacy,M0,313,2,0,0,0.0,2,0,0,0,0.0,0.005143854741939028,0.9924190173681721,0.0024371278898889324
lineage,legacy,M0,314,2,0,0,0.0,2,0,0,0,0.0,0.005143854741939028,0.9924190173681721,0.0024371278898889324
lineage,legacy,M0,315,2,0,0,0.0,2,0,0,0,0.0,0.005143854741939028,0.9924190173681721,0.0024371278898889324
lineage,legacy,M0,316,2,0,0,0.0,2,0,0,0,0.0,0.005143854741939028,0.9924190173681721,0.0024371278898889324
lineage,legacy,M0,317,2,0,0,0.0,2,0,0,0,0.0,0.005143854741939028,0.9924190173681721,0.0024371278898889324
lineage,legacy,M0,318,2,0,0,0.0,2,0,0,0,0.0,0.005143854741939028,0.9924190173681721,0.0024371278898889324
lineage,legacy,M0,319,2,0,0,0.0,2,0,0,0,0.0,0.005143854741939028,0.9924190173681721,0.0024371278898889324
lineage,legacy,M0,320,2,0,0,0.0,2,0,0,0,0.0,0.005143854741939028,0.9924190173681721,0.0024371278898889324
lineage,legacy,M0,321,2,0,0,0.0,2,0,0,0,0.0,0.005143854741939028,0.9924190173681721,0.0024371278898889324
lineage,legacy,M0,322,2,0,0,0.0,2,0,0,0,0.0,0.005143854741939028,0.9924190173681721,0.0024371278898889324
lineage,legacy,M0,323,2,0,0,0.0,2,0,0,0,0.0,0.005143854741939028,0.9924190173681721,0.0024371278898889324
lineage,legacy,M0,324,2,0,0,0.0,2,0,0,0,0.0,0.005143854741939028,0.9924190173681721,0.0024371278898889324
lineage,legacy,M0,325,2,0,0,0.0,2,0,0,0,0.0,0.005143854741939028,0.9924190173681721,0.0024371278898889324
lineage,legacy,M0,326,2,0,0,0.0,2,0,0,0,0.0,0.005143854741939028,0.9924190173681721,0.0024371278898889324
lineage,legacy,M0,327,2,0,0,0.0,2,0,0,0,0.0,0.005143854741939028,0.9924190173681721,0.0024371278898889324
lineage,legacy,M0,328,2,0,0,0.0,2,0,0,0,0.0,0.005143854741939028,0.9924190173681721,0.0024371278898889324
lineage,legacy,M0,329,2,0,0,0.0,2,0,0,0,0.0,0.005143854741939028,0.9924190173681721,0.0024371278898889324
lineage,legacy,M0,330,2,0,0,0.0,2,0,0,0,0.0,0.005143854741939028,0.9924190173681721,0.0024371278898889324
lineage,legacy,M0,331,2,0,0,0.0,2,0,0,0,0.0,0.005143854741939028,0.9924190173681721,0.0024371278898889324
lineage,legacy,M0,332,2,0,0,0.0,2,0,0,0,0.0,0.005143854741939028,0.9924190173681721,0.0024371278898889324
lineage,legacy,M0,333,2,0,0,0.0,2,0,0,0,0.0,0.005143854741939028,0.9924190173681721,0.0024371278898889324
lineage,legacy,M0,334,2,0,0,0.0,2,0,0,0,0.0,0.005143854741939028,0.9924190173681721,0.0024371278898889324
lineage,legacy,M0,335,2,0,0,0.0,2,0,0,0,0.0,0.005143854741939028,0.9924190173681721,0.0024371278898889324
lineage,legacy,M0,336,2,0,0,0.0,2,0,0,0,0.0,0.005143854741939028,0.9924190173681721,0.0024371278898889324
lineage,legacy,M0,337,2,0,0,0.0,2,0,0,0,0.0,0.005143854741939028,0.9924190173681721,0.0024371278898889324
lineage,legacy,M0,338,2,0,0,0.0,2,0,0,0,0.0,0.005143854741939028,0.9924190173681721,0.0024371278898889324
lineage,legacy,M0,339,2,0,0,0.0,2,0,0,0,0.0,0.005143854741939028,0.9924190173681721,0.0024371278898889324
lineage,legacy,M0,340,2,0,0,0.0,2,0,0,0,0.0,0.005143854741939028,0.9924190173681721,0.0024371278898889324
lineage,legacy,M0,341,2,0,0,0.0,2,0,0,0,0.0,0.005143854741939028,0.9924190173681721,0.0024371278898889324
lineage,legacy,M0,342,2,0,0,0.0,2,0,0,0,0.0,0.005143854741939028,0.9924190173681721,0.0024371278898889324
lineage,legacy,M0,343,2,0,0,0.0,2,0,0,0,0.0,0.005143854741939028,0.9924190173681721,0.0024371278898889324
lineage,legacy,M0,344,2,0,0,0.0,2,0,0,0,0.0,0.005143854741939028,0.9924190173681721,0.0024371278898889324
lineage,legacy,M0,345,2,0,0,0.0,2,0,0,0,0.0,0.005143854741939028,0.9924190173681721,0.0024371278898889324
lineage,legacy,M0,346,2,0,0,0.0,2,0,0,0,0.0,0.005143854741939028,0.9924190173681721,0.0024371278898889324
lineage,legacy,M0,347,2,0,0,0.0,2,0,0,0,0.0,0.005143854741939028,0.9924190173681721,0.0024371278898889324
lineage,legacy,M0,348,2,0,0,0.0,2,0,0,0,0.0,0.005143854741939028,0.9924190173681721,0.0024371278898889324
lineage,legacy,M0,349,2,0,0,0.0,2,0,0,0,0.0,0.005143854741939028,0.9924190173681721,0.0024371278898889324
lineage,legacy,M0,350,2,0,0,0.0,2,0,0,0,0.0,0.005143854741939028,0.9924190173681721,0.0024371278898889324
lineage,legacy,M0,351,2,0,0,0.0,2,0,0,0,0.0,0.005143854741939028,0.9924190173681721,0.0024371278898889324
lineage,legacy,M0,352,2,0,0,0.0,2,0,0,0,0.0,0.005143854741939028,0.9924190173681721,0.0024371278898889324
lineage,legacy,M0,353,2,0,0,0.0,2,0,0,0,0.0,0.005143854741939028,0.9924190173681721,0.0024371278898889324
lineage,legacy,M0,354,2,0,0,0.0,2,0,0,0,0.0,0.005143854741939028,0.9924190173681721,0.0024371278898889324
lineage,legacy,M0,355,2,0,0,0.0,2,0,0,0,0.0,0.005143854741939028,0.9924190173681721,0.0024371278898889324
lineage,legacy,M0,356,2,0,0,0.0,2,0,0,0,0.0,0.005143854741939028,0.9924190173681721,0.0024371278898889324
lineage,legacy,M0,357,2,0,0,0.0,2,0,0,0,0.0,0.005143854741939028,0.9924190173681721,0.0024371278898889324
lineage,legacy,M0,358,2,0,0,0.0,2,0,0,0,0.0,0.005143854741939028,0.9924190173681721,0.0024371278898889324
lineage,legacy,M0,359,2,0,0,0.0,2,0,0,0,0.0,0.005143854741939028,0.9924190173681721,0.0024371278898889324
lineage,legacy,M0,360,2,0,0,0.0,2,0,0,0,0.0,0.005143854741939028,0.9924190173681721,0.0024371278898889324
lineage,legacy,M0,361,2,0,0,0.0,2,0,0,0,0.0,0.005143854741939028,0.9924190173681721,0.0024371278898889324
lineage,legacy,M0,362,2,0,0,0.0,2,0,0,0,0.0,0.005143854741939028,0.9924190173681721,0.0024371278898889324
lineage,legacy,M0,363,2,0,0,0.0,2,0,0,0,0.0,0.005143854741939028,0.9924190173681721,0.0024371278898889324
lineage,legacy,M0,364,2,0,0,0.0,2,0,0,0,0.0,0.005143854741939028,0.9924190173681721,0.0024371278898889324
lineage,legacy,M0,365,2,0,0,0.0,2,0,0,0,0.0,0.005143854741939028,0.9924190173681721,0.0024371278898889324
lineage,legacy,M0,366,2,0,0,0.0,2,0,0,0,0.0,0.005143854741939028,0.9924190173681721,0.0024371278898889324
lineage,legacy,M0,367,2,0,0,0.0,2,0,0,0,0.0,0.005143854741939028,0.9924190173681721,0.0024371278898889324
lineage,legacy,M0,368,2,0,0,0.0,2,0,0,0,0.0,0.005143854741939028,0.9924190173681721,0.0024371278898889324
lineage,legacy,M0,369,2,0,0,0.0,2,0,0,0,0.0,0.005143854741939028,0.9924190173681721,0.0024371278898889324
lineage,legacy,M0,370,2,0,0,0.0,2,0,0,0,0.0,0.005143854741939028,0.9924190173681721,0.0024371278898889324
lineage,legacy,M0,371,2,0,0,0.0,2,0,0,0,0.0,0.005143854741939028,0.9924190173681721,0.0024371278898889324
lineage,legacy,M0,372,2,0,0,0.0,2,0,0,0,0.0,0.005143854741939028,0.9924190173681721,0.0024371278898889324
lineage,legacy,M0,373,2,0,0,0.0,2,0,0,0,0.0,0.005143854741939028,0.9924190173681721,0.0024371278898889324
lineage,legacy,M0,374,2,0,0,0.0,2,0,0,0,0.0,0.005143854741939028,0.9924190173681721,0.0024371278898889324
lineage,legacy,M0,375,2,0,0,0.0,2,0,0,0,0.0,0.005143854741939028,0.9924190173681721,0.0024371278898889324
lineage,legacy,M0,376,2,0,0,0.0,2,0,0,0,0.0,0.005143854741939028,0.9924190173681721,0.0024371278898889324
lineage,legacy,M0,377,2,0,0,0.0,2,0,0,0,0.0,0.005143854741939028,0.9924190173681721,0.0024371278898889324
lineage,legacy,M0,378,2,0,0,0.0,2,0,0,0,0.0,0.005143854741939028,0.9924190173681721,0.0024371278898889324
lineage,legacy,M0,379,2,0,0,0.0,2,0,0,0,0.0,0.005143854741939028,0.9924190173681721,0.0024371278898889324
lineage,legacy,M0,380,2,0,0,0.0,2,0,0,0,0.0,0.005143854741939028,0.9924190173681721,0.0024371278898889324
lineage,legacy,M0,381,2,0,0,0.0,2,0,0,0,0.0,0.005143854741939028,0.9924190173681721,0.0024371278898889324
lineage,legacy,M0,382,2,0,0,0.0,2,0,0,0,0.0,0.005143854741939028,0.9924190173681721,0.0024371278898889324
lineage,legacy,M0,383,2,0,0,0.0,2,0,0,0,0.0,0.005143854741939028,0.9924190173681721,0.0024371278898889324
lineage,legacy,M0,384,2,0,0,0.0,2,0,0,0,0.0,0.005143854741939028,0.9924190173681721,0.0024371278898889324
lineage,legacy,M0,385,2,0,0,0.0,2,0,0,0,0.0,0.005143854741939028,0.9924190173681721,0.0024371278898889324
lineage,legacy,M0,386,2,0,0,0.0,2,0,0,0,0.0,0.005143854741939028,0.9924190173681721,0.0024371278898889324
lineage,legacy,M0,387,2,0,0,0.0,2,0,0,0,0.0,0.005143854741939028,0.9924190173681721,0.0024371278898889324
lineage,legacy,M0,388,2,0,0,0.0,2,0,0,0,0.0,0.005143854741939028,0.9924190173681721,0.0024371278898889324
lineage,legacy,M0,389,2,0,0,0.0,2,0,0,0,0.0,0.005143854741939028,0.9924190173681721,0.0024371278898889324
lineage,legacy,M0,390,2,0,0,0.0,2,0,0,0,0.0,0.005143854741939028,0.9924190173681721,0.0024371278898889324
lineage,legacy,M0,391,2,0,0,0.0,2,0,0,0,0.0,0.005143854741939028,0.9924190173681721,0.0024371278898889324
lineage,legacy,M0,392,2,0,0,0.0,2,0,0,0,0.0,0.005143854741939028,0.9924190173681721,0.0024371278898889324
lineage,legacy,M0,393,2,0,0,0.0,2,0,0,0,0.0,0.005143854741939028,0.9924190173681721,0.0024371278898889324
lineage,legacy,M0,394,2,0,0,0.0,2,0,0,0,0.0,0.005143854741939028,0.9924190173681721,0.0024371278898889324
lineage,legacy,M0,395,2,0,0,0.0,2,0,0,0,0.0,0.005143854741939028,0.9924190173681721,0.0024371278898889324
lineage,legacy,M0,396,2,0,0,0.0,2,0,0,0,0.0,0.005143854741939028,0.9924190173681721,0.0024371278898889324
lineage,legacy,M0,397,2,0,0,0.0,2,0,0,0,0.0,0.005143854741939028,0.9924190173681721,0.0024371278898889324
lineage,legacy,M0,398,2,0,0,0.0,2,0,0,0,0.0,0.005143854741939028,0.9924190173681721,0.0024371278898889324
lineage,legacy,M0,399,2,0,0,0.0,2,0,0,0,0.0,0.005143854741939028,0.9924190173681721,0.0024371278898889324
lineage,legacy,M0,400,2,0,0,0.0,2,0,0,0,0.0,0.005143854741939028,0.9924190173681721,0.0024371278898889324
lineage,legacy,M0,401,2,0,0,0.0,2,0,0,0,0.0,0.005143854741939028,0.9924190173681721,0.0024371278898889324
lineage,legacy,M0,402,2,0,0,0.0,2,0,0,0,0.0,0.005143854741939028,0.9924190173681721,0.0024371278898889324
lineage,legacy,M0,403,2,0,0,0.0,2,0,0,0,0.0,0.005143854741939028,0.9924190173681721,0.0024371278898889324
lineage,legacy,M0,404,2,0,0,0.0,2,0,0,0,0.0,0.005143854741939028,0.9924190173681721,0.0024371278898889324
lineage,legacy,M0,405,2,0,0,0.0,2,0,0,0,0.0,0.005143854741939028,0.9924190173681721,0.0024371278898889324
lineage,legacy,M0,406,2,0,0,0.0,2,0,0,0,0.0,0.005143854741939028,0.9924190173681721,0.0024371278898889324
lineage,legacy,M0,407,2,0,0,0.0,2,0,0,0,0.0,0.005143854741939028,0.9924190173681721,0.0024371278898889324
lineage,legacy,M0,408,2,0,0,0.0,2,0,0,0,0.0,0.005143854741939028,0.9924190173681721,0.0024371278898889324
lineage,legacy,M0,409,2,0,0,0.0,2,0,0,0,0.0,0.005143854741939028,0.9924190173681721,0.0024371278898889324
lineage,legacy,M0,410,2,0,0,0.0,2,0,0,0,0.0,0.005143854741939028,0.9924190173681721,0.0024371278898889324
lineage,legacy,M0,411,2,0,0,0.0,2,0,0,0,0.0,0.005143854741939028,0.9924190173681721,0.0024371278898889324
lineage,legacy,M0,412,2,0,0,0.0,2,0,0,0,0.0,0.005143854741939028,0.9924190173681721,0.0024371278898889324
lineage,legacy,M0,413,2,0,0,0.0,2,0,0,0,0.0,0.005143854741939028,0.9924190173681721,0.0024371278898889324
lineage,legacy,M0,414,2,0,0,0.0,2,0,0,0,0.0,0.005143854741939028,0.9924190173681721,0.0024371278898889324
lineage,legacy,M0,415,2,0,0,0.0,2,0,0,0,0.0,0.005143854741939028,0.9924190173681721,0.0024371278898889324
lineage,legacy,M0,416,2,0,0,0.0,2,0,0,0,0.0,0.005143854741939028,0.9924190173681721,0.0024371278898889324
lineage,legacy,M0,417,2,0,0,0.0,2,0,0,1,0.0,0.005143854741939028,0.9924190173681721,0.0024371278898889324
lineage,legacy,M0,418,1,0,0,0.0,1,0,0,0,0.0,0.005143854741939028,0.9924190173681721,0.0024371278898889324
lineage,legacy,M0,419,1,0,0,0.0,1,0,0,0,0.0,0.005143854741939028,0.9924190173681721,0.0024371278898889324
lineage,legacy,M0,420,1,0,0,0.0,1,0,0,0,0.0,0.005143854741939028,0.9924190173681721,0.0024371278898889324
lineage,legacy,M0,421,1,0,0,0.0,1,0,0,0,0.0,0.005143854741939028,0.9924190173681721,0.0024371278898889324
lineage,legacy,M0,422,1,0,0,0.0,1,0,0,0,0.0,0.005143854741939028,0.9924190173681721,0.0024371278898889324
lineage,legacy,M0,423,1,0,0,0.0,1,0,0,0,0.0,0.005143854741939028,0.9924190173681721,0.0024371278898889324
lineage,legacy,M0,424,1,0,0,0.0,1,0,0,0,0.0,0.005143854741939028,0.9924190173681721,0.0024371278898889324
lineage,legacy,M0,425,1,0,0,0.0,1,0,0,0,0.0,0.005143854741939028,0.9924190173681721,0.0024371278898889324
lineage,legacy,M0,426,1,0,0,0.0,1,0,0,0,0.0,0.005143854741939028,0.9924190173681721,0.0024371278898889324
lineage,legacy,M0,427,1,0,0,0.0,1,0,0,0,0.0,0.005143854741939028,0.9924190173681721,0.0024371278898889324
lineage,legacy,M0,428,1,0,0,0.0,1,0,0,0,0.0,0.005143854741939028,0.9924190173681721,0.0024371278898889324
lineage,legacy,M0,429,1,0,0,0.0,1,0,0,0,0.0,0.005143854741939028,0.9924190173681721,0.0024371278898889324
lineage,legacy,M0,430,1,0,0,0.0,1,0,0,0,0.0,0.005143854741939028,0.9924190173681721,0.0024371278898889324
lineage,legacy,M0,431,1,0,0,0.0,1,0,0,0,0.0,0.005143854741939028,0.9924190173681721,0.0024371278898889324
lineage,legacy,M0,432,1,0,0,0.0,1,0,0,0,0.0,0.005143854741939028,0.9924190173681721,0.0024371278898889324
lineage,legacy,M0,433,1,0,0,0.0,1,0,0,0,0.0,0.005143854741939028,0.9924190173681721,0.0024371278898889324
lineage,legacy,M0,434,1,0,0,0.0,1,0,0,0,0.0,0.005143854741939028,0.9924190173681721,0.0024371278898889324
lineage,legacy,M0,435,1,0,0,0.0,1,0,0,0,0.0,0.005143854741939028,0.9924190173681721,0.0024371278898889324
lineage,legacy,M0,436,1,0,0,0.0,1,0,0,0,0.0,0.005143854741939028,0.9924190173681721,0.0024371278898889324
lineage,legacy,M0,437,1,0,0,0.0,1,0,0,0,0.0,0.005143854741939028,0.9924190173681721,0.0024371278898889324
lineage,legacy,M0,438,1,0,0,0.0,1,0,0,0,0.0,0.005143854741939028,0.9924190173681721,0.0024371278898889324
lineage,legacy,M0,439,1,0,0,0.0,1,0,0,0,0.0,0.005143854741939028,0.9924190173681721,0.0024371278898889324
lineage,legacy,M0,440,1,0,0,0.0,1,0,0,0,0.0,0.005143854741939028,0.9924190173681721,0.0024371278898889324
lineage,legacy,M0,441,1,0,0,0.0,1,0,0,0,0.0,0.005143854741939028,0.9924190173681721,0.0024371278898889324
lineage,legacy,M0,442,1,0,0,0.0,1,0,0,0,0.0,0.005143854741939028,0.9924190173681721,0.0024371278898889324
lineage,legacy,M0,443,1,0,0,0.0,1,0,0,0,0.0,0.005143854741939028,0.9924190173681721,0.0024371278898889324
lineage,legacy,M0,444,1,0,0,0.0,1,0,0,0,0.0,0.005143854741939028,0.9924190173681721,0.0024371278898889324
lineage,legacy,M0,445,1,0,0,0.0,1,0,0,0,0.0,0.005143854741939028,0.9924190173681721,0.0024371278898889324
lineage,legacy,M0,446,1,0,0,0.0,1,0,0,0,0.0,0.005143854741939028,0.9924190173681721,0.0024371278898889324
lineage,legacy,M0,447,1,0,0,0.0,1,0,0,0,0.0,0.005143854741939028,0.9924190173681721,0.0024371278898889324
lineage,legacy,M0,448,1,0,0,0.0,1,0,0,0,0.0,0.005143854741939028,0.9924190173681721,0.0024371278898889324
lineage,legacy,M0,449,1,0,0,0.0,1,0,0,0,0.0,0.005143854741939028,0.9924190173681721,0.0024371278898889324
lineage,legacy,M0,450,1,0,0,0.0,1,0,0,0,0.0,0.005143854741939028,0.9924190173681721,0.0024371278898889324
lineage,legacy,M0,451,1,0,0,0.0,1,0,0,0,0.0,0.005143854741939028,0.9924190173681721,0.0024371278898889324
lineage,legacy,M0,452,1,0,0,0.0,1,0,0,0,0.0,0.005143854741939028,0.9924190173681721,0.0024371278898889324
lineage,legacy,M0,453,1,0,0,0.0,1,0,0,0,0.0,0.005143854741939028,0.9924190173681721,0.0024371278898889324
lineage,legacy,M0,454,1,0,0,0.0,1,0,0,0,0.0,0.005143854741939028,0.9924190173681721,0.0024371278898889324
lineage,legacy,M0,455,1,0,0,0.0,1,0,0,0,0.0,0.005143854741939028,0.9924190173681721,0.0024371278898889324
lineage,legacy,M0,456,1,0,0,0.0,1,0,0,0,0.0,0.005143854741939028,0.9924190173681721,0.0024371278898889324
lineage,legacy,M0,457,1,0,0,0.0,1,0,0,0,0.0,0.005143854741939028,0.9924190173681721,0.0024371278898889324
lineage,legacy,M0,458,1,0,0,0.0,1,0,0,0,0.0,0.005143854741939028,0.9924190173681721,0.0024371278898889324
lineage,legacy,M0,459,1,0,0,0.0,1,0,0,0,0.0,0.005143854741939028,0.9924190173681721,0.0024371278898889324
lineage,legacy,M0,460,1,0,0,0.0,1,0,0,0,0.0,0.005143854741939028,0.9924190173681721,0.0024371278898889324
lineage,legacy,M0,461,1,0,0,0.0,1,0,0,0,0.0,0.005143854741939028,0.9924190173681721,0.0024371278898889324
lineage,legacy,M0,462,1,0,0,0.0,1,0,0,0,0.0,0.005143854741939028,0.9924190173681721,0.0024371278898889324
lineage,legacy,M0,463,1,0,0,0.0,1,0,0,0,0.0,0.005143854741939028,0.9924190173681721,0.0024371278898889324
lineage,legacy,M0,464,1,0,0,0.0,1,0,0,0,0.0,0.005143854741939028,0.9924190173681721,0.0024371278898889324
lineage,legacy,M0,465,1,0,0,0.0,1,0,0,0,0.0,0.005143854741939028,0.9924190173681721,0.0024371278898889324
lineage,legacy,M0,466,1,0,0,0.0,1,0,0,0,0.0,0.005143854741939028,0.9924190173681721,0.0024371278898889324
lineage,legacy,M0,467,1,0,0,0.0,1,0,0,0,0.0,0.005143854741939028,0.9924190173681721,0.0024371278898889324
lineage,legacy,M0,468,1,0,0,0.0,1,0,0,0,0.0,0.005143854741939028,0.9924190173681721,0.0024371278898889324
lineage,legacy,M0,469,1,0,0,0.0,1,0,0,0,0.0,0.005143854741939028,0.9924190173681721,0.0024371278898889324
lineage,legacy,M0,470,1,0,0,0.0,1,0,0,0,0.0,0.005143854741939028,0.9924190173681721,0.0024371278898889324
lineage,legacy,M0,471,1,0,0,0.0,1,0,0,0,0.0,0.005143854741939028,0.9924190173681721,0.0024371278898889324
lineage,legacy,M0,472,1,0,0,0.0,1,0,0,0,0.0,0.005143854741939028,0.9924190173681721,0.0024371278898889324
lineage,legacy,M0,473,1,0,0,0.0,1,0,0,0,0.0,0.005143854741939028,0.9924190173681721,0.0024371278898889324
lineage,legacy,M0,474,1,0,0,0.0,1,0,0,0,0.0,0.005143854741939028,0.9924190173681721,0.0024371278898889324
lineage,legacy,M0,475,1,0,0,0.0,1,0,0,0,0.0,0.005143854741939028,0.9924190173681721,0.0024371278898889324
lineage,legacy,M0,476,1,0,0,0.0,1,0,0,0,0.0,0.005143854741939028,0.9924190173681721,0.0024371278898889324
lineage,legacy,M0,477,1,0,0,0.0,1,0,0,0,0.0,0.005143854741939028,0.9924190173681721,0.0024371278898889324
lineage,legacy,M0,478,1,0,0,0.0,1,0,0,0,0.0,0.005143854741939028,0.9924190173681721,0.0024371278898889324
lineage,legacy,M0,479,1,0,0,0.0,1,0,0,0,0.0,0.005143854741939028,0.9924190173681721,0.0024371278898889324
lineage,legacy,M0,480,1,0,0,0.0,1,0,0,0,0.0,0.005143854741939028,0.9924190173681721,0.0024371278898889324
lineage,legacy,M0,481,1,0,0,0.0,1,0,0,0,0.0,0.005143854741939028,0.9924190173681721,0.0024371278898889324
lineage,legacy,M0,482,1,0,0,0.0,1,0,0,0,0.0,0.005143854741939028,0.9924190173681721,0.0024371278898889324
lineage,legacy,M0,483,1,0,0,0.0,1,0,0,1,0.0,0.005143854741939028,0.9924190173681721,0.0024371278898889324
lineage,legacy,M0,484,0,0,0,0.0,0,0,0,0,0.0,0.005143854741939028,0.9924190173681721,0.0024371278898889324
lineage,legacy,M0,485,0,0,0,0.0,0,0,0,0,0.0,0.005143854741939028,0.9924190173681721,0.0024371278898889324
lineage,legacy,M0,486,0,0,0,0.0,0,0,0,0,0.0,0.005143854741939028,0.9924190173681721,0.0024371278898889324
lineage,legacy,M0,487,0,0,0,0.0,0,0,0,0,0.0,0.005143854741939028,0.9924190173681721,0.0024371278898889324
lineage,legacy,M0,488,0,0,0,0.0,0,0,0,0,0.0,0.005143854741939028,0.9924190173681721,0.0024371278898889324
lineage,legacy,M0,489,0,0,0,0.0,0,0,0,0,0.0,0.005143854741939028,0.9924190173681721,0.0024371278898889324
lineage,legacy,M0,490,0,0,0,0.0,0,0,0,0,0.0,0.005143854741939028,0.9924190173681721,0.0024371278898889324
lineage,legacy,M0,491,0,0,0,0.0,0,0,0,0,0.0,0.005143854741939028,0.9924190173681721,0.0024371278898889324
lineage,legacy,M0,492,0,0,0,0.0,0,0,0,0,0.0,0.005143854741939028,0.9924190173681721,0.0024371278898889324
lineage,legacy,M0,493,0,0,0,0.0,0,0,0,0,0.0,0.005143854741939028,0.9924190173681721,0.0024371278898889324
lineage,legacy,M0,494,0,0,0,0.0,0,0,0,0,0.0,0.005143854741939028,0.9924190173681721,0.0024371278898889324
lineage,legacy,M0,495,0,0,0,0.0,0,0,0,0,0.0,0.005143854741939028,0.9924190173681721,0.0024371278898889324
lineage,legacy,M1,1,8848,1357,7,0.15336799276672694,7484,88,193,156,0.011758417958311064,0.00995505299793266,0.17520123400082926,0.814843713001238
lineage,legacy,M1,2,7047,744,2,0.10557684120902512,6301,84,275,149,0.013331217267100461,0.01967104527964935,0.2930381673636773,0.6872907873566733
lineage,legacy,M1,3,5793,451,4,0.07785258070084584,5338,57,241,154,0.010678156612963657,0.0264386839597796,0.37515958011291395,0.5984017359273064
lineage,legacy,M1,4,4886,289,2,0.05914858780188293,4595,68,225,140,0.014798694232861806,0.0347704541545593,0.4381225549933481,0.5271069908520926
lineage,legacy,M1,5,4162,239,1,0.057424315233061025,3922,59,222,127,0.015043345232024477,0.0422445632157585,0.49651423183803334,0.4612412049462082
lineage,legacy,M1,6,3514,137,2,0.03898690950483779,3375,40,210,112,0.011851851851851851,0.047498001270028935,0.5420771507400932,0.41042484798987783
lineage,legacy,M1,7,3013,130,0,0.043146365748423496,2883,31,153,101,0.010752688172043012,0.051720759413967275,0.580626846054111,0.3676523945319218
lineage,legacy,M1,8,2598,93,2,0.03579676674364896,2503,27,164,72,0.010787055533359968,0.055544680286159526,0.6170143916950078,0.3274409280188327
lineage,legacy,M1,9,2240,63,1,0.028125,2176,11,145,55,0.00505514705882353,0.05715338808537889,0.6474293615125201,0.2954172504021012
lineage,legacy,M1,10,1965,48,0,0.024427480916030534,1917,23,115,46,0.011997913406364111,0.06061119814097601,0.6719347110369691,0.26745409082205496
lineage,legacy,M1,11,1733,40,0,0.02308136180034622,1693,15,95,34,0.008860011813349085,0.06292614987919344,0.692769276680926,0.24430457343988055
lineage,legacy,M1,12,1549,25,0,0.016139444803098774,1524,9,71,38,0.005905511811023622,0.06434560834333736,0.7079101669651278,0.22774422469153482
lineage,legacy,M1,13,1406,30,0,0.021337126600284494,1376,5,83,33,0.003633720930232558,0.06515550956912518,0.7262139346679325,0.2086305557629423
lineage,legacy,M1,14,1255,32,0,0.02549800796812749,1223,4,48,21,0.003270645952575634,0.06582046751577997,0.7395130936010283,0.19466643888319154
lineage,legacy,M1,15,1150,20,0,0.017391304347826087,1130,4,60,28,0.0035398230088495575,0.06649756817276498,0.7530551067407286,0.18044732508650624
lineage,legacy,M1,16,1038,15,0,0.014450867052023121,1023,0,53,15,0.0,0.06649756817276498,0.7648763187887849,0.16862611303844996
lineage,legacy,M1,17,955,13,0,0.013612565445026177,942,1,49,16,0.0010615711252653928,0.06667414001887853,0.7758237732478257,0.15750208673329566
lineage,legacy,M1,18,876,10,0,0.01141552511415525,866,1,38,8,0.0011547344110854503,0.06685393692154211,0.7844540245756775,0.1486920385027803
lineage,legacy,M1,19,819,9,0,0.01098901098901099,810,1,43,10,0.0012345679012345679,0.06703549008210716,0.7938947889250604,0.13906972099283235
lineage,legacy,M1,20,756,5,0,0.006613756613756613,751,1,37,11,0.0013315579227696406,0.06721944473950509,0.8016208845357733,0.1311596707247215
lineage,legacy,M1,21,702,4,0,0.005698005698005698,698,3,38,6,0.004297994269340974,0.06777995615285859,0.8094680443227225,0.12275199952441886
lineage,legacy,M1,22,651,8,0,0.01228878648233487,643,3,14,8,0.004665629860031105,0.06834563357002181,0.8136163453819194,0.11803802104805869
lineage,legacy,M1,23,618,4,0,0.006472491909385114,614,0,23,10,0.0,0.06834563357002181,0.8187733463014948,0.11288102012848329
lineage,legacy,M1,24,581,1,0,0.0017211703958691911,580,0,23,7,0.0,0.06834563357002181,0.8234362455839106,0.10821812084606747
lineage,legacy,M1,25,550,2,0,0.0036363636363636364,548,1,17,8,0.0018248175182481751,0.06854239378974193,0.827174689758593,0.10428291645166501
lineage,legacy,M1,26,522,4,0,0.007662835249042145,518,0,13,7,0.0,0.06854239378974193,0.8305708766928426,0.1008867295174154
lineage,legacy,M1,27,498,2,0,0.004016064257028112,496,2,11,5,0.004032258064516129,0.06894756137816528,0.8332044660175943,0.09784797260424022
lineage,legacy,M1,28,478,2,0,0.0041841004184100415,476,0,10,7,0.0,0.06894756137816528,0.8356609004762782,0.09539153814555636
lineage,legacy,M1,29,459,1,0,0.002178649237472767,458,1,8,3,0.002183406113537118,0.06915538608000746,0.8375313227928578,0.09331329112713464
lineage,legacy,M1,30,446,2,0,0.004484304932735426,444,0,6,1,0.0,0.06915538608000746,0.8392051037996225,0.0916395101203699
lineage,legacy,M1,31,437,2,0,0.004576659038901602,435,0,6,4,0.0,0.06915538608000746,0.8408827149688741,0.08996189895111828
lineage,legacy,M1,32,425,1,0,0.002352941176470588,424,1,8,0,0.0023584905660377358,0.06936706113636303,0.8427877904760742,0.08784514838756256
lineage,legacy,M1,33,415,1,0,0.0024096385542168677,414,0,6,0,0.0,0.06936706113636303,0.8442695158705632,0.08636342299307356
lineage,legacy,M1,34,408,0,0,0.0,408,0,5,2,0.0,0.06936706113636303,0.8453278911523411,0.0853050477112957
lineage,legacy,M1,35,401,3,0,0.007481296758104738,398,0,7,2,0.0,0.06936706113636303,0.847455199075316,0.08317773978832074
lineage,legacy,M1,36,389,0,0,0.0,389,0,2,2,0.0,0.06936706113636303,0.8478828481230708,0.08275009074056587
lineage,legacy,M1,37,385,0,0,0.0,385,0,5,0,0.0,0.06936706113636303,0.848957524626195,0.08167541423744164
lineage,legacy,M1,38,380,0,0,0.0,380,0,1,2,0.0,0.06936706113636303,0.8491724599268199,0.0814604789368168
lineage,legacy,M1,39,377,1,0,0.002652519893899204,376,1,5,2,0.0026595744680851063,0.06958313667730949,0.8504689131724987,0.07994795015019154
lineage,legacy,M1,40,368,0,0,0.0,368,0,0,1,0.0,0.06958313667730949,0.8504689131724987,0.07994795015019154
lineage,legacy,M1,41,367,0,0,0.0,367,0,2,3,0.0,0.06958313667730949,0.8509045968245433,0.07951226649814691
lineage,legacy,M1,42,362,0,0,0.0,362,0,4,1,0.0,0.06958313667730949,0.8517831854046334,0.0786336779180569
lineage,legacy,M1,43,357,0,0,0.0,357,1,4,0,0.0028011204481792717,0.06980339908044131,0.8526642350171606,0.07753236590239784
lineage,legacy,M1,44,352,1,0,0.002840909090909091,351,0,3,1,0.0,0.06980339908044131,0.8535452846296878,0.07665131628987061
lineage,legacy,M1,45,347,0,0,0.0,347,0,1,2,0.0,0.06980339908044131,0.8537661817947884,0.07643041912477011
lineage,legacy,M1,46,344,0,0,0.0,344,0,1,0,0.0,0.06980339908044131,0.8539883632457325,0.07620823767382601
lineage,legacy,M1,47,343,0,0,0.0,343,0,1,2,0.0,0.06980339908044131,0.8542105446966766,0.0759860562228819
lineage,legacy,M1,48,340,0,0,0.0,340,0,2,1,0.0,0.06980339908044131,0.8546575214979877,0.07553907942157083
lineage,legacy,M1,49,337,0,0,0.0,337,0,2,1,0.0,0.06980339908044131,0.8551058246399554,0.07509077627960305
lineage,legacy,M1,50,334,0,0,0.0,334,0,1,3,0.0,0.06980339908044131,0.8553306473234273,0.07486595359613119
lineage,legacy,M1,51,330,0,0,0.0,330,0,1,1,0.0,0.06980339908044131,0.8555575138494762,0.07463908707008231
lineage,legacy,M1,52,328,0,0,0.0,328,0,1,1,0.0,0.06980339908044131,0.855785072041763,0.07441152887779547
lineage,legacy,M1,53,326,0,0,0.0,326,0,1,1,0.0,0.06980339908044131,0.8560133282653145,0.07418327265424395
lineage,legacy,M1,54,324,0,0,0.0,324,0,0,1,0.0,0.06980339908044131,0.8560133282653145,0.07418327265424395
lineage,legacy,M1,55,323,0,0,0.0,323,0,0,1,0.0,0.06980339908044131,0.8560133282653145,0.07418327265424395
lineage,legacy,M1,56,322,0,0,0.0,322,0,0,2,0.0,0.06980339908044131,0.8560133282653145,0.07418327265424395
lineage,legacy,M1,57,320,0,0,0.0,320,0,1,0,0.0,0.06980339908044131,0.856245150992359,0.07395144992719943
lineage,legacy,M1,58,319,0,0,0.0,319,0,1,2,0.0,0.06980339908044131,0.8564769737194035,0.07371962720015492
lineage,legacy,M1,59,316,0,0,0.0,316,0,0,1,0.0,0.06980339908044131,0.8564769737194035,0.07371962720015492
lineage,legacy,M1,60,315,0,0,0.0,315,0,0,3,0.0,0.06980339908044131,0.8564769737194035,0.07371962720015492
lineage,legacy,M1,61,312,0,0,0.0,312,0,0,1,0.0,0.06980339908044131,0.8564769737194035,0.07371962720015492
lineage,legacy,M1,62,311,0,0,0.0,311,0,0,0,0.0,0.06980339908044131,0.8564769737194035,0.07371962720015492
lineage,legacy,M1,63,311,0,0,0.0,311,0,0,1,0.0,0.06980339908044131,0.8564769737194035,0.07371962720015492
lineage,legacy,M1,64,310,0,0,0.0,310,0,0,2,0.0,0.06980339908044131,0.8564769737194035,0.07371962720015492
lineage,legacy,M1,65,308,0,0,0.0,308,0,3,1,0.0,0.06980339908044131,0.8571950220362881,0.07300157888327029
lineage,legacy,M1,66,304,0,0,0.0,304,0,0,0,0.0,0.06980339908044131,0.8571950220362881,0.07300157888327029
lineage,legacy,M1,67,304,0,0,0.0,304,0,0,0,0.0,0.06980339908044131,0.8571950220362881,0.07300157888327029
lineage,legacy,M1,68,304,0,0,0.0,304,0,0,3,0.0,0.06980339908044131,0.8571950220362881,0.07300157888327029
lineage,legacy,M1,69,301,0,0,0.0,301,0,1,1,0.0,0.06980339908044131,0.857437552198691,0.0727590487208674
lineage,legacy,M1,70,299,0,0,0.0,299,0,0,1,0.0,0.06980339908044131,0.857437552198691,0.0727590487208674
lineage,legacy,M1,71,298,0,0,0.0,298,0,1,0,0.0,0.06980339908044131,0.8576817100803047,0.07251489083925375
lineage,legacy,M1,72,297,0,0,0.0,297,0,1,0,0.0,0.06980339908044131,0.8579258679619184,0.0722707329576401
lineage,legacy,M1,73,296,0,0,0.0,296,0,0,1,0.0,0.06980339908044131,0.8579258679619184,0.0722707329576401
lineage,legacy,M1,74,295,0,0,0.0,295,0,1,1,0.0,0.06980339908044131,0.858170853497368,0.07202574742219048
lineage,legacy,M1,75,293,0,0,0.0,293,0,0,5,0.0,0.06980339908044131,0.858170853497368,0.07202574742219048
lineage,legacy,M1,76,288,0,0,0.0,288,0,0,1,0.0,0.06980339908044131,0.858170853497368,0.07202574742219048
lineage,legacy,M1,77,287,0,0,0.0,287,0,0,0,0.0,0.06980339908044131,0.858170853497368,0.07202574742219048
lineage,legacy,M1,78,287,0,0,0.0,287,0,0,2,0.0,0.06980339908044131,0.858170853497368,0.07202574742219048
lineage,legacy,M1,79,285,0,0,0.0,285,0,1,2,0.0,0.06980339908044131,0.8584235754181476,0.07177302550141086
lineage,legacy,M1,80,282,0,0,0.0,282,0,0,1,0.0,0.06980339908044131,0.8584235754181476,0.07177302550141086
lineage,legacy,M1,81,281,0,0,0.0,281,0,0,1,0.0,0.06980339908044131,0.8584235754181476,0.07177302550141086
lineage,legacy,M1,82,280,0,0,0.0,280,0,0,1,0.0,0.06980339908044131,0.8584235754181476,0.07177302550141086
lineage,legacy,M1,83,279,0,0,0.0,279,0,0,1,0.0,0.06980339908044131,0.8584235754181476,0.07177302550141086
lineage,legacy,M1,84,278,0,0,0.0,278,0,1,1,0.0,0.06980339908044131,0.8586817517688721,0.07151484915068636
lineage,legacy,M1,85,276,0,0,0.0,276,0,1,2,0.0,0.06980339908044131,0.8589408635411572,0.07125573737840125
lineage,legacy,M1,86,273,0,0,0.0,273,0,0,3,0.0,0.06980339908044131,0.8589408635411572,0.07125573737840125
lineage,legacy,M1,87,270,0,0,0.0,270,0,0,5,0.0,0.06980339908044131,0.8589408635411572,0.07125573737840125
lineage,legacy,M1,88,265,0,0,0.0,265,0,0,1,0.0,0.06980339908044131,0.8589408635411572,0.07125573737840125
lineage,legacy,M1,89,264,0,0,0.0,264,0,0,1,0.0,0.06980339908044131,0.8589408635411572,0.07125573737840125
lineage,legacy,M1,90,263,0,0,0.0,263,0,0,4,0.0,0.06980339908044131,0.8589408635411572,0.07125573737840125
lineage,legacy,M1,91,259,0,0,0.0,259,0,0,1,0.0,0.06980339908044131,0.8589408635411572,0.07125573737840125
lineage,legacy,M1,92,258,0,0,0.0,258,0,0,0,0.0,0.06980339908044131,0.8589408635411572,0.07125573737840125
lineage,legacy,M1,93,258,0,0,0.0,258,0,0,2,0.0,0.06980339908044131,0.8589408635411572,0.07125573737840125
lineage,legacy,M1,94,256,0,0,0.0,256,0,0,2,0.0,0.06980339908044131,0.8589408635411572,0.07125573737840125
lineage,legacy,M1,95,254,0,0,0.0,254,0,0,0,0.0,0.06980339908044131,0.8589408635411572,0.07125573737840125
lineage,legacy,M1,96,254,0,0,0.0,254,0,0,2,0.0,0.06980339908044131,0.8589408635411572,0.07125573737840125
lineage,legacy,M1,97,252,0,0,0.0,252,0,0,2,0.0,0.06980339908044131,0.8589408635411572,0.07125573737840125
lineage,legacy,M1,98,250,0,0,0.0,250,0,0,1,0.0,0.06980339908044131,0.8589408635411572,0.07125573737840125
lineage,legacy,M1,99,249,0,0,0.0,249,0,0,2,0.0,0.06980339908044131,0.8589408635411572,0.07125573737840125
lineage,legacy,M1,100,247,0,0,0.0,247,0,0,2,0.0,0.06980339908044131,0.8589408635411572,0.07125573737840125
lineage,legacy,M1,101,245,0,0,0.0,245,0,0,2,0.0,0.06980339908044131,0.8589408635411572,0.07125573737840125
lineage,legacy,M1,102,243,0,0,0.0,243,0,0,1,0.0,0.06980339908044131,0.8589408635411572,0.07125573737840125
lineage,legacy,M1,103,242,0,0,0.0,242,0,0,1,0.0,0.06980339908044131,0.8589408635411572,0.07125573737840125
lineage,legacy,M1,104,241,0,0,0.0,241,0,0,2,0.0,0.06980339908044131,0.8589408635411572,0.07125573737840125
lineage,legacy,M1,105,239,0,0,0.0,239,0,0,0,0.0,0.06980339908044131,0.8589408635411572,0.07125573737840125
lineage,legacy,M1,106,239,0,0,0.0,239,0,0,1,0.0,0.06980339908044131,0.8589408635411572,0.07125573737840125
lineage,legacy,M1,107,238,0,0,0.0,238,0,1,0,0.0,0.06980339908044131,0.8592402573956883,0.07095634352387016
lineage,legacy,M1,108,237,0,0,0.0,237,0,0,2,0.0,0.06980339908044131,0.8592402573956883,0.07095634352387016
lineage,legacy,M1,109,235,0,0,0.0,235,0,0,0,0.0,0.06980339908044131,0.8592402573956883,0.07095634352387016
lineage,legacy,M1,110,235,0,0,0.0,235,0,0,0,0.0,0.06980339908044131,0.8592402573956883,0.07095634352387016
lineage,legacy,M1,111,235,0,0,0.0,235,0,0,2,0.0,0.06980339908044131,0.8592402573956883,0.07095634352387016
lineage,legacy,M1,112,233,0,0,0.0,233,0,1,2,0.0,0.06980339908044131,0.8595447910588809,0.07065180986067758
lineage,legacy,M1,113,230,0,0,0.0,230,0,0,1,0.0,0.06980339908044131,0.8595447910588809,0.07065180986067758
lineage,legacy,M1,114,229,0,0,0.0,229,0,0,1,0.0,0.06980339908044131,0.8595447910588809,0.07065180986067758
lineage,legacy,M1,115,228,0,0,0.0,228,0,0,1,0.0,0.06980339908044131,0.8595447910588809,0.07065180986067758
lineage,legacy,M1,116,227,0,0,0.0,227,0,0,2,0.0,0.06980339908044131,0.8595447910588809,0.07065180986067758
lineage,legacy,M1,117,225,0,0,0.0,225,0,0,4,0.0,0.06980339908044131,0.8595447910588809,0.07065180986067758
lineage,legacy,M1,118,221,0,0,0.0,221,0,0,1,0.0,0.06980339908044131,0.8595447910588809,0.07065180986067758
lineage,legacy,M1,119,220,0,0,0.0,220,0,0,4,0.0,0.06980339908044131,0.8595447910588809,0.07065180986067758
lineage,legacy,M1,120,216,0,0,0.0,216,0,0,2,0.0,0.06980339908044131,0.8595447910588809,0.07065180986067758
lineage,legacy,M1,121,214,0,0,0.0,214,0,0,1,0.0,0.06980339908044131,0.8595447910588809,0.07065180986067758
lineage,legacy,M1,122,213,0,0,0.0,213,0,0,2,0.0,0.06980339908044131,0.8595447910588809,0.07065180986067758
lineage,legacy,M1,123,211,0,0,0.0,211,0,0,2,0.0,0.06980339908044131,0.8595447910588809,0.07065180986067758
lineage,legacy,M1,124,209,0,0,0.0,209,0,0,1,0.0,0.06980339908044131,0.8595447910588809,0.07065180986067758
lineage,legacy,M1,125,208,0,0,0.0,208,0,0,1,0.0,0.06980339908044131,0.8595447910588809,0.07065180986067758
lineage,legacy,M1,126,207,0,0,0.0,207,0,0,1,0.0,0.06980339908044131,0.8595447910588809,0.07065180986067758
lineage,legacy,M1,127,206,0,0,0.0,206,0,0,1,0.0,0.06980339908044131,0.8595447910588809,0.07065180986067758
lineage,legacy,M1,128,205,0,0,0.0,205,0,0,2,0.0,0.06980339908044131,0.8595447910588809,0.07065180986067758
lineage,legacy,M1,129,203,0,0,0.0,203,0,0,3,0.0,0.06980339908044131,0.8595447910588809,0.07065180986067758
lineage,legacy,M1,130,200,0,0,0.0,200,0,0,4,0.0,0.06980339908044131,0.8595447910588809,0.07065180986067758
lineage,legacy,M1,131,196,0,0,0.0,196,0,0,0,0.0,0.06980339908044131,0.8595447910588809,0.07065180986067758
lineage,legacy,M1,132,196,0,0,0.0,196,0,0,4,0.0,0.06980339908044131,0.8595447910588809,0.07065180986067758
lineage,legacy,M1,133,192,0,0,0.0,192,0,0,2,0.0,0.06980339908044131,0.8595447910588809,0.07065180986067758
lineage,legacy,M1,134,190,0,0,0.0,190,0,1,1,0.0,0.06980339908044131,0.8599166426897266,0.07027995822983191
lineage,legacy,M1,135,188,0,0,0.0,188,0,0,1,0.0,0.06980339908044131,0.8599166426897266,0.07027995822983191
lineage,legacy,M1,136,187,0,0,0.0,187,0,0,1,0.0,0.06980339908044131,0.8599166426897266,0.07027995822983191
lineage,legacy,M1,137,186,0,0,0.0,186,0,0,2,0.0,0.06980339908044131,0.8599166426897266,0.07027995822983191
lineage,legacy,M1,138,184,0,0,0.0,184,0,0,2,0.0,0.06980339908044131,0.8599166426897266,0.07027995822983191
lineage,legacy,M1,139,182,0,0,0.0,182,0,0,1,0.0,0.06980339908044131,0.8599166426897266,0.07027995822983191
lineage,legacy,M1,140,181,0,0,0.0,181,0,0,2,0.0,0.06980339908044131,0.8599166426897266,0.07027995822983191
lineage,legacy,M1,141,179,0,0,0.0,179,0,0,4,0.0,0.06980339908044131,0.8599166426897266,0.07027995822983191
lineage,legacy,M1,142,175,0,0,0.0,175,0,0,1,0.0,0.06980339908044131,0.8599166426897266,0.07027995822983191
lineage,legacy,M1,143,174,0,0,0.0,174,0,0,3,0.0,0.06980339908044131,0.8599166426897266,0.07027995822983191
lineage,legacy,M1,144,171,0,0,0.0,171,0,0,1,0.0,0.06980339908044131,0.8599166426897266,0.07027995822983191
lineage,legacy,M1,145,170,0,0,0.0,170,0,0,1,0.0,0.06980339908044131,0.8599166426897266,0.07027995822983191
lineage,legacy,M1,146,169,0,0,0.0,169,0,0,0,0.0,0.06980339908044131,0.8599166426897266,0.07027995822983191
lineage,legacy,M1,147,169,0,0,0.0,169,0,0,0,0.0,0.06980339908044131,0.8599166426897266,0.07027995822983191
lineage,legacy,M1,148,169,0,0,0.0,169,0,0,1,0.0,0.06980339908044131,0.8599166426897266,0.07027995822983191
lineage,legacy,M1,149,168,0,0,0.0,168,0,1,0,0.0,0.06980339908044131,0.860334975774428,0.06986162514513053
lineage,legacy,M1,150,167,0,0,0.0,167,0,1,4,0.0,0.06980339908044131,0.8607533088591294,0.06944329206042915
lineage,legacy,M1,151,162,0,0,0.0,162,0,0,1,0.0,0.06980339908044131,0.8607533088591294,0.06944329206042915
lineage,legacy,M1,152,161,0,0,0.0,161,0,0,2,0.0,0.06980339908044131,0.8607533088591294,0.06944329206042915
lineage,legacy,M1,153,159,0,0,0.0,159,0,0,0,0.0,0.06980339908044131,0.8607533088591294,0.06944329206042915
lineage,legacy,M1,154,159,0,0,0.0,159,0,0,3,0.0,0.06980339908044131,0.8607533088591294,0.06944329206042915
lineage,legacy,M1,155,156,0,0,0.0,156,0,0,0,0.0,0.06980339908044131,0.8607533088591294,0.06944329206042915
lineage,legacy,M1,156,156,0,0,0.0,156,0,0,1,0.0,0.06980339908044131,0.8607533088591294,0.06944329206042915
lineage,legacy,M1,157,155,0,0,0.0,155,0,0,1,0.0,0.06980339908044131,0.8607533088591294,0.06944329206042915
lineage,legacy,M1,158,154,0,0,0.0,154,0,0,2,0.0,0.06980339908044131,0.8607533088591294,0.06944329206042915
lineage,legacy,M1,159,152,0,0,0.0,152,0,0,1,0.0,0.06980339908044131,0.8607533088591294,0.06944329206042915
lineage,legacy,M1,160,151,0,0,0.0,151,0,0,0,0.0,0.06980339908044131,0.8607533088591294,0.06944329206042915
lineage,legacy,M1,161,151,0,0,0.0,151,0,0,2,0.0,0.06980339908044131,0.8607533088591294,0.06944329206042915
lineage,legacy,M1,162,149,0,0,0.0,149,0,0,1,0.0,0.06980339908044131,0.8607533088591294,0.06944329206042915
lineage,legacy,M1,163,148,0,0,0.0,148,0,0,0,0.0,0.06980339908044131,0.8607533088591294,0.06944329206042915
lineage,legacy,M1,164,148,0,0,0.0,148,0,0,1,0.0,0.06980339908044131,0.8607533088591294,0.06944329206042915
lineage,legacy,M1,165,147,0,0,0.0,147,0,0,0,0.0,0.06980339908044131,0.8607533088591294,0.06944329206042915
lineage,legacy,M1,166,147,0,0,0.0,147,0,0,0,0.0,0.06980339908044131,0.8607533088591294,0.06944329206042915
lineage,legacy,M1,167,147,0,0,0.0,147,0,0,0,0.0,0.06980339908044131,0.8607533088591294,0.06944329206042915
lineage,legacy,M1,168,147,0,0,0.0,147,0,0,0,0.0,0.06980339908044131,0.8607533088591294,0.06944329206042915
lineage,legacy,M1,169,147,0,0,0.0,147,0,0,0,0.0,0.06980339908044131,0.8607533088591294,0.06944329206042915
lineage,legacy,M1,170,147,0,0,0.0,147,0,0,1,0.0,0.06980339908044131,0.8607533088591294,0.06944329206042915
lineage,legacy,M1,171,146,0,0,0.0,146,0,0,1,0.0,0.06980339908044131,0.8607533088591294,0.06944329206042915
lineage,legacy,M1,172,145,0,0,0.0,145,0,0,2,0.0,0.06980339908044131,0.8607533088591294,0.06944329206042915
lineage,legacy,M1,173,143,0,0,0.0,143,0,0,2,0.0,0.06980339908044131,0.8607533088591294,0.06944329206042915
lineage,legacy,M1,174,141,0,0,0.0,141,0,0,0,0.0,0.06980339908044131,0.8607533088591294,0.06944329206042915
lineage,legacy,M1,175,141,0,0,0.0,141,0,0,2,0.0,0.06980339908044131,0.8607533088591294,0.06944329206042915
lineage,legacy,M1,176,139,0,0,0.0,139,0,0,0,0.0,0.06980339908044131,0.8607533088591294,0.06944329206042915
lineage,legacy,M1,177,139,0,0,0.0,139,0,0,0,0.0,0.06980339908044131,0.8607533088591294,0.06944329206042915
lineage,legacy,M1,178,139,0,0,0.0,139,0,0,1,0.0,0.06980339908044131,0.8607533088591294,0.06944329206042915
lineage,legacy,M1,179,138,0,0,0.0,138,0,0,0,0.0,0.06980339908044131,0.8607533088591294,0.06944329206042915
lineage,legacy,M1,180,138,0,0,0.0,138,0,0,0,0.0,0.06980339908044131,0.8607533088591294,0.06944329206042915
lineage,legacy,M1,181,138,0,0,0.0,138,0,0,0,0.0,0.06980339908044131,0.8607533088591294,0.06944329206042915
lineage,legacy,M1,182,138,0,0,0.0,138,0,0,1,0.0,0.06980339908044131,0.8607533088591294,0.06944329206042915
lineage,legacy,M1,183,137,0,0,0.0,137,0,0,6,0.0,0.06980339908044131,0.8607533088591294,0.06944329206042915
lineage,legacy,M1,184,131,0,0,0.0,131,0,0,0,0.0,0.06980339908044131,0.8607533088591294,0.06944329206042915
lineage,legacy,M1,185,131,0,0,0.0,131,0,0,0,0.0,0.06980339908044131,0.8607533088591294,0.06944329206042915
lineage,legacy,M1,186,131,0,0,0.0,131,0,0,0,0.0,0.06980339908044131,0.8607533088591294,0.06944329206042915
lineage,legacy,M1,187,131,0,0,0.0,131,0,0,1,0.0,0.06980339908044131,0.8607533088591294,0.06944329206042915
lineage,legacy,M1,188,130,0,0,0.0,130,0,0,0,0.0,0.06980339908044131,0.8607533088591294,0.06944329206042915
lineage,legacy,M1,189,130,0,0,0.0,130,0,0,1,0.0,0.06980339908044131,0.8607533088591294,0.06944329206042915
lineage,legacy,M1,190,129,0,0,0.0,129,0,0,0,0.0,0.06980339908044131,0.8607533088591294,0.06944329206042915
lineage,legacy,M1,191,129,0,0,0.0,129,0,0,1,0.0,0.06980339908044131,0.8607533088591294,0.06944329206042915
lineage,legacy,M1,192,128,0,0,0.0,128,0,0,1,0.0,0.06980339908044131,0.8607533088591294,0.06944329206042915
lineage,legacy,M1,193,127,0,0,0.0,127,0,0,0,0.0,0.06980339908044131,0.8607533088591294,0.06944329206042915
lineage,legacy,M1,194,127,0,0,0.0,127,0,0,1,0.0,0.06980339908044131,0.8607533088591294,0.06944329206042915
lineage,legacy,M1,195,126,0,0,0.0,126,0,0,2,0.0,0.06980339908044131,0.8607533088591294,0.06944329206042915
lineage,legacy,M1,196,124,0,0,0.0,124,0,0,0,0.0,0.06980339908044131,0.8607533088591294,0.06944329206042915
lineage,legacy,M1,197,124,0,0,0.0,124,0,0,3,0.0,0.06980339908044131,0.8607533088591294,0.06944329206042915
lineage,legacy,M1,198,121,0,0,0.0,121,0,0,0,0.0,0.06980339908044131,0.8607533088591294,0.06944329206042915
lineage,legacy,M1,199,121,0,0,0.0,121,0,1,2,0.0,0.06980339908044131,0.861327220363761,0.06886938055579751
lineage,legacy,M1,200,118,0,0,0.0,118,0,0,1,0.0,0.06980339908044131,0.861327220363761,0.06886938055579751
lineage,legacy,M1,201,117,0,0,0.0,117,0,0,1,0.0,0.06980339908044131,0.861327220363761,0.06886938055579751
lineage,legacy,M1,202,116,0,0,0.0,116,0,0,0,0.0,0.06980339908044131,0.861327220363761,0.06886938055579751
lineage,legacy,M1,203,116,0,0,0.0,116,0,0,0,0.0,0.06980339908044131,0.861327220363761,0.06886938055579751
lineage,legacy,M1,204,116,0,0,0.0,116,0,0,2,0.0,0.06980339908044131,0.861327220363761,0.06886938055579751
lineage,legacy,M1,205,114,0,0,0.0,114,0,0,1,0.0,0.06980339908044131,0.861327220363761,0.06886938055579751
lineage,legacy,M1,206,113,0,0,0.0,113,0,0,1,0.0,0.06980339908044131,0.861327220363761,0.06886938055579751
lineage,legacy,M1,207,112,0,0,0.0,112,0,0,2,0.0,0.06980339908044131,0.861327220363761,0.06886938055579751
lineage,legacy,M1,208,110,0,0,0.0,110,0,0,2,0.0,0.06980339908044131,0.861327220363761,0.06886938055579751
lineage,legacy,M1,209,108,0,0,0.0,108,0,0,0,0.0,0.06980339908044131,0.861327220363761,0.06886938055579751
lineage,legacy,M1,210,108,0,0,0.0,108,0,0,1,0.0,0.06980339908044131,0.861327220363761,0.06886938055579751
lineage,legacy,M1,211,107,0,0,0.0,107,0,0,1,0.0,0.06980339908044131,0.861327220363761,0.06886938055579751
lineage,legacy,M1,212,106,0,0,0.0,106,0,0,0,0.0,0.06980339908044131,0.861327220363761,0.06886938055579751
lineage,legacy,M1,213,106,0,0,0.0,106,0,0,0,0.0,0.06980339908044131,0.861327220363761,0.06886938055579751
lineage,legacy,M1,214,106,0,0,0.0,106,0,0,1,0.0,0.06980339908044131,0.861327220363761,0.06886938055579751
lineage,legacy,M1,215,105,0,0,0.0,105,0,0,1,0.0,0.06980339908044131,0.861327220363761,0.06886938055579751
lineage,legacy,M1,216,104,0,0,0.0,104,0,0,2,0.0,0.06980339908044131,0.861327220363761,0.06886938055579751
lineage,legacy,M1,217,102,0,0,0.0,102,0,0,1,0.0,0.06980339908044131,0.861327220363761,0.06886938055579751
lineage,legacy,M1,218,101,0,0,0.0,101,0,0,0,0.0,0.06980339908044131,0.861327220363761,0.06886938055579751
lineage,legacy,M1,219,101,0,0,0.0,101,0,0,2,0.0,0.06980339908044131,0.861327220363761,0.06886938055579751
lineage,legacy,M1,220,99,0,0,0.0,99,0,0,1,0.0,0.06980339908044131,0.861327220363761,0.06886938055579751
lineage,legacy,M1,221,98,0,0,0.0,98,0,0,1,0.0,0.06980339908044131,0.861327220363761,0.06886938055579751
lineage,legacy,M1,222,97,0,0,0.0,97,0,0,2,0.0,0.06980339908044131,0.861327220363761,0.06886938055579751
lineage,legacy,M1,223,95,0,0,0.0,95,0,0,1,0.0,0.06980339908044131,0.861327220363761,0.06886938055579751
lineage,legacy,M1,224,94,0,0,0.0,94,0,0,1,0.0,0.06980339908044131,0.861327220363761,0.06886938055579751
lineage,legacy,M1,225,93,0,0,0.0,93,0,0,1,0.0,0.06980339908044131,0.861327220363761,0.06886938055579751
lineage,legacy,M1,226,92,0,0,0.0,92,0,0,0,0.0,0.06980339908044131,0.861327220363761,0.06886938055579751
lineage,legacy,M1,227,92,0,0,0.0,92,0,0,1,0.0,0.06980339908044131,0.861327220363761,0.06886938055579751
lineage,legacy,M1,228,91,0,0,0.0,91,0,0,1,0.0,0.06980339908044131,0.861327220363761,0.06886938055579751
lineage,legacy,M1,229,90,0,0,0.0,90,0,0,0,0.0,0.06980339908044131,0.861327220363761,0.06886938055579751
lineage,legacy,M1,230,90,0,0,0.0,90,0,0,0,0.0,0.06980339908044131,0.861327220363761,0.06886938055579751
lineage,legacy,M1,231,90,0,0,0.0,90,0,0,2,0.0,0.06980339908044131,0.861327220363761,0.06886938055579751
lineage,legacy,M1,232,88,0,0,0.0,88,0,0,1,0.0,0.06980339908044131,0.861327220363761,0.06886938055579751
lineage,legacy,M1,233,87,0,0,0.0,87,0,0,1,0.0,0.06980339908044131,0.861327220363761,0.06886938055579751
lineage,legacy,M1,234,86,0,0,0.0,86,0,0,0,0.0,0.06980339908044131,0.861327220363761,0.06886938055579751
lineage,legacy,M1,235,86,0,0,0.0,86,0,0,0,0.0,0.06980339908044131,0.861327220363761,0.06886938055579751
lineage,legacy,M1,236,86,0,0,0.0,86,0,0,0,0.0,0.06980339908044131,0.861327220363761,0.06886938055579751
lineage,legacy,M1,237,86,0,0,0.0,86,0,0,1,0.0,0.06980339908044131,0.861327220363761,0.06886938055579751
lineage,legacy,M1,238,85,0,0,0.0,85,0,0,3,0.0,0.06980339908044131,0.861327220363761,0.06886938055579751
lineage,legacy,M1,239,82,0,0,0.0,82,0,0,0,0.0,0.06980339908044131,0.861327220363761,0.06886938055579751
lineage,legacy,M1,240,82,0,0,0.0,82,0,0,1,0.0,0.06980339908044131,0.861327220363761,0.06886938055579751
lineage,legacy,M1,241,81,0,0,0.0,81,0,0,0,0.0,0.06980339908044131,0.861327220363761,0.06886938055579751
lineage,legacy,M1,242,81,0,0,0.0,81,0,0,0,0.0,0.06980339908044131,0.861327220363761,0.06886938055579751
lineage,legacy,M1,243,81,0,0,0.0,81,0,0,1,0.0,0.06980339908044131,0.861327220363761,0.06886938055579751
lineage,legacy,M1,244,80,0,0,0.0,80,0,0,1,0.0,0.06980339908044131,0.861327220363761,0.06886938055579751
lineage,legacy,M1,245,79,0,0,0.0,79,0,0,0,0.0,0.06980339908044131,0.861327220363761,0.06886938055579751
lineage,legacy,M1,246,79,0,0,0.0,79,0,0,1,0.0,0.06980339908044131,0.861327220363761,0.06886938055579751
lineage,legacy,M1,247,78,0,0,0.0,78,0,0,1,0.0,0.06980339908044131,0.861327220363761,0.06886938055579751
lineage,legacy,M1,248,77,0,0,0.0,77,0,0,0,0.0,0.06980339908044131,0.861327220363761,0.06886938055579751
lineage,legacy,M1,249,77,0,0,0.0,77,0,0,2,0.0,0.06980339908044131,0.861327220363761,0.06886938055579751
lineage,legacy,M1,250,75,0,0,0.0,75,0,0,2,0.0,0.06980339908044131,0.861327220363761,0.06886938055579751
lineage,legacy,M1,251,73,0,0,0.0,73,0,0,2,0.0,0.06980339908044131,0.861327220363761,0.06886938055579751
lineage,legacy,M1,252,71,0,0,0.0,71,0,0,0,0.0,0.06980339908044131,0.861327220363761,0.06886938055579751
lineage,legacy,M1,253,71,0,0,0.0,71,0,0,3,0.0,0.06980339908044131,0.861327220363761,0.06886938055579751
lineage,legacy,M1,254,68,0,0,0.0,68,0,0,0,0.0,0.06980339908044131,0.861327220363761,0.06886938055579751
lineage,legacy,M1,255,68,0,0,0.0,68,0,0,0,0.0,0.06980339908044131,0.861327220363761,0.06886938055579751
lineage,legacy,M1,256,68,0,0,0.0,68,0,0,0,0.0,0.06980339908044131,0.861327220363761,0.06886938055579751
lineage,legacy,M1,257,68,0,0,0.0,68,0,0,0,0.0,0.06980339908044131,0.861327220363761,0.06886938055579751
lineage,legacy,M1,258,68,0,0,0.0,68,0,0,1,0.0,0.06980339908044131,0.861327220363761,0.06886938055579751
lineage,legacy,M1,259,67,0,0,0.0,67,0,0,2,0.0,0.06980339908044131,0.861327220363761,0.06886938055579751
lineage,legacy,M1,260,65,0,0,0.0,65,0,0,0,0.0,0.06980339908044131,0.861327220363761,0.06886938055579751
lineage,legacy,M1,261,65,0,0,0.0,65,0,0,1,0.0,0.06980339908044131,0.861327220363761,0.06886938055579751
lineage,legacy,M1,262,64,0,0,0.0,64,0,0,2,0.0,0.06980339908044131,0.861327220363761,0.06886938055579751
lineage,legacy,M1,263,62,0,0,0.0,62,0,0,1,0.0,0.06980339908044131,0.861327220363761,0.06886938055579751
lineage,legacy,M1,264,61,0,0,0.0,61,0,0,0,0.0,0.06980339908044131,0.861327220363761,0.06886938055579751
lineage,legacy,M1,265,61,0,0,0.0,61,0,0,1,0.0,0.06980339908044131,0.861327220363761,0.06886938055579751
lineage,legacy,M1,266,60,0,0,0.0,60,0,0,0,0.0,0.06980339908044131,0.861327220363761,0.06886938055579751
lineage,legacy,M1,267,60,0,0,0.0,60,0,0,0,0.0,0.06980339908044131,0.861327220363761,0.06886938055579751
lineage,legacy,M1,268,60,0,0,0.0,60,0,0,0,0.0,0.06980339908044131,0.861327220363761,0.06886938055579751
lineage,legacy,M1,269,60,0,0,0.0,60,0,0,0,0.0,0.06980339908044131,0.861327220363761,0.06886938055579751
lineage,legacy,M1,270,60,0,0,0.0,60,0,0,1,0.0,0.06980339908044131,0.861327220363761,0.06886938055579751
lineage,legacy,M1,271,59,0,0,0.0,59,0,0,0,0.0,0.06980339908044131,0.861327220363761,0.06886938055579751
lineage,legacy,M1,272,59,0,0,0.0,59,0,0,1,0.0,0.06980339908044131,0.861327220363761,0.06886938055579751
lineage,legacy,M1,273,58,0,0,0.0,58,0,0,1,0.0,0.06980339908044131,0.861327220363761,0.06886938055579751
lineage,legacy,M1,274,57,0,0,0.0,57,0,0,0,0.0,0.06980339908044131,0.861327220363761,0.06886938055579751
lineage,legacy,M1,275,57,0,0,0.0,57,0,0,1,0.0,0.06980339908044131,0.861327220363761,0.06886938055579751
lineage,legacy,M1,276,56,0,0,0.0,56,0,0,0,0.0,0.06980339908044131,0.861327220363761,0.06886938055579751
lineage,legacy,M1,277,56,0,0,0.0,56,0,0,0,0.0,0.06980339908044131,0.861327220363761,0.06886938055579751
lineage,legacy,M1,278,56,0,0,0.0,56,0,0,1,0.0,0.06980339908044131,0.861327220363761,0.06886938055579751
lineage,legacy,M1,279,55,0,0,0.0,55,0,0,0,0.0,0.06980339908044131,0.861327220363761,0.06886938055579751
lineage,legacy,M1,280,55,0,0,0.0,55,0,0,0,0.0,0.06980339908044131,0.861327220363761,0.06886938055579751
lineage,legacy,M1,281,55,0,0,0.0,55,0,0,1,0.0,0.06980339908044131,0.861327220363761,0.06886938055579751
lineage,legacy,M1,282,54,0,0,0.0,54,0,0,0,0.0,0.06980339908044131,0.861327220363761,0.06886938055579751
lineage,legacy,M1,283,54,0,0,0.0,54,0,0,0,0.0,0.06980339908044131,0.861327220363761,0.06886938055579751
lineage,legacy,M1,284,54,0,0,0.0,54,0,0,1,0.0,0.06980339908044131,0.861327220363761,0.06886938055579751
lineage,legacy,M1,285,53,0,0,0.0,53,0,0,1,0.0,0.06980339908044131,0.861327220363761,0.06886938055579751
lineage,legacy,M1,286,52,0,0,0.0,52,0,0,2,0.0,0.06980339908044131,0.861327220363761,0.06886938055579751
lineage,legacy,M1,287,50,0,0,0.0,50,0,0,0,0.0,0.06980339908044131,0.861327220363761,0.06886938055579751
lineage,legacy,M1,288,50,0,0,0.0,50,0,0,1,0.0,0.06980339908044131,0.861327220363761,0.06886938055579751
lineage,legacy,M1,289,49,0,0,0.0,49,0,0,0,0.0,0.06980339908044131,0.861327220363761,0.06886938055579751
lineage,legacy,M1,290,49,0,0,0.0,49,0,0,1,0.0,0.06980339908044131,0.861327220363761,0.06886938055579751
lineage,legacy,M1,291,48,0,0,0.0,48,0,0,0,0.0,0.06980339908044131,0.861327220363761,0.06886938055579751
lineage,legacy,M1,292,48,0,0,0.0,48,0,0,1,0.0,0.06980339908044131,0.861327220363761,0.06886938055579751
lineage,legacy,M1,293,47,0,0,0.0,47,0,0,0,0.0,0.06980339908044131,0.861327220363761,0.06886938055579751
lineage,legacy,M1,294,47,0,0,0.0,47,0,0,0,0.0,0.06980339908044131,0.861327220363761,0.06886938055579751
lineage,legacy,M1,295,47,0,0,0.0,47,0,0,0,0.0,0.06980339908044131,0.861327220363761,0.06886938055579751
lineage,legacy,M1,296,47,0,0,0.0,47,0,0,0,0.0,0.06980339908044131,0.861327220363761,0.06886938055579751
lineage,legacy,M1,297,47,0,0,0.0,47,0,0,0,0.0,0.06980339908044131,0.861327220363761,0.06886938055579751
lineage,legacy,M1,298,47,0,0,0.0,47,0,0,0,0.0,0.06980339908044131,0.861327220363761,0.06886938055579751
lineage,legacy,M1,299,47,0,0,0.0,47,0,0,0,0.0,0.06980339908044131,0.861327220363761,0.06886938055579751
lineage,legacy,M1,300,47,0,0,0.0,47,0,0,1,0.0,0.06980339908044131,0.861327220363761,0.06886938055579751
lineage,legacy,M1,301,46,0,0,0.0,46,0,0,0,0.0,0.06980339908044131,0.861327220363761,0.06886938055579751
lineage,legacy,M1,302,46,0,0,0.0,46,0,0,1,0.0,0.06980339908044131,0.861327220363761,0.06886938055579751
lineage,legacy,M1,303,45,0,0,0.0,45,0,0,1,0.0,0.06980339908044131,0.861327220363761,0.06886938055579751
lineage,legacy,M1,304,44,0,0,0.0,44,0,0,0,0.0,0.06980339908044131,0.861327220363761,0.06886938055579751
lineage,legacy,M1,305,44,0,0,0.0,44,0,0,2,0.0,0.06980339908044131,0.861327220363761,0.06886938055579751
lineage,legacy,M1,306,42,0,0,0.0,42,0,0,1,0.0,0.06980339908044131,0.861327220363761,0.06886938055579751
lineage,legacy,M1,307,41,0,0,0.0,41,0,0,1,0.0,0.06980339908044131,0.861327220363761,0.06886938055579751
lineage,legacy,M1,308,40,0,0,0.0,40,0,0,0,0.0,0.06980339908044131,0.861327220363761,0.06886938055579751
lineage,legacy,M1,309,40,0,0,0.0,40,0,0,2,0.0,0.06980339908044131,0.861327220363761,0.06886938055579751
lineage,legacy,M1,310,38,0,0,0.0,38,0,0,0,0.0,0.06980339908044131,0.861327220363761,0.06886938055579751
lineage,legacy,M1,311,38,0,0,0.0,38,0,0,0,0.0,0.06980339908044131,0.861327220363761,0.06886938055579751
lineage,legacy,M1,312,38,0,0,0.0,38,0,0,1,0.0,0.06980339908044131,0.861327220363761,0.06886938055579751
lineage,legacy,M1,313,37,0,0,0.0,37,0,0,1,0.0,0.06980339908044131,0.861327220363761,0.06886938055579751
lineage,legacy,M1,314,36,0,0,0.0,36,0,0,0,0.0,0.06980339908044131,0.861327220363761,0.06886938055579751
lineage,legacy,M1,315,36,0,0,0.0,36,0,0,1,0.0,0.06980339908044131,0.861327220363761,0.06886938055579751
lineage,legacy,M1,316,35,0,0,0.0,35,0,0,1,0.0,0.06980339908044131,0.861327220363761,0.06886938055579751
lineage,legacy,M1,317,34,0,0,0.0,34,0,0,0,0.0,0.06980339908044131,0.861327220363761,0.06886938055579751
lineage,legacy,M1,318,34,0,0,0.0,34,0,0,0,0.0,0.06980339908044131,0.861327220363761,0.06886938055579751
lineage,legacy,M1,319,34,0,0,0.0,34,0,0,1,0.0,0.06980339908044131,0.861327220363761,0.06886938055579751
lineage,legacy,M1,320,33,0,0,0.0,33,0,0,1,0.0,0.06980339908044131,0.861327220363761,0.06886938055579751
lineage,legacy,M1,321,32,0,0,0.0,32,0,0,0,0.0,0.06980339908044131,0.861327220363761,0.06886938055579751
lineage,legacy,M1,322,32,0,0,0.0,32,0,0,0,0.0,0.06980339908044131,0.861327220363761,0.06886938055579751
lineage,legacy,M1,323,32,0,0,0.0,32,0,0,1,0.0,0.06980339908044131,0.861327220363761,0.06886938055579751
lineage,legacy,M1,324,31,0,0,0.0,31,0,0,0,0.0,0.06980339908044131,0.861327220363761,0.06886938055579751
lineage,legacy,M1,325,31,0,0,0.0,31,0,0,2,0.0,0.06980339908044131,0.861327220363761,0.06886938055579751
lineage,legacy,M1,326,29,0,0,0.0,29,0,0,0,0.0,0.06980339908044131,0.861327220363761,0.06886938055579751
lineage,legacy,M1,327,29,0,0,0.0,29,0,0,1,0.0,0.06980339908044131,0.861327220363761,0.06886938055579751
lineage,legacy,M1,328,28,0,0,0.0,28,0,0,0,0.0,0.06980339908044131,0.861327220363761,0.06886938055579751
lineage,legacy,M1,329,28,0,0,0.0,28,0,0,1,0.0,0.06980339908044131,0.861327220363761,0.06886938055579751
lineage,legacy,M1,330,27,0,0,0.0,27,0,0,0,0.0,0.06980339908044131,0.861327220363761,0.06886938055579751
lineage,legacy,M1,331,27,0,0,0.0,27,0,0,2,0.0,0.06980339908044131,0.861327220363761,0.06886938055579751
lineage,legacy,M1,332,25,0,0,0.0,25,0,0,1,0.0,0.06980339908044131,0.861327220363761,0.06886938055579751
lineage,legacy,M1,333,24,0,0,0.0,24,0,0,0,0.0,0.06980339908044131,0.861327220363761,0.06886938055579751
lineage,legacy,M1,334,24,0,0,0.0,24,0,0,0,0.0,0.06980339908044131,0.861327220363761,0.06886938055579751
lineage,legacy,M1,335,24,0,0,0.0,24,0,0,0,0.0,0.06980339908044131,0.861327220363761,0.06886938055579751
lineage,legacy,M1,336,24,0,0,0.0,24,0,0,0,0.0,0.06980339908044131,0.861327220363761,0.06886938055579751
lineage,legacy,M1,337,24,0,0,0.0,24,0,0,0,0.0,0.06980339908044131,0.861327220363761,0.06886938055579751
lineage,legacy,M1,338,24,0,0,0.0,24,0,0,0,0.0,0.06980339908044131,0.861327220363761,0.06886938055579751
lineage,legacy,M1,339,24,0,0,0.0,24,0,0,0,0.0,0.06980339908044131,0.861327220363761,0.06886938055579751
lineage,legacy,M1,340,24,0,0,0.0,24,0,0,1,0.0,0.06980339908044131,0.861327220363761,0.06886938055579751
lineage,legacy,M1,341,23,0,0,0.0,23,0,0,0,0.0,0.06980339908044131,0.861327220363761,0.06886938055579751
lineage,legacy,M1,342,23,0,0,0.0,23,0,0,0,0.0,0.06980339908044131,0.861327220363761,0.06886938055579751
lineage,legacy,M1,343,23,0,0,0.0,23,0,0,0,0.0,0.06980339908044131,0.861327220363761,0.06886938055579751
lineage,legacy,M1,344,23,0,0,0.0,23,0,0,0,0.0,0.06980339908044131,0.861327220363761,0.06886938055579751
lineage,legacy,M1,345,23,0,0,0.0,23,0,0,2,0.0,0.06980339908044131,0.861327220363761,0.06886938055579751
lineage,legacy,M1,346,21,0,0,0.0,21,0,0,0,0.0,0.06980339908044131,0.861327220363761,0.06886938055579751
lineage,legacy,M1,347,21,0,0,0.0,21,0,0,0,0.0,0.06980339908044131,0.861327220363761,0.06886938055579751
lineage,legacy,M1,348,21,0,0,0.0,21,0,0,0,0.0,0.06980339908044131,0.861327220363761,0.06886938055579751
lineage,legacy,M1,349,21,0,0,0.0,21,0,0,0,0.0,0.06980339908044131,0.861327220363761,0.06886938055579751
lineage,legacy,M1,350,21,0,0,0.0,21,0,0,1,0.0,0.06980339908044131,0.861327220363761,0.06886938055579751
lineage,legacy,M1,351,20,0,0,0.0,20,0,0,0,0.0,0.06980339908044131,0.861327220363761,0.06886938055579751
lineage,legacy,M1,352,20,0,0,0.0,20,0,0,0,0.0,0.06980339908044131,0.861327220363761,0.06886938055579751
lineage,legacy,M1,353,20,0,0,0.0,20,0,0,0,0.0,0.06980339908044131,0.861327220363761,0.06886938055579751
lineage,legacy,M1,354,20,0,0,0.0,20,0,0,0,0.0,0.06980339908044131,0.861327220363761,0.06886938055579751
lineage,legacy,M1,355,20,0,0,0.0,20,0,0,0,0.0,0.06980339908044131,0.861327220363761,0.06886938055579751
lineage,legacy,M1,356,20,0,0,0.0,20,0,0,0,0.0,0.06980339908044131,0.861327220363761,0.06886938055579751
lineage,legacy,M1,357,20,0,0,0.0,20,0,0,1,0.0,0.06980339908044131,0.861327220363761,0.06886938055579751
lineage,legacy,M1,358,19,0,0,0.0,19,0,0,1,0.0,0.06980339908044131,0.861327220363761,0.06886938055579751
lineage,legacy,M1,359,18,0,0,0.0,18,0,0,1,0.0,0.06980339908044131,0.861327220363761,0.06886938055579751
lineage,legacy,M1,360,17,0,0,0.0,17,0,0,0,0.0,0.06980339908044131,0.861327220363761,0.06886938055579751
lineage,legacy,M1,361,17,0,0,0.0,17,0,0,0,0.0,0.06980339908044131,0.861327220363761,0.06886938055579751
lineage,legacy,M1,362,17,0,0,0.0,17,0,0,0,0.0,0.06980339908044131,0.861327220363761,0.06886938055579751
lineage,legacy,M1,363,17,0,0,0.0,17,0,0,0,0.0,0.06980339908044131,0.861327220363761,0.06886938055579751
lineage,legacy,M1,364,17,0,0,0.0,17,0,0,0,0.0,0.06980339908044131,0.861327220363761,0.06886938055579751
lineage,legacy,M1,365,17,0,0,0.0,17,0,0,0,0.0,0.06980339908044131,0.861327220363761,0.06886938055579751
lineage,legacy,M1,366,17,0,0,0.0,17,0,0,0,0.0,0.06980339908044131,0.861327220363761,0.06886938055579751
lineage,legacy,M1,367,17,0,0,0.0,17,0,0,0,0.0,0.06980339908044131,0.861327220363761,0.06886938055579751
lineage,legacy,M1,368,17,0,0,0.0,17,0,0,0,0.0,0.06980339908044131,0.861327220363761,0.06886938055579751
lineage,legacy,M1,369,17,0,0,0.0,17,0,0,0,0.0,0.06980339908044131,0.861327220363761,0.06886938055579751
lineage,legacy,M1,370,17,0,0,0.0,17,0,0,0,0.0,0.06980339908044131,0.861327220363761,0.06886938055579751
lineage,legacy,M1,371,17,0,0,0.0,17,0,0,0,0.0,0.06980339908044131,0.861327220363761,0.06886938055579751
lineage,legacy,M1,372,17,0,0,0.0,17,0,0,0,0.0,0.06980339908044131,0.861327220363761,0.06886938055579751
lineage,legacy,M1,373,17,0,0,0.0,17,0,0,0,0.0,0.06980339908044131,0.861327220363761,0.06886938055579751
lineage,legacy,M1,374,17,0,0,0.0,17,0,0,0,0.0,0.06980339908044131,0.861327220363761,0.06886938055579751
lineage,legacy,M1,375,17,0,0,0.0,17,0,0,1,0.0,0.06980339908044131,0.861327220363761,0.06886938055579751
lineage,legacy,M1,376,16,0,0,0.0,16,0,0,1,0.0,0.06980339908044131,0.861327220363761,0.06886938055579751
lineage,legacy,M1,377,15,0,0,0.0,15,0,0,0,0.0,0.06980339908044131,0.861327220363761,0.06886938055579751
lineage,legacy,M1,378,15,0,0,0.0,15,0,0,0,0.0,0.06980339908044131,0.861327220363761,0.06886938055579751
lineage,legacy,M1,379,15,0,0,0.0,15,0,0,1,0.0,0.06980339908044131,0.861327220363761,0.06886938055579751
lineage,legacy,M1,380,14,0,0,0.0,14,0,0,0,0.0,0.06980339908044131,0.861327220363761,0.06886938055579751
lineage,legacy,M1,381,14,0,0,0.0,14,0,0,0,0.0,0.06980339908044131,0.861327220363761,0.06886938055579751
lineage,legacy,M1,382,14,0,0,0.0,14,0,0,0,0.0,0.06980339908044131,0.861327220363761,0.06886938055579751
lineage,legacy,M1,383,14,0,0,0.0,14,0,0,0,0.0,0.06980339908044131,0.861327220363761,0.06886938055579751
lineage,legacy,M1,384,14,0,0,0.0,14,0,0,1,0.0,0.06980339908044131,0.861327220363761,0.06886938055579751
lineage,legacy,M1,385,13,0,0,0.0,13,0,0,0,0.0,0.06980339908044131,0.861327220363761,0.06886938055579751
lineage,legacy,M1,386,13,0,0,0.0,13,0,0,0,0.0,0.06980339908044131,0.861327220363761,0.06886938055579751
lineage,legacy,M1,387,13,0,0,0.0,13,0,0,0,0.0,0.06980339908044131,0.861327220363761,0.06886938055579751
lineage,legacy,M1,388,13,0,0,0.0,13,0,0,0,0.0,0.06980339908044131,0.861327220363761,0.06886938055579751
lineage,legacy,M1,389,13,0,0,0.0,13,0,0,1,0.0,0.06980339908044131,0.861327220363761,0.06886938055579751
lineage,legacy,M1,390,12,0,0,0.0,12,0,0,0,0.0,0.06980339908044131,0.861327220363761,0.06886938055579751
lineage,legacy,M1,391,12,0,0,0.0,12,0,0,0,0.0,0.06980339908044131,0.861327220363761,0.06886938055579751
lineage,legacy,M1,392,12,0,0,0.0,12,0,0,1,0.0,0.06980339908044131,0.861327220363761,0.06886938055579751
lineage,legacy,M1,393,11,0,0,0.0,11,0,0,0,0.0,0.06980339908044131,0.861327220363761,0.06886938055579751
lineage,legacy,M1,394,11,0,0,0.0,11,0,0,0,0.0,0.06980339908044131,0.861327220363761,0.06886938055579751
lineage,legacy,M1,395,11,0,0,0.0,11,0,0,0,0.0,0.06980339908044131,0.861327220363761,0.06886938055579751
lineage,legacy,M1,396,11,0,0,0.0,11,0,0,0,0.0,0.06980339908044131,0.861327220363761,0.06886938055579751
lineage,legacy,M1,397,11,0,0,0.0,11,0,0,0,0.0,0.06980339908044131,0.861327220363761,0.06886938055579751
lineage,legacy,M1,398,11,0,0,0.0,11,0,0,0,0.0,0.06980339908044131,0.861327220363761,0.06886938055579751
lineage,legacy,M1,399,11,0,0,0.0,11,0,0,0,0.0,0.06980339908044131,0.861327220363761,0.06886938055579751
lineage,legacy,M1,400,11,0,0,0.0,11,0,0,1,0.0,0.06980339908044131,0.861327220363761,0.06886938055579751
lineage,legacy,M1,401,10,0,0,0.0,10,0,0,0,0.0,0.06980339908044131,0.861327220363761,0.06886938055579751
lineage,legacy,M1,402,10,0,0,0.0,10,0,0,1,0.0,0.06980339908044131,0.861327220363761,0.06886938055579751
lineage,legacy,M1,403,9,0,0,0.0,9,0,0,0,0.0,0.06980339908044131,0.861327220363761,0.06886938055579751
lineage,legacy,M1,404,9,0,0,0.0,9,0,0,0,0.0,0.06980339908044131,0.861327220363761,0.06886938055579751
lineage,legacy,M1,405,9,0,0,0.0,9,0,0,1,0.0,0.06980339908044131,0.861327220363761,0.06886938055579751
lineage,legacy,M1,406,8,0,0,0.0,8,0,0,0,0.0,0.06980339908044131,0.861327220363761,0.06886938055579751
lineage,legacy,M1,407,8,0,0,0.0,8,0,0,1,0.0,0.06980339908044131,0.861327220363761,0.06886938055579751
lineage,legacy,M1,408,7,0,0,0.0,7,0,0,0,0.0,0.06980339908044131,0.861327220363761,0.06886938055579751
lineage,legacy,M1,409,7,0,0,0.0,7,0,0,0,0.0,0.06980339908044131,0.861327220363761,0.06886938055579751
lineage,legacy,M1,410,7,0,0,0.0,7,0,0,0,0.0,0.06980339908044131,0.861327220363761,0.06886938055579751
lineage,legacy,M1,411,7,0,0,0.0,7,0,0,0,0.0,0.06980339908044131,0.861327220363761,0.06886938055579751
lineage,legacy,M1,412,7,0,0,0.0,7,0,0,0,0.0,0.06980339908044131,0.861327220363761,0.06886938055579751
lineage,legacy,M1,413,7,0,0,0.0,7,0,0,0,0.0,0.06980339908044131,0.861327220363761,0.06886938055579751
lineage,legacy,M1,414,7,0,0,0.0,7,0,0,0,0.0,0.06980339908044131,0.861327220363761,0.06886938055579751
lineage,legacy,M1,415,7,0,0,0.0,7,0,0,0,0.0,0.06980339908044131,0.861327220363761,0.06886938055579751
lineage,legacy,M1,416,7,0,0,0.0,7,0,0,0,0.0,0.06980339908044131,0.861327220363761,0.06886938055579751
lineage,legacy,M1,417,7,0,0,0.0,7,0,0,0,0.0,0.06980339908044131,0.861327220363761,0.06886938055579751
lineage,legacy,M1,418,7,0,0,0.0,7,0,0,0,0.0,0.06980339908044131,0.861327220363761,0.06886938055579751
lineage,legacy,M1,419,7,0,0,0.0,7,0,0,0,0.0,0.06980339908044131,0.861327220363761,0.06886938055579751
lineage,legacy,M1,420,7,0,0,0.0,7,0,0,0,0.0,0.06980339908044131,0.861327220363761,0.06886938055579751
lineage,legacy,M1,421,7,0,0,0.0,7,0,0,0,0.0,0.06980339908044131,0.861327220363761,0.06886938055579751
lineage,legacy,M1,422,7,0,0,0.0,7,0,0,0,0.0,0.06980339908044131,0.861327220363761,0.06886938055579751
lineage,legacy,M1,423,7,0,0,0.0,7,0,0,0,0.0,0.06980339908044131,0.861327220363761,0.06886938055579751
lineage,legacy,M1,424,7,0,0,0.0,7,0,0,0,0.0,0.06980339908044131,0.861327220363761,0.06886938055579751
lineage,legacy,M1,425,7,0,0,0.0,7,0,0,0,0.0,0.06980339908044131,0.861327220363761,0.06886938055579751
lineage,legacy,M1,426,7,0,0,0.0,7,0,0,0,0.0,0.06980339908044131,0.861327220363761,0.06886938055579751
lineage,legacy,M1,427,7,0,0,0.0,7,0,0,0,0.0,0.06980339908044131,0.861327220363761,0.06886938055579751
lineage,legacy,M1,428,7,0,0,0.0,7,0,0,0,0.0,0.06980339908044131,0.861327220363761,0.06886938055579751
lineage,legacy,M1,429,7,0,0,0.0,7,0,0,0,0.0,0.06980339908044131,0.861327220363761,0.06886938055579751
lineage,legacy,M1,430,7,0,0,0.0,7,0,0,0,0.0,0.06980339908044131,0.861327220363761,0.06886938055579751
lineage,legacy,M1,431,7,0,0,0.0,7,0,0,0,0.0,0.06980339908044131,0.861327220363761,0.06886938055579751
lineage,legacy,M1,432,7,0,0,0.0,7,0,0,0,0.0,0.06980339908044131,0.861327220363761,0.06886938055579751
lineage,legacy,M1,433,7,0,0,0.0,7,0,0,0,0.0,0.06980339908044131,0.861327220363761,0.06886938055579751
lineage,legacy,M1,434,7,0,0,0.0,7,0,0,0,0.0,0.06980339908044131,0.861327220363761,0.06886938055579751
lineage,legacy,M1,435,7,0,0,0.0,7,0,0,0,0.0,0.06980339908044131,0.861327220363761,0.06886938055579751
lineage,legacy,M1,436,7,0,0,0.0,7,0,0,0,0.0,0.06980339908044131,0.861327220363761,0.06886938055579751
lineage,legacy,M1,437,7,0,0,0.0,7,0,0,1,0.0,0.06980339908044131,0.861327220363761,0.06886938055579751
lineage,legacy,M1,438,6,0,0,0.0,6,0,0,0,0.0,0.06980339908044131,0.861327220363761,0.06886938055579751
lineage,legacy,M1,439,6,0,0,0.0,6,0,0,0,0.0,0.06980339908044131,0.861327220363761,0.06886938055579751
lineage,legacy,M1,440,6,0,0,0.0,6,0,0,0,0.0,0.06980339908044131,0.861327220363761,0.06886938055579751
lineage,legacy,M1,441,6,0,0,0.0,6,0,0,0,0.0,0.06980339908044131,0.861327220363761,0.06886938055579751
lineage,legacy,M1,442,6,0,0,0.0,6,0,0,0,0.0,0.06980339908044131,0.861327220363761,0.06886938055579751
lineage,legacy,M1,443,6,0,0,0.0,6,0,0,0,0.0,0.06980339908044131,0.861327220363761,0.06886938055579751
lineage,legacy,M1,444,6,0,0,0.0,6,0,0,0,0.0,0.06980339908044131,0.861327220363761,0.06886938055579751
lineage,legacy,M1,445,6,0,0,0.0,6,0,0,0,0.0,0.06980339908044131,0.861327220363761,0.06886938055579751
lineage,legacy,M1,446,6,0,0,0.0,6,0,0,0,0.0,0.06980339908044131,0.861327220363761,0.06886938055579751
lineage,legacy,M1,447,6,0,0,0.0,6,0,0,0,0.0,0.06980339908044131,0.861327220363761,0.06886938055579751
lineage,legacy,M1,448,6,0,0,0.0,6,0,0,0,0.0,0.06980339908044131,0.861327220363761,0.06886938055579751
lineage,legacy,M1,449,6,0,0,0.0,6,0,0,0,0.0,0.06980339908044131,0.861327220363761,0.06886938055579751
lineage,legacy,M1,450,6,0,0,0.0,6,0,0,0,0.0,0.06980339908044131,0.861327220363761,0.06886938055579751
lineage,legacy,M1,451,6,0,0,0.0,6,0,0,0,0.0,0.06980339908044131,0.861327220363761,0.06886938055579751
lineage,legacy,M1,452,6,0,0,0.0,6,0,0,0,0.0,0.06980339908044131,0.861327220363761,0.06886938055579751
lineage,legacy,M1,453,6,0,0,0.0,6,0,0,0,0.0,0.06980339908044131,0.861327220363761,0.06886938055579751
lineage,legacy,M1,454,6,0,0,0.0,6,0,0,1,0.0,0.06980339908044131,0.861327220363761,0.06886938055579751
lineage,legacy,M1,455,5,0,0,0.0,5,0,0,0,0.0,0.06980339908044131,0.861327220363761,0.06886938055579751
lineage,legacy,M1,456,5,0,0,0.0,5,0,0,0,0.0,0.06980339908044131,0.861327220363761,0.06886938055579751
lineage,legacy,M1,457,5,0,0,0.0,5,0,0,1,0.0,0.06980339908044131,0.861327220363761,0.06886938055579751
lineage,legacy,M1,458,4,0,0,0.0,4,0,0,0,0.0,0.06980339908044131,0.861327220363761,0.06886938055579751
lineage,legacy,M1,459,4,0,0,0.0,4,0,0,0,0.0,0.06980339908044131,0.861327220363761,0.06886938055579751
lineage,legacy,M1,460,4,0,0,0.0,4,0,0,0,0.0,0.06980339908044131,0.861327220363761,0.06886938055579751
lineage,legacy,M1,461,4,0,0,0.0,4,0,0,0,0.0,0.06980339908044131,0.861327220363761,0.06886938055579751
lineage,legacy,M1,462,4,0,0,0.0,4,0,0,0,0.0,0.06980339908044131,0.861327220363761,0.06886938055579751
lineage,legacy,M1,463,4,0,0,0.0,4,0,0,0,0.0,0.06980339908044131,0.861327220363761,0.06886938055579751
lineage,legacy,M1,464,4,0,0,0.0,4,0,0,0,0.0,0.06980339908044131,0.861327220363761,0.06886938055579751
lineage,legacy,M1,465,4,0,0,0.0,4,0,0,0,0.0,0.06980339908044131,0.861327220363761,0.06886938055579751
lineage,legacy,M1,466,4,0,0,0.0,4,0,0,0,0.0,0.06980339908044131,0.861327220363761,0.06886938055579751
lineage,legacy,M1,467,4,0,0,0.0,4,0,0,0,0.0,0.06980339908044131,0.861327220363761,0.06886938055579751
lineage,legacy,M1,468,4,0,0,0.0,4,0,0,1,0.0,0.06980339908044131,0.861327220363761,0.06886938055579751
lineage,legacy,M1,469,3,0,0,0.0,3,0,0,0,0.0,0.06980339908044131,0.861327220363761,0.06886938055579751
lineage,legacy,M1,470,3,0,0,0.0,3,0,0,0,0.0,0.06980339908044131,0.861327220363761,0.06886938055579751
lineage,legacy,M1,471,3,0,0,0.0,3,0,0,0,0.0,0.06980339908044131,0.861327220363761,0.06886938055579751
lineage,legacy,M1,472,3,0,0,0.0,3,0,0,0,0.0,0.06980339908044131,0.861327220363761,0.06886938055579751
lineage,legacy,M1,473,3,0,0,0.0,3,0,0,0,0.0,0.06980339908044131,0.861327220363761,0.06886938055579751
lineage,legacy,M1,474,3,0,0,0.0,3,0,0,1,0.0,0.06980339908044131,0.861327220363761,0.06886938055579751
lineage,legacy,M1,475,2,0,0,0.0,2,0,0,0,0.0,0.06980339908044131,0.861327220363761,0.06886938055579751
lineage,legacy,M1,476,2,0,0,0.0,2,0,0,0,0.0,0.06980339908044131,0.861327220363761,0.06886938055579751
lineage,legacy,M1,477,2,0,0,0.0,2,0,0,0,0.0,0.06980339908044131,0.861327220363761,0.06886938055579751
lineage,legacy,M1,478,2,0,0,0.0,2,0,0,0,0.0,0.06980339908044131,0.861327220363761,0.06886938055579751
lineage,legacy,M1,479,2,0,0,0.0,2,0,0,0,0.0,0.06980339908044131,0.861327220363761,0.06886938055579751
lineage,legacy,M1,480,2,0,0,0.0,2,0,0,0,0.0,0.06980339908044131,0.861327220363761,0.06886938055579751
lineage,legacy,M1,481,2,0,0,0.0,2,0,0,0,0.0,0.06980339908044131,0.861327220363761,0.06886938055579751
lineage,legacy,M1,482,2,0,0,0.0,2,0,0,0,0.0,0.06980339908044131,0.861327220363761,0.06886938055579751
lineage,legacy,M1,483,2,0,0,0.0,2,0,0,0,0.0,0.06980339908044131,0.861327220363761,0.06886938055579751
lineage,legacy,M1,484,2,0,0,0.0,2,0,0,0,0.0,0.06980339908044131,0.861327220363761,0.06886938055579751
lineage,legacy,M1,485,2,0,0,0.0,2,0,0,0,0.0,0.06980339908044131,0.861327220363761,0.06886938055579751
lineage,legacy,M1,486,2,0,0,0.0,2,0,0,0,0.0,0.06980339908044131,0.861327220363761,0.06886938055579751
lineage,legacy,M1,487,2,0,0,0.0,2,0,0,0,0.0,0.06980339908044131,0.861327220363761,0.06886938055579751
lineage,legacy,M1,488,2,0,0,0.0,2,0,0,0,0.0,0.06980339908044131,0.861327220363761,0.06886938055579751
lineage,legacy,M1,489,2,0,0,0.0,2,0,0,1,0.0,0.06980339908044131,0.861327220363761,0.06886938055579751
lineage,legacy,M1,490,1,0,0,0.0,1,0,0,0,0.0,0.06980339908044131,0.861327220363761,0.06886938055579751
lineage,legacy,M1,491,1,0,0,0.0,1,0,0,0,0.0,0.06980339908044131,0.861327220363761,0.06886938055579751
lineage,legacy,M1,492,1,0,0,0.0,1,0,0,0,0.0,0.06980339908044131,0.861327220363761,0.06886938055579751
lineage,legacy,M1,493,1,0,0,0.0,1,0,0,0,0.0,0.06980339908044131,0.861327220363761,0.06886938055579751
lineage,legacy,M1,494,1,0,0,0.0,1,0,0,0,0.0,0.06980339908044131,0.861327220363761,0.06886938055579751
lineage,legacy,M1,495,1,0,0,0.0,1,0,0,1,0.0,0.06980339908044131,0.861327220363761,0.06886938055579751
contiguous,primary,M0,1,8848,2949,1,0.33329566003616634,5898,178,416,0,0.030179721939640556,0.020120951596060088,0.3803199064629135,0.5995591419410264
contiguous,primary,M0,2,5304,1378,1,0.25980392156862747,3925,168,519,0,0.04280254777070064,0.03911635101252063,0.5947699388059363,0.36611371018154315
contiguous,primary,M0,3,3238,712,0,0.2198888202594194,2526,137,463,0,0.05423594615993666,0.05460664696522953,0.7276246668674907,0.21776868616727987
contiguous,primary,M0,4,1926,347,0,0.1801661474558671,1579,64,312,0,0.04053198226725776,0.061842989600071646,0.8021363824356307,0.13602062796429784
contiguous,primary,M0,5,1203,198,0,0.16458852867830423,1005,37,232,0,0.03681592039800995,0.06602650018583975,0.8507555595134761,0.08321794030068431
contiguous,primary,M0,6,736,136,0,0.18478260869565216,600,25,155,0,0.041666666666666664,0.06885319652757495,0.883658304931274,0.04748849854115137
contiguous,primary,M0,7,420,74,0,0.1761904761904762,346,9,103,0,0.02601156069364162,0.06987080721059961,0.9036713150307591,0.026457877758641474
contiguous,primary,M0,8,234,51,0,0.21794871794871795,183,6,61,0,0.03278688524590164,0.07054921433261606,0.9163349146417329,0.01311587102565133
contiguous,primary,M0,9,116,12,0,0.10344827586206896,104,4,25,0,0.038461538461538464,0.07100148574729369,0.9205184252275009,0.008480089025205601
contiguous,primary,M0,10,75,6,0,0.08,69,2,20,0,0.028985507246376812,0.0712276214546325,0.9234581894229056,0.005314189122462176
contiguous,primary,M0,11,47,7,0,0.14893617021276595,40,1,15,0,0.025,0.07134068930830191,0.9259456822036326,0.002713628488065792
contiguous,primary,M0,12,24,3,0,0.125,21,0,7,0,0.0,0.07134068930830191,0.9270763607403267,0.001582949951371712
contiguous,primary,M0,13,14,4,0,0.2857142857142857,10,0,5,0,0.0,0.07134068930830191,0.9280939714233514,0.00056533926834704
contiguous,primary,M0,14,5,1,0,0.2,4,0,2,0,0.0,0.07134068930830191,0.9284331749843596,0.00022613570733881602
contiguous,primary,M0,15,2,1,0,0.5,1,0,0,0,0.0,0.07134068930830191,0.928546242838029,0.00011306785366940801
contiguous,primary,M0,16,1,0,0,0.0,1,0,1,0,0.0,0.07134068930830191,0.9286593106916984,0.0
contiguous,primary,M0,17,0,0,0,0.0,0,0,0,0,0.0,0.07134068930830191,0.9286593106916984,0.0
contiguous,primary,M0,18,0,0,0,0.0,0,0,0,0,0.0,0.07134068930830191,0.9286593106916984,0.0
contiguous,primary,M0,19,0,0,0,0.0,0,0,0,0,0.0,0.07134068930830191,0.9286593106916984,0.0
contiguous,primary,M0,20,0,0,0,0.0,0,0,0,0,0.0,0.07134068930830191,0.9286593106916984,0.0
contiguous,primary,M0,21,0,0,0,0.0,0,0,0,0,0.0,0.07134068930830191,0.9286593106916984,0.0
contiguous,primary,M0,22,0,0,0,0.0,0,0,0,0,0.0,0.07134068930830191,0.9286593106916984,0.0
contiguous,primary,M0,23,0,0,0,0.0,0,0,0,0,0.0,0.07134068930830191,0.9286593106916984,0.0
contiguous,primary,M0,24,0,0,0,0.0,0,0,0,0,0.0,0.07134068930830191,0.9286593106916984,0.0
contiguous,primary,M0,25,0,0,0,0.0,0,0,0,0,0.0,0.07134068930830191,0.9286593106916984,0.0
contiguous,primary,M1,1,8848,1357,7,0.15336799276672694,7484,558,282,1,0.07455905932656333,0.063124086055073,0.18526941260101115,0.7516065013439158
contiguous,primary,M1,2,6643,888,3,0.13367454463344874,5752,699,412,0,0.12152294853963838,0.14225203378259849,0.33237914589773654,0.5253688203196649
contiguous,primary,M1,3,4641,542,4,0.11678517560870502,4095,545,368,0,0.1330891330891331,0.20400719228240694,0.43543333185265637,0.36055947586493664
contiguous,primary,M1,4,3182,369,4,0.11596480201131364,2809,379,320,0,0.1349234603061588,0.24701367659457868,0.5135570835672092,0.23942923983821207
contiguous,primary,M1,5,2110,233,0,0.11042654028436019,1877,239,256,0,0.12733084709643047,0.27413386063312495,0.5690456609515152,0.15682047841535976
contiguous,primary,M1,6,1382,126,0,0.09117221418234443,1256,157,181,0,0.125,0.2919492116542621,0.6038820479801081,0.1041687403656297
contiguous,primary,M1,7,918,91,1,0.09912854030501089,826,87,127,1,0.1053268765133172,0.3018333643556377,0.6286367338829613,0.06952990176140095
contiguous,primary,M1,8,611,50,2,0.08183306055646482,559,60,92,0,0.1073345259391771,0.30868560662040423,0.6448333500169292,0.04648104336266654
contiguous,primary,M1,9,407,47,0,0.11547911547911548,360,32,46,0,0.08888888888888889,0.31234013582827974,0.6554543255273174,0.03220553864440286
contiguous,primary,M1,10,282,23,0,0.08156028368794327,259,23,42,1,0.0888030888030888,0.31496682869644027,0.6628775879808145,0.022155583322745236
contiguous,primary,M1,11,193,17,0,0.08808290155440414,176,7,27,1,0.03977272727272727,0.3157703990760217,0.6679286017953264,0.016300999128651936
contiguous,primary,M1,12,141,10,0,0.07092198581560284,131,12,22,0,0.0916030534351145,0.3171577181508006,0.6716281193280701,0.011214162521129346
contiguous,primary,M1,13,97,6,0,0.061855670103092786,91,4,23,0,0.04395604395604396,0.3176201578423936,0.674980807092119,0.007399035065487403
contiguous,primary,M1,14,64,9,0,0.140625,55,5,13,0,0.09090909090909091,0.3181982074568848,0.6775242253958803,0.004277567147234904
contiguous,primary,M1,15,37,2,0,0.05405405405405406,35,3,4,0,0.08571428571428572,0.31854503722557953,0.6782178849332697,0.003237077841150739
contiguous,primary,M1,16,28,3,0,0.10714285714285714,25,0,2,1,0.0,0.31854503722557953,0.6787959345477609,0.0026590282266595357
contiguous,primary,M1,17,22,2,0,0.09090909090909091,20,2,3,0,0.1,0.31878676706436676,0.679400259144729,0.0018129737909042287
contiguous,primary,M1,18,15,2,0,0.13333333333333333,13,0,4,0,0.0,0.31878676706436676,0.6801254486610907,0.0010877842745425372
contiguous,primary,M1,19,9,0,0,0.0,9,0,2,0,0.0,0.31878676706436676,0.6803671784998779,0.0008460544357553067
contiguous,primary,M1,20,7,0,0,0.0,7,0,3,0,0.0,0.31878676706436676,0.6807297732580588,0.00048345967757446094
contiguous,primary,M1,21,4,1,0,0.25,3,0,1,0,0.0,0.31878676706436676,0.6809715030968462,0.00024172983878723053
contiguous,primary,M1,22,2,0,0,0.0,2,0,0,0,0.0,0.31878676706436676,0.6809715030968462,0.00024172983878723053
contiguous,primary,M1,23,2,0,0,0.0,2,0,0,0,0.0,0.31878676706436676,0.6809715030968462,0.00024172983878723053
contiguous,primary,M1,24,2,0,0,0.0,2,0,1,0,0.0,0.31878676706436676,0.6810923680162398,0.00012086491939361526
contiguous,primary,M1,25,1,0,0,0.0,1,0,1,0,0.0,0.31878676706436676,0.6812132329356335,0.0
contiguous,legacy,M0,1,8848,2949,1,0.33329566003616634,5898,12,537,37,0.002034587995930824,0.001356468646925399,0.39399763198607796,0.6046458993669966
contiguous,legacy,M0,2,5312,1380,1,0.25978915662650603,3931,17,640,33,0.0043245993385906895,0.0032920099007837248,0.6239455156796775,0.37276247441953875
contiguous,legacy,M0,3,3241,712,0,0.2196852823202715,2529,10,560,28,0.0039541320680110716,0.004442156381559839,0.7702441480343992,0.22531369558404088
contiguous,legacy,M0,4,1931,347,0,0.17969963749352666,1584,4,365,7,0.0025252525252525255,0.0049088859425832285,0.8533220098965624,0.1417691041608543
contiguous,legacy,M0,5,1208,199,0,0.16473509933774835,1009,1,266,4,0.0009910802775024777,0.005026244472517711,0.9078937263160965,0.08708002921138568
contiguous,legacy,M0,6,738,136,0,0.1842818428184282,602,1,176,3,0.0016611295681063123,0.005144239092045333,0.944708047608715,0.05014771329923972
contiguous,legacy,M0,7,422,74,0,0.17535545023696683,348,0,111,2,0.0,0.005144239092045333,0.9666922347185712,0.02816352618938344
contiguous,legacy,M0,8,235,51,0,0.2170212765957447,184,0,67,0,0.0,0.005144239092045333,0.9808339202094106,0.014021840698544097
contiguous,legacy,M0,9,117,12,0,0.10256410256410256,105,0,28,1,0.0,0.005144239092045333,0.9856277119012206,0.00922804900673415
contiguous,legacy,M0,10,76,6,0,0.07894736842105263,70,0,22,0,0.0,0.005144239092045333,0.9890275194300173,0.005828241477937359
contiguous,legacy,M0,11,48,7,0,0.14583333333333334,41,0,16,0,0.0,0.005144239092045333,0.9918202184715289,0.0030355424364257077
contiguous,legacy,M0,12,25,3,0,0.12,22,0,7,0,0.0,0.005144239092045333,0.9930344354460992,0.0018213254618554247
contiguous,legacy,M0,13,15,4,0,0.26666666666666666,11,0,5,0,0.0,0.005144239092045333,0.9941272307232124,0.0007285301847421698
contiguous,legacy,M0,14,6,1,0,0.16666666666666666,5,0,3,0,0.0,0.005144239092045333,0.9946129175130405,0.00024284339491405664
contiguous,legacy,M0,15,2,1,0,0.5,1,0,0,0,0.0,0.005144239092045333,0.9947343392104975,0.00012142169745702832
contiguous,legacy,M0,16,1,0,0,0.0,1,0,1,0,0.0,0.005144239092045333,0.9948557609079545,0.0
contiguous,legacy,M0,17,0,0,0,0.0,0,0,0,0,0.0,0.005144239092045333,0.9948557609079545,0.0
contiguous,legacy,M0,18,0,0,0,0.0,0,0,0,0,0.0,0.005144239092045333,0.9948557609079545,0.0
contiguous,legacy,M0,19,0,0,0,0.0,0,0,0,0,0.0,0.005144239092045333,0.9948557609079545,0.0
contiguous,legacy,M0,20,0,0,0,0.0,0,0,0,0,0.0,0.005144239092045333,0.9948557609079545,0.0
contiguous,legacy,M0,21,0,0,0,0.0,0,0,0,0,0.0,0.005144239092045333,0.9948557609079545,0.0
contiguous,legacy,M0,22,0,0,0,0.0,0,0,0,0,0.0,0.005144239092045333,0.9948557609079545,0.0
contiguous,legacy,M0,23,0,0,0,0.0,0,0,0,0,0.0,0.005144239092045333,0.9948557609079545,0.0
contiguous,legacy,M0,24,0,0,0,0.0,0,0,0,0,0.0,0.005144239092045333,0.9948557609079545,0.0
contiguous,legacy,M0,25,0,0,0,0.0,0,0,0,0,0.0,0.005144239092045333,0.9948557609079545,0.0
contiguous,legacy,M1,1,8848,1357,7,0.15336799276672694,7484,125,343,351,0.016702298236237305,0.014140700281154345,0.19217007433821448,0.7936892253806311
contiguous,legacy,M1,2,6665,890,3,0.13353338334583645,5772,143,536,425,0.024774774774774775,0.03117844216334942,0.36201582772462604,0.6068057301120245
contiguous,legacy,M1,3,4668,543,4,0.11632390745501285,4121,103,452,354,0.024993933511283668,0.04458068210547223,0.4914155544614216,0.4640037634331062
contiguous,legacy,M1,4,3212,369,4,0.11488169364881694,2839,84,405,214,0.029587883057414582,0.05673237316547956,0.6033096031319343,0.3399580237025861
contiguous,legacy,M1,5,2136,235,0,0.1100187265917603,1901,36,313,149,0.01893740136770121,0.0624620027784445,0.6905272983515116,0.24701069887004384
contiguous,legacy,M1,6,1403,126,0,0.08980755523877405,1277,19,227,98,0.014878621769772905,0.06580712272037667,0.752676105693725,0.18151677158589824
contiguous,legacy,M1,7,933,92,1,0.09860664523043944,840,11,152,54,0.013095238095238096,0.06794973954008415,0.8001819343742828,0.13186832608563295
contiguous,legacy,M1,8,623,52,2,0.08346709470304976,569,8,114,34,0.014059753954305799,0.06964902474252929,0.8354034145708482,0.09494756068662234
contiguous,legacy,M1,9,413,49,0,0.11864406779661017,364,3,57,19,0.008241758241758242,0.07033871646664519,0.8597725221562768,0.06988876137707795
contiguous,legacy,M1,10,285,23,0,0.08070175438596491,262,3,51,12,0.011450381679389313,0.07107438763903548,0.877919077741904,0.0510065346190604
contiguous,legacy,M1,11,196,17,0,0.08673469387755102,179,1,30,4,0.00558659217877095,0.0713346250605613,0.8901502365536175,0.038515138385821115
contiguous,legacy,M1,12,144,10,0,0.06944444444444445,134,2,29,3,0.014925373134328358,0.07186955753814216,0.900581419866444,0.027549022595413714
contiguous,legacy,M1,13,100,6,0,0.06,94,1,24,2,0.010638297872340425,0.07214504776409629,0.9088461266450681,0.019008825590835464
contiguous,legacy,M1,14,67,10,0,0.14925373134328357,57,1,14,3,0.017543859649122806,0.07242876157888488,0.9156552581999943,0.01191598022112074
contiguous,legacy,M1,15,39,2,0,0.05128205128205128,37,1,5,1,0.02702702702702703,0.0727342995332726,0.9177940238807082,0.009471676586019048
contiguous,legacy,M1,16,30,3,0,0.1,27,0,2,1,0.0,0.0727342995332726,0.9193726366450448,0.00789306382168254
contiguous,legacy,M1,17,24,2,0,0.08333333333333333,22,0,4,2,0.0,0.0727342995332726,0.9213459026004654,0.005919797866261904
contiguous,legacy,M1,18,16,2,0,0.125,14,0,4,0,0.0,0.0727342995332726,0.9235658268003136,0.00369987366641369
contiguous,legacy,M1,19,10,0,0,0.0,10,0,2,0,0.0,0.0727342995332726,0.9243058015335963,0.002959898933130952
contiguous,legacy,M1,20,8,0,0,0.0,8,0,3,0,0.0,0.0727342995332726,0.9254157636335204,0.001849936833206845
contiguous,legacy,M1,21,5,1,0,0.2,4,1,1,0,0.25,0.07310428689991397,0.9261557383668032,0.000739974733282738
contiguous,legacy,M1,22,2,0,0,0.0,2,0,0,0,0.0,0.07310428689991397,0.9261557383668032,0.000739974733282738
contiguous,legacy,M1,23,2,0,0,0.0,2,0,0,0,0.0,0.07310428689991397,0.9261557383668032,0.000739974733282738
contiguous,legacy,M1,24,2,0,0,0.0,2,0,1,0,0.0,0.07310428689991397,0.9265257257334446,0.000369987366641369
contiguous,legacy,M1,25,1,0,0,0.0,1,0,1,0,0.0,0.07310428689991397,0.926895713100086,0.0
