sample_id,stable_prompt_id,model_tag,seed,kind,seed_ordinal,prior_reuse_events,progress,after_1g,after_1_25g,after_last_new_relaxed,relaxed_coverage,relaxed_fraction_of_final
M0:2:0,2,M0,0,primary_semantic_capture,8,7,0.3548387096774194,False,False,True,0.11827956989247312,1.0
M0:2:3,2,M0,3,primary_semantic_capture,5,4,0.3870967741935484,False,False,True,0.11827956989247312,1.0
M0:2:6,2,M0,6,primary_semantic_capture,3,2,0.1827956989247312,False,False,False,0.053763440860215055,0.38461538461538464
M0:4:3,4,M0,3,primary_semantic_capture,4,3,0.8695652173913043,False,False,True,0.1956521739130435,1.0
M0:5:4,5,M0,4,primary_semantic_capture,138,137,2.2127659574468086,True,True,True,0.3829787234042553,1.0
M0:5:5,5,M0,5,primary_semantic_capture,40,39,1.1063829787234043,True,False,True,0.14893617021276595,1.0
M0:14:5,14,M0,5,primary_semantic_capture,5,4,1.1481481481481481,True,False,True,0.14814814814814814,1.0
M0:14:7,14,M0,7,primary_semantic_capture,26,25,1.2839506172839505,True,True,True,0.09876543209876543,1.0
M0:16:7,16,M0,7,primary_semantic_capture,29,28,2.2435897435897436,True,True,True,0.20512820512820512,1.0
M0:20:3,20,M0,3,primary_semantic_capture,14,13,1.2555555555555555,True,True,True,0.16666666666666666,1.0
M0:21:0,21,M0,0,primary_semantic_capture,2,1,1.028169014084507,True,False,True,0.16901408450704225,1.0
M0:21:3,21,M0,3,primary_semantic_capture,17,16,1.2253521126760563,True,False,True,0.16901408450704225,1.0
M0:21:7,21,M0,7,primary_semantic_capture,13,12,1.295774647887324,True,True,True,0.16901408450704225,1.0
M0:22:4,22,M0,4,primary_semantic_capture,14,13,1.4333333333333333,True,True,True,0.05,1.0
M0:23:4,23,M0,4,primary_semantic_capture,3,2,0.6081081081081081,False,False,True,0.14864864864864866,1.0
M0:23:5,23,M0,5,primary_semantic_capture,1,0,0.4594594594594595,False,False,True,0.02702702702702703,1.0
M0:23:5,23,M0,5,legacy_aligned_capture,1,0,0.4594594594594595,False,False,True,0.02702702702702703,1.0
M0:29:5,29,M0,5,primary_semantic_capture,1,0,0.5833333333333334,False,False,True,0.25,1.0
M0:32:6,32,M0,6,primary_semantic_capture,7,6,1.1590909090909092,True,False,True,0.022727272727272728,1.0
M0:40:6,40,M0,6,primary_semantic_capture,1,0,2.1875,True,True,True,0.28125,1.0
M0:40:7,40,M0,7,primary_semantic_capture,2,1,2.4375,True,True,True,0.28125,1.0
M0:45:2,45,M0,2,primary_semantic_capture,7,6,0.6883116883116883,False,False,True,0.07792207792207792,1.0
M0:45:3,45,M0,3,primary_semantic_capture,3,2,0.4675324675324675,False,False,True,0.05194805194805195,1.0
M0:48:0,48,M0,0,primary_semantic_capture,36,35,1.3625,True,True,True,0.1125,1.0
M0:48:1,48,M0,1,primary_semantic_capture,56,55,1.85,True,True,True,0.1,1.0
M0:48:5,48,M0,5,primary_semantic_capture,10,9,1.675,True,True,True,0.2,1.0
M0:52:7,52,M0,7,primary_semantic_capture,5,4,1.5,True,True,True,0.34615384615384615,1.0
M0:53:7,53,M0,7,primary_semantic_capture,1,0,0.5581395348837209,False,False,True,0.1511627906976744,1.0
M0:54:1,54,M0,1,primary_semantic_capture,3,2,2.625,True,True,True,0.25,1.0
M0:54:4,54,M0,4,primary_semantic_capture,8,7,2.6875,True,True,True,0.25,1.0
M0:58:5,58,M0,5,primary_semantic_capture,4,3,0.8571428571428571,False,False,True,0.24489795918367346,1.0
M0:58:7,58,M0,7,primary_semantic_capture,9,8,0.5918367346938775,False,False,True,0.1836734693877551,1.0
M0:60:7,60,M0,7,primary_semantic_capture,8,7,0.42105263157894735,False,False,True,0.15789473684210525,1.0
M0:64:4,64,M0,4,primary_semantic_capture,1,0,0.6428571428571429,False,False,True,0.125,1.0
M0:67:2,67,M0,2,primary_semantic_capture,1,0,0.6923076923076923,False,False,True,0.01282051282051282,1.0
M0:67:2,67,M0,2,legacy_aligned_capture,1,0,0.6923076923076923,False,False,True,0.01282051282051282,1.0
M0:67:4,67,M0,4,primary_semantic_capture,1,0,0.5769230769230769,False,False,True,0.02564102564102564,1.0
M0:67:4,67,M0,4,legacy_aligned_capture,1,0,0.5769230769230769,False,False,True,0.02564102564102564,1.0
M0:67:5,67,M0,5,primary_semantic_capture,3,2,0.8461538461538461,False,False,True,0.02564102564102564,1.0
M0:67:5,67,M0,5,legacy_aligned_capture,3,2,0.8461538461538461,False,False,True,0.02564102564102564,1.0
M0:67:6,67,M0,6,primary_semantic_capture,24,23,1.358974358974359,True,True,True,0.01282051282051282,1.0
M0:72:4,72,M0,4,primary_semantic_capture,1,0,1.6486486486486487,True,True,True,0.5,1.0
M0:74:7,74,M0,7,primary_semantic_capture,3,2,1.488888888888889,True,True,True,0.1111111111111111,1.0
M0:76:3,76,M0,3,primary_semantic_capture,1,0,1.4102564102564104,True,True,,0.0,nan
M0:76:4,76,M0,4,primary_semantic_capture,2,1,1.6153846153846154,True,True,True,0.05128205128205128,1.0
M0:77:1,77,M0,1,primary_semantic_capture,7,6,1.490909090909091,True,True,True,0.05454545454545454,1.0
M0:77:2,77,M0,2,primary_semantic_capture,4,3,0.6181818181818182,False,False,True,0.10909090909090909,1.0
M0:77:2,77,M0,2,legacy_aligned_capture,4,3,0.6181818181818182,False,False,True,0.10909090909090909,1.0
M0:93:7,93,M0,7,primary_semantic_capture,5,4,1.2765957446808511,True,True,True,0.2978723404255319,1.0
M0:96:1,96,M0,1,primary_semantic_capture,11,10,2.65,True,True,True,0.6,1.0
M0:96:7,96,M0,7,primary_semantic_capture,3,2,2.175,True,True,True,0.55,1.0
M0:113:3,113,M0,3,primary_semantic_capture,2,1,2.4444444444444446,True,True,True,0.5555555555555556,1.0
M0:113:4,113,M0,4,primary_semantic_capture,4,3,8.777777777777779,True,True,True,0.2222222222222222,1.0
M0:117:2,117,M0,2,primary_semantic_capture,5,4,1.829268292682927,True,True,True,0.12195121951219512,1.0
M0:117:5,117,M0,5,primary_semantic_capture,16,15,3.1219512195121952,True,True,True,0.12195121951219512,1.0
M0:117:6,117,M0,6,primary_semantic_capture,7,6,0.7317073170731707,False,False,True,0.12195121951219512,1.0
M0:119:1,119,M0,1,primary_semantic_capture,3,2,0.4418604651162791,False,False,True,0.11627906976744186,1.0
M0:119:3,119,M0,3,primary_semantic_capture,5,4,0.7558139534883721,False,False,True,0.09302325581395349,1.0
M0:119:6,119,M0,6,primary_semantic_capture,5,4,0.7441860465116279,False,False,True,0.09302325581395349,1.0
M0:123:1,123,M0,1,primary_semantic_capture,53,52,1.1071428571428572,True,False,True,0.19642857142857142,1.0
M0:123:3,123,M0,3,primary_semantic_capture,14,13,0.625,False,False,True,0.15178571428571427,1.0
M0:123:5,123,M0,5,primary_semantic_capture,8,7,0.5714285714285714,False,False,True,0.11607142857142858,1.0
M0:123:6,123,M0,6,primary_semantic_capture,18,17,0.7946428571428571,False,False,True,0.17857142857142858,1.0
M0:127:5,127,M0,5,primary_semantic_capture,9,8,1.086021505376344,True,False,True,0.3655913978494624,1.0
M0:132:2,132,M0,2,primary_semantic_capture,17,16,1.0566037735849056,True,False,True,0.1320754716981132,1.0
M0:132:3,132,M0,3,primary_semantic_capture,2,1,0.9433962264150944,False,False,True,0.16981132075471697,1.0
M0:132:4,132,M0,4,primary_semantic_capture,6,5,0.9056603773584906,False,False,True,0.22641509433962265,1.0
M0:134:0,134,M0,0,primary_semantic_capture,1,0,0.703125,False,False,True,0.28125,1.0
M0:134:0,134,M0,0,legacy_aligned_capture,3,2,0.734375,False,False,True,0.28125,1.0
M0:134:1,134,M0,1,primary_semantic_capture,8,7,0.765625,False,False,True,0.25,1.0
M0:134:1,134,M0,1,legacy_aligned_capture,8,7,0.765625,False,False,True,0.25,1.0
M0:134:2,134,M0,2,primary_semantic_capture,11,10,0.890625,False,False,True,0.21875,1.0
M0:134:3,134,M0,3,primary_semantic_capture,16,15,0.890625,False,False,True,0.296875,1.0
M0:134:3,134,M0,3,legacy_aligned_capture,16,15,0.890625,False,False,True,0.296875,1.0
M0:134:4,134,M0,4,primary_semantic_capture,4,3,0.75,False,False,False,0.359375,0.92
M0:134:5,134,M0,5,primary_semantic_capture,5,4,0.84375,False,False,True,0.296875,1.0
M0:134:5,134,M0,5,legacy_aligned_capture,6,5,0.859375,False,False,True,0.296875,1.0
M0:138:4,138,M0,4,primary_semantic_capture,4,3,0.7951807228915663,False,False,True,0.1686746987951807,1.0
M0:139:4,139,M0,4,primary_semantic_capture,18,17,2.45,True,True,True,0.4,1.0
M0:139:6,139,M0,6,primary_semantic_capture,4,3,2.2,True,True,True,0.35,1.0
M0:140:1,140,M0,1,primary_semantic_capture,2,1,1.4545454545454546,True,True,True,0.4090909090909091,1.0
M0:147:0,147,M0,0,primary_semantic_capture,3,2,0.9361702127659575,False,False,True,0.48936170212765956,1.0
M0:147:2,147,M0,2,primary_semantic_capture,16,15,1.2340425531914894,True,False,True,0.40425531914893614,1.0
M0:147:5,147,M0,5,primary_semantic_capture,2,1,1.1702127659574468,True,False,True,0.7446808510638298,1.0
M0:147:7,147,M0,7,primary_semantic_capture,20,19,1.7659574468085106,True,True,True,0.6595744680851063,1.0
M0:153:3,153,M0,3,primary_semantic_capture,29,28,1.0612244897959184,True,False,True,0.05102040816326531,1.0
M0:154:1,154,M0,1,primary_semantic_capture,13,12,0.922077922077922,False,False,True,0.09090909090909091,1.0
M0:154:4,154,M0,4,primary_semantic_capture,7,6,0.7012987012987013,False,False,True,0.06493506493506493,1.0
M0:154:5,154,M0,5,primary_semantic_capture,9,8,0.6493506493506493,False,False,True,0.025974025974025976,1.0
M0:154:5,154,M0,5,legacy_aligned_capture,9,8,0.6493506493506493,False,False,True,0.025974025974025976,1.0
M0:154:6,154,M0,6,primary_semantic_capture,15,14,0.8181818181818182,False,False,True,0.06493506493506493,1.0
M0:160:1,160,M0,1,primary_semantic_capture,8,7,1.5714285714285714,True,True,True,0.125,1.0
M0:160:4,160,M0,4,primary_semantic_capture,6,5,1.5178571428571428,True,True,True,0.26785714285714285,1.0
M0:160:5,160,M0,5,primary_semantic_capture,15,14,1.4821428571428572,True,True,True,0.23214285714285715,1.0
M0:160:7,160,M0,7,primary_semantic_capture,24,23,1.3392857142857142,True,True,True,0.17857142857142858,1.0
M0:161:2,161,M0,2,primary_semantic_capture,12,11,1.4705882352941178,True,True,True,0.23529411764705882,1.0
M0:162:1,162,M0,1,primary_semantic_capture,8,7,0.9142857142857143,False,False,True,0.05714285714285714,1.0
M0:163:3,163,M0,3,primary_semantic_capture,1,0,0.5051546391752577,False,False,True,0.12371134020618557,1.0
M0:163:7,163,M0,7,primary_semantic_capture,3,2,0.4020618556701031,False,False,True,0.1134020618556701,1.0
M0:167:0,167,M0,0,primary_semantic_capture,9,8,1.4883720930232558,True,True,True,0.18604651162790697,1.0
M0:167:3,167,M0,3,primary_semantic_capture,19,18,2.0232558139534884,True,True,True,0.18604651162790697,1.0
M0:167:6,167,M0,6,primary_semantic_capture,25,24,2.7906976744186047,True,True,True,0.18604651162790697,1.0
M0:179:1,179,M0,1,primary_semantic_capture,3,2,0.6415094339622641,False,False,True,0.07547169811320754,1.0
M0:179:3,179,M0,3,primary_semantic_capture,15,14,0.6981132075471698,False,False,True,0.09433962264150944,1.0
M0:179:4,179,M0,4,primary_semantic_capture,10,9,1.0,True,False,True,0.11320754716981132,1.0
M0:179:7,179,M0,7,primary_semantic_capture,10,9,0.9056603773584906,False,False,True,0.07547169811320754,1.0
M0:181:6,181,M0,6,primary_semantic_capture,4,3,0.6944444444444444,False,False,True,0.1111111111111111,1.0
M0:187:2,187,M0,2,primary_semantic_capture,20,19,0.5964912280701754,False,False,True,0.08771929824561403,1.0
M0:187:7,187,M0,7,primary_semantic_capture,22,21,1.0526315789473684,True,False,True,0.19298245614035087,1.0
M0:188:6,188,M0,6,primary_semantic_capture,6,5,1.6136363636363635,True,True,True,0.5,1.0
M0:193:7,193,M0,7,primary_semantic_capture,2,1,1.0,True,False,True,0.41379310344827586,1.0
M0:196:4,196,M0,4,primary_semantic_capture,7,6,1.829268292682927,True,True,True,0.2682926829268293,1.0
M0:198:2,198,M0,2,primary_semantic_capture,9,8,1.1379310344827587,True,False,True,0.2413793103448276,1.0
M0:204:4,204,M0,4,primary_semantic_capture,17,16,0.6574074074074074,False,False,True,0.037037037037037035,1.0
M0:215:3,215,M0,3,primary_semantic_capture,6,5,1.411764705882353,True,True,True,0.75,1.0
M0:216:1,216,M0,1,primary_semantic_capture,26,25,1.2142857142857142,True,False,True,0.2571428571428571,1.0
M0:216:2,216,M0,2,primary_semantic_capture,27,26,0.9571428571428572,False,False,True,0.24285714285714285,1.0
M0:216:5,216,M0,5,primary_semantic_capture,20,19,0.8571428571428571,False,False,True,0.12857142857142856,1.0
M0:229:7,229,M0,7,primary_semantic_capture,16,15,1.3289473684210527,True,True,True,0.4342105263157895,1.0
M0:231:1,231,M0,1,primary_semantic_capture,11,10,0.9464285714285714,False,False,True,0.48214285714285715,1.0
M0:231:2,231,M0,2,primary_semantic_capture,20,19,1.4642857142857142,True,True,True,0.5178571428571429,1.0
M0:231:5,231,M0,5,primary_semantic_capture,4,3,0.9821428571428571,False,False,True,0.42857142857142855,1.0
M0:238:0,238,M0,0,primary_semantic_capture,23,22,1.5476190476190477,True,True,True,0.30952380952380953,1.0
M0:238:2,238,M0,2,primary_semantic_capture,6,5,1.0476190476190477,True,False,False,0.09523809523809523,0.36363636363636365
M0:239:2,239,M0,2,primary_semantic_capture,6,5,1.391304347826087,True,True,True,0.1956521739130435,1.0
M0:253:1,253,M0,1,primary_semantic_capture,4,3,1.5,True,True,True,0.22727272727272727,1.0
M0:264:2,264,M0,2,primary_semantic_capture,3,2,0.5510204081632653,False,False,True,0.20408163265306123,1.0
M0:268:0,268,M0,0,primary_semantic_capture,15,14,3.409090909090909,True,True,True,0.3181818181818182,1.0
M0:268:7,268,M0,7,primary_semantic_capture,2,1,1.6363636363636365,True,True,True,0.4090909090909091,1.0
M0:272:1,272,M0,1,primary_semantic_capture,8,7,1.2727272727272727,True,True,True,0.2,1.0
M0:272:2,272,M0,2,primary_semantic_capture,2,1,0.9272727272727272,False,False,True,0.12727272727272726,1.0
M0:273:3,273,M0,3,primary_semantic_capture,5,4,1.3846153846153846,True,True,True,0.1282051282051282,1.0
M0:283:7,283,M0,7,primary_semantic_capture,18,17,1.78125,True,True,True,0.421875,1.0
M0:291:5,291,M0,5,primary_semantic_capture,3,2,1.0,True,False,True,0.2727272727272727,1.0
M0:298:1,298,M0,1,primary_semantic_capture,23,22,2.2278481012658227,True,True,True,0.620253164556962,1.0
M0:298:2,298,M0,2,primary_semantic_capture,16,15,1.1772151898734178,True,False,True,0.43037974683544306,1.0
M0:298:3,298,M0,3,primary_semantic_capture,15,14,1.3544303797468353,True,True,True,0.6582278481012658,1.0
M0:298:4,298,M0,4,primary_semantic_capture,17,16,1.5569620253164558,True,True,True,0.46835443037974683,1.0
M0:298:6,298,M0,6,primary_semantic_capture,15,14,1.2784810126582278,True,True,True,0.5189873417721519,1.0
M0:298:7,298,M0,7,primary_semantic_capture,49,48,1.6455696202531647,True,True,True,0.379746835443038,1.0
M0:302:4,302,M0,4,primary_semantic_capture,25,24,1.105263157894737,True,False,True,0.23684210526315788,1.0
M0:303:4,303,M0,4,primary_semantic_capture,3,2,1.1111111111111112,True,False,True,0.16666666666666666,1.0
M0:319:6,319,M0,6,primary_semantic_capture,1,0,1.0434782608695652,True,False,True,0.17391304347826086,1.0
M0:323:4,323,M0,4,primary_semantic_capture,1,0,0.9545454545454546,False,False,True,0.18181818181818182,1.0
M0:325:0,325,M0,0,primary_semantic_capture,6,5,1.5666666666666667,True,True,True,0.16666666666666666,1.0
M0:325:1,325,M0,1,primary_semantic_capture,1,0,0.8666666666666667,False,False,True,0.2,1.0
M0:325:2,325,M0,2,primary_semantic_capture,7,6,0.9,False,False,True,0.13333333333333333,1.0
M0:325:4,325,M0,4,primary_semantic_capture,3,2,1.1333333333333333,True,False,True,0.16666666666666666,1.0
M0:325:6,325,M0,6,primary_semantic_capture,1,0,0.6333333333333333,False,False,True,0.13333333333333333,1.0
M0:332:3,332,M0,3,primary_semantic_capture,3,2,0.9565217391304348,False,False,True,0.30434782608695654,1.0
M0:333:6,333,M0,6,primary_semantic_capture,4,3,0.6444444444444445,False,False,True,0.17777777777777778,1.0
M0:345:0,345,M0,0,primary_semantic_capture,14,13,1.0348837209302326,True,False,True,0.08139534883720931,1.0
M0:348:3,348,M0,3,primary_semantic_capture,8,7,1.5161290322580645,True,True,True,0.0967741935483871,1.0
M0:353:0,353,M0,0,primary_semantic_capture,2,1,1.7692307692307692,True,True,False,0.6538461538461539,0.9444444444444444
M0:353:1,353,M0,1,primary_semantic_capture,5,4,1.8846153846153846,True,True,True,0.4230769230769231,1.0
M0:353:5,353,M0,5,primary_semantic_capture,1,0,1.7692307692307692,True,True,True,0.5384615384615384,1.0
M0:353:6,353,M0,6,primary_semantic_capture,1,0,1.7307692307692308,True,True,True,0.6153846153846154,1.0
M0:355:1,355,M0,1,primary_semantic_capture,7,6,0.6785714285714286,False,False,True,0.17857142857142858,1.0
M0:355:3,355,M0,3,primary_semantic_capture,27,26,1.5,True,True,True,0.17857142857142858,1.0
M0:355:4,355,M0,4,primary_semantic_capture,6,5,0.6785714285714286,False,False,True,0.21428571428571427,1.0
M0:362:3,362,M0,3,primary_semantic_capture,1,0,1.0,True,False,True,0.5434782608695652,1.0
M0:363:4,363,M0,4,primary_semantic_capture,9,8,0.821917808219178,False,False,True,0.136986301369863,1.0
M0:367:5,367,M0,5,primary_semantic_capture,3,2,1.6,True,True,True,0.4666666666666667,1.0
M0:369:0,369,M0,0,primary_semantic_capture,6,5,1.0833333333333333,True,False,True,0.3055555555555556,1.0
M0:369:7,369,M0,7,primary_semantic_capture,9,8,1.4722222222222223,True,True,True,0.2777777777777778,1.0
M0:376:2,376,M0,2,primary_semantic_capture,2,1,0.5652173913043478,False,False,True,0.2463768115942029,1.0
M0:376:4,376,M0,4,primary_semantic_capture,6,5,0.6086956521739131,False,False,True,0.17391304347826086,1.0
M0:380:2,380,M0,2,primary_semantic_capture,2,1,0.6065573770491803,False,False,True,0.26229508196721313,1.0
M0:380:5,380,M0,5,primary_semantic_capture,3,2,0.6557377049180327,False,False,True,0.21311475409836064,1.0
M0:380:5,380,M0,5,legacy_aligned_capture,3,2,0.6557377049180327,False,False,True,0.21311475409836064,1.0
M0:380:7,380,M0,7,primary_semantic_capture,2,1,0.8524590163934426,False,False,True,0.3114754098360656,1.0
M0:384:7,384,M0,7,primary_semantic_capture,15,14,1.0625,True,False,True,0.3125,1.0
M0:391:1,391,M0,1,primary_semantic_capture,1,0,0.7540983606557377,False,False,False,0.13114754098360656,0.8888888888888888
M0:391:3,391,M0,3,primary_semantic_capture,4,3,0.9672131147540983,False,False,True,0.09836065573770492,1.0
M0:391:4,391,M0,4,primary_semantic_capture,28,27,1.5737704918032787,True,True,True,0.11475409836065574,1.0
M0:395:0,395,M0,0,primary_semantic_capture,12,11,2.736842105263158,True,True,True,0.10526315789473684,1.0
M0:395:7,395,M0,7,primary_semantic_capture,12,11,2.9473684210526314,True,True,True,0.10526315789473684,1.0
M0:399:1,399,M0,1,primary_semantic_capture,9,8,1.380952380952381,True,True,True,0.11904761904761904,1.0
M0:399:6,399,M0,6,primary_semantic_capture,38,37,1.880952380952381,True,True,True,0.09523809523809523,1.0
M0:399:7,399,M0,7,primary_semantic_capture,13,12,1.5476190476190477,True,True,True,0.19047619047619047,1.0
M0:400:6,400,M0,6,primary_semantic_capture,2,1,1.0465116279069768,True,False,True,0.27906976744186046,1.0
M0:403:1,403,M0,1,primary_semantic_capture,1,0,1.894736842105263,True,True,True,0.21052631578947367,1.0
M0:409:5,409,M0,5,primary_semantic_capture,1,0,2.707317073170732,True,True,True,0.1951219512195122,1.0
M0:409:6,409,M0,6,primary_semantic_capture,8,7,2.731707317073171,True,True,True,0.17073170731707318,1.0
M0:409:6,409,M0,6,legacy_aligned_capture,8,7,2.731707317073171,True,True,True,0.17073170731707318,1.0
M0:420:0,420,M0,0,primary_semantic_capture,3,2,0.8571428571428571,False,False,True,0.35064935064935066,1.0
M0:420:1,420,M0,1,primary_semantic_capture,32,31,1.4675324675324675,True,True,True,0.33766233766233766,1.0
M0:420:7,420,M0,7,primary_semantic_capture,1,0,1.0129870129870129,True,False,True,0.5064935064935064,1.0
M0:432:4,432,M0,4,primary_semantic_capture,1,0,0.9347826086956522,False,False,True,0.15217391304347827,1.0
M0:436:1,436,M0,1,primary_semantic_capture,1,0,0.9459459459459459,False,False,True,0.5135135135135135,1.0
M0:436:1,436,M0,1,legacy_aligned_capture,1,0,0.9459459459459459,False,False,True,0.5135135135135135,1.0
M0:436:2,436,M0,2,primary_semantic_capture,1,0,0.6756756756756757,False,False,False,0.35135135135135137,0.6842105263157895
M0:436:6,436,M0,6,primary_semantic_capture,5,4,1.0,True,False,True,0.4864864864864865,1.0
M0:453:5,453,M0,5,primary_semantic_capture,32,31,2.3157894736842106,True,True,True,0.6842105263157895,1.0
M0:458:7,458,M0,7,primary_semantic_capture,2,1,1.8823529411764706,True,True,True,0.20588235294117646,1.0
M0:465:0,465,M0,0,primary_semantic_capture,1,0,0.7627118644067796,False,False,True,0.1694915254237288,1.0
M0:467:7,467,M0,7,primary_semantic_capture,10,9,1.6774193548387097,True,True,True,0.16129032258064516,1.0
M0:469:4,469,M0,4,primary_semantic_capture,2,1,0.7010309278350515,False,False,True,0.28865979381443296,1.0
M0:472:2,472,M0,2,primary_semantic_capture,1,0,1.2622950819672132,True,True,True,0.29508196721311475,1.0
M0:475:1,475,M0,1,primary_semantic_capture,2,1,1.6666666666666667,True,True,True,0.3333333333333333,1.0
M0:475:5,475,M0,5,primary_semantic_capture,2,1,1.4074074074074074,True,True,True,0.48148148148148145,1.0
M0:483:7,483,M0,7,primary_semantic_capture,14,13,1.0,True,False,True,0.21739130434782608,1.0
M0:489:0,489,M0,0,primary_semantic_capture,2,1,0.9152542372881356,False,False,True,0.05084745762711865,1.0
M0:489:5,489,M0,5,primary_semantic_capture,1,0,0.8983050847457628,False,False,True,0.2033898305084746,1.0
M0:489:7,489,M0,7,primary_semantic_capture,6,5,0.576271186440678,False,False,True,0.0847457627118644,1.0
M0:491:4,491,M0,4,primary_semantic_capture,1,0,1.1538461538461537,True,False,True,0.2564102564102564,1.0
M0:496:5,496,M0,5,primary_semantic_capture,5,4,1.2622950819672132,True,True,True,0.18032786885245902,1.0
M0:499:0,499,M0,0,primary_semantic_capture,2,1,2.4468085106382977,True,True,True,0.48936170212765956,1.0
M0:499:1,499,M0,1,primary_semantic_capture,5,4,1.1914893617021276,True,False,True,0.44680851063829785,1.0
M0:508:0,508,M0,0,primary_semantic_capture,12,11,1.0163934426229508,True,False,True,0.5409836065573771,1.0
M0:510:3,510,M0,3,primary_semantic_capture,6,5,2.966666666666667,True,True,True,0.03333333333333333,1.0
M0:511:0,511,M0,0,primary_semantic_capture,10,9,1.095890410958904,True,False,True,0.3150684931506849,1.0
M0:511:0,511,M0,0,legacy_aligned_capture,12,11,1.1232876712328768,True,False,True,0.3150684931506849,1.0
M0:513:1,513,M0,1,primary_semantic_capture,18,17,1.046875,True,False,True,0.171875,1.0
M0:519:0,519,M0,0,primary_semantic_capture,9,8,2.55,True,True,True,0.1,1.0
M0:519:2,519,M0,2,primary_semantic_capture,8,7,2.0,True,True,True,0.15,1.0
M0:519:4,519,M0,4,primary_semantic_capture,1,0,0.65,False,False,True,0.1,1.0
M0:519:4,519,M0,4,legacy_aligned_capture,4,3,0.9,False,False,True,0.1,1.0
M0:521:3,521,M0,3,primary_semantic_capture,5,4,1.1081081081081081,True,False,True,0.08108108108108109,1.0
M0:521:7,521,M0,7,primary_semantic_capture,1,0,0.43243243243243246,False,False,True,0.0945945945945946,1.0
M0:526:2,526,M0,2,primary_semantic_capture,1,0,0.48,False,False,True,0.32,1.0
M0:530:0,530,M0,0,primary_semantic_capture,2,1,0.8307692307692308,False,False,True,0.5230769230769231,1.0
M0:530:0,530,M0,0,legacy_aligned_capture,2,1,0.8307692307692308,False,False,True,0.5230769230769231,1.0
M0:531:1,531,M0,1,primary_semantic_capture,26,25,1.3736263736263736,True,True,True,0.054945054945054944,1.0
M0:531:7,531,M0,7,primary_semantic_capture,12,11,1.4505494505494505,True,True,True,0.04395604395604396,1.0
M0:539:0,539,M0,0,primary_semantic_capture,10,9,2.013888888888889,True,True,True,0.20833333333333334,1.0
M0:539:1,539,M0,1,primary_semantic_capture,20,19,1.4305555555555556,True,True,True,0.06944444444444445,1.0
M0:547:0,547,M0,0,primary_semantic_capture,42,41,2.072289156626506,True,True,True,0.1566265060240964,1.0
M0:548:0,548,M0,0,primary_semantic_capture,4,3,0.9574468085106383,False,False,,0.0,nan
M0:548:1,548,M0,1,primary_semantic_capture,9,8,1.1702127659574468,True,False,True,0.19148936170212766,1.0
M0:548:7,548,M0,7,primary_semantic_capture,9,8,2.0,True,True,True,0.1276595744680851,1.0
M0:553:0,553,M0,0,primary_semantic_capture,8,7,0.9230769230769231,False,False,True,0.28846153846153844,1.0
M0:553:7,553,M0,7,primary_semantic_capture,24,23,1.2884615384615385,True,True,True,0.25,1.0
M0:558:5,558,M0,5,primary_semantic_capture,7,6,1.2804878048780488,True,True,True,0.4024390243902439,1.0
M0:560:2,560,M0,2,primary_semantic_capture,2,1,2.188679245283019,True,True,True,0.37735849056603776,1.0
M0:568:1,568,M0,1,primary_semantic_capture,9,8,3.7142857142857144,True,True,True,0.17142857142857143,1.0
M0:568:3,568,M0,3,primary_semantic_capture,1,0,1.0571428571428572,True,False,True,0.05714285714285714,1.0
M0:568:7,568,M0,7,primary_semantic_capture,1,0,1.0285714285714285,True,False,True,0.2571428571428571,1.0
M0:576:5,576,M0,5,primary_semantic_capture,10,9,0.9518072289156626,False,False,True,0.1566265060240964,1.0
M0:585:3,585,M0,3,primary_semantic_capture,1,0,0.5625,False,False,False,0.1875,0.6666666666666666
M0:590:1,590,M0,1,primary_semantic_capture,4,3,0.7560975609756098,False,False,True,0.024390243902439025,1.0
M0:590:1,590,M0,1,legacy_aligned_capture,4,3,0.7560975609756098,False,False,True,0.024390243902439025,1.0
M0:590:2,590,M0,2,primary_semantic_capture,4,3,0.9512195121951219,False,False,True,0.0975609756097561,1.0
M0:590:2,590,M0,2,legacy_aligned_capture,4,3,0.9512195121951219,False,False,True,0.0975609756097561,1.0
M0:590:5,590,M0,5,primary_semantic_capture,3,2,1.3902439024390243,True,True,True,0.024390243902439025,1.0
M0:590:6,590,M0,6,primary_semantic_capture,1,0,0.7560975609756098,False,False,True,0.024390243902439025,1.0
M0:591:0,591,M0,0,primary_semantic_capture,5,4,1.125,True,False,True,0.1,1.0
M0:591:1,591,M0,1,primary_semantic_capture,12,11,1.6,True,True,True,0.25,1.0
M0:591:2,591,M0,2,primary_semantic_capture,1,0,0.9,False,False,True,0.075,1.0
M0:591:5,591,M0,5,primary_semantic_capture,6,5,1.075,True,False,True,0.025,1.0
M0:591:7,591,M0,7,primary_semantic_capture,11,10,1.4,True,True,True,0.1,1.0
M0:604:4,604,M0,4,primary_semantic_capture,2,1,0.7619047619047619,False,False,True,0.25396825396825395,1.0
M0:605:5,605,M0,5,primary_semantic_capture,8,7,0.7549019607843137,False,False,True,0.12745098039215685,1.0
M0:605:6,605,M0,6,primary_semantic_capture,9,8,0.7647058823529411,False,False,True,0.10784313725490197,1.0
M0:610:6,610,M0,6,primary_semantic_capture,13,12,0.5774647887323944,False,False,True,0.028169014084507043,1.0
M0:617:4,617,M0,4,primary_semantic_capture,18,17,1.2784810126582278,True,True,True,0.11392405063291139,1.0
M0:617:7,617,M0,7,primary_semantic_capture,21,20,1.2151898734177216,True,False,True,0.11392405063291139,1.0
M0:623:0,623,M0,0,primary_semantic_capture,1,0,1.673913043478261,True,True,True,0.30434782608695654,1.0
M0:632:1,632,M0,1,primary_semantic_capture,29,28,2.55,True,True,True,0.175,1.0
M0:632:3,632,M0,3,primary_semantic_capture,29,28,4.45,True,True,True,0.4,1.0
M0:632:4,632,M0,4,primary_semantic_capture,2,1,1.9,True,True,True,0.275,1.0
M0:632:6,632,M0,6,primary_semantic_capture,12,11,2.225,True,True,True,0.15,1.0
M0:632:7,632,M0,7,primary_semantic_capture,26,25,2.65,True,True,True,0.325,1.0
M0:640:4,640,M0,4,primary_semantic_capture,34,33,1.4805194805194806,True,True,True,0.4155844155844156,1.0
M0:644:0,644,M0,0,primary_semantic_capture,8,7,1.1159420289855073,True,False,True,0.14492753623188406,1.0
M0:644:1,644,M0,1,primary_semantic_capture,42,41,2.1884057971014492,True,True,True,0.10144927536231885,1.0
M0:644:6,644,M0,6,primary_semantic_capture,5,4,1.2173913043478262,True,False,True,0.057971014492753624,1.0
M0:647:3,647,M0,3,primary_semantic_capture,4,3,0.8863636363636364,False,False,True,0.20454545454545456,1.0
M0:647:4,647,M0,4,primary_semantic_capture,14,13,1.0454545454545454,True,False,True,0.2727272727272727,1.0
M0:647:4,647,M0,4,legacy_aligned_capture,14,13,1.0454545454545454,True,False,True,0.2727272727272727,1.0
M0:650:0,650,M0,0,primary_semantic_capture,5,4,1.1428571428571428,True,False,True,0.5476190476190477,1.0
M0:651:0,651,M0,0,primary_semantic_capture,12,11,0.7534246575342466,False,False,True,0.1780821917808219,1.0
M0:651:2,651,M0,2,primary_semantic_capture,4,3,0.7945205479452054,False,False,True,0.2054794520547945,1.0
M0:651:5,651,M0,5,primary_semantic_capture,1,0,0.6301369863013698,False,False,True,0.136986301369863,1.0
M0:651:7,651,M0,7,primary_semantic_capture,7,6,1.0410958904109588,True,False,True,0.1506849315068493,1.0
M0:652:0,652,M0,0,primary_semantic_capture,11,10,1.7628865979381443,True,True,True,0.6185567010309279,1.0
M0:654:7,654,M0,7,primary_semantic_capture,3,2,1.5555555555555556,True,True,True,0.25925925925925924,1.0
M0:654:7,654,M0,7,legacy_aligned_capture,3,2,1.5555555555555556,True,True,True,0.25925925925925924,1.0
M0:657:1,657,M0,1,primary_semantic_capture,6,5,1.7674418604651163,True,True,True,0.46511627906976744,1.0
M0:657:2,657,M0,2,primary_semantic_capture,7,6,1.3488372093023255,True,True,True,0.3953488372093023,1.0
M0:657:7,657,M0,7,primary_semantic_capture,4,3,1.697674418604651,True,True,True,0.23255813953488372,1.0
M0:664:2,664,M0,2,primary_semantic_capture,7,6,1.490566037735849,True,True,True,0.32075471698113206,1.0
M0:664:4,664,M0,4,primary_semantic_capture,4,3,1.509433962264151,True,True,True,0.37735849056603776,1.0
M0:664:4,664,M0,4,legacy_aligned_capture,4,3,1.509433962264151,True,True,True,0.37735849056603776,1.0
M0:664:6,664,M0,6,primary_semantic_capture,3,2,1.4150943396226414,True,True,True,0.32075471698113206,1.0
M0:665:4,665,M0,4,primary_semantic_capture,10,9,1.1585365853658536,True,False,True,0.25609756097560976,1.0
M0:665:6,665,M0,6,primary_semantic_capture,8,7,1.2195121951219512,True,False,True,0.18292682926829268,1.0
M0:666:3,666,M0,3,primary_semantic_capture,9,8,1.0689655172413792,True,False,False,0.5172413793103449,0.967741935483871
M0:670:5,670,M0,5,primary_semantic_capture,12,11,2.0,True,True,True,0.5,1.0
M0:672:3,672,M0,3,primary_semantic_capture,1,0,0.8541666666666666,False,False,True,0.08333333333333333,1.0
M0:679:5,679,M0,5,primary_semantic_capture,19,18,1.3818181818181818,True,True,True,0.38181818181818183,1.0
M0:679:7,679,M0,7,primary_semantic_capture,1,0,1.018181818181818,True,False,True,0.2545454545454545,1.0
M0:684:0,684,M0,0,primary_semantic_capture,13,12,0.6153846153846154,False,False,True,0.26153846153846155,1.0
M0:684:7,684,M0,7,primary_semantic_capture,9,8,1.2461538461538462,True,False,True,0.3230769230769231,1.0
M0:688:2,688,M0,2,primary_semantic_capture,6,5,1.2033898305084745,True,False,,0.0,nan
M0:688:5,688,M0,5,primary_semantic_capture,10,9,1.0169491525423728,True,False,,0.0,nan
M0:688:5,688,M0,5,legacy_aligned_capture,10,9,1.0169491525423728,True,False,,0.0,nan
M0:688:6,688,M0,6,primary_semantic_capture,2,1,1.6779661016949152,True,True,True,0.01694915254237288,1.0
M0:691:4,691,M0,4,primary_semantic_capture,5,4,1.3728813559322033,True,True,True,0.576271186440678,1.0
M0:704:2,704,M0,2,primary_semantic_capture,13,12,6.0,True,True,True,0.047619047619047616,1.0
M0:704:4,704,M0,4,primary_semantic_capture,2,1,3.3333333333333335,True,True,True,0.047619047619047616,1.0
M0:704:5,704,M0,5,primary_semantic_capture,22,21,5.714285714285714,True,True,,0.0,nan
M0:710:4,710,M0,4,primary_semantic_capture,19,18,1.3134328358208955,True,True,True,0.05970149253731343,1.0
M0:710:5,710,M0,5,primary_semantic_capture,20,19,1.3880597014925373,True,True,True,0.029850746268656716,1.0
M0:710:6,710,M0,6,primary_semantic_capture,16,15,0.6268656716417911,False,False,True,0.014925373134328358,1.0
M0:710:7,710,M0,7,primary_semantic_capture,10,9,1.1791044776119404,True,False,True,0.014925373134328358,1.0
M0:714:1,714,M0,1,primary_semantic_capture,16,15,1.4848484848484849,True,True,True,0.2878787878787879,1.0
M0:716:2,716,M0,2,primary_semantic_capture,13,12,1.9,True,True,True,0.6,1.0
M0:719:0,719,M0,0,primary_semantic_capture,2,1,0.6666666666666666,False,False,True,0.38333333333333336,1.0
M0:719:1,719,M0,1,primary_semantic_capture,8,7,0.7,False,False,True,0.45,1.0
M0:719:3,719,M0,3,primary_semantic_capture,13,12,1.6833333333333333,True,True,True,0.55,1.0
M0:719:4,719,M0,4,primary_semantic_capture,5,4,0.48333333333333334,False,False,True,0.31666666666666665,1.0
M0:719:5,719,M0,5,primary_semantic_capture,9,8,0.9333333333333333,False,False,True,0.16666666666666666,1.0
M0:719:6,719,M0,6,primary_semantic_capture,5,4,1.4333333333333333,True,True,True,0.48333333333333334,1.0
M0:719:7,719,M0,7,primary_semantic_capture,11,10,0.8833333333333333,False,False,True,0.45,1.0
M0:721:2,721,M0,2,primary_semantic_capture,6,5,0.5657894736842105,False,False,True,0.23684210526315788,1.0
M0:721:2,721,M0,2,legacy_aligned_capture,6,5,0.5657894736842105,False,False,True,0.23684210526315788,1.0
M0:730:3,730,M0,3,primary_semantic_capture,8,7,0.6538461538461539,False,False,True,0.15384615384615385,1.0
M0:730:4,730,M0,4,primary_semantic_capture,7,6,0.7051282051282052,False,False,True,0.28205128205128205,1.0
M0:737:4,737,M0,4,primary_semantic_capture,8,7,1.2439024390243902,True,False,True,0.35365853658536583,1.0
M0:737:6,737,M0,6,primary_semantic_capture,3,2,1.1585365853658536,True,False,True,0.3780487804878049,1.0
M0:737:6,737,M0,6,legacy_aligned_capture,3,2,1.1585365853658536,True,False,True,0.3780487804878049,1.0
M0:740:5,740,M0,5,primary_semantic_capture,15,14,1.5833333333333333,True,True,True,0.1388888888888889,1.0
M0:742:0,742,M0,0,primary_semantic_capture,5,4,1.7317073170731707,True,True,True,0.24390243902439024,1.0
M0:742:2,742,M0,2,primary_semantic_capture,6,5,2.5609756097560976,True,True,True,0.2926829268292683,1.0
M0:742:6,742,M0,6,primary_semantic_capture,40,39,2.4634146341463414,True,True,True,0.24390243902439024,1.0
M0:745:3,745,M0,3,primary_semantic_capture,3,2,0.9431818181818182,False,False,True,0.10227272727272728,1.0
M0:745:3,745,M0,3,legacy_aligned_capture,3,2,0.9431818181818182,False,False,True,0.10227272727272728,1.0
M0:745:7,745,M0,7,primary_semantic_capture,4,3,0.4318181818181818,False,False,True,0.11363636363636363,1.0
M0:758:5,758,M0,5,primary_semantic_capture,12,11,1.4444444444444444,True,True,True,0.25,1.0
M0:770:0,770,M0,0,primary_semantic_capture,7,6,1.021978021978022,True,False,True,0.14285714285714285,1.0
M0:770:1,770,M0,1,primary_semantic_capture,9,8,1.120879120879121,True,False,True,0.10989010989010989,1.0
M0:770:3,770,M0,3,primary_semantic_capture,7,6,0.8131868131868132,False,False,True,0.17582417582417584,1.0
M0:770:3,770,M0,3,legacy_aligned_capture,7,6,0.8131868131868132,False,False,True,0.17582417582417584,1.0
M0:770:4,770,M0,4,primary_semantic_capture,14,13,0.8241758241758241,False,False,True,0.14285714285714285,1.0
M0:770:5,770,M0,5,primary_semantic_capture,17,16,0.8461538461538461,False,False,True,0.12087912087912088,1.0
M0:770:6,770,M0,6,primary_semantic_capture,21,20,0.7362637362637363,False,False,True,0.14285714285714285,1.0
M0:770:7,770,M0,7,primary_semantic_capture,14,13,0.9340659340659341,False,False,True,0.07692307692307693,1.0
M0:772:1,772,M0,1,primary_semantic_capture,1,0,1.0666666666666667,True,False,True,0.15555555555555556,1.0
M0:774:0,774,M0,0,primary_semantic_capture,1,0,1.1515151515151516,True,False,,0.0,nan
M0:774:3,774,M0,3,primary_semantic_capture,3,2,0.8636363636363636,False,False,True,0.06060606060606061,1.0
M0:774:5,774,M0,5,primary_semantic_capture,4,3,2.0454545454545454,True,True,True,0.06060606060606061,1.0
M0:774:7,774,M0,7,primary_semantic_capture,4,3,1.3181818181818181,True,True,True,0.06060606060606061,1.0
M0:779:0,779,M0,0,primary_semantic_capture,71,70,1.4021739130434783,True,True,True,0.010869565217391304,1.0
M0:779:2,779,M0,2,primary_semantic_capture,51,50,1.1521739130434783,True,False,True,0.010869565217391304,1.0
M0:779:5,779,M0,5,primary_semantic_capture,16,15,0.5217391304347826,False,False,,0.0,nan
M0:780:3,780,M0,3,primary_semantic_capture,4,3,1.0731707317073171,True,False,True,0.2682926829268293,1.0
M0:780:3,780,M0,3,legacy_aligned_capture,4,3,1.0731707317073171,True,False,True,0.2682926829268293,1.0
M0:780:6,780,M0,6,primary_semantic_capture,4,3,1.0121951219512195,True,False,True,0.10975609756097561,1.0
M0:782:1,782,M0,1,primary_semantic_capture,33,32,1.75,True,True,True,0.2,1.0
M0:782:4,782,M0,4,primary_semantic_capture,9,8,1.55,True,True,True,0.2833333333333333,1.0
M0:783:0,783,M0,0,primary_semantic_capture,5,4,1.3137254901960784,True,True,True,0.29411764705882354,1.0
M0:789:7,789,M0,7,primary_semantic_capture,18,17,1.5571428571428572,True,True,True,0.2,1.0
M0:793:2,793,M0,2,primary_semantic_capture,26,25,1.6805555555555556,True,True,True,0.4027777777777778,1.0
M0:797:4,797,M0,4,primary_semantic_capture,1,0,0.8166666666666667,False,False,True,0.2,1.0
M0:806:0,806,M0,0,primary_semantic_capture,13,12,1.0,True,False,True,0.4567901234567901,1.0
M0:807:3,807,M0,3,primary_semantic_capture,3,2,1.255813953488372,True,True,True,0.20930232558139536,1.0
M0:815:2,815,M0,2,primary_semantic_capture,8,7,1.9090909090909092,True,True,True,0.4,1.0
M0:815:2,815,M0,2,legacy_aligned_capture,8,7,1.9090909090909092,True,True,True,0.4,1.0
M0:815:7,815,M0,7,primary_semantic_capture,31,30,1.9636363636363636,True,True,True,0.38181818181818183,1.0
M0:822:0,822,M0,0,primary_semantic_capture,2,1,0.45454545454545453,False,False,True,0.10909090909090909,1.0
M0:822:2,822,M0,2,primary_semantic_capture,1,0,0.7454545454545455,False,False,True,0.14545454545454545,1.0
M0:822:3,822,M0,3,primary_semantic_capture,3,2,0.8,False,False,True,0.2,1.0
M0:822:6,822,M0,6,primary_semantic_capture,4,3,0.5272727272727272,False,False,True,0.12727272727272726,1.0
M0:822:6,822,M0,6,legacy_aligned_capture,6,5,0.5636363636363636,False,False,True,0.12727272727272726,1.0
M0:823:1,823,M0,1,primary_semantic_capture,12,11,3.088888888888889,True,True,True,0.24444444444444444,1.0
M0:825:0,825,M0,0,primary_semantic_capture,9,8,1.4393939393939394,True,True,True,0.25757575757575757,1.0
M0:825:3,825,M0,3,primary_semantic_capture,6,5,0.8636363636363636,False,False,True,0.2727272727272727,1.0
M0:828:4,828,M0,4,primary_semantic_capture,16,15,1.1829268292682926,True,False,True,0.5,1.0
M0:828:7,828,M0,7,primary_semantic_capture,8,7,0.6585365853658537,False,False,True,0.21951219512195122,1.0
M0:830:3,830,M0,3,primary_semantic_capture,4,3,1.275,True,True,True,0.45,1.0
M0:830:6,830,M0,6,primary_semantic_capture,6,5,1.0125,True,False,True,0.375,1.0
M0:833:3,833,M0,3,primary_semantic_capture,2,1,1.1904761904761905,True,False,True,0.09523809523809523,1.0
M0:833:4,833,M0,4,primary_semantic_capture,6,5,0.7777777777777778,False,False,True,0.09523809523809523,1.0
M0:833:4,833,M0,4,legacy_aligned_capture,6,5,0.7777777777777778,False,False,True,0.09523809523809523,1.0
M0:833:5,833,M0,5,primary_semantic_capture,16,15,0.9682539682539683,False,False,True,0.09523809523809523,1.0
M0:833:5,833,M0,5,legacy_aligned_capture,24,23,1.0952380952380953,True,False,True,0.09523809523809523,1.0
M0:833:7,833,M0,7,primary_semantic_capture,2,1,1.4761904761904763,True,True,True,0.09523809523809523,1.0
M0:834:1,834,M0,1,primary_semantic_capture,5,4,0.8181818181818182,False,False,True,0.12727272727272726,1.0
M0:836:3,836,M0,3,primary_semantic_capture,17,16,1.5689655172413792,True,True,True,0.10344827586206896,1.0
M0:836:4,836,M0,4,primary_semantic_capture,11,10,1.8620689655172413,True,True,True,0.10344827586206896,1.0
M0:836:6,836,M0,6,primary_semantic_capture,14,13,1.3793103448275863,True,True,True,0.1206896551724138,1.0
M0:842:6,842,M0,6,primary_semantic_capture,6,5,0.9117647058823529,False,False,True,0.19607843137254902,1.0
M0:844:6,844,M0,6,primary_semantic_capture,1,0,1.7,True,True,True,0.17142857142857143,1.0
M0:844:6,844,M0,6,legacy_aligned_capture,7,6,1.7857142857142858,True,True,True,0.17142857142857143,1.0
M0:853:6,853,M0,6,primary_semantic_capture,19,18,1.3265306122448979,True,True,True,0.20408163265306123,1.0
M0:853:7,853,M0,7,primary_semantic_capture,30,29,1.2040816326530612,True,False,True,0.07142857142857142,1.0
M0:866:1,866,M0,1,primary_semantic_capture,11,10,1.0,True,False,True,0.1509433962264151,1.0
M0:867:1,867,M0,1,primary_semantic_capture,11,10,1.2083333333333333,True,False,True,0.041666666666666664,1.0
M0:867:2,867,M0,2,primary_semantic_capture,7,6,1.0972222222222223,True,False,True,0.041666666666666664,1.0
M0:867:3,867,M0,3,primary_semantic_capture,1,0,0.7638888888888888,False,False,True,0.027777777777777776,1.0
M0:867:4,867,M0,4,primary_semantic_capture,4,3,1.2777777777777777,True,True,True,0.027777777777777776,1.0
M0:867:4,867,M0,4,legacy_aligned_capture,4,3,1.2777777777777777,True,True,True,0.027777777777777776,1.0
M0:867:6,867,M0,6,primary_semantic_capture,2,1,0.9027777777777778,False,False,True,0.013888888888888888,1.0
M0:867:6,867,M0,6,legacy_aligned_capture,2,1,0.9027777777777778,False,False,True,0.013888888888888888,1.0
M0:871:3,871,M0,3,primary_semantic_capture,16,15,1.0135135135135136,True,False,True,0.13513513513513514,1.0
M0:872:3,872,M0,3,primary_semantic_capture,8,7,0.5280898876404494,False,False,True,0.033707865168539325,1.0
M0:874:2,874,M0,2,primary_semantic_capture,22,21,2.5576923076923075,True,True,True,0.25,1.0
M0:874:4,874,M0,4,primary_semantic_capture,4,3,0.8076923076923077,False,False,True,0.038461538461538464,1.0
M0:874:6,874,M0,6,primary_semantic_capture,1,0,0.7692307692307693,False,False,True,0.15384615384615385,1.0
M0:874:7,874,M0,7,primary_semantic_capture,1,0,0.6538461538461539,False,False,True,0.1346153846153846,1.0
M0:875:1,875,M0,1,primary_semantic_capture,7,6,0.6372549019607843,False,False,True,0.3333333333333333,1.0
M0:875:1,875,M0,1,legacy_aligned_capture,7,6,0.6372549019607843,False,False,True,0.3333333333333333,1.0
M0:875:2,875,M0,2,primary_semantic_capture,9,8,0.43137254901960786,False,False,True,0.14705882352941177,1.0
M0:875:3,875,M0,3,primary_semantic_capture,5,4,0.8529411764705882,False,False,True,0.3627450980392157,1.0
M0:875:4,875,M0,4,primary_semantic_capture,18,17,0.5392156862745098,False,False,True,0.21568627450980393,1.0
M0:875:7,875,M0,7,primary_semantic_capture,10,9,0.7450980392156863,False,False,True,0.3333333333333333,1.0
M0:885:1,885,M0,1,primary_semantic_capture,18,17,1.540983606557377,True,True,True,0.19672131147540983,1.0
M0:887:3,887,M0,3,primary_semantic_capture,10,9,2.327272727272727,True,True,True,0.07272727272727272,1.0
M0:887:3,887,M0,3,legacy_aligned_capture,10,9,2.327272727272727,True,True,True,0.07272727272727272,1.0
M0:887:4,887,M0,4,primary_semantic_capture,1,0,1.7454545454545454,True,True,True,0.09090909090909091,1.0
M0:890:6,890,M0,6,primary_semantic_capture,1,0,1.2121212121212122,True,False,True,0.42424242424242425,1.0
M0:893:7,893,M0,7,primary_semantic_capture,32,31,1.9210526315789473,True,True,True,0.7368421052631579,1.0
M0:895:5,895,M0,5,primary_semantic_capture,41,40,1.9696969696969697,True,True,True,0.5151515151515151,1.0
M0:896:2,896,M0,2,primary_semantic_capture,52,51,1.0674157303370786,True,False,True,0.16853932584269662,1.0
M0:897:2,897,M0,2,primary_semantic_capture,5,4,1.2222222222222223,True,False,True,0.2222222222222222,1.0
M0:897:4,897,M0,4,primary_semantic_capture,7,6,0.8703703703703703,False,False,True,0.16666666666666666,1.0
M0:899:3,899,M0,3,primary_semantic_capture,3,2,1.146341463414634,True,False,True,0.6585365853658537,1.0
M0:899:3,899,M0,3,legacy_aligned_capture,3,2,1.146341463414634,True,False,True,0.6585365853658537,1.0
M0:899:5,899,M0,5,primary_semantic_capture,1,0,1.3902439024390243,True,True,True,0.5853658536585366,1.0
M0:901:0,901,M0,0,primary_semantic_capture,5,4,1.3478260869565217,True,True,True,0.14492753623188406,1.0
M0:908:7,908,M0,7,primary_semantic_capture,9,8,1.7586206896551724,True,True,True,0.20689655172413793,1.0
M0:915:1,915,M0,1,primary_semantic_capture,12,11,1.2777777777777777,True,True,True,0.25925925925925924,1.0
M0:916:0,916,M0,0,primary_semantic_capture,2,1,0.5537190082644629,False,False,True,0.1322314049586777,1.0
M0:916:6,916,M0,6,primary_semantic_capture,4,3,0.7355371900826446,False,False,True,0.2892561983471074,1.0
M0:917:1,917,M0,1,primary_semantic_capture,16,15,1.853658536585366,True,True,True,0.4268292682926829,1.0
M0:925:3,925,M0,3,primary_semantic_capture,9,8,1.1428571428571428,True,False,True,0.30612244897959184,1.0
M0:926:0,926,M0,0,primary_semantic_capture,3,2,0.5204081632653061,False,False,True,0.16326530612244897,1.0
M0:926:7,926,M0,7,primary_semantic_capture,15,14,0.4897959183673469,False,False,True,0.08163265306122448,1.0
M0:935:0,935,M0,0,primary_semantic_capture,6,5,1.4137931034482758,True,True,True,0.1724137931034483,1.0
M0:935:0,935,M0,0,legacy_aligned_capture,6,5,1.4137931034482758,True,True,True,0.1724137931034483,1.0
M0:947:7,947,M0,7,primary_semantic_capture,8,7,1.6712328767123288,True,True,True,0.3698630136986301,1.0
M0:951:5,951,M0,5,primary_semantic_capture,3,2,3.0357142857142856,True,True,True,0.5714285714285714,1.0
M0:952:0,952,M0,0,primary_semantic_capture,6,5,1.6857142857142857,True,True,True,0.22857142857142856,1.0
M0:952:1,952,M0,1,primary_semantic_capture,13,12,1.3714285714285714,True,True,True,0.17142857142857143,1.0
M0:952:2,952,M0,2,primary_semantic_capture,1,0,1.3714285714285714,True,True,True,0.22857142857142856,1.0
M0:952:2,952,M0,2,legacy_aligned_capture,1,0,1.3714285714285714,True,True,True,0.22857142857142856,1.0
M0:952:3,952,M0,3,primary_semantic_capture,3,2,1.1142857142857143,True,False,True,0.17142857142857143,1.0
M0:952:4,952,M0,4,primary_semantic_capture,8,7,1.6285714285714286,True,True,True,0.05714285714285714,1.0
M0:952:5,952,M0,5,primary_semantic_capture,6,5,1.4285714285714286,True,True,True,0.11428571428571428,1.0
M0:952:6,952,M0,6,primary_semantic_capture,3,2,1.1428571428571428,True,False,True,0.22857142857142856,1.0
M0:952:7,952,M0,7,primary_semantic_capture,7,6,1.7428571428571429,True,True,True,0.17142857142857143,1.0
M0:953:1,953,M0,1,primary_semantic_capture,8,7,0.9772727272727273,False,False,True,0.19318181818181818,1.0
M0:953:2,953,M0,2,primary_semantic_capture,4,3,1.0,True,False,True,0.10227272727272728,1.0
M0:953:4,953,M0,4,primary_semantic_capture,1,0,0.6363636363636364,False,False,True,0.03409090909090909,1.0
M0:970:5,970,M0,5,primary_semantic_capture,6,5,0.7441860465116279,False,False,True,0.32558139534883723,1.0
M0:971:2,971,M0,2,primary_semantic_capture,2,1,1.1486486486486487,True,False,True,0.527027027027027,1.0
M0:979:6,979,M0,6,primary_semantic_capture,1,0,1.2340425531914894,True,False,True,0.3617021276595745,1.0
M0:979:6,979,M0,6,legacy_aligned_capture,1,0,1.2340425531914894,True,False,True,0.3617021276595745,1.0
M0:982:4,982,M0,4,primary_semantic_capture,1,0,1.2,True,False,,0.0,nan
M0:983:3,983,M0,3,primary_semantic_capture,22,21,2.607142857142857,True,True,True,0.42857142857142855,1.0
M0:983:5,983,M0,5,primary_semantic_capture,3,2,1.6785714285714286,True,True,True,0.39285714285714285,1.0
M0:983:5,983,M0,5,legacy_aligned_capture,3,2,1.6785714285714286,True,True,True,0.39285714285714285,1.0
M0:984:2,984,M0,2,primary_semantic_capture,3,2,1.318840579710145,True,True,True,0.43478260869565216,1.0
M0:985:6,985,M0,6,primary_semantic_capture,3,2,0.75,False,False,True,0.34523809523809523,1.0
M0:985:7,985,M0,7,primary_semantic_capture,16,15,2.3333333333333335,True,True,True,0.5833333333333334,1.0
M0:986:1,986,M0,1,primary_semantic_capture,5,4,1.0731707317073171,True,False,True,0.36585365853658536,1.0
M0:987:2,987,M0,2,primary_semantic_capture,4,3,1.1851851851851851,True,False,True,0.5555555555555556,1.0
M0:987:4,987,M0,4,primary_semantic_capture,1,0,1.0185185185185186,True,False,True,0.48148148148148145,1.0
M0:989:1,989,M0,1,primary_semantic_capture,1,0,0.975609756097561,False,False,True,0.43902439024390244,1.0
M0:989:2,989,M0,2,primary_semantic_capture,2,1,0.975609756097561,False,False,True,0.43902439024390244,1.0
M0:994:0,994,M0,0,primary_semantic_capture,11,10,1.5535714285714286,True,True,True,0.017857142857142856,1.0
M0:994:1,994,M0,1,primary_semantic_capture,9,8,0.7857142857142857,False,False,True,0.17857142857142858,1.0
M0:994:2,994,M0,2,primary_semantic_capture,14,13,1.8571428571428572,True,True,True,0.16071428571428573,1.0
M0:994:4,994,M0,4,primary_semantic_capture,1,0,0.6428571428571429,False,False,True,0.14285714285714285,1.0
M0:994:5,994,M0,5,primary_semantic_capture,1,0,1.0535714285714286,True,False,True,0.14285714285714285,1.0
M0:994:6,994,M0,6,primary_semantic_capture,9,8,0.7678571428571429,False,False,True,0.125,1.0
M0:994:6,994,M0,6,legacy_aligned_capture,9,8,0.7678571428571429,False,False,True,0.125,1.0
M0:994:7,994,M0,7,primary_semantic_capture,3,2,0.6785714285714286,False,False,True,0.125,1.0
M0:994:7,994,M0,7,legacy_aligned_capture,3,2,0.6785714285714286,False,False,True,0.125,1.0
M0:999:4,999,M0,4,primary_semantic_capture,16,15,1.4675324675324675,True,True,True,0.5064935064935064,1.0
M0:1014:6,1014,M0,6,primary_semantic_capture,1,0,0.7096774193548387,False,False,False,0.14516129032258066,0.9
M0:1014:7,1014,M0,7,primary_semantic_capture,1,0,0.8064516129032258,False,False,True,0.1774193548387097,1.0
M0:1014:7,1014,M0,7,legacy_aligned_capture,1,0,0.8064516129032258,False,False,True,0.1774193548387097,1.0
M0:1017:3,1017,M0,3,primary_semantic_capture,8,7,1.8421052631578947,True,True,True,0.5087719298245614,1.0
M0:1020:3,1020,M0,3,primary_semantic_capture,14,13,0.9142857142857143,False,False,True,0.24285714285714285,1.0
M0:1021:7,1021,M0,7,primary_semantic_capture,9,8,0.696969696969697,False,False,True,0.26262626262626265,1.0
M0:1025:0,1025,M0,0,primary_semantic_capture,39,38,1.4270833333333333,True,True,True,0.4270833333333333,1.0
M0:1025:3,1025,M0,3,primary_semantic_capture,8,7,0.7395833333333334,False,False,True,0.2916666666666667,1.0
M0:1029:1,1029,M0,1,primary_semantic_capture,5,4,1.3414634146341464,True,True,True,0.24390243902439024,1.0
M0:1041:1,1041,M0,1,primary_semantic_capture,8,7,3.8035714285714284,True,True,True,0.5892857142857143,1.0
M0:1045:7,1045,M0,7,primary_semantic_capture,1,0,0.7575757575757576,False,False,True,0.30303030303030304,1.0
M0:1046:5,1046,M0,5,primary_semantic_capture,6,5,1.036144578313253,True,False,True,0.4457831325301205,1.0
M0:1049:1,1049,M0,1,primary_semantic_capture,11,10,1.4848484848484849,True,True,True,0.3333333333333333,1.0
M0:1049:3,1049,M0,3,primary_semantic_capture,3,2,1.393939393939394,True,True,True,0.18181818181818182,1.0
M0:1049:3,1049,M0,3,legacy_aligned_capture,3,2,1.393939393939394,True,True,True,0.18181818181818182,1.0
M0:1052:6,1052,M0,6,primary_semantic_capture,2,1,1.28125,True,True,True,0.15625,1.0
M0:1052:6,1052,M0,6,legacy_aligned_capture,2,1,1.28125,True,True,True,0.15625,1.0
M0:1054:5,1054,M0,5,primary_semantic_capture,18,17,1.8888888888888888,True,True,True,0.20634920634920634,1.0
M0:1054:6,1054,M0,6,primary_semantic_capture,14,13,1.0158730158730158,True,False,True,0.09523809523809523,1.0
M0:1056:0,1056,M0,0,primary_semantic_capture,3,2,0.7125,False,False,True,0.3375,1.0
M0:1057:3,1057,M0,3,primary_semantic_capture,1,0,0.5084745762711864,False,False,True,0.11864406779661017,1.0
M0:1058:1,1058,M0,1,primary_semantic_capture,12,11,1.5443037974683544,True,True,True,0.0379746835443038,1.0
M0:1058:1,1058,M0,1,legacy_aligned_capture,12,11,1.5443037974683544,True,True,True,0.0379746835443038,1.0
M0:1058:2,1058,M0,2,primary_semantic_capture,20,19,1.6455696202531647,True,True,True,0.0379746835443038,1.0
M0:1058:2,1058,M0,2,legacy_aligned_capture,20,19,1.6455696202531647,True,True,True,0.0379746835443038,1.0
M0:1058:3,1058,M0,3,primary_semantic_capture,28,27,1.4177215189873418,True,True,True,0.0379746835443038,1.0
M0:1058:6,1058,M0,6,primary_semantic_capture,4,3,0.8481012658227848,False,False,True,0.11392405063291139,1.0
M0:1061:0,1061,M0,0,primary_semantic_capture,4,3,1.7647058823529411,True,True,True,0.5882352941176471,1.0
M0:1061:2,1061,M0,2,primary_semantic_capture,3,2,1.7352941176470589,True,True,True,0.5,1.0
M0:1063:1,1063,M0,1,primary_semantic_capture,2,1,0.9761904761904762,False,False,True,0.2261904761904762,1.0
M0:1063:2,1063,M0,2,primary_semantic_capture,7,6,1.25,True,True,True,0.23809523809523808,1.0
M0:1063:2,1063,M0,2,legacy_aligned_capture,7,6,1.25,True,True,True,0.23809523809523808,1.0
M0:1063:3,1063,M0,3,primary_semantic_capture,24,23,0.75,False,False,True,0.08333333333333333,1.0
M0:1063:5,1063,M0,5,primary_semantic_capture,9,8,0.9285714285714286,False,False,True,0.27380952380952384,1.0
M0:1063:6,1063,M0,6,primary_semantic_capture,1,0,0.35714285714285715,False,False,True,0.047619047619047616,1.0
M0:1063:7,1063,M0,7,primary_semantic_capture,3,2,0.5952380952380952,False,False,True,0.27380952380952384,1.0
M0:1068:4,1068,M0,4,primary_semantic_capture,2,1,1.5925925925925926,True,True,True,0.4074074074074074,1.0
M0:1080:1,1080,M0,1,primary_semantic_capture,2,1,1.131578947368421,True,False,False,0.15789473684210525,0.8571428571428571
M0:1085:0,1085,M0,0,primary_semantic_capture,4,3,0.8201438848920863,False,False,True,0.2302158273381295,1.0
M0:1085:2,1085,M0,2,primary_semantic_capture,12,11,0.7769784172661871,False,False,True,0.18705035971223022,1.0
M0:1085:3,1085,M0,3,primary_semantic_capture,9,8,0.6402877697841727,False,False,True,0.2733812949640288,1.0
M0:1085:7,1085,M0,7,primary_semantic_capture,13,12,0.697841726618705,False,False,True,0.19424460431654678,1.0
M0:1088:1,1088,M0,1,primary_semantic_capture,6,5,0.7962962962962963,False,False,True,0.25925925925925924,1.0
M0:1088:1,1088,M0,1,legacy_aligned_capture,6,5,0.7962962962962963,False,False,True,0.25925925925925924,1.0
M0:1088:3,1088,M0,3,primary_semantic_capture,19,18,2.0185185185185186,True,True,True,0.3148148148148148,1.0
M0:1088:6,1088,M0,6,primary_semantic_capture,33,32,2.759259259259259,True,True,True,0.24074074074074073,1.0
M0:1088:6,1088,M0,6,legacy_aligned_capture,33,32,2.759259259259259,True,True,True,0.24074074074074073,1.0
M0:1091:1,1091,M0,1,primary_semantic_capture,20,19,0.6862745098039216,False,False,True,0.13725490196078433,1.0
M0:1091:3,1091,M0,3,primary_semantic_capture,46,45,0.9901960784313726,False,False,True,0.13725490196078433,1.0
M0:1091:4,1091,M0,4,primary_semantic_capture,39,38,1.2450980392156863,True,False,True,0.2549019607843137,1.0
M0:1092:4,1092,M0,4,primary_semantic_capture,3,2,3.2,True,True,True,0.1,1.0
M0:1092:6,1092,M0,6,primary_semantic_capture,13,12,5.7,True,True,True,0.1,1.0
M0:1093:3,1093,M0,3,primary_semantic_capture,5,4,1.627659574468085,True,True,True,0.6382978723404256,1.0
M0:1093:4,1093,M0,4,primary_semantic_capture,13,12,1.1808510638297873,True,False,True,0.5319148936170213,1.0
M0:1093:5,1093,M0,5,primary_semantic_capture,9,8,0.9148936170212766,False,False,True,0.43617021276595747,1.0
M0:1093:6,1093,M0,6,primary_semantic_capture,14,13,1.0638297872340425,True,False,True,0.4787234042553192,1.0
M0:1097:0,1097,M0,0,primary_semantic_capture,28,27,0.9494949494949495,False,False,True,0.31313131313131315,1.0
M0:1097:5,1097,M0,5,primary_semantic_capture,7,6,0.7575757575757576,False,False,True,0.29292929292929293,1.0
M0:1099:0,1099,M0,0,primary_semantic_capture,1,0,1.1458333333333333,True,False,True,0.08333333333333333,1.0
M0:1099:1,1099,M0,1,primary_semantic_capture,6,5,1.6666666666666667,True,True,True,0.22916666666666666,1.0
M0:1099:4,1099,M0,4,primary_semantic_capture,1,0,0.8125,False,False,True,0.16666666666666666,1.0
M0:1099:5,1099,M0,5,primary_semantic_capture,10,9,1.3333333333333333,True,True,True,0.10416666666666667,1.0
M0:1099:7,1099,M0,7,primary_semantic_capture,7,6,0.9375,False,False,True,0.16666666666666666,1.0
M0:1105:3,1105,M0,3,primary_semantic_capture,11,10,0.6923076923076923,False,False,True,0.24358974358974358,1.0
M0:1105:6,1105,M0,6,primary_semantic_capture,16,15,1.435897435897436,True,True,True,0.3974358974358974,1.0
M0:1105:7,1105,M0,7,primary_semantic_capture,2,1,0.9615384615384616,False,False,True,0.23076923076923078,1.0
M0:1105:7,1105,M0,7,legacy_aligned_capture,2,1,0.9615384615384616,False,False,True,0.23076923076923078,1.0
M0:1107:3,1107,M0,3,primary_semantic_capture,9,8,1.875,True,True,True,0.25,1.0
M0:1107:7,1107,M0,7,primary_semantic_capture,13,12,1.2767857142857142,True,True,True,0.23214285714285715,1.0
M1:1:0,1,M1,0,primary_semantic_capture,25,24,1.3409090909090908,True,True,True,0.20454545454545456,1.0
M1:1:1,1,M1,1,primary_semantic_capture,21,20,1.625,True,True,True,0.045454545454545456,1.0
M1:1:2,1,M1,2,primary_semantic_capture,3,2,1.6363636363636365,True,True,True,0.06818181818181818,1.0
M1:1:2,1,M1,2,legacy_aligned_capture,3,2,1.6363636363636365,True,True,True,0.06818181818181818,1.0
M1:1:3,1,M1,3,primary_semantic_capture,4,3,1.5340909090909092,True,True,True,0.11363636363636363,1.0
M1:1:3,1,M1,3,legacy_aligned_capture,4,3,1.5340909090909092,True,True,True,0.11363636363636363,1.0
M1:1:5,1,M1,5,primary_semantic_capture,7,6,0.9431818181818182,False,False,True,0.09090909090909091,1.0
M1:1:6,1,M1,6,primary_semantic_capture,1,0,1.1818181818181819,True,False,True,0.022727272727272728,1.0
M1:1:7,1,M1,7,primary_semantic_capture,2,1,1.0113636363636365,True,False,True,0.13636363636363635,1.0
M1:2:0,2,M1,0,primary_semantic_capture,1,0,0.2903225806451613,False,False,False,0.12903225806451613,0.46153846153846156
M1:2:1,2,M1,1,primary_semantic_capture,4,3,0.6774193548387096,False,False,True,0.10752688172043011,1.0
M1:2:1,2,M1,1,legacy_aligned_capture,4,3,0.6774193548387096,False,False,True,0.10752688172043011,1.0
M1:2:2,2,M1,2,primary_semantic_capture,17,16,0.6559139784946236,False,False,True,0.07526881720430108,1.0
M1:2:4,2,M1,4,primary_semantic_capture,16,15,0.40860215053763443,False,False,True,0.0967741935483871,1.0
M1:2:5,2,M1,5,primary_semantic_capture,8,7,0.43010752688172044,False,False,True,0.043010752688172046,1.0
M1:2:5,2,M1,5,legacy_aligned_capture,8,7,0.43010752688172044,False,False,True,0.043010752688172046,1.0
M1:2:6,2,M1,6,primary_semantic_capture,5,4,0.3118279569892473,False,False,True,0.08602150537634409,1.0
M1:2:6,2,M1,6,legacy_aligned_capture,5,4,0.3118279569892473,False,False,True,0.08602150537634409,1.0
M1:2:7,2,M1,7,primary_semantic_capture,5,4,0.3333333333333333,False,False,True,0.12903225806451613,1.0
M1:2:7,2,M1,7,legacy_aligned_capture,9,8,0.3763440860215054,False,False,True,0.12903225806451613,1.0
M1:4:0,4,M1,0,primary_semantic_capture,17,16,1.4782608695652173,True,True,True,0.08695652173913043,1.0
M1:4:1,4,M1,1,primary_semantic_capture,63,62,3.0869565217391304,True,True,True,0.13043478260869565,1.0
M1:4:2,4,M1,2,primary_semantic_capture,13,12,1.7173913043478262,True,True,True,0.10869565217391304,1.0
M1:4:2,4,M1,2,legacy_aligned_capture,13,12,1.7173913043478262,True,True,True,0.10869565217391304,1.0
M1:4:3,4,M1,3,primary_semantic_capture,14,13,2.3260869565217392,True,True,True,0.1956521739130435,1.0
M1:4:3,4,M1,3,legacy_aligned_capture,15,14,2.347826086956522,True,True,True,0.1956521739130435,1.0
M1:4:4,4,M1,4,primary_semantic_capture,40,39,2.8043478260869565,True,True,True,0.10869565217391304,1.0
M1:4:5,4,M1,5,primary_semantic_capture,31,30,2.4347826086956523,True,True,True,0.10869565217391304,1.0
M1:4:6,4,M1,6,primary_semantic_capture,10,9,1.8478260869565217,True,True,True,0.13043478260869565,1.0
M1:4:7,4,M1,7,primary_semantic_capture,7,6,1.934782608695652,True,True,True,0.17391304347826086,1.0
M1:5:0,5,M1,0,primary_semantic_capture,35,34,1.3936170212765957,True,True,True,0.19148936170212766,1.0
M1:5:1,5,M1,1,primary_semantic_capture,8,7,0.5212765957446809,False,False,True,0.1702127659574468,1.0
M1:5:3,5,M1,3,primary_semantic_capture,86,85,1.6702127659574468,True,True,True,0.14893617021276595,1.0
M1:5:4,5,M1,4,primary_semantic_capture,16,15,1.0425531914893618,True,False,True,0.32978723404255317,1.0
M1:5:5,5,M1,5,primary_semantic_capture,74,73,3.0319148936170213,True,True,True,0.19148936170212766,1.0
M1:5:6,5,M1,6,primary_semantic_capture,69,68,1.553191489361702,True,True,True,0.11702127659574468,1.0
M1:6:5,6,M1,5,primary_semantic_capture,44,43,4.7407407407407405,True,True,True,0.4444444444444444,1.0
M1:6:6,6,M1,6,primary_semantic_capture,10,9,3.111111111111111,True,True,True,0.2962962962962963,1.0
M1:7:5,7,M1,5,primary_semantic_capture,23,22,2.253968253968254,True,True,True,0.5238095238095238,1.0
M1:8:5,8,M1,5,primary_semantic_capture,13,12,4.125,True,True,True,0.3125,1.0
M1:8:5,8,M1,5,legacy_aligned_capture,13,12,4.125,True,True,True,0.3125,1.0
M1:9:0,9,M1,0,primary_semantic_capture,3,2,1.3518518518518519,True,True,True,0.2037037037037037,1.0
M1:9:1,9,M1,1,primary_semantic_capture,2,1,1.7592592592592593,True,True,True,0.2037037037037037,1.0
M1:9:1,9,M1,1,legacy_aligned_capture,5,4,1.8148148148148149,True,True,True,0.2037037037037037,1.0
M1:9:4,9,M1,4,primary_semantic_capture,8,7,1.4444444444444444,True,True,True,0.2037037037037037,1.0
M1:11:3,11,M1,3,primary_semantic_capture,11,10,1.7906976744186047,True,True,True,0.5348837209302325,1.0
M1:12:0,12,M1,0,primary_semantic_capture,14,13,2.526315789473684,True,True,True,0.6842105263157895,1.0
M1:12:5,12,M1,5,primary_semantic_capture,1,0,1.8421052631578947,True,True,True,0.543859649122807,1.0
M1:14:1,14,M1,1,primary_semantic_capture,32,31,1.4197530864197532,True,True,True,0.16049382716049382,1.0
M1:14:1,14,M1,1,legacy_aligned_capture,32,31,1.4197530864197532,True,True,True,0.16049382716049382,1.0
M1:14:2,14,M1,2,primary_semantic_capture,17,16,1.1851851851851851,True,False,True,0.08641975308641975,1.0
M1:14:3,14,M1,3,primary_semantic_capture,2,1,0.8518518518518519,False,False,True,0.2345679012345679,1.0
M1:14:3,14,M1,3,legacy_aligned_capture,2,1,0.8518518518518519,False,False,True,0.2345679012345679,1.0
M1:14:4,14,M1,4,primary_semantic_capture,24,23,1.9135802469135803,True,True,True,0.13580246913580246,1.0
M1:14:5,14,M1,5,primary_semantic_capture,18,17,1.6666666666666667,True,True,True,0.1111111111111111,1.0
M1:14:6,14,M1,6,primary_semantic_capture,24,23,2.1604938271604937,True,True,True,0.2222222222222222,1.0
M1:14:7,14,M1,7,primary_semantic_capture,3,2,0.9876543209876543,False,False,True,0.14814814814814814,1.0
M1:14:7,14,M1,7,legacy_aligned_capture,3,2,0.9876543209876543,False,False,True,0.14814814814814814,1.0
M1:16:0,16,M1,0,primary_semantic_capture,47,46,1.8333333333333333,True,True,True,0.05128205128205128,1.0
M1:16:1,16,M1,1,primary_semantic_capture,48,47,2.1923076923076925,True,True,True,0.08974358974358974,1.0
M1:16:2,16,M1,2,primary_semantic_capture,36,35,2.08974358974359,True,True,True,0.07692307692307693,1.0
M1:16:3,16,M1,3,primary_semantic_capture,13,12,1.7564102564102564,True,True,True,0.0641025641025641,1.0
M1:16:4,16,M1,4,primary_semantic_capture,21,20,1.7820512820512822,True,True,True,0.1282051282051282,1.0
M1:16:5,16,M1,5,primary_semantic_capture,12,11,1.7435897435897436,True,True,True,0.21794871794871795,1.0
M1:16:6,16,M1,6,primary_semantic_capture,7,6,2.2051282051282053,True,True,True,0.23076923076923078,1.0
M1:16:6,16,M1,6,legacy_aligned_capture,7,6,2.2051282051282053,True,True,True,0.23076923076923078,1.0
M1:16:7,16,M1,7,primary_semantic_capture,23,22,2.6794871794871793,True,True,True,0.24358974358974358,1.0
M1:17:0,17,M1,0,primary_semantic_capture,6,5,1.6,True,True,True,0.35714285714285715,1.0
M1:17:0,17,M1,0,legacy_aligned_capture,6,5,1.6,True,True,True,0.35714285714285715,1.0
M1:17:1,17,M1,1,primary_semantic_capture,1,0,1.7714285714285714,True,True,True,0.22857142857142856,1.0
M1:17:4,17,M1,4,primary_semantic_capture,8,7,2.1142857142857143,True,True,True,0.2,1.0
M1:17:6,17,M1,6,primary_semantic_capture,14,13,1.4857142857142858,True,True,True,0.21428571428571427,1.0
M1:19:6,19,M1,6,primary_semantic_capture,2,1,1.4313725490196079,True,True,True,0.27450980392156865,1.0
M1:19:7,19,M1,7,primary_semantic_capture,7,6,1.3333333333333333,True,True,True,0.3333333333333333,1.0
M1:19:7,19,M1,7,legacy_aligned_capture,7,6,1.3333333333333333,True,True,True,0.3333333333333333,1.0
M1:20:0,20,M1,0,primary_semantic_capture,3,2,2.0555555555555554,True,True,True,0.14444444444444443,1.0
M1:20:0,20,M1,0,legacy_aligned_capture,3,2,2.0555555555555554,True,True,True,0.14444444444444443,1.0
M1:20:1,20,M1,1,primary_semantic_capture,1,0,0.9222222222222223,False,False,True,0.17777777777777778,1.0
M1:20:2,20,M1,2,primary_semantic_capture,1,0,1.3333333333333333,True,True,True,0.15555555555555556,1.0
M1:20:3,20,M1,3,primary_semantic_capture,4,3,1.6,True,True,True,0.23333333333333334,1.0
M1:20:4,20,M1,4,primary_semantic_capture,2,1,1.211111111111111,True,False,True,0.07777777777777778,1.0
M1:20:4,20,M1,4,legacy_aligned_capture,2,1,1.211111111111111,True,False,True,0.07777777777777778,1.0
M1:20:5,20,M1,5,primary_semantic_capture,23,22,1.3888888888888888,True,True,True,0.18888888888888888,1.0
M1:20:6,20,M1,6,primary_semantic_capture,31,30,1.0444444444444445,True,False,True,0.13333333333333333,1.0
M1:20:7,20,M1,7,primary_semantic_capture,15,14,1.5222222222222221,True,True,True,0.2777777777777778,1.0
M1:21:0,21,M1,0,primary_semantic_capture,22,21,0.8732394366197183,False,False,True,0.14084507042253522,1.0
M1:21:1,21,M1,1,primary_semantic_capture,18,17,1.4507042253521127,True,True,True,0.2676056338028169,1.0
M1:21:2,21,M1,2,primary_semantic_capture,6,5,1.3943661971830985,True,True,True,0.18309859154929578,1.0
M1:21:4,21,M1,4,primary_semantic_capture,16,15,1.0,True,False,True,0.323943661971831,1.0
M1:21:4,21,M1,4,legacy_aligned_capture,18,17,1.028169014084507,True,False,True,0.323943661971831,1.0
M1:21:5,21,M1,5,primary_semantic_capture,3,2,1.6338028169014085,True,True,True,0.28169014084507044,1.0
M1:21:7,21,M1,7,primary_semantic_capture,8,7,1.1971830985915493,True,False,True,0.23943661971830985,1.0
M1:21:7,21,M1,7,legacy_aligned_capture,8,7,1.1971830985915493,True,False,True,0.23943661971830985,1.0
M1:22:0,22,M1,0,primary_semantic_capture,2,1,1.65,True,True,False,0.2,0.3870967741935484
M1:23:0,23,M1,0,primary_semantic_capture,1,0,0.7162162162162162,False,False,False,0.12162162162162163,0.6428571428571429
M1:23:0,23,M1,0,legacy_aligned_capture,26,25,1.8108108108108107,True,True,True,0.1891891891891892,1.0
M1:23:1,23,M1,1,primary_semantic_capture,16,15,1.337837837837838,True,True,True,0.14864864864864866,1.0
M1:23:2,23,M1,2,primary_semantic_capture,1,0,0.7972972972972973,False,False,True,0.10810810810810811,1.0
M1:23:2,23,M1,2,legacy_aligned_capture,1,0,0.7972972972972973,False,False,True,0.10810810810810811,1.0
M1:23:3,23,M1,3,primary_semantic_capture,9,8,1.0675675675675675,True,False,True,0.0945945945945946,1.0
M1:23:3,23,M1,3,legacy_aligned_capture,9,8,1.0675675675675675,True,False,True,0.0945945945945946,1.0
M1:23:4,23,M1,4,primary_semantic_capture,4,3,1.7432432432432432,True,True,True,0.16216216216216217,1.0
M1:23:4,23,M1,4,legacy_aligned_capture,4,3,1.7432432432432432,True,True,True,0.16216216216216217,1.0
M1:23:7,23,M1,7,primary_semantic_capture,5,4,0.7567567567567568,False,False,True,0.10810810810810811,1.0
M1:24:1,24,M1,1,primary_semantic_capture,8,7,1.75,True,True,True,0.23214285714285715,1.0
M1:25:0,25,M1,0,primary_semantic_capture,15,14,1.6065573770491803,True,True,True,0.21311475409836064,1.0
M1:25:5,25,M1,5,primary_semantic_capture,13,12,1.6885245901639345,True,True,True,0.36065573770491804,1.0
M1:26:0,26,M1,0,primary_semantic_capture,46,45,4.466666666666667,True,True,True,0.38333333333333336,1.0
M1:26:1,26,M1,1,primary_semantic_capture,111,110,6.066666666666666,True,True,True,0.5333333333333333,1.0
M1:26:4,26,M1,4,primary_semantic_capture,5,4,3.066666666666667,True,True,True,0.5333333333333333,1.0
M1:26:4,26,M1,4,legacy_aligned_capture,8,7,3.1166666666666667,True,True,True,0.5333333333333333,1.0
M1:26:6,26,M1,6,primary_semantic_capture,9,8,2.3333333333333335,True,True,True,0.45,1.0
M1:28:1,28,M1,1,primary_semantic_capture,1,0,2.0338983050847457,True,True,True,0.3898305084745763,1.0
M1:28:4,28,M1,4,primary_semantic_capture,4,3,1.6271186440677967,True,True,True,0.5254237288135594,1.0
M1:28:5,28,M1,5,primary_semantic_capture,12,11,1.7966101694915255,True,True,True,0.3728813559322034,1.0
M1:29:1,29,M1,1,primary_semantic_capture,23,22,1.0916666666666666,True,False,True,0.36666666666666664,1.0
M1:29:6,29,M1,6,primary_semantic_capture,3,2,0.6833333333333333,False,False,True,0.36666666666666664,1.0
M1:31:0,31,M1,0,primary_semantic_capture,2,1,0.43023255813953487,False,False,True,0.06976744186046512,1.0
M1:31:1,31,M1,1,primary_semantic_capture,43,42,1.7093023255813953,True,True,True,0.06976744186046512,1.0
M1:31:2,31,M1,2,primary_semantic_capture,39,38,1.8953488372093024,True,True,True,0.2441860465116279,1.0
M1:31:3,31,M1,3,primary_semantic_capture,2,1,0.9186046511627907,False,False,True,0.1511627906976744,1.0
M1:31:4,31,M1,4,primary_semantic_capture,2,1,0.686046511627907,False,False,True,0.08139534883720931,1.0
M1:31:5,31,M1,5,primary_semantic_capture,29,28,1.2209302325581395,True,False,True,0.046511627906976744,1.0
M1:31:6,31,M1,6,primary_semantic_capture,6,5,1.3255813953488371,True,True,True,0.06976744186046512,1.0
M1:31:7,31,M1,7,primary_semantic_capture,2,1,0.6511627906976745,False,False,True,0.05813953488372093,1.0
M1:32:0,32,M1,0,primary_semantic_capture,6,5,1.7272727272727273,True,True,True,0.38636363636363635,1.0
M1:32:3,32,M1,3,primary_semantic_capture,10,9,1.7272727272727273,True,True,True,0.29545454545454547,1.0
M1:32:6,32,M1,6,primary_semantic_capture,8,7,2.2954545454545454,True,True,True,0.045454545454545456,1.0
M1:33:3,33,M1,3,primary_semantic_capture,38,37,2.2,True,True,True,0.24,1.0
M1:33:6,33,M1,6,primary_semantic_capture,12,11,0.92,False,False,True,0.2,1.0
M1:34:1,34,M1,1,primary_semantic_capture,3,2,0.8737864077669902,False,False,True,0.1650485436893204,1.0
M1:34:4,34,M1,4,primary_semantic_capture,6,5,0.6990291262135923,False,False,True,0.2912621359223301,1.0
M1:34:6,34,M1,6,primary_semantic_capture,1,0,0.5631067961165048,False,False,False,0.2524271844660194,0.8125
M1:34:7,34,M1,7,primary_semantic_capture,3,2,0.6213592233009708,False,False,True,0.21359223300970873,1.0
M1:34:7,34,M1,7,legacy_aligned_capture,3,2,0.6213592233009708,False,False,True,0.21359223300970873,1.0
M1:35:0,35,M1,0,primary_semantic_capture,5,4,0.864406779661017,False,False,True,0.11864406779661017,1.0
M1:35:1,35,M1,1,primary_semantic_capture,6,5,1.3220338983050848,True,True,True,0.2542372881355932,1.0
M1:35:2,35,M1,2,primary_semantic_capture,1,0,1.7457627118644068,True,True,True,0.11864406779661017,1.0
M1:35:2,35,M1,2,legacy_aligned_capture,1,0,1.7457627118644068,True,True,True,0.11864406779661017,1.0
M1:35:3,35,M1,3,primary_semantic_capture,2,1,1.5084745762711864,True,True,True,0.15254237288135594,1.0
M1:35:4,35,M1,4,primary_semantic_capture,9,8,2.6440677966101696,True,True,True,0.3050847457627119,1.0
M1:35:4,35,M1,4,legacy_aligned_capture,9,8,2.6440677966101696,True,True,True,0.3050847457627119,1.0
M1:35:5,35,M1,5,primary_semantic_capture,6,5,0.9830508474576272,False,False,True,0.11864406779661017,1.0
M1:35:6,35,M1,6,primary_semantic_capture,1,0,1.0847457627118644,True,False,True,0.288135593220339,1.0
M1:35:7,35,M1,7,primary_semantic_capture,3,2,2.1864406779661016,True,True,True,0.3050847457627119,1.0
M1:38:6,38,M1,6,primary_semantic_capture,2,1,2.0806451612903225,True,True,True,0.5645161290322581,1.0
M1:39:2,39,M1,2,primary_semantic_capture,1,0,1.1304347826086956,True,False,False,0.4782608695652174,0.9565217391304348
M1:40:0,40,M1,0,primary_semantic_capture,2,1,4.875,True,True,True,0.1875,1.0
M1:40:0,40,M1,0,legacy_aligned_capture,2,1,4.875,True,True,True,0.1875,1.0
M1:40:1,40,M1,1,primary_semantic_capture,1,0,2.90625,True,True,True,0.0625,1.0
M1:40:3,40,M1,3,primary_semantic_capture,9,8,4.46875,True,True,True,0.25,1.0
M1:40:3,40,M1,3,legacy_aligned_capture,9,8,4.46875,True,True,True,0.25,1.0
M1:40:4,40,M1,4,primary_semantic_capture,2,1,1.625,True,True,True,0.09375,1.0
M1:40:5,40,M1,5,primary_semantic_capture,13,12,1.9375,True,True,True,0.25,1.0
M1:40:6,40,M1,6,primary_semantic_capture,14,13,2.9375,True,True,True,0.15625,1.0
M1:41:5,41,M1,5,primary_semantic_capture,7,6,1.3157894736842106,True,True,True,0.3508771929824561,1.0
M1:42:0,42,M1,0,primary_semantic_capture,2,1,0.9821428571428571,False,False,True,0.14285714285714285,1.0
M1:42:0,42,M1,0,legacy_aligned_capture,2,1,0.9821428571428571,False,False,True,0.14285714285714285,1.0
M1:42:1,42,M1,1,primary_semantic_capture,7,6,0.8571428571428571,False,False,True,0.14285714285714285,1.0
M1:42:1,42,M1,1,legacy_aligned_capture,7,6,0.8571428571428571,False,False,True,0.14285714285714285,1.0
M1:42:2,42,M1,2,primary_semantic_capture,22,21,2.0892857142857144,True,True,True,0.14285714285714285,1.0
M1:42:3,42,M1,3,primary_semantic_capture,28,27,1.9285714285714286,True,True,True,0.16071428571428573,1.0
M1:42:4,42,M1,4,primary_semantic_capture,10,9,1.4642857142857142,True,True,True,0.19642857142857142,1.0
M1:42:4,42,M1,4,legacy_aligned_capture,10,9,1.4642857142857142,True,True,True,0.19642857142857142,1.0
M1:42:5,42,M1,5,primary_semantic_capture,2,1,1.1964285714285714,True,False,True,0.16071428571428573,1.0
M1:42:5,42,M1,5,legacy_aligned_capture,3,2,1.2142857142857142,True,False,True,0.16071428571428573,1.0
M1:42:7,42,M1,7,primary_semantic_capture,7,6,1.5892857142857142,True,True,True,0.21428571428571427,1.0
M1:44:6,44,M1,6,primary_semantic_capture,9,8,1.8837209302325582,True,True,True,0.6511627906976745,1.0
M1:45:6,45,M1,6,primary_semantic_capture,3,2,0.7142857142857143,False,False,True,0.14285714285714285,1.0
M1:45:6,45,M1,6,legacy_aligned_capture,3,2,0.7142857142857143,False,False,True,0.14285714285714285,1.0
M1:47:7,47,M1,7,primary_semantic_capture,6,5,1.1037735849056605,True,False,True,0.6132075471698113,1.0
M1:47:7,47,M1,7,legacy_aligned_capture,6,5,1.1037735849056605,True,False,True,0.6132075471698113,1.0
M1:48:0,48,M1,0,primary_semantic_capture,10,9,1.275,True,True,True,0.0625,1.0
M1:48:2,48,M1,2,primary_semantic_capture,4,3,1.9875,True,True,True,0.05,1.0
M1:48:3,48,M1,3,primary_semantic_capture,1,0,0.875,False,False,True,0.0125,1.0
M1:48:4,48,M1,4,primary_semantic_capture,4,3,1.6625,True,True,True,0.075,1.0
M1:48:4,48,M1,4,legacy_aligned_capture,4,3,1.6625,True,True,True,0.075,1.0
M1:48:5,48,M1,5,primary_semantic_capture,11,10,0.85,False,False,True,0.0625,1.0
M1:48:6,48,M1,6,primary_semantic_capture,1,0,1.3625,True,True,True,0.075,1.0
M1:49:5,49,M1,5,primary_semantic_capture,3,2,1.9803921568627452,True,True,True,0.13725490196078433,1.0
M1:50:5,50,M1,5,primary_semantic_capture,11,10,0.8142857142857143,False,False,True,0.32857142857142857,1.0
M1:50:5,50,M1,5,legacy_aligned_capture,11,10,0.8142857142857143,False,False,True,0.32857142857142857,1.0
M1:50:7,50,M1,7,primary_semantic_capture,5,4,0.9428571428571428,False,False,True,0.4,1.0
M1:51:5,51,M1,5,primary_semantic_capture,23,22,1.5416666666666667,True,True,True,0.35,1.0
M1:51:5,51,M1,5,legacy_aligned_capture,23,22,1.5416666666666667,True,True,True,0.35,1.0
M1:51:7,51,M1,7,primary_semantic_capture,8,7,1.2583333333333333,True,True,True,0.425,1.0
M1:51:7,51,M1,7,legacy_aligned_capture,8,7,1.2583333333333333,True,True,True,0.425,1.0
M1:52:5,52,M1,5,primary_semantic_capture,24,23,4.076923076923077,True,True,True,0.46153846153846156,1.0
M1:52:6,52,M1,6,primary_semantic_capture,6,5,3.769230769230769,True,True,True,0.23076923076923078,1.0
M1:52:6,52,M1,6,legacy_aligned_capture,6,5,3.769230769230769,True,True,True,0.23076923076923078,1.0
M1:52:7,52,M1,7,primary_semantic_capture,11,10,2.423076923076923,True,True,True,0.3076923076923077,1.0
M1:52:7,52,M1,7,legacy_aligned_capture,11,10,2.423076923076923,True,True,True,0.3076923076923077,1.0
M1:53:3,53,M1,3,primary_semantic_capture,4,3,1.5,True,True,True,0.5348837209302325,1.0
M1:53:4,53,M1,4,primary_semantic_capture,3,2,1.302325581395349,True,True,True,0.43023255813953487,1.0
M1:53:4,53,M1,4,legacy_aligned_capture,5,4,1.3255813953488371,True,True,True,0.43023255813953487,1.0
M1:53:7,53,M1,7,primary_semantic_capture,4,3,1.1046511627906976,True,False,True,0.5116279069767442,1.0
M1:54:0,54,M1,0,primary_semantic_capture,10,9,8.3125,True,True,True,0.1875,1.0
M1:54:2,54,M1,2,primary_semantic_capture,3,2,6.6875,True,True,True,0.1875,1.0
M1:54:4,54,M1,4,primary_semantic_capture,27,26,3.9375,True,True,True,0.1875,1.0
M1:54:7,54,M1,7,primary_semantic_capture,14,13,3.625,True,True,True,0.125,1.0
M1:54:7,54,M1,7,legacy_aligned_capture,14,13,3.625,True,True,True,0.125,1.0
M1:55:1,55,M1,1,primary_semantic_capture,9,8,2.1818181818181817,True,True,True,0.3409090909090909,1.0
M1:55:2,55,M1,2,primary_semantic_capture,3,2,1.5681818181818181,True,True,True,0.22727272727272727,1.0
M1:55:3,55,M1,3,primary_semantic_capture,9,8,3.022727272727273,True,True,True,0.36363636363636365,1.0
M1:55:5,55,M1,5,primary_semantic_capture,3,2,1.3181818181818181,True,True,True,0.1590909090909091,1.0
M1:55:7,55,M1,7,primary_semantic_capture,7,6,2.022727272727273,True,True,True,0.2727272727272727,1.0
M1:58:6,58,M1,6,primary_semantic_capture,13,12,0.8775510204081632,False,False,True,0.2653061224489796,1.0
M1:58:6,58,M1,6,legacy_aligned_capture,13,12,0.8775510204081632,False,False,True,0.2653061224489796,1.0
M1:60:0,60,M1,0,primary_semantic_capture,17,16,0.8736842105263158,False,False,True,0.17894736842105263,1.0
M1:60:0,60,M1,0,legacy_aligned_capture,17,16,0.8736842105263158,False,False,True,0.17894736842105263,1.0
M1:60:1,60,M1,1,primary_semantic_capture,3,2,0.8526315789473684,False,False,False,0.12631578947368421,0.631578947368421
M1:60:2,60,M1,2,primary_semantic_capture,11,10,1.0947368421052632,True,False,True,0.25263157894736843,1.0
M1:60:3,60,M1,3,primary_semantic_capture,39,38,1.3473684210526315,True,True,True,0.15789473684210525,1.0
M1:60:4,60,M1,4,primary_semantic_capture,12,11,0.9473684210526315,False,False,True,0.14736842105263157,1.0
M1:60:4,60,M1,4,legacy_aligned_capture,12,11,0.9473684210526315,False,False,True,0.14736842105263157,1.0
M1:60:5,60,M1,5,primary_semantic_capture,14,13,1.0210526315789474,True,False,True,0.17894736842105263,1.0
M1:60:7,60,M1,7,primary_semantic_capture,1,0,0.6526315789473685,False,False,False,0.2,0.95
M1:61:5,61,M1,5,primary_semantic_capture,11,10,1.858974358974359,True,True,True,0.5897435897435898,1.0
M1:63:4,63,M1,4,primary_semantic_capture,17,16,2.911111111111111,True,True,True,0.2222222222222222,1.0
M1:63:4,63,M1,4,legacy_aligned_capture,17,16,2.911111111111111,True,True,True,0.2222222222222222,1.0
M1:63:7,63,M1,7,primary_semantic_capture,1,0,2.2222222222222223,True,True,True,0.26666666666666666,1.0
M1:64:0,64,M1,0,primary_semantic_capture,17,16,1.5357142857142858,True,True,True,0.19642857142857142,1.0
M1:64:0,64,M1,0,legacy_aligned_capture,17,16,1.5357142857142858,True,True,True,0.19642857142857142,1.0
M1:64:1,64,M1,1,primary_semantic_capture,21,20,2.3035714285714284,True,True,True,0.10714285714285714,1.0
M1:64:1,64,M1,1,legacy_aligned_capture,21,20,2.3035714285714284,True,True,True,0.10714285714285714,1.0
M1:64:2,64,M1,2,primary_semantic_capture,7,6,2.3035714285714284,True,True,True,0.125,1.0
M1:64:3,64,M1,3,primary_semantic_capture,4,3,3.125,True,True,True,0.17857142857142858,1.0
M1:64:4,64,M1,4,primary_semantic_capture,4,3,1.125,True,False,True,0.07142857142857142,1.0
M1:64:4,64,M1,4,legacy_aligned_capture,4,3,1.125,True,False,True,0.07142857142857142,1.0
M1:64:6,64,M1,6,primary_semantic_capture,14,13,2.767857142857143,True,True,True,0.16071428571428573,1.0
M1:64:6,64,M1,6,legacy_aligned_capture,18,17,2.8392857142857144,True,True,True,0.16071428571428573,1.0
M1:64:7,64,M1,7,primary_semantic_capture,2,1,1.1071428571428572,True,False,True,0.16071428571428573,1.0
M1:65:5,65,M1,5,primary_semantic_capture,5,4,2.1186440677966103,True,True,True,0.3050847457627119,1.0
M1:66:3,66,M1,3,primary_semantic_capture,6,5,1.523076923076923,True,True,True,0.3384615384615385,1.0
M1:67:0,67,M1,0,primary_semantic_capture,3,2,0.8717948717948718,False,False,True,0.01282051282051282,1.0
M1:67:1,67,M1,1,primary_semantic_capture,12,11,0.9487179487179487,False,False,True,0.038461538461538464,1.0
M1:67:2,67,M1,2,primary_semantic_capture,2,1,2.423076923076923,True,True,True,0.01282051282051282,1.0
M1:67:2,67,M1,2,legacy_aligned_capture,2,1,2.423076923076923,True,True,True,0.01282051282051282,1.0
M1:67:3,67,M1,3,primary_semantic_capture,15,14,1.2435897435897436,True,False,True,0.07692307692307693,1.0
M1:67:4,67,M1,4,primary_semantic_capture,5,4,0.8076923076923077,False,False,True,0.01282051282051282,1.0
M1:67:5,67,M1,5,primary_semantic_capture,6,5,1.064102564102564,True,False,True,0.02564102564102564,1.0
M1:67:6,67,M1,6,primary_semantic_capture,3,2,1.5769230769230769,True,True,True,0.02564102564102564,1.0
M1:67:6,67,M1,6,legacy_aligned_capture,3,2,1.5769230769230769,True,True,True,0.02564102564102564,1.0
M1:67:7,67,M1,7,primary_semantic_capture,12,11,3.0,True,True,True,0.08974358974358974,1.0
M1:68:0,68,M1,0,primary_semantic_capture,9,8,0.9634146341463414,False,False,True,0.4024390243902439,1.0
M1:68:0,68,M1,0,legacy_aligned_capture,9,8,0.9634146341463414,False,False,True,0.4024390243902439,1.0
M1:68:2,68,M1,2,primary_semantic_capture,15,14,1.9146341463414633,True,True,True,0.4146341463414634,1.0
M1:68:3,68,M1,3,primary_semantic_capture,8,7,0.9878048780487805,False,False,True,0.24390243902439024,1.0
M1:68:5,68,M1,5,primary_semantic_capture,26,25,1.451219512195122,True,True,True,0.4024390243902439,1.0
M1:68:6,68,M1,6,primary_semantic_capture,8,7,1.329268292682927,True,True,True,0.3902439024390244,1.0
M1:68:7,68,M1,7,primary_semantic_capture,33,32,1.4634146341463414,True,True,True,0.36585365853658536,1.0
M1:69:1,69,M1,1,primary_semantic_capture,4,3,1.2741935483870968,True,True,True,0.3064516129032258,1.0
M1:69:1,69,M1,1,legacy_aligned_capture,4,3,1.2741935483870968,True,True,True,0.3064516129032258,1.0
M1:69:3,69,M1,3,primary_semantic_capture,7,6,1.7903225806451613,True,True,True,0.3225806451612903,1.0
M1:69:4,69,M1,4,primary_semantic_capture,2,1,1.403225806451613,True,True,True,0.3064516129032258,1.0
M1:69:6,69,M1,6,primary_semantic_capture,3,2,1.5161290322580645,True,True,True,0.5806451612903226,1.0
M1:69:6,69,M1,6,legacy_aligned_capture,4,3,1.532258064516129,True,True,True,0.5806451612903226,1.0
M1:70:0,70,M1,0,primary_semantic_capture,5,4,0.6956521739130435,False,False,True,0.043478260869565216,1.0
M1:70:1,70,M1,1,primary_semantic_capture,3,2,0.9130434782608695,False,False,True,0.1826086956521739,1.0
M1:70:1,70,M1,1,legacy_aligned_capture,3,2,0.9130434782608695,False,False,True,0.1826086956521739,1.0
M1:70:2,70,M1,2,primary_semantic_capture,6,5,0.7391304347826086,False,False,True,0.14782608695652175,1.0
M1:70:3,70,M1,3,primary_semantic_capture,10,9,2.3130434782608695,True,True,True,0.0782608695652174,1.0
M1:70:3,70,M1,3,legacy_aligned_capture,10,9,2.3130434782608695,True,True,True,0.0782608695652174,1.0
M1:70:4,70,M1,4,primary_semantic_capture,2,1,0.6347826086956522,False,False,True,0.13043478260869565,1.0
M1:70:4,70,M1,4,legacy_aligned_capture,2,1,0.6347826086956522,False,False,True,0.13043478260869565,1.0
M1:70:5,70,M1,5,primary_semantic_capture,6,5,1.3652173913043477,True,True,True,0.2,1.0
M1:70:5,70,M1,5,legacy_aligned_capture,6,5,1.3652173913043477,True,True,True,0.2,1.0
M1:70:6,70,M1,6,primary_semantic_capture,3,2,0.7913043478260869,False,False,True,0.1826086956521739,1.0
M1:70:6,70,M1,6,legacy_aligned_capture,3,2,0.7913043478260869,False,False,True,0.1826086956521739,1.0
M1:72:6,72,M1,6,primary_semantic_capture,5,4,1.0675675675675675,True,False,True,0.40540540540540543,1.0
M1:73:0,73,M1,0,primary_semantic_capture,10,9,1.4736842105263157,True,True,True,0.4473684210526316,1.0
M1:73:7,73,M1,7,primary_semantic_capture,3,2,1.894736842105263,True,True,True,0.5263157894736842,1.0
M1:74:0,74,M1,0,primary_semantic_capture,3,2,1.1333333333333333,True,False,True,0.15555555555555556,1.0
M1:74:0,74,M1,0,legacy_aligned_capture,3,2,1.1333333333333333,True,False,True,0.15555555555555556,1.0
M1:74:1,74,M1,1,primary_semantic_capture,2,1,1.9111111111111112,True,True,True,0.3333333333333333,1.0
M1:74:1,74,M1,1,legacy_aligned_capture,2,1,1.9111111111111112,True,True,True,0.3333333333333333,1.0
M1:74:3,74,M1,3,primary_semantic_capture,37,36,5.866666666666666,True,True,True,0.17777777777777778,1.0
M1:74:4,74,M1,4,primary_semantic_capture,3,2,1.8666666666666667,True,True,True,0.17777777777777778,1.0
M1:74:4,74,M1,4,legacy_aligned_capture,3,2,1.8666666666666667,True,True,True,0.17777777777777778,1.0
M1:74:6,74,M1,6,primary_semantic_capture,3,2,0.9555555555555556,False,False,True,0.13333333333333333,1.0
M1:74:6,74,M1,6,legacy_aligned_capture,3,2,0.9555555555555556,False,False,True,0.13333333333333333,1.0
M1:74:7,74,M1,7,primary_semantic_capture,4,3,1.2222222222222223,True,False,True,0.13333333333333333,1.0
M1:74:7,74,M1,7,legacy_aligned_capture,4,3,1.2222222222222223,True,False,True,0.13333333333333333,1.0
M1:75:0,75,M1,0,primary_semantic_capture,15,14,3.135593220338983,True,True,True,0.06779661016949153,1.0
M1:75:3,75,M1,3,primary_semantic_capture,21,20,2.1016949152542375,True,True,True,0.1864406779661017,1.0
M1:75:4,75,M1,4,primary_semantic_capture,4,3,1.7627118644067796,True,True,False,0.1016949152542373,0.6666666666666666
M1:75:5,75,M1,5,primary_semantic_capture,3,2,0.9661016949152542,False,False,True,0.0847457627118644,1.0
M1:75:6,75,M1,6,primary_semantic_capture,3,2,2.4745762711864407,True,True,True,0.23728813559322035,1.0
M1:75:7,75,M1,7,primary_semantic_capture,1,0,1.728813559322034,True,True,True,0.1694915254237288,1.0
M1:76:1,76,M1,1,primary_semantic_capture,1,0,2.3846153846153846,True,True,True,0.07692307692307693,1.0
M1:76:3,76,M1,3,primary_semantic_capture,3,2,2.2051282051282053,True,True,True,0.10256410256410256,1.0
M1:76:6,76,M1,6,primary_semantic_capture,3,2,2.6666666666666665,True,True,True,0.10256410256410256,1.0
M1:76:7,76,M1,7,primary_semantic_capture,7,6,1.5128205128205128,True,True,True,0.28205128205128205,1.0
M1:77:0,77,M1,0,primary_semantic_capture,3,2,3.1454545454545455,True,True,True,0.03636363636363636,1.0
M1:77:1,77,M1,1,primary_semantic_capture,4,3,2.4,True,True,True,0.38181818181818183,1.0
M1:77:1,77,M1,1,legacy_aligned_capture,5,4,2.418181818181818,True,True,True,0.38181818181818183,1.0
M1:77:2,77,M1,2,primary_semantic_capture,1,0,2.4,True,True,True,0.01818181818181818,1.0
M1:77:5,77,M1,5,primary_semantic_capture,8,7,1.9272727272727272,True,True,True,0.05454545454545454,1.0
M1:77:6,77,M1,6,primary_semantic_capture,85,84,3.672727272727273,True,True,True,0.01818181818181818,1.0
M1:77:7,77,M1,7,primary_semantic_capture,5,4,1.2363636363636363,True,False,True,0.18181818181818182,1.0
M1:77:7,77,M1,7,legacy_aligned_capture,5,4,1.2363636363636363,True,False,True,0.18181818181818182,1.0
M1:78:1,78,M1,1,primary_semantic_capture,2,1,1.2207792207792207,True,False,True,0.23376623376623376,1.0
M1:78:4,78,M1,4,primary_semantic_capture,26,25,1.2987012987012987,True,True,True,0.05194805194805195,1.0
M1:78:5,78,M1,5,primary_semantic_capture,3,2,1.4155844155844155,True,True,True,0.2077922077922078,1.0
M1:80:0,80,M1,0,primary_semantic_capture,2,1,3.875,True,True,True,0.3333333333333333,1.0
M1:81:0,81,M1,0,primary_semantic_capture,33,32,1.0454545454545454,True,False,True,0.2909090909090909,1.0
M1:81:1,81,M1,1,primary_semantic_capture,13,12,0.8909090909090909,False,False,True,0.13636363636363635,1.0
M1:81:3,81,M1,3,primary_semantic_capture,10,9,0.6090909090909091,False,False,True,0.24545454545454545,1.0
M1:81:5,81,M1,5,primary_semantic_capture,4,3,0.9727272727272728,False,False,True,0.36363636363636365,1.0
M1:81:6,81,M1,6,primary_semantic_capture,3,2,0.5818181818181818,False,False,True,0.13636363636363635,1.0
M1:81:7,81,M1,7,primary_semantic_capture,13,12,0.6454545454545455,False,False,False,0.2,0.5
M1:82:5,82,M1,5,primary_semantic_capture,14,13,2.0892857142857144,True,True,True,0.3392857142857143,1.0
M1:82:7,82,M1,7,primary_semantic_capture,1,0,1.1607142857142858,True,False,False,0.23214285714285715,0.6190476190476191
M1:83:2,83,M1,2,primary_semantic_capture,23,22,0.9230769230769231,False,False,False,0.03296703296703297,0.75
M1:83:2,83,M1,2,legacy_aligned_capture,74,73,2.208791208791209,True,True,True,0.04395604395604396,1.0
M1:83:3,83,M1,3,primary_semantic_capture,47,46,2.076923076923077,True,True,True,0.07692307692307693,1.0
M1:83:4,83,M1,4,primary_semantic_capture,11,10,1.1868131868131868,True,False,True,0.07692307692307693,1.0
M1:83:6,83,M1,6,primary_semantic_capture,40,39,1.2197802197802199,True,False,True,0.054945054945054944,1.0
M1:83:7,83,M1,7,primary_semantic_capture,3,2,0.4945054945054945,False,False,False,0.01098901098901099,0.25
M1:85:2,85,M1,2,primary_semantic_capture,9,8,1.5245901639344261,True,True,True,0.29508196721311475,1.0
M1:85:4,85,M1,4,primary_semantic_capture,3,2,1.1967213114754098,True,False,True,0.16393442622950818,1.0
M1:85:4,85,M1,4,legacy_aligned_capture,3,2,1.1967213114754098,True,False,True,0.16393442622950818,1.0
M1:85:6,85,M1,6,primary_semantic_capture,48,47,2.1639344262295084,True,True,True,0.11475409836065574,1.0
M1:85:7,85,M1,7,primary_semantic_capture,14,13,1.1475409836065573,True,False,True,0.09836065573770492,1.0
M1:86:3,86,M1,3,primary_semantic_capture,4,3,3.422222222222222,True,True,True,0.4222222222222222,1.0
M1:87:0,87,M1,0,primary_semantic_capture,47,46,3.302325581395349,True,True,True,0.16279069767441862,1.0
M1:87:1,87,M1,1,primary_semantic_capture,4,3,3.0,True,True,True,0.20930232558139536,1.0
M1:87:2,87,M1,2,primary_semantic_capture,15,14,2.3255813953488373,True,True,True,0.20930232558139536,1.0
M1:87:4,87,M1,4,primary_semantic_capture,2,1,1.4651162790697674,True,True,True,0.18604651162790697,1.0
M1:87:4,87,M1,4,legacy_aligned_capture,2,1,1.4651162790697674,True,True,True,0.18604651162790697,1.0
M1:87:5,87,M1,5,primary_semantic_capture,9,8,2.1627906976744184,True,True,True,0.16279069767441862,1.0
M1:87:6,87,M1,6,primary_semantic_capture,1,0,1.9069767441860466,True,True,True,0.20930232558139536,1.0
M1:87:7,87,M1,7,primary_semantic_capture,2,1,2.13953488372093,True,True,True,0.09302325581395349,1.0
M1:87:7,87,M1,7,legacy_aligned_capture,2,1,2.13953488372093,True,True,True,0.09302325581395349,1.0
M1:88:1,88,M1,1,primary_semantic_capture,2,1,2.142857142857143,True,True,True,0.5,1.0
M1:88:4,88,M1,4,primary_semantic_capture,15,14,1.9047619047619047,True,True,True,0.21428571428571427,1.0
M1:89:1,89,M1,1,primary_semantic_capture,79,78,2.5945945945945947,True,True,True,0.4189189189189189,1.0
M1:89:2,89,M1,2,primary_semantic_capture,6,5,1.3513513513513513,True,True,True,0.2702702702702703,1.0
M1:89:2,89,M1,2,legacy_aligned_capture,36,35,1.7567567567567568,True,True,True,0.2702702702702703,1.0
M1:89:4,89,M1,4,primary_semantic_capture,7,6,1.864864864864865,True,True,True,0.40540540540540543,1.0
M1:89:5,89,M1,5,primary_semantic_capture,10,9,1.7027027027027026,True,True,True,0.3783783783783784,1.0
M1:89:6,89,M1,6,primary_semantic_capture,4,3,1.7837837837837838,True,True,True,0.35135135135135137,1.0
M1:90:3,90,M1,3,primary_semantic_capture,48,47,4.6976744186046515,True,True,True,0.627906976744186,1.0
M1:91:3,91,M1,3,primary_semantic_capture,8,7,0.9142857142857143,False,False,True,0.37142857142857144,1.0
M1:91:3,91,M1,3,legacy_aligned_capture,8,7,0.9142857142857143,False,False,True,0.37142857142857144,1.0
M1:91:4,91,M1,4,primary_semantic_capture,9,8,0.9714285714285714,False,False,False,0.32857142857142857,0.8846153846153846
M1:91:4,91,M1,4,legacy_aligned_capture,34,33,1.7571428571428571,True,True,True,0.37142857142857144,1.0
M1:91:7,91,M1,7,primary_semantic_capture,24,23,1.4142857142857144,True,True,True,0.34285714285714286,1.0
M1:91:7,91,M1,7,legacy_aligned_capture,39,38,1.6285714285714286,True,True,True,0.34285714285714286,1.0
M1:93:0,93,M1,0,primary_semantic_capture,10,9,1.7234042553191489,True,True,True,0.3404255319148936,1.0
M1:93:2,93,M1,2,primary_semantic_capture,67,66,4.0,True,True,True,0.3404255319148936,1.0
M1:93:2,93,M1,2,legacy_aligned_capture,67,66,4.0,True,True,True,0.3404255319148936,1.0
M1:93:3,93,M1,3,primary_semantic_capture,18,17,3.617021276595745,True,True,True,0.3829787234042553,1.0
M1:93:6,93,M1,6,primary_semantic_capture,2,1,2.1914893617021276,True,True,True,0.40425531914893614,1.0
M1:93:6,93,M1,6,legacy_aligned_capture,2,1,2.1914893617021276,True,True,True,0.40425531914893614,1.0
M1:93:7,93,M1,7,primary_semantic_capture,7,6,3.297872340425532,True,True,True,0.1702127659574468,1.0
M1:93:7,93,M1,7,legacy_aligned_capture,7,6,3.297872340425532,True,True,True,0.1702127659574468,1.0
M1:94:0,94,M1,0,primary_semantic_capture,44,43,3.1454545454545455,True,True,True,0.23636363636363636,1.0
M1:94:1,94,M1,1,primary_semantic_capture,18,17,2.109090909090909,True,True,True,0.2,1.0
M1:94:2,94,M1,2,primary_semantic_capture,10,9,1.309090909090909,True,True,True,0.18181818181818182,1.0
M1:94:5,94,M1,5,primary_semantic_capture,79,78,3.4545454545454546,True,True,True,0.2545454545454545,1.0
M1:94:7,94,M1,7,primary_semantic_capture,6,5,1.6545454545454545,True,True,True,0.21818181818181817,1.0
M1:95:6,95,M1,6,primary_semantic_capture,10,9,1.411764705882353,True,True,True,0.29411764705882354,1.0
M1:95:7,95,M1,7,primary_semantic_capture,16,15,2.0,True,True,True,0.23529411764705882,1.0
M1:95:7,95,M1,7,legacy_aligned_capture,16,15,2.0,True,True,True,0.23529411764705882,1.0
M1:96:7,96,M1,7,primary_semantic_capture,1,0,1.925,True,True,True,0.575,1.0
M1:97:0,97,M1,0,primary_semantic_capture,18,17,4.090909090909091,True,True,True,0.24242424242424243,1.0
M1:103:6,103,M1,6,primary_semantic_capture,89,88,2.7872340425531914,True,True,True,0.44680851063829785,1.0
M1:103:7,103,M1,7,primary_semantic_capture,36,35,2.765957446808511,True,True,True,0.5957446808510638,1.0
M1:105:1,105,M1,1,primary_semantic_capture,2,1,1.8918918918918919,True,True,False,0.35135135135135137,0.9285714285714286
M1:105:7,105,M1,7,primary_semantic_capture,25,24,2.3783783783783785,True,True,True,0.35135135135135137,1.0
M1:106:0,106,M1,0,primary_semantic_capture,3,2,2.838709677419355,True,True,True,0.4838709677419355,1.0
M1:106:1,106,M1,1,primary_semantic_capture,46,45,3.032258064516129,True,True,True,0.41935483870967744,1.0
M1:106:3,106,M1,3,primary_semantic_capture,23,22,2.7096774193548385,True,True,True,0.06451612903225806,1.0
M1:107:0,107,M1,0,primary_semantic_capture,9,8,3.7666666666666666,True,True,True,0.26666666666666666,1.0
M1:107:3,107,M1,3,primary_semantic_capture,25,24,3.066666666666667,True,True,True,0.26666666666666666,1.0
M1:109:2,109,M1,2,primary_semantic_capture,56,55,1.4197530864197532,True,True,True,0.1111111111111111,1.0
M1:109:2,109,M1,2,legacy_aligned_capture,56,55,1.4197530864197532,True,True,True,0.1111111111111111,1.0
M1:110:1,110,M1,1,primary_semantic_capture,1,0,0.7471264367816092,False,False,True,0.40229885057471265,1.0
M1:110:2,110,M1,2,primary_semantic_capture,4,3,0.7471264367816092,False,False,True,0.45977011494252873,1.0
M1:110:5,110,M1,5,primary_semantic_capture,11,10,0.7931034482758621,False,False,True,0.4942528735632184,1.0
M1:111:4,111,M1,4,primary_semantic_capture,10,9,2.2142857142857144,True,True,False,0.2857142857142857,0.8
M1:112:0,112,M1,0,primary_semantic_capture,3,2,3.2222222222222223,True,True,True,0.6944444444444444,1.0
M1:112:1,112,M1,1,primary_semantic_capture,4,3,3.388888888888889,True,True,True,0.5555555555555556,1.0
M1:112:1,112,M1,1,legacy_aligned_capture,5,4,3.4166666666666665,True,True,True,0.5555555555555556,1.0
M1:112:3,112,M1,3,primary_semantic_capture,1,0,1.6111111111111112,True,True,True,0.3611111111111111,1.0
M1:112:4,112,M1,4,primary_semantic_capture,64,63,4.527777777777778,True,True,True,0.5833333333333334,1.0
M1:112:6,112,M1,6,primary_semantic_capture,3,2,3.6666666666666665,True,True,True,0.4166666666666667,1.0
M1:112:7,112,M1,7,primary_semantic_capture,21,20,2.4444444444444446,True,True,True,0.4722222222222222,1.0
M1:112:7,112,M1,7,legacy_aligned_capture,21,20,2.4444444444444446,True,True,True,0.4722222222222222,1.0
M1:113:0,113,M1,0,primary_semantic_capture,1,0,3.0,True,True,,0.0,nan
M1:113:1,113,M1,1,primary_semantic_capture,2,1,7.0,True,True,True,0.3333333333333333,1.0
M1:113:4,113,M1,4,primary_semantic_capture,1,0,4.777777777777778,True,True,True,0.2222222222222222,1.0
M1:113:4,113,M1,4,legacy_aligned_capture,1,0,4.777777777777778,True,True,True,0.2222222222222222,1.0
M1:113:5,113,M1,5,primary_semantic_capture,6,5,11.11111111111111,True,True,,0.0,nan
M1:113:6,113,M1,6,primary_semantic_capture,14,13,10.0,True,True,True,0.2222222222222222,1.0
M1:113:6,113,M1,6,legacy_aligned_capture,14,13,10.0,True,True,True,0.2222222222222222,1.0
M1:113:7,113,M1,7,primary_semantic_capture,3,2,5.111111111111111,True,True,True,0.4444444444444444,1.0
M1:113:7,113,M1,7,legacy_aligned_capture,3,2,5.111111111111111,True,True,True,0.4444444444444444,1.0
M1:114:0,114,M1,0,primary_semantic_capture,5,4,12.846153846153847,True,True,True,0.38461538461538464,1.0
M1:114:0,114,M1,0,legacy_aligned_capture,5,4,12.846153846153847,True,True,True,0.38461538461538464,1.0
M1:114:1,114,M1,1,primary_semantic_capture,5,4,11.384615384615385,True,True,True,0.6923076923076923,1.0
M1:114:2,114,M1,2,primary_semantic_capture,3,2,3.3076923076923075,True,True,True,0.46153846153846156,1.0
M1:114:6,114,M1,6,primary_semantic_capture,2,1,4.846153846153846,True,True,True,0.8461538461538461,1.0
M1:116:0,116,M1,0,primary_semantic_capture,14,13,3.46875,True,True,True,0.28125,1.0
M1:116:6,116,M1,6,primary_semantic_capture,8,7,3.21875,True,True,True,0.21875,1.0
M1:117:0,117,M1,0,primary_semantic_capture,11,10,1.6097560975609757,True,True,True,0.0975609756097561,1.0
M1:117:2,117,M1,2,primary_semantic_capture,13,12,1.5609756097560976,True,True,True,0.07317073170731707,1.0
M1:117:3,117,M1,3,primary_semantic_capture,1,0,0.2682926829268293,False,False,True,0.04878048780487805,1.0
M1:117:5,117,M1,5,primary_semantic_capture,9,8,1.7804878048780488,True,True,True,0.07317073170731707,1.0
M1:117:7,117,M1,7,primary_semantic_capture,35,34,3.1219512195121952,True,True,True,0.24390243902439024,1.0
M1:118:1,118,M1,1,primary_semantic_capture,3,2,1.4,True,True,True,0.4,1.0
M1:118:2,118,M1,2,primary_semantic_capture,34,33,1.8333333333333333,True,True,True,0.3,1.0
M1:118:3,118,M1,3,primary_semantic_capture,2,1,1.3666666666666667,True,True,True,0.38333333333333336,1.0
M1:118:3,118,M1,3,legacy_aligned_capture,2,1,1.3666666666666667,True,True,True,0.38333333333333336,1.0
M1:118:4,118,M1,4,primary_semantic_capture,19,18,1.2166666666666666,True,False,True,0.3,1.0
M1:118:4,118,M1,4,legacy_aligned_capture,19,18,1.2166666666666666,True,False,True,0.3,1.0
M1:118:5,118,M1,5,primary_semantic_capture,26,25,1.8833333333333333,True,True,True,0.31666666666666665,1.0
M1:118:5,118,M1,5,legacy_aligned_capture,26,25,1.8833333333333333,True,True,True,0.31666666666666665,1.0
M1:118:6,118,M1,6,primary_semantic_capture,3,2,0.8,False,False,True,0.18333333333333332,1.0
M1:118:7,118,M1,7,primary_semantic_capture,16,15,1.5,True,True,True,0.15,1.0
M1:119:0,119,M1,0,primary_semantic_capture,2,1,1.0,True,False,True,0.10465116279069768,1.0
M1:119:1,119,M1,1,primary_semantic_capture,4,3,0.43023255813953487,False,False,True,0.08139534883720931,1.0
M1:119:1,119,M1,1,legacy_aligned_capture,4,3,0.43023255813953487,False,False,True,0.08139534883720931,1.0
M1:119:2,119,M1,2,primary_semantic_capture,1,0,1.069767441860465,True,False,True,0.10465116279069768,1.0
M1:119:3,119,M1,3,primary_semantic_capture,10,9,1.302325581395349,True,True,True,0.3023255813953488,1.0
M1:119:3,119,M1,3,legacy_aligned_capture,10,9,1.302325581395349,True,True,True,0.3023255813953488,1.0
M1:119:4,119,M1,4,primary_semantic_capture,3,2,0.38372093023255816,False,False,True,0.06976744186046512,1.0
M1:119:4,119,M1,4,legacy_aligned_capture,3,2,0.38372093023255816,False,False,True,0.06976744186046512,1.0
M1:119:5,119,M1,5,primary_semantic_capture,16,15,1.3255813953488371,True,True,True,0.1744186046511628,1.0
M1:119:6,119,M1,6,primary_semantic_capture,16,15,1.1627906976744187,True,False,True,0.1511627906976744,1.0
M1:119:6,119,M1,6,legacy_aligned_capture,16,15,1.1627906976744187,True,False,True,0.1511627906976744,1.0
M1:119:7,119,M1,7,primary_semantic_capture,4,3,0.5232558139534884,False,False,True,0.08139534883720931,1.0
M1:119:7,119,M1,7,legacy_aligned_capture,4,3,0.5232558139534884,False,False,True,0.08139534883720931,1.0
M1:121:6,121,M1,6,primary_semantic_capture,6,5,1.4461538461538461,True,True,True,0.6,1.0
M1:121:7,121,M1,7,primary_semantic_capture,13,12,1.3384615384615384,True,True,True,0.6461538461538462,1.0
M1:122:3,122,M1,3,primary_semantic_capture,1,0,1.0595238095238095,True,False,True,0.5595238095238095,1.0
M1:123:0,123,M1,0,primary_semantic_capture,7,6,1.2321428571428572,True,False,True,0.2857142857142857,1.0
M1:123:3,123,M1,3,primary_semantic_capture,5,4,1.6696428571428572,True,True,True,0.4017857142857143,1.0
M1:123:5,123,M1,5,primary_semantic_capture,73,72,1.625,True,True,True,0.22321428571428573,1.0
M1:124:0,124,M1,0,primary_semantic_capture,19,18,8.346153846153847,True,True,True,0.5384615384615384,1.0
M1:124:2,124,M1,2,primary_semantic_capture,8,7,2.8846153846153846,True,True,True,0.5769230769230769,1.0
M1:124:3,124,M1,3,primary_semantic_capture,1,0,3.1153846153846154,True,True,False,0.38461538461538464,0.7142857142857143
M1:124:5,124,M1,5,primary_semantic_capture,41,40,3.769230769230769,True,True,True,0.19230769230769232,1.0
M1:126:7,126,M1,7,primary_semantic_capture,34,33,1.1384615384615384,True,False,True,0.26153846153846155,1.0
M1:127:1,127,M1,1,primary_semantic_capture,17,16,1.10752688172043,True,False,True,0.5483870967741935,1.0
M1:127:3,127,M1,3,primary_semantic_capture,18,17,1.086021505376344,True,False,True,0.4731182795698925,1.0
M1:127:3,127,M1,3,legacy_aligned_capture,18,17,1.086021505376344,True,False,True,0.4731182795698925,1.0
M1:127:6,127,M1,6,primary_semantic_capture,14,13,1.4838709677419355,True,True,True,0.4946236559139785,1.0
M1:130:0,130,M1,0,primary_semantic_capture,7,6,1.344,True,True,True,0.288,1.0
M1:132:0,132,M1,0,primary_semantic_capture,19,18,1.320754716981132,True,True,True,0.20754716981132076,1.0
M1:132:2,132,M1,2,primary_semantic_capture,19,18,1.0943396226415094,True,False,False,0.16981132075471697,0.75
M1:132:2,132,M1,2,legacy_aligned_capture,36,35,2.018867924528302,True,True,True,0.22641509433962265,1.0
M1:132:3,132,M1,3,primary_semantic_capture,29,28,1.3773584905660377,True,True,True,0.18867924528301888,1.0
M1:132:4,132,M1,4,primary_semantic_capture,10,9,1.5849056603773586,True,True,True,0.24528301886792453,1.0
M1:132:4,132,M1,4,legacy_aligned_capture,10,9,1.5849056603773586,True,True,True,0.24528301886792453,1.0
M1:132:6,132,M1,6,primary_semantic_capture,8,7,0.8301886792452831,False,False,True,0.1509433962264151,1.0
M1:132:6,132,M1,6,legacy_aligned_capture,8,7,0.8301886792452831,False,False,True,0.1509433962264151,1.0
M1:132:7,132,M1,7,primary_semantic_capture,5,4,1.2452830188679245,True,False,False,0.32075471698113206,0.9444444444444444
M1:133:0,133,M1,0,primary_semantic_capture,1,0,2.5217391304347827,True,True,True,0.2608695652173913,1.0
M1:133:1,133,M1,1,primary_semantic_capture,7,6,2.260869565217391,True,True,True,0.21739130434782608,1.0
M1:133:5,133,M1,5,primary_semantic_capture,6,5,2.130434782608696,True,True,True,0.21739130434782608,1.0
M1:134:0,134,M1,0,primary_semantic_capture,1,0,0.640625,False,False,True,0.21875,1.0
M1:134:0,134,M1,0,legacy_aligned_capture,1,0,0.640625,False,False,True,0.21875,1.0
M1:134:1,134,M1,1,primary_semantic_capture,12,11,1.421875,True,True,True,0.25,1.0
M1:134:1,134,M1,1,legacy_aligned_capture,12,11,1.421875,True,True,True,0.25,1.0
M1:134:2,134,M1,2,primary_semantic_capture,3,2,0.8125,False,False,True,0.359375,1.0
M1:134:3,134,M1,3,primary_semantic_capture,6,5,0.953125,False,False,True,0.3125,1.0
M1:134:3,134,M1,3,legacy_aligned_capture,6,5,0.953125,False,False,True,0.3125,1.0
M1:134:4,134,M1,4,primary_semantic_capture,14,13,1.265625,True,True,True,0.453125,1.0
M1:134:5,134,M1,5,primary_semantic_capture,4,3,0.828125,False,False,True,0.25,1.0
M1:134:6,134,M1,6,primary_semantic_capture,5,4,1.234375,True,False,True,0.328125,1.0
M1:134:7,134,M1,7,primary_semantic_capture,7,6,0.625,False,False,True,0.25,1.0
M1:135:6,135,M1,6,primary_semantic_capture,8,7,3.8421052631578947,True,True,True,0.42105263157894735,1.0
M1:136:1,136,M1,1,primary_semantic_capture,1,0,1.155844155844156,True,False,True,0.35064935064935066,1.0
M1:136:5,136,M1,5,primary_semantic_capture,19,18,1.2727272727272727,True,True,False,0.2727272727272727,0.7
M1:136:7,136,M1,7,primary_semantic_capture,13,12,1.1688311688311688,True,False,True,0.3116883116883117,1.0
M1:138:0,138,M1,0,primary_semantic_capture,4,3,0.9036144578313253,False,False,True,0.07228915662650602,1.0
M1:138:1,138,M1,1,primary_semantic_capture,19,18,1.7590361445783131,True,True,True,0.25301204819277107,1.0
M1:138:2,138,M1,2,primary_semantic_capture,11,10,1.3975903614457832,True,True,True,0.1686746987951807,1.0
M1:138:3,138,M1,3,primary_semantic_capture,28,27,1.1686746987951808,True,False,True,0.1686746987951807,1.0
M1:138:5,138,M1,5,primary_semantic_capture,7,6,1.4819277108433735,True,True,True,0.1686746987951807,1.0
M1:138:5,138,M1,5,legacy_aligned_capture,11,10,1.5301204819277108,True,True,True,0.1686746987951807,1.0
M1:138:6,138,M1,6,primary_semantic_capture,5,4,0.8072289156626506,False,False,True,0.12048192771084337,1.0
M1:138:7,138,M1,7,primary_semantic_capture,8,7,0.9879518072289156,False,False,True,0.1686746987951807,1.0
M1:139:6,139,M1,6,primary_semantic_capture,3,2,2.35,True,True,True,0.55,1.0
M1:140:2,140,M1,2,primary_semantic_capture,3,2,1.6818181818181819,True,True,True,0.2727272727272727,1.0
M1:140:2,140,M1,2,legacy_aligned_capture,3,2,1.6818181818181819,True,True,True,0.2727272727272727,1.0
M1:141:2,141,M1,2,primary_semantic_capture,13,12,3.3488372093023258,True,True,True,0.6046511627906976,1.0
M1:141:4,141,M1,4,primary_semantic_capture,43,42,2.372093023255814,True,True,True,0.6744186046511628,1.0
M1:143:6,143,M1,6,primary_semantic_capture,2,1,2.125,True,True,True,0.5,1.0
M1:144:0,144,M1,0,primary_semantic_capture,56,55,3.707317073170732,True,True,True,0.5853658536585366,1.0
M1:144:1,144,M1,1,primary_semantic_capture,1,0,2.097560975609756,True,True,True,0.5121951219512195,1.0
M1:144:3,144,M1,3,primary_semantic_capture,21,20,4.0,True,True,True,0.6341463414634146,1.0
M1:144:5,144,M1,5,primary_semantic_capture,7,6,2.4390243902439024,True,True,True,0.43902439024390244,1.0
M1:144:7,144,M1,7,primary_semantic_capture,7,6,2.2439024390243905,True,True,True,0.3902439024390244,1.0
M1:147:0,147,M1,0,primary_semantic_capture,19,18,1.6382978723404256,True,True,True,0.3829787234042553,1.0
M1:147:0,147,M1,0,legacy_aligned_capture,19,18,1.6382978723404256,True,True,True,0.3829787234042553,1.0
M1:147:1,147,M1,1,primary_semantic_capture,9,8,1.8936170212765957,True,True,True,0.6808510638297872,1.0
M1:147:3,147,M1,3,primary_semantic_capture,7,6,1.2765957446808511,True,True,True,0.46808510638297873,1.0
M1:147:4,147,M1,4,primary_semantic_capture,8,7,1.148936170212766,True,False,True,0.3617021276595745,1.0
M1:147:5,147,M1,5,primary_semantic_capture,3,2,1.0212765957446808,True,False,True,0.44680851063829785,1.0
M1:147:5,147,M1,5,legacy_aligned_capture,10,9,1.1702127659574468,True,False,True,0.44680851063829785,1.0
M1:147:6,147,M1,6,primary_semantic_capture,33,32,2.106382978723404,True,True,True,0.6382978723404256,1.0
M1:147:7,147,M1,7,primary_semantic_capture,25,24,1.851063829787234,True,True,True,0.44680851063829785,1.0
M1:148:0,148,M1,0,primary_semantic_capture,21,20,1.4901960784313726,True,True,True,0.39215686274509803,1.0
M1:148:1,148,M1,1,primary_semantic_capture,11,10,1.1176470588235294,True,False,True,0.17647058823529413,1.0
M1:148:1,148,M1,1,legacy_aligned_capture,11,10,1.1176470588235294,True,False,True,0.17647058823529413,1.0
M1:148:7,148,M1,7,primary_semantic_capture,10,9,1.3137254901960784,True,True,True,0.3137254901960784,1.0
M1:148:7,148,M1,7,legacy_aligned_capture,10,9,1.3137254901960784,True,True,True,0.3137254901960784,1.0
M1:149:5,149,M1,5,primary_semantic_capture,32,31,3.259259259259259,True,True,True,0.37037037037037035,1.0
M1:150:5,150,M1,5,primary_semantic_capture,2,1,1.4878048780487805,True,True,,0.0,nan
M1:150:5,150,M1,5,legacy_aligned_capture,3,2,1.5121951219512195,True,True,,0.0,nan
M1:151:0,151,M1,0,primary_semantic_capture,8,7,1.4285714285714286,True,True,False,0.5142857142857142,0.9473684210526315
M1:151:0,151,M1,0,legacy_aligned_capture,16,15,1.7142857142857142,True,True,True,0.5428571428571428,1.0
M1:151:1,151,M1,1,primary_semantic_capture,12,11,2.2857142857142856,True,True,True,0.6285714285714286,1.0
M1:151:1,151,M1,1,legacy_aligned_capture,12,11,2.2857142857142856,True,True,True,0.6285714285714286,1.0
M1:151:2,151,M1,2,primary_semantic_capture,9,8,3.3714285714285714,True,True,True,0.6,1.0
M1:151:2,151,M1,2,legacy_aligned_capture,9,8,3.3714285714285714,True,True,True,0.6,1.0
M1:151:5,151,M1,5,primary_semantic_capture,44,43,2.9714285714285715,True,True,True,0.5714285714285714,1.0
M1:151:7,151,M1,7,primary_semantic_capture,8,7,1.3142857142857143,True,True,True,0.5142857142857142,1.0
M1:151:7,151,M1,7,legacy_aligned_capture,8,7,1.3142857142857143,True,True,True,0.5142857142857142,1.0
M1:153:0,153,M1,0,primary_semantic_capture,24,23,1.0204081632653061,True,False,True,0.12244897959183673,1.0
M1:153:1,153,M1,1,primary_semantic_capture,28,27,0.7040816326530612,False,False,True,0.061224489795918366,1.0
M1:153:2,153,M1,2,primary_semantic_capture,22,21,1.2142857142857142,True,False,True,0.04081632653061224,1.0
M1:153:3,153,M1,3,primary_semantic_capture,20,19,1.2244897959183674,True,False,True,0.10204081632653061,1.0
M1:153:5,153,M1,5,primary_semantic_capture,34,33,1.2959183673469388,True,True,True,0.08163265306122448,1.0
M1:153:6,153,M1,6,primary_semantic_capture,15,14,0.8673469387755102,False,False,True,0.09183673469387756,1.0
M1:153:7,153,M1,7,primary_semantic_capture,32,31,1.1122448979591837,True,False,True,0.01020408163265306,1.0
M1:154:0,154,M1,0,primary_semantic_capture,14,13,0.5714285714285714,False,False,True,0.16883116883116883,1.0
M1:154:0,154,M1,0,legacy_aligned_capture,14,13,0.5714285714285714,False,False,True,0.16883116883116883,1.0
M1:154:1,154,M1,1,primary_semantic_capture,27,26,1.4805194805194806,True,True,True,0.03896103896103896,1.0
M1:154:2,154,M1,2,primary_semantic_capture,2,1,0.5844155844155844,False,False,True,0.2727272727272727,1.0
M1:154:3,154,M1,3,primary_semantic_capture,7,6,1.3246753246753247,True,True,True,0.16883116883116883,1.0
M1:154:4,154,M1,4,primary_semantic_capture,4,3,0.922077922077922,False,False,False,0.16883116883116883,0.5909090909090909
M1:154:5,154,M1,5,primary_semantic_capture,66,65,1.3636363636363635,True,True,True,0.24675324675324675,1.0
M1:154:6,154,M1,6,primary_semantic_capture,20,19,1.1428571428571428,True,False,True,0.24675324675324675,1.0
M1:154:7,154,M1,7,primary_semantic_capture,4,3,0.6623376623376623,False,False,True,0.06493506493506493,1.0
M1:155:6,155,M1,6,primary_semantic_capture,29,28,1.63013698630137,True,True,True,0.273972602739726,1.0
M1:155:7,155,M1,7,primary_semantic_capture,20,19,1.4383561643835616,True,True,True,0.3698630136986301,1.0
M1:156:3,156,M1,3,primary_semantic_capture,5,4,1.32,True,True,True,0.12,1.0
M1:156:5,156,M1,5,primary_semantic_capture,36,35,1.62,True,True,True,0.16,1.0
M1:156:7,156,M1,7,primary_semantic_capture,25,24,1.5,True,True,True,0.06,1.0
M1:158:0,158,M1,0,primary_semantic_capture,10,9,1.3164556962025316,True,True,True,0.25316455696202533,1.0
M1:158:1,158,M1,1,primary_semantic_capture,28,27,0.9113924050632911,False,False,True,0.17721518987341772,1.0
M1:158:2,158,M1,2,primary_semantic_capture,9,8,0.4936708860759494,False,False,,0.0,nan
M1:158:4,158,M1,4,primary_semantic_capture,15,14,0.4936708860759494,False,False,True,0.02531645569620253,1.0
M1:158:5,158,M1,5,primary_semantic_capture,13,12,0.6708860759493671,False,False,True,0.1518987341772152,1.0
M1:160:0,160,M1,0,primary_semantic_capture,10,9,1.0892857142857142,True,False,True,0.14285714285714285,1.0
M1:160:1,160,M1,1,primary_semantic_capture,7,6,2.6607142857142856,True,True,True,0.10714285714285714,1.0
M1:160:2,160,M1,2,primary_semantic_capture,2,1,1.2321428571428572,True,False,True,0.10714285714285714,1.0
M1:160:2,160,M1,2,legacy_aligned_capture,2,1,1.2321428571428572,True,False,True,0.10714285714285714,1.0
M1:160:5,160,M1,5,primary_semantic_capture,13,12,1.375,True,True,True,0.16071428571428573,1.0
M1:160:6,160,M1,6,primary_semantic_capture,3,2,0.8571428571428571,False,False,True,0.07142857142857142,1.0
M1:160:7,160,M1,7,primary_semantic_capture,8,7,0.9821428571428571,False,False,True,0.017857142857142856,1.0
M1:161:5,161,M1,5,primary_semantic_capture,7,6,2.5294117647058822,True,True,True,0.3333333333333333,1.0
M1:161:7,161,M1,7,primary_semantic_capture,57,56,3.607843137254902,True,True,True,0.21568627450980393,1.0
M1:162:2,162,M1,2,primary_semantic_capture,16,15,1.9714285714285715,True,True,True,0.08571428571428572,1.0
M1:162:4,162,M1,4,primary_semantic_capture,26,25,1.8285714285714285,True,True,True,0.11428571428571428,1.0
M1:162:5,162,M1,5,primary_semantic_capture,17,16,1.4285714285714286,True,True,True,0.08571428571428572,1.0
M1:162:7,162,M1,7,primary_semantic_capture,26,25,1.5714285714285714,True,True,True,0.17142857142857143,1.0
M1:163:0,163,M1,0,primary_semantic_capture,8,7,0.6185567010309279,False,False,True,0.1134020618556701,1.0
M1:163:1,163,M1,1,primary_semantic_capture,81,80,1.690721649484536,True,True,True,0.12371134020618557,1.0
M1:163:2,163,M1,2,primary_semantic_capture,1,0,0.4948453608247423,False,False,True,0.10309278350515463,1.0
M1:163:3,163,M1,3,primary_semantic_capture,8,7,1.3195876288659794,True,True,True,0.28865979381443296,1.0
M1:163:4,163,M1,4,primary_semantic_capture,5,4,0.8247422680412371,False,False,True,0.18556701030927836,1.0
M1:163:5,163,M1,5,primary_semantic_capture,32,31,1.2577319587628866,True,True,True,0.1958762886597938,1.0
M1:163:6,163,M1,6,primary_semantic_capture,6,5,1.2061855670103092,True,False,True,0.1958762886597938,1.0
M1:163:7,163,M1,7,primary_semantic_capture,13,12,0.7835051546391752,False,False,True,0.16494845360824742,1.0
M1:164:3,164,M1,3,primary_semantic_capture,17,16,1.378787878787879,True,True,True,0.36363636363636365,1.0
M1:164:3,164,M1,3,legacy_aligned_capture,18,17,1.393939393939394,True,True,True,0.36363636363636365,1.0
M1:164:5,164,M1,5,primary_semantic_capture,10,9,1.3181818181818181,True,True,True,0.36363636363636365,1.0
M1:167:2,167,M1,2,primary_semantic_capture,19,18,2.8372093023255816,True,True,True,0.18604651162790697,1.0
M1:167:3,167,M1,3,primary_semantic_capture,13,12,2.7209302325581395,True,True,True,0.18604651162790697,1.0
M1:167:6,167,M1,6,primary_semantic_capture,42,41,2.488372093023256,True,True,True,0.13953488372093023,1.0
M1:167:7,167,M1,7,primary_semantic_capture,6,5,2.2093023255813953,True,True,True,0.16279069767441862,1.0
M1:168:3,168,M1,3,primary_semantic_capture,1,0,2.382978723404255,True,True,True,0.3404255319148936,1.0
M1:169:2,169,M1,2,primary_semantic_capture,2,1,2.076923076923077,True,True,True,0.23076923076923078,1.0
M1:170:4,170,M1,4,primary_semantic_capture,5,4,0.8955223880597015,False,False,True,0.16417910447761194,1.0
M1:170:4,170,M1,4,legacy_aligned_capture,8,7,0.9402985074626866,False,False,True,0.16417910447761194,1.0
M1:170:6,170,M1,6,primary_semantic_capture,6,5,1.373134328358209,True,True,True,0.14925373134328357,1.0
M1:171:4,171,M1,4,primary_semantic_capture,10,9,0.9206349206349206,False,False,True,0.36507936507936506,1.0
M1:171:5,171,M1,5,primary_semantic_capture,14,13,1.1428571428571428,True,False,True,0.4126984126984127,1.0
M1:171:7,171,M1,7,primary_semantic_capture,25,24,1.6984126984126984,True,True,True,0.4126984126984127,1.0
M1:175:2,175,M1,2,primary_semantic_capture,4,3,1.4464285714285714,True,True,True,0.4642857142857143,1.0
M1:176:1,176,M1,1,primary_semantic_capture,3,2,2.7291666666666665,True,True,True,0.3541666666666667,1.0
M1:178:3,178,M1,3,primary_semantic_capture,4,3,1.2028985507246377,True,False,True,0.13043478260869565,1.0
M1:179:0,179,M1,0,primary_semantic_capture,7,6,1.0377358490566038,True,False,True,0.1320754716981132,1.0
M1:179:1,179,M1,1,primary_semantic_capture,51,50,2.0754716981132075,True,True,True,0.09433962264150944,1.0
M1:179:2,179,M1,2,primary_semantic_capture,8,7,1.2075471698113207,True,False,True,0.20754716981132076,1.0
M1:179:5,179,M1,5,primary_semantic_capture,3,2,1.0,True,False,True,0.03773584905660377,1.0
M1:179:6,179,M1,6,primary_semantic_capture,24,23,2.169811320754717,True,True,True,0.07547169811320754,1.0
M1:179:7,179,M1,7,primary_semantic_capture,2,1,1.9056603773584906,True,True,True,0.03773584905660377,1.0
M1:179:7,179,M1,7,legacy_aligned_capture,2,1,1.9056603773584906,True,True,True,0.03773584905660377,1.0
M1:181:0,181,M1,0,primary_semantic_capture,6,5,0.9444444444444444,False,False,True,0.2222222222222222,1.0
M1:181:0,181,M1,0,legacy_aligned_capture,6,5,0.9444444444444444,False,False,True,0.2222222222222222,1.0
M1:181:1,181,M1,1,primary_semantic_capture,26,25,1.4722222222222223,True,True,True,0.20833333333333334,1.0
M1:181:2,181,M1,2,primary_semantic_capture,4,3,1.2777777777777777,True,True,True,0.2777777777777778,1.0
M1:181:4,181,M1,4,primary_semantic_capture,16,15,1.4583333333333333,True,True,True,0.2916666666666667,1.0
M1:181:6,181,M1,6,primary_semantic_capture,7,6,1.0138888888888888,True,False,True,0.06944444444444445,1.0
M1:182:2,182,M1,2,primary_semantic_capture,9,8,1.5675675675675675,True,True,True,0.2972972972972973,1.0
M1:182:6,182,M1,6,primary_semantic_capture,6,5,1.0,True,False,True,0.32432432432432434,1.0
M1:182:6,182,M1,6,legacy_aligned_capture,6,5,1.0,True,False,True,0.32432432432432434,1.0
M1:183:5,183,M1,5,primary_semantic_capture,6,5,4.285714285714286,True,True,True,0.42857142857142855,1.0
M1:185:0,185,M1,0,primary_semantic_capture,1,0,9.75,True,True,True,0.25,1.0
M1:185:0,185,M1,0,legacy_aligned_capture,1,0,9.75,True,True,True,0.25,1.0
M1:185:1,185,M1,1,primary_semantic_capture,4,3,11.0,True,True,True,0.5,1.0
M1:185:4,185,M1,4,primary_semantic_capture,4,3,7.875,True,True,True,0.5,1.0
M1:185:6,185,M1,6,primary_semantic_capture,14,13,9.375,True,True,True,0.625,1.0
M1:185:6,185,M1,6,legacy_aligned_capture,14,13,9.375,True,True,True,0.625,1.0
M1:185:7,185,M1,7,primary_semantic_capture,1,0,14.875,True,True,True,0.125,1.0
M1:186:0,186,M1,0,primary_semantic_capture,2,1,4.115384615384615,True,True,True,0.07692307692307693,1.0
M1:186:0,186,M1,0,legacy_aligned_capture,2,1,4.115384615384615,True,True,True,0.07692307692307693,1.0
M1:186:1,186,M1,1,primary_semantic_capture,1,0,1.4230769230769231,True,True,True,0.19230769230769232,1.0
M1:186:2,186,M1,2,primary_semantic_capture,4,3,1.0769230769230769,True,False,True,0.11538461538461539,1.0
M1:186:4,186,M1,4,primary_semantic_capture,12,11,1.9230769230769231,True,True,True,0.19230769230769232,1.0
M1:186:5,186,M1,5,primary_semantic_capture,2,1,1.5384615384615385,True,True,True,0.23076923076923078,1.0
M1:186:5,186,M1,5,legacy_aligned_capture,2,1,1.5384615384615385,True,True,True,0.23076923076923078,1.0
M1:186:6,186,M1,6,primary_semantic_capture,1,0,1.3846153846153846,True,True,True,0.11538461538461539,1.0
M1:186:7,186,M1,7,primary_semantic_capture,2,1,2.1153846153846154,True,True,True,0.11538461538461539,1.0
M1:189:3,189,M1,3,primary_semantic_capture,9,8,1.318840579710145,True,True,True,0.42028985507246375,1.0
M1:190:6,190,M1,6,primary_semantic_capture,19,18,1.25,True,True,True,0.14705882352941177,1.0
M1:190:7,190,M1,7,primary_semantic_capture,10,9,0.7205882352941176,False,False,True,0.17647058823529413,1.0
M1:192:0,192,M1,0,primary_semantic_capture,1,0,1.6285714285714286,True,True,True,0.37142857142857144,1.0
M1:193:1,193,M1,1,primary_semantic_capture,6,5,1.2758620689655173,True,True,True,0.3103448275862069,1.0
M1:193:1,193,M1,1,legacy_aligned_capture,6,5,1.2758620689655173,True,True,True,0.3103448275862069,1.0
M1:193:3,193,M1,3,primary_semantic_capture,4,3,0.8735632183908046,False,False,True,0.40229885057471265,1.0
M1:193:5,193,M1,5,primary_semantic_capture,3,2,1.7241379310344827,True,True,True,0.3448275862068966,1.0
M1:193:7,193,M1,7,primary_semantic_capture,1,0,1.8850574712643677,True,True,True,0.5517241379310345,1.0
M1:196:0,196,M1,0,primary_semantic_capture,13,12,1.9268292682926829,True,True,True,0.1951219512195122,1.0
M1:196:4,196,M1,4,primary_semantic_capture,12,11,1.170731707317073,True,False,True,0.3170731707317073,1.0
M1:196:7,196,M1,7,primary_semantic_capture,3,2,2.341463414634146,True,True,True,0.3170731707317073,1.0
M1:198:3,198,M1,3,primary_semantic_capture,16,15,1.4137931034482758,True,True,True,0.39655172413793105,1.0
M1:200:0,200,M1,0,primary_semantic_capture,6,5,1.3953488372093024,True,True,True,0.06976744186046512,1.0
M1:200:1,200,M1,1,primary_semantic_capture,18,17,1.6744186046511629,True,True,True,0.3023255813953488,1.0
M1:200:2,200,M1,2,primary_semantic_capture,2,1,2.116279069767442,True,True,True,0.09302325581395349,1.0
M1:200:3,200,M1,3,primary_semantic_capture,14,13,1.744186046511628,True,True,True,0.16279069767441862,1.0
M1:200:4,200,M1,4,primary_semantic_capture,1,0,1.6046511627906976,True,True,True,0.16279069767441862,1.0
M1:200:5,200,M1,5,primary_semantic_capture,20,19,2.3255813953488373,True,True,True,0.32558139534883723,1.0
M1:200:6,200,M1,6,primary_semantic_capture,1,0,0.9767441860465116,False,False,True,0.06976744186046512,1.0
M1:200:7,200,M1,7,primary_semantic_capture,15,14,1.9069767441860466,True,True,True,0.2558139534883721,1.0
M1:201:0,201,M1,0,primary_semantic_capture,13,12,1.9705882352941178,True,True,False,0.14705882352941177,0.625
M1:201:1,201,M1,1,primary_semantic_capture,22,21,3.764705882352941,True,True,True,0.23529411764705882,1.0
M1:201:2,201,M1,2,primary_semantic_capture,9,8,2.088235294117647,True,True,True,0.20588235294117646,1.0
M1:201:4,201,M1,4,primary_semantic_capture,4,3,2.911764705882353,True,True,True,0.23529411764705882,1.0
M1:201:5,201,M1,5,primary_semantic_capture,11,10,5.411764705882353,True,True,True,0.20588235294117646,1.0
M1:201:6,201,M1,6,primary_semantic_capture,2,1,2.323529411764706,True,True,True,0.20588235294117646,1.0
M1:201:7,201,M1,7,primary_semantic_capture,16,15,2.588235294117647,True,True,True,0.2647058823529412,1.0
M1:201:7,201,M1,7,legacy_aligned_capture,16,15,2.588235294117647,True,True,True,0.2647058823529412,1.0
M1:202:0,202,M1,0,primary_semantic_capture,10,9,1.3837209302325582,True,True,True,0.32558139534883723,1.0
M1:202:1,202,M1,1,primary_semantic_capture,13,12,0.8255813953488372,False,False,True,0.2558139534883721,1.0
M1:202:3,202,M1,3,primary_semantic_capture,39,38,2.104651162790698,True,True,True,0.5465116279069767,1.0
M1:202:4,202,M1,4,primary_semantic_capture,11,10,0.9651162790697675,False,False,True,0.37209302325581395,1.0
M1:202:5,202,M1,5,primary_semantic_capture,7,6,0.9186046511627907,False,False,True,0.22093023255813954,1.0
M1:202:7,202,M1,7,primary_semantic_capture,11,10,1.2209302325581395,True,False,True,0.5116279069767442,1.0
M1:203:5,203,M1,5,primary_semantic_capture,1,0,1.6166666666666667,True,True,True,0.9,1.0
M1:204:2,204,M1,2,primary_semantic_capture,6,5,0.9537037037037037,False,False,True,0.4166666666666667,1.0
M1:204:3,204,M1,3,primary_semantic_capture,30,29,1.3518518518518519,True,True,True,0.4351851851851852,1.0
M1:204:4,204,M1,4,primary_semantic_capture,2,1,0.6111111111111112,False,False,False,0.1388888888888889,0.5769230769230769
M1:204:4,204,M1,4,legacy_aligned_capture,19,18,0.9537037037037037,False,False,True,0.24074074074074073,1.0
M1:204:5,204,M1,5,primary_semantic_capture,19,18,0.9444444444444444,False,False,True,0.4166666666666667,1.0
M1:204:6,204,M1,6,primary_semantic_capture,12,11,0.8981481481481481,False,False,True,0.32407407407407407,1.0
M1:204:7,204,M1,7,primary_semantic_capture,14,13,1.3703703703703705,True,True,True,0.5740740740740741,1.0
M1:205:0,205,M1,0,primary_semantic_capture,3,2,2.411764705882353,True,True,True,0.17647058823529413,1.0
M1:205:2,205,M1,2,primary_semantic_capture,6,5,2.1176470588235294,True,True,True,0.14705882352941177,1.0
M1:205:3,205,M1,3,primary_semantic_capture,1,0,1.6470588235294117,True,True,True,0.14705882352941177,1.0
M1:206:3,206,M1,3,primary_semantic_capture,10,9,2.793103448275862,True,True,True,0.2413793103448276,1.0
M1:207:1,207,M1,1,primary_semantic_capture,12,11,0.8923076923076924,False,False,True,0.15384615384615385,1.0
M1:207:2,207,M1,2,primary_semantic_capture,7,6,0.8615384615384616,False,False,True,0.1076923076923077,1.0
M1:207:2,207,M1,2,legacy_aligned_capture,11,10,0.9230769230769231,False,False,True,0.1076923076923077,1.0
M1:207:3,207,M1,3,primary_semantic_capture,25,24,1.123076923076923,True,False,True,0.1076923076923077,1.0
M1:207:3,207,M1,3,legacy_aligned_capture,25,24,1.123076923076923,True,False,True,0.1076923076923077,1.0
M1:207:4,207,M1,4,primary_semantic_capture,12,11,0.7384615384615385,False,False,True,0.046153846153846156,1.0
M1:207:5,207,M1,5,primary_semantic_capture,13,12,1.4461538461538461,True,True,True,0.16923076923076924,1.0
M1:207:5,207,M1,5,legacy_aligned_capture,13,12,1.4461538461538461,True,True,True,0.16923076923076924,1.0
M1:207:7,207,M1,7,primary_semantic_capture,31,30,1.1076923076923078,True,False,True,0.2,1.0
M1:208:2,208,M1,2,primary_semantic_capture,10,9,1.703125,True,True,True,0.359375,1.0
M1:208:4,208,M1,4,primary_semantic_capture,17,16,2.296875,True,True,True,0.4375,1.0
M1:208:5,208,M1,5,primary_semantic_capture,6,5,1.765625,True,True,True,0.359375,1.0
M1:208:6,208,M1,6,primary_semantic_capture,5,4,1.984375,True,True,True,0.359375,1.0
M1:208:7,208,M1,7,primary_semantic_capture,21,20,2.46875,True,True,True,0.359375,1.0
M1:211:0,211,M1,0,primary_semantic_capture,4,3,2.135135135135135,True,True,True,0.10810810810810811,1.0
M1:212:7,212,M1,7,primary_semantic_capture,5,4,2.0277777777777777,True,True,True,0.3333333333333333,1.0
M1:212:7,212,M1,7,legacy_aligned_capture,5,4,2.0277777777777777,True,True,True,0.3333333333333333,1.0
M1:214:2,214,M1,2,primary_semantic_capture,19,18,1.7547169811320755,True,True,True,0.09433962264150944,1.0
M1:214:6,214,M1,6,primary_semantic_capture,12,11,1.8679245283018868,True,True,True,0.1320754716981132,1.0
M1:214:7,214,M1,7,primary_semantic_capture,2,1,1.5660377358490567,True,True,False,0.09433962264150944,0.7142857142857143
M1:215:1,215,M1,1,primary_semantic_capture,11,10,1.3823529411764706,True,True,True,0.2647058823529412,1.0
M1:215:2,215,M1,2,primary_semantic_capture,2,1,1.0588235294117647,True,False,True,0.058823529411764705,1.0
M1:215:3,215,M1,3,primary_semantic_capture,1,0,1.3823529411764706,True,True,True,0.5294117647058824,1.0
M1:215:4,215,M1,4,primary_semantic_capture,10,9,1.2941176470588236,True,True,True,0.07352941176470588,1.0
M1:216:0,216,M1,0,primary_semantic_capture,33,32,1.5857142857142856,True,True,True,0.3,1.0
M1:216:1,216,M1,1,primary_semantic_capture,1,0,1.4142857142857144,True,True,True,0.22857142857142856,1.0
M1:216:2,216,M1,2,primary_semantic_capture,19,18,1.1571428571428573,True,False,True,0.2714285714285714,1.0
M1:216:3,216,M1,3,primary_semantic_capture,69,68,2.3,True,True,True,0.3,1.0
M1:216:4,216,M1,4,primary_semantic_capture,27,26,1.6428571428571428,True,True,False,0.24285714285714285,0.8947368421052632
M1:216:5,216,M1,5,primary_semantic_capture,25,24,1.9,True,True,True,0.4142857142857143,1.0
M1:216:7,216,M1,7,primary_semantic_capture,16,15,1.3857142857142857,True,True,True,0.37142857142857144,1.0
M1:218:6,218,M1,6,primary_semantic_capture,5,4,1.36,True,True,True,0.2,1.0
M1:218:7,218,M1,7,primary_semantic_capture,5,4,1.96,True,True,True,0.14,1.0
M1:219:0,219,M1,0,primary_semantic_capture,11,10,4.516129032258065,True,True,True,0.1935483870967742,1.0
M1:219:0,219,M1,0,legacy_aligned_capture,11,10,4.516129032258065,True,True,True,0.1935483870967742,1.0
M1:219:4,219,M1,4,primary_semantic_capture,4,3,5.258064516129032,True,True,True,0.2903225806451613,1.0
M1:219:4,219,M1,4,legacy_aligned_capture,4,3,5.258064516129032,True,True,True,0.2903225806451613,1.0
M1:219:5,219,M1,5,primary_semantic_capture,12,11,4.419354838709677,True,True,True,0.16129032258064516,1.0
M1:219:5,219,M1,5,legacy_aligned_capture,12,11,4.419354838709677,True,True,True,0.16129032258064516,1.0
M1:219:6,219,M1,6,primary_semantic_capture,40,39,4.903225806451613,True,True,True,0.22580645161290322,1.0
M1:219:7,219,M1,7,primary_semantic_capture,1,0,2.6451612903225805,True,True,True,0.25806451612903225,1.0
M1:220:4,220,M1,4,primary_semantic_capture,5,4,3.25,True,True,True,0.2,1.0
M1:220:4,220,M1,4,legacy_aligned_capture,5,4,3.25,True,True,True,0.2,1.0
M1:221:1,221,M1,1,primary_semantic_capture,3,2,1.564102564102564,True,True,True,0.05128205128205128,1.0
M1:224:0,224,M1,0,primary_semantic_capture,1,0,1.4102564102564104,True,True,True,0.3076923076923077,1.0
M1:224:1,224,M1,1,primary_semantic_capture,8,7,1.3846153846153846,True,True,True,0.20512820512820512,1.0
M1:226:0,226,M1,0,primary_semantic_capture,6,5,2.8846153846153846,True,True,True,0.34615384615384615,1.0
M1:226:1,226,M1,1,primary_semantic_capture,11,10,3.0384615384615383,True,True,True,0.2692307692307692,1.0
M1:226:6,226,M1,6,primary_semantic_capture,13,12,2.923076923076923,True,True,True,0.34615384615384615,1.0
M1:226:7,226,M1,7,primary_semantic_capture,18,17,3.3461538461538463,True,True,True,0.19230769230769232,1.0
M1:227:0,227,M1,0,primary_semantic_capture,8,7,1.0344827586206897,True,False,True,0.3103448275862069,1.0
M1:227:0,227,M1,0,legacy_aligned_capture,8,7,1.0344827586206897,True,False,True,0.3103448275862069,1.0
M1:227:5,227,M1,5,primary_semantic_capture,5,4,1.6724137931034482,True,True,True,0.3103448275862069,1.0
M1:227:7,227,M1,7,primary_semantic_capture,7,6,1.5,True,True,False,0.29310344827586204,0.9444444444444444
M1:228:0,228,M1,0,primary_semantic_capture,2,1,2.302325581395349,True,True,True,0.5348837209302325,1.0
M1:228:0,228,M1,0,legacy_aligned_capture,2,1,2.302325581395349,True,True,True,0.5348837209302325,1.0
M1:228:1,228,M1,1,primary_semantic_capture,4,3,2.3488372093023258,True,True,False,0.46511627906976744,0.9523809523809523
M1:228:2,228,M1,2,primary_semantic_capture,45,44,2.2790697674418605,True,True,True,0.16279069767441862,1.0
M1:228:4,228,M1,4,primary_semantic_capture,6,5,1.302325581395349,True,True,True,0.06976744186046512,1.0
M1:228:4,228,M1,4,legacy_aligned_capture,6,5,1.302325581395349,True,True,True,0.06976744186046512,1.0
M1:228:5,228,M1,5,primary_semantic_capture,6,5,1.7674418604651163,True,True,True,0.46511627906976744,1.0
M1:228:5,228,M1,5,legacy_aligned_capture,6,5,1.7674418604651163,True,True,True,0.46511627906976744,1.0
M1:228:6,228,M1,6,primary_semantic_capture,11,10,2.744186046511628,True,True,True,0.5348837209302325,1.0
M1:229:0,229,M1,0,primary_semantic_capture,24,23,1.2763157894736843,True,True,True,0.4473684210526316,1.0
M1:229:0,229,M1,0,legacy_aligned_capture,25,24,1.2894736842105263,True,True,True,0.4473684210526316,1.0
M1:229:4,229,M1,4,primary_semantic_capture,22,21,1.4736842105263157,True,True,True,0.5,1.0
M1:229:4,229,M1,4,legacy_aligned_capture,22,21,1.4736842105263157,True,True,True,0.5,1.0
M1:229:5,229,M1,5,primary_semantic_capture,5,4,3.1578947368421053,True,True,True,0.35526315789473684,1.0
M1:229:6,229,M1,6,primary_semantic_capture,3,2,1.1710526315789473,True,False,True,0.4605263157894737,1.0
M1:231:0,231,M1,0,primary_semantic_capture,11,10,1.875,True,True,True,0.3392857142857143,1.0
M1:231:1,231,M1,1,primary_semantic_capture,41,40,2.2142857142857144,True,True,True,0.42857142857142855,1.0
M1:231:2,231,M1,2,primary_semantic_capture,36,35,1.9107142857142858,True,True,True,0.48214285714285715,1.0
M1:231:3,231,M1,3,primary_semantic_capture,52,51,2.017857142857143,True,True,True,0.42857142857142855,1.0
M1:231:5,231,M1,5,primary_semantic_capture,33,32,2.142857142857143,True,True,True,0.5535714285714286,1.0
M1:231:6,231,M1,6,primary_semantic_capture,4,3,1.3928571428571428,True,True,True,0.375,1.0
M1:231:7,231,M1,7,primary_semantic_capture,28,27,2.1785714285714284,True,True,True,0.2857142857142857,1.0
M1:232:0,232,M1,0,primary_semantic_capture,17,16,1.3146067415730338,True,True,True,0.1797752808988764,1.0
M1:232:2,232,M1,2,primary_semantic_capture,20,19,1.449438202247191,True,True,True,0.4044943820224719,1.0
M1:232:4,232,M1,4,primary_semantic_capture,4,3,1.0786516853932584,True,False,True,0.3595505617977528,1.0
M1:233:2,233,M1,2,primary_semantic_capture,11,10,0.7894736842105263,False,False,True,0.25263157894736843,1.0
M1:233:4,233,M1,4,primary_semantic_capture,1,0,1.0210526315789474,True,False,True,0.4631578947368421,1.0
M1:233:6,233,M1,6,primary_semantic_capture,2,1,0.9263157894736842,False,False,False,0.37894736842105264,0.9
M1:233:7,233,M1,7,primary_semantic_capture,19,18,1.4,True,True,True,0.47368421052631576,1.0
M1:234:0,234,M1,0,primary_semantic_capture,9,8,1.125,True,False,True,0.09090909090909091,1.0
M1:234:1,234,M1,1,primary_semantic_capture,3,2,1.2386363636363635,True,False,True,0.14772727272727273,1.0
M1:234:3,234,M1,3,primary_semantic_capture,8,7,1.4204545454545454,True,True,True,0.10227272727272728,1.0
M1:234:4,234,M1,4,primary_semantic_capture,2,1,0.6363636363636364,False,False,True,0.011363636363636364,1.0
M1:234:5,234,M1,5,primary_semantic_capture,12,11,0.9886363636363636,False,False,True,0.13636363636363635,1.0
M1:236:0,236,M1,0,primary_semantic_capture,4,3,5.0588235294117645,True,True,True,0.11764705882352941,1.0
M1:236:0,236,M1,0,legacy_aligned_capture,4,3,5.0588235294117645,True,True,True,0.11764705882352941,1.0
M1:236:2,236,M1,2,primary_semantic_capture,10,9,7.352941176470588,True,True,True,0.058823529411764705,1.0
M1:236:2,236,M1,2,legacy_aligned_capture,10,9,7.352941176470588,True,True,True,0.058823529411764705,1.0
M1:236:3,236,M1,3,primary_semantic_capture,4,3,3.1176470588235294,True,True,True,0.47058823529411764,1.0
M1:236:5,236,M1,5,primary_semantic_capture,5,4,7.9411764705882355,True,True,True,0.5294117647058824,1.0
M1:237:6,237,M1,6,primary_semantic_capture,4,3,2.103448275862069,True,True,True,0.43103448275862066,1.0
M1:238:0,238,M1,0,primary_semantic_capture,5,4,1.5952380952380953,True,True,True,0.30952380952380953,1.0
M1:238:1,238,M1,1,primary_semantic_capture,3,2,1.619047619047619,True,True,True,0.30952380952380953,1.0
M1:238:2,238,M1,2,primary_semantic_capture,2,1,2.0,True,True,True,0.2619047619047619,1.0
M1:238:3,238,M1,3,primary_semantic_capture,4,3,1.3333333333333333,True,True,True,0.3333333333333333,1.0
M1:238:4,238,M1,4,primary_semantic_capture,6,5,1.3571428571428572,True,True,True,0.19047619047619047,1.0
M1:238:5,238,M1,5,primary_semantic_capture,7,6,0.9523809523809523,False,False,True,0.19047619047619047,1.0
M1:238:6,238,M1,6,primary_semantic_capture,7,6,1.4761904761904763,True,True,True,0.2857142857142857,1.0
M1:238:7,238,M1,7,primary_semantic_capture,16,15,1.6904761904761905,True,True,True,0.30952380952380953,1.0
M1:239:0,239,M1,0,primary_semantic_capture,20,19,1.9782608695652173,True,True,True,0.2826086956521739,1.0
M1:239:1,239,M1,1,primary_semantic_capture,79,78,3.760869565217391,True,True,True,0.15217391304347827,1.0
M1:239:2,239,M1,2,primary_semantic_capture,26,25,3.4782608695652173,True,True,True,0.2608695652173913,1.0
M1:239:3,239,M1,3,primary_semantic_capture,24,23,1.7173913043478262,True,True,True,0.15217391304347827,1.0
M1:239:4,239,M1,4,primary_semantic_capture,18,17,2.1956521739130435,True,True,True,0.30434782608695654,1.0
M1:239:5,239,M1,5,primary_semantic_capture,3,2,1.934782608695652,True,True,True,0.10869565217391304,1.0
M1:239:7,239,M1,7,primary_semantic_capture,6,5,1.4565217391304348,True,True,True,0.30434782608695654,1.0
M1:243:2,243,M1,2,primary_semantic_capture,2,1,1.7222222222222223,True,True,True,0.6666666666666666,1.0
M1:243:3,243,M1,3,primary_semantic_capture,2,1,1.4722222222222223,True,True,True,0.4722222222222222,1.0
M1:243:4,243,M1,4,primary_semantic_capture,2,1,1.6388888888888888,True,True,True,0.6111111111111112,1.0
M1:243:5,243,M1,5,primary_semantic_capture,6,5,3.6666666666666665,True,True,True,0.6111111111111112,1.0
M1:244:0,244,M1,0,primary_semantic_capture,14,13,1.3170731707317074,True,True,True,0.04878048780487805,1.0
M1:244:2,244,M1,2,primary_semantic_capture,16,15,1.4390243902439024,True,True,True,0.17073170731707318,1.0
M1:244:2,244,M1,2,legacy_aligned_capture,16,15,1.4390243902439024,True,True,True,0.17073170731707318,1.0
M1:244:4,244,M1,4,primary_semantic_capture,21,20,1.4390243902439024,True,True,True,0.12195121951219512,1.0
M1:244:5,244,M1,5,primary_semantic_capture,26,25,1.9268292682926829,True,True,True,0.04878048780487805,1.0
M1:244:6,244,M1,6,primary_semantic_capture,12,11,2.2195121951219514,True,True,True,0.24390243902439024,1.0
M1:246:3,246,M1,3,primary_semantic_capture,16,15,2.5692307692307694,True,True,True,0.5846153846153846,1.0
M1:250:1,250,M1,1,primary_semantic_capture,14,13,2.485294117647059,True,True,True,0.4264705882352941,1.0
M1:250:1,250,M1,1,legacy_aligned_capture,14,13,2.485294117647059,True,True,True,0.4264705882352941,1.0
M1:250:2,250,M1,2,primary_semantic_capture,29,28,2.426470588235294,True,True,True,0.39705882352941174,1.0
M1:250:2,250,M1,2,legacy_aligned_capture,29,28,2.426470588235294,True,True,True,0.39705882352941174,1.0
M1:250:3,250,M1,3,primary_semantic_capture,27,26,1.911764705882353,True,True,True,0.4411764705882353,1.0
M1:250:3,250,M1,3,legacy_aligned_capture,40,39,2.1029411764705883,True,True,True,0.4411764705882353,1.0
M1:250:6,250,M1,6,primary_semantic_capture,15,14,1.6764705882352942,True,True,True,0.4852941176470588,1.0
M1:252:0,252,M1,0,primary_semantic_capture,2,1,0.9324324324324325,False,False,True,0.2702702702702703,1.0
M1:252:5,252,M1,5,primary_semantic_capture,6,5,1.0405405405405406,True,False,True,0.28378378378378377,1.0
M1:253:0,253,M1,0,primary_semantic_capture,1,0,0.9318181818181818,False,False,True,0.20454545454545456,1.0
M1:253:1,253,M1,1,primary_semantic_capture,1,0,0.9545454545454546,False,False,True,0.36363636363636365,1.0
M1:253:2,253,M1,2,primary_semantic_capture,16,15,1.3863636363636365,True,True,True,0.18181818181818182,1.0
M1:253:2,253,M1,2,legacy_aligned_capture,16,15,1.3863636363636365,True,True,True,0.18181818181818182,1.0
M1:253:4,253,M1,4,primary_semantic_capture,1,0,1.2727272727272727,True,True,True,0.18181818181818182,1.0
M1:253:6,253,M1,6,primary_semantic_capture,1,0,2.1818181818181817,True,True,True,0.11363636363636363,1.0
M1:253:7,253,M1,7,primary_semantic_capture,9,8,2.7954545454545454,True,True,True,0.20454545454545456,1.0
M1:255:2,255,M1,2,primary_semantic_capture,5,4,2.25,True,True,True,0.1388888888888889,1.0
M1:255:2,255,M1,2,legacy_aligned_capture,5,4,2.25,True,True,True,0.1388888888888889,1.0
M1:257:4,257,M1,4,primary_semantic_capture,28,27,1.4473684210526316,True,True,True,0.4868421052631579,1.0
M1:257:5,257,M1,5,primary_semantic_capture,10,9,1.131578947368421,True,False,True,0.39473684210526316,1.0
M1:258:0,258,M1,0,primary_semantic_capture,6,5,1.8421052631578947,True,True,True,0.39473684210526316,1.0
M1:259:1,259,M1,1,primary_semantic_capture,24,23,4.517857142857143,True,True,True,0.25,1.0
M1:259:4,259,M1,4,primary_semantic_capture,24,23,1.7678571428571428,True,True,True,0.23214285714285715,1.0
M1:259:7,259,M1,7,primary_semantic_capture,21,20,1.6964285714285714,True,True,True,0.30357142857142855,1.0
M1:261:6,261,M1,6,primary_semantic_capture,16,15,2.925925925925926,True,True,True,0.14814814814814814,1.0
M1:263:0,263,M1,0,primary_semantic_capture,2,1,1.3962264150943395,True,True,True,0.6981132075471698,1.0
M1:264:0,264,M1,0,primary_semantic_capture,21,20,1.7346938775510203,True,True,True,0.4489795918367347,1.0
M1:264:1,264,M1,1,primary_semantic_capture,51,50,3.5306122448979593,True,True,True,0.2653061224489796,1.0
M1:264:2,264,M1,2,primary_semantic_capture,2,1,0.8775510204081632,False,False,True,0.22448979591836735,1.0
M1:264:3,264,M1,3,primary_semantic_capture,7,6,1.3061224489795917,True,True,True,0.2857142857142857,1.0
M1:264:4,264,M1,4,primary_semantic_capture,39,38,2.795918367346939,True,True,True,0.3469387755102041,1.0
M1:264:5,264,M1,5,primary_semantic_capture,4,3,0.9795918367346939,False,False,True,0.30612244897959184,1.0
M1:264:6,264,M1,6,primary_semantic_capture,2,1,1.4081632653061225,True,True,False,0.5510204081632653,0.9310344827586207
M1:264:7,264,M1,7,primary_semantic_capture,18,17,2.183673469387755,True,True,True,0.3877551020408163,1.0
M1:268:0,268,M1,0,primary_semantic_capture,23,22,2.772727272727273,True,True,True,0.18181818181818182,1.0
M1:268:1,268,M1,1,primary_semantic_capture,1,0,2.1818181818181817,True,True,True,0.22727272727272727,1.0
M1:268:3,268,M1,3,primary_semantic_capture,6,5,3.8636363636363638,True,True,True,0.4090909090909091,1.0
M1:268:4,268,M1,4,primary_semantic_capture,2,1,1.9545454545454546,True,True,True,0.3181818181818182,1.0
M1:268:5,268,M1,5,primary_semantic_capture,1,0,2.772727272727273,True,True,True,0.4090909090909091,1.0
M1:268:6,268,M1,6,primary_semantic_capture,2,1,1.6363636363636365,True,True,True,0.22727272727272727,1.0
M1:268:6,268,M1,6,legacy_aligned_capture,28,27,2.8181818181818183,True,True,True,0.22727272727272727,1.0
M1:268:7,268,M1,7,primary_semantic_capture,2,1,1.9090909090909092,True,True,True,0.36363636363636365,1.0
M1:272:0,272,M1,0,primary_semantic_capture,6,5,1.2727272727272727,True,True,True,0.2,1.0
M1:272:1,272,M1,1,primary_semantic_capture,4,3,1.490909090909091,True,True,True,0.3090909090909091,1.0
M1:272:1,272,M1,1,legacy_aligned_capture,5,4,1.509090909090909,True,True,True,0.3090909090909091,1.0
M1:272:2,272,M1,2,primary_semantic_capture,4,3,1.3272727272727274,True,True,True,0.2,1.0
M1:272:3,272,M1,3,primary_semantic_capture,25,24,2.1636363636363636,True,True,True,0.3090909090909091,1.0
M1:272:4,272,M1,4,primary_semantic_capture,7,6,1.309090909090909,True,True,True,0.2545454545454545,1.0
M1:272:4,272,M1,4,legacy_aligned_capture,7,6,1.309090909090909,True,True,True,0.2545454545454545,1.0
M1:272:7,272,M1,7,primary_semantic_capture,14,13,2.109090909090909,True,True,True,0.2545454545454545,1.0
M1:273:2,273,M1,2,primary_semantic_capture,2,1,1.6923076923076923,True,True,True,0.07692307692307693,1.0
M1:273:2,273,M1,2,legacy_aligned_capture,2,1,1.6923076923076923,True,True,True,0.07692307692307693,1.0
M1:273:6,273,M1,6,primary_semantic_capture,22,21,3.0256410256410255,True,True,True,0.20512820512820512,1.0
M1:275:4,275,M1,4,primary_semantic_capture,7,6,3.1470588235294117,True,True,True,0.35294117647058826,1.0
M1:275:7,275,M1,7,primary_semantic_capture,3,2,2.0294117647058822,True,True,False,0.11764705882352941,0.8
M1:275:7,275,M1,7,legacy_aligned_capture,13,12,3.2058823529411766,True,True,True,0.14705882352941177,1.0
M1:276:1,276,M1,1,primary_semantic_capture,11,10,2.6818181818181817,True,True,True,0.4090909090909091,1.0
M1:276:1,276,M1,1,legacy_aligned_capture,11,10,2.6818181818181817,True,True,True,0.4090909090909091,1.0
M1:276:2,276,M1,2,primary_semantic_capture,7,6,2.3181818181818183,True,True,True,0.36363636363636365,1.0
M1:277:0,277,M1,0,primary_semantic_capture,12,11,1.0307692307692307,True,False,True,0.3076923076923077,1.0
M1:277:2,277,M1,2,primary_semantic_capture,44,43,2.646153846153846,True,True,True,0.5076923076923077,1.0
M1:277:3,277,M1,3,primary_semantic_capture,17,16,1.3384615384615384,True,True,True,0.15384615384615385,1.0
M1:277:4,277,M1,4,primary_semantic_capture,14,13,1.3846153846153846,True,True,True,0.18461538461538463,1.0
M1:277:5,277,M1,5,primary_semantic_capture,11,10,1.0153846153846153,True,False,True,0.23076923076923078,1.0
M1:277:6,277,M1,6,primary_semantic_capture,20,19,1.5384615384615385,True,True,True,0.12307692307692308,1.0
M1:279:0,279,M1,0,primary_semantic_capture,9,8,2.5277777777777777,True,True,True,0.1111111111111111,1.0
M1:279:2,279,M1,2,primary_semantic_capture,7,6,2.4722222222222223,True,True,True,0.2777777777777778,1.0
M1:279:3,279,M1,3,primary_semantic_capture,5,4,4.5,True,True,True,0.19444444444444445,1.0
M1:279:3,279,M1,3,legacy_aligned_capture,5,4,4.5,True,True,True,0.19444444444444445,1.0
M1:279:4,279,M1,4,primary_semantic_capture,1,0,2.0,True,True,False,0.2222222222222222,0.8888888888888888
M1:279:5,279,M1,5,primary_semantic_capture,9,8,2.111111111111111,True,True,True,0.25,1.0
M1:279:6,279,M1,6,primary_semantic_capture,4,3,1.4166666666666667,True,True,True,0.1388888888888889,1.0
M1:279:7,279,M1,7,primary_semantic_capture,1,0,2.638888888888889,True,True,True,0.3611111111111111,1.0
M1:280:6,280,M1,6,primary_semantic_capture,7,6,1.65,True,True,True,0.15,1.0
M1:280:6,280,M1,6,legacy_aligned_capture,7,6,1.65,True,True,True,0.15,1.0
M1:281:4,281,M1,4,primary_semantic_capture,1,0,0.9545454545454546,False,False,False,0.29545454545454547,0.9285714285714286
M1:283:2,283,M1,2,primary_semantic_capture,7,6,1.953125,True,True,True,0.421875,1.0
M1:283:4,283,M1,4,primary_semantic_capture,8,7,1.40625,True,True,True,0.421875,1.0
M1:283:6,283,M1,6,primary_semantic_capture,2,1,1.4375,True,True,True,0.40625,1.0
M1:285:7,285,M1,7,primary_semantic_capture,11,10,2.0285714285714285,True,True,True,0.37142857142857144,1.0
M1:286:0,286,M1,0,primary_semantic_capture,6,5,1.5,True,True,True,0.2916666666666667,1.0
M1:286:2,286,M1,2,primary_semantic_capture,11,10,1.8541666666666667,True,True,True,0.3541666666666667,1.0
M1:286:2,286,M1,2,legacy_aligned_capture,11,10,1.8541666666666667,True,True,True,0.3541666666666667,1.0
M1:286:4,286,M1,4,primary_semantic_capture,30,29,2.4375,True,True,True,0.3125,1.0
M1:286:5,286,M1,5,primary_semantic_capture,38,37,3.2291666666666665,True,True,True,0.2916666666666667,1.0
M1:286:6,286,M1,6,primary_semantic_capture,9,8,1.875,True,True,True,0.375,1.0
M1:286:6,286,M1,6,legacy_aligned_capture,9,8,1.875,True,True,True,0.375,1.0
M1:287:1,287,M1,1,primary_semantic_capture,2,1,0.8095238095238095,False,False,True,0.07936507936507936,1.0
M1:287:4,287,M1,4,primary_semantic_capture,7,6,0.873015873015873,False,False,True,0.14285714285714285,1.0
M1:287:4,287,M1,4,legacy_aligned_capture,7,6,0.873015873015873,False,False,True,0.14285714285714285,1.0
M1:287:5,287,M1,5,primary_semantic_capture,9,8,1.3015873015873016,True,True,True,0.15873015873015872,1.0
M1:289:2,289,M1,2,primary_semantic_capture,1,0,2.619047619047619,True,True,True,0.47619047619047616,1.0
M1:289:2,289,M1,2,legacy_aligned_capture,1,0,2.619047619047619,True,True,True,0.47619047619047616,1.0
M1:289:5,289,M1,5,primary_semantic_capture,6,5,3.6666666666666665,True,True,True,0.42857142857142855,1.0
M1:291:0,291,M1,0,primary_semantic_capture,11,10,1.3636363636363635,True,True,True,0.20454545454545456,1.0
M1:291:2,291,M1,2,primary_semantic_capture,19,18,1.5681818181818181,True,True,True,0.4090909090909091,1.0
M1:291:5,291,M1,5,primary_semantic_capture,4,3,3.0454545454545454,True,True,True,0.2727272727272727,1.0
M1:291:6,291,M1,6,primary_semantic_capture,8,7,1.9090909090909092,True,True,True,0.3409090909090909,1.0
M1:291:7,291,M1,7,primary_semantic_capture,14,13,1.9318181818181819,True,True,True,0.3409090909090909,1.0
M1:292:5,292,M1,5,primary_semantic_capture,1,0,1.2380952380952381,True,False,True,0.42857142857142855,1.0
M1:294:0,294,M1,0,primary_semantic_capture,6,5,1.3291139240506329,True,True,True,0.12658227848101267,1.0
M1:294:1,294,M1,1,primary_semantic_capture,8,7,1.1012658227848102,True,False,True,0.012658227848101266,1.0
M1:294:2,294,M1,2,primary_semantic_capture,46,45,1.3164556962025316,True,True,True,0.16455696202531644,1.0
M1:294:4,294,M1,4,primary_semantic_capture,1,0,0.9620253164556962,False,False,True,0.08860759493670886,1.0
M1:294:5,294,M1,5,primary_semantic_capture,9,8,1.0379746835443038,True,False,True,0.1518987341772152,1.0
M1:294:6,294,M1,6,primary_semantic_capture,20,19,1.3417721518987342,True,True,True,0.1518987341772152,1.0
M1:294:7,294,M1,7,primary_semantic_capture,23,22,1.5949367088607596,True,True,True,0.21518987341772153,1.0
M1:297:2,297,M1,2,primary_semantic_capture,5,4,1.3725490196078431,True,True,True,0.1568627450980392,1.0
M1:298:0,298,M1,0,primary_semantic_capture,2,1,1.5443037974683544,True,True,True,0.3037974683544304,1.0
M1:298:1,298,M1,1,primary_semantic_capture,13,12,0.759493670886076,False,False,True,0.3037974683544304,1.0
M1:298:2,298,M1,2,primary_semantic_capture,29,28,1.6962025316455696,True,True,True,0.4050632911392405,1.0
M1:298:3,298,M1,3,primary_semantic_capture,12,11,2.240506329113924,True,True,True,0.46835443037974683,1.0
M1:298:4,298,M1,4,primary_semantic_capture,21,20,2.7468354430379747,True,True,True,0.6075949367088608,1.0
M1:298:5,298,M1,5,primary_semantic_capture,19,18,1.1265822784810127,True,False,True,0.4050632911392405,1.0
M1:299:3,299,M1,3,primary_semantic_capture,10,9,1.2727272727272727,True,True,True,0.4090909090909091,1.0
M1:300:0,300,M1,0,primary_semantic_capture,20,19,3.369565217391304,True,True,True,0.17391304347826086,1.0
M1:300:2,300,M1,2,primary_semantic_capture,6,5,2.0434782608695654,True,True,True,0.30434782608695654,1.0
M1:300:4,300,M1,4,primary_semantic_capture,6,5,2.260869565217391,True,True,True,0.30434782608695654,1.0
M1:300:5,300,M1,5,primary_semantic_capture,7,6,1.608695652173913,True,True,True,0.3695652173913043,1.0
M1:300:7,300,M1,7,primary_semantic_capture,11,10,1.326086956521739,True,True,True,0.2608695652173913,1.0
M1:302:0,302,M1,0,primary_semantic_capture,6,5,0.7368421052631579,False,False,True,0.23684210526315788,1.0
M1:303:1,303,M1,1,primary_semantic_capture,6,5,1.5555555555555556,True,True,True,0.2777777777777778,1.0
M1:303:2,303,M1,2,primary_semantic_capture,26,25,1.9722222222222223,True,True,True,0.1388888888888889,1.0
M1:303:3,303,M1,3,primary_semantic_capture,18,17,2.5555555555555554,True,True,True,0.2777777777777778,1.0
M1:303:3,303,M1,3,legacy_aligned_capture,18,17,2.5555555555555554,True,True,True,0.2777777777777778,1.0
M1:303:7,303,M1,7,primary_semantic_capture,6,5,2.138888888888889,True,True,True,0.1111111111111111,1.0
M1:306:0,306,M1,0,primary_semantic_capture,1,0,2.4871794871794872,True,True,True,0.2564102564102564,1.0
M1:306:0,306,M1,0,legacy_aligned_capture,5,4,2.58974358974359,True,True,True,0.2564102564102564,1.0
M1:306:3,306,M1,3,primary_semantic_capture,5,4,1.2564102564102564,True,True,True,0.28205128205128205,1.0
M1:306:3,306,M1,3,legacy_aligned_capture,5,4,1.2564102564102564,True,True,True,0.28205128205128205,1.0
M1:306:4,306,M1,4,primary_semantic_capture,1,0,1.4871794871794872,True,True,True,0.28205128205128205,1.0
M1:306:5,306,M1,5,primary_semantic_capture,14,13,4.0256410256410255,True,True,True,0.4358974358974359,1.0
M1:306:5,306,M1,5,legacy_aligned_capture,15,14,4.051282051282051,True,True,True,0.4358974358974359,1.0
M1:306:7,306,M1,7,primary_semantic_capture,5,4,1.641025641025641,True,True,True,0.28205128205128205,1.0
M1:307:0,307,M1,0,primary_semantic_capture,3,2,1.564102564102564,True,True,True,0.5128205128205128,1.0
M1:308:4,308,M1,4,primary_semantic_capture,2,1,2.2653061224489797,True,True,True,0.4489795918367347,1.0
M1:309:0,309,M1,0,primary_semantic_capture,8,7,1.4545454545454546,True,True,True,0.21212121212121213,1.0
M1:309:1,309,M1,1,primary_semantic_capture,37,36,2.909090909090909,True,True,True,0.3333333333333333,1.0
M1:309:4,309,M1,4,primary_semantic_capture,3,2,1.5151515151515151,True,True,True,0.3333333333333333,1.0
M1:309:5,309,M1,5,primary_semantic_capture,7,6,1.393939393939394,True,True,True,0.24242424242424243,1.0
M1:309:6,309,M1,6,primary_semantic_capture,2,1,1.696969696969697,True,True,True,0.36363636363636365,1.0
M1:309:7,309,M1,7,primary_semantic_capture,23,22,1.9696969696969697,True,True,True,0.24242424242424243,1.0
M1:310:2,310,M1,2,primary_semantic_capture,11,10,1.3958333333333333,True,True,True,0.3541666666666667,1.0
M1:310:6,310,M1,6,primary_semantic_capture,15,14,1.2916666666666667,True,True,True,0.3541666666666667,1.0
M1:310:6,310,M1,6,legacy_aligned_capture,15,14,1.2916666666666667,True,True,True,0.3541666666666667,1.0
M1:311:0,311,M1,0,primary_semantic_capture,21,20,2.245614035087719,True,True,True,0.3684210526315789,1.0
M1:311:2,311,M1,2,primary_semantic_capture,1,0,0.8947368421052632,False,False,True,0.15789473684210525,1.0
M1:311:4,311,M1,4,primary_semantic_capture,7,6,0.8070175438596491,False,False,True,0.21052631578947367,1.0
M1:313:5,313,M1,5,primary_semantic_capture,35,34,3.4642857142857144,True,True,True,0.14285714285714285,1.0
M1:313:6,313,M1,6,primary_semantic_capture,6,5,6.678571428571429,True,True,True,0.39285714285714285,1.0
M1:315:7,315,M1,7,primary_semantic_capture,1,0,1.2448979591836735,True,False,True,0.4897959183673469,1.0
M1:316:3,316,M1,3,primary_semantic_capture,2,1,6.571428571428571,True,True,True,0.5,1.0
M1:316:3,316,M1,3,legacy_aligned_capture,2,1,6.571428571428571,True,True,True,0.5,1.0
M1:316:6,316,M1,6,primary_semantic_capture,7,6,4.714285714285714,True,True,True,0.2857142857142857,1.0
M1:317:0,317,M1,0,primary_semantic_capture,19,18,1.3035714285714286,True,True,True,0.17857142857142858,1.0
M1:317:1,317,M1,1,primary_semantic_capture,15,14,1.4642857142857142,True,True,True,0.16071428571428573,1.0
M1:317:2,317,M1,2,primary_semantic_capture,11,10,0.9464285714285714,False,False,True,0.21428571428571427,1.0
M1:317:3,317,M1,3,primary_semantic_capture,12,11,1.4821428571428572,True,True,True,0.19642857142857142,1.0
M1:317:4,317,M1,4,primary_semantic_capture,22,21,1.2678571428571428,True,True,True,0.19642857142857142,1.0
M1:317:5,317,M1,5,primary_semantic_capture,5,4,0.7321428571428571,False,False,True,0.125,1.0
M1:317:7,317,M1,7,primary_semantic_capture,4,3,1.0714285714285714,True,False,True,0.21428571428571427,1.0
M1:320:0,320,M1,0,primary_semantic_capture,1,0,2.122448979591837,True,True,True,0.5306122448979592,1.0
M1:320:0,320,M1,0,legacy_aligned_capture,1,0,2.122448979591837,True,True,True,0.5306122448979592,1.0
M1:320:2,320,M1,2,primary_semantic_capture,2,1,1.9795918367346939,True,True,True,0.4489795918367347,1.0
M1:320:5,320,M1,5,primary_semantic_capture,4,3,2.183673469387755,True,True,True,0.4489795918367347,1.0
M1:320:5,320,M1,5,legacy_aligned_capture,4,3,2.183673469387755,True,True,True,0.4489795918367347,1.0
M1:320:6,320,M1,6,primary_semantic_capture,24,23,3.489795918367347,True,True,True,0.4897959183673469,1.0
M1:320:6,320,M1,6,legacy_aligned_capture,24,23,3.489795918367347,True,True,True,0.4897959183673469,1.0
M1:320:7,320,M1,7,primary_semantic_capture,3,2,2.979591836734694,True,True,True,0.42857142857142855,1.0
M1:321:0,321,M1,0,primary_semantic_capture,20,19,1.7209302325581395,True,True,True,0.09302325581395349,1.0
M1:321:1,321,M1,1,primary_semantic_capture,6,5,3.0930232558139537,True,True,True,0.18604651162790697,1.0
M1:321:3,321,M1,3,primary_semantic_capture,3,2,2.7906976744186047,True,True,True,0.23255813953488372,1.0
M1:321:5,321,M1,5,primary_semantic_capture,10,9,1.3953488372093024,True,True,True,0.11627906976744186,1.0
M1:321:6,321,M1,6,primary_semantic_capture,9,8,1.7209302325581395,True,True,True,0.20930232558139536,1.0
M1:321:7,321,M1,7,primary_semantic_capture,11,10,1.5116279069767442,True,True,True,0.27906976744186046,1.0
M1:323:4,323,M1,4,primary_semantic_capture,15,14,3.909090909090909,True,True,True,0.045454545454545456,1.0
M1:323:5,323,M1,5,primary_semantic_capture,21,20,4.818181818181818,True,True,True,0.22727272727272727,1.0
M1:324:1,324,M1,1,primary_semantic_capture,5,4,3.4705882352941178,True,True,True,0.11764705882352941,1.0
M1:324:6,324,M1,6,primary_semantic_capture,3,2,2.411764705882353,True,True,True,0.17647058823529413,1.0
M1:325:0,325,M1,0,primary_semantic_capture,36,35,3.1666666666666665,True,True,True,0.16666666666666666,1.0
M1:325:1,325,M1,1,primary_semantic_capture,1,0,0.7666666666666667,False,False,True,0.13333333333333333,1.0
M1:325:1,325,M1,1,legacy_aligned_capture,11,10,1.1,True,False,True,0.13333333333333333,1.0
M1:325:2,325,M1,2,primary_semantic_capture,1,0,0.8666666666666667,False,False,True,0.16666666666666666,1.0
M1:325:2,325,M1,2,legacy_aligned_capture,1,0,0.8666666666666667,False,False,True,0.16666666666666666,1.0
M1:325:3,325,M1,3,primary_semantic_capture,11,10,1.5333333333333334,True,True,True,0.23333333333333334,1.0
M1:325:3,325,M1,3,legacy_aligned_capture,11,10,1.5333333333333334,True,True,True,0.23333333333333334,1.0
M1:325:4,325,M1,4,primary_semantic_capture,9,8,1.7,True,True,True,0.16666666666666666,1.0
M1:325:5,325,M1,5,primary_semantic_capture,1,0,0.7333333333333333,False,False,True,0.1,1.0
M1:325:6,325,M1,6,primary_semantic_capture,4,3,0.9666666666666667,False,False,True,0.13333333333333333,1.0
M1:325:6,325,M1,6,legacy_aligned_capture,4,3,0.9666666666666667,False,False,True,0.13333333333333333,1.0
M1:325:7,325,M1,7,primary_semantic_capture,6,5,1.0,True,False,True,0.2,1.0
M1:325:7,325,M1,7,legacy_aligned_capture,6,5,1.0,True,False,True,0.2,1.0
M1:327:7,327,M1,7,primary_semantic_capture,6,5,2.3529411764705883,True,True,True,0.47058823529411764,1.0
M1:328:0,328,M1,0,primary_semantic_capture,16,15,1.8529411764705883,True,True,True,0.2647058823529412,1.0
M1:328:3,328,M1,3,primary_semantic_capture,42,41,4.264705882352941,True,True,True,0.38235294117647056,1.0
M1:328:4,328,M1,4,primary_semantic_capture,36,35,2.588235294117647,True,True,True,0.2647058823529412,1.0
M1:328:5,328,M1,5,primary_semantic_capture,21,20,3.735294117647059,True,True,True,0.08823529411764706,1.0
M1:328:6,328,M1,6,primary_semantic_capture,2,1,1.6470588235294117,True,True,True,0.2647058823529412,1.0
M1:329:0,329,M1,0,primary_semantic_capture,8,7,2.0344827586206895,True,True,True,0.29310344827586204,1.0
M1:329:0,329,M1,0,legacy_aligned_capture,8,7,2.0344827586206895,True,True,True,0.29310344827586204,1.0
M1:329:1,329,M1,1,primary_semantic_capture,9,8,2.1551724137931036,True,True,True,0.3103448275862069,1.0
M1:329:2,329,M1,2,primary_semantic_capture,18,17,2.413793103448276,True,True,True,0.2413793103448276,1.0
M1:329:2,329,M1,2,legacy_aligned_capture,18,17,2.413793103448276,True,True,True,0.2413793103448276,1.0
M1:329:3,329,M1,3,primary_semantic_capture,2,1,2.603448275862069,True,True,True,0.2413793103448276,1.0
M1:329:3,329,M1,3,legacy_aligned_capture,2,1,2.603448275862069,True,True,True,0.2413793103448276,1.0
M1:329:5,329,M1,5,primary_semantic_capture,9,8,2.913793103448276,True,True,True,0.39655172413793105,1.0
M1:330:2,330,M1,2,primary_semantic_capture,42,41,4.097560975609756,True,True,True,0.07317073170731707,1.0
M1:332:0,332,M1,0,primary_semantic_capture,5,4,3.847826086956522,True,True,True,0.5652173913043478,1.0
M1:333:0,333,M1,0,primary_semantic_capture,4,3,0.9333333333333333,False,False,True,0.2222222222222222,1.0
M1:333:5,333,M1,5,primary_semantic_capture,3,2,1.2666666666666666,True,True,True,0.2,1.0
M1:333:7,333,M1,7,primary_semantic_capture,13,12,1.7777777777777777,True,True,True,0.2,1.0
M1:334:0,334,M1,0,primary_semantic_capture,1,0,1.1206896551724137,True,False,True,0.1896551724137931,1.0
M1:334:2,334,M1,2,primary_semantic_capture,3,2,1.3103448275862069,True,True,True,0.13793103448275862,1.0
M1:334:2,334,M1,2,legacy_aligned_capture,3,2,1.3103448275862069,True,True,True,0.13793103448275862,1.0
M1:334:3,334,M1,3,primary_semantic_capture,10,9,1.0344827586206897,True,False,True,0.06896551724137931,1.0
M1:334:6,334,M1,6,primary_semantic_capture,4,3,1.5,True,True,True,0.1896551724137931,1.0
M1:334:6,334,M1,6,legacy_aligned_capture,4,3,1.5,True,True,True,0.1896551724137931,1.0
M1:334:7,334,M1,7,primary_semantic_capture,8,7,1.206896551724138,True,False,True,0.13793103448275862,1.0
M1:337:5,337,M1,5,primary_semantic_capture,7,6,1.6666666666666667,True,True,True,0.5555555555555556,1.0
M1:338:7,338,M1,7,primary_semantic_capture,7,6,1.2459016393442623,True,False,True,0.3442622950819672,1.0
M1:338:7,338,M1,7,legacy_aligned_capture,7,6,1.2459016393442623,True,False,True,0.3442622950819672,1.0
M1:343:1,343,M1,1,primary_semantic_capture,9,8,1.9649122807017543,True,True,True,0.49122807017543857,1.0
M1:343:2,343,M1,2,primary_semantic_capture,1,0,2.824561403508772,True,True,False,0.38596491228070173,0.9565217391304348
M1:343:3,343,M1,3,primary_semantic_capture,7,6,1.087719298245614,True,False,True,0.3508771929824561,1.0
M1:343:4,343,M1,4,primary_semantic_capture,1,0,0.2807017543859649,False,False,True,0.05263157894736842,1.0
M1:343:6,343,M1,6,primary_semantic_capture,6,5,1.2456140350877194,True,False,True,0.14035087719298245,1.0
M1:344:1,344,M1,1,primary_semantic_capture,1,0,1.5555555555555556,True,True,True,0.2916666666666667,1.0
M1:344:6,344,M1,6,primary_semantic_capture,7,6,1.0555555555555556,True,False,True,0.1388888888888889,1.0
M1:344:6,344,M1,6,legacy_aligned_capture,7,6,1.0555555555555556,True,False,True,0.1388888888888889,1.0
M1:345:1,345,M1,1,primary_semantic_capture,29,28,1.4069767441860466,True,True,True,0.046511627906976744,1.0
M1:345:2,345,M1,2,primary_semantic_capture,15,14,1.058139534883721,True,False,True,0.08139534883720931,1.0
M1:345:3,345,M1,3,primary_semantic_capture,19,18,1.0930232558139534,True,False,True,0.05813953488372093,1.0
M1:345:4,345,M1,4,primary_semantic_capture,20,19,1.627906976744186,True,True,True,0.12790697674418605,1.0
M1:345:6,345,M1,6,primary_semantic_capture,25,24,1.558139534883721,True,True,True,0.18604651162790697,1.0
M1:346:0,346,M1,0,primary_semantic_capture,3,2,1.5897435897435896,True,True,True,0.10256410256410256,1.0
M1:346:0,346,M1,0,legacy_aligned_capture,3,2,1.5897435897435896,True,True,True,0.10256410256410256,1.0
M1:346:2,346,M1,2,primary_semantic_capture,21,20,2.923076923076923,True,True,True,0.10256410256410256,1.0
M1:346:2,346,M1,2,legacy_aligned_capture,21,20,2.923076923076923,True,True,True,0.10256410256410256,1.0
M1:346:3,346,M1,3,primary_semantic_capture,4,3,2.923076923076923,True,True,True,0.3076923076923077,1.0
M1:346:3,346,M1,3,legacy_aligned_capture,4,3,2.923076923076923,True,True,True,0.3076923076923077,1.0
M1:347:4,347,M1,4,primary_semantic_capture,3,2,0.7472527472527473,False,False,True,0.12087912087912088,1.0
M1:347:5,347,M1,5,primary_semantic_capture,9,8,0.7582417582417582,False,False,True,0.26373626373626374,1.0
M1:347:6,347,M1,6,primary_semantic_capture,4,3,0.5934065934065934,False,False,True,0.21978021978021978,1.0
M1:347:7,347,M1,7,primary_semantic_capture,12,11,0.8681318681318682,False,False,True,0.16483516483516483,1.0
M1:348:0,348,M1,0,primary_semantic_capture,1,0,1.1290322580645162,True,False,,0.0,nan
M1:348:1,348,M1,1,primary_semantic_capture,9,8,2.064516129032258,True,True,True,0.22580645161290322,1.0
M1:348:2,348,M1,2,primary_semantic_capture,1,0,1.096774193548387,True,False,True,0.0967741935483871,1.0
M1:348:3,348,M1,3,primary_semantic_capture,3,2,2.4838709677419355,True,True,True,0.25806451612903225,1.0
M1:348:4,348,M1,4,primary_semantic_capture,1,0,2.3548387096774195,True,True,True,0.3870967741935484,1.0
M1:348:5,348,M1,5,primary_semantic_capture,8,7,2.7419354838709675,True,True,True,0.45161290322580644,1.0
M1:348:7,348,M1,7,primary_semantic_capture,6,5,1.7741935483870968,True,True,True,0.22580645161290322,1.0
M1:349:3,349,M1,3,primary_semantic_capture,20,19,2.9473684210526314,True,True,True,0.2631578947368421,1.0
M1:353:0,353,M1,0,primary_semantic_capture,1,0,1.8846153846153846,True,True,True,0.5384615384615384,1.0
M1:353:1,353,M1,1,primary_semantic_capture,3,2,2.0,True,True,True,0.5384615384615384,1.0
M1:353:2,353,M1,2,primary_semantic_capture,4,3,3.9615384615384617,True,True,True,0.5384615384615384,1.0
M1:353:3,353,M1,3,primary_semantic_capture,11,10,2.4615384615384617,True,True,True,0.5,1.0
M1:353:3,353,M1,3,legacy_aligned_capture,11,10,2.4615384615384617,True,True,True,0.5,1.0
M1:353:4,353,M1,4,primary_semantic_capture,23,22,2.8846153846153846,True,True,True,0.5,1.0
M1:353:5,353,M1,5,primary_semantic_capture,3,2,1.4230769230769231,True,True,True,0.38461538461538464,1.0
M1:353:5,353,M1,5,legacy_aligned_capture,3,2,1.4230769230769231,True,True,True,0.38461538461538464,1.0
M1:353:6,353,M1,6,primary_semantic_capture,5,4,3.1923076923076925,True,True,True,0.5384615384615384,1.0
M1:353:7,353,M1,7,primary_semantic_capture,9,8,2.8076923076923075,True,True,True,0.5384615384615384,1.0
M1:354:2,354,M1,2,primary_semantic_capture,4,3,1.9189189189189189,True,True,True,0.1891891891891892,1.0
M1:354:5,354,M1,5,primary_semantic_capture,26,25,5.891891891891892,True,True,True,0.4864864864864865,1.0
M1:354:6,354,M1,6,primary_semantic_capture,13,12,2.7837837837837838,True,True,True,0.4594594594594595,1.0
M1:354:6,354,M1,6,legacy_aligned_capture,13,12,2.7837837837837838,True,True,True,0.4594594594594595,1.0
M1:354:7,354,M1,7,primary_semantic_capture,3,2,2.189189189189189,True,True,True,0.24324324324324326,1.0
M1:354:7,354,M1,7,legacy_aligned_capture,3,2,2.189189189189189,True,True,True,0.24324324324324326,1.0
M1:355:0,355,M1,0,primary_semantic_capture,6,5,0.7678571428571429,False,False,True,0.17857142857142858,1.0
M1:355:0,355,M1,0,legacy_aligned_capture,6,5,0.7678571428571429,False,False,True,0.17857142857142858,1.0
M1:355:1,355,M1,1,primary_semantic_capture,8,7,1.1964285714285714,True,False,True,0.35714285714285715,1.0
M1:355:2,355,M1,2,primary_semantic_capture,3,2,0.6785714285714286,False,False,True,0.17857142857142858,1.0
M1:355:3,355,M1,3,primary_semantic_capture,6,5,0.875,False,False,True,0.21428571428571427,1.0
M1:355:5,355,M1,5,primary_semantic_capture,11,10,1.0535714285714286,True,False,True,0.23214285714285715,1.0
M1:355:6,355,M1,6,primary_semantic_capture,19,18,0.9464285714285714,False,False,True,0.16071428571428573,1.0
M1:355:7,355,M1,7,primary_semantic_capture,1,0,0.625,False,False,True,0.25,1.0
M1:356:0,356,M1,0,primary_semantic_capture,48,47,2.0689655172413794,True,True,True,0.27586206896551724,1.0
M1:356:3,356,M1,3,primary_semantic_capture,6,5,1.2413793103448276,True,False,True,0.2413793103448276,1.0
M1:356:3,356,M1,3,legacy_aligned_capture,6,5,1.2413793103448276,True,False,True,0.2413793103448276,1.0
M1:356:4,356,M1,4,primary_semantic_capture,15,14,1.1551724137931034,True,False,True,0.20689655172413793,1.0
M1:356:7,356,M1,7,primary_semantic_capture,56,55,1.6551724137931034,True,True,True,0.1896551724137931,1.0
M1:358:2,358,M1,2,primary_semantic_capture,23,22,3.935483870967742,True,True,True,0.3225806451612903,1.0
M1:358:3,358,M1,3,primary_semantic_capture,5,4,1.4193548387096775,True,True,True,0.25806451612903225,1.0
M1:358:3,358,M1,3,legacy_aligned_capture,5,4,1.4193548387096775,True,True,True,0.25806451612903225,1.0
M1:359:5,359,M1,5,primary_semantic_capture,7,6,2.347826086956522,True,True,True,0.30434782608695654,1.0
M1:363:4,363,M1,4,primary_semantic_capture,7,6,1.1232876712328768,True,False,True,0.4794520547945205,1.0
M1:363:4,363,M1,4,legacy_aligned_capture,7,6,1.1232876712328768,True,False,True,0.4794520547945205,1.0
M1:365:4,365,M1,4,primary_semantic_capture,4,3,1.1176470588235294,True,False,True,0.6764705882352942,1.0
M1:366:4,366,M1,4,primary_semantic_capture,8,7,1.0625,True,False,True,0.375,1.0
M1:369:0,369,M1,0,primary_semantic_capture,5,4,1.0555555555555556,True,False,True,0.16666666666666666,1.0
M1:369:1,369,M1,1,primary_semantic_capture,2,1,1.3055555555555556,True,True,True,0.2777777777777778,1.0
M1:369:1,369,M1,1,legacy_aligned_capture,2,1,1.3055555555555556,True,True,True,0.2777777777777778,1.0
M1:369:2,369,M1,2,primary_semantic_capture,5,4,0.8888888888888888,False,False,True,0.08333333333333333,1.0
M1:369:2,369,M1,2,legacy_aligned_capture,6,5,0.9166666666666666,False,False,True,0.08333333333333333,1.0
M1:369:3,369,M1,3,primary_semantic_capture,2,1,5.111111111111111,True,True,True,0.1111111111111111,1.0
M1:369:4,369,M1,4,primary_semantic_capture,3,2,1.3611111111111112,True,True,True,0.25,1.0
M1:369:4,369,M1,4,legacy_aligned_capture,4,3,1.3888888888888888,True,True,True,0.25,1.0
M1:369:5,369,M1,5,primary_semantic_capture,13,12,1.8888888888888888,True,True,True,0.027777777777777776,1.0
M1:369:6,369,M1,6,primary_semantic_capture,8,7,1.6388888888888888,True,True,True,0.2222222222222222,1.0
M1:369:6,369,M1,6,legacy_aligned_capture,15,14,1.8333333333333333,True,True,True,0.2222222222222222,1.0
M1:369:7,369,M1,7,primary_semantic_capture,6,5,1.3888888888888888,True,True,True,0.1388888888888889,1.0
M1:370:0,370,M1,0,primary_semantic_capture,8,7,1.96875,True,True,True,0.375,1.0
M1:370:1,370,M1,1,primary_semantic_capture,12,11,2.28125,True,True,True,0.25,1.0
M1:370:3,370,M1,3,primary_semantic_capture,5,4,2.40625,True,True,True,0.25,1.0
M1:370:5,370,M1,5,primary_semantic_capture,3,2,3.875,True,True,True,0.28125,1.0
M1:371:4,371,M1,4,primary_semantic_capture,7,6,2.9310344827586206,True,True,True,0.3448275862068966,1.0
M1:373:6,373,M1,6,primary_semantic_capture,5,4,2.2264150943396226,True,True,True,0.5660377358490566,1.0
M1:374:0,374,M1,0,primary_semantic_capture,5,4,2.4285714285714284,True,True,True,0.2857142857142857,1.0
M1:374:0,374,M1,0,legacy_aligned_capture,5,4,2.4285714285714284,True,True,True,0.2857142857142857,1.0
M1:374:2,374,M1,2,primary_semantic_capture,3,2,3.4761904761904763,True,True,True,0.047619047619047616,1.0
M1:374:2,374,M1,2,legacy_aligned_capture,3,2,3.4761904761904763,True,True,True,0.047619047619047616,1.0
M1:374:3,374,M1,3,primary_semantic_capture,10,9,2.9523809523809526,True,True,True,0.14285714285714285,1.0
M1:374:3,374,M1,3,legacy_aligned_capture,10,9,2.9523809523809526,True,True,True,0.14285714285714285,1.0
M1:374:6,374,M1,6,primary_semantic_capture,10,9,2.761904761904762,True,True,True,0.047619047619047616,1.0
M1:374:7,374,M1,7,primary_semantic_capture,1,0,2.9047619047619047,True,True,True,0.09523809523809523,1.0
M1:375:0,375,M1,0,primary_semantic_capture,11,10,2.2195121951219514,True,True,True,0.0975609756097561,1.0
M1:375:0,375,M1,0,legacy_aligned_capture,11,10,2.2195121951219514,True,True,True,0.0975609756097561,1.0
M1:375:4,375,M1,4,primary_semantic_capture,27,26,3.8780487804878048,True,True,True,0.14634146341463414,1.0
M1:375:5,375,M1,5,primary_semantic_capture,5,4,2.2439024390243905,True,True,True,0.4146341463414634,1.0
M1:375:5,375,M1,5,legacy_aligned_capture,5,4,2.2439024390243905,True,True,True,0.4146341463414634,1.0
M1:375:7,375,M1,7,primary_semantic_capture,11,10,2.5853658536585367,True,True,True,0.21951219512195122,1.0
M1:376:0,376,M1,0,primary_semantic_capture,7,6,0.7971014492753623,False,False,True,0.07246376811594203,1.0
M1:376:1,376,M1,1,primary_semantic_capture,9,8,1.2028985507246377,True,False,True,0.2898550724637681,1.0
M1:376:1,376,M1,1,legacy_aligned_capture,12,11,1.2463768115942029,True,False,True,0.2898550724637681,1.0
M1:376:2,376,M1,2,primary_semantic_capture,25,24,2.0579710144927534,True,True,True,0.15942028985507245,1.0
M1:376:3,376,M1,3,primary_semantic_capture,4,3,0.6086956521739131,False,False,True,0.15942028985507245,1.0
M1:376:4,376,M1,4,primary_semantic_capture,22,21,1.144927536231884,True,False,True,0.2463768115942029,1.0
M1:376:5,376,M1,5,primary_semantic_capture,23,22,1.0724637681159421,True,False,True,0.15942028985507245,1.0
M1:376:6,376,M1,6,primary_semantic_capture,1,0,0.6811594202898551,False,False,True,0.2318840579710145,1.0
M1:376:7,376,M1,7,primary_semantic_capture,2,1,1.5797101449275361,True,True,True,0.18840579710144928,1.0
M1:377:0,377,M1,0,primary_semantic_capture,13,12,2.4,True,True,True,0.37142857142857144,1.0
M1:377:1,377,M1,1,primary_semantic_capture,3,2,0.7714285714285715,False,False,True,0.3,1.0
M1:377:1,377,M1,1,legacy_aligned_capture,3,2,0.7714285714285715,False,False,True,0.3,1.0
M1:377:2,377,M1,2,primary_semantic_capture,8,7,1.9857142857142858,True,True,True,0.44285714285714284,1.0
M1:377:3,377,M1,3,primary_semantic_capture,16,15,1.6571428571428573,True,True,True,0.34285714285714286,1.0
M1:377:4,377,M1,4,primary_semantic_capture,75,74,2.2142857142857144,True,True,True,0.3,1.0
M1:378:1,378,M1,1,primary_semantic_capture,10,9,1.7954545454545454,True,True,True,0.5227272727272727,1.0
M1:378:2,378,M1,2,primary_semantic_capture,14,13,2.2954545454545454,True,True,True,0.4090909090909091,1.0
M1:378:3,378,M1,3,primary_semantic_capture,1,0,1.1363636363636365,True,False,True,0.5454545454545454,1.0
M1:378:4,378,M1,4,primary_semantic_capture,7,6,2.477272727272727,True,True,True,0.6136363636363636,1.0
M1:378:5,378,M1,5,primary_semantic_capture,37,36,3.1818181818181817,True,True,True,0.5227272727272727,1.0
M1:378:6,378,M1,6,primary_semantic_capture,12,11,2.6818181818181817,True,True,True,0.5454545454545454,1.0
M1:378:7,378,M1,7,primary_semantic_capture,5,4,1.5,True,True,True,0.5227272727272727,1.0
M1:378:7,378,M1,7,legacy_aligned_capture,5,4,1.5,True,True,True,0.5227272727272727,1.0
M1:380:0,380,M1,0,primary_semantic_capture,6,5,0.6557377049180327,False,False,True,0.16393442622950818,1.0
M1:380:0,380,M1,0,legacy_aligned_capture,6,5,0.6557377049180327,False,False,True,0.16393442622950818,1.0
M1:380:1,380,M1,1,primary_semantic_capture,5,4,0.7213114754098361,False,False,True,0.09836065573770492,1.0
M1:380:1,380,M1,1,legacy_aligned_capture,6,5,0.7377049180327869,False,False,True,0.09836065573770492,1.0
M1:380:6,380,M1,6,primary_semantic_capture,4,3,0.9180327868852459,False,False,True,0.11475409836065574,1.0
M1:381:4,381,M1,4,primary_semantic_capture,13,12,0.821917808219178,False,False,True,0.2328767123287671,1.0
M1:382:0,382,M1,0,primary_semantic_capture,10,9,1.6888888888888889,True,True,True,0.4,1.0
M1:383:4,383,M1,4,primary_semantic_capture,39,38,4.56,True,True,True,0.04,1.0
M1:384:0,384,M1,0,primary_semantic_capture,14,13,2.2708333333333335,True,True,True,0.4375,1.0
M1:384:3,384,M1,3,primary_semantic_capture,13,12,1.5,True,True,True,0.4166666666666667,1.0
M1:387:1,387,M1,1,primary_semantic_capture,9,8,5.176470588235294,True,True,True,0.11764705882352941,1.0
M1:387:3,387,M1,3,primary_semantic_capture,9,8,4.117647058823529,True,True,True,0.11764705882352941,1.0
M1:387:6,387,M1,6,primary_semantic_capture,14,13,2.6470588235294117,True,True,True,0.11764705882352941,1.0
M1:388:1,388,M1,1,primary_semantic_capture,3,2,1.4285714285714286,True,True,True,0.2571428571428571,1.0
M1:388:3,388,M1,3,primary_semantic_capture,1,0,1.457142857142857,True,True,True,0.2857142857142857,1.0
M1:388:3,388,M1,3,legacy_aligned_capture,1,0,1.457142857142857,True,True,True,0.2857142857142857,1.0
M1:388:4,388,M1,4,primary_semantic_capture,4,3,4.228571428571429,True,True,True,0.2571428571428571,1.0
M1:388:5,388,M1,5,primary_semantic_capture,1,0,1.3142857142857143,True,True,True,0.2,1.0
M1:388:6,388,M1,6,primary_semantic_capture,7,6,1.8571428571428572,True,True,True,0.3142857142857143,1.0
M1:388:6,388,M1,6,legacy_aligned_capture,7,6,1.8571428571428572,True,True,True,0.3142857142857143,1.0
M1:388:7,388,M1,7,primary_semantic_capture,2,1,1.7714285714285714,True,True,True,0.2857142857142857,1.0
M1:389:3,389,M1,3,primary_semantic_capture,2,1,2.3492063492063493,True,True,True,0.2857142857142857,1.0
M1:389:4,389,M1,4,primary_semantic_capture,37,36,3.142857142857143,True,True,True,0.19047619047619047,1.0
M1:390:2,390,M1,2,primary_semantic_capture,5,4,0.9652173913043478,False,False,False,0.10434782608695652,0.9230769230769231
M1:390:5,390,M1,5,primary_semantic_capture,9,8,1.2782608695652173,True,True,True,0.0782608695652174,1.0
M1:390:5,390,M1,5,legacy_aligned_capture,9,8,1.2782608695652173,True,True,True,0.0782608695652174,1.0
M1:391:0,391,M1,0,primary_semantic_capture,1,0,0.39344262295081966,False,False,True,0.08196721311475409,1.0
M1:391:0,391,M1,0,legacy_aligned_capture,2,1,0.4098360655737705,False,False,True,0.08196721311475409,1.0
M1:391:2,391,M1,2,primary_semantic_capture,1,0,0.4426229508196721,False,False,True,0.08196721311475409,1.0
M1:391:4,391,M1,4,primary_semantic_capture,24,23,1.7540983606557377,True,True,True,0.09836065573770492,1.0
M1:391:6,391,M1,6,primary_semantic_capture,6,5,1.4918032786885247,True,True,True,0.14754098360655737,1.0
M1:391:6,391,M1,6,legacy_aligned_capture,9,8,1.540983606557377,True,True,True,0.14754098360655737,1.0
M1:391:7,391,M1,7,primary_semantic_capture,26,25,2.3278688524590163,True,True,True,0.18032786885245902,1.0
M1:392:3,392,M1,3,primary_semantic_capture,2,1,1.4864864864864864,True,True,True,0.43243243243243246,1.0
M1:392:4,392,M1,4,primary_semantic_capture,2,1,2.4594594594594597,True,True,True,0.35135135135135137,1.0
M1:393:0,393,M1,0,primary_semantic_capture,21,20,0.9775280898876404,False,False,True,0.25842696629213485,1.0
M1:393:1,393,M1,1,primary_semantic_capture,22,21,0.898876404494382,False,False,True,0.16853932584269662,1.0
M1:393:6,393,M1,6,primary_semantic_capture,9,8,0.8202247191011236,False,False,True,0.3146067415730337,1.0
M1:395:2,395,M1,2,primary_semantic_capture,2,1,3.6842105263157894,True,True,True,0.10526315789473684,1.0
M1:395:4,395,M1,4,primary_semantic_capture,36,35,4.7368421052631575,True,True,True,0.10526315789473684,1.0
M1:395:6,395,M1,6,primary_semantic_capture,12,11,5.526315789473684,True,True,True,0.05263157894736842,1.0
M1:395:7,395,M1,7,primary_semantic_capture,8,7,5.421052631578948,True,True,True,0.10526315789473684,1.0
M1:396:1,396,M1,1,primary_semantic_capture,12,11,1.294871794871795,True,True,True,0.38461538461538464,1.0
M1:396:4,396,M1,4,primary_semantic_capture,14,13,0.9743589743589743,False,False,True,0.2948717948717949,1.0
M1:396:7,396,M1,7,primary_semantic_capture,8,7,0.8076923076923077,False,False,True,0.23076923076923078,1.0
M1:396:7,396,M1,7,legacy_aligned_capture,8,7,0.8076923076923077,False,False,True,0.23076923076923078,1.0
M1:398:1,398,M1,1,primary_semantic_capture,5,4,1.018181818181818,True,False,True,0.4,1.0
M1:398:2,398,M1,2,primary_semantic_capture,6,5,1.0909090909090908,True,False,True,0.43636363636363634,1.0
M1:399:0,399,M1,0,primary_semantic_capture,4,3,1.2619047619047619,True,True,True,0.16666666666666666,1.0
M1:399:1,399,M1,1,primary_semantic_capture,10,9,1.1666666666666667,True,False,True,0.14285714285714285,1.0
M1:399:1,399,M1,1,legacy_aligned_capture,10,9,1.1666666666666667,True,False,True,0.14285714285714285,1.0
M1:399:2,399,M1,2,primary_semantic_capture,24,23,1.6666666666666667,True,True,True,0.07142857142857142,1.0
M1:399:2,399,M1,2,legacy_aligned_capture,24,23,1.6666666666666667,True,True,True,0.07142857142857142,1.0
M1:399:3,399,M1,3,primary_semantic_capture,3,2,0.7142857142857143,False,False,True,0.07142857142857142,1.0
M1:399:4,399,M1,4,primary_semantic_capture,7,6,1.1904761904761905,True,False,True,0.11904761904761904,1.0
M1:399:5,399,M1,5,primary_semantic_capture,8,7,1.0238095238095237,True,False,True,0.09523809523809523,1.0
M1:399:5,399,M1,5,legacy_aligned_capture,8,7,1.0238095238095237,True,False,True,0.09523809523809523,1.0
M1:399:6,399,M1,6,primary_semantic_capture,14,13,1.4761904761904763,True,True,True,0.14285714285714285,1.0
M1:399:6,399,M1,6,legacy_aligned_capture,14,13,1.4761904761904763,True,True,True,0.14285714285714285,1.0
M1:399:7,399,M1,7,primary_semantic_capture,8,7,1.2142857142857142,True,False,True,0.09523809523809523,1.0
M1:399:7,399,M1,7,legacy_aligned_capture,8,7,1.2142857142857142,True,False,True,0.09523809523809523,1.0
M1:400:2,400,M1,2,primary_semantic_capture,2,1,1.441860465116279,True,True,True,0.18604651162790697,1.0
M1:400:6,400,M1,6,primary_semantic_capture,8,7,1.6046511627906976,True,True,False,0.23255813953488372,0.8333333333333334
M1:401:1,401,M1,1,primary_semantic_capture,11,10,6.428571428571429,True,True,True,0.5,1.0
M1:401:3,401,M1,3,primary_semantic_capture,2,1,9.142857142857142,True,True,True,0.35714285714285715,1.0
M1:401:3,401,M1,3,legacy_aligned_capture,2,1,9.142857142857142,True,True,True,0.35714285714285715,1.0
M1:401:6,401,M1,6,primary_semantic_capture,2,1,4.285714285714286,True,True,True,0.5,1.0
M1:403:0,403,M1,0,primary_semantic_capture,2,1,4.842105263157895,True,True,True,0.21052631578947367,1.0
M1:403:2,403,M1,2,primary_semantic_capture,3,2,4.315789473684211,True,True,True,0.21052631578947367,1.0
M1:403:3,403,M1,3,primary_semantic_capture,11,10,6.157894736842105,True,True,True,0.7368421052631579,1.0
M1:403:4,403,M1,4,primary_semantic_capture,3,2,3.210526315789474,True,True,True,0.47368421052631576,1.0
M1:403:4,403,M1,4,legacy_aligned_capture,3,2,3.210526315789474,True,True,True,0.47368421052631576,1.0
M1:404:4,404,M1,4,primary_semantic_capture,1,0,3.2,True,True,,0.0,nan
M1:405:0,405,M1,0,primary_semantic_capture,4,3,3.5161290322580645,True,True,True,0.3548387096774194,1.0
M1:405:0,405,M1,0,legacy_aligned_capture,4,3,3.5161290322580645,True,True,True,0.3548387096774194,1.0
M1:405:1,405,M1,1,primary_semantic_capture,1,0,2.4193548387096775,True,True,True,0.3225806451612903,1.0
M1:405:1,405,M1,1,legacy_aligned_capture,1,0,2.4193548387096775,True,True,True,0.3225806451612903,1.0
M1:405:2,405,M1,2,primary_semantic_capture,7,6,2.161290322580645,True,True,True,0.3225806451612903,1.0
M1:405:5,405,M1,5,primary_semantic_capture,3,2,1.4193548387096775,True,True,True,0.3225806451612903,1.0
M1:405:5,405,M1,5,legacy_aligned_capture,3,2,1.4193548387096775,True,True,True,0.3225806451612903,1.0
M1:405:6,405,M1,6,primary_semantic_capture,6,5,1.8064516129032258,True,True,True,0.25806451612903225,1.0
M1:405:6,405,M1,6,legacy_aligned_capture,6,5,1.8064516129032258,True,True,True,0.25806451612903225,1.0
M1:405:7,405,M1,7,primary_semantic_capture,46,45,6.612903225806452,True,True,True,0.3870967741935484,1.0
M1:408:5,408,M1,5,primary_semantic_capture,2,1,1.903225806451613,True,True,True,0.4838709677419355,1.0
M1:408:5,408,M1,5,legacy_aligned_capture,2,1,1.903225806451613,True,True,True,0.4838709677419355,1.0
M1:409:0,409,M1,0,primary_semantic_capture,9,8,2.902439024390244,True,True,True,0.1951219512195122,1.0
M1:409:1,409,M1,1,primary_semantic_capture,22,21,3.2195121951219514,True,True,True,0.17073170731707318,1.0
M1:409:2,409,M1,2,primary_semantic_capture,7,6,1.7560975609756098,True,True,True,0.14634146341463414,1.0
M1:409:2,409,M1,2,legacy_aligned_capture,7,6,1.7560975609756098,True,True,True,0.14634146341463414,1.0
M1:409:4,409,M1,4,primary_semantic_capture,11,10,2.097560975609756,True,True,True,0.14634146341463414,1.0
M1:409:4,409,M1,4,legacy_aligned_capture,11,10,2.097560975609756,True,True,True,0.14634146341463414,1.0
M1:409:5,409,M1,5,primary_semantic_capture,19,18,5.390243902439025,True,True,True,0.14634146341463414,1.0
M1:410:2,410,M1,2,primary_semantic_capture,4,3,1.5714285714285714,True,True,True,0.42857142857142855,1.0
M1:412:0,412,M1,0,primary_semantic_capture,3,2,3.0588235294117645,True,True,True,0.4411764705882353,1.0
M1:412:0,412,M1,0,legacy_aligned_capture,3,2,3.0588235294117645,True,True,True,0.4411764705882353,1.0
M1:412:2,412,M1,2,primary_semantic_capture,6,5,1.9411764705882353,True,True,True,0.4411764705882353,1.0
M1:412:3,412,M1,3,primary_semantic_capture,12,11,2.323529411764706,True,True,True,0.3235294117647059,1.0
M1:412:4,412,M1,4,primary_semantic_capture,2,1,1.8823529411764706,True,True,True,0.35294117647058826,1.0
M1:412:5,412,M1,5,primary_semantic_capture,2,1,2.264705882352941,True,True,True,0.38235294117647056,1.0
M1:412:5,412,M1,5,legacy_aligned_capture,3,2,2.2941176470588234,True,True,True,0.38235294117647056,1.0
M1:412:6,412,M1,6,primary_semantic_capture,10,9,2.264705882352941,True,True,True,0.2647058823529412,1.0
M1:412:7,412,M1,7,primary_semantic_capture,3,2,2.0294117647058822,True,True,True,0.20588235294117646,1.0
M1:412:7,412,M1,7,legacy_aligned_capture,3,2,2.0294117647058822,True,True,True,0.20588235294117646,1.0
M1:416:7,416,M1,7,primary_semantic_capture,4,3,1.3421052631578947,True,True,True,0.5789473684210527,1.0
M1:416:7,416,M1,7,legacy_aligned_capture,5,4,1.355263157894737,True,True,True,0.5789473684210527,1.0
M1:417:4,417,M1,4,primary_semantic_capture,18,17,2.6363636363636362,True,True,True,0.24242424242424243,1.0
M1:418:0,418,M1,0,primary_semantic_capture,11,10,1.8064516129032258,True,True,True,0.25806451612903225,1.0
M1:418:6,418,M1,6,primary_semantic_capture,3,2,1.5161290322580645,True,True,True,0.2903225806451613,1.0
M1:418:6,418,M1,6,legacy_aligned_capture,3,2,1.5161290322580645,True,True,True,0.2903225806451613,1.0
M1:418:7,418,M1,7,primary_semantic_capture,15,14,2.161290322580645,True,True,True,0.2903225806451613,1.0
M1:420:1,420,M1,1,primary_semantic_capture,23,22,1.5714285714285714,True,True,True,0.5584415584415584,1.0
M1:420:6,420,M1,6,primary_semantic_capture,12,11,2.1298701298701297,True,True,True,0.2597402597402597,1.0
M1:421:5,421,M1,5,primary_semantic_capture,4,3,3.148936170212766,True,True,True,0.46808510638297873,1.0
M1:421:6,421,M1,6,primary_semantic_capture,7,6,1.6595744680851063,True,True,True,0.3829787234042553,1.0
M1:423:7,423,M1,7,primary_semantic_capture,2,1,1.7432432432432432,True,True,True,0.2972972972972973,1.0
M1:424:4,424,M1,4,primary_semantic_capture,8,7,2.0843373493975905,True,True,True,0.12048192771084337,1.0
M1:424:4,424,M1,4,legacy_aligned_capture,8,7,2.0843373493975905,True,True,True,0.12048192771084337,1.0
M1:424:6,424,M1,6,primary_semantic_capture,15,14,1.7469879518072289,True,True,True,0.1927710843373494,1.0
M1:424:7,424,M1,7,primary_semantic_capture,17,16,1.3975903614457832,True,True,True,0.14457831325301204,1.0
M1:425:0,425,M1,0,primary_semantic_capture,1,0,1.375,True,True,True,0.35,1.0
M1:425:0,425,M1,0,legacy_aligned_capture,1,0,1.375,True,True,True,0.35,1.0
M1:425:1,425,M1,1,primary_semantic_capture,4,3,1.275,True,True,True,0.325,1.0
M1:425:2,425,M1,2,primary_semantic_capture,3,2,2.2,True,True,True,0.45,1.0
M1:425:3,425,M1,3,primary_semantic_capture,24,23,3.3,True,True,True,0.325,1.0
M1:425:4,425,M1,4,primary_semantic_capture,16,15,1.7,True,True,True,0.2,1.0
M1:425:4,425,M1,4,legacy_aligned_capture,16,15,1.7,True,True,True,0.2,1.0
M1:425:5,425,M1,5,primary_semantic_capture,2,1,2.3,True,True,True,0.25,1.0
M1:425:6,425,M1,6,primary_semantic_capture,1,0,0.875,False,False,True,0.125,1.0
M1:425:7,425,M1,7,primary_semantic_capture,2,1,1.175,True,False,True,0.35,1.0
M1:425:7,425,M1,7,legacy_aligned_capture,4,3,1.225,True,False,True,0.35,1.0
M1:426:2,426,M1,2,primary_semantic_capture,2,1,1.2222222222222223,True,False,True,0.2222222222222222,1.0
M1:426:4,426,M1,4,primary_semantic_capture,24,23,1.3888888888888888,True,True,True,0.14814814814814814,1.0
M1:426:7,426,M1,7,primary_semantic_capture,1,0,1.3333333333333333,True,True,True,0.16666666666666666,1.0
M1:427:1,427,M1,1,primary_semantic_capture,2,1,0.918918918918919,False,False,True,0.4594594594594595,1.0
M1:427:3,427,M1,3,primary_semantic_capture,14,13,0.9459459459459459,False,False,True,0.3918918918918919,1.0
M1:427:4,427,M1,4,primary_semantic_capture,6,5,0.918918918918919,False,False,True,0.4189189189189189,1.0
M1:428:4,428,M1,4,primary_semantic_capture,1,0,2.7058823529411766,True,True,True,0.4411764705882353,1.0
M1:431:0,431,M1,0,primary_semantic_capture,2,1,2.1132075471698113,True,True,True,0.1320754716981132,1.0
M1:431:1,431,M1,1,primary_semantic_capture,1,0,1.7547169811320755,True,True,True,0.11320754716981132,1.0
M1:431:2,431,M1,2,primary_semantic_capture,4,3,3.1132075471698113,True,True,True,0.11320754716981132,1.0
M1:431:6,431,M1,6,primary_semantic_capture,11,10,1.5471698113207548,True,True,True,0.07547169811320754,1.0
M1:431:7,431,M1,7,primary_semantic_capture,6,5,1.9245283018867925,True,True,True,0.1320754716981132,1.0
M1:432:0,432,M1,0,primary_semantic_capture,3,2,1.2608695652173914,True,True,True,0.2391304347826087,1.0
M1:432:1,432,M1,1,primary_semantic_capture,4,3,0.9347826086956522,False,False,True,0.13043478260869565,1.0
M1:432:1,432,M1,1,legacy_aligned_capture,5,4,0.9565217391304348,False,False,True,0.13043478260869565,1.0
M1:432:2,432,M1,2,primary_semantic_capture,1,0,1.0,True,False,True,0.15217391304347827,1.0
M1:432:2,432,M1,2,legacy_aligned_capture,1,0,1.0,True,False,True,0.15217391304347827,1.0
M1:432:3,432,M1,3,primary_semantic_capture,3,2,0.8913043478260869,False,False,True,0.13043478260869565,1.0
M1:432:4,432,M1,4,primary_semantic_capture,6,5,1.3043478260869565,True,True,True,0.10869565217391304,1.0
M1:432:5,432,M1,5,primary_semantic_capture,2,1,2.152173913043478,True,True,True,0.21739130434782608,1.0
M1:432:6,432,M1,6,primary_semantic_capture,1,0,1.391304347826087,True,True,True,0.2391304347826087,1.0
M1:432:6,432,M1,6,legacy_aligned_capture,1,0,1.391304347826087,True,True,True,0.2391304347826087,1.0
M1:432:7,432,M1,7,primary_semantic_capture,3,2,1.608695652173913,True,True,True,0.17391304347826086,1.0
M1:433:0,433,M1,0,primary_semantic_capture,8,7,0.9230769230769231,False,False,True,0.1346153846153846,1.0
M1:433:3,433,M1,3,primary_semantic_capture,13,12,3.3846153846153846,True,True,True,0.3076923076923077,1.0
M1:433:5,433,M1,5,primary_semantic_capture,3,2,1.8076923076923077,True,True,True,0.34615384615384615,1.0
M1:433:7,433,M1,7,primary_semantic_capture,2,1,1.4230769230769231,True,True,True,0.5,1.0
M1:434:1,434,M1,1,primary_semantic_capture,1,0,1.2115384615384615,True,False,True,0.17307692307692307,1.0
M1:434:4,434,M1,4,primary_semantic_capture,17,16,2.480769230769231,True,True,True,0.23076923076923078,1.0
M1:435:1,435,M1,1,primary_semantic_capture,16,15,1.574468085106383,True,True,True,0.3617021276595745,1.0
M1:435:4,435,M1,4,primary_semantic_capture,27,26,1.4893617021276595,True,True,True,0.425531914893617,1.0
M1:435:5,435,M1,5,primary_semantic_capture,3,2,1.4042553191489362,True,True,True,0.425531914893617,1.0
M1:435:7,435,M1,7,primary_semantic_capture,14,13,2.1702127659574466,True,True,True,0.425531914893617,1.0
M1:436:4,436,M1,4,primary_semantic_capture,8,7,1.5405405405405406,True,True,True,0.4864864864864865,1.0
M1:438:1,438,M1,1,primary_semantic_capture,35,34,1.8953488372093024,True,True,True,0.32558139534883723,1.0
M1:438:1,438,M1,1,legacy_aligned_capture,35,34,1.8953488372093024,True,True,True,0.32558139534883723,1.0
M1:441:4,441,M1,4,primary_semantic_capture,16,15,1.855421686746988,True,True,True,0.30120481927710846,1.0
M1:443:1,443,M1,1,primary_semantic_capture,3,2,2.5348837209302326,True,True,True,0.32558139534883723,1.0
M1:443:5,443,M1,5,primary_semantic_capture,5,4,1.9534883720930232,True,True,True,0.2558139534883721,1.0
M1:443:6,443,M1,6,primary_semantic_capture,6,5,1.5348837209302326,True,True,True,0.27906976744186046,1.0
M1:444:5,444,M1,5,primary_semantic_capture,3,2,4.84,True,True,True,0.16,1.0
M1:445:5,445,M1,5,primary_semantic_capture,7,6,1.1733333333333333,True,False,True,0.52,1.0
M1:445:7,445,M1,7,primary_semantic_capture,8,7,1.2533333333333334,True,True,True,0.4533333333333333,1.0
M1:446:4,446,M1,4,primary_semantic_capture,15,14,1.9090909090909092,True,True,True,0.5757575757575758,1.0
M1:446:6,446,M1,6,primary_semantic_capture,19,18,2.0,True,True,True,0.5757575757575758,1.0
M1:447:4,447,M1,4,primary_semantic_capture,3,2,1.6470588235294117,True,True,True,0.7941176470588235,1.0
M1:447:6,447,M1,6,primary_semantic_capture,2,1,2.4411764705882355,True,True,True,0.7647058823529411,1.0
M1:448:1,448,M1,1,primary_semantic_capture,3,2,2.1538461538461537,True,True,True,0.3076923076923077,1.0
M1:448:3,448,M1,3,primary_semantic_capture,6,5,1.7307692307692308,True,True,True,0.3269230769230769,1.0
M1:449:2,449,M1,2,primary_semantic_capture,3,2,2.289473684210526,True,True,True,0.2894736842105263,1.0
M1:449:4,449,M1,4,primary_semantic_capture,9,8,1.0,True,False,True,0.18421052631578946,1.0
M1:449:4,449,M1,4,legacy_aligned_capture,9,8,1.0,True,False,True,0.18421052631578946,1.0
M1:451:2,451,M1,2,primary_semantic_capture,6,5,0.8823529411764706,False,False,True,0.3235294117647059,1.0
M1:451:2,451,M1,2,legacy_aligned_capture,6,5,0.8823529411764706,False,False,True,0.3235294117647059,1.0
M1:451:6,451,M1,6,primary_semantic_capture,6,5,0.6911764705882353,False,False,True,0.29411764705882354,1.0
M1:451:6,451,M1,6,legacy_aligned_capture,6,5,0.6911764705882353,False,False,True,0.29411764705882354,1.0
M1:453:6,453,M1,6,primary_semantic_capture,28,27,1.6666666666666667,True,True,True,0.7543859649122807,1.0
M1:454:0,454,M1,0,primary_semantic_capture,79,78,3.3114754098360657,True,True,True,0.13114754098360656,1.0
M1:454:3,454,M1,3,primary_semantic_capture,19,18,1.5573770491803278,True,True,True,0.09836065573770492,1.0
M1:454:5,454,M1,5,primary_semantic_capture,20,19,1.3278688524590163,True,True,True,0.14754098360655737,1.0
M1:455:5,455,M1,5,primary_semantic_capture,3,2,1.5833333333333333,True,True,True,0.45,1.0
M1:456:0,456,M1,0,primary_semantic_capture,4,3,4.470588235294118,True,True,True,0.23529411764705882,1.0
M1:456:2,456,M1,2,primary_semantic_capture,7,6,4.823529411764706,True,True,True,0.29411764705882354,1.0
M1:456:3,456,M1,3,primary_semantic_capture,1,0,4.176470588235294,True,True,True,0.11764705882352941,1.0
M1:456:4,456,M1,4,primary_semantic_capture,7,6,4.117647058823529,True,True,True,0.23529411764705882,1.0
M1:456:4,456,M1,4,legacy_aligned_capture,9,8,4.235294117647059,True,True,True,0.23529411764705882,1.0
M1:456:5,456,M1,5,primary_semantic_capture,7,6,4.823529411764706,True,True,True,0.23529411764705882,1.0
M1:456:7,456,M1,7,primary_semantic_capture,5,4,4.0,True,True,True,0.23529411764705882,1.0
M1:457:1,457,M1,1,primary_semantic_capture,3,2,1.2121212121212122,True,False,True,0.12121212121212122,1.0
M1:457:3,457,M1,3,primary_semantic_capture,43,42,3.1515151515151514,True,True,True,0.18181818181818182,1.0
M1:457:6,457,M1,6,primary_semantic_capture,2,1,1.8181818181818181,True,True,True,0.18181818181818182,1.0
M1:458:2,458,M1,2,primary_semantic_capture,7,6,3.0588235294117645,True,True,True,0.29411764705882354,1.0
M1:458:4,458,M1,4,primary_semantic_capture,25,24,2.411764705882353,True,True,True,0.29411764705882354,1.0
M1:459:0,459,M1,0,primary_semantic_capture,4,3,0.8823529411764706,False,False,True,0.23529411764705882,1.0
M1:459:1,459,M1,1,primary_semantic_capture,6,5,1.0735294117647058,True,False,True,0.11764705882352941,1.0
M1:459:2,459,M1,2,primary_semantic_capture,19,18,1.7058823529411764,True,True,True,0.14705882352941177,1.0
M1:459:3,459,M1,3,primary_semantic_capture,1,0,0.75,False,False,True,0.20588235294117646,1.0
M1:459:5,459,M1,5,primary_semantic_capture,18,17,1.7058823529411764,True,True,True,0.11764705882352941,1.0
M1:459:6,459,M1,6,primary_semantic_capture,13,12,1.7205882352941178,True,True,True,0.1323529411764706,1.0
M1:459:6,459,M1,6,legacy_aligned_capture,13,12,1.7205882352941178,True,True,True,0.1323529411764706,1.0
M1:459:7,459,M1,7,primary_semantic_capture,14,13,0.9705882352941176,False,False,True,0.11764705882352941,1.0
M1:460:0,460,M1,0,primary_semantic_capture,11,10,0.7777777777777778,False,False,True,0.19444444444444445,1.0
M1:460:1,460,M1,1,primary_semantic_capture,5,4,1.1388888888888888,True,False,True,0.18055555555555555,1.0
M1:460:1,460,M1,1,legacy_aligned_capture,7,6,1.1666666666666667,True,False,True,0.18055555555555555,1.0
M1:460:2,460,M1,2,primary_semantic_capture,10,9,1.0833333333333333,True,False,True,0.18055555555555555,1.0
M1:460:3,460,M1,3,primary_semantic_capture,7,6,2.3055555555555554,True,True,True,0.18055555555555555,1.0
M1:460:4,460,M1,4,primary_semantic_capture,6,5,1.5277777777777777,True,True,True,0.19444444444444445,1.0
M1:460:4,460,M1,4,legacy_aligned_capture,6,5,1.5277777777777777,True,True,True,0.19444444444444445,1.0
M1:460:5,460,M1,5,primary_semantic_capture,1,0,1.5972222222222223,True,True,True,0.1527777777777778,1.0
M1:460:6,460,M1,6,primary_semantic_capture,9,8,1.2638888888888888,True,True,True,0.16666666666666666,1.0
M1:460:6,460,M1,6,legacy_aligned_capture,10,9,1.2777777777777777,True,True,True,0.16666666666666666,1.0
M1:460:7,460,M1,7,primary_semantic_capture,6,5,0.8472222222222222,False,False,False,0.19444444444444445,0.9333333333333333
M1:461:3,461,M1,3,primary_semantic_capture,19,18,1.253968253968254,True,True,True,0.25396825396825395,1.0
M1:463:1,463,M1,1,primary_semantic_capture,17,16,2.3666666666666667,True,True,True,0.2,1.0
M1:463:2,463,M1,2,primary_semantic_capture,5,4,1.9,True,True,True,0.6,1.0
M1:463:5,463,M1,5,primary_semantic_capture,2,1,1.8,True,True,True,0.26666666666666666,1.0
M1:463:7,463,M1,7,primary_semantic_capture,6,5,1.4333333333333333,True,True,True,0.23333333333333334,1.0
M1:463:7,463,M1,7,legacy_aligned_capture,11,10,2.2666666666666666,True,True,True,0.23333333333333334,1.0
M1:464:0,464,M1,0,primary_semantic_capture,2,1,7.888888888888889,True,True,,0.0,nan
M1:464:0,464,M1,0,legacy_aligned_capture,2,1,7.888888888888889,True,True,,0.0,nan
M1:464:1,464,M1,1,primary_semantic_capture,20,19,9.444444444444445,True,True,,0.0,nan
M1:464:2,464,M1,2,primary_semantic_capture,8,7,7.333333333333333,True,True,,0.0,nan
M1:464:2,464,M1,2,legacy_aligned_capture,8,7,7.333333333333333,True,True,,0.0,nan
M1:464:3,464,M1,3,primary_semantic_capture,4,3,2.3333333333333335,True,True,,0.0,nan
M1:464:4,464,M1,4,primary_semantic_capture,4,3,14.0,True,True,,0.0,nan
M1:464:5,464,M1,5,primary_semantic_capture,12,11,8.222222222222221,True,True,,0.0,nan
M1:464:5,464,M1,5,legacy_aligned_capture,12,11,8.222222222222221,True,True,,0.0,nan
M1:464:6,464,M1,6,primary_semantic_capture,21,20,9.0,True,True,,0.0,nan
M1:464:7,464,M1,7,primary_semantic_capture,6,5,7.222222222222222,True,True,,0.0,nan
M1:465:0,465,M1,0,primary_semantic_capture,16,15,2.1016949152542375,True,True,True,0.3898305084745763,1.0
M1:465:4,465,M1,4,primary_semantic_capture,16,15,2.0847457627118646,True,True,True,0.4067796610169492,1.0
M1:465:7,465,M1,7,primary_semantic_capture,36,35,1.4576271186440677,True,True,True,0.288135593220339,1.0
M1:466:1,466,M1,1,primary_semantic_capture,5,4,1.4339622641509433,True,True,True,0.22641509433962265,1.0
M1:466:1,466,M1,1,legacy_aligned_capture,5,4,1.4339622641509433,True,True,True,0.22641509433962265,1.0
M1:466:7,466,M1,7,primary_semantic_capture,2,1,1.5849056603773586,True,True,True,0.24528301886792453,1.0
M1:467:3,467,M1,3,primary_semantic_capture,1,0,1.8709677419354838,True,True,True,0.3225806451612903,1.0
M1:467:4,467,M1,4,primary_semantic_capture,70,69,3.774193548387097,True,True,True,0.16129032258064516,1.0
M1:467:5,467,M1,5,primary_semantic_capture,26,25,5.161290322580645,True,True,True,0.4838709677419355,1.0
M1:469:4,469,M1,4,primary_semantic_capture,7,6,0.8041237113402062,False,False,True,0.29896907216494845,1.0
M1:471:2,471,M1,2,primary_semantic_capture,11,10,2.230769230769231,True,True,True,0.10256410256410256,1.0
M1:471:2,471,M1,2,legacy_aligned_capture,11,10,2.230769230769231,True,True,True,0.10256410256410256,1.0
M1:471:4,471,M1,4,primary_semantic_capture,5,4,1.2307692307692308,True,False,True,0.2564102564102564,1.0
M1:471:5,471,M1,5,primary_semantic_capture,2,1,1.0,True,False,True,0.07692307692307693,1.0
M1:472:0,472,M1,0,primary_semantic_capture,26,25,2.737704918032787,True,True,True,0.2786885245901639,1.0
M1:472:1,472,M1,1,primary_semantic_capture,7,6,1.4918032786885247,True,True,True,0.26229508196721313,1.0
M1:472:2,472,M1,2,primary_semantic_capture,6,5,1.3442622950819672,True,True,True,0.09836065573770492,1.0
M1:472:3,472,M1,3,primary_semantic_capture,24,23,0.9836065573770492,False,False,True,0.13114754098360656,1.0
M1:472:6,472,M1,6,primary_semantic_capture,41,40,2.1147540983606556,True,True,True,0.09836065573770492,1.0
M1:472:7,472,M1,7,primary_semantic_capture,10,9,1.7049180327868851,True,True,True,0.09836065573770492,1.0
M1:472:7,472,M1,7,legacy_aligned_capture,10,9,1.7049180327868851,True,True,True,0.09836065573770492,1.0
M1:473:1,473,M1,1,primary_semantic_capture,26,25,2.4761904761904763,True,True,True,0.42857142857142855,1.0
M1:473:5,473,M1,5,primary_semantic_capture,15,14,1.8095238095238095,True,True,True,0.40476190476190477,1.0
M1:473:7,473,M1,7,primary_semantic_capture,1,0,1.2380952380952381,True,False,True,0.3333333333333333,1.0
M1:474:1,474,M1,1,primary_semantic_capture,7,6,1.1041666666666667,True,False,True,0.1875,1.0
M1:475:0,475,M1,0,primary_semantic_capture,11,10,6.037037037037037,True,True,True,0.07407407407407407,1.0
M1:475:0,475,M1,0,legacy_aligned_capture,11,10,6.037037037037037,True,True,True,0.07407407407407407,1.0
M1:475:2,475,M1,2,primary_semantic_capture,13,12,2.5925925925925926,True,True,True,0.3333333333333333,1.0
M1:475:3,475,M1,3,primary_semantic_capture,3,2,1.7037037037037037,True,True,True,0.4074074074074074,1.0
M1:475:4,475,M1,4,primary_semantic_capture,7,6,5.703703703703703,True,True,True,0.4074074074074074,1.0
M1:475:5,475,M1,5,primary_semantic_capture,13,12,2.740740740740741,True,True,True,0.2962962962962963,1.0
M1:475:6,475,M1,6,primary_semantic_capture,3,2,3.1481481481481484,True,True,True,0.18518518518518517,1.0
M1:475:6,475,M1,6,legacy_aligned_capture,3,2,3.1481481481481484,True,True,True,0.18518518518518517,1.0
M1:475:7,475,M1,7,primary_semantic_capture,8,7,10.074074074074074,True,True,True,0.14814814814814814,1.0
M1:476:0,476,M1,0,primary_semantic_capture,9,8,2.8,True,True,True,0.48,1.0
M1:477:3,477,M1,3,primary_semantic_capture,5,4,2.3421052631578947,True,True,True,0.2631578947368421,1.0
M1:479:1,479,M1,1,primary_semantic_capture,4,3,1.2075471698113207,True,False,True,0.33962264150943394,1.0
M1:479:1,479,M1,1,legacy_aligned_capture,4,3,1.2075471698113207,True,False,True,0.33962264150943394,1.0
M1:479:4,479,M1,4,primary_semantic_capture,62,61,2.69811320754717,True,True,True,0.20754716981132076,1.0
M1:479:5,479,M1,5,primary_semantic_capture,7,6,1.2264150943396226,True,False,True,0.18867924528301888,1.0
M1:479:6,479,M1,6,primary_semantic_capture,54,53,2.509433962264151,True,True,True,0.1509433962264151,1.0
M1:479:7,479,M1,7,primary_semantic_capture,11,10,1.150943396226415,True,False,True,0.2641509433962264,1.0
M1:482:0,482,M1,0,primary_semantic_capture,17,16,1.3611111111111112,True,True,True,0.1388888888888889,1.0
M1:482:0,482,M1,0,legacy_aligned_capture,17,16,1.3611111111111112,True,True,True,0.1388888888888889,1.0
M1:482:6,482,M1,6,primary_semantic_capture,1,0,1.625,True,True,True,0.2916666666666667,1.0
M1:482:6,482,M1,6,legacy_aligned_capture,2,1,1.6388888888888888,True,True,True,0.2916666666666667,1.0
M1:483:0,483,M1,0,primary_semantic_capture,9,8,0.7391304347826086,False,False,True,0.08695652173913043,1.0
M1:483:0,483,M1,0,legacy_aligned_capture,9,8,0.7391304347826086,False,False,True,0.08695652173913043,1.0
M1:483:4,483,M1,4,primary_semantic_capture,3,2,1.0,True,False,True,0.1956521739130435,1.0
M1:483:4,483,M1,4,legacy_aligned_capture,3,2,1.0,True,False,True,0.1956521739130435,1.0
M1:483:5,483,M1,5,primary_semantic_capture,2,1,2.4565217391304346,True,True,True,0.32608695652173914,1.0
M1:483:5,483,M1,5,legacy_aligned_capture,2,1,2.4565217391304346,True,True,True,0.32608695652173914,1.0
M1:483:7,483,M1,7,primary_semantic_capture,8,7,1.8478260869565217,True,True,True,0.21739130434782608,1.0
M1:484:6,484,M1,6,primary_semantic_capture,2,1,1.4545454545454546,True,True,True,0.23636363636363636,1.0
M1:484:6,484,M1,6,legacy_aligned_capture,3,2,1.4727272727272727,True,True,True,0.23636363636363636,1.0
M1:485:0,485,M1,0,primary_semantic_capture,6,5,1.4264705882352942,True,True,True,0.16176470588235295,1.0
M1:485:2,485,M1,2,primary_semantic_capture,14,13,1.2058823529411764,True,False,True,0.14705882352941177,1.0
M1:486:0,486,M1,0,primary_semantic_capture,28,27,1.9487179487179487,True,True,True,0.38461538461538464,1.0
M1:486:1,486,M1,1,primary_semantic_capture,1,0,1.0512820512820513,True,False,True,0.1794871794871795,1.0
M1:486:2,486,M1,2,primary_semantic_capture,8,7,1.0512820512820513,True,False,True,0.24358974358974358,1.0
M1:486:6,486,M1,6,primary_semantic_capture,16,15,1.7307692307692308,True,True,True,0.34615384615384615,1.0
M1:486:7,486,M1,7,primary_semantic_capture,3,2,1.7307692307692308,True,True,True,0.41025641025641024,1.0
M1:488:3,488,M1,3,primary_semantic_capture,5,4,1.378787878787879,True,True,True,0.3484848484848485,1.0
M1:488:4,488,M1,4,primary_semantic_capture,13,12,1.4696969696969697,True,True,True,0.3484848484848485,1.0
M1:488:5,488,M1,5,primary_semantic_capture,46,45,3.5606060606060606,True,True,True,0.42424242424242425,1.0
M1:488:6,488,M1,6,primary_semantic_capture,29,28,2.4545454545454546,True,True,True,0.2878787878787879,1.0
M1:488:7,488,M1,7,primary_semantic_capture,4,3,1.2575757575757576,True,True,True,0.3787878787878788,1.0
M1:489:0,489,M1,0,primary_semantic_capture,3,2,1.0338983050847457,True,False,True,0.2033898305084746,1.0
M1:489:2,489,M1,2,primary_semantic_capture,5,4,1.152542372881356,True,False,True,0.1694915254237288,1.0
M1:489:2,489,M1,2,legacy_aligned_capture,5,4,1.152542372881356,True,False,True,0.1694915254237288,1.0
M1:489:3,489,M1,3,primary_semantic_capture,4,3,0.847457627118644,False,False,,0.0,nan
M1:489:4,489,M1,4,primary_semantic_capture,2,1,0.9322033898305084,False,False,True,0.11864406779661017,1.0
M1:489:4,489,M1,4,legacy_aligned_capture,2,1,0.9322033898305084,False,False,True,0.11864406779661017,1.0
M1:489:5,489,M1,5,primary_semantic_capture,1,0,0.9661016949152542,False,False,True,0.13559322033898305,1.0
M1:489:6,489,M1,6,primary_semantic_capture,14,13,1.847457627118644,True,True,True,0.1016949152542373,1.0
M1:489:6,489,M1,6,legacy_aligned_capture,14,13,1.847457627118644,True,True,True,0.1016949152542373,1.0
M1:491:1,491,M1,1,primary_semantic_capture,23,22,2.58974358974359,True,True,True,0.3076923076923077,1.0
M1:491:6,491,M1,6,primary_semantic_capture,9,8,1.3846153846153846,True,True,True,0.2564102564102564,1.0
M1:491:7,491,M1,7,primary_semantic_capture,7,6,1.358974358974359,True,True,True,0.20512820512820512,1.0
M1:493:4,493,M1,4,primary_semantic_capture,6,5,1.22,True,False,True,0.44,1.0
M1:496:1,496,M1,1,primary_semantic_capture,33,32,1.8360655737704918,True,True,True,0.09836065573770492,1.0
M1:496:2,496,M1,2,primary_semantic_capture,4,3,1.0,True,False,True,0.18032786885245902,1.0
M1:496:2,496,M1,2,legacy_aligned_capture,4,3,1.0,True,False,True,0.18032786885245902,1.0
M1:496:3,496,M1,3,primary_semantic_capture,38,37,2.1639344262295084,True,True,True,0.11475409836065574,1.0
M1:496:5,496,M1,5,primary_semantic_capture,8,7,1.6557377049180328,True,True,True,0.13114754098360656,1.0
M1:496:7,496,M1,7,primary_semantic_capture,1,0,0.8032786885245902,False,False,True,0.01639344262295082,1.0
M1:497:6,497,M1,6,primary_semantic_capture,4,3,0.8873239436619719,False,False,True,0.352112676056338,1.0
M1:498:2,498,M1,2,primary_semantic_capture,3,2,1.0297029702970297,True,False,True,0.18811881188118812,1.0
M1:498:4,498,M1,4,primary_semantic_capture,3,2,1.386138613861386,True,True,True,0.33663366336633666,1.0
M1:498:4,498,M1,4,legacy_aligned_capture,3,2,1.386138613861386,True,True,True,0.33663366336633666,1.0
M1:498:7,498,M1,7,primary_semantic_capture,8,7,1.7821782178217822,True,True,True,0.2079207920792079,1.0
M1:499:5,499,M1,5,primary_semantic_capture,42,41,2.6595744680851063,True,True,True,0.3617021276595745,1.0
M1:499:6,499,M1,6,primary_semantic_capture,16,15,2.25531914893617,True,True,True,0.3191489361702128,1.0
M1:499:6,499,M1,6,legacy_aligned_capture,16,15,2.25531914893617,True,True,True,0.3191489361702128,1.0
M1:502:0,502,M1,0,primary_semantic_capture,3,2,1.0693069306930694,True,False,True,0.33663366336633666,1.0
M1:502:0,502,M1,0,legacy_aligned_capture,3,2,1.0693069306930694,True,False,True,0.33663366336633666,1.0
M1:505:0,505,M1,0,primary_semantic_capture,9,8,1.3863636363636365,True,True,True,0.3409090909090909,1.0
M1:505:0,505,M1,0,legacy_aligned_capture,13,12,1.4772727272727273,True,True,True,0.3409090909090909,1.0
M1:505:1,505,M1,1,primary_semantic_capture,4,3,0.7045454545454546,False,False,True,0.20454545454545456,1.0
M1:505:2,505,M1,2,primary_semantic_capture,8,7,1.2727272727272727,True,True,True,0.29545454545454547,1.0
M1:505:3,505,M1,3,primary_semantic_capture,3,2,1.6363636363636365,True,True,True,0.25,1.0
M1:505:4,505,M1,4,primary_semantic_capture,26,25,1.7272727272727273,True,True,True,0.38636363636363635,1.0
M1:505:5,505,M1,5,primary_semantic_capture,18,17,2.3863636363636362,True,True,True,0.4318181818181818,1.0
M1:505:6,505,M1,6,primary_semantic_capture,16,15,1.5681818181818181,True,True,True,0.4318181818181818,1.0
M1:505:7,505,M1,7,primary_semantic_capture,1,0,0.6818181818181818,False,False,False,0.3181818181818182,0.7368421052631579
M1:506:1,506,M1,1,primary_semantic_capture,8,7,1.1686746987951808,True,False,True,0.4457831325301205,1.0
M1:506:2,506,M1,2,primary_semantic_capture,9,8,1.891566265060241,True,True,True,0.42168674698795183,1.0
M1:506:4,506,M1,4,primary_semantic_capture,15,14,1.819277108433735,True,True,True,0.42168674698795183,1.0
M1:506:4,506,M1,4,legacy_aligned_capture,15,14,1.819277108433735,True,True,True,0.42168674698795183,1.0
M1:506:5,506,M1,5,primary_semantic_capture,25,24,1.7469879518072289,True,True,True,0.37349397590361444,1.0
M1:506:6,506,M1,6,primary_semantic_capture,11,10,1.8072289156626506,True,True,True,0.4457831325301205,1.0
M1:506:6,506,M1,6,legacy_aligned_capture,11,10,1.8072289156626506,True,True,True,0.4457831325301205,1.0
M1:506:7,506,M1,7,primary_semantic_capture,68,67,2.5180722891566263,True,True,True,0.4939759036144578,1.0
M1:507:0,507,M1,0,primary_semantic_capture,12,11,1.40625,True,True,True,0.15625,1.0
M1:507:0,507,M1,0,legacy_aligned_capture,12,11,1.40625,True,True,True,0.15625,1.0
M1:507:2,507,M1,2,primary_semantic_capture,29,28,1.78125,True,True,True,0.265625,1.0
M1:507:2,507,M1,2,legacy_aligned_capture,29,28,1.78125,True,True,True,0.265625,1.0
M1:507:3,507,M1,3,primary_semantic_capture,87,86,2.546875,True,True,,0.0,nan
M1:507:4,507,M1,4,primary_semantic_capture,2,1,1.234375,True,False,,0.0,nan
M1:507:6,507,M1,6,primary_semantic_capture,22,21,1.578125,True,True,True,0.328125,1.0
M1:508:0,508,M1,0,primary_semantic_capture,19,18,1.7049180327868851,True,True,True,0.639344262295082,1.0
M1:508:5,508,M1,5,primary_semantic_capture,24,23,2.377049180327869,True,True,True,0.8524590163934426,1.0
M1:508:5,508,M1,5,legacy_aligned_capture,25,24,2.3934426229508197,True,True,True,0.8524590163934426,1.0
M1:509:3,509,M1,3,primary_semantic_capture,1,0,1.5263157894736843,True,True,True,0.3333333333333333,1.0
M1:510:0,510,M1,0,primary_semantic_capture,17,16,4.1,True,True,True,0.06666666666666667,1.0
M1:510:1,510,M1,1,primary_semantic_capture,12,11,3.6666666666666665,True,True,True,0.1,1.0
M1:510:6,510,M1,6,primary_semantic_capture,6,5,2.6,True,True,True,0.03333333333333333,1.0
M1:510:7,510,M1,7,primary_semantic_capture,18,17,4.7,True,True,True,0.1,1.0
M1:511:5,511,M1,5,primary_semantic_capture,8,7,1.6712328767123288,True,True,True,0.4383561643835616,1.0
M1:512:4,512,M1,4,primary_semantic_capture,10,9,2.0625,True,True,True,0.375,1.0
M1:512:5,512,M1,5,primary_semantic_capture,5,4,2.125,True,True,True,0.1875,1.0
M1:512:7,512,M1,7,primary_semantic_capture,8,7,3.28125,True,True,True,0.25,1.0
M1:512:7,512,M1,7,legacy_aligned_capture,8,7,3.28125,True,True,True,0.25,1.0
M1:513:0,513,M1,0,primary_semantic_capture,1,0,0.65625,False,False,False,0.140625,0.45
M1:513:1,513,M1,1,primary_semantic_capture,7,6,2.546875,True,True,True,0.21875,1.0
M1:513:2,513,M1,2,primary_semantic_capture,6,5,1.90625,True,True,True,0.234375,1.0
M1:513:2,513,M1,2,legacy_aligned_capture,6,5,1.90625,True,True,True,0.234375,1.0
M1:513:3,513,M1,3,primary_semantic_capture,7,6,1.109375,True,False,True,0.15625,1.0
M1:513:4,513,M1,4,primary_semantic_capture,1,0,0.78125,False,False,True,0.1875,1.0
M1:513:5,513,M1,5,primary_semantic_capture,39,38,3.046875,True,True,True,0.15625,1.0
M1:513:6,513,M1,6,primary_semantic_capture,8,7,2.4375,True,True,True,0.296875,1.0
M1:514:0,514,M1,0,primary_semantic_capture,3,2,1.2321428571428572,True,False,True,0.05357142857142857,1.0
M1:514:1,514,M1,1,primary_semantic_capture,10,9,2.0714285714285716,True,True,True,0.125,1.0
M1:514:2,514,M1,2,primary_semantic_capture,20,19,2.1785714285714284,True,True,True,0.08928571428571429,1.0
M1:514:3,514,M1,3,primary_semantic_capture,11,10,1.6428571428571428,True,True,True,0.08928571428571429,1.0
M1:514:4,514,M1,4,primary_semantic_capture,6,5,0.8035714285714286,False,False,True,0.25,1.0
M1:514:6,514,M1,6,primary_semantic_capture,2,1,1.3214285714285714,True,True,True,0.21428571428571427,1.0
M1:514:7,514,M1,7,primary_semantic_capture,3,2,1.6071428571428572,True,True,True,0.03571428571428571,1.0
M1:515:0,515,M1,0,primary_semantic_capture,15,14,1.75,True,True,True,0.15384615384615385,1.0
M1:515:1,515,M1,1,primary_semantic_capture,1,0,2.1153846153846154,True,True,True,0.23076923076923078,1.0
M1:515:2,515,M1,2,primary_semantic_capture,25,24,2.2884615384615383,True,True,True,0.36538461538461536,1.0
M1:515:5,515,M1,5,primary_semantic_capture,3,2,1.7884615384615385,True,True,True,0.3076923076923077,1.0
M1:515:5,515,M1,5,legacy_aligned_capture,6,5,1.8461538461538463,True,True,True,0.3076923076923077,1.0
M1:516:2,516,M1,2,primary_semantic_capture,6,5,1.6363636363636365,True,True,True,0.5454545454545454,1.0
M1:517:0,517,M1,0,primary_semantic_capture,3,2,2.433333333333333,True,True,True,0.1,1.0
M1:517:3,517,M1,3,primary_semantic_capture,6,5,3.966666666666667,True,True,True,0.36666666666666664,1.0
M1:517:4,517,M1,4,primary_semantic_capture,4,3,3.8333333333333335,True,True,True,0.3333333333333333,1.0
M1:517:5,517,M1,5,primary_semantic_capture,12,11,4.433333333333334,True,True,True,0.43333333333333335,1.0
M1:519:0,519,M1,0,primary_semantic_capture,23,22,2.9,True,True,True,0.2,1.0
M1:519:1,519,M1,1,primary_semantic_capture,1,0,0.9,False,False,True,0.05,1.0
M1:519:3,519,M1,3,primary_semantic_capture,11,10,4.0,True,True,True,0.2,1.0
M1:519:4,519,M1,4,primary_semantic_capture,25,24,2.5,True,True,,0.0,nan
M1:519:5,519,M1,5,primary_semantic_capture,2,1,3.0,True,True,True,0.2,1.0
M1:519:6,519,M1,6,primary_semantic_capture,18,17,2.9,True,True,True,0.25,1.0
M1:519:7,519,M1,7,primary_semantic_capture,11,10,2.1,True,True,True,0.15,1.0
M1:520:0,520,M1,0,primary_semantic_capture,13,12,1.8518518518518519,True,True,True,0.14814814814814814,1.0
M1:520:1,520,M1,1,primary_semantic_capture,19,18,2.3518518518518516,True,True,True,0.16666666666666666,1.0
M1:520:2,520,M1,2,primary_semantic_capture,28,27,2.425925925925926,True,True,True,0.16666666666666666,1.0
M1:520:3,520,M1,3,primary_semantic_capture,23,22,2.240740740740741,True,True,True,0.18518518518518517,1.0
M1:520:3,520,M1,3,legacy_aligned_capture,23,22,2.240740740740741,True,True,True,0.18518518518518517,1.0
M1:520:5,520,M1,5,primary_semantic_capture,5,4,2.425925925925926,True,True,True,0.2037037037037037,1.0
M1:520:6,520,M1,6,primary_semantic_capture,50,49,2.9074074074074074,True,True,True,0.2037037037037037,1.0
M1:520:7,520,M1,7,primary_semantic_capture,27,26,2.259259259259259,True,True,True,0.16666666666666666,1.0
M1:521:0,521,M1,0,primary_semantic_capture,4,3,0.8513513513513513,False,False,True,0.10810810810810811,1.0
M1:521:1,521,M1,1,primary_semantic_capture,20,19,1.4189189189189189,True,True,True,0.14864864864864866,1.0
M1:521:2,521,M1,2,primary_semantic_capture,46,45,1.2972972972972974,True,True,True,0.12162162162162163,1.0
M1:521:4,521,M1,4,primary_semantic_capture,29,28,1.6756756756756757,True,True,True,0.13513513513513514,1.0
M1:521:5,521,M1,5,primary_semantic_capture,20,19,1.945945945945946,True,True,True,0.0945945945945946,1.0
M1:521:6,521,M1,6,primary_semantic_capture,1,0,0.35135135135135137,False,False,True,0.0945945945945946,1.0
M1:521:6,521,M1,6,legacy_aligned_capture,3,2,0.3783783783783784,False,False,True,0.0945945945945946,1.0
M1:521:7,521,M1,7,primary_semantic_capture,60,59,1.864864864864865,True,True,True,0.0945945945945946,1.0
M1:522:7,522,M1,7,primary_semantic_capture,2,1,2.2413793103448274,True,True,True,0.3793103448275862,1.0
M1:524:0,524,M1,0,primary_semantic_capture,8,7,1.2835820895522387,True,True,True,0.13432835820895522,1.0
M1:524:1,524,M1,1,primary_semantic_capture,4,3,1.208955223880597,True,False,True,0.16417910447761194,1.0
M1:524:2,524,M1,2,primary_semantic_capture,33,32,1.6119402985074627,True,True,True,0.16417910447761194,1.0
M1:524:6,524,M1,6,primary_semantic_capture,10,9,1.7611940298507462,True,True,True,0.08955223880597014,1.0
M1:525:0,525,M1,0,primary_semantic_capture,8,7,1.35,True,True,True,0.125,1.0
M1:525:1,525,M1,1,primary_semantic_capture,3,2,1.4,True,True,True,0.15,1.0
M1:525:2,525,M1,2,primary_semantic_capture,8,7,2.85,True,True,True,0.175,1.0
M1:525:3,525,M1,3,primary_semantic_capture,4,3,1.525,True,True,True,0.2,1.0
M1:525:3,525,M1,3,legacy_aligned_capture,4,3,1.525,True,True,True,0.2,1.0
M1:525:4,525,M1,4,primary_semantic_capture,2,1,2.05,True,True,True,0.175,1.0
M1:525:5,525,M1,5,primary_semantic_capture,12,11,1.8,True,True,True,0.2,1.0
M1:525:5,525,M1,5,legacy_aligned_capture,12,11,1.8,True,True,True,0.2,1.0
M1:526:1,526,M1,1,primary_semantic_capture,1,0,0.8266666666666667,False,False,False,0.32,0.8571428571428571
M1:531:0,531,M1,0,primary_semantic_capture,25,24,1.3406593406593406,True,True,True,0.04395604395604396,1.0
M1:531:0,531,M1,0,legacy_aligned_capture,25,24,1.3406593406593406,True,True,True,0.04395604395604396,1.0
M1:531:1,531,M1,1,primary_semantic_capture,4,3,1.8241758241758241,True,True,True,0.25274725274725274,1.0
M1:531:1,531,M1,1,legacy_aligned_capture,5,4,1.835164835164835,True,True,True,0.25274725274725274,1.0
M1:531:2,531,M1,2,primary_semantic_capture,2,1,0.9560439560439561,False,False,True,0.06593406593406594,1.0
M1:531:3,531,M1,3,primary_semantic_capture,29,28,2.3626373626373627,True,True,True,0.06593406593406594,1.0
M1:531:4,531,M1,4,primary_semantic_capture,1,0,1.7032967032967032,True,True,True,0.054945054945054944,1.0
M1:531:4,531,M1,4,legacy_aligned_capture,2,1,1.7142857142857142,True,True,True,0.054945054945054944,1.0
M1:531:5,531,M1,5,primary_semantic_capture,6,5,2.340659340659341,True,True,True,0.06593406593406594,1.0
M1:531:6,531,M1,6,primary_semantic_capture,7,6,1.5274725274725274,True,True,True,0.02197802197802198,1.0
M1:531:7,531,M1,7,primary_semantic_capture,5,4,1.5714285714285714,True,True,True,0.054945054945054944,1.0
M1:533:0,533,M1,0,primary_semantic_capture,7,6,1.1818181818181819,True,False,True,0.4772727272727273,1.0
M1:533:0,533,M1,0,legacy_aligned_capture,7,6,1.1818181818181819,True,False,True,0.4772727272727273,1.0
M1:533:1,533,M1,1,primary_semantic_capture,5,4,1.9545454545454546,True,True,True,0.5,1.0
M1:533:4,533,M1,4,primary_semantic_capture,4,3,1.9090909090909092,True,True,True,0.5,1.0
M1:533:6,533,M1,6,primary_semantic_capture,15,14,2.1818181818181817,True,True,True,0.6363636363636364,1.0
M1:537:1,537,M1,1,primary_semantic_capture,1,0,3.8867924528301887,True,True,True,0.33962264150943394,1.0
M1:537:3,537,M1,3,primary_semantic_capture,17,16,1.8867924528301887,True,True,True,0.4528301886792453,1.0
M1:537:3,537,M1,3,legacy_aligned_capture,17,16,1.8867924528301887,True,True,True,0.4528301886792453,1.0
M1:537:7,537,M1,7,primary_semantic_capture,4,3,3.5660377358490565,True,True,True,0.22641509433962265,1.0
M1:537:7,537,M1,7,legacy_aligned_capture,4,3,3.5660377358490565,True,True,True,0.22641509433962265,1.0
M1:538:1,538,M1,1,primary_semantic_capture,25,24,2.923076923076923,True,True,True,0.358974358974359,1.0
M1:538:3,538,M1,3,primary_semantic_capture,2,1,1.5897435897435896,True,True,True,0.2564102564102564,1.0
M1:538:5,538,M1,5,primary_semantic_capture,2,1,1.5897435897435896,True,True,True,0.28205128205128205,1.0
M1:538:6,538,M1,6,primary_semantic_capture,4,3,0.9230769230769231,False,False,True,0.15384615384615385,1.0
M1:538:6,538,M1,6,legacy_aligned_capture,4,3,0.9230769230769231,False,False,True,0.15384615384615385,1.0
M1:539:0,539,M1,0,primary_semantic_capture,24,23,2.888888888888889,True,True,True,0.3055555555555556,1.0
M1:539:1,539,M1,1,primary_semantic_capture,18,17,1.2916666666666667,True,True,True,0.09722222222222222,1.0
M1:539:2,539,M1,2,primary_semantic_capture,3,2,1.1666666666666667,True,False,True,0.08333333333333333,1.0
M1:539:2,539,M1,2,legacy_aligned_capture,3,2,1.1666666666666667,True,False,True,0.08333333333333333,1.0
M1:539:4,539,M1,4,primary_semantic_capture,7,6,2.0277777777777777,True,True,True,0.2222222222222222,1.0
M1:539:7,539,M1,7,primary_semantic_capture,15,14,2.013888888888889,True,True,True,0.09722222222222222,1.0
M1:540:4,540,M1,4,primary_semantic_capture,17,16,2.25,True,True,True,0.53125,1.0
M1:540:7,540,M1,7,primary_semantic_capture,12,11,1.65625,True,True,True,0.53125,1.0
M1:541:0,541,M1,0,primary_semantic_capture,4,3,5.8,True,True,True,0.42857142857142855,1.0
M1:541:1,541,M1,1,primary_semantic_capture,31,30,3.8285714285714287,True,True,True,0.6,1.0
M1:541:2,541,M1,2,primary_semantic_capture,4,3,6.714285714285714,True,True,True,0.5142857142857142,1.0
M1:541:4,541,M1,4,primary_semantic_capture,1,0,1.542857142857143,True,True,True,0.4857142857142857,1.0
M1:541:5,541,M1,5,primary_semantic_capture,8,7,2.4857142857142858,True,True,True,0.5428571428571428,1.0
M1:541:6,541,M1,6,primary_semantic_capture,8,7,2.4857142857142858,True,True,True,0.42857142857142855,1.0
M1:544:2,544,M1,2,primary_semantic_capture,15,14,1.2254901960784315,True,False,True,0.22549019607843138,1.0
M1:544:2,544,M1,2,legacy_aligned_capture,15,14,1.2254901960784315,True,False,True,0.22549019607843138,1.0
M1:544:3,544,M1,3,primary_semantic_capture,26,25,1.607843137254902,True,True,True,0.39215686274509803,1.0
M1:544:4,544,M1,4,primary_semantic_capture,8,7,1.607843137254902,True,True,True,0.22549019607843138,1.0
M1:544:7,544,M1,7,primary_semantic_capture,8,7,1.5392156862745099,True,True,True,0.6666666666666666,1.0
M1:545:0,545,M1,0,primary_semantic_capture,2,1,1.2238805970149254,True,False,True,0.5074626865671642,1.0
M1:545:4,545,M1,4,primary_semantic_capture,8,7,1.0895522388059702,True,False,True,0.31343283582089554,1.0
M1:546:1,546,M1,1,primary_semantic_capture,18,17,1.1728395061728396,True,False,True,0.5308641975308642,1.0
M1:547:0,547,M1,0,primary_semantic_capture,8,7,1.6265060240963856,True,True,True,0.30120481927710846,1.0
M1:547:1,547,M1,1,primary_semantic_capture,3,2,2.0602409638554215,True,True,True,0.1686746987951807,1.0
M1:547:2,547,M1,2,primary_semantic_capture,1,0,1.144578313253012,True,False,True,0.3493975903614458,1.0
M1:547:2,547,M1,2,legacy_aligned_capture,1,0,1.144578313253012,True,False,True,0.3493975903614458,1.0
M1:547:3,547,M1,3,primary_semantic_capture,11,10,2.63855421686747,True,True,True,0.25301204819277107,1.0
M1:547:4,547,M1,4,primary_semantic_capture,16,15,2.5180722891566263,True,True,True,0.24096385542168675,1.0
M1:547:5,547,M1,5,primary_semantic_capture,2,1,0.9397590361445783,False,False,True,0.21686746987951808,1.0
M1:547:6,547,M1,6,primary_semantic_capture,19,18,2.5903614457831323,True,True,True,0.13253012048192772,1.0
M1:547:6,547,M1,6,legacy_aligned_capture,19,18,2.5903614457831323,True,True,True,0.13253012048192772,1.0
M1:547:7,547,M1,7,primary_semantic_capture,22,21,2.289156626506024,True,True,True,0.18072289156626506,1.0
M1:548:0,548,M1,0,primary_semantic_capture,20,19,1.8936170212765957,True,True,True,0.1702127659574468,1.0
M1:548:2,548,M1,2,primary_semantic_capture,30,29,2.1914893617021276,True,True,True,0.1702127659574468,1.0
M1:548:3,548,M1,3,primary_semantic_capture,28,27,2.25531914893617,True,True,True,0.06382978723404255,1.0
M1:548:5,548,M1,5,primary_semantic_capture,3,2,1.297872340425532,True,True,True,0.0425531914893617,1.0
M1:548:6,548,M1,6,primary_semantic_capture,2,1,1.702127659574468,True,True,True,0.14893617021276595,1.0
M1:548:7,548,M1,7,primary_semantic_capture,4,3,0.9787234042553191,False,False,True,0.06382978723404255,1.0
M1:549:2,549,M1,2,primary_semantic_capture,3,2,1.11864406779661,True,False,False,0.3220338983050847,0.8636363636363636
M1:550:0,550,M1,0,primary_semantic_capture,21,20,1.4698795180722892,True,True,False,0.4457831325301205,0.8409090909090909
M1:552:7,552,M1,7,primary_semantic_capture,10,9,1.6164383561643836,True,True,True,0.6027397260273972,1.0
M1:553:0,553,M1,0,primary_semantic_capture,3,2,1.5576923076923077,True,True,True,0.25,1.0
M1:553:1,553,M1,1,primary_semantic_capture,37,36,2.6538461538461537,True,True,False,0.28846153846153844,0.8823529411764706
M1:553:2,553,M1,2,primary_semantic_capture,2,1,1.1153846153846154,True,False,True,0.15384615384615385,1.0
M1:553:4,553,M1,4,primary_semantic_capture,62,61,2.980769230769231,True,True,True,0.2692307692307692,1.0
M1:553:6,553,M1,6,primary_semantic_capture,26,25,2.6346153846153846,True,True,True,0.4230769230769231,1.0
M1:553:7,553,M1,7,primary_semantic_capture,5,4,1.0,True,False,False,0.40384615384615385,0.7777777777777778
M1:554:0,554,M1,0,primary_semantic_capture,8,7,1.3205128205128205,True,True,True,0.5512820512820513,1.0
M1:554:3,554,M1,3,primary_semantic_capture,4,3,2.076923076923077,True,True,True,0.6025641025641025,1.0
M1:556:0,556,M1,0,primary_semantic_capture,59,58,2.875,True,True,True,0.325,1.0
M1:556:4,556,M1,4,primary_semantic_capture,37,36,4.2,True,True,True,0.4,1.0
M1:557:1,557,M1,1,primary_semantic_capture,8,7,1.1612903225806452,True,False,True,0.3709677419354839,1.0
M1:557:1,557,M1,1,legacy_aligned_capture,8,7,1.1612903225806452,True,False,True,0.3709677419354839,1.0
M1:557:2,557,M1,2,primary_semantic_capture,4,3,1.0483870967741935,True,False,True,0.3387096774193548,1.0
M1:557:2,557,M1,2,legacy_aligned_capture,4,3,1.0483870967741935,True,False,True,0.3387096774193548,1.0
M1:558:2,558,M1,2,primary_semantic_capture,19,18,1.048780487804878,True,False,True,0.3780487804878049,1.0
M1:558:4,558,M1,4,primary_semantic_capture,34,33,1.1341463414634145,True,False,True,0.12195121951219512,1.0
M1:558:6,558,M1,6,primary_semantic_capture,7,6,0.6829268292682927,False,False,True,0.15853658536585366,1.0
M1:558:6,558,M1,6,legacy_aligned_capture,7,6,0.6829268292682927,False,False,True,0.15853658536585366,1.0
M1:558:7,558,M1,7,primary_semantic_capture,96,95,2.268292682926829,True,True,True,0.32926829268292684,1.0
M1:560:2,560,M1,2,primary_semantic_capture,5,4,1.0,True,False,True,0.32075471698113206,1.0
M1:560:3,560,M1,3,primary_semantic_capture,12,11,1.3584905660377358,True,True,True,0.37735849056603776,1.0
M1:560:4,560,M1,4,primary_semantic_capture,7,6,1.4150943396226414,True,True,True,0.33962264150943394,1.0
M1:560:6,560,M1,6,primary_semantic_capture,8,7,1.0188679245283019,True,False,True,0.3018867924528302,1.0
M1:560:6,560,M1,6,legacy_aligned_capture,8,7,1.0188679245283019,True,False,True,0.3018867924528302,1.0
M1:561:7,561,M1,7,primary_semantic_capture,7,6,1.5604395604395604,True,True,True,0.5714285714285714,1.0
M1:562:0,562,M1,0,primary_semantic_capture,8,7,2.017543859649123,True,True,True,0.543859649122807,1.0
M1:562:6,562,M1,6,primary_semantic_capture,1,0,1.5614035087719298,True,True,True,0.43859649122807015,1.0
M1:563:1,563,M1,1,primary_semantic_capture,64,63,1.6923076923076923,True,True,True,0.24175824175824176,1.0
M1:563:2,563,M1,2,primary_semantic_capture,19,18,1.4615384615384615,True,True,True,0.18681318681318682,1.0
M1:563:3,563,M1,3,primary_semantic_capture,19,18,2.021978021978022,True,True,True,0.2967032967032967,1.0
M1:563:3,563,M1,3,legacy_aligned_capture,19,18,2.021978021978022,True,True,True,0.2967032967032967,1.0
M1:563:4,563,M1,4,primary_semantic_capture,3,2,1.0879120879120878,True,False,True,0.3076923076923077,1.0
M1:563:5,563,M1,5,primary_semantic_capture,15,14,1.7692307692307692,True,True,True,0.1978021978021978,1.0
M1:563:5,563,M1,5,legacy_aligned_capture,15,14,1.7692307692307692,True,True,True,0.1978021978021978,1.0
M1:563:6,563,M1,6,primary_semantic_capture,4,3,0.9120879120879121,False,False,True,0.23076923076923078,1.0
M1:564:6,564,M1,6,primary_semantic_capture,18,17,2.0303030303030303,True,True,True,0.36363636363636365,1.0
M1:565:2,565,M1,2,primary_semantic_capture,3,2,1.42,True,True,True,0.52,1.0
M1:566:1,566,M1,1,primary_semantic_capture,9,8,2.1739130434782608,True,True,True,0.15217391304347827,1.0
M1:566:5,566,M1,5,primary_semantic_capture,3,2,2.0217391304347827,True,True,False,0.10869565217391304,0.45454545454545453
M1:566:7,566,M1,7,primary_semantic_capture,1,0,1.6521739130434783,True,True,True,0.15217391304347827,1.0
M1:568:0,568,M1,0,primary_semantic_capture,1,0,3.2857142857142856,True,True,True,0.08571428571428572,1.0
M1:568:2,568,M1,2,primary_semantic_capture,3,2,1.2,True,False,True,0.11428571428571428,1.0
M1:568:4,568,M1,4,primary_semantic_capture,1,0,3.1714285714285713,True,True,True,0.08571428571428572,1.0
M1:568:5,568,M1,5,primary_semantic_capture,2,1,3.057142857142857,True,True,True,0.17142857142857143,1.0
M1:569:0,569,M1,0,primary_semantic_capture,6,5,1.4566929133858268,True,True,True,0.11023622047244094,1.0
M1:569:1,569,M1,1,primary_semantic_capture,13,12,1.204724409448819,True,False,True,0.11023622047244094,1.0
M1:569:1,569,M1,1,legacy_aligned_capture,13,12,1.204724409448819,True,False,True,0.11023622047244094,1.0
M1:569:6,569,M1,6,primary_semantic_capture,2,1,0.9133858267716536,False,False,True,0.08661417322834646,1.0
M1:569:7,569,M1,7,primary_semantic_capture,50,49,1.2440944881889764,True,False,True,0.10236220472440945,1.0
M1:570:0,570,M1,0,primary_semantic_capture,4,3,2.6363636363636362,True,True,True,0.06060606060606061,1.0
M1:570:0,570,M1,0,legacy_aligned_capture,4,3,2.6363636363636362,True,True,True,0.06060606060606061,1.0
M1:570:2,570,M1,2,primary_semantic_capture,2,1,2.303030303030303,True,True,True,0.21212121212121213,1.0
M1:573:1,573,M1,1,primary_semantic_capture,33,32,1.306930693069307,True,True,True,0.019801980198019802,1.0
M1:573:5,573,M1,5,primary_semantic_capture,6,5,2.0594059405940595,True,True,True,0.04950495049504951,1.0
M1:575:0,575,M1,0,primary_semantic_capture,4,3,1.8472222222222223,True,True,True,0.4583333333333333,1.0
M1:575:6,575,M1,6,primary_semantic_capture,3,2,2.0,True,True,True,0.2916666666666667,1.0
M1:576:0,576,M1,0,primary_semantic_capture,2,1,0.7228915662650602,False,False,True,0.060240963855421686,1.0
M1:576:1,576,M1,1,primary_semantic_capture,17,16,1.2650602409638554,True,True,True,0.2289156626506024,1.0
M1:576:5,576,M1,5,primary_semantic_capture,7,6,1.7349397590361446,True,True,True,0.24096385542168675,1.0
M1:576:5,576,M1,5,legacy_aligned_capture,7,6,1.7349397590361446,True,True,True,0.24096385542168675,1.0
M1:576:6,576,M1,6,primary_semantic_capture,3,2,2.2048192771084336,True,True,True,0.12048192771084337,1.0
M1:576:7,576,M1,7,primary_semantic_capture,8,7,1.1566265060240963,True,False,True,0.04819277108433735,1.0
M1:578:2,578,M1,2,primary_semantic_capture,3,2,3.6296296296296298,True,True,True,0.5185185185185185,1.0
M1:579:0,579,M1,0,primary_semantic_capture,4,3,1.0106382978723405,True,False,True,0.5638297872340425,1.0
M1:579:0,579,M1,0,legacy_aligned_capture,4,3,1.0106382978723405,True,False,True,0.5638297872340425,1.0
M1:579:1,579,M1,1,primary_semantic_capture,11,10,1.7765957446808511,True,True,True,0.3617021276595745,1.0
M1:579:3,579,M1,3,primary_semantic_capture,8,7,1.0851063829787233,True,False,True,0.5638297872340425,1.0
M1:579:5,579,M1,5,primary_semantic_capture,17,16,1.3191489361702127,True,True,True,0.425531914893617,1.0
M1:579:6,579,M1,6,primary_semantic_capture,8,7,2.0425531914893615,True,True,True,0.5638297872340425,1.0
M1:579:7,579,M1,7,primary_semantic_capture,2,1,1.074468085106383,True,False,True,0.5212765957446809,1.0
M1:583:3,583,M1,3,primary_semantic_capture,10,9,2.56,True,True,True,0.4,1.0
M1:583:7,583,M1,7,primary_semantic_capture,3,2,2.76,True,True,True,0.04,1.0
M1:585:6,585,M1,6,primary_semantic_capture,10,9,1.796875,True,True,True,0.546875,1.0
M1:585:7,585,M1,7,primary_semantic_capture,14,13,1.375,True,True,True,0.234375,1.0
M1:587:0,587,M1,0,primary_semantic_capture,13,12,1.3793103448275863,True,True,True,0.3218390804597701,1.0
M1:587:4,587,M1,4,primary_semantic_capture,43,42,1.793103448275862,True,True,True,0.16091954022988506,1.0
M1:587:7,587,M1,7,primary_semantic_capture,11,10,1.839080459770115,True,True,True,0.2988505747126437,1.0
M1:588:0,588,M1,0,primary_semantic_capture,3,2,1.3043478260869565,True,True,True,0.41304347826086957,1.0
M1:588:1,588,M1,1,primary_semantic_capture,16,15,1.7173913043478262,True,True,True,0.41304347826086957,1.0
M1:588:1,588,M1,1,legacy_aligned_capture,16,15,1.7173913043478262,True,True,True,0.41304347826086957,1.0
M1:588:5,588,M1,5,primary_semantic_capture,7,6,1.2391304347826086,True,False,True,0.4782608695652174,1.0
M1:588:7,588,M1,7,primary_semantic_capture,20,19,1.7391304347826086,True,True,True,0.45652173913043476,1.0
M1:589:1,589,M1,1,primary_semantic_capture,9,8,1.4901960784313726,True,True,True,0.23529411764705882,1.0
M1:589:1,589,M1,1,legacy_aligned_capture,10,9,1.5098039215686274,True,True,True,0.23529411764705882,1.0
M1:590:1,590,M1,1,primary_semantic_capture,6,5,2.5609756097560976,True,True,True,0.0975609756097561,1.0
M1:590:2,590,M1,2,primary_semantic_capture,2,1,1.9024390243902438,True,True,True,0.024390243902439025,1.0
M1:590:3,590,M1,3,primary_semantic_capture,10,9,1.4878048780487805,True,True,True,0.14634146341463414,1.0
M1:590:4,590,M1,4,primary_semantic_capture,44,43,2.5853658536585367,True,True,True,0.04878048780487805,1.0
M1:590:5,590,M1,5,primary_semantic_capture,77,76,2.926829268292683,True,True,True,0.0975609756097561,1.0
M1:590:6,590,M1,6,primary_semantic_capture,6,5,1.4634146341463414,True,True,True,0.0975609756097561,1.0
M1:590:7,590,M1,7,primary_semantic_capture,7,6,0.926829268292683,False,False,True,0.07317073170731707,1.0
M1:590:7,590,M1,7,legacy_aligned_capture,7,6,0.926829268292683,False,False,True,0.07317073170731707,1.0
M1:591:1,591,M1,1,primary_semantic_capture,8,7,3.825,True,True,True,0.075,1.0
M1:591:4,591,M1,4,primary_semantic_capture,79,78,4.1,True,True,True,0.125,1.0
M1:591:6,591,M1,6,primary_semantic_capture,25,24,5.575,True,True,True,0.2,1.0
M1:591:7,591,M1,7,primary_semantic_capture,16,15,2.875,True,True,True,0.15,1.0
M1:592:1,592,M1,1,primary_semantic_capture,6,5,1.8028169014084507,True,True,True,0.4647887323943662,1.0
M1:592:1,592,M1,1,legacy_aligned_capture,6,5,1.8028169014084507,True,True,True,0.4647887323943662,1.0
M1:592:2,592,M1,2,primary_semantic_capture,34,33,1.028169014084507,True,False,True,0.16901408450704225,1.0
M1:592:4,592,M1,4,primary_semantic_capture,5,4,1.056338028169014,True,False,True,0.4225352112676056,1.0
M1:592:4,592,M1,4,legacy_aligned_capture,6,5,1.0704225352112675,True,False,True,0.4225352112676056,1.0
M1:592:5,592,M1,5,primary_semantic_capture,7,6,0.9014084507042254,False,False,True,0.4225352112676056,1.0
M1:592:6,592,M1,6,primary_semantic_capture,8,7,0.8732394366197183,False,False,True,0.30985915492957744,1.0
M1:592:7,592,M1,7,primary_semantic_capture,12,11,1.352112676056338,True,True,True,0.5211267605633803,1.0
M1:594:0,594,M1,0,primary_semantic_capture,20,19,2.625,True,True,True,0.625,1.0
M1:594:4,594,M1,4,primary_semantic_capture,4,3,3.55,True,True,True,0.55,1.0
M1:594:4,594,M1,4,legacy_aligned_capture,4,3,3.55,True,True,True,0.55,1.0
M1:594:6,594,M1,6,primary_semantic_capture,10,9,1.95,True,True,True,0.5,1.0
M1:594:6,594,M1,6,legacy_aligned_capture,10,9,1.95,True,True,True,0.5,1.0
M1:594:7,594,M1,7,primary_semantic_capture,20,19,4.275,True,True,True,0.55,1.0
M1:595:1,595,M1,1,primary_semantic_capture,86,85,6.931034482758621,True,True,True,0.10344827586206896,1.0
M1:595:4,595,M1,4,primary_semantic_capture,3,2,4.793103448275862,True,True,True,0.2413793103448276,1.0
M1:595:5,595,M1,5,primary_semantic_capture,53,52,6.689655172413793,True,True,True,0.034482758620689655,1.0
M1:596:2,596,M1,2,primary_semantic_capture,14,13,3.7241379310344827,True,True,True,0.6551724137931034,1.0
M1:596:5,596,M1,5,primary_semantic_capture,3,2,3.1724137931034484,True,True,True,0.8275862068965517,1.0
M1:598:6,598,M1,6,primary_semantic_capture,10,9,3.8095238095238093,True,True,True,0.2857142857142857,1.0
M1:598:7,598,M1,7,primary_semantic_capture,1,0,4.666666666666667,True,True,True,0.2857142857142857,1.0
M1:600:0,600,M1,0,primary_semantic_capture,5,4,1.3636363636363635,True,True,False,0.3090909090909091,0.85
M1:600:3,600,M1,3,primary_semantic_capture,18,17,1.2727272727272727,True,True,True,0.2,1.0
M1:600:5,600,M1,5,primary_semantic_capture,3,2,1.3272727272727274,True,True,False,0.34545454545454546,0.95
M1:600:7,600,M1,7,primary_semantic_capture,4,3,1.6727272727272726,True,True,True,0.32727272727272727,1.0
M1:601:0,601,M1,0,primary_semantic_capture,5,4,2.58,True,True,True,0.36,1.0
M1:603:0,603,M1,0,primary_semantic_capture,9,8,2.096774193548387,True,True,True,0.41935483870967744,1.0
M1:603:0,603,M1,0,legacy_aligned_capture,9,8,2.096774193548387,True,True,True,0.41935483870967744,1.0
M1:604:2,604,M1,2,primary_semantic_capture,7,6,1.0317460317460319,True,False,True,0.4444444444444444,1.0
M1:604:2,604,M1,2,legacy_aligned_capture,8,7,1.0396825396825398,True,False,True,0.4444444444444444,1.0
M1:604:3,604,M1,3,primary_semantic_capture,33,32,1.1031746031746033,True,False,True,0.4444444444444444,1.0
M1:605:0,605,M1,0,primary_semantic_capture,11,10,1.1372549019607843,True,False,True,0.11764705882352941,1.0
M1:605:1,605,M1,1,primary_semantic_capture,19,18,1.0588235294117647,True,False,True,0.20588235294117646,1.0
M1:605:2,605,M1,2,primary_semantic_capture,72,71,1.8137254901960784,True,True,True,0.11764705882352941,1.0
M1:605:3,605,M1,3,primary_semantic_capture,10,9,0.8725490196078431,False,False,True,0.20588235294117646,1.0
M1:605:4,605,M1,4,primary_semantic_capture,19,18,1.392156862745098,True,True,True,0.27450980392156865,1.0
M1:605:5,605,M1,5,primary_semantic_capture,7,6,1.0,True,False,True,0.27450980392156865,1.0
M1:606:4,606,M1,4,primary_semantic_capture,26,25,4.214285714285714,True,True,True,0.19047619047619047,1.0
M1:607:6,607,M1,6,primary_semantic_capture,3,2,5.5625,True,True,True,0.1875,1.0
M1:607:7,607,M1,7,primary_semantic_capture,6,5,7.5,True,True,True,0.25,1.0
M1:608:5,608,M1,5,primary_semantic_capture,9,8,1.4202898550724639,True,True,True,0.37681159420289856,1.0
M1:609:0,609,M1,0,primary_semantic_capture,39,38,1.6666666666666667,True,True,True,0.5952380952380952,1.0
M1:609:1,609,M1,1,primary_semantic_capture,25,24,1.4047619047619047,True,True,True,0.5238095238095238,1.0
M1:609:4,609,M1,4,primary_semantic_capture,15,14,1.1428571428571428,True,False,True,0.4523809523809524,1.0
M1:609:5,609,M1,5,primary_semantic_capture,21,20,1.3571428571428572,True,True,True,0.4642857142857143,1.0
M1:609:5,609,M1,5,legacy_aligned_capture,21,20,1.3571428571428572,True,True,True,0.4642857142857143,1.0
M1:609:6,609,M1,6,primary_semantic_capture,12,11,0.9642857142857143,False,False,True,0.35714285714285715,1.0
M1:610:0,610,M1,0,primary_semantic_capture,1,0,2.3661971830985915,True,True,True,0.1267605633802817,1.0
M1:610:0,610,M1,0,legacy_aligned_capture,1,0,2.3661971830985915,True,True,True,0.1267605633802817,1.0
M1:610:1,610,M1,1,primary_semantic_capture,20,19,2.8028169014084505,True,True,True,0.09859154929577464,1.0
M1:610:2,610,M1,2,primary_semantic_capture,8,7,1.1690140845070423,True,False,True,0.16901408450704225,1.0
M1:610:3,610,M1,3,primary_semantic_capture,3,2,2.2253521126760565,True,True,True,0.09859154929577464,1.0
M1:610:4,610,M1,4,primary_semantic_capture,8,7,2.23943661971831,True,True,True,0.18309859154929578,1.0
M1:610:4,610,M1,4,legacy_aligned_capture,8,7,2.23943661971831,True,True,True,0.18309859154929578,1.0
M1:610:5,610,M1,5,primary_semantic_capture,2,1,1.028169014084507,True,False,True,0.056338028169014086,1.0
M1:610:6,610,M1,6,primary_semantic_capture,8,7,1.8873239436619718,True,True,True,0.11267605633802817,1.0
M1:610:7,610,M1,7,primary_semantic_capture,1,0,1.4507042253521127,True,True,True,0.11267605633802817,1.0
M1:611:0,611,M1,0,primary_semantic_capture,1,0,1.8333333333333333,True,True,True,0.23333333333333334,1.0
M1:611:0,611,M1,0,legacy_aligned_capture,1,0,1.8333333333333333,True,True,True,0.23333333333333334,1.0
M1:612:2,612,M1,2,primary_semantic_capture,22,21,0.9224137931034483,False,False,True,0.3017241379310345,1.0
M1:613:0,613,M1,0,primary_semantic_capture,4,3,1.40625,True,True,True,0.515625,1.0
M1:613:1,613,M1,1,primary_semantic_capture,4,3,1.34375,True,True,True,0.375,1.0
M1:613:2,613,M1,2,primary_semantic_capture,18,17,2.015625,True,True,True,0.578125,1.0
M1:613:4,613,M1,4,primary_semantic_capture,5,4,1.296875,True,True,True,0.515625,1.0
M1:613:5,613,M1,5,primary_semantic_capture,4,3,1.328125,True,True,True,0.25,1.0
M1:613:5,613,M1,5,legacy_aligned_capture,4,3,1.328125,True,True,True,0.25,1.0
M1:613:7,613,M1,7,primary_semantic_capture,1,0,1.328125,True,True,True,0.546875,1.0
M1:614:5,614,M1,5,primary_semantic_capture,14,13,2.064516129032258,True,True,True,0.1774193548387097,1.0
M1:614:5,614,M1,5,legacy_aligned_capture,15,14,2.0806451612903225,True,True,True,0.1774193548387097,1.0
M1:615:0,615,M1,0,primary_semantic_capture,18,17,1.121212121212121,True,False,True,0.25757575757575757,1.0
M1:615:1,615,M1,1,primary_semantic_capture,5,4,1.5606060606060606,True,True,True,0.2727272727272727,1.0
M1:615:3,615,M1,3,primary_semantic_capture,12,11,1.5,True,True,True,0.22727272727272727,1.0
M1:615:7,615,M1,7,primary_semantic_capture,6,5,1.606060606060606,True,True,True,0.3333333333333333,1.0
M1:616:0,616,M1,0,primary_semantic_capture,5,4,1.2816901408450705,True,True,True,0.18309859154929578,1.0
M1:616:2,616,M1,2,primary_semantic_capture,1,0,1.0422535211267605,True,False,True,0.1267605633802817,1.0
M1:616:3,616,M1,3,primary_semantic_capture,10,9,2.0422535211267605,True,True,True,0.1267605633802817,1.0
M1:616:4,616,M1,4,primary_semantic_capture,1,0,1.2816901408450705,True,True,False,0.15492957746478872,0.9166666666666666
M1:616:6,616,M1,6,primary_semantic_capture,10,9,1.8309859154929577,True,True,True,0.2112676056338028,1.0
M1:616:7,616,M1,7,primary_semantic_capture,2,1,1.4788732394366197,True,True,True,0.08450704225352113,1.0
M1:616:7,616,M1,7,legacy_aligned_capture,2,1,1.4788732394366197,True,True,True,0.08450704225352113,1.0
M1:617:0,617,M1,0,primary_semantic_capture,17,16,2.848101265822785,True,True,True,0.16455696202531644,1.0
M1:617:1,617,M1,1,primary_semantic_capture,43,42,1.8734177215189873,True,True,True,0.189873417721519,1.0
M1:617:2,617,M1,2,primary_semantic_capture,6,5,1.3037974683544304,True,True,True,0.13924050632911392,1.0
M1:617:3,617,M1,3,primary_semantic_capture,9,8,0.9240506329113924,False,False,True,0.13924050632911392,1.0
M1:617:4,617,M1,4,primary_semantic_capture,21,20,1.3924050632911393,True,True,True,0.0759493670886076,1.0
M1:617:4,617,M1,4,legacy_aligned_capture,21,20,1.3924050632911393,True,True,True,0.0759493670886076,1.0
M1:617:5,617,M1,5,primary_semantic_capture,2,1,1.5949367088607596,True,True,True,0.20253164556962025,1.0
M1:617:6,617,M1,6,primary_semantic_capture,7,6,1.2531645569620253,True,True,True,0.13924050632911392,1.0
M1:617:6,617,M1,6,legacy_aligned_capture,9,8,1.2784810126582278,True,True,True,0.13924050632911392,1.0
M1:617:7,617,M1,7,primary_semantic_capture,3,2,1.8227848101265822,True,True,True,0.12658227848101267,1.0
M1:617:7,617,M1,7,legacy_aligned_capture,3,2,1.8227848101265822,True,True,True,0.12658227848101267,1.0
M1:619:0,619,M1,0,primary_semantic_capture,18,17,2.15625,True,True,True,0.8125,1.0
M1:620:0,620,M1,0,primary_semantic_capture,15,14,2.4776119402985075,True,True,True,0.6865671641791045,1.0
M1:620:2,620,M1,2,primary_semantic_capture,9,8,2.029850746268657,True,True,True,0.5223880597014925,1.0
M1:620:4,620,M1,4,primary_semantic_capture,38,37,2.4029850746268657,True,True,True,0.373134328358209,1.0
M1:620:6,620,M1,6,primary_semantic_capture,5,4,1.0298507462686568,True,False,True,0.29850746268656714,1.0
M1:620:7,620,M1,7,primary_semantic_capture,31,30,1.8805970149253732,True,True,True,0.40298507462686567,1.0
M1:621:0,621,M1,0,primary_semantic_capture,15,14,1.4225352112676057,True,True,True,0.28169014084507044,1.0
M1:621:1,621,M1,1,primary_semantic_capture,25,24,1.676056338028169,True,True,True,0.43661971830985913,1.0
M1:621:4,621,M1,4,primary_semantic_capture,15,14,1.4507042253521127,True,True,True,0.22535211267605634,1.0
M1:621:5,621,M1,5,primary_semantic_capture,9,8,1.1408450704225352,True,False,True,0.38028169014084506,1.0
M1:623:3,623,M1,3,primary_semantic_capture,2,1,1.5,True,True,True,0.43478260869565216,1.0
M1:623:7,623,M1,7,primary_semantic_capture,5,4,2.391304347826087,True,True,True,0.5434782608695652,1.0
M1:624:0,624,M1,0,primary_semantic_capture,27,26,2.101449275362319,True,True,True,0.2463768115942029,1.0
M1:624:2,624,M1,2,primary_semantic_capture,25,24,2.101449275362319,True,True,True,0.30434782608695654,1.0
M1:624:4,624,M1,4,primary_semantic_capture,56,55,2.898550724637681,True,True,True,0.2318840579710145,1.0
M1:624:4,624,M1,4,legacy_aligned_capture,56,55,2.898550724637681,True,True,True,0.2318840579710145,1.0
M1:624:7,624,M1,7,primary_semantic_capture,15,14,1.7826086956521738,True,True,True,0.2753623188405797,1.0
M1:624:7,624,M1,7,legacy_aligned_capture,15,14,1.7826086956521738,True,True,True,0.2753623188405797,1.0
M1:626:1,626,M1,1,primary_semantic_capture,10,9,1.2142857142857142,True,False,True,0.6071428571428571,1.0
M1:626:2,626,M1,2,primary_semantic_capture,12,11,1.1785714285714286,True,False,True,0.6607142857142857,1.0
M1:626:5,626,M1,5,primary_semantic_capture,6,5,1.4464285714285714,True,True,True,0.6607142857142857,1.0
M1:626:7,626,M1,7,primary_semantic_capture,15,14,1.375,True,True,True,0.6607142857142857,1.0
M1:627:1,627,M1,1,primary_semantic_capture,15,14,2.022222222222222,True,True,True,0.6444444444444445,1.0
M1:627:3,627,M1,3,primary_semantic_capture,2,1,1.5555555555555556,True,True,True,0.5333333333333333,1.0
M1:627:4,627,M1,4,primary_semantic_capture,1,0,2.066666666666667,True,True,True,0.35555555555555557,1.0
M1:627:5,627,M1,5,primary_semantic_capture,6,5,4.088888888888889,True,True,True,0.24444444444444444,1.0
M1:627:5,627,M1,5,legacy_aligned_capture,7,6,4.111111111111111,True,True,True,0.24444444444444444,1.0
M1:627:6,627,M1,6,primary_semantic_capture,15,14,2.0444444444444443,True,True,True,0.5333333333333333,1.0
M1:627:7,627,M1,7,primary_semantic_capture,8,7,1.6888888888888889,True,True,True,0.6222222222222222,1.0
M1:628:1,628,M1,1,primary_semantic_capture,4,3,4.285714285714286,True,True,True,0.2857142857142857,1.0
M1:628:2,628,M1,2,primary_semantic_capture,3,2,4.071428571428571,True,True,True,0.21428571428571427,1.0
M1:628:2,628,M1,2,legacy_aligned_capture,3,2,4.071428571428571,True,True,True,0.21428571428571427,1.0
M1:628:5,628,M1,5,primary_semantic_capture,3,2,4.142857142857143,True,True,True,0.32142857142857145,1.0
M1:628:7,628,M1,7,primary_semantic_capture,7,6,2.8214285714285716,True,True,True,0.32142857142857145,1.0
M1:631:1,631,M1,1,primary_semantic_capture,36,35,1.7361111111111112,True,True,True,0.5555555555555556,1.0
M1:631:1,631,M1,1,legacy_aligned_capture,36,35,1.7361111111111112,True,True,True,0.5555555555555556,1.0
M1:631:2,631,M1,2,primary_semantic_capture,15,14,1.25,True,True,True,0.4861111111111111,1.0
M1:631:3,631,M1,3,primary_semantic_capture,10,9,1.0972222222222223,True,False,True,0.5,1.0
M1:631:3,631,M1,3,legacy_aligned_capture,10,9,1.0972222222222223,True,False,True,0.5,1.0
M1:631:5,631,M1,5,primary_semantic_capture,1,0,1.0694444444444444,True,False,True,0.4444444444444444,1.0
M1:631:6,631,M1,6,primary_semantic_capture,12,11,1.25,True,True,True,0.5277777777777778,1.0
M1:631:7,631,M1,7,primary_semantic_capture,4,3,1.1666666666666667,True,False,True,0.4305555555555556,1.0
M1:632:0,632,M1,0,primary_semantic_capture,39,38,2.275,True,True,True,0.225,1.0
M1:632:1,632,M1,1,primary_semantic_capture,16,15,3.3,True,True,True,0.3,1.0
M1:632:2,632,M1,2,primary_semantic_capture,2,1,3.8,True,True,True,0.15,1.0
M1:632:2,632,M1,2,legacy_aligned_capture,2,1,3.8,True,True,True,0.15,1.0
M1:632:3,632,M1,3,primary_semantic_capture,55,54,4.475,True,True,True,0.375,1.0
M1:632:4,632,M1,4,primary_semantic_capture,3,2,1.275,True,True,True,0.125,1.0
M1:632:5,632,M1,5,primary_semantic_capture,31,30,2.175,True,True,True,0.3,1.0
M1:632:6,632,M1,6,primary_semantic_capture,12,11,3.625,True,True,True,0.45,1.0
M1:632:7,632,M1,7,primary_semantic_capture,15,14,3.375,True,True,True,0.35,1.0
M1:634:0,634,M1,0,primary_semantic_capture,14,13,1.565217391304348,True,True,True,0.3695652173913043,1.0
M1:635:0,635,M1,0,primary_semantic_capture,8,7,2.646153846153846,True,True,True,0.3384615384615385,1.0
M1:635:0,635,M1,0,legacy_aligned_capture,8,7,2.646153846153846,True,True,True,0.3384615384615385,1.0
M1:635:1,635,M1,1,primary_semantic_capture,37,36,4.446153846153846,True,True,True,0.15384615384615385,1.0
M1:635:2,635,M1,2,primary_semantic_capture,26,25,3.5076923076923077,True,True,True,0.3384615384615385,1.0
M1:635:4,635,M1,4,primary_semantic_capture,13,12,1.8461538461538463,True,True,True,0.3230769230769231,1.0
M1:635:5,635,M1,5,primary_semantic_capture,24,23,2.5384615384615383,True,True,True,0.3384615384615385,1.0
M1:635:5,635,M1,5,legacy_aligned_capture,25,24,2.5538461538461537,True,True,True,0.3384615384615385,1.0
M1:635:6,635,M1,6,primary_semantic_capture,10,9,1.7538461538461538,True,True,True,0.24615384615384617,1.0
M1:642:1,642,M1,1,primary_semantic_capture,19,18,2.5,True,True,False,0.2647058823529412,0.9
M1:642:3,642,M1,3,primary_semantic_capture,2,1,2.911764705882353,True,True,True,0.2647058823529412,1.0
M1:642:3,642,M1,3,legacy_aligned_capture,2,1,2.911764705882353,True,True,True,0.2647058823529412,1.0
M1:642:4,642,M1,4,primary_semantic_capture,21,20,1.8823529411764706,True,True,True,0.23529411764705882,1.0
M1:643:1,643,M1,1,primary_semantic_capture,5,4,0.9074074074074074,False,False,True,0.37037037037037035,1.0
M1:643:1,643,M1,1,legacy_aligned_capture,5,4,0.9074074074074074,False,False,True,0.37037037037037035,1.0
M1:643:4,643,M1,4,primary_semantic_capture,5,4,0.9259259259259259,False,False,True,0.46296296296296297,1.0
M1:643:7,643,M1,7,primary_semantic_capture,15,14,1.5740740740740742,True,True,True,0.5555555555555556,1.0
M1:644:1,644,M1,1,primary_semantic_capture,18,17,1.8985507246376812,True,True,True,0.07246376811594203,1.0
M1:644:2,644,M1,2,primary_semantic_capture,25,24,1.7971014492753623,True,True,True,0.10144927536231885,1.0
M1:644:2,644,M1,2,legacy_aligned_capture,25,24,1.7971014492753623,True,True,True,0.10144927536231885,1.0
M1:644:4,644,M1,4,primary_semantic_capture,14,13,1.608695652173913,True,True,True,0.08695652173913043,1.0
M1:644:4,644,M1,4,legacy_aligned_capture,14,13,1.608695652173913,True,True,True,0.08695652173913043,1.0
M1:644:5,644,M1,5,primary_semantic_capture,36,35,2.869565217391304,True,True,True,0.2463768115942029,1.0
M1:644:5,644,M1,5,legacy_aligned_capture,36,35,2.869565217391304,True,True,True,0.2463768115942029,1.0
M1:644:6,644,M1,6,primary_semantic_capture,5,4,2.652173913043478,True,True,True,0.15942028985507245,1.0
M1:645:7,645,M1,7,primary_semantic_capture,32,31,1.4691358024691359,True,True,True,0.16049382716049382,1.0
M1:645:7,645,M1,7,legacy_aligned_capture,32,31,1.4691358024691359,True,True,True,0.16049382716049382,1.0
M1:647:0,647,M1,0,primary_semantic_capture,14,13,2.0681818181818183,True,True,True,0.38636363636363635,1.0
M1:647:2,647,M1,2,primary_semantic_capture,6,5,0.8181818181818182,False,False,True,0.22727272727272727,1.0
M1:647:3,647,M1,3,primary_semantic_capture,3,2,1.4545454545454546,True,True,True,0.3181818181818182,1.0
M1:647:7,647,M1,7,primary_semantic_capture,1,0,1.3181818181818181,True,True,True,0.29545454545454547,1.0
M1:649:6,649,M1,6,primary_semantic_capture,1,0,2.4461538461538463,True,True,True,0.9076923076923077,1.0
M1:650:2,650,M1,2,primary_semantic_capture,11,10,1.380952380952381,True,True,True,0.38095238095238093,1.0
M1:650:4,650,M1,4,primary_semantic_capture,16,15,1.4285714285714286,True,True,True,0.5952380952380952,1.0
M1:650:7,650,M1,7,primary_semantic_capture,8,7,1.1904761904761905,True,False,True,0.47619047619047616,1.0
M1:651:0,651,M1,0,primary_semantic_capture,14,13,2.0821917808219177,True,True,True,0.3424657534246575,1.0
M1:651:1,651,M1,1,primary_semantic_capture,9,8,0.9315068493150684,False,False,True,0.1780821917808219,1.0
M1:651:2,651,M1,2,primary_semantic_capture,41,40,1.4109589041095891,True,True,True,0.2328767123287671,1.0
M1:651:4,651,M1,4,primary_semantic_capture,8,7,1.5890410958904109,True,True,True,0.1917808219178082,1.0
M1:651:5,651,M1,5,primary_semantic_capture,33,32,1.2876712328767124,True,True,True,0.2054794520547945,1.0
M1:651:6,651,M1,6,primary_semantic_capture,27,26,1.8356164383561644,True,True,True,0.2191780821917808,1.0
M1:651:7,651,M1,7,primary_semantic_capture,1,0,0.9315068493150684,False,False,True,0.1506849315068493,1.0
M1:652:0,652,M1,0,primary_semantic_capture,15,14,1.4123711340206186,True,True,True,0.30927835051546393,1.0
M1:652:1,652,M1,1,primary_semantic_capture,1,0,1.9690721649484537,True,True,True,0.4329896907216495,1.0
M1:652:1,652,M1,1,legacy_aligned_capture,2,1,1.9793814432989691,True,True,True,0.4329896907216495,1.0
M1:652:2,652,M1,2,primary_semantic_capture,17,16,1.556701030927835,True,True,True,0.35051546391752575,1.0
M1:652:3,652,M1,3,primary_semantic_capture,15,14,1.443298969072165,True,True,True,0.31958762886597936,1.0
M1:652:4,652,M1,4,primary_semantic_capture,7,6,1.4742268041237114,True,True,True,0.5463917525773195,1.0
M1:652:5,652,M1,5,primary_semantic_capture,13,12,1.3402061855670102,True,True,True,0.36082474226804123,1.0
M1:652:6,652,M1,6,primary_semantic_capture,13,12,1.8350515463917525,True,True,True,0.5567010309278351,1.0
M1:653:5,653,M1,5,primary_semantic_capture,11,10,1.462686567164179,True,True,True,0.29850746268656714,1.0
M1:653:5,653,M1,5,legacy_aligned_capture,11,10,1.462686567164179,True,True,True,0.29850746268656714,1.0
M1:654:0,654,M1,0,primary_semantic_capture,3,2,1.5555555555555556,True,True,True,0.5185185185185185,1.0
M1:654:1,654,M1,1,primary_semantic_capture,8,7,2.074074074074074,True,True,True,0.48148148148148145,1.0
M1:654:2,654,M1,2,primary_semantic_capture,2,1,1.7037037037037037,True,True,True,0.18518518518518517,1.0
M1:654:2,654,M1,2,legacy_aligned_capture,2,1,1.7037037037037037,True,True,True,0.18518518518518517,1.0
M1:654:3,654,M1,3,primary_semantic_capture,4,3,6.888888888888889,True,True,True,0.2962962962962963,1.0
M1:654:5,654,M1,5,primary_semantic_capture,10,9,2.6666666666666665,True,True,True,0.2962962962962963,1.0
M1:654:5,654,M1,5,legacy_aligned_capture,29,28,3.3703703703703702,True,True,True,0.2962962962962963,1.0
M1:654:6,654,M1,6,primary_semantic_capture,25,24,3.074074074074074,True,True,True,0.4444444444444444,1.0
M1:654:6,654,M1,6,legacy_aligned_capture,25,24,3.074074074074074,True,True,True,0.4444444444444444,1.0
M1:654:7,654,M1,7,primary_semantic_capture,12,11,3.4074074074074074,True,True,True,0.37037037037037035,1.0
M1:655:2,655,M1,2,primary_semantic_capture,12,11,1.4067796610169492,True,True,True,0.1694915254237288,1.0
M1:655:7,655,M1,7,primary_semantic_capture,11,10,1.5932203389830508,True,True,True,0.576271186440678,1.0
M1:656:0,656,M1,0,primary_semantic_capture,5,4,3.292682926829268,True,True,True,0.34146341463414637,1.0
M1:656:1,656,M1,1,primary_semantic_capture,4,3,3.6097560975609757,True,True,True,0.2926829268292683,1.0
M1:656:2,656,M1,2,primary_semantic_capture,2,1,2.073170731707317,True,True,True,0.2926829268292683,1.0
M1:656:4,656,M1,4,primary_semantic_capture,11,10,2.097560975609756,True,True,True,0.14634146341463414,1.0
M1:656:6,656,M1,6,primary_semantic_capture,3,2,1.951219512195122,True,True,True,0.12195121951219512,1.0
M1:656:7,656,M1,7,primary_semantic_capture,3,2,3.4390243902439024,True,True,True,0.3170731707317073,1.0
M1:657:0,657,M1,0,primary_semantic_capture,13,12,2.4186046511627906,True,True,True,0.16279069767441862,1.0
M1:657:1,657,M1,1,primary_semantic_capture,9,8,2.4186046511627906,True,True,True,0.11627906976744186,1.0
M1:657:2,657,M1,2,primary_semantic_capture,1,0,1.9534883720930232,True,True,True,0.20930232558139536,1.0
M1:657:4,657,M1,4,primary_semantic_capture,7,6,2.5813953488372094,True,True,True,0.32558139534883723,1.0
M1:657:5,657,M1,5,primary_semantic_capture,25,24,2.255813953488372,True,True,True,0.20930232558139536,1.0
M1:657:6,657,M1,6,primary_semantic_capture,14,13,1.8604651162790697,True,True,True,0.13953488372093023,1.0
M1:657:7,657,M1,7,primary_semantic_capture,9,8,2.13953488372093,True,True,True,0.3023255813953488,1.0
M1:658:0,658,M1,0,primary_semantic_capture,2,1,1.3214285714285714,True,True,True,0.32142857142857145,1.0
M1:658:1,658,M1,1,primary_semantic_capture,4,3,2.642857142857143,True,True,True,0.17857142857142858,1.0
M1:658:2,658,M1,2,primary_semantic_capture,18,17,4.392857142857143,True,True,True,0.42857142857142855,1.0
M1:658:6,658,M1,6,primary_semantic_capture,12,11,2.392857142857143,True,True,True,0.2857142857142857,1.0
M1:659:5,659,M1,5,primary_semantic_capture,1,0,1.375,True,True,True,0.78125,1.0
M1:660:1,660,M1,1,primary_semantic_capture,15,14,1.6,True,True,True,0.21052631578947367,1.0
M1:660:3,660,M1,3,primary_semantic_capture,29,28,1.431578947368421,True,True,True,0.28421052631578947,1.0
M1:660:3,660,M1,3,legacy_aligned_capture,29,28,1.431578947368421,True,True,True,0.28421052631578947,1.0
M1:663:0,663,M1,0,primary_semantic_capture,5,4,2.52,True,True,True,0.3333333333333333,1.0
M1:663:2,663,M1,2,primary_semantic_capture,4,3,1.5466666666666666,True,True,True,0.3333333333333333,1.0
M1:663:3,663,M1,3,primary_semantic_capture,25,24,1.7466666666666666,True,True,True,0.52,1.0
M1:663:4,663,M1,4,primary_semantic_capture,2,1,1.8133333333333332,True,True,True,0.48,1.0
M1:663:6,663,M1,6,primary_semantic_capture,7,6,1.44,True,True,True,0.52,1.0
M1:663:7,663,M1,7,primary_semantic_capture,6,5,1.3333333333333333,True,True,True,0.3466666666666667,1.0
M1:664:0,664,M1,0,primary_semantic_capture,57,56,4.320754716981132,True,True,True,0.3584905660377358,1.0
M1:664:1,664,M1,1,primary_semantic_capture,33,32,2.641509433962264,True,True,True,0.3584905660377358,1.0
M1:664:1,664,M1,1,legacy_aligned_capture,33,32,2.641509433962264,True,True,True,0.3584905660377358,1.0
M1:664:2,664,M1,2,primary_semantic_capture,5,4,1.9056603773584906,True,True,True,0.37735849056603776,1.0
M1:664:3,664,M1,3,primary_semantic_capture,8,7,1.7924528301886793,True,True,True,0.32075471698113206,1.0
M1:664:4,664,M1,4,primary_semantic_capture,54,53,2.1320754716981134,True,True,True,0.32075471698113206,1.0
M1:664:5,664,M1,5,primary_semantic_capture,6,5,1.7547169811320755,True,True,True,0.37735849056603776,1.0
M1:664:6,664,M1,6,primary_semantic_capture,8,7,1.849056603773585,True,True,True,0.3018867924528302,1.0
M1:664:6,664,M1,6,legacy_aligned_capture,8,7,1.849056603773585,True,True,True,0.3018867924528302,1.0
M1:664:7,664,M1,7,primary_semantic_capture,6,5,1.9811320754716981,True,True,True,0.33962264150943394,1.0
M1:665:0,665,M1,0,primary_semantic_capture,10,9,2.2804878048780486,True,True,True,0.2926829268292683,1.0
M1:665:1,665,M1,1,primary_semantic_capture,5,4,1.0853658536585367,True,False,True,0.15853658536585366,1.0
M1:665:2,665,M1,2,primary_semantic_capture,7,6,0.7317073170731707,False,False,True,0.15853658536585366,1.0
M1:665:2,665,M1,2,legacy_aligned_capture,8,7,0.7439024390243902,False,False,True,0.15853658536585366,1.0
M1:665:3,665,M1,3,primary_semantic_capture,9,8,1.0,True,False,True,0.13414634146341464,1.0
M1:665:4,665,M1,4,primary_semantic_capture,2,1,0.47560975609756095,False,False,True,0.04878048780487805,1.0
M1:665:5,665,M1,5,primary_semantic_capture,8,7,1.0731707317073171,True,False,True,0.23170731707317074,1.0
M1:665:6,665,M1,6,primary_semantic_capture,11,10,1.6097560975609757,True,True,True,0.1951219512195122,1.0
M1:665:7,665,M1,7,primary_semantic_capture,9,8,1.4634146341463414,True,True,True,0.24390243902439024,1.0
M1:666:0,666,M1,0,primary_semantic_capture,11,10,1.7241379310344827,True,True,True,0.5,1.0
M1:666:0,666,M1,0,legacy_aligned_capture,12,11,1.7413793103448276,True,True,True,0.5,1.0
M1:666:1,666,M1,1,primary_semantic_capture,4,3,1.2758620689655173,True,True,True,0.5517241379310345,1.0
M1:666:2,666,M1,2,primary_semantic_capture,25,24,1.7586206896551724,True,True,True,0.5,1.0
M1:667:2,667,M1,2,primary_semantic_capture,4,3,1.509433962264151,True,True,True,0.5094339622641509,1.0
M1:667:5,667,M1,5,primary_semantic_capture,9,8,1.169811320754717,True,False,True,0.3018867924528302,1.0
M1:667:5,667,M1,5,legacy_aligned_capture,9,8,1.169811320754717,True,False,True,0.3018867924528302,1.0
M1:668:1,668,M1,1,primary_semantic_capture,7,6,0.9761904761904762,False,False,True,0.25,1.0
M1:668:2,668,M1,2,primary_semantic_capture,19,18,1.0714285714285714,True,False,True,0.17857142857142858,1.0
M1:668:4,668,M1,4,primary_semantic_capture,2,1,0.6547619047619048,False,False,True,0.2261904761904762,1.0
M1:668:6,668,M1,6,primary_semantic_capture,15,14,1.1904761904761905,True,False,True,0.15476190476190477,1.0
M1:668:6,668,M1,6,legacy_aligned_capture,15,14,1.1904761904761905,True,False,True,0.15476190476190477,1.0
M1:670:1,670,M1,1,primary_semantic_capture,13,12,1.3478260869565217,True,True,True,0.15217391304347827,1.0
M1:671:0,671,M1,0,primary_semantic_capture,3,2,1.8048780487804879,True,True,True,0.5365853658536586,1.0
M1:671:0,671,M1,0,legacy_aligned_capture,3,2,1.8048780487804879,True,True,True,0.5365853658536586,1.0
M1:671:3,671,M1,3,primary_semantic_capture,10,9,1.9268292682926829,True,True,True,0.4634146341463415,1.0
M1:671:4,671,M1,4,primary_semantic_capture,23,22,2.0,True,True,True,0.4634146341463415,1.0
M1:671:4,671,M1,4,legacy_aligned_capture,43,42,2.4878048780487805,True,True,True,0.4634146341463415,1.0
M1:672:0,672,M1,0,primary_semantic_capture,2,1,1.4583333333333333,True,True,True,0.22916666666666666,1.0
M1:672:0,672,M1,0,legacy_aligned_capture,2,1,1.4583333333333333,True,True,True,0.22916666666666666,1.0
M1:672:1,672,M1,1,primary_semantic_capture,18,17,1.5416666666666667,True,True,True,0.25,1.0
M1:672:3,672,M1,3,primary_semantic_capture,6,5,0.6875,False,False,True,0.08333333333333333,1.0
M1:672:3,672,M1,3,legacy_aligned_capture,6,5,0.6875,False,False,True,0.08333333333333333,1.0
M1:672:4,672,M1,4,primary_semantic_capture,45,44,1.6458333333333333,True,True,True,0.125,1.0
M1:672:6,672,M1,6,primary_semantic_capture,4,3,0.7916666666666666,False,False,True,0.10416666666666667,1.0
M1:672:6,672,M1,6,legacy_aligned_capture,5,4,0.8125,False,False,True,0.10416666666666667,1.0
M1:672:7,672,M1,7,primary_semantic_capture,1,0,1.3125,True,True,True,0.14583333333333334,1.0
M1:672:7,672,M1,7,legacy_aligned_capture,1,0,1.3125,True,True,True,0.14583333333333334,1.0
M1:673:0,673,M1,0,primary_semantic_capture,4,3,4.35,True,True,True,0.275,1.0
M1:673:0,673,M1,0,legacy_aligned_capture,4,3,4.35,True,True,True,0.275,1.0
M1:673:1,673,M1,1,primary_semantic_capture,8,7,2.2,True,True,True,0.325,1.0
M1:673:2,673,M1,2,primary_semantic_capture,7,6,2.25,True,True,True,0.275,1.0
M1:673:2,673,M1,2,legacy_aligned_capture,8,7,2.275,True,True,True,0.275,1.0
M1:673:3,673,M1,3,primary_semantic_capture,36,35,5.85,True,True,True,0.45,1.0
M1:673:3,673,M1,3,legacy_aligned_capture,36,35,5.85,True,True,True,0.45,1.0
M1:673:5,673,M1,5,primary_semantic_capture,22,21,2.775,True,True,True,0.425,1.0
M1:673:5,673,M1,5,legacy_aligned_capture,42,41,3.275,True,True,True,0.425,1.0
M1:673:6,673,M1,6,primary_semantic_capture,3,2,1.925,True,True,True,0.25,1.0
M1:673:7,673,M1,7,primary_semantic_capture,6,5,1.625,True,True,True,0.275,1.0
M1:674:1,674,M1,1,primary_semantic_capture,6,5,1.3181818181818181,True,True,True,0.75,1.0
M1:674:3,674,M1,3,primary_semantic_capture,12,11,1.5681818181818181,True,True,True,0.6818181818181818,1.0
M1:676:0,676,M1,0,primary_semantic_capture,9,8,1.2380952380952381,True,False,True,0.15476190476190477,1.0
M1:676:1,676,M1,1,primary_semantic_capture,10,9,1.3571428571428572,True,True,True,0.34523809523809523,1.0
M1:676:1,676,M1,1,legacy_aligned_capture,10,9,1.3571428571428572,True,True,True,0.34523809523809523,1.0
M1:676:2,676,M1,2,primary_semantic_capture,5,4,1.1904761904761905,True,False,True,0.20238095238095238,1.0
M1:676:4,676,M1,4,primary_semantic_capture,13,12,2.0,True,True,True,0.5119047619047619,1.0
M1:676:5,676,M1,5,primary_semantic_capture,22,21,1.619047619047619,True,True,True,0.42857142857142855,1.0
M1:676:6,676,M1,6,primary_semantic_capture,5,4,1.4523809523809523,True,True,True,0.5119047619047619,1.0
M1:676:7,676,M1,7,primary_semantic_capture,10,9,2.380952380952381,True,True,True,0.5833333333333334,1.0
M1:678:1,678,M1,1,primary_semantic_capture,4,3,1.7241379310344827,True,True,True,0.39655172413793105,1.0
M1:678:4,678,M1,4,primary_semantic_capture,13,12,1.4310344827586208,True,True,True,0.5689655172413793,1.0
M1:678:5,678,M1,5,primary_semantic_capture,5,4,1.7413793103448276,True,True,True,0.41379310344827586,1.0
M1:679:7,679,M1,7,primary_semantic_capture,4,3,1.9272727272727272,True,True,True,0.2727272727272727,1.0
M1:680:1,680,M1,1,primary_semantic_capture,22,21,1.6470588235294117,True,True,True,0.23529411764705882,1.0
M1:680:6,680,M1,6,primary_semantic_capture,36,35,1.588235294117647,True,True,True,0.25,1.0
M1:682:0,682,M1,0,primary_semantic_capture,5,4,1.0135135135135136,True,False,True,0.33783783783783783,1.0
M1:682:0,682,M1,0,legacy_aligned_capture,8,7,1.054054054054054,True,False,True,0.33783783783783783,1.0
M1:682:3,682,M1,3,primary_semantic_capture,10,9,1.3243243243243243,True,True,True,0.2702702702702703,1.0
M1:682:3,682,M1,3,legacy_aligned_capture,10,9,1.3243243243243243,True,True,True,0.2702702702702703,1.0
M1:682:4,682,M1,4,primary_semantic_capture,5,4,0.8243243243243243,False,False,True,0.24324324324324326,1.0
M1:682:4,682,M1,4,legacy_aligned_capture,5,4,0.8243243243243243,False,False,True,0.24324324324324326,1.0
M1:682:6,682,M1,6,primary_semantic_capture,5,4,1.5405405405405406,True,True,True,0.21621621621621623,1.0
M1:682:6,682,M1,6,legacy_aligned_capture,5,4,1.5405405405405406,True,True,True,0.21621621621621623,1.0
M1:683:0,683,M1,0,primary_semantic_capture,58,57,2.3010752688172045,True,True,True,0.4838709677419355,1.0
M1:683:7,683,M1,7,primary_semantic_capture,6,5,1.043010752688172,True,False,True,0.5268817204301075,1.0
M1:683:7,683,M1,7,legacy_aligned_capture,7,6,1.053763440860215,True,False,True,0.5268817204301075,1.0
M1:684:0,684,M1,0,primary_semantic_capture,3,2,1.2153846153846153,True,False,True,0.2,1.0
M1:684:1,684,M1,1,primary_semantic_capture,1,0,0.49230769230769234,False,False,True,0.24615384615384617,1.0
M1:684:2,684,M1,2,primary_semantic_capture,17,16,1.0307692307692307,True,False,,0.0,nan
M1:684:3,684,M1,3,primary_semantic_capture,9,8,1.1692307692307693,True,False,True,0.27692307692307694,1.0
M1:684:4,684,M1,4,primary_semantic_capture,2,1,1.4461538461538461,True,True,True,0.26153846153846155,1.0
M1:684:5,684,M1,5,primary_semantic_capture,1,0,1.2615384615384615,True,True,True,0.2923076923076923,1.0
M1:684:6,684,M1,6,primary_semantic_capture,2,1,1.0923076923076922,True,False,True,0.15384615384615385,1.0
M1:684:6,684,M1,6,legacy_aligned_capture,2,1,1.0923076923076922,True,False,True,0.15384615384615385,1.0
M1:684:7,684,M1,7,primary_semantic_capture,3,2,1.0769230769230769,True,False,True,0.24615384615384617,1.0
M1:684:7,684,M1,7,legacy_aligned_capture,3,2,1.0769230769230769,True,False,True,0.24615384615384617,1.0
M1:685:1,685,M1,1,primary_semantic_capture,9,8,2.293103448275862,True,True,True,0.4482758620689655,1.0
M1:685:4,685,M1,4,primary_semantic_capture,11,10,1.0517241379310345,True,False,True,0.25862068965517243,1.0
M1:687:2,687,M1,2,primary_semantic_capture,13,12,1.4285714285714286,True,True,True,0.5324675324675324,1.0
M1:687:3,687,M1,3,primary_semantic_capture,3,2,1.2337662337662338,True,False,True,0.4935064935064935,1.0
M1:687:7,687,M1,7,primary_semantic_capture,4,3,1.6363636363636365,True,True,True,0.4025974025974026,1.0
M1:688:0,688,M1,0,primary_semantic_capture,9,8,1.7457627118644068,True,True,True,0.03389830508474576,1.0
M1:688:1,688,M1,1,primary_semantic_capture,2,1,1.3728813559322033,True,True,True,0.06779661016949153,1.0
M1:688:1,688,M1,1,legacy_aligned_capture,2,1,1.3728813559322033,True,True,True,0.06779661016949153,1.0
M1:688:3,688,M1,3,primary_semantic_capture,1,0,1.0508474576271187,True,False,True,0.01694915254237288,1.0
M1:688:4,688,M1,4,primary_semantic_capture,5,4,1.5254237288135593,True,True,True,0.03389830508474576,1.0
M1:688:4,688,M1,4,legacy_aligned_capture,5,4,1.5254237288135593,True,True,True,0.03389830508474576,1.0
M1:688:5,688,M1,5,primary_semantic_capture,14,13,2.9322033898305087,True,True,True,0.13559322033898305,1.0
M1:688:6,688,M1,6,primary_semantic_capture,9,8,0.7457627118644068,False,False,True,0.01694915254237288,1.0
M1:688:6,688,M1,6,legacy_aligned_capture,10,9,0.7627118644067796,False,False,True,0.01694915254237288,1.0
M1:688:7,688,M1,7,primary_semantic_capture,1,0,0.9152542372881356,False,False,True,0.05084745762711865,1.0
M1:688:7,688,M1,7,legacy_aligned_capture,4,3,0.9661016949152542,False,False,True,0.05084745762711865,1.0
M1:690:0,690,M1,0,primary_semantic_capture,12,11,1.511111111111111,True,True,True,0.5333333333333333,1.0
M1:690:0,690,M1,0,legacy_aligned_capture,12,11,1.511111111111111,True,True,True,0.5333333333333333,1.0
M1:690:1,690,M1,1,primary_semantic_capture,7,6,1.488888888888889,True,True,True,0.4666666666666667,1.0
M1:690:2,690,M1,2,primary_semantic_capture,5,4,0.9777777777777777,False,False,True,0.35555555555555557,1.0
M1:690:2,690,M1,2,legacy_aligned_capture,5,4,0.9777777777777777,False,False,True,0.35555555555555557,1.0
M1:690:3,690,M1,3,primary_semantic_capture,5,4,1.1333333333333333,True,False,True,0.4666666666666667,1.0
M1:690:4,690,M1,4,primary_semantic_capture,2,1,1.0444444444444445,True,False,True,0.3111111111111111,1.0
M1:690:4,690,M1,4,legacy_aligned_capture,5,4,1.1111111111111112,True,False,True,0.3111111111111111,1.0
M1:690:5,690,M1,5,primary_semantic_capture,7,6,2.2,True,True,True,0.5111111111111111,1.0
M1:690:6,690,M1,6,primary_semantic_capture,10,9,1.3777777777777778,True,True,True,0.4888888888888889,1.0
M1:690:7,690,M1,7,primary_semantic_capture,8,7,1.4,True,True,True,0.4444444444444444,1.0
M1:691:0,691,M1,0,primary_semantic_capture,1,0,2.0,True,True,True,0.1864406779661017,1.0
M1:691:0,691,M1,0,legacy_aligned_capture,1,0,2.0,True,True,True,0.1864406779661017,1.0
M1:691:2,691,M1,2,primary_semantic_capture,8,7,1.7966101694915255,True,True,True,0.23728813559322035,1.0
M1:691:3,691,M1,3,primary_semantic_capture,2,1,1.4406779661016949,True,True,False,0.13559322033898305,0.42105263157894735
M1:691:4,691,M1,4,primary_semantic_capture,7,6,2.169491525423729,True,True,True,0.4406779661016949,1.0
M1:691:5,691,M1,5,primary_semantic_capture,5,4,1.5423728813559323,True,True,True,0.13559322033898305,1.0
M1:691:5,691,M1,5,legacy_aligned_capture,5,4,1.5423728813559323,True,True,True,0.13559322033898305,1.0
M1:691:6,691,M1,6,primary_semantic_capture,4,3,1.0,True,False,True,0.3220338983050847,1.0
M1:691:6,691,M1,6,legacy_aligned_capture,4,3,1.0,True,False,True,0.3220338983050847,1.0
M1:692:3,692,M1,3,primary_semantic_capture,13,12,5.125,True,True,True,0.25,1.0
M1:693:2,693,M1,2,primary_semantic_capture,4,3,2.41025641025641,True,True,True,0.3076923076923077,1.0
M1:695:0,695,M1,0,primary_semantic_capture,18,17,1.0808080808080809,True,False,True,0.20202020202020202,1.0
M1:695:1,695,M1,1,primary_semantic_capture,6,5,0.98989898989899,False,False,True,0.2222222222222222,1.0
M1:695:2,695,M1,2,primary_semantic_capture,31,30,1.121212121212121,True,False,True,0.1717171717171717,1.0
M1:695:3,695,M1,3,primary_semantic_capture,2,1,0.6363636363636364,False,False,True,0.16161616161616163,1.0
M1:695:7,695,M1,7,primary_semantic_capture,17,16,0.98989898989899,False,False,True,0.24242424242424243,1.0
M1:699:2,699,M1,2,primary_semantic_capture,57,56,2.4705882352941178,True,True,True,0.3333333333333333,1.0
M1:700:0,700,M1,0,primary_semantic_capture,31,30,1.853658536585366,True,True,True,0.2682926829268293,1.0
M1:700:1,700,M1,1,primary_semantic_capture,11,10,1.6341463414634145,True,True,True,0.1951219512195122,1.0
M1:700:2,700,M1,2,primary_semantic_capture,4,3,1.146341463414634,True,False,True,0.17073170731707318,1.0
M1:700:3,700,M1,3,primary_semantic_capture,6,5,1.8780487804878048,True,True,True,0.17073170731707318,1.0
M1:700:3,700,M1,3,legacy_aligned_capture,7,6,1.9024390243902438,True,True,True,0.17073170731707318,1.0
M1:700:4,700,M1,4,primary_semantic_capture,12,11,1.0731707317073171,True,False,True,0.21951219512195122,1.0
M1:700:4,700,M1,4,legacy_aligned_capture,12,11,1.0731707317073171,True,False,True,0.21951219512195122,1.0
M1:700:5,700,M1,5,primary_semantic_capture,14,13,1.6585365853658536,True,True,True,0.17073170731707318,1.0
M1:700:5,700,M1,5,legacy_aligned_capture,14,13,1.6585365853658536,True,True,True,0.17073170731707318,1.0
M1:700:6,700,M1,6,primary_semantic_capture,1,0,0.9512195121951219,False,False,True,0.17073170731707318,1.0
M1:700:7,700,M1,7,primary_semantic_capture,5,4,0.8780487804878049,False,False,True,0.17073170731707318,1.0
M1:700:7,700,M1,7,legacy_aligned_capture,7,6,0.926829268292683,False,False,True,0.17073170731707318,1.0
M1:701:3,701,M1,3,primary_semantic_capture,29,28,1.8194444444444444,True,True,True,0.5277777777777778,1.0
M1:702:0,702,M1,0,primary_semantic_capture,3,2,1.1594202898550725,True,False,True,0.13043478260869565,1.0
M1:702:0,702,M1,0,legacy_aligned_capture,3,2,1.1594202898550725,True,False,True,0.13043478260869565,1.0
M1:702:1,702,M1,1,primary_semantic_capture,6,5,1.7681159420289856,True,True,True,0.2028985507246377,1.0
M1:702:3,702,M1,3,primary_semantic_capture,45,44,1.536231884057971,True,True,True,0.11594202898550725,1.0
M1:702:5,702,M1,5,primary_semantic_capture,24,23,1.9275362318840579,True,True,True,0.15942028985507245,1.0
M1:702:6,702,M1,6,primary_semantic_capture,3,2,1.2318840579710144,True,False,True,0.11594202898550725,1.0
M1:702:7,702,M1,7,primary_semantic_capture,6,5,2.1159420289855073,True,True,True,0.11594202898550725,1.0
M1:703:6,703,M1,6,primary_semantic_capture,7,6,0.9876543209876543,False,False,True,0.2839506172839506,1.0
M1:703:7,703,M1,7,primary_semantic_capture,16,15,1.0,True,False,True,0.20987654320987653,1.0
M1:703:7,703,M1,7,legacy_aligned_capture,16,15,1.0,True,False,True,0.20987654320987653,1.0
M1:704:0,704,M1,0,primary_semantic_capture,37,36,5.285714285714286,True,True,,0.0,nan
M1:704:0,704,M1,0,legacy_aligned_capture,37,36,5.285714285714286,True,True,,0.0,nan
M1:704:1,704,M1,1,primary_semantic_capture,11,10,4.095238095238095,True,True,,0.0,nan
M1:704:2,704,M1,2,primary_semantic_capture,6,5,3.1904761904761907,True,True,,0.0,nan
M1:704:2,704,M1,2,legacy_aligned_capture,6,5,3.1904761904761907,True,True,,0.0,nan
M1:704:3,704,M1,3,primary_semantic_capture,25,24,9.333333333333334,True,True,,0.0,nan
M1:704:4,704,M1,4,primary_semantic_capture,5,4,3.761904761904762,True,True,,0.0,nan
M1:704:5,704,M1,5,primary_semantic_capture,3,2,2.0476190476190474,True,True,,0.0,nan
M1:704:6,704,M1,6,primary_semantic_capture,10,9,2.9047619047619047,True,True,,0.0,nan
M1:704:7,704,M1,7,primary_semantic_capture,4,3,4.190476190476191,True,True,,0.0,nan
M1:704:7,704,M1,7,legacy_aligned_capture,4,3,4.190476190476191,True,True,,0.0,nan
M1:706:0,706,M1,0,primary_semantic_capture,1,0,0.8,False,False,True,0.05714285714285714,1.0
M1:706:1,706,M1,1,primary_semantic_capture,6,5,7.6571428571428575,True,True,True,0.17142857142857143,1.0
M1:706:2,706,M1,2,primary_semantic_capture,6,5,2.942857142857143,True,True,True,0.02857142857142857,1.0
M1:706:3,706,M1,3,primary_semantic_capture,3,2,5.085714285714285,True,True,True,0.02857142857142857,1.0
M1:706:3,706,M1,3,legacy_aligned_capture,3,2,5.085714285714285,True,True,True,0.02857142857142857,1.0
M1:706:4,706,M1,4,primary_semantic_capture,171,170,8.485714285714286,True,True,True,0.05714285714285714,1.0
M1:706:6,706,M1,6,primary_semantic_capture,11,10,2.2,True,True,True,0.14285714285714285,1.0
M1:706:6,706,M1,6,legacy_aligned_capture,11,10,2.2,True,True,True,0.14285714285714285,1.0
M1:706:7,706,M1,7,primary_semantic_capture,3,2,2.2857142857142856,True,True,True,0.11428571428571428,1.0
M1:707:4,707,M1,4,primary_semantic_capture,19,18,1.3493975903614457,True,True,True,0.13253012048192772,1.0
M1:707:5,707,M1,5,primary_semantic_capture,30,29,1.9397590361445782,True,True,True,0.12048192771084337,1.0
M1:707:5,707,M1,5,legacy_aligned_capture,30,29,1.9397590361445782,True,True,True,0.12048192771084337,1.0
M1:707:6,707,M1,6,primary_semantic_capture,6,5,1.0481927710843373,True,False,True,0.0963855421686747,1.0
M1:707:7,707,M1,7,primary_semantic_capture,1,0,0.6144578313253012,False,False,False,0.0963855421686747,0.7272727272727273
M1:708:0,708,M1,0,primary_semantic_capture,1,0,1.6363636363636365,True,True,True,0.22727272727272727,1.0
M1:708:3,708,M1,3,primary_semantic_capture,8,7,1.9545454545454546,True,True,True,0.20454545454545456,1.0
M1:708:3,708,M1,3,legacy_aligned_capture,11,10,2.022727272727273,True,True,True,0.20454545454545456,1.0
M1:708:4,708,M1,4,primary_semantic_capture,34,33,2.3863636363636362,True,True,True,0.22727272727272727,1.0
M1:708:7,708,M1,7,primary_semantic_capture,6,5,1.4318181818181819,True,True,True,0.13636363636363635,1.0
M1:708:7,708,M1,7,legacy_aligned_capture,6,5,1.4318181818181819,True,True,True,0.13636363636363635,1.0
M1:709:2,709,M1,2,primary_semantic_capture,1,0,0.6081081081081081,False,False,True,0.20270270270270271,1.0
M1:709:3,709,M1,3,primary_semantic_capture,2,1,1.2972972972972974,True,True,True,0.40540540540540543,1.0
M1:709:3,709,M1,3,legacy_aligned_capture,2,1,1.2972972972972974,True,True,True,0.40540540540540543,1.0
M1:710:0,710,M1,0,primary_semantic_capture,6,5,0.47761194029850745,False,False,True,0.029850746268656716,1.0
M1:710:0,710,M1,0,legacy_aligned_capture,6,5,0.47761194029850745,False,False,True,0.029850746268656716,1.0
M1:710:1,710,M1,1,primary_semantic_capture,5,4,0.40298507462686567,False,False,True,0.04477611940298507,1.0
M1:710:2,710,M1,2,primary_semantic_capture,1,0,1.3134328358208955,True,True,,0.0,nan
M1:710:2,710,M1,2,legacy_aligned_capture,1,0,1.3134328358208955,True,True,,0.0,nan
M1:710:3,710,M1,3,primary_semantic_capture,5,4,0.6119402985074627,False,False,True,0.05970149253731343,1.0
M1:710:4,710,M1,4,primary_semantic_capture,5,4,0.43283582089552236,False,False,True,0.04477611940298507,1.0
M1:710:4,710,M1,4,legacy_aligned_capture,5,4,0.43283582089552236,False,False,True,0.04477611940298507,1.0
M1:710:5,710,M1,5,primary_semantic_capture,6,5,0.43283582089552236,False,False,True,0.05970149253731343,1.0
M1:710:6,710,M1,6,primary_semantic_capture,2,1,1.0298507462686568,True,False,True,0.05970149253731343,1.0
M1:710:7,710,M1,7,primary_semantic_capture,10,9,0.9701492537313433,False,False,True,0.029850746268656716,1.0
M1:711:0,711,M1,0,primary_semantic_capture,8,7,1.9491525423728813,True,True,True,0.2542372881355932,1.0
M1:711:1,711,M1,1,primary_semantic_capture,6,5,1.9491525423728813,True,True,True,0.2033898305084746,1.0
M1:711:1,711,M1,1,legacy_aligned_capture,6,5,1.9491525423728813,True,True,True,0.2033898305084746,1.0
M1:711:2,711,M1,2,primary_semantic_capture,3,2,1.8644067796610169,True,True,True,0.13559322033898305,1.0
M1:711:2,711,M1,2,legacy_aligned_capture,3,2,1.8644067796610169,True,True,True,0.13559322033898305,1.0
M1:711:3,711,M1,3,primary_semantic_capture,7,6,1.7118644067796611,True,True,True,0.2542372881355932,1.0
M1:711:4,711,M1,4,primary_semantic_capture,1,0,1.8305084745762712,True,True,True,0.1864406779661017,1.0
M1:711:5,711,M1,5,primary_semantic_capture,2,1,2.559322033898305,True,True,True,0.288135593220339,1.0
M1:711:7,711,M1,7,primary_semantic_capture,30,29,2.694915254237288,True,True,True,0.1864406779661017,1.0
M1:712:0,712,M1,0,primary_semantic_capture,19,18,1.619047619047619,True,True,True,0.19047619047619047,1.0
M1:712:1,712,M1,1,primary_semantic_capture,40,39,1.9206349206349207,True,True,True,0.1111111111111111,1.0
M1:712:5,712,M1,5,primary_semantic_capture,30,29,1.7301587301587302,True,True,True,0.14285714285714285,1.0
M1:712:6,712,M1,6,primary_semantic_capture,6,5,1.507936507936508,True,True,True,0.23809523809523808,1.0
M1:716:0,716,M1,0,primary_semantic_capture,21,20,1.6,True,True,True,0.525,1.0
M1:716:2,716,M1,2,primary_semantic_capture,13,12,1.375,True,True,True,0.525,1.0
M1:716:3,716,M1,3,primary_semantic_capture,4,3,1.5625,True,True,True,0.5125,1.0
M1:716:3,716,M1,3,legacy_aligned_capture,4,3,1.5625,True,True,True,0.5125,1.0
M1:716:5,716,M1,5,primary_semantic_capture,26,25,2.1125,True,True,True,0.575,1.0
M1:716:6,716,M1,6,primary_semantic_capture,9,8,1.7375,True,True,True,0.525,1.0
M1:717:2,717,M1,2,primary_semantic_capture,19,18,15.11111111111111,True,True,True,0.5555555555555556,1.0
M1:718:3,718,M1,3,primary_semantic_capture,2,1,0.6588235294117647,False,False,True,0.4,1.0
M1:719:0,719,M1,0,primary_semantic_capture,9,8,1.0,True,False,True,0.08333333333333333,1.0
M1:719:1,719,M1,1,primary_semantic_capture,5,4,0.85,False,False,True,0.5,1.0
M1:719:2,719,M1,2,primary_semantic_capture,12,11,0.5666666666666667,False,False,True,0.25,1.0
M1:719:3,719,M1,3,primary_semantic_capture,11,10,0.7666666666666667,False,False,True,0.43333333333333335,1.0
M1:719:3,719,M1,3,legacy_aligned_capture,11,10,0.7666666666666667,False,False,True,0.43333333333333335,1.0
M1:719:4,719,M1,4,primary_semantic_capture,12,11,1.2166666666666666,True,False,True,0.06666666666666667,1.0
M1:719:5,719,M1,5,primary_semantic_capture,25,24,1.0833333333333333,True,False,True,0.5,1.0
M1:719:6,719,M1,6,primary_semantic_capture,17,16,0.7333333333333333,False,False,True,0.26666666666666666,1.0
M1:719:7,719,M1,7,primary_semantic_capture,9,8,0.5833333333333334,False,False,True,0.3333333333333333,1.0
M1:720:2,720,M1,2,primary_semantic_capture,6,5,1.9411764705882353,True,True,True,0.20588235294117646,1.0
M1:720:5,720,M1,5,primary_semantic_capture,1,0,1.911764705882353,True,True,True,0.23529411764705882,1.0
M1:721:0,721,M1,0,primary_semantic_capture,16,15,1.144736842105263,True,False,True,0.27631578947368424,1.0
M1:721:1,721,M1,1,primary_semantic_capture,33,32,1.7105263157894737,True,True,True,0.2631578947368421,1.0
M1:721:2,721,M1,2,primary_semantic_capture,8,7,1.2236842105263157,True,False,True,0.3026315789473684,1.0
M1:721:2,721,M1,2,legacy_aligned_capture,8,7,1.2236842105263157,True,False,True,0.3026315789473684,1.0
M1:721:3,721,M1,3,primary_semantic_capture,8,7,0.631578947368421,False,False,False,0.18421052631578946,0.45161290322580644
M1:721:5,721,M1,5,primary_semantic_capture,41,40,1.75,True,True,True,0.2894736842105263,1.0
M1:721:6,721,M1,6,primary_semantic_capture,1,0,1.0657894736842106,True,False,True,0.19736842105263158,1.0
M1:721:7,721,M1,7,primary_semantic_capture,31,30,2.3421052631578947,True,True,True,0.40789473684210525,1.0
M1:722:2,722,M1,2,primary_semantic_capture,9,8,3.88,True,True,True,0.28,1.0
M1:725:0,725,M1,0,primary_semantic_capture,3,2,0.8181818181818182,False,False,True,0.2727272727272727,1.0
M1:725:0,725,M1,0,legacy_aligned_capture,3,2,0.8181818181818182,False,False,True,0.2727272727272727,1.0
M1:725:2,725,M1,2,primary_semantic_capture,13,12,0.7272727272727273,False,False,True,0.22077922077922077,1.0
M1:725:4,725,M1,4,primary_semantic_capture,6,5,0.7662337662337663,False,False,True,0.35064935064935066,1.0
M1:725:4,725,M1,4,legacy_aligned_capture,7,6,0.7792207792207793,False,False,True,0.35064935064935066,1.0
M1:725:5,725,M1,5,primary_semantic_capture,20,19,1.5844155844155845,True,True,True,0.4155844155844156,1.0
M1:725:7,725,M1,7,primary_semantic_capture,17,16,0.9090909090909091,False,False,True,0.3246753246753247,1.0
M1:725:7,725,M1,7,legacy_aligned_capture,17,16,0.9090909090909091,False,False,True,0.3246753246753247,1.0
M1:726:0,726,M1,0,primary_semantic_capture,1,0,2.3,True,True,True,0.275,1.0
M1:728:0,728,M1,0,primary_semantic_capture,6,5,2.56,True,True,True,0.24,1.0
M1:728:1,728,M1,1,primary_semantic_capture,12,11,1.4266666666666667,True,True,True,0.18666666666666668,1.0
M1:728:2,728,M1,2,primary_semantic_capture,2,1,1.1333333333333333,True,False,True,0.17333333333333334,1.0
M1:728:3,728,M1,3,primary_semantic_capture,31,30,1.76,True,True,True,0.14666666666666667,1.0
M1:728:3,728,M1,3,legacy_aligned_capture,31,30,1.76,True,True,True,0.14666666666666667,1.0
M1:728:5,728,M1,5,primary_semantic_capture,9,8,1.16,True,False,True,0.28,1.0
M1:728:6,728,M1,6,primary_semantic_capture,22,21,1.7866666666666666,True,True,True,0.14666666666666667,1.0
M1:728:7,728,M1,7,primary_semantic_capture,21,20,1.56,True,True,True,0.16,1.0
M1:728:7,728,M1,7,legacy_aligned_capture,22,21,1.5733333333333333,True,True,True,0.16,1.0
M1:730:1,730,M1,1,primary_semantic_capture,9,8,1.1153846153846154,True,False,True,0.3076923076923077,1.0
M1:730:1,730,M1,1,legacy_aligned_capture,9,8,1.1153846153846154,True,False,True,0.3076923076923077,1.0
M1:730:2,730,M1,2,primary_semantic_capture,9,8,1.3717948717948718,True,True,True,0.2692307692307692,1.0
M1:730:3,730,M1,3,primary_semantic_capture,16,15,1.5256410256410255,True,True,False,0.2948717948717949,0.9583333333333334
M1:730:5,730,M1,5,primary_semantic_capture,2,1,0.8076923076923077,False,False,False,0.1282051282051282,0.5882352941176471
M1:730:6,730,M1,6,primary_semantic_capture,6,5,1.4230769230769231,True,True,True,0.3974358974358974,1.0
M1:730:7,730,M1,7,primary_semantic_capture,16,15,1.4615384615384615,True,True,True,0.2564102564102564,1.0
M1:731:1,731,M1,1,primary_semantic_capture,13,12,1.7083333333333333,True,True,True,0.2708333333333333,1.0
M1:731:2,731,M1,2,primary_semantic_capture,22,21,4.291666666666667,True,True,True,0.2916666666666667,1.0
M1:731:3,731,M1,3,primary_semantic_capture,4,3,0.9375,False,False,True,0.25,1.0
M1:731:4,731,M1,4,primary_semantic_capture,5,4,2.25,True,True,True,0.3958333333333333,1.0
M1:731:5,731,M1,5,primary_semantic_capture,2,1,1.3958333333333333,True,True,True,0.22916666666666666,1.0
M1:731:6,731,M1,6,primary_semantic_capture,14,13,2.4583333333333335,True,True,True,0.375,1.0
M1:732:0,732,M1,0,primary_semantic_capture,6,5,1.139240506329114,True,False,True,0.13924050632911392,1.0
M1:732:0,732,M1,0,legacy_aligned_capture,6,5,1.139240506329114,True,False,True,0.13924050632911392,1.0
M1:732:1,732,M1,1,primary_semantic_capture,7,6,0.9113924050632911,False,False,True,0.25316455696202533,1.0
M1:732:2,732,M1,2,primary_semantic_capture,12,11,1.6075949367088607,True,True,True,0.43037974683544306,1.0
M1:732:3,732,M1,3,primary_semantic_capture,43,42,1.9873417721518987,True,True,True,0.3037974683544304,1.0
M1:732:4,732,M1,4,primary_semantic_capture,10,9,1.4177215189873418,True,True,True,0.3670886075949367,1.0
M1:732:5,732,M1,5,primary_semantic_capture,10,9,2.088607594936709,True,True,True,0.24050632911392406,1.0
M1:732:6,732,M1,6,primary_semantic_capture,12,11,1.5569620253164558,True,True,True,0.4050632911392405,1.0
M1:732:6,732,M1,6,legacy_aligned_capture,12,11,1.5569620253164558,True,True,True,0.4050632911392405,1.0
M1:732:7,732,M1,7,primary_semantic_capture,2,1,1.1265822784810127,True,False,True,0.35443037974683544,1.0
M1:734:2,734,M1,2,primary_semantic_capture,20,19,1.644736842105263,True,True,True,0.6052631578947368,1.0
M1:734:2,734,M1,2,legacy_aligned_capture,20,19,1.644736842105263,True,True,True,0.6052631578947368,1.0
M1:734:7,734,M1,7,primary_semantic_capture,29,28,1.763157894736842,True,True,True,0.6710526315789473,1.0
M1:735:0,735,M1,0,primary_semantic_capture,12,11,1.010989010989011,True,False,True,0.5274725274725275,1.0
M1:735:0,735,M1,0,legacy_aligned_capture,12,11,1.010989010989011,True,False,True,0.5274725274725275,1.0
M1:737:0,737,M1,0,primary_semantic_capture,12,11,2.4390243902439024,True,True,True,0.3780487804878049,1.0
M1:737:2,737,M1,2,primary_semantic_capture,32,31,1.8902439024390243,True,True,True,0.21951219512195122,1.0
M1:737:2,737,M1,2,legacy_aligned_capture,32,31,1.8902439024390243,True,True,True,0.21951219512195122,1.0
M1:737:3,737,M1,3,primary_semantic_capture,10,9,1.8902439024390243,True,True,True,0.4146341463414634,1.0
M1:737:4,737,M1,4,primary_semantic_capture,75,74,3.207317073170732,True,True,True,0.3902439024390244,1.0
M1:737:6,737,M1,6,primary_semantic_capture,6,5,1.0731707317073171,True,False,True,0.1951219512195122,1.0
M1:738:0,738,M1,0,primary_semantic_capture,40,39,1.3709677419354838,True,True,True,0.24193548387096775,1.0
M1:738:0,738,M1,0,legacy_aligned_capture,40,39,1.3709677419354838,True,True,True,0.24193548387096775,1.0
M1:738:1,738,M1,1,primary_semantic_capture,15,14,0.9516129032258065,False,False,True,0.24193548387096775,1.0
M1:738:2,738,M1,2,primary_semantic_capture,7,6,0.5967741935483871,False,False,True,0.22580645161290322,1.0
M1:738:3,738,M1,3,primary_semantic_capture,11,10,0.9516129032258065,False,False,True,0.27419354838709675,1.0
M1:738:4,738,M1,4,primary_semantic_capture,1,0,1.0161290322580645,True,False,True,0.3387096774193548,1.0
M1:738:4,738,M1,4,legacy_aligned_capture,2,1,1.032258064516129,True,False,True,0.3387096774193548,1.0
M1:738:5,738,M1,5,primary_semantic_capture,3,2,0.7903225806451613,False,False,True,0.2903225806451613,1.0
M1:738:6,738,M1,6,primary_semantic_capture,10,9,1.0,True,False,True,0.22580645161290322,1.0
M1:738:6,738,M1,6,legacy_aligned_capture,18,17,1.1290322580645162,True,False,True,0.22580645161290322,1.0
M1:738:7,738,M1,7,primary_semantic_capture,10,9,1.2903225806451613,True,True,True,0.3064516129032258,1.0
M1:739:0,739,M1,0,primary_semantic_capture,15,14,1.015625,True,False,True,0.359375,1.0
M1:739:7,739,M1,7,primary_semantic_capture,35,34,1.359375,True,True,True,0.15625,1.0
M1:740:0,740,M1,0,primary_semantic_capture,1,0,2.8333333333333335,True,True,True,0.3055555555555556,1.0
M1:740:1,740,M1,1,primary_semantic_capture,8,7,1.3888888888888888,True,True,True,0.05555555555555555,1.0
M1:740:1,740,M1,1,legacy_aligned_capture,8,7,1.3888888888888888,True,True,True,0.05555555555555555,1.0
M1:740:2,740,M1,2,primary_semantic_capture,12,11,1.6666666666666667,True,True,True,0.16666666666666666,1.0
M1:740:3,740,M1,3,primary_semantic_capture,2,1,1.6388888888888888,True,True,False,0.16666666666666666,0.6
M1:740:4,740,M1,4,primary_semantic_capture,22,21,3.5833333333333335,True,True,True,0.027777777777777776,1.0
M1:740:5,740,M1,5,primary_semantic_capture,31,30,2.9166666666666665,True,True,True,0.05555555555555555,1.0
M1:740:6,740,M1,6,primary_semantic_capture,7,6,2.361111111111111,True,True,True,0.25,1.0
M1:740:7,740,M1,7,primary_semantic_capture,1,0,1.7777777777777777,True,True,True,0.08333333333333333,1.0
M1:742:0,742,M1,0,primary_semantic_capture,20,19,4.658536585365853,True,True,True,0.36585365853658536,1.0
M1:742:2,742,M1,2,primary_semantic_capture,23,22,2.658536585365854,True,True,True,0.14634146341463414,1.0
M1:742:4,742,M1,4,primary_semantic_capture,33,32,2.707317073170732,True,True,True,0.34146341463414637,1.0
M1:742:7,742,M1,7,primary_semantic_capture,16,15,2.4878048780487805,True,True,True,0.2682926829268293,1.0
M1:743:2,743,M1,2,primary_semantic_capture,22,21,1.5466666666666666,True,True,True,0.3466666666666667,1.0
M1:745:0,745,M1,0,primary_semantic_capture,5,4,2.3068181818181817,True,True,True,0.09090909090909091,1.0
M1:745:0,745,M1,0,legacy_aligned_capture,5,4,2.3068181818181817,True,True,True,0.09090909090909091,1.0
M1:745:1,745,M1,1,primary_semantic_capture,1,0,1.1363636363636365,True,False,True,0.10227272727272728,1.0
M1:745:1,745,M1,1,legacy_aligned_capture,2,1,1.1477272727272727,True,False,True,0.10227272727272728,1.0
M1:745:2,745,M1,2,primary_semantic_capture,11,10,0.9659090909090909,False,False,True,0.09090909090909091,1.0
M1:745:3,745,M1,3,primary_semantic_capture,11,10,0.8522727272727273,False,False,True,0.09090909090909091,1.0
M1:745:4,745,M1,4,primary_semantic_capture,12,11,1.6022727272727273,True,True,True,0.13636363636363635,1.0
M1:745:5,745,M1,5,primary_semantic_capture,19,18,1.6590909090909092,True,True,True,0.07954545454545454,1.0
M1:745:6,745,M1,6,primary_semantic_capture,14,13,1.125,True,False,True,0.1590909090909091,1.0
M1:745:7,745,M1,7,primary_semantic_capture,14,13,1.6477272727272727,True,True,True,0.125,1.0
M1:746:4,746,M1,4,primary_semantic_capture,10,9,1.2222222222222223,True,False,True,0.4444444444444444,1.0
M1:746:6,746,M1,6,primary_semantic_capture,4,3,1.126984126984127,True,False,True,0.47619047619047616,1.0
M1:747:2,747,M1,2,primary_semantic_capture,11,10,1.14,True,False,False,0.3,0.8333333333333334
M1:753:5,753,M1,5,primary_semantic_capture,10,9,2.088235294117647,True,True,True,0.14705882352941177,1.0
M1:755:4,755,M1,4,primary_semantic_capture,10,9,1.010752688172043,True,False,True,0.3118279569892473,1.0
M1:756:5,756,M1,5,primary_semantic_capture,29,28,1.0945945945945945,True,False,True,0.06756756756756757,1.0
M1:757:0,757,M1,0,primary_semantic_capture,5,4,1.9393939393939394,True,True,False,0.3787878787878788,0.8620689655172413
M1:757:0,757,M1,0,legacy_aligned_capture,12,11,2.393939393939394,True,True,True,0.4393939393939394,1.0
M1:757:1,757,M1,1,primary_semantic_capture,49,48,2.803030303030303,True,True,True,0.3787878787878788,1.0
M1:757:1,757,M1,1,legacy_aligned_capture,49,48,2.803030303030303,True,True,True,0.3787878787878788,1.0
M1:757:2,757,M1,2,primary_semantic_capture,20,19,3.0454545454545454,True,True,True,0.5,1.0
M1:757:2,757,M1,2,legacy_aligned_capture,21,20,3.0606060606060606,True,True,True,0.5,1.0
M1:757:3,757,M1,3,primary_semantic_capture,17,16,2.1363636363636362,True,True,True,0.45454545454545453,1.0
M1:757:4,757,M1,4,primary_semantic_capture,1,0,1.4545454545454546,True,True,True,0.25757575757575757,1.0
M1:757:5,757,M1,5,primary_semantic_capture,3,2,2.484848484848485,True,True,True,0.3939393939393939,1.0
M1:757:6,757,M1,6,primary_semantic_capture,1,0,2.0757575757575757,True,True,True,0.3787878787878788,1.0
M1:757:6,757,M1,6,legacy_aligned_capture,5,4,2.1363636363636362,True,True,True,0.3787878787878788,1.0
M1:758:0,758,M1,0,primary_semantic_capture,14,13,3.111111111111111,True,True,True,0.3611111111111111,1.0
M1:758:2,758,M1,2,primary_semantic_capture,15,14,2.75,True,True,True,0.3611111111111111,1.0
M1:758:3,758,M1,3,primary_semantic_capture,3,2,1.3888888888888888,True,True,True,0.4166666666666667,1.0
M1:758:4,758,M1,4,primary_semantic_capture,6,5,1.5,True,True,True,0.5,1.0
M1:758:5,758,M1,5,primary_semantic_capture,17,16,2.0833333333333335,True,True,True,0.4166666666666667,1.0
M1:758:6,758,M1,6,primary_semantic_capture,4,3,2.888888888888889,True,True,True,0.4166666666666667,1.0
M1:758:6,758,M1,6,legacy_aligned_capture,5,4,2.9166666666666665,True,True,True,0.4166666666666667,1.0
M1:758:7,758,M1,7,primary_semantic_capture,1,0,0.8888888888888888,False,False,True,0.25,1.0
M1:759:0,759,M1,0,primary_semantic_capture,6,5,5.705882352941177,True,True,,0.0,nan
M1:759:1,759,M1,1,primary_semantic_capture,18,17,8.352941176470589,True,True,True,0.35294117647058826,1.0
M1:759:3,759,M1,3,primary_semantic_capture,108,107,24.0,True,True,True,0.4117647058823529,1.0
M1:759:6,759,M1,6,primary_semantic_capture,3,2,3.411764705882353,True,True,True,0.058823529411764705,1.0
M1:759:7,759,M1,7,primary_semantic_capture,25,24,4.764705882352941,True,True,,0.0,nan
M1:760:0,760,M1,0,primary_semantic_capture,23,22,1.8928571428571428,True,True,True,0.6428571428571429,1.0
M1:760:3,760,M1,3,primary_semantic_capture,8,7,1.2321428571428572,True,False,True,0.7142857142857143,1.0
M1:760:3,760,M1,3,legacy_aligned_capture,8,7,1.2321428571428572,True,False,True,0.7142857142857143,1.0
M1:761:0,761,M1,0,primary_semantic_capture,6,5,1.5535714285714286,True,True,True,0.17857142857142858,1.0
M1:762:5,762,M1,5,primary_semantic_capture,3,2,1.2,True,False,True,0.08,1.0
M1:763:1,763,M1,1,primary_semantic_capture,22,21,1.7555555555555555,True,True,True,0.4222222222222222,1.0
M1:763:7,763,M1,7,primary_semantic_capture,25,24,2.3777777777777778,True,True,True,0.4,1.0
M1:765:1,765,M1,1,primary_semantic_capture,29,28,1.9361702127659575,True,True,True,0.5957446808510638,1.0
M1:766:4,766,M1,4,primary_semantic_capture,3,2,1.9565217391304348,True,True,True,0.5652173913043478,1.0
M1:768:0,768,M1,0,primary_semantic_capture,5,4,6.205882352941177,True,True,True,0.058823529411764705,1.0
M1:768:5,768,M1,5,primary_semantic_capture,9,8,2.0,True,True,True,0.38235294117647056,1.0
M1:769:1,769,M1,1,primary_semantic_capture,3,2,1.4,True,True,True,0.725,1.0
M1:769:2,769,M1,2,primary_semantic_capture,11,10,2.675,True,True,True,0.5,1.0
M1:770:0,770,M1,0,primary_semantic_capture,18,17,1.054945054945055,True,False,True,0.17582417582417584,1.0
M1:770:1,770,M1,1,primary_semantic_capture,4,3,0.8131868131868132,False,False,True,0.12087912087912088,1.0
M1:770:1,770,M1,1,legacy_aligned_capture,4,3,0.8131868131868132,False,False,True,0.12087912087912088,1.0
M1:770:2,770,M1,2,primary_semantic_capture,6,5,1.0769230769230769,True,False,True,0.15384615384615385,1.0
M1:770:3,770,M1,3,primary_semantic_capture,8,7,0.9120879120879121,False,False,True,0.08791208791208792,1.0
M1:770:4,770,M1,4,primary_semantic_capture,12,11,0.7692307692307693,False,False,True,0.17582417582417584,1.0
M1:770:4,770,M1,4,legacy_aligned_capture,12,11,0.7692307692307693,False,False,True,0.17582417582417584,1.0
M1:770:5,770,M1,5,primary_semantic_capture,7,6,0.978021978021978,False,False,False,0.1978021978021978,0.9473684210526315
M1:770:6,770,M1,6,primary_semantic_capture,2,1,1.010989010989011,True,False,False,0.16483516483516483,0.8823529411764706
M1:770:7,770,M1,7,primary_semantic_capture,4,3,1.054945054945055,True,False,True,0.16483516483516483,1.0
M1:770:7,770,M1,7,legacy_aligned_capture,4,3,1.054945054945055,True,False,True,0.16483516483516483,1.0
M1:771:2,771,M1,2,primary_semantic_capture,14,13,2.142857142857143,True,True,True,0.25396825396825395,1.0
M1:772:0,772,M1,0,primary_semantic_capture,9,8,1.6444444444444444,True,True,True,0.1111111111111111,1.0
M1:772:1,772,M1,1,primary_semantic_capture,31,30,1.8444444444444446,True,True,True,0.15555555555555556,1.0
M1:772:3,772,M1,3,primary_semantic_capture,4,3,2.3555555555555556,True,True,True,0.1111111111111111,1.0
M1:772:4,772,M1,4,primary_semantic_capture,4,3,1.8,True,True,True,0.13333333333333333,1.0
M1:772:5,772,M1,5,primary_semantic_capture,8,7,2.7333333333333334,True,True,True,0.13333333333333333,1.0
M1:772:6,772,M1,6,primary_semantic_capture,11,10,2.5555555555555554,True,True,True,0.2222222222222222,1.0
M1:773:2,773,M1,2,primary_semantic_capture,22,21,1.56,True,True,True,0.3,1.0
M1:773:3,773,M1,3,primary_semantic_capture,2,1,1.3,True,True,True,0.21,1.0
M1:773:4,773,M1,4,primary_semantic_capture,8,7,2.32,True,True,True,0.37,1.0
M1:773:4,773,M1,4,legacy_aligned_capture,9,8,2.33,True,True,True,0.37,1.0
M1:774:0,774,M1,0,primary_semantic_capture,36,35,2.6515151515151514,True,True,True,0.12121212121212122,1.0
M1:774:1,774,M1,1,primary_semantic_capture,22,21,2.1818181818181817,True,True,True,0.10606060606060606,1.0
M1:774:3,774,M1,3,primary_semantic_capture,31,30,2.5,True,True,True,0.015151515151515152,1.0
M1:774:5,774,M1,5,primary_semantic_capture,15,14,2.015151515151515,True,True,True,0.12121212121212122,1.0
M1:774:6,774,M1,6,primary_semantic_capture,2,1,2.5454545454545454,True,True,True,0.10606060606060606,1.0
M1:774:7,774,M1,7,primary_semantic_capture,6,5,1.8636363636363635,True,True,True,0.030303030303030304,1.0
M1:776:6,776,M1,6,primary_semantic_capture,4,3,0.9642857142857143,False,False,True,0.42857142857142855,1.0
M1:779:0,779,M1,0,primary_semantic_capture,8,7,1.358695652173913,True,True,True,0.20652173913043478,1.0
M1:779:1,779,M1,1,primary_semantic_capture,18,17,1.326086956521739,True,True,True,0.3695652173913043,1.0
M1:779:3,779,M1,3,primary_semantic_capture,21,20,0.7065217391304348,False,False,False,0.03260869565217391,0.5
M1:779:4,779,M1,4,primary_semantic_capture,20,19,1.5217391304347827,True,True,True,0.391304347826087,1.0
M1:779:6,779,M1,6,primary_semantic_capture,21,20,1.7282608695652173,True,True,True,0.2826086956521739,1.0
M1:779:7,779,M1,7,primary_semantic_capture,18,17,1.0217391304347827,True,False,True,0.25,1.0
M1:780:1,780,M1,1,primary_semantic_capture,5,4,0.5853658536585366,False,False,True,0.14634146341463414,1.0
M1:780:2,780,M1,2,primary_semantic_capture,16,15,1.524390243902439,True,True,True,0.23170731707317074,1.0
M1:780:2,780,M1,2,legacy_aligned_capture,16,15,1.524390243902439,True,True,True,0.23170731707317074,1.0
M1:780:3,780,M1,3,primary_semantic_capture,7,6,1.4024390243902438,True,True,True,0.21951219512195122,1.0
M1:780:4,780,M1,4,primary_semantic_capture,4,3,0.5487804878048781,False,False,False,0.04878048780487805,0.21052631578947367
M1:780:5,780,M1,5,primary_semantic_capture,3,2,1.3170731707317074,True,True,True,0.0975609756097561,1.0
M1:780:5,780,M1,5,legacy_aligned_capture,3,2,1.3170731707317074,True,True,True,0.0975609756097561,1.0
M1:780:6,780,M1,6,primary_semantic_capture,29,28,1.6951219512195121,True,True,True,0.2804878048780488,1.0
M1:780:7,780,M1,7,primary_semantic_capture,9,8,0.7073170731707317,False,False,True,0.2073170731707317,1.0
M1:780:7,780,M1,7,legacy_aligned_capture,9,8,0.7073170731707317,False,False,True,0.2073170731707317,1.0
M1:781:0,781,M1,0,primary_semantic_capture,4,3,2.433333333333333,True,True,True,0.3888888888888889,1.0
M1:781:5,781,M1,5,primary_semantic_capture,5,4,1.3444444444444446,True,True,True,0.34444444444444444,1.0
M1:781:5,781,M1,5,legacy_aligned_capture,12,11,1.4222222222222223,True,True,True,0.34444444444444444,1.0
M1:782:3,782,M1,3,primary_semantic_capture,12,11,1.4666666666666666,True,True,True,0.26666666666666666,1.0
M1:783:0,783,M1,0,primary_semantic_capture,1,0,1.2745098039215685,True,True,True,0.23529411764705882,1.0
M1:783:1,783,M1,1,primary_semantic_capture,4,3,0.803921568627451,False,False,True,0.13725490196078433,1.0
M1:783:2,783,M1,2,primary_semantic_capture,13,12,1.5098039215686274,True,True,True,0.21568627450980393,1.0
M1:783:2,783,M1,2,legacy_aligned_capture,14,13,1.5294117647058822,True,True,True,0.21568627450980393,1.0
M1:783:3,783,M1,3,primary_semantic_capture,11,10,1.392156862745098,True,True,True,0.19607843137254902,1.0
M1:783:4,783,M1,4,primary_semantic_capture,13,12,1.6862745098039216,True,True,True,0.19607843137254902,1.0
M1:783:5,783,M1,5,primary_semantic_capture,7,6,0.803921568627451,False,False,True,0.11764705882352941,1.0
M1:784:7,784,M1,7,primary_semantic_capture,4,3,4.103448275862069,True,True,True,0.5172413793103449,1.0
M1:785:3,785,M1,3,primary_semantic_capture,15,14,1.896551724137931,True,True,True,0.27586206896551724,1.0
M1:789:0,789,M1,0,primary_semantic_capture,4,3,0.9,False,False,True,0.12857142857142856,1.0
M1:789:0,789,M1,0,legacy_aligned_capture,4,3,0.9,False,False,True,0.12857142857142856,1.0
M1:789:1,789,M1,1,primary_semantic_capture,49,48,2.1714285714285713,True,True,True,0.11428571428571428,1.0
M1:789:2,789,M1,2,primary_semantic_capture,22,21,3.1142857142857143,True,True,True,0.11428571428571428,1.0
M1:789:3,789,M1,3,primary_semantic_capture,2,1,1.542857142857143,True,True,True,0.2714285714285714,1.0
M1:789:5,789,M1,5,primary_semantic_capture,3,2,1.1285714285714286,True,False,False,0.08571428571428572,0.42857142857142855
M1:789:6,789,M1,6,primary_semantic_capture,17,16,1.3428571428571427,True,True,True,0.02857142857142857,1.0
M1:789:7,789,M1,7,primary_semantic_capture,28,27,1.3857142857142857,True,True,True,0.15714285714285714,1.0
M1:791:0,791,M1,0,primary_semantic_capture,2,1,0.9397590361445783,False,False,False,0.1686746987951807,0.7368421052631579
M1:791:1,791,M1,1,primary_semantic_capture,13,12,1.7951807228915662,True,True,True,0.25301204819277107,1.0
M1:791:2,791,M1,2,primary_semantic_capture,8,7,2.325301204819277,True,True,True,0.24096385542168675,1.0
M1:791:4,791,M1,4,primary_semantic_capture,9,8,0.927710843373494,False,False,False,0.13253012048192772,0.7333333333333333
M1:791:5,791,M1,5,primary_semantic_capture,20,19,1.9518072289156627,True,True,True,0.20481927710843373,1.0
M1:791:6,791,M1,6,primary_semantic_capture,13,12,1.5542168674698795,True,True,True,0.2289156626506024,1.0
M1:791:7,791,M1,7,primary_semantic_capture,5,4,1.0481927710843373,True,False,True,0.20481927710843373,1.0
M1:791:7,791,M1,7,legacy_aligned_capture,5,4,1.0481927710843373,True,False,True,0.20481927710843373,1.0
M1:793:2,793,M1,2,primary_semantic_capture,18,17,1.2083333333333333,True,False,True,0.09722222222222222,1.0
M1:793:3,793,M1,3,primary_semantic_capture,24,23,1.6666666666666667,True,True,True,0.3472222222222222,1.0
M1:793:7,793,M1,7,primary_semantic_capture,12,11,2.5555555555555554,True,True,True,0.2222222222222222,1.0
M1:793:7,793,M1,7,legacy_aligned_capture,12,11,2.5555555555555554,True,True,True,0.2222222222222222,1.0
M1:794:7,794,M1,7,primary_semantic_capture,2,1,0.6111111111111112,False,False,True,0.3888888888888889,1.0
M1:794:7,794,M1,7,legacy_aligned_capture,3,2,0.6222222222222222,False,False,True,0.3888888888888889,1.0
M1:796:0,796,M1,0,primary_semantic_capture,7,6,1.6585365853658536,True,True,True,0.5853658536585366,1.0
M1:796:2,796,M1,2,primary_semantic_capture,6,5,2.4146341463414633,True,True,True,0.4878048780487805,1.0
M1:796:2,796,M1,2,legacy_aligned_capture,6,5,2.4146341463414633,True,True,True,0.4878048780487805,1.0
M1:796:4,796,M1,4,primary_semantic_capture,8,7,1.5853658536585367,True,True,True,0.5365853658536586,1.0
M1:796:7,796,M1,7,primary_semantic_capture,20,19,2.097560975609756,True,True,True,0.5121951219512195,1.0
M1:797:0,797,M1,0,primary_semantic_capture,2,1,1.25,True,True,True,0.2833333333333333,1.0
M1:797:1,797,M1,1,primary_semantic_capture,2,1,1.2333333333333334,True,False,False,0.3,0.8571428571428571
M1:797:3,797,M1,3,primary_semantic_capture,2,1,1.8333333333333333,True,True,True,0.26666666666666666,1.0
M1:797:4,797,M1,4,primary_semantic_capture,3,2,1.8833333333333333,True,True,True,0.3,1.0
M1:797:7,797,M1,7,primary_semantic_capture,22,21,1.65,True,True,True,0.18333333333333332,1.0
M1:797:7,797,M1,7,legacy_aligned_capture,22,21,1.65,True,True,True,0.18333333333333332,1.0
M1:798:1,798,M1,1,primary_semantic_capture,5,4,2.927536231884058,True,True,True,0.21739130434782608,1.0
M1:798:2,798,M1,2,primary_semantic_capture,13,12,1.3333333333333333,True,True,True,0.21739130434782608,1.0
M1:798:4,798,M1,4,primary_semantic_capture,3,2,1.1159420289855073,True,False,True,0.2028985507246377,1.0
M1:798:6,798,M1,6,primary_semantic_capture,19,18,1.0434782608695652,True,False,True,0.17391304347826086,1.0
M1:798:7,798,M1,7,primary_semantic_capture,11,10,2.8550724637681157,True,True,True,0.2898550724637681,1.0
M1:798:7,798,M1,7,legacy_aligned_capture,11,10,2.8550724637681157,True,True,True,0.2898550724637681,1.0
M1:800:6,800,M1,6,primary_semantic_capture,8,7,1.9130434782608696,True,True,True,0.5217391304347826,1.0
M1:801:4,801,M1,4,primary_semantic_capture,11,10,2.5625,True,True,True,0.375,1.0
M1:801:6,801,M1,6,primary_semantic_capture,16,15,1.8125,True,True,True,0.3541666666666667,1.0
M1:801:7,801,M1,7,primary_semantic_capture,4,3,1.0625,True,False,True,0.3125,1.0
M1:803:7,803,M1,7,primary_semantic_capture,24,23,1.3018867924528301,True,True,True,0.6792452830188679,1.0
M1:805:5,805,M1,5,primary_semantic_capture,5,4,1.0169491525423728,True,False,True,0.2033898305084746,1.0
M1:806:1,806,M1,1,primary_semantic_capture,9,8,2.2222222222222223,True,True,True,0.691358024691358,1.0
M1:806:7,806,M1,7,primary_semantic_capture,17,16,1.2962962962962963,True,True,True,0.5679012345679012,1.0
M1:806:7,806,M1,7,legacy_aligned_capture,17,16,1.2962962962962963,True,True,True,0.5679012345679012,1.0
M1:807:0,807,M1,0,primary_semantic_capture,14,13,1.6744186046511629,True,True,True,0.20930232558139536,1.0
M1:807:3,807,M1,3,primary_semantic_capture,13,12,1.4883720930232558,True,True,True,0.09302325581395349,1.0
M1:807:4,807,M1,4,primary_semantic_capture,10,9,1.5813953488372092,True,True,True,0.13953488372093023,1.0
M1:807:5,807,M1,5,primary_semantic_capture,6,5,1.0930232558139534,True,False,True,0.11627906976744186,1.0
M1:807:6,807,M1,6,primary_semantic_capture,9,8,1.1627906976744187,True,False,True,0.11627906976744186,1.0
M1:807:6,807,M1,6,legacy_aligned_capture,9,8,1.1627906976744187,True,False,True,0.11627906976744186,1.0
M1:807:7,807,M1,7,primary_semantic_capture,4,3,2.1627906976744184,True,True,True,0.20930232558139536,1.0
M1:807:7,807,M1,7,legacy_aligned_capture,4,3,2.1627906976744184,True,True,True,0.20930232558139536,1.0
M1:808:1,808,M1,1,primary_semantic_capture,11,10,1.75,True,True,True,0.42857142857142855,1.0
M1:808:4,808,M1,4,primary_semantic_capture,20,19,2.2857142857142856,True,True,True,0.4642857142857143,1.0
M1:809:0,809,M1,0,primary_semantic_capture,11,10,1.0793650793650793,True,False,True,0.1111111111111111,1.0
M1:809:1,809,M1,1,primary_semantic_capture,9,8,1.0634920634920635,True,False,True,0.14285714285714285,1.0
M1:809:2,809,M1,2,primary_semantic_capture,23,22,0.9206349206349206,False,False,True,0.14285714285714285,1.0
M1:809:3,809,M1,3,primary_semantic_capture,10,9,1.5238095238095237,True,True,True,0.1746031746031746,1.0
M1:809:5,809,M1,5,primary_semantic_capture,7,6,0.873015873015873,False,False,True,0.12698412698412698,1.0
M1:809:6,809,M1,6,primary_semantic_capture,25,24,1.126984126984127,True,False,True,0.07936507936507936,1.0
M1:809:6,809,M1,6,legacy_aligned_capture,25,24,1.126984126984127,True,False,True,0.07936507936507936,1.0
M1:809:7,809,M1,7,primary_semantic_capture,11,10,1.1111111111111112,True,False,True,0.07936507936507936,1.0
M1:811:0,811,M1,0,primary_semantic_capture,5,4,1.0,True,False,True,0.22988505747126436,1.0
M1:811:1,811,M1,1,primary_semantic_capture,48,47,2.0114942528735633,True,True,True,0.26436781609195403,1.0
M1:811:2,811,M1,2,primary_semantic_capture,11,10,1.1264367816091954,True,False,True,0.2413793103448276,1.0
M1:811:2,811,M1,2,legacy_aligned_capture,11,10,1.1264367816091954,True,False,True,0.2413793103448276,1.0
M1:811:4,811,M1,4,primary_semantic_capture,11,10,1.7126436781609196,True,True,True,0.28735632183908044,1.0
M1:811:4,811,M1,4,legacy_aligned_capture,23,22,1.8505747126436782,True,True,True,0.28735632183908044,1.0
M1:811:6,811,M1,6,primary_semantic_capture,6,5,1.160919540229885,True,False,True,0.26436781609195403,1.0
M1:815:0,815,M1,0,primary_semantic_capture,7,6,2.1636363636363636,True,True,True,0.4,1.0
M1:815:2,815,M1,2,primary_semantic_capture,6,5,1.8363636363636364,True,True,True,0.3090909090909091,1.0
M1:815:2,815,M1,2,legacy_aligned_capture,6,5,1.8363636363636364,True,True,True,0.3090909090909091,1.0
M1:815:4,815,M1,4,primary_semantic_capture,9,8,2.1454545454545455,True,True,True,0.2727272727272727,1.0
M1:815:5,815,M1,5,primary_semantic_capture,1,0,1.9636363636363636,True,True,True,0.4909090909090909,1.0
M1:815:5,815,M1,5,legacy_aligned_capture,1,0,1.9636363636363636,True,True,True,0.4909090909090909,1.0
M1:815:6,815,M1,6,primary_semantic_capture,4,3,2.1454545454545455,True,True,True,0.36363636363636365,1.0
M1:815:6,815,M1,6,legacy_aligned_capture,4,3,2.1454545454545455,True,True,True,0.36363636363636365,1.0
M1:815:7,815,M1,7,primary_semantic_capture,8,7,1.8545454545454545,True,True,True,0.43636363636363634,1.0
M1:816:1,816,M1,1,primary_semantic_capture,2,1,2.3333333333333335,True,True,True,0.7407407407407407,1.0
M1:816:6,816,M1,6,primary_semantic_capture,9,8,1.6481481481481481,True,True,True,0.6851851851851852,1.0
M1:817:2,817,M1,2,primary_semantic_capture,3,2,1.9056603773584906,True,True,True,0.37735849056603776,1.0
M1:817:7,817,M1,7,primary_semantic_capture,2,1,2.69811320754717,True,True,True,0.8113207547169812,1.0
M1:819:0,819,M1,0,primary_semantic_capture,24,23,1.3773584905660377,True,True,True,0.3018867924528302,1.0
M1:819:2,819,M1,2,primary_semantic_capture,10,9,1.2641509433962264,True,True,True,0.39622641509433965,1.0
M1:819:3,819,M1,3,primary_semantic_capture,17,16,1.8867924528301887,True,True,True,0.5660377358490566,1.0
M1:819:4,819,M1,4,primary_semantic_capture,9,8,1.2075471698113207,True,False,True,0.41509433962264153,1.0
M1:819:5,819,M1,5,primary_semantic_capture,4,3,1.1320754716981132,True,False,True,0.4528301886792453,1.0
M1:819:6,819,M1,6,primary_semantic_capture,6,5,1.150943396226415,True,False,True,0.2641509433962264,1.0
M1:820:0,820,M1,0,primary_semantic_capture,1,0,4.25,True,True,True,0.34375,1.0
M1:820:1,820,M1,1,primary_semantic_capture,2,1,2.4375,True,True,True,0.40625,1.0
M1:820:2,820,M1,2,primary_semantic_capture,3,2,2.15625,True,True,True,0.375,1.0
M1:820:5,820,M1,5,primary_semantic_capture,2,1,2.34375,True,True,True,0.28125,1.0
M1:820:6,820,M1,6,primary_semantic_capture,22,21,3.78125,True,True,True,0.3125,1.0
M1:820:7,820,M1,7,primary_semantic_capture,2,1,2.46875,True,True,True,0.15625,1.0
M1:821:2,821,M1,2,primary_semantic_capture,1,0,0.803030303030303,False,False,True,0.21212121212121213,1.0
M1:821:3,821,M1,3,primary_semantic_capture,3,2,1.2121212121212122,True,False,True,0.3181818181818182,1.0
M1:821:5,821,M1,5,primary_semantic_capture,7,6,1.0303030303030303,True,False,True,0.24242424242424243,1.0
M1:822:2,822,M1,2,primary_semantic_capture,4,3,1.0363636363636364,True,False,True,0.2909090909090909,1.0
M1:822:2,822,M1,2,legacy_aligned_capture,4,3,1.0363636363636364,True,False,True,0.2909090909090909,1.0
M1:822:3,822,M1,3,primary_semantic_capture,1,0,0.5636363636363636,False,False,True,0.12727272727272726,1.0
M1:822:6,822,M1,6,primary_semantic_capture,1,0,0.9818181818181818,False,False,True,0.21818181818181817,1.0
M1:823:4,823,M1,4,primary_semantic_capture,10,9,3.2888888888888888,True,True,True,0.3333333333333333,1.0
M1:823:7,823,M1,7,primary_semantic_capture,18,17,2.8666666666666667,True,True,True,0.4,1.0
M1:823:7,823,M1,7,legacy_aligned_capture,18,17,2.8666666666666667,True,True,True,0.4,1.0
M1:824:0,824,M1,0,primary_semantic_capture,10,9,1.565217391304348,True,True,True,0.37681159420289856,1.0
M1:824:2,824,M1,2,primary_semantic_capture,11,10,1.6521739130434783,True,True,True,0.5362318840579711,1.0
M1:824:4,824,M1,4,primary_semantic_capture,5,4,1.9710144927536233,True,True,True,0.5362318840579711,1.0
M1:825:4,825,M1,4,primary_semantic_capture,16,15,0.8787878787878788,False,False,True,0.24242424242424243,1.0
M1:825:5,825,M1,5,primary_semantic_capture,6,5,0.9242424242424242,False,False,True,0.3333333333333333,1.0
M1:825:6,825,M1,6,primary_semantic_capture,4,3,0.6818181818181818,False,False,True,0.22727272727272727,1.0
M1:825:6,825,M1,6,legacy_aligned_capture,4,3,0.6818181818181818,False,False,True,0.22727272727272727,1.0
M1:827:2,827,M1,2,primary_semantic_capture,6,5,1.2173913043478262,True,False,True,0.2608695652173913,1.0
M1:828:0,828,M1,0,primary_semantic_capture,19,18,1.0121951219512195,True,False,True,0.2682926829268293,1.0
M1:828:7,828,M1,7,primary_semantic_capture,61,60,1.451219512195122,True,True,True,0.1951219512195122,1.0
M1:829:0,829,M1,0,primary_semantic_capture,11,10,1.6917293233082706,True,True,True,0.2932330827067669,1.0
M1:829:1,829,M1,1,primary_semantic_capture,41,40,1.6015037593984962,True,True,True,0.20300751879699247,1.0
M1:829:1,829,M1,1,legacy_aligned_capture,41,40,1.6015037593984962,True,True,True,0.20300751879699247,1.0
M1:829:5,829,M1,5,primary_semantic_capture,34,33,1.9398496240601504,True,True,True,0.2781954887218045,1.0
M1:830:0,830,M1,0,primary_semantic_capture,18,17,1.8125,True,True,True,0.2625,1.0
M1:830:3,830,M1,3,primary_semantic_capture,4,3,1.6625,True,True,True,0.275,1.0
M1:830:3,830,M1,3,legacy_aligned_capture,4,3,1.6625,True,True,True,0.275,1.0
M1:830:4,830,M1,4,primary_semantic_capture,29,28,2.25,True,True,True,0.3375,1.0
M1:830:5,830,M1,5,primary_semantic_capture,16,15,1.4375,True,True,True,0.35,1.0
M1:830:5,830,M1,5,legacy_aligned_capture,16,15,1.4375,True,True,True,0.35,1.0
M1:830:7,830,M1,7,primary_semantic_capture,25,24,2.7375,True,True,True,0.4,1.0
M1:832:2,832,M1,2,primary_semantic_capture,9,8,1.380281690140845,True,True,True,0.4507042253521127,1.0
M1:832:3,832,M1,3,primary_semantic_capture,1,0,0.704225352112676,False,False,True,0.3380281690140845,1.0
M1:832:3,832,M1,3,legacy_aligned_capture,1,0,0.704225352112676,False,False,True,0.3380281690140845,1.0
M1:832:5,832,M1,5,primary_semantic_capture,1,0,1.6901408450704225,True,True,True,0.5774647887323944,1.0
M1:832:6,832,M1,6,primary_semantic_capture,5,4,1.028169014084507,True,False,False,0.4788732394366197,0.9714285714285714
M1:833:0,833,M1,0,primary_semantic_capture,2,1,1.2222222222222223,True,False,False,0.07936507936507936,0.45454545454545453
M1:833:1,833,M1,1,primary_semantic_capture,28,27,1.4444444444444444,True,True,True,0.1111111111111111,1.0
M1:833:2,833,M1,2,primary_semantic_capture,2,1,0.8888888888888888,False,False,True,0.15873015873015872,1.0
M1:833:4,833,M1,4,primary_semantic_capture,7,6,1.7142857142857142,True,True,True,0.1746031746031746,1.0
M1:833:5,833,M1,5,primary_semantic_capture,12,11,1.9682539682539681,True,True,True,0.2698412698412698,1.0
M1:833:6,833,M1,6,primary_semantic_capture,20,19,2.0317460317460316,True,True,True,0.23809523809523808,1.0
M1:833:7,833,M1,7,primary_semantic_capture,33,32,2.4126984126984126,True,True,True,0.09523809523809523,1.0
M1:834:0,834,M1,0,primary_semantic_capture,7,6,1.8545454545454545,True,True,True,0.12727272727272726,1.0
M1:834:1,834,M1,1,primary_semantic_capture,9,8,2.272727272727273,True,True,True,0.12727272727272726,1.0
M1:834:1,834,M1,1,legacy_aligned_capture,15,14,2.381818181818182,True,True,True,0.12727272727272726,1.0
M1:834:2,834,M1,2,primary_semantic_capture,10,9,1.6545454545454545,True,True,True,0.16363636363636364,1.0
M1:834:3,834,M1,3,primary_semantic_capture,19,18,1.3454545454545455,True,True,True,0.12727272727272726,1.0
M1:834:4,834,M1,4,primary_semantic_capture,20,19,1.6727272727272726,True,True,True,0.21818181818181817,1.0
M1:834:5,834,M1,5,primary_semantic_capture,6,5,1.1636363636363636,True,False,True,0.03636363636363636,1.0
M1:834:7,834,M1,7,primary_semantic_capture,3,2,2.0545454545454547,True,True,True,0.10909090909090909,1.0
M1:834:7,834,M1,7,legacy_aligned_capture,25,24,2.4909090909090907,True,True,True,0.10909090909090909,1.0
M1:835:2,835,M1,2,primary_semantic_capture,15,14,1.4382022471910112,True,True,True,0.43820224719101125,1.0
M1:835:3,835,M1,3,primary_semantic_capture,12,11,1.1348314606741574,True,False,True,0.3146067415730337,1.0
M1:835:3,835,M1,3,legacy_aligned_capture,12,11,1.1348314606741574,True,False,True,0.3146067415730337,1.0
M1:836:0,836,M1,0,primary_semantic_capture,8,7,1.0689655172413792,True,False,True,0.05172413793103448,1.0
M1:836:1,836,M1,1,primary_semantic_capture,16,15,1.7758620689655173,True,True,True,0.20689655172413793,1.0
M1:836:2,836,M1,2,primary_semantic_capture,21,20,1.7413793103448276,True,True,True,0.27586206896551724,1.0
M1:836:3,836,M1,3,primary_semantic_capture,2,1,0.8793103448275862,False,False,True,0.15517241379310345,1.0
M1:836:4,836,M1,4,primary_semantic_capture,12,11,1.293103448275862,True,True,True,0.10344827586206896,1.0
M1:836:5,836,M1,5,primary_semantic_capture,10,9,1.5172413793103448,True,True,True,0.034482758620689655,1.0
M1:836:6,836,M1,6,primary_semantic_capture,19,18,1.2413793103448276,True,False,True,0.1896551724137931,1.0
M1:836:6,836,M1,6,legacy_aligned_capture,19,18,1.2413793103448276,True,False,True,0.1896551724137931,1.0
M1:836:7,836,M1,7,primary_semantic_capture,5,4,0.5862068965517241,False,False,False,0.017241379310344827,0.25
M1:837:0,837,M1,0,primary_semantic_capture,3,2,2.372093023255814,True,True,True,0.32558139534883723,1.0
M1:837:0,837,M1,0,legacy_aligned_capture,3,2,2.372093023255814,True,True,True,0.32558139534883723,1.0
M1:837:1,837,M1,1,primary_semantic_capture,36,35,2.0232558139534884,True,True,True,0.10465116279069768,1.0
M1:837:5,837,M1,5,primary_semantic_capture,7,6,1.5116279069767442,True,True,True,0.3023255813953488,1.0
M1:837:5,837,M1,5,legacy_aligned_capture,7,6,1.5116279069767442,True,True,True,0.3023255813953488,1.0
M1:837:6,837,M1,6,primary_semantic_capture,4,3,2.4186046511627906,True,True,True,0.3023255813953488,1.0
M1:837:6,837,M1,6,legacy_aligned_capture,4,3,2.4186046511627906,True,True,True,0.3023255813953488,1.0
M1:839:6,839,M1,6,primary_semantic_capture,7,6,2.268292682926829,True,True,True,0.5121951219512195,1.0
M1:840:5,840,M1,5,primary_semantic_capture,2,1,1.2340425531914894,True,False,True,0.4574468085106383,1.0
M1:840:7,840,M1,7,primary_semantic_capture,23,22,1.8297872340425532,True,True,True,0.2872340425531915,1.0
M1:841:0,841,M1,0,primary_semantic_capture,12,11,1.25,True,True,True,0.5,1.0
M1:841:3,841,M1,3,primary_semantic_capture,41,40,2.2083333333333335,True,True,True,0.4375,1.0
M1:842:2,842,M1,2,primary_semantic_capture,40,39,1.5196078431372548,True,True,True,0.35294117647058826,1.0
M1:842:3,842,M1,3,primary_semantic_capture,18,17,1.303921568627451,True,True,True,0.3137254901960784,1.0
M1:842:4,842,M1,4,primary_semantic_capture,14,13,1.0392156862745099,True,False,True,0.29411764705882354,1.0
M1:842:5,842,M1,5,primary_semantic_capture,6,5,1.0980392156862746,True,False,True,0.35294117647058826,1.0
M1:842:6,842,M1,6,primary_semantic_capture,9,8,0.9509803921568627,False,False,True,0.2647058823529412,1.0
M1:842:7,842,M1,7,primary_semantic_capture,5,4,1.0588235294117647,True,False,True,0.30392156862745096,1.0
M1:843:3,843,M1,3,primary_semantic_capture,46,45,1.8153846153846154,True,True,True,0.3230769230769231,1.0
M1:843:4,843,M1,4,primary_semantic_capture,5,4,1.2461538461538462,True,False,True,0.27692307692307694,1.0
M1:844:0,844,M1,0,primary_semantic_capture,3,2,1.0,True,False,True,0.14285714285714285,1.0
M1:844:0,844,M1,0,legacy_aligned_capture,3,2,1.0,True,False,True,0.14285714285714285,1.0
M1:844:1,844,M1,1,primary_semantic_capture,2,1,1.2285714285714286,True,False,True,0.14285714285714285,1.0
M1:844:2,844,M1,2,primary_semantic_capture,41,40,1.8857142857142857,True,True,True,0.12857142857142856,1.0
M1:844:3,844,M1,3,primary_semantic_capture,8,7,1.8428571428571427,True,True,True,0.17142857142857143,1.0
M1:844:4,844,M1,4,primary_semantic_capture,4,3,1.4857142857142858,True,True,True,0.1,1.0
M1:844:5,844,M1,5,primary_semantic_capture,7,6,1.7428571428571429,True,True,True,0.14285714285714285,1.0
M1:844:5,844,M1,5,legacy_aligned_capture,21,20,1.9428571428571428,True,True,True,0.14285714285714285,1.0
M1:844:6,844,M1,6,primary_semantic_capture,12,11,1.2142857142857142,True,False,True,0.1,1.0
M1:846:1,846,M1,1,primary_semantic_capture,7,6,1.9230769230769231,True,True,True,0.4423076923076923,1.0
M1:846:4,846,M1,4,primary_semantic_capture,9,8,1.3653846153846154,True,True,True,0.4423076923076923,1.0
M1:846:4,846,M1,4,legacy_aligned_capture,9,8,1.3653846153846154,True,True,True,0.4423076923076923,1.0
M1:846:6,846,M1,6,primary_semantic_capture,11,10,3.1538461538461537,True,True,True,0.40384615384615385,1.0
M1:846:7,846,M1,7,primary_semantic_capture,2,1,1.4807692307692308,True,True,True,0.34615384615384615,1.0
M1:848:0,848,M1,0,primary_semantic_capture,12,11,1.2647058823529411,True,True,True,0.11764705882352941,1.0
M1:848:1,848,M1,1,primary_semantic_capture,3,2,1.4705882352941178,True,True,True,0.27941176470588236,1.0
M1:848:1,848,M1,1,legacy_aligned_capture,3,2,1.4705882352941178,True,True,True,0.27941176470588236,1.0
M1:848:3,848,M1,3,primary_semantic_capture,111,110,2.75,True,True,True,0.16176470588235295,1.0
M1:848:5,848,M1,5,primary_semantic_capture,8,7,0.6029411764705882,False,False,True,0.07352941176470588,1.0
M1:848:6,848,M1,6,primary_semantic_capture,18,17,2.4411764705882355,True,True,True,0.11764705882352941,1.0
M1:848:7,848,M1,7,primary_semantic_capture,5,4,0.3235294117647059,False,False,True,0.029411764705882353,1.0
M1:849:4,849,M1,4,primary_semantic_capture,18,17,1.2253521126760563,True,False,True,0.5352112676056338,1.0
M1:849:6,849,M1,6,primary_semantic_capture,20,19,1.323943661971831,True,True,True,0.5492957746478874,1.0
M1:849:7,849,M1,7,primary_semantic_capture,10,9,1.0985915492957747,True,False,True,0.5774647887323944,1.0
M1:851:0,851,M1,0,primary_semantic_capture,10,9,2.1041666666666665,True,True,True,0.3333333333333333,1.0
M1:851:2,851,M1,2,primary_semantic_capture,19,18,1.8125,True,True,True,0.2916666666666667,1.0
M1:851:6,851,M1,6,primary_semantic_capture,11,10,1.9166666666666667,True,True,True,0.14583333333333334,1.0
M1:852:6,852,M1,6,primary_semantic_capture,6,5,2.838709677419355,True,True,True,0.4838709677419355,1.0
M1:853:0,853,M1,0,primary_semantic_capture,4,3,2.377551020408163,True,True,False,0.1836734693877551,0.9473684210526315
M1:853:1,853,M1,1,primary_semantic_capture,36,35,1.4285714285714286,True,True,True,0.12244897959183673,1.0
M1:853:4,853,M1,4,primary_semantic_capture,30,29,1.1224489795918366,True,False,True,0.16326530612244897,1.0
M1:853:7,853,M1,7,primary_semantic_capture,79,78,1.836734693877551,True,True,True,0.22448979591836735,1.0
M1:854:0,854,M1,0,primary_semantic_capture,19,18,1.9431818181818181,True,True,True,0.11363636363636363,1.0
M1:854:5,854,M1,5,primary_semantic_capture,11,10,2.0795454545454546,True,True,True,0.3068181818181818,1.0
M1:854:6,854,M1,6,primary_semantic_capture,7,6,1.7840909090909092,True,True,True,0.26136363636363635,1.0
M1:854:6,854,M1,6,legacy_aligned_capture,7,6,1.7840909090909092,True,True,True,0.26136363636363635,1.0
M1:854:7,854,M1,7,primary_semantic_capture,13,12,3.5113636363636362,True,True,True,0.26136363636363635,1.0
M1:855:5,855,M1,5,primary_semantic_capture,14,13,2.0,True,True,True,0.5303030303030303,1.0
M1:857:6,857,M1,6,primary_semantic_capture,1,0,1.58,True,True,True,0.2,1.0
M1:858:0,858,M1,0,primary_semantic_capture,12,11,1.2272727272727273,True,False,False,0.30303030303030304,0.9523809523809523
M1:858:2,858,M1,2,primary_semantic_capture,90,89,3.287878787878788,True,True,True,0.3787878787878788,1.0
M1:858:3,858,M1,3,primary_semantic_capture,14,13,1.3181818181818181,True,True,True,0.22727272727272727,1.0
M1:858:5,858,M1,5,primary_semantic_capture,46,45,2.5,True,True,True,0.3939393939393939,1.0
M1:858:6,858,M1,6,primary_semantic_capture,7,6,1.2878787878787878,True,True,True,0.42424242424242425,1.0
M1:859:0,859,M1,0,primary_semantic_capture,18,17,0.9433962264150944,False,False,True,0.16981132075471697,1.0
M1:859:3,859,M1,3,primary_semantic_capture,24,23,1.3396226415094339,True,True,True,0.20754716981132076,1.0
M1:859:4,859,M1,4,primary_semantic_capture,47,46,2.2264150943396226,True,True,True,0.22641509433962265,1.0
M1:859:4,859,M1,4,legacy_aligned_capture,47,46,2.2264150943396226,True,True,True,0.22641509433962265,1.0
M1:859:5,859,M1,5,primary_semantic_capture,16,15,2.0754716981132075,True,True,True,0.2641509433962264,1.0
M1:859:7,859,M1,7,primary_semantic_capture,28,27,1.9811320754716981,True,True,True,0.24528301886792453,1.0
M1:861:0,861,M1,0,primary_semantic_capture,5,4,1.2741935483870968,True,True,True,0.41935483870967744,1.0
M1:861:3,861,M1,3,primary_semantic_capture,2,1,1.2903225806451613,True,True,True,0.3064516129032258,1.0
M1:861:4,861,M1,4,primary_semantic_capture,5,4,1.4193548387096775,True,True,True,0.3709677419354839,1.0
M1:861:6,861,M1,6,primary_semantic_capture,5,4,1.1935483870967742,True,False,True,0.3870967741935484,1.0
M1:862:2,862,M1,2,primary_semantic_capture,5,4,1.4210526315789473,True,True,True,0.39473684210526316,1.0
M1:864:0,864,M1,0,primary_semantic_capture,7,6,2.108695652173913,True,True,True,0.5434782608695652,1.0
M1:864:0,864,M1,0,legacy_aligned_capture,7,6,2.108695652173913,True,True,True,0.5434782608695652,1.0
M1:865:0,865,M1,0,primary_semantic_capture,9,8,1.528301886792453,True,True,True,0.10377358490566038,1.0
M1:865:1,865,M1,1,primary_semantic_capture,18,17,1.3018867924528301,True,True,True,0.16981132075471697,1.0
M1:865:2,865,M1,2,primary_semantic_capture,40,39,0.9811320754716981,False,False,True,0.07547169811320754,1.0
M1:865:3,865,M1,3,primary_semantic_capture,8,7,1.3773584905660377,True,True,True,0.1792452830188679,1.0
M1:865:4,865,M1,4,primary_semantic_capture,14,13,1.150943396226415,True,False,True,0.14150943396226415,1.0
M1:865:5,865,M1,5,primary_semantic_capture,68,67,2.518867924528302,True,True,True,0.19811320754716982,1.0
M1:865:6,865,M1,6,primary_semantic_capture,5,4,0.9622641509433962,False,False,True,0.12264150943396226,1.0
M1:865:6,865,M1,6,legacy_aligned_capture,5,4,0.9622641509433962,False,False,True,0.12264150943396226,1.0
M1:865:7,865,M1,7,primary_semantic_capture,4,3,1.179245283018868,True,False,True,0.09433962264150944,1.0
M1:866:3,866,M1,3,primary_semantic_capture,12,11,2.9245283018867925,True,True,True,0.32075471698113206,1.0
M1:866:3,866,M1,3,legacy_aligned_capture,12,11,2.9245283018867925,True,True,True,0.32075471698113206,1.0
M1:866:7,866,M1,7,primary_semantic_capture,12,11,3.339622641509434,True,True,True,0.39622641509433965,1.0
M1:867:0,867,M1,0,primary_semantic_capture,3,2,0.8194444444444444,False,False,,0.0,nan
M1:867:1,867,M1,1,primary_semantic_capture,9,8,1.3472222222222223,True,True,True,0.041666666666666664,1.0
M1:867:2,867,M1,2,primary_semantic_capture,4,3,0.7638888888888888,False,False,True,0.041666666666666664,1.0
M1:867:3,867,M1,3,primary_semantic_capture,3,2,1.2083333333333333,True,False,True,0.041666666666666664,1.0
M1:867:4,867,M1,4,primary_semantic_capture,5,4,1.8888888888888888,True,True,True,0.041666666666666664,1.0
M1:867:5,867,M1,5,primary_semantic_capture,6,5,1.8472222222222223,True,True,True,0.06944444444444445,1.0
M1:867:5,867,M1,5,legacy_aligned_capture,6,5,1.8472222222222223,True,True,True,0.06944444444444445,1.0
M1:867:6,867,M1,6,primary_semantic_capture,3,2,1.0694444444444444,True,False,True,0.05555555555555555,1.0
M1:867:7,867,M1,7,primary_semantic_capture,6,5,1.5833333333333333,True,True,True,0.041666666666666664,1.0
M1:870:6,870,M1,6,primary_semantic_capture,5,4,1.2125,True,False,True,0.325,1.0
M1:870:6,870,M1,6,legacy_aligned_capture,5,4,1.2125,True,False,True,0.325,1.0
M1:871:0,871,M1,0,primary_semantic_capture,6,5,0.9324324324324325,False,False,True,0.1891891891891892,1.0
M1:871:0,871,M1,0,legacy_aligned_capture,6,5,0.9324324324324325,False,False,True,0.1891891891891892,1.0
M1:871:1,871,M1,1,primary_semantic_capture,34,33,1.2837837837837838,True,True,True,0.22972972972972974,1.0
M1:871:2,871,M1,2,primary_semantic_capture,22,21,1.2837837837837838,True,True,True,0.1891891891891892,1.0
M1:871:3,871,M1,3,primary_semantic_capture,8,7,0.8648648648648649,False,False,True,0.14864864864864866,1.0
M1:871:3,871,M1,3,legacy_aligned_capture,8,7,0.8648648648648649,False,False,True,0.14864864864864866,1.0
M1:871:4,871,M1,4,primary_semantic_capture,19,18,1.0405405405405406,True,False,True,0.1891891891891892,1.0
M1:871:5,871,M1,5,primary_semantic_capture,8,7,0.9594594594594594,False,False,True,0.10810810810810811,1.0
M1:871:5,871,M1,5,legacy_aligned_capture,8,7,0.9594594594594594,False,False,True,0.10810810810810811,1.0
M1:872:2,872,M1,2,primary_semantic_capture,21,20,1.2359550561797752,True,False,True,0.06741573033707865,1.0
M1:872:2,872,M1,2,legacy_aligned_capture,21,20,1.2359550561797752,True,False,True,0.06741573033707865,1.0
M1:872:3,872,M1,3,primary_semantic_capture,30,29,1.6741573033707866,True,True,True,0.1348314606741573,1.0
M1:872:5,872,M1,5,primary_semantic_capture,10,9,0.6067415730337079,False,False,True,0.056179775280898875,1.0
M1:872:7,872,M1,7,primary_semantic_capture,7,6,0.8314606741573034,False,False,True,0.10112359550561797,1.0
M1:872:7,872,M1,7,legacy_aligned_capture,7,6,0.8314606741573034,False,False,True,0.10112359550561797,1.0
M1:873:2,873,M1,2,primary_semantic_capture,4,3,1.293103448275862,True,True,True,0.5517241379310345,1.0
M1:874:0,874,M1,0,primary_semantic_capture,4,3,1.9615384615384615,True,True,False,0.17307692307692307,0.8181818181818182
M1:874:3,874,M1,3,primary_semantic_capture,11,10,2.576923076923077,True,True,True,0.28846153846153844,1.0
M1:874:3,874,M1,3,legacy_aligned_capture,11,10,2.576923076923077,True,True,True,0.28846153846153844,1.0
M1:874:4,874,M1,4,primary_semantic_capture,27,26,3.1923076923076925,True,True,True,0.25,1.0
M1:874:4,874,M1,4,legacy_aligned_capture,29,28,3.230769230769231,True,True,True,0.25,1.0
M1:874:6,874,M1,6,primary_semantic_capture,8,7,1.5384615384615385,True,True,True,0.07692307692307693,1.0
M1:874:6,874,M1,6,legacy_aligned_capture,8,7,1.5384615384615385,True,True,True,0.07692307692307693,1.0
M1:875:0,875,M1,0,primary_semantic_capture,18,17,0.8431372549019608,False,False,True,0.27450980392156865,1.0
M1:875:1,875,M1,1,primary_semantic_capture,12,11,1.2352941176470589,True,False,True,0.37254901960784315,1.0
M1:875:2,875,M1,2,primary_semantic_capture,9,8,0.7745098039215687,False,False,True,0.37254901960784315,1.0
M1:875:2,875,M1,2,legacy_aligned_capture,9,8,0.7745098039215687,False,False,True,0.37254901960784315,1.0
M1:875:3,875,M1,3,primary_semantic_capture,21,20,1.1274509803921569,True,False,True,0.35294117647058826,1.0
M1:875:4,875,M1,4,primary_semantic_capture,5,4,1.1274509803921569,True,False,True,0.39215686274509803,1.0
M1:875:5,875,M1,5,primary_semantic_capture,21,20,1.411764705882353,True,True,True,0.37254901960784315,1.0
M1:875:6,875,M1,6,primary_semantic_capture,9,8,1.2647058823529411,True,True,True,0.4803921568627451,1.0
M1:875:6,875,M1,6,legacy_aligned_capture,9,8,1.2647058823529411,True,True,True,0.4803921568627451,1.0
M1:876:3,876,M1,3,primary_semantic_capture,22,21,1.3265306122448979,True,True,True,0.3673469387755102,1.0
M1:877:2,877,M1,2,primary_semantic_capture,2,1,1.054054054054054,True,False,True,0.21621621621621623,1.0
M1:877:2,877,M1,2,legacy_aligned_capture,2,1,1.054054054054054,True,False,True,0.21621621621621623,1.0
M1:878:5,878,M1,5,primary_semantic_capture,2,1,1.532258064516129,True,True,True,0.4838709677419355,1.0
M1:878:5,878,M1,5,legacy_aligned_capture,4,3,1.564516129032258,True,True,True,0.4838709677419355,1.0
M1:879:0,879,M1,0,primary_semantic_capture,8,7,2.453125,True,True,True,0.234375,1.0
M1:879:1,879,M1,1,primary_semantic_capture,17,16,2.359375,True,True,True,0.28125,1.0
M1:879:1,879,M1,1,legacy_aligned_capture,17,16,2.359375,True,True,True,0.28125,1.0
M1:879:2,879,M1,2,primary_semantic_capture,19,18,1.84375,True,True,True,0.140625,1.0
M1:879:3,879,M1,3,primary_semantic_capture,16,15,2.4375,True,True,True,0.328125,1.0
M1:879:3,879,M1,3,legacy_aligned_capture,16,15,2.4375,True,True,True,0.328125,1.0
M1:879:4,879,M1,4,primary_semantic_capture,11,10,2.75,True,True,True,0.28125,1.0
M1:879:6,879,M1,6,primary_semantic_capture,6,5,2.046875,True,True,True,0.3125,1.0
M1:879:7,879,M1,7,primary_semantic_capture,22,21,2.734375,True,True,True,0.25,1.0
M1:880:5,880,M1,5,primary_semantic_capture,5,4,3.9473684210526314,True,True,True,0.3157894736842105,1.0
M1:882:1,882,M1,1,primary_semantic_capture,10,9,1.7027027027027026,True,True,True,0.13513513513513514,1.0
M1:882:1,882,M1,1,legacy_aligned_capture,10,9,1.7027027027027026,True,True,True,0.13513513513513514,1.0
M1:882:2,882,M1,2,primary_semantic_capture,20,19,2.324324324324324,True,True,True,0.05405405405405406,1.0
M1:882:3,882,M1,3,primary_semantic_capture,42,41,3.2972972972972974,True,True,True,0.13513513513513514,1.0
M1:882:4,882,M1,4,primary_semantic_capture,33,32,3.054054054054054,True,True,True,0.08108108108108109,1.0
M1:882:5,882,M1,5,primary_semantic_capture,8,7,2.27027027027027,True,True,True,0.1891891891891892,1.0
M1:882:5,882,M1,5,legacy_aligned_capture,8,7,2.27027027027027,True,True,True,0.1891891891891892,1.0
M1:882:7,882,M1,7,primary_semantic_capture,22,21,2.3783783783783785,True,True,True,0.16216216216216217,1.0
M1:882:7,882,M1,7,legacy_aligned_capture,22,21,2.3783783783783785,True,True,True,0.16216216216216217,1.0
M1:885:1,885,M1,1,primary_semantic_capture,3,2,1.6229508196721312,True,True,True,0.16393442622950818,1.0
M1:885:3,885,M1,3,primary_semantic_capture,11,10,1.1147540983606556,True,False,True,0.26229508196721313,1.0
M1:885:5,885,M1,5,primary_semantic_capture,8,7,1.4098360655737705,True,True,True,0.2459016393442623,1.0
M1:885:5,885,M1,5,legacy_aligned_capture,8,7,1.4098360655737705,True,True,True,0.2459016393442623,1.0
M1:886:0,886,M1,0,primary_semantic_capture,1,0,2.075,True,True,True,0.475,1.0
M1:886:0,886,M1,0,legacy_aligned_capture,1,0,2.075,True,True,True,0.475,1.0
M1:886:1,886,M1,1,primary_semantic_capture,25,24,2.55,True,True,True,0.45,1.0
M1:886:2,886,M1,2,primary_semantic_capture,10,9,2.675,True,True,True,0.425,1.0
M1:886:3,886,M1,3,primary_semantic_capture,39,38,2.7,True,True,True,0.4,1.0
M1:886:4,886,M1,4,primary_semantic_capture,2,1,0.775,False,False,True,0.375,1.0
M1:886:5,886,M1,5,primary_semantic_capture,6,5,2.725,True,True,True,0.35,1.0
M1:886:7,886,M1,7,primary_semantic_capture,26,25,2.275,True,True,True,0.5,1.0
M1:887:0,887,M1,0,primary_semantic_capture,2,1,1.3454545454545455,True,True,,0.0,nan
M1:887:1,887,M1,1,primary_semantic_capture,17,16,1.8727272727272728,True,True,True,0.07272727272727272,1.0
M1:887:2,887,M1,2,primary_semantic_capture,14,13,2.963636363636364,True,True,True,0.12727272727272726,1.0
M1:887:3,887,M1,3,primary_semantic_capture,2,1,0.9818181818181818,False,False,True,0.03636363636363636,1.0
M1:887:4,887,M1,4,primary_semantic_capture,14,13,1.981818181818182,True,True,True,0.05454545454545454,1.0
M1:887:5,887,M1,5,primary_semantic_capture,2,1,2.1272727272727274,True,True,True,0.01818181818181818,1.0
M1:887:6,887,M1,6,primary_semantic_capture,3,2,1.5454545454545454,True,True,True,0.09090909090909091,1.0
M1:887:7,887,M1,7,primary_semantic_capture,126,125,5.5636363636363635,True,True,True,0.09090909090909091,1.0
M1:888:0,888,M1,0,primary_semantic_capture,10,9,1.5365853658536586,True,True,True,0.2804878048780488,1.0
M1:888:1,888,M1,1,primary_semantic_capture,16,15,2.0365853658536586,True,True,True,0.2073170731707317,1.0
M1:888:2,888,M1,2,primary_semantic_capture,1,0,1.146341463414634,True,False,True,0.12195121951219512,1.0
M1:888:2,888,M1,2,legacy_aligned_capture,1,0,1.146341463414634,True,False,True,0.12195121951219512,1.0
M1:888:3,888,M1,3,primary_semantic_capture,4,3,1.170731707317073,True,False,False,0.21951219512195122,0.9
M1:888:4,888,M1,4,primary_semantic_capture,5,4,1.7317073170731707,True,True,True,0.23170731707317074,1.0
M1:888:4,888,M1,4,legacy_aligned_capture,5,4,1.7317073170731707,True,True,True,0.23170731707317074,1.0
M1:888:6,888,M1,6,primary_semantic_capture,6,5,1.8170731707317074,True,True,True,0.2073170731707317,1.0
M1:888:7,888,M1,7,primary_semantic_capture,3,2,1.2439024390243902,True,False,True,0.2926829268292683,1.0
M1:889:0,889,M1,0,primary_semantic_capture,1,0,1.75,True,True,True,0.35714285714285715,1.0
M1:889:1,889,M1,1,primary_semantic_capture,1,0,1.2142857142857142,True,False,True,0.2857142857142857,1.0
M1:889:3,889,M1,3,primary_semantic_capture,34,33,2.642857142857143,True,True,True,0.21428571428571427,1.0
M1:889:4,889,M1,4,primary_semantic_capture,2,1,3.3214285714285716,True,True,True,0.32142857142857145,1.0
M1:889:5,889,M1,5,primary_semantic_capture,10,9,1.8571428571428572,True,True,True,0.25,1.0
M1:889:7,889,M1,7,primary_semantic_capture,16,15,1.25,True,True,True,0.39285714285714285,1.0
M1:890:0,890,M1,0,primary_semantic_capture,14,13,3.590909090909091,True,True,True,0.6363636363636364,1.0
M1:890:6,890,M1,6,primary_semantic_capture,10,9,2.4242424242424243,True,True,True,0.48484848484848486,1.0
M1:891:0,891,M1,0,primary_semantic_capture,27,26,1.1829268292682926,True,False,True,0.2804878048780488,1.0
M1:891:1,891,M1,1,primary_semantic_capture,2,1,0.8292682926829268,False,False,True,0.25609756097560976,1.0
M1:891:3,891,M1,3,primary_semantic_capture,5,4,1.1951219512195121,True,False,True,0.2682926829268293,1.0
M1:891:5,891,M1,5,primary_semantic_capture,12,11,1.1219512195121952,True,False,True,0.2682926829268293,1.0
M1:892:1,892,M1,1,primary_semantic_capture,6,5,4.371428571428571,True,True,True,0.4,1.0
M1:894:0,894,M1,0,primary_semantic_capture,6,5,2.135593220338983,True,True,True,0.2542372881355932,1.0
M1:894:1,894,M1,1,primary_semantic_capture,1,0,1.8135593220338984,True,True,True,0.2542372881355932,1.0
M1:894:1,894,M1,1,legacy_aligned_capture,2,1,1.8305084745762712,True,True,True,0.2542372881355932,1.0
M1:894:3,894,M1,3,primary_semantic_capture,5,4,1.305084745762712,True,True,True,0.3389830508474576,1.0
M1:894:4,894,M1,4,primary_semantic_capture,12,11,2.169491525423729,True,True,True,0.3220338983050847,1.0
M1:894:5,894,M1,5,primary_semantic_capture,6,5,1.8305084745762712,True,True,True,0.3220338983050847,1.0
M1:894:6,894,M1,6,primary_semantic_capture,5,4,1.4406779661016949,True,True,True,0.288135593220339,1.0
M1:894:6,894,M1,6,legacy_aligned_capture,5,4,1.4406779661016949,True,True,True,0.288135593220339,1.0
M1:894:7,894,M1,7,primary_semantic_capture,14,13,1.4576271186440677,True,True,True,0.2711864406779661,1.0
M1:895:6,895,M1,6,primary_semantic_capture,19,18,1.4393939393939394,True,True,True,0.4696969696969697,1.0
M1:896:0,896,M1,0,primary_semantic_capture,19,18,1.1797752808988764,True,False,True,0.1348314606741573,1.0
M1:896:1,896,M1,1,primary_semantic_capture,6,5,0.3707865168539326,False,False,True,0.07865168539325842,1.0
M1:896:2,896,M1,2,primary_semantic_capture,18,17,0.8202247191011236,False,False,True,0.16853932584269662,1.0
M1:896:3,896,M1,3,primary_semantic_capture,13,12,0.33707865168539325,False,False,True,0.056179775280898875,1.0
M1:896:4,896,M1,4,primary_semantic_capture,9,8,0.5617977528089888,False,False,True,0.07865168539325842,1.0
M1:896:5,896,M1,5,primary_semantic_capture,8,7,0.7303370786516854,False,False,True,0.1348314606741573,1.0
M1:896:6,896,M1,6,primary_semantic_capture,5,4,0.5842696629213483,False,False,True,0.16853932584269662,1.0
M1:896:7,896,M1,7,primary_semantic_capture,13,12,0.6067415730337079,False,False,True,0.0898876404494382,1.0
M1:896:7,896,M1,7,legacy_aligned_capture,13,12,0.6067415730337079,False,False,True,0.0898876404494382,1.0
M1:897:0,897,M1,0,primary_semantic_capture,17,16,4.092592592592593,True,True,True,0.2777777777777778,1.0
M1:897:3,897,M1,3,primary_semantic_capture,18,17,1.7222222222222223,True,True,True,0.16666666666666666,1.0
M1:897:4,897,M1,4,primary_semantic_capture,16,15,1.5555555555555556,True,True,True,0.24074074074074073,1.0
M1:897:4,897,M1,4,legacy_aligned_capture,16,15,1.5555555555555556,True,True,True,0.24074074074074073,1.0
M1:897:5,897,M1,5,primary_semantic_capture,19,18,1.8148148148148149,True,True,True,0.18518518518518517,1.0
M1:897:6,897,M1,6,primary_semantic_capture,5,4,1.2222222222222223,True,False,True,0.18518518518518517,1.0
M1:897:6,897,M1,6,legacy_aligned_capture,5,4,1.2222222222222223,True,False,True,0.18518518518518517,1.0
M1:897:7,897,M1,7,primary_semantic_capture,18,17,1.6666666666666667,True,True,True,0.2222222222222222,1.0
M1:898:0,898,M1,0,primary_semantic_capture,1,0,1.5945945945945945,True,True,True,0.1891891891891892,1.0
M1:898:0,898,M1,0,legacy_aligned_capture,1,0,1.5945945945945945,True,True,True,0.1891891891891892,1.0
M1:898:2,898,M1,2,primary_semantic_capture,1,0,2.3783783783783785,True,True,True,0.5675675675675675,1.0
M1:898:4,898,M1,4,primary_semantic_capture,1,0,2.7837837837837838,True,True,True,0.16216216216216217,1.0
M1:898:7,898,M1,7,primary_semantic_capture,10,9,1.8918918918918919,True,True,True,0.1891891891891892,1.0
M1:899:4,899,M1,4,primary_semantic_capture,22,21,2.073170731707317,True,True,True,0.4634146341463415,1.0
M1:899:6,899,M1,6,primary_semantic_capture,3,2,1.5853658536585367,True,True,True,0.5609756097560976,1.0
M1:899:6,899,M1,6,legacy_aligned_capture,3,2,1.5853658536585367,True,True,True,0.5609756097560976,1.0
M1:900:0,900,M1,0,primary_semantic_capture,15,14,2.511111111111111,True,True,True,0.37777777777777777,1.0
M1:900:2,900,M1,2,primary_semantic_capture,4,3,1.4444444444444444,True,True,True,0.15555555555555556,1.0
M1:900:2,900,M1,2,legacy_aligned_capture,4,3,1.4444444444444444,True,True,True,0.15555555555555556,1.0
M1:900:5,900,M1,5,primary_semantic_capture,35,34,3.4444444444444446,True,True,True,0.1111111111111111,1.0
M1:900:6,900,M1,6,primary_semantic_capture,5,4,2.3777777777777778,True,True,True,0.35555555555555557,1.0
M1:901:6,901,M1,6,primary_semantic_capture,16,15,1.2608695652173914,True,True,True,0.14492753623188406,1.0
M1:901:7,901,M1,7,primary_semantic_capture,18,17,1.9565217391304348,True,True,True,0.13043478260869565,1.0
M1:902:0,902,M1,0,primary_semantic_capture,13,12,2.2244897959183674,True,True,True,0.10204081632653061,1.0
M1:902:1,902,M1,1,primary_semantic_capture,1,0,1.183673469387755,True,False,True,0.14285714285714285,1.0
M1:902:3,902,M1,3,primary_semantic_capture,34,33,1.530612244897959,True,True,True,0.10204081632653061,1.0
M1:902:5,902,M1,5,primary_semantic_capture,18,17,3.877551020408163,True,True,True,0.24489795918367346,1.0
M1:903:2,903,M1,2,primary_semantic_capture,5,4,1.289855072463768,True,True,True,0.6521739130434783,1.0
M1:904:4,904,M1,4,primary_semantic_capture,17,16,4.2631578947368425,True,True,True,0.47368421052631576,1.0
M1:905:0,905,M1,0,primary_semantic_capture,11,10,1.681159420289855,True,True,True,0.5072463768115942,1.0
M1:905:1,905,M1,1,primary_semantic_capture,2,1,0.8840579710144928,False,False,True,0.30434782608695654,1.0
M1:905:3,905,M1,3,primary_semantic_capture,9,8,1.6231884057971016,True,True,True,0.2753623188405797,1.0
M1:905:5,905,M1,5,primary_semantic_capture,28,27,1.434782608695652,True,True,True,0.18840579710144928,1.0
M1:905:5,905,M1,5,legacy_aligned_capture,28,27,1.434782608695652,True,True,True,0.18840579710144928,1.0
M1:906:0,906,M1,0,primary_semantic_capture,14,13,2.1666666666666665,True,True,True,0.43333333333333335,1.0
M1:906:1,906,M1,1,primary_semantic_capture,22,21,2.6,True,True,True,0.3333333333333333,1.0
M1:906:2,906,M1,2,primary_semantic_capture,3,2,1.9333333333333333,True,True,True,0.5333333333333333,1.0
M1:906:2,906,M1,2,legacy_aligned_capture,3,2,1.9333333333333333,True,True,True,0.5333333333333333,1.0
M1:906:3,906,M1,3,primary_semantic_capture,6,5,3.8333333333333335,True,True,True,0.4,1.0
M1:906:3,906,M1,3,legacy_aligned_capture,6,5,3.8333333333333335,True,True,True,0.4,1.0
M1:906:4,906,M1,4,primary_semantic_capture,34,33,4.733333333333333,True,True,True,0.5,1.0
M1:906:6,906,M1,6,primary_semantic_capture,6,5,3.6333333333333333,True,True,True,0.43333333333333335,1.0
M1:906:7,906,M1,7,primary_semantic_capture,6,5,2.6,True,True,True,0.4,1.0
M1:907:0,907,M1,0,primary_semantic_capture,7,6,0.8214285714285714,False,False,True,0.47619047619047616,1.0
M1:907:2,907,M1,2,primary_semantic_capture,2,1,0.9404761904761905,False,False,True,0.5238095238095238,1.0
M1:908:5,908,M1,5,primary_semantic_capture,3,2,2.9310344827586206,True,True,True,0.3448275862068966,1.0
M1:910:0,910,M1,0,primary_semantic_capture,3,2,1.631578947368421,True,True,True,0.2982456140350877,1.0
M1:910:1,910,M1,1,primary_semantic_capture,2,1,1.0701754385964912,True,False,True,0.3157894736842105,1.0
M1:911:3,911,M1,3,primary_semantic_capture,2,1,1.2424242424242424,True,False,False,0.3939393939393939,0.8125
M1:911:3,911,M1,3,legacy_aligned_capture,12,11,4.151515151515151,True,True,True,0.48484848484848486,1.0
M1:911:5,911,M1,5,primary_semantic_capture,49,48,2.9696969696969697,True,True,True,0.21212121212121213,1.0
M1:911:7,911,M1,7,primary_semantic_capture,2,1,1.878787878787879,True,True,True,0.45454545454545453,1.0
M1:914:0,914,M1,0,primary_semantic_capture,3,2,2.0476190476190474,True,True,True,0.047619047619047616,1.0
M1:914:3,914,M1,3,primary_semantic_capture,3,2,2.357142857142857,True,True,,0.0,nan
M1:914:3,914,M1,3,legacy_aligned_capture,3,2,2.357142857142857,True,True,,0.0,nan
M1:914:4,914,M1,4,primary_semantic_capture,10,9,1.7142857142857142,True,True,True,0.07142857142857142,1.0
M1:914:4,914,M1,4,legacy_aligned_capture,10,9,1.7142857142857142,True,True,True,0.07142857142857142,1.0
M1:914:6,914,M1,6,primary_semantic_capture,6,5,2.761904761904762,True,True,True,0.2857142857142857,1.0
M1:915:0,915,M1,0,primary_semantic_capture,4,3,1.6296296296296295,True,True,True,0.25925925925925924,1.0
M1:915:0,915,M1,0,legacy_aligned_capture,4,3,1.6296296296296295,True,True,True,0.25925925925925924,1.0
M1:915:1,915,M1,1,primary_semantic_capture,6,5,1.9259259259259258,True,True,True,0.48148148148148145,1.0
M1:915:2,915,M1,2,primary_semantic_capture,25,24,2.0555555555555554,True,True,True,0.48148148148148145,1.0
M1:915:2,915,M1,2,legacy_aligned_capture,25,24,2.0555555555555554,True,True,True,0.48148148148148145,1.0
M1:915:3,915,M1,3,primary_semantic_capture,14,13,1.2222222222222223,True,False,True,0.25925925925925924,1.0
M1:915:4,915,M1,4,primary_semantic_capture,4,3,1.462962962962963,True,True,True,0.25925925925925924,1.0
M1:915:5,915,M1,5,primary_semantic_capture,1,0,0.9814814814814815,False,False,True,0.2222222222222222,1.0
M1:915:6,915,M1,6,primary_semantic_capture,32,31,2.6481481481481484,True,True,False,0.4074074074074074,0.9565217391304348
M1:915:7,915,M1,7,primary_semantic_capture,10,9,1.537037037037037,True,True,True,0.25925925925925924,1.0
M1:915:7,915,M1,7,legacy_aligned_capture,10,9,1.537037037037037,True,True,True,0.25925925925925924,1.0
M1:916:0,916,M1,0,primary_semantic_capture,6,5,0.38016528925619836,False,False,True,0.03305785123966942,1.0
M1:916:0,916,M1,0,legacy_aligned_capture,6,5,0.38016528925619836,False,False,True,0.03305785123966942,1.0
M1:916:2,916,M1,2,primary_semantic_capture,14,13,1.2066115702479339,True,False,True,0.33884297520661155,1.0
M1:916:2,916,M1,2,legacy_aligned_capture,14,13,1.2066115702479339,True,False,True,0.33884297520661155,1.0
M1:916:3,916,M1,3,primary_semantic_capture,1,0,0.7933884297520661,False,False,True,0.15702479338842976,1.0
M1:916:4,916,M1,4,primary_semantic_capture,6,5,0.71900826446281,False,False,True,0.09090909090909091,1.0
M1:916:5,916,M1,5,primary_semantic_capture,15,14,0.49586776859504134,False,False,True,0.05785123966942149,1.0
M1:916:6,916,M1,6,primary_semantic_capture,10,9,1.0909090909090908,True,False,True,0.24793388429752067,1.0
M1:916:7,916,M1,7,primary_semantic_capture,11,10,0.8760330578512396,False,False,True,0.1652892561983471,1.0
M1:917:0,917,M1,0,primary_semantic_capture,8,7,1.1829268292682926,True,False,True,0.4024390243902439,1.0
M1:917:1,917,M1,1,primary_semantic_capture,21,20,1.475609756097561,True,True,True,0.45121951219512196,1.0
M1:917:2,917,M1,2,primary_semantic_capture,6,5,1.5731707317073171,True,True,True,0.2804878048780488,1.0
M1:917:4,917,M1,4,primary_semantic_capture,31,30,1.4024390243902438,True,True,True,0.4146341463414634,1.0
M1:917:6,917,M1,6,primary_semantic_capture,12,11,2.0365853658536586,True,True,True,0.4878048780487805,1.0
M1:917:7,917,M1,7,primary_semantic_capture,17,16,1.7804878048780488,True,True,True,0.34146341463414637,1.0
M1:917:7,917,M1,7,legacy_aligned_capture,17,16,1.7804878048780488,True,True,True,0.34146341463414637,1.0
M1:918:0,918,M1,0,primary_semantic_capture,6,5,0.7571428571428571,False,False,True,0.05714285714285714,1.0
M1:918:0,918,M1,0,legacy_aligned_capture,6,5,0.7571428571428571,False,False,True,0.05714285714285714,1.0
M1:918:2,918,M1,2,primary_semantic_capture,6,5,1.6142857142857143,True,True,True,0.1,1.0
M1:918:3,918,M1,3,primary_semantic_capture,44,43,2.4571428571428573,True,True,True,0.07142857142857142,1.0
M1:918:4,918,M1,4,primary_semantic_capture,9,8,2.757142857142857,True,True,True,0.07142857142857142,1.0
M1:918:5,918,M1,5,primary_semantic_capture,4,3,1.0857142857142856,True,False,True,0.07142857142857142,1.0
M1:918:6,918,M1,6,primary_semantic_capture,11,10,1.3571428571428572,True,True,False,0.05714285714285714,0.8
M1:918:7,918,M1,7,primary_semantic_capture,12,11,1.3,True,True,True,0.08571428571428572,1.0
M1:920:0,920,M1,0,primary_semantic_capture,5,4,1.6785714285714286,True,True,True,0.3392857142857143,1.0
M1:920:2,920,M1,2,primary_semantic_capture,4,3,1.125,True,False,True,0.39285714285714285,1.0
M1:920:2,920,M1,2,legacy_aligned_capture,4,3,1.125,True,False,True,0.39285714285714285,1.0
M1:920:5,920,M1,5,primary_semantic_capture,1,0,1.3214285714285714,True,True,True,0.30357142857142855,1.0
M1:921:0,921,M1,0,primary_semantic_capture,8,7,1.3508771929824561,True,True,True,0.3157894736842105,1.0
M1:921:1,921,M1,1,primary_semantic_capture,6,5,1.456140350877193,True,True,True,0.24561403508771928,1.0
M1:921:1,921,M1,1,legacy_aligned_capture,7,6,1.4736842105263157,True,True,True,0.24561403508771928,1.0
M1:923:2,923,M1,2,primary_semantic_capture,8,7,1.088235294117647,True,False,True,0.5147058823529411,1.0
M1:925:0,925,M1,0,primary_semantic_capture,11,10,1.0408163265306123,True,False,True,0.2653061224489796,1.0
M1:925:2,925,M1,2,primary_semantic_capture,2,1,2.836734693877551,True,True,True,0.22448979591836735,1.0
M1:925:5,925,M1,5,primary_semantic_capture,2,1,1.5714285714285714,True,True,True,0.24489795918367346,1.0
M1:925:6,925,M1,6,primary_semantic_capture,5,4,2.2857142857142856,True,True,True,0.2857142857142857,1.0
M1:925:7,925,M1,7,primary_semantic_capture,9,8,3.061224489795918,True,True,True,0.22448979591836735,1.0
M1:926:0,926,M1,0,primary_semantic_capture,9,8,0.9081632653061225,False,False,True,0.15306122448979592,1.0
M1:926:0,926,M1,0,legacy_aligned_capture,9,8,0.9081632653061225,False,False,True,0.15306122448979592,1.0
M1:926:1,926,M1,1,primary_semantic_capture,23,22,0.7755102040816326,False,False,True,0.10204081632653061,1.0
M1:926:1,926,M1,1,legacy_aligned_capture,23,22,0.7755102040816326,False,False,True,0.10204081632653061,1.0
M1:926:2,926,M1,2,primary_semantic_capture,1,0,0.9795918367346939,False,False,True,0.07142857142857142,1.0
M1:926:3,926,M1,3,primary_semantic_capture,20,19,1.163265306122449,True,False,True,0.1326530612244898,1.0
M1:926:4,926,M1,4,primary_semantic_capture,24,23,1.0816326530612246,True,False,True,0.15306122448979592,1.0
M1:926:5,926,M1,5,primary_semantic_capture,11,10,1.0408163265306123,True,False,True,0.2755102040816326,1.0
M1:926:5,926,M1,5,legacy_aligned_capture,11,10,1.0408163265306123,True,False,True,0.2755102040816326,1.0
M1:926:6,926,M1,6,primary_semantic_capture,20,19,0.9081632653061225,False,False,True,0.12244897959183673,1.0
M1:926:7,926,M1,7,primary_semantic_capture,18,17,1.030612244897959,True,False,True,0.12244897959183673,1.0
M1:927:5,927,M1,5,primary_semantic_capture,5,4,20.0,True,True,True,0.2,1.0
M1:927:6,927,M1,6,primary_semantic_capture,4,3,41.4,True,True,True,0.4,1.0
M1:928:0,928,M1,0,primary_semantic_capture,3,2,1.2195121951219512,True,False,True,0.45121951219512196,1.0
M1:929:0,929,M1,0,primary_semantic_capture,12,11,1.9795918367346939,True,True,True,0.42857142857142855,1.0
M1:929:1,929,M1,1,primary_semantic_capture,3,2,2.0408163265306123,True,True,True,0.3469387755102041,1.0
M1:929:1,929,M1,1,legacy_aligned_capture,3,2,2.0408163265306123,True,True,True,0.3469387755102041,1.0
M1:929:3,929,M1,3,primary_semantic_capture,7,6,1.7755102040816326,True,True,True,0.32653061224489793,1.0
M1:929:6,929,M1,6,primary_semantic_capture,13,12,1.8775510204081634,True,True,True,0.42857142857142855,1.0
M1:929:7,929,M1,7,primary_semantic_capture,12,11,1.0408163265306123,True,False,True,0.2857142857142857,1.0
M1:932:0,932,M1,0,primary_semantic_capture,55,54,1.7567567567567568,True,True,True,0.5405405405405406,1.0
M1:932:2,932,M1,2,primary_semantic_capture,26,25,1.3513513513513513,True,True,True,0.34234234234234234,1.0
M1:932:3,932,M1,3,primary_semantic_capture,5,4,1.4954954954954955,True,True,True,0.5315315315315315,1.0
M1:932:4,932,M1,4,primary_semantic_capture,12,11,1.6666666666666667,True,True,True,0.6036036036036037,1.0
M1:934:2,934,M1,2,primary_semantic_capture,6,5,3.263157894736842,True,True,True,0.3684210526315789,1.0
M1:934:2,934,M1,2,legacy_aligned_capture,6,5,3.263157894736842,True,True,True,0.3684210526315789,1.0
M1:934:6,934,M1,6,primary_semantic_capture,28,27,1.9473684210526316,True,True,True,0.21052631578947367,1.0
M1:934:7,934,M1,7,primary_semantic_capture,4,3,1.236842105263158,True,False,True,0.2631578947368421,1.0
M1:934:7,934,M1,7,legacy_aligned_capture,5,4,1.263157894736842,True,True,True,0.2631578947368421,1.0
M1:935:0,935,M1,0,primary_semantic_capture,13,12,4.275862068965517,True,True,True,0.10344827586206896,1.0
M1:935:1,935,M1,1,primary_semantic_capture,5,4,4.137931034482759,True,True,True,0.10344827586206896,1.0
M1:935:2,935,M1,2,primary_semantic_capture,20,19,4.068965517241379,True,True,True,0.1724137931034483,1.0
M1:935:3,935,M1,3,primary_semantic_capture,5,4,4.241379310344827,True,True,True,0.10344827586206896,1.0
M1:935:3,935,M1,3,legacy_aligned_capture,5,4,4.241379310344827,True,True,True,0.10344827586206896,1.0
M1:935:4,935,M1,4,primary_semantic_capture,13,12,5.068965517241379,True,True,True,0.10344827586206896,1.0
M1:935:5,935,M1,5,primary_semantic_capture,11,10,4.103448275862069,True,True,True,0.27586206896551724,1.0
M1:935:6,935,M1,6,primary_semantic_capture,10,9,2.7586206896551726,True,True,True,0.1724137931034483,1.0
M1:935:7,935,M1,7,primary_semantic_capture,7,6,1.8620689655172413,True,True,True,0.06896551724137931,1.0
M1:936:1,936,M1,1,primary_semantic_capture,6,5,2.0,True,True,True,0.043478260869565216,1.0
M1:938:0,938,M1,0,primary_semantic_capture,27,26,2.3703703703703702,True,True,True,0.13580246913580246,1.0
M1:938:0,938,M1,0,legacy_aligned_capture,27,26,2.3703703703703702,True,True,True,0.13580246913580246,1.0
M1:938:1,938,M1,1,primary_semantic_capture,10,9,1.3950617283950617,True,True,True,0.3950617283950617,1.0
M1:938:3,938,M1,3,primary_semantic_capture,17,16,2.4444444444444446,True,True,True,0.25925925925925924,1.0
M1:938:5,938,M1,5,primary_semantic_capture,22,21,2.0987654320987654,True,True,True,0.3333333333333333,1.0
M1:939:1,939,M1,1,primary_semantic_capture,5,4,1.1733333333333333,True,False,True,0.4533333333333333,1.0
M1:940:0,940,M1,0,primary_semantic_capture,6,5,1.2830188679245282,True,True,True,0.6226415094339622,1.0
M1:940:2,940,M1,2,primary_semantic_capture,12,11,1.490566037735849,True,True,True,0.5849056603773585,1.0
M1:940:5,940,M1,5,primary_semantic_capture,9,8,1.6415094339622642,True,True,True,0.6226415094339622,1.0
M1:941:1,941,M1,1,primary_semantic_capture,27,26,2.557377049180328,True,True,True,0.6885245901639344,1.0
M1:942:0,942,M1,0,primary_semantic_capture,12,11,3.0285714285714285,True,True,True,0.14285714285714285,1.0
M1:942:1,942,M1,1,primary_semantic_capture,16,15,3.3714285714285714,True,True,True,0.02857142857142857,1.0
M1:942:2,942,M1,2,primary_semantic_capture,3,2,2.5428571428571427,True,True,True,0.02857142857142857,1.0
M1:942:3,942,M1,3,primary_semantic_capture,2,1,2.4857142857142858,True,True,True,0.17142857142857143,1.0
M1:942:3,942,M1,3,legacy_aligned_capture,2,1,2.4857142857142858,True,True,True,0.17142857142857143,1.0
M1:942:4,942,M1,4,primary_semantic_capture,1,0,5.571428571428571,True,True,True,0.11428571428571428,1.0
M1:942:5,942,M1,5,primary_semantic_capture,4,3,1.2571428571428571,True,True,False,0.11428571428571428,0.4444444444444444
M1:942:6,942,M1,6,primary_semantic_capture,13,12,2.085714285714286,True,True,True,0.2571428571428571,1.0
M1:942:7,942,M1,7,primary_semantic_capture,3,2,0.9142857142857143,False,False,True,0.02857142857142857,1.0
M1:943:0,943,M1,0,primary_semantic_capture,2,1,1.3157894736842106,True,True,True,0.5087719298245614,1.0
M1:943:6,943,M1,6,primary_semantic_capture,2,1,1.456140350877193,True,True,True,0.5087719298245614,1.0
M1:945:3,945,M1,3,primary_semantic_capture,28,27,1.5862068965517242,True,True,True,0.15517241379310345,1.0
M1:945:4,945,M1,4,primary_semantic_capture,20,19,0.9827586206896551,False,False,True,0.1724137931034483,1.0
M1:945:6,945,M1,6,primary_semantic_capture,2,1,1.7586206896551724,True,True,True,0.20689655172413793,1.0
M1:945:6,945,M1,6,legacy_aligned_capture,2,1,1.7586206896551724,True,True,True,0.20689655172413793,1.0
M1:945:7,945,M1,7,primary_semantic_capture,22,21,0.8103448275862069,False,False,True,0.22413793103448276,1.0
M1:946:0,946,M1,0,primary_semantic_capture,19,18,2.021276595744681,True,True,True,0.23404255319148937,1.0
M1:946:1,946,M1,1,primary_semantic_capture,4,3,1.5106382978723405,True,True,True,0.2553191489361702,1.0
M1:946:1,946,M1,1,legacy_aligned_capture,4,3,1.5106382978723405,True,True,True,0.2553191489361702,1.0
M1:946:4,946,M1,4,primary_semantic_capture,2,1,1.446808510638298,True,True,True,0.23404255319148937,1.0
M1:946:6,946,M1,6,primary_semantic_capture,16,15,1.6170212765957446,True,True,True,0.23404255319148937,1.0
M1:946:7,946,M1,7,primary_semantic_capture,6,5,1.4680851063829787,True,True,True,0.14893617021276595,1.0
M1:947:1,947,M1,1,primary_semantic_capture,3,2,1.1369863013698631,True,False,True,0.3150684931506849,1.0
M1:947:1,947,M1,1,legacy_aligned_capture,3,2,1.1369863013698631,True,False,True,0.3150684931506849,1.0
M1:947:7,947,M1,7,primary_semantic_capture,15,14,0.863013698630137,False,False,True,0.3013698630136986,1.0
M1:947:7,947,M1,7,legacy_aligned_capture,15,14,0.863013698630137,False,False,True,0.3013698630136986,1.0
M1:948:3,948,M1,3,primary_semantic_capture,70,69,1.8,True,True,True,0.3473684210526316,1.0
M1:948:5,948,M1,5,primary_semantic_capture,27,26,1.0736842105263158,True,False,True,0.4421052631578947,1.0
M1:948:6,948,M1,6,primary_semantic_capture,26,25,1.2210526315789474,True,False,True,0.5368421052631579,1.0
M1:948:7,948,M1,7,primary_semantic_capture,67,66,1.5578947368421052,True,True,True,0.23157894736842105,1.0
M1:949:0,949,M1,0,primary_semantic_capture,12,11,1.0615384615384615,True,False,True,0.12307692307692308,1.0
M1:949:1,949,M1,1,primary_semantic_capture,6,5,1.523076923076923,True,True,True,0.1076923076923077,1.0
M1:949:2,949,M1,2,primary_semantic_capture,42,41,2.0923076923076924,True,True,True,0.1076923076923077,1.0
M1:949:3,949,M1,3,primary_semantic_capture,67,66,2.1076923076923078,True,True,True,0.12307692307692308,1.0
M1:949:4,949,M1,4,primary_semantic_capture,30,29,1.3384615384615384,True,True,True,0.07692307692307693,1.0
M1:949:5,949,M1,5,primary_semantic_capture,7,6,1.0461538461538462,True,False,True,0.12307692307692308,1.0
M1:949:6,949,M1,6,primary_semantic_capture,16,15,1.4307692307692308,True,True,True,0.2153846153846154,1.0
M1:949:7,949,M1,7,primary_semantic_capture,25,24,1.4615384615384615,True,True,True,0.046153846153846156,1.0
M1:950:5,950,M1,5,primary_semantic_capture,6,5,1.0,True,False,True,0.49523809523809526,1.0
M1:951:0,951,M1,0,primary_semantic_capture,24,23,2.7142857142857144,True,True,True,0.5357142857142857,1.0
M1:951:0,951,M1,0,legacy_aligned_capture,24,23,2.7142857142857144,True,True,True,0.5357142857142857,1.0
M1:951:1,951,M1,1,primary_semantic_capture,5,4,2.357142857142857,True,True,True,0.25,1.0
M1:951:4,951,M1,4,primary_semantic_capture,6,5,2.5,True,True,True,0.5714285714285714,1.0
M1:951:6,951,M1,6,primary_semantic_capture,6,5,3.75,True,True,True,0.5714285714285714,1.0
M1:951:7,951,M1,7,primary_semantic_capture,8,7,2.0,True,True,True,0.6071428571428571,1.0
M1:951:7,951,M1,7,legacy_aligned_capture,8,7,2.0,True,True,True,0.6071428571428571,1.0
M1:952:0,952,M1,0,primary_semantic_capture,6,5,1.9142857142857144,True,True,True,0.17142857142857143,1.0
M1:952:1,952,M1,1,primary_semantic_capture,11,10,2.5428571428571427,True,True,True,0.2857142857142857,1.0
M1:952:2,952,M1,2,primary_semantic_capture,2,1,0.8285714285714286,False,False,True,0.05714285714285714,1.0
M1:952:3,952,M1,3,primary_semantic_capture,19,18,3.257142857142857,True,True,True,0.22857142857142856,1.0
M1:952:3,952,M1,3,legacy_aligned_capture,19,18,3.257142857142857,True,True,True,0.22857142857142856,1.0
M1:952:4,952,M1,4,primary_semantic_capture,2,1,0.6285714285714286,False,False,True,0.02857142857142857,1.0
M1:952:6,952,M1,6,primary_semantic_capture,1,0,0.9428571428571428,False,False,True,0.02857142857142857,1.0
M1:952:7,952,M1,7,primary_semantic_capture,18,17,2.5142857142857142,True,True,True,0.2,1.0
M1:953:2,953,M1,2,primary_semantic_capture,6,5,2.034090909090909,True,True,True,0.19318181818181818,1.0
M1:953:2,953,M1,2,legacy_aligned_capture,6,5,2.034090909090909,True,True,True,0.19318181818181818,1.0
M1:953:4,953,M1,4,primary_semantic_capture,6,5,0.875,False,False,True,0.06818181818181818,1.0
M1:953:4,953,M1,4,legacy_aligned_capture,8,7,0.8977272727272727,False,False,True,0.06818181818181818,1.0
M1:953:5,953,M1,5,primary_semantic_capture,32,31,1.2954545454545454,True,True,True,0.17045454545454544,1.0
M1:953:6,953,M1,6,primary_semantic_capture,3,2,1.4090909090909092,True,True,True,0.10227272727272728,1.0
M1:953:7,953,M1,7,primary_semantic_capture,22,21,1.1590909090909092,True,False,True,0.18181818181818182,1.0
M1:954:2,954,M1,2,primary_semantic_capture,47,46,1.9306930693069306,True,True,True,0.21782178217821782,1.0
M1:954:6,954,M1,6,primary_semantic_capture,17,16,1.4455445544554455,True,True,True,0.24752475247524752,1.0
M1:955:2,955,M1,2,primary_semantic_capture,34,33,3.4444444444444446,True,True,True,0.4444444444444444,1.0
M1:955:5,955,M1,5,primary_semantic_capture,20,19,5.805555555555555,True,True,True,0.5277777777777778,1.0
M1:955:7,955,M1,7,primary_semantic_capture,1,0,1.8333333333333333,True,True,True,0.3888888888888889,1.0
M1:955:7,955,M1,7,legacy_aligned_capture,1,0,1.8333333333333333,True,True,True,0.3888888888888889,1.0
M1:956:1,956,M1,1,primary_semantic_capture,3,2,4.25,True,True,True,0.6071428571428571,1.0
M1:956:4,956,M1,4,primary_semantic_capture,2,1,3.3214285714285716,True,True,True,0.4642857142857143,1.0
M1:957:3,957,M1,3,primary_semantic_capture,9,8,1.0,True,False,True,0.4230769230769231,1.0
M1:958:0,958,M1,0,primary_semantic_capture,213,212,4.45945945945946,True,True,True,0.24324324324324326,1.0
M1:958:1,958,M1,1,primary_semantic_capture,34,33,2.1486486486486487,True,True,True,0.2972972972972973,1.0
M1:958:3,958,M1,3,primary_semantic_capture,10,9,1.3513513513513513,True,True,True,0.16216216216216217,1.0
M1:958:6,958,M1,6,primary_semantic_capture,11,10,2.0945945945945947,True,True,True,0.36486486486486486,1.0
M1:960:0,960,M1,0,primary_semantic_capture,37,36,2.4878048780487805,True,True,True,0.34146341463414637,1.0
M1:961:4,961,M1,4,primary_semantic_capture,1,0,1.15,True,False,True,0.4,1.0
M1:961:4,961,M1,4,legacy_aligned_capture,1,0,1.15,True,False,True,0.4,1.0
M1:962:1,962,M1,1,primary_semantic_capture,24,23,1.1518987341772151,True,False,True,0.08860759493670886,1.0
M1:962:2,962,M1,2,primary_semantic_capture,17,16,0.9113924050632911,False,False,True,0.10126582278481013,1.0
M1:962:2,962,M1,2,legacy_aligned_capture,17,16,0.9113924050632911,False,False,True,0.10126582278481013,1.0
M1:962:3,962,M1,3,primary_semantic_capture,22,21,0.7721518987341772,False,False,True,0.0759493670886076,1.0
M1:962:4,962,M1,4,primary_semantic_capture,56,55,1.4303797468354431,True,True,True,0.13924050632911392,1.0
M1:962:7,962,M1,7,primary_semantic_capture,17,16,1.0886075949367089,True,False,True,0.08860759493670886,1.0
M1:963:5,963,M1,5,primary_semantic_capture,5,4,1.9230769230769231,True,True,True,0.38461538461538464,1.0
M1:964:5,964,M1,5,primary_semantic_capture,4,3,2.044776119402985,True,True,True,0.3582089552238806,1.0
M1:964:5,964,M1,5,legacy_aligned_capture,4,3,2.044776119402985,True,True,True,0.3582089552238806,1.0
M1:964:7,964,M1,7,primary_semantic_capture,3,2,0.8059701492537313,False,False,True,0.2835820895522388,1.0
M1:964:7,964,M1,7,legacy_aligned_capture,3,2,0.8059701492537313,False,False,True,0.2835820895522388,1.0
M1:966:5,966,M1,5,primary_semantic_capture,4,3,3.8666666666666667,True,True,True,0.5333333333333333,1.0
M1:967:0,967,M1,0,primary_semantic_capture,5,4,1.702127659574468,True,True,True,0.2553191489361702,1.0
M1:967:1,967,M1,1,primary_semantic_capture,3,2,1.2127659574468086,True,False,True,0.2553191489361702,1.0
M1:967:1,967,M1,1,legacy_aligned_capture,4,3,1.2340425531914894,True,False,True,0.2553191489361702,1.0
M1:967:3,967,M1,3,primary_semantic_capture,3,2,0.9361702127659575,False,False,False,0.2978723404255319,0.45161290322580644
M1:967:6,967,M1,6,primary_semantic_capture,11,10,2.276595744680851,True,True,True,0.2765957446808511,1.0
M1:967:6,967,M1,6,legacy_aligned_capture,11,10,2.276595744680851,True,True,True,0.2765957446808511,1.0
M1:970:0,970,M1,0,primary_semantic_capture,5,4,1.2325581395348837,True,False,True,0.20930232558139536,1.0
M1:970:2,970,M1,2,primary_semantic_capture,6,5,1.3604651162790697,True,True,True,0.2441860465116279,1.0
M1:970:3,970,M1,3,primary_semantic_capture,14,13,1.1744186046511629,True,False,True,0.12790697674418605,1.0
M1:970:4,970,M1,4,primary_semantic_capture,5,4,1.0,True,False,True,0.23255813953488372,1.0
M1:970:5,970,M1,5,primary_semantic_capture,21,20,1.2674418604651163,True,True,True,0.16279069767441862,1.0
M1:970:5,970,M1,5,legacy_aligned_capture,21,20,1.2674418604651163,True,True,True,0.16279069767441862,1.0
M1:970:6,970,M1,6,primary_semantic_capture,15,14,1.069767441860465,True,False,True,0.3023255813953488,1.0
M1:971:0,971,M1,0,primary_semantic_capture,10,9,1.4594594594594594,True,True,True,0.4864864864864865,1.0
M1:971:1,971,M1,1,primary_semantic_capture,4,3,0.9054054054054054,False,False,True,0.4594594594594595,1.0
M1:971:1,971,M1,1,legacy_aligned_capture,4,3,0.9054054054054054,False,False,True,0.4594594594594595,1.0
M1:971:4,971,M1,4,primary_semantic_capture,5,4,1.0,True,False,True,0.47297297297297297,1.0
M1:971:5,971,M1,5,primary_semantic_capture,4,3,0.8513513513513513,False,False,True,0.40540540540540543,1.0
M1:971:5,971,M1,5,legacy_aligned_capture,4,3,0.8513513513513513,False,False,True,0.40540540540540543,1.0
M1:972:7,972,M1,7,primary_semantic_capture,3,2,0.9324324324324325,False,False,True,0.1891891891891892,1.0
M1:973:0,973,M1,0,primary_semantic_capture,11,10,1.323076923076923,True,True,True,0.3076923076923077,1.0
M1:973:2,973,M1,2,primary_semantic_capture,51,50,1.6076923076923078,True,True,True,0.2846153846153846,1.0
M1:973:3,973,M1,3,primary_semantic_capture,22,21,1.0076923076923077,True,False,True,0.19230769230769232,1.0
M1:974:0,974,M1,0,primary_semantic_capture,5,4,2.5306122448979593,True,True,True,0.46938775510204084,1.0
M1:974:4,974,M1,4,primary_semantic_capture,1,0,1.3061224489795917,True,True,True,0.3673469387755102,1.0
M1:975:3,975,M1,3,primary_semantic_capture,3,2,2.1315789473684212,True,True,True,0.3684210526315789,1.0
M1:975:3,975,M1,3,legacy_aligned_capture,3,2,2.1315789473684212,True,True,True,0.3684210526315789,1.0
M1:977:0,977,M1,0,primary_semantic_capture,41,40,1.7738095238095237,True,True,True,0.16666666666666666,1.0
M1:977:1,977,M1,1,primary_semantic_capture,3,2,1.2023809523809523,True,False,True,0.21428571428571427,1.0
M1:977:3,977,M1,3,primary_semantic_capture,37,36,2.380952380952381,True,True,True,0.27380952380952384,1.0
M1:977:4,977,M1,4,primary_semantic_capture,2,1,1.1547619047619047,True,False,True,0.2261904761904762,1.0
M1:977:5,977,M1,5,primary_semantic_capture,24,23,1.4523809523809523,True,True,True,0.20238095238095238,1.0
M1:977:7,977,M1,7,primary_semantic_capture,12,11,1.869047619047619,True,True,True,0.2976190476190476,1.0
M1:979:1,979,M1,1,primary_semantic_capture,6,5,1.5957446808510638,True,True,True,0.5531914893617021,1.0
M1:979:4,979,M1,4,primary_semantic_capture,4,3,1.872340425531915,True,True,True,0.5957446808510638,1.0
M1:982:0,982,M1,0,primary_semantic_capture,2,1,1.9333333333333333,True,True,True,0.06666666666666667,1.0
M1:982:1,982,M1,1,primary_semantic_capture,2,1,1.9,True,True,True,0.03333333333333333,1.0
M1:982:2,982,M1,2,primary_semantic_capture,22,21,4.166666666666667,True,True,True,0.06666666666666667,1.0
M1:982:2,982,M1,2,legacy_aligned_capture,22,21,4.166666666666667,True,True,True,0.06666666666666667,1.0
M1:982:3,982,M1,3,primary_semantic_capture,7,6,2.6333333333333333,True,True,True,0.03333333333333333,1.0
M1:982:5,982,M1,5,primary_semantic_capture,25,24,3.7333333333333334,True,True,,0.0,nan
M1:982:7,982,M1,7,primary_semantic_capture,18,17,4.033333333333333,True,True,True,0.03333333333333333,1.0
M1:982:7,982,M1,7,legacy_aligned_capture,18,17,4.033333333333333,True,True,True,0.03333333333333333,1.0
M1:983:0,983,M1,0,primary_semantic_capture,7,6,2.6785714285714284,True,True,True,0.42857142857142855,1.0
M1:983:0,983,M1,0,legacy_aligned_capture,7,6,2.6785714285714284,True,True,True,0.42857142857142855,1.0
M1:983:1,983,M1,1,primary_semantic_capture,18,17,3.0714285714285716,True,True,True,0.4642857142857143,1.0
M1:983:1,983,M1,1,legacy_aligned_capture,18,17,3.0714285714285716,True,True,True,0.4642857142857143,1.0
M1:983:3,983,M1,3,primary_semantic_capture,9,8,3.5714285714285716,True,True,True,0.5,1.0
M1:983:4,983,M1,4,primary_semantic_capture,1,0,1.7857142857142858,True,True,True,0.35714285714285715,1.0
M1:983:4,983,M1,4,legacy_aligned_capture,1,0,1.7857142857142858,True,True,True,0.35714285714285715,1.0
M1:983:5,983,M1,5,primary_semantic_capture,3,2,3.0714285714285716,True,True,False,0.4642857142857143,0.8666666666666667
M1:983:6,983,M1,6,primary_semantic_capture,3,2,2.5714285714285716,True,True,True,0.35714285714285715,1.0
M1:984:3,984,M1,3,primary_semantic_capture,11,10,1.681159420289855,True,True,True,0.6376811594202898,1.0
M1:984:7,984,M1,7,primary_semantic_capture,11,10,1.565217391304348,True,True,True,0.463768115942029,1.0
M1:985:0,985,M1,0,primary_semantic_capture,17,16,1.2619047619047619,True,True,True,0.13095238095238096,1.0
M1:985:0,985,M1,0,legacy_aligned_capture,20,19,1.2976190476190477,True,True,True,0.13095238095238096,1.0
M1:985:2,985,M1,2,primary_semantic_capture,20,19,2.392857142857143,True,True,True,0.6071428571428571,1.0
M1:985:3,985,M1,3,primary_semantic_capture,17,16,1.7142857142857142,True,True,True,0.40476190476190477,1.0
M1:985:4,985,M1,4,primary_semantic_capture,23,22,1.5595238095238095,True,True,True,0.23809523809523808,1.0
M1:985:5,985,M1,5,primary_semantic_capture,26,25,2.8333333333333335,True,True,True,0.6785714285714286,1.0
M1:985:5,985,M1,5,legacy_aligned_capture,26,25,2.8333333333333335,True,True,True,0.6785714285714286,1.0
M1:985:7,985,M1,7,primary_semantic_capture,23,22,2.488095238095238,True,True,True,0.6071428571428571,1.0
M1:985:7,985,M1,7,legacy_aligned_capture,25,24,2.511904761904762,True,True,True,0.6071428571428571,1.0
M1:986:1,986,M1,1,primary_semantic_capture,18,17,2.024390243902439,True,True,True,0.43902439024390244,1.0
M1:986:3,986,M1,3,primary_semantic_capture,4,3,1.1219512195121952,True,False,True,0.4146341463414634,1.0
M1:987:2,987,M1,2,primary_semantic_capture,4,3,0.9074074074074074,False,False,True,0.5,1.0
M1:987:2,987,M1,2,legacy_aligned_capture,4,3,0.9074074074074074,False,False,True,0.5,1.0
M1:987:4,987,M1,4,primary_semantic_capture,24,23,1.8703703703703705,True,True,True,0.6111111111111112,1.0
M1:987:5,987,M1,5,primary_semantic_capture,16,15,1.4444444444444444,True,True,True,0.5370370370370371,1.0
M1:988:1,988,M1,1,primary_semantic_capture,1,0,1.425,True,True,True,0.4,1.0
M1:988:3,988,M1,3,primary_semantic_capture,2,1,4.825,True,True,True,0.3,1.0
M1:988:3,988,M1,3,legacy_aligned_capture,2,1,4.825,True,True,True,0.3,1.0
M1:988:4,988,M1,4,primary_semantic_capture,2,1,2.675,True,True,True,0.225,1.0
M1:991:3,991,M1,3,primary_semantic_capture,11,10,1.6981132075471699,True,True,True,0.5471698113207547,1.0
M1:992:0,992,M1,0,primary_semantic_capture,44,43,2.682926829268293,True,True,True,0.3170731707317073,1.0
M1:992:1,992,M1,1,primary_semantic_capture,5,4,1.1951219512195121,True,False,True,0.24390243902439024,1.0
M1:992:2,992,M1,2,primary_semantic_capture,10,9,1.6829268292682926,True,True,True,0.1951219512195122,1.0
M1:992:2,992,M1,2,legacy_aligned_capture,10,9,1.6829268292682926,True,True,True,0.1951219512195122,1.0
M1:992:4,992,M1,4,primary_semantic_capture,14,13,1.6341463414634145,True,True,True,0.17073170731707318,1.0
M1:992:5,992,M1,5,primary_semantic_capture,3,2,1.3902439024390243,True,True,True,0.21951219512195122,1.0
M1:992:7,992,M1,7,primary_semantic_capture,23,22,2.1463414634146343,True,True,True,0.1951219512195122,1.0
M1:993:1,993,M1,1,primary_semantic_capture,1,0,1.5942028985507246,True,True,True,0.43478260869565216,1.0
M1:993:4,993,M1,4,primary_semantic_capture,5,4,1.826086956521739,True,True,True,0.5072463768115942,1.0
M1:994:0,994,M1,0,primary_semantic_capture,17,16,1.8571428571428572,True,True,True,0.26785714285714285,1.0
M1:994:0,994,M1,0,legacy_aligned_capture,17,16,1.8571428571428572,True,True,True,0.26785714285714285,1.0
M1:994:1,994,M1,1,primary_semantic_capture,5,4,0.6964285714285714,False,False,True,0.17857142857142858,1.0
M1:994:1,994,M1,1,legacy_aligned_capture,5,4,0.6964285714285714,False,False,True,0.17857142857142858,1.0
M1:994:2,994,M1,2,primary_semantic_capture,26,25,1.5357142857142858,True,True,True,0.21428571428571427,1.0
M1:994:3,994,M1,3,primary_semantic_capture,3,2,1.2142857142857142,True,False,True,0.19642857142857142,1.0
M1:994:4,994,M1,4,primary_semantic_capture,3,2,1.6607142857142858,True,True,True,0.14285714285714285,1.0
M1:994:4,994,M1,4,legacy_aligned_capture,3,2,1.6607142857142858,True,True,True,0.14285714285714285,1.0
M1:994:5,994,M1,5,primary_semantic_capture,6,5,1.625,True,True,True,0.17857142857142858,1.0
M1:994:6,994,M1,6,primary_semantic_capture,3,2,0.9821428571428571,False,False,True,0.25,1.0
M1:994:7,994,M1,7,primary_semantic_capture,44,43,2.5535714285714284,True,True,True,0.125,1.0
M1:995:0,995,M1,0,primary_semantic_capture,13,12,1.4406779661016949,True,True,True,0.3898305084745763,1.0
M1:996:5,996,M1,5,primary_semantic_capture,7,6,1.9387755102040816,True,True,True,0.4489795918367347,1.0
M1:998:0,998,M1,0,primary_semantic_capture,2,1,0.8977272727272727,False,False,True,0.125,1.0
M1:998:4,998,M1,4,primary_semantic_capture,10,9,1.3863636363636365,True,True,True,0.2159090909090909,1.0
M1:998:5,998,M1,5,primary_semantic_capture,34,33,1.0909090909090908,True,False,True,0.11363636363636363,1.0
M1:998:6,998,M1,6,primary_semantic_capture,6,5,0.9545454545454546,False,False,True,0.26136363636363635,1.0
M1:998:7,998,M1,7,primary_semantic_capture,14,13,1.0113636363636365,True,False,True,0.23863636363636365,1.0
M1:1000:0,1000,M1,0,primary_semantic_capture,31,30,1.2372881355932204,True,False,True,0.4152542372881356,1.0
M1:1000:2,1000,M1,2,primary_semantic_capture,24,23,0.8050847457627118,False,False,True,0.3644067796610169,1.0
M1:1000:7,1000,M1,7,primary_semantic_capture,9,8,1.0084745762711864,True,False,False,0.0847457627118644,0.20833333333333334
M1:1004:2,1004,M1,2,primary_semantic_capture,29,28,3.892857142857143,True,True,True,0.17857142857142858,1.0
M1:1004:3,1004,M1,3,primary_semantic_capture,2,1,1.75,True,True,True,0.17857142857142858,1.0
M1:1004:3,1004,M1,3,legacy_aligned_capture,2,1,1.75,True,True,True,0.17857142857142858,1.0
M1:1004:4,1004,M1,4,primary_semantic_capture,26,25,4.107142857142857,True,True,True,0.14285714285714285,1.0
M1:1004:4,1004,M1,4,legacy_aligned_capture,36,35,4.464285714285714,True,True,True,0.14285714285714285,1.0
M1:1006:0,1006,M1,0,primary_semantic_capture,7,6,1.9454545454545455,True,True,True,0.6,1.0
M1:1006:0,1006,M1,0,legacy_aligned_capture,7,6,1.9454545454545455,True,True,True,0.6,1.0
M1:1006:1,1006,M1,1,primary_semantic_capture,23,22,2.327272727272727,True,True,True,0.5636363636363636,1.0
M1:1006:1,1006,M1,1,legacy_aligned_capture,25,24,2.3636363636363638,True,True,True,0.5636363636363636,1.0
M1:1006:2,1006,M1,2,primary_semantic_capture,2,1,1.1272727272727272,True,False,False,0.6363636363636364,0.875
M1:1006:2,1006,M1,2,legacy_aligned_capture,25,24,2.4545454545454546,True,True,True,0.7272727272727273,1.0
M1:1006:3,1006,M1,3,primary_semantic_capture,2,1,1.4,True,True,True,0.45454545454545453,1.0
M1:1006:3,1006,M1,3,legacy_aligned_capture,2,1,1.4,True,True,True,0.45454545454545453,1.0
M1:1006:5,1006,M1,5,primary_semantic_capture,5,4,1.6545454545454545,True,True,True,0.6363636363636364,1.0
M1:1007:0,1007,M1,0,primary_semantic_capture,27,26,2.1818181818181817,True,True,True,0.12727272727272726,1.0
M1:1007:1,1007,M1,1,primary_semantic_capture,5,4,1.1272727272727272,True,False,True,0.10909090909090909,1.0
M1:1007:1,1007,M1,1,legacy_aligned_capture,5,4,1.1272727272727272,True,False,True,0.10909090909090909,1.0
M1:1007:3,1007,M1,3,primary_semantic_capture,3,2,1.6545454545454545,True,True,True,0.12727272727272726,1.0
M1:1007:3,1007,M1,3,legacy_aligned_capture,4,3,1.6727272727272726,True,True,True,0.12727272727272726,1.0
M1:1007:5,1007,M1,5,primary_semantic_capture,7,6,1.6181818181818182,True,True,True,0.12727272727272726,1.0
M1:1007:7,1007,M1,7,primary_semantic_capture,1,0,1.0727272727272728,True,False,True,0.09090909090909091,1.0
M1:1009:2,1009,M1,2,primary_semantic_capture,14,13,2.5849056603773586,True,True,True,0.7358490566037735,1.0
M1:1009:7,1009,M1,7,primary_semantic_capture,13,12,1.7358490566037736,True,True,True,0.5471698113207547,1.0
M1:1009:7,1009,M1,7,legacy_aligned_capture,13,12,1.7358490566037736,True,True,True,0.5471698113207547,1.0
M1:1010:5,1010,M1,5,primary_semantic_capture,3,2,3.4615384615384617,True,True,,0.0,nan
M1:1011:1,1011,M1,1,primary_semantic_capture,31,30,1.0,True,False,True,0.16455696202531644,1.0
M1:1011:3,1011,M1,3,primary_semantic_capture,47,46,1.4430379746835442,True,True,True,0.13924050632911392,1.0
M1:1014:1,1014,M1,1,primary_semantic_capture,19,18,1.403225806451613,True,True,False,0.1774193548387097,0.9166666666666666
M1:1014:2,1014,M1,2,primary_semantic_capture,3,2,1.6290322580645162,True,True,True,0.1935483870967742,1.0
M1:1014:3,1014,M1,3,primary_semantic_capture,11,10,1.5,True,True,True,0.22580645161290322,1.0
M1:1014:4,1014,M1,4,primary_semantic_capture,8,7,1.032258064516129,True,False,True,0.12903225806451613,1.0
M1:1014:5,1014,M1,5,primary_semantic_capture,2,1,0.8870967741935484,False,False,True,0.14516129032258066,1.0
M1:1014:6,1014,M1,6,primary_semantic_capture,16,15,1.1129032258064515,True,False,True,0.1774193548387097,1.0
M1:1014:7,1014,M1,7,primary_semantic_capture,24,23,2.1774193548387095,True,True,True,0.20967741935483872,1.0
M1:1015:5,1015,M1,5,primary_semantic_capture,22,21,1.1549295774647887,True,False,True,0.4788732394366197,1.0
M1:1017:3,1017,M1,3,primary_semantic_capture,14,13,2.6666666666666665,True,True,True,0.5964912280701754,1.0
M1:1017:7,1017,M1,7,primary_semantic_capture,13,12,1.9298245614035088,True,True,True,0.5614035087719298,1.0
M1:1018:4,1018,M1,4,primary_semantic_capture,3,2,2.0,True,True,True,0.5277777777777778,1.0
M1:1019:6,1019,M1,6,primary_semantic_capture,3,2,7.083333333333333,True,True,True,0.25,1.0
M1:1020:0,1020,M1,0,primary_semantic_capture,19,18,1.5857142857142856,True,True,True,0.2857142857142857,1.0
M1:1020:1,1020,M1,1,primary_semantic_capture,4,3,2.9857142857142858,True,True,True,0.22857142857142856,1.0
M1:1020:2,1020,M1,2,primary_semantic_capture,1,0,0.6142857142857143,False,False,True,0.17142857142857143,1.0
M1:1020:3,1020,M1,3,primary_semantic_capture,10,9,1.957142857142857,True,True,True,0.34285714285714286,1.0
M1:1020:4,1020,M1,4,primary_semantic_capture,17,16,2.0714285714285716,True,True,True,0.2714285714285714,1.0
M1:1020:5,1020,M1,5,primary_semantic_capture,8,7,1.5142857142857142,True,True,True,0.2571428571428571,1.0
M1:1020:6,1020,M1,6,primary_semantic_capture,4,3,0.8285714285714286,False,False,True,0.11428571428571428,1.0
M1:1020:7,1020,M1,7,primary_semantic_capture,3,2,1.9,True,True,True,0.11428571428571428,1.0
M1:1021:0,1021,M1,0,primary_semantic_capture,20,19,0.9494949494949495,False,False,True,0.2828282828282828,1.0
M1:1021:1,1021,M1,1,primary_semantic_capture,56,55,1.1414141414141414,True,False,True,0.20202020202020202,1.0
M1:1021:2,1021,M1,2,primary_semantic_capture,6,5,0.8787878787878788,False,False,True,0.2222222222222222,1.0
M1:1021:3,1021,M1,3,primary_semantic_capture,20,19,0.9696969696969697,False,False,True,0.3434343434343434,1.0
M1:1021:4,1021,M1,4,primary_semantic_capture,29,28,1.0707070707070707,True,False,True,0.2727272727272727,1.0
M1:1021:5,1021,M1,5,primary_semantic_capture,2,1,0.8484848484848485,False,False,True,0.3333333333333333,1.0
M1:1021:7,1021,M1,7,primary_semantic_capture,32,31,1.0606060606060606,True,False,True,0.32323232323232326,1.0
M1:1022:5,1022,M1,5,primary_semantic_capture,1,0,1.2253521126760563,True,False,True,0.5492957746478874,1.0
M1:1025:0,1025,M1,0,primary_semantic_capture,28,27,2.0,True,True,True,0.5104166666666666,1.0
M1:1025:2,1025,M1,2,primary_semantic_capture,35,34,1.40625,True,True,True,0.3958333333333333,1.0
M1:1025:4,1025,M1,4,primary_semantic_capture,29,28,1.71875,True,True,True,0.40625,1.0
M1:1025:5,1025,M1,5,primary_semantic_capture,11,10,1.28125,True,True,False,0.3854166666666667,0.9024390243902439
M1:1025:7,1025,M1,7,primary_semantic_capture,11,10,1.59375,True,True,True,0.4895833333333333,1.0
M1:1025:7,1025,M1,7,legacy_aligned_capture,13,12,1.6145833333333333,True,True,True,0.4895833333333333,1.0
M1:1026:1,1026,M1,1,primary_semantic_capture,4,3,1.141025641025641,True,False,True,0.34615384615384615,1.0
M1:1026:1,1026,M1,1,legacy_aligned_capture,9,8,1.205128205128205,True,False,True,0.34615384615384615,1.0
M1:1027:0,1027,M1,0,primary_semantic_capture,9,8,1.05,True,False,True,0.25,1.0
M1:1027:1,1027,M1,1,primary_semantic_capture,10,9,1.1,True,False,True,0.16666666666666666,1.0
M1:1027:2,1027,M1,2,primary_semantic_capture,14,13,0.8333333333333334,False,False,True,0.016666666666666666,1.0
M1:1027:3,1027,M1,3,primary_semantic_capture,4,3,0.85,False,False,True,0.26666666666666666,1.0
M1:1027:5,1027,M1,5,primary_semantic_capture,1,0,0.8666666666666667,False,False,True,0.13333333333333333,1.0
M1:1027:6,1027,M1,6,primary_semantic_capture,12,11,1.2,True,False,True,0.3,1.0
M1:1027:7,1027,M1,7,primary_semantic_capture,9,8,0.75,False,False,True,0.16666666666666666,1.0
M1:1028:5,1028,M1,5,primary_semantic_capture,22,21,1.4260869565217391,True,True,True,0.40869565217391307,1.0
M1:1029:0,1029,M1,0,primary_semantic_capture,5,4,2.707317073170732,True,True,True,0.17073170731707318,1.0
M1:1029:1,1029,M1,1,primary_semantic_capture,13,12,4.2439024390243905,True,True,True,0.3902439024390244,1.0
M1:1029:2,1029,M1,2,primary_semantic_capture,8,7,3.292682926829268,True,True,True,0.2682926829268293,1.0
M1:1029:3,1029,M1,3,primary_semantic_capture,8,7,1.2926829268292683,True,True,True,0.21951219512195122,1.0
M1:1029:4,1029,M1,4,primary_semantic_capture,1,0,2.097560975609756,True,True,True,0.3902439024390244,1.0
M1:1029:6,1029,M1,6,primary_semantic_capture,11,10,3.317073170731707,True,True,True,0.24390243902439024,1.0
M1:1029:7,1029,M1,7,primary_semantic_capture,4,3,2.1707317073170733,True,True,True,0.2926829268292683,1.0
M1:1029:7,1029,M1,7,legacy_aligned_capture,4,3,2.1707317073170733,True,True,True,0.2926829268292683,1.0
M1:1031:0,1031,M1,0,primary_semantic_capture,7,6,2.4146341463414633,True,True,True,0.4146341463414634,1.0
M1:1031:1,1031,M1,1,primary_semantic_capture,12,11,3.048780487804878,True,True,True,0.6341463414634146,1.0
M1:1031:2,1031,M1,2,primary_semantic_capture,6,5,4.0,True,True,True,0.36585365853658536,1.0
M1:1031:3,1031,M1,3,primary_semantic_capture,3,2,2.5121951219512195,True,True,True,0.5365853658536586,1.0
M1:1031:3,1031,M1,3,legacy_aligned_capture,3,2,2.5121951219512195,True,True,True,0.5365853658536586,1.0
M1:1031:4,1031,M1,4,primary_semantic_capture,8,7,3.073170731707317,True,True,True,0.4146341463414634,1.0
M1:1031:5,1031,M1,5,primary_semantic_capture,2,1,2.4878048780487805,True,True,True,0.4146341463414634,1.0
M1:1031:5,1031,M1,5,legacy_aligned_capture,2,1,2.4878048780487805,True,True,True,0.4146341463414634,1.0
M1:1032:2,1032,M1,2,primary_semantic_capture,31,30,2.169811320754717,True,True,True,0.37735849056603776,1.0
M1:1032:3,1032,M1,3,primary_semantic_capture,6,5,1.9245283018867925,True,True,True,0.5849056603773585,1.0
M1:1032:3,1032,M1,3,legacy_aligned_capture,6,5,1.9245283018867925,True,True,True,0.5849056603773585,1.0
M1:1032:4,1032,M1,4,primary_semantic_capture,5,4,1.6603773584905661,True,True,True,0.5283018867924528,1.0
M1:1032:6,1032,M1,6,primary_semantic_capture,21,20,2.169811320754717,True,True,True,0.4716981132075472,1.0
M1:1032:7,1032,M1,7,primary_semantic_capture,7,6,2.207547169811321,True,True,True,0.49056603773584906,1.0
M1:1035:0,1035,M1,0,primary_semantic_capture,7,6,1.1025641025641026,True,False,True,0.1794871794871795,1.0
M1:1035:1,1035,M1,1,primary_semantic_capture,22,21,2.3076923076923075,True,True,True,0.28205128205128205,1.0
M1:1035:2,1035,M1,2,primary_semantic_capture,8,7,1.564102564102564,True,True,True,0.358974358974359,1.0
M1:1035:3,1035,M1,3,primary_semantic_capture,1,0,2.1025641025641026,True,True,True,0.1794871794871795,1.0
M1:1035:4,1035,M1,4,primary_semantic_capture,17,16,1.6666666666666667,True,True,False,0.3333333333333333,0.8666666666666667
M1:1035:5,1035,M1,5,primary_semantic_capture,1,0,1.6923076923076923,True,True,True,0.23076923076923078,1.0
M1:1035:5,1035,M1,5,legacy_aligned_capture,1,0,1.6923076923076923,True,True,True,0.23076923076923078,1.0
M1:1035:6,1035,M1,6,primary_semantic_capture,15,14,2.6666666666666665,True,True,True,0.4358974358974359,1.0
M1:1035:7,1035,M1,7,primary_semantic_capture,8,7,1.2820512820512822,True,True,True,0.28205128205128205,1.0
M1:1036:2,1036,M1,2,primary_semantic_capture,1,0,2.269230769230769,True,True,True,0.7692307692307693,1.0
M1:1036:3,1036,M1,3,primary_semantic_capture,6,5,2.9038461538461537,True,True,True,0.5384615384615384,1.0
M1:1036:3,1036,M1,3,legacy_aligned_capture,6,5,2.9038461538461537,True,True,True,0.5384615384615384,1.0
M1:1036:7,1036,M1,7,primary_semantic_capture,14,13,4.769230769230769,True,True,True,0.4230769230769231,1.0
M1:1037:3,1037,M1,3,primary_semantic_capture,1,0,1.6285714285714286,True,True,False,0.4857142857142857,0.8947368421052632
M1:1038:0,1038,M1,0,primary_semantic_capture,1,0,1.532258064516129,True,True,True,0.4032258064516129,1.0
M1:1038:1,1038,M1,1,primary_semantic_capture,6,5,1.8709677419354838,True,True,True,0.46774193548387094,1.0
M1:1038:6,1038,M1,6,primary_semantic_capture,5,4,2.064516129032258,True,True,True,0.6774193548387096,1.0
M1:1039:5,1039,M1,5,primary_semantic_capture,20,19,1.1789473684210525,True,False,True,0.29473684210526313,1.0
M1:1041:0,1041,M1,0,primary_semantic_capture,5,4,3.5,True,True,True,0.5357142857142857,1.0
M1:1041:1,1041,M1,1,primary_semantic_capture,12,11,2.0892857142857144,True,True,True,0.19642857142857142,1.0
M1:1041:4,1041,M1,4,primary_semantic_capture,6,5,1.3392857142857142,True,True,True,0.42857142857142855,1.0
M1:1041:4,1041,M1,4,legacy_aligned_capture,6,5,1.3392857142857142,True,True,True,0.42857142857142855,1.0
M1:1042:1,1042,M1,1,primary_semantic_capture,20,19,3.061224489795918,True,True,True,0.2653061224489796,1.0
M1:1042:1,1042,M1,1,legacy_aligned_capture,20,19,3.061224489795918,True,True,True,0.2653061224489796,1.0
M1:1042:3,1042,M1,3,primary_semantic_capture,2,1,2.0,True,True,True,0.3877551020408163,1.0
M1:1042:4,1042,M1,4,primary_semantic_capture,24,23,2.9183673469387754,True,True,True,0.5102040816326531,1.0
M1:1042:5,1042,M1,5,primary_semantic_capture,9,8,1.9183673469387754,True,True,True,0.4489795918367347,1.0
M1:1044:1,1044,M1,1,primary_semantic_capture,1,0,2.7954545454545454,True,True,True,0.25,1.0
M1:1044:2,1044,M1,2,primary_semantic_capture,6,5,1.4090909090909092,True,True,True,0.3409090909090909,1.0
M1:1044:4,1044,M1,4,primary_semantic_capture,9,8,1.8409090909090908,True,True,True,0.20454545454545456,1.0
M1:1044:5,1044,M1,5,primary_semantic_capture,5,4,1.3636363636363635,True,True,True,0.22727272727272727,1.0
M1:1044:5,1044,M1,5,legacy_aligned_capture,5,4,1.3636363636363635,True,True,True,0.22727272727272727,1.0
M1:1044:6,1044,M1,6,primary_semantic_capture,12,11,2.159090909090909,True,True,True,0.29545454545454547,1.0
M1:1044:6,1044,M1,6,legacy_aligned_capture,12,11,2.159090909090909,True,True,True,0.29545454545454547,1.0
M1:1044:7,1044,M1,7,primary_semantic_capture,12,11,1.2727272727272727,True,True,True,0.25,1.0
M1:1045:0,1045,M1,0,primary_semantic_capture,12,11,1.0454545454545454,True,False,True,0.25757575757575757,1.0
M1:1045:0,1045,M1,0,legacy_aligned_capture,12,11,1.0454545454545454,True,False,True,0.25757575757575757,1.0
M1:1045:7,1045,M1,7,primary_semantic_capture,9,8,1.0909090909090908,True,False,True,0.2878787878787879,1.0
M1:1046:0,1046,M1,0,primary_semantic_capture,4,3,1.2891566265060241,True,True,True,0.40963855421686746,1.0
M1:1046:1,1046,M1,1,primary_semantic_capture,12,11,1.4578313253012047,True,True,True,0.39759036144578314,1.0
M1:1046:2,1046,M1,2,primary_semantic_capture,11,10,1.6626506024096386,True,True,True,0.5903614457831325,1.0
M1:1046:3,1046,M1,3,primary_semantic_capture,7,6,1.3373493975903614,True,True,True,0.3132530120481928,1.0
M1:1046:4,1046,M1,4,primary_semantic_capture,32,31,1.7590361445783131,True,True,True,0.46987951807228917,1.0
M1:1046:5,1046,M1,5,primary_semantic_capture,13,12,1.5783132530120483,True,True,True,0.46987951807228917,1.0
M1:1046:6,1046,M1,6,primary_semantic_capture,19,18,1.4216867469879517,True,True,False,0.3855421686746988,0.8421052631578947
M1:1046:7,1046,M1,7,primary_semantic_capture,9,8,1.4337349397590362,True,True,True,0.4819277108433735,1.0
M1:1046:7,1046,M1,7,legacy_aligned_capture,13,12,1.4819277108433735,True,True,True,0.4819277108433735,1.0
M1:1047:1,1047,M1,1,primary_semantic_capture,4,3,1.5862068965517242,True,True,True,0.08620689655172414,1.0
M1:1047:1,1047,M1,1,legacy_aligned_capture,4,3,1.5862068965517242,True,True,True,0.08620689655172414,1.0
M1:1047:5,1047,M1,5,primary_semantic_capture,1,0,0.9482758620689655,False,False,True,0.08620689655172414,1.0
M1:1048:0,1048,M1,0,primary_semantic_capture,9,8,1.86,True,True,True,0.48,1.0
M1:1048:0,1048,M1,0,legacy_aligned_capture,10,9,1.88,True,True,True,0.48,1.0
M1:1048:1,1048,M1,1,primary_semantic_capture,14,13,2.66,True,True,True,0.58,1.0
M1:1048:2,1048,M1,2,primary_semantic_capture,9,8,2.08,True,True,True,0.52,1.0
M1:1048:5,1048,M1,5,primary_semantic_capture,2,1,1.3,True,True,True,0.56,1.0
M1:1048:7,1048,M1,7,primary_semantic_capture,13,12,1.72,True,True,True,0.54,1.0
M1:1049:0,1049,M1,0,primary_semantic_capture,3,2,1.2424242424242424,True,False,True,0.30303030303030304,1.0
M1:1049:1,1049,M1,1,primary_semantic_capture,8,7,2.606060606060606,True,True,True,0.3333333333333333,1.0
M1:1049:2,1049,M1,2,primary_semantic_capture,7,6,1.878787878787879,True,True,True,0.36363636363636365,1.0
M1:1049:2,1049,M1,2,legacy_aligned_capture,7,6,1.878787878787879,True,True,True,0.36363636363636365,1.0
M1:1049:4,1049,M1,4,primary_semantic_capture,32,31,2.393939393939394,True,True,True,0.24242424242424243,1.0
M1:1049:5,1049,M1,5,primary_semantic_capture,9,8,1.3333333333333333,True,True,True,0.21212121212121213,1.0
M1:1049:6,1049,M1,6,primary_semantic_capture,4,3,0.9696969696969697,False,False,True,0.18181818181818182,1.0
M1:1049:6,1049,M1,6,legacy_aligned_capture,4,3,0.9696969696969697,False,False,True,0.18181818181818182,1.0
M1:1049:7,1049,M1,7,primary_semantic_capture,7,6,1.2727272727272727,True,True,True,0.18181818181818182,1.0
M1:1049:7,1049,M1,7,legacy_aligned_capture,16,15,1.5454545454545454,True,True,True,0.18181818181818182,1.0
M1:1050:2,1050,M1,2,primary_semantic_capture,12,11,1.1647058823529413,True,False,True,0.21176470588235294,1.0
M1:1052:0,1052,M1,0,primary_semantic_capture,17,16,3.0,True,True,True,0.25,1.0
M1:1052:7,1052,M1,7,primary_semantic_capture,2,1,2.34375,True,True,True,0.125,1.0
M1:1053:0,1053,M1,0,primary_semantic_capture,9,8,1.710144927536232,True,True,True,0.18840579710144928,1.0
M1:1053:0,1053,M1,0,legacy_aligned_capture,9,8,1.710144927536232,True,True,True,0.18840579710144928,1.0
M1:1053:1,1053,M1,1,primary_semantic_capture,5,4,1.3333333333333333,True,True,True,0.2463768115942029,1.0
M1:1053:2,1053,M1,2,primary_semantic_capture,22,21,1.4202898550724639,True,True,True,0.13043478260869565,1.0
M1:1054:2,1054,M1,2,primary_semantic_capture,7,6,1.0158730158730158,True,False,True,0.12698412698412698,1.0
M1:1054:3,1054,M1,3,primary_semantic_capture,7,6,2.4126984126984126,True,True,True,0.23809523809523808,1.0
M1:1054:6,1054,M1,6,primary_semantic_capture,4,3,1.5396825396825398,True,True,True,0.2698412698412698,1.0
M1:1054:7,1054,M1,7,primary_semantic_capture,6,5,1.1746031746031746,True,False,True,0.2222222222222222,1.0
M1:1055:0,1055,M1,0,primary_semantic_capture,20,19,1.4387755102040816,True,True,True,0.45918367346938777,1.0
M1:1055:0,1055,M1,0,legacy_aligned_capture,20,19,1.4387755102040816,True,True,True,0.45918367346938777,1.0
M1:1055:1,1055,M1,1,primary_semantic_capture,4,3,1.2448979591836735,True,False,True,0.5510204081632653,1.0
M1:1055:7,1055,M1,7,primary_semantic_capture,6,5,1.5918367346938775,True,True,True,0.5306122448979592,1.0
M1:1055:7,1055,M1,7,legacy_aligned_capture,7,6,1.6020408163265305,True,True,True,0.5306122448979592,1.0
M1:1056:2,1056,M1,2,primary_semantic_capture,18,17,1.45,True,True,True,0.3125,1.0
M1:1056:3,1056,M1,3,primary_semantic_capture,8,7,1.4,True,True,True,0.3875,1.0
M1:1056:4,1056,M1,4,primary_semantic_capture,14,13,1.4375,True,True,True,0.3625,1.0
M1:1056:6,1056,M1,6,primary_semantic_capture,3,2,1.5625,True,True,True,0.375,1.0
M1:1056:7,1056,M1,7,primary_semantic_capture,4,3,1.6,True,True,True,0.3,1.0
M1:1057:1,1057,M1,1,primary_semantic_capture,9,8,2.0338983050847457,True,True,True,0.15254237288135594,1.0
M1:1057:2,1057,M1,2,primary_semantic_capture,10,9,3.288135593220339,True,True,True,0.0847457627118644,1.0
M1:1057:2,1057,M1,2,legacy_aligned_capture,10,9,3.288135593220339,True,True,True,0.0847457627118644,1.0
M1:1057:5,1057,M1,5,primary_semantic_capture,4,3,2.169491525423729,True,True,True,0.0847457627118644,1.0
M1:1057:6,1057,M1,6,primary_semantic_capture,1,0,2.559322033898305,True,True,True,0.3898305084745763,1.0
M1:1057:6,1057,M1,6,legacy_aligned_capture,2,1,2.5762711864406778,True,True,True,0.3898305084745763,1.0
M1:1058:0,1058,M1,0,primary_semantic_capture,28,27,1.5443037974683544,True,True,True,0.05063291139240506,1.0
M1:1058:1,1058,M1,1,primary_semantic_capture,4,3,1.3924050632911393,True,True,True,0.0379746835443038,1.0
M1:1058:2,1058,M1,2,primary_semantic_capture,88,87,3.151898734177215,True,True,True,0.0379746835443038,1.0
M1:1058:4,1058,M1,4,primary_semantic_capture,14,13,2.518987341772152,True,True,True,0.08860759493670886,1.0
M1:1058:4,1058,M1,4,legacy_aligned_capture,14,13,2.518987341772152,True,True,True,0.08860759493670886,1.0
M1:1058:6,1058,M1,6,primary_semantic_capture,29,28,1.8734177215189873,True,True,True,0.11392405063291139,1.0
M1:1058:6,1058,M1,6,legacy_aligned_capture,29,28,1.8734177215189873,True,True,True,0.11392405063291139,1.0
M1:1058:7,1058,M1,7,primary_semantic_capture,14,13,1.7974683544303798,True,True,True,0.0379746835443038,1.0
M1:1059:0,1059,M1,0,primary_semantic_capture,23,22,1.6363636363636365,True,True,True,0.22727272727272727,1.0
M1:1059:2,1059,M1,2,primary_semantic_capture,1,0,2.0681818181818183,True,True,True,0.09090909090909091,1.0
M1:1059:7,1059,M1,7,primary_semantic_capture,2,1,2.590909090909091,True,True,True,0.1590909090909091,1.0
M1:1061:1,1061,M1,1,primary_semantic_capture,5,4,2.4411764705882355,True,True,True,0.3235294117647059,1.0
M1:1061:1,1061,M1,1,legacy_aligned_capture,5,4,2.4411764705882355,True,True,True,0.3235294117647059,1.0
M1:1061:3,1061,M1,3,primary_semantic_capture,8,7,1.4411764705882353,True,True,False,0.11764705882352941,0.18181818181818182
M1:1061:5,1061,M1,5,primary_semantic_capture,3,2,1.7941176470588236,True,True,True,0.4117647058823529,1.0
M1:1061:6,1061,M1,6,primary_semantic_capture,4,3,1.8823529411764706,True,True,True,0.23529411764705882,1.0
M1:1061:7,1061,M1,7,primary_semantic_capture,2,1,1.1764705882352942,True,False,True,0.20588235294117646,1.0
M1:1061:7,1061,M1,7,legacy_aligned_capture,13,12,1.8823529411764706,True,True,True,0.20588235294117646,1.0
M1:1062:0,1062,M1,0,primary_semantic_capture,1,0,1.7777777777777777,True,True,True,0.4888888888888889,1.0
M1:1062:0,1062,M1,0,legacy_aligned_capture,1,0,1.7777777777777777,True,True,True,0.4888888888888889,1.0
M1:1062:1,1062,M1,1,primary_semantic_capture,26,25,2.022222222222222,True,True,True,0.5111111111111111,1.0
M1:1062:3,1062,M1,3,primary_semantic_capture,1,0,1.2222222222222223,True,False,True,0.4444444444444444,1.0
M1:1062:4,1062,M1,4,primary_semantic_capture,12,11,1.5777777777777777,True,True,True,0.5111111111111111,1.0
M1:1062:5,1062,M1,5,primary_semantic_capture,6,5,1.4222222222222223,True,True,True,0.4888888888888889,1.0
M1:1062:6,1062,M1,6,primary_semantic_capture,10,9,1.4,True,True,True,0.4222222222222222,1.0
M1:1062:6,1062,M1,6,legacy_aligned_capture,10,9,1.4,True,True,True,0.4222222222222222,1.0
M1:1062:7,1062,M1,7,primary_semantic_capture,3,2,1.2666666666666666,True,True,True,0.4444444444444444,1.0
M1:1063:0,1063,M1,0,primary_semantic_capture,21,20,1.119047619047619,True,False,True,0.2261904761904762,1.0
M1:1063:0,1063,M1,0,legacy_aligned_capture,21,20,1.119047619047619,True,False,True,0.2261904761904762,1.0
M1:1063:1,1063,M1,1,primary_semantic_capture,35,34,1.2142857142857142,True,False,True,0.38095238095238093,1.0
M1:1063:2,1063,M1,2,primary_semantic_capture,2,1,0.7857142857142857,False,False,True,0.10714285714285714,1.0
M1:1063:3,1063,M1,3,primary_semantic_capture,54,53,1.1785714285714286,True,False,True,0.13095238095238096,1.0
M1:1063:4,1063,M1,4,primary_semantic_capture,8,7,0.8690476190476191,False,False,True,0.2261904761904762,1.0
M1:1063:4,1063,M1,4,legacy_aligned_capture,8,7,0.8690476190476191,False,False,True,0.2261904761904762,1.0
M1:1063:5,1063,M1,5,primary_semantic_capture,7,6,0.6309523809523809,False,False,True,0.03571428571428571,1.0
M1:1063:6,1063,M1,6,primary_semantic_capture,2,1,0.5238095238095238,False,False,True,0.15476190476190477,1.0
M1:1063:6,1063,M1,6,legacy_aligned_capture,2,1,0.5238095238095238,False,False,True,0.15476190476190477,1.0
M1:1063:7,1063,M1,7,primary_semantic_capture,12,11,0.7380952380952381,False,False,True,0.13095238095238096,1.0
M1:1063:7,1063,M1,7,legacy_aligned_capture,12,11,0.7380952380952381,False,False,True,0.13095238095238096,1.0
M1:1064:1,1064,M1,1,primary_semantic_capture,4,3,2.3421052631578947,True,True,True,0.13157894736842105,1.0
M1:1064:1,1064,M1,1,legacy_aligned_capture,4,3,2.3421052631578947,True,True,True,0.13157894736842105,1.0
M1:1064:3,1064,M1,3,primary_semantic_capture,19,18,2.210526315789474,True,True,True,0.18421052631578946,1.0
M1:1064:4,1064,M1,4,primary_semantic_capture,26,25,2.9473684210526314,True,True,True,0.34210526315789475,1.0
M1:1064:5,1064,M1,5,primary_semantic_capture,17,16,3.3684210526315788,True,True,True,0.2894736842105263,1.0
M1:1069:1,1069,M1,1,primary_semantic_capture,7,6,3.4074074074074074,True,True,True,0.25925925925925924,1.0
M1:1069:2,1069,M1,2,primary_semantic_capture,3,2,1.7037037037037037,True,True,True,0.2222222222222222,1.0
M1:1069:6,1069,M1,6,primary_semantic_capture,7,6,2.4074074074074074,True,True,True,0.25925925925925924,1.0
M1:1070:0,1070,M1,0,primary_semantic_capture,5,4,2.1515151515151514,True,True,True,0.12121212121212122,1.0
M1:1070:1,1070,M1,1,primary_semantic_capture,19,18,2.787878787878788,True,True,True,0.18181818181818182,1.0
M1:1070:3,1070,M1,3,primary_semantic_capture,2,1,1.4545454545454546,True,True,True,0.12121212121212122,1.0
M1:1070:3,1070,M1,3,legacy_aligned_capture,2,1,1.4545454545454546,True,True,True,0.12121212121212122,1.0
M1:1070:4,1070,M1,4,primary_semantic_capture,18,17,2.1818181818181817,True,True,True,0.12121212121212122,1.0
M1:1070:5,1070,M1,5,primary_semantic_capture,1,0,2.0606060606060606,True,True,True,0.06060606060606061,1.0
M1:1070:6,1070,M1,6,primary_semantic_capture,2,1,1.5757575757575757,True,True,True,0.18181818181818182,1.0
M1:1070:7,1070,M1,7,primary_semantic_capture,27,26,2.484848484848485,True,True,True,0.24242424242424243,1.0
M1:1070:7,1070,M1,7,legacy_aligned_capture,27,26,2.484848484848485,True,True,True,0.24242424242424243,1.0
M1:1071:3,1071,M1,3,primary_semantic_capture,7,6,1.1758241758241759,True,False,True,0.17582417582417584,1.0
M1:1071:4,1071,M1,4,primary_semantic_capture,24,23,1.8021978021978022,True,True,True,0.5164835164835165,1.0
M1:1073:2,1073,M1,2,primary_semantic_capture,9,8,1.3846153846153846,True,True,True,0.3384615384615385,1.0
M1:1073:7,1073,M1,7,primary_semantic_capture,26,25,2.6923076923076925,True,True,True,0.38461538461538464,1.0
M1:1075:6,1075,M1,6,primary_semantic_capture,3,2,2.323529411764706,True,True,True,0.4411764705882353,1.0
M1:1076:6,1076,M1,6,primary_semantic_capture,3,2,1.103448275862069,True,False,True,0.3448275862068966,1.0
M1:1076:7,1076,M1,7,primary_semantic_capture,25,24,1.4137931034482758,True,True,True,0.22413793103448276,1.0
M1:1077:0,1077,M1,0,primary_semantic_capture,22,21,1.6451612903225807,True,True,True,0.41935483870967744,1.0
M1:1077:1,1077,M1,1,primary_semantic_capture,67,66,3.0483870967741935,True,True,True,0.3870967741935484,1.0
M1:1077:6,1077,M1,6,primary_semantic_capture,46,45,1.935483870967742,True,True,True,0.5,1.0
M1:1077:7,1077,M1,7,primary_semantic_capture,30,29,1.564516129032258,True,True,True,0.43548387096774194,1.0
M1:1079:0,1079,M1,0,primary_semantic_capture,4,3,1.28,True,True,True,0.34,1.0
M1:1079:0,1079,M1,0,legacy_aligned_capture,4,3,1.28,True,True,True,0.34,1.0
M1:1079:1,1079,M1,1,primary_semantic_capture,6,5,2.92,True,True,True,0.22,1.0
M1:1079:2,1079,M1,2,primary_semantic_capture,17,16,1.46,True,True,True,0.36,1.0
M1:1079:5,1079,M1,5,primary_semantic_capture,14,13,1.66,True,True,True,0.4,1.0
M1:1079:6,1079,M1,6,primary_semantic_capture,3,2,1.06,True,False,True,0.28,1.0
M1:1079:6,1079,M1,6,legacy_aligned_capture,3,2,1.06,True,False,True,0.28,1.0
M1:1079:7,1079,M1,7,primary_semantic_capture,46,45,2.9,True,True,True,0.34,1.0
M1:1082:3,1082,M1,3,primary_semantic_capture,5,4,4.970588235294118,True,True,True,0.5588235294117647,1.0
M1:1084:2,1084,M1,2,primary_semantic_capture,2,1,2.272727272727273,True,True,True,0.4090909090909091,1.0
M1:1085:1,1085,M1,1,primary_semantic_capture,15,14,1.4388489208633093,True,True,True,0.4028776978417266,1.0
M1:1085:2,1085,M1,2,primary_semantic_capture,6,5,0.9712230215827338,False,False,True,0.2302158273381295,1.0
M1:1085:3,1085,M1,3,primary_semantic_capture,8,7,0.9424460431654677,False,False,True,0.2733812949640288,1.0
M1:1085:4,1085,M1,4,primary_semantic_capture,6,5,0.7913669064748201,False,False,True,0.2446043165467626,1.0
M1:1085:4,1085,M1,4,legacy_aligned_capture,6,5,0.7913669064748201,False,False,True,0.2446043165467626,1.0
M1:1085:5,1085,M1,5,primary_semantic_capture,48,47,1.4388489208633093,True,True,True,0.17266187050359713,1.0
M1:1085:7,1085,M1,7,primary_semantic_capture,30,29,1.4316546762589928,True,True,True,0.302158273381295,1.0
M1:1086:0,1086,M1,0,primary_semantic_capture,14,13,2.6666666666666665,True,True,True,0.3888888888888889,1.0
M1:1086:1,1086,M1,1,primary_semantic_capture,6,5,3.8055555555555554,True,True,True,0.5555555555555556,1.0
M1:1086:1,1086,M1,1,legacy_aligned_capture,6,5,3.8055555555555554,True,True,True,0.5555555555555556,1.0
M1:1086:2,1086,M1,2,primary_semantic_capture,1,0,3.8055555555555554,True,True,True,0.5555555555555556,1.0
M1:1086:3,1086,M1,3,primary_semantic_capture,1,0,2.3055555555555554,True,True,True,0.5277777777777778,1.0
M1:1086:4,1086,M1,4,primary_semantic_capture,8,7,3.1944444444444446,True,True,True,0.5277777777777778,1.0
M1:1086:5,1086,M1,5,primary_semantic_capture,2,1,3.7777777777777777,True,True,True,0.3611111111111111,1.0
M1:1086:7,1086,M1,7,primary_semantic_capture,2,1,2.5833333333333335,True,True,True,0.5555555555555556,1.0
M1:1087:1,1087,M1,1,primary_semantic_capture,1,0,0.75,False,False,True,0.4264705882352941,1.0
M1:1088:0,1088,M1,0,primary_semantic_capture,11,10,2.759259259259259,True,True,True,0.3333333333333333,1.0
M1:1088:0,1088,M1,0,legacy_aligned_capture,11,10,2.759259259259259,True,True,True,0.3333333333333333,1.0
M1:1088:1,1088,M1,1,primary_semantic_capture,4,3,2.759259259259259,True,True,True,0.24074074074074073,1.0
M1:1088:3,1088,M1,3,primary_semantic_capture,7,6,2.037037037037037,True,True,True,0.42592592592592593,1.0
M1:1088:4,1088,M1,4,primary_semantic_capture,1,0,2.0185185185185186,True,True,True,0.3333333333333333,1.0
M1:1088:6,1088,M1,6,primary_semantic_capture,22,21,1.8518518518518519,True,True,True,0.2777777777777778,1.0
M1:1088:6,1088,M1,6,legacy_aligned_capture,22,21,1.8518518518518519,True,True,True,0.2777777777777778,1.0
M1:1088:7,1088,M1,7,primary_semantic_capture,26,25,3.0,True,True,True,0.3333333333333333,1.0
M1:1091:0,1091,M1,0,primary_semantic_capture,22,21,0.8333333333333334,False,False,True,0.16666666666666666,1.0
M1:1091:1,1091,M1,1,primary_semantic_capture,24,23,1.8333333333333333,True,True,True,0.12745098039215685,1.0
M1:1091:1,1091,M1,1,legacy_aligned_capture,24,23,1.8333333333333333,True,True,True,0.12745098039215685,1.0
M1:1091:2,1091,M1,2,primary_semantic_capture,69,68,1.3137254901960784,True,True,True,0.12745098039215685,1.0
M1:1091:3,1091,M1,3,primary_semantic_capture,43,42,1.1568627450980393,True,False,True,0.21568627450980393,1.0
M1:1091:4,1091,M1,4,primary_semantic_capture,15,14,0.8921568627450981,False,False,True,0.18627450980392157,1.0
M1:1091:5,1091,M1,5,primary_semantic_capture,31,30,0.8137254901960784,False,False,True,0.1568627450980392,1.0
M1:1091:6,1091,M1,6,primary_semantic_capture,141,140,1.9901960784313726,True,True,True,0.12745098039215685,1.0
M1:1092:0,1092,M1,0,primary_semantic_capture,4,3,7.4,True,True,True,0.1,1.0
M1:1092:0,1092,M1,0,legacy_aligned_capture,4,3,7.4,True,True,True,0.1,1.0
M1:1092:2,1092,M1,2,primary_semantic_capture,3,2,4.0,True,True,,0.0,nan
M1:1092:5,1092,M1,5,primary_semantic_capture,8,7,11.5,True,True,True,0.1,1.0
M1:1093:1,1093,M1,1,primary_semantic_capture,8,7,1.2872340425531914,True,True,True,0.5957446808510638,1.0
M1:1093:1,1093,M1,1,legacy_aligned_capture,15,14,1.3617021276595744,True,True,True,0.5957446808510638,1.0
M1:1093:2,1093,M1,2,primary_semantic_capture,11,10,1.351063829787234,True,True,False,0.6276595744680851,0.8939393939393939
M1:1093:4,1093,M1,4,primary_semantic_capture,20,19,1.9893617021276595,True,True,True,0.723404255319149,1.0
M1:1093:5,1093,M1,5,primary_semantic_capture,23,22,1.702127659574468,True,True,True,0.5106382978723404,1.0
M1:1095:4,1095,M1,4,primary_semantic_capture,12,11,1.5964912280701755,True,True,True,0.5614035087719298,1.0
M1:1097:0,1097,M1,0,primary_semantic_capture,3,2,0.6767676767676768,False,False,True,0.37373737373737376,1.0
M1:1097:1,1097,M1,1,primary_semantic_capture,24,23,0.9595959595959596,False,False,True,0.25252525252525254,1.0
M1:1097:2,1097,M1,2,primary_semantic_capture,5,4,0.6666666666666666,False,False,True,0.3333333333333333,1.0
M1:1097:3,1097,M1,3,primary_semantic_capture,1,0,0.5555555555555556,False,False,True,0.20202020202020202,1.0
M1:1097:3,1097,M1,3,legacy_aligned_capture,1,0,0.5555555555555556,False,False,True,0.20202020202020202,1.0
M1:1097:4,1097,M1,4,primary_semantic_capture,2,1,0.8080808080808081,False,False,True,0.36363636363636365,1.0
M1:1097:5,1097,M1,5,primary_semantic_capture,1,0,0.8282828282828283,False,False,True,0.4444444444444444,1.0
M1:1097:6,1097,M1,6,primary_semantic_capture,10,9,0.8686868686868687,False,False,True,0.1111111111111111,1.0
M1:1097:6,1097,M1,6,legacy_aligned_capture,10,9,0.8686868686868687,False,False,True,0.1111111111111111,1.0
M1:1097:7,1097,M1,7,primary_semantic_capture,15,14,1.606060606060606,True,True,True,0.42424242424242425,1.0
M1:1098:0,1098,M1,0,primary_semantic_capture,28,27,1.3725490196078431,True,True,True,0.27450980392156865,1.0
M1:1098:5,1098,M1,5,primary_semantic_capture,9,8,1.0784313725490196,True,False,True,0.23529411764705882,1.0
M1:1098:7,1098,M1,7,primary_semantic_capture,20,19,1.2549019607843137,True,True,True,0.29411764705882354,1.0
M1:1099:0,1099,M1,0,primary_semantic_capture,9,8,2.125,True,True,True,0.2708333333333333,1.0
M1:1099:1,1099,M1,1,primary_semantic_capture,16,15,1.6875,True,True,True,0.14583333333333334,1.0
M1:1099:2,1099,M1,2,primary_semantic_capture,7,6,3.3958333333333335,True,True,True,0.14583333333333334,1.0
M1:1099:3,1099,M1,3,primary_semantic_capture,3,2,1.5416666666666667,True,True,True,0.2708333333333333,1.0
M1:1099:3,1099,M1,3,legacy_aligned_capture,3,2,1.5416666666666667,True,True,True,0.2708333333333333,1.0
M1:1099:4,1099,M1,4,primary_semantic_capture,2,1,0.9166666666666666,False,False,True,0.20833333333333334,1.0
M1:1099:4,1099,M1,4,legacy_aligned_capture,2,1,0.9166666666666666,False,False,True,0.20833333333333334,1.0
M1:1099:5,1099,M1,5,primary_semantic_capture,4,3,0.8125,False,False,True,0.16666666666666666,1.0
M1:1099:7,1099,M1,7,primary_semantic_capture,5,4,0.9583333333333334,False,False,True,0.041666666666666664,1.0
M1:1100:0,1100,M1,0,primary_semantic_capture,10,9,3.482142857142857,True,True,True,0.8214285714285714,1.0
M1:1100:1,1100,M1,1,primary_semantic_capture,8,7,2.017857142857143,True,True,True,0.42857142857142855,1.0
M1:1100:5,1100,M1,5,primary_semantic_capture,1,0,2.1964285714285716,True,True,True,0.6071428571428571,1.0
M1:1102:0,1102,M1,0,primary_semantic_capture,30,29,1.1262135922330097,True,False,True,0.4563106796116505,1.0
M1:1102:1,1102,M1,1,primary_semantic_capture,28,27,1.029126213592233,True,False,True,0.47572815533980584,1.0
M1:1102:3,1102,M1,3,primary_semantic_capture,14,13,1.4271844660194175,True,True,True,0.5533980582524272,1.0
M1:1102:4,1102,M1,4,primary_semantic_capture,33,32,1.0485436893203883,True,False,True,0.4563106796116505,1.0
M1:1102:5,1102,M1,5,primary_semantic_capture,6,5,0.7864077669902912,False,False,True,0.4563106796116505,1.0
M1:1102:7,1102,M1,7,primary_semantic_capture,2,1,1.1650485436893203,True,False,True,0.46601941747572817,1.0
M1:1104:5,1104,M1,5,primary_semantic_capture,4,3,3.6666666666666665,True,True,True,0.5,1.0
M1:1105:1,1105,M1,1,primary_semantic_capture,7,6,1.1282051282051282,True,False,True,0.2692307692307692,1.0
M1:1105:2,1105,M1,2,primary_semantic_capture,5,4,1.358974358974359,True,True,True,0.1794871794871795,1.0
M1:1105:3,1105,M1,3,primary_semantic_capture,29,28,1.8846153846153846,True,True,True,0.23076923076923078,1.0
M1:1105:4,1105,M1,4,primary_semantic_capture,32,31,1.358974358974359,True,True,True,0.16666666666666666,1.0
M1:1105:5,1105,M1,5,primary_semantic_capture,3,2,1.2179487179487178,True,False,True,0.14102564102564102,1.0
M1:1105:6,1105,M1,6,primary_semantic_capture,21,20,1.358974358974359,True,True,True,0.15384615384615385,1.0
M1:1105:7,1105,M1,7,primary_semantic_capture,29,28,1.4615384615384615,True,True,True,0.19230769230769232,1.0
M1:1106:1,1106,M1,1,primary_semantic_capture,8,7,1.240506329113924,True,False,True,0.3924050632911392,1.0
M1:1106:7,1106,M1,7,primary_semantic_capture,9,8,1.2658227848101267,True,True,True,0.4177215189873418,1.0
M1:1107:0,1107,M1,0,primary_semantic_capture,24,23,0.8571428571428571,False,False,True,0.10714285714285714,1.0
M1:1107:1,1107,M1,1,primary_semantic_capture,35,34,1.0714285714285714,True,False,True,0.16071428571428573,1.0
M1:1107:2,1107,M1,2,primary_semantic_capture,35,34,1.5535714285714286,True,True,True,0.16964285714285715,1.0
M1:1107:3,1107,M1,3,primary_semantic_capture,15,14,0.8928571428571429,False,False,True,0.2857142857142857,1.0
M1:1107:4,1107,M1,4,primary_semantic_capture,27,26,0.7232142857142857,False,False,True,0.16964285714285715,1.0
M1:1107:5,1107,M1,5,primary_semantic_capture,4,3,0.8125,False,False,False,0.07142857142857142,0.5
M1:1107:6,1107,M1,6,primary_semantic_capture,1,0,0.8839285714285714,False,False,True,0.09821428571428571,1.0
