sample_id,stable_prompt_id,model_tag,seed,kind,seed_ordinal,prior_reuse_events,progress,after_1g,after_1_25g,after_last_new_relaxed,relaxed_coverage,relaxed_fraction_of_final
M0:2:2,2,M0,2,primary_semantic_capture,8,7,0.7311827956989247,False,False,True,0.15053763440860216,1.0
M0:14:1,14,M0,1,primary_semantic_capture,6,5,0.8518518518518519,False,False,True,0.2222222222222222,1.0
M0:14:3,14,M0,3,primary_semantic_capture,6,5,0.6419753086419753,False,False,True,0.1728395061728395,1.0
M0:14:4,14,M0,4,primary_semantic_capture,8,7,0.7160493827160493,False,False,True,0.08641975308641975,1.0
M0:14:5,14,M0,5,primary_semantic_capture,12,11,0.9753086419753086,False,False,True,0.25925925925925924,1.0
M0:14:5,14,M0,5,legacy_aligned_capture,12,11,0.9753086419753086,False,False,True,0.25925925925925924,1.0
M0:14:7,14,M0,7,primary_semantic_capture,4,3,0.9259259259259259,False,False,True,0.16049382716049382,1.0
M0:16:0,16,M0,0,primary_semantic_capture,8,7,1.0769230769230769,True,False,True,0.16666666666666666,1.0
M0:16:1,16,M0,1,primary_semantic_capture,43,42,2.2051282051282053,True,True,True,0.19230769230769232,1.0
M0:16:4,16,M0,4,primary_semantic_capture,6,5,0.9871794871794872,False,False,True,0.16666666666666666,1.0
M0:16:4,16,M0,4,legacy_aligned_capture,6,5,0.9871794871794872,False,False,True,0.16666666666666666,1.0
M0:16:5,16,M0,5,primary_semantic_capture,8,7,1.3717948717948718,True,True,True,0.21794871794871795,1.0
M0:16:5,16,M0,5,legacy_aligned_capture,8,7,1.3717948717948718,True,True,True,0.21794871794871795,1.0
M0:17:4,17,M0,4,primary_semantic_capture,29,28,2.5714285714285716,True,True,True,0.11428571428571428,1.0
M0:20:0,20,M0,0,primary_semantic_capture,2,1,0.5777777777777777,False,False,True,0.2222222222222222,1.0
M0:20:2,20,M0,2,primary_semantic_capture,1,0,0.9111111111111111,False,False,True,0.17777777777777778,1.0
M0:20:3,20,M0,3,primary_semantic_capture,16,15,1.211111111111111,True,False,True,0.2,1.0
M0:20:4,20,M0,4,primary_semantic_capture,4,3,1.3555555555555556,True,True,True,0.2111111111111111,1.0
M0:20:6,20,M0,6,primary_semantic_capture,3,2,1.2333333333333334,True,False,True,0.2,1.0
M0:20:7,20,M0,7,primary_semantic_capture,29,28,1.3111111111111111,True,True,True,0.2,1.0
M0:22:5,22,M0,5,primary_semantic_capture,16,15,1.1833333333333333,True,False,True,0.3,1.0
M0:28:6,28,M0,6,primary_semantic_capture,24,23,1.694915254237288,True,True,True,0.288135593220339,1.0
M0:29:1,29,M0,1,primary_semantic_capture,10,9,0.5833333333333334,False,False,True,0.20833333333333334,1.0
M0:30:1,30,M0,1,primary_semantic_capture,8,7,1.2340425531914894,True,False,True,0.3829787234042553,1.0
M0:30:5,30,M0,5,primary_semantic_capture,4,3,1.7234042553191489,True,True,True,0.3191489361702128,1.0
M0:31:2,31,M0,2,primary_semantic_capture,2,1,0.6511627906976745,False,False,True,0.05813953488372093,1.0
M0:31:4,31,M0,4,primary_semantic_capture,9,8,1.0232558139534884,True,False,True,0.09302325581395349,1.0
M0:31:7,31,M0,7,primary_semantic_capture,7,6,0.8604651162790697,False,False,True,0.08139534883720931,1.0
M0:34:7,34,M0,7,primary_semantic_capture,4,3,0.6699029126213593,False,False,True,0.30097087378640774,1.0
M0:35:4,35,M0,4,primary_semantic_capture,13,12,0.8135593220338984,False,False,True,0.13559322033898305,1.0
M0:35:6,35,M0,6,primary_semantic_capture,2,1,0.5423728813559322,False,False,True,0.1694915254237288,1.0
M0:35:6,35,M0,6,legacy_aligned_capture,3,2,0.559322033898305,False,False,True,0.1694915254237288,1.0
M0:48:0,48,M0,0,primary_semantic_capture,9,8,0.5875,False,False,True,0.0375,1.0
M0:48:3,48,M0,3,primary_semantic_capture,6,5,1.525,True,True,True,0.1125,1.0
M0:48:4,48,M0,4,primary_semantic_capture,17,16,2.6125,True,True,True,0.125,1.0
M0:48:7,48,M0,7,primary_semantic_capture,7,6,1.475,True,True,True,0.1375,1.0
M0:51:1,51,M0,1,primary_semantic_capture,3,2,0.5083333333333333,False,False,False,0.3,0.9473684210526315
M0:51:2,51,M0,2,primary_semantic_capture,14,13,0.8666666666666667,False,False,True,0.25,1.0
M0:51:3,51,M0,3,primary_semantic_capture,12,11,0.725,False,False,True,0.225,1.0
M0:56:0,56,M0,0,primary_semantic_capture,12,11,1.3269230769230769,True,True,True,0.5,1.0
M0:59:5,59,M0,5,primary_semantic_capture,5,4,1.1857142857142857,True,False,True,0.44285714285714284,1.0
M0:60:3,60,M0,3,primary_semantic_capture,1,0,0.6526315789473685,False,False,True,0.21052631578947367,1.0
M0:64:7,64,M0,7,primary_semantic_capture,1,0,0.8392857142857143,False,False,True,0.16071428571428573,1.0
M0:66:0,66,M0,0,primary_semantic_capture,4,3,0.9538461538461539,False,False,True,0.36923076923076925,1.0
M0:66:3,66,M0,3,primary_semantic_capture,9,8,1.1384615384615384,True,False,True,0.36923076923076925,1.0
M0:66:6,66,M0,6,primary_semantic_capture,6,5,1.323076923076923,True,True,True,0.4,1.0
M0:67:2,67,M0,2,primary_semantic_capture,20,19,0.9871794871794872,False,False,True,0.01282051282051282,1.0
M0:70:1,70,M0,1,primary_semantic_capture,7,6,0.7565217391304347,False,False,True,0.1826086956521739,1.0
M0:75:0,75,M0,0,primary_semantic_capture,1,0,1.0677966101694916,True,False,True,0.2033898305084746,1.0
M0:75:4,75,M0,4,primary_semantic_capture,5,4,1.5254237288135593,True,True,True,0.06779661016949153,1.0
M0:75:4,75,M0,4,legacy_aligned_capture,5,4,1.5254237288135593,True,True,True,0.06779661016949153,1.0
M0:75:5,75,M0,5,primary_semantic_capture,13,12,1.5254237288135593,True,True,True,0.1016949152542373,1.0
M0:76:1,76,M0,1,primary_semantic_capture,26,25,2.717948717948718,True,True,True,0.10256410256410256,1.0
M0:77:0,77,M0,0,primary_semantic_capture,10,9,0.8909090909090909,False,False,True,0.01818181818181818,1.0
M0:77:1,77,M0,1,primary_semantic_capture,13,12,1.9454545454545455,True,True,True,0.01818181818181818,1.0
M0:77:2,77,M0,2,primary_semantic_capture,5,4,0.18181818181818182,False,False,True,0.01818181818181818,1.0
M0:77:4,77,M0,4,primary_semantic_capture,1,0,2.0727272727272728,True,True,True,0.05454545454545454,1.0
M0:77:5,77,M0,5,primary_semantic_capture,6,5,1.4727272727272727,True,True,True,0.16363636363636364,1.0
M0:77:5,77,M0,5,legacy_aligned_capture,6,5,1.4727272727272727,True,True,True,0.16363636363636364,1.0
M0:77:6,77,M0,6,primary_semantic_capture,5,4,1.4,True,True,True,0.21818181818181817,1.0
M0:77:7,77,M0,7,primary_semantic_capture,2,1,0.8727272727272727,False,False,True,0.07272727272727272,1.0
M0:77:7,77,M0,7,legacy_aligned_capture,2,1,0.8727272727272727,False,False,True,0.07272727272727272,1.0
M0:78:4,78,M0,4,primary_semantic_capture,4,3,0.8961038961038961,False,False,True,0.4675324675324675,1.0
M0:78:5,78,M0,5,primary_semantic_capture,15,14,1.1818181818181819,True,False,True,0.44155844155844154,1.0
M0:81:3,81,M0,3,primary_semantic_capture,24,23,0.8636363636363636,False,False,True,0.13636363636363635,1.0
M0:81:4,81,M0,4,primary_semantic_capture,14,13,0.8454545454545455,False,False,True,0.09090909090909091,1.0
M0:81:5,81,M0,5,primary_semantic_capture,9,8,0.7272727272727273,False,False,True,0.09090909090909091,1.0
M0:82:1,82,M0,1,primary_semantic_capture,1,0,1.3035714285714286,True,True,True,0.32142857142857145,1.0
M0:82:4,82,M0,4,primary_semantic_capture,25,24,1.9107142857142858,True,True,True,0.4107142857142857,1.0
M0:94:1,94,M0,1,primary_semantic_capture,1,0,0.9454545454545454,False,False,True,0.12727272727272726,1.0
M0:100:7,100,M0,7,primary_semantic_capture,5,4,0.967741935483871,False,False,True,0.20967741935483872,1.0
M0:117:0,117,M0,0,primary_semantic_capture,7,6,0.8048780487804879,False,False,True,0.024390243902439025,1.0
M0:117:1,117,M0,1,primary_semantic_capture,14,13,1.3414634146341464,True,True,True,0.14634146341463414,1.0
M0:117:3,117,M0,3,primary_semantic_capture,1,0,0.4878048780487805,False,False,True,0.0975609756097561,1.0
M0:117:5,117,M0,5,primary_semantic_capture,6,5,1.4390243902439024,True,True,True,0.12195121951219512,1.0
M0:117:6,117,M0,6,primary_semantic_capture,44,43,3.268292682926829,True,True,True,0.12195121951219512,1.0
M0:118:0,118,M0,0,primary_semantic_capture,4,3,0.95,False,False,True,0.2,1.0
M0:118:1,118,M0,1,primary_semantic_capture,1,0,0.8666666666666667,False,False,False,0.25,0.75
M0:118:2,118,M0,2,primary_semantic_capture,4,3,0.6166666666666667,False,False,True,0.2833333333333333,1.0
M0:118:5,118,M0,5,primary_semantic_capture,5,4,1.55,True,True,True,0.45,1.0
M0:122:0,122,M0,0,primary_semantic_capture,3,2,0.9166666666666666,False,False,True,0.30952380952380953,1.0
M0:122:1,122,M0,1,primary_semantic_capture,3,2,1.369047619047619,True,True,True,0.30952380952380953,1.0
M0:132:1,132,M0,1,primary_semantic_capture,3,2,0.8113207547169812,False,False,True,0.18867924528301888,1.0
M0:132:2,132,M0,2,primary_semantic_capture,1,0,0.8490566037735849,False,False,True,0.22641509433962265,1.0
M0:132:3,132,M0,3,primary_semantic_capture,20,19,1.2452830188679245,True,False,True,0.18867924528301888,1.0
M0:132:6,132,M0,6,primary_semantic_capture,1,0,0.5849056603773585,False,False,True,0.18867924528301888,1.0
M0:134:0,134,M0,0,primary_semantic_capture,3,2,0.9375,False,False,True,0.25,1.0
M0:134:3,134,M0,3,primary_semantic_capture,28,27,1.203125,True,False,True,0.09375,1.0
M0:134:5,134,M0,5,primary_semantic_capture,1,0,0.96875,False,False,True,0.453125,1.0
M0:134:6,134,M0,6,primary_semantic_capture,8,7,0.796875,False,False,True,0.3125,1.0
M0:134:7,134,M0,7,primary_semantic_capture,9,8,0.796875,False,False,True,0.390625,1.0
M0:137:3,137,M0,3,primary_semantic_capture,1,0,0.7608695652173914,False,False,True,0.2391304347826087,1.0
M0:138:3,138,M0,3,primary_semantic_capture,15,14,0.9397590361445783,False,False,True,0.18072289156626506,1.0
M0:144:1,144,M0,1,primary_semantic_capture,2,1,2.024390243902439,True,True,True,0.5853658536585366,1.0
M0:147:0,147,M0,0,primary_semantic_capture,44,43,1.851063829787234,True,True,True,0.3829787234042553,1.0
M0:151:4,151,M0,4,primary_semantic_capture,17,16,1.9428571428571428,True,True,True,0.5142857142857142,1.0
M0:153:0,153,M0,0,primary_semantic_capture,19,18,0.7448979591836735,False,False,True,0.12244897959183673,1.0
M0:153:3,153,M0,3,primary_semantic_capture,18,17,0.8469387755102041,False,False,True,0.15306122448979592,1.0
M0:154:3,154,M0,3,primary_semantic_capture,3,2,1.2337662337662338,True,False,True,0.35064935064935066,1.0
M0:154:4,154,M0,4,primary_semantic_capture,1,0,0.8181818181818182,False,False,True,0.2857142857142857,1.0
M0:154:5,154,M0,5,primary_semantic_capture,91,90,2.311688311688312,True,True,True,0.3116883116883117,1.0
M0:154:7,154,M0,7,primary_semantic_capture,38,37,1.4415584415584415,True,True,True,0.06493506493506493,1.0
M0:155:5,155,M0,5,primary_semantic_capture,40,39,1.4246575342465753,True,True,True,0.3150684931506849,1.0
M0:155:7,155,M0,7,primary_semantic_capture,3,2,0.8082191780821918,False,False,True,0.273972602739726,1.0
M0:155:7,155,M0,7,legacy_aligned_capture,3,2,0.8082191780821918,False,False,True,0.273972602739726,1.0
M0:160:1,160,M0,1,primary_semantic_capture,37,36,1.5535714285714286,True,True,True,0.07142857142857142,1.0
M0:160:2,160,M0,2,primary_semantic_capture,1,0,0.8392857142857143,False,False,True,0.08928571428571429,1.0
M0:160:3,160,M0,3,primary_semantic_capture,18,17,1.2321428571428572,True,False,True,0.08928571428571429,1.0
M0:160:5,160,M0,5,primary_semantic_capture,23,22,1.0,True,False,True,0.017857142857142856,1.0
M0:160:7,160,M0,7,primary_semantic_capture,2,1,1.0714285714285714,True,False,True,0.14285714285714285,1.0
M0:161:3,161,M0,3,primary_semantic_capture,18,17,1.6862745098039216,True,True,True,0.3137254901960784,1.0
M0:161:5,161,M0,5,primary_semantic_capture,22,21,2.4901960784313726,True,True,True,0.37254901960784315,1.0
M0:162:6,162,M0,6,primary_semantic_capture,45,44,2.0285714285714285,True,True,True,0.02857142857142857,1.0
M0:163:0,163,M0,0,primary_semantic_capture,22,21,0.5567010309278351,False,False,True,0.18556701030927836,1.0
M0:163:2,163,M0,2,primary_semantic_capture,9,8,0.8041237113402062,False,False,True,0.13402061855670103,1.0
M0:163:5,163,M0,5,primary_semantic_capture,1,0,0.6288659793814433,False,False,True,0.13402061855670103,1.0
M0:163:6,163,M0,6,primary_semantic_capture,4,3,0.5154639175257731,False,False,True,0.16494845360824742,1.0
M0:164:6,164,M0,6,primary_semantic_capture,40,39,1.7878787878787878,True,True,True,0.2727272727272727,1.0
M0:167:0,167,M0,0,primary_semantic_capture,4,3,1.558139534883721,True,True,True,0.13953488372093023,1.0
M0:167:3,167,M0,3,primary_semantic_capture,4,3,1.0232558139534884,True,False,True,0.20930232558139536,1.0
M0:167:4,167,M0,4,primary_semantic_capture,5,4,1.813953488372093,True,True,True,0.23255813953488372,1.0
M0:170:6,170,M0,6,primary_semantic_capture,59,58,1.462686567164179,True,True,True,0.1791044776119403,1.0
M0:170:7,170,M0,7,primary_semantic_capture,1,0,0.5671641791044776,False,False,True,0.14925373134328357,1.0
M0:171:1,171,M0,1,primary_semantic_capture,16,15,1.6031746031746033,True,True,True,0.3333333333333333,1.0
M0:175:5,175,M0,5,primary_semantic_capture,4,3,1.3214285714285714,True,True,True,0.5178571428571429,1.0
M0:177:7,177,M0,7,primary_semantic_capture,1,0,0.6764705882352942,False,False,True,0.2647058823529412,1.0
M0:177:7,177,M0,7,legacy_aligned_capture,1,0,0.6764705882352942,False,False,True,0.2647058823529412,1.0
M0:178:6,178,M0,6,primary_semantic_capture,4,3,0.6811594202898551,False,False,True,0.21739130434782608,1.0
M0:185:0,185,M0,0,primary_semantic_capture,6,5,7.375,True,True,True,0.25,1.0
M0:188:6,188,M0,6,primary_semantic_capture,22,21,1.6136363636363635,True,True,True,0.4318181818181818,1.0
M0:190:4,190,M0,4,primary_semantic_capture,8,7,1.161764705882353,True,False,True,0.22058823529411764,1.0
M0:193:2,193,M0,2,primary_semantic_capture,13,12,1.0804597701149425,True,False,True,0.3448275862068966,1.0
M0:196:1,196,M0,1,primary_semantic_capture,10,9,1.6341463414634145,True,True,True,0.34146341463414637,1.0
M0:196:5,196,M0,5,primary_semantic_capture,2,1,1.7804878048780488,True,True,True,0.36585365853658536,1.0
M0:202:2,202,M0,2,primary_semantic_capture,16,15,0.9534883720930233,False,False,True,0.38372093023255816,1.0
M0:202:3,202,M0,3,primary_semantic_capture,4,3,0.872093023255814,False,False,True,0.3023255813953488,1.0
M0:204:3,204,M0,3,primary_semantic_capture,21,20,0.8518518518518519,False,False,True,0.12037037037037036,1.0
M0:204:3,204,M0,3,legacy_aligned_capture,21,20,0.8518518518518519,False,False,True,0.12037037037037036,1.0
M0:204:5,204,M0,5,primary_semantic_capture,40,39,1.3333333333333333,True,True,True,0.3055555555555556,1.0
M0:204:6,204,M0,6,primary_semantic_capture,7,6,0.8981481481481481,False,False,True,0.25,1.0
M0:216:3,216,M0,3,primary_semantic_capture,41,40,1.4857142857142858,True,True,True,0.24285714285714285,1.0
M0:216:7,216,M0,7,primary_semantic_capture,21,20,1.2285714285714286,True,False,True,0.2714285714285714,1.0
M0:218:3,218,M0,3,primary_semantic_capture,3,2,1.5,True,True,True,0.2,1.0
M0:218:4,218,M0,4,primary_semantic_capture,3,2,1.36,True,True,True,0.2,1.0
M0:228:6,228,M0,6,primary_semantic_capture,1,0,0.6744186046511628,False,False,True,0.16279069767441862,1.0
M0:229:4,229,M0,4,primary_semantic_capture,27,26,1.3421052631578947,True,True,True,0.4473684210526316,1.0
M0:231:0,231,M0,0,primary_semantic_capture,12,11,1.3214285714285714,True,True,True,0.48214285714285715,1.0
M0:231:2,231,M0,2,primary_semantic_capture,20,19,1.375,True,True,True,0.5357142857142857,1.0
M0:231:3,231,M0,3,primary_semantic_capture,26,25,1.4285714285714286,True,True,True,0.5357142857142857,1.0
M0:231:4,231,M0,4,primary_semantic_capture,28,27,1.5178571428571428,True,True,True,0.5535714285714286,1.0
M0:232:1,232,M0,1,primary_semantic_capture,29,28,1.2696629213483146,True,True,True,0.3146067415730337,1.0
M0:238:0,238,M0,0,primary_semantic_capture,15,14,1.9285714285714286,True,True,True,0.30952380952380953,1.0
M0:238:7,238,M0,7,primary_semantic_capture,1,0,1.4761904761904763,True,True,True,0.09523809523809523,1.0
M0:250:5,250,M0,5,primary_semantic_capture,83,82,2.0588235294117645,True,True,True,0.1323529411764706,1.0
M0:252:3,252,M0,3,primary_semantic_capture,3,2,1.7567567567567568,True,True,True,0.28378378378378377,1.0
M0:253:0,253,M0,0,primary_semantic_capture,2,1,1.7045454545454546,True,True,True,0.2727272727272727,1.0
M0:257:0,257,M0,0,primary_semantic_capture,7,6,0.868421052631579,False,False,True,0.5,1.0
M0:259:5,259,M0,5,primary_semantic_capture,2,1,1.1964285714285714,True,False,True,0.39285714285714285,1.0
M0:268:7,268,M0,7,primary_semantic_capture,4,3,1.0454545454545454,True,False,True,0.18181818181818182,1.0
M0:274:1,274,M0,1,primary_semantic_capture,6,5,1.0963855421686748,True,False,True,0.2891566265060241,1.0
M0:274:5,274,M0,5,primary_semantic_capture,13,12,0.927710843373494,False,False,True,0.3493975903614458,1.0
M0:277:0,277,M0,0,primary_semantic_capture,11,10,1.3076923076923077,True,True,True,0.2153846153846154,1.0
M0:277:4,277,M0,4,primary_semantic_capture,20,19,1.5076923076923077,True,True,True,0.4153846153846154,1.0
M0:280:4,280,M0,4,primary_semantic_capture,2,1,1.8,True,True,True,0.15,1.0
M0:287:1,287,M0,1,primary_semantic_capture,16,15,1.2222222222222223,True,False,True,0.1746031746031746,1.0
M0:287:7,287,M0,7,primary_semantic_capture,3,2,0.9365079365079365,False,False,True,0.19047619047619047,1.0
M0:287:7,287,M0,7,legacy_aligned_capture,4,3,0.9523809523809523,False,False,True,0.19047619047619047,1.0
M0:291:4,291,M0,4,primary_semantic_capture,4,3,1.0227272727272727,True,False,True,0.3181818181818182,1.0
M0:291:4,291,M0,4,legacy_aligned_capture,4,3,1.0227272727272727,True,False,True,0.3181818181818182,1.0
M0:291:5,291,M0,5,primary_semantic_capture,5,4,1.6136363636363635,True,True,True,0.2727272727272727,1.0
M0:294:0,294,M0,0,primary_semantic_capture,4,3,1.139240506329114,True,False,True,0.25316455696202533,1.0
M0:294:1,294,M0,1,primary_semantic_capture,6,5,0.7088607594936709,False,False,True,0.11392405063291139,1.0
M0:294:2,294,M0,2,primary_semantic_capture,4,3,0.7215189873417721,False,False,True,0.27848101265822783,1.0
M0:294:3,294,M0,3,primary_semantic_capture,4,3,0.7721518987341772,False,False,True,0.22784810126582278,1.0
M0:294:5,294,M0,5,primary_semantic_capture,10,9,1.4177215189873418,True,True,True,0.27848101265822783,1.0
M0:298:0,298,M0,0,primary_semantic_capture,5,4,1.2911392405063291,True,True,True,0.5949367088607594,1.0
M0:298:3,298,M0,3,primary_semantic_capture,20,19,1.8734177215189873,True,True,True,0.4936708860759494,1.0
M0:298:4,298,M0,4,primary_semantic_capture,13,12,1.1518987341772151,True,False,True,0.5443037974683544,1.0
M0:298:5,298,M0,5,primary_semantic_capture,22,21,1.4177215189873418,True,True,True,0.3924050632911392,1.0
M0:301:3,301,M0,3,primary_semantic_capture,9,8,1.3846153846153846,True,True,True,0.358974358974359,1.0
M0:314:3,314,M0,3,primary_semantic_capture,1,0,1.2222222222222223,True,False,True,0.4166666666666667,1.0
M0:323:7,323,M0,7,primary_semantic_capture,2,1,4.5,True,True,True,0.13636363636363635,1.0
M0:325:0,325,M0,0,primary_semantic_capture,5,4,0.8333333333333334,False,False,True,0.1,1.0
M0:325:1,325,M0,1,primary_semantic_capture,3,2,0.6,False,False,True,0.13333333333333333,1.0
M0:325:2,325,M0,2,primary_semantic_capture,2,1,0.4,False,False,True,0.06666666666666667,1.0
M0:325:7,325,M0,7,primary_semantic_capture,4,3,0.9333333333333333,False,False,True,0.06666666666666667,1.0
M0:325:7,325,M0,7,legacy_aligned_capture,4,3,0.9333333333333333,False,False,True,0.06666666666666667,1.0
M0:328:5,328,M0,5,primary_semantic_capture,11,10,1.2058823529411764,True,False,True,0.08823529411764706,1.0
M0:328:6,328,M0,6,primary_semantic_capture,49,48,3.3529411764705883,True,True,True,0.08823529411764706,1.0
M0:329:2,329,M0,2,primary_semantic_capture,10,9,1.3103448275862069,True,True,True,0.22413793103448276,1.0
M0:329:4,329,M0,4,primary_semantic_capture,9,8,1.5689655172413792,True,True,True,0.27586206896551724,1.0
M0:332:4,332,M0,4,primary_semantic_capture,1,0,1.0,True,False,True,0.4782608695652174,1.0
M0:336:7,336,M0,7,primary_semantic_capture,9,8,1.5957446808510638,True,True,True,0.02127659574468085,1.0
M0:342:4,342,M0,4,primary_semantic_capture,1,0,1.0434782608695652,True,False,False,0.17391304347826086,0.5714285714285714
M0:343:2,343,M0,2,primary_semantic_capture,16,15,1.0175438596491229,True,False,True,0.2807017543859649,1.0
M0:345:4,345,M0,4,primary_semantic_capture,6,5,1.0,True,False,True,0.12790697674418605,1.0
M0:345:7,345,M0,7,primary_semantic_capture,19,18,1.1046511627906976,True,False,True,0.12790697674418605,1.0
M0:347:0,347,M0,0,primary_semantic_capture,10,9,0.5714285714285714,False,False,True,0.17582417582417584,1.0
M0:348:5,348,M0,5,primary_semantic_capture,6,5,2.2903225806451615,True,True,True,0.1935483870967742,1.0
M0:348:5,348,M0,5,legacy_aligned_capture,7,6,2.3225806451612905,True,True,True,0.1935483870967742,1.0
M0:355:0,355,M0,0,primary_semantic_capture,20,19,1.1607142857142858,True,False,True,0.25,1.0
M0:356:0,356,M0,0,primary_semantic_capture,8,7,1.0517241379310345,True,False,True,0.3275862068965517,1.0
M0:356:2,356,M0,2,primary_semantic_capture,2,1,0.6724137931034483,False,False,True,0.1724137931034483,1.0
M0:356:3,356,M0,3,primary_semantic_capture,15,14,0.8620689655172413,False,False,True,0.25862068965517243,1.0
M0:356:4,356,M0,4,primary_semantic_capture,14,13,1.0517241379310345,True,False,True,0.2413793103448276,1.0
M0:356:5,356,M0,5,primary_semantic_capture,4,3,0.8275862068965517,False,False,True,0.27586206896551724,1.0
M0:356:5,356,M0,5,legacy_aligned_capture,4,3,0.8275862068965517,False,False,True,0.27586206896551724,1.0
M0:359:5,359,M0,5,primary_semantic_capture,12,11,2.1739130434782608,True,True,True,0.17391304347826086,1.0
M0:369:0,369,M0,0,primary_semantic_capture,4,3,1.1666666666666667,True,False,True,0.1111111111111111,1.0
M0:369:1,369,M0,1,primary_semantic_capture,9,8,1.3888888888888888,True,True,True,0.027777777777777776,1.0
M0:369:2,369,M0,2,primary_semantic_capture,4,3,1.1388888888888888,True,False,True,0.027777777777777776,1.0
M0:369:3,369,M0,3,primary_semantic_capture,7,6,1.3888888888888888,True,True,True,0.08333333333333333,1.0
M0:369:4,369,M0,4,primary_semantic_capture,7,6,1.6388888888888888,True,True,True,0.05555555555555555,1.0
M0:369:4,369,M0,4,legacy_aligned_capture,7,6,1.6388888888888888,True,True,True,0.05555555555555555,1.0
M0:369:5,369,M0,5,primary_semantic_capture,6,5,1.3611111111111112,True,True,True,0.1111111111111111,1.0
M0:369:7,369,M0,7,primary_semantic_capture,14,13,1.2777777777777777,True,True,True,0.1388888888888889,1.0
M0:375:3,375,M0,3,primary_semantic_capture,17,16,1.4634146341463414,True,True,True,0.14634146341463414,1.0
M0:376:5,376,M0,5,primary_semantic_capture,13,12,1.0724637681159421,True,False,True,0.2753623188405797,1.0
M0:376:6,376,M0,6,primary_semantic_capture,4,3,0.6956521739130435,False,False,True,0.11594202898550725,1.0
M0:376:7,376,M0,7,primary_semantic_capture,1,0,0.782608695652174,False,False,True,0.2318840579710145,1.0
M0:377:2,377,M0,2,primary_semantic_capture,10,9,1.4857142857142858,True,True,True,0.37142857142857144,1.0
M0:382:5,382,M0,5,primary_semantic_capture,1,0,1.2222222222222223,True,False,True,0.4,1.0
M0:389:1,389,M0,1,primary_semantic_capture,2,1,0.7777777777777778,False,False,True,0.19047619047619047,1.0
M0:390:5,390,M0,5,primary_semantic_capture,1,0,0.4260869565217391,False,False,False,0.26956521739130435,0.8611111111111112
M0:394:2,394,M0,2,primary_semantic_capture,2,1,1.5555555555555556,True,True,True,0.7555555555555555,1.0
M0:395:3,395,M0,3,primary_semantic_capture,22,21,2.9473684210526314,True,True,True,0.15789473684210525,1.0
M0:395:5,395,M0,5,primary_semantic_capture,5,4,4.0,True,True,True,0.21052631578947367,1.0
M0:405:3,405,M0,3,primary_semantic_capture,4,3,2.3870967741935485,True,True,True,0.45161290322580644,1.0
M0:406:5,406,M0,5,primary_semantic_capture,3,2,1.206896551724138,True,False,True,0.2413793103448276,1.0
M0:407:1,407,M0,1,primary_semantic_capture,1,0,1.7209302325581395,True,True,True,0.32558139534883723,1.0
M0:418:5,418,M0,5,primary_semantic_capture,1,0,1.903225806451613,True,True,True,0.2903225806451613,1.0
M0:425:6,425,M0,6,primary_semantic_capture,4,3,1.275,True,True,True,0.35,1.0
M0:426:0,426,M0,0,primary_semantic_capture,5,4,0.7037037037037037,False,False,True,0.1111111111111111,1.0
M0:426:4,426,M0,4,primary_semantic_capture,6,5,1.1481481481481481,True,False,True,0.18518518518518517,1.0
M0:426:7,426,M0,7,primary_semantic_capture,3,2,0.7407407407407407,False,False,True,0.16666666666666666,1.0
M0:432:0,432,M0,0,primary_semantic_capture,1,0,0.8260869565217391,False,False,True,0.21739130434782608,1.0
M0:432:4,432,M0,4,primary_semantic_capture,3,2,0.9130434782608695,False,False,True,0.21739130434782608,1.0
M0:432:6,432,M0,6,primary_semantic_capture,3,2,0.9782608695652174,False,False,True,0.2826086956521739,1.0
M0:432:7,432,M0,7,primary_semantic_capture,2,1,1.0,True,False,True,0.17391304347826086,1.0
M0:434:3,434,M0,3,primary_semantic_capture,9,8,1.3846153846153846,True,True,True,0.23076923076923078,1.0
M0:435:5,435,M0,5,primary_semantic_capture,9,8,1.2765957446808511,True,True,True,0.46808510638297873,1.0
M0:439:2,439,M0,2,primary_semantic_capture,4,3,1.5,True,True,True,0.42857142857142855,1.0
M0:441:0,441,M0,0,primary_semantic_capture,8,7,0.9518072289156626,False,False,True,0.2891566265060241,1.0
M0:441:3,441,M0,3,primary_semantic_capture,13,12,1.0963855421686748,True,False,True,0.3855421686746988,1.0
M0:441:5,441,M0,5,primary_semantic_capture,15,14,1.4578313253012047,True,True,True,0.3373493975903614,1.0
M0:441:6,441,M0,6,primary_semantic_capture,2,1,1.0240963855421688,True,False,True,0.3493975903614458,1.0
M0:441:7,441,M0,7,primary_semantic_capture,16,15,1.8433734939759037,True,True,True,0.30120481927710846,1.0
M0:451:1,451,M0,1,primary_semantic_capture,2,1,0.6470588235294118,False,False,True,0.29411764705882354,1.0
M0:451:1,451,M0,1,legacy_aligned_capture,2,1,0.6470588235294118,False,False,True,0.29411764705882354,1.0
M0:457:0,457,M0,0,primary_semantic_capture,19,18,1.6363636363636365,True,True,True,0.09090909090909091,1.0
M0:459:6,459,M0,6,primary_semantic_capture,3,2,1.1911764705882353,True,False,True,0.25,1.0
M0:459:7,459,M0,7,primary_semantic_capture,1,0,1.25,True,True,True,0.17647058823529413,1.0
M0:460:0,460,M0,0,primary_semantic_capture,6,5,2.388888888888889,True,True,True,0.4583333333333333,1.0
M0:473:0,473,M0,0,primary_semantic_capture,8,7,1.5476190476190477,True,True,True,0.42857142857142855,1.0
M0:477:5,477,M0,5,primary_semantic_capture,16,15,1.4210526315789473,True,True,True,0.15789473684210525,1.0
M0:477:6,477,M0,6,primary_semantic_capture,2,1,1.736842105263158,True,True,True,0.2894736842105263,1.0
M0:477:7,477,M0,7,primary_semantic_capture,10,9,1.2894736842105263,True,True,True,0.2631578947368421,1.0
M0:479:5,479,M0,5,primary_semantic_capture,40,39,1.9056603773584906,True,True,True,0.32075471698113206,1.0
M0:481:2,481,M0,2,primary_semantic_capture,59,58,1.492063492063492,True,True,True,0.09523809523809523,1.0
M0:481:3,481,M0,3,primary_semantic_capture,1,0,0.4126984126984127,False,False,False,0.12698412698412698,0.6666666666666666
M0:481:4,481,M0,4,primary_semantic_capture,12,11,1.3333333333333333,True,True,True,0.20634920634920634,1.0
M0:485:5,485,M0,5,primary_semantic_capture,25,24,1.25,True,True,True,0.1323529411764706,1.0
M0:486:1,486,M0,1,primary_semantic_capture,1,0,0.6538461538461539,False,False,True,0.21794871794871795,1.0
M0:486:4,486,M0,4,primary_semantic_capture,1,0,0.6153846153846154,False,False,True,0.24358974358974358,1.0
M0:486:6,486,M0,6,primary_semantic_capture,2,1,0.6538461538461539,False,False,True,0.15384615384615385,1.0
M0:488:3,488,M0,3,primary_semantic_capture,1,0,1.1515151515151516,True,False,True,0.3484848484848485,1.0
M0:507:4,507,M0,4,primary_semantic_capture,4,3,1.109375,True,False,True,0.171875,1.0
M0:507:4,507,M0,4,legacy_aligned_capture,4,3,1.109375,True,False,True,0.171875,1.0
M0:508:0,508,M0,0,primary_semantic_capture,5,4,1.1311475409836065,True,False,False,0.7213114754098361,0.8979591836734694
M0:508:7,508,M0,7,primary_semantic_capture,8,7,1.1475409836065573,True,False,True,0.7049180327868853,1.0
M0:510:2,510,M0,2,primary_semantic_capture,7,6,3.2333333333333334,True,True,True,0.16666666666666666,1.0
M0:510:2,510,M0,2,legacy_aligned_capture,7,6,3.2333333333333334,True,True,True,0.16666666666666666,1.0
M0:513:7,513,M0,7,primary_semantic_capture,3,2,1.875,True,True,True,0.328125,1.0
M0:515:5,515,M0,5,primary_semantic_capture,1,0,0.8846153846153846,False,False,True,0.17307692307692307,1.0
M0:515:6,515,M0,6,primary_semantic_capture,4,3,1.5,True,True,True,0.3269230769230769,1.0
M0:516:2,516,M0,2,primary_semantic_capture,2,1,1.0363636363636364,True,False,True,0.6,1.0
M0:519:6,519,M0,6,primary_semantic_capture,1,0,0.35,False,False,True,0.05,1.0
M0:519:6,519,M0,6,legacy_aligned_capture,1,0,0.35,False,False,True,0.05,1.0
M0:520:4,520,M0,4,primary_semantic_capture,1,0,0.8888888888888888,False,False,True,0.1111111111111111,1.0
M0:521:1,521,M0,1,primary_semantic_capture,20,19,1.2837837837837838,True,True,True,0.22972972972972974,1.0
M0:524:0,524,M0,0,primary_semantic_capture,7,6,1.1194029850746268,True,False,True,0.08955223880597014,1.0
M0:524:2,524,M0,2,primary_semantic_capture,14,13,1.462686567164179,True,True,True,0.3283582089552239,1.0
M0:524:6,524,M0,6,primary_semantic_capture,1,0,1.044776119402985,True,False,True,0.16417910447761194,1.0
M0:524:7,524,M0,7,primary_semantic_capture,1,0,1.2388059701492538,True,False,True,0.05970149253731343,1.0
M0:530:4,530,M0,4,primary_semantic_capture,30,29,2.2,True,True,True,0.49230769230769234,1.0
M0:537:0,537,M0,0,primary_semantic_capture,2,1,0.8867924528301887,False,False,True,0.2641509433962264,1.0
M0:537:2,537,M0,2,primary_semantic_capture,20,19,1.8679245283018868,True,True,True,0.1509433962264151,1.0
M0:539:3,539,M0,3,primary_semantic_capture,1,0,1.3055555555555556,True,True,True,0.1111111111111111,1.0
M0:547:1,547,M0,1,primary_semantic_capture,2,1,1.216867469879518,True,False,True,0.3373493975903614,1.0
M0:547:3,547,M0,3,primary_semantic_capture,16,15,1.6024096385542168,True,True,True,0.27710843373493976,1.0
M0:547:7,547,M0,7,primary_semantic_capture,3,2,1.180722891566265,True,False,True,0.3493975903614458,1.0
M0:548:5,548,M0,5,primary_semantic_capture,2,1,0.8723404255319149,False,False,True,0.23404255319148937,1.0
M0:548:6,548,M0,6,primary_semantic_capture,6,5,1.8936170212765957,True,True,True,0.14893617021276595,1.0
M0:548:7,548,M0,7,primary_semantic_capture,14,13,1.9148936170212767,True,True,True,0.23404255319148937,1.0
M0:549:1,549,M0,1,primary_semantic_capture,1,0,0.7627118644067796,False,False,True,0.3050847457627119,1.0
M0:553:4,553,M0,4,primary_semantic_capture,5,4,1.8076923076923077,True,True,True,0.25,1.0
M0:553:4,553,M0,4,legacy_aligned_capture,5,4,1.8076923076923077,True,True,True,0.25,1.0
M0:553:6,553,M0,6,primary_semantic_capture,21,20,2.423076923076923,True,True,True,0.23076923076923078,1.0
M0:558:2,558,M0,2,primary_semantic_capture,19,18,1.024390243902439,True,False,True,0.32926829268292684,1.0
M0:558:6,558,M0,6,primary_semantic_capture,49,48,1.3902439024390243,True,True,True,0.3048780487804878,1.0
M0:558:7,558,M0,7,primary_semantic_capture,26,25,0.8414634146341463,False,False,True,0.24390243902439024,1.0
M0:559:2,559,M0,2,primary_semantic_capture,1,0,1.8095238095238095,True,True,True,0.6190476190476191,1.0
M0:568:4,568,M0,4,primary_semantic_capture,9,8,1.3142857142857143,True,True,True,0.08571428571428572,1.0
M0:568:6,568,M0,6,primary_semantic_capture,1,0,1.457142857142857,True,True,True,0.14285714285714285,1.0
M0:569:1,569,M0,1,primary_semantic_capture,14,13,1.0078740157480315,True,False,True,0.09448818897637795,1.0
M0:570:0,570,M0,0,primary_semantic_capture,3,2,1.8181818181818181,True,True,True,0.24242424242424243,1.0
M0:570:3,570,M0,3,primary_semantic_capture,6,5,1.9696969696969697,True,True,True,0.030303030303030304,1.0
M0:570:7,570,M0,7,primary_semantic_capture,5,4,1.3636363636363635,True,True,True,0.24242424242424243,1.0
M0:576:2,576,M0,2,primary_semantic_capture,13,12,0.9879518072289156,False,False,True,0.18072289156626506,1.0
M0:576:7,576,M0,7,primary_semantic_capture,2,1,1.2650602409638554,True,True,True,0.26506024096385544,1.0
M0:585:1,585,M0,1,primary_semantic_capture,24,23,2.109375,True,True,True,0.140625,1.0
M0:587:4,587,M0,4,primary_semantic_capture,4,3,1.2528735632183907,True,True,True,0.3333333333333333,1.0
M0:590:1,590,M0,1,primary_semantic_capture,4,3,1.5609756097560976,True,True,True,0.12195121951219512,1.0
M0:590:5,590,M0,5,primary_semantic_capture,3,2,1.3658536585365855,True,True,True,0.0975609756097561,1.0
M0:591:6,591,M0,6,primary_semantic_capture,4,3,1.8,True,True,True,0.25,1.0
M0:592:0,592,M0,0,primary_semantic_capture,11,10,0.6901408450704225,False,False,True,0.11267605633802817,1.0
M0:592:1,592,M0,1,primary_semantic_capture,5,4,0.38028169014084506,False,False,True,0.14084507042253522,1.0
M0:592:2,592,M0,2,primary_semantic_capture,1,0,0.704225352112676,False,False,True,0.15492957746478872,1.0
M0:592:6,592,M0,6,primary_semantic_capture,11,10,0.647887323943662,False,False,True,0.09859154929577464,1.0
M0:592:7,592,M0,7,primary_semantic_capture,5,4,0.6901408450704225,False,False,True,0.1267605633802817,1.0
M0:595:6,595,M0,6,primary_semantic_capture,1,0,1.7241379310344827,True,True,,0.0,nan
M0:600:6,600,M0,6,primary_semantic_capture,9,8,1.290909090909091,True,True,True,0.2545454545454545,1.0
M0:601:2,601,M0,2,primary_semantic_capture,9,8,1.24,True,False,True,0.32,1.0
M0:601:7,601,M0,7,primary_semantic_capture,28,27,1.64,True,True,True,0.36,1.0
M0:604:1,604,M0,1,primary_semantic_capture,18,17,0.9206349206349206,False,False,True,0.42063492063492064,1.0
M0:604:2,604,M0,2,primary_semantic_capture,8,7,0.3968253968253968,False,False,True,0.047619047619047616,1.0
M0:604:3,604,M0,3,primary_semantic_capture,14,13,0.6587301587301587,False,False,True,0.23015873015873015,1.0
M0:608:2,608,M0,2,primary_semantic_capture,11,10,1.144927536231884,True,False,True,0.5072463768115942,1.0
M0:609:0,609,M0,0,primary_semantic_capture,1,0,0.8571428571428571,False,False,True,0.5238095238095238,1.0
M0:610:7,610,M0,7,primary_semantic_capture,4,3,1.2394366197183098,True,False,True,0.22535211267605634,1.0
M0:612:6,612,M0,6,primary_semantic_capture,7,6,0.5517241379310345,False,False,True,0.3017241379310345,1.0
M0:617:0,617,M0,0,primary_semantic_capture,29,28,1.518987341772152,True,True,True,0.1518987341772152,1.0
M0:617:1,617,M0,1,primary_semantic_capture,55,54,1.6962025316455696,True,True,True,0.25316455696202533,1.0
M0:617:2,617,M0,2,primary_semantic_capture,3,2,1.1139240506329113,True,False,True,0.12658227848101267,1.0
M0:617:3,617,M0,3,primary_semantic_capture,91,90,2.5316455696202533,True,True,True,0.21518987341772153,1.0
M0:617:5,617,M0,5,primary_semantic_capture,18,17,1.4936708860759493,True,True,True,0.13924050632911392,1.0
M0:617:6,617,M0,6,primary_semantic_capture,21,20,1.2658227848101267,True,True,True,0.3037974683544304,1.0
M0:617:7,617,M0,7,primary_semantic_capture,4,3,0.9746835443037974,False,False,True,0.13924050632911392,1.0
M0:620:5,620,M0,5,primary_semantic_capture,11,10,1.4179104477611941,True,True,True,0.3283582089552239,1.0
M0:621:5,621,M0,5,primary_semantic_capture,1,0,0.7323943661971831,False,False,True,0.30985915492957744,1.0
M0:631:0,631,M0,0,primary_semantic_capture,3,2,0.9166666666666666,False,False,True,0.3055555555555556,1.0
M0:631:5,631,M0,5,primary_semantic_capture,52,51,1.6388888888888888,True,True,True,0.2916666666666667,1.0
M0:631:7,631,M0,7,primary_semantic_capture,6,5,0.7916666666666666,False,False,True,0.2916666666666667,1.0
M0:632:0,632,M0,0,primary_semantic_capture,3,2,2.475,True,True,True,0.275,1.0
M0:632:2,632,M0,2,primary_semantic_capture,19,18,3.675,True,True,True,0.375,1.0
M0:632:3,632,M0,3,primary_semantic_capture,7,6,2.075,True,True,True,0.275,1.0
M0:632:4,632,M0,4,primary_semantic_capture,3,2,2.45,True,True,True,0.275,1.0
M0:632:5,632,M0,5,primary_semantic_capture,10,9,1.7,True,True,True,0.35,1.0
M0:632:6,632,M0,6,primary_semantic_capture,22,21,2.075,True,True,True,0.275,1.0
M0:644:1,644,M0,1,primary_semantic_capture,3,2,0.37681159420289856,False,False,True,0.13043478260869565,1.0
M0:644:1,644,M0,1,legacy_aligned_capture,3,2,0.37681159420289856,False,False,True,0.13043478260869565,1.0
M0:651:0,651,M0,0,primary_semantic_capture,6,5,0.6027397260273972,False,False,True,0.2054794520547945,1.0
M0:651:1,651,M0,1,primary_semantic_capture,5,4,0.8082191780821918,False,False,True,0.2191780821917808,1.0
M0:651:3,651,M0,3,primary_semantic_capture,12,11,0.8082191780821918,False,False,True,0.1232876712328767,1.0
M0:651:4,651,M0,4,primary_semantic_capture,4,3,0.9452054794520548,False,False,True,0.0410958904109589,1.0
M0:651:5,651,M0,5,primary_semantic_capture,9,8,1.2465753424657535,True,False,True,0.3287671232876712,1.0
M0:651:6,651,M0,6,primary_semantic_capture,1,0,1.0,True,False,True,0.1917808219178082,1.0
M0:651:7,651,M0,7,primary_semantic_capture,2,1,0.9452054794520548,False,False,True,0.2465753424657534,1.0
M0:652:0,652,M0,0,primary_semantic_capture,12,11,0.6907216494845361,False,False,True,0.030927835051546393,1.0
M0:655:1,655,M0,1,primary_semantic_capture,5,4,1.3728813559322033,True,True,True,0.4576271186440678,1.0
M0:655:5,655,M0,5,primary_semantic_capture,4,3,1.305084745762712,True,True,True,0.3050847457627119,1.0
M0:656:6,656,M0,6,primary_semantic_capture,16,15,2.2439024390243905,True,True,True,0.0975609756097561,1.0
M0:660:3,660,M0,3,primary_semantic_capture,4,3,0.6631578947368421,False,False,True,0.18947368421052632,1.0
M0:664:0,664,M0,0,primary_semantic_capture,12,11,2.188679245283019,True,True,True,0.33962264150943394,1.0
M0:664:1,664,M0,1,primary_semantic_capture,1,0,1.3773584905660377,True,True,True,0.32075471698113206,1.0
M0:665:6,665,M0,6,primary_semantic_capture,13,12,0.9634146341463414,False,False,False,0.18292682926829268,0.9375
M0:665:7,665,M0,7,primary_semantic_capture,3,2,1.1219512195121952,True,False,True,0.21951219512195122,1.0
M0:668:2,668,M0,2,primary_semantic_capture,6,5,1.0595238095238095,True,False,True,0.2857142857142857,1.0
M0:668:2,668,M0,2,legacy_aligned_capture,6,5,1.0595238095238095,True,False,True,0.2857142857142857,1.0
M0:668:5,668,M0,5,primary_semantic_capture,14,13,0.75,False,False,True,0.15476190476190477,1.0
M0:672:6,672,M0,6,primary_semantic_capture,2,1,0.6458333333333334,False,False,True,0.14583333333333334,1.0
M0:672:6,672,M0,6,legacy_aligned_capture,2,1,0.6458333333333334,False,False,True,0.14583333333333334,1.0
M0:672:7,672,M0,7,primary_semantic_capture,3,2,1.0625,True,False,True,0.3125,1.0
M0:672:7,672,M0,7,legacy_aligned_capture,3,2,1.0625,True,False,True,0.3125,1.0
M0:679:0,679,M0,0,primary_semantic_capture,25,24,1.309090909090909,True,True,True,0.2545454545454545,1.0
M0:679:4,679,M0,4,primary_semantic_capture,21,20,2.1272727272727274,True,True,True,0.5272727272727272,1.0
M0:680:2,680,M0,2,primary_semantic_capture,6,5,0.9558823529411765,False,False,True,0.3382352941176471,1.0
M0:680:6,680,M0,6,primary_semantic_capture,7,6,0.7794117647058824,False,False,True,0.2647058823529412,1.0
M0:684:1,684,M0,1,primary_semantic_capture,5,4,0.5846153846153846,False,False,True,0.16923076923076924,1.0
M0:684:3,684,M0,3,primary_semantic_capture,12,11,0.7692307692307693,False,False,True,0.046153846153846156,1.0
M0:684:4,684,M0,4,primary_semantic_capture,3,2,1.0153846153846153,True,False,True,0.07692307692307693,1.0
M0:684:6,684,M0,6,primary_semantic_capture,7,6,0.6307692307692307,False,False,True,0.1076923076923077,1.0
M0:684:7,684,M0,7,primary_semantic_capture,3,2,0.8,False,False,True,0.12307692307692308,1.0
M0:685:0,685,M0,0,primary_semantic_capture,22,21,2.1551724137931036,True,True,True,0.3275862068965517,1.0
M0:688:3,688,M0,3,primary_semantic_capture,12,11,2.0847457627118646,True,True,True,0.23728813559322035,1.0
M0:689:0,689,M0,0,primary_semantic_capture,15,14,1.2388059701492538,True,False,True,0.29850746268656714,1.0
M0:695:6,695,M0,6,primary_semantic_capture,26,25,1.8080808080808082,True,True,True,0.3838383838383838,1.0
M0:695:7,695,M0,7,primary_semantic_capture,8,7,0.7272727272727273,False,False,True,0.18181818181818182,1.0
M0:703:5,703,M0,5,primary_semantic_capture,3,2,0.9382716049382716,False,False,True,0.3333333333333333,1.0
M0:703:6,703,M0,6,primary_semantic_capture,8,7,0.6790123456790124,False,False,True,0.2345679012345679,1.0
M0:704:0,704,M0,0,primary_semantic_capture,1,0,3.4285714285714284,True,True,,0.0,nan
M0:704:0,704,M0,0,legacy_aligned_capture,1,0,3.4285714285714284,True,True,,0.0,nan
M0:704:2,704,M0,2,primary_semantic_capture,12,11,2.6666666666666665,True,True,True,0.047619047619047616,1.0
M0:704:4,704,M0,4,primary_semantic_capture,20,19,3.3333333333333335,True,True,,0.0,nan
M0:704:5,704,M0,5,primary_semantic_capture,7,6,4.333333333333333,True,True,,0.0,nan
M0:704:5,704,M0,5,legacy_aligned_capture,7,6,4.333333333333333,True,True,,0.0,nan
M0:707:2,707,M0,2,primary_semantic_capture,14,13,1.2650602409638554,True,True,True,0.0963855421686747,1.0
M0:707:3,707,M0,3,primary_semantic_capture,3,2,0.6265060240963856,False,False,True,0.2891566265060241,1.0
M0:707:5,707,M0,5,primary_semantic_capture,11,10,0.7710843373493976,False,False,True,0.1927710843373494,1.0
M0:707:5,707,M0,5,legacy_aligned_capture,11,10,0.7710843373493976,False,False,True,0.1927710843373494,1.0
M0:710:7,710,M0,7,primary_semantic_capture,7,6,1.164179104477612,True,False,True,0.07462686567164178,1.0
M0:712:4,712,M0,4,primary_semantic_capture,1,0,0.873015873015873,False,False,True,0.07936507936507936,1.0
M0:719:0,719,M0,0,primary_semantic_capture,18,17,1.4,True,True,True,0.18333333333333332,1.0
M0:719:2,719,M0,2,primary_semantic_capture,8,7,1.6833333333333333,True,True,True,0.48333333333333334,1.0
M0:719:3,719,M0,3,primary_semantic_capture,3,2,1.4833333333333334,True,True,True,0.13333333333333333,1.0
M0:719:5,719,M0,5,primary_semantic_capture,1,0,1.6666666666666667,True,True,True,0.4666666666666667,1.0
M0:719:7,719,M0,7,primary_semantic_capture,19,18,0.9,False,False,True,0.31666666666666665,1.0
M0:721:0,721,M0,0,primary_semantic_capture,14,13,1.144736842105263,True,False,True,0.34210526315789475,1.0
M0:725:7,725,M0,7,primary_semantic_capture,8,7,0.8441558441558441,False,False,True,0.42857142857142855,1.0
M0:728:4,728,M0,4,primary_semantic_capture,11,10,0.9333333333333333,False,False,True,0.18666666666666668,1.0
M0:730:0,730,M0,0,primary_semantic_capture,7,6,1.1153846153846154,True,False,True,0.20512820512820512,1.0
M0:730:1,730,M0,1,primary_semantic_capture,2,1,1.064102564102564,True,False,True,0.2692307692307692,1.0
M0:730:3,730,M0,3,primary_semantic_capture,11,10,0.7948717948717948,False,False,True,0.23076923076923078,1.0
M0:730:6,730,M0,6,primary_semantic_capture,1,0,0.5,False,False,True,0.20512820512820512,1.0
M0:730:7,730,M0,7,primary_semantic_capture,3,2,1.3461538461538463,True,True,True,0.34615384615384615,1.0
M0:734:0,734,M0,0,primary_semantic_capture,22,21,1.144736842105263,True,False,True,0.35526315789473684,1.0
M0:735:0,735,M0,0,primary_semantic_capture,19,18,1.1318681318681318,True,False,True,0.38461538461538464,1.0
M0:735:2,735,M0,2,primary_semantic_capture,7,6,0.967032967032967,False,False,True,0.12087912087912088,1.0
M0:735:6,735,M0,6,primary_semantic_capture,5,4,0.8681318681318682,False,False,True,0.38461538461538464,1.0
M0:739:0,739,M0,0,primary_semantic_capture,7,6,0.953125,False,False,True,0.40625,1.0
M0:739:7,739,M0,7,primary_semantic_capture,12,11,0.890625,False,False,True,0.203125,1.0
M0:740:4,740,M0,4,primary_semantic_capture,1,0,2.111111111111111,True,True,True,0.2222222222222222,1.0
M0:740:7,740,M0,7,primary_semantic_capture,7,6,2.138888888888889,True,True,True,0.4166666666666667,1.0
M0:743:6,743,M0,6,primary_semantic_capture,3,2,1.1066666666666667,True,False,True,0.49333333333333335,1.0
M0:745:3,745,M0,3,primary_semantic_capture,7,6,0.9545454545454546,False,False,True,0.10227272727272728,1.0
M0:747:0,747,M0,0,primary_semantic_capture,13,12,1.56,True,True,True,0.4,1.0
M0:747:1,747,M0,1,primary_semantic_capture,5,4,1.6,True,True,True,0.38,1.0
M0:747:4,747,M0,4,primary_semantic_capture,31,30,1.96,True,True,True,0.34,1.0
M0:747:5,747,M0,5,primary_semantic_capture,17,16,1.56,True,True,True,0.32,1.0
M0:755:2,755,M0,2,primary_semantic_capture,2,1,0.8279569892473119,False,False,True,0.3870967741935484,1.0
M0:757:4,757,M0,4,primary_semantic_capture,12,11,1.7121212121212122,True,True,True,0.3939393939393939,1.0
M0:758:7,758,M0,7,primary_semantic_capture,2,1,1.3888888888888888,True,True,True,0.3333333333333333,1.0
M0:765:0,765,M0,0,primary_semantic_capture,9,8,1.2127659574468086,True,False,True,0.40425531914893614,1.0
M0:770:1,770,M0,1,primary_semantic_capture,5,4,0.978021978021978,False,False,True,0.08791208791208792,1.0
M0:770:1,770,M0,1,legacy_aligned_capture,5,4,0.978021978021978,False,False,True,0.08791208791208792,1.0
M0:770:7,770,M0,7,primary_semantic_capture,12,11,1.2967032967032968,True,True,True,0.12087912087912088,1.0
M0:772:2,772,M0,2,primary_semantic_capture,1,0,2.1555555555555554,True,True,True,0.15555555555555556,1.0
M0:772:3,772,M0,3,primary_semantic_capture,28,27,2.422222222222222,True,True,True,0.2,1.0
M0:772:6,772,M0,6,primary_semantic_capture,3,2,2.111111111111111,True,True,True,0.1111111111111111,1.0
M0:773:7,773,M0,7,primary_semantic_capture,15,14,1.35,True,True,True,0.22,1.0
M0:774:7,774,M0,7,primary_semantic_capture,14,13,2.242424242424242,True,True,True,0.16666666666666666,1.0
M0:775:2,775,M0,2,primary_semantic_capture,9,8,1.5,True,True,True,0.23076923076923078,1.0
M0:775:3,775,M0,3,primary_semantic_capture,2,1,1.3076923076923077,True,True,True,0.23076923076923078,1.0
M0:775:6,775,M0,6,primary_semantic_capture,1,0,1.1923076923076923,True,False,True,0.15384615384615385,1.0
M0:779:0,779,M0,0,primary_semantic_capture,1,0,0.6630434782608695,False,False,False,0.21739130434782608,0.9523809523809523
M0:779:1,779,M0,1,primary_semantic_capture,19,18,1.5434782608695652,True,True,True,0.25,1.0
M0:779:2,779,M0,2,primary_semantic_capture,21,20,1.5869565217391304,True,True,True,0.08695652173913043,1.0
M0:779:4,779,M0,4,primary_semantic_capture,21,20,1.141304347826087,True,False,True,0.33695652173913043,1.0
M0:779:5,779,M0,5,primary_semantic_capture,10,9,1.0869565217391304,True,False,True,0.07608695652173914,1.0
M0:779:6,779,M0,6,primary_semantic_capture,1,0,0.7717391304347826,False,False,True,0.03260869565217391,1.0
M0:782:0,782,M0,0,primary_semantic_capture,1,0,0.7666666666666667,False,False,True,0.23333333333333334,1.0
M0:782:1,782,M0,1,primary_semantic_capture,3,2,1.5833333333333333,True,True,True,0.43333333333333335,1.0
M0:783:6,783,M0,6,primary_semantic_capture,12,11,1.5490196078431373,True,True,True,0.27450980392156865,1.0
M0:789:2,789,M0,2,primary_semantic_capture,1,0,1.3571428571428572,True,True,True,0.24285714285714285,1.0
M0:789:4,789,M0,4,primary_semantic_capture,8,7,1.5857142857142856,True,True,True,0.22857142857142856,1.0
M0:791:3,791,M0,3,primary_semantic_capture,2,1,1.2048192771084338,True,False,True,0.2289156626506024,1.0
M0:791:4,791,M0,4,primary_semantic_capture,7,6,0.8433734939759037,False,False,True,0.12048192771084337,1.0
M0:791:5,791,M0,5,primary_semantic_capture,18,17,1.0843373493975903,True,False,True,0.21686746987951808,1.0
M0:805:3,805,M0,3,primary_semantic_capture,19,18,1.576271186440678,True,True,True,0.2542372881355932,1.0
M0:807:6,807,M0,6,primary_semantic_capture,1,0,1.697674418604651,True,True,True,0.23255813953488372,1.0
M0:811:1,811,M0,1,primary_semantic_capture,10,9,0.9655172413793104,False,False,True,0.28735632183908044,1.0
M0:811:3,811,M0,3,primary_semantic_capture,20,19,1.7471264367816093,True,True,True,0.19540229885057472,1.0
M0:815:4,815,M0,4,primary_semantic_capture,1,0,1.6727272727272726,True,True,True,0.41818181818181815,1.0
M0:815:5,815,M0,5,primary_semantic_capture,9,8,1.5636363636363637,True,True,True,0.2,1.0
M0:820:1,820,M0,1,primary_semantic_capture,3,2,1.875,True,True,True,0.125,1.0
M0:821:7,821,M0,7,primary_semantic_capture,1,0,0.7727272727272727,False,False,False,0.2878787878787879,0.8260869565217391
M0:822:4,822,M0,4,primary_semantic_capture,17,16,1.4363636363636363,True,True,True,0.2,1.0
M0:822:6,822,M0,6,primary_semantic_capture,1,0,0.7818181818181819,False,False,True,0.2727272727272727,1.0
M0:825:3,825,M0,3,primary_semantic_capture,37,36,1.0606060606060606,True,False,True,0.21212121212121213,1.0
M0:825:4,825,M0,4,primary_semantic_capture,7,6,1.106060606060606,True,False,True,0.2878787878787879,1.0
M0:825:5,825,M0,5,primary_semantic_capture,36,35,2.121212121212121,True,True,True,0.25757575757575757,1.0
M0:825:6,825,M0,6,primary_semantic_capture,5,4,0.8787878787878788,False,False,True,0.24242424242424243,1.0
M0:825:6,825,M0,6,legacy_aligned_capture,5,4,0.8787878787878788,False,False,True,0.24242424242424243,1.0
M0:828:0,828,M0,0,primary_semantic_capture,4,3,0.6951219512195121,False,False,True,0.34146341463414637,1.0
M0:829:5,829,M0,5,primary_semantic_capture,2,1,1.263157894736842,True,True,True,0.15037593984962405,1.0
M0:833:1,833,M0,1,primary_semantic_capture,3,2,1.2698412698412698,True,True,True,0.09523809523809523,1.0
M0:833:1,833,M0,1,legacy_aligned_capture,3,2,1.2698412698412698,True,True,True,0.09523809523809523,1.0
M0:833:2,833,M0,2,primary_semantic_capture,20,19,1.9047619047619047,True,True,True,0.1746031746031746,1.0
M0:834:0,834,M0,0,primary_semantic_capture,1,0,0.7090909090909091,False,False,True,0.2,1.0
M0:834:4,834,M0,4,primary_semantic_capture,11,10,0.7272727272727273,False,False,True,0.12727272727272726,1.0
M0:834:4,834,M0,4,legacy_aligned_capture,11,10,0.7272727272727273,False,False,True,0.12727272727272726,1.0
M0:834:7,834,M0,7,primary_semantic_capture,2,1,1.4,True,True,True,0.14545454545454545,1.0
M0:836:6,836,M0,6,primary_semantic_capture,5,4,1.1896551724137931,True,False,True,0.1724137931034483,1.0
M0:838:0,838,M0,0,primary_semantic_capture,26,25,2.1875,True,True,True,0.1875,1.0
M0:838:2,838,M0,2,primary_semantic_capture,7,6,2.1875,True,True,True,0.34375,1.0
M0:838:4,838,M0,4,primary_semantic_capture,4,3,1.65625,True,True,True,0.34375,1.0
M0:838:6,838,M0,6,primary_semantic_capture,17,16,3.0625,True,True,True,0.40625,1.0
M0:838:7,838,M0,7,primary_semantic_capture,6,5,2.09375,True,True,True,0.34375,1.0
M0:839:4,839,M0,4,primary_semantic_capture,1,0,1.2439024390243902,True,False,True,0.34146341463414637,1.0
M0:842:6,842,M0,6,primary_semantic_capture,47,46,1.2941176470588236,True,True,True,0.22549019607843138,1.0
M0:844:1,844,M0,1,primary_semantic_capture,2,1,1.3857142857142857,True,True,True,0.2,1.0
M0:844:5,844,M0,5,primary_semantic_capture,27,26,1.6,True,True,True,0.22857142857142856,1.0
M0:849:0,849,M0,0,primary_semantic_capture,1,0,0.971830985915493,False,False,True,0.5352112676056338,1.0
M0:849:4,849,M0,4,primary_semantic_capture,9,8,1.1971830985915493,True,False,True,0.4507042253521127,1.0
M0:853:0,853,M0,0,primary_semantic_capture,23,22,1.1224489795918366,True,False,True,0.05102040816326531,1.0
M0:853:4,853,M0,4,primary_semantic_capture,22,21,1.9489795918367347,True,True,True,0.05102040816326531,1.0
M0:853:5,853,M0,5,primary_semantic_capture,19,18,0.9285714285714286,False,False,True,0.11224489795918367,1.0
M0:853:6,853,M0,6,primary_semantic_capture,2,1,1.0714285714285714,True,False,True,0.07142857142857142,1.0
M0:853:7,853,M0,7,primary_semantic_capture,3,2,0.7653061224489796,False,False,True,0.07142857142857142,1.0
M0:858:6,858,M0,6,primary_semantic_capture,7,6,1.4848484848484849,True,True,True,0.2878787878787879,1.0
M0:858:7,858,M0,7,primary_semantic_capture,24,23,1.3484848484848484,True,True,True,0.22727272727272727,1.0
M0:865:0,865,M0,0,primary_semantic_capture,1,0,0.5377358490566038,False,False,True,0.08490566037735849,1.0
M0:865:1,865,M0,1,primary_semantic_capture,5,4,0.8584905660377359,False,False,True,0.1320754716981132,1.0
M0:865:2,865,M0,2,primary_semantic_capture,56,55,1.3396226415094339,True,True,True,0.19811320754716982,1.0
M0:866:4,866,M0,4,primary_semantic_capture,6,5,1.1132075471698113,True,False,True,0.1320754716981132,1.0
M0:866:4,866,M0,4,legacy_aligned_capture,6,5,1.1132075471698113,True,False,True,0.1320754716981132,1.0
M0:867:1,867,M0,1,primary_semantic_capture,40,39,2.0416666666666665,True,True,True,0.1388888888888889,1.0
M0:867:4,867,M0,4,primary_semantic_capture,2,1,1.3333333333333333,True,True,True,0.09722222222222222,1.0
M0:870:2,870,M0,2,primary_semantic_capture,1,0,0.75,False,False,True,0.375,1.0
M0:870:5,870,M0,5,primary_semantic_capture,9,8,0.775,False,False,True,0.35,1.0
M0:871:0,871,M0,0,primary_semantic_capture,6,5,1.162162162162162,True,False,True,0.32432432432432434,1.0
M0:875:2,875,M0,2,primary_semantic_capture,13,12,0.7843137254901961,False,False,True,0.3627450980392157,1.0
M0:875:6,875,M0,6,primary_semantic_capture,3,2,0.7254901960784313,False,False,True,0.4411764705882353,1.0
M0:875:7,875,M0,7,primary_semantic_capture,8,7,0.7058823529411765,False,False,True,0.37254901960784315,1.0
M0:877:3,877,M0,3,primary_semantic_capture,3,2,1.3513513513513513,True,True,True,0.1891891891891892,1.0
M0:884:2,884,M0,2,primary_semantic_capture,22,21,1.5714285714285714,True,True,True,0.15714285714285714,1.0
M0:885:0,885,M0,0,primary_semantic_capture,19,18,1.2950819672131149,True,True,True,0.3114754098360656,1.0
M0:885:1,885,M0,1,primary_semantic_capture,9,8,0.8852459016393442,False,False,True,0.21311475409836064,1.0
M0:885:2,885,M0,2,primary_semantic_capture,13,12,1.9836065573770492,True,True,True,0.4918032786885246,1.0
M0:885:3,885,M0,3,primary_semantic_capture,9,8,0.6721311475409836,False,False,True,0.13114754098360656,1.0
M0:885:5,885,M0,5,primary_semantic_capture,39,38,1.540983606557377,True,True,True,0.2786885245901639,1.0
M0:885:7,885,M0,7,primary_semantic_capture,9,8,1.2622950819672132,True,True,True,0.09836065573770492,1.0
M0:888:0,888,M0,0,primary_semantic_capture,7,6,0.9024390243902439,False,False,True,0.0975609756097561,1.0
M0:888:1,888,M0,1,primary_semantic_capture,13,12,1.146341463414634,True,False,True,0.10975609756097561,1.0
M0:888:3,888,M0,3,primary_semantic_capture,5,4,1.1951219512195121,True,False,True,0.23170731707317074,1.0
M0:888:7,888,M0,7,primary_semantic_capture,14,13,1.0365853658536586,True,False,True,0.14634146341463414,1.0
M0:891:4,891,M0,4,primary_semantic_capture,5,4,1.048780487804878,True,False,True,0.32926829268292684,1.0
M0:895:0,895,M0,0,primary_semantic_capture,20,19,2.090909090909091,True,True,True,0.16666666666666666,1.0
M0:895:2,895,M0,2,primary_semantic_capture,28,27,1.7424242424242424,True,True,True,0.16666666666666666,1.0
M0:896:1,896,M0,1,primary_semantic_capture,11,10,0.9101123595505618,False,False,True,0.16853932584269662,1.0
M0:896:3,896,M0,3,primary_semantic_capture,18,17,0.9101123595505618,False,False,True,0.23595505617977527,1.0
M0:897:4,897,M0,4,primary_semantic_capture,2,1,0.8333333333333334,False,False,True,0.05555555555555555,1.0
M0:901:5,901,M0,5,primary_semantic_capture,6,5,0.9130434782608695,False,False,True,0.21739130434782608,1.0
M0:910:0,910,M0,0,primary_semantic_capture,11,10,1.2982456140350878,True,True,True,0.3508771929824561,1.0
M0:915:7,915,M0,7,primary_semantic_capture,2,1,1.0185185185185186,True,False,True,0.3333333333333333,1.0
M0:916:2,916,M0,2,primary_semantic_capture,4,3,0.47107438016528924,False,False,True,0.19834710743801653,1.0
M0:916:2,916,M0,2,legacy_aligned_capture,4,3,0.47107438016528924,False,False,True,0.19834710743801653,1.0
M0:917:2,917,M0,2,primary_semantic_capture,5,4,1.5121951219512195,True,True,True,0.4146341463414634,1.0
M0:918:4,918,M0,4,primary_semantic_capture,27,26,1.0857142857142856,True,False,True,0.11428571428571428,1.0
M0:926:0,926,M0,0,primary_semantic_capture,11,10,0.6122448979591837,False,False,True,0.2857142857142857,1.0
M0:926:2,926,M0,2,primary_semantic_capture,19,18,1.1734693877551021,True,False,True,0.32653061224489793,1.0
M0:926:3,926,M0,3,primary_semantic_capture,3,2,0.8469387755102041,False,False,True,0.23469387755102042,1.0
M0:926:3,926,M0,3,legacy_aligned_capture,3,2,0.8469387755102041,False,False,True,0.23469387755102042,1.0
M0:926:7,926,M0,7,primary_semantic_capture,9,8,0.7040816326530612,False,False,True,0.1836734693877551,1.0
M0:934:3,934,M0,3,primary_semantic_capture,8,7,1.236842105263158,True,False,True,0.21052631578947367,1.0
M0:938:3,938,M0,3,primary_semantic_capture,20,19,0.8271604938271605,False,False,True,0.18518518518518517,1.0
M0:938:5,938,M0,5,primary_semantic_capture,4,3,1.0,True,False,True,0.14814814814814814,1.0
M0:942:7,942,M0,7,primary_semantic_capture,14,13,2.2285714285714286,True,True,True,0.08571428571428572,1.0
M0:944:0,944,M0,0,primary_semantic_capture,5,4,1.2571428571428571,True,True,True,0.5142857142857142,1.0
M0:946:5,946,M0,5,primary_semantic_capture,6,5,1.0638297872340425,True,False,True,0.14893617021276595,1.0
M0:947:3,947,M0,3,primary_semantic_capture,5,4,1.36986301369863,True,True,True,0.4931506849315068,1.0
M0:948:3,948,M0,3,primary_semantic_capture,9,8,0.5684210526315789,False,False,True,0.24210526315789474,1.0
M0:948:4,948,M0,4,primary_semantic_capture,12,11,1.6210526315789473,True,True,True,0.5368421052631579,1.0
M0:952:4,952,M0,4,primary_semantic_capture,3,2,1.7428571428571429,True,True,True,0.2,1.0
M0:952:7,952,M0,7,primary_semantic_capture,1,0,1.4857142857142858,True,True,True,0.22857142857142856,1.0
M0:953:2,953,M0,2,primary_semantic_capture,5,4,1.6363636363636365,True,True,True,0.11363636363636363,1.0
M0:953:6,953,M0,6,primary_semantic_capture,7,6,1.25,True,True,True,0.26136363636363635,1.0
M0:958:0,958,M0,0,primary_semantic_capture,6,5,1.2297297297297298,True,False,True,0.3108108108108108,1.0
M0:958:4,958,M0,4,primary_semantic_capture,8,7,0.9864864864864865,False,False,True,0.22972972972972974,1.0
M0:958:4,958,M0,4,legacy_aligned_capture,8,7,0.9864864864864865,False,False,True,0.22972972972972974,1.0
M0:958:6,958,M0,6,primary_semantic_capture,10,9,1.0810810810810811,True,False,True,0.2702702702702703,1.0
M0:958:6,958,M0,6,legacy_aligned_capture,10,9,1.0810810810810811,True,False,True,0.2702702702702703,1.0
M0:962:3,962,M0,3,primary_semantic_capture,13,12,1.1898734177215189,True,False,True,0.17721518987341772,1.0
M0:962:5,962,M0,5,primary_semantic_capture,7,6,1.1645569620253164,True,False,True,0.21518987341772153,1.0
M0:962:6,962,M0,6,primary_semantic_capture,60,59,1.5316455696202531,True,True,True,0.17721518987341772,1.0
M0:967:5,967,M0,5,primary_semantic_capture,14,13,1.9787234042553192,True,True,True,0.44680851063829785,1.0
M0:970:0,970,M0,0,primary_semantic_capture,7,6,1.2790697674418605,True,True,True,0.3488372093023256,1.0
M0:970:0,970,M0,0,legacy_aligned_capture,12,11,1.3372093023255813,True,True,True,0.3488372093023256,1.0
M0:970:6,970,M0,6,primary_semantic_capture,8,7,0.872093023255814,False,False,True,0.3023255813953488,1.0
M0:971:5,971,M0,5,primary_semantic_capture,9,8,1.0135135135135136,True,False,True,0.32432432432432434,1.0
M0:975:4,975,M0,4,primary_semantic_capture,9,8,1.1973684210526316,True,False,True,0.40789473684210525,1.0
M0:982:0,982,M0,0,primary_semantic_capture,1,0,1.5666666666666667,True,True,True,0.1,1.0
M0:982:1,982,M0,1,primary_semantic_capture,12,11,1.6333333333333333,True,True,True,0.03333333333333333,1.0
M0:982:2,982,M0,2,primary_semantic_capture,1,0,1.0333333333333334,True,False,True,0.06666666666666667,1.0
M0:982:3,982,M0,3,primary_semantic_capture,3,2,1.9666666666666666,True,True,True,0.06666666666666667,1.0
M0:982:4,982,M0,4,primary_semantic_capture,3,2,1.0,True,False,,0.0,nan
M0:982:5,982,M0,5,primary_semantic_capture,42,41,4.466666666666667,True,True,True,0.03333333333333333,1.0
M0:982:6,982,M0,6,primary_semantic_capture,6,5,1.7333333333333334,True,True,True,0.03333333333333333,1.0
M0:982:7,982,M0,7,primary_semantic_capture,1,0,1.7,True,True,True,0.1,1.0
M0:987:0,987,M0,0,primary_semantic_capture,9,8,1.1481481481481481,True,False,True,0.48148148148148145,1.0
M0:994:0,994,M0,0,primary_semantic_capture,2,1,0.9107142857142857,False,False,True,0.125,1.0
M0:994:2,994,M0,2,primary_semantic_capture,4,3,0.75,False,False,True,0.05357142857142857,1.0
M0:994:3,994,M0,3,primary_semantic_capture,5,4,0.9642857142857143,False,False,True,0.16071428571428573,1.0
M0:994:5,994,M0,5,primary_semantic_capture,2,1,0.8214285714285714,False,False,True,0.125,1.0
M0:994:6,994,M0,6,primary_semantic_capture,3,2,1.375,True,True,True,0.16071428571428573,1.0
M0:998:2,998,M0,2,primary_semantic_capture,16,15,1.5795454545454546,True,True,True,0.3068181818181818,1.0
M0:998:3,998,M0,3,primary_semantic_capture,35,34,1.3977272727272727,True,True,True,0.2727272727272727,1.0
M0:998:5,998,M0,5,primary_semantic_capture,2,1,0.6704545454545454,False,False,True,0.13636363636363635,1.0
M0:998:5,998,M0,5,legacy_aligned_capture,2,1,0.6704545454545454,False,False,True,0.13636363636363635,1.0
M0:998:6,998,M0,6,primary_semantic_capture,2,1,1.1818181818181819,True,False,True,0.18181818181818182,1.0
M0:999:3,999,M0,3,primary_semantic_capture,43,42,1.3506493506493507,True,True,True,0.012987012987012988,1.0
M0:999:5,999,M0,5,primary_semantic_capture,2,1,1.0129870129870129,True,False,True,0.5194805194805194,1.0
M0:1000:5,1000,M0,5,primary_semantic_capture,24,23,0.8220338983050848,False,False,True,0.0423728813559322,1.0
M0:1001:4,1001,M0,4,primary_semantic_capture,4,3,1.7362637362637363,True,True,True,0.0989010989010989,1.0
M0:1002:2,1002,M0,2,primary_semantic_capture,2,1,0.7692307692307693,False,False,True,0.2692307692307692,1.0
M0:1002:6,1002,M0,6,primary_semantic_capture,12,11,1.2115384615384615,True,False,True,0.3076923076923077,1.0
M0:1006:6,1006,M0,6,primary_semantic_capture,11,10,1.5272727272727273,True,True,True,0.6909090909090909,1.0
M0:1007:4,1007,M0,4,primary_semantic_capture,23,22,1.3454545454545455,True,True,True,0.16363636363636364,1.0
M0:1007:7,1007,M0,7,primary_semantic_capture,6,5,1.3272727272727274,True,True,True,0.2909090909090909,1.0
M0:1014:0,1014,M0,0,primary_semantic_capture,36,35,1.8548387096774193,True,True,True,0.0967741935483871,1.0
M0:1014:1,1014,M0,1,primary_semantic_capture,13,12,1.6290322580645162,True,True,True,0.1935483870967742,1.0
M0:1014:2,1014,M0,2,primary_semantic_capture,6,5,0.8387096774193549,False,False,True,0.12903225806451613,1.0
M0:1014:3,1014,M0,3,primary_semantic_capture,2,1,0.8387096774193549,False,False,True,0.08064516129032258,1.0
M0:1014:4,1014,M0,4,primary_semantic_capture,38,37,2.0,True,True,True,0.14516129032258066,1.0
M0:1014:5,1014,M0,5,primary_semantic_capture,10,9,1.6774193548387097,True,True,True,0.12903225806451613,1.0
M0:1014:6,1014,M0,6,primary_semantic_capture,17,16,1.4193548387096775,True,True,True,0.14516129032258066,1.0
M0:1014:7,1014,M0,7,primary_semantic_capture,13,12,1.1612903225806452,True,False,True,0.11290322580645161,1.0
M0:1020:6,1020,M0,6,primary_semantic_capture,5,4,0.6142857142857143,False,False,True,0.05714285714285714,1.0
M0:1024:7,1024,M0,7,primary_semantic_capture,1,0,1.9268292682926829,True,True,True,0.4024390243902439,1.0
M0:1025:6,1025,M0,6,primary_semantic_capture,5,4,0.7291666666666666,False,False,True,0.3229166666666667,1.0
M0:1029:0,1029,M0,0,primary_semantic_capture,1,0,1.9268292682926829,True,True,True,0.14634146341463414,1.0
M0:1039:3,1039,M0,3,primary_semantic_capture,14,13,1.0315789473684212,True,False,True,0.18947368421052632,1.0
M0:1045:7,1045,M0,7,primary_semantic_capture,1,0,0.4696969696969697,False,False,True,0.09090909090909091,1.0
M0:1046:0,1046,M0,0,primary_semantic_capture,7,6,0.927710843373494,False,False,True,0.42168674698795183,1.0
M0:1046:1,1046,M0,1,primary_semantic_capture,4,3,0.5903614457831325,False,False,True,0.26506024096385544,1.0
M0:1046:3,1046,M0,3,primary_semantic_capture,4,3,1.0120481927710843,True,False,True,0.3614457831325301,1.0
M0:1046:5,1046,M0,5,primary_semantic_capture,5,4,0.7831325301204819,False,False,True,0.3253012048192771,1.0
M0:1046:6,1046,M0,6,primary_semantic_capture,9,8,0.8674698795180723,False,False,True,0.4578313253012048,1.0
M0:1047:1,1047,M0,1,primary_semantic_capture,1,0,0.8275862068965517,False,False,True,0.15517241379310345,1.0
M0:1049:0,1049,M0,0,primary_semantic_capture,16,15,1.5454545454545454,True,True,True,0.21212121212121213,1.0
M0:1049:2,1049,M0,2,primary_semantic_capture,2,1,1.2727272727272727,True,True,True,0.30303030303030304,1.0
M0:1049:7,1049,M0,7,primary_semantic_capture,5,4,0.9696969696969697,False,False,True,0.24242424242424243,1.0
M0:1053:0,1053,M0,0,primary_semantic_capture,29,28,1.3768115942028984,True,True,True,0.14492753623188406,1.0
M0:1053:1,1053,M0,1,primary_semantic_capture,1,0,1.0579710144927537,True,False,True,0.18840579710144928,1.0
M0:1053:2,1053,M0,2,primary_semantic_capture,1,0,0.7681159420289855,False,False,True,0.17391304347826086,1.0
M0:1053:2,1053,M0,2,legacy_aligned_capture,1,0,0.7681159420289855,False,False,True,0.17391304347826086,1.0
M0:1053:4,1053,M0,4,primary_semantic_capture,12,11,1.1159420289855073,True,False,True,0.2028985507246377,1.0
M0:1053:5,1053,M0,5,primary_semantic_capture,3,2,1.3768115942028984,True,True,True,0.18840579710144928,1.0
M0:1054:1,1054,M0,1,primary_semantic_capture,22,21,0.9047619047619048,False,False,True,0.15873015873015872,1.0
M0:1058:0,1058,M0,0,primary_semantic_capture,30,29,2.1772151898734178,True,True,True,0.16455696202531644,1.0
M0:1058:1,1058,M0,1,primary_semantic_capture,31,30,2.1392405063291138,True,True,True,0.012658227848101266,1.0
M0:1058:3,1058,M0,3,primary_semantic_capture,113,112,2.5822784810126582,True,True,True,0.06329113924050633,1.0
M0:1058:6,1058,M0,6,primary_semantic_capture,74,73,2.569620253164557,True,True,True,0.05063291139240506,1.0
M0:1062:0,1062,M0,0,primary_semantic_capture,15,14,1.6666666666666667,True,True,True,0.5111111111111111,1.0
M0:1062:0,1062,M0,0,legacy_aligned_capture,15,14,1.6666666666666667,True,True,True,0.5111111111111111,1.0
M0:1063:0,1063,M0,0,primary_semantic_capture,10,9,0.9166666666666666,False,False,True,0.39285714285714285,1.0
M0:1063:2,1063,M0,2,primary_semantic_capture,10,9,0.8095238095238095,False,False,True,0.27380952380952384,1.0
M0:1063:2,1063,M0,2,legacy_aligned_capture,10,9,0.8095238095238095,False,False,True,0.27380952380952384,1.0
M0:1063:5,1063,M0,5,primary_semantic_capture,5,4,0.7142857142857143,False,False,True,0.27380952380952384,1.0
M0:1063:7,1063,M0,7,primary_semantic_capture,1,0,0.5952380952380952,False,False,True,0.23809523809523808,1.0
M0:1064:1,1064,M0,1,primary_semantic_capture,17,16,1.736842105263158,True,True,True,0.5263157894736842,1.0
M0:1064:6,1064,M0,6,primary_semantic_capture,1,0,1.0526315789473684,True,False,True,0.42105263157894735,1.0
M0:1065:1,1065,M0,1,primary_semantic_capture,1,0,1.144927536231884,True,False,True,0.30434782608695654,1.0
M0:1068:6,1068,M0,6,primary_semantic_capture,6,5,1.3333333333333333,True,True,True,0.5925925925925926,1.0
M0:1068:6,1068,M0,6,legacy_aligned_capture,7,6,1.3703703703703705,True,True,True,0.5925925925925926,1.0
M0:1069:2,1069,M0,2,primary_semantic_capture,5,4,1.4814814814814814,True,True,True,0.48148148148148145,1.0
M0:1070:0,1070,M0,0,primary_semantic_capture,6,5,0.9393939393939394,False,False,True,0.18181818181818182,1.0
M0:1070:7,1070,M0,7,primary_semantic_capture,1,0,1.2121212121212122,True,False,True,0.15151515151515152,1.0
M0:1077:1,1077,M0,1,primary_semantic_capture,14,13,1.564516129032258,True,True,True,0.3225806451612903,1.0
M0:1077:3,1077,M0,3,primary_semantic_capture,8,7,1.596774193548387,True,True,True,0.3548387096774194,1.0
M0:1077:6,1077,M0,6,primary_semantic_capture,21,20,1.6612903225806452,True,True,True,0.25806451612903225,1.0
M0:1085:3,1085,M0,3,primary_semantic_capture,16,15,0.8273381294964028,False,False,True,0.26618705035971224,1.0
M0:1085:6,1085,M0,6,primary_semantic_capture,5,4,0.7338129496402878,False,False,True,0.2733812949640288,1.0
M0:1085:7,1085,M0,7,primary_semantic_capture,5,4,0.7769784172661871,False,False,True,0.2805755395683453,1.0
M0:1088:0,1088,M0,0,primary_semantic_capture,6,5,0.8888888888888888,False,False,True,0.24074074074074073,1.0
M0:1088:5,1088,M0,5,primary_semantic_capture,10,9,0.8518518518518519,False,False,True,0.14814814814814814,1.0
M0:1091:0,1091,M0,0,primary_semantic_capture,3,2,0.6568627450980392,False,False,True,0.24509803921568626,1.0
M0:1091:2,1091,M0,2,primary_semantic_capture,7,6,0.6078431372549019,False,False,True,0.14705882352941177,1.0
M0:1093:1,1093,M0,1,primary_semantic_capture,55,54,1.4893617021276595,True,True,True,0.5,1.0
M0:1093:2,1093,M0,2,primary_semantic_capture,11,10,1.3829787234042554,True,True,True,0.6808510638297872,1.0
M0:1093:2,1093,M0,2,legacy_aligned_capture,11,10,1.3829787234042554,True,True,True,0.6808510638297872,1.0
M0:1097:7,1097,M0,7,primary_semantic_capture,19,18,0.9797979797979798,False,False,True,0.2828282828282828,1.0
M0:1099:1,1099,M0,1,primary_semantic_capture,10,9,1.8958333333333333,True,True,True,0.20833333333333334,1.0
M0:1099:3,1099,M0,3,primary_semantic_capture,2,1,1.5833333333333333,True,True,True,0.2708333333333333,1.0
M0:1099:3,1099,M0,3,legacy_aligned_capture,2,1,1.5833333333333333,True,True,True,0.2708333333333333,1.0
M0:1099:4,1099,M0,4,primary_semantic_capture,4,3,2.2708333333333335,True,True,True,0.25,1.0
M0:1099:5,1099,M0,5,primary_semantic_capture,7,6,0.9166666666666666,False,False,True,0.125,1.0
M0:1099:7,1099,M0,7,primary_semantic_capture,3,2,1.1041666666666667,True,False,True,0.2916666666666667,1.0
M0:1105:2,1105,M0,2,primary_semantic_capture,4,3,1.2564102564102564,True,True,True,0.1794871794871795,1.0
M0:1105:3,1105,M0,3,primary_semantic_capture,12,11,1.5,True,True,True,0.16666666666666666,1.0
M0:1105:4,1105,M0,4,primary_semantic_capture,10,9,1.0256410256410255,True,False,True,0.11538461538461539,1.0
M0:1105:5,1105,M0,5,primary_semantic_capture,2,1,1.4743589743589745,True,True,True,0.15384615384615385,1.0
M0:1107:0,1107,M0,0,primary_semantic_capture,18,17,0.5,False,False,True,0.08928571428571429,1.0
M0:1107:3,1107,M0,3,primary_semantic_capture,24,23,0.5982142857142857,False,False,True,0.10714285714285714,1.0
M0:1107:4,1107,M0,4,primary_semantic_capture,8,7,0.6428571428571429,False,False,True,0.15178571428571427,1.0
M0:1107:5,1107,M0,5,primary_semantic_capture,30,29,0.7321428571428571,False,False,True,0.14285714285714285,1.0
M1:1:0,1,M1,0,primary_semantic_capture,34,33,1.0454545454545454,True,False,True,0.045454545454545456,1.0
M1:1:1,1,M1,1,primary_semantic_capture,3,2,0.9886363636363636,False,False,True,0.03409090909090909,1.0
M1:1:1,1,M1,1,legacy_aligned_capture,3,2,0.9886363636363636,False,False,True,0.03409090909090909,1.0
M1:1:2,1,M1,2,primary_semantic_capture,1,0,0.5454545454545454,False,False,True,0.011363636363636364,1.0
M1:1:3,1,M1,3,primary_semantic_capture,13,12,0.6704545454545454,False,False,True,0.056818181818181816,1.0
M1:1:5,1,M1,5,primary_semantic_capture,1,0,0.6704545454545454,False,False,True,0.022727272727272728,1.0
M1:1:6,1,M1,6,primary_semantic_capture,52,51,1.5795454545454546,True,True,True,0.056818181818181816,1.0
M1:1:6,1,M1,6,legacy_aligned_capture,52,51,1.5795454545454546,True,True,True,0.056818181818181816,1.0
M1:1:7,1,M1,7,primary_semantic_capture,3,2,0.6477272727272727,False,False,True,0.03409090909090909,1.0
M1:2:0,2,M1,0,primary_semantic_capture,33,32,1.10752688172043,True,False,True,0.12903225806451613,1.0
M1:2:3,2,M1,3,primary_semantic_capture,1,0,1.086021505376344,True,False,True,0.15053763440860216,1.0
M1:2:5,2,M1,5,primary_semantic_capture,18,17,0.967741935483871,False,False,True,0.06451612903225806,1.0
M1:4:0,4,M1,0,primary_semantic_capture,25,24,2.8260869565217392,True,True,True,0.17391304347826086,1.0
M1:4:1,4,M1,1,primary_semantic_capture,40,39,2.369565217391304,True,True,True,0.17391304347826086,1.0
M1:4:2,4,M1,2,primary_semantic_capture,47,46,2.782608695652174,True,True,True,0.17391304347826086,1.0
M1:4:3,4,M1,3,primary_semantic_capture,32,31,3.1956521739130435,True,True,True,0.2391304347826087,1.0
M1:4:5,4,M1,5,primary_semantic_capture,22,21,2.5652173913043477,True,True,True,0.17391304347826086,1.0
M1:4:6,4,M1,6,primary_semantic_capture,10,9,2.739130434782609,True,True,True,0.2391304347826087,1.0
M1:5:0,5,M1,0,primary_semantic_capture,16,15,1.5851063829787233,True,True,True,0.5319148936170213,1.0
M1:9:5,9,M1,5,primary_semantic_capture,8,7,1.5925925925925926,True,True,True,0.2777777777777778,1.0
M1:9:5,9,M1,5,legacy_aligned_capture,8,7,1.5925925925925926,True,True,True,0.2777777777777778,1.0
M1:9:7,9,M1,7,primary_semantic_capture,3,2,1.4444444444444444,True,True,True,0.25925925925925924,1.0
M1:11:6,11,M1,6,primary_semantic_capture,34,33,2.883720930232558,True,True,True,0.5116279069767442,1.0
M1:12:1,12,M1,1,primary_semantic_capture,13,12,1.7543859649122806,True,True,True,0.6842105263157895,1.0
M1:12:4,12,M1,4,primary_semantic_capture,91,90,3.0701754385964914,True,True,True,0.5614035087719298,1.0
M1:12:6,12,M1,6,primary_semantic_capture,8,7,1.9473684210526316,True,True,True,0.45614035087719296,1.0
M1:13:7,13,M1,7,primary_semantic_capture,3,2,2.8333333333333335,True,True,True,0.3,1.0
M1:14:0,14,M1,0,primary_semantic_capture,8,7,1.0246913580246915,True,False,True,0.09876543209876543,1.0
M1:14:1,14,M1,1,primary_semantic_capture,1,0,1.271604938271605,True,True,True,0.1111111111111111,1.0
M1:14:1,14,M1,1,legacy_aligned_capture,1,0,1.271604938271605,True,True,True,0.1111111111111111,1.0
M1:14:2,14,M1,2,primary_semantic_capture,25,24,1.6790123456790123,True,True,True,0.14814814814814814,1.0
M1:14:3,14,M1,3,primary_semantic_capture,24,23,2.4074074074074074,True,True,True,0.1728395061728395,1.0
M1:14:4,14,M1,4,primary_semantic_capture,16,15,1.7037037037037037,True,True,True,0.09876543209876543,1.0
M1:14:5,14,M1,5,primary_semantic_capture,3,2,1.4444444444444444,True,True,True,0.12345679012345678,1.0
M1:14:6,14,M1,6,primary_semantic_capture,1,0,1.4197530864197532,True,True,True,0.1728395061728395,1.0
M1:14:6,14,M1,6,legacy_aligned_capture,1,0,1.4197530864197532,True,True,True,0.1728395061728395,1.0
M1:14:7,14,M1,7,primary_semantic_capture,29,28,2.074074074074074,True,True,True,0.24691358024691357,1.0
M1:15:2,15,M1,2,primary_semantic_capture,6,5,1.6140350877192982,True,True,True,0.7192982456140351,1.0
M1:15:2,15,M1,2,legacy_aligned_capture,6,5,1.6140350877192982,True,True,True,0.7192982456140351,1.0
M1:16:2,16,M1,2,primary_semantic_capture,54,53,3.423076923076923,True,True,True,0.3333333333333333,1.0
M1:16:5,16,M1,5,primary_semantic_capture,8,7,1.3076923076923077,True,True,True,0.2564102564102564,1.0
M1:16:5,16,M1,5,legacy_aligned_capture,8,7,1.3076923076923077,True,True,True,0.2564102564102564,1.0
M1:16:6,16,M1,6,primary_semantic_capture,33,32,1.8205128205128205,True,True,True,0.21794871794871795,1.0
M1:17:1,17,M1,1,primary_semantic_capture,51,50,2.657142857142857,True,True,True,0.17142857142857143,1.0
M1:17:3,17,M1,3,primary_semantic_capture,42,41,2.9,True,True,True,0.22857142857142856,1.0
M1:17:5,17,M1,5,primary_semantic_capture,7,6,2.3142857142857145,True,True,True,0.37142857142857144,1.0
M1:17:6,17,M1,6,primary_semantic_capture,53,52,3.057142857142857,True,True,True,0.2,1.0
M1:17:7,17,M1,7,primary_semantic_capture,3,2,1.5571428571428572,True,True,True,0.24285714285714285,1.0
M1:18:0,18,M1,0,primary_semantic_capture,4,3,4.714285714285714,True,True,True,0.5238095238095238,1.0
M1:19:2,19,M1,2,primary_semantic_capture,1,0,1.0980392156862746,True,False,True,0.29411764705882354,1.0
M1:19:5,19,M1,5,primary_semantic_capture,58,57,4.137254901960785,True,True,True,0.4117647058823529,1.0
M1:20:0,20,M1,0,primary_semantic_capture,2,1,1.6444444444444444,True,True,True,0.2111111111111111,1.0
M1:20:1,20,M1,1,primary_semantic_capture,6,5,2.1222222222222222,True,True,True,0.3,1.0
M1:20:2,20,M1,2,primary_semantic_capture,4,3,1.5222222222222221,True,True,True,0.2222222222222222,1.0
M1:20:2,20,M1,2,legacy_aligned_capture,4,3,1.5222222222222221,True,True,True,0.2222222222222222,1.0
M1:21:0,21,M1,0,primary_semantic_capture,6,5,1.9014084507042253,True,True,True,0.2112676056338028,1.0
M1:21:2,21,M1,2,primary_semantic_capture,33,32,2.112676056338028,True,True,True,0.2676056338028169,1.0
M1:21:3,21,M1,3,primary_semantic_capture,24,23,2.112676056338028,True,True,True,0.2676056338028169,1.0
M1:21:6,21,M1,6,primary_semantic_capture,1,0,1.028169014084507,True,False,True,0.36619718309859156,1.0
M1:23:0,23,M1,0,primary_semantic_capture,7,6,0.9324324324324325,False,False,True,0.14864864864864866,1.0
M1:23:1,23,M1,1,primary_semantic_capture,13,12,0.9594594594594594,False,False,True,0.10810810810810811,1.0
M1:23:2,23,M1,2,primary_semantic_capture,45,44,2.027027027027027,True,True,True,0.08108108108108109,1.0
M1:23:3,23,M1,3,primary_semantic_capture,1,0,0.8108108108108109,False,False,True,0.06756756756756757,1.0
M1:23:4,23,M1,4,primary_semantic_capture,1,0,0.5945945945945946,False,False,True,0.12162162162162163,1.0
M1:23:4,23,M1,4,legacy_aligned_capture,1,0,0.5945945945945946,False,False,True,0.12162162162162163,1.0
M1:23:5,23,M1,5,primary_semantic_capture,10,9,1.0135135135135136,True,False,True,0.04054054054054054,1.0
M1:23:6,23,M1,6,primary_semantic_capture,7,6,1.5810810810810811,True,True,True,0.13513513513513514,1.0
M1:23:7,23,M1,7,primary_semantic_capture,1,0,1.472972972972973,True,True,True,0.0945945945945946,1.0
M1:25:0,25,M1,0,primary_semantic_capture,5,4,1.9672131147540983,True,True,True,0.26229508196721313,1.0
M1:25:4,25,M1,4,primary_semantic_capture,31,30,1.8032786885245902,True,True,True,0.22950819672131148,1.0
M1:25:5,25,M1,5,primary_semantic_capture,4,3,1.7704918032786885,True,True,True,0.21311475409836064,1.0
M1:25:7,25,M1,7,primary_semantic_capture,11,10,1.180327868852459,True,False,True,0.29508196721311475,1.0
M1:25:7,25,M1,7,legacy_aligned_capture,11,10,1.180327868852459,True,False,True,0.29508196721311475,1.0
M1:26:0,26,M1,0,primary_semantic_capture,18,17,3.9833333333333334,True,True,True,0.55,1.0
M1:26:0,26,M1,0,legacy_aligned_capture,18,17,3.9833333333333334,True,True,True,0.55,1.0
M1:26:1,26,M1,1,primary_semantic_capture,50,49,2.0,True,True,True,0.35,1.0
M1:26:2,26,M1,2,primary_semantic_capture,20,19,4.3,True,True,True,0.45,1.0
M1:26:3,26,M1,3,primary_semantic_capture,1,0,1.1333333333333333,True,False,True,0.2833333333333333,1.0
M1:26:4,26,M1,4,primary_semantic_capture,23,22,3.1666666666666665,True,True,True,0.23333333333333334,1.0
M1:26:7,26,M1,7,primary_semantic_capture,59,58,2.8333333333333335,True,True,True,0.23333333333333334,1.0
M1:27:3,27,M1,3,primary_semantic_capture,12,11,1.6326530612244898,True,True,True,0.12244897959183673,1.0
M1:27:4,27,M1,4,primary_semantic_capture,65,64,2.63265306122449,True,True,True,0.08163265306122448,1.0
M1:27:5,27,M1,5,primary_semantic_capture,25,24,2.938775510204082,True,True,True,0.14285714285714285,1.0
M1:28:7,28,M1,7,primary_semantic_capture,28,27,2.0677966101694913,True,True,True,0.4406779661016949,1.0
M1:29:2,29,M1,2,primary_semantic_capture,29,28,1.525,True,True,True,0.2916666666666667,1.0
M1:29:7,29,M1,7,primary_semantic_capture,15,14,0.9583333333333334,False,False,True,0.2916666666666667,1.0
M1:30:1,30,M1,1,primary_semantic_capture,1,0,1.7234042553191489,True,True,True,0.3829787234042553,1.0
M1:30:2,30,M1,2,primary_semantic_capture,3,2,2.148936170212766,True,True,True,0.5106382978723404,1.0
M1:30:4,30,M1,4,primary_semantic_capture,2,1,1.5957446808510638,True,True,True,0.5319148936170213,1.0
M1:30:7,30,M1,7,primary_semantic_capture,5,4,1.425531914893617,True,True,True,0.46808510638297873,1.0
M1:31:0,31,M1,0,primary_semantic_capture,33,32,1.302325581395349,True,True,True,0.26744186046511625,1.0
M1:31:1,31,M1,1,primary_semantic_capture,60,59,2.3255813953488373,True,True,True,0.09302325581395349,1.0
M1:31:2,31,M1,2,primary_semantic_capture,9,8,1.430232558139535,True,True,True,0.10465116279069768,1.0
M1:31:3,31,M1,3,primary_semantic_capture,2,1,1.1162790697674418,True,False,True,0.09302325581395349,1.0
M1:31:3,31,M1,3,legacy_aligned_capture,2,1,1.1162790697674418,True,False,True,0.09302325581395349,1.0
M1:31:4,31,M1,4,primary_semantic_capture,1,0,1.127906976744186,True,False,True,0.06976744186046512,1.0
M1:31:4,31,M1,4,legacy_aligned_capture,1,0,1.127906976744186,True,False,True,0.06976744186046512,1.0
M1:31:5,31,M1,5,primary_semantic_capture,34,33,1.3488372093023255,True,True,True,0.09302325581395349,1.0
M1:31:6,31,M1,6,primary_semantic_capture,8,7,1.197674418604651,True,False,True,0.10465116279069768,1.0
M1:31:7,31,M1,7,primary_semantic_capture,9,8,1.0,True,False,True,0.09302325581395349,1.0
M1:31:7,31,M1,7,legacy_aligned_capture,9,8,1.0,True,False,True,0.09302325581395349,1.0
M1:33:2,33,M1,2,primary_semantic_capture,2,1,2.31,True,True,True,0.23,1.0
M1:33:2,33,M1,2,legacy_aligned_capture,2,1,2.31,True,True,True,0.23,1.0
M1:33:3,33,M1,3,primary_semantic_capture,9,8,1.04,True,False,True,0.14,1.0
M1:33:4,33,M1,4,primary_semantic_capture,1,0,2.06,True,True,True,0.32,1.0
M1:34:1,34,M1,1,primary_semantic_capture,6,5,0.6990291262135923,False,False,True,0.2524271844660194,1.0
M1:34:2,34,M1,2,primary_semantic_capture,27,26,0.8446601941747572,False,False,True,0.27184466019417475,1.0
M1:34:5,34,M1,5,primary_semantic_capture,18,17,0.6213592233009708,False,False,True,0.02912621359223301,1.0
M1:34:6,34,M1,6,primary_semantic_capture,1,0,0.47572815533980584,False,False,True,0.04854368932038835,1.0
M1:35:0,35,M1,0,primary_semantic_capture,63,62,2.593220338983051,True,True,True,0.1864406779661017,1.0
M1:35:1,35,M1,1,primary_semantic_capture,3,2,0.8305084745762712,False,False,True,0.13559322033898305,1.0
M1:35:2,35,M1,2,primary_semantic_capture,7,6,1.3389830508474576,True,True,True,0.06779661016949153,1.0
M1:35:3,35,M1,3,primary_semantic_capture,4,3,1.9152542372881356,True,True,True,0.0847457627118644,1.0
M1:35:4,35,M1,4,primary_semantic_capture,18,17,1.8305084745762712,True,True,True,0.1694915254237288,1.0
M1:35:5,35,M1,5,primary_semantic_capture,24,23,1.3728813559322033,True,True,True,0.11864406779661017,1.0
M1:35:6,35,M1,6,primary_semantic_capture,4,3,2.3389830508474576,True,True,True,0.01694915254237288,1.0
M1:35:6,35,M1,6,legacy_aligned_capture,4,3,2.3389830508474576,True,True,True,0.01694915254237288,1.0
M1:40:0,40,M1,0,primary_semantic_capture,17,16,2.3125,True,True,True,0.28125,1.0
M1:40:1,40,M1,1,primary_semantic_capture,1,0,1.375,True,True,True,0.1875,1.0
M1:40:2,40,M1,2,primary_semantic_capture,16,15,2.28125,True,True,True,0.25,1.0
M1:40:2,40,M1,2,legacy_aligned_capture,16,15,2.28125,True,True,True,0.25,1.0
M1:40:3,40,M1,3,primary_semantic_capture,1,0,5.84375,True,True,True,0.3125,1.0
M1:40:4,40,M1,4,primary_semantic_capture,6,5,3.96875,True,True,True,0.34375,1.0
M1:40:7,40,M1,7,primary_semantic_capture,1,0,1.59375,True,True,True,0.25,1.0
M1:42:0,42,M1,0,primary_semantic_capture,14,13,2.0,True,True,True,0.25,1.0
M1:42:3,42,M1,3,primary_semantic_capture,10,9,2.5892857142857144,True,True,True,0.26785714285714285,1.0
M1:42:4,42,M1,4,primary_semantic_capture,20,19,2.232142857142857,True,True,True,0.25,1.0
M1:42:5,42,M1,5,primary_semantic_capture,12,11,1.4107142857142858,True,True,True,0.16071428571428573,1.0
M1:42:6,42,M1,6,primary_semantic_capture,8,7,1.4464285714285714,True,True,True,0.21428571428571427,1.0
M1:42:7,42,M1,7,primary_semantic_capture,20,19,2.857142857142857,True,True,True,0.375,1.0
M1:42:7,42,M1,7,legacy_aligned_capture,20,19,2.857142857142857,True,True,True,0.375,1.0
M1:43:2,43,M1,2,primary_semantic_capture,6,5,1.0434782608695652,True,False,True,0.37681159420289856,1.0
M1:43:2,43,M1,2,legacy_aligned_capture,7,6,1.0579710144927537,True,False,True,0.37681159420289856,1.0
M1:46:5,46,M1,5,primary_semantic_capture,8,7,2.263157894736842,True,True,True,0.5789473684210527,1.0
M1:48:0,48,M1,0,primary_semantic_capture,5,4,1.2375,True,False,True,0.05,1.0
M1:48:1,48,M1,1,primary_semantic_capture,38,37,2.65,True,True,True,0.0125,1.0
M1:48:2,48,M1,2,primary_semantic_capture,17,16,1.6,True,True,True,0.075,1.0
M1:48:4,48,M1,4,primary_semantic_capture,19,18,1.3125,True,True,True,0.1375,1.0
M1:48:7,48,M1,7,primary_semantic_capture,3,2,0.875,False,False,True,0.05,1.0
M1:51:1,51,M1,1,primary_semantic_capture,8,7,0.8666666666666667,False,False,True,0.275,1.0
M1:51:2,51,M1,2,primary_semantic_capture,11,10,0.8333333333333334,False,False,True,0.2916666666666667,1.0
M1:51:3,51,M1,3,primary_semantic_capture,59,58,1.6833333333333333,True,True,True,0.3,1.0
M1:51:4,51,M1,4,primary_semantic_capture,14,13,0.95,False,False,True,0.3416666666666667,1.0
M1:51:5,51,M1,5,primary_semantic_capture,11,10,0.7583333333333333,False,False,True,0.325,1.0
M1:51:6,51,M1,6,primary_semantic_capture,59,58,1.3083333333333333,True,True,True,0.3416666666666667,1.0
M1:51:7,51,M1,7,primary_semantic_capture,33,32,1.2,True,False,True,0.275,1.0
M1:52:0,52,M1,0,primary_semantic_capture,4,3,3.3461538461538463,True,True,True,0.5,1.0
M1:52:3,52,M1,3,primary_semantic_capture,15,14,5.6923076923076925,True,True,True,0.4230769230769231,1.0
M1:52:4,52,M1,4,primary_semantic_capture,11,10,3.0384615384615383,True,True,True,0.34615384615384615,1.0
M1:52:5,52,M1,5,primary_semantic_capture,19,18,3.1923076923076925,True,True,True,0.34615384615384615,1.0
M1:52:6,52,M1,6,primary_semantic_capture,17,16,3.730769230769231,True,True,True,0.34615384615384615,1.0
M1:52:7,52,M1,7,primary_semantic_capture,17,16,3.423076923076923,True,True,True,0.5,1.0
M1:53:3,53,M1,3,primary_semantic_capture,1,0,1.0930232558139534,True,False,False,0.3953488372093023,0.9714285714285714
M1:54:2,54,M1,2,primary_semantic_capture,2,1,3.3125,True,True,True,0.375,1.0
M1:54:2,54,M1,2,legacy_aligned_capture,2,1,3.3125,True,True,True,0.375,1.0
M1:54:3,54,M1,3,primary_semantic_capture,5,4,2.375,True,True,True,0.25,1.0
M1:54:3,54,M1,3,legacy_aligned_capture,5,4,2.375,True,True,True,0.25,1.0
M1:54:7,54,M1,7,primary_semantic_capture,12,11,4.625,True,True,True,0.1875,1.0
M1:55:0,55,M1,0,primary_semantic_capture,5,4,2.159090909090909,True,True,True,0.20454545454545456,1.0
M1:55:1,55,M1,1,primary_semantic_capture,1,0,1.5681818181818181,True,True,True,0.2727272727272727,1.0
M1:55:2,55,M1,2,primary_semantic_capture,1,0,1.9090909090909092,True,True,True,0.29545454545454547,1.0
M1:55:3,55,M1,3,primary_semantic_capture,40,39,3.6136363636363638,True,True,True,0.2727272727272727,1.0
M1:55:4,55,M1,4,primary_semantic_capture,4,3,1.8863636363636365,True,True,True,0.4090909090909091,1.0
M1:55:5,55,M1,5,primary_semantic_capture,19,18,1.9545454545454546,True,True,True,0.29545454545454547,1.0
M1:55:6,55,M1,6,primary_semantic_capture,10,9,1.8181818181818181,True,True,True,0.20454545454545456,1.0
M1:55:7,55,M1,7,primary_semantic_capture,2,1,2.5454545454545454,True,True,True,0.4090909090909091,1.0
M1:56:0,56,M1,0,primary_semantic_capture,10,9,1.3653846153846154,True,True,True,0.038461538461538464,1.0
M1:56:0,56,M1,0,legacy_aligned_capture,11,10,1.3846153846153846,True,True,True,0.038461538461538464,1.0
M1:56:2,56,M1,2,primary_semantic_capture,36,35,2.6153846153846154,True,True,True,0.19230769230769232,1.0
M1:56:3,56,M1,3,primary_semantic_capture,5,4,1.5384615384615385,True,True,True,0.34615384615384615,1.0
M1:57:3,57,M1,3,primary_semantic_capture,3,2,1.5121951219512195,True,True,True,0.3170731707317073,1.0
M1:58:6,58,M1,6,primary_semantic_capture,4,3,1.1428571428571428,True,False,True,0.2653061224489796,1.0
M1:58:6,58,M1,6,legacy_aligned_capture,6,5,1.183673469387755,True,False,True,0.2653061224489796,1.0
M1:59:3,59,M1,3,primary_semantic_capture,69,68,2.1285714285714286,True,True,True,0.37142857142857144,1.0
M1:59:5,59,M1,5,primary_semantic_capture,9,8,1.0285714285714285,True,False,True,0.4142857142857143,1.0
M1:60:0,60,M1,0,primary_semantic_capture,4,3,0.6631578947368421,False,False,True,0.2736842105263158,1.0
M1:60:1,60,M1,1,primary_semantic_capture,14,13,1.0210526315789474,True,False,True,0.14736842105263157,1.0
M1:60:3,60,M1,3,primary_semantic_capture,4,3,1.0736842105263158,True,False,True,0.23157894736842105,1.0
M1:60:4,60,M1,4,primary_semantic_capture,5,4,0.7368421052631579,False,False,True,0.25263157894736843,1.0
M1:60:7,60,M1,7,primary_semantic_capture,2,1,1.3157894736842106,True,True,True,0.2736842105263158,1.0
M1:62:5,62,M1,5,primary_semantic_capture,7,6,1.3409090909090908,True,True,True,0.23863636363636365,1.0
M1:64:1,64,M1,1,primary_semantic_capture,16,15,1.8214285714285714,True,True,True,0.05357142857142857,1.0
M1:64:2,64,M1,2,primary_semantic_capture,3,2,1.8928571428571428,True,True,True,0.08928571428571429,1.0
M1:64:4,64,M1,4,primary_semantic_capture,12,11,1.3214285714285714,True,True,True,0.14285714285714285,1.0
M1:64:6,64,M1,6,primary_semantic_capture,3,2,2.0892857142857144,True,True,True,0.17857142857142858,1.0
M1:64:7,64,M1,7,primary_semantic_capture,21,20,1.7678571428571428,True,True,True,0.17857142857142858,1.0
M1:65:2,65,M1,2,primary_semantic_capture,13,12,3.830508474576271,True,True,True,0.3050847457627119,1.0
M1:65:5,65,M1,5,primary_semantic_capture,72,71,2.6779661016949152,True,True,True,0.23728813559322035,1.0
M1:66:0,66,M1,0,primary_semantic_capture,18,17,1.1692307692307693,True,False,True,0.3076923076923077,1.0
M1:66:1,66,M1,1,primary_semantic_capture,7,6,0.9076923076923077,False,False,True,0.27692307692307694,1.0
M1:66:1,66,M1,1,legacy_aligned_capture,7,6,0.9076923076923077,False,False,True,0.27692307692307694,1.0
M1:66:2,66,M1,2,primary_semantic_capture,2,1,0.7846153846153846,False,False,True,0.3076923076923077,1.0
M1:66:3,66,M1,3,primary_semantic_capture,7,6,0.9846153846153847,False,False,True,0.15384615384615385,1.0
M1:66:4,66,M1,4,primary_semantic_capture,10,9,1.8923076923076922,True,True,True,0.36923076923076925,1.0
M1:66:5,66,M1,5,primary_semantic_capture,4,3,1.2,True,False,True,0.2153846153846154,1.0
M1:66:6,66,M1,6,primary_semantic_capture,9,8,1.2,True,False,True,0.2153846153846154,1.0
M1:66:7,66,M1,7,primary_semantic_capture,18,17,1.3846153846153846,True,True,True,0.26153846153846155,1.0
M1:67:0,67,M1,0,primary_semantic_capture,1,0,0.9230769230769231,False,False,True,0.038461538461538464,1.0
M1:67:0,67,M1,0,legacy_aligned_capture,1,0,0.9230769230769231,False,False,True,0.038461538461538464,1.0
M1:67:1,67,M1,1,primary_semantic_capture,3,2,0.46153846153846156,False,False,True,0.0641025641025641,1.0
M1:67:2,67,M1,2,primary_semantic_capture,2,1,1.0897435897435896,True,False,True,0.02564102564102564,1.0
M1:67:2,67,M1,2,legacy_aligned_capture,2,1,1.0897435897435896,True,False,True,0.02564102564102564,1.0
M1:67:3,67,M1,3,primary_semantic_capture,1,0,1.3076923076923077,True,True,False,0.02564102564102564,0.6666666666666666
M1:67:4,67,M1,4,primary_semantic_capture,1,0,0.8846153846153846,False,False,True,0.038461538461538464,1.0
M1:67:5,67,M1,5,primary_semantic_capture,17,16,1.3461538461538463,True,True,True,0.038461538461538464,1.0
M1:67:6,67,M1,6,primary_semantic_capture,43,42,2.08974358974359,True,True,True,0.05128205128205128,1.0
M1:67:7,67,M1,7,primary_semantic_capture,3,2,0.8333333333333334,False,False,True,0.01282051282051282,1.0
M1:67:7,67,M1,7,legacy_aligned_capture,4,3,0.8461538461538461,False,False,True,0.01282051282051282,1.0
M1:68:1,68,M1,1,primary_semantic_capture,11,10,1.2195121951219512,True,False,True,0.2926829268292683,1.0
M1:68:4,68,M1,4,primary_semantic_capture,4,3,1.3170731707317074,True,True,True,0.34146341463414637,1.0
M1:68:5,68,M1,5,primary_semantic_capture,3,2,1.024390243902439,True,False,True,0.23170731707317074,1.0
M1:68:7,68,M1,7,primary_semantic_capture,3,2,1.2439024390243902,True,False,True,0.2926829268292683,1.0
M1:69:1,69,M1,1,primary_semantic_capture,7,6,0.967741935483871,False,False,True,0.3225806451612903,1.0
M1:69:3,69,M1,3,primary_semantic_capture,13,12,1.2419354838709677,True,False,True,0.45161290322580644,1.0
M1:69:5,69,M1,5,primary_semantic_capture,11,10,1.532258064516129,True,True,True,0.24193548387096775,1.0
M1:69:6,69,M1,6,primary_semantic_capture,28,27,2.2903225806451615,True,True,True,0.4838709677419355,1.0
M1:70:0,70,M1,0,primary_semantic_capture,13,12,0.9217391304347826,False,False,True,0.20869565217391303,1.0
M1:70:1,70,M1,1,primary_semantic_capture,38,37,1.182608695652174,True,False,True,0.17391304347826086,1.0
M1:70:5,70,M1,5,primary_semantic_capture,13,12,0.6695652173913044,False,False,True,0.17391304347826086,1.0
M1:70:6,70,M1,6,primary_semantic_capture,25,24,1.017391304347826,True,False,True,0.17391304347826086,1.0
M1:71:3,71,M1,3,primary_semantic_capture,3,2,2.0416666666666665,True,True,True,0.125,1.0
M1:71:3,71,M1,3,legacy_aligned_capture,3,2,2.0416666666666665,True,True,True,0.125,1.0
M1:72:7,72,M1,7,primary_semantic_capture,11,10,1.3243243243243243,True,True,True,0.5405405405405406,1.0
M1:73:1,73,M1,1,primary_semantic_capture,8,7,3.3421052631578947,True,True,True,0.42105263157894735,1.0
M1:73:1,73,M1,1,legacy_aligned_capture,9,8,3.3684210526315788,True,True,True,0.42105263157894735,1.0
M1:73:5,73,M1,5,primary_semantic_capture,2,1,1.4736842105263157,True,True,True,0.5526315789473685,1.0
M1:73:5,73,M1,5,legacy_aligned_capture,5,4,1.5526315789473684,True,True,True,0.5526315789473685,1.0
M1:74:3,74,M1,3,primary_semantic_capture,11,10,3.7777777777777777,True,True,True,0.08888888888888889,1.0
M1:74:7,74,M1,7,primary_semantic_capture,5,4,1.6444444444444444,True,True,True,0.1111111111111111,1.0
M1:74:7,74,M1,7,legacy_aligned_capture,5,4,1.6444444444444444,True,True,True,0.1111111111111111,1.0
M1:75:0,75,M1,0,primary_semantic_capture,6,5,1.5254237288135593,True,True,True,0.0847457627118644,1.0
M1:75:0,75,M1,0,legacy_aligned_capture,6,5,1.5254237288135593,True,True,True,0.0847457627118644,1.0
M1:75:1,75,M1,1,primary_semantic_capture,24,23,2.2542372881355934,True,True,True,0.15254237288135594,1.0
M1:75:2,75,M1,2,primary_semantic_capture,13,12,1.847457627118644,True,True,True,0.1694915254237288,1.0
M1:75:3,75,M1,3,primary_semantic_capture,3,2,2.0338983050847457,True,True,True,0.15254237288135594,1.0
M1:75:4,75,M1,4,primary_semantic_capture,2,1,1.2542372881355932,True,True,True,0.03389830508474576,1.0
M1:75:5,75,M1,5,primary_semantic_capture,2,1,1.4406779661016949,True,True,True,0.11864406779661017,1.0
M1:75:6,75,M1,6,primary_semantic_capture,2,1,1.728813559322034,True,True,True,0.11864406779661017,1.0
M1:75:7,75,M1,7,primary_semantic_capture,3,2,2.3728813559322033,True,True,True,0.1864406779661017,1.0
M1:76:1,76,M1,1,primary_semantic_capture,10,9,1.6153846153846154,True,True,True,0.07692307692307693,1.0
M1:76:1,76,M1,1,legacy_aligned_capture,11,10,1.641025641025641,True,True,True,0.07692307692307693,1.0
M1:76:2,76,M1,2,primary_semantic_capture,1,0,1.7692307692307692,True,True,True,0.2564102564102564,1.0
M1:76:2,76,M1,2,legacy_aligned_capture,1,0,1.7692307692307692,True,True,True,0.2564102564102564,1.0
M1:76:6,76,M1,6,primary_semantic_capture,14,13,3.051282051282051,True,True,True,0.1282051282051282,1.0
M1:77:1,77,M1,1,primary_semantic_capture,7,6,3.290909090909091,True,True,True,0.2727272727272727,1.0
M1:77:2,77,M1,2,primary_semantic_capture,6,5,0.36363636363636365,False,False,True,0.01818181818181818,1.0
M1:77:3,77,M1,3,primary_semantic_capture,12,11,1.4545454545454546,True,True,True,0.16363636363636364,1.0
M1:77:3,77,M1,3,legacy_aligned_capture,12,11,1.4545454545454546,True,True,True,0.16363636363636364,1.0
M1:77:4,77,M1,4,primary_semantic_capture,1,0,0.6909090909090909,False,False,True,0.01818181818181818,1.0
M1:77:5,77,M1,5,primary_semantic_capture,26,25,1.0363636363636364,True,False,,0.0,nan
M1:77:6,77,M1,6,primary_semantic_capture,4,3,1.2363636363636363,True,False,True,0.09090909090909091,1.0
M1:77:7,77,M1,7,primary_semantic_capture,5,4,0.6,False,False,True,0.01818181818181818,1.0
M1:78:0,78,M1,0,primary_semantic_capture,1,0,1.1168831168831168,True,False,True,0.4935064935064935,1.0
M1:78:5,78,M1,5,primary_semantic_capture,3,2,0.9090909090909091,False,False,True,0.4675324675324675,1.0
M1:78:5,78,M1,5,legacy_aligned_capture,3,2,0.9090909090909091,False,False,True,0.4675324675324675,1.0
M1:78:7,78,M1,7,primary_semantic_capture,18,17,1.2597402597402598,True,True,True,0.36363636363636365,1.0
M1:79:1,79,M1,1,primary_semantic_capture,1,0,1.0921052631578947,True,False,True,0.013157894736842105,1.0
M1:81:0,81,M1,0,primary_semantic_capture,39,38,1.2636363636363637,True,True,True,0.37272727272727274,1.0
M1:81:1,81,M1,1,primary_semantic_capture,53,52,1.4363636363636363,True,True,True,0.2818181818181818,1.0
M1:81:3,81,M1,3,primary_semantic_capture,20,19,1.190909090909091,True,False,True,0.10909090909090909,1.0
M1:81:4,81,M1,4,primary_semantic_capture,31,30,1.3636363636363635,True,True,True,0.3090909090909091,1.0
M1:81:5,81,M1,5,primary_semantic_capture,32,31,1.1818181818181819,True,False,True,0.12727272727272726,1.0
M1:81:7,81,M1,7,primary_semantic_capture,41,40,1.6,True,True,True,0.33636363636363636,1.0
M1:82:0,82,M1,0,primary_semantic_capture,2,1,1.5178571428571428,True,True,True,0.32142857142857145,1.0
M1:82:1,82,M1,1,primary_semantic_capture,18,17,2.25,True,True,True,0.35714285714285715,1.0
M1:82:2,82,M1,2,primary_semantic_capture,78,77,4.196428571428571,True,True,True,0.5,1.0
M1:82:3,82,M1,3,primary_semantic_capture,13,12,1.9642857142857142,True,True,True,0.4642857142857143,1.0
M1:82:5,82,M1,5,primary_semantic_capture,30,29,3.142857142857143,True,True,True,0.44642857142857145,1.0
M1:82:6,82,M1,6,primary_semantic_capture,9,8,2.875,True,True,True,0.44642857142857145,1.0
M1:82:7,82,M1,7,primary_semantic_capture,5,4,2.2857142857142856,True,True,True,0.39285714285714285,1.0
M1:83:0,83,M1,0,primary_semantic_capture,2,1,0.8681318681318682,False,False,True,0.08791208791208792,1.0
M1:83:1,83,M1,1,primary_semantic_capture,36,35,1.4065934065934067,True,True,True,0.08791208791208792,1.0
M1:83:2,83,M1,2,primary_semantic_capture,27,26,0.989010989010989,False,False,,0.0,nan
M1:83:3,83,M1,3,primary_semantic_capture,10,9,0.978021978021978,False,False,True,0.07692307692307693,1.0
M1:83:4,83,M1,4,primary_semantic_capture,5,4,0.5274725274725275,False,False,,0.0,nan
M1:83:4,83,M1,4,legacy_aligned_capture,5,4,0.5274725274725275,False,False,,0.0,nan
M1:83:6,83,M1,6,primary_semantic_capture,11,10,0.8681318681318682,False,False,True,0.04395604395604396,1.0
M1:83:7,83,M1,7,primary_semantic_capture,12,11,1.032967032967033,True,False,True,0.01098901098901099,1.0
M1:84:4,84,M1,4,primary_semantic_capture,3,2,0.7468354430379747,False,False,True,0.26582278481012656,1.0
M1:85:1,85,M1,1,primary_semantic_capture,15,14,1.819672131147541,True,True,True,0.18032786885245902,1.0
M1:85:4,85,M1,4,primary_semantic_capture,45,44,1.5245901639344261,True,True,True,0.2459016393442623,1.0
M1:85:6,85,M1,6,primary_semantic_capture,39,38,3.1311475409836067,True,True,True,0.2459016393442623,1.0
M1:86:1,86,M1,1,primary_semantic_capture,1,0,2.422222222222222,True,True,True,0.2222222222222222,1.0
M1:86:2,86,M1,2,primary_semantic_capture,5,4,3.6666666666666665,True,True,True,0.4222222222222222,1.0
M1:86:5,86,M1,5,primary_semantic_capture,2,1,2.5555555555555554,True,True,True,0.4222222222222222,1.0
M1:86:5,86,M1,5,legacy_aligned_capture,2,1,2.5555555555555554,True,True,True,0.4222222222222222,1.0
M1:86:6,86,M1,6,primary_semantic_capture,5,4,2.6444444444444444,True,True,True,0.37777777777777777,1.0
M1:87:0,87,M1,0,primary_semantic_capture,17,16,1.8372093023255813,True,True,True,0.09302325581395349,1.0
M1:87:1,87,M1,1,primary_semantic_capture,17,16,1.5116279069767442,True,True,True,0.06976744186046512,1.0
M1:87:2,87,M1,2,primary_semantic_capture,7,6,3.0697674418604652,True,True,True,0.046511627906976744,1.0
M1:87:2,87,M1,2,legacy_aligned_capture,7,6,3.0697674418604652,True,True,True,0.046511627906976744,1.0
M1:87:4,87,M1,4,primary_semantic_capture,22,21,2.116279069767442,True,True,True,0.09302325581395349,1.0
M1:87:5,87,M1,5,primary_semantic_capture,16,15,2.0930232558139537,True,True,True,0.09302325581395349,1.0
M1:87:6,87,M1,6,primary_semantic_capture,17,16,2.372093023255814,True,True,True,0.09302325581395349,1.0
M1:87:7,87,M1,7,primary_semantic_capture,1,0,1.302325581395349,True,True,True,0.11627906976744186,1.0
M1:89:2,89,M1,2,primary_semantic_capture,80,79,1.972972972972973,True,True,True,0.32432432432432434,1.0
M1:89:4,89,M1,4,primary_semantic_capture,13,12,1.135135135135135,True,False,True,0.2972972972972973,1.0
M1:89:5,89,M1,5,primary_semantic_capture,60,59,1.8783783783783783,True,True,True,0.3108108108108108,1.0
M1:89:6,89,M1,6,primary_semantic_capture,8,7,1.527027027027027,True,True,True,0.33783783783783783,1.0
M1:92:2,92,M1,2,primary_semantic_capture,18,17,2.2195121951219514,True,True,True,0.3170731707317073,1.0
M1:93:0,93,M1,0,primary_semantic_capture,8,7,2.2127659574468086,True,True,False,0.19148936170212766,0.42857142857142855
M1:93:1,93,M1,1,primary_semantic_capture,92,91,4.808510638297872,True,True,True,0.3191489361702128,1.0
M1:93:5,93,M1,5,primary_semantic_capture,9,8,2.4893617021276597,True,True,True,0.3617021276595745,1.0
M1:93:6,93,M1,6,primary_semantic_capture,2,1,1.851063829787234,True,True,True,0.5531914893617021,1.0
M1:93:7,93,M1,7,primary_semantic_capture,48,47,3.25531914893617,True,True,True,0.425531914893617,1.0
M1:94:0,94,M1,0,primary_semantic_capture,14,13,1.9090909090909092,True,True,True,0.21818181818181817,1.0
M1:94:2,94,M1,2,primary_semantic_capture,4,3,0.6363636363636364,False,False,True,0.10909090909090909,1.0
M1:94:2,94,M1,2,legacy_aligned_capture,4,3,0.6363636363636364,False,False,True,0.10909090909090909,1.0
M1:94:4,94,M1,4,primary_semantic_capture,9,8,2.1818181818181817,True,True,True,0.18181818181818182,1.0
M1:94:6,94,M1,6,primary_semantic_capture,2,1,1.1454545454545455,True,False,True,0.12727272727272726,1.0
M1:97:1,97,M1,1,primary_semantic_capture,4,3,2.242424242424242,True,True,True,0.2727272727272727,1.0
M1:97:3,97,M1,3,primary_semantic_capture,1,0,1.6666666666666667,True,True,True,0.2727272727272727,1.0
M1:99:2,99,M1,2,primary_semantic_capture,51,50,8.714285714285714,True,True,True,0.35714285714285715,1.0
M1:101:3,101,M1,3,primary_semantic_capture,6,5,1.4565217391304348,True,True,True,0.6521739130434783,1.0
M1:102:1,102,M1,1,primary_semantic_capture,3,2,1.0588235294117647,True,False,True,0.29411764705882354,1.0
M1:102:2,102,M1,2,primary_semantic_capture,5,4,0.8382352941176471,False,False,True,0.27941176470588236,1.0
M1:102:5,102,M1,5,primary_semantic_capture,4,3,1.9264705882352942,True,True,True,0.2647058823529412,1.0
M1:102:5,102,M1,5,legacy_aligned_capture,4,3,1.9264705882352942,True,True,True,0.2647058823529412,1.0
M1:103:2,103,M1,2,primary_semantic_capture,4,3,3.1702127659574466,True,True,True,0.48936170212765956,1.0
M1:103:7,103,M1,7,primary_semantic_capture,9,8,2.5106382978723403,True,True,True,0.2127659574468085,1.0
M1:103:7,103,M1,7,legacy_aligned_capture,9,8,2.5106382978723403,True,True,True,0.2127659574468085,1.0
M1:106:2,106,M1,2,primary_semantic_capture,4,3,3.096774193548387,True,True,True,0.45161290322580644,1.0
M1:106:2,106,M1,2,legacy_aligned_capture,4,3,3.096774193548387,True,True,True,0.45161290322580644,1.0
M1:107:0,107,M1,0,primary_semantic_capture,3,2,2.433333333333333,True,True,True,0.4666666666666667,1.0
M1:107:3,107,M1,3,primary_semantic_capture,7,6,2.6666666666666665,True,True,True,0.36666666666666664,1.0
M1:107:5,107,M1,5,primary_semantic_capture,3,2,3.6,True,True,True,0.43333333333333335,1.0
M1:107:5,107,M1,5,legacy_aligned_capture,3,2,3.6,True,True,True,0.43333333333333335,1.0
M1:107:6,107,M1,6,primary_semantic_capture,22,21,3.3,True,True,True,0.3333333333333333,1.0
M1:109:0,109,M1,0,primary_semantic_capture,13,12,1.4567901234567902,True,True,True,0.6296296296296297,1.0
M1:109:3,109,M1,3,primary_semantic_capture,5,4,1.2592592592592593,True,True,True,0.5185185185185185,1.0
M1:109:5,109,M1,5,primary_semantic_capture,4,3,1.1481481481481481,True,False,True,0.5432098765432098,1.0
M1:109:7,109,M1,7,primary_semantic_capture,1,0,0.6666666666666666,False,False,False,0.14814814814814814,0.3157894736842105
M1:110:4,110,M1,4,primary_semantic_capture,8,7,0.896551724137931,False,False,True,0.4942528735632184,1.0
M1:110:6,110,M1,6,primary_semantic_capture,14,13,0.9425287356321839,False,False,True,0.4367816091954023,1.0
M1:110:6,110,M1,6,legacy_aligned_capture,14,13,0.9425287356321839,False,False,True,0.4367816091954023,1.0
M1:111:2,111,M1,2,primary_semantic_capture,1,0,2.607142857142857,True,True,True,0.4642857142857143,1.0
M1:111:2,111,M1,2,legacy_aligned_capture,2,1,2.642857142857143,True,True,True,0.4642857142857143,1.0
M1:112:0,112,M1,0,primary_semantic_capture,14,13,2.111111111111111,True,True,True,0.4722222222222222,1.0
M1:112:2,112,M1,2,primary_semantic_capture,17,16,2.388888888888889,True,True,True,0.7222222222222222,1.0
M1:112:3,112,M1,3,primary_semantic_capture,6,5,2.0833333333333335,True,True,True,0.6111111111111112,1.0
M1:112:5,112,M1,5,primary_semantic_capture,8,7,2.4166666666666665,True,True,True,0.6944444444444444,1.0
M1:113:0,113,M1,0,primary_semantic_capture,1,0,3.111111111111111,True,True,True,0.4444444444444444,1.0
M1:113:0,113,M1,0,legacy_aligned_capture,1,0,3.111111111111111,True,True,True,0.4444444444444444,1.0
M1:113:1,113,M1,1,primary_semantic_capture,7,6,7.666666666666667,True,True,True,0.5555555555555556,1.0
M1:113:5,113,M1,5,primary_semantic_capture,7,6,8.777777777777779,True,True,True,0.4444444444444444,1.0
M1:113:6,113,M1,6,primary_semantic_capture,4,3,13.222222222222221,True,True,True,0.2222222222222222,1.0
M1:113:7,113,M1,7,primary_semantic_capture,1,0,8.444444444444445,True,True,True,0.4444444444444444,1.0
M1:114:1,114,M1,1,primary_semantic_capture,17,16,6.3076923076923075,True,True,True,0.07692307692307693,1.0
M1:115:4,115,M1,4,primary_semantic_capture,1,0,1.2666666666666666,True,True,True,0.5111111111111111,1.0
M1:116:0,116,M1,0,primary_semantic_capture,1,0,1.34375,True,True,True,0.15625,1.0
M1:116:3,116,M1,3,primary_semantic_capture,3,2,1.4375,True,True,True,0.21875,1.0
M1:116:6,116,M1,6,primary_semantic_capture,32,31,3.4375,True,True,True,0.25,1.0
M1:116:6,116,M1,6,legacy_aligned_capture,32,31,3.4375,True,True,True,0.25,1.0
M1:116:7,116,M1,7,primary_semantic_capture,21,20,3.6875,True,True,True,0.1875,1.0
M1:116:7,116,M1,7,legacy_aligned_capture,21,20,3.6875,True,True,True,0.1875,1.0
M1:117:0,117,M1,0,primary_semantic_capture,73,72,4.585365853658536,True,True,True,0.07317073170731707,1.0
M1:117:1,117,M1,1,primary_semantic_capture,5,4,1.6341463414634145,True,True,True,0.0975609756097561,1.0
M1:117:2,117,M1,2,primary_semantic_capture,5,4,3.268292682926829,True,True,True,0.12195121951219512,1.0
M1:117:3,117,M1,3,primary_semantic_capture,12,11,1.4146341463414633,True,True,True,0.07317073170731707,1.0
M1:117:4,117,M1,4,primary_semantic_capture,12,11,2.1219512195121952,True,True,True,0.14634146341463414,1.0
M1:117:5,117,M1,5,primary_semantic_capture,1,0,3.7804878048780486,True,True,True,0.21951219512195122,1.0
M1:117:7,117,M1,7,primary_semantic_capture,2,1,1.8780487804878048,True,True,True,0.07317073170731707,1.0
M1:117:7,117,M1,7,legacy_aligned_capture,2,1,1.8780487804878048,True,True,True,0.07317073170731707,1.0
M1:118:0,118,M1,0,primary_semantic_capture,1,0,1.3,True,True,False,0.2833333333333333,0.85
M1:118:2,118,M1,2,primary_semantic_capture,3,2,1.1166666666666667,True,False,True,0.2833333333333333,1.0
M1:118:3,118,M1,3,primary_semantic_capture,14,13,1.0833333333333333,True,False,True,0.23333333333333334,1.0
M1:118:5,118,M1,5,primary_semantic_capture,5,4,1.2166666666666666,True,False,True,0.3333333333333333,1.0
M1:118:6,118,M1,6,primary_semantic_capture,2,1,1.2666666666666666,True,True,True,0.35,1.0
M1:118:7,118,M1,7,primary_semantic_capture,12,11,1.9666666666666666,True,True,True,0.36666666666666664,1.0
M1:119:0,119,M1,0,primary_semantic_capture,5,4,0.686046511627907,False,False,True,0.3488372093023256,1.0
M1:119:1,119,M1,1,primary_semantic_capture,5,4,0.6976744186046512,False,False,True,0.3023255813953488,1.0
M1:119:1,119,M1,1,legacy_aligned_capture,5,4,0.6976744186046512,False,False,True,0.3023255813953488,1.0
M1:119:2,119,M1,2,primary_semantic_capture,5,4,0.9883720930232558,False,False,True,0.27906976744186046,1.0
M1:119:5,119,M1,5,primary_semantic_capture,2,1,0.5465116279069767,False,False,True,0.29069767441860467,1.0
M1:119:7,119,M1,7,primary_semantic_capture,8,7,0.6162790697674418,False,False,True,0.3023255813953488,1.0
M1:120:0,120,M1,0,primary_semantic_capture,3,2,1.1578947368421053,True,False,True,0.3684210526315789,1.0
M1:120:1,120,M1,1,primary_semantic_capture,18,17,1.5,True,True,True,0.3684210526315789,1.0
M1:121:2,121,M1,2,primary_semantic_capture,4,3,1.1846153846153846,True,False,True,0.5846153846153846,1.0
M1:121:2,121,M1,2,legacy_aligned_capture,4,3,1.1846153846153846,True,False,True,0.5846153846153846,1.0
M1:121:3,121,M1,3,primary_semantic_capture,1,0,1.2923076923076924,True,True,True,0.6,1.0
M1:122:1,122,M1,1,primary_semantic_capture,9,8,0.7857142857142857,False,False,True,0.14285714285714285,1.0
M1:122:2,122,M1,2,primary_semantic_capture,37,36,1.0714285714285714,True,False,True,0.4523809523809524,1.0
M1:122:4,122,M1,4,primary_semantic_capture,13,12,0.9047619047619048,False,False,True,0.44047619047619047,1.0
M1:122:6,122,M1,6,primary_semantic_capture,1,0,0.4523809523809524,False,False,True,0.03571428571428571,1.0
M1:122:7,122,M1,7,primary_semantic_capture,11,10,1.2261904761904763,True,False,True,0.6190476190476191,1.0
M1:123:3,123,M1,3,primary_semantic_capture,4,3,0.6785714285714286,False,False,True,0.19642857142857142,1.0
M1:123:4,123,M1,4,primary_semantic_capture,11,10,0.7589285714285714,False,False,True,0.25,1.0
M1:124:1,124,M1,1,primary_semantic_capture,1,0,2.3846153846153846,True,True,True,0.15384615384615385,1.0
M1:124:1,124,M1,1,legacy_aligned_capture,2,1,2.423076923076923,True,True,True,0.15384615384615385,1.0
M1:125:3,125,M1,3,primary_semantic_capture,12,11,2.0,True,True,True,0.625,1.0
M1:126:5,126,M1,5,primary_semantic_capture,4,3,1.4307692307692308,True,True,True,0.4307692307692308,1.0
M1:129:7,129,M1,7,primary_semantic_capture,8,7,3.085714285714286,True,True,True,0.6,1.0
M1:129:7,129,M1,7,legacy_aligned_capture,10,9,3.142857142857143,True,True,True,0.6,1.0
M1:132:0,132,M1,0,primary_semantic_capture,60,59,3.30188679245283,True,True,True,0.33962264150943394,1.0
M1:132:1,132,M1,1,primary_semantic_capture,23,22,1.6415094339622642,True,True,True,0.33962264150943394,1.0
M1:132:3,132,M1,3,primary_semantic_capture,26,25,1.7547169811320755,True,True,True,0.20754716981132076,1.0
M1:132:4,132,M1,4,primary_semantic_capture,10,9,1.2264150943396226,True,False,True,0.32075471698113206,1.0
M1:132:4,132,M1,4,legacy_aligned_capture,10,9,1.2264150943396226,True,False,True,0.32075471698113206,1.0
M1:132:5,132,M1,5,primary_semantic_capture,10,9,0.9056603773584906,False,False,True,0.20754716981132076,1.0
M1:132:7,132,M1,7,primary_semantic_capture,5,4,0.9433962264150944,False,False,True,0.22641509433962265,1.0
M1:133:1,133,M1,1,primary_semantic_capture,4,3,2.217391304347826,True,True,True,0.21739130434782608,1.0
M1:133:4,133,M1,4,primary_semantic_capture,2,1,2.217391304347826,True,True,True,0.21739130434782608,1.0
M1:133:5,133,M1,5,primary_semantic_capture,2,1,1.434782608695652,True,True,True,0.21739130434782608,1.0
M1:133:6,133,M1,6,primary_semantic_capture,2,1,1.434782608695652,True,True,True,0.34782608695652173,1.0
M1:134:0,134,M1,0,primary_semantic_capture,3,2,1.03125,True,False,True,0.359375,1.0
M1:134:1,134,M1,1,primary_semantic_capture,5,4,1.421875,True,True,True,0.5625,1.0
M1:134:1,134,M1,1,legacy_aligned_capture,9,8,1.484375,True,True,True,0.5625,1.0
M1:134:2,134,M1,2,primary_semantic_capture,8,7,1.078125,True,False,True,0.453125,1.0
M1:134:2,134,M1,2,legacy_aligned_capture,8,7,1.078125,True,False,True,0.453125,1.0
M1:134:3,134,M1,3,primary_semantic_capture,6,5,0.984375,False,False,True,0.359375,1.0
M1:134:4,134,M1,4,primary_semantic_capture,3,2,0.921875,False,False,True,0.359375,1.0
M1:134:5,134,M1,5,primary_semantic_capture,4,3,1.09375,True,False,True,0.359375,1.0
M1:134:6,134,M1,6,primary_semantic_capture,7,6,1.21875,True,False,True,0.265625,1.0
M1:134:6,134,M1,6,legacy_aligned_capture,7,6,1.21875,True,False,True,0.265625,1.0
M1:134:7,134,M1,7,primary_semantic_capture,8,7,1.09375,True,False,True,0.390625,1.0
M1:136:0,136,M1,0,primary_semantic_capture,2,1,0.987012987012987,False,False,False,0.23376623376623376,0.6206896551724138
M1:136:1,136,M1,1,primary_semantic_capture,41,40,1.2857142857142858,True,True,True,0.16883116883116883,1.0
M1:136:2,136,M1,2,primary_semantic_capture,8,7,1.1168831168831168,True,False,True,0.2597402597402597,1.0
M1:136:4,136,M1,4,primary_semantic_capture,6,5,1.1688311688311688,True,False,True,0.2857142857142857,1.0
M1:136:4,136,M1,4,legacy_aligned_capture,6,5,1.1688311688311688,True,False,True,0.2857142857142857,1.0
M1:136:5,136,M1,5,primary_semantic_capture,6,5,0.922077922077922,False,False,True,0.22077922077922077,1.0
M1:136:5,136,M1,5,legacy_aligned_capture,6,5,0.922077922077922,False,False,True,0.22077922077922077,1.0
M1:137:1,137,M1,1,primary_semantic_capture,22,21,2.1956521739130435,True,True,True,0.17391304347826086,1.0
M1:137:2,137,M1,2,primary_semantic_capture,2,1,1.8043478260869565,True,True,True,0.13043478260869565,1.0
M1:137:7,137,M1,7,primary_semantic_capture,17,16,2.3043478260869565,True,True,True,0.3695652173913043,1.0
M1:138:1,138,M1,1,primary_semantic_capture,42,41,1.2650602409638554,True,True,True,0.1566265060240964,1.0
M1:138:2,138,M1,2,primary_semantic_capture,10,9,0.5060240963855421,False,False,False,0.18072289156626506,0.8823529411764706
M1:138:3,138,M1,3,primary_semantic_capture,104,103,1.6144578313253013,True,True,True,0.12048192771084337,1.0
M1:138:4,138,M1,4,primary_semantic_capture,45,44,1.6626506024096386,True,True,True,0.20481927710843373,1.0
M1:138:5,138,M1,5,primary_semantic_capture,4,3,1.2771084337349397,True,True,True,0.1566265060240964,1.0
M1:138:6,138,M1,6,primary_semantic_capture,19,18,1.1927710843373494,True,False,True,0.14457831325301204,1.0
M1:138:7,138,M1,7,primary_semantic_capture,94,93,1.8313253012048192,True,True,True,0.1686746987951807,1.0
M1:139:2,139,M1,2,primary_semantic_capture,17,16,3.0,True,True,True,0.8,1.0
M1:139:2,139,M1,2,legacy_aligned_capture,42,41,4.25,True,True,True,0.8,1.0
M1:139:3,139,M1,3,primary_semantic_capture,7,6,2.2,True,True,True,0.5,1.0
M1:141:0,141,M1,0,primary_semantic_capture,18,17,1.627906976744186,True,True,True,0.5116279069767442,1.0
M1:141:1,141,M1,1,primary_semantic_capture,9,8,2.0,True,True,True,0.5581395348837209,1.0
M1:141:3,141,M1,3,primary_semantic_capture,7,6,2.2790697674418605,True,True,True,0.5116279069767442,1.0
M1:141:6,141,M1,6,primary_semantic_capture,48,47,2.4651162790697674,True,True,True,0.5581395348837209,1.0
M1:142:0,142,M1,0,primary_semantic_capture,14,13,5.909090909090909,True,True,True,0.45454545454545453,1.0
M1:142:4,142,M1,4,primary_semantic_capture,1,0,4.363636363636363,True,True,True,0.36363636363636365,1.0
M1:144:0,144,M1,0,primary_semantic_capture,7,6,2.024390243902439,True,True,True,0.6097560975609756,1.0
M1:144:2,144,M1,2,primary_semantic_capture,9,8,2.317073170731707,True,True,True,0.5853658536585366,1.0
M1:144:4,144,M1,4,primary_semantic_capture,2,1,1.2682926829268293,True,True,True,0.5853658536585366,1.0
M1:144:4,144,M1,4,legacy_aligned_capture,2,1,1.2682926829268293,True,True,True,0.5853658536585366,1.0
M1:144:6,144,M1,6,primary_semantic_capture,1,0,3.7560975609756095,True,True,True,0.6585365853658537,1.0
M1:144:7,144,M1,7,primary_semantic_capture,11,10,2.5853658536585367,True,True,True,0.3902439024390244,1.0
M1:144:7,144,M1,7,legacy_aligned_capture,11,10,2.5853658536585367,True,True,True,0.3902439024390244,1.0
M1:145:7,145,M1,7,primary_semantic_capture,17,16,2.3333333333333335,True,True,True,0.25,1.0
M1:146:0,146,M1,0,primary_semantic_capture,27,26,1.5694444444444444,True,True,True,0.2361111111111111,1.0
M1:146:6,146,M1,6,primary_semantic_capture,5,4,1.125,True,False,True,0.3888888888888889,1.0
M1:147:0,147,M1,0,primary_semantic_capture,2,1,1.4680851063829787,True,True,True,0.6382978723404256,1.0
M1:147:1,147,M1,1,primary_semantic_capture,5,4,1.6808510638297873,True,True,True,0.6595744680851063,1.0
M1:147:2,147,M1,2,primary_semantic_capture,6,5,1.9148936170212767,True,True,True,0.7021276595744681,1.0
M1:147:3,147,M1,3,primary_semantic_capture,4,3,1.7659574468085106,True,True,True,0.425531914893617,1.0
M1:147:4,147,M1,4,primary_semantic_capture,3,2,1.0212765957446808,True,False,True,0.5106382978723404,1.0
M1:147:4,147,M1,4,legacy_aligned_capture,3,2,1.0212765957446808,True,False,True,0.5106382978723404,1.0
M1:147:5,147,M1,5,primary_semantic_capture,3,2,1.9148936170212767,True,True,True,0.48936170212765956,1.0
M1:147:6,147,M1,6,primary_semantic_capture,1,0,0.9574468085106383,False,False,False,0.10638297872340426,0.16666666666666666
M1:147:7,147,M1,7,primary_semantic_capture,1,0,1.8085106382978724,True,True,True,0.6382978723404256,1.0
M1:149:7,149,M1,7,primary_semantic_capture,17,16,4.62962962962963,True,True,True,0.5185185185185185,1.0
M1:151:1,151,M1,1,primary_semantic_capture,27,26,1.8857142857142857,True,True,True,0.5142857142857142,1.0
M1:151:3,151,M1,3,primary_semantic_capture,1,0,1.3714285714285714,True,True,True,0.4857142857142857,1.0
M1:151:3,151,M1,3,legacy_aligned_capture,3,2,1.4285714285714286,True,True,True,0.4857142857142857,1.0
M1:153:0,153,M1,0,primary_semantic_capture,57,56,1.3673469387755102,True,True,True,0.09183673469387756,1.0
M1:153:1,153,M1,1,primary_semantic_capture,20,19,1.0918367346938775,True,False,True,0.15306122448979592,1.0
M1:153:2,153,M1,2,primary_semantic_capture,28,27,1.1224489795918366,True,False,True,0.08163265306122448,1.0
M1:153:3,153,M1,3,primary_semantic_capture,66,65,1.846938775510204,True,True,True,0.16326530612244897,1.0
M1:153:4,153,M1,4,primary_semantic_capture,7,6,0.9591836734693877,False,False,True,0.14285714285714285,1.0
M1:153:6,153,M1,6,primary_semantic_capture,6,5,0.6428571428571429,False,False,True,0.14285714285714285,1.0
M1:153:7,153,M1,7,primary_semantic_capture,27,26,1.3775510204081634,True,True,True,0.16326530612244897,1.0
M1:154:0,154,M1,0,primary_semantic_capture,21,20,1.0649350649350648,True,False,True,0.33766233766233766,1.0
M1:154:1,154,M1,1,primary_semantic_capture,32,31,1.5324675324675325,True,True,True,0.44155844155844154,1.0
M1:154:2,154,M1,2,primary_semantic_capture,1,0,0.4025974025974026,False,False,True,0.07792207792207792,1.0
M1:154:2,154,M1,2,legacy_aligned_capture,1,0,0.4025974025974026,False,False,True,0.07792207792207792,1.0
M1:154:3,154,M1,3,primary_semantic_capture,3,2,1.3246753246753247,True,True,True,0.03896103896103896,1.0
M1:154:3,154,M1,3,legacy_aligned_capture,3,2,1.3246753246753247,True,True,True,0.03896103896103896,1.0
M1:154:4,154,M1,4,primary_semantic_capture,10,9,1.0389610389610389,True,False,True,0.2727272727272727,1.0
M1:154:5,154,M1,5,primary_semantic_capture,5,4,1.3766233766233766,True,True,True,0.42857142857142855,1.0
M1:154:5,154,M1,5,legacy_aligned_capture,5,4,1.3766233766233766,True,True,True,0.42857142857142855,1.0
M1:154:6,154,M1,6,primary_semantic_capture,21,20,2.0259740259740258,True,True,True,0.2727272727272727,1.0
M1:154:7,154,M1,7,primary_semantic_capture,10,9,1.4805194805194806,True,True,True,0.2077922077922078,1.0
M1:154:7,154,M1,7,legacy_aligned_capture,10,9,1.4805194805194806,True,True,True,0.2077922077922078,1.0
M1:155:6,155,M1,6,primary_semantic_capture,23,22,1.8904109589041096,True,True,True,0.3424657534246575,1.0
M1:156:0,156,M1,0,primary_semantic_capture,4,3,1.3,True,True,True,0.32,1.0
M1:156:3,156,M1,3,primary_semantic_capture,6,5,1.5,True,True,True,0.2,1.0
M1:156:5,156,M1,5,primary_semantic_capture,30,29,1.8,True,True,True,0.24,1.0
M1:156:6,156,M1,6,primary_semantic_capture,35,34,2.16,True,True,True,0.3,1.0
M1:159:1,159,M1,1,primary_semantic_capture,6,5,3.037037037037037,True,True,True,0.5925925925925926,1.0
M1:159:1,159,M1,1,legacy_aligned_capture,6,5,3.037037037037037,True,True,True,0.5925925925925926,1.0
M1:159:3,159,M1,3,primary_semantic_capture,16,15,2.888888888888889,True,True,True,0.3333333333333333,1.0
M1:159:6,159,M1,6,primary_semantic_capture,14,13,2.111111111111111,True,True,True,0.7037037037037037,1.0
M1:159:7,159,M1,7,primary_semantic_capture,7,6,2.4814814814814814,True,True,True,0.5925925925925926,1.0
M1:159:7,159,M1,7,legacy_aligned_capture,8,7,2.5185185185185186,True,True,True,0.5925925925925926,1.0
M1:160:0,160,M1,0,primary_semantic_capture,65,64,3.267857142857143,True,True,True,0.14285714285714285,1.0
M1:160:1,160,M1,1,primary_semantic_capture,68,67,2.0357142857142856,True,True,True,0.08928571428571429,1.0
M1:160:2,160,M1,2,primary_semantic_capture,9,8,0.6964285714285714,False,False,True,0.16071428571428573,1.0
M1:160:3,160,M1,3,primary_semantic_capture,11,10,0.9642857142857143,False,False,True,0.08928571428571429,1.0
M1:160:4,160,M1,4,primary_semantic_capture,19,18,1.875,True,True,True,0.19642857142857142,1.0
M1:160:6,160,M1,6,primary_semantic_capture,18,17,1.25,True,True,True,0.10714285714285714,1.0
M1:160:7,160,M1,7,primary_semantic_capture,49,48,2.482142857142857,True,True,True,0.14285714285714285,1.0
M1:161:6,161,M1,6,primary_semantic_capture,5,4,1.5490196078431373,True,True,False,0.27450980392156865,0.9333333333333333
M1:162:0,162,M1,0,primary_semantic_capture,20,19,1.2,True,False,True,0.02857142857142857,1.0
M1:162:2,162,M1,2,primary_semantic_capture,37,36,2.142857142857143,True,True,True,0.17142857142857143,1.0
M1:162:4,162,M1,4,primary_semantic_capture,8,7,2.6,True,True,True,0.2,1.0
M1:162:5,162,M1,5,primary_semantic_capture,32,31,3.3142857142857145,True,True,True,0.17142857142857143,1.0
M1:162:6,162,M1,6,primary_semantic_capture,6,5,1.3714285714285714,True,True,True,0.11428571428571428,1.0
M1:162:7,162,M1,7,primary_semantic_capture,6,5,2.5142857142857142,True,True,True,0.14285714285714285,1.0
M1:163:1,163,M1,1,primary_semantic_capture,1,0,0.5051546391752577,False,False,True,0.20618556701030927,1.0
M1:163:2,163,M1,2,primary_semantic_capture,3,2,0.5051546391752577,False,False,True,0.07216494845360824,1.0
M1:163:2,163,M1,2,legacy_aligned_capture,3,2,0.5051546391752577,False,False,True,0.07216494845360824,1.0
M1:163:3,163,M1,3,primary_semantic_capture,3,2,0.4742268041237113,False,False,True,0.10309278350515463,1.0
M1:163:4,163,M1,4,primary_semantic_capture,30,29,1.7422680412371134,True,True,True,0.27835051546391754,1.0
M1:163:5,163,M1,5,primary_semantic_capture,2,1,0.6082474226804123,False,False,True,0.12371134020618557,1.0
M1:163:5,163,M1,5,legacy_aligned_capture,2,1,0.6082474226804123,False,False,True,0.12371134020618557,1.0
M1:163:6,163,M1,6,primary_semantic_capture,94,93,2.1030927835051547,True,True,True,0.09278350515463918,1.0
M1:163:7,163,M1,7,primary_semantic_capture,17,16,0.5670103092783505,False,False,True,0.15463917525773196,1.0
M1:164:1,164,M1,1,primary_semantic_capture,15,14,1.2575757575757576,True,True,True,0.3939393939393939,1.0
M1:164:2,164,M1,2,primary_semantic_capture,14,13,1.303030303030303,True,True,True,0.3787878787878788,1.0
M1:164:3,164,M1,3,primary_semantic_capture,25,24,1.5606060606060606,True,True,True,0.3333333333333333,1.0
M1:164:4,164,M1,4,primary_semantic_capture,19,18,1.893939393939394,True,True,True,0.3787878787878788,1.0
M1:164:5,164,M1,5,primary_semantic_capture,29,28,1.3636363636363635,True,True,True,0.3333333333333333,1.0
M1:164:6,164,M1,6,primary_semantic_capture,65,64,3.287878787878788,True,True,True,0.3181818181818182,1.0
M1:164:7,164,M1,7,primary_semantic_capture,6,5,1.1363636363636365,True,False,True,0.45454545454545453,1.0
M1:165:4,165,M1,4,primary_semantic_capture,1,0,2.1153846153846154,True,True,True,0.5384615384615384,1.0
M1:165:7,165,M1,7,primary_semantic_capture,2,1,1.8846153846153846,True,True,True,0.6153846153846154,1.0
M1:167:0,167,M1,0,primary_semantic_capture,4,3,1.930232558139535,True,True,True,0.13953488372093023,1.0
M1:167:1,167,M1,1,primary_semantic_capture,58,57,2.86046511627907,True,True,True,0.18604651162790697,1.0
M1:167:2,167,M1,2,primary_semantic_capture,1,0,1.3488372093023255,True,True,True,0.2558139534883721,1.0
M1:167:4,167,M1,4,primary_semantic_capture,14,13,2.1627906976744184,True,True,True,0.16279069767441862,1.0
M1:167:6,167,M1,6,primary_semantic_capture,17,16,3.511627906976744,True,True,True,0.2558139534883721,1.0
M1:167:7,167,M1,7,primary_semantic_capture,7,6,2.116279069767442,True,True,True,0.18604651162790697,1.0
M1:168:5,168,M1,5,primary_semantic_capture,4,3,2.2127659574468086,True,True,False,0.19148936170212766,0.45
M1:170:1,170,M1,1,primary_semantic_capture,27,26,2.014925373134328,True,True,True,0.3283582089552239,1.0
M1:170:2,170,M1,2,primary_semantic_capture,9,8,1.5223880597014925,True,True,True,0.2537313432835821,1.0
M1:170:5,170,M1,5,primary_semantic_capture,14,13,1.2985074626865671,True,True,True,0.1791044776119403,1.0
M1:170:7,170,M1,7,primary_semantic_capture,5,4,1.3880597014925373,True,True,True,0.13432835820895522,1.0
M1:171:1,171,M1,1,primary_semantic_capture,92,91,2.1587301587301586,True,True,True,0.31746031746031744,1.0
M1:171:3,171,M1,3,primary_semantic_capture,60,59,1.7142857142857142,True,True,True,0.38095238095238093,1.0
M1:171:7,171,M1,7,primary_semantic_capture,11,10,1.3174603174603174,True,True,True,0.42857142857142855,1.0
M1:171:7,171,M1,7,legacy_aligned_capture,11,10,1.3174603174603174,True,True,True,0.42857142857142855,1.0
M1:172:7,172,M1,7,primary_semantic_capture,1,0,5.769230769230769,True,True,True,0.38461538461538464,1.0
M1:173:4,173,M1,4,primary_semantic_capture,6,5,1.4565217391304348,True,True,True,0.43478260869565216,1.0
M1:174:1,174,M1,1,primary_semantic_capture,3,2,0.8064516129032258,False,False,True,0.3709677419354839,1.0
M1:176:1,176,M1,1,primary_semantic_capture,2,1,2.0208333333333335,True,True,True,0.375,1.0
M1:177:2,177,M1,2,primary_semantic_capture,2,1,1.3235294117647058,True,True,True,0.5588235294117647,1.0
M1:177:2,177,M1,2,legacy_aligned_capture,2,1,1.3235294117647058,True,True,True,0.5588235294117647,1.0
M1:178:0,178,M1,0,primary_semantic_capture,16,15,1.0434782608695652,True,False,True,0.14492753623188406,1.0
M1:178:5,178,M1,5,primary_semantic_capture,24,23,1.3623188405797102,True,True,True,0.11594202898550725,1.0
M1:179:0,179,M1,0,primary_semantic_capture,14,13,1.0943396226415094,True,False,True,0.09433962264150944,1.0
M1:179:1,179,M1,1,primary_semantic_capture,12,11,2.0,True,True,True,0.20754716981132076,1.0
M1:179:2,179,M1,2,primary_semantic_capture,31,30,1.490566037735849,True,True,True,0.11320754716981132,1.0
M1:179:3,179,M1,3,primary_semantic_capture,11,10,1.2830188679245282,True,True,True,0.1509433962264151,1.0
M1:179:4,179,M1,4,primary_semantic_capture,113,112,3.1132075471698113,True,True,True,0.11320754716981132,1.0
M1:179:6,179,M1,6,primary_semantic_capture,19,18,1.9433962264150944,True,True,True,0.16981132075471697,1.0
M1:179:7,179,M1,7,primary_semantic_capture,14,13,2.8867924528301887,True,True,True,0.11320754716981132,1.0
M1:181:0,181,M1,0,primary_semantic_capture,6,5,1.5277777777777777,True,True,True,0.2222222222222222,1.0
M1:181:1,181,M1,1,primary_semantic_capture,4,3,1.0,True,False,True,0.19444444444444445,1.0
M1:181:1,181,M1,1,legacy_aligned_capture,4,3,1.0,True,False,True,0.19444444444444445,1.0
M1:181:2,181,M1,2,primary_semantic_capture,5,4,0.5833333333333334,False,False,True,0.16666666666666666,1.0
M1:181:3,181,M1,3,primary_semantic_capture,2,1,1.0277777777777777,True,False,True,0.2638888888888889,1.0
M1:181:3,181,M1,3,legacy_aligned_capture,2,1,1.0277777777777777,True,False,True,0.2638888888888889,1.0
M1:181:4,181,M1,4,primary_semantic_capture,4,3,1.7638888888888888,True,True,True,0.2361111111111111,1.0
M1:181:5,181,M1,5,primary_semantic_capture,6,5,0.6111111111111112,False,False,True,0.125,1.0
M1:181:6,181,M1,6,primary_semantic_capture,2,1,0.8888888888888888,False,False,True,0.25,1.0
M1:184:2,184,M1,2,primary_semantic_capture,20,19,4.041666666666667,True,True,True,0.25,1.0
M1:184:5,184,M1,5,primary_semantic_capture,2,1,5.625,True,True,True,0.2916666666666667,1.0
M1:184:5,184,M1,5,legacy_aligned_capture,2,1,5.625,True,True,True,0.2916666666666667,1.0
M1:185:0,185,M1,0,primary_semantic_capture,9,8,9.75,True,True,True,0.5,1.0
M1:185:1,185,M1,1,primary_semantic_capture,5,4,12.375,True,True,True,0.25,1.0
M1:185:3,185,M1,3,primary_semantic_capture,1,0,15.375,True,True,True,0.25,1.0
M1:185:7,185,M1,7,primary_semantic_capture,2,1,8.125,True,True,True,0.5,1.0
M1:187:0,187,M1,0,primary_semantic_capture,11,10,1.6666666666666667,True,True,True,0.3508771929824561,1.0
M1:187:2,187,M1,2,primary_semantic_capture,10,9,1.1228070175438596,True,False,True,0.3157894736842105,1.0
M1:188:1,188,M1,1,primary_semantic_capture,12,11,1.6136363636363635,True,True,True,0.45454545454545453,1.0
M1:188:1,188,M1,1,legacy_aligned_capture,12,11,1.6136363636363635,True,True,True,0.45454545454545453,1.0
M1:188:2,188,M1,2,primary_semantic_capture,13,12,3.522727272727273,True,True,True,0.5227272727272727,1.0
M1:189:0,189,M1,0,primary_semantic_capture,4,3,0.8405797101449275,False,False,True,0.37681159420289856,1.0
M1:189:2,189,M1,2,primary_semantic_capture,17,16,1.0289855072463767,True,False,True,0.3188405797101449,1.0
M1:189:3,189,M1,3,primary_semantic_capture,28,27,1.6956521739130435,True,True,True,0.391304347826087,1.0
M1:189:7,189,M1,7,primary_semantic_capture,9,8,1.2463768115942029,True,False,True,0.3333333333333333,1.0
M1:190:0,190,M1,0,primary_semantic_capture,8,7,1.0294117647058822,True,False,True,0.22058823529411764,1.0
M1:190:1,190,M1,1,primary_semantic_capture,1,0,0.7941176470588235,False,False,True,0.16176470588235295,1.0
M1:190:2,190,M1,2,primary_semantic_capture,3,2,1.5,True,True,True,0.16176470588235295,1.0
M1:190:3,190,M1,3,primary_semantic_capture,13,12,1.4852941176470589,True,True,True,0.3088235294117647,1.0
M1:190:4,190,M1,4,primary_semantic_capture,1,0,0.8970588235294118,False,False,True,0.16176470588235295,1.0
M1:190:5,190,M1,5,primary_semantic_capture,7,6,1.0735294117647058,True,False,True,0.23529411764705882,1.0
M1:190:6,190,M1,6,primary_semantic_capture,20,19,1.1470588235294117,True,False,False,0.10294117647058823,0.7
M1:190:7,190,M1,7,primary_semantic_capture,7,6,1.3235294117647058,True,True,True,0.1323529411764706,1.0
M1:191:4,191,M1,4,primary_semantic_capture,10,9,2.297872340425532,True,True,True,0.19148936170212766,1.0
M1:191:6,191,M1,6,primary_semantic_capture,10,9,2.297872340425532,True,True,True,0.2553191489361702,1.0
M1:193:1,193,M1,1,primary_semantic_capture,46,45,2.367816091954023,True,True,True,0.4482758620689655,1.0
M1:193:4,193,M1,4,primary_semantic_capture,6,5,1.103448275862069,True,False,True,0.3563218390804598,1.0
M1:195:0,195,M1,0,primary_semantic_capture,10,9,1.5810810810810811,True,True,True,0.25675675675675674,1.0
M1:195:1,195,M1,1,primary_semantic_capture,19,18,1.5810810810810811,True,True,True,0.4189189189189189,1.0
M1:196:0,196,M1,0,primary_semantic_capture,15,14,3.073170731707317,True,True,True,0.24390243902439024,1.0
M1:196:2,196,M1,2,primary_semantic_capture,1,0,1.3658536585365855,True,True,True,0.04878048780487805,1.0
M1:196:3,196,M1,3,primary_semantic_capture,14,13,2.8292682926829267,True,True,True,0.2926829268292683,1.0
M1:196:4,196,M1,4,primary_semantic_capture,14,13,2.073170731707317,True,True,True,0.12195121951219512,1.0
M1:196:5,196,M1,5,primary_semantic_capture,8,7,2.1951219512195124,True,True,True,0.12195121951219512,1.0
M1:197:4,197,M1,4,primary_semantic_capture,18,17,2.1315789473684212,True,True,True,0.42105263157894735,1.0
M1:197:4,197,M1,4,legacy_aligned_capture,18,17,2.1315789473684212,True,True,True,0.42105263157894735,1.0
M1:197:6,197,M1,6,primary_semantic_capture,14,13,2.1315789473684212,True,True,True,0.34210526315789475,1.0
M1:198:0,198,M1,0,primary_semantic_capture,24,23,1.4310344827586208,True,True,True,0.3793103448275862,1.0
M1:198:1,198,M1,1,primary_semantic_capture,17,16,1.6724137931034482,True,True,True,0.3793103448275862,1.0
M1:198:1,198,M1,1,legacy_aligned_capture,17,16,1.6724137931034482,True,True,True,0.3793103448275862,1.0
M1:198:2,198,M1,2,primary_semantic_capture,3,2,0.8103448275862069,False,False,True,0.2413793103448276,1.0
M1:198:3,198,M1,3,primary_semantic_capture,61,60,2.0172413793103448,True,True,True,0.46551724137931033,1.0
M1:198:4,198,M1,4,primary_semantic_capture,15,14,1.5,True,True,True,0.46551724137931033,1.0
M1:198:5,198,M1,5,primary_semantic_capture,1,0,1.9655172413793103,True,True,True,0.46551724137931033,1.0
M1:198:6,198,M1,6,primary_semantic_capture,11,10,1.5517241379310345,True,True,True,0.4827586206896552,1.0
M1:200:1,200,M1,1,primary_semantic_capture,55,54,3.4186046511627906,True,True,True,0.46511627906976744,1.0
M1:200:2,200,M1,2,primary_semantic_capture,3,2,2.744186046511628,True,True,True,0.5348837209302325,1.0
M1:200:4,200,M1,4,primary_semantic_capture,12,11,1.744186046511628,True,True,True,0.4186046511627907,1.0
M1:200:5,200,M1,5,primary_semantic_capture,24,23,3.627906976744186,True,True,True,0.27906976744186046,1.0
M1:200:6,200,M1,6,primary_semantic_capture,15,14,1.1162790697674418,True,False,True,0.2558139534883721,1.0
M1:200:7,200,M1,7,primary_semantic_capture,49,48,2.86046511627907,True,True,True,0.37209302325581395,1.0
M1:201:3,201,M1,3,primary_semantic_capture,9,8,1.411764705882353,True,True,True,0.20588235294117646,1.0
M1:201:5,201,M1,5,primary_semantic_capture,4,3,1.5294117647058822,True,True,True,0.11764705882352941,1.0
M1:202:1,202,M1,1,primary_semantic_capture,19,18,1.058139534883721,True,False,True,0.2441860465116279,1.0
M1:202:2,202,M1,2,primary_semantic_capture,3,2,1.2906976744186047,True,True,True,0.27906976744186046,1.0
M1:202:3,202,M1,3,primary_semantic_capture,8,7,1.9069767441860466,True,True,True,0.313953488372093,1.0
M1:202:4,202,M1,4,primary_semantic_capture,68,67,1.8255813953488371,True,True,True,0.36046511627906974,1.0
M1:202:5,202,M1,5,primary_semantic_capture,13,12,1.6627906976744187,True,True,True,0.4418604651162791,1.0
M1:202:6,202,M1,6,primary_semantic_capture,16,15,1.3488372093023255,True,True,True,0.46511627906976744,1.0
M1:202:7,202,M1,7,primary_semantic_capture,47,46,1.5813953488372092,True,True,True,0.4069767441860465,1.0
M1:203:3,203,M1,3,primary_semantic_capture,15,14,1.75,True,True,True,0.8833333333333333,1.0
M1:204:0,204,M1,0,primary_semantic_capture,26,25,0.9814814814814815,False,False,True,0.18518518518518517,1.0
M1:204:1,204,M1,1,primary_semantic_capture,2,1,0.6203703703703703,False,False,True,0.14814814814814814,1.0
M1:204:2,204,M1,2,primary_semantic_capture,19,18,0.7777777777777778,False,False,True,0.17592592592592593,1.0
M1:204:3,204,M1,3,primary_semantic_capture,3,2,1.0925925925925926,True,False,True,0.09259259259259259,1.0
M1:204:4,204,M1,4,primary_semantic_capture,4,3,1.3425925925925926,True,True,True,0.3148148148148148,1.0
M1:204:4,204,M1,4,legacy_aligned_capture,4,3,1.3425925925925926,True,True,True,0.3148148148148148,1.0
M1:204:5,204,M1,5,primary_semantic_capture,20,19,1.1666666666666667,True,False,True,0.3611111111111111,1.0
M1:204:6,204,M1,6,primary_semantic_capture,30,29,0.8333333333333334,False,False,True,0.2037037037037037,1.0
M1:204:6,204,M1,6,legacy_aligned_capture,30,29,0.8333333333333334,False,False,True,0.2037037037037037,1.0
M1:205:3,205,M1,3,primary_semantic_capture,6,5,2.264705882352941,True,True,True,0.20588235294117646,1.0
M1:205:6,205,M1,6,primary_semantic_capture,4,3,2.676470588235294,True,True,True,0.38235294117647056,1.0
M1:206:0,206,M1,0,primary_semantic_capture,30,29,3.896551724137931,True,True,True,0.10344827586206896,1.0
M1:207:4,207,M1,4,primary_semantic_capture,10,9,2.046153846153846,True,True,True,0.24615384615384617,1.0
M1:207:7,207,M1,7,primary_semantic_capture,1,0,1.323076923076923,True,True,True,0.2,1.0
M1:207:7,207,M1,7,legacy_aligned_capture,1,0,1.323076923076923,True,True,True,0.2,1.0
M1:208:0,208,M1,0,primary_semantic_capture,7,6,1.078125,True,False,True,0.3125,1.0
M1:208:2,208,M1,2,primary_semantic_capture,4,3,1.484375,True,True,True,0.328125,1.0
M1:208:3,208,M1,3,primary_semantic_capture,2,1,1.71875,True,True,True,0.46875,1.0
M1:208:4,208,M1,4,primary_semantic_capture,5,4,1.578125,True,True,True,0.25,1.0
M1:209:0,209,M1,0,primary_semantic_capture,3,2,1.653061224489796,True,True,True,0.16326530612244897,1.0
M1:211:2,211,M1,2,primary_semantic_capture,13,12,1.6216216216216217,True,True,True,0.13513513513513514,1.0
M1:211:5,211,M1,5,primary_semantic_capture,4,3,1.3513513513513513,True,True,True,0.24324324324324326,1.0
M1:211:5,211,M1,5,legacy_aligned_capture,4,3,1.3513513513513513,True,True,True,0.24324324324324326,1.0
M1:212:2,212,M1,2,primary_semantic_capture,9,8,1.0555555555555556,True,False,True,0.3333333333333333,1.0
M1:212:3,212,M1,3,primary_semantic_capture,1,0,2.1666666666666665,True,True,True,0.3611111111111111,1.0
M1:212:3,212,M1,3,legacy_aligned_capture,1,0,2.1666666666666665,True,True,True,0.3611111111111111,1.0
M1:212:7,212,M1,7,primary_semantic_capture,6,5,1.0,True,False,True,0.2222222222222222,1.0
M1:212:7,212,M1,7,legacy_aligned_capture,6,5,1.0,True,False,True,0.2222222222222222,1.0
M1:214:2,214,M1,2,primary_semantic_capture,49,48,2.056603773584906,True,True,True,0.32075471698113206,1.0
M1:214:3,214,M1,3,primary_semantic_capture,150,149,4.943396226415095,True,True,True,0.6981132075471698,1.0
M1:214:5,214,M1,5,primary_semantic_capture,42,41,2.207547169811321,True,True,True,0.4339622641509434,1.0
M1:214:6,214,M1,6,primary_semantic_capture,12,11,1.4528301886792452,True,True,True,0.3018867924528302,1.0
M1:214:6,214,M1,6,legacy_aligned_capture,38,37,1.9433962264150944,True,True,True,0.3018867924528302,1.0
M1:216:1,216,M1,1,primary_semantic_capture,22,21,1.4285714285714286,True,True,True,0.2714285714285714,1.0
M1:216:2,216,M1,2,primary_semantic_capture,45,44,1.3285714285714285,True,True,True,0.3,1.0
M1:216:3,216,M1,3,primary_semantic_capture,16,15,1.6285714285714286,True,True,True,0.2714285714285714,1.0
M1:216:4,216,M1,4,primary_semantic_capture,83,82,2.1714285714285713,True,True,True,0.21428571428571427,1.0
M1:216:5,216,M1,5,primary_semantic_capture,8,7,1.2142857142857142,True,False,True,0.2714285714285714,1.0
M1:216:6,216,M1,6,primary_semantic_capture,48,47,1.3571428571428572,True,True,True,0.21428571428571427,1.0
M1:216:7,216,M1,7,primary_semantic_capture,53,52,1.8142857142857143,True,True,True,0.11428571428571428,1.0
M1:218:0,218,M1,0,primary_semantic_capture,9,8,1.2,True,False,True,0.2,1.0
M1:218:0,218,M1,0,legacy_aligned_capture,9,8,1.2,True,False,True,0.2,1.0
M1:218:1,218,M1,1,primary_semantic_capture,13,12,2.38,True,True,True,0.12,1.0
M1:218:4,218,M1,4,primary_semantic_capture,21,20,1.38,True,True,True,0.1,1.0
M1:218:5,218,M1,5,primary_semantic_capture,18,17,1.9,True,True,True,0.1,1.0
M1:218:6,218,M1,6,primary_semantic_capture,4,3,2.22,True,True,True,0.14,1.0
M1:218:6,218,M1,6,legacy_aligned_capture,4,3,2.22,True,True,True,0.14,1.0
M1:218:7,218,M1,7,primary_semantic_capture,9,8,1.52,True,True,True,0.12,1.0
M1:219:1,219,M1,1,primary_semantic_capture,43,42,2.903225806451613,True,True,True,0.1935483870967742,1.0
M1:219:5,219,M1,5,primary_semantic_capture,12,11,2.5806451612903225,True,True,True,0.22580645161290322,1.0
M1:219:6,219,M1,6,primary_semantic_capture,6,5,3.7096774193548385,True,True,True,0.16129032258064516,1.0
M1:220:0,220,M1,0,primary_semantic_capture,4,3,2.75,True,True,True,0.7,1.0
M1:220:0,220,M1,0,legacy_aligned_capture,4,3,2.75,True,True,True,0.7,1.0
M1:220:5,220,M1,5,primary_semantic_capture,11,10,3.1,True,True,True,0.6,1.0
M1:222:3,222,M1,3,primary_semantic_capture,28,27,3.054054054054054,True,True,True,0.3783783783783784,1.0
M1:223:6,223,M1,6,primary_semantic_capture,27,26,1.6666666666666667,True,True,True,0.35,1.0
M1:223:7,223,M1,7,primary_semantic_capture,1,0,1.9833333333333334,True,True,True,0.5833333333333334,1.0
M1:225:3,225,M1,3,primary_semantic_capture,7,6,2.5555555555555554,True,True,True,0.7037037037037037,1.0
M1:226:0,226,M1,0,primary_semantic_capture,10,9,2.5384615384615383,True,True,True,0.2692307692307692,1.0
M1:226:0,226,M1,0,legacy_aligned_capture,10,9,2.5384615384615383,True,True,True,0.2692307692307692,1.0
M1:226:1,226,M1,1,primary_semantic_capture,5,4,2.4615384615384617,True,True,True,0.2692307692307692,1.0
M1:226:1,226,M1,1,legacy_aligned_capture,5,4,2.4615384615384617,True,True,True,0.2692307692307692,1.0
M1:226:2,226,M1,2,primary_semantic_capture,21,20,2.769230769230769,True,True,True,0.19230769230769232,1.0
M1:226:3,226,M1,3,primary_semantic_capture,19,18,2.6538461538461537,True,True,True,0.2692307692307692,1.0
M1:226:5,226,M1,5,primary_semantic_capture,8,7,2.1538461538461537,True,True,True,0.11538461538461539,1.0
M1:226:5,226,M1,5,legacy_aligned_capture,8,7,2.1538461538461537,True,True,True,0.11538461538461539,1.0
M1:226:6,226,M1,6,primary_semantic_capture,2,1,2.5,True,True,True,0.23076923076923078,1.0
M1:226:6,226,M1,6,legacy_aligned_capture,3,2,2.5384615384615383,True,True,True,0.23076923076923078,1.0
M1:226:7,226,M1,7,primary_semantic_capture,14,13,2.269230769230769,True,True,True,0.15384615384615385,1.0
M1:227:1,227,M1,1,primary_semantic_capture,3,2,1.396551724137931,True,True,True,0.3620689655172414,1.0
M1:227:5,227,M1,5,primary_semantic_capture,1,0,2.3448275862068964,True,True,True,0.3103448275862069,1.0
M1:227:6,227,M1,6,primary_semantic_capture,4,3,1.4137931034482758,True,True,True,0.3448275862068966,1.0
M1:227:7,227,M1,7,primary_semantic_capture,10,9,1.2758620689655173,True,True,True,0.3103448275862069,1.0
M1:228:0,228,M1,0,primary_semantic_capture,5,4,3.558139534883721,True,True,True,0.023255813953488372,1.0
M1:228:0,228,M1,0,legacy_aligned_capture,5,4,3.558139534883721,True,True,True,0.023255813953488372,1.0
M1:228:2,228,M1,2,primary_semantic_capture,76,75,4.953488372093023,True,True,True,0.11627906976744186,1.0
M1:228:3,228,M1,3,primary_semantic_capture,5,4,3.441860465116279,True,True,True,0.046511627906976744,1.0
M1:228:5,228,M1,5,primary_semantic_capture,19,18,2.046511627906977,True,True,True,0.5348837209302325,1.0
M1:229:1,229,M1,1,primary_semantic_capture,12,11,0.9605263157894737,False,False,True,0.35526315789473684,1.0
M1:229:1,229,M1,1,legacy_aligned_capture,14,13,0.9868421052631579,False,False,True,0.35526315789473684,1.0
M1:229:2,229,M1,2,primary_semantic_capture,4,3,1.381578947368421,True,True,True,0.5789473684210527,1.0
M1:229:2,229,M1,2,legacy_aligned_capture,4,3,1.381578947368421,True,True,True,0.5789473684210527,1.0
M1:229:3,229,M1,3,primary_semantic_capture,14,13,1.394736842105263,True,True,True,0.5526315789473685,1.0
M1:229:5,229,M1,5,primary_semantic_capture,12,11,1.0789473684210527,True,False,True,0.5394736842105263,1.0
M1:229:6,229,M1,6,primary_semantic_capture,2,1,1.0394736842105263,True,False,False,0.39473684210526316,0.8333333333333334
M1:229:7,229,M1,7,primary_semantic_capture,36,35,1.2236842105263157,True,False,True,0.3815789473684211,1.0
M1:230:0,230,M1,0,primary_semantic_capture,9,8,2.9166666666666665,True,True,True,0.6666666666666666,1.0
M1:230:1,230,M1,1,primary_semantic_capture,16,15,1.75,True,True,True,0.6111111111111112,1.0
M1:230:2,230,M1,2,primary_semantic_capture,44,43,3.361111111111111,True,True,True,0.4444444444444444,1.0
M1:230:6,230,M1,6,primary_semantic_capture,26,25,2.25,True,True,True,0.3055555555555556,1.0
M1:231:0,231,M1,0,primary_semantic_capture,18,17,1.2678571428571428,True,True,True,0.30357142857142855,1.0
M1:231:2,231,M1,2,primary_semantic_capture,24,23,1.4285714285714286,True,True,True,0.48214285714285715,1.0
M1:231:3,231,M1,3,primary_semantic_capture,6,5,1.2678571428571428,True,True,True,0.42857142857142855,1.0
M1:231:5,231,M1,5,primary_semantic_capture,35,34,1.375,True,True,True,0.2857142857142857,1.0
M1:231:6,231,M1,6,primary_semantic_capture,35,34,2.0535714285714284,True,True,True,0.48214285714285715,1.0
M1:231:7,231,M1,7,primary_semantic_capture,32,31,1.7321428571428572,True,True,True,0.4642857142857143,1.0
M1:232:0,232,M1,0,primary_semantic_capture,4,3,1.0898876404494382,True,False,True,0.34831460674157305,1.0
M1:232:1,232,M1,1,primary_semantic_capture,32,31,1.3258426966292134,True,True,True,0.38202247191011235,1.0
M1:232:2,232,M1,2,primary_semantic_capture,3,2,1.9213483146067416,True,True,True,0.34831460674157305,1.0
M1:232:2,232,M1,2,legacy_aligned_capture,3,2,1.9213483146067416,True,True,True,0.34831460674157305,1.0
M1:232:3,232,M1,3,primary_semantic_capture,4,3,2.1797752808988764,True,True,True,0.550561797752809,1.0
M1:232:3,232,M1,3,legacy_aligned_capture,4,3,2.1797752808988764,True,True,True,0.550561797752809,1.0
M1:232:6,232,M1,6,primary_semantic_capture,11,10,1.651685393258427,True,True,True,0.550561797752809,1.0
M1:232:7,232,M1,7,primary_semantic_capture,6,5,1.3820224719101124,True,True,True,0.3707865168539326,1.0
M1:232:7,232,M1,7,legacy_aligned_capture,7,6,1.3932584269662922,True,True,True,0.3707865168539326,1.0
M1:233:1,233,M1,1,primary_semantic_capture,4,3,1.0315789473684212,True,False,True,0.4421052631578947,1.0
M1:233:3,233,M1,3,primary_semantic_capture,6,5,0.8736842105263158,False,False,True,0.2631578947368421,1.0
M1:233:4,233,M1,4,primary_semantic_capture,19,18,1.5789473684210527,True,True,True,0.49473684210526314,1.0
M1:234:0,234,M1,0,primary_semantic_capture,5,4,1.125,True,False,True,0.17045454545454544,1.0
M1:234:1,234,M1,1,primary_semantic_capture,7,6,0.9431818181818182,False,False,True,0.06818181818181818,1.0
M1:234:2,234,M1,2,primary_semantic_capture,1,0,0.7045454545454546,False,False,True,0.13636363636363635,1.0
M1:234:2,234,M1,2,legacy_aligned_capture,1,0,0.7045454545454546,False,False,True,0.13636363636363635,1.0
M1:234:3,234,M1,3,primary_semantic_capture,18,17,1.1022727272727273,True,False,True,0.011363636363636364,1.0
M1:234:4,234,M1,4,primary_semantic_capture,4,3,1.4886363636363635,True,True,True,0.14772727272727273,1.0
M1:234:4,234,M1,4,legacy_aligned_capture,4,3,1.4886363636363635,True,True,True,0.14772727272727273,1.0
M1:234:5,234,M1,5,primary_semantic_capture,23,22,1.1477272727272727,True,False,True,0.25,1.0
M1:234:7,234,M1,7,primary_semantic_capture,3,2,0.9090909090909091,False,False,True,0.07954545454545454,1.0
M1:234:7,234,M1,7,legacy_aligned_capture,3,2,0.9090909090909091,False,False,True,0.07954545454545454,1.0
M1:236:0,236,M1,0,primary_semantic_capture,8,7,2.176470588235294,True,True,True,0.23529411764705882,1.0
M1:236:0,236,M1,0,legacy_aligned_capture,8,7,2.176470588235294,True,True,True,0.23529411764705882,1.0
M1:236:2,236,M1,2,primary_semantic_capture,2,1,4.470588235294118,True,True,True,0.47058823529411764,1.0
M1:238:0,238,M1,0,primary_semantic_capture,6,5,1.619047619047619,True,True,True,0.2857142857142857,1.0
M1:238:1,238,M1,1,primary_semantic_capture,8,7,2.619047619047619,True,True,True,0.42857142857142855,1.0
M1:238:2,238,M1,2,primary_semantic_capture,3,2,1.1904761904761905,True,False,True,0.16666666666666666,1.0
M1:238:3,238,M1,3,primary_semantic_capture,1,0,2.5476190476190474,True,True,True,0.30952380952380953,1.0
M1:238:3,238,M1,3,legacy_aligned_capture,1,0,2.5476190476190474,True,True,True,0.30952380952380953,1.0
M1:238:4,238,M1,4,primary_semantic_capture,8,7,1.7142857142857142,True,True,True,0.42857142857142855,1.0
M1:238:5,238,M1,5,primary_semantic_capture,4,3,1.3095238095238095,True,True,True,0.30952380952380953,1.0
M1:238:5,238,M1,5,legacy_aligned_capture,4,3,1.3095238095238095,True,True,True,0.30952380952380953,1.0
M1:238:6,238,M1,6,primary_semantic_capture,24,23,2.1904761904761907,True,True,True,0.2857142857142857,1.0
M1:238:6,238,M1,6,legacy_aligned_capture,24,23,2.1904761904761907,True,True,True,0.2857142857142857,1.0
M1:239:1,239,M1,1,primary_semantic_capture,4,3,3.0869565217391304,True,True,True,0.391304347826087,1.0
M1:239:2,239,M1,2,primary_semantic_capture,3,2,1.608695652173913,True,True,True,0.32608695652173914,1.0
M1:239:5,239,M1,5,primary_semantic_capture,39,38,4.521739130434782,True,True,True,0.2608695652173913,1.0
M1:239:5,239,M1,5,legacy_aligned_capture,39,38,4.521739130434782,True,True,True,0.2608695652173913,1.0
M1:239:6,239,M1,6,primary_semantic_capture,10,9,1.8695652173913044,True,True,True,0.2608695652173913,1.0
M1:239:6,239,M1,6,legacy_aligned_capture,10,9,1.8695652173913044,True,True,True,0.2608695652173913,1.0
M1:239:7,239,M1,7,primary_semantic_capture,4,3,2.239130434782609,True,True,True,0.2608695652173913,1.0
M1:240:0,240,M1,0,primary_semantic_capture,13,12,1.8928571428571428,True,True,True,0.39285714285714285,1.0
M1:240:1,240,M1,1,primary_semantic_capture,19,18,1.9642857142857142,True,True,True,0.32142857142857145,1.0
M1:243:2,243,M1,2,primary_semantic_capture,5,4,2.2222222222222223,True,True,True,0.7222222222222222,1.0
M1:243:3,243,M1,3,primary_semantic_capture,31,30,3.25,True,True,True,0.7777777777777778,1.0
M1:244:1,244,M1,1,primary_semantic_capture,9,8,1.7560975609756098,True,True,True,0.36585365853658536,1.0
M1:244:1,244,M1,1,legacy_aligned_capture,9,8,1.7560975609756098,True,True,True,0.36585365853658536,1.0
M1:244:4,244,M1,4,primary_semantic_capture,19,18,1.2195121951219512,True,False,,0.0,nan
M1:244:5,244,M1,5,primary_semantic_capture,9,8,2.1951219512195124,True,True,True,0.17073170731707318,1.0
M1:244:5,244,M1,5,legacy_aligned_capture,9,8,2.1951219512195124,True,True,True,0.17073170731707318,1.0
M1:245:1,245,M1,1,primary_semantic_capture,1,0,1.1470588235294117,True,False,True,0.4411764705882353,1.0
M1:245:1,245,M1,1,legacy_aligned_capture,1,0,1.1470588235294117,True,False,True,0.4411764705882353,1.0
M1:245:2,245,M1,2,primary_semantic_capture,6,5,1.3529411764705883,True,True,True,0.38235294117647056,1.0
M1:250:1,250,M1,1,primary_semantic_capture,55,54,2.0441176470588234,True,True,True,0.3088235294117647,1.0
M1:250:5,250,M1,5,primary_semantic_capture,12,11,1.7205882352941178,True,True,True,0.3088235294117647,1.0
M1:252:0,252,M1,0,primary_semantic_capture,3,2,1.8918918918918919,True,True,True,0.2702702702702703,1.0
M1:252:0,252,M1,0,legacy_aligned_capture,3,2,1.8918918918918919,True,True,True,0.2702702702702703,1.0
M1:252:2,252,M1,2,primary_semantic_capture,2,1,1.0810810810810811,True,False,True,0.04054054054054054,1.0
M1:252:2,252,M1,2,legacy_aligned_capture,3,2,1.0945945945945945,True,False,True,0.04054054054054054,1.0
M1:252:4,252,M1,4,primary_semantic_capture,3,2,1.3243243243243243,True,True,True,0.17567567567567569,1.0
M1:252:6,252,M1,6,primary_semantic_capture,6,5,0.9864864864864865,False,False,True,0.14864864864864866,1.0
M1:252:6,252,M1,6,legacy_aligned_capture,6,5,0.9864864864864865,False,False,True,0.14864864864864866,1.0
M1:252:7,252,M1,7,primary_semantic_capture,3,2,1.1756756756756757,True,False,True,0.20270270270270271,1.0
M1:253:0,253,M1,0,primary_semantic_capture,6,5,2.159090909090909,True,True,True,0.29545454545454547,1.0
M1:253:6,253,M1,6,primary_semantic_capture,52,51,6.386363636363637,True,True,True,0.5681818181818182,1.0
M1:255:4,255,M1,4,primary_semantic_capture,18,17,4.0,True,True,True,0.3333333333333333,1.0
M1:257:0,257,M1,0,primary_semantic_capture,21,20,1.118421052631579,True,False,True,0.42105263157894735,1.0
M1:257:2,257,M1,2,primary_semantic_capture,6,5,1.0789473684210527,True,False,True,0.42105263157894735,1.0
M1:257:5,257,M1,5,primary_semantic_capture,19,18,1.144736842105263,True,False,True,0.5,1.0
M1:257:6,257,M1,6,primary_semantic_capture,34,33,1.4605263157894737,True,True,True,0.5263157894736842,1.0
M1:258:0,258,M1,0,primary_semantic_capture,6,5,2.763157894736842,True,True,True,0.47368421052631576,1.0
M1:258:4,258,M1,4,primary_semantic_capture,7,6,2.1842105263157894,True,True,True,0.3684210526315789,1.0
M1:258:6,258,M1,6,primary_semantic_capture,2,1,1.631578947368421,True,True,True,0.42105263157894735,1.0
M1:259:0,259,M1,0,primary_semantic_capture,3,2,1.1071428571428572,True,False,True,0.17857142857142858,1.0
M1:259:2,259,M1,2,primary_semantic_capture,1,0,2.5714285714285716,True,True,True,0.25,1.0
M1:259:2,259,M1,2,legacy_aligned_capture,1,0,2.5714285714285716,True,True,True,0.25,1.0
M1:259:6,259,M1,6,primary_semantic_capture,24,23,1.7321428571428572,True,True,True,0.17857142857142858,1.0
M1:259:7,259,M1,7,primary_semantic_capture,2,1,1.8392857142857142,True,True,True,0.30357142857142855,1.0
M1:261:1,261,M1,1,primary_semantic_capture,3,2,1.6666666666666667,True,True,True,0.25925925925925924,1.0
M1:261:1,261,M1,1,legacy_aligned_capture,3,2,1.6666666666666667,True,True,True,0.25925925925925924,1.0
M1:261:4,261,M1,4,primary_semantic_capture,5,4,2.4444444444444446,True,True,True,0.07407407407407407,1.0
M1:261:5,261,M1,5,primary_semantic_capture,3,2,1.7037037037037037,True,True,True,0.07407407407407407,1.0
M1:261:7,261,M1,7,primary_semantic_capture,6,5,2.2962962962962963,True,True,True,0.1111111111111111,1.0
M1:264:1,264,M1,1,primary_semantic_capture,7,6,1.2040816326530612,True,False,True,0.16326530612244897,1.0
M1:264:2,264,M1,2,primary_semantic_capture,27,26,1.6938775510204083,True,True,True,0.20408163265306123,1.0
M1:264:4,264,M1,4,primary_semantic_capture,10,9,1.0612244897959184,True,False,True,0.2653061224489796,1.0
M1:264:6,264,M1,6,primary_semantic_capture,11,10,1.489795918367347,True,True,True,0.3469387755102041,1.0
M1:264:7,264,M1,7,primary_semantic_capture,7,6,1.7142857142857142,True,True,True,0.20408163265306123,1.0
M1:268:0,268,M1,0,primary_semantic_capture,5,4,2.0454545454545454,True,True,True,0.36363636363636365,1.0
M1:268:0,268,M1,0,legacy_aligned_capture,17,16,2.590909090909091,True,True,True,0.36363636363636365,1.0
M1:268:1,268,M1,1,primary_semantic_capture,2,1,2.227272727272727,True,True,True,0.22727272727272727,1.0
M1:268:2,268,M1,2,primary_semantic_capture,1,0,4.5,True,True,True,0.045454545454545456,1.0
M1:268:3,268,M1,3,primary_semantic_capture,1,0,2.3181818181818183,True,True,True,0.3181818181818182,1.0
M1:268:4,268,M1,4,primary_semantic_capture,2,1,4.318181818181818,True,True,True,0.18181818181818182,1.0
M1:268:5,268,M1,5,primary_semantic_capture,1,0,2.3636363636363638,True,True,True,0.09090909090909091,1.0
M1:268:6,268,M1,6,primary_semantic_capture,3,2,1.9545454545454546,True,True,True,0.36363636363636365,1.0
M1:268:6,268,M1,6,legacy_aligned_capture,3,2,1.9545454545454546,True,True,True,0.36363636363636365,1.0
M1:268:7,268,M1,7,primary_semantic_capture,1,0,4.590909090909091,True,True,True,0.13636363636363635,1.0
M1:272:5,272,M1,5,primary_semantic_capture,52,51,3.6363636363636362,True,True,True,0.34545454545454546,1.0
M1:272:5,272,M1,5,legacy_aligned_capture,55,54,3.690909090909091,True,True,True,0.34545454545454546,1.0
M1:273:1,273,M1,1,primary_semantic_capture,1,0,1.8974358974358974,True,True,True,0.1282051282051282,1.0
M1:274:4,274,M1,4,primary_semantic_capture,2,1,1.2048192771084338,True,False,True,0.1686746987951807,1.0
M1:274:6,274,M1,6,primary_semantic_capture,1,0,0.7349397590361446,False,False,True,0.24096385542168675,1.0
M1:274:7,274,M1,7,primary_semantic_capture,19,18,1.0843373493975903,True,False,True,0.3493975903614458,1.0
M1:275:1,275,M1,1,primary_semantic_capture,1,0,1.7352941176470589,True,True,True,0.3235294117647059,1.0
M1:275:2,275,M1,2,primary_semantic_capture,14,13,2.088235294117647,True,True,True,0.20588235294117646,1.0
M1:275:3,275,M1,3,primary_semantic_capture,2,1,1.2058823529411764,True,False,True,0.3235294117647059,1.0
M1:275:3,275,M1,3,legacy_aligned_capture,2,1,1.2058823529411764,True,False,True,0.3235294117647059,1.0
M1:276:1,276,M1,1,primary_semantic_capture,12,11,3.4545454545454546,True,True,True,0.5,1.0
M1:276:1,276,M1,1,legacy_aligned_capture,12,11,3.4545454545454546,True,True,True,0.5,1.0
M1:277:0,277,M1,0,primary_semantic_capture,6,5,1.353846153846154,True,True,True,0.3230769230769231,1.0
M1:277:1,277,M1,1,primary_semantic_capture,10,9,1.2153846153846153,True,False,True,0.4,1.0
M1:277:2,277,M1,2,primary_semantic_capture,3,2,1.0615384615384615,True,False,True,0.3384615384615385,1.0
M1:277:3,277,M1,3,primary_semantic_capture,62,61,2.3230769230769233,True,True,True,0.49230769230769234,1.0
M1:277:4,277,M1,4,primary_semantic_capture,42,41,2.1846153846153844,True,True,True,0.4461538461538462,1.0
M1:277:5,277,M1,5,primary_semantic_capture,50,49,2.046153846153846,True,True,True,0.47692307692307695,1.0
M1:277:6,277,M1,6,primary_semantic_capture,29,28,1.476923076923077,True,True,True,0.2153846153846154,1.0
M1:277:7,277,M1,7,primary_semantic_capture,15,14,1.5384615384615385,True,True,True,0.24615384615384617,1.0
M1:279:0,279,M1,0,primary_semantic_capture,4,3,2.388888888888889,True,True,True,0.2777777777777778,1.0
M1:279:3,279,M1,3,primary_semantic_capture,2,1,1.7777777777777777,True,True,True,0.2222222222222222,1.0
M1:279:5,279,M1,5,primary_semantic_capture,1,0,1.75,True,True,True,0.16666666666666666,1.0
M1:279:5,279,M1,5,legacy_aligned_capture,3,2,1.8055555555555556,True,True,True,0.16666666666666666,1.0
M1:279:6,279,M1,6,primary_semantic_capture,1,0,1.5833333333333333,True,True,True,0.1388888888888889,1.0
M1:279:6,279,M1,6,legacy_aligned_capture,3,2,1.6388888888888888,True,True,True,0.1388888888888889,1.0
M1:280:4,280,M1,4,primary_semantic_capture,1,0,1.35,True,True,True,0.075,1.0
M1:280:5,280,M1,5,primary_semantic_capture,3,2,1.775,True,True,True,0.1,1.0
M1:283:2,283,M1,2,primary_semantic_capture,1,0,1.0,True,False,True,0.375,1.0
M1:283:6,283,M1,6,primary_semantic_capture,5,4,1.90625,True,True,True,0.53125,1.0
M1:283:6,283,M1,6,legacy_aligned_capture,5,4,1.90625,True,True,True,0.53125,1.0
M1:286:0,286,M1,0,primary_semantic_capture,15,14,1.375,True,True,True,0.3125,1.0
M1:286:1,286,M1,1,primary_semantic_capture,14,13,1.2291666666666667,True,False,True,0.2708333333333333,1.0
M1:286:2,286,M1,2,primary_semantic_capture,56,55,2.7291666666666665,True,True,True,0.3958333333333333,1.0
M1:286:3,286,M1,3,primary_semantic_capture,5,4,0.9791666666666666,False,False,True,0.25,1.0
M1:286:3,286,M1,3,legacy_aligned_capture,5,4,0.9791666666666666,False,False,True,0.25,1.0
M1:286:4,286,M1,4,primary_semantic_capture,24,23,2.1458333333333335,True,True,True,0.2916666666666667,1.0
M1:286:5,286,M1,5,primary_semantic_capture,7,6,2.1041666666666665,True,True,True,0.25,1.0
M1:286:6,286,M1,6,primary_semantic_capture,9,8,1.6666666666666667,True,True,True,0.2916666666666667,1.0
M1:287:1,287,M1,1,primary_semantic_capture,6,5,1.3333333333333333,True,True,True,0.15873015873015872,1.0
M1:287:2,287,M1,2,primary_semantic_capture,11,10,1.4126984126984128,True,True,True,0.047619047619047616,1.0
M1:287:4,287,M1,4,primary_semantic_capture,14,13,1.3015873015873016,True,True,True,0.15873015873015872,1.0
M1:287:5,287,M1,5,primary_semantic_capture,11,10,1.1111111111111112,True,False,True,0.09523809523809523,1.0
M1:287:6,287,M1,6,primary_semantic_capture,4,3,1.4761904761904763,True,True,True,0.06349206349206349,1.0
M1:287:6,287,M1,6,legacy_aligned_capture,4,3,1.4761904761904763,True,True,True,0.06349206349206349,1.0
M1:287:7,287,M1,7,primary_semantic_capture,7,6,1.0952380952380953,True,False,True,0.14285714285714285,1.0
M1:289:2,289,M1,2,primary_semantic_capture,2,1,1.8571428571428572,True,True,False,0.3333333333333333,0.7777777777777778
M1:291:1,291,M1,1,primary_semantic_capture,7,6,1.7272727272727273,True,True,True,0.38636363636363635,1.0
M1:291:2,291,M1,2,primary_semantic_capture,7,6,1.2727272727272727,True,True,True,0.3181818181818182,1.0
M1:291:2,291,M1,2,legacy_aligned_capture,7,6,1.2727272727272727,True,True,True,0.3181818181818182,1.0
M1:291:3,291,M1,3,primary_semantic_capture,6,5,1.4090909090909092,True,True,True,0.3409090909090909,1.0
M1:291:4,291,M1,4,primary_semantic_capture,19,18,1.6363636363636365,True,True,True,0.38636363636363635,1.0
M1:291:5,291,M1,5,primary_semantic_capture,21,20,1.7045454545454546,True,True,True,0.29545454545454547,1.0
M1:294:0,294,M1,0,primary_semantic_capture,22,21,1.0759493670886076,True,False,True,0.20253164556962025,1.0
M1:294:1,294,M1,1,primary_semantic_capture,26,25,0.8227848101265823,False,False,True,0.08860759493670886,1.0
M1:294:2,294,M1,2,primary_semantic_capture,3,2,0.5063291139240507,False,False,True,0.11392405063291139,1.0
M1:294:3,294,M1,3,primary_semantic_capture,6,5,1.2531645569620253,True,True,True,0.21518987341772153,1.0
M1:294:3,294,M1,3,legacy_aligned_capture,6,5,1.2531645569620253,True,True,True,0.21518987341772153,1.0
M1:294:4,294,M1,4,primary_semantic_capture,12,11,0.8860759493670886,False,False,True,0.08860759493670886,1.0
M1:294:5,294,M1,5,primary_semantic_capture,14,13,1.0,True,False,True,0.06329113924050633,1.0
M1:294:6,294,M1,6,primary_semantic_capture,2,1,1.0886075949367089,True,False,True,0.13924050632911392,1.0
M1:294:6,294,M1,6,legacy_aligned_capture,2,1,1.0886075949367089,True,False,True,0.13924050632911392,1.0
M1:294:7,294,M1,7,primary_semantic_capture,16,15,0.7088607594936709,False,False,True,0.24050632911392406,1.0
M1:297:0,297,M1,0,primary_semantic_capture,7,6,2.0392156862745097,True,True,True,0.23529411764705882,1.0
M1:297:1,297,M1,1,primary_semantic_capture,20,19,1.8431372549019607,True,True,True,0.23529411764705882,1.0
M1:297:1,297,M1,1,legacy_aligned_capture,59,58,2.607843137254902,True,True,True,0.23529411764705882,1.0
M1:297:7,297,M1,7,primary_semantic_capture,16,15,1.4901960784313726,True,True,True,0.29411764705882354,1.0
M1:298:0,298,M1,0,primary_semantic_capture,8,7,1.2911392405063291,True,True,True,0.3291139240506329,1.0
M1:298:1,298,M1,1,primary_semantic_capture,12,11,0.8354430379746836,False,False,True,0.3037974683544304,1.0
M1:298:2,298,M1,2,primary_semantic_capture,5,4,1.3291139240506329,True,True,True,0.5949367088607594,1.0
M1:298:3,298,M1,3,primary_semantic_capture,16,15,1.7341772151898733,True,True,True,0.31645569620253167,1.0
M1:298:5,298,M1,5,primary_semantic_capture,29,28,1.759493670886076,True,True,True,0.31645569620253167,1.0
M1:298:7,298,M1,7,primary_semantic_capture,34,33,1.9493670886075949,True,True,True,0.189873417721519,1.0
M1:299:6,299,M1,6,primary_semantic_capture,8,7,1.5909090909090908,True,True,True,0.3181818181818182,1.0
M1:300:0,300,M1,0,primary_semantic_capture,8,7,1.2826086956521738,True,True,True,0.2391304347826087,1.0
M1:300:0,300,M1,0,legacy_aligned_capture,8,7,1.2826086956521738,True,True,True,0.2391304347826087,1.0
M1:300:1,300,M1,1,primary_semantic_capture,6,5,2.0,True,True,True,0.32608695652173914,1.0
M1:300:3,300,M1,3,primary_semantic_capture,8,7,2.0,True,True,True,0.2391304347826087,1.0
M1:300:4,300,M1,4,primary_semantic_capture,5,4,1.0217391304347827,True,False,True,0.2608695652173913,1.0
M1:300:7,300,M1,7,primary_semantic_capture,7,6,1.3043478260869565,True,True,True,0.391304347826087,1.0
M1:301:0,301,M1,0,primary_semantic_capture,22,21,2.2564102564102564,True,True,True,0.358974358974359,1.0
M1:301:2,301,M1,2,primary_semantic_capture,10,9,2.717948717948718,True,True,True,0.3076923076923077,1.0
M1:301:7,301,M1,7,primary_semantic_capture,1,0,2.2564102564102564,True,True,True,0.358974358974359,1.0
M1:302:1,302,M1,1,primary_semantic_capture,7,6,1.2894736842105263,True,True,True,0.2894736842105263,1.0
M1:302:5,302,M1,5,primary_semantic_capture,2,1,1.013157894736842,True,False,True,0.2894736842105263,1.0
M1:306:3,306,M1,3,primary_semantic_capture,24,23,2.6666666666666665,True,True,True,0.3333333333333333,1.0
M1:309:3,309,M1,3,primary_semantic_capture,6,5,2.0,True,True,True,0.21212121212121213,1.0
M1:309:4,309,M1,4,primary_semantic_capture,3,2,1.121212121212121,True,False,True,0.21212121212121213,1.0
M1:309:5,309,M1,5,primary_semantic_capture,5,4,1.3333333333333333,True,True,True,0.15151515151515152,1.0
M1:309:7,309,M1,7,primary_semantic_capture,18,17,2.1818181818181817,True,True,True,0.18181818181818182,1.0
M1:310:0,310,M1,0,primary_semantic_capture,11,10,1.2083333333333333,True,False,True,0.25,1.0
M1:310:1,310,M1,1,primary_semantic_capture,25,24,1.1666666666666667,True,False,True,0.25,1.0
M1:310:2,310,M1,2,primary_semantic_capture,4,3,0.9791666666666666,False,False,True,0.3125,1.0
M1:310:2,310,M1,2,legacy_aligned_capture,4,3,0.9791666666666666,False,False,True,0.3125,1.0
M1:310:3,310,M1,3,primary_semantic_capture,18,17,1.3125,True,True,True,0.2708333333333333,1.0
M1:310:5,310,M1,5,primary_semantic_capture,30,29,1.3541666666666667,True,True,True,0.2708333333333333,1.0
M1:310:7,310,M1,7,primary_semantic_capture,38,37,1.7708333333333333,True,True,True,0.22916666666666666,1.0
M1:314:2,314,M1,2,primary_semantic_capture,1,0,1.4722222222222223,True,True,True,0.5277777777777778,1.0
M1:314:6,314,M1,6,primary_semantic_capture,1,0,0.8333333333333334,False,False,True,0.3888888888888889,1.0
M1:317:0,317,M1,0,primary_semantic_capture,11,10,1.0357142857142858,True,False,True,0.30357142857142855,1.0
M1:317:2,317,M1,2,primary_semantic_capture,10,9,1.1428571428571428,True,False,True,0.39285714285714285,1.0
M1:317:3,317,M1,3,primary_semantic_capture,13,12,1.0357142857142858,True,False,True,0.32142857142857145,1.0
M1:317:4,317,M1,4,primary_semantic_capture,33,32,1.3392857142857142,True,True,True,0.17857142857142858,1.0
M1:317:6,317,M1,6,primary_semantic_capture,4,3,0.6964285714285714,False,False,True,0.2857142857142857,1.0
M1:317:6,317,M1,6,legacy_aligned_capture,4,3,0.6964285714285714,False,False,True,0.2857142857142857,1.0
M1:317:7,317,M1,7,primary_semantic_capture,6,5,1.375,True,True,True,0.4107142857142857,1.0
M1:320:2,320,M1,2,primary_semantic_capture,6,5,1.816326530612245,True,True,True,0.2653061224489796,1.0
M1:320:3,320,M1,3,primary_semantic_capture,3,2,2.183673469387755,True,True,True,0.32653061224489793,1.0
M1:321:1,321,M1,1,primary_semantic_capture,3,2,1.7906976744186047,True,True,True,0.18604651162790697,1.0
M1:321:2,321,M1,2,primary_semantic_capture,1,0,1.3953488372093024,True,True,True,0.2558139534883721,1.0
M1:321:2,321,M1,2,legacy_aligned_capture,1,0,1.3953488372093024,True,True,True,0.2558139534883721,1.0
M1:323:0,323,M1,0,primary_semantic_capture,5,4,5.2727272727272725,True,True,True,0.7272727272727273,1.0
M1:323:3,323,M1,3,primary_semantic_capture,8,7,5.954545454545454,True,True,True,0.7272727272727273,1.0
M1:323:6,323,M1,6,primary_semantic_capture,65,64,7.363636363636363,True,True,True,0.045454545454545456,1.0
M1:324:1,324,M1,1,primary_semantic_capture,1,0,3.823529411764706,True,True,True,0.17647058823529413,1.0
M1:324:2,324,M1,2,primary_semantic_capture,26,25,5.9411764705882355,True,True,,0.0,nan
M1:324:3,324,M1,3,primary_semantic_capture,2,1,3.4705882352941178,True,True,True,0.17647058823529413,1.0
M1:324:3,324,M1,3,legacy_aligned_capture,2,1,3.4705882352941178,True,True,True,0.17647058823529413,1.0
M1:324:5,324,M1,5,primary_semantic_capture,11,10,3.764705882352941,True,True,True,0.17647058823529413,1.0
M1:324:5,324,M1,5,legacy_aligned_capture,11,10,3.764705882352941,True,True,True,0.17647058823529413,1.0
M1:324:6,324,M1,6,primary_semantic_capture,1,0,3.8823529411764706,True,True,True,0.11764705882352941,1.0
M1:325:0,325,M1,0,primary_semantic_capture,5,4,1.0333333333333334,True,False,True,0.16666666666666666,1.0
M1:325:0,325,M1,0,legacy_aligned_capture,5,4,1.0333333333333334,True,False,True,0.16666666666666666,1.0
M1:325:1,325,M1,1,primary_semantic_capture,3,2,1.0666666666666667,True,False,True,0.26666666666666666,1.0
M1:325:2,325,M1,2,primary_semantic_capture,3,2,1.2,True,False,True,0.06666666666666667,1.0
M1:325:3,325,M1,3,primary_semantic_capture,2,1,1.9666666666666666,True,True,True,0.13333333333333333,1.0
M1:325:5,325,M1,5,primary_semantic_capture,10,9,1.8,True,True,True,0.06666666666666667,1.0
M1:325:5,325,M1,5,legacy_aligned_capture,15,14,1.9666666666666666,True,True,True,0.06666666666666667,1.0
M1:325:6,325,M1,6,primary_semantic_capture,1,0,1.3666666666666667,True,True,True,0.13333333333333333,1.0
M1:325:6,325,M1,6,legacy_aligned_capture,1,0,1.3666666666666667,True,True,True,0.13333333333333333,1.0
M1:327:0,327,M1,0,primary_semantic_capture,11,10,2.1470588235294117,True,True,True,0.47058823529411764,1.0
M1:327:5,327,M1,5,primary_semantic_capture,4,3,2.088235294117647,True,True,True,0.5294117647058824,1.0
M1:328:0,328,M1,0,primary_semantic_capture,36,35,1.7941176470588236,True,True,True,0.058823529411764705,1.0
M1:328:1,328,M1,1,primary_semantic_capture,9,8,3.176470588235294,True,True,True,0.3235294117647059,1.0
M1:328:2,328,M1,2,primary_semantic_capture,8,7,2.3823529411764706,True,True,True,0.14705882352941177,1.0
M1:328:4,328,M1,4,primary_semantic_capture,9,8,3.0,True,True,True,0.17647058823529413,1.0
M1:328:5,328,M1,5,primary_semantic_capture,26,25,3.1470588235294117,True,True,True,0.20588235294117646,1.0
M1:328:6,328,M1,6,primary_semantic_capture,13,12,2.323529411764706,True,True,True,0.029411764705882353,1.0
M1:328:7,328,M1,7,primary_semantic_capture,15,14,2.823529411764706,True,True,True,0.23529411764705882,1.0
M1:329:0,329,M1,0,primary_semantic_capture,3,2,2.0689655172413794,True,True,True,0.1896551724137931,1.0
M1:329:1,329,M1,1,primary_semantic_capture,4,3,1.206896551724138,True,False,True,0.2413793103448276,1.0
M1:329:1,329,M1,1,legacy_aligned_capture,4,3,1.206896551724138,True,False,True,0.2413793103448276,1.0
M1:329:2,329,M1,2,primary_semantic_capture,4,3,2.0,True,True,True,0.29310344827586204,1.0
M1:329:2,329,M1,2,legacy_aligned_capture,4,3,2.0,True,True,True,0.29310344827586204,1.0
M1:329:3,329,M1,3,primary_semantic_capture,8,7,1.6379310344827587,True,True,True,0.27586206896551724,1.0
M1:329:4,329,M1,4,primary_semantic_capture,4,3,2.5,True,True,True,0.27586206896551724,1.0
M1:329:5,329,M1,5,primary_semantic_capture,31,30,2.3793103448275863,True,True,True,0.27586206896551724,1.0
M1:329:6,329,M1,6,primary_semantic_capture,20,19,2.2241379310344827,True,True,True,0.3448275862068966,1.0
M1:329:7,329,M1,7,primary_semantic_capture,8,7,1.8793103448275863,True,True,True,0.22413793103448276,1.0
M1:329:7,329,M1,7,legacy_aligned_capture,8,7,1.8793103448275863,True,True,True,0.22413793103448276,1.0
M1:330:3,330,M1,3,primary_semantic_capture,19,18,3.951219512195122,True,True,True,0.21951219512195122,1.0
M1:330:3,330,M1,3,legacy_aligned_capture,19,18,3.951219512195122,True,True,True,0.21951219512195122,1.0
M1:330:5,330,M1,5,primary_semantic_capture,17,16,3.341463414634146,True,True,True,0.7804878048780488,1.0
M1:331:7,331,M1,7,primary_semantic_capture,36,35,3.6315789473684212,True,True,True,0.5,1.0
M1:332:0,332,M1,0,primary_semantic_capture,6,5,1.4130434782608696,True,True,True,0.2826086956521739,1.0
M1:332:0,332,M1,0,legacy_aligned_capture,6,5,1.4130434782608696,True,True,True,0.2826086956521739,1.0
M1:332:3,332,M1,3,primary_semantic_capture,22,21,2.652173913043478,True,True,True,0.5217391304347826,1.0
M1:332:5,332,M1,5,primary_semantic_capture,4,3,1.3043478260869565,True,True,True,0.30434782608695654,1.0
M1:333:3,333,M1,3,primary_semantic_capture,13,12,1.6666666666666667,True,True,True,0.3111111111111111,1.0
M1:333:6,333,M1,6,primary_semantic_capture,2,1,1.6444444444444444,True,True,True,0.26666666666666666,1.0
M1:333:6,333,M1,6,legacy_aligned_capture,2,1,1.6444444444444444,True,True,True,0.26666666666666666,1.0
M1:334:1,334,M1,1,primary_semantic_capture,25,24,1.4137931034482758,True,True,True,0.5,1.0
M1:334:2,334,M1,2,primary_semantic_capture,1,0,0.9137931034482759,False,False,False,0.25862068965517243,0.5
M1:334:4,334,M1,4,primary_semantic_capture,1,0,0.9482758620689655,False,False,True,0.3103448275862069,1.0
M1:334:7,334,M1,7,primary_semantic_capture,8,7,0.9137931034482759,False,False,True,0.3448275862068966,1.0
M1:335:1,335,M1,1,primary_semantic_capture,18,17,2.0357142857142856,True,True,True,0.5714285714285714,1.0
M1:335:2,335,M1,2,primary_semantic_capture,1,0,2.0,True,True,True,0.21428571428571427,1.0
M1:335:2,335,M1,2,legacy_aligned_capture,1,0,2.0,True,True,True,0.21428571428571427,1.0
M1:335:4,335,M1,4,primary_semantic_capture,19,18,2.9642857142857144,True,True,True,0.5357142857142857,1.0
M1:336:6,336,M1,6,primary_semantic_capture,1,0,1.446808510638298,True,True,True,0.1702127659574468,1.0
M1:336:6,336,M1,6,legacy_aligned_capture,2,1,1.4680851063829787,True,True,True,0.1702127659574468,1.0
M1:338:6,338,M1,6,primary_semantic_capture,1,0,1.0491803278688525,True,False,True,0.3442622950819672,1.0
M1:340:1,340,M1,1,primary_semantic_capture,18,17,1.8611111111111112,True,True,True,0.2777777777777778,1.0
M1:340:2,340,M1,2,primary_semantic_capture,5,4,1.5,True,True,True,0.2777777777777778,1.0
M1:342:1,342,M1,1,primary_semantic_capture,7,6,1.9565217391304348,True,True,True,0.2608695652173913,1.0
M1:342:1,342,M1,1,legacy_aligned_capture,7,6,1.9565217391304348,True,True,True,0.2608695652173913,1.0
M1:342:6,342,M1,6,primary_semantic_capture,7,6,1.826086956521739,True,True,False,0.2608695652173913,0.6666666666666666
M1:343:4,343,M1,4,primary_semantic_capture,3,2,1.5789473684210527,True,True,True,0.3508771929824561,1.0
M1:344:2,344,M1,2,primary_semantic_capture,16,15,1.1666666666666667,True,False,True,0.20833333333333334,1.0
M1:345:0,345,M1,0,primary_semantic_capture,11,10,1.2674418604651163,True,True,True,0.1744186046511628,1.0
M1:345:1,345,M1,1,primary_semantic_capture,15,14,1.5,True,True,True,0.2558139534883721,1.0
M1:345:2,345,M1,2,primary_semantic_capture,7,6,0.9883720930232558,False,False,True,0.1511627906976744,1.0
M1:345:2,345,M1,2,legacy_aligned_capture,7,6,0.9883720930232558,False,False,True,0.1511627906976744,1.0
M1:345:3,345,M1,3,primary_semantic_capture,98,97,2.2325581395348837,True,True,True,0.2441860465116279,1.0
M1:345:4,345,M1,4,primary_semantic_capture,5,4,1.2093023255813953,True,False,True,0.12790697674418605,1.0
M1:345:4,345,M1,4,legacy_aligned_capture,7,6,1.2325581395348837,True,False,True,0.12790697674418605,1.0
M1:345:5,345,M1,5,primary_semantic_capture,25,24,1.569767441860465,True,True,True,0.2558139534883721,1.0
M1:346:1,346,M1,1,primary_semantic_capture,3,2,2.717948717948718,True,True,True,0.38461538461538464,1.0
M1:346:3,346,M1,3,primary_semantic_capture,3,2,1.4871794871794872,True,True,True,0.3333333333333333,1.0
M1:346:5,346,M1,5,primary_semantic_capture,5,4,2.58974358974359,True,True,True,0.5384615384615384,1.0
M1:346:5,346,M1,5,legacy_aligned_capture,5,4,2.58974358974359,True,True,True,0.5384615384615384,1.0
M1:346:6,346,M1,6,primary_semantic_capture,43,42,3.641025641025641,True,True,True,0.5384615384615384,1.0
M1:347:0,347,M1,0,primary_semantic_capture,1,0,0.8351648351648352,False,False,True,0.1978021978021978,1.0
M1:347:0,347,M1,0,legacy_aligned_capture,6,5,0.8901098901098901,False,False,True,0.1978021978021978,1.0
M1:347:1,347,M1,1,primary_semantic_capture,7,6,1.010989010989011,True,False,True,0.27472527472527475,1.0
M1:347:2,347,M1,2,primary_semantic_capture,2,1,1.1318681318681318,True,False,True,0.26373626373626374,1.0
M1:347:2,347,M1,2,legacy_aligned_capture,2,1,1.1318681318681318,True,False,True,0.26373626373626374,1.0
M1:347:3,347,M1,3,primary_semantic_capture,3,2,0.7142857142857143,False,False,True,0.24175824175824176,1.0
M1:347:6,347,M1,6,primary_semantic_capture,1,0,1.2857142857142858,True,True,True,0.27472527472527475,1.0
M1:347:7,347,M1,7,primary_semantic_capture,4,3,0.6813186813186813,False,False,True,0.23076923076923078,1.0
M1:348:0,348,M1,0,primary_semantic_capture,2,1,2.193548387096774,True,True,True,0.3548387096774194,1.0
M1:348:1,348,M1,1,primary_semantic_capture,15,14,2.161290322580645,True,True,True,0.16129032258064516,1.0
M1:348:1,348,M1,1,legacy_aligned_capture,15,14,2.161290322580645,True,True,True,0.16129032258064516,1.0
M1:348:2,348,M1,2,primary_semantic_capture,11,10,2.4193548387096775,True,True,True,0.25806451612903225,1.0
M1:348:4,348,M1,4,primary_semantic_capture,5,4,3.6451612903225805,True,True,True,0.1935483870967742,1.0
M1:348:4,348,M1,4,legacy_aligned_capture,6,5,3.6774193548387095,True,True,True,0.1935483870967742,1.0
M1:348:5,348,M1,5,primary_semantic_capture,19,18,3.193548387096774,True,True,True,0.25806451612903225,1.0
M1:349:6,349,M1,6,primary_semantic_capture,27,26,3.9210526315789473,True,True,True,0.21052631578947367,1.0
M1:349:7,349,M1,7,primary_semantic_capture,7,6,2.5526315789473686,True,True,True,0.3684210526315789,1.0
M1:353:0,353,M1,0,primary_semantic_capture,8,7,2.1538461538461537,True,True,True,0.5,1.0
M1:353:0,353,M1,0,legacy_aligned_capture,8,7,2.1538461538461537,True,True,True,0.5,1.0
M1:353:1,353,M1,1,primary_semantic_capture,26,25,3.1538461538461537,True,True,True,0.5,1.0
M1:353:2,353,M1,2,primary_semantic_capture,6,5,2.1923076923076925,True,True,True,0.5769230769230769,1.0
M1:353:2,353,M1,2,legacy_aligned_capture,6,5,2.1923076923076925,True,True,True,0.5769230769230769,1.0
M1:353:3,353,M1,3,primary_semantic_capture,5,4,2.269230769230769,True,True,True,0.46153846153846156,1.0
M1:353:4,353,M1,4,primary_semantic_capture,15,14,2.1153846153846154,True,True,True,0.5384615384615384,1.0
M1:353:4,353,M1,4,legacy_aligned_capture,20,19,2.3076923076923075,True,True,True,0.5384615384615384,1.0
M1:353:5,353,M1,5,primary_semantic_capture,5,4,2.423076923076923,True,True,True,0.5384615384615384,1.0
M1:353:6,353,M1,6,primary_semantic_capture,3,2,1.8076923076923077,True,True,True,0.4230769230769231,1.0
M1:353:7,353,M1,7,primary_semantic_capture,5,4,3.730769230769231,True,True,True,0.5,1.0
M1:354:1,354,M1,1,primary_semantic_capture,12,11,3.4324324324324325,True,True,True,0.4864864864864865,1.0
M1:354:2,354,M1,2,primary_semantic_capture,20,19,4.702702702702703,True,True,True,0.5135135135135135,1.0
M1:354:5,354,M1,5,primary_semantic_capture,5,4,1.4324324324324325,True,True,True,0.40540540540540543,1.0
M1:355:1,355,M1,1,primary_semantic_capture,1,0,1.0178571428571428,True,False,True,0.35714285714285715,1.0
M1:355:2,355,M1,2,primary_semantic_capture,13,12,1.1607142857142858,True,False,True,0.42857142857142855,1.0
M1:355:5,355,M1,5,primary_semantic_capture,9,8,2.9464285714285716,True,True,True,0.3392857142857143,1.0
M1:355:5,355,M1,5,legacy_aligned_capture,9,8,2.9464285714285716,True,True,True,0.3392857142857143,1.0
M1:356:0,356,M1,0,primary_semantic_capture,12,11,0.9310344827586207,False,False,True,0.20689655172413793,1.0
M1:356:5,356,M1,5,primary_semantic_capture,16,15,1.1206896551724137,True,False,True,0.1896551724137931,1.0
M1:356:7,356,M1,7,primary_semantic_capture,4,3,0.9482758620689655,False,False,True,0.2413793103448276,1.0
M1:356:7,356,M1,7,legacy_aligned_capture,4,3,0.9482758620689655,False,False,True,0.2413793103448276,1.0
M1:358:0,358,M1,0,primary_semantic_capture,7,6,1.2258064516129032,True,False,True,0.2903225806451613,1.0
M1:358:2,358,M1,2,primary_semantic_capture,3,2,1.5806451612903225,True,True,True,0.0967741935483871,1.0
M1:358:5,358,M1,5,primary_semantic_capture,3,2,4.32258064516129,True,True,True,0.12903225806451613,1.0
M1:359:0,359,M1,0,primary_semantic_capture,10,9,1.7826086956521738,True,True,True,0.08695652173913043,1.0
M1:359:1,359,M1,1,primary_semantic_capture,12,11,3.739130434782609,True,True,True,0.34782608695652173,1.0
M1:359:2,359,M1,2,primary_semantic_capture,12,11,2.869565217391304,True,True,True,0.2608695652173913,1.0
M1:359:3,359,M1,3,primary_semantic_capture,19,18,7.782608695652174,True,True,True,0.08695652173913043,1.0
M1:359:4,359,M1,4,primary_semantic_capture,12,11,2.0434782608695654,True,True,True,0.17391304347826086,1.0
M1:359:7,359,M1,7,primary_semantic_capture,2,1,1.565217391304348,True,True,False,0.08695652173913043,0.4
M1:366:2,366,M1,2,primary_semantic_capture,5,4,1.5208333333333333,True,True,True,0.3541666666666667,1.0
M1:366:2,366,M1,2,legacy_aligned_capture,5,4,1.5208333333333333,True,True,True,0.3541666666666667,1.0
M1:366:5,366,M1,5,primary_semantic_capture,18,17,1.25,True,True,True,0.2708333333333333,1.0
M1:368:3,368,M1,3,primary_semantic_capture,1,0,1.2666666666666666,True,True,True,0.4666666666666667,1.0
M1:369:0,369,M1,0,primary_semantic_capture,2,1,2.5,True,True,True,0.08333333333333333,1.0
M1:369:0,369,M1,0,legacy_aligned_capture,2,1,2.5,True,True,True,0.08333333333333333,1.0
M1:369:1,369,M1,1,primary_semantic_capture,30,29,2.6666666666666665,True,True,True,0.08333333333333333,1.0
M1:369:2,369,M1,2,primary_semantic_capture,22,21,2.0277777777777777,True,True,True,0.16666666666666666,1.0
M1:369:2,369,M1,2,legacy_aligned_capture,22,21,2.0277777777777777,True,True,True,0.16666666666666666,1.0
M1:369:3,369,M1,3,primary_semantic_capture,14,13,2.5277777777777777,True,True,True,0.25,1.0
M1:369:4,369,M1,4,primary_semantic_capture,10,9,3.25,True,True,True,0.16666666666666666,1.0
M1:369:5,369,M1,5,primary_semantic_capture,5,4,1.4722222222222223,True,True,True,0.08333333333333333,1.0
M1:369:5,369,M1,5,legacy_aligned_capture,5,4,1.4722222222222223,True,True,True,0.08333333333333333,1.0
M1:369:6,369,M1,6,primary_semantic_capture,1,0,1.0833333333333333,True,False,,0.0,nan
M1:369:7,369,M1,7,primary_semantic_capture,1,0,1.4166666666666667,True,True,True,0.1111111111111111,1.0
M1:370:0,370,M1,0,primary_semantic_capture,8,7,5.21875,True,True,True,0.25,1.0
M1:370:7,370,M1,7,primary_semantic_capture,11,10,1.75,True,True,True,0.25,1.0
M1:370:7,370,M1,7,legacy_aligned_capture,11,10,1.75,True,True,True,0.25,1.0
M1:371:4,371,M1,4,primary_semantic_capture,7,6,3.0344827586206895,True,True,True,0.4827586206896552,1.0
M1:371:6,371,M1,6,primary_semantic_capture,12,11,1.6206896551724137,True,True,True,0.3793103448275862,1.0
M1:371:6,371,M1,6,legacy_aligned_capture,13,12,1.6551724137931034,True,True,True,0.3793103448275862,1.0
M1:373:3,373,M1,3,primary_semantic_capture,10,9,1.6981132075471699,True,True,True,0.5283018867924528,1.0
M1:374:0,374,M1,0,primary_semantic_capture,4,3,3.0952380952380953,True,True,True,0.3333333333333333,1.0
M1:374:0,374,M1,0,legacy_aligned_capture,4,3,3.0952380952380953,True,True,True,0.3333333333333333,1.0
M1:374:1,374,M1,1,primary_semantic_capture,16,15,3.8095238095238093,True,True,True,0.19047619047619047,1.0
M1:374:2,374,M1,2,primary_semantic_capture,4,3,3.9047619047619047,True,True,True,0.47619047619047616,1.0
M1:374:3,374,M1,3,primary_semantic_capture,2,1,5.571428571428571,True,True,True,0.47619047619047616,1.0
M1:374:5,374,M1,5,primary_semantic_capture,3,2,3.6666666666666665,True,True,True,0.2857142857142857,1.0
M1:374:5,374,M1,5,legacy_aligned_capture,3,2,3.6666666666666665,True,True,True,0.2857142857142857,1.0
M1:374:7,374,M1,7,primary_semantic_capture,4,3,3.857142857142857,True,True,True,0.19047619047619047,1.0
M1:374:7,374,M1,7,legacy_aligned_capture,4,3,3.857142857142857,True,True,True,0.19047619047619047,1.0
M1:375:0,375,M1,0,primary_semantic_capture,6,5,1.2195121951219512,True,False,True,0.21951219512195122,1.0
M1:375:1,375,M1,1,primary_semantic_capture,8,7,1.2439024390243902,True,False,True,0.0975609756097561,1.0
M1:375:2,375,M1,2,primary_semantic_capture,39,38,2.3658536585365852,True,True,True,0.2926829268292683,1.0
M1:375:3,375,M1,3,primary_semantic_capture,19,18,1.7804878048780488,True,True,True,0.2926829268292683,1.0
M1:375:3,375,M1,3,legacy_aligned_capture,19,18,1.7804878048780488,True,True,True,0.2926829268292683,1.0
M1:375:4,375,M1,4,primary_semantic_capture,1,0,1.853658536585366,True,True,True,0.24390243902439024,1.0
M1:375:5,375,M1,5,primary_semantic_capture,19,18,2.682926829268293,True,True,True,0.1951219512195122,1.0
M1:375:6,375,M1,6,primary_semantic_capture,38,37,2.6341463414634148,True,True,True,0.2682926829268293,1.0
M1:375:7,375,M1,7,primary_semantic_capture,2,1,1.1219512195121952,True,False,True,0.14634146341463414,1.0
M1:376:5,376,M1,5,primary_semantic_capture,1,0,1.173913043478261,True,False,True,0.13043478260869565,1.0
M1:376:5,376,M1,5,legacy_aligned_capture,1,0,1.173913043478261,True,False,True,0.13043478260869565,1.0
M1:376:6,376,M1,6,primary_semantic_capture,6,5,0.9130434782608695,False,False,True,0.2608695652173913,1.0
M1:377:0,377,M1,0,primary_semantic_capture,15,14,1.6428571428571428,True,True,True,0.34285714285714286,1.0
M1:377:5,377,M1,5,primary_semantic_capture,1,0,1.5714285714285714,True,True,True,0.37142857142857144,1.0
M1:377:5,377,M1,5,legacy_aligned_capture,1,0,1.5714285714285714,True,True,True,0.37142857142857144,1.0
M1:378:4,378,M1,4,primary_semantic_capture,2,1,1.2727272727272727,True,True,True,0.36363636363636365,1.0
M1:378:4,378,M1,4,legacy_aligned_capture,2,1,1.2727272727272727,True,True,True,0.36363636363636365,1.0
M1:380:0,380,M1,0,primary_semantic_capture,12,11,1.360655737704918,True,True,True,0.29508196721311475,1.0
M1:380:0,380,M1,0,legacy_aligned_capture,12,11,1.360655737704918,True,True,True,0.29508196721311475,1.0
M1:380:1,380,M1,1,primary_semantic_capture,13,12,1.0819672131147542,True,False,True,0.32786885245901637,1.0
M1:380:2,380,M1,2,primary_semantic_capture,42,41,1.819672131147541,True,True,True,0.4098360655737705,1.0
M1:380:3,380,M1,3,primary_semantic_capture,51,50,2.1147540983606556,True,True,True,0.3442622950819672,1.0
M1:380:4,380,M1,4,primary_semantic_capture,4,3,1.3934426229508197,True,True,True,0.36065573770491804,1.0
M1:380:5,380,M1,5,primary_semantic_capture,25,24,1.3934426229508197,True,True,True,0.3114754098360656,1.0
M1:380:6,380,M1,6,primary_semantic_capture,2,1,0.9508196721311475,False,False,True,0.29508196721311475,1.0
M1:380:7,380,M1,7,primary_semantic_capture,17,16,1.098360655737705,True,False,True,0.26229508196721313,1.0
M1:382:3,382,M1,3,primary_semantic_capture,6,5,1.2222222222222223,True,False,True,0.4222222222222222,1.0
M1:383:4,383,M1,4,primary_semantic_capture,12,11,2.76,True,True,True,0.16,1.0
M1:385:3,385,M1,3,primary_semantic_capture,4,3,1.596774193548387,True,True,True,0.45161290322580644,1.0
M1:387:1,387,M1,1,primary_semantic_capture,36,35,8.352941176470589,True,True,True,0.17647058823529413,1.0
M1:387:2,387,M1,2,primary_semantic_capture,34,33,7.0,True,True,True,0.17647058823529413,1.0
M1:387:4,387,M1,4,primary_semantic_capture,10,9,4.647058823529412,True,True,True,0.29411764705882354,1.0
M1:388:1,388,M1,1,primary_semantic_capture,4,3,1.9714285714285715,True,True,True,0.2571428571428571,1.0
M1:388:3,388,M1,3,primary_semantic_capture,4,3,1.1714285714285715,True,False,True,0.17142857142857143,1.0
M1:388:4,388,M1,4,primary_semantic_capture,8,7,1.457142857142857,True,True,True,0.17142857142857143,1.0
M1:388:4,388,M1,4,legacy_aligned_capture,8,7,1.457142857142857,True,True,True,0.17142857142857143,1.0
M1:388:5,388,M1,5,primary_semantic_capture,5,4,1.2285714285714286,True,False,True,0.08571428571428572,1.0
M1:388:7,388,M1,7,primary_semantic_capture,4,3,1.2,True,False,True,0.2857142857142857,1.0
M1:388:7,388,M1,7,legacy_aligned_capture,4,3,1.2,True,False,True,0.2857142857142857,1.0
M1:389:0,389,M1,0,primary_semantic_capture,3,2,1.1587301587301588,True,False,True,0.1111111111111111,1.0
M1:389:0,389,M1,0,legacy_aligned_capture,3,2,1.1587301587301588,True,False,True,0.1111111111111111,1.0
M1:389:6,389,M1,6,primary_semantic_capture,10,9,1.9523809523809523,True,True,True,0.2698412698412698,1.0
M1:389:7,389,M1,7,primary_semantic_capture,4,3,2.142857142857143,True,True,True,0.25396825396825395,1.0
M1:390:1,390,M1,1,primary_semantic_capture,35,34,1.373913043478261,True,True,True,0.12173913043478261,1.0
M1:390:2,390,M1,2,primary_semantic_capture,2,1,1.0956521739130434,True,False,True,0.25217391304347825,1.0
M1:390:2,390,M1,2,legacy_aligned_capture,2,1,1.0956521739130434,True,False,True,0.25217391304347825,1.0
M1:390:3,390,M1,3,primary_semantic_capture,8,7,1.3304347826086957,True,True,True,0.30434782608695654,1.0
M1:390:4,390,M1,4,primary_semantic_capture,5,4,0.7391304347826086,False,False,True,0.25217391304347825,1.0
M1:390:5,390,M1,5,primary_semantic_capture,4,3,0.3652173913043478,False,False,True,0.05217391304347826,1.0
M1:390:6,390,M1,6,primary_semantic_capture,4,3,0.9739130434782609,False,False,True,0.26956521739130435,1.0
M1:390:7,390,M1,7,primary_semantic_capture,1,0,0.9739130434782609,False,False,True,0.08695652173913043,1.0
M1:390:7,390,M1,7,legacy_aligned_capture,2,1,0.9826086956521739,False,False,True,0.08695652173913043,1.0
M1:391:0,391,M1,0,primary_semantic_capture,3,2,2.3934426229508197,True,True,True,0.04918032786885246,1.0
M1:391:1,391,M1,1,primary_semantic_capture,4,3,0.8524590163934426,False,False,True,0.09836065573770492,1.0
M1:391:1,391,M1,1,legacy_aligned_capture,4,3,0.8524590163934426,False,False,True,0.09836065573770492,1.0
M1:391:2,391,M1,2,primary_semantic_capture,16,15,1.3278688524590163,True,True,True,0.11475409836065574,1.0
M1:391:3,391,M1,3,primary_semantic_capture,33,32,2.1311475409836067,True,True,True,0.11475409836065574,1.0
M1:391:4,391,M1,4,primary_semantic_capture,1,0,2.1147540983606556,True,True,True,0.19672131147540983,1.0
M1:391:5,391,M1,5,primary_semantic_capture,7,6,1.3770491803278688,True,True,True,0.09836065573770492,1.0
M1:391:5,391,M1,5,legacy_aligned_capture,7,6,1.3770491803278688,True,True,True,0.09836065573770492,1.0
M1:391:6,391,M1,6,primary_semantic_capture,2,1,1.0163934426229508,True,False,True,0.13114754098360656,1.0
M1:391:7,391,M1,7,primary_semantic_capture,3,2,1.0,True,False,True,0.11475409836065574,1.0
M1:395:0,395,M1,0,primary_semantic_capture,15,14,4.526315789473684,True,True,True,0.10526315789473684,1.0
M1:395:1,395,M1,1,primary_semantic_capture,7,6,2.9473684210526314,True,True,True,0.15789473684210525,1.0
M1:395:1,395,M1,1,legacy_aligned_capture,7,6,2.9473684210526314,True,True,True,0.15789473684210525,1.0
M1:395:3,395,M1,3,primary_semantic_capture,13,12,5.157894736842105,True,True,True,0.15789473684210525,1.0
M1:396:5,396,M1,5,primary_semantic_capture,27,26,1.6794871794871795,True,True,True,0.6538461538461539,1.0
M1:396:5,396,M1,5,legacy_aligned_capture,27,26,1.6794871794871795,True,True,True,0.6538461538461539,1.0
M1:396:6,396,M1,6,primary_semantic_capture,8,7,1.5,True,True,True,0.6794871794871795,1.0
M1:399:0,399,M1,0,primary_semantic_capture,2,1,1.7619047619047619,True,True,True,0.16666666666666666,1.0
M1:399:0,399,M1,0,legacy_aligned_capture,2,1,1.7619047619047619,True,True,True,0.16666666666666666,1.0
M1:399:1,399,M1,1,primary_semantic_capture,1,0,0.5476190476190477,False,False,True,0.11904761904761904,1.0
M1:399:1,399,M1,1,legacy_aligned_capture,3,2,0.5952380952380952,False,False,True,0.11904761904761904,1.0
M1:399:2,399,M1,2,primary_semantic_capture,1,0,1.5952380952380953,True,True,True,0.11904761904761904,1.0
M1:399:3,399,M1,3,primary_semantic_capture,7,6,2.238095238095238,True,True,True,0.14285714285714285,1.0
M1:399:4,399,M1,4,primary_semantic_capture,8,7,1.5952380952380953,True,True,True,0.07142857142857142,1.0
M1:399:5,399,M1,5,primary_semantic_capture,3,2,1.2380952380952381,True,False,True,0.19047619047619047,1.0
M1:399:5,399,M1,5,legacy_aligned_capture,3,2,1.2380952380952381,True,False,True,0.19047619047619047,1.0
M1:399:6,399,M1,6,primary_semantic_capture,9,8,0.9047619047619048,False,False,True,0.16666666666666666,1.0
M1:399:6,399,M1,6,legacy_aligned_capture,9,8,0.9047619047619048,False,False,True,0.16666666666666666,1.0
M1:399:7,399,M1,7,primary_semantic_capture,5,4,0.9047619047619048,False,False,True,0.14285714285714285,1.0
M1:399:7,399,M1,7,legacy_aligned_capture,5,4,0.9047619047619048,False,False,True,0.14285714285714285,1.0
M1:400:6,400,M1,6,primary_semantic_capture,48,47,2.302325581395349,True,True,True,0.09302325581395349,1.0
M1:401:1,401,M1,1,primary_semantic_capture,4,3,3.5714285714285716,True,True,True,0.6428571428571429,1.0
M1:401:1,401,M1,1,legacy_aligned_capture,4,3,3.5714285714285716,True,True,True,0.6428571428571429,1.0
M1:401:6,401,M1,6,primary_semantic_capture,3,2,4.071428571428571,True,True,True,0.35714285714285715,1.0
M1:401:6,401,M1,6,legacy_aligned_capture,3,2,4.071428571428571,True,True,True,0.35714285714285715,1.0
M1:403:0,403,M1,0,primary_semantic_capture,22,21,6.578947368421052,True,True,True,0.5789473684210527,1.0
M1:403:1,403,M1,1,primary_semantic_capture,1,0,4.105263157894737,True,True,True,0.2631578947368421,1.0
M1:403:2,403,M1,2,primary_semantic_capture,8,7,5.526315789473684,True,True,True,0.3157894736842105,1.0
M1:403:3,403,M1,3,primary_semantic_capture,11,10,3.526315789473684,True,True,True,0.5263157894736842,1.0
M1:403:3,403,M1,3,legacy_aligned_capture,11,10,3.526315789473684,True,True,True,0.5263157894736842,1.0
M1:403:4,403,M1,4,primary_semantic_capture,3,2,2.9473684210526314,True,True,True,0.42105263157894735,1.0
M1:403:4,403,M1,4,legacy_aligned_capture,5,4,3.0526315789473686,True,True,True,0.42105263157894735,1.0
M1:405:0,405,M1,0,primary_semantic_capture,5,4,1.5161290322580645,True,True,True,0.3548387096774194,1.0
M1:405:0,405,M1,0,legacy_aligned_capture,5,4,1.5161290322580645,True,True,True,0.3548387096774194,1.0
M1:405:3,405,M1,3,primary_semantic_capture,11,10,2.2903225806451615,True,True,False,0.25806451612903225,0.8
M1:405:4,405,M1,4,primary_semantic_capture,13,12,2.2580645161290325,True,True,True,0.45161290322580644,1.0
M1:405:5,405,M1,5,primary_semantic_capture,7,6,1.5483870967741935,True,True,True,0.25806451612903225,1.0
M1:405:6,405,M1,6,primary_semantic_capture,6,5,2.4838709677419355,True,True,True,0.41935483870967744,1.0
M1:406:2,406,M1,2,primary_semantic_capture,8,7,1.4137931034482758,True,True,False,0.3448275862068966,0.9090909090909091
M1:406:3,406,M1,3,primary_semantic_capture,5,4,1.5517241379310345,True,True,True,0.3448275862068966,1.0
M1:406:6,406,M1,6,primary_semantic_capture,5,4,1.896551724137931,True,True,True,0.4482758620689655,1.0
M1:406:7,406,M1,7,primary_semantic_capture,9,8,2.0,True,True,True,0.4482758620689655,1.0
M1:409:0,409,M1,0,primary_semantic_capture,5,4,3.7804878048780486,True,True,True,0.24390243902439024,1.0
M1:409:0,409,M1,0,legacy_aligned_capture,5,4,3.7804878048780486,True,True,True,0.24390243902439024,1.0
M1:409:6,409,M1,6,primary_semantic_capture,7,6,2.8048780487804876,True,True,True,0.1951219512195122,1.0
M1:409:6,409,M1,6,legacy_aligned_capture,7,6,2.8048780487804876,True,True,True,0.1951219512195122,1.0
M1:412:3,412,M1,3,primary_semantic_capture,1,0,0.8823529411764706,False,False,True,0.29411764705882354,1.0
M1:412:6,412,M1,6,primary_semantic_capture,6,5,1.2647058823529411,True,True,True,0.23529411764705882,1.0
M1:412:7,412,M1,7,primary_semantic_capture,6,5,1.9705882352941178,True,True,True,0.4411764705882353,1.0
M1:415:0,415,M1,0,primary_semantic_capture,14,13,1.4918032786885247,True,True,True,0.45901639344262296,1.0
M1:415:2,415,M1,2,primary_semantic_capture,5,4,1.459016393442623,True,True,True,0.9016393442622951,1.0
M1:415:7,415,M1,7,primary_semantic_capture,14,13,1.5737704918032787,True,True,True,0.8524590163934426,1.0
M1:416:2,416,M1,2,primary_semantic_capture,23,22,1.013157894736842,True,False,True,0.4605263157894737,1.0
M1:416:3,416,M1,3,primary_semantic_capture,33,32,1.4736842105263157,True,True,True,0.5,1.0
M1:418:4,418,M1,4,primary_semantic_capture,1,0,3.5806451612903225,True,True,True,0.3870967741935484,1.0
M1:418:6,418,M1,6,primary_semantic_capture,8,7,2.129032258064516,True,True,True,0.3548387096774194,1.0
M1:420:2,420,M1,2,primary_semantic_capture,3,2,1.12987012987013,True,False,True,0.3246753246753247,1.0
M1:420:2,420,M1,2,legacy_aligned_capture,3,2,1.12987012987013,True,False,True,0.3246753246753247,1.0
M1:420:3,420,M1,3,primary_semantic_capture,5,4,2.3506493506493507,True,True,True,0.2077922077922078,1.0
M1:420:5,420,M1,5,primary_semantic_capture,15,14,2.2467532467532467,True,True,True,0.2987012987012987,1.0
M1:421:7,421,M1,7,primary_semantic_capture,20,19,1.3404255319148937,True,True,True,0.10638297872340426,1.0
M1:424:0,424,M1,0,primary_semantic_capture,1,0,1.3493975903614457,True,True,True,0.12048192771084337,1.0
M1:424:2,424,M1,2,primary_semantic_capture,6,5,1.3012048192771084,True,True,True,0.1566265060240964,1.0
M1:424:2,424,M1,2,legacy_aligned_capture,6,5,1.3012048192771084,True,True,True,0.1566265060240964,1.0
M1:425:0,425,M1,0,primary_semantic_capture,1,0,1.475,True,True,True,0.2,1.0
M1:425:0,425,M1,0,legacy_aligned_capture,4,3,1.55,True,True,True,0.2,1.0
M1:425:1,425,M1,1,primary_semantic_capture,1,0,1.175,True,False,True,0.275,1.0
M1:425:2,425,M1,2,primary_semantic_capture,11,10,1.275,True,True,True,0.175,1.0
M1:425:2,425,M1,2,legacy_aligned_capture,11,10,1.275,True,True,True,0.175,1.0
M1:425:3,425,M1,3,primary_semantic_capture,1,0,1.075,True,False,True,0.275,1.0
M1:425:5,425,M1,5,primary_semantic_capture,3,2,2.225,True,True,True,0.35,1.0
M1:425:5,425,M1,5,legacy_aligned_capture,4,3,2.25,True,True,True,0.35,1.0
M1:425:6,425,M1,6,primary_semantic_capture,4,3,1.225,True,False,True,0.3,1.0
M1:425:6,425,M1,6,legacy_aligned_capture,4,3,1.225,True,False,True,0.3,1.0
M1:426:0,426,M1,0,primary_semantic_capture,15,14,1.6481481481481481,True,True,True,0.09259259259259259,1.0
M1:426:1,426,M1,1,primary_semantic_capture,2,1,0.7407407407407407,False,False,True,0.1111111111111111,1.0
M1:426:2,426,M1,2,primary_semantic_capture,12,11,0.6666666666666666,False,False,True,0.12962962962962962,1.0
M1:426:2,426,M1,2,legacy_aligned_capture,12,11,0.6666666666666666,False,False,True,0.12962962962962962,1.0
M1:426:3,426,M1,3,primary_semantic_capture,6,5,0.6481481481481481,False,False,True,0.12962962962962962,1.0
M1:426:3,426,M1,3,legacy_aligned_capture,6,5,0.6481481481481481,False,False,True,0.12962962962962962,1.0
M1:426:4,426,M1,4,primary_semantic_capture,12,11,1.2592592592592593,True,True,True,0.12962962962962962,1.0
M1:426:5,426,M1,5,primary_semantic_capture,6,5,1.3888888888888888,True,True,True,0.12962962962962962,1.0
M1:426:5,426,M1,5,legacy_aligned_capture,6,5,1.3888888888888888,True,True,True,0.12962962962962962,1.0
M1:426:6,426,M1,6,primary_semantic_capture,2,1,0.42592592592592593,False,False,True,0.07407407407407407,1.0
M1:426:6,426,M1,6,legacy_aligned_capture,2,1,0.42592592592592593,False,False,True,0.07407407407407407,1.0
M1:428:4,428,M1,4,primary_semantic_capture,1,0,2.3529411764705883,True,True,True,0.4117647058823529,1.0
M1:429:3,429,M1,3,primary_semantic_capture,7,6,1.7704918032786885,True,True,True,0.4918032786885246,1.0
M1:429:5,429,M1,5,primary_semantic_capture,14,13,1.7704918032786885,True,True,True,0.3770491803278688,1.0
M1:431:3,431,M1,3,primary_semantic_capture,107,106,3.5283018867924527,True,True,True,0.24528301886792453,1.0
M1:432:0,432,M1,0,primary_semantic_capture,2,1,1.5,True,True,True,0.2608695652173913,1.0
M1:432:2,432,M1,2,primary_semantic_capture,2,1,2.282608695652174,True,True,True,0.2826086956521739,1.0
M1:432:2,432,M1,2,legacy_aligned_capture,2,1,2.282608695652174,True,True,True,0.2826086956521739,1.0
M1:432:3,432,M1,3,primary_semantic_capture,7,6,1.1304347826086956,True,False,True,0.1956521739130435,1.0
M1:432:3,432,M1,3,legacy_aligned_capture,7,6,1.1304347826086956,True,False,True,0.1956521739130435,1.0
M1:432:5,432,M1,5,primary_semantic_capture,32,31,1.9130434782608696,True,True,True,0.1956521739130435,1.0
M1:432:6,432,M1,6,primary_semantic_capture,2,1,1.8695652173913044,True,True,True,0.2826086956521739,1.0
M1:432:6,432,M1,6,legacy_aligned_capture,3,2,1.891304347826087,True,True,True,0.2826086956521739,1.0
M1:433:0,433,M1,0,primary_semantic_capture,1,0,1.4038461538461537,True,True,True,0.17307692307692307,1.0
M1:433:1,433,M1,1,primary_semantic_capture,4,3,1.5,True,True,True,0.17307692307692307,1.0
M1:434:0,434,M1,0,primary_semantic_capture,9,8,1.5192307692307692,True,True,True,0.28846153846153844,1.0
M1:434:0,434,M1,0,legacy_aligned_capture,9,8,1.5192307692307692,True,True,True,0.28846153846153844,1.0
M1:434:3,434,M1,3,primary_semantic_capture,29,28,1.8846153846153846,True,True,True,0.11538461538461539,1.0
M1:434:4,434,M1,4,primary_semantic_capture,21,20,1.7884615384615385,True,True,True,0.21153846153846154,1.0
M1:434:6,434,M1,6,primary_semantic_capture,4,3,1.7884615384615385,True,True,True,0.28846153846153844,1.0
M1:434:6,434,M1,6,legacy_aligned_capture,4,3,1.7884615384615385,True,True,True,0.28846153846153844,1.0
M1:434:7,434,M1,7,primary_semantic_capture,4,3,1.4038461538461537,True,True,False,0.19230769230769232,0.625
M1:435:0,435,M1,0,primary_semantic_capture,1,0,1.0425531914893618,True,False,True,0.44680851063829785,1.0
M1:435:2,435,M1,2,primary_semantic_capture,14,13,1.1702127659574468,True,False,True,0.44680851063829785,1.0
M1:435:4,435,M1,4,primary_semantic_capture,5,4,0.5957446808510638,False,False,True,0.14893617021276595,1.0
M1:435:4,435,M1,4,legacy_aligned_capture,5,4,0.5957446808510638,False,False,True,0.14893617021276595,1.0
M1:438:1,438,M1,1,primary_semantic_capture,5,4,0.6046511627906976,False,False,True,0.20930232558139536,1.0
M1:438:2,438,M1,2,primary_semantic_capture,9,8,1.1395348837209303,True,False,True,0.3023255813953488,1.0
M1:438:3,438,M1,3,primary_semantic_capture,22,21,1.430232558139535,True,True,True,0.4418604651162791,1.0
M1:438:3,438,M1,3,legacy_aligned_capture,22,21,1.430232558139535,True,True,True,0.4418604651162791,1.0
M1:438:5,438,M1,5,primary_semantic_capture,15,14,1.1627906976744187,True,False,True,0.37209302325581395,1.0
M1:438:7,438,M1,7,primary_semantic_capture,10,9,1.302325581395349,True,True,True,0.37209302325581395,1.0
M1:441:0,441,M1,0,primary_semantic_capture,1,0,1.1325301204819278,True,False,True,0.21686746987951808,1.0
M1:441:1,441,M1,1,primary_semantic_capture,98,97,2.253012048192771,True,True,True,0.3253012048192771,1.0
M1:441:2,441,M1,2,primary_semantic_capture,19,18,1.5903614457831325,True,True,True,0.3373493975903614,1.0
M1:441:2,441,M1,2,legacy_aligned_capture,20,19,1.6024096385542168,True,True,True,0.3373493975903614,1.0
M1:441:4,441,M1,4,primary_semantic_capture,24,23,1.5903614457831325,True,True,True,0.3253012048192771,1.0
M1:441:5,441,M1,5,primary_semantic_capture,21,20,1.2289156626506024,True,False,True,0.39759036144578314,1.0
M1:441:6,441,M1,6,primary_semantic_capture,4,3,1.6506024096385543,True,True,True,0.26506024096385544,1.0
M1:441:7,441,M1,7,primary_semantic_capture,2,1,1.1927710843373494,True,False,False,0.25301204819277107,0.7777777777777778
M1:442:0,442,M1,0,primary_semantic_capture,1,0,1.4666666666666666,True,True,True,0.6,1.0
M1:443:3,443,M1,3,primary_semantic_capture,5,4,1.186046511627907,True,False,True,0.3023255813953488,1.0
M1:443:3,443,M1,3,legacy_aligned_capture,6,5,1.2093023255813953,True,False,True,0.3023255813953488,1.0
M1:445:1,445,M1,1,primary_semantic_capture,4,3,1.8,True,True,True,0.48,1.0
M1:445:1,445,M1,1,legacy_aligned_capture,4,3,1.8,True,True,True,0.48,1.0
M1:445:4,445,M1,4,primary_semantic_capture,1,0,0.9333333333333333,False,False,True,0.3466666666666667,1.0
M1:445:5,445,M1,5,primary_semantic_capture,4,3,0.92,False,False,True,0.28,1.0
M1:445:7,445,M1,7,primary_semantic_capture,68,67,2.4266666666666667,True,True,True,0.4533333333333333,1.0
M1:449:3,449,M1,3,primary_semantic_capture,6,5,1.4736842105263157,True,True,True,0.3157894736842105,1.0
M1:451:4,451,M1,4,primary_semantic_capture,5,4,0.8088235294117647,False,False,True,0.3088235294117647,1.0
M1:453:1,453,M1,1,primary_semantic_capture,4,3,1.1929824561403508,True,False,True,0.7368421052631579,1.0
M1:453:2,453,M1,2,primary_semantic_capture,1,0,2.526315789473684,True,True,True,0.7192982456140351,1.0
M1:454:0,454,M1,0,primary_semantic_capture,22,21,1.360655737704918,True,True,True,0.14754098360655737,1.0
M1:454:1,454,M1,1,primary_semantic_capture,52,51,2.3934426229508197,True,True,True,0.09836065573770492,1.0
M1:454:4,454,M1,4,primary_semantic_capture,45,44,2.360655737704918,True,True,True,0.09836065573770492,1.0
M1:454:6,454,M1,6,primary_semantic_capture,34,33,2.0655737704918034,True,True,True,0.13114754098360656,1.0
M1:454:7,454,M1,7,primary_semantic_capture,18,17,1.5901639344262295,True,True,True,0.13114754098360656,1.0
M1:455:5,455,M1,5,primary_semantic_capture,35,34,1.85,True,True,True,0.5833333333333334,1.0
M1:455:6,455,M1,6,primary_semantic_capture,19,18,1.2,True,False,True,0.4666666666666667,1.0
M1:457:2,457,M1,2,primary_semantic_capture,8,7,1.6363636363636365,True,True,True,0.18181818181818182,1.0
M1:457:7,457,M1,7,primary_semantic_capture,3,2,1.7575757575757576,True,True,True,0.06060606060606061,1.0
M1:457:7,457,M1,7,legacy_aligned_capture,3,2,1.7575757575757576,True,True,True,0.06060606060606061,1.0
M1:458:0,458,M1,0,primary_semantic_capture,19,18,3.176470588235294,True,True,True,0.29411764705882354,1.0
M1:458:2,458,M1,2,primary_semantic_capture,2,1,3.9411764705882355,True,True,True,0.4117647058823529,1.0
M1:458:4,458,M1,4,primary_semantic_capture,5,4,1.9705882352941178,True,True,True,0.35294117647058826,1.0
M1:458:7,458,M1,7,primary_semantic_capture,22,21,3.0294117647058822,True,True,True,0.35294117647058826,1.0
M1:459:1,459,M1,1,primary_semantic_capture,5,4,1.7941176470588236,True,True,True,0.10294117647058823,1.0
M1:459:1,459,M1,1,legacy_aligned_capture,5,4,1.7941176470588236,True,True,True,0.10294117647058823,1.0
M1:459:3,459,M1,3,primary_semantic_capture,12,11,1.7647058823529411,True,True,True,0.19117647058823528,1.0
M1:459:4,459,M1,4,primary_semantic_capture,30,29,1.4264705882352942,True,True,True,0.35294117647058826,1.0
M1:459:5,459,M1,5,primary_semantic_capture,7,6,0.7941176470588235,False,False,True,0.1323529411764706,1.0
M1:459:7,459,M1,7,primary_semantic_capture,140,139,3.0294117647058822,True,True,True,0.20588235294117646,1.0
M1:460:0,460,M1,0,primary_semantic_capture,2,1,1.3055555555555556,True,True,True,0.2916666666666667,1.0
M1:460:1,460,M1,1,primary_semantic_capture,28,27,1.5555555555555556,True,True,True,0.4027777777777778,1.0
M1:460:1,460,M1,1,legacy_aligned_capture,28,27,1.5555555555555556,True,True,True,0.4027777777777778,1.0
M1:460:2,460,M1,2,primary_semantic_capture,6,5,1.4722222222222223,True,True,True,0.25,1.0
M1:460:3,460,M1,3,primary_semantic_capture,2,1,1.5972222222222223,True,True,True,0.4166666666666667,1.0
M1:460:4,460,M1,4,primary_semantic_capture,16,15,2.7916666666666665,True,True,True,0.3611111111111111,1.0
M1:460:6,460,M1,6,primary_semantic_capture,33,32,1.3194444444444444,True,True,True,0.3888888888888889,1.0
M1:463:0,463,M1,0,primary_semantic_capture,10,9,1.1666666666666667,True,False,True,0.23333333333333334,1.0
M1:463:1,463,M1,1,primary_semantic_capture,18,17,3.2,True,True,True,0.6,1.0
M1:463:2,463,M1,2,primary_semantic_capture,6,5,2.066666666666667,True,True,True,0.2,1.0
M1:463:4,463,M1,4,primary_semantic_capture,4,3,2.3,True,True,True,0.5666666666666667,1.0
M1:463:5,463,M1,5,primary_semantic_capture,11,10,1.8666666666666667,True,True,True,0.7333333333333333,1.0
M1:463:5,463,M1,5,legacy_aligned_capture,11,10,1.8666666666666667,True,True,True,0.7333333333333333,1.0
M1:463:6,463,M1,6,primary_semantic_capture,18,17,1.8,True,True,True,0.3,1.0
M1:463:7,463,M1,7,primary_semantic_capture,7,6,1.7333333333333334,True,True,True,0.5666666666666667,1.0
M1:463:7,463,M1,7,legacy_aligned_capture,7,6,1.7333333333333334,True,True,True,0.5666666666666667,1.0
M1:464:0,464,M1,0,primary_semantic_capture,18,17,6.444444444444445,True,True,True,0.1111111111111111,1.0
M1:464:1,464,M1,1,primary_semantic_capture,2,1,4.555555555555555,True,True,,0.0,nan
M1:464:2,464,M1,2,primary_semantic_capture,9,8,8.0,True,True,,0.0,nan
M1:464:2,464,M1,2,legacy_aligned_capture,9,8,8.0,True,True,,0.0,nan
M1:464:3,464,M1,3,primary_semantic_capture,3,2,2.6666666666666665,True,True,,0.0,nan
M1:464:3,464,M1,3,legacy_aligned_capture,3,2,2.6666666666666665,True,True,,0.0,nan
M1:464:4,464,M1,4,primary_semantic_capture,79,78,14.555555555555555,True,True,True,0.1111111111111111,1.0
M1:464:5,464,M1,5,primary_semantic_capture,2,1,12.11111111111111,True,True,,0.0,nan
M1:464:7,464,M1,7,primary_semantic_capture,5,4,9.11111111111111,True,True,,0.0,nan
M1:465:0,465,M1,0,primary_semantic_capture,2,1,1.2033898305084745,True,False,True,0.1864406779661017,1.0
M1:465:2,465,M1,2,primary_semantic_capture,4,3,1.3220338983050848,True,True,True,0.3559322033898305,1.0
M1:465:3,465,M1,3,primary_semantic_capture,5,4,1.152542372881356,True,False,True,0.22033898305084745,1.0
M1:465:3,465,M1,3,legacy_aligned_capture,5,4,1.152542372881356,True,False,True,0.22033898305084745,1.0
M1:465:5,465,M1,5,primary_semantic_capture,4,3,1.2542372881355932,True,True,True,0.2542372881355932,1.0
M1:465:6,465,M1,6,primary_semantic_capture,6,5,0.576271186440678,False,False,True,0.23728813559322035,1.0
M1:465:6,465,M1,6,legacy_aligned_capture,6,5,0.576271186440678,False,False,True,0.23728813559322035,1.0
M1:465:7,465,M1,7,primary_semantic_capture,9,8,1.847457627118644,True,True,True,0.3050847457627119,1.0
M1:466:1,466,M1,1,primary_semantic_capture,1,0,1.2452830188679245,True,False,True,0.16981132075471697,1.0
M1:466:4,466,M1,4,primary_semantic_capture,47,46,2.169811320754717,True,True,True,0.1320754716981132,1.0
M1:466:7,466,M1,7,primary_semantic_capture,6,5,1.1132075471698113,True,False,True,0.18867924528301888,1.0
M1:467:0,467,M1,0,primary_semantic_capture,15,14,3.4516129032258065,True,True,True,0.2903225806451613,1.0
M1:467:1,467,M1,1,primary_semantic_capture,14,13,5.161290322580645,True,True,True,0.25806451612903225,1.0
M1:467:2,467,M1,2,primary_semantic_capture,2,1,2.935483870967742,True,True,True,0.4838709677419355,1.0
M1:467:6,467,M1,6,primary_semantic_capture,28,27,3.4193548387096775,True,True,True,0.3225806451612903,1.0
M1:468:0,468,M1,0,primary_semantic_capture,2,1,1.3,True,True,True,0.775,1.0
M1:468:1,468,M1,1,primary_semantic_capture,11,10,1.55,True,True,True,0.35,1.0
M1:468:5,468,M1,5,primary_semantic_capture,6,5,3.025,True,True,True,0.525,1.0
M1:469:6,469,M1,6,primary_semantic_capture,4,3,0.9484536082474226,False,False,True,0.38144329896907214,1.0
M1:469:7,469,M1,7,primary_semantic_capture,16,15,1.4329896907216495,True,True,True,0.25773195876288657,1.0
M1:470:3,470,M1,3,primary_semantic_capture,1,0,1.6842105263157894,True,True,True,0.5,1.0
M1:471:4,471,M1,4,primary_semantic_capture,2,1,2.769230769230769,True,True,True,0.15384615384615385,1.0
M1:471:4,471,M1,4,legacy_aligned_capture,2,1,2.769230769230769,True,True,True,0.15384615384615385,1.0
M1:471:7,471,M1,7,primary_semantic_capture,3,2,1.9743589743589745,True,True,True,0.02564102564102564,1.0
M1:472:0,472,M1,0,primary_semantic_capture,25,24,2.1639344262295084,True,True,True,0.3770491803278688,1.0
M1:472:0,472,M1,0,legacy_aligned_capture,26,25,2.180327868852459,True,True,True,0.3770491803278688,1.0
M1:472:1,472,M1,1,primary_semantic_capture,1,0,1.098360655737705,True,False,True,0.2786885245901639,1.0
M1:472:2,472,M1,2,primary_semantic_capture,1,0,0.6885245901639344,False,False,True,0.14754098360655737,1.0
M1:472:3,472,M1,3,primary_semantic_capture,6,5,1.0,True,False,True,0.21311475409836064,1.0
M1:472:4,472,M1,4,primary_semantic_capture,18,17,1.1639344262295082,True,False,True,0.19672131147540983,1.0
M1:472:5,472,M1,5,primary_semantic_capture,8,7,0.7704918032786885,False,False,True,0.19672131147540983,1.0
M1:472:6,472,M1,6,primary_semantic_capture,41,40,1.8032786885245902,True,True,True,0.22950819672131148,1.0
M1:472:7,472,M1,7,primary_semantic_capture,5,4,1.4918032786885247,True,True,True,0.16393442622950818,1.0
M1:473:0,473,M1,0,primary_semantic_capture,14,13,2.5952380952380953,True,True,True,0.5714285714285714,1.0
M1:473:3,473,M1,3,primary_semantic_capture,9,8,2.3333333333333335,True,True,True,0.40476190476190477,1.0
M1:473:5,473,M1,5,primary_semantic_capture,4,3,2.0952380952380953,True,True,True,0.35714285714285715,1.0
M1:473:5,473,M1,5,legacy_aligned_capture,4,3,2.0952380952380953,True,True,True,0.35714285714285715,1.0
M1:473:6,473,M1,6,primary_semantic_capture,15,14,1.6904761904761905,True,True,True,0.40476190476190477,1.0
M1:473:7,473,M1,7,primary_semantic_capture,2,1,1.619047619047619,True,True,True,0.35714285714285715,1.0
M1:474:2,474,M1,2,primary_semantic_capture,16,15,1.5208333333333333,True,True,True,0.4166666666666667,1.0
M1:475:1,475,M1,1,primary_semantic_capture,3,2,2.4444444444444446,True,True,True,0.25925925925925924,1.0
M1:475:3,475,M1,3,primary_semantic_capture,3,2,7.37037037037037,True,True,True,0.2962962962962963,1.0
M1:475:4,475,M1,4,primary_semantic_capture,10,9,1.8148148148148149,True,True,True,0.3333333333333333,1.0
M1:475:4,475,M1,4,legacy_aligned_capture,10,9,1.8148148148148149,True,True,True,0.3333333333333333,1.0
M1:477:1,477,M1,1,primary_semantic_capture,10,9,1.5263157894736843,True,True,True,0.13157894736842105,1.0
M1:477:4,477,M1,4,primary_semantic_capture,29,28,2.5789473684210527,True,True,True,0.2631578947368421,1.0
M1:477:5,477,M1,5,primary_semantic_capture,5,4,3.1052631578947367,True,True,True,0.21052631578947367,1.0
M1:477:6,477,M1,6,primary_semantic_capture,23,22,1.5789473684210527,True,True,True,0.10526315789473684,1.0
M1:477:7,477,M1,7,primary_semantic_capture,4,3,1.605263157894737,True,True,True,0.18421052631578946,1.0
M1:479:2,479,M1,2,primary_semantic_capture,11,10,1.7735849056603774,True,True,True,0.3584905660377358,1.0
M1:481:1,481,M1,1,primary_semantic_capture,29,28,1.0476190476190477,True,False,True,0.14285714285714285,1.0
M1:481:6,481,M1,6,primary_semantic_capture,28,27,1.0317460317460319,True,False,True,0.12698412698412698,1.0
M1:482:0,482,M1,0,primary_semantic_capture,7,6,1.2083333333333333,True,False,True,0.4027777777777778,1.0
M1:482:7,482,M1,7,primary_semantic_capture,8,7,1.5,True,True,True,0.4305555555555556,1.0
M1:485:5,485,M1,5,primary_semantic_capture,29,28,1.75,True,True,True,0.20588235294117646,1.0
M1:486:0,486,M1,0,primary_semantic_capture,7,6,1.4230769230769231,True,True,True,0.358974358974359,1.0
M1:486:1,486,M1,1,primary_semantic_capture,16,15,1.2564102564102564,True,True,True,0.15384615384615385,1.0
M1:486:3,486,M1,3,primary_semantic_capture,1,0,1.4871794871794872,True,True,True,0.358974358974359,1.0
M1:486:5,486,M1,5,primary_semantic_capture,1,0,1.2564102564102564,True,True,True,0.11538461538461539,1.0
M1:486:6,486,M1,6,primary_semantic_capture,6,5,1.3076923076923077,True,True,True,0.32051282051282054,1.0
M1:486:7,486,M1,7,primary_semantic_capture,2,1,1.3717948717948718,True,True,True,0.358974358974359,1.0
M1:488:3,488,M1,3,primary_semantic_capture,8,7,1.6363636363636365,True,True,True,0.30303030303030304,1.0
M1:489:0,489,M1,0,primary_semantic_capture,12,11,1.3559322033898304,True,True,True,0.13559322033898305,1.0
M1:489:0,489,M1,0,legacy_aligned_capture,12,11,1.3559322033898304,True,True,True,0.13559322033898305,1.0
M1:489:1,489,M1,1,primary_semantic_capture,3,2,1.1864406779661016,True,False,True,0.0847457627118644,1.0
M1:491:0,491,M1,0,primary_semantic_capture,8,7,1.7692307692307692,True,True,True,0.2564102564102564,1.0
M1:491:1,491,M1,1,primary_semantic_capture,76,75,3.7948717948717947,True,True,True,0.2564102564102564,1.0
M1:491:5,491,M1,5,primary_semantic_capture,63,62,2.717948717948718,True,True,True,0.1794871794871795,1.0
M1:491:6,491,M1,6,primary_semantic_capture,9,8,1.9487179487179487,True,True,True,0.3333333333333333,1.0
M1:491:6,491,M1,6,legacy_aligned_capture,9,8,1.9487179487179487,True,True,True,0.3333333333333333,1.0
M1:491:7,491,M1,7,primary_semantic_capture,6,5,1.5897435897435896,True,True,True,0.2564102564102564,1.0
M1:496:0,496,M1,0,primary_semantic_capture,4,3,1.1639344262295082,True,False,True,0.21311475409836064,1.0
M1:496:1,496,M1,1,primary_semantic_capture,2,1,1.0819672131147542,True,False,True,0.09836065573770492,1.0
M1:496:5,496,M1,5,primary_semantic_capture,28,27,2.4918032786885247,True,True,True,0.26229508196721313,1.0
M1:496:6,496,M1,6,primary_semantic_capture,37,36,1.9836065573770492,True,True,True,0.32786885245901637,1.0
M1:498:1,498,M1,1,primary_semantic_capture,1,0,0.8415841584158416,False,False,True,0.06930693069306931,1.0
M1:499:0,499,M1,0,primary_semantic_capture,3,2,2.021276595744681,True,True,True,0.0425531914893617,1.0
M1:499:1,499,M1,1,primary_semantic_capture,32,31,2.297872340425532,True,True,True,0.2765957446808511,1.0
M1:499:2,499,M1,2,primary_semantic_capture,15,14,3.404255319148936,True,True,True,0.06382978723404255,1.0
M1:499:3,499,M1,3,primary_semantic_capture,68,67,4.361702127659575,True,True,True,0.5106382978723404,1.0
M1:499:4,499,M1,4,primary_semantic_capture,1,0,2.0851063829787235,True,True,True,0.0425531914893617,1.0
M1:499:7,499,M1,7,primary_semantic_capture,20,19,1.7446808510638299,True,True,True,0.0851063829787234,1.0
M1:501:5,501,M1,5,primary_semantic_capture,7,6,1.253968253968254,True,True,True,0.6031746031746031,1.0
M1:502:6,502,M1,6,primary_semantic_capture,6,5,0.9306930693069307,False,False,True,0.3465346534653465,1.0
M1:505:0,505,M1,0,primary_semantic_capture,21,20,1.4318181818181819,True,True,True,0.11363636363636363,1.0
M1:505:1,505,M1,1,primary_semantic_capture,16,15,2.477272727272727,True,True,True,0.38636363636363635,1.0
M1:505:2,505,M1,2,primary_semantic_capture,1,0,1.5227272727272727,True,True,True,0.11363636363636363,1.0
M1:505:2,505,M1,2,legacy_aligned_capture,2,1,1.5454545454545454,True,True,True,0.11363636363636363,1.0
M1:505:3,505,M1,3,primary_semantic_capture,7,6,1.3181818181818181,True,True,True,0.13636363636363635,1.0
M1:505:4,505,M1,4,primary_semantic_capture,15,14,3.659090909090909,True,True,True,0.6136363636363636,1.0
M1:505:5,505,M1,5,primary_semantic_capture,11,10,0.9772727272727273,False,False,True,0.1590909090909091,1.0
M1:505:6,505,M1,6,primary_semantic_capture,6,5,1.9545454545454546,True,True,True,0.11363636363636363,1.0
M1:505:6,505,M1,6,legacy_aligned_capture,6,5,1.9545454545454546,True,True,True,0.11363636363636363,1.0
M1:505:7,505,M1,7,primary_semantic_capture,7,6,1.1136363636363635,True,False,True,0.1590909090909091,1.0
M1:505:7,505,M1,7,legacy_aligned_capture,7,6,1.1136363636363635,True,False,True,0.1590909090909091,1.0
M1:506:0,506,M1,0,primary_semantic_capture,15,14,1.5542168674698795,True,True,True,0.3493975903614458,1.0
M1:506:1,506,M1,1,primary_semantic_capture,53,52,1.6024096385542168,True,True,True,0.08433734939759036,1.0
M1:506:3,506,M1,3,primary_semantic_capture,1,0,1.072289156626506,True,False,True,0.37349397590361444,1.0
M1:506:5,506,M1,5,primary_semantic_capture,25,24,1.8433734939759037,True,True,True,0.43373493975903615,1.0
M1:507:0,507,M1,0,primary_semantic_capture,17,16,1.53125,True,True,True,0.25,1.0
M1:507:1,507,M1,1,primary_semantic_capture,6,5,1.34375,True,True,True,0.265625,1.0
M1:507:1,507,M1,1,legacy_aligned_capture,7,6,1.359375,True,True,True,0.265625,1.0
M1:507:2,507,M1,2,primary_semantic_capture,17,16,2.75,True,True,True,0.25,1.0
M1:507:3,507,M1,3,primary_semantic_capture,4,3,1.21875,True,False,,0.0,nan
M1:507:4,507,M1,4,primary_semantic_capture,2,1,0.828125,False,False,,0.0,nan
M1:507:4,507,M1,4,legacy_aligned_capture,2,1,0.828125,False,False,,0.0,nan
M1:507:5,507,M1,5,primary_semantic_capture,18,17,1.4375,True,True,True,0.140625,1.0
M1:507:5,507,M1,5,legacy_aligned_capture,18,17,1.4375,True,True,True,0.140625,1.0
M1:507:6,507,M1,6,primary_semantic_capture,16,15,1.71875,True,True,True,0.28125,1.0
M1:507:7,507,M1,7,primary_semantic_capture,21,20,1.125,True,False,True,0.25,1.0
M1:508:0,508,M1,0,primary_semantic_capture,27,26,2.4098360655737703,True,True,True,0.7049180327868853,1.0
M1:508:4,508,M1,4,primary_semantic_capture,55,54,2.721311475409836,True,True,True,0.7377049180327869,1.0
M1:508:5,508,M1,5,primary_semantic_capture,64,63,2.737704918032787,True,True,True,0.7213114754098361,1.0
M1:508:5,508,M1,5,legacy_aligned_capture,64,63,2.737704918032787,True,True,True,0.7213114754098361,1.0
M1:509:5,509,M1,5,primary_semantic_capture,7,6,1.8070175438596492,True,True,True,0.2807017543859649,1.0
M1:510:0,510,M1,0,primary_semantic_capture,11,10,3.7666666666666666,True,True,True,0.03333333333333333,1.0
M1:510:1,510,M1,1,primary_semantic_capture,20,19,3.066666666666667,True,True,True,0.03333333333333333,1.0
M1:510:2,510,M1,2,primary_semantic_capture,5,4,2.3,True,True,True,0.06666666666666667,1.0
M1:510:2,510,M1,2,legacy_aligned_capture,5,4,2.3,True,True,True,0.06666666666666667,1.0
M1:510:3,510,M1,3,primary_semantic_capture,3,2,1.3,True,True,True,0.1,1.0
M1:510:3,510,M1,3,legacy_aligned_capture,9,8,3.2333333333333334,True,True,True,0.1,1.0
M1:510:4,510,M1,4,primary_semantic_capture,15,14,2.966666666666667,True,True,True,0.06666666666666667,1.0
M1:510:4,510,M1,4,legacy_aligned_capture,15,14,2.966666666666667,True,True,True,0.06666666666666667,1.0
M1:510:5,510,M1,5,primary_semantic_capture,5,4,4.2,True,True,True,0.13333333333333333,1.0
M1:510:6,510,M1,6,primary_semantic_capture,1,0,2.7333333333333334,True,True,,0.0,nan
M1:510:6,510,M1,6,legacy_aligned_capture,1,0,2.7333333333333334,True,True,,0.0,nan
M1:510:7,510,M1,7,primary_semantic_capture,8,7,2.9,True,True,,0.0,nan
M1:511:0,511,M1,0,primary_semantic_capture,2,1,1.3424657534246576,True,True,True,0.4657534246575342,1.0
M1:511:1,511,M1,1,primary_semantic_capture,5,4,1.1917808219178083,True,False,True,0.3561643835616438,1.0
M1:511:2,511,M1,2,primary_semantic_capture,2,1,1.1643835616438356,True,False,True,0.3561643835616438,1.0
M1:511:2,511,M1,2,legacy_aligned_capture,2,1,1.1643835616438356,True,False,True,0.3561643835616438,1.0
M1:511:3,511,M1,3,primary_semantic_capture,17,16,3.1232876712328768,True,True,True,0.4520547945205479,1.0
M1:511:4,511,M1,4,primary_semantic_capture,4,3,0.9452054794520548,False,False,True,0.3561643835616438,1.0
M1:511:5,511,M1,5,primary_semantic_capture,5,4,1.4246575342465753,True,True,True,0.547945205479452,1.0
M1:511:7,511,M1,7,primary_semantic_capture,26,25,1.8082191780821917,True,True,True,0.4383561643835616,1.0
M1:512:1,512,M1,1,primary_semantic_capture,31,30,2.84375,True,True,True,0.375,1.0
M1:512:2,512,M1,2,primary_semantic_capture,27,26,2.9375,True,True,True,0.21875,1.0
M1:513:0,513,M1,0,primary_semantic_capture,23,22,3.203125,True,True,True,0.34375,1.0
M1:513:1,513,M1,1,primary_semantic_capture,67,66,4.0,True,True,True,0.28125,1.0
M1:513:2,513,M1,2,primary_semantic_capture,90,89,4.140625,True,True,True,0.34375,1.0
M1:513:3,513,M1,3,primary_semantic_capture,59,58,3.8125,True,True,True,0.3125,1.0
M1:513:4,513,M1,4,primary_semantic_capture,9,8,2.40625,True,True,True,0.1875,1.0
M1:513:5,513,M1,5,primary_semantic_capture,26,25,1.75,True,True,True,0.140625,1.0
M1:513:7,513,M1,7,primary_semantic_capture,53,52,2.65625,True,True,True,0.234375,1.0
M1:514:1,514,M1,1,primary_semantic_capture,10,9,1.3928571428571428,True,True,True,0.017857142857142856,1.0
M1:514:2,514,M1,2,primary_semantic_capture,21,20,3.2142857142857144,True,True,True,0.017857142857142856,1.0
M1:514:3,514,M1,3,primary_semantic_capture,3,2,2.6964285714285716,True,True,True,0.23214285714285715,1.0
M1:514:3,514,M1,3,legacy_aligned_capture,4,3,2.7142857142857144,True,True,True,0.23214285714285715,1.0
M1:514:5,514,M1,5,primary_semantic_capture,46,45,2.767857142857143,True,True,True,0.125,1.0
M1:515:0,515,M1,0,primary_semantic_capture,3,2,2.1153846153846154,True,True,True,0.28846153846153844,1.0
M1:515:5,515,M1,5,primary_semantic_capture,13,12,1.0961538461538463,True,False,True,0.1346153846153846,1.0
M1:516:0,516,M1,0,primary_semantic_capture,17,16,1.8,True,True,True,0.5636363636363636,1.0
M1:516:2,516,M1,2,primary_semantic_capture,26,25,2.109090909090909,True,True,True,0.5818181818181818,1.0
M1:516:3,516,M1,3,primary_semantic_capture,14,13,1.5454545454545454,True,True,True,0.5272727272727272,1.0
M1:516:4,516,M1,4,primary_semantic_capture,6,5,1.8909090909090909,True,True,True,0.6909090909090909,1.0
M1:516:5,516,M1,5,primary_semantic_capture,37,36,1.9454545454545455,True,True,True,0.5454545454545454,1.0
M1:516:5,516,M1,5,legacy_aligned_capture,37,36,1.9454545454545455,True,True,True,0.5454545454545454,1.0
M1:516:6,516,M1,6,primary_semantic_capture,12,11,1.509090909090909,True,True,True,0.4909090909090909,1.0
M1:516:6,516,M1,6,legacy_aligned_capture,12,11,1.509090909090909,True,True,True,0.4909090909090909,1.0
M1:516:7,516,M1,7,primary_semantic_capture,16,15,1.3636363636363635,True,True,True,0.41818181818181815,1.0
M1:517:0,517,M1,0,primary_semantic_capture,1,0,1.5333333333333334,True,True,True,0.2,1.0
M1:517:3,517,M1,3,primary_semantic_capture,3,2,1.8666666666666667,True,True,True,0.23333333333333334,1.0
M1:517:3,517,M1,3,legacy_aligned_capture,3,2,1.8666666666666667,True,True,True,0.23333333333333334,1.0
M1:517:5,517,M1,5,primary_semantic_capture,3,2,1.7666666666666666,True,True,True,0.16666666666666666,1.0
M1:517:5,517,M1,5,legacy_aligned_capture,3,2,1.7666666666666666,True,True,True,0.16666666666666666,1.0
M1:519:1,519,M1,1,primary_semantic_capture,28,27,3.0,True,True,True,0.1,1.0
M1:519:3,519,M1,3,primary_semantic_capture,4,3,2.35,True,True,True,0.1,1.0
M1:519:3,519,M1,3,legacy_aligned_capture,4,3,2.35,True,True,True,0.1,1.0
M1:519:4,519,M1,4,primary_semantic_capture,14,13,3.3,True,True,,0.0,nan
M1:519:4,519,M1,4,legacy_aligned_capture,14,13,3.3,True,True,,0.0,nan
M1:519:5,519,M1,5,primary_semantic_capture,3,2,3.15,True,True,,0.0,nan
M1:519:5,519,M1,5,legacy_aligned_capture,3,2,3.15,True,True,,0.0,nan
M1:519:6,519,M1,6,primary_semantic_capture,3,2,2.8,True,True,True,0.2,1.0
M1:519:6,519,M1,6,legacy_aligned_capture,3,2,2.8,True,True,True,0.2,1.0
M1:519:7,519,M1,7,primary_semantic_capture,4,3,1.65,True,True,True,0.1,1.0
M1:520:0,520,M1,0,primary_semantic_capture,5,4,2.6481481481481484,True,True,True,0.2962962962962963,1.0
M1:520:0,520,M1,0,legacy_aligned_capture,5,4,2.6481481481481484,True,True,True,0.2962962962962963,1.0
M1:520:1,520,M1,1,primary_semantic_capture,30,29,3.037037037037037,True,True,True,0.25925925925925924,1.0
M1:520:3,520,M1,3,primary_semantic_capture,7,6,3.1296296296296298,True,True,True,0.14814814814814814,1.0
M1:520:4,520,M1,4,primary_semantic_capture,1,0,1.9444444444444444,True,True,True,0.25925925925925924,1.0
M1:520:4,520,M1,4,legacy_aligned_capture,1,0,1.9444444444444444,True,True,True,0.25925925925925924,1.0
M1:520:5,520,M1,5,primary_semantic_capture,5,4,2.740740740740741,True,True,True,0.2222222222222222,1.0
M1:520:6,520,M1,6,primary_semantic_capture,37,36,2.074074074074074,True,True,True,0.2777777777777778,1.0
M1:520:6,520,M1,6,legacy_aligned_capture,37,36,2.074074074074074,True,True,True,0.2777777777777778,1.0
M1:520:7,520,M1,7,primary_semantic_capture,52,51,3.1666666666666665,True,True,True,0.12962962962962962,1.0
M1:521:0,521,M1,0,primary_semantic_capture,6,5,1.6216216216216217,True,True,True,0.24324324324324326,1.0
M1:521:0,521,M1,0,legacy_aligned_capture,6,5,1.6216216216216217,True,True,True,0.24324324324324326,1.0
M1:521:1,521,M1,1,primary_semantic_capture,6,5,0.9054054054054054,False,False,False,0.13513513513513514,0.6666666666666666
M1:521:2,521,M1,2,primary_semantic_capture,18,17,1.7297297297297298,True,True,True,0.14864864864864866,1.0
M1:521:3,521,M1,3,primary_semantic_capture,8,7,2.2432432432432434,True,True,True,0.1891891891891892,1.0
M1:521:3,521,M1,3,legacy_aligned_capture,8,7,2.2432432432432434,True,True,True,0.1891891891891892,1.0
M1:521:4,521,M1,4,primary_semantic_capture,2,1,1.5405405405405406,True,True,True,0.10810810810810811,1.0
M1:521:4,521,M1,4,legacy_aligned_capture,2,1,1.5405405405405406,True,True,True,0.10810810810810811,1.0
M1:521:6,521,M1,6,primary_semantic_capture,11,10,0.8648648648648649,False,False,True,0.12162162162162163,1.0
M1:521:7,521,M1,7,primary_semantic_capture,23,22,1.7432432432432432,True,True,True,0.17567567567567569,1.0
M1:524:0,524,M1,0,primary_semantic_capture,2,1,1.044776119402985,True,False,True,0.08955223880597014,1.0
M1:524:1,524,M1,1,primary_semantic_capture,7,6,1.2985074626865671,True,True,True,0.16417910447761194,1.0
M1:524:1,524,M1,1,legacy_aligned_capture,7,6,1.2985074626865671,True,True,True,0.16417910447761194,1.0
M1:524:2,524,M1,2,primary_semantic_capture,1,0,1.537313432835821,True,True,True,0.1044776119402985,1.0
M1:524:2,524,M1,2,legacy_aligned_capture,1,0,1.537313432835821,True,True,True,0.1044776119402985,1.0
M1:524:3,524,M1,3,primary_semantic_capture,39,38,1.955223880597015,True,True,True,0.208955223880597,1.0
M1:524:4,524,M1,4,primary_semantic_capture,1,0,1.791044776119403,True,True,True,0.13432835820895522,1.0
M1:524:5,524,M1,5,primary_semantic_capture,22,21,1.164179104477612,True,False,True,0.1044776119402985,1.0
M1:524:6,524,M1,6,primary_semantic_capture,2,1,1.208955223880597,True,False,True,0.11940298507462686,1.0
M1:524:7,524,M1,7,primary_semantic_capture,20,19,2.283582089552239,True,True,True,0.1044776119402985,1.0
M1:525:0,525,M1,0,primary_semantic_capture,14,13,2.1,True,True,True,0.175,1.0
M1:525:1,525,M1,1,primary_semantic_capture,55,54,2.65,True,True,True,0.1,1.0
M1:526:4,526,M1,4,primary_semantic_capture,4,3,0.8,False,False,True,0.18666666666666668,1.0
M1:526:4,526,M1,4,legacy_aligned_capture,4,3,0.8,False,False,True,0.18666666666666668,1.0
M1:531:0,531,M1,0,primary_semantic_capture,14,13,2.197802197802198,True,True,True,0.2967032967032967,1.0
M1:531:1,531,M1,1,primary_semantic_capture,7,6,1.4615384615384615,True,True,True,0.23076923076923078,1.0
M1:531:1,531,M1,1,legacy_aligned_capture,7,6,1.4615384615384615,True,True,True,0.23076923076923078,1.0
M1:531:2,531,M1,2,primary_semantic_capture,3,2,1.6483516483516483,True,True,True,0.31868131868131866,1.0
M1:531:3,531,M1,3,primary_semantic_capture,1,0,1.120879120879121,True,False,False,0.21978021978021978,0.7142857142857143
M1:531:4,531,M1,4,primary_semantic_capture,8,7,1.3956043956043955,True,True,True,0.2087912087912088,1.0
M1:531:5,531,M1,5,primary_semantic_capture,5,4,2.791208791208791,True,True,True,0.38461538461538464,1.0
M1:531:6,531,M1,6,primary_semantic_capture,23,22,1.89010989010989,True,True,True,0.24175824175824176,1.0
M1:531:7,531,M1,7,primary_semantic_capture,3,2,2.967032967032967,True,True,True,0.12087912087912088,1.0
M1:533:3,533,M1,3,primary_semantic_capture,10,9,1.7727272727272727,True,True,True,0.7045454545454546,1.0
M1:533:5,533,M1,5,primary_semantic_capture,21,20,1.5681818181818181,True,True,True,0.5,1.0
M1:533:6,533,M1,6,primary_semantic_capture,30,29,1.9545454545454546,True,True,True,0.5227272727272727,1.0
M1:537:1,537,M1,1,primary_semantic_capture,2,1,2.4339622641509435,True,True,True,0.39622641509433965,1.0
M1:537:2,537,M1,2,primary_semantic_capture,26,25,2.5849056603773586,True,True,True,0.4716981132075472,1.0
M1:537:3,537,M1,3,primary_semantic_capture,6,5,1.3773584905660377,True,True,True,0.2641509433962264,1.0
M1:537:3,537,M1,3,legacy_aligned_capture,6,5,1.3773584905660377,True,True,True,0.2641509433962264,1.0
M1:537:6,537,M1,6,primary_semantic_capture,2,1,1.8867924528301887,True,True,True,0.32075471698113206,1.0
M1:537:7,537,M1,7,primary_semantic_capture,2,1,1.1320754716981132,True,False,True,0.2830188679245283,1.0
M1:538:5,538,M1,5,primary_semantic_capture,5,4,1.2820512820512822,True,True,True,0.2564102564102564,1.0
M1:539:0,539,M1,0,primary_semantic_capture,4,3,1.2083333333333333,True,False,True,0.16666666666666666,1.0
M1:539:1,539,M1,1,primary_semantic_capture,10,9,1.6388888888888888,True,True,True,0.1527777777777778,1.0
M1:539:1,539,M1,1,legacy_aligned_capture,10,9,1.6388888888888888,True,True,True,0.1527777777777778,1.0
M1:539:2,539,M1,2,primary_semantic_capture,42,41,2.0694444444444446,True,True,True,0.1388888888888889,1.0
M1:539:3,539,M1,3,primary_semantic_capture,3,2,0.6805555555555556,False,False,True,0.08333333333333333,1.0
M1:539:4,539,M1,4,primary_semantic_capture,1,0,2.1527777777777777,True,True,True,0.2222222222222222,1.0
M1:539:6,539,M1,6,primary_semantic_capture,2,1,1.1388888888888888,True,False,True,0.1111111111111111,1.0
M1:539:6,539,M1,6,legacy_aligned_capture,3,2,1.1527777777777777,True,False,True,0.1111111111111111,1.0
M1:539:7,539,M1,7,primary_semantic_capture,65,64,2.7222222222222223,True,True,True,0.25,1.0
M1:540:1,540,M1,1,primary_semantic_capture,80,79,3.234375,True,True,True,0.640625,1.0
M1:540:5,540,M1,5,primary_semantic_capture,26,25,2.390625,True,True,True,0.671875,1.0
M1:541:0,541,M1,0,primary_semantic_capture,34,33,2.3142857142857145,True,True,True,0.22857142857142856,1.0
M1:541:2,541,M1,2,primary_semantic_capture,6,5,2.0,True,True,True,0.2571428571428571,1.0
M1:541:3,541,M1,3,primary_semantic_capture,1,0,4.428571428571429,True,True,True,0.2571428571428571,1.0
M1:541:3,541,M1,3,legacy_aligned_capture,1,0,4.428571428571429,True,True,True,0.2571428571428571,1.0
M1:541:4,541,M1,4,primary_semantic_capture,13,12,2.3714285714285714,True,True,True,0.37142857142857144,1.0
M1:541:6,541,M1,6,primary_semantic_capture,4,3,2.2857142857142856,True,True,True,0.4,1.0
M1:541:7,541,M1,7,primary_semantic_capture,2,1,1.542857142857143,True,True,True,0.3142857142857143,1.0
M1:541:7,541,M1,7,legacy_aligned_capture,2,1,1.542857142857143,True,True,True,0.3142857142857143,1.0
M1:544:0,544,M1,0,primary_semantic_capture,9,8,1.0098039215686274,True,False,True,0.3431372549019608,1.0
M1:544:0,544,M1,0,legacy_aligned_capture,9,8,1.0098039215686274,True,False,True,0.3431372549019608,1.0
M1:544:1,544,M1,1,primary_semantic_capture,18,17,1.3235294117647058,True,True,True,0.3235294117647059,1.0
M1:544:1,544,M1,1,legacy_aligned_capture,18,17,1.3235294117647058,True,True,True,0.3235294117647059,1.0
M1:544:4,544,M1,4,primary_semantic_capture,5,4,0.9509803921568627,False,False,True,0.6274509803921569,1.0
M1:545:0,545,M1,0,primary_semantic_capture,2,1,0.9850746268656716,False,False,True,0.23880597014925373,1.0
M1:547:1,547,M1,1,primary_semantic_capture,14,13,1.144578313253012,True,False,True,0.24096385542168675,1.0
M1:547:2,547,M1,2,primary_semantic_capture,7,6,1.4819277108433735,True,True,True,0.40963855421686746,1.0
M1:547:2,547,M1,2,legacy_aligned_capture,7,6,1.4819277108433735,True,True,True,0.40963855421686746,1.0
M1:547:3,547,M1,3,primary_semantic_capture,3,2,1.9036144578313252,True,True,True,0.3132530120481928,1.0
M1:547:3,547,M1,3,legacy_aligned_capture,3,2,1.9036144578313252,True,True,True,0.3132530120481928,1.0
M1:547:5,547,M1,5,primary_semantic_capture,13,12,0.5060240963855421,False,False,True,0.1686746987951807,1.0
M1:547:5,547,M1,5,legacy_aligned_capture,29,28,0.6987951807228916,False,False,True,0.1686746987951807,1.0
M1:547:6,547,M1,6,primary_semantic_capture,13,12,1.4698795180722892,True,True,True,0.26506024096385544,1.0
M1:547:7,547,M1,7,primary_semantic_capture,9,8,1.6024096385542168,True,True,True,0.39759036144578314,1.0
M1:547:7,547,M1,7,legacy_aligned_capture,9,8,1.6024096385542168,True,True,True,0.39759036144578314,1.0
M1:548:0,548,M1,0,primary_semantic_capture,10,9,1.5957446808510638,True,True,,0.0,nan
M1:548:1,548,M1,1,primary_semantic_capture,10,9,1.0638297872340425,True,False,True,0.23404255319148937,1.0
M1:548:2,548,M1,2,primary_semantic_capture,15,14,1.2340425531914894,True,False,True,0.14893617021276595,1.0
M1:548:3,548,M1,3,primary_semantic_capture,31,30,1.8936170212765957,True,True,True,0.14893617021276595,1.0
M1:548:4,548,M1,4,primary_semantic_capture,4,3,2.5531914893617023,True,True,True,0.02127659574468085,1.0
M1:548:4,548,M1,4,legacy_aligned_capture,4,3,2.5531914893617023,True,True,True,0.02127659574468085,1.0
M1:548:5,548,M1,5,primary_semantic_capture,7,6,1.1702127659574468,True,False,True,0.0851063829787234,1.0
M1:548:7,548,M1,7,primary_semantic_capture,10,9,2.0425531914893615,True,True,True,0.2978723404255319,1.0
M1:549:7,549,M1,7,primary_semantic_capture,13,12,1.4067796610169492,True,True,True,0.3050847457627119,1.0
M1:550:2,550,M1,2,primary_semantic_capture,10,9,2.072289156626506,True,True,True,0.5662650602409639,1.0
M1:550:5,550,M1,5,primary_semantic_capture,56,55,2.8795180722891565,True,True,True,0.6144578313253012,1.0
M1:551:0,551,M1,0,primary_semantic_capture,15,14,1.3118279569892473,True,True,True,0.3548387096774194,1.0
M1:551:7,551,M1,7,primary_semantic_capture,5,4,1.4623655913978495,True,True,True,0.46236559139784944,1.0
M1:553:0,553,M1,0,primary_semantic_capture,12,11,1.9423076923076923,True,True,True,0.38461538461538464,1.0
M1:553:0,553,M1,0,legacy_aligned_capture,12,11,1.9423076923076923,True,True,True,0.38461538461538464,1.0
M1:553:1,553,M1,1,primary_semantic_capture,1,0,1.7884615384615385,True,True,True,0.23076923076923078,1.0
M1:553:1,553,M1,1,legacy_aligned_capture,1,0,1.7884615384615385,True,True,True,0.23076923076923078,1.0
M1:553:2,553,M1,2,primary_semantic_capture,13,12,2.076923076923077,True,True,True,0.38461538461538464,1.0
M1:553:3,553,M1,3,primary_semantic_capture,10,9,1.2692307692307692,True,True,True,0.25,1.0
M1:553:5,553,M1,5,primary_semantic_capture,23,22,1.6538461538461537,True,True,True,0.23076923076923078,1.0
M1:553:6,553,M1,6,primary_semantic_capture,28,27,1.9615384615384615,True,True,True,0.38461538461538464,1.0
M1:553:7,553,M1,7,primary_semantic_capture,6,5,1.2692307692307692,True,True,True,0.21153846153846154,1.0
M1:555:7,555,M1,7,primary_semantic_capture,3,2,1.725,True,True,True,0.475,1.0
M1:556:6,556,M1,6,primary_semantic_capture,1,0,0.875,False,False,True,0.15,1.0
M1:558:0,558,M1,0,primary_semantic_capture,42,41,1.7560975609756098,True,True,True,0.32926829268292684,1.0
M1:558:1,558,M1,1,primary_semantic_capture,6,5,0.7926829268292683,False,False,True,0.3170731707317073,1.0
M1:558:1,558,M1,1,legacy_aligned_capture,7,6,0.8048780487804879,False,False,True,0.3170731707317073,1.0
M1:558:2,558,M1,2,primary_semantic_capture,38,37,1.3048780487804879,True,True,True,0.4268292682926829,1.0
M1:558:3,558,M1,3,primary_semantic_capture,3,2,0.8780487804878049,False,False,True,0.25609756097560976,1.0
M1:558:4,558,M1,4,primary_semantic_capture,5,4,0.9390243902439024,False,False,True,0.4268292682926829,1.0
M1:558:5,558,M1,5,primary_semantic_capture,3,2,1.0,True,False,True,0.13414634146341464,1.0
M1:558:6,558,M1,6,primary_semantic_capture,57,56,1.5121951219512195,True,True,True,0.3048780487804878,1.0
M1:561:1,561,M1,1,primary_semantic_capture,20,19,1.2637362637362637,True,True,False,0.5824175824175825,0.9814814814814815
M1:563:1,563,M1,1,primary_semantic_capture,9,8,1.1428571428571428,True,False,True,0.2967032967032967,1.0
M1:563:2,563,M1,2,primary_semantic_capture,16,15,1.2307692307692308,True,False,True,0.24175824175824176,1.0
M1:563:5,563,M1,5,primary_semantic_capture,12,11,1.7142857142857142,True,True,True,0.2967032967032967,1.0
M1:563:7,563,M1,7,primary_semantic_capture,16,15,1.5384615384615385,True,True,True,0.34065934065934067,1.0
M1:566:0,566,M1,0,primary_semantic_capture,4,3,2.782608695652174,True,True,True,0.1956521739130435,1.0
M1:566:0,566,M1,0,legacy_aligned_capture,4,3,2.782608695652174,True,True,True,0.1956521739130435,1.0
M1:566:1,566,M1,1,primary_semantic_capture,7,6,1.7173913043478262,True,True,True,0.30434782608695654,1.0
M1:566:2,566,M1,2,primary_semantic_capture,40,39,2.9782608695652173,True,True,True,0.10869565217391304,1.0
M1:566:4,566,M1,4,primary_semantic_capture,15,14,3.717391304347826,True,True,True,0.21739130434782608,1.0
M1:566:5,566,M1,5,primary_semantic_capture,42,41,2.630434782608696,True,True,True,0.13043478260869565,1.0
M1:566:6,566,M1,6,primary_semantic_capture,54,53,2.8043478260869565,True,True,True,0.08695652173913043,1.0
M1:566:7,566,M1,7,primary_semantic_capture,9,8,2.391304347826087,True,True,True,0.2608695652173913,1.0
M1:567:6,567,M1,6,primary_semantic_capture,5,4,1.0303030303030303,True,False,True,0.6666666666666666,1.0
M1:567:6,567,M1,6,legacy_aligned_capture,5,4,1.0303030303030303,True,False,True,0.6666666666666666,1.0
M1:568:3,568,M1,3,primary_semantic_capture,3,2,1.9714285714285715,True,True,True,0.08571428571428572,1.0
M1:568:4,568,M1,4,primary_semantic_capture,2,1,2.057142857142857,True,True,,0.0,nan
M1:568:6,568,M1,6,primary_semantic_capture,1,0,3.1714285714285713,True,True,True,0.22857142857142856,1.0
M1:568:6,568,M1,6,legacy_aligned_capture,1,0,3.1714285714285713,True,True,True,0.22857142857142856,1.0
M1:569:0,569,M1,0,primary_semantic_capture,111,110,1.669291338582677,True,True,True,0.13385826771653545,1.0
M1:569:0,569,M1,0,legacy_aligned_capture,111,110,1.669291338582677,True,True,True,0.13385826771653545,1.0
M1:569:1,569,M1,1,primary_semantic_capture,5,4,1.1653543307086613,True,False,True,0.05511811023622047,1.0
M1:569:2,569,M1,2,primary_semantic_capture,7,6,0.7401574803149606,False,False,True,0.05511811023622047,1.0
M1:569:3,569,M1,3,primary_semantic_capture,1,0,0.5511811023622047,False,False,False,0.07874015748031496,0.625
M1:569:3,569,M1,3,legacy_aligned_capture,12,11,1.078740157480315,True,False,True,0.12598425196850394,1.0
M1:569:4,569,M1,4,primary_semantic_capture,1,0,0.7244094488188977,False,False,True,0.10236220472440945,1.0
M1:569:5,569,M1,5,primary_semantic_capture,32,31,1.3385826771653544,True,True,True,0.11023622047244094,1.0
M1:569:6,569,M1,6,primary_semantic_capture,1,0,0.7322834645669292,False,False,True,0.08661417322834646,1.0
M1:569:6,569,M1,6,legacy_aligned_capture,1,0,0.7322834645669292,False,False,True,0.08661417322834646,1.0
M1:569:7,569,M1,7,primary_semantic_capture,15,14,1.1968503937007875,True,False,True,0.11023622047244094,1.0
M1:570:0,570,M1,0,primary_semantic_capture,1,0,4.545454545454546,True,True,True,0.12121212121212122,1.0
M1:570:1,570,M1,1,primary_semantic_capture,10,9,2.0606060606060606,True,True,True,0.15151515151515152,1.0
M1:570:2,570,M1,2,primary_semantic_capture,2,1,2.4242424242424243,True,True,True,0.3333333333333333,1.0
M1:570:4,570,M1,4,primary_semantic_capture,2,1,3.515151515151515,True,True,True,0.2727272727272727,1.0
M1:570:6,570,M1,6,primary_semantic_capture,12,11,3.0606060606060606,True,True,True,0.2727272727272727,1.0
M1:571:7,571,M1,7,primary_semantic_capture,1,0,1.575,True,True,True,0.15,1.0
M1:572:5,572,M1,5,primary_semantic_capture,2,1,2.3793103448275863,True,True,True,0.3793103448275862,1.0
M1:573:3,573,M1,3,primary_semantic_capture,2,1,1.8415841584158417,True,True,True,0.18811881188118812,1.0
M1:576:0,576,M1,0,primary_semantic_capture,26,25,0.9036144578313253,False,False,True,0.1927710843373494,1.0
M1:576:0,576,M1,0,legacy_aligned_capture,26,25,0.9036144578313253,False,False,True,0.1927710843373494,1.0
M1:576:2,576,M1,2,primary_semantic_capture,3,2,1.1325301204819278,True,False,True,0.0963855421686747,1.0
M1:576:3,576,M1,3,primary_semantic_capture,3,2,0.9397590361445783,False,False,True,0.0963855421686747,1.0
M1:576:5,576,M1,5,primary_semantic_capture,11,10,0.8313253012048193,False,False,True,0.1927710843373494,1.0
M1:576:6,576,M1,6,primary_semantic_capture,12,11,1.2048192771084338,True,False,True,0.1927710843373494,1.0
M1:576:7,576,M1,7,primary_semantic_capture,27,26,2.2650602409638556,True,True,True,0.1927710843373494,1.0
M1:578:4,578,M1,4,primary_semantic_capture,5,4,3.259259259259259,True,True,True,0.48148148148148145,1.0
M1:578:4,578,M1,4,legacy_aligned_capture,5,4,3.259259259259259,True,True,True,0.48148148148148145,1.0
M1:581:4,581,M1,4,primary_semantic_capture,69,68,3.5098039215686274,True,True,True,0.29411764705882354,1.0
M1:584:6,584,M1,6,primary_semantic_capture,1,0,2.2142857142857144,True,True,True,0.6190476190476191,1.0
M1:585:1,585,M1,1,primary_semantic_capture,12,11,3.40625,True,True,True,0.296875,1.0
M1:585:2,585,M1,2,primary_semantic_capture,4,3,1.59375,True,True,True,0.09375,1.0
M1:585:3,585,M1,3,primary_semantic_capture,3,2,1.8125,True,True,True,0.109375,1.0
M1:585:4,585,M1,4,primary_semantic_capture,1,0,0.984375,False,False,True,0.171875,1.0
M1:585:5,585,M1,5,primary_semantic_capture,2,1,2.0,True,True,True,0.15625,1.0
M1:585:7,585,M1,7,primary_semantic_capture,11,10,1.375,True,True,True,0.0625,1.0
M1:586:7,586,M1,7,primary_semantic_capture,10,9,1.5555555555555556,True,True,True,0.4444444444444444,1.0
M1:587:0,587,M1,0,primary_semantic_capture,3,2,1.3908045977011494,True,True,True,0.3448275862068966,1.0
M1:587:2,587,M1,2,primary_semantic_capture,25,24,1.2528735632183907,True,True,True,0.21839080459770116,1.0
M1:587:5,587,M1,5,primary_semantic_capture,12,11,1.471264367816092,True,True,True,0.3333333333333333,1.0
M1:587:5,587,M1,5,legacy_aligned_capture,12,11,1.471264367816092,True,True,True,0.3333333333333333,1.0
M1:587:6,587,M1,6,primary_semantic_capture,4,3,1.367816091954023,True,True,True,0.26436781609195403,1.0
M1:588:0,588,M1,0,primary_semantic_capture,10,9,1.6956521739130435,True,True,True,0.5,1.0
M1:588:3,588,M1,3,primary_semantic_capture,8,7,1.3695652173913044,True,True,True,0.4782608695652174,1.0
M1:589:1,589,M1,1,primary_semantic_capture,1,0,1.411764705882353,True,True,True,0.21568627450980393,1.0
M1:589:5,589,M1,5,primary_semantic_capture,4,3,1.5490196078431373,True,True,True,0.27450980392156865,1.0
M1:590:1,590,M1,1,primary_semantic_capture,11,10,2.341463414634146,True,True,True,0.24390243902439024,1.0
M1:590:3,590,M1,3,primary_semantic_capture,15,14,1.2682926829268293,True,True,True,0.14634146341463414,1.0
M1:590:6,590,M1,6,primary_semantic_capture,6,5,1.8048780487804879,True,True,True,0.07317073170731707,1.0
M1:591:2,591,M1,2,primary_semantic_capture,76,75,5.5,True,True,True,0.325,1.0
M1:591:4,591,M1,4,primary_semantic_capture,3,2,2.025,True,True,True,0.075,1.0
M1:591:7,591,M1,7,primary_semantic_capture,1,0,3.25,True,True,True,0.15,1.0
M1:591:7,591,M1,7,legacy_aligned_capture,1,0,3.25,True,True,True,0.15,1.0
M1:592:0,592,M1,0,primary_semantic_capture,2,1,0.4507042253521127,False,False,True,0.11267605633802817,1.0
M1:592:0,592,M1,0,legacy_aligned_capture,2,1,0.4507042253521127,False,False,True,0.11267605633802817,1.0
M1:592:1,592,M1,1,primary_semantic_capture,12,11,0.7183098591549296,False,False,True,0.09859154929577464,1.0
M1:592:2,592,M1,2,primary_semantic_capture,4,3,0.5211267605633803,False,False,True,0.1267605633802817,1.0
M1:592:3,592,M1,3,primary_semantic_capture,6,5,0.4647887323943662,False,False,True,0.07042253521126761,1.0
M1:592:3,592,M1,3,legacy_aligned_capture,8,7,0.49295774647887325,False,False,True,0.07042253521126761,1.0
M1:592:4,592,M1,4,primary_semantic_capture,43,42,0.9295774647887324,False,False,True,0.11267605633802817,1.0
M1:592:5,592,M1,5,primary_semantic_capture,6,5,0.8732394366197183,False,False,True,0.14084507042253522,1.0
M1:592:6,592,M1,6,primary_semantic_capture,2,1,0.352112676056338,False,False,True,0.11267605633802817,1.0
M1:592:7,592,M1,7,primary_semantic_capture,23,22,1.1830985915492958,True,False,True,0.1267605633802817,1.0
M1:594:0,594,M1,0,primary_semantic_capture,16,15,2.65,True,True,True,0.575,1.0
M1:594:2,594,M1,2,primary_semantic_capture,10,9,2.45,True,True,True,0.65,1.0
M1:594:3,594,M1,3,primary_semantic_capture,10,9,1.75,True,True,True,0.525,1.0
M1:594:3,594,M1,3,legacy_aligned_capture,10,9,1.75,True,True,True,0.525,1.0
M1:594:5,594,M1,5,primary_semantic_capture,24,23,2.525,True,True,True,0.475,1.0
M1:594:7,594,M1,7,primary_semantic_capture,15,14,2.25,True,True,True,0.675,1.0
M1:595:0,595,M1,0,primary_semantic_capture,18,17,1.5862068965517242,True,True,True,0.034482758620689655,1.0
M1:595:1,595,M1,1,primary_semantic_capture,6,5,1.3103448275862069,True,True,,0.0,nan
M1:595:3,595,M1,3,primary_semantic_capture,15,14,2.103448275862069,True,True,True,0.034482758620689655,1.0
M1:596:1,596,M1,1,primary_semantic_capture,8,7,2.586206896551724,True,True,True,0.8275862068965517,1.0
M1:596:1,596,M1,1,legacy_aligned_capture,8,7,2.586206896551724,True,True,True,0.8275862068965517,1.0
M1:596:3,596,M1,3,primary_semantic_capture,11,10,3.0689655172413794,True,True,True,0.5172413793103449,1.0
M1:596:3,596,M1,3,legacy_aligned_capture,11,10,3.0689655172413794,True,True,True,0.5172413793103449,1.0
M1:596:5,596,M1,5,primary_semantic_capture,6,5,2.3448275862068964,True,True,True,0.6896551724137931,1.0
M1:596:6,596,M1,6,primary_semantic_capture,17,16,3.1724137931034484,True,True,True,0.5517241379310345,1.0
M1:597:2,597,M1,2,primary_semantic_capture,11,10,3.8507462686567164,True,True,True,0.34328358208955223,1.0
M1:597:2,597,M1,2,legacy_aligned_capture,11,10,3.8507462686567164,True,True,True,0.34328358208955223,1.0
M1:600:1,600,M1,1,primary_semantic_capture,3,2,1.1636363636363636,True,False,True,0.21818181818181817,1.0
M1:600:2,600,M1,2,primary_semantic_capture,12,11,1.5636363636363637,True,True,True,0.3090909090909091,1.0
M1:600:3,600,M1,3,primary_semantic_capture,21,20,1.8545454545454545,True,True,True,0.3090909090909091,1.0
M1:600:6,600,M1,6,primary_semantic_capture,25,24,1.4545454545454546,True,True,True,0.2909090909090909,1.0
M1:601:1,601,M1,1,primary_semantic_capture,7,6,2.06,True,True,True,0.68,1.0
M1:602:1,602,M1,1,primary_semantic_capture,4,3,1.0,True,False,True,0.16393442622950818,1.0
M1:602:1,602,M1,1,legacy_aligned_capture,4,3,1.0,True,False,True,0.16393442622950818,1.0
M1:603:0,603,M1,0,primary_semantic_capture,9,8,1.8387096774193548,True,True,True,0.6129032258064516,1.0
M1:604:0,604,M1,0,primary_semantic_capture,11,10,1.626984126984127,True,True,True,0.31746031746031744,1.0
M1:604:1,604,M1,1,primary_semantic_capture,9,8,0.9047619047619048,False,False,True,0.2857142857142857,1.0
M1:604:2,604,M1,2,primary_semantic_capture,7,6,0.9523809523809523,False,False,True,0.4444444444444444,1.0
M1:604:7,604,M1,7,primary_semantic_capture,7,6,0.6190476190476191,False,False,True,0.21428571428571427,1.0
M1:605:1,605,M1,1,primary_semantic_capture,4,3,1.303921568627451,True,True,True,0.21568627450980393,1.0
M1:605:2,605,M1,2,primary_semantic_capture,10,9,1.2254901960784315,True,False,True,0.21568627450980393,1.0
M1:605:3,605,M1,3,primary_semantic_capture,1,0,0.7745098039215687,False,False,True,0.22549019607843138,1.0
M1:605:4,605,M1,4,primary_semantic_capture,13,12,1.2156862745098038,True,False,True,0.24509803921568626,1.0
M1:605:5,605,M1,5,primary_semantic_capture,10,9,1.7647058823529411,True,True,True,0.16666666666666666,1.0
M1:605:5,605,M1,5,legacy_aligned_capture,11,10,1.7745098039215685,True,True,True,0.16666666666666666,1.0
M1:605:7,605,M1,7,primary_semantic_capture,3,2,0.696078431372549,False,False,True,0.09803921568627451,1.0
M1:606:1,606,M1,1,primary_semantic_capture,10,9,1.8333333333333333,True,True,True,0.2857142857142857,1.0
M1:606:3,606,M1,3,primary_semantic_capture,9,8,2.7857142857142856,True,True,True,0.5238095238095238,1.0
M1:608:0,608,M1,0,primary_semantic_capture,6,5,1.289855072463768,True,True,True,0.391304347826087,1.0
M1:608:2,608,M1,2,primary_semantic_capture,11,10,1.289855072463768,True,True,True,0.5797101449275363,1.0
M1:608:4,608,M1,4,primary_semantic_capture,1,0,1.0869565217391304,True,False,True,0.5362318840579711,1.0
M1:609:0,609,M1,0,primary_semantic_capture,19,18,1.2619047619047619,True,True,True,0.5238095238095238,1.0
M1:609:1,609,M1,1,primary_semantic_capture,8,7,1.2380952380952381,True,False,True,0.47619047619047616,1.0
M1:609:2,609,M1,2,primary_semantic_capture,32,31,1.9047619047619047,True,True,True,0.4880952380952381,1.0
M1:609:3,609,M1,3,primary_semantic_capture,4,3,0.8690476190476191,False,False,True,0.5595238095238095,1.0
M1:609:4,609,M1,4,primary_semantic_capture,7,6,1.2738095238095237,True,True,True,0.40476190476190477,1.0
M1:609:5,609,M1,5,primary_semantic_capture,16,15,1.25,True,True,True,0.5595238095238095,1.0
M1:609:6,609,M1,6,primary_semantic_capture,5,4,1.5833333333333333,True,True,True,0.6071428571428571,1.0
M1:609:7,609,M1,7,primary_semantic_capture,7,6,1.2261904761904763,True,False,True,0.5119047619047619,1.0
M1:610:1,610,M1,1,primary_semantic_capture,2,1,2.0140845070422535,True,True,True,0.16901408450704225,1.0
M1:610:2,610,M1,2,primary_semantic_capture,9,8,1.2253521126760563,True,False,True,0.14084507042253522,1.0
M1:610:3,610,M1,3,primary_semantic_capture,29,28,2.4225352112676055,True,True,True,0.14084507042253522,1.0
M1:610:4,610,M1,4,primary_semantic_capture,7,6,1.4507042253521127,True,True,True,0.2112676056338028,1.0
M1:610:5,610,M1,5,primary_semantic_capture,5,4,4.098591549295775,True,True,True,0.18309859154929578,1.0
M1:610:6,610,M1,6,primary_semantic_capture,11,10,1.3661971830985915,True,True,True,0.1267605633802817,1.0
M1:610:7,610,M1,7,primary_semantic_capture,1,0,0.9859154929577465,False,False,True,0.1267605633802817,1.0
M1:612:0,612,M1,0,primary_semantic_capture,38,37,0.7672413793103449,False,False,True,0.25862068965517243,1.0
M1:612:6,612,M1,6,primary_semantic_capture,25,24,0.8620689655172413,False,False,True,0.3275862068965517,1.0
M1:612:7,612,M1,7,primary_semantic_capture,3,2,0.5862068965517241,False,False,True,0.3017241379310345,1.0
M1:614:2,614,M1,2,primary_semantic_capture,16,15,1.2096774193548387,True,False,True,0.3709677419354839,1.0
M1:614:4,614,M1,4,primary_semantic_capture,11,10,1.0161290322580645,True,False,True,0.2903225806451613,1.0
M1:614:5,614,M1,5,primary_semantic_capture,32,31,1.5,True,True,True,0.3709677419354839,1.0
M1:614:7,614,M1,7,primary_semantic_capture,23,22,1.7096774193548387,True,True,True,0.3870967741935484,1.0
M1:615:3,615,M1,3,primary_semantic_capture,21,20,1.6515151515151516,True,True,True,0.3181818181818182,1.0
M1:616:1,616,M1,1,primary_semantic_capture,3,2,1.0,True,False,True,0.1267605633802817,1.0
M1:616:1,616,M1,1,legacy_aligned_capture,3,2,1.0,True,False,True,0.1267605633802817,1.0
M1:616:2,616,M1,2,primary_semantic_capture,2,1,0.7746478873239436,False,False,True,0.14084507042253522,1.0
M1:616:3,616,M1,3,primary_semantic_capture,31,30,2.084507042253521,True,True,True,0.1267605633802817,1.0
M1:616:4,616,M1,4,primary_semantic_capture,6,5,1.5492957746478873,True,True,True,0.323943661971831,1.0
M1:616:5,616,M1,5,primary_semantic_capture,46,45,1.7746478873239437,True,True,True,0.15492957746478872,1.0
M1:616:7,616,M1,7,primary_semantic_capture,5,4,1.732394366197183,True,True,True,0.1267605633802817,1.0
M1:617:0,617,M1,0,primary_semantic_capture,20,19,2.037974683544304,True,True,True,0.24050632911392406,1.0
M1:617:1,617,M1,1,primary_semantic_capture,12,11,1.1012658227848102,True,False,True,0.1518987341772152,1.0
M1:617:2,617,M1,2,primary_semantic_capture,27,26,1.7341772151898733,True,True,True,0.3291139240506329,1.0
M1:617:3,617,M1,3,primary_semantic_capture,31,30,1.6329113924050633,True,True,True,0.08860759493670886,1.0
M1:617:4,617,M1,4,primary_semantic_capture,16,15,1.2658227848101267,True,True,True,0.20253164556962025,1.0
M1:617:5,617,M1,5,primary_semantic_capture,11,10,1.6075949367088607,True,True,True,0.26582278481012656,1.0
M1:617:6,617,M1,6,primary_semantic_capture,22,21,0.9113924050632911,False,False,True,0.12658227848101267,1.0
M1:617:7,617,M1,7,primary_semantic_capture,53,52,1.759493670886076,True,True,True,0.12658227848101267,1.0
M1:619:1,619,M1,1,primary_semantic_capture,8,7,1.78125,True,True,True,0.8125,1.0
M1:619:6,619,M1,6,primary_semantic_capture,37,36,4.78125,True,True,True,0.53125,1.0
M1:620:0,620,M1,0,primary_semantic_capture,1,0,0.8208955223880597,False,False,False,0.34328358208955223,0.9583333333333334
M1:620:2,620,M1,2,primary_semantic_capture,22,21,1.7761194029850746,True,True,True,0.40298507462686567,1.0
M1:620:3,620,M1,3,primary_semantic_capture,3,2,0.9253731343283582,False,False,True,0.19402985074626866,1.0
M1:620:3,620,M1,3,legacy_aligned_capture,3,2,0.9253731343283582,False,False,True,0.19402985074626866,1.0
M1:620:5,620,M1,5,primary_semantic_capture,31,30,1.955223880597015,True,True,True,0.3283582089552239,1.0
M1:620:6,620,M1,6,primary_semantic_capture,32,31,3.7313432835820897,True,True,True,0.3880597014925373,1.0
M1:620:7,620,M1,7,primary_semantic_capture,6,5,1.3432835820895523,True,True,True,0.34328358208955223,1.0
M1:624:1,624,M1,1,primary_semantic_capture,33,32,1.1014492753623188,True,False,True,0.15942028985507245,1.0
M1:624:5,624,M1,5,primary_semantic_capture,62,61,1.8985507246376812,True,True,True,0.11594202898550725,1.0
M1:624:6,624,M1,6,primary_semantic_capture,10,9,1.608695652173913,True,True,True,0.14492753623188406,1.0
M1:624:7,624,M1,7,primary_semantic_capture,14,13,1.2608695652173914,True,True,True,0.21739130434782608,1.0
M1:625:4,625,M1,4,primary_semantic_capture,6,5,3.282051282051282,True,True,True,0.38461538461538464,1.0
M1:625:5,625,M1,5,primary_semantic_capture,3,2,1.4615384615384615,True,True,True,0.15384615384615385,1.0
M1:625:5,625,M1,5,legacy_aligned_capture,15,14,1.7692307692307692,True,True,True,0.15384615384615385,1.0
M1:625:7,625,M1,7,primary_semantic_capture,1,0,2.4358974358974357,True,True,True,0.3076923076923077,1.0
M1:627:0,627,M1,0,primary_semantic_capture,12,11,2.066666666666667,True,True,False,0.4888888888888889,0.88
M1:627:1,627,M1,1,primary_semantic_capture,4,3,2.422222222222222,True,True,True,0.6444444444444445,1.0
M1:627:3,627,M1,3,primary_semantic_capture,4,3,2.533333333333333,True,True,True,0.37777777777777777,1.0
M1:627:3,627,M1,3,legacy_aligned_capture,4,3,2.533333333333333,True,True,True,0.37777777777777777,1.0
M1:627:4,627,M1,4,primary_semantic_capture,2,1,2.7777777777777777,True,True,True,0.5111111111111111,1.0
M1:627:6,627,M1,6,primary_semantic_capture,2,1,2.2444444444444445,True,True,True,0.6,1.0
M1:628:1,628,M1,1,primary_semantic_capture,13,12,2.3214285714285716,True,True,True,0.35714285714285715,1.0
M1:628:2,628,M1,2,primary_semantic_capture,1,0,3.0357142857142856,True,True,True,0.35714285714285715,1.0
M1:628:2,628,M1,2,legacy_aligned_capture,1,0,3.0357142857142856,True,True,True,0.35714285714285715,1.0
M1:628:4,628,M1,4,primary_semantic_capture,27,26,8.642857142857142,True,True,True,0.5357142857142857,1.0
M1:628:7,628,M1,7,primary_semantic_capture,57,56,4.357142857142857,True,True,True,0.42857142857142855,1.0
M1:629:0,629,M1,0,primary_semantic_capture,18,17,1.7547169811320755,True,True,True,0.6037735849056604,1.0
M1:629:1,629,M1,1,primary_semantic_capture,35,34,1.9433962264150944,True,True,True,0.2830188679245283,1.0
M1:629:2,629,M1,2,primary_semantic_capture,73,72,2.0943396226415096,True,True,True,0.37735849056603776,1.0
M1:629:3,629,M1,3,primary_semantic_capture,53,52,2.150943396226415,True,True,True,0.3584905660377358,1.0
M1:629:4,629,M1,4,primary_semantic_capture,19,18,1.2830188679245282,True,True,True,0.2830188679245283,1.0
M1:629:5,629,M1,5,primary_semantic_capture,24,23,1.7547169811320755,True,True,True,0.3018867924528302,1.0
M1:629:6,629,M1,6,primary_semantic_capture,15,14,1.169811320754717,True,False,True,0.24528301886792453,1.0
M1:631:0,631,M1,0,primary_semantic_capture,19,18,1.2361111111111112,True,False,True,0.2916666666666667,1.0
M1:631:1,631,M1,1,primary_semantic_capture,33,32,1.0,True,False,True,0.2361111111111111,1.0
M1:631:3,631,M1,3,primary_semantic_capture,27,26,1.3055555555555556,True,True,True,0.4861111111111111,1.0
M1:631:4,631,M1,4,primary_semantic_capture,45,44,1.8888888888888888,True,True,True,0.3055555555555556,1.0
M1:631:7,631,M1,7,primary_semantic_capture,6,5,1.1527777777777777,True,False,True,0.25,1.0
M1:632:0,632,M1,0,primary_semantic_capture,12,11,2.575,True,True,True,0.175,1.0
M1:632:1,632,M1,1,primary_semantic_capture,48,47,4.825,True,True,True,0.175,1.0
M1:632:2,632,M1,2,primary_semantic_capture,12,11,2.525,True,True,True,0.35,1.0
M1:632:3,632,M1,3,primary_semantic_capture,18,17,3.025,True,True,True,0.35,1.0
M1:632:4,632,M1,4,primary_semantic_capture,30,29,3.025,True,True,True,0.375,1.0
M1:632:5,632,M1,5,primary_semantic_capture,4,3,1.775,True,True,True,0.3,1.0
M1:632:6,632,M1,6,primary_semantic_capture,7,6,2.3,True,True,True,0.075,1.0
M1:632:7,632,M1,7,primary_semantic_capture,1,0,2.0,True,True,True,0.25,1.0
M1:633:1,633,M1,1,primary_semantic_capture,2,1,2.1818181818181817,True,True,True,0.09090909090909091,1.0
M1:633:1,633,M1,1,legacy_aligned_capture,4,3,2.272727272727273,True,True,True,0.09090909090909091,1.0
M1:635:0,635,M1,0,primary_semantic_capture,19,18,2.046153846153846,True,True,True,0.4153846153846154,1.0
M1:635:0,635,M1,0,legacy_aligned_capture,19,18,2.046153846153846,True,True,True,0.4153846153846154,1.0
M1:635:1,635,M1,1,primary_semantic_capture,4,3,1.0615384615384615,True,False,True,0.23076923076923078,1.0
M1:635:3,635,M1,3,primary_semantic_capture,7,6,1.676923076923077,True,True,True,0.15384615384615385,1.0
M1:635:3,635,M1,3,legacy_aligned_capture,7,6,1.676923076923077,True,True,True,0.15384615384615385,1.0
M1:635:4,635,M1,4,primary_semantic_capture,12,11,1.2,True,False,True,0.24615384615384617,1.0
M1:635:6,635,M1,6,primary_semantic_capture,3,2,1.7692307692307692,True,True,True,0.13846153846153847,1.0
M1:636:3,636,M1,3,primary_semantic_capture,27,26,2.3783783783783785,True,True,True,0.32432432432432434,1.0
M1:636:6,636,M1,6,primary_semantic_capture,1,0,1.1891891891891893,True,False,False,0.05405405405405406,0.18181818181818182
M1:637:5,637,M1,5,primary_semantic_capture,5,4,3.3636363636363638,True,True,True,0.24242424242424243,1.0
M1:640:5,640,M1,5,primary_semantic_capture,2,1,2.155844155844156,True,True,True,0.42857142857142855,1.0
M1:642:0,642,M1,0,primary_semantic_capture,24,23,5.147058823529412,True,True,True,0.5882352941176471,1.0
M1:642:2,642,M1,2,primary_semantic_capture,22,21,2.7058823529411766,True,True,True,0.5294117647058824,1.0
M1:642:5,642,M1,5,primary_semantic_capture,7,6,1.411764705882353,True,True,True,0.2647058823529412,1.0
M1:642:5,642,M1,5,legacy_aligned_capture,7,6,1.411764705882353,True,True,True,0.2647058823529412,1.0
M1:642:6,642,M1,6,primary_semantic_capture,18,17,3.588235294117647,True,True,True,0.5294117647058824,1.0
M1:642:7,642,M1,7,primary_semantic_capture,12,11,2.3823529411764706,True,True,True,0.5,1.0
M1:644:0,644,M1,0,primary_semantic_capture,43,42,1.9710144927536233,True,True,True,0.13043478260869565,1.0
M1:644:6,644,M1,6,primary_semantic_capture,6,5,1.318840579710145,True,True,True,0.2463768115942029,1.0
M1:644:6,644,M1,6,legacy_aligned_capture,6,5,1.318840579710145,True,True,True,0.2463768115942029,1.0
M1:644:7,644,M1,7,primary_semantic_capture,4,3,1.3043478260869565,True,True,True,0.2463768115942029,1.0
M1:645:1,645,M1,1,primary_semantic_capture,38,37,1.5432098765432098,True,True,True,0.4074074074074074,1.0
M1:645:7,645,M1,7,primary_semantic_capture,5,4,1.037037037037037,True,False,True,0.25925925925925924,1.0
M1:645:7,645,M1,7,legacy_aligned_capture,5,4,1.037037037037037,True,False,True,0.25925925925925924,1.0
M1:647:0,647,M1,0,primary_semantic_capture,16,15,1.0681818181818181,True,False,True,0.36363636363636365,1.0
M1:647:3,647,M1,3,primary_semantic_capture,16,15,1.4090909090909092,True,True,True,0.3409090909090909,1.0
M1:647:5,647,M1,5,primary_semantic_capture,6,5,1.1363636363636365,True,False,True,0.3409090909090909,1.0
M1:647:7,647,M1,7,primary_semantic_capture,7,6,1.0681818181818181,True,False,True,0.36363636363636365,1.0
M1:648:2,648,M1,2,primary_semantic_capture,80,79,5.571428571428571,True,True,True,0.21428571428571427,1.0
M1:649:0,649,M1,0,primary_semantic_capture,10,9,1.4461538461538461,True,True,True,0.8923076923076924,1.0
M1:649:7,649,M1,7,primary_semantic_capture,7,6,1.4615384615384615,True,True,True,0.8769230769230769,1.0
M1:651:0,651,M1,0,primary_semantic_capture,15,14,1.1506849315068493,True,False,True,0.1506849315068493,1.0
M1:651:1,651,M1,1,primary_semantic_capture,10,9,0.958904109589041,False,False,True,0.0821917808219178,1.0
M1:651:1,651,M1,1,legacy_aligned_capture,11,10,0.9726027397260274,False,False,True,0.0821917808219178,1.0
M1:651:2,651,M1,2,primary_semantic_capture,2,1,1.0136986301369864,True,False,True,0.0821917808219178,1.0
M1:651:3,651,M1,3,primary_semantic_capture,1,0,1.5342465753424657,True,True,True,0.0273972602739726,1.0
M1:651:4,651,M1,4,primary_semantic_capture,1,0,1.7808219178082192,True,True,True,0.2876712328767123,1.0
M1:651:5,651,M1,5,primary_semantic_capture,17,16,1.1232876712328768,True,False,True,0.273972602739726,1.0
M1:651:6,651,M1,6,primary_semantic_capture,15,14,1.643835616438356,True,True,True,0.1643835616438356,1.0
M1:651:7,651,M1,7,primary_semantic_capture,8,7,1.0136986301369864,True,False,True,0.1506849315068493,1.0
M1:652:1,652,M1,1,primary_semantic_capture,26,25,1.5257731958762886,True,True,True,0.36082474226804123,1.0
M1:652:2,652,M1,2,primary_semantic_capture,30,29,2.0721649484536084,True,True,True,0.28865979381443296,1.0
M1:652:3,652,M1,3,primary_semantic_capture,3,2,1.6804123711340206,True,True,True,0.29896907216494845,1.0
M1:652:4,652,M1,4,primary_semantic_capture,13,12,1.865979381443299,True,True,True,0.5876288659793815,1.0
M1:652:4,652,M1,4,legacy_aligned_capture,13,12,1.865979381443299,True,True,True,0.5876288659793815,1.0
M1:652:5,652,M1,5,primary_semantic_capture,10,9,2.0618556701030926,True,True,True,0.18556701030927836,1.0
M1:652:6,652,M1,6,primary_semantic_capture,9,8,1.3711340206185567,True,True,True,0.18556701030927836,1.0
M1:653:0,653,M1,0,primary_semantic_capture,7,6,1.164179104477612,True,False,True,0.31343283582089554,1.0
M1:653:0,653,M1,0,legacy_aligned_capture,7,6,1.164179104477612,True,False,True,0.31343283582089554,1.0
M1:653:4,653,M1,4,primary_semantic_capture,2,1,0.9253731343283582,False,False,True,0.208955223880597,1.0
M1:653:7,653,M1,7,primary_semantic_capture,8,7,1.164179104477612,True,False,True,0.3582089552238806,1.0
M1:653:7,653,M1,7,legacy_aligned_capture,8,7,1.164179104477612,True,False,True,0.3582089552238806,1.0
M1:654:1,654,M1,1,primary_semantic_capture,3,2,2.814814814814815,True,True,True,0.37037037037037035,1.0
M1:654:3,654,M1,3,primary_semantic_capture,5,4,2.888888888888889,True,True,True,0.4074074074074074,1.0
M1:654:3,654,M1,3,legacy_aligned_capture,5,4,2.888888888888889,True,True,True,0.4074074074074074,1.0
M1:654:4,654,M1,4,primary_semantic_capture,1,0,1.2222222222222223,True,False,False,0.3333333333333333,0.6
M1:654:6,654,M1,6,primary_semantic_capture,12,11,3.5555555555555554,True,True,True,0.7037037037037037,1.0
M1:654:7,654,M1,7,primary_semantic_capture,1,0,2.4074074074074074,True,True,True,0.4074074074074074,1.0
M1:655:4,655,M1,4,primary_semantic_capture,10,9,1.305084745762712,True,True,True,0.4915254237288136,1.0
M1:655:5,655,M1,5,primary_semantic_capture,1,0,0.6271186440677966,False,False,True,0.288135593220339,1.0
M1:655:6,655,M1,6,primary_semantic_capture,3,2,1.3389830508474576,True,True,True,0.559322033898305,1.0
M1:656:0,656,M1,0,primary_semantic_capture,11,10,2.5121951219512195,True,True,True,0.04878048780487805,1.0
M1:656:3,656,M1,3,primary_semantic_capture,10,9,2.0,True,True,True,0.14634146341463414,1.0
M1:656:4,656,M1,4,primary_semantic_capture,5,4,2.682926829268293,True,True,True,0.3170731707317073,1.0
M1:656:7,656,M1,7,primary_semantic_capture,2,1,1.4146341463414633,True,True,True,0.0975609756097561,1.0
M1:657:0,657,M1,0,primary_semantic_capture,6,5,2.511627906976744,True,True,True,0.13953488372093023,1.0
M1:657:1,657,M1,1,primary_semantic_capture,1,0,2.395348837209302,True,True,True,0.20930232558139536,1.0
M1:657:2,657,M1,2,primary_semantic_capture,2,1,2.7209302325581395,True,True,True,0.16279069767441862,1.0
M1:657:3,657,M1,3,primary_semantic_capture,3,2,3.372093023255814,True,True,True,0.5116279069767442,1.0
M1:657:3,657,M1,3,legacy_aligned_capture,3,2,3.372093023255814,True,True,True,0.5116279069767442,1.0
M1:657:4,657,M1,4,primary_semantic_capture,8,7,1.9069767441860466,True,True,True,0.18604651162790697,1.0
M1:657:5,657,M1,5,primary_semantic_capture,8,7,2.558139534883721,True,True,True,0.18604651162790697,1.0
M1:657:5,657,M1,5,legacy_aligned_capture,12,11,2.6511627906976742,True,True,True,0.18604651162790697,1.0
M1:657:6,657,M1,6,primary_semantic_capture,8,7,1.9534883720930232,True,True,True,0.27906976744186046,1.0
M1:657:7,657,M1,7,primary_semantic_capture,6,5,1.744186046511628,True,True,True,0.13953488372093023,1.0
M1:657:7,657,M1,7,legacy_aligned_capture,6,5,1.744186046511628,True,True,True,0.13953488372093023,1.0
M1:658:1,658,M1,1,primary_semantic_capture,7,6,3.2142857142857144,True,True,True,0.21428571428571427,1.0
M1:658:1,658,M1,1,legacy_aligned_capture,7,6,3.2142857142857144,True,True,True,0.21428571428571427,1.0
M1:658:5,658,M1,5,primary_semantic_capture,4,3,1.75,True,True,True,0.07142857142857142,1.0
M1:658:6,658,M1,6,primary_semantic_capture,6,5,3.1785714285714284,True,True,True,0.25,1.0
M1:658:7,658,M1,7,primary_semantic_capture,21,20,3.9642857142857144,True,True,True,0.2857142857142857,1.0
M1:659:5,659,M1,5,primary_semantic_capture,2,1,1.0,True,False,True,0.53125,1.0
M1:660:7,660,M1,7,primary_semantic_capture,3,2,1.0105263157894737,True,False,True,0.24210526315789474,1.0
M1:661:4,661,M1,4,primary_semantic_capture,30,29,2.127659574468085,True,True,True,0.46808510638297873,1.0
M1:661:7,661,M1,7,primary_semantic_capture,5,4,1.2340425531914894,True,False,True,0.5319148936170213,1.0
M1:664:0,664,M1,0,primary_semantic_capture,5,4,1.9056603773584906,True,True,True,0.49056603773584906,1.0
M1:664:0,664,M1,0,legacy_aligned_capture,5,4,1.9056603773584906,True,True,True,0.49056603773584906,1.0
M1:664:1,664,M1,1,primary_semantic_capture,14,13,2.452830188679245,True,True,True,0.39622641509433965,1.0
M1:664:2,664,M1,2,primary_semantic_capture,2,1,1.3396226415094339,True,True,True,0.3018867924528302,1.0
M1:664:2,664,M1,2,legacy_aligned_capture,5,4,1.3962264150943395,True,True,True,0.3018867924528302,1.0
M1:664:4,664,M1,4,primary_semantic_capture,2,1,1.2641509433962264,True,True,True,0.33962264150943394,1.0
M1:664:5,664,M1,5,primary_semantic_capture,1,0,2.018867924528302,True,True,True,0.49056603773584906,1.0
M1:664:6,664,M1,6,primary_semantic_capture,12,11,1.679245283018868,True,True,True,0.4339622641509434,1.0
M1:664:7,664,M1,7,primary_semantic_capture,4,3,1.849056603773585,True,True,True,0.4528301886792453,1.0
M1:665:0,665,M1,0,primary_semantic_capture,13,12,1.024390243902439,True,False,True,0.14634146341463414,1.0
M1:665:1,665,M1,1,primary_semantic_capture,6,5,1.1219512195121952,True,False,True,0.2073170731707317,1.0
M1:665:2,665,M1,2,primary_semantic_capture,1,0,1.8902439024390243,True,True,True,0.24390243902439024,1.0
M1:665:3,665,M1,3,primary_semantic_capture,2,1,1.2073170731707317,True,False,True,0.12195121951219512,1.0
M1:665:3,665,M1,3,legacy_aligned_capture,2,1,1.2073170731707317,True,False,True,0.12195121951219512,1.0
M1:665:4,665,M1,4,primary_semantic_capture,5,4,1.8902439024390243,True,True,True,0.24390243902439024,1.0
M1:665:5,665,M1,5,primary_semantic_capture,7,6,1.7560975609756098,True,True,True,0.13414634146341464,1.0
M1:665:6,665,M1,6,primary_semantic_capture,4,3,0.9878048780487805,False,False,True,0.0975609756097561,1.0
M1:665:6,665,M1,6,legacy_aligned_capture,4,3,0.9878048780487805,False,False,True,0.0975609756097561,1.0
M1:666:0,666,M1,0,primary_semantic_capture,1,0,1.4827586206896552,True,True,True,0.5689655172413793,1.0
M1:666:0,666,M1,0,legacy_aligned_capture,1,0,1.4827586206896552,True,True,True,0.5689655172413793,1.0
M1:666:3,666,M1,3,primary_semantic_capture,14,13,1.7241379310344827,True,True,True,0.5344827586206896,1.0
M1:666:7,666,M1,7,primary_semantic_capture,13,12,1.4655172413793103,True,True,True,0.6379310344827587,1.0
M1:667:2,667,M1,2,primary_semantic_capture,9,8,2.943396226415094,True,True,True,0.37735849056603776,1.0
M1:667:2,667,M1,2,legacy_aligned_capture,9,8,2.943396226415094,True,True,True,0.37735849056603776,1.0
M1:667:3,667,M1,3,primary_semantic_capture,16,15,2.849056603773585,True,True,True,0.41509433962264153,1.0
M1:667:4,667,M1,4,primary_semantic_capture,55,54,3.2452830188679247,True,True,True,0.5094339622641509,1.0
M1:667:5,667,M1,5,primary_semantic_capture,15,14,2.3207547169811322,True,True,True,0.4339622641509434,1.0
M1:668:0,668,M1,0,primary_semantic_capture,22,21,0.9404761904761905,False,False,True,0.08333333333333333,1.0
M1:668:1,668,M1,1,primary_semantic_capture,15,14,1.3571428571428572,True,True,True,0.2261904761904762,1.0
M1:668:1,668,M1,1,legacy_aligned_capture,15,14,1.3571428571428572,True,True,True,0.2261904761904762,1.0
M1:668:2,668,M1,2,primary_semantic_capture,21,20,1.2976190476190477,True,True,True,0.08333333333333333,1.0
M1:668:2,668,M1,2,legacy_aligned_capture,21,20,1.2976190476190477,True,True,True,0.08333333333333333,1.0
M1:668:3,668,M1,3,primary_semantic_capture,14,13,0.9285714285714286,False,False,True,0.20238095238095238,1.0
M1:668:4,668,M1,4,primary_semantic_capture,49,48,1.630952380952381,True,True,True,0.2261904761904762,1.0
M1:668:5,668,M1,5,primary_semantic_capture,17,16,0.9880952380952381,False,False,True,0.2619047619047619,1.0
M1:668:6,668,M1,6,primary_semantic_capture,6,5,0.9404761904761905,False,False,True,0.2261904761904762,1.0
M1:668:7,668,M1,7,primary_semantic_capture,3,2,0.40476190476190477,False,False,,0.0,nan
M1:670:5,670,M1,5,primary_semantic_capture,3,2,1.934782608695652,True,True,True,0.7391304347826086,1.0
M1:672:0,672,M1,0,primary_semantic_capture,2,1,1.1041666666666667,True,False,True,0.08333333333333333,1.0
M1:672:0,672,M1,0,legacy_aligned_capture,2,1,1.1041666666666667,True,False,True,0.08333333333333333,1.0
M1:672:1,672,M1,1,primary_semantic_capture,18,17,1.9791666666666667,True,True,True,0.5833333333333334,1.0
M1:672:2,672,M1,2,primary_semantic_capture,42,41,1.7083333333333333,True,True,True,0.0625,1.0
M1:672:3,672,M1,3,primary_semantic_capture,2,1,2.7708333333333335,True,True,True,0.3541666666666667,1.0
M1:672:5,672,M1,5,primary_semantic_capture,4,3,1.5625,True,True,True,0.5208333333333334,1.0
M1:672:7,672,M1,7,primary_semantic_capture,2,1,2.0416666666666665,True,True,True,0.4375,1.0
M1:673:0,673,M1,0,primary_semantic_capture,1,0,1.975,True,True,True,0.275,1.0
M1:673:0,673,M1,0,legacy_aligned_capture,1,0,1.975,True,True,True,0.275,1.0
M1:673:2,673,M1,2,primary_semantic_capture,14,13,2.275,True,True,True,0.35,1.0
M1:673:3,673,M1,3,primary_semantic_capture,4,3,1.9,True,True,True,0.225,1.0
M1:673:4,673,M1,4,primary_semantic_capture,22,21,2.175,True,True,True,0.225,1.0
M1:673:5,673,M1,5,primary_semantic_capture,1,0,1.85,True,True,True,0.275,1.0
M1:673:6,673,M1,6,primary_semantic_capture,1,0,2.25,True,True,True,0.275,1.0
M1:673:7,673,M1,7,primary_semantic_capture,7,6,2.175,True,True,True,0.275,1.0
M1:676:0,676,M1,0,primary_semantic_capture,25,24,1.7976190476190477,True,True,True,0.44047619047619047,1.0
M1:676:3,676,M1,3,primary_semantic_capture,34,33,1.9642857142857142,True,True,True,0.4642857142857143,1.0
M1:676:5,676,M1,5,primary_semantic_capture,25,24,1.869047619047619,True,True,True,0.32142857142857145,1.0
M1:676:6,676,M1,6,primary_semantic_capture,3,2,1.3095238095238095,True,True,True,0.36904761904761907,1.0
M1:676:7,676,M1,7,primary_semantic_capture,4,3,1.8452380952380953,True,True,True,0.20238095238095238,1.0
M1:678:2,678,M1,2,primary_semantic_capture,2,1,2.7241379310344827,True,True,True,0.3103448275862069,1.0
M1:679:2,679,M1,2,primary_semantic_capture,16,15,2.0,True,True,True,0.16363636363636364,1.0
M1:680:0,680,M1,0,primary_semantic_capture,10,9,1.0588235294117647,True,False,True,0.27941176470588236,1.0
M1:680:0,680,M1,0,legacy_aligned_capture,10,9,1.0588235294117647,True,False,True,0.27941176470588236,1.0
M1:680:2,680,M1,2,primary_semantic_capture,35,34,1.6323529411764706,True,True,True,0.3088235294117647,1.0
M1:680:4,680,M1,4,primary_semantic_capture,4,3,1.3823529411764706,True,True,True,0.27941176470588236,1.0
M1:680:5,680,M1,5,primary_semantic_capture,65,64,2.161764705882353,True,True,True,0.14705882352941177,1.0
M1:681:5,681,M1,5,primary_semantic_capture,1,0,0.664,False,False,True,0.04,1.0
M1:682:0,682,M1,0,primary_semantic_capture,4,3,0.918918918918919,False,False,True,0.2972972972972973,1.0
M1:682:0,682,M1,0,legacy_aligned_capture,4,3,0.918918918918919,False,False,True,0.2972972972972973,1.0
M1:682:4,682,M1,4,primary_semantic_capture,6,5,1.2702702702702702,True,True,True,0.2702702702702703,1.0
M1:682:4,682,M1,4,legacy_aligned_capture,7,6,1.2837837837837838,True,True,True,0.2702702702702703,1.0
M1:683:2,683,M1,2,primary_semantic_capture,4,3,1.3978494623655915,True,True,True,0.5483870967741935,1.0
M1:683:4,683,M1,4,primary_semantic_capture,12,11,1.053763440860215,True,False,True,0.34408602150537637,1.0
M1:683:7,683,M1,7,primary_semantic_capture,27,26,1.5806451612903225,True,True,True,0.6021505376344086,1.0
M1:684:0,684,M1,0,primary_semantic_capture,51,50,2.6307692307692307,True,True,True,0.046153846153846156,1.0
M1:684:1,684,M1,1,primary_semantic_capture,6,5,1.676923076923077,True,True,True,0.13846153846153847,1.0
M1:684:2,684,M1,2,primary_semantic_capture,1,0,1.2307692307692308,True,False,True,0.06153846153846154,1.0
M1:684:4,684,M1,4,primary_semantic_capture,11,10,1.8307692307692307,True,True,True,0.06153846153846154,1.0
M1:684:5,684,M1,5,primary_semantic_capture,8,7,0.6,False,False,True,0.046153846153846156,1.0
M1:684:6,684,M1,6,primary_semantic_capture,3,2,0.9692307692307692,False,False,True,0.015384615384615385,1.0
M1:684:6,684,M1,6,legacy_aligned_capture,3,2,0.9692307692307692,False,False,True,0.015384615384615385,1.0
M1:684:7,684,M1,7,primary_semantic_capture,7,6,0.8769230769230769,False,False,True,0.046153846153846156,1.0
M1:685:0,685,M1,0,primary_semantic_capture,16,15,2.413793103448276,True,True,True,0.46551724137931033,1.0
M1:685:1,685,M1,1,primary_semantic_capture,1,0,1.8793103448275863,True,True,True,0.4827586206896552,1.0
M1:685:2,685,M1,2,primary_semantic_capture,95,94,3.4310344827586206,True,True,True,0.3275862068965517,1.0
M1:686:0,686,M1,0,primary_semantic_capture,3,2,1.28125,True,True,True,0.328125,1.0
M1:686:0,686,M1,0,legacy_aligned_capture,3,2,1.28125,True,True,True,0.328125,1.0
M1:686:4,686,M1,4,primary_semantic_capture,3,2,1.59375,True,True,True,0.4375,1.0
M1:686:5,686,M1,5,primary_semantic_capture,9,8,1.515625,True,True,True,0.453125,1.0
M1:687:5,687,M1,5,primary_semantic_capture,6,5,1.6623376623376624,True,True,True,0.5714285714285714,1.0
M1:688:0,688,M1,0,primary_semantic_capture,18,17,1.6101694915254237,True,True,True,0.11864406779661017,1.0
M1:688:1,688,M1,1,primary_semantic_capture,9,8,2.1186440677966103,True,True,True,0.15254237288135594,1.0
M1:688:3,688,M1,3,primary_semantic_capture,12,11,1.7796610169491525,True,True,False,0.2542372881355932,0.7142857142857143
M1:688:5,688,M1,5,primary_semantic_capture,4,3,2.0338983050847457,True,True,True,0.11864406779661017,1.0
M1:688:5,688,M1,5,legacy_aligned_capture,4,3,2.0338983050847457,True,True,True,0.11864406779661017,1.0
M1:688:7,688,M1,7,primary_semantic_capture,7,6,1.2542372881355932,True,True,True,0.288135593220339,1.0
M1:689:0,689,M1,0,primary_semantic_capture,2,1,0.9701492537313433,False,False,True,0.3283582089552239,1.0
M1:689:1,689,M1,1,primary_semantic_capture,25,24,1.6567164179104477,True,True,True,0.5074626865671642,1.0
M1:689:3,689,M1,3,primary_semantic_capture,8,7,1.2388059701492538,True,False,True,0.4925373134328358,1.0
M1:689:4,689,M1,4,primary_semantic_capture,28,27,1.6119402985074627,True,True,True,0.29850746268656714,1.0
M1:689:7,689,M1,7,primary_semantic_capture,62,61,2.328358208955224,True,True,True,0.43283582089552236,1.0
M1:690:0,690,M1,0,primary_semantic_capture,5,4,1.3777777777777778,True,True,True,0.4888888888888889,1.0
M1:690:0,690,M1,0,legacy_aligned_capture,5,4,1.3777777777777778,True,True,True,0.4888888888888889,1.0
M1:690:5,690,M1,5,primary_semantic_capture,1,0,1.5333333333333334,True,True,True,0.3333333333333333,1.0
M1:690:6,690,M1,6,primary_semantic_capture,4,3,1.5333333333333334,True,True,True,0.4444444444444444,1.0
M1:690:7,690,M1,7,primary_semantic_capture,20,19,2.7111111111111112,True,True,True,0.5777777777777777,1.0
M1:691:5,691,M1,5,primary_semantic_capture,3,2,1.5423728813559323,True,True,True,0.6101694915254238,1.0
M1:691:6,691,M1,6,primary_semantic_capture,4,3,1.5254237288135593,True,True,True,0.3728813559322034,1.0
M1:691:7,691,M1,7,primary_semantic_capture,2,1,1.5254237288135593,True,True,True,0.3220338983050847,1.0
M1:693:6,693,M1,6,primary_semantic_capture,1,0,1.3333333333333333,True,True,True,0.3333333333333333,1.0
M1:695:0,695,M1,0,primary_semantic_capture,18,17,0.8080808080808081,False,False,True,0.20202020202020202,1.0
M1:695:0,695,M1,0,legacy_aligned_capture,18,17,0.8080808080808081,False,False,True,0.20202020202020202,1.0
M1:695:3,695,M1,3,primary_semantic_capture,17,16,1.0808080808080809,True,False,True,0.20202020202020202,1.0
M1:695:6,695,M1,6,primary_semantic_capture,45,44,1.4848484848484849,True,True,True,0.26262626262626265,1.0
M1:695:7,695,M1,7,primary_semantic_capture,32,31,1.0101010101010102,True,False,True,0.13131313131313133,1.0
M1:696:1,696,M1,1,primary_semantic_capture,10,9,1.4383561643835616,True,True,True,0.5205479452054794,1.0
M1:696:4,696,M1,4,primary_semantic_capture,2,1,1.0273972602739727,True,False,True,0.5205479452054794,1.0
M1:696:4,696,M1,4,legacy_aligned_capture,2,1,1.0273972602739727,True,False,True,0.5205479452054794,1.0
M1:696:7,696,M1,7,primary_semantic_capture,4,3,1.082191780821918,True,False,True,0.589041095890411,1.0
M1:696:7,696,M1,7,legacy_aligned_capture,4,3,1.082191780821918,True,False,True,0.589041095890411,1.0
M1:698:2,698,M1,2,primary_semantic_capture,95,94,2.1125,True,True,True,0.2,1.0
M1:698:4,698,M1,4,primary_semantic_capture,12,11,1.4875,True,True,True,0.15,1.0
M1:698:5,698,M1,5,primary_semantic_capture,14,13,1.1625,True,False,True,0.075,1.0
M1:698:6,698,M1,6,primary_semantic_capture,16,15,1.35,True,True,True,0.05,1.0
M1:699:1,699,M1,1,primary_semantic_capture,13,12,1.0784313725490196,True,False,True,0.2549019607843137,1.0
M1:699:5,699,M1,5,primary_semantic_capture,5,4,1.0784313725490196,True,False,True,0.13725490196078433,1.0
M1:700:0,700,M1,0,primary_semantic_capture,22,21,1.6829268292682926,True,True,True,0.1951219512195122,1.0
M1:700:1,700,M1,1,primary_semantic_capture,19,18,2.3658536585365852,True,True,True,0.36585365853658536,1.0
M1:700:1,700,M1,1,legacy_aligned_capture,19,18,2.3658536585365852,True,True,True,0.36585365853658536,1.0
M1:700:2,700,M1,2,primary_semantic_capture,19,18,2.024390243902439,True,True,True,0.34146341463414637,1.0
M1:700:4,700,M1,4,primary_semantic_capture,1,0,1.7317073170731707,True,True,True,0.2682926829268293,1.0
M1:700:6,700,M1,6,primary_semantic_capture,1,0,1.829268292682927,True,True,True,0.24390243902439024,1.0
M1:700:7,700,M1,7,primary_semantic_capture,8,7,1.975609756097561,True,True,True,0.36585365853658536,1.0
M1:701:1,701,M1,1,primary_semantic_capture,18,17,2.0694444444444446,True,True,True,0.5,1.0
M1:701:3,701,M1,3,primary_semantic_capture,25,24,1.3194444444444444,True,True,True,0.4027777777777778,1.0
M1:701:4,701,M1,4,primary_semantic_capture,2,1,1.2638888888888888,True,True,True,0.4027777777777778,1.0
M1:701:4,701,M1,4,legacy_aligned_capture,2,1,1.2638888888888888,True,True,True,0.4027777777777778,1.0
M1:701:6,701,M1,6,primary_semantic_capture,54,53,2.638888888888889,True,True,True,0.5138888888888888,1.0
M1:701:7,701,M1,7,primary_semantic_capture,22,21,1.8472222222222223,True,True,True,0.4027777777777778,1.0
M1:702:2,702,M1,2,primary_semantic_capture,4,3,1.1884057971014492,True,False,True,0.14492753623188406,1.0
M1:702:4,702,M1,4,primary_semantic_capture,9,8,0.9130434782608695,False,False,True,0.15942028985507245,1.0
M1:702:5,702,M1,5,primary_semantic_capture,7,6,2.0,True,True,True,0.14492753623188406,1.0
M1:702:7,702,M1,7,primary_semantic_capture,8,7,1.2463768115942029,True,False,True,0.11594202898550725,1.0
M1:703:4,703,M1,4,primary_semantic_capture,2,1,1.0123456790123457,True,False,True,0.32098765432098764,1.0
M1:704:0,704,M1,0,primary_semantic_capture,11,10,2.8095238095238093,True,True,,0.0,nan
M1:704:0,704,M1,0,legacy_aligned_capture,11,10,2.8095238095238093,True,True,,0.0,nan
M1:704:1,704,M1,1,primary_semantic_capture,27,26,9.0,True,True,,0.0,nan
M1:704:2,704,M1,2,primary_semantic_capture,8,7,2.9523809523809526,True,True,,0.0,nan
M1:704:3,704,M1,3,primary_semantic_capture,12,11,3.8095238095238093,True,True,,0.0,nan
M1:704:4,704,M1,4,primary_semantic_capture,4,3,3.9523809523809526,True,True,,0.0,nan
M1:704:5,704,M1,5,primary_semantic_capture,4,3,2.619047619047619,True,True,,0.0,nan
M1:704:6,704,M1,6,primary_semantic_capture,6,5,2.380952380952381,True,True,,0.0,nan
M1:704:7,704,M1,7,primary_semantic_capture,34,33,6.428571428571429,True,True,,0.0,nan
M1:706:1,706,M1,1,primary_semantic_capture,7,6,1.1428571428571428,True,False,True,0.14285714285714285,1.0
M1:706:1,706,M1,1,legacy_aligned_capture,7,6,1.1428571428571428,True,False,True,0.14285714285714285,1.0
M1:706:2,706,M1,2,primary_semantic_capture,5,4,2.942857142857143,True,True,True,0.14285714285714285,1.0
M1:706:4,706,M1,4,primary_semantic_capture,3,2,1.9714285714285715,True,True,True,0.22857142857142856,1.0
M1:706:4,706,M1,4,legacy_aligned_capture,3,2,1.9714285714285715,True,True,True,0.22857142857142856,1.0
M1:706:5,706,M1,5,primary_semantic_capture,4,3,4.9714285714285715,True,True,True,0.3142857142857143,1.0
M1:706:6,706,M1,6,primary_semantic_capture,1,0,2.057142857142857,True,True,True,0.22857142857142856,1.0
M1:707:0,707,M1,0,primary_semantic_capture,6,5,1.3132530120481927,True,True,True,0.20481927710843373,1.0
M1:707:1,707,M1,1,primary_semantic_capture,5,4,1.7108433734939759,True,True,True,0.13253012048192772,1.0
M1:707:1,707,M1,1,legacy_aligned_capture,5,4,1.7108433734939759,True,True,True,0.13253012048192772,1.0
M1:707:3,707,M1,3,primary_semantic_capture,1,0,0.8795180722891566,False,False,True,0.1686746987951807,1.0
M1:707:3,707,M1,3,legacy_aligned_capture,1,0,0.8795180722891566,False,False,True,0.1686746987951807,1.0
M1:707:5,707,M1,5,primary_semantic_capture,3,2,0.6626506024096386,False,False,True,0.12048192771084337,1.0
M1:707:5,707,M1,5,legacy_aligned_capture,3,2,0.6626506024096386,False,False,True,0.12048192771084337,1.0
M1:707:7,707,M1,7,primary_semantic_capture,3,2,0.6265060240963856,False,False,True,0.12048192771084337,1.0
M1:708:2,708,M1,2,primary_semantic_capture,6,5,1.6818181818181819,True,True,True,0.2727272727272727,1.0
M1:708:3,708,M1,3,primary_semantic_capture,12,11,1.9318181818181819,True,True,True,0.13636363636363635,1.0
M1:708:5,708,M1,5,primary_semantic_capture,8,7,1.8181818181818181,True,True,True,0.25,1.0
M1:708:7,708,M1,7,primary_semantic_capture,5,4,1.9772727272727273,True,True,True,0.3409090909090909,1.0
M1:710:0,710,M1,0,primary_semantic_capture,5,4,2.029850746268657,True,True,True,0.05970149253731343,1.0
M1:710:1,710,M1,1,primary_semantic_capture,3,2,1.164179104477612,True,False,True,0.19402985074626866,1.0
M1:710:2,710,M1,2,primary_semantic_capture,6,5,1.044776119402985,True,False,True,0.14925373134328357,1.0
M1:710:3,710,M1,3,primary_semantic_capture,40,39,1.5820895522388059,True,True,True,0.1044776119402985,1.0
M1:710:4,710,M1,4,primary_semantic_capture,11,10,0.835820895522388,False,False,True,0.1044776119402985,1.0
M1:710:5,710,M1,5,primary_semantic_capture,2,1,1.9701492537313432,True,True,True,0.14925373134328357,1.0
M1:710:5,710,M1,5,legacy_aligned_capture,2,1,1.9701492537313432,True,True,True,0.14925373134328357,1.0
M1:710:6,710,M1,6,primary_semantic_capture,1,0,0.8059701492537313,False,False,True,0.08955223880597014,1.0
M1:710:7,710,M1,7,primary_semantic_capture,6,5,1.537313432835821,True,True,True,0.14925373134328357,1.0
M1:710:7,710,M1,7,legacy_aligned_capture,6,5,1.537313432835821,True,True,True,0.14925373134328357,1.0
M1:711:0,711,M1,0,primary_semantic_capture,3,2,1.5084745762711864,True,True,True,0.22033898305084745,1.0
M1:711:1,711,M1,1,primary_semantic_capture,32,31,2.3220338983050848,True,True,True,0.1694915254237288,1.0
M1:711:2,711,M1,2,primary_semantic_capture,2,1,1.6440677966101696,True,True,True,0.15254237288135594,1.0
M1:711:4,711,M1,4,primary_semantic_capture,14,13,1.152542372881356,True,False,True,0.15254237288135594,1.0
M1:711:5,711,M1,5,primary_semantic_capture,5,4,2.0677966101694913,True,True,True,0.2542372881355932,1.0
M1:711:6,711,M1,6,primary_semantic_capture,35,34,2.1016949152542375,True,True,True,0.1016949152542373,1.0
M1:712:0,712,M1,0,primary_semantic_capture,3,2,1.3650793650793651,True,True,True,0.09523809523809523,1.0
M1:712:0,712,M1,0,legacy_aligned_capture,3,2,1.3650793650793651,True,True,True,0.09523809523809523,1.0
M1:712:1,712,M1,1,primary_semantic_capture,29,28,1.507936507936508,True,True,True,0.047619047619047616,1.0
M1:712:1,712,M1,1,legacy_aligned_capture,33,32,1.5714285714285714,True,True,True,0.047619047619047616,1.0
M1:712:2,712,M1,2,primary_semantic_capture,2,1,1.253968253968254,True,True,True,0.06349206349206349,1.0
M1:712:2,712,M1,2,legacy_aligned_capture,2,1,1.253968253968254,True,True,True,0.06349206349206349,1.0
M1:712:3,712,M1,3,primary_semantic_capture,12,11,1.507936507936508,True,True,True,0.19047619047619047,1.0
M1:712:4,712,M1,4,primary_semantic_capture,4,3,0.9206349206349206,False,False,True,0.047619047619047616,1.0
M1:712:4,712,M1,4,legacy_aligned_capture,4,3,0.9206349206349206,False,False,True,0.047619047619047616,1.0
M1:712:6,712,M1,6,primary_semantic_capture,17,16,1.3968253968253967,True,True,True,0.031746031746031744,1.0
M1:712:7,712,M1,7,primary_semantic_capture,5,4,1.3333333333333333,True,True,True,0.047619047619047616,1.0
M1:716:4,716,M1,4,primary_semantic_capture,17,16,2.5,True,True,True,0.575,1.0
M1:716:5,716,M1,5,primary_semantic_capture,2,1,2.4125,True,True,True,0.65,1.0
M1:716:6,716,M1,6,primary_semantic_capture,2,1,1.3875,True,True,True,0.4625,1.0
M1:717:2,717,M1,2,primary_semantic_capture,18,17,9.222222222222221,True,True,True,0.5555555555555556,1.0
M1:717:4,717,M1,4,primary_semantic_capture,7,6,8.666666666666666,True,True,True,0.5555555555555556,1.0
M1:717:6,717,M1,6,primary_semantic_capture,14,13,6.777777777777778,True,True,True,0.7777777777777778,1.0
M1:719:0,719,M1,0,primary_semantic_capture,3,2,0.9666666666666667,False,False,True,0.05,1.0
M1:719:1,719,M1,1,primary_semantic_capture,9,8,0.7833333333333333,False,False,True,0.36666666666666664,1.0
M1:719:2,719,M1,2,primary_semantic_capture,8,7,0.7166666666666667,False,False,True,0.21666666666666667,1.0
M1:719:3,719,M1,3,primary_semantic_capture,1,0,0.5833333333333334,False,False,True,0.36666666666666664,1.0
M1:719:4,719,M1,4,primary_semantic_capture,6,5,1.3166666666666667,True,True,True,0.38333333333333336,1.0
M1:719:4,719,M1,4,legacy_aligned_capture,6,5,1.3166666666666667,True,True,True,0.38333333333333336,1.0
M1:719:5,719,M1,5,primary_semantic_capture,28,27,1.7333333333333334,True,True,True,0.5333333333333333,1.0
M1:719:6,719,M1,6,primary_semantic_capture,4,3,2.05,True,True,True,0.55,1.0
M1:719:6,719,M1,6,legacy_aligned_capture,10,9,2.15,True,True,True,0.55,1.0
M1:719:7,719,M1,7,primary_semantic_capture,11,10,0.8666666666666667,False,False,True,0.2,1.0
M1:721:0,721,M1,0,primary_semantic_capture,14,13,0.9473684210526315,False,False,True,0.27631578947368424,1.0
M1:721:1,721,M1,1,primary_semantic_capture,29,28,1.9473684210526316,True,True,True,0.39473684210526316,1.0
M1:721:2,721,M1,2,primary_semantic_capture,14,13,1.0394736842105263,True,False,True,0.3157894736842105,1.0
M1:721:3,721,M1,3,primary_semantic_capture,22,21,0.9210526315789473,False,False,True,0.25,1.0
M1:721:4,721,M1,4,primary_semantic_capture,6,5,1.1578947368421053,True,False,True,0.32894736842105265,1.0
M1:721:5,721,M1,5,primary_semantic_capture,8,7,1.0921052631578947,True,False,True,0.2894736842105263,1.0
M1:721:5,721,M1,5,legacy_aligned_capture,8,7,1.0921052631578947,True,False,True,0.2894736842105263,1.0
M1:721:7,721,M1,7,primary_semantic_capture,5,4,1.118421052631579,True,False,True,0.2894736842105263,1.0
M1:723:6,723,M1,6,primary_semantic_capture,6,5,1.3409090909090908,True,True,False,0.13636363636363635,0.8571428571428571
M1:725:0,725,M1,0,primary_semantic_capture,1,0,1.2727272727272727,True,True,True,0.4675324675324675,1.0
M1:725:4,725,M1,4,primary_semantic_capture,21,20,1.1428571428571428,True,False,True,0.4155844155844156,1.0
M1:725:5,725,M1,5,primary_semantic_capture,12,11,1.4805194805194806,True,True,True,0.19480519480519481,1.0
M1:725:7,725,M1,7,primary_semantic_capture,16,15,1.5844155844155845,True,True,True,0.45454545454545453,1.0
M1:726:6,726,M1,6,primary_semantic_capture,5,4,2.475,True,True,True,0.475,1.0
M1:728:0,728,M1,0,primary_semantic_capture,7,6,1.36,True,True,True,0.24,1.0
M1:728:1,728,M1,1,primary_semantic_capture,4,3,1.1733333333333333,True,False,True,0.2,1.0
M1:728:2,728,M1,2,primary_semantic_capture,18,17,0.8533333333333334,False,False,True,0.21333333333333335,1.0
M1:728:3,728,M1,3,primary_semantic_capture,2,1,0.68,False,False,True,0.18666666666666668,1.0
M1:728:4,728,M1,4,primary_semantic_capture,6,5,1.0,True,False,True,0.28,1.0
M1:728:5,728,M1,5,primary_semantic_capture,6,5,1.4,True,True,True,0.17333333333333334,1.0
M1:728:7,728,M1,7,primary_semantic_capture,7,6,0.9733333333333334,False,False,True,0.16,1.0
M1:730:0,730,M1,0,primary_semantic_capture,22,21,1.435897435897436,True,True,True,0.3717948717948718,1.0
M1:730:1,730,M1,1,primary_semantic_capture,3,2,1.2564102564102564,True,True,True,0.16666666666666666,1.0
M1:730:2,730,M1,2,primary_semantic_capture,11,10,1.435897435897436,True,True,True,0.28205128205128205,1.0
M1:730:3,730,M1,3,primary_semantic_capture,4,3,1.1538461538461537,True,False,True,0.32051282051282054,1.0
M1:730:4,730,M1,4,primary_semantic_capture,43,42,1.705128205128205,True,True,True,0.21794871794871795,1.0
M1:730:6,730,M1,6,primary_semantic_capture,10,9,1.0512820512820513,True,False,True,0.1794871794871795,1.0
M1:730:6,730,M1,6,legacy_aligned_capture,10,9,1.0512820512820513,True,False,True,0.1794871794871795,1.0
M1:730:7,730,M1,7,primary_semantic_capture,1,0,1.0128205128205128,True,False,True,0.21794871794871795,1.0
M1:731:1,731,M1,1,primary_semantic_capture,6,5,1.1666666666666667,True,False,True,0.2916666666666667,1.0
M1:731:2,731,M1,2,primary_semantic_capture,1,0,1.7916666666666667,True,True,True,0.25,1.0
M1:731:3,731,M1,3,primary_semantic_capture,5,4,1.6041666666666667,True,True,True,0.25,1.0
M1:731:5,731,M1,5,primary_semantic_capture,2,1,2.1666666666666665,True,True,True,0.3125,1.0
M1:731:7,731,M1,7,primary_semantic_capture,3,2,1.625,True,True,True,0.22916666666666666,1.0
M1:731:7,731,M1,7,legacy_aligned_capture,4,3,1.6458333333333333,True,True,True,0.22916666666666666,1.0
M1:732:2,732,M1,2,primary_semantic_capture,36,35,2.151898734177215,True,True,True,0.31645569620253167,1.0
M1:732:4,732,M1,4,primary_semantic_capture,2,1,0.9367088607594937,False,False,True,0.20253164556962025,1.0
M1:732:5,732,M1,5,primary_semantic_capture,18,17,1.3417721518987342,True,True,True,0.27848101265822783,1.0
M1:732:6,732,M1,6,primary_semantic_capture,10,9,1.4556962025316456,True,True,True,0.27848101265822783,1.0
M1:732:7,732,M1,7,primary_semantic_capture,13,12,1.3417721518987342,True,True,True,0.379746835443038,1.0
M1:732:7,732,M1,7,legacy_aligned_capture,13,12,1.3417721518987342,True,True,True,0.379746835443038,1.0
M1:734:1,734,M1,1,primary_semantic_capture,9,8,1.3157894736842106,True,True,True,0.4473684210526316,1.0
M1:734:4,734,M1,4,primary_semantic_capture,17,16,1.7236842105263157,True,True,True,0.6973684210526315,1.0
M1:735:4,735,M1,4,primary_semantic_capture,2,1,1.7692307692307692,True,True,True,0.5384615384615384,1.0
M1:735:6,735,M1,6,primary_semantic_capture,6,5,0.945054945054945,False,False,True,0.14285714285714285,1.0
M1:735:6,735,M1,6,legacy_aligned_capture,6,5,0.945054945054945,False,False,True,0.14285714285714285,1.0
M1:735:7,735,M1,7,primary_semantic_capture,5,4,2.010989010989011,True,True,True,0.02197802197802198,1.0
M1:736:3,736,M1,3,primary_semantic_capture,20,19,2.8297872340425534,True,True,True,0.2765957446808511,1.0
M1:737:1,737,M1,1,primary_semantic_capture,6,5,1.5121951219512195,True,True,True,0.21951219512195122,1.0
M1:737:4,737,M1,4,primary_semantic_capture,61,60,2.7560975609756095,True,True,True,0.3170731707317073,1.0
M1:738:0,738,M1,0,primary_semantic_capture,8,7,1.6129032258064515,True,True,True,0.22580645161290322,1.0
M1:738:4,738,M1,4,primary_semantic_capture,2,1,0.7258064516129032,False,False,True,0.1774193548387097,1.0
M1:738:4,738,M1,4,legacy_aligned_capture,2,1,0.7258064516129032,False,False,True,0.1774193548387097,1.0
M1:740:1,740,M1,1,primary_semantic_capture,45,44,3.0277777777777777,True,True,True,0.05555555555555555,1.0
M1:740:3,740,M1,3,primary_semantic_capture,2,1,1.6388888888888888,True,True,True,0.05555555555555555,1.0
M1:740:4,740,M1,4,primary_semantic_capture,3,2,1.5833333333333333,True,True,True,0.05555555555555555,1.0
M1:740:6,740,M1,6,primary_semantic_capture,2,1,2.1944444444444446,True,True,True,0.19444444444444445,1.0
M1:740:6,740,M1,6,legacy_aligned_capture,2,1,2.1944444444444446,True,True,True,0.19444444444444445,1.0
M1:742:0,742,M1,0,primary_semantic_capture,6,5,3.097560975609756,True,True,True,0.36585365853658536,1.0
M1:742:1,742,M1,1,primary_semantic_capture,14,13,3.1463414634146343,True,True,True,0.2682926829268293,1.0
M1:742:1,742,M1,1,legacy_aligned_capture,14,13,3.1463414634146343,True,True,True,0.2682926829268293,1.0
M1:742:4,742,M1,4,primary_semantic_capture,5,4,3.6341463414634148,True,True,True,0.3170731707317073,1.0
M1:742:4,742,M1,4,legacy_aligned_capture,5,4,3.6341463414634148,True,True,True,0.3170731707317073,1.0
M1:742:5,742,M1,5,primary_semantic_capture,2,1,3.2439024390243905,True,True,True,0.5121951219512195,1.0
M1:742:6,742,M1,6,primary_semantic_capture,5,4,2.097560975609756,True,True,True,0.3170731707317073,1.0
M1:742:7,742,M1,7,primary_semantic_capture,5,4,2.4878048780487805,True,True,True,0.4146341463414634,1.0
M1:743:2,743,M1,2,primary_semantic_capture,20,19,1.1866666666666668,True,False,True,0.38666666666666666,1.0
M1:743:7,743,M1,7,primary_semantic_capture,50,49,1.76,True,True,True,0.4,1.0
M1:744:1,744,M1,1,primary_semantic_capture,2,1,2.533333333333333,True,True,True,0.3333333333333333,1.0
M1:745:1,745,M1,1,primary_semantic_capture,6,5,2.227272727272727,True,True,True,0.11363636363636363,1.0
M1:745:2,745,M1,2,primary_semantic_capture,3,2,1.3181818181818181,True,True,True,0.07954545454545454,1.0
M1:745:2,745,M1,2,legacy_aligned_capture,3,2,1.3181818181818181,True,True,True,0.07954545454545454,1.0
M1:745:4,745,M1,4,primary_semantic_capture,6,5,0.9431818181818182,False,False,True,0.07954545454545454,1.0
M1:745:5,745,M1,5,primary_semantic_capture,2,1,1.1477272727272727,True,False,True,0.07954545454545454,1.0
M1:745:5,745,M1,5,legacy_aligned_capture,2,1,1.1477272727272727,True,False,True,0.07954545454545454,1.0
M1:745:7,745,M1,7,primary_semantic_capture,5,4,1.2159090909090908,True,False,True,0.056818181818181816,1.0
M1:746:1,746,M1,1,primary_semantic_capture,6,5,1.1746031746031746,True,False,True,0.38095238095238093,1.0
M1:747:0,747,M1,0,primary_semantic_capture,28,27,2.04,True,True,True,0.28,1.0
M1:747:2,747,M1,2,primary_semantic_capture,21,20,1.72,True,True,True,0.24,1.0
M1:747:7,747,M1,7,primary_semantic_capture,14,13,1.48,True,True,True,0.24,1.0
M1:750:1,750,M1,1,primary_semantic_capture,23,22,2.6216216216216215,True,True,True,0.43243243243243246,1.0
M1:750:2,750,M1,2,primary_semantic_capture,8,7,2.027027027027027,True,True,True,0.40540540540540543,1.0
M1:750:3,750,M1,3,primary_semantic_capture,2,1,2.4864864864864864,True,True,True,0.16216216216216217,1.0
M1:750:6,750,M1,6,primary_semantic_capture,10,9,1.945945945945946,True,True,True,0.5135135135135135,1.0
M1:755:0,755,M1,0,primary_semantic_capture,27,26,2.086021505376344,True,True,True,0.5806451612903226,1.0
M1:755:2,755,M1,2,primary_semantic_capture,3,2,0.8709677419354839,False,False,True,0.44086021505376344,1.0
M1:755:3,755,M1,3,primary_semantic_capture,7,6,1.3655913978494623,True,True,False,0.3010752688172043,0.7567567567567568
M1:755:5,755,M1,5,primary_semantic_capture,6,5,1.032258064516129,True,False,True,0.5053763440860215,1.0
M1:756:4,756,M1,4,primary_semantic_capture,7,6,1.7567567567567568,True,True,True,0.20270270270270271,1.0
M1:757:0,757,M1,0,primary_semantic_capture,28,27,2.4242424242424243,True,True,True,0.2878787878787879,1.0
M1:757:0,757,M1,0,legacy_aligned_capture,28,27,2.4242424242424243,True,True,True,0.2878787878787879,1.0
M1:757:2,757,M1,2,primary_semantic_capture,25,24,2.606060606060606,True,True,True,0.42424242424242425,1.0
M1:757:2,757,M1,2,legacy_aligned_capture,25,24,2.606060606060606,True,True,True,0.42424242424242425,1.0
M1:757:6,757,M1,6,primary_semantic_capture,157,156,4.606060606060606,True,True,True,0.4090909090909091,1.0
M1:757:7,757,M1,7,primary_semantic_capture,29,28,2.0757575757575757,True,True,True,0.25757575757575757,1.0
M1:758:1,758,M1,1,primary_semantic_capture,5,4,1.9444444444444444,True,True,True,0.4166666666666667,1.0
M1:758:5,758,M1,5,primary_semantic_capture,1,0,1.6666666666666667,True,True,True,0.5555555555555556,1.0
M1:758:6,758,M1,6,primary_semantic_capture,2,1,1.4444444444444444,True,True,True,0.3055555555555556,1.0
M1:758:7,758,M1,7,primary_semantic_capture,1,0,1.5555555555555556,True,True,True,0.2777777777777778,1.0
M1:759:3,759,M1,3,primary_semantic_capture,80,79,13.529411764705882,True,True,True,0.47058823529411764,1.0
M1:760:1,760,M1,1,primary_semantic_capture,14,13,1.8571428571428572,True,True,True,0.6607142857142857,1.0
M1:762:0,762,M1,0,primary_semantic_capture,9,8,1.96,True,True,True,0.48,1.0
M1:762:0,762,M1,0,legacy_aligned_capture,9,8,1.96,True,True,True,0.48,1.0
M1:763:1,763,M1,1,primary_semantic_capture,5,4,1.4444444444444444,True,True,True,0.4444444444444444,1.0
M1:763:1,763,M1,1,legacy_aligned_capture,5,4,1.4444444444444444,True,True,True,0.4444444444444444,1.0
M1:763:5,763,M1,5,primary_semantic_capture,20,19,2.6,True,True,True,0.35555555555555557,1.0
M1:764:2,764,M1,2,primary_semantic_capture,74,73,2.8076923076923075,True,True,True,0.36538461538461536,1.0
M1:764:3,764,M1,3,primary_semantic_capture,8,7,1.4423076923076923,True,True,True,0.5576923076923077,1.0
M1:764:6,764,M1,6,primary_semantic_capture,8,7,1.0384615384615385,True,False,True,0.3269230769230769,1.0
M1:765:1,765,M1,1,primary_semantic_capture,14,13,1.7872340425531914,True,True,True,0.48936170212765956,1.0
M1:765:4,765,M1,4,primary_semantic_capture,13,12,1.851063829787234,True,True,True,0.6382978723404256,1.0
M1:766:5,766,M1,5,primary_semantic_capture,1,0,1.8043478260869565,True,True,True,0.32608695652173914,1.0
M1:766:5,766,M1,5,legacy_aligned_capture,1,0,1.8043478260869565,True,True,True,0.32608695652173914,1.0
M1:767:1,767,M1,1,primary_semantic_capture,7,6,2.738095238095238,True,True,True,0.40476190476190477,1.0
M1:768:0,768,M1,0,primary_semantic_capture,7,6,1.7058823529411764,True,True,True,0.47058823529411764,1.0
M1:768:1,768,M1,1,primary_semantic_capture,1,0,2.588235294117647,True,True,True,0.35294117647058826,1.0
M1:768:2,768,M1,2,primary_semantic_capture,1,0,2.6176470588235294,True,True,True,0.4117647058823529,1.0
M1:768:3,768,M1,3,primary_semantic_capture,35,34,2.7941176470588234,True,True,True,0.35294117647058826,1.0
M1:768:4,768,M1,4,primary_semantic_capture,5,4,2.411764705882353,True,True,True,0.2647058823529412,1.0
M1:768:5,768,M1,5,primary_semantic_capture,4,3,3.6176470588235294,True,True,True,0.4117647058823529,1.0
M1:770:0,770,M1,0,primary_semantic_capture,7,6,1.010989010989011,True,False,True,0.08791208791208792,1.0
M1:770:0,770,M1,0,legacy_aligned_capture,7,6,1.010989010989011,True,False,True,0.08791208791208792,1.0
M1:770:1,770,M1,1,primary_semantic_capture,5,4,0.6703296703296703,False,False,True,0.12087912087912088,1.0
M1:770:2,770,M1,2,primary_semantic_capture,6,5,0.3956043956043956,False,False,True,0.08791208791208792,1.0
M1:770:3,770,M1,3,primary_semantic_capture,5,4,0.43956043956043955,False,False,True,0.12087912087912088,1.0
M1:770:3,770,M1,3,legacy_aligned_capture,5,4,0.43956043956043955,False,False,True,0.12087912087912088,1.0
M1:770:4,770,M1,4,primary_semantic_capture,13,12,1.10989010989011,True,False,True,0.10989010989010989,1.0
M1:770:5,770,M1,5,primary_semantic_capture,11,10,0.5054945054945055,False,False,True,0.13186813186813187,1.0
M1:770:6,770,M1,6,primary_semantic_capture,1,0,1.043956043956044,True,False,True,0.13186813186813187,1.0
M1:770:7,770,M1,7,primary_semantic_capture,13,12,0.5604395604395604,False,False,True,0.06593406593406594,1.0
M1:772:1,772,M1,1,primary_semantic_capture,12,11,2.2444444444444445,True,True,True,0.1111111111111111,1.0
M1:772:1,772,M1,1,legacy_aligned_capture,12,11,2.2444444444444445,True,True,True,0.1111111111111111,1.0
M1:772:2,772,M1,2,primary_semantic_capture,11,10,2.7555555555555555,True,True,True,0.1111111111111111,1.0
M1:772:3,772,M1,3,primary_semantic_capture,21,20,1.8666666666666667,True,True,True,0.1111111111111111,1.0
M1:772:5,772,M1,5,primary_semantic_capture,3,2,2.0,True,True,True,0.13333333333333333,1.0
M1:772:6,772,M1,6,primary_semantic_capture,8,7,1.2,True,False,True,0.1111111111111111,1.0
M1:773:3,773,M1,3,primary_semantic_capture,10,9,1.21,True,False,True,0.16,1.0
M1:773:4,773,M1,4,primary_semantic_capture,21,20,1.06,True,False,True,0.27,1.0
M1:774:2,774,M1,2,primary_semantic_capture,88,87,3.378787878787879,True,True,True,0.09090909090909091,1.0
M1:774:2,774,M1,2,legacy_aligned_capture,88,87,3.378787878787879,True,True,True,0.09090909090909091,1.0
M1:774:5,774,M1,5,primary_semantic_capture,9,8,3.1666666666666665,True,True,True,0.19696969696969696,1.0
M1:774:7,774,M1,7,primary_semantic_capture,16,15,3.3636363636363638,True,True,True,0.06060606060606061,1.0
M1:775:0,775,M1,0,primary_semantic_capture,22,21,3.8461538461538463,True,True,True,0.19230769230769232,1.0
M1:775:1,775,M1,1,primary_semantic_capture,4,3,1.4230769230769231,True,True,True,0.07692307692307693,1.0
M1:775:2,775,M1,2,primary_semantic_capture,5,4,1.8076923076923077,True,True,True,0.23076923076923078,1.0
M1:775:3,775,M1,3,primary_semantic_capture,14,13,1.1923076923076923,True,False,True,0.07692307692307693,1.0
M1:775:4,775,M1,4,primary_semantic_capture,2,1,2.0,True,True,True,0.2692307692307692,1.0
M1:775:4,775,M1,4,legacy_aligned_capture,3,2,2.0384615384615383,True,True,True,0.2692307692307692,1.0
M1:775:5,775,M1,5,primary_semantic_capture,7,6,3.076923076923077,True,True,True,0.3076923076923077,1.0
M1:775:6,775,M1,6,primary_semantic_capture,17,16,3.0384615384615383,True,True,True,0.19230769230769232,1.0
M1:775:6,775,M1,6,legacy_aligned_capture,17,16,3.0384615384615383,True,True,True,0.19230769230769232,1.0
M1:775:7,775,M1,7,primary_semantic_capture,2,1,1.9230769230769231,True,True,True,0.23076923076923078,1.0
M1:776:2,776,M1,2,primary_semantic_capture,6,5,1.7321428571428572,True,True,True,0.44642857142857145,1.0
M1:776:5,776,M1,5,primary_semantic_capture,1,0,1.4285714285714286,True,True,True,0.3392857142857143,1.0
M1:779:1,779,M1,1,primary_semantic_capture,4,3,1.3804347826086956,True,True,True,0.2391304347826087,1.0
M1:779:1,779,M1,1,legacy_aligned_capture,4,3,1.3804347826086956,True,True,True,0.2391304347826087,1.0
M1:779:3,779,M1,3,primary_semantic_capture,4,3,0.6956521739130435,False,False,True,0.2717391304347826,1.0
M1:779:5,779,M1,5,primary_semantic_capture,14,13,1.391304347826087,True,True,True,0.32608695652173914,1.0
M1:779:6,779,M1,6,primary_semantic_capture,2,1,0.8260869565217391,False,False,True,0.2717391304347826,1.0
M1:779:7,779,M1,7,primary_semantic_capture,35,34,1.7173913043478262,True,True,True,0.1956521739130435,1.0
M1:780:2,780,M1,2,primary_semantic_capture,13,12,1.2926829268292683,True,True,True,0.2073170731707317,1.0
M1:780:2,780,M1,2,legacy_aligned_capture,27,26,1.4634146341463414,True,True,True,0.2073170731707317,1.0
M1:783:0,783,M1,0,primary_semantic_capture,17,16,2.588235294117647,True,True,True,0.27450980392156865,1.0
M1:783:1,783,M1,1,primary_semantic_capture,40,39,3.8823529411764706,True,True,True,0.35294117647058826,1.0
M1:783:2,783,M1,2,primary_semantic_capture,3,2,2.6470588235294117,True,True,True,0.3333333333333333,1.0
M1:783:3,783,M1,3,primary_semantic_capture,10,9,1.9411764705882353,True,True,True,0.23529411764705882,1.0
M1:783:4,783,M1,4,primary_semantic_capture,3,2,1.2549019607843137,True,True,True,0.45098039215686275,1.0
M1:783:5,783,M1,5,primary_semantic_capture,10,9,1.1176470588235294,True,False,True,0.37254901960784315,1.0
M1:783:7,783,M1,7,primary_semantic_capture,1,0,1.3529411764705883,True,True,True,0.23529411764705882,1.0
M1:784:6,784,M1,6,primary_semantic_capture,27,26,4.241379310344827,True,True,True,0.5172413793103449,1.0
M1:784:7,784,M1,7,primary_semantic_capture,2,1,2.0344827586206895,True,True,True,0.6206896551724138,1.0
M1:784:7,784,M1,7,legacy_aligned_capture,2,1,2.0344827586206895,True,True,True,0.6206896551724138,1.0
M1:788:0,788,M1,0,primary_semantic_capture,10,9,1.84,True,True,True,0.36,1.0
M1:788:0,788,M1,0,legacy_aligned_capture,10,9,1.84,True,True,True,0.36,1.0
M1:789:0,789,M1,0,primary_semantic_capture,2,1,2.085714285714286,True,True,True,0.2857142857142857,1.0
M1:789:0,789,M1,0,legacy_aligned_capture,2,1,2.085714285714286,True,True,True,0.2857142857142857,1.0
M1:789:1,789,M1,1,primary_semantic_capture,1,0,0.7857142857142857,False,False,True,0.15714285714285714,1.0
M1:789:1,789,M1,1,legacy_aligned_capture,1,0,0.7857142857142857,False,False,True,0.15714285714285714,1.0
M1:789:2,789,M1,2,primary_semantic_capture,1,0,1.2857142857142858,True,True,True,0.2,1.0
M1:789:3,789,M1,3,primary_semantic_capture,29,28,2.5714285714285716,True,True,True,0.1,1.0
M1:789:3,789,M1,3,legacy_aligned_capture,29,28,2.5714285714285716,True,True,True,0.1,1.0
M1:789:4,789,M1,4,primary_semantic_capture,16,15,1.542857142857143,True,True,True,0.18571428571428572,1.0
M1:789:4,789,M1,4,legacy_aligned_capture,16,15,1.542857142857143,True,True,True,0.18571428571428572,1.0
M1:789:5,789,M1,5,primary_semantic_capture,90,89,3.2285714285714286,True,True,True,0.2,1.0
M1:789:6,789,M1,6,primary_semantic_capture,11,10,1.5142857142857142,True,True,True,0.14285714285714285,1.0
M1:789:7,789,M1,7,primary_semantic_capture,9,8,0.9142857142857143,False,False,True,0.15714285714285714,1.0
M1:790:1,790,M1,1,primary_semantic_capture,5,4,1.8493150684931507,True,True,True,0.589041095890411,1.0
M1:790:3,790,M1,3,primary_semantic_capture,46,45,1.7397260273972603,True,True,True,0.4657534246575342,1.0
M1:790:6,790,M1,6,primary_semantic_capture,5,4,1.178082191780822,True,False,True,0.3698630136986301,1.0
M1:791:0,791,M1,0,primary_semantic_capture,7,6,1.1566265060240963,True,False,True,0.13253012048192772,1.0
M1:791:0,791,M1,0,legacy_aligned_capture,7,6,1.1566265060240963,True,False,True,0.13253012048192772,1.0
M1:791:2,791,M1,2,primary_semantic_capture,1,0,0.6024096385542169,False,False,True,0.14457831325301204,1.0
M1:791:4,791,M1,4,primary_semantic_capture,3,2,0.5903614457831325,False,False,True,0.14457831325301204,1.0
M1:791:4,791,M1,4,legacy_aligned_capture,3,2,0.5903614457831325,False,False,True,0.14457831325301204,1.0
M1:791:5,791,M1,5,primary_semantic_capture,11,10,1.5421686746987953,True,True,True,0.1927710843373494,1.0
M1:791:7,791,M1,7,primary_semantic_capture,1,0,0.5662650602409639,False,False,True,0.0963855421686747,1.0
M1:792:1,792,M1,1,primary_semantic_capture,15,14,1.175,True,False,True,0.4,1.0
M1:793:0,793,M1,0,primary_semantic_capture,37,36,2.0972222222222223,True,True,True,0.5277777777777778,1.0
M1:793:1,793,M1,1,primary_semantic_capture,25,24,1.6111111111111112,True,True,False,0.5972222222222222,0.9347826086956522
M1:793:2,793,M1,2,primary_semantic_capture,12,11,1.7638888888888888,True,True,True,0.5277777777777778,1.0
M1:793:5,793,M1,5,primary_semantic_capture,20,19,2.3472222222222223,True,True,True,0.5833333333333334,1.0
M1:793:5,793,M1,5,legacy_aligned_capture,20,19,2.3472222222222223,True,True,True,0.5833333333333334,1.0
M1:796:1,796,M1,1,primary_semantic_capture,1,0,1.975609756097561,True,True,True,0.6341463414634146,1.0
M1:796:1,796,M1,1,legacy_aligned_capture,1,0,1.975609756097561,True,True,True,0.6341463414634146,1.0
M1:796:2,796,M1,2,primary_semantic_capture,4,3,1.6341463414634145,True,True,True,0.4634146341463415,1.0
M1:796:2,796,M1,2,legacy_aligned_capture,4,3,1.6341463414634145,True,True,True,0.4634146341463415,1.0
M1:797:7,797,M1,7,primary_semantic_capture,12,11,1.8,True,True,True,0.4166666666666667,1.0
M1:798:2,798,M1,2,primary_semantic_capture,13,12,1.391304347826087,True,True,True,0.2028985507246377,1.0
M1:798:3,798,M1,3,primary_semantic_capture,1,0,0.5507246376811594,False,False,True,0.07246376811594203,1.0
M1:798:5,798,M1,5,primary_semantic_capture,4,3,0.8985507246376812,False,False,True,0.2028985507246377,1.0
M1:798:5,798,M1,5,legacy_aligned_capture,4,3,0.8985507246376812,False,False,True,0.2028985507246377,1.0
M1:798:6,798,M1,6,primary_semantic_capture,8,7,0.9855072463768116,False,False,True,0.18840579710144928,1.0
M1:800:5,800,M1,5,primary_semantic_capture,15,14,1.681159420289855,True,True,False,0.2463768115942029,0.6296296296296297
M1:800:6,800,M1,6,primary_semantic_capture,26,25,1.7971014492753623,True,True,True,0.2608695652173913,1.0
M1:801:1,801,M1,1,primary_semantic_capture,8,7,1.2916666666666667,True,True,True,0.4583333333333333,1.0
M1:801:2,801,M1,2,primary_semantic_capture,7,6,0.9791666666666666,False,False,True,0.5416666666666666,1.0
M1:801:2,801,M1,2,legacy_aligned_capture,7,6,0.9791666666666666,False,False,True,0.5416666666666666,1.0
M1:801:3,801,M1,3,primary_semantic_capture,12,11,2.0833333333333335,True,True,True,0.0625,1.0
M1:801:3,801,M1,3,legacy_aligned_capture,51,50,2.8958333333333335,True,True,True,0.0625,1.0
M1:801:4,801,M1,4,primary_semantic_capture,13,12,1.5416666666666667,True,True,True,0.5833333333333334,1.0
M1:801:5,801,M1,5,primary_semantic_capture,14,13,1.2708333333333333,True,True,True,0.625,1.0
M1:801:5,801,M1,5,legacy_aligned_capture,14,13,1.2708333333333333,True,True,True,0.625,1.0
M1:801:7,801,M1,7,primary_semantic_capture,8,7,1.625,True,True,True,0.7083333333333334,1.0
M1:805:2,805,M1,2,primary_semantic_capture,12,11,1.576271186440678,True,True,True,0.288135593220339,1.0
M1:805:6,805,M1,6,primary_semantic_capture,21,20,1.5932203389830508,True,True,True,0.1694915254237288,1.0
M1:806:1,806,M1,1,primary_semantic_capture,8,7,1.4814814814814814,True,True,True,0.6296296296296297,1.0
M1:806:1,806,M1,1,legacy_aligned_capture,8,7,1.4814814814814814,True,True,True,0.6296296296296297,1.0
M1:806:2,806,M1,2,primary_semantic_capture,11,10,1.4197530864197532,True,True,True,0.5802469135802469,1.0
M1:806:2,806,M1,2,legacy_aligned_capture,11,10,1.4197530864197532,True,True,True,0.5802469135802469,1.0
M1:806:4,806,M1,4,primary_semantic_capture,14,13,1.3333333333333333,True,True,True,0.5679012345679012,1.0
M1:807:1,807,M1,1,primary_semantic_capture,10,9,1.7906976744186047,True,True,True,0.2558139534883721,1.0
M1:807:4,807,M1,4,primary_semantic_capture,10,9,1.8372093023255813,True,True,True,0.13953488372093023,1.0
M1:807:4,807,M1,4,legacy_aligned_capture,10,9,1.8372093023255813,True,True,True,0.13953488372093023,1.0
M1:807:5,807,M1,5,primary_semantic_capture,21,20,2.604651162790698,True,True,True,0.27906976744186046,1.0
M1:808:4,808,M1,4,primary_semantic_capture,11,10,1.9642857142857142,True,True,True,0.5714285714285714,1.0
M1:809:0,809,M1,0,primary_semantic_capture,1,0,1.1428571428571428,True,False,True,0.1746031746031746,1.0
M1:809:1,809,M1,1,primary_semantic_capture,2,1,1.3968253968253967,True,True,True,0.15873015873015872,1.0
M1:809:3,809,M1,3,primary_semantic_capture,1,0,0.873015873015873,False,False,True,0.12698412698412698,1.0
M1:809:4,809,M1,4,primary_semantic_capture,30,29,1.0952380952380953,True,False,True,0.14285714285714285,1.0
M1:809:5,809,M1,5,primary_semantic_capture,1,0,1.2698412698412698,True,True,True,0.20634920634920634,1.0
M1:809:6,809,M1,6,primary_semantic_capture,5,4,1.253968253968254,True,True,True,0.1746031746031746,1.0
M1:809:7,809,M1,7,primary_semantic_capture,4,3,1.507936507936508,True,True,True,0.12698412698412698,1.0
M1:810:7,810,M1,7,primary_semantic_capture,2,1,1.6031746031746033,True,True,True,0.5238095238095238,1.0
M1:810:7,810,M1,7,legacy_aligned_capture,2,1,1.6031746031746033,True,True,True,0.5238095238095238,1.0
M1:811:2,811,M1,2,primary_semantic_capture,60,59,1.8735632183908046,True,True,True,0.21839080459770116,1.0
M1:811:3,811,M1,3,primary_semantic_capture,8,7,1.4367816091954022,True,True,True,0.22988505747126436,1.0
M1:811:4,811,M1,4,primary_semantic_capture,92,91,2.6206896551724137,True,True,True,0.22988505747126436,1.0
M1:811:5,811,M1,5,primary_semantic_capture,6,5,1.3563218390804597,True,True,True,0.25287356321839083,1.0
M1:811:5,811,M1,5,legacy_aligned_capture,7,6,1.367816091954023,True,True,True,0.25287356321839083,1.0
M1:811:6,811,M1,6,primary_semantic_capture,13,12,1.2528735632183907,True,True,True,0.09195402298850575,1.0
M1:811:7,811,M1,7,primary_semantic_capture,20,19,1.4022988505747127,True,True,True,0.1839080459770115,1.0
M1:814:3,814,M1,3,primary_semantic_capture,13,12,0.9452054794520548,False,False,True,0.5616438356164384,1.0
M1:814:3,814,M1,3,legacy_aligned_capture,13,12,0.9452054794520548,False,False,True,0.5616438356164384,1.0
M1:815:0,815,M1,0,primary_semantic_capture,2,1,3.1272727272727274,True,True,True,0.5818181818181818,1.0
M1:815:1,815,M1,1,primary_semantic_capture,3,2,2.018181818181818,True,True,True,0.5454545454545454,1.0
M1:815:2,815,M1,2,primary_semantic_capture,15,14,1.8545454545454545,True,True,True,0.5454545454545454,1.0
M1:815:3,815,M1,3,primary_semantic_capture,15,14,2.6363636363636362,True,True,True,0.18181818181818182,1.0
M1:815:4,815,M1,4,primary_semantic_capture,94,93,3.5636363636363635,True,True,True,0.5454545454545454,1.0
M1:815:5,815,M1,5,primary_semantic_capture,34,33,2.4545454545454546,True,True,True,0.41818181818181815,1.0
M1:815:6,815,M1,6,primary_semantic_capture,2,1,1.018181818181818,True,False,True,0.2909090909090909,1.0
M1:815:7,815,M1,7,primary_semantic_capture,7,6,2.381818181818182,True,True,True,0.509090909090909,1.0
M1:816:4,816,M1,4,primary_semantic_capture,30,29,2.314814814814815,True,True,True,0.6666666666666666,1.0
M1:816:5,816,M1,5,primary_semantic_capture,5,4,1.2777777777777777,True,True,True,0.6851851851851852,1.0
M1:816:7,816,M1,7,primary_semantic_capture,4,3,1.7777777777777777,True,True,True,0.5925925925925926,1.0
M1:817:4,817,M1,4,primary_semantic_capture,6,5,2.792452830188679,True,True,True,0.6415094339622641,1.0
M1:819:0,819,M1,0,primary_semantic_capture,1,0,0.9433962264150944,False,False,True,0.20754716981132076,1.0
M1:819:3,819,M1,3,primary_semantic_capture,28,27,1.528301886792453,True,True,False,0.4716981132075472,0.9259259259259259
M1:819:4,819,M1,4,primary_semantic_capture,10,9,1.2830188679245282,True,True,True,0.20754716981132076,1.0
M1:819:5,819,M1,5,primary_semantic_capture,4,3,1.4150943396226414,True,True,True,0.4339622641509434,1.0
M1:820:0,820,M1,0,primary_semantic_capture,2,1,1.0,True,False,True,0.1875,1.0
M1:820:1,820,M1,1,primary_semantic_capture,4,3,1.4375,True,True,True,0.15625,1.0
M1:820:1,820,M1,1,legacy_aligned_capture,4,3,1.4375,True,True,True,0.15625,1.0
M1:820:2,820,M1,2,primary_semantic_capture,11,10,1.78125,True,True,True,0.15625,1.0
M1:820:2,820,M1,2,legacy_aligned_capture,11,10,1.78125,True,True,True,0.15625,1.0
M1:820:3,820,M1,3,primary_semantic_capture,3,2,1.78125,True,True,True,0.0625,1.0
M1:820:4,820,M1,4,primary_semantic_capture,8,7,2.15625,True,True,True,0.15625,1.0
M1:820:5,820,M1,5,primary_semantic_capture,9,8,2.71875,True,True,True,0.09375,1.0
M1:820:5,820,M1,5,legacy_aligned_capture,9,8,2.71875,True,True,True,0.09375,1.0
M1:820:6,820,M1,6,primary_semantic_capture,4,3,2.25,True,True,True,0.25,1.0
M1:820:7,820,M1,7,primary_semantic_capture,10,9,1.90625,True,True,True,0.25,1.0
M1:822:0,822,M1,0,primary_semantic_capture,2,1,1.6363636363636365,True,True,True,0.41818181818181815,1.0
M1:822:2,822,M1,2,primary_semantic_capture,5,4,1.1636363636363636,True,False,True,0.4,1.0
M1:822:2,822,M1,2,legacy_aligned_capture,5,4,1.1636363636363636,True,False,True,0.4,1.0
M1:822:3,822,M1,3,primary_semantic_capture,7,6,0.8181818181818182,False,False,True,0.34545454545454546,1.0
M1:822:3,822,M1,3,legacy_aligned_capture,7,6,0.8181818181818182,False,False,True,0.34545454545454546,1.0
M1:822:5,822,M1,5,primary_semantic_capture,3,2,0.9272727272727272,False,False,True,0.05454545454545454,1.0
M1:822:5,822,M1,5,legacy_aligned_capture,3,2,0.9272727272727272,False,False,True,0.05454545454545454,1.0
M1:823:1,823,M1,1,primary_semantic_capture,43,42,3.311111111111111,True,True,True,0.17777777777777778,1.0
M1:823:3,823,M1,3,primary_semantic_capture,6,5,1.4444444444444444,True,True,True,0.26666666666666666,1.0
M1:823:4,823,M1,4,primary_semantic_capture,5,4,1.9333333333333333,True,True,True,0.24444444444444444,1.0
M1:823:5,823,M1,5,primary_semantic_capture,14,13,2.3555555555555556,True,True,True,0.28888888888888886,1.0
M1:823:5,823,M1,5,legacy_aligned_capture,14,13,2.3555555555555556,True,True,True,0.28888888888888886,1.0
M1:823:6,823,M1,6,primary_semantic_capture,6,5,1.9111111111111112,True,True,True,0.24444444444444444,1.0
M1:823:7,823,M1,7,primary_semantic_capture,22,21,2.6222222222222222,True,True,True,0.26666666666666666,1.0
M1:824:2,824,M1,2,primary_semantic_capture,30,29,1.5797101449275361,True,True,True,0.4492753623188406,1.0
M1:824:3,824,M1,3,primary_semantic_capture,6,5,1.8840579710144927,True,True,True,0.5507246376811594,1.0
M1:825:1,825,M1,1,primary_semantic_capture,2,1,1.0,True,False,True,0.25757575757575757,1.0
M1:825:1,825,M1,1,legacy_aligned_capture,2,1,1.0,True,False,True,0.25757575757575757,1.0
M1:825:2,825,M1,2,primary_semantic_capture,32,31,1.7727272727272727,True,True,True,0.22727272727272727,1.0
M1:825:4,825,M1,4,primary_semantic_capture,9,8,1.0909090909090908,True,False,True,0.22727272727272727,1.0
M1:825:5,825,M1,5,primary_semantic_capture,1,0,1.8181818181818181,True,True,True,0.16666666666666666,1.0
M1:825:6,825,M1,6,primary_semantic_capture,38,37,1.7727272727272727,True,True,True,0.21212121212121213,1.0
M1:825:7,825,M1,7,primary_semantic_capture,7,6,0.803030303030303,False,False,True,0.21212121212121213,1.0
M1:828:0,828,M1,0,primary_semantic_capture,11,10,2.2195121951219514,True,True,True,0.5609756097560976,1.0
M1:828:0,828,M1,0,legacy_aligned_capture,11,10,2.2195121951219514,True,True,True,0.5609756097560976,1.0
M1:828:2,828,M1,2,primary_semantic_capture,21,20,0.8414634146341463,False,False,True,0.18292682926829268,1.0
M1:828:3,828,M1,3,primary_semantic_capture,2,1,0.8658536585365854,False,False,False,0.3048780487804878,0.7142857142857143
M1:828:4,828,M1,4,primary_semantic_capture,28,27,1.3170731707317074,True,True,True,0.18292682926829268,1.0
M1:828:6,828,M1,6,primary_semantic_capture,11,10,1.2682926829268293,True,True,True,0.3170731707317073,1.0
M1:829:0,829,M1,0,primary_semantic_capture,32,31,1.6541353383458646,True,True,True,0.3533834586466165,1.0
M1:829:3,829,M1,3,primary_semantic_capture,2,1,0.8195488721804511,False,False,True,0.2932330827067669,1.0
M1:829:4,829,M1,4,primary_semantic_capture,9,8,0.7744360902255639,False,False,True,0.2631578947368421,1.0
M1:829:7,829,M1,7,primary_semantic_capture,33,32,2.180451127819549,True,True,True,0.23308270676691728,1.0
M1:830:0,830,M1,0,primary_semantic_capture,6,5,2.075,True,True,True,0.4875,1.0
M1:830:0,830,M1,0,legacy_aligned_capture,6,5,2.075,True,True,True,0.4875,1.0
M1:830:1,830,M1,1,primary_semantic_capture,13,12,1.6125,True,True,True,0.3125,1.0
M1:830:1,830,M1,1,legacy_aligned_capture,13,12,1.6125,True,True,True,0.3125,1.0
M1:830:2,830,M1,2,primary_semantic_capture,35,34,1.975,True,True,True,0.325,1.0
M1:830:3,830,M1,3,primary_semantic_capture,33,32,1.575,True,True,True,0.4375,1.0
M1:830:6,830,M1,6,primary_semantic_capture,4,3,2.325,True,True,True,0.4,1.0
M1:830:6,830,M1,6,legacy_aligned_capture,4,3,2.325,True,True,True,0.4,1.0
M1:833:0,833,M1,0,primary_semantic_capture,7,6,0.8888888888888888,False,False,True,0.14285714285714285,1.0
M1:833:1,833,M1,1,primary_semantic_capture,31,30,1.2063492063492063,True,False,True,0.12698412698412698,1.0
M1:833:2,833,M1,2,primary_semantic_capture,4,3,1.3174603174603174,True,True,True,0.1111111111111111,1.0
M1:833:3,833,M1,3,primary_semantic_capture,53,52,3.015873015873016,True,True,True,0.19047619047619047,1.0
M1:833:3,833,M1,3,legacy_aligned_capture,53,52,3.015873015873016,True,True,True,0.19047619047619047,1.0
M1:833:4,833,M1,4,primary_semantic_capture,42,41,1.9047619047619047,True,True,True,0.1746031746031746,1.0
M1:833:5,833,M1,5,primary_semantic_capture,15,14,1.2857142857142858,True,True,True,0.09523809523809523,1.0
M1:833:6,833,M1,6,primary_semantic_capture,4,3,1.1746031746031746,True,False,True,0.19047619047619047,1.0
M1:833:7,833,M1,7,primary_semantic_capture,8,7,1.9047619047619047,True,True,True,0.2857142857142857,1.0
M1:833:7,833,M1,7,legacy_aligned_capture,8,7,1.9047619047619047,True,True,True,0.2857142857142857,1.0
M1:834:0,834,M1,0,primary_semantic_capture,3,2,1.2727272727272727,True,True,True,0.14545454545454545,1.0
M1:834:0,834,M1,0,legacy_aligned_capture,3,2,1.2727272727272727,True,True,True,0.14545454545454545,1.0
M1:834:1,834,M1,1,primary_semantic_capture,2,1,1.4,True,True,True,0.2545454545454545,1.0
M1:834:2,834,M1,2,primary_semantic_capture,54,53,1.7272727272727273,True,True,True,0.10909090909090909,1.0
M1:834:3,834,M1,3,primary_semantic_capture,17,16,1.290909090909091,True,True,True,0.09090909090909091,1.0
M1:834:4,834,M1,4,primary_semantic_capture,7,6,1.2181818181818183,True,False,True,0.10909090909090909,1.0
M1:834:5,834,M1,5,primary_semantic_capture,4,3,2.018181818181818,True,True,True,0.16363636363636364,1.0
M1:834:5,834,M1,5,legacy_aligned_capture,4,3,2.018181818181818,True,True,True,0.16363636363636364,1.0
M1:834:7,834,M1,7,primary_semantic_capture,9,8,1.4,True,True,True,0.14545454545454545,1.0
M1:836:0,836,M1,0,primary_semantic_capture,4,3,1.0,True,False,True,0.08620689655172414,1.0
M1:836:1,836,M1,1,primary_semantic_capture,8,7,1.4827586206896552,True,True,True,0.10344827586206896,1.0
M1:836:2,836,M1,2,primary_semantic_capture,6,5,1.6896551724137931,True,True,True,0.1896551724137931,1.0
M1:836:3,836,M1,3,primary_semantic_capture,17,16,1.3448275862068966,True,True,True,0.15517241379310345,1.0
M1:836:4,836,M1,4,primary_semantic_capture,5,4,1.0172413793103448,True,False,True,0.06896551724137931,1.0
M1:836:5,836,M1,5,primary_semantic_capture,5,4,2.1379310344827585,True,True,True,0.1724137931034483,1.0
M1:836:5,836,M1,5,legacy_aligned_capture,7,6,2.1724137931034484,True,True,True,0.1724137931034483,1.0
M1:836:6,836,M1,6,primary_semantic_capture,6,5,1.3793103448275863,True,True,True,0.13793103448275862,1.0
M1:836:7,836,M1,7,primary_semantic_capture,46,45,2.0,True,True,True,0.08620689655172414,1.0
M1:837:0,837,M1,0,primary_semantic_capture,13,12,1.372093023255814,True,True,True,0.38372093023255816,1.0
M1:837:1,837,M1,1,primary_semantic_capture,16,15,1.6395348837209303,True,True,True,0.5116279069767442,1.0
M1:837:4,837,M1,4,primary_semantic_capture,2,1,1.6744186046511629,True,True,True,0.1744186046511628,1.0
M1:837:5,837,M1,5,primary_semantic_capture,14,13,1.302325581395349,True,True,True,0.16279069767441862,1.0
M1:837:7,837,M1,7,primary_semantic_capture,2,1,0.7790697674418605,False,False,False,0.27906976744186046,0.6153846153846154
M1:838:0,838,M1,0,primary_semantic_capture,19,18,2.375,True,True,True,0.3125,1.0
M1:838:3,838,M1,3,primary_semantic_capture,1,0,2.09375,True,True,True,0.5,1.0
M1:838:4,838,M1,4,primary_semantic_capture,3,2,2.28125,True,True,True,0.46875,1.0
M1:838:5,838,M1,5,primary_semantic_capture,30,29,2.78125,True,True,True,0.34375,1.0
M1:838:7,838,M1,7,primary_semantic_capture,14,13,2.875,True,True,True,0.4375,1.0
M1:839:0,839,M1,0,primary_semantic_capture,11,10,3.317073170731707,True,True,True,0.36585365853658536,1.0
M1:839:2,839,M1,2,primary_semantic_capture,1,0,1.951219512195122,True,True,True,0.3902439024390244,1.0
M1:839:6,839,M1,6,primary_semantic_capture,10,9,3.341463414634146,True,True,True,0.36585365853658536,1.0
M1:841:7,841,M1,7,primary_semantic_capture,2,1,1.4166666666666667,True,True,True,0.5833333333333334,1.0
M1:842:1,842,M1,1,primary_semantic_capture,5,4,0.7352941176470589,False,False,True,0.09803921568627451,1.0
M1:842:2,842,M1,2,primary_semantic_capture,14,13,1.0588235294117647,True,False,True,0.4117647058823529,1.0
M1:842:4,842,M1,4,primary_semantic_capture,1,0,0.47058823529411764,False,False,True,0.12745098039215685,1.0
M1:842:5,842,M1,5,primary_semantic_capture,2,1,0.7843137254901961,False,False,True,0.3235294117647059,1.0
M1:842:6,842,M1,6,primary_semantic_capture,3,2,0.8137254901960784,False,False,True,0.3137254901960784,1.0
M1:842:7,842,M1,7,primary_semantic_capture,34,33,1.0588235294117647,True,False,True,0.24509803921568626,1.0
M1:843:0,843,M1,0,primary_semantic_capture,10,9,1.0615384615384615,True,False,True,0.27692307692307694,1.0
M1:844:2,844,M1,2,primary_semantic_capture,16,15,3.414285714285714,True,True,True,0.24285714285714285,1.0
M1:844:2,844,M1,2,legacy_aligned_capture,16,15,3.414285714285714,True,True,True,0.24285714285714285,1.0
M1:844:3,844,M1,3,primary_semantic_capture,1,0,1.2,True,False,True,0.18571428571428572,1.0
M1:844:4,844,M1,4,primary_semantic_capture,10,9,3.2714285714285714,True,True,True,0.2,1.0
M1:844:6,844,M1,6,primary_semantic_capture,3,2,1.3142857142857143,True,True,True,0.12857142857142856,1.0
M1:844:6,844,M1,6,legacy_aligned_capture,4,3,1.3285714285714285,True,True,True,0.12857142857142856,1.0
M1:844:7,844,M1,7,primary_semantic_capture,13,12,3.585714285714286,True,True,True,0.21428571428571427,1.0
M1:846:1,846,M1,1,primary_semantic_capture,2,1,1.6923076923076923,True,True,True,0.40384615384615385,1.0
M1:846:3,846,M1,3,primary_semantic_capture,5,4,1.75,True,True,True,0.4423076923076923,1.0
M1:846:7,846,M1,7,primary_semantic_capture,11,10,2.480769230769231,True,True,True,0.38461538461538464,1.0
M1:846:7,846,M1,7,legacy_aligned_capture,11,10,2.480769230769231,True,True,True,0.38461538461538464,1.0
M1:848:0,848,M1,0,primary_semantic_capture,17,16,2.3088235294117645,True,True,True,0.3382352941176471,1.0
M1:848:2,848,M1,2,primary_semantic_capture,3,2,1.338235294117647,True,True,True,0.14705882352941177,1.0
M1:848:2,848,M1,2,legacy_aligned_capture,3,2,1.338235294117647,True,True,True,0.14705882352941177,1.0
M1:848:3,848,M1,3,primary_semantic_capture,53,52,1.8970588235294117,True,True,True,0.10294117647058823,1.0
M1:848:3,848,M1,3,legacy_aligned_capture,53,52,1.8970588235294117,True,True,True,0.10294117647058823,1.0
M1:848:4,848,M1,4,primary_semantic_capture,9,8,1.3823529411764706,True,True,True,0.04411764705882353,1.0
M1:849:3,849,M1,3,primary_semantic_capture,5,4,1.2394366197183098,True,False,True,0.6056338028169014,1.0
M1:849:4,849,M1,4,primary_semantic_capture,24,23,1.4225352112676057,True,True,True,0.6338028169014085,1.0
M1:849:4,849,M1,4,legacy_aligned_capture,24,23,1.4225352112676057,True,True,True,0.6338028169014085,1.0
M1:850:1,850,M1,1,primary_semantic_capture,1,0,1.9870129870129871,True,True,True,0.6623376623376623,1.0
M1:851:2,851,M1,2,primary_semantic_capture,2,1,1.3125,True,True,True,0.5416666666666666,1.0
M1:851:2,851,M1,2,legacy_aligned_capture,4,3,1.3541666666666667,True,True,True,0.5416666666666666,1.0
M1:851:3,851,M1,3,primary_semantic_capture,1,0,1.4791666666666667,True,True,True,0.375,1.0
M1:853:0,853,M1,0,primary_semantic_capture,38,37,1.5816326530612246,True,True,True,0.12244897959183673,1.0
M1:853:2,853,M1,2,primary_semantic_capture,28,27,0.8163265306122449,False,False,True,0.061224489795918366,1.0
M1:853:3,853,M1,3,primary_semantic_capture,18,17,1.2653061224489797,True,True,True,0.061224489795918366,1.0
M1:853:4,853,M1,4,primary_semantic_capture,19,18,1.8265306122448979,True,True,True,0.02040816326530612,1.0
M1:853:5,853,M1,5,primary_semantic_capture,5,4,0.3979591836734694,False,False,True,0.08163265306122448,1.0
M1:853:6,853,M1,6,primary_semantic_capture,16,15,1.0918367346938775,True,False,True,0.061224489795918366,1.0
M1:853:7,853,M1,7,primary_semantic_capture,13,12,1.2040816326530612,True,False,True,0.10204081632653061,1.0
M1:854:0,854,M1,0,primary_semantic_capture,15,14,1.6363636363636365,True,True,True,0.3181818181818182,1.0
M1:854:0,854,M1,0,legacy_aligned_capture,15,14,1.6363636363636365,True,True,True,0.3181818181818182,1.0
M1:854:4,854,M1,4,primary_semantic_capture,14,13,1.2840909090909092,True,True,True,0.29545454545454547,1.0
M1:854:5,854,M1,5,primary_semantic_capture,44,43,1.2840909090909092,True,True,True,0.10227272727272728,1.0
M1:854:6,854,M1,6,primary_semantic_capture,20,19,0.875,False,False,True,0.2840909090909091,1.0
M1:854:6,854,M1,6,legacy_aligned_capture,20,19,0.875,False,False,True,0.2840909090909091,1.0
M1:857:0,857,M1,0,primary_semantic_capture,6,5,2.28,True,True,True,0.4,1.0
M1:857:2,857,M1,2,primary_semantic_capture,2,1,2.26,True,True,True,0.36,1.0
M1:857:2,857,M1,2,legacy_aligned_capture,2,1,2.26,True,True,True,0.36,1.0
M1:857:7,857,M1,7,primary_semantic_capture,4,3,2.36,True,True,True,0.56,1.0
M1:857:7,857,M1,7,legacy_aligned_capture,4,3,2.36,True,True,True,0.56,1.0
M1:858:1,858,M1,1,primary_semantic_capture,10,9,1.1666666666666667,True,False,False,0.21212121212121213,0.5384615384615384
M1:858:2,858,M1,2,primary_semantic_capture,13,12,1.893939393939394,True,True,True,0.4696969696969697,1.0
M1:858:3,858,M1,3,primary_semantic_capture,8,7,1.4545454545454546,True,True,True,0.42424242424242425,1.0
M1:858:4,858,M1,4,primary_semantic_capture,82,81,3.1515151515151514,True,True,True,0.36363636363636365,1.0
M1:858:6,858,M1,6,primary_semantic_capture,20,19,2.712121212121212,True,True,True,0.3939393939393939,1.0
M1:858:6,858,M1,6,legacy_aligned_capture,20,19,2.712121212121212,True,True,True,0.3939393939393939,1.0
M1:859:1,859,M1,1,primary_semantic_capture,14,13,1.1886792452830188,True,False,True,0.18867924528301888,1.0
M1:859:3,859,M1,3,primary_semantic_capture,40,39,1.7547169811320755,True,True,True,0.18867924528301888,1.0
M1:859:4,859,M1,4,primary_semantic_capture,23,22,1.6603773584905661,True,True,True,0.22641509433962265,1.0
M1:860:3,860,M1,3,primary_semantic_capture,8,7,1.9,True,True,True,0.3333333333333333,1.0
M1:860:3,860,M1,3,legacy_aligned_capture,8,7,1.9,True,True,True,0.3333333333333333,1.0
M1:861:2,861,M1,2,primary_semantic_capture,12,11,1.0,True,False,True,0.41935483870967744,1.0
M1:861:2,861,M1,2,legacy_aligned_capture,12,11,1.0,True,False,True,0.41935483870967744,1.0
M1:861:5,861,M1,5,primary_semantic_capture,5,4,0.6774193548387096,False,False,False,0.2903225806451613,0.6428571428571429
M1:862:0,862,M1,0,primary_semantic_capture,5,4,1.5657894736842106,True,True,True,0.6052631578947368,1.0
M1:862:4,862,M1,4,primary_semantic_capture,5,4,1.3157894736842106,True,True,True,0.47368421052631576,1.0
M1:862:4,862,M1,4,legacy_aligned_capture,5,4,1.3157894736842106,True,True,True,0.47368421052631576,1.0
M1:863:0,863,M1,0,primary_semantic_capture,3,2,1.3529411764705883,True,True,True,0.43137254901960786,1.0
M1:863:6,863,M1,6,primary_semantic_capture,7,6,1.2941176470588236,True,True,True,0.45098039215686275,1.0
M1:865:1,865,M1,1,primary_semantic_capture,12,11,1.971698113207547,True,True,True,0.19811320754716982,1.0
M1:865:2,865,M1,2,primary_semantic_capture,1,0,0.7547169811320755,False,False,True,0.04716981132075472,1.0
M1:865:3,865,M1,3,primary_semantic_capture,10,9,1.2830188679245282,True,True,True,0.14150943396226415,1.0
M1:865:4,865,M1,4,primary_semantic_capture,38,37,0.8584905660377359,False,False,True,0.14150943396226415,1.0
M1:865:5,865,M1,5,primary_semantic_capture,8,7,1.0471698113207548,True,False,True,0.18867924528301888,1.0
M1:865:6,865,M1,6,primary_semantic_capture,5,4,0.9811320754716981,False,False,True,0.12264150943396226,1.0
M1:865:6,865,M1,6,legacy_aligned_capture,5,4,0.9811320754716981,False,False,True,0.12264150943396226,1.0
M1:865:7,865,M1,7,primary_semantic_capture,9,8,0.8773584905660378,False,False,True,0.12264150943396226,1.0
M1:866:0,866,M1,0,primary_semantic_capture,10,9,2.2641509433962264,True,True,True,0.2641509433962264,1.0
M1:866:1,866,M1,1,primary_semantic_capture,3,2,3.641509433962264,True,True,True,0.22641509433962265,1.0
M1:866:2,866,M1,2,primary_semantic_capture,9,8,2.3962264150943398,True,True,True,0.18867924528301888,1.0
M1:866:3,866,M1,3,primary_semantic_capture,12,11,2.1320754716981134,True,True,True,0.22641509433962265,1.0
M1:866:7,866,M1,7,primary_semantic_capture,25,24,2.509433962264151,True,True,True,0.20754716981132076,1.0
M1:867:1,867,M1,1,primary_semantic_capture,31,30,2.236111111111111,True,True,True,0.09722222222222222,1.0
M1:867:3,867,M1,3,primary_semantic_capture,10,9,0.9027777777777778,False,False,True,0.06944444444444445,1.0
M1:867:4,867,M1,4,primary_semantic_capture,20,19,1.4722222222222223,True,True,True,0.06944444444444445,1.0
M1:867:5,867,M1,5,primary_semantic_capture,60,59,2.4166666666666665,True,True,True,0.16666666666666666,1.0
M1:867:7,867,M1,7,primary_semantic_capture,29,28,1.3888888888888888,True,True,True,0.1388888888888889,1.0
M1:868:0,868,M1,0,primary_semantic_capture,22,21,2.967741935483871,True,True,True,0.5161290322580645,1.0
M1:868:6,868,M1,6,primary_semantic_capture,8,7,3.225806451612903,True,True,True,0.8387096774193549,1.0
M1:870:0,870,M1,0,primary_semantic_capture,12,11,1.4625,True,True,True,0.2,1.0
M1:871:1,871,M1,1,primary_semantic_capture,8,7,1.4864864864864864,True,True,True,0.28378378378378377,1.0
M1:871:3,871,M1,3,primary_semantic_capture,5,4,1.054054054054054,True,False,True,0.2972972972972973,1.0
M1:871:4,871,M1,4,primary_semantic_capture,20,19,1.1486486486486487,True,False,True,0.24324324324324326,1.0
M1:871:4,871,M1,4,legacy_aligned_capture,20,19,1.1486486486486487,True,False,True,0.24324324324324326,1.0
M1:871:5,871,M1,5,primary_semantic_capture,31,30,1.8108108108108107,True,True,True,0.3918918918918919,1.0
M1:871:6,871,M1,6,primary_semantic_capture,61,60,2.108108108108108,True,True,True,0.24324324324324326,1.0
M1:871:7,871,M1,7,primary_semantic_capture,47,46,1.9324324324324325,True,True,True,0.32432432432432434,1.0
M1:872:1,872,M1,1,primary_semantic_capture,1,0,1.0224719101123596,True,False,True,0.02247191011235955,1.0
M1:872:1,872,M1,1,legacy_aligned_capture,1,0,1.0224719101123596,True,False,True,0.02247191011235955,1.0
M1:872:3,872,M1,3,primary_semantic_capture,13,12,1.6853932584269662,True,True,True,0.10112359550561797,1.0
M1:872:5,872,M1,5,primary_semantic_capture,17,16,0.7865168539325843,False,False,True,0.0449438202247191,1.0
M1:874:0,874,M1,0,primary_semantic_capture,3,2,1.2884615384615385,True,True,True,0.19230769230769232,1.0
M1:874:0,874,M1,0,legacy_aligned_capture,3,2,1.2884615384615385,True,True,True,0.19230769230769232,1.0
M1:874:4,874,M1,4,primary_semantic_capture,5,4,2.9038461538461537,True,True,True,0.11538461538461539,1.0
M1:874:6,874,M1,6,primary_semantic_capture,10,9,2.4615384615384617,True,True,True,0.1346153846153846,1.0
M1:874:6,874,M1,6,legacy_aligned_capture,10,9,2.4615384615384617,True,True,True,0.1346153846153846,1.0
M1:874:7,874,M1,7,primary_semantic_capture,5,4,2.6923076923076925,True,True,True,0.1346153846153846,1.0
M1:875:0,875,M1,0,primary_semantic_capture,5,4,0.8725490196078431,False,False,True,0.45098039215686275,1.0
M1:875:1,875,M1,1,primary_semantic_capture,5,4,0.5686274509803921,False,False,True,0.29411764705882354,1.0
M1:875:2,875,M1,2,primary_semantic_capture,18,17,1.0490196078431373,True,False,True,0.3431372549019608,1.0
M1:875:4,875,M1,4,primary_semantic_capture,6,5,0.5490196078431373,False,False,True,0.2549019607843137,1.0
M1:875:5,875,M1,5,primary_semantic_capture,7,6,1.0686274509803921,True,False,True,0.4215686274509804,1.0
M1:875:6,875,M1,6,primary_semantic_capture,14,13,0.9509803921568627,False,False,True,0.43137254901960786,1.0
M1:875:7,875,M1,7,primary_semantic_capture,12,11,0.7647058823529411,False,False,True,0.1568627450980392,1.0
M1:877:1,877,M1,1,primary_semantic_capture,6,5,1.5675675675675675,True,True,True,0.4594594594594595,1.0
M1:878:3,878,M1,3,primary_semantic_capture,8,7,1.4516129032258065,True,True,True,0.25806451612903225,1.0
M1:878:6,878,M1,6,primary_semantic_capture,7,6,1.4516129032258065,True,True,True,0.1935483870967742,1.0
M1:879:2,879,M1,2,primary_semantic_capture,1,0,1.6875,True,True,True,0.203125,1.0
M1:879:2,879,M1,2,legacy_aligned_capture,1,0,1.6875,True,True,True,0.203125,1.0
M1:879:5,879,M1,5,primary_semantic_capture,9,8,1.5625,True,True,True,0.234375,1.0
M1:879:6,879,M1,6,primary_semantic_capture,3,2,1.609375,True,True,True,0.1875,1.0
M1:879:6,879,M1,6,legacy_aligned_capture,3,2,1.609375,True,True,True,0.1875,1.0
M1:879:7,879,M1,7,primary_semantic_capture,4,3,1.484375,True,True,True,0.203125,1.0
M1:879:7,879,M1,7,legacy_aligned_capture,4,3,1.484375,True,True,True,0.203125,1.0
M1:880:1,880,M1,1,primary_semantic_capture,7,6,3.473684210526316,True,True,True,0.15789473684210525,1.0
M1:880:5,880,M1,5,primary_semantic_capture,5,4,4.315789473684211,True,True,True,0.21052631578947367,1.0
M1:880:5,880,M1,5,legacy_aligned_capture,5,4,4.315789473684211,True,True,True,0.21052631578947367,1.0
M1:882:0,882,M1,0,primary_semantic_capture,5,4,1.1891891891891893,True,False,True,0.08108108108108109,1.0
M1:882:1,882,M1,1,primary_semantic_capture,6,5,1.2162162162162162,True,False,True,0.13513513513513514,1.0
M1:882:2,882,M1,2,primary_semantic_capture,7,6,1.8918918918918919,True,True,True,0.02702702702702703,1.0
M1:882:3,882,M1,3,primary_semantic_capture,15,14,1.0,True,False,True,0.13513513513513514,1.0
M1:882:4,882,M1,4,primary_semantic_capture,12,11,1.1891891891891893,True,False,True,0.02702702702702703,1.0
M1:882:5,882,M1,5,primary_semantic_capture,13,12,2.108108108108108,True,True,True,0.08108108108108109,1.0
M1:882:6,882,M1,6,primary_semantic_capture,29,28,2.5405405405405403,True,True,True,0.05405405405405406,1.0
M1:882:7,882,M1,7,primary_semantic_capture,8,7,0.8378378378378378,False,False,True,0.08108108108108109,1.0
M1:884:1,884,M1,1,primary_semantic_capture,41,40,1.7714285714285714,True,True,True,0.24285714285714285,1.0
M1:884:2,884,M1,2,primary_semantic_capture,13,12,0.7428571428571429,False,False,True,0.15714285714285714,1.0
M1:884:4,884,M1,4,primary_semantic_capture,7,6,1.3857142857142857,True,True,True,0.37142857142857144,1.0
M1:884:7,884,M1,7,primary_semantic_capture,1,0,0.8857142857142857,False,False,True,0.4,1.0
M1:884:7,884,M1,7,legacy_aligned_capture,1,0,0.8857142857142857,False,False,True,0.4,1.0
M1:885:0,885,M1,0,primary_semantic_capture,4,3,0.8032786885245902,False,False,True,0.01639344262295082,1.0
M1:885:1,885,M1,1,primary_semantic_capture,1,0,1.639344262295082,True,True,True,0.32786885245901637,1.0
M1:885:2,885,M1,2,primary_semantic_capture,24,23,1.4918032786885247,True,True,True,0.19672131147540983,1.0
M1:885:2,885,M1,2,legacy_aligned_capture,24,23,1.4918032786885247,True,True,True,0.19672131147540983,1.0
M1:885:3,885,M1,3,primary_semantic_capture,3,2,0.5573770491803278,False,False,True,0.11475409836065574,1.0
M1:885:4,885,M1,4,primary_semantic_capture,1,0,0.9344262295081968,False,False,True,0.16393442622950818,1.0
M1:885:5,885,M1,5,primary_semantic_capture,11,10,1.3114754098360655,True,True,True,0.16393442622950818,1.0
M1:885:6,885,M1,6,primary_semantic_capture,3,2,0.8360655737704918,False,False,True,0.01639344262295082,1.0
M1:885:7,885,M1,7,primary_semantic_capture,1,0,2.0327868852459017,True,True,True,0.08196721311475409,1.0
M1:886:3,886,M1,3,primary_semantic_capture,4,3,1.775,True,True,True,0.6,1.0
M1:887:0,887,M1,0,primary_semantic_capture,4,3,1.7818181818181817,True,True,True,0.16363636363636364,1.0
M1:887:1,887,M1,1,primary_semantic_capture,200,199,5.654545454545454,True,True,True,0.14545454545454545,1.0
M1:887:2,887,M1,2,primary_semantic_capture,1,0,0.9818181818181818,False,False,True,0.2545454545454545,1.0
M1:887:2,887,M1,2,legacy_aligned_capture,1,0,0.9818181818181818,False,False,True,0.2545454545454545,1.0
M1:887:3,887,M1,3,primary_semantic_capture,3,2,2.1454545454545455,True,True,True,0.2727272727272727,1.0
M1:887:4,887,M1,4,primary_semantic_capture,12,11,1.6545454545454545,True,True,True,0.21818181818181817,1.0
M1:887:4,887,M1,4,legacy_aligned_capture,66,65,2.6363636363636362,True,True,True,0.21818181818181817,1.0
M1:887:5,887,M1,5,primary_semantic_capture,1,0,1.3636363636363635,True,True,True,0.2909090909090909,1.0
M1:887:5,887,M1,5,legacy_aligned_capture,2,1,1.3818181818181818,True,True,True,0.2909090909090909,1.0
M1:887:6,887,M1,6,primary_semantic_capture,5,4,1.690909090909091,True,True,True,0.2727272727272727,1.0
M1:887:6,887,M1,6,legacy_aligned_capture,5,4,1.690909090909091,True,True,True,0.2727272727272727,1.0
M1:887:7,887,M1,7,primary_semantic_capture,5,4,1.6727272727272726,True,True,True,0.23636363636363636,1.0
M1:887:7,887,M1,7,legacy_aligned_capture,5,4,1.6727272727272726,True,True,True,0.23636363636363636,1.0
M1:888:0,888,M1,0,primary_semantic_capture,146,145,3.3902439024390243,True,True,True,0.15853658536585366,1.0
M1:888:1,888,M1,1,primary_semantic_capture,12,11,1.4634146341463414,True,True,True,0.1951219512195122,1.0
M1:888:1,888,M1,1,legacy_aligned_capture,12,11,1.4634146341463414,True,True,True,0.1951219512195122,1.0
M1:888:3,888,M1,3,primary_semantic_capture,122,121,3.073170731707317,True,True,True,0.15853658536585366,1.0
M1:888:4,888,M1,4,primary_semantic_capture,4,3,1.5975609756097562,True,True,True,0.1951219512195122,1.0
M1:888:5,888,M1,5,primary_semantic_capture,4,3,1.670731707317073,True,True,True,0.23170731707317074,1.0
M1:888:7,888,M1,7,primary_semantic_capture,1,0,2.341463414634146,True,True,True,0.1951219512195122,1.0
M1:890:0,890,M1,0,primary_semantic_capture,16,15,2.1666666666666665,True,True,True,0.5909090909090909,1.0
M1:890:6,890,M1,6,primary_semantic_capture,13,12,2.303030303030303,True,True,True,0.5303030303030303,1.0
M1:890:7,890,M1,7,primary_semantic_capture,51,50,3.0757575757575757,True,True,True,0.5454545454545454,1.0
M1:892:0,892,M1,0,primary_semantic_capture,1,0,2.7142857142857144,True,True,True,0.3142857142857143,1.0
M1:892:0,892,M1,0,legacy_aligned_capture,1,0,2.7142857142857144,True,True,True,0.3142857142857143,1.0
M1:892:1,892,M1,1,primary_semantic_capture,2,1,2.057142857142857,True,True,True,0.2571428571428571,1.0
M1:892:3,892,M1,3,primary_semantic_capture,5,4,2.257142857142857,True,True,True,0.3142857142857143,1.0
M1:892:4,892,M1,4,primary_semantic_capture,30,29,5.6571428571428575,True,True,True,0.2,1.0
M1:892:5,892,M1,5,primary_semantic_capture,2,1,1.7142857142857142,True,True,True,0.37142857142857144,1.0
M1:892:5,892,M1,5,legacy_aligned_capture,2,1,1.7142857142857142,True,True,True,0.37142857142857144,1.0
M1:892:6,892,M1,6,primary_semantic_capture,14,13,4.285714285714286,True,True,True,0.45714285714285713,1.0
M1:892:7,892,M1,7,primary_semantic_capture,16,15,2.057142857142857,True,True,True,0.34285714285714286,1.0
M1:894:1,894,M1,1,primary_semantic_capture,35,34,4.440677966101695,True,True,True,0.15254237288135594,1.0
M1:894:4,894,M1,4,primary_semantic_capture,1,0,1.2881355932203389,True,True,True,0.2033898305084746,1.0
M1:894:7,894,M1,7,primary_semantic_capture,6,5,1.3559322033898304,True,True,True,0.1864406779661017,1.0
M1:895:0,895,M1,0,primary_semantic_capture,10,9,1.7272727272727273,True,True,True,0.3333333333333333,1.0
M1:895:1,895,M1,1,primary_semantic_capture,3,2,1.3333333333333333,True,True,True,0.30303030303030304,1.0
M1:895:2,895,M1,2,primary_semantic_capture,67,66,2.9696969696969697,True,True,True,0.3787878787878788,1.0
M1:895:5,895,M1,5,primary_semantic_capture,1,0,1.5151515151515151,True,True,True,0.3939393939393939,1.0
M1:896:0,896,M1,0,primary_semantic_capture,5,4,0.550561797752809,False,False,True,0.12359550561797752,1.0
M1:896:1,896,M1,1,primary_semantic_capture,17,16,0.6292134831460674,False,False,True,0.14606741573033707,1.0
M1:896:2,896,M1,2,primary_semantic_capture,24,23,0.9213483146067416,False,False,True,0.24719101123595505,1.0
M1:896:3,896,M1,3,primary_semantic_capture,13,12,1.6179775280898876,True,True,True,0.34831460674157305,1.0
M1:896:4,896,M1,4,primary_semantic_capture,18,17,1.2359550561797752,True,False,True,0.20224719101123595,1.0
M1:896:5,896,M1,5,primary_semantic_capture,5,4,0.6741573033707865,False,False,True,0.15730337078651685,1.0
M1:896:5,896,M1,5,legacy_aligned_capture,6,5,0.6853932584269663,False,False,True,0.15730337078651685,1.0
M1:896:6,896,M1,6,primary_semantic_capture,36,35,1.5617977528089888,True,True,True,0.2696629213483146,1.0
M1:896:7,896,M1,7,primary_semantic_capture,4,3,0.9438202247191011,False,False,True,0.19101123595505617,1.0
M1:897:1,897,M1,1,primary_semantic_capture,2,1,1.3703703703703705,True,True,True,0.14814814814814814,1.0
M1:897:2,897,M1,2,primary_semantic_capture,2,1,1.1481481481481481,True,False,True,0.1111111111111111,1.0
M1:897:2,897,M1,2,legacy_aligned_capture,2,1,1.1481481481481481,True,False,True,0.1111111111111111,1.0
M1:897:3,897,M1,3,primary_semantic_capture,2,1,2.5925925925925926,True,True,True,0.25925925925925924,1.0
M1:897:4,897,M1,4,primary_semantic_capture,7,6,1.2037037037037037,True,False,True,0.16666666666666666,1.0
M1:897:6,897,M1,6,primary_semantic_capture,1,0,0.9814814814814815,False,False,False,0.037037037037037035,0.2222222222222222
M1:897:6,897,M1,6,legacy_aligned_capture,6,5,1.8703703703703705,True,True,True,0.16666666666666666,1.0
M1:897:7,897,M1,7,primary_semantic_capture,4,3,1.5185185185185186,True,True,True,0.14814814814814814,1.0
M1:898:0,898,M1,0,primary_semantic_capture,1,0,1.4864864864864864,True,True,True,0.2972972972972973,1.0
M1:898:0,898,M1,0,legacy_aligned_capture,2,1,1.5135135135135136,True,True,True,0.2972972972972973,1.0
M1:898:2,898,M1,2,primary_semantic_capture,3,2,1.945945945945946,True,True,True,0.5405405405405406,1.0
M1:898:3,898,M1,3,primary_semantic_capture,7,6,1.4864864864864864,True,True,True,0.2702702702702703,1.0
M1:898:3,898,M1,3,legacy_aligned_capture,7,6,1.4864864864864864,True,True,True,0.2702702702702703,1.0
M1:898:5,898,M1,5,primary_semantic_capture,5,4,2.054054054054054,True,True,True,0.5135135135135135,1.0
M1:900:1,900,M1,1,primary_semantic_capture,20,19,2.2888888888888888,True,True,True,0.17777777777777778,1.0
M1:901:1,901,M1,1,primary_semantic_capture,2,1,1.318840579710145,True,True,True,0.34782608695652173,1.0
M1:901:2,901,M1,2,primary_semantic_capture,11,10,1.4202898550724639,True,True,True,0.3188405797101449,1.0
M1:901:3,901,M1,3,primary_semantic_capture,6,5,1.318840579710145,True,True,True,0.2898550724637681,1.0
M1:901:4,901,M1,4,primary_semantic_capture,3,2,1.0724637681159421,True,False,True,0.3333333333333333,1.0
M1:901:5,901,M1,5,primary_semantic_capture,16,15,1.3043478260869565,True,True,True,0.34782608695652173,1.0
M1:901:7,901,M1,7,primary_semantic_capture,3,2,1.3043478260869565,True,True,True,0.34782608695652173,1.0
M1:902:0,902,M1,0,primary_semantic_capture,16,15,2.2653061224489797,True,True,True,0.22448979591836735,1.0
M1:902:3,902,M1,3,primary_semantic_capture,3,2,1.816326530612245,True,True,True,0.1836734693877551,1.0
M1:902:5,902,M1,5,primary_semantic_capture,27,26,1.7551020408163265,True,True,True,0.20408163265306123,1.0
M1:902:6,902,M1,6,primary_semantic_capture,1,0,2.795918367346939,True,True,True,0.2857142857142857,1.0
M1:902:7,902,M1,7,primary_semantic_capture,1,0,2.63265306122449,True,True,True,0.2653061224489796,1.0
M1:904:1,904,M1,1,primary_semantic_capture,6,5,2.763157894736842,True,True,True,0.42105263157894735,1.0
M1:904:5,904,M1,5,primary_semantic_capture,62,61,3.5,True,True,True,0.39473684210526316,1.0
M1:905:0,905,M1,0,primary_semantic_capture,9,8,1.4927536231884058,True,True,True,0.4057971014492754,1.0
M1:905:1,905,M1,1,primary_semantic_capture,1,0,1.3478260869565217,True,True,True,0.5217391304347826,1.0
M1:905:2,905,M1,2,primary_semantic_capture,1,0,1.4782608695652173,True,True,True,0.5217391304347826,1.0
M1:905:2,905,M1,2,legacy_aligned_capture,1,0,1.4782608695652173,True,True,True,0.5217391304347826,1.0
M1:905:3,905,M1,3,primary_semantic_capture,1,0,1.463768115942029,True,True,True,0.4492753623188406,1.0
M1:905:5,905,M1,5,primary_semantic_capture,2,1,2.2318840579710146,True,True,True,0.42028985507246375,1.0
M1:905:6,905,M1,6,primary_semantic_capture,11,10,1.463768115942029,True,True,True,0.34782608695652173,1.0
M1:906:0,906,M1,0,primary_semantic_capture,5,4,3.8,True,True,True,0.4,1.0
M1:906:2,906,M1,2,primary_semantic_capture,6,5,3.8333333333333335,True,True,True,0.23333333333333334,1.0
M1:906:3,906,M1,3,primary_semantic_capture,51,50,4.833333333333333,True,True,True,0.4,1.0
M1:906:5,906,M1,5,primary_semantic_capture,34,33,4.6,True,True,True,0.4666666666666667,1.0
M1:906:6,906,M1,6,primary_semantic_capture,25,24,3.0,True,True,True,0.3333333333333333,1.0
M1:907:1,907,M1,1,primary_semantic_capture,5,4,1.1071428571428572,True,False,True,0.34523809523809523,1.0
M1:907:2,907,M1,2,primary_semantic_capture,1,0,0.75,False,False,True,0.42857142857142855,1.0
M1:907:5,907,M1,5,primary_semantic_capture,26,25,1.2023809523809523,True,False,True,0.36904761904761907,1.0
M1:907:7,907,M1,7,primary_semantic_capture,16,15,1.2380952380952381,True,False,True,0.4523809523809524,1.0
M1:908:0,908,M1,0,primary_semantic_capture,1,0,1.9655172413793103,True,True,True,0.10344827586206896,1.0
M1:908:0,908,M1,0,legacy_aligned_capture,1,0,1.9655172413793103,True,True,True,0.10344827586206896,1.0
M1:908:1,908,M1,1,primary_semantic_capture,2,1,2.5172413793103448,True,True,True,0.1724137931034483,1.0
M1:908:2,908,M1,2,primary_semantic_capture,12,11,1.5172413793103448,True,True,True,0.06896551724137931,1.0
M1:908:3,908,M1,3,primary_semantic_capture,2,1,1.896551724137931,True,True,True,0.13793103448275862,1.0
M1:908:4,908,M1,4,primary_semantic_capture,3,2,5.827586206896552,True,True,True,0.3103448275862069,1.0
M1:908:4,908,M1,4,legacy_aligned_capture,13,12,6.172413793103448,True,True,True,0.3103448275862069,1.0
M1:908:5,908,M1,5,primary_semantic_capture,28,27,4.0344827586206895,True,True,True,0.20689655172413793,1.0
M1:908:7,908,M1,7,primary_semantic_capture,6,5,3.310344827586207,True,True,True,0.3103448275862069,1.0
M1:909:2,909,M1,2,primary_semantic_capture,4,3,1.574468085106383,True,True,True,0.46808510638297873,1.0
M1:909:2,909,M1,2,legacy_aligned_capture,4,3,1.574468085106383,True,True,True,0.46808510638297873,1.0
M1:910:0,910,M1,0,primary_semantic_capture,3,2,1.6842105263157894,True,True,True,0.15789473684210525,1.0
M1:910:1,910,M1,1,primary_semantic_capture,2,1,1.1578947368421053,True,False,True,0.3508771929824561,1.0
M1:911:0,911,M1,0,primary_semantic_capture,2,1,2.242424242424242,True,True,True,0.36363636363636365,1.0
M1:911:2,911,M1,2,primary_semantic_capture,3,2,1.7878787878787878,True,True,True,0.18181818181818182,1.0
M1:911:2,911,M1,2,legacy_aligned_capture,3,2,1.7878787878787878,True,True,True,0.18181818181818182,1.0
M1:911:6,911,M1,6,primary_semantic_capture,4,3,1.8484848484848484,True,True,True,0.12121212121212122,1.0
M1:912:2,912,M1,2,primary_semantic_capture,2,1,2.02,True,True,True,0.08,1.0
M1:912:2,912,M1,2,legacy_aligned_capture,2,1,2.02,True,True,True,0.08,1.0
M1:914:2,914,M1,2,primary_semantic_capture,8,7,1.9523809523809523,True,True,True,0.23809523809523808,1.0
M1:914:4,914,M1,4,primary_semantic_capture,30,29,3.1904761904761907,True,True,True,0.38095238095238093,1.0
M1:914:5,914,M1,5,primary_semantic_capture,2,1,2.3095238095238093,True,True,True,0.2619047619047619,1.0
M1:915:0,915,M1,0,primary_semantic_capture,20,19,1.1481481481481481,True,False,True,0.3148148148148148,1.0
M1:915:1,915,M1,1,primary_semantic_capture,16,15,2.388888888888889,True,True,True,0.25925925925925924,1.0
M1:915:2,915,M1,2,primary_semantic_capture,8,7,1.9259259259259258,True,True,True,0.018518518518518517,1.0
M1:915:3,915,M1,3,primary_semantic_capture,16,15,1.8148148148148149,True,True,True,0.42592592592592593,1.0
M1:915:4,915,M1,4,primary_semantic_capture,18,17,1.7222222222222223,True,True,True,0.3148148148148148,1.0
M1:915:5,915,M1,5,primary_semantic_capture,8,7,1.962962962962963,True,True,True,0.35185185185185186,1.0
M1:915:6,915,M1,6,primary_semantic_capture,4,3,1.7777777777777777,True,True,True,0.37037037037037035,1.0
M1:915:6,915,M1,6,legacy_aligned_capture,4,3,1.7777777777777777,True,True,True,0.37037037037037035,1.0
M1:916:0,916,M1,0,primary_semantic_capture,4,3,0.5206611570247934,False,False,True,0.1652892561983471,1.0
M1:916:1,916,M1,1,primary_semantic_capture,57,56,1.6115702479338843,True,True,True,0.2892561983471074,1.0
M1:916:2,916,M1,2,primary_semantic_capture,18,17,0.9256198347107438,False,False,False,0.1652892561983471,0.8333333333333334
M1:916:3,916,M1,3,primary_semantic_capture,6,5,0.8099173553719008,False,False,True,0.2231404958677686,1.0
M1:916:4,916,M1,4,primary_semantic_capture,22,21,1.4793388429752066,True,True,True,0.38016528925619836,1.0
M1:916:5,916,M1,5,primary_semantic_capture,7,6,1.3884297520661157,True,True,True,0.17355371900826447,1.0
M1:916:6,916,M1,6,primary_semantic_capture,33,32,1.3884297520661157,True,True,True,0.2396694214876033,1.0
M1:916:7,916,M1,7,primary_semantic_capture,9,8,0.5537190082644629,False,False,False,0.09090909090909091,0.6111111111111112
M1:916:7,916,M1,7,legacy_aligned_capture,15,14,0.8016528925619835,False,False,True,0.1487603305785124,1.0
M1:917:2,917,M1,2,primary_semantic_capture,9,8,1.451219512195122,True,True,True,0.21951219512195122,1.0
M1:917:3,917,M1,3,primary_semantic_capture,24,23,2.292682926829268,True,True,True,0.5121951219512195,1.0
M1:917:4,917,M1,4,primary_semantic_capture,51,50,2.5121951219512195,True,True,True,0.45121951219512196,1.0
M1:917:5,917,M1,5,primary_semantic_capture,28,27,2.048780487804878,True,True,True,0.32926829268292684,1.0
M1:917:6,917,M1,6,primary_semantic_capture,59,58,2.6463414634146343,True,True,True,0.24390243902439024,1.0
M1:918:0,918,M1,0,primary_semantic_capture,4,3,1.0285714285714285,True,False,True,0.11428571428571428,1.0
M1:918:1,918,M1,1,primary_semantic_capture,2,1,0.5285714285714286,False,False,True,0.04285714285714286,1.0
M1:918:2,918,M1,2,primary_semantic_capture,5,4,1.3857142857142857,True,True,True,0.08571428571428572,1.0
M1:918:2,918,M1,2,legacy_aligned_capture,5,4,1.3857142857142857,True,True,True,0.08571428571428572,1.0
M1:918:3,918,M1,3,primary_semantic_capture,11,10,1.5142857142857142,True,True,True,0.07142857142857142,1.0
M1:918:4,918,M1,4,primary_semantic_capture,28,27,1.6428571428571428,True,True,True,0.12857142857142856,1.0
M1:918:5,918,M1,5,primary_semantic_capture,15,14,0.7142857142857143,False,False,True,0.05714285714285714,1.0
M1:918:6,918,M1,6,primary_semantic_capture,238,237,5.014285714285714,True,True,True,0.1,1.0
M1:920:0,920,M1,0,primary_semantic_capture,4,3,1.5178571428571428,True,True,True,0.7142857142857143,1.0
M1:920:1,920,M1,1,primary_semantic_capture,6,5,1.2142857142857142,True,False,True,0.5,1.0
M1:920:1,920,M1,1,legacy_aligned_capture,7,6,1.2321428571428572,True,False,True,0.5,1.0
M1:920:3,920,M1,3,primary_semantic_capture,29,28,1.2678571428571428,True,True,True,0.4642857142857143,1.0
M1:920:6,920,M1,6,primary_semantic_capture,8,7,1.1785714285714286,True,False,True,0.5535714285714286,1.0
M1:920:7,920,M1,7,primary_semantic_capture,2,1,1.125,True,False,True,0.5714285714285714,1.0
M1:921:2,921,M1,2,primary_semantic_capture,1,0,0.9122807017543859,False,False,False,0.2631578947368421,0.7894736842105263
M1:921:3,921,M1,3,primary_semantic_capture,12,11,0.9649122807017544,False,False,True,0.19298245614035087,1.0
M1:921:5,921,M1,5,primary_semantic_capture,34,33,1.5789473684210527,True,True,True,0.3333333333333333,1.0
M1:923:1,923,M1,1,primary_semantic_capture,1,0,0.9264705882352942,False,False,True,0.4117647058823529,1.0
M1:923:2,923,M1,2,primary_semantic_capture,2,1,1.0147058823529411,True,False,True,0.4117647058823529,1.0
M1:924:0,924,M1,0,primary_semantic_capture,10,9,1.875,True,True,True,0.53125,1.0
M1:925:0,925,M1,0,primary_semantic_capture,9,8,1.4285714285714286,True,True,True,0.4489795918367347,1.0
M1:925:1,925,M1,1,primary_semantic_capture,4,3,2.7346938775510203,True,True,True,0.4489795918367347,1.0
M1:925:4,925,M1,4,primary_semantic_capture,8,7,1.7959183673469388,True,True,True,0.46938775510204084,1.0
M1:925:5,925,M1,5,primary_semantic_capture,11,10,2.142857142857143,True,True,True,0.3673469387755102,1.0
M1:925:6,925,M1,6,primary_semantic_capture,5,4,2.2857142857142856,True,True,True,0.5306122448979592,1.0
M1:925:6,925,M1,6,legacy_aligned_capture,5,4,2.2857142857142856,True,True,True,0.5306122448979592,1.0
M1:925:7,925,M1,7,primary_semantic_capture,20,19,3.795918367346939,True,True,True,0.20408163265306123,1.0
M1:926:0,926,M1,0,primary_semantic_capture,73,72,2.2448979591836733,True,True,True,0.3877551020408163,1.0
M1:926:1,926,M1,1,primary_semantic_capture,2,1,0.8367346938775511,False,False,True,0.17346938775510204,1.0
M1:926:2,926,M1,2,primary_semantic_capture,8,7,0.9897959183673469,False,False,True,0.336734693877551,1.0
M1:926:3,926,M1,3,primary_semantic_capture,7,6,0.7959183673469388,False,False,True,0.15306122448979592,1.0
M1:926:4,926,M1,4,primary_semantic_capture,9,8,1.336734693877551,True,True,True,0.32653061224489793,1.0
M1:926:5,926,M1,5,primary_semantic_capture,10,9,1.3061224489795917,True,True,True,0.23469387755102042,1.0
M1:926:6,926,M1,6,primary_semantic_capture,34,33,1.6020408163265305,True,True,True,0.2755102040816326,1.0
M1:926:7,926,M1,7,primary_semantic_capture,7,6,0.8163265306122449,False,False,True,0.24489795918367346,1.0
M1:926:7,926,M1,7,legacy_aligned_capture,8,7,0.826530612244898,False,False,True,0.24489795918367346,1.0
M1:928:5,928,M1,5,primary_semantic_capture,8,7,0.975609756097561,False,False,True,0.5853658536585366,1.0
M1:928:7,928,M1,7,primary_semantic_capture,26,25,1.1829268292682926,True,False,True,0.524390243902439,1.0
M1:928:7,928,M1,7,legacy_aligned_capture,26,25,1.1829268292682926,True,False,True,0.524390243902439,1.0
M1:929:0,929,M1,0,primary_semantic_capture,13,12,1.7755102040816326,True,True,True,0.3673469387755102,1.0
M1:929:3,929,M1,3,primary_semantic_capture,4,3,1.9183673469387754,True,True,True,0.42857142857142855,1.0
M1:929:6,929,M1,6,primary_semantic_capture,22,21,2.63265306122449,True,True,True,0.40816326530612246,1.0
M1:932:2,932,M1,2,primary_semantic_capture,34,33,2.1621621621621623,True,True,True,0.6936936936936937,1.0
M1:932:3,932,M1,3,primary_semantic_capture,92,91,2.09009009009009,True,True,True,0.45045045045045046,1.0
M1:934:2,934,M1,2,primary_semantic_capture,4,3,1.2105263157894737,True,False,True,0.18421052631578946,1.0
M1:934:2,934,M1,2,legacy_aligned_capture,4,3,1.2105263157894737,True,False,True,0.18421052631578946,1.0
M1:934:3,934,M1,3,primary_semantic_capture,1,0,1.5263157894736843,True,True,True,0.21052631578947367,1.0
M1:934:4,934,M1,4,primary_semantic_capture,4,3,1.4210526315789473,True,True,True,0.21052631578947367,1.0
M1:934:4,934,M1,4,legacy_aligned_capture,4,3,1.4210526315789473,True,True,True,0.21052631578947367,1.0
M1:934:5,934,M1,5,primary_semantic_capture,2,1,1.736842105263158,True,True,True,0.2894736842105263,1.0
M1:934:7,934,M1,7,primary_semantic_capture,30,29,1.868421052631579,True,True,True,0.18421052631578946,1.0
M1:935:0,935,M1,0,primary_semantic_capture,11,10,3.793103448275862,True,True,True,0.034482758620689655,1.0
M1:935:2,935,M1,2,primary_semantic_capture,2,1,3.206896551724138,True,True,True,0.20689655172413793,1.0
M1:935:6,935,M1,6,primary_semantic_capture,52,51,5.068965517241379,True,True,True,0.06896551724137931,1.0
M1:936:7,936,M1,7,primary_semantic_capture,3,2,1.6956521739130435,True,True,True,0.2826086956521739,1.0
M1:938:0,938,M1,0,primary_semantic_capture,109,108,2.246913580246914,True,True,True,0.32098765432098764,1.0
M1:938:1,938,M1,1,primary_semantic_capture,12,11,1.1728395061728396,True,False,True,0.24691358024691357,1.0
M1:938:2,938,M1,2,primary_semantic_capture,6,5,1.1481481481481481,True,False,True,0.2716049382716049,1.0
M1:938:2,938,M1,2,legacy_aligned_capture,6,5,1.1481481481481481,True,False,True,0.2716049382716049,1.0
M1:938:3,938,M1,3,primary_semantic_capture,25,24,1.0617283950617284,True,False,True,0.19753086419753085,1.0
M1:938:4,938,M1,4,primary_semantic_capture,2,1,1.345679012345679,True,True,True,0.4567901234567901,1.0
M1:938:5,938,M1,5,primary_semantic_capture,16,15,1.728395061728395,True,True,True,0.30864197530864196,1.0
M1:938:7,938,M1,7,primary_semantic_capture,13,12,0.9876543209876543,False,False,True,0.2222222222222222,1.0
M1:938:7,938,M1,7,legacy_aligned_capture,13,12,0.9876543209876543,False,False,True,0.2222222222222222,1.0
M1:939:3,939,M1,3,primary_semantic_capture,1,0,0.92,False,False,True,0.41333333333333333,1.0
M1:939:4,939,M1,4,primary_semantic_capture,8,7,1.0,True,False,False,0.37333333333333335,0.5490196078431373
M1:939:6,939,M1,6,primary_semantic_capture,4,3,0.64,False,False,True,0.4533333333333333,1.0
M1:939:6,939,M1,6,legacy_aligned_capture,4,3,0.64,False,False,True,0.4533333333333333,1.0
M1:939:7,939,M1,7,primary_semantic_capture,4,3,0.9066666666666666,False,False,True,0.12,1.0
M1:941:1,941,M1,1,primary_semantic_capture,11,10,1.4426229508196722,True,True,True,0.4918032786885246,1.0
M1:942:0,942,M1,0,primary_semantic_capture,22,21,2.6857142857142855,True,True,,0.0,nan
M1:942:1,942,M1,1,primary_semantic_capture,13,12,1.8,True,True,True,0.11428571428571428,1.0
M1:942:1,942,M1,1,legacy_aligned_capture,13,12,1.8,True,True,True,0.11428571428571428,1.0
M1:942:2,942,M1,2,primary_semantic_capture,44,43,3.342857142857143,True,True,True,0.08571428571428572,1.0
M1:942:3,942,M1,3,primary_semantic_capture,9,8,1.0285714285714285,True,False,,0.0,nan
M1:942:4,942,M1,4,primary_semantic_capture,21,20,2.2857142857142856,True,True,True,0.02857142857142857,1.0
M1:942:5,942,M1,5,primary_semantic_capture,21,20,2.3714285714285714,True,True,True,0.08571428571428572,1.0
M1:942:6,942,M1,6,primary_semantic_capture,12,11,2.6285714285714286,True,True,,0.0,nan
M1:942:7,942,M1,7,primary_semantic_capture,12,11,1.9142857142857144,True,True,,0.0,nan
M1:944:6,944,M1,6,primary_semantic_capture,5,4,2.3714285714285714,True,True,True,0.5428571428571428,1.0
M1:945:4,945,M1,4,primary_semantic_capture,4,3,2.2413793103448274,True,True,True,0.3620689655172414,1.0
M1:946:0,946,M1,0,primary_semantic_capture,3,2,1.2340425531914894,True,False,True,0.2765957446808511,1.0
M1:946:1,946,M1,1,primary_semantic_capture,35,34,2.4468085106382977,True,True,True,0.1702127659574468,1.0
M1:946:2,946,M1,2,primary_semantic_capture,8,7,1.4042553191489362,True,True,True,0.2978723404255319,1.0
M1:946:3,946,M1,3,primary_semantic_capture,50,49,2.297872340425532,True,True,True,0.2978723404255319,1.0
M1:946:7,946,M1,7,primary_semantic_capture,8,7,1.851063829787234,True,True,True,0.23404255319148937,1.0
M1:948:3,948,M1,3,primary_semantic_capture,17,16,1.1157894736842104,True,False,True,0.47368421052631576,1.0
M1:948:4,948,M1,4,primary_semantic_capture,30,29,1.0421052631578946,True,False,True,0.2631578947368421,1.0
M1:948:7,948,M1,7,primary_semantic_capture,2,1,0.5789473684210527,False,False,True,0.3263157894736842,1.0
M1:949:0,949,M1,0,primary_semantic_capture,26,25,1.8153846153846154,True,True,True,0.16923076923076924,1.0
M1:949:1,949,M1,1,primary_semantic_capture,5,4,0.9846153846153847,False,False,True,0.16923076923076924,1.0
M1:949:2,949,M1,2,primary_semantic_capture,12,11,0.9692307692307692,False,False,True,0.15384615384615385,1.0
M1:949:3,949,M1,3,primary_semantic_capture,8,7,1.2461538461538462,True,False,True,0.1076923076923077,1.0
M1:949:3,949,M1,3,legacy_aligned_capture,8,7,1.2461538461538462,True,False,True,0.1076923076923077,1.0
M1:949:6,949,M1,6,primary_semantic_capture,2,1,1.2153846153846153,True,False,True,0.27692307692307694,1.0
M1:949:7,949,M1,7,primary_semantic_capture,1,0,2.6615384615384614,True,True,True,0.2153846153846154,1.0
M1:950:5,950,M1,5,primary_semantic_capture,9,8,1.457142857142857,True,True,True,0.41904761904761906,1.0
M1:951:0,951,M1,0,primary_semantic_capture,3,2,1.9642857142857142,True,True,True,0.5357142857142857,1.0
M1:951:1,951,M1,1,primary_semantic_capture,7,6,1.9642857142857142,True,True,True,0.42857142857142855,1.0
M1:951:3,951,M1,3,primary_semantic_capture,5,4,4.142857142857143,True,True,True,0.21428571428571427,1.0
M1:951:3,951,M1,3,legacy_aligned_capture,5,4,4.142857142857143,True,True,True,0.21428571428571427,1.0
M1:951:4,951,M1,4,primary_semantic_capture,10,9,2.857142857142857,True,True,True,0.6071428571428571,1.0
M1:951:4,951,M1,4,legacy_aligned_capture,10,9,2.857142857142857,True,True,True,0.6071428571428571,1.0
M1:951:5,951,M1,5,primary_semantic_capture,37,36,3.892857142857143,True,True,True,0.17857142857142858,1.0
M1:951:6,951,M1,6,primary_semantic_capture,13,12,4.285714285714286,True,True,True,0.4642857142857143,1.0
M1:951:6,951,M1,6,legacy_aligned_capture,13,12,4.285714285714286,True,True,True,0.4642857142857143,1.0
M1:951:7,951,M1,7,primary_semantic_capture,33,32,4.285714285714286,True,True,True,0.42857142857142855,1.0
M1:952:2,952,M1,2,primary_semantic_capture,4,3,1.6857142857142857,True,True,True,0.3142857142857143,1.0
M1:952:5,952,M1,5,primary_semantic_capture,1,0,1.2285714285714286,True,False,True,0.17142857142857143,1.0
M1:952:6,952,M1,6,primary_semantic_capture,2,1,1.0857142857142856,True,False,True,0.08571428571428572,1.0
M1:953:0,953,M1,0,primary_semantic_capture,69,68,1.8068181818181819,True,True,True,0.056818181818181816,1.0
M1:953:1,953,M1,1,primary_semantic_capture,8,7,1.0454545454545454,True,False,True,0.14772727272727273,1.0
M1:953:2,953,M1,2,primary_semantic_capture,24,23,2.9318181818181817,True,True,True,0.07954545454545454,1.0
M1:953:3,953,M1,3,primary_semantic_capture,7,6,2.0795454545454546,True,True,True,0.03409090909090909,1.0
M1:953:6,953,M1,6,primary_semantic_capture,21,20,1.2954545454545454,True,True,True,0.022727272727272728,1.0
M1:954:0,954,M1,0,primary_semantic_capture,1,0,2.0792079207920793,True,True,True,0.19801980198019803,1.0
M1:954:0,954,M1,0,legacy_aligned_capture,1,0,2.0792079207920793,True,True,True,0.19801980198019803,1.0
M1:954:2,954,M1,2,primary_semantic_capture,6,5,1.5445544554455446,True,True,True,0.3564356435643564,1.0
M1:954:4,954,M1,4,primary_semantic_capture,8,7,0.9207920792079208,False,False,True,0.27722772277227725,1.0
M1:954:6,954,M1,6,primary_semantic_capture,28,27,1.7722772277227723,True,True,True,0.2871287128712871,1.0
M1:957:1,957,M1,1,primary_semantic_capture,3,2,1.2435897435897436,True,False,True,0.4358974358974359,1.0
M1:958:1,958,M1,1,primary_semantic_capture,11,10,1.472972972972973,True,True,True,0.21621621621621623,1.0
M1:958:2,958,M1,2,primary_semantic_capture,41,40,2.4594594594594597,True,True,True,0.28378378378378377,1.0
M1:958:3,958,M1,3,primary_semantic_capture,19,18,1.5135135135135136,True,True,True,0.17567567567567569,1.0
M1:958:3,958,M1,3,legacy_aligned_capture,19,18,1.5135135135135136,True,True,True,0.17567567567567569,1.0
M1:958:4,958,M1,4,primary_semantic_capture,8,7,1.5405405405405406,True,True,True,0.2702702702702703,1.0
M1:958:5,958,M1,5,primary_semantic_capture,10,9,1.6216216216216217,True,True,True,0.24324324324324326,1.0
M1:958:5,958,M1,5,legacy_aligned_capture,17,16,1.7162162162162162,True,True,True,0.24324324324324326,1.0
M1:958:6,958,M1,6,primary_semantic_capture,32,31,1.6486486486486487,True,True,True,0.25675675675675674,1.0
M1:958:7,958,M1,7,primary_semantic_capture,20,19,2.027027027027027,True,True,True,0.35135135135135137,1.0
M1:960:2,960,M1,2,primary_semantic_capture,19,18,3.097560975609756,True,True,True,0.5121951219512195,1.0
M1:960:7,960,M1,7,primary_semantic_capture,57,56,3.4390243902439024,True,True,True,0.43902439024390244,1.0
M1:962:0,962,M1,0,primary_semantic_capture,15,14,1.0506329113924051,True,False,True,0.1518987341772152,1.0
M1:962:2,962,M1,2,primary_semantic_capture,24,23,1.0886075949367089,True,False,True,0.11392405063291139,1.0
M1:962:3,962,M1,3,primary_semantic_capture,54,53,1.6455696202531647,True,True,True,0.16455696202531644,1.0
M1:962:5,962,M1,5,primary_semantic_capture,8,7,1.3164556962025316,True,True,True,0.13924050632911392,1.0
M1:962:6,962,M1,6,primary_semantic_capture,8,7,0.9746835443037974,False,False,True,0.17721518987341772,1.0
M1:962:6,962,M1,6,legacy_aligned_capture,8,7,0.9746835443037974,False,False,True,0.17721518987341772,1.0
M1:962:7,962,M1,7,primary_semantic_capture,8,7,0.9873417721518988,False,False,True,0.16455696202531644,1.0
M1:964:0,964,M1,0,primary_semantic_capture,3,2,1.8656716417910448,True,True,True,0.08955223880597014,1.0
M1:964:1,964,M1,1,primary_semantic_capture,3,2,0.7164179104477612,False,False,True,0.1791044776119403,1.0
M1:964:2,964,M1,2,primary_semantic_capture,7,6,1.1492537313432836,True,False,True,0.22388059701492538,1.0
M1:964:3,964,M1,3,primary_semantic_capture,23,22,1.3880597014925373,True,True,True,0.43283582089552236,1.0
M1:964:4,964,M1,4,primary_semantic_capture,5,4,0.8507462686567164,False,False,True,0.22388059701492538,1.0
M1:964:4,964,M1,4,legacy_aligned_capture,5,4,0.8507462686567164,False,False,True,0.22388059701492538,1.0
M1:964:5,964,M1,5,primary_semantic_capture,10,9,0.9253731343283582,False,False,True,0.07462686567164178,1.0
M1:964:5,964,M1,5,legacy_aligned_capture,10,9,0.9253731343283582,False,False,True,0.07462686567164178,1.0
M1:964:6,964,M1,6,primary_semantic_capture,5,4,1.5522388059701493,True,True,True,0.22388059701492538,1.0
M1:964:7,964,M1,7,primary_semantic_capture,1,0,1.164179104477612,True,False,True,0.1044776119402985,1.0
M1:966:1,966,M1,1,primary_semantic_capture,3,2,5.4,True,True,True,0.3333333333333333,1.0
M1:966:1,966,M1,1,legacy_aligned_capture,3,2,5.4,True,True,True,0.3333333333333333,1.0
M1:966:4,966,M1,4,primary_semantic_capture,1,0,4.4,True,True,True,0.5333333333333333,1.0
M1:966:5,966,M1,5,primary_semantic_capture,12,11,7.333333333333333,True,True,True,0.4,1.0
M1:967:0,967,M1,0,primary_semantic_capture,7,6,1.702127659574468,True,True,True,0.44680851063829785,1.0
M1:967:0,967,M1,0,legacy_aligned_capture,7,6,1.702127659574468,True,True,True,0.44680851063829785,1.0
M1:967:4,967,M1,4,primary_semantic_capture,9,8,2.234042553191489,True,True,True,0.5319148936170213,1.0
M1:967:7,967,M1,7,primary_semantic_capture,11,10,1.6595744680851063,True,True,True,0.19148936170212766,1.0
M1:970:0,970,M1,0,primary_semantic_capture,12,11,0.7209302325581395,False,False,True,0.11627906976744186,1.0
M1:970:1,970,M1,1,primary_semantic_capture,4,3,2.2906976744186047,True,True,True,0.1511627906976744,1.0
M1:970:1,970,M1,1,legacy_aligned_capture,4,3,2.2906976744186047,True,True,True,0.1511627906976744,1.0
M1:970:2,970,M1,2,primary_semantic_capture,7,6,0.7441860465116279,False,False,True,0.08139534883720931,1.0
M1:970:2,970,M1,2,legacy_aligned_capture,7,6,0.7441860465116279,False,False,True,0.08139534883720931,1.0
M1:970:3,970,M1,3,primary_semantic_capture,5,4,1.558139534883721,True,True,True,0.09302325581395349,1.0
M1:970:4,970,M1,4,primary_semantic_capture,1,0,2.0232558139534884,True,True,True,0.13953488372093023,1.0
M1:970:5,970,M1,5,primary_semantic_capture,17,16,1.0116279069767442,True,False,True,0.1744186046511628,1.0
M1:970:6,970,M1,6,primary_semantic_capture,5,4,2.4302325581395348,True,True,True,0.27906976744186046,1.0
M1:970:6,970,M1,6,legacy_aligned_capture,5,4,2.4302325581395348,True,True,True,0.27906976744186046,1.0
M1:971:0,971,M1,0,primary_semantic_capture,58,57,1.9864864864864864,True,True,True,0.4189189189189189,1.0
M1:971:3,971,M1,3,primary_semantic_capture,7,6,1.5405405405405406,True,True,True,0.35135135135135137,1.0
M1:971:4,971,M1,4,primary_semantic_capture,3,2,1.6081081081081081,True,True,True,0.5,1.0
M1:971:7,971,M1,7,primary_semantic_capture,7,6,0.8513513513513513,False,False,True,0.35135135135135137,1.0
M1:972:3,972,M1,3,primary_semantic_capture,27,26,2.72972972972973,True,True,True,0.32432432432432434,1.0
M1:972:4,972,M1,4,primary_semantic_capture,8,7,1.2567567567567568,True,True,True,0.36486486486486486,1.0
M1:972:7,972,M1,7,primary_semantic_capture,11,10,1.0810810810810811,True,False,True,0.22972972972972974,1.0
M1:973:1,973,M1,1,primary_semantic_capture,5,4,1.4846153846153847,True,True,True,0.49230769230769234,1.0
M1:973:4,973,M1,4,primary_semantic_capture,15,14,1.2230769230769232,True,False,True,0.4230769230769231,1.0
M1:975:4,975,M1,4,primary_semantic_capture,27,26,1.236842105263158,True,False,True,0.3684210526315789,1.0
M1:977:1,977,M1,1,primary_semantic_capture,6,5,0.9880952380952381,False,False,True,0.09523809523809523,1.0
M1:977:3,977,M1,3,primary_semantic_capture,6,5,0.8571428571428571,False,False,True,0.23809523809523808,1.0
M1:978:3,978,M1,3,primary_semantic_capture,2,1,2.0,True,True,True,0.64,1.0
M1:978:6,978,M1,6,primary_semantic_capture,2,1,1.98,True,True,True,0.58,1.0
M1:981:1,981,M1,1,primary_semantic_capture,9,8,1.119047619047619,True,False,True,0.30952380952380953,1.0
M1:981:2,981,M1,2,primary_semantic_capture,6,5,1.4642857142857142,True,True,True,0.39285714285714285,1.0
M1:981:2,981,M1,2,legacy_aligned_capture,6,5,1.4642857142857142,True,True,True,0.39285714285714285,1.0
M1:981:4,981,M1,4,primary_semantic_capture,2,1,0.9285714285714286,False,False,True,0.25,1.0
M1:982:0,982,M1,0,primary_semantic_capture,3,2,3.8666666666666667,True,True,,0.0,nan
M1:982:0,982,M1,0,legacy_aligned_capture,3,2,3.8666666666666667,True,True,,0.0,nan
M1:982:1,982,M1,1,primary_semantic_capture,3,2,1.5333333333333334,True,True,True,0.03333333333333333,1.0
M1:982:2,982,M1,2,primary_semantic_capture,3,2,1.2666666666666666,True,True,,0.0,nan
M1:982:3,982,M1,3,primary_semantic_capture,4,3,1.6666666666666667,True,True,True,0.03333333333333333,1.0
M1:982:4,982,M1,4,primary_semantic_capture,2,1,3.1666666666666665,True,True,True,0.03333333333333333,1.0
M1:982:5,982,M1,5,primary_semantic_capture,2,1,1.7666666666666666,True,True,True,0.06666666666666667,1.0
M1:982:6,982,M1,6,primary_semantic_capture,29,28,1.6666666666666667,True,True,True,0.03333333333333333,1.0
M1:982:7,982,M1,7,primary_semantic_capture,19,18,1.9666666666666666,True,True,True,0.06666666666666667,1.0
M1:983:0,983,M1,0,primary_semantic_capture,2,1,4.428571428571429,True,True,True,0.4642857142857143,1.0
M1:983:3,983,M1,3,primary_semantic_capture,27,26,3.5,True,True,True,0.4642857142857143,1.0
M1:983:4,983,M1,4,primary_semantic_capture,34,33,4.464285714285714,True,True,True,0.6071428571428571,1.0
M1:983:5,983,M1,5,primary_semantic_capture,67,66,5.285714285714286,True,True,True,0.6071428571428571,1.0
M1:984:1,984,M1,1,primary_semantic_capture,12,11,1.4057971014492754,True,True,True,0.4782608695652174,1.0
M1:984:3,984,M1,3,primary_semantic_capture,12,11,1.1884057971014492,True,False,True,0.37681159420289856,1.0
M1:984:6,984,M1,6,primary_semantic_capture,7,6,1.608695652173913,True,True,True,0.463768115942029,1.0
M1:986:4,986,M1,4,primary_semantic_capture,26,25,1.975609756097561,True,True,False,0.24390243902439024,0.7142857142857143
M1:986:4,986,M1,4,legacy_aligned_capture,98,97,6.048780487804878,True,True,True,0.34146341463414637,1.0
M1:987:0,987,M1,0,primary_semantic_capture,1,0,1.8148148148148149,True,True,True,0.46296296296296297,1.0
M1:987:1,987,M1,1,primary_semantic_capture,9,8,1.3148148148148149,True,True,True,0.46296296296296297,1.0
M1:987:5,987,M1,5,primary_semantic_capture,8,7,1.5185185185185186,True,True,True,0.46296296296296297,1.0
M1:989:4,989,M1,4,primary_semantic_capture,2,1,3.1707317073170733,True,True,True,0.8048780487804879,1.0
M1:991:1,991,M1,1,primary_semantic_capture,1,0,0.9622641509433962,False,False,True,0.3584905660377358,1.0
M1:991:2,991,M1,2,primary_semantic_capture,3,2,1.4339622641509433,True,True,True,0.49056603773584906,1.0
M1:992:0,992,M1,0,primary_semantic_capture,19,18,1.2682926829268293,True,True,True,0.14634146341463414,1.0
M1:992:0,992,M1,0,legacy_aligned_capture,19,18,1.2682926829268293,True,True,True,0.14634146341463414,1.0
M1:992:1,992,M1,1,primary_semantic_capture,27,26,1.3170731707317074,True,True,True,0.12195121951219512,1.0
M1:992:3,992,M1,3,primary_semantic_capture,11,10,1.4634146341463414,True,True,True,0.12195121951219512,1.0
M1:992:4,992,M1,4,primary_semantic_capture,37,36,1.6585365853658536,True,True,True,0.12195121951219512,1.0
M1:992:5,992,M1,5,primary_semantic_capture,24,23,1.4878048780487805,True,True,True,0.12195121951219512,1.0
M1:992:6,992,M1,6,primary_semantic_capture,17,16,1.170731707317073,True,False,True,0.12195121951219512,1.0
M1:992:7,992,M1,7,primary_semantic_capture,18,17,1.3170731707317074,True,True,True,0.14634146341463414,1.0
M1:994:0,994,M1,0,primary_semantic_capture,5,4,0.8392857142857143,False,False,True,0.14285714285714285,1.0
M1:994:1,994,M1,1,primary_semantic_capture,9,8,0.7321428571428571,False,False,True,0.17857142857142858,1.0
M1:994:2,994,M1,2,primary_semantic_capture,4,3,0.26785714285714285,False,False,True,0.05357142857142857,1.0
M1:994:3,994,M1,3,primary_semantic_capture,4,3,1.0178571428571428,True,False,True,0.16071428571428573,1.0
M1:994:4,994,M1,4,primary_semantic_capture,3,2,0.875,False,False,True,0.10714285714285714,1.0
M1:994:5,994,M1,5,primary_semantic_capture,11,10,1.7857142857142858,True,True,True,0.16071428571428573,1.0
M1:994:5,994,M1,5,legacy_aligned_capture,11,10,1.7857142857142858,True,True,True,0.16071428571428573,1.0
M1:994:6,994,M1,6,primary_semantic_capture,5,4,1.0535714285714286,True,False,True,0.10714285714285714,1.0
M1:994:7,994,M1,7,primary_semantic_capture,11,10,1.4464285714285714,True,True,True,0.125,1.0
M1:995:4,995,M1,4,primary_semantic_capture,32,31,1.8644067796610169,True,True,True,0.3050847457627119,1.0
M1:998:0,998,M1,0,primary_semantic_capture,32,31,1.6590909090909092,True,True,True,0.25,1.0
M1:998:1,998,M1,1,primary_semantic_capture,10,9,0.8409090909090909,False,False,True,0.23863636363636365,1.0
M1:998:2,998,M1,2,primary_semantic_capture,13,12,1.4545454545454546,True,True,True,0.3522727272727273,1.0
M1:998:3,998,M1,3,primary_semantic_capture,2,1,0.6590909090909091,False,False,True,0.18181818181818182,1.0
M1:998:3,998,M1,3,legacy_aligned_capture,2,1,0.6590909090909091,False,False,True,0.18181818181818182,1.0
M1:998:4,998,M1,4,primary_semantic_capture,17,16,2.0681818181818183,True,True,True,0.38636363636363635,1.0
M1:998:4,998,M1,4,legacy_aligned_capture,17,16,2.0681818181818183,True,True,True,0.38636363636363635,1.0
M1:998:5,998,M1,5,primary_semantic_capture,6,5,0.42045454545454547,False,False,True,0.011363636363636364,1.0
M1:998:5,998,M1,5,legacy_aligned_capture,6,5,0.42045454545454547,False,False,True,0.011363636363636364,1.0
M1:998:6,998,M1,6,primary_semantic_capture,3,2,1.4545454545454546,True,True,True,0.38636363636363635,1.0
M1:998:7,998,M1,7,primary_semantic_capture,1,0,0.5795454545454546,False,False,True,0.19318181818181818,1.0
M1:998:7,998,M1,7,legacy_aligned_capture,1,0,0.5795454545454546,False,False,True,0.19318181818181818,1.0
M1:999:1,999,M1,1,primary_semantic_capture,37,36,1.4155844155844155,True,True,True,0.4935064935064935,1.0
M1:999:2,999,M1,2,primary_semantic_capture,1,0,4.974025974025974,True,True,True,0.4025974025974026,1.0
M1:999:3,999,M1,3,primary_semantic_capture,37,36,1.5064935064935066,True,True,True,0.5194805194805194,1.0
M1:999:6,999,M1,6,primary_semantic_capture,44,43,1.7142857142857142,True,True,True,0.2597402597402597,1.0
M1:999:7,999,M1,7,primary_semantic_capture,24,23,1.4285714285714286,True,True,True,0.4675324675324675,1.0
M1:1000:0,1000,M1,0,primary_semantic_capture,35,34,1.5,True,True,True,0.3389830508474576,1.0
M1:1000:3,1000,M1,3,primary_semantic_capture,7,6,0.6610169491525424,False,False,True,0.2711864406779661,1.0
M1:1000:3,1000,M1,3,legacy_aligned_capture,7,6,0.6610169491525424,False,False,True,0.2711864406779661,1.0
M1:1000:4,1000,M1,4,primary_semantic_capture,45,44,1.7966101694915255,True,True,True,0.2288135593220339,1.0
M1:1000:5,1000,M1,5,primary_semantic_capture,4,3,0.5,False,False,True,0.22033898305084745,1.0
M1:1000:6,1000,M1,6,primary_semantic_capture,10,9,0.9491525423728814,False,False,True,0.4915254237288136,1.0
M1:1000:7,1000,M1,7,primary_semantic_capture,61,60,1.3559322033898304,True,True,True,0.5423728813559322,1.0
M1:1001:1,1001,M1,1,primary_semantic_capture,5,4,1.0769230769230769,True,False,True,0.14285714285714285,1.0
M1:1002:0,1002,M1,0,primary_semantic_capture,2,1,0.9230769230769231,False,False,True,0.3076923076923077,1.0
M1:1002:3,1002,M1,3,primary_semantic_capture,8,7,1.1346153846153846,True,False,True,0.4807692307692308,1.0
M1:1002:4,1002,M1,4,primary_semantic_capture,30,29,1.6153846153846154,True,True,True,0.2692307692307692,1.0
M1:1002:6,1002,M1,6,primary_semantic_capture,4,3,1.1346153846153846,True,False,True,0.21153846153846154,1.0
M1:1002:7,1002,M1,7,primary_semantic_capture,9,8,2.0,True,True,True,0.28846153846153844,1.0
M1:1003:2,1003,M1,2,primary_semantic_capture,4,3,2.393939393939394,True,True,True,0.7575757575757576,1.0
M1:1003:4,1003,M1,4,primary_semantic_capture,5,4,2.303030303030303,True,True,True,0.696969696969697,1.0
M1:1003:6,1003,M1,6,primary_semantic_capture,5,4,1.9393939393939394,True,True,True,0.696969696969697,1.0
M1:1004:3,1004,M1,3,primary_semantic_capture,2,1,2.4285714285714284,True,True,True,0.10714285714285714,1.0
M1:1004:3,1004,M1,3,legacy_aligned_capture,3,2,2.4642857142857144,True,True,True,0.10714285714285714,1.0
M1:1004:4,1004,M1,4,primary_semantic_capture,27,26,5.178571428571429,True,True,True,0.14285714285714285,1.0
M1:1006:0,1006,M1,0,primary_semantic_capture,4,3,1.709090909090909,True,True,True,0.7090909090909091,1.0
M1:1006:1,1006,M1,1,primary_semantic_capture,7,6,1.6,True,True,True,0.7454545454545455,1.0
M1:1007:0,1007,M1,0,primary_semantic_capture,12,11,1.9454545454545455,True,True,True,0.23636363636363636,1.0
M1:1007:1,1007,M1,1,primary_semantic_capture,1,0,2.2545454545454544,True,True,True,0.21818181818181817,1.0
M1:1007:1,1007,M1,1,legacy_aligned_capture,1,0,2.2545454545454544,True,True,True,0.21818181818181817,1.0
M1:1007:2,1007,M1,2,primary_semantic_capture,8,7,2.109090909090909,True,True,True,0.14545454545454545,1.0
M1:1007:3,1007,M1,3,primary_semantic_capture,3,2,2.2545454545454544,True,True,True,0.21818181818181817,1.0
M1:1007:4,1007,M1,4,primary_semantic_capture,1,0,1.4363636363636363,True,True,True,0.16363636363636364,1.0
M1:1007:4,1007,M1,4,legacy_aligned_capture,1,0,1.4363636363636363,True,True,True,0.16363636363636364,1.0
M1:1007:5,1007,M1,5,primary_semantic_capture,19,18,1.7272727272727273,True,True,True,0.2545454545454545,1.0
M1:1007:7,1007,M1,7,primary_semantic_capture,4,3,1.3818181818181818,True,True,True,0.2,1.0
M1:1009:0,1009,M1,0,primary_semantic_capture,14,13,2.1132075471698113,True,True,True,0.4339622641509434,1.0
M1:1009:0,1009,M1,0,legacy_aligned_capture,14,13,2.1132075471698113,True,True,True,0.4339622641509434,1.0
M1:1009:7,1009,M1,7,primary_semantic_capture,8,7,2.056603773584906,True,True,True,0.5094339622641509,1.0
M1:1011:0,1011,M1,0,primary_semantic_capture,17,16,1.240506329113924,True,False,True,0.16455696202531644,1.0
M1:1011:0,1011,M1,0,legacy_aligned_capture,17,16,1.240506329113924,True,False,True,0.16455696202531644,1.0
M1:1011:1,1011,M1,1,primary_semantic_capture,46,45,1.6582278481012658,True,True,True,0.3037974683544304,1.0
M1:1011:2,1011,M1,2,primary_semantic_capture,21,20,1.2531645569620253,True,True,True,0.13924050632911392,1.0
M1:1011:3,1011,M1,3,primary_semantic_capture,10,9,0.7341772151898734,False,False,True,0.13924050632911392,1.0
M1:1011:6,1011,M1,6,primary_semantic_capture,15,14,2.0253164556962027,True,True,True,0.21518987341772153,1.0
M1:1011:6,1011,M1,6,legacy_aligned_capture,15,14,2.0253164556962027,True,True,True,0.21518987341772153,1.0
M1:1011:7,1011,M1,7,primary_semantic_capture,5,4,0.8987341772151899,False,False,True,0.27848101265822783,1.0
M1:1014:0,1014,M1,0,primary_semantic_capture,4,3,1.3387096774193548,True,True,True,0.20967741935483872,1.0
M1:1014:1,1014,M1,1,primary_semantic_capture,20,19,1.403225806451613,True,True,True,0.0967741935483871,1.0
M1:1014:2,1014,M1,2,primary_semantic_capture,47,46,2.5,True,True,True,0.20967741935483872,1.0
M1:1014:3,1014,M1,3,primary_semantic_capture,5,4,1.1774193548387097,True,False,True,0.08064516129032258,1.0
M1:1014:3,1014,M1,3,legacy_aligned_capture,5,4,1.1774193548387097,True,False,True,0.08064516129032258,1.0
M1:1014:5,1014,M1,5,primary_semantic_capture,27,26,1.5,True,True,True,0.14516129032258066,1.0
M1:1014:6,1014,M1,6,primary_semantic_capture,23,22,1.6451612903225807,True,True,True,0.16129032258064516,1.0
M1:1014:7,1014,M1,7,primary_semantic_capture,10,9,1.2096774193548387,True,False,True,0.11290322580645161,1.0
M1:1015:7,1015,M1,7,primary_semantic_capture,10,9,1.1126760563380282,True,False,True,0.5211267605633803,1.0
M1:1017:2,1017,M1,2,primary_semantic_capture,11,10,2.6491228070175437,True,True,True,0.543859649122807,1.0
M1:1019:6,1019,M1,6,primary_semantic_capture,2,1,5.5,True,True,True,0.4166666666666667,1.0
M1:1020:0,1020,M1,0,primary_semantic_capture,74,73,3.557142857142857,True,True,True,0.2857142857142857,1.0
M1:1020:2,1020,M1,2,primary_semantic_capture,11,10,1.457142857142857,True,True,True,0.07142857142857142,1.0
M1:1020:3,1020,M1,3,primary_semantic_capture,8,7,2.3857142857142857,True,True,True,0.24285714285714285,1.0
M1:1020:4,1020,M1,4,primary_semantic_capture,14,13,1.2142857142857142,True,False,True,0.3142857142857143,1.0
M1:1020:6,1020,M1,6,primary_semantic_capture,27,26,2.2285714285714286,True,True,True,0.22857142857142856,1.0
M1:1020:7,1020,M1,7,primary_semantic_capture,3,2,1.2142857142857142,True,False,True,0.21428571428571427,1.0
M1:1021:0,1021,M1,0,primary_semantic_capture,12,11,0.9090909090909091,False,False,True,0.2828282828282828,1.0
M1:1021:4,1021,M1,4,primary_semantic_capture,22,21,1.1515151515151516,True,False,True,0.3333333333333333,1.0
M1:1021:6,1021,M1,6,primary_semantic_capture,23,22,0.9696969696969697,False,False,True,0.2828282828282828,1.0
M1:1022:7,1022,M1,7,primary_semantic_capture,11,10,1.9014084507042253,True,True,True,0.4507042253521127,1.0
M1:1025:0,1025,M1,0,primary_semantic_capture,16,15,2.0208333333333335,True,True,True,0.5,1.0
M1:1025:3,1025,M1,3,primary_semantic_capture,19,18,1.3333333333333333,True,True,True,0.3333333333333333,1.0
M1:1026:1,1026,M1,1,primary_semantic_capture,9,8,1.3076923076923077,True,True,True,0.5641025641025641,1.0
M1:1026:2,1026,M1,2,primary_semantic_capture,4,3,1.5384615384615385,True,True,True,0.6282051282051282,1.0
M1:1026:5,1026,M1,5,primary_semantic_capture,6,5,1.6666666666666667,True,True,True,0.6666666666666666,1.0
M1:1026:6,1026,M1,6,primary_semantic_capture,44,43,2.217948717948718,True,True,True,0.7051282051282052,1.0
M1:1026:7,1026,M1,7,primary_semantic_capture,14,13,1.3076923076923077,True,True,True,0.4358974358974359,1.0
M1:1027:0,1027,M1,0,primary_semantic_capture,28,27,1.65,True,True,True,0.4,1.0
M1:1027:1,1027,M1,1,primary_semantic_capture,10,9,0.7833333333333333,False,False,True,0.4166666666666667,1.0
M1:1027:7,1027,M1,7,primary_semantic_capture,9,8,1.0666666666666667,True,False,True,0.26666666666666666,1.0
M1:1028:1,1028,M1,1,primary_semantic_capture,14,13,0.8,False,False,True,0.3217391304347826,1.0
M1:1028:1,1028,M1,1,legacy_aligned_capture,14,13,0.8,False,False,True,0.3217391304347826,1.0
M1:1028:2,1028,M1,2,primary_semantic_capture,1,0,0.7304347826086957,False,False,True,0.3217391304347826,1.0
M1:1028:2,1028,M1,2,legacy_aligned_capture,1,0,0.7304347826086957,False,False,True,0.3217391304347826,1.0
M1:1028:5,1028,M1,5,primary_semantic_capture,1,0,0.9652173913043478,False,False,True,0.3565217391304348,1.0
M1:1028:5,1028,M1,5,legacy_aligned_capture,3,2,0.9826086956521739,False,False,True,0.3565217391304348,1.0
M1:1029:0,1029,M1,0,primary_semantic_capture,39,38,3.5853658536585367,True,True,True,0.2926829268292683,1.0
M1:1029:5,1029,M1,5,primary_semantic_capture,21,20,2.2195121951219514,True,True,True,0.17073170731707318,1.0
M1:1030:2,1030,M1,2,primary_semantic_capture,5,4,1.4473684210526316,True,True,True,0.15789473684210525,1.0
M1:1030:4,1030,M1,4,primary_semantic_capture,16,15,1.0,True,False,True,0.18421052631578946,1.0
M1:1030:5,1030,M1,5,primary_semantic_capture,6,5,1.4473684210526316,True,True,True,0.2894736842105263,1.0
M1:1030:5,1030,M1,5,legacy_aligned_capture,6,5,1.4473684210526316,True,True,True,0.2894736842105263,1.0
M1:1030:6,1030,M1,6,primary_semantic_capture,3,2,2.1315789473684212,True,True,True,0.2631578947368421,1.0
M1:1031:0,1031,M1,0,primary_semantic_capture,1,0,1.9268292682926829,True,True,True,0.24390243902439024,1.0
M1:1031:2,1031,M1,2,primary_semantic_capture,2,1,3.4634146341463414,True,True,True,0.3170731707317073,1.0
M1:1031:3,1031,M1,3,primary_semantic_capture,6,5,2.3902439024390243,True,True,True,0.34146341463414637,1.0
M1:1031:5,1031,M1,5,primary_semantic_capture,4,3,2.658536585365854,True,True,True,0.2682926829268293,1.0
M1:1031:5,1031,M1,5,legacy_aligned_capture,4,3,2.658536585365854,True,True,True,0.2682926829268293,1.0
M1:1031:7,1031,M1,7,primary_semantic_capture,9,8,3.1951219512195124,True,True,True,0.4634146341463415,1.0
M1:1035:0,1035,M1,0,primary_semantic_capture,5,4,1.6666666666666667,True,True,True,0.38461538461538464,1.0
M1:1035:3,1035,M1,3,primary_semantic_capture,1,0,2.1025641025641026,True,True,True,0.38461538461538464,1.0
M1:1035:6,1035,M1,6,primary_semantic_capture,3,2,1.2564102564102564,True,True,True,0.41025641025641024,1.0
M1:1035:7,1035,M1,7,primary_semantic_capture,49,48,3.051282051282051,True,True,True,0.41025641025641024,1.0
M1:1036:3,1036,M1,3,primary_semantic_capture,1,0,2.230769230769231,True,True,True,0.8076923076923077,1.0
M1:1036:3,1036,M1,3,legacy_aligned_capture,5,4,2.3076923076923075,True,True,True,0.8076923076923077,1.0
M1:1036:4,1036,M1,4,primary_semantic_capture,3,2,3.1346153846153846,True,True,True,0.5961538461538461,1.0
M1:1036:5,1036,M1,5,primary_semantic_capture,22,21,2.3653846153846154,True,True,True,0.7884615384615384,1.0
M1:1036:5,1036,M1,5,legacy_aligned_capture,22,21,2.3653846153846154,True,True,True,0.7884615384615384,1.0
M1:1036:6,1036,M1,6,primary_semantic_capture,2,1,2.4423076923076925,True,True,True,0.6923076923076923,1.0
M1:1036:7,1036,M1,7,primary_semantic_capture,83,82,5.096153846153846,True,True,True,0.6730769230769231,1.0
M1:1037:6,1037,M1,6,primary_semantic_capture,1,0,1.5142857142857142,True,True,True,0.5142857142857142,1.0
M1:1038:4,1038,M1,4,primary_semantic_capture,10,9,1.6935483870967742,True,True,True,0.6774193548387096,1.0
M1:1039:2,1039,M1,2,primary_semantic_capture,14,13,0.9157894736842105,False,False,True,0.05263157894736842,1.0
M1:1039:3,1039,M1,3,primary_semantic_capture,84,83,1.6421052631578947,True,True,True,0.2631578947368421,1.0
M1:1039:5,1039,M1,5,primary_semantic_capture,6,5,0.9052631578947369,False,False,True,0.24210526315789474,1.0
M1:1039:6,1039,M1,6,primary_semantic_capture,5,4,1.1894736842105262,True,False,True,0.3263157894736842,1.0
M1:1039:7,1039,M1,7,primary_semantic_capture,1,0,0.7578947368421053,False,False,True,0.3157894736842105,1.0
M1:1039:7,1039,M1,7,legacy_aligned_capture,1,0,0.7578947368421053,False,False,True,0.3157894736842105,1.0
M1:1041:1,1041,M1,1,primary_semantic_capture,20,19,3.4285714285714284,True,True,True,0.48214285714285715,1.0
M1:1041:2,1041,M1,2,primary_semantic_capture,3,2,1.9285714285714286,True,True,True,0.4642857142857143,1.0
M1:1041:4,1041,M1,4,primary_semantic_capture,1,0,3.267857142857143,True,True,True,0.21428571428571427,1.0
M1:1041:6,1041,M1,6,primary_semantic_capture,4,3,2.642857142857143,True,True,True,0.5357142857142857,1.0
M1:1042:2,1042,M1,2,primary_semantic_capture,27,26,2.3469387755102042,True,True,True,0.30612244897959184,1.0
M1:1042:3,1042,M1,3,primary_semantic_capture,20,19,2.5714285714285716,True,True,True,0.10204081632653061,1.0
M1:1044:0,1044,M1,0,primary_semantic_capture,13,12,1.6818181818181819,True,True,True,0.18181818181818182,1.0
M1:1044:0,1044,M1,0,legacy_aligned_capture,30,29,2.0681818181818183,True,True,True,0.18181818181818182,1.0
M1:1044:1,1044,M1,1,primary_semantic_capture,4,3,2.2045454545454546,True,True,True,0.1590909090909091,1.0
M1:1044:2,1044,M1,2,primary_semantic_capture,30,29,2.1136363636363638,True,True,True,0.2727272727272727,1.0
M1:1044:3,1044,M1,3,primary_semantic_capture,50,49,2.9545454545454546,True,True,True,0.25,1.0
M1:1044:4,1044,M1,4,primary_semantic_capture,13,12,2.25,True,True,True,0.29545454545454547,1.0
M1:1045:0,1045,M1,0,primary_semantic_capture,1,0,1.4545454545454546,True,True,True,0.16666666666666666,1.0
M1:1045:1,1045,M1,1,primary_semantic_capture,2,1,1.2575757575757576,True,True,True,0.24242424242424243,1.0
M1:1045:2,1045,M1,2,primary_semantic_capture,2,1,1.893939393939394,True,True,True,0.18181818181818182,1.0
M1:1045:3,1045,M1,3,primary_semantic_capture,1,0,1.9696969696969697,True,True,True,0.30303030303030304,1.0
M1:1045:3,1045,M1,3,legacy_aligned_capture,1,0,1.9696969696969697,True,True,True,0.30303030303030304,1.0
M1:1045:4,1045,M1,4,primary_semantic_capture,1,0,1.0909090909090908,True,False,True,0.2727272727272727,1.0
M1:1045:5,1045,M1,5,primary_semantic_capture,15,14,1.9848484848484849,True,True,True,0.15151515151515152,1.0
M1:1045:7,1045,M1,7,primary_semantic_capture,1,0,1.1666666666666667,True,False,True,0.12121212121212122,1.0
M1:1046:0,1046,M1,0,primary_semantic_capture,7,6,1.7469879518072289,True,True,True,0.39759036144578314,1.0
M1:1046:1,1046,M1,1,primary_semantic_capture,5,4,1.1325301204819278,True,False,True,0.3132530120481928,1.0
M1:1046:2,1046,M1,2,primary_semantic_capture,8,7,1.5421686746987953,True,True,True,0.26506024096385544,1.0
M1:1046:2,1046,M1,2,legacy_aligned_capture,8,7,1.5421686746987953,True,True,True,0.26506024096385544,1.0
M1:1046:3,1046,M1,3,primary_semantic_capture,5,4,1.0963855421686748,True,False,True,0.2289156626506024,1.0
M1:1046:4,1046,M1,4,primary_semantic_capture,19,18,1.3855421686746987,True,True,True,0.2289156626506024,1.0
M1:1046:5,1046,M1,5,primary_semantic_capture,8,7,1.1927710843373494,True,False,True,0.3373493975903614,1.0
M1:1046:7,1046,M1,7,primary_semantic_capture,11,10,1.4216867469879517,True,True,True,0.43373493975903615,1.0
M1:1047:2,1047,M1,2,primary_semantic_capture,21,20,1.4482758620689655,True,True,True,0.4482758620689655,1.0
M1:1047:3,1047,M1,3,primary_semantic_capture,10,9,1.603448275862069,True,True,True,0.5172413793103449,1.0
M1:1047:7,1047,M1,7,primary_semantic_capture,1,0,1.4482758620689655,True,True,True,0.5862068965517241,1.0
M1:1048:0,1048,M1,0,primary_semantic_capture,26,25,2.48,True,True,True,0.48,1.0
M1:1048:0,1048,M1,0,legacy_aligned_capture,45,44,2.86,True,True,True,0.48,1.0
M1:1048:5,1048,M1,5,primary_semantic_capture,28,27,2.2,True,True,True,0.4,1.0
M1:1048:6,1048,M1,6,primary_semantic_capture,14,13,1.54,True,True,True,0.56,1.0
M1:1048:7,1048,M1,7,primary_semantic_capture,24,23,1.74,True,True,True,0.42,1.0
M1:1049:0,1049,M1,0,primary_semantic_capture,7,6,1.393939393939394,True,True,True,0.24242424242424243,1.0
M1:1049:0,1049,M1,0,legacy_aligned_capture,7,6,1.393939393939394,True,True,True,0.24242424242424243,1.0
M1:1049:3,1049,M1,3,primary_semantic_capture,28,27,2.0606060606060606,True,True,True,0.24242424242424243,1.0
M1:1049:4,1049,M1,4,primary_semantic_capture,1,0,1.121212121212121,True,False,True,0.3333333333333333,1.0
M1:1049:5,1049,M1,5,primary_semantic_capture,2,1,2.1515151515151514,True,True,True,0.42424242424242425,1.0
M1:1049:6,1049,M1,6,primary_semantic_capture,5,4,1.5757575757575757,True,True,True,0.36363636363636365,1.0
M1:1049:7,1049,M1,7,primary_semantic_capture,24,23,2.606060606060606,True,True,True,0.45454545454545453,1.0
M1:1050:0,1050,M1,0,primary_semantic_capture,14,13,0.9882352941176471,False,False,True,0.29411764705882354,1.0
M1:1050:0,1050,M1,0,legacy_aligned_capture,14,13,0.9882352941176471,False,False,True,0.29411764705882354,1.0
M1:1050:4,1050,M1,4,primary_semantic_capture,28,27,1.7882352941176471,True,True,True,0.3411764705882353,1.0
M1:1051:3,1051,M1,3,primary_semantic_capture,10,9,1.411764705882353,True,True,True,0.6274509803921569,1.0
M1:1051:5,1051,M1,5,primary_semantic_capture,1,0,1.803921568627451,True,True,True,0.6078431372549019,1.0
M1:1051:5,1051,M1,5,legacy_aligned_capture,1,0,1.803921568627451,True,True,True,0.6078431372549019,1.0
M1:1052:1,1052,M1,1,primary_semantic_capture,7,6,3.90625,True,True,True,0.3125,1.0
M1:1053:0,1053,M1,0,primary_semantic_capture,13,12,1.7391304347826086,True,True,True,0.2318840579710145,1.0
M1:1053:0,1053,M1,0,legacy_aligned_capture,13,12,1.7391304347826086,True,True,True,0.2318840579710145,1.0
M1:1053:1,1053,M1,1,primary_semantic_capture,7,6,1.3333333333333333,True,True,True,0.17391304347826086,1.0
M1:1053:1,1053,M1,1,legacy_aligned_capture,7,6,1.3333333333333333,True,True,True,0.17391304347826086,1.0
M1:1053:2,1053,M1,2,primary_semantic_capture,2,1,1.0869565217391304,True,False,True,0.11594202898550725,1.0
M1:1053:3,1053,M1,3,primary_semantic_capture,43,42,2.246376811594203,True,True,True,0.18840579710144928,1.0
M1:1053:7,1053,M1,7,primary_semantic_capture,13,12,2.4057971014492754,True,True,True,0.2608695652173913,1.0
M1:1054:0,1054,M1,0,primary_semantic_capture,5,4,1.7936507936507937,True,True,True,0.20634920634920634,1.0
M1:1054:1,1054,M1,1,primary_semantic_capture,10,9,1.9206349206349207,True,True,True,0.09523809523809523,1.0
M1:1054:2,1054,M1,2,primary_semantic_capture,8,7,0.9841269841269841,False,False,True,0.19047619047619047,1.0
M1:1054:4,1054,M1,4,primary_semantic_capture,7,6,1.2063492063492063,True,False,True,0.12698412698412698,1.0
M1:1054:5,1054,M1,5,primary_semantic_capture,6,5,0.8888888888888888,False,False,True,0.1111111111111111,1.0
M1:1054:6,1054,M1,6,primary_semantic_capture,18,17,1.4126984126984128,True,True,True,0.1746031746031746,1.0
M1:1054:7,1054,M1,7,primary_semantic_capture,4,3,0.7777777777777778,False,False,True,0.14285714285714285,1.0
M1:1055:5,1055,M1,5,primary_semantic_capture,6,5,1.4285714285714286,True,True,True,0.3979591836734694,1.0
M1:1056:1,1056,M1,1,primary_semantic_capture,2,1,1.45,True,True,True,0.2625,1.0
M1:1056:2,1056,M1,2,primary_semantic_capture,16,15,1.6,True,True,True,0.325,1.0
M1:1056:3,1056,M1,3,primary_semantic_capture,3,2,0.925,False,False,True,0.4,1.0
M1:1056:4,1056,M1,4,primary_semantic_capture,12,11,1.375,True,True,True,0.1875,1.0
M1:1056:5,1056,M1,5,primary_semantic_capture,29,28,1.1375,True,False,True,0.2375,1.0
M1:1056:6,1056,M1,6,primary_semantic_capture,19,18,1.45,True,True,True,0.3375,1.0
M1:1056:7,1056,M1,7,primary_semantic_capture,14,13,1.275,True,True,True,0.4,1.0
M1:1057:6,1057,M1,6,primary_semantic_capture,38,37,2.847457627118644,True,True,True,0.288135593220339,1.0
M1:1058:0,1058,M1,0,primary_semantic_capture,1,0,1.1265822784810127,True,False,True,0.05063291139240506,1.0
M1:1058:0,1058,M1,0,legacy_aligned_capture,1,0,1.1265822784810127,True,False,True,0.05063291139240506,1.0
M1:1058:1,1058,M1,1,primary_semantic_capture,7,6,1.1012658227848102,True,False,True,0.0759493670886076,1.0
M1:1058:2,1058,M1,2,primary_semantic_capture,59,58,3.2025316455696204,True,True,True,0.16455696202531644,1.0
M1:1058:3,1058,M1,3,primary_semantic_capture,113,112,2.8734177215189876,True,True,True,0.10126582278481013,1.0
M1:1058:4,1058,M1,4,primary_semantic_capture,3,2,1.4556962025316456,True,True,True,0.0379746835443038,1.0
M1:1058:4,1058,M1,4,legacy_aligned_capture,3,2,1.4556962025316456,True,True,True,0.0379746835443038,1.0
M1:1058:5,1058,M1,5,primary_semantic_capture,8,7,0.8481012658227848,False,False,True,0.012658227848101266,1.0
M1:1058:6,1058,M1,6,primary_semantic_capture,29,28,2.9873417721518987,True,True,True,0.06329113924050633,1.0
M1:1058:7,1058,M1,7,primary_semantic_capture,16,15,2.0759493670886076,True,True,,0.0,nan
M1:1058:7,1058,M1,7,legacy_aligned_capture,16,15,2.0759493670886076,True,True,,0.0,nan
M1:1059:0,1059,M1,0,primary_semantic_capture,8,7,2.227272727272727,True,True,True,0.18181818181818182,1.0
M1:1059:2,1059,M1,2,primary_semantic_capture,3,2,2.1363636363636362,True,True,True,0.36363636363636365,1.0
M1:1059:3,1059,M1,3,primary_semantic_capture,3,2,1.8409090909090908,True,True,True,0.3409090909090909,1.0
M1:1059:4,1059,M1,4,primary_semantic_capture,5,4,1.4545454545454546,True,True,True,0.3409090909090909,1.0
M1:1059:7,1059,M1,7,primary_semantic_capture,27,26,2.2954545454545454,True,True,True,0.3409090909090909,1.0
M1:1061:1,1061,M1,1,primary_semantic_capture,2,1,1.4411764705882353,True,True,True,0.5882352941176471,1.0
M1:1061:4,1061,M1,4,primary_semantic_capture,1,0,2.588235294117647,True,True,True,0.5,1.0
M1:1062:1,1062,M1,1,primary_semantic_capture,9,8,1.4666666666666666,True,True,True,0.5777777777777777,1.0
M1:1062:2,1062,M1,2,primary_semantic_capture,8,7,1.1111111111111112,True,False,True,0.5777777777777777,1.0
M1:1062:2,1062,M1,2,legacy_aligned_capture,8,7,1.1111111111111112,True,False,True,0.5777777777777777,1.0
M1:1062:3,1062,M1,3,primary_semantic_capture,20,19,1.0444444444444445,True,False,True,0.4,1.0
M1:1062:4,1062,M1,4,primary_semantic_capture,5,4,1.3777777777777778,True,True,True,0.6,1.0
M1:1062:5,1062,M1,5,primary_semantic_capture,2,1,1.5555555555555556,True,True,True,0.06666666666666667,1.0
M1:1062:5,1062,M1,5,legacy_aligned_capture,2,1,1.5555555555555556,True,True,True,0.06666666666666667,1.0
M1:1062:6,1062,M1,6,primary_semantic_capture,13,12,1.3555555555555556,True,True,True,0.5777777777777777,1.0
M1:1063:0,1063,M1,0,primary_semantic_capture,5,4,0.9404761904761905,False,False,True,0.35714285714285715,1.0
M1:1063:1,1063,M1,1,primary_semantic_capture,27,26,1.4880952380952381,True,True,True,0.35714285714285715,1.0
M1:1063:2,1063,M1,2,primary_semantic_capture,3,2,0.9404761904761905,False,False,True,0.35714285714285715,1.0
M1:1063:4,1063,M1,4,primary_semantic_capture,26,25,1.5357142857142858,True,True,True,0.30952380952380953,1.0
M1:1063:5,1063,M1,5,primary_semantic_capture,14,13,0.6071428571428571,False,False,True,0.19047619047619047,1.0
M1:1063:6,1063,M1,6,primary_semantic_capture,8,7,1.9166666666666667,True,True,True,0.32142857142857145,1.0
M1:1063:7,1063,M1,7,primary_semantic_capture,2,1,1.5714285714285714,True,True,True,0.38095238095238093,1.0
M1:1063:7,1063,M1,7,legacy_aligned_capture,2,1,1.5714285714285714,True,True,True,0.38095238095238093,1.0
M1:1064:0,1064,M1,0,primary_semantic_capture,16,15,2.6315789473684212,True,True,True,0.23684210526315788,1.0
M1:1064:3,1064,M1,3,primary_semantic_capture,56,55,4.052631578947368,True,True,True,0.42105263157894735,1.0
M1:1064:5,1064,M1,5,primary_semantic_capture,11,10,2.3421052631578947,True,True,True,0.3157894736842105,1.0
M1:1064:6,1064,M1,6,primary_semantic_capture,4,3,1.4210526315789473,True,True,True,0.3157894736842105,1.0
M1:1064:7,1064,M1,7,primary_semantic_capture,16,15,2.263157894736842,True,True,True,0.42105263157894735,1.0
M1:1065:1,1065,M1,1,primary_semantic_capture,15,14,1.7971014492753623,True,True,True,0.18840579710144928,1.0
M1:1065:2,1065,M1,2,primary_semantic_capture,8,7,0.9420289855072463,False,False,True,0.15942028985507245,1.0
M1:1065:6,1065,M1,6,primary_semantic_capture,2,1,0.7391304347826086,False,False,True,0.14492753623188406,1.0
M1:1069:1,1069,M1,1,primary_semantic_capture,3,2,3.185185185185185,True,True,True,0.37037037037037035,1.0
M1:1069:3,1069,M1,3,primary_semantic_capture,6,5,1.8518518518518519,True,True,True,0.3333333333333333,1.0
M1:1069:4,1069,M1,4,primary_semantic_capture,19,18,2.7037037037037037,True,True,True,0.2962962962962963,1.0
M1:1070:0,1070,M1,0,primary_semantic_capture,6,5,1.6363636363636365,True,True,True,0.09090909090909091,1.0
M1:1070:0,1070,M1,0,legacy_aligned_capture,7,6,1.6666666666666667,True,True,True,0.09090909090909091,1.0
M1:1070:1,1070,M1,1,primary_semantic_capture,55,54,2.9696969696969697,True,True,True,0.12121212121212122,1.0
M1:1070:2,1070,M1,2,primary_semantic_capture,22,21,1.5454545454545454,True,True,True,0.12121212121212122,1.0
M1:1070:2,1070,M1,2,legacy_aligned_capture,40,39,2.090909090909091,True,True,True,0.12121212121212122,1.0
M1:1070:4,1070,M1,4,primary_semantic_capture,125,124,5.121212121212121,True,True,True,0.09090909090909091,1.0
M1:1070:5,1070,M1,5,primary_semantic_capture,15,14,2.393939393939394,True,True,True,0.2727272727272727,1.0
M1:1070:6,1070,M1,6,primary_semantic_capture,29,28,2.9393939393939394,True,True,True,0.09090909090909091,1.0
M1:1070:7,1070,M1,7,primary_semantic_capture,10,9,1.4848484848484849,True,True,True,0.12121212121212122,1.0
M1:1071:0,1071,M1,0,primary_semantic_capture,63,62,2.1538461538461537,True,True,True,0.6483516483516484,1.0
M1:1071:3,1071,M1,3,primary_semantic_capture,46,45,1.4175824175824177,True,True,True,0.17582417582417584,1.0
M1:1071:6,1071,M1,6,primary_semantic_capture,27,26,1.8681318681318682,True,True,True,0.25274725274725274,1.0
M1:1071:7,1071,M1,7,primary_semantic_capture,30,29,1.934065934065934,True,True,True,0.5934065934065934,1.0
M1:1074:4,1074,M1,4,primary_semantic_capture,3,2,1.532258064516129,True,True,True,0.3548387096774194,1.0
M1:1076:2,1076,M1,2,primary_semantic_capture,7,6,1.1551724137931034,True,False,True,0.20689655172413793,1.0
M1:1076:2,1076,M1,2,legacy_aligned_capture,7,6,1.1551724137931034,True,False,True,0.20689655172413793,1.0
M1:1076:3,1076,M1,3,primary_semantic_capture,5,4,1.103448275862069,True,False,True,0.1724137931034483,1.0
M1:1077:0,1077,M1,0,primary_semantic_capture,23,22,1.7096774193548387,True,True,True,0.532258064516129,1.0
M1:1077:2,1077,M1,2,primary_semantic_capture,6,5,1.5806451612903225,True,True,True,0.3870967741935484,1.0
M1:1077:3,1077,M1,3,primary_semantic_capture,19,18,1.6774193548387097,True,True,True,0.2903225806451613,1.0
M1:1077:4,1077,M1,4,primary_semantic_capture,5,4,1.3225806451612903,True,True,True,0.5645161290322581,1.0
M1:1077:5,1077,M1,5,primary_semantic_capture,18,17,2.0,True,True,True,0.43548387096774194,1.0
M1:1077:7,1077,M1,7,primary_semantic_capture,18,17,1.532258064516129,True,True,True,0.3387096774193548,1.0
M1:1079:1,1079,M1,1,primary_semantic_capture,11,10,3.02,True,True,True,0.32,1.0
M1:1079:3,1079,M1,3,primary_semantic_capture,14,13,1.82,True,True,True,0.36,1.0
M1:1079:3,1079,M1,3,legacy_aligned_capture,14,13,1.82,True,True,True,0.36,1.0
M1:1079:5,1079,M1,5,primary_semantic_capture,11,10,2.14,True,True,True,0.34,1.0
M1:1082:2,1082,M1,2,primary_semantic_capture,3,2,5.5588235294117645,True,True,True,0.5294117647058824,1.0
M1:1082:5,1082,M1,5,primary_semantic_capture,26,25,4.205882352941177,True,True,True,0.4117647058823529,1.0
M1:1083:0,1083,M1,0,primary_semantic_capture,1,0,1.9761904761904763,True,True,True,0.40476190476190477,1.0
M1:1083:0,1083,M1,0,legacy_aligned_capture,5,4,2.0714285714285716,True,True,True,0.40476190476190477,1.0
M1:1085:0,1085,M1,0,primary_semantic_capture,6,5,1.143884892086331,True,False,True,0.2589928057553957,1.0
M1:1085:0,1085,M1,0,legacy_aligned_capture,6,5,1.143884892086331,True,False,True,0.2589928057553957,1.0
M1:1085:1,1085,M1,1,primary_semantic_capture,32,31,1.1726618705035972,True,False,True,0.2446043165467626,1.0
M1:1085:1,1085,M1,1,legacy_aligned_capture,32,31,1.1726618705035972,True,False,True,0.2446043165467626,1.0
M1:1085:2,1085,M1,2,primary_semantic_capture,20,19,1.143884892086331,True,False,True,0.28776978417266186,1.0
M1:1085:3,1085,M1,3,primary_semantic_capture,9,8,1.1366906474820144,True,False,True,0.17985611510791366,1.0
M1:1085:4,1085,M1,4,primary_semantic_capture,3,2,0.7338129496402878,False,False,True,0.18705035971223022,1.0
M1:1085:6,1085,M1,6,primary_semantic_capture,6,5,1.474820143884892,True,True,True,0.3381294964028777,1.0
M1:1085:7,1085,M1,7,primary_semantic_capture,16,15,1.1151079136690647,True,False,True,0.2517985611510791,1.0
M1:1085:7,1085,M1,7,legacy_aligned_capture,16,15,1.1151079136690647,True,False,True,0.2517985611510791,1.0
M1:1088:0,1088,M1,0,primary_semantic_capture,33,32,2.7962962962962963,True,True,True,0.3148148148148148,1.0
M1:1088:3,1088,M1,3,primary_semantic_capture,11,10,1.962962962962963,True,True,True,0.18518518518518517,1.0
M1:1088:3,1088,M1,3,legacy_aligned_capture,11,10,1.962962962962963,True,True,True,0.18518518518518517,1.0
M1:1088:4,1088,M1,4,primary_semantic_capture,4,3,1.9259259259259258,True,True,True,0.4444444444444444,1.0
M1:1088:5,1088,M1,5,primary_semantic_capture,101,100,3.8518518518518516,True,True,True,0.35185185185185186,1.0
M1:1088:6,1088,M1,6,primary_semantic_capture,10,9,2.425925925925926,True,True,True,0.2222222222222222,1.0
M1:1088:7,1088,M1,7,primary_semantic_capture,27,26,1.5925925925925926,True,True,True,0.25925925925925924,1.0
M1:1089:1,1089,M1,1,primary_semantic_capture,6,5,1.7636363636363637,True,True,True,0.509090909090909,1.0
M1:1089:1,1089,M1,1,legacy_aligned_capture,6,5,1.7636363636363637,True,True,True,0.509090909090909,1.0
M1:1091:1,1091,M1,1,primary_semantic_capture,20,19,0.7941176470588235,False,False,True,0.2549019607843137,1.0
M1:1091:2,1091,M1,2,primary_semantic_capture,8,7,0.7941176470588235,False,False,True,0.2549019607843137,1.0
M1:1091:3,1091,M1,3,primary_semantic_capture,16,15,1.107843137254902,True,False,True,0.19607843137254902,1.0
M1:1091:4,1091,M1,4,primary_semantic_capture,75,74,1.607843137254902,True,True,True,0.16666666666666666,1.0
M1:1091:5,1091,M1,5,primary_semantic_capture,11,10,0.6470588235294118,False,False,True,0.17647058823529413,1.0
M1:1091:7,1091,M1,7,primary_semantic_capture,3,2,0.9901960784313726,False,False,True,0.3431372549019608,1.0
M1:1091:7,1091,M1,7,legacy_aligned_capture,3,2,0.9901960784313726,False,False,True,0.3431372549019608,1.0
M1:1093:3,1093,M1,3,primary_semantic_capture,31,30,1.2659574468085106,True,True,True,0.44680851063829785,1.0
M1:1093:4,1093,M1,4,primary_semantic_capture,7,6,1.4893617021276595,True,True,True,0.5212765957446809,1.0
M1:1095:7,1095,M1,7,primary_semantic_capture,11,10,1.7543859649122806,True,True,True,0.5789473684210527,1.0
M1:1097:0,1097,M1,0,primary_semantic_capture,12,11,0.6262626262626263,False,False,True,0.25252525252525254,1.0
M1:1097:1,1097,M1,1,primary_semantic_capture,23,22,1.0707070707070707,True,False,True,0.3838383838383838,1.0
M1:1097:1,1097,M1,1,legacy_aligned_capture,23,22,1.0707070707070707,True,False,True,0.3838383838383838,1.0
M1:1097:2,1097,M1,2,primary_semantic_capture,2,1,0.8383838383838383,False,False,True,0.36363636363636365,1.0
M1:1097:2,1097,M1,2,legacy_aligned_capture,4,3,0.8585858585858586,False,False,True,0.36363636363636365,1.0
M1:1097:3,1097,M1,3,primary_semantic_capture,1,0,0.42424242424242425,False,False,True,0.12121212121212122,1.0
M1:1097:5,1097,M1,5,primary_semantic_capture,2,1,0.42424242424242425,False,False,True,0.25252525252525254,1.0
M1:1097:7,1097,M1,7,primary_semantic_capture,33,32,1.5454545454545454,True,True,True,0.45454545454545453,1.0
M1:1099:1,1099,M1,1,primary_semantic_capture,2,1,0.9166666666666666,False,False,,0.0,nan
M1:1099:2,1099,M1,2,primary_semantic_capture,4,3,0.75,False,False,True,0.08333333333333333,1.0
M1:1099:3,1099,M1,3,primary_semantic_capture,25,24,2.8958333333333335,True,True,True,0.2708333333333333,1.0
M1:1099:5,1099,M1,5,primary_semantic_capture,16,15,2.2291666666666665,True,True,True,0.16666666666666666,1.0
M1:1099:5,1099,M1,5,legacy_aligned_capture,16,15,2.2291666666666665,True,True,True,0.16666666666666666,1.0
M1:1099:6,1099,M1,6,primary_semantic_capture,2,1,2.9791666666666665,True,True,True,0.0625,1.0
M1:1099:6,1099,M1,6,legacy_aligned_capture,2,1,2.9791666666666665,True,True,True,0.0625,1.0
M1:1099:7,1099,M1,7,primary_semantic_capture,8,7,3.9166666666666665,True,True,True,0.20833333333333334,1.0
M1:1102:1,1102,M1,1,primary_semantic_capture,42,41,1.6310679611650485,True,True,True,0.5922330097087378,1.0
M1:1104:2,1104,M1,2,primary_semantic_capture,4,3,3.7333333333333334,True,True,True,0.43333333333333335,1.0
M1:1105:0,1105,M1,0,primary_semantic_capture,35,34,1.4615384615384615,True,True,False,0.1794871794871795,0.875
M1:1105:1,1105,M1,1,primary_semantic_capture,12,11,1.2307692307692308,True,False,True,0.28205128205128205,1.0
M1:1105:2,1105,M1,2,primary_semantic_capture,22,21,1.3205128205128205,True,True,True,0.24358974358974358,1.0
M1:1105:4,1105,M1,4,primary_semantic_capture,100,99,2.3076923076923075,True,True,True,0.2564102564102564,1.0
M1:1105:5,1105,M1,5,primary_semantic_capture,4,3,1.5128205128205128,True,True,True,0.19230769230769232,1.0
M1:1105:6,1105,M1,6,primary_semantic_capture,11,10,1.294871794871795,True,True,True,0.16666666666666666,1.0
M1:1105:7,1105,M1,7,primary_semantic_capture,19,18,0.6923076923076923,False,False,True,0.14102564102564102,1.0
M1:1106:4,1106,M1,4,primary_semantic_capture,3,2,1.4430379746835442,True,True,True,0.31645569620253167,1.0
M1:1107:0,1107,M1,0,primary_semantic_capture,17,16,0.7410714285714286,False,False,True,0.125,1.0
M1:1107:1,1107,M1,1,primary_semantic_capture,9,8,1.6160714285714286,True,True,True,0.16964285714285715,1.0
M1:1107:2,1107,M1,2,primary_semantic_capture,36,35,1.2589285714285714,True,True,True,0.08035714285714286,1.0
M1:1107:3,1107,M1,3,primary_semantic_capture,1,0,0.7053571428571429,False,False,True,0.17857142857142858,1.0
M1:1107:4,1107,M1,4,primary_semantic_capture,13,12,0.7857142857142857,False,False,True,0.25,1.0
M1:1107:5,1107,M1,5,primary_semantic_capture,45,44,1.1785714285714286,True,False,True,0.24107142857142858,1.0
M1:1107:7,1107,M1,7,primary_semantic_capture,45,44,0.8392857142857143,False,False,True,0.13392857142857142,1.0
