episode_variant,capture_kind,model,episode_ordinal,gap_at_risk,gap_stop_events,gap_censored,gap_stop_hazard,episodes_started,capture_events,inepisode_stop_events,inepisode_censored,capture_hazard_given_episode,capture_cif_after_episode,stop_cif_after_episode,event_free_survival
lineage,primary,M0,1,8848,759,3,0.08578209764918626,8086,229,158,0,0.028320554044026714,0.025891157511542955,0.10364586571391896,0.870462976774538
lineage,primary,M0,2,7699,519,3,0.06741135212365242,7177,207,199,0,0.028842134596628117,0.049304737745773625,0.18483365952004346,0.7658616027341828
lineage,primary,M0,3,6771,430,0,0.06350612907989957,6341,200,208,0,0.03154076644062451,0.07192655439720422,0.2569972546381071,0.6710761909646886
lineage,primary,M0,4,5933,322,0,0.054272711950109555,5611,167,215,0,0.029762965603279273,0.09081577130114876,0.31773683234719824,0.591447396351653
lineage,primary,M0,5,5229,222,0,0.042455536431440045,5007,142,220,0,0.02836029558617935,0.10687726112366448,0.3677310471468599,0.5253916917294756
lineage,primary,M0,6,4645,188,0,0.040473627556512376,4457,119,193,0,0.026699573704285395,0.1203372420312657,0.4108256078678352,0.4688371501008991
lineage,primary,M0,7,4145,170,0,0.04101326899879373,3975,95,203,0,0.02389937106918239,0.13108260494069524,0.45301529592275325,0.4159020991365515
lineage,primary,M0,8,3677,132,0,0.03589883056839815,3545,99,183,0,0.027926657263751764,0.14228040418315338,0.48864465714875643,0.36907493866809016
lineage,primary,M0,9,3263,121,0,0.03708243947287772,3142,83,142,0,0.026416295353278166,0.15166845809349708,0.5183923460453878,0.32993919586111525
lineage,primary,M0,10,2917,80,0,0.027425437092903668,2837,79,127,0,0.02784631653154741,0.16060407567081217,0.5418059262796184,0.2975899980495695
lineage,primary,M0,11,2631,67,0,0.025465602432535157,2564,74,143,0,0.028861154446177848,0.1689741478318415,0.5655588337636206,0.26546701840453807
lineage,primary,M0,12,2347,47,0,0.020025564550489986,2300,75,109,0,0.03260869565217391,0.177457329076128,0.5832038507517364,0.23933882017213573
lineage,primary,M0,13,2116,34,0,0.01606805293005671,2082,64,97,0,0.03073967339097022,0.18469631040458578,0.5980211406584235,0.2172825489369909
lineage,primary,M0,14,1921,40,0,0.020822488287350338,1881,49,106,0,0.026049973418394472,0.19023865548418628,0.6145350668139679,0.19522627770184606
lineage,primary,M0,15,1726,34,0,0.019698725376593278,1692,48,99,1,0.028368794326241134,0.19566789148052963,0.6295785748871692,0.17475353363230137
lineage,primary,M0,16,1544,27,0,0.017487046632124352,1517,49,86,0,0.032300593276203035,0.20121382616186562,0.6423681793563726,0.156417994481762
lineage,primary,M0,17,1382,20,0,0.01447178002894356,1362,34,68,0,0.024963289280469897,0.20506202573667018,0.6523282253146904,0.14260974894863973
lineage,primary,M0,18,1260,20,0,0.015873015873015872,1240,26,65,0,0.020967741935483872,0.20800476658799133,0.6619487242517018,0.1300465091603072
lineage,primary,M0,19,1149,20,0,0.017406440382941687,1129,31,65,0,0.02745792736935341,0.2115134191414896,0.6715692231887133,0.1169173576697975
lineage,primary,M0,20,1033,8,0,0.007744433688286544,1025,26,43,0,0.025365853658536587,0.21445615999281073,0.6773415225509202,0.1082023174562695
lineage,primary,M0,21,956,10,0,0.010460251046025104,946,19,39,0,0.0200845665961945,0.21660662446108386,0.6828874572322561,0.10050591830666036
lineage,primary,M0,22,888,12,0,0.013513513513513514,876,26,25,0,0.02968036529680365,0.219549365312405,0.687075203828367,0.09337543085922838
lineage,primary,M0,23,825,8,0,0.009696969696969697,817,16,51,0,0.019583843329253364,0.22136028275937183,0.6937529619140572,0.08488675532657125
lineage,primary,M0,24,750,8,0,0.010666666666666666,742,25,42,0,0.03369272237196765,0.22418984127025754,0.6994120789358287,0.07639807979391414
lineage,primary,M0,25,675,5,0,0.007407407407407408,670,17,26,0,0.025373134328358207,0.22611394105765983,0.702920731489327,0.07096532745301358
lineage,primary,M0,26,627,1,0,0.001594896331738437,626,20,29,0,0.03194888178913738,0.22837758786636841,0.7063162017023898,0.06530621043124216
lineage,primary,M0,27,577,7,0,0.012131715771230503,570,15,29,0,0.02631578947368421,0.23007532297289984,0.7103907659580653,0.05953391106903531
lineage,primary,M0,28,526,3,0,0.005703422053231939,523,15,29,0,0.028680688336520075,0.23177305807943127,0.7140126008519989,0.05421434106857017
lineage,primary,M0,29,479,3,0,0.006263048016701462,476,16,27,0,0.03361344537815126,0.23358397552639812,0.7174080710650617,0.049007953408540465
lineage,primary,M0,30,433,2,0,0.004618937644341801,431,15,14,0,0.03480278422273782,0.23528171063292955,0.7192189885120286,0.04549930085504218
lineage,primary,M0,31,402,4,0,0.009950248756218905,398,8,15,0,0.020100502512562814,0.23618716935641298,0.7213694529803016,0.04244337766328562
lineage,primary,M0,32,375,0,0,0.0,375,13,14,0,0.034666666666666665,0.23765853978207355,0.7229540057463977,0.039387454471529054
lineage,primary,M0,33,348,2,0,0.005747126436781609,346,11,12,0,0.031791907514450865,0.23890354552686327,0.7245385585124937,0.03655789596064334
lineage,primary,M0,34,323,0,0,0.0,323,9,15,0,0.02786377708978328,0.23992218659078213,0.7262362936190251,0.033841519790193064
lineage,primary,M0,35,299,0,0,0.0,299,12,21,0,0.04013377926421405,0.24128037467600727,0.728613122768169,0.03010650255582393
lineage,primary,M0,36,266,0,0,0.0,266,12,10,0,0.045112781954887216,0.2426385627612324,0.7297449461725233,0.027616491066244506
lineage,primary,M0,37,244,2,0,0.00819672131147541,242,7,4,0,0.028925619834710745,0.2434308391442804,0.7304240402151359,0.02614512064058394
lineage,primary,M0,38,231,1,0,0.004329004329004329,230,5,7,0,0.021739130434782608,0.24399675084645756,0.7313294989386193,0.024673750214923375
lineage,primary,M0,39,218,0,0,0.0,218,5,10,0,0.022935779816513763,0.2445626625486347,0.7324613223429736,0.02297601510839195
lineage,primary,M0,40,203,1,0,0.0049261083743842365,202,4,4,0,0.019801980198019802,0.2450153919103764,0.7330272340451507,0.021957374044473094
lineage,primary,M0,41,194,1,0,0.005154639175257732,193,11,6,0,0.05699481865284974,0.24626039765516614,0.7338195104281987,0.019920091916635387
lineage,primary,M0,42,176,0,0,0.0,176,7,3,0,0.03977272727272727,0.24705267403821413,0.7341590574495049,0.018788268512281103
lineage,primary,M0,43,166,1,0,0.006024096385542169,165,6,3,0,0.03636363636363636,0.2477317680808267,0.7346117868112466,0.01765644510792682
lineage,primary,M0,44,156,0,0,0.0,156,4,3,0,0.02564102564102564,0.2481844974425684,0.7349513338325528,0.016864168724878822
lineage,primary,M0,45,149,0,0,0.0,149,6,0,0,0.040268456375838924,0.24886359148518097,0.7349513338325528,0.016185074682266255
lineage,primary,M0,46,143,1,0,0.006993006993006993,142,7,5,0,0.04929577464788732,0.24965586786822896,0.7356304278751654,0.014713704256605684
lineage,primary,M0,47,130,0,0,0.0,130,6,2,0,0.046153846153846156,0.25033496191084154,0.7358567925560363,0.013808245533122257
lineage,primary,M0,48,122,0,0,0.0,122,3,4,0,0.02459016393442623,0.2506745089321478,0.736309521917778,0.013015969150074259
lineage,primary,M0,49,115,0,0,0.0,115,4,4,0,0.034782608695652174,0.25112723829388955,0.7367622512795197,0.012110510426590832
lineage,primary,M0,50,107,0,0,0.0,107,3,2,0,0.028037383177570093,0.25146678531519584,0.7369886159603906,0.01154459872441369
lineage,primary,M0,51,102,0,0,0.0,102,5,3,0,0.049019607843137254,0.25203269701737296,0.7373281629816968,0.010639140000930265
lineage,primary,M0,52,94,0,0,0.0,94,4,4,0,0.0425531914893617,0.2524854263791147,0.7377808923434385,0.009733681277446837
lineage,primary,M0,53,86,0,0,0.0,86,2,1,0,0.023255813953488372,0.25271179105998554,0.7378940746838739,0.009394134256140553
lineage,primary,M0,54,83,0,0,0.0,83,5,3,0,0.060240963855421686,0.25327770276216266,0.7382336217051801,0.008488675532657126
lineage,primary,M0,55,75,0,0,0.0,75,2,3,0,0.02666666666666667,0.2535040674430335,0.7385731687264864,0.007922763830479984
lineage,primary,M0,56,70,0,0,0.0,70,2,0,0,0.02857142857142857,0.25373043212390434,0.7385731687264864,0.007696399149609128
lineage,primary,M0,57,68,0,0,0.0,68,2,1,1,0.029411764705882353,0.2539567968047752,0.7386863510669218,0.007356852128302843
lineage,primary,M0,58,64,0,0,0.0,64,1,1,0,0.015625,0.2540717476192799,0.7388013018814266,0.007126950499293379
lineage,primary,M0,59,62,0,0,0.0,62,1,0,0,0.016129032258064516,0.25418669843378466,0.7388013018814266,0.007011999684788647
lineage,primary,M0,60,61,1,0,0.01639344262295082,60,4,1,1,0.06666666666666667,0.2546465016918036,0.739031203510436,0.006322294797760255
lineage,primary,M0,61,54,0,0,0.0,54,3,0,0,0.05555555555555555,0.25499774029167915,0.739031203510436,0.005971056197884686
lineage,primary,M0,62,51,0,0,0.0,51,1,1,0,0.0196078431372549,0.25511481982497103,0.7391482830437279,0.005736897131300973
lineage,primary,M0,63,49,0,0,0.0,49,5,0,0,0.10204081632653061,0.2557002174914303,0.7391482830437279,0.00515149946484169
lineage,primary,M0,64,44,0,0,0.0,44,2,0,0,0.045454545454545456,0.255934376558014,0.7391482830437279,0.004917340398257977
lineage,primary,M0,65,42,0,0,0.0,42,0,0,0,0.0,0.255934376558014,0.7391482830437279,0.004917340398257977
lineage,primary,M0,66,42,0,0,0.0,42,0,0,0,0.0,0.255934376558014,0.7391482830437279,0.004917340398257977
lineage,primary,M0,67,42,0,0,0.0,42,2,1,0,0.047619047619047616,0.2561685356245977,0.7392653625770198,0.004566101798382407
lineage,primary,M0,68,39,0,0,0.0,39,1,1,0,0.02564102564102564,0.25628561515788956,0.7393824421103117,0.004331942731798694
lineage,primary,M0,69,37,0,0,0.0,37,0,0,0,0.0,0.25628561515788956,0.7393824421103117,0.004331942731798694
lineage,primary,M0,70,37,0,0,0.0,37,3,0,0,0.08108108108108109,0.2566368537577651,0.7393824421103117,0.003980704131923124
lineage,primary,M0,71,34,0,0,0.0,34,1,0,0,0.029411764705882353,0.256753933291057,0.7393824421103117,0.0038636245986312674
lineage,primary,M0,72,33,0,0,0.0,33,1,0,0,0.030303030303030304,0.2568710128243489,0.7393824421103117,0.003746545065339411
lineage,primary,M0,73,32,0,0,0.0,32,3,0,0,0.09375,0.25722225142422445,0.7393824421103117,0.0033953064654638414
lineage,primary,M0,74,29,0,0,0.0,29,1,1,0,0.034482758620689655,0.2573393309575163,0.7394995216436036,0.003161147398880128
lineage,primary,M0,75,27,0,0,0.0,27,0,1,0,0.0,0.2573393309575163,0.7396166011768954,0.0030440678655882718
lineage,primary,M0,76,26,0,0,0.0,26,0,0,0,0.0,0.2573393309575163,0.7396166011768954,0.0030440678655882718
lineage,primary,M0,77,26,0,0,0.0,26,2,0,0,0.07692307692307693,0.2575734900241,0.7396166011768954,0.0028099087990045585
lineage,primary,M0,78,24,0,0,0.0,24,1,2,0,0.041666666666666664,0.2576905695573919,0.7398507602434792,0.002458670199128989
lineage,primary,M0,79,21,0,0,0.0,21,0,0,1,0.0,0.2576905695573919,0.7398507602434792,0.002458670199128989
lineage,primary,M0,80,20,0,0,0.0,20,1,0,0,0.05,0.25781350306734835,0.7398507602434792,0.0023357366891725395
lineage,primary,M0,81,19,0,0,0.0,19,0,0,0,0.0,0.25781350306734835,0.7398507602434792,0.0023357366891725395
lineage,primary,M0,82,19,0,0,0.0,19,1,0,0,0.05263157894736842,0.2579364365773048,0.7398507602434792,0.00221280317921609
lineage,primary,M0,83,18,0,0,0.0,18,2,1,0,0.1111111111111111,0.2581823035972177,0.7399736937534356,0.0018440026493467417
lineage,primary,M0,84,15,0,0,0.0,15,1,0,0,0.06666666666666667,0.2583052371071742,0.7399736937534356,0.0017210691393902923
lineage,primary,M0,85,14,0,0,0.0,14,1,0,0,0.07142857142857142,0.25842817061713064,0.7399736937534356,0.0015981356294338428
lineage,primary,M0,86,13,0,0,0.0,13,1,0,0,0.07692307692307693,0.2585511041270871,0.7399736937534356,0.0014752021194773934
lineage,primary,M0,87,12,0,0,0.0,12,0,0,0,0.0,0.2585511041270871,0.7399736937534356,0.0014752021194773934
lineage,primary,M0,88,12,0,0,0.0,12,0,0,0,0.0,0.2585511041270871,0.7399736937534356,0.0014752021194773934
lineage,primary,M0,89,12,0,0,0.0,12,0,0,0,0.0,0.2585511041270871,0.7399736937534356,0.0014752021194773934
lineage,primary,M0,90,12,0,0,0.0,12,1,0,0,0.08333333333333333,0.25867403763704355,0.7399736937534356,0.001352268609520944
lineage,primary,M0,91,11,0,0,0.0,11,2,0,0,0.18181818181818182,0.25891990465695647,0.7399736937534356,0.001106401589608045
lineage,primary,M0,92,9,0,0,0.0,9,0,0,0,0.0,0.25891990465695647,0.7399736937534356,0.001106401589608045
lineage,primary,M0,93,9,0,0,0.0,9,0,0,0,0.0,0.25891990465695647,0.7399736937534356,0.001106401589608045
lineage,primary,M0,94,9,0,0,0.0,9,1,0,0,0.1111111111111111,0.2590428381669129,0.7399736937534356,0.0009834680796515956
lineage,primary,M0,95,8,0,0,0.0,8,1,0,0,0.125,0.2591657716768694,0.7399736937534356,0.0008605345696951461
lineage,primary,M0,96,7,0,0,0.0,7,1,0,0,0.14285714285714285,0.25928870518682584,0.7399736937534356,0.0007376010597386968
lineage,primary,M0,97,6,0,0,0.0,6,0,0,0,0.0,0.25928870518682584,0.7399736937534356,0.0007376010597386968
lineage,primary,M0,98,6,0,0,0.0,6,0,0,0,0.0,0.25928870518682584,0.7399736937534356,0.0007376010597386968
lineage,primary,M0,99,6,0,0,0.0,6,0,0,0,0.0,0.25928870518682584,0.7399736937534356,0.0007376010597386968
lineage,primary,M0,100,6,0,0,0.0,6,0,0,0,0.0,0.25928870518682584,0.7399736937534356,0.0007376010597386968
lineage,primary,M0,101,6,0,0,0.0,6,0,0,0,0.0,0.25928870518682584,0.7399736937534356,0.0007376010597386968
lineage,primary,M0,102,6,0,0,0.0,6,1,0,0,0.16666666666666666,0.2594116386967823,0.7399736937534356,0.0006146675497822473
lineage,primary,M0,103,5,0,0,0.0,5,0,0,0,0.0,0.2594116386967823,0.7399736937534356,0.0006146675497822473
lineage,primary,M0,104,5,0,0,0.0,5,0,0,0,0.0,0.2594116386967823,0.7399736937534356,0.0006146675497822473
lineage,primary,M0,105,5,0,0,0.0,5,0,0,0,0.0,0.2594116386967823,0.7399736937534356,0.0006146675497822473
lineage,primary,M0,106,5,0,0,0.0,5,1,0,0,0.2,0.25953457220673876,0.7399736937534356,0.0004917340398257979
lineage,primary,M0,107,4,0,0,0.0,4,0,0,0,0.0,0.25953457220673876,0.7399736937534356,0.0004917340398257979
lineage,primary,M0,108,4,0,0,0.0,4,0,0,0,0.0,0.25953457220673876,0.7399736937534356,0.0004917340398257979
lineage,primary,M0,109,4,0,0,0.0,4,1,0,0,0.25,0.2596575057166952,0.7399736937534356,0.00036880052986934845
lineage,primary,M0,110,3,0,0,0.0,3,1,0,0,0.3333333333333333,0.25978043922665167,0.7399736937534356,0.000245867019912899
lineage,primary,M0,111,2,0,0,0.0,2,0,0,0,0.0,0.25978043922665167,0.7399736937534356,0.000245867019912899
lineage,primary,M0,112,2,0,0,0.0,2,0,0,0,0.0,0.25978043922665167,0.7399736937534356,0.000245867019912899
lineage,primary,M0,113,2,0,0,0.0,2,0,0,0,0.0,0.25978043922665167,0.7399736937534356,0.000245867019912899
lineage,primary,M0,114,2,0,0,0.0,2,0,0,0,0.0,0.25978043922665167,0.7399736937534356,0.000245867019912899
lineage,primary,M0,115,2,0,0,0.0,2,0,0,0,0.0,0.25978043922665167,0.7399736937534356,0.000245867019912899
lineage,primary,M0,116,2,0,0,0.0,2,0,0,0,0.0,0.25978043922665167,0.7399736937534356,0.000245867019912899
lineage,primary,M0,117,2,0,0,0.0,2,0,0,0,0.0,0.25978043922665167,0.7399736937534356,0.000245867019912899
lineage,primary,M0,118,2,0,0,0.0,2,0,0,0,0.0,0.25978043922665167,0.7399736937534356,0.000245867019912899
lineage,primary,M0,119,2,0,0,0.0,2,0,0,0,0.0,0.25978043922665167,0.7399736937534356,0.000245867019912899
lineage,primary,M0,120,2,0,0,0.0,2,0,0,0,0.0,0.25978043922665167,0.7399736937534356,0.000245867019912899
lineage,primary,M0,121,2,0,0,0.0,2,0,0,0,0.0,0.25978043922665167,0.7399736937534356,0.000245867019912899
lineage,primary,M0,122,2,0,0,0.0,2,0,0,0,0.0,0.25978043922665167,0.7399736937534356,0.000245867019912899
lineage,primary,M0,123,2,0,0,0.0,2,0,0,0,0.0,0.25978043922665167,0.7399736937534356,0.000245867019912899
lineage,primary,M0,124,2,0,0,0.0,2,1,0,0,0.5,0.25990337273660813,0.7399736937534356,0.0001229335099564495
lineage,primary,M0,125,1,0,0,0.0,1,0,0,0,0.0,0.25990337273660813,0.7399736937534356,0.0001229335099564495
lineage,primary,M0,126,1,0,0,0.0,1,0,0,0,0.0,0.25990337273660813,0.7399736937534356,0.0001229335099564495
lineage,primary,M0,127,1,0,0,0.0,1,0,0,0,0.0,0.25990337273660813,0.7399736937534356,0.0001229335099564495
lineage,primary,M0,128,1,0,0,0.0,1,0,0,0,0.0,0.25990337273660813,0.7399736937534356,0.0001229335099564495
lineage,primary,M0,129,1,0,0,0.0,1,0,0,0,0.0,0.25990337273660813,0.7399736937534356,0.0001229335099564495
lineage,primary,M0,130,1,0,0,0.0,1,0,0,0,0.0,0.25990337273660813,0.7399736937534356,0.0001229335099564495
lineage,primary,M0,131,1,0,0,0.0,1,0,0,0,0.0,0.25990337273660813,0.7399736937534356,0.0001229335099564495
lineage,primary,M0,132,1,0,0,0.0,1,0,0,0,0.0,0.25990337273660813,0.7399736937534356,0.0001229335099564495
lineage,primary,M0,133,1,0,0,0.0,1,0,0,0,0.0,0.25990337273660813,0.7399736937534356,0.0001229335099564495
lineage,primary,M0,134,1,0,0,0.0,1,0,0,0,0.0,0.25990337273660813,0.7399736937534356,0.0001229335099564495
lineage,primary,M0,135,1,0,0,0.0,1,0,0,0,0.0,0.25990337273660813,0.7399736937534356,0.0001229335099564495
lineage,primary,M0,136,1,0,0,0.0,1,0,0,0,0.0,0.25990337273660813,0.7399736937534356,0.0001229335099564495
lineage,primary,M0,137,1,0,0,0.0,1,0,0,0,0.0,0.25990337273660813,0.7399736937534356,0.0001229335099564495
lineage,primary,M0,138,1,0,0,0.0,1,0,0,0,0.0,0.25990337273660813,0.7399736937534356,0.0001229335099564495
lineage,primary,M0,139,1,0,0,0.0,1,0,0,0,0.0,0.25990337273660813,0.7399736937534356,0.0001229335099564495
lineage,primary,M0,140,1,0,0,0.0,1,0,0,0,0.0,0.25990337273660813,0.7399736937534356,0.0001229335099564495
lineage,primary,M0,141,1,0,0,0.0,1,0,0,0,0.0,0.25990337273660813,0.7399736937534356,0.0001229335099564495
lineage,primary,M0,142,1,0,0,0.0,1,0,0,0,0.0,0.25990337273660813,0.7399736937534356,0.0001229335099564495
lineage,primary,M0,143,1,0,0,0.0,1,0,0,0,0.0,0.25990337273660813,0.7399736937534356,0.0001229335099564495
lineage,primary,M0,144,1,0,0,0.0,1,0,0,0,0.0,0.25990337273660813,0.7399736937534356,0.0001229335099564495
lineage,primary,M0,145,1,0,0,0.0,1,1,0,0,1.0,0.2600263062465646,0.7399736937534356,0.0
lineage,primary,M1,1,8848,152,6,0.017179023508137433,8690,420,51,2,0.04833141542002301,0.047501128898340884,0.022947017731507396,0.9295518533701518
lineage,primary,M1,2,8217,194,4,0.023609589874650116,8019,462,81,0,0.05761316872427984,0.09979115858899135,0.054061088235028504,0.8461477531759801
lineage,primary,M1,3,7476,143,6,0.019127875869448904,7327,474,127,0,0.0646922342022656,0.15348330280208974,0.08463196728799491,0.7618847299099153
lineage,primary,M1,4,6726,130,2,0.019327980969372584,6594,396,116,2,0.06005459508644222,0.19835363619522697,0.11250149588290266,0.6891448679218702
lineage,primary,M1,5,6080,132,3,0.021710526315789475,5945,375,115,0,0.06307821698906645,0.24087990849115598,0.14050458384406325,0.6186155076647807
lineage,primary,M1,6,5455,109,3,0.01998166819431714,5343,318,118,1,0.05951712521055587,0.2769624357298876,0.16625466753911872,0.5567828967309937
lineage,primary,M1,7,4906,67,1,0.013656746840603343,4838,311,128,0,0.06428276147168252,0.31226518184188945,0.18838825820088814,0.49934655995722244
lineage,primary,M1,8,4399,66,2,0.015003409865878609,4331,273,114,1,0.06303394135303625,0.34326871956225136,0.20882669153991928,0.4479045888978294
lineage,primary,M1,9,3943,68,1,0.017245751965508496,3874,239,133,0,0.06169334021683015,0.37042490253886023,0.2316631611260592,0.3979119363350806
lineage,primary,M1,10,3502,44,1,0.012564249000571102,3457,211,93,0,0.06103557998264391,0.39440654313067014,0.2472327327651755,0.3583607241041545
lineage,primary,M1,11,3153,46,0,0.014589280050745322,3107,203,104,0,0.0653363373028645,0.41747892720715074,0.26428129242759957,0.3182397803652498
lineage,primary,M1,12,2800,42,2,0.015,2756,162,92,0,0.05878084179970972,0.4359047333584145,0.2795189271942898,0.28457633944729577
lineage,primary,M1,13,2502,29,0,0.011590727418065548,2473,143,83,0,0.0578245046502224,0.4521694881709498,0.29225775613837335,0.2555727556906769
lineage,primary,M1,14,2247,27,0,0.012016021361815754,2220,151,69,0,0.06801801801801802,0.4693441593366339,0.3031767523761593,0.22747908828720684
lineage,primary,M1,15,2000,27,0,0.0135,1973,127,62,0,0.06436898124683224,0.4837890814428716,0.31329957180494006,0.2029113467521885
lineage,primary,M1,16,1784,20,0,0.011210762331838564,1764,101,59,0,0.0572562358276644,0.49527677540137555,0.32228499579228476,0.18243822880633986
lineage,primary,M1,17,1604,16,0,0.00997506234413965,1588,98,66,0,0.061712846347607056,0.5064232507274486,0.3316116384120602,0.16196511086049126
lineage,primary,M1,18,1424,10,0,0.007022471910112359,1414,86,42,1,0.06082036775106082,0.5162048515237986,0.3375260947075276,0.14626905376867397
lineage,primary,M1,19,1285,14,0,0.010894941634241245,1271,81,60,0,0.06372934697088907,0.5254249241738084,0.34594937095568473,0.1286257048705071
lineage,primary,M1,20,1130,9,0,0.007964601769911504,1121,83,35,0,0.07404103479036575,0.5348726529386332,0.350957805481616,0.11416954157975097
lineage,primary,M1,21,1003,8,0,0.007976071784646061,995,55,27,0,0.05527638190954774,0.5411331960960473,0.35494178749087946,0.10392501641307342
lineage,primary,M1,22,913,7,0,0.007667031763417305,906,51,27,0,0.056291390728476824,0.5469384270238312,0.3588119414427354,0.09424963153343349
lineage,primary,M1,23,828,3,0,0.0036231884057971015,825,48,26,0,0.05818181818181818,0.5524021737793926,0.36211295510755376,0.0854848711130538
lineage,primary,M1,24,751,3,0,0.0039946737683089215,748,33,26,0,0.04411764705882353,0.556158499673841,0.3654139687723721,0.07842753155378705
lineage,primary,M1,25,689,6,0,0.008708272859216255,683,36,17,0,0.0527086383601757,0.560256309740512,0.3680320140927452,0.07171167616674287
lineage,primary,M1,26,630,4,0,0.006349206349206349,626,39,17,0,0.06230031948881789,0.5646956039794055,0.37042240329830334,0.06488199272229117
lineage,primary,M1,27,570,4,0,0.007017543859649123,566,40,20,0,0.0706713780918728,0.5692487262757067,0.37315427667608403,0.05759699704820935
lineage,primary,M1,28,506,2,1,0.003952569169960474,503,31,12,0,0.061630218687872766,0.5727844113034108,0.37475058505968784,0.05246500363690135
lineage,primary,M1,29,460,1,0,0.002173913043478261,459,30,18,1,0.06535947712418301,0.5762060419753827,0.37691761781860333,0.046876340206014035
lineage,primary,M1,30,410,1,0,0.0024390243902439024,409,27,14,0,0.06601466992665037,0.5792930204767544,0.37863260587492087,0.042074373648324795
lineage,primary,M1,31,368,0,0,0.0,368,21,10,0,0.057065217391304345,0.581694003755599,0.3797759312457993,0.03853006499860178
lineage,primary,M1,32,337,3,0,0.008902077151335312,334,24,8,0,0.0718562874251497,0.5844379846457072,0.3810335891537655,0.034528426200527415
lineage,primary,M1,33,302,1,0,0.0033112582781456954,301,17,11,0,0.05647840531561462,0.5863816377762004,0.38240557959881954,0.03121278262498008
lineage,primary,M1,34,273,4,0,0.014652014652014652,269,19,11,0,0.07063197026022305,0.5885539559808693,0.38412056765513714,0.027325476363993552
lineage,primary,M1,35,239,1,0,0.0041841004184100415,238,12,3,0,0.05042016806722689,0.5899259464259234,0.38457789780348844,0.025496155770588128
lineage,primary,M1,36,223,0,0,0.0,223,13,5,0,0.05829596412556054,0.5914122694080653,0.3851495604889276,0.023438170103007024
lineage,primary,M1,37,205,0,0,0.0,205,11,4,1,0.05365853658536585,0.5926699273160316,0.385606890637279,0.021723182046689438
lineage,primary,M1,38,189,0,0,0.0,189,11,6,0,0.0582010582010582,0.5939342394986432,0.386296515464158,0.019769245037198853
lineage,primary,M1,39,172,1,0,0.005813953488372093,171,14,1,0,0.08187134502923976,0.5955433640946943,0.386526390406451,0.01793024549885477
lineage,primary,M1,40,156,0,0,0.0,156,9,2,0,0.057692307692307696,0.5965778013350129,0.38675626534874397,0.016665933316243216
lineage,primary,M1,41,145,0,0,0.0,145,11,6,0,0.07586206896551724,0.5978421135176245,0.387445890175623,0.014711996306752632
lineage,primary,M1,42,128,1,0,0.0078125,127,10,0,0,0.07874015748031496,0.5989914882290895,0.38756082764676947,0.013447684124141079
lineage,primary,M1,43,117,1,0,0.008547008547008548,116,4,2,0,0.034482758620689655,0.5994512381136755,0.38790564006020894,0.012643121826115544
lineage,primary,M1,44,110,0,0,0.0,110,6,1,0,0.05454545454545454,0.6001408629405546,0.38802057753135544,0.01183855952809001
lineage,primary,M1,45,103,0,0,0.0,103,7,1,0,0.06796116504854369,0.6009454252385801,0.38813551500250193,0.01091905975891797
lineage,primary,M1,46,95,0,0,0.0,95,2,4,0,0.021052631578947368,0.6011753001808731,0.38859526488708795,0.010229434932038942
lineage,primary,M1,47,89,0,0,0.0,89,6,3,0,0.06741573033707865,0.6018649250077521,0.3889400773005275,0.009194997691720396
lineage,primary,M1,48,80,0,0,0.0,80,3,2,0,0.0375,0.6022097374211917,0.38916995224282047,0.008620310335987872
lineage,primary,M1,49,75,0,0,0.0,75,3,1,0,0.04,0.6025545498346312,0.38928488971396696,0.008160560451401852
lineage,primary,M1,50,71,0,0,0.0,71,4,2,0,0.056338028169014086,0.6030142997192172,0.38951476465625995,0.007470935624522823
lineage,primary,M1,51,65,1,0,0.015384615384615385,64,4,1,0,0.0625,0.6034740496038031,0.38974463959855293,0.0067813107976437935
lineage,primary,M1,52,59,0,0,0.0,59,2,1,0,0.03389830508474576,0.6037039245460961,0.3898595770696994,0.006436498384204278
lineage,primary,M1,53,56,0,0,0.0,56,1,0,0,0.017857142857142856,0.6038188620172427,0.3898595770696994,0.006321560913057773
lineage,primary,M1,54,55,0,0,0.0,55,2,0,0,0.03636363636363636,0.6040487369595356,0.3898595770696994,0.006091685970764763
lineage,primary,M1,55,53,0,0,0.0,53,2,0,0,0.03773584905660377,0.6042786119018286,0.3898595770696994,0.005861811028471753
lineage,primary,M1,56,51,0,0,0.0,51,3,1,0,0.058823529411764705,0.6046234243152682,0.3899745145408459,0.005402061143885734
lineage,primary,M1,57,47,0,0,0.0,47,0,0,0,0.0,0.6046234243152682,0.3899745145408459,0.005402061143885734
lineage,primary,M1,58,47,0,0,0.0,47,4,0,0,0.0851063829787234,0.6050831741998541,0.3899745145408459,0.004942311259299714
lineage,primary,M1,59,43,0,0,0.0,43,4,1,0,0.09302325581395349,0.6055429240844401,0.3900894520119924,0.004367623903567189
lineage,primary,M1,60,38,0,0,0.0,38,2,0,0,0.05263157894736842,0.6057727990267331,0.3900894520119924,0.004137748961274179
lineage,primary,M1,61,36,0,0,0.0,36,2,1,0,0.05555555555555555,0.6060026739690261,0.3902043894831389,0.003792936547834664
lineage,primary,M1,62,33,0,0,0.0,33,2,0,0,0.06060606060606061,0.6062325489113191,0.3902043894831389,0.0035630616055416543
lineage,primary,M1,63,31,0,0,0.0,31,1,0,0,0.03225806451612903,0.6063474863824656,0.3902043894831389,0.0034481241343951494
lineage,primary,M1,64,30,0,0,0.0,30,1,1,0,0.03333333333333333,0.6064624238536122,0.3903193269542854,0.0032182491921021396
lineage,primary,M1,65,28,0,0,0.0,28,3,2,0,0.10714285714285714,0.6068072362670517,0.3905492018965784,0.0026435618363696146
lineage,primary,M1,66,23,0,0,0.0,23,1,0,0,0.043478260869565216,0.6069221737381982,0.3905492018965784,0.0025286243652231097
lineage,primary,M1,67,22,0,0,0.0,22,1,0,0,0.045454545454545456,0.6070371112093448,0.3905492018965784,0.002413686894076605
lineage,primary,M1,68,21,0,0,0.0,21,0,2,0,0.0,0.6070371112093448,0.39077907683887136,0.002183811951783595
lineage,primary,M1,69,19,0,0,0.0,19,0,0,0,0.0,0.6070371112093448,0.39077907683887136,0.002183811951783595
lineage,primary,M1,70,19,0,0,0.0,19,0,0,0,0.0,0.6070371112093448,0.39077907683887136,0.002183811951783595
lineage,primary,M1,71,19,0,0,0.0,19,3,0,0,0.15789473684210525,0.6073819236227843,0.39077907683887136,0.0018389995383440798
lineage,primary,M1,72,16,0,0,0.0,16,1,0,0,0.0625,0.6074968610939309,0.39077907683887136,0.001724062067197575
lineage,primary,M1,73,15,0,0,0.0,15,0,0,0,0.0,0.6074968610939309,0.39077907683887136,0.001724062067197575
lineage,primary,M1,74,15,0,0,0.0,15,1,1,0,0.06666666666666667,0.6076117985650774,0.39089401431001786,0.001494187124904565
lineage,primary,M1,75,13,0,0,0.0,13,1,0,0,0.07692307692307693,0.607726736036224,0.39089401431001786,0.00137924965375806
lineage,primary,M1,76,12,0,0,0.0,12,1,0,0,0.08333333333333333,0.6078416735073705,0.39089401431001786,0.0012643121826115549
lineage,primary,M1,77,11,1,0,0.09090909090909091,10,0,0,0,0.0,0.6078416735073705,0.39100895178116435,0.0011493747114650497
lineage,primary,M1,78,10,0,0,0.0,10,1,0,0,0.1,0.607956610978517,0.39100895178116435,0.0010344372403185448
lineage,primary,M1,79,9,0,0,0.0,9,0,1,0,0.0,0.607956610978517,0.39112388925231084,0.0009194997691720398
lineage,primary,M1,80,8,0,0,0.0,8,1,0,0,0.125,0.6080715484496636,0.39112388925231084,0.0008045622980255348
lineage,primary,M1,81,7,0,0,0.0,7,0,1,0,0.0,0.6080715484496636,0.39123882672345733,0.0006896248268790299
lineage,primary,M1,82,6,0,0,0.0,6,1,0,0,0.16666666666666666,0.6081864859208101,0.39123882672345733,0.000574687355732525
lineage,primary,M1,83,5,0,0,0.0,5,1,0,0,0.2,0.6083014233919567,0.39123882672345733,0.00045974988458602
lineage,primary,M1,84,4,0,0,0.0,4,0,0,1,0.0,0.6083014233919567,0.39123882672345733,0.00045974988458602
lineage,primary,M1,85,3,0,0,0.0,3,1,0,0,0.3333333333333333,0.6084546733534854,0.39123882672345733,0.0003064999230573467
lineage,primary,M1,86,2,0,0,0.0,2,0,0,0,0.0,0.6084546733534854,0.39123882672345733,0.0003064999230573467
lineage,primary,M1,87,2,0,0,0.0,2,1,0,0,0.5,0.608607923315014,0.39123882672345733,0.00015324996152867336
lineage,primary,M1,88,1,0,0,0.0,1,1,0,0,1.0,0.6087611732765427,0.39123882672345733,0.0
lineage,primary,M1,89,0,0,0,0.0,0,0,0,0,0.0,0.6087611732765427,0.39123882672345733,0.0
lineage,primary,M1,90,0,0,0,0.0,0,0,0,0,0.0,0.6087611732765427,0.39123882672345733,0.0
lineage,primary,M1,91,0,0,0,0.0,0,0,0,0,0.0,0.6087611732765427,0.39123882672345733,0.0
lineage,primary,M1,92,0,0,0,0.0,0,0,0,0,0.0,0.6087611732765427,0.39123882672345733,0.0
lineage,primary,M1,93,0,0,0,0.0,0,0,0,0,0.0,0.6087611732765427,0.39123882672345733,0.0
lineage,primary,M1,94,0,0,0,0.0,0,0,0,0,0.0,0.6087611732765427,0.39123882672345733,0.0
lineage,primary,M1,95,0,0,0,0.0,0,0,0,0,0.0,0.6087611732765427,0.39123882672345733,0.0
lineage,primary,M1,96,0,0,0,0.0,0,0,0,0,0.0,0.6087611732765427,0.39123882672345733,0.0
lineage,primary,M1,97,0,0,0,0.0,0,0,0,0,0.0,0.6087611732765427,0.39123882672345733,0.0
lineage,primary,M1,98,0,0,0,0.0,0,0,0,0,0.0,0.6087611732765427,0.39123882672345733,0.0
lineage,primary,M1,99,0,0,0,0.0,0,0,0,0,0.0,0.6087611732765427,0.39123882672345733,0.0
lineage,primary,M1,100,0,0,0,0.0,0,0,0,0,0.0,0.6087611732765427,0.39123882672345733,0.0
lineage,primary,M1,101,0,0,0,0.0,0,0,0,0,0.0,0.6087611732765427,0.39123882672345733,0.0
lineage,primary,M1,102,0,0,0,0.0,0,0,0,0,0.0,0.6087611732765427,0.39123882672345733,0.0
lineage,primary,M1,103,0,0,0,0.0,0,0,0,0,0.0,0.6087611732765427,0.39123882672345733,0.0
lineage,primary,M1,104,0,0,0,0.0,0,0,0,0,0.0,0.6087611732765427,0.39123882672345733,0.0
lineage,primary,M1,105,0,0,0,0.0,0,0,0,0,0.0,0.6087611732765427,0.39123882672345733,0.0
lineage,primary,M1,106,0,0,0,0.0,0,0,0,0,0.0,0.6087611732765427,0.39123882672345733,0.0
lineage,primary,M1,107,0,0,0,0.0,0,0,0,0,0.0,0.6087611732765427,0.39123882672345733,0.0
lineage,primary,M1,108,0,0,0,0.0,0,0,0,0,0.0,0.6087611732765427,0.39123882672345733,0.0
lineage,primary,M1,109,0,0,0,0.0,0,0,0,0,0.0,0.6087611732765427,0.39123882672345733,0.0
lineage,primary,M1,110,0,0,0,0.0,0,0,0,0,0.0,0.6087611732765427,0.39123882672345733,0.0
lineage,primary,M1,111,0,0,0,0.0,0,0,0,0,0.0,0.6087611732765427,0.39123882672345733,0.0
lineage,primary,M1,112,0,0,0,0.0,0,0,0,0,0.0,0.6087611732765427,0.39123882672345733,0.0
lineage,primary,M1,113,0,0,0,0.0,0,0,0,0,0.0,0.6087611732765427,0.39123882672345733,0.0
lineage,primary,M1,114,0,0,0,0.0,0,0,0,0,0.0,0.6087611732765427,0.39123882672345733,0.0
lineage,primary,M1,115,0,0,0,0.0,0,0,0,0,0.0,0.6087611732765427,0.39123882672345733,0.0
lineage,primary,M1,116,0,0,0,0.0,0,0,0,0,0.0,0.6087611732765427,0.39123882672345733,0.0
lineage,primary,M1,117,0,0,0,0.0,0,0,0,0,0.0,0.6087611732765427,0.39123882672345733,0.0
lineage,primary,M1,118,0,0,0,0.0,0,0,0,0,0.0,0.6087611732765427,0.39123882672345733,0.0
lineage,primary,M1,119,0,0,0,0.0,0,0,0,0,0.0,0.6087611732765427,0.39123882672345733,0.0
lineage,primary,M1,120,0,0,0,0.0,0,0,0,0,0.0,0.6087611732765427,0.39123882672345733,0.0
lineage,primary,M1,121,0,0,0,0.0,0,0,0,0,0.0,0.6087611732765427,0.39123882672345733,0.0
lineage,primary,M1,122,0,0,0,0.0,0,0,0,0,0.0,0.6087611732765427,0.39123882672345733,0.0
lineage,primary,M1,123,0,0,0,0.0,0,0,0,0,0.0,0.6087611732765427,0.39123882672345733,0.0
lineage,primary,M1,124,0,0,0,0.0,0,0,0,0,0.0,0.6087611732765427,0.39123882672345733,0.0
lineage,primary,M1,125,0,0,0,0.0,0,0,0,0,0.0,0.6087611732765427,0.39123882672345733,0.0
lineage,primary,M1,126,0,0,0,0.0,0,0,0,0,0.0,0.6087611732765427,0.39123882672345733,0.0
lineage,primary,M1,127,0,0,0,0.0,0,0,0,0,0.0,0.6087611732765427,0.39123882672345733,0.0
lineage,primary,M1,128,0,0,0,0.0,0,0,0,0,0.0,0.6087611732765427,0.39123882672345733,0.0
lineage,primary,M1,129,0,0,0,0.0,0,0,0,0,0.0,0.6087611732765427,0.39123882672345733,0.0
lineage,primary,M1,130,0,0,0,0.0,0,0,0,0,0.0,0.6087611732765427,0.39123882672345733,0.0
lineage,primary,M1,131,0,0,0,0.0,0,0,0,0,0.0,0.6087611732765427,0.39123882672345733,0.0
lineage,primary,M1,132,0,0,0,0.0,0,0,0,0,0.0,0.6087611732765427,0.39123882672345733,0.0
lineage,primary,M1,133,0,0,0,0.0,0,0,0,0,0.0,0.6087611732765427,0.39123882672345733,0.0
lineage,primary,M1,134,0,0,0,0.0,0,0,0,0,0.0,0.6087611732765427,0.39123882672345733,0.0
lineage,primary,M1,135,0,0,0,0.0,0,0,0,0,0.0,0.6087611732765427,0.39123882672345733,0.0
lineage,primary,M1,136,0,0,0,0.0,0,0,0,0,0.0,0.6087611732765427,0.39123882672345733,0.0
lineage,primary,M1,137,0,0,0,0.0,0,0,0,0,0.0,0.6087611732765427,0.39123882672345733,0.0
lineage,primary,M1,138,0,0,0,0.0,0,0,0,0,0.0,0.6087611732765427,0.39123882672345733,0.0
lineage,primary,M1,139,0,0,0,0.0,0,0,0,0,0.0,0.6087611732765427,0.39123882672345733,0.0
lineage,primary,M1,140,0,0,0,0.0,0,0,0,0,0.0,0.6087611732765427,0.39123882672345733,0.0
lineage,primary,M1,141,0,0,0,0.0,0,0,0,0,0.0,0.6087611732765427,0.39123882672345733,0.0
lineage,primary,M1,142,0,0,0,0.0,0,0,0,0,0.0,0.6087611732765427,0.39123882672345733,0.0
lineage,primary,M1,143,0,0,0,0.0,0,0,0,0,0.0,0.6087611732765427,0.39123882672345733,0.0
lineage,primary,M1,144,0,0,0,0.0,0,0,0,0,0.0,0.6087611732765427,0.39123882672345733,0.0
lineage,primary,M1,145,0,0,0,0.0,0,0,0,0,0.0,0.6087611732765427,0.39123882672345733,0.0
lineage,legacy,M0,1,8848,759,3,0.08578209764918626,8086,73,228,79,0.009027949542418996,0.008253513093199282,0.11156019333753471,0.8801862935692659
lineage,legacy,M0,2,7706,519,3,0.06735011679211005,7184,64,264,63,0.008908685968819599,0.015566703684723215,0.20100775419827546,0.7834255421170013
lineage,legacy,M0,3,6793,431,0,0.06344766671573679,6362,55,279,56,0.008645080163470606,0.02190976342510818,0.2828908890286996,0.6951993475461923
lineage,legacy,M0,4,5972,322,0,0.053918285331547224,5650,51,261,56,0.009026548672566371,0.027846663412525428,0.350757804571136,0.6213955320163387
lineage,legacy,M0,5,5282,225,0,0.04259750094661113,5057,41,265,41,0.008107573660272888,0.03267006682272419,0.40840335752229195,0.5589265756549839
lineage,legacy,M0,6,4710,188,0,0.03991507430997877,4522,31,230,45,0.006855373728438744,0.03634877676864871,0.45800660776088714,0.5056446154704644
lineage,legacy,M0,7,4216,170,0,0.04032258064516129,4046,23,233,39,0.005684626791893228,0.039107274433691566,0.5063402842396816,0.45455244132662714
lineage,legacy,M0,8,3751,132,0,0.03519061583577713,3619,23,207,38,0.0063553467808786955,0.04189445282625686,0.5474208701127092,0.41068467706103423
lineage,legacy,M0,9,3351,121,0,0.036108624291256344,3230,22,166,35,0.006811145510835914,0.04459068168192465,0.5825944010934663,0.37281491722460935
lineage,legacy,M0,10,3007,80,0,0.02660458929165281,2927,13,151,30,0.004441407584557568,0.04620245219204102,0.6112343232347648,0.34256322457319444
lineage,legacy,M0,11,2733,67,0,0.02451518477863154,2666,12,162,35,0.00450112528132033,0.04770657172913518,0.6399379377343116,0.3123554905365534
lineage,legacy,M0,12,2457,47,0,0.01912901912901913,2410,18,139,22,0.007468879668049793,0.04999489034112458,0.6635838967248687,0.28642121293400685
lineage,legacy,M0,13,2231,34,0,0.01523980277902286,2197,11,121,27,0.005006827492034593,0.05140709712833842,0.6834831741810637,0.265109728690598
lineage,legacy,M0,14,2038,40,0,0.019627085377821395,1998,10,126,19,0.005005005005005005,0.05270792994821378,0.7050769989909947,0.24221507106079168
lineage,legacy,M0,15,1843,34,0,0.018448182311448725,1809,5,121,17,0.002763957987838585,0.05336505168196525,0.7254477727372902,0.22118717558074466
lineage,legacy,M0,16,1666,28,0,0.01680672268907563,1638,11,99,17,0.006715506715506716,0.054825471208608825,0.7423089799994479,0.20286554879194346
lineage,legacy,M0,17,1511,20,0,0.013236267372600927,1491,5,83,13,0.00335345405767941,0.05549676686973372,0.7561376706186207,0.1883655625116457
lineage,legacy,M0,18,1390,20,0,0.014388489208633094,1370,7,74,11,0.0051094890510948905,0.056445370421950636,0.7688760611769622,0.17467856840108728
lineage,legacy,M0,19,1278,20,0,0.01564945226917058,1258,6,74,13,0.0047694753577106515,0.0572654575975426,0.7817240935945695,0.16101044880788795
lineage,legacy,M0,20,1165,8,0,0.0068669527896995704,1157,7,49,12,0.006050129645635264,0.05823290235432819,0.7896018580426808,0.15216523960299108
lineage,legacy,M0,21,1089,10,0,0.009182736455463728,1079,6,48,10,0.005560704355885079,0.05907127833010224,0.7977061591418301,0.1432225625280678
lineage,legacy,M0,22,1015,12,0,0.011822660098522168,1003,2,31,14,0.0019940179461615153,0.05935349027597035,0.8037737159779945,0.13687279374603523
lineage,legacy,M0,23,956,8,0,0.008368200836820083,948,2,56,8,0.002109704641350211,0.05963983503276122,0.8129367481953024,0.12742341677193655
lineage,legacy,M0,24,882,8,0,0.009070294784580499,874,4,51,12,0.004576659038901602,0.06021771900905118,0.8214605368455793,0.11832174414536965
lineage,legacy,M0,25,807,5,0,0.006195786864931847,802,6,31,7,0.007481296758104738,0.06109743457890523,0.8267388302647036,0.11216373515639132
lineage,legacy,M0,26,758,1,0,0.0013192612137203166,757,3,35,14,0.003963011889035667,0.0615413543750387,0.8320658678183054,0.10639277780665614
lineage,legacy,M0,27,705,7,0,0.009929078014184398,698,2,32,11,0.0028653295128939827,0.06184317785817815,0.8379514257395246,0.1002053964022974
lineage,legacy,M0,28,653,3,0,0.004594180704441042,650,3,30,8,0.004615384615384616,0.06230353955681045,0.84301540442448,0.0946810560187098
lineage,legacy,M0,29,609,3,0,0.0049261083743842365,606,2,28,11,0.0033003300330033004,0.06261447898544333,0.8478349655682894,0.08955055544626739
lineage,legacy,M0,30,565,2,0,0.0035398230088495575,563,3,17,7,0.0053285968028419185,0.06308996866037926,0.8508464001762169,0.08606363116340388
lineage,legacy,M0,31,536,4,0,0.007462686567164179,532,1,18,6,0.0018796992481203006,0.06325053513643039,0.8543788626493417,0.08237060221422797
lineage,legacy,M0,32,507,0,0,0.0,507,5,16,5,0.009861932938856016,0.0640628684916003,0.8569783293858854,0.07895880212251438
lineage,legacy,M0,33,481,2,0,0.004158004158004158,479,1,16,8,0.0020876826722338203,0.06422702400536852,0.8599331286337133,0.07583984736091819
lineage,legacy,M0,34,454,0,0,0.0,454,3,19,5,0.006607929515418502,0.06472816837118957,0.8631070429505799,0.07216478867823052
lineage,legacy,M0,35,427,0,0,0.0,427,5,23,5,0.0117096018735363,0.06557318931589953,0.8669941392962458,0.06743267138785475
lineage,legacy,M0,36,394,0,0,0.0,394,5,11,5,0.012690355329949238,0.06642893387665912,0.8688767773299169,0.06469428879342409
lineage,legacy,M0,37,373,2,0,0.005361930294906166,371,2,4,4,0.005390835579514825,0.06677582014364798,0.8699174361308835,0.06330674372546863
lineage,legacy,M0,38,361,1,0,0.002770083102493075,360,0,9,5,0.0,0.06677582014364798,0.8716710855415613,0.06155309431479083
lineage,legacy,M0,39,346,0,0,0.0,346,1,11,5,0.002890173410404624,0.06695371926016472,0.8736279758232454,0.05941830491658999
lineage,legacy,M0,40,329,1,0,0.00303951367781155,328,1,5,5,0.003048780487804878,0.06713432201067107,0.8747115923262835,0.05815408566304552
lineage,legacy,M0,41,317,1,0,0.0031545741324921135,316,2,6,6,0.006329113924050633,0.06750122475933382,0.8759957519466032,0.056503023294063155
lineage,legacy,M0,42,302,0,0,0.0,302,2,8,2,0.006622516556291391,0.06787541696657927,0.8774925207755849,0.0546320622578359
lineage,legacy,M0,43,290,1,0,0.0034482758620689655,289,2,3,4,0.006920415224913495,0.06825218980973675,0.8782460664618998,0.05350174372836343
lineage,legacy,M0,44,280,0,0,0.0,280,1,5,4,0.0035714285714285713,0.06844326746590948,0.8792014547427635,0.052355277791327065
lineage,legacy,M0,45,270,0,0,0.0,270,0,0,8,0.0,0.06844326746590948,0.8792014547427635,0.052355277791327065
lineage,legacy,M0,46,262,1,0,0.003816793893129771,261,0,8,2,0.0,0.06844326746590948,0.880999918483687,0.05055681405040362
lineage,legacy,M0,47,251,0,0,0.0,251,2,5,2,0.00796812749003984,0.06884611060575334,0.8820070263332966,0.04914686306095013
lineage,legacy,M0,48,242,0,0,0.0,242,0,6,3,0.0,0.06884611060575334,0.8832255435992706,0.04792834579497616
lineage,legacy,M0,49,233,1,0,0.004291845493562232,232,0,6,3,0.0,0.06884611060575334,0.884665450983669,0.04648843841057773
lineage,legacy,M0,50,223,0,0,0.0,223,0,2,8,0.0,0.06884611060575334,0.8850823876510284,0.046071501743218286
lineage,legacy,M0,51,213,0,0,0.0,213,0,3,1,0.0,0.06884611060575334,0.885731282041778,0.04542260735246873
lineage,legacy,M0,52,209,0,0,0.0,209,3,4,2,0.014354066985645933,0.06949810975435337,0.8866006142399113,0.04390127600573533
lineage,legacy,M0,53,200,0,0,0.0,200,1,2,2,0.005,0.06971761613438206,0.8870396269999686,0.0432427568656493
lineage,legacy,M0,54,195,0,0,0.0,195,1,5,4,0.005128205128205128,0.0699393738618982,0.8881484156375494,0.0419122105005524
lineage,legacy,M0,55,185,0,0,0.0,185,0,3,3,0.0,0.0699393738618982,0.8888280731051259,0.04123255303297588
lineage,legacy,M0,56,179,0,0,0.0,179,0,1,1,0.0,0.0699393738618982,0.8890584225634107,0.041002203574691094
lineage,legacy,M0,57,177,0,0,0.0,177,0,1,4,0.0,0.0699393738618982,0.8892900734310644,0.04077055270703747
lineage,legacy,M0,58,172,0,0,0.0,172,0,1,2,0.0,0.0699393738618982,0.8895271115281983,0.04053351460990353
lineage,legacy,M0,59,169,0,0,0.0,169,1,0,0,0.005917159763313609,0.07017921714361361,0.8895271115281983,0.040293671328188126
lineage,legacy,M0,60,168,1,0,0.005952380952380952,167,0,1,2,0.0,0.07017921714361361,0.8900067980916292,0.03981398476475732
lineage,legacy,M0,61,164,0,0,0.0,164,1,0,4,0.006097560975609756,0.07042198534339872,0.8900067980916292,0.039571216564972214
lineage,legacy,M0,62,159,0,0,0.0,159,0,1,2,0.0,0.07042198534339872,0.8902556736675096,0.03932234098909189
lineage,legacy,M0,63,156,0,0,0.0,156,0,1,2,0.0,0.07042198534339872,0.8905077399559012,0.03907027470070028
lineage,legacy,M0,64,153,0,0,0.0,153,2,0,1,0.013071895424836602,0.0709327078885059,0.8905077399559012,0.038559552155593084
lineage,legacy,M0,65,150,0,0,0.0,150,0,1,1,0.0,0.0709327078885059,0.8907648036369384,0.03830248847455579
lineage,legacy,M0,66,148,0,0,0.0,148,0,1,3,0.0,0.0709327078885059,0.8910236042347395,0.03804368787675474
lineage,legacy,M0,67,144,0,0,0.0,144,0,2,0,0.0,0.0709327078885059,0.8915519887885833,0.03751530332291093
lineage,legacy,M0,68,142,0,0,0.0,142,0,1,1,0.0,0.0709327078885059,0.8918161810655052,0.03725111104598902
lineage,legacy,M0,69,140,0,0,0.0,140,0,1,2,0.0,0.0709327078885059,0.8920822604301194,0.03698503168137481
lineage,legacy,M0,70,137,0,0,0.0,137,1,0,1,0.0072992700729927005,0.07120267162340645,0.8920822604301194,0.036715067946474264
lineage,legacy,M0,71,135,0,0,0.0,135,0,0,0,0.0,0.07120267162340645,0.8920822604301194,0.036715067946474264
lineage,legacy,M0,72,135,0,0,0.0,135,0,0,1,0.0,0.07120267162340645,0.8920822604301194,0.036715067946474264
lineage,legacy,M0,73,134,0,0,0.0,134,1,0,1,0.007462686567164179,0.07147666466778312,0.8920822604301194,0.03644107490209759
lineage,legacy,M0,74,132,0,0,0.0,132,0,1,0,0.0,0.07147666466778312,0.8923583291793777,0.036165006152839275
lineage,legacy,M0,75,131,0,0,0.0,131,0,2,0,0.0,0.07147666466778312,0.8929104666778944,0.035612868654322644
lineage,legacy,M0,76,129,0,0,0.0,129,0,0,0,0.0,0.07147666466778312,0.8929104666778944,0.035612868654322644
lineage,legacy,M0,77,129,0,0,0.0,129,0,0,1,0.0,0.07147666466778312,0.8929104666778944,0.035612868654322644
lineage,legacy,M0,78,128,0,0,0.0,128,0,3,1,0.0,0.07147666466778312,0.8937451432869801,0.03477819204523696
lineage,legacy,M0,79,124,0,0,0.0,124,0,0,1,0.0,0.07147666466778312,0.8937451432869801,0.03477819204523696
lineage,legacy,M0,80,123,0,0,0.0,123,0,1,0,0.0,0.07147666466778312,0.8940278928158031,0.03449544251641389
lineage,legacy,M0,81,122,0,0,0.0,122,0,0,0,0.0,0.07147666466778312,0.8940278928158031,0.03449544251641389
lineage,legacy,M0,82,122,0,0,0.0,122,0,0,1,0.0,0.07147666466778312,0.8940278928158031,0.03449544251641389
lineage,legacy,M0,83,121,0,0,0.0,121,0,1,0,0.0,0.07147666466778312,0.8943129791175917,0.03421035621462535
lineage,legacy,M0,84,120,0,0,0.0,120,0,0,1,0.0,0.07147666466778312,0.8943129791175917,0.03421035621462535
lineage,legacy,M0,85,119,0,0,0.0,119,0,0,1,0.0,0.07147666466778312,0.8943129791175917,0.03421035621462535
lineage,legacy,M0,86,118,0,0,0.0,118,1,0,1,0.00847457627118644,0.07176658294078841,0.8943129791175917,0.03392043794162005
lineage,legacy,M0,87,116,0,0,0.0,116,0,1,3,0.0,0.07176658294078841,0.8946053966860539,0.03362802037315781
lineage,legacy,M0,88,112,0,0,0.0,112,0,0,3,0.0,0.07176658294078841,0.8946053966860539,0.03362802037315781
lineage,legacy,M0,89,109,0,0,0.0,109,0,0,0,0.0,0.07176658294078841,0.8946053966860539,0.03362802037315781
lineage,legacy,M0,90,109,0,0,0.0,109,0,0,3,0.0,0.07176658294078841,0.8946053966860539,0.03362802037315781
lineage,legacy,M0,91,106,0,0,0.0,106,0,0,2,0.0,0.07176658294078841,0.8946053966860539,0.03362802037315781
lineage,legacy,M0,92,104,0,0,0.0,104,0,0,1,0.0,0.07176658294078841,0.8946053966860539,0.03362802037315781
lineage,legacy,M0,93,103,0,0,0.0,103,0,0,1,0.0,0.07176658294078841,0.8946053966860539,0.03362802037315781
lineage,legacy,M0,94,102,0,0,0.0,102,1,0,2,0.00980392156862745,0.07209626941503507,0.8946053966860539,0.03329833389891117
lineage,legacy,M0,95,99,0,0,0.0,99,0,0,1,0.0,0.07209626941503507,0.8946053966860539,0.03329833389891117
lineage,legacy,M0,96,98,0,0,0.0,98,1,0,1,0.01020408163265306,0.0724360483323709,0.8946053966860539,0.032958554981575336
lineage,legacy,M0,97,96,0,0,0.0,96,0,0,0,0.0,0.0724360483323709,0.8946053966860539,0.032958554981575336
lineage,legacy,M0,98,96,0,0,0.0,96,0,0,1,0.0,0.0724360483323709,0.8946053966860539,0.032958554981575336
lineage,legacy,M0,99,95,0,0,0.0,95,1,0,1,0.010526315789473684,0.07278298049007169,0.8946053966860539,0.032611622823874545
lineage,legacy,M0,100,93,0,0,0.0,93,0,0,1,0.0,0.07278298049007169,0.8946053966860539,0.032611622823874545
lineage,legacy,M0,101,92,0,0,0.0,92,0,0,0,0.0,0.07278298049007169,0.8946053966860539,0.032611622823874545
lineage,legacy,M0,102,92,0,0,0.0,92,1,0,0,0.010869565217391304,0.07313745465120076,0.8946053966860539,0.03225714866274547
lineage,legacy,M0,103,91,0,0,0.0,91,0,0,0,0.0,0.07313745465120076,0.8946053966860539,0.03225714866274547
lineage,legacy,M0,104,91,0,0,0.0,91,0,0,0,0.0,0.07313745465120076,0.8946053966860539,0.03225714866274547
lineage,legacy,M0,105,91,0,0,0.0,91,0,0,1,0.0,0.07313745465120076,0.8946053966860539,0.03225714866274547
lineage,legacy,M0,106,90,0,0,0.0,90,1,0,1,0.011111111111111112,0.07349586741412016,0.8946053966860539,0.03189873589982608
lineage,legacy,M0,107,88,0,0,0.0,88,0,0,1,0.0,0.07349586741412016,0.8946053966860539,0.03189873589982608
lineage,legacy,M0,108,87,0,0,0.0,87,0,0,0,0.0,0.07349586741412016,0.8946053966860539,0.03189873589982608
lineage,legacy,M0,109,87,0,0,0.0,87,0,0,0,0.0,0.07349586741412016,0.8946053966860539,0.03189873589982608
lineage,legacy,M0,110,87,0,0,0.0,87,0,0,1,0.0,0.07349586741412016,0.8946053966860539,0.03189873589982608
lineage,legacy,M0,111,86,0,0,0.0,86,0,0,1,0.0,0.07349586741412016,0.8946053966860539,0.03189873589982608
lineage,legacy,M0,112,85,0,0,0.0,85,0,0,0,0.0,0.07349586741412016,0.8946053966860539,0.03189873589982608
lineage,legacy,M0,113,85,0,0,0.0,85,0,0,1,0.0,0.07349586741412016,0.8946053966860539,0.03189873589982608
lineage,legacy,M0,114,84,0,0,0.0,84,0,0,2,0.0,0.07349586741412016,0.8946053966860539,0.03189873589982608
lineage,legacy,M0,115,82,0,0,0.0,82,0,0,1,0.0,0.07349586741412016,0.8946053966860539,0.03189873589982608
lineage,legacy,M0,116,81,0,0,0.0,81,0,0,0,0.0,0.07349586741412016,0.8946053966860539,0.03189873589982608
lineage,legacy,M0,117,81,0,0,0.0,81,0,0,0,0.0,0.07349586741412016,0.8946053966860539,0.03189873589982608
lineage,legacy,M0,118,81,0,0,0.0,81,0,0,0,0.0,0.07349586741412016,0.8946053966860539,0.03189873589982608
lineage,legacy,M0,119,81,0,0,0.0,81,0,0,0,0.0,0.07349586741412016,0.8946053966860539,0.03189873589982608
lineage,legacy,M0,120,81,0,0,0.0,81,0,0,2,0.0,0.07349586741412016,0.8946053966860539,0.03189873589982608
lineage,legacy,M0,121,79,0,0,0.0,79,0,0,1,0.0,0.07349586741412016,0.8946053966860539,0.03189873589982608
lineage,legacy,M0,122,78,0,0,0.0,78,1,0,0,0.01282051282051282,0.07390482556668203,0.8946053966860539,0.031489777747264205
lineage,legacy,M0,123,77,0,0,0.0,77,0,0,1,0.0,0.07390482556668203,0.8946053966860539,0.031489777747264205
lineage,legacy,M0,124,76,0,0,0.0,76,0,0,0,0.0,0.07390482556668203,0.8946053966860539,0.031489777747264205
lineage,legacy,M0,125,76,0,0,0.0,76,0,0,1,0.0,0.07390482556668203,0.8946053966860539,0.031489777747264205
lineage,legacy,M0,126,75,0,0,0.0,75,0,0,0,0.0,0.07390482556668203,0.8946053966860539,0.031489777747264205
lineage,legacy,M0,127,75,0,0,0.0,75,0,0,2,0.0,0.07390482556668203,0.8946053966860539,0.031489777747264205
lineage,legacy,M0,128,73,0,0,0.0,73,0,0,0,0.0,0.07390482556668203,0.8946053966860539,0.031489777747264205
lineage,legacy,M0,129,73,0,0,0.0,73,0,0,0,0.0,0.07390482556668203,0.8946053966860539,0.031489777747264205
lineage,legacy,M0,130,73,0,0,0.0,73,0,0,0,0.0,0.07390482556668203,0.8946053966860539,0.031489777747264205
lineage,legacy,M0,131,73,0,0,0.0,73,0,0,0,0.0,0.07390482556668203,0.8946053966860539,0.031489777747264205
lineage,legacy,M0,132,73,0,0,0.0,73,0,0,1,0.0,0.07390482556668203,0.8946053966860539,0.031489777747264205
lineage,legacy,M0,133,72,0,0,0.0,72,0,0,1,0.0,0.07390482556668203,0.8946053966860539,0.031489777747264205
lineage,legacy,M0,134,71,0,0,0.0,71,0,0,0,0.0,0.07390482556668203,0.8946053966860539,0.031489777747264205
lineage,legacy,M0,135,71,0,0,0.0,71,0,0,0,0.0,0.07390482556668203,0.8946053966860539,0.031489777747264205
lineage,legacy,M0,136,71,0,0,0.0,71,0,0,0,0.0,0.07390482556668203,0.8946053966860539,0.031489777747264205
lineage,legacy,M0,137,71,0,0,0.0,71,0,0,0,0.0,0.07390482556668203,0.8946053966860539,0.031489777747264205
lineage,legacy,M0,138,71,0,0,0.0,71,0,0,0,0.0,0.07390482556668203,0.8946053966860539,0.031489777747264205
lineage,legacy,M0,139,71,0,0,0.0,71,0,0,0,0.0,0.07390482556668203,0.8946053966860539,0.031489777747264205
lineage,legacy,M0,140,71,0,0,0.0,71,0,0,0,0.0,0.07390482556668203,0.8946053966860539,0.031489777747264205
lineage,legacy,M0,141,71,0,0,0.0,71,0,0,0,0.0,0.07390482556668203,0.8946053966860539,0.031489777747264205
lineage,legacy,M0,142,71,0,0,0.0,71,0,0,0,0.0,0.07390482556668203,0.8946053966860539,0.031489777747264205
lineage,legacy,M0,143,71,0,0,0.0,71,0,0,0,0.0,0.07390482556668203,0.8946053966860539,0.031489777747264205
lineage,legacy,M0,144,71,0,0,0.0,71,0,0,1,0.0,0.07390482556668203,0.8946053966860539,0.031489777747264205
lineage,legacy,M0,145,70,0,0,0.0,70,0,0,1,0.0,0.07390482556668203,0.8946053966860539,0.031489777747264205
lineage,legacy,M0,146,69,0,0,0.0,69,0,0,0,0.0,0.07390482556668203,0.8946053966860539,0.031489777747264205
lineage,legacy,M0,147,69,0,0,0.0,69,0,0,0,0.0,0.07390482556668203,0.8946053966860539,0.031489777747264205
lineage,legacy,M0,148,69,0,0,0.0,69,0,0,1,0.0,0.07390482556668203,0.8946053966860539,0.031489777747264205
lineage,legacy,M0,149,68,0,0,0.0,68,0,0,0,0.0,0.07390482556668203,0.8946053966860539,0.031489777747264205
lineage,legacy,M0,150,68,0,0,0.0,68,0,0,0,0.0,0.07390482556668203,0.8946053966860539,0.031489777747264205
lineage,legacy,M0,151,68,0,0,0.0,68,0,0,0,0.0,0.07390482556668203,0.8946053966860539,0.031489777747264205
lineage,legacy,M0,152,68,0,0,0.0,68,0,0,1,0.0,0.07390482556668203,0.8946053966860539,0.031489777747264205
lineage,legacy,M0,153,67,0,0,0.0,67,0,0,0,0.0,0.07390482556668203,0.8946053966860539,0.031489777747264205
lineage,legacy,M0,154,67,0,0,0.0,67,0,0,0,0.0,0.07390482556668203,0.8946053966860539,0.031489777747264205
lineage,legacy,M0,155,67,0,0,0.0,67,0,0,0,0.0,0.07390482556668203,0.8946053966860539,0.031489777747264205
lineage,legacy,M0,156,67,0,0,0.0,67,0,0,0,0.0,0.07390482556668203,0.8946053966860539,0.031489777747264205
lineage,legacy,M0,157,67,0,0,0.0,67,0,0,0,0.0,0.07390482556668203,0.8946053966860539,0.031489777747264205
lineage,legacy,M0,158,67,0,0,0.0,67,0,0,0,0.0,0.07390482556668203,0.8946053966860539,0.031489777747264205
lineage,legacy,M0,159,67,0,0,0.0,67,0,0,1,0.0,0.07390482556668203,0.8946053966860539,0.031489777747264205
lineage,legacy,M0,160,66,0,0,0.0,66,0,0,0,0.0,0.07390482556668203,0.8946053966860539,0.031489777747264205
lineage,legacy,M0,161,66,0,0,0.0,66,0,0,0,0.0,0.07390482556668203,0.8946053966860539,0.031489777747264205
lineage,legacy,M0,162,66,0,0,0.0,66,0,0,1,0.0,0.07390482556668203,0.8946053966860539,0.031489777747264205
lineage,legacy,M0,163,65,0,0,0.0,65,0,0,0,0.0,0.07390482556668203,0.8946053966860539,0.031489777747264205
lineage,legacy,M0,164,65,0,0,0.0,65,0,0,1,0.0,0.07390482556668203,0.8946053966860539,0.031489777747264205
lineage,legacy,M0,165,64,0,0,0.0,64,0,0,0,0.0,0.07390482556668203,0.8946053966860539,0.031489777747264205
lineage,legacy,M0,166,64,0,0,0.0,64,0,0,0,0.0,0.07390482556668203,0.8946053966860539,0.031489777747264205
lineage,legacy,M0,167,64,0,0,0.0,64,0,0,0,0.0,0.07390482556668203,0.8946053966860539,0.031489777747264205
lineage,legacy,M0,168,64,0,0,0.0,64,0,0,1,0.0,0.07390482556668203,0.8946053966860539,0.031489777747264205
lineage,legacy,M0,169,63,0,0,0.0,63,0,0,0,0.0,0.07390482556668203,0.8946053966860539,0.031489777747264205
lineage,legacy,M0,170,63,0,0,0.0,63,0,0,0,0.0,0.07390482556668203,0.8946053966860539,0.031489777747264205
lineage,legacy,M0,171,63,0,0,0.0,63,0,0,1,0.0,0.07390482556668203,0.8946053966860539,0.031489777747264205
lineage,legacy,M0,172,62,0,0,0.0,62,0,0,1,0.0,0.07390482556668203,0.8946053966860539,0.031489777747264205
lineage,legacy,M0,173,61,0,0,0.0,61,0,0,1,0.0,0.07390482556668203,0.8946053966860539,0.031489777747264205
lineage,legacy,M0,174,60,0,0,0.0,60,0,0,0,0.0,0.07390482556668203,0.8946053966860539,0.031489777747264205
lineage,legacy,M0,175,60,0,0,0.0,60,0,0,2,0.0,0.07390482556668203,0.8946053966860539,0.031489777747264205
lineage,legacy,M0,176,58,0,0,0.0,58,0,0,1,0.0,0.07390482556668203,0.8946053966860539,0.031489777747264205
lineage,legacy,M0,177,57,0,0,0.0,57,0,0,2,0.0,0.07390482556668203,0.8946053966860539,0.031489777747264205
lineage,legacy,M0,178,55,0,0,0.0,55,0,0,1,0.0,0.07390482556668203,0.8946053966860539,0.031489777747264205
lineage,legacy,M0,179,54,0,0,0.0,54,0,0,0,0.0,0.07390482556668203,0.8946053966860539,0.031489777747264205
lineage,legacy,M0,180,54,0,0,0.0,54,0,0,1,0.0,0.07390482556668203,0.8946053966860539,0.031489777747264205
lineage,legacy,M0,181,53,0,0,0.0,53,0,0,0,0.0,0.07390482556668203,0.8946053966860539,0.031489777747264205
lineage,legacy,M0,182,53,0,0,0.0,53,0,0,0,0.0,0.07390482556668203,0.8946053966860539,0.031489777747264205
lineage,legacy,M0,183,53,0,0,0.0,53,0,0,0,0.0,0.07390482556668203,0.8946053966860539,0.031489777747264205
lineage,legacy,M0,184,53,0,0,0.0,53,0,0,0,0.0,0.07390482556668203,0.8946053966860539,0.031489777747264205
lineage,legacy,M0,185,53,0,0,0.0,53,0,0,1,0.0,0.07390482556668203,0.8946053966860539,0.031489777747264205
lineage,legacy,M0,186,52,0,0,0.0,52,0,0,0,0.0,0.07390482556668203,0.8946053966860539,0.031489777747264205
lineage,legacy,M0,187,52,0,0,0.0,52,0,0,0,0.0,0.07390482556668203,0.8946053966860539,0.031489777747264205
lineage,legacy,M0,188,52,0,0,0.0,52,0,0,0,0.0,0.07390482556668203,0.8946053966860539,0.031489777747264205
lineage,legacy,M0,189,52,0,0,0.0,52,0,0,0,0.0,0.07390482556668203,0.8946053966860539,0.031489777747264205
lineage,legacy,M0,190,52,0,0,0.0,52,0,0,0,0.0,0.07390482556668203,0.8946053966860539,0.031489777747264205
lineage,legacy,M0,191,52,0,0,0.0,52,0,0,2,0.0,0.07390482556668203,0.8946053966860539,0.031489777747264205
lineage,legacy,M0,192,50,0,0,0.0,50,0,0,1,0.0,0.07390482556668203,0.8946053966860539,0.031489777747264205
lineage,legacy,M0,193,49,0,0,0.0,49,0,0,0,0.0,0.07390482556668203,0.8946053966860539,0.031489777747264205
lineage,legacy,M0,194,49,0,0,0.0,49,0,0,0,0.0,0.07390482556668203,0.8946053966860539,0.031489777747264205
lineage,legacy,M0,195,49,0,0,0.0,49,0,0,1,0.0,0.07390482556668203,0.8946053966860539,0.031489777747264205
lineage,legacy,M0,196,48,0,0,0.0,48,0,0,0,0.0,0.07390482556668203,0.8946053966860539,0.031489777747264205
lineage,legacy,M0,197,48,0,0,0.0,48,0,0,0,0.0,0.07390482556668203,0.8946053966860539,0.031489777747264205
lineage,legacy,M0,198,48,0,0,0.0,48,0,0,0,0.0,0.07390482556668203,0.8946053966860539,0.031489777747264205
lineage,legacy,M0,199,48,0,0,0.0,48,0,0,1,0.0,0.07390482556668203,0.8946053966860539,0.031489777747264205
lineage,legacy,M0,200,47,0,0,0.0,47,0,0,1,0.0,0.07390482556668203,0.8946053966860539,0.031489777747264205
lineage,legacy,M0,201,46,0,0,0.0,46,0,0,1,0.0,0.07390482556668203,0.8946053966860539,0.031489777747264205
lineage,legacy,M0,202,45,0,0,0.0,45,0,0,0,0.0,0.07390482556668203,0.8946053966860539,0.031489777747264205
lineage,legacy,M0,203,45,0,0,0.0,45,0,0,0,0.0,0.07390482556668203,0.8946053966860539,0.031489777747264205
lineage,legacy,M0,204,45,0,0,0.0,45,0,0,1,0.0,0.07390482556668203,0.8946053966860539,0.031489777747264205
lineage,legacy,M0,205,44,0,0,0.0,44,0,0,1,0.0,0.07390482556668203,0.8946053966860539,0.031489777747264205
lineage,legacy,M0,206,43,0,0,0.0,43,0,0,0,0.0,0.07390482556668203,0.8946053966860539,0.031489777747264205
lineage,legacy,M0,207,43,0,0,0.0,43,0,0,0,0.0,0.07390482556668203,0.8946053966860539,0.031489777747264205
lineage,legacy,M0,208,43,0,0,0.0,43,0,0,1,0.0,0.07390482556668203,0.8946053966860539,0.031489777747264205
lineage,legacy,M0,209,42,0,0,0.0,42,0,0,0,0.0,0.07390482556668203,0.8946053966860539,0.031489777747264205
lineage,legacy,M0,210,42,0,0,0.0,42,0,0,1,0.0,0.07390482556668203,0.8946053966860539,0.031489777747264205
lineage,legacy,M0,211,41,0,0,0.0,41,0,0,2,0.0,0.07390482556668203,0.8946053966860539,0.031489777747264205
lineage,legacy,M0,212,39,0,0,0.0,39,0,0,1,0.0,0.07390482556668203,0.8946053966860539,0.031489777747264205
lineage,legacy,M0,213,38,0,0,0.0,38,0,0,0,0.0,0.07390482556668203,0.8946053966860539,0.031489777747264205
lineage,legacy,M0,214,38,0,0,0.0,38,0,0,0,0.0,0.07390482556668203,0.8946053966860539,0.031489777747264205
lineage,legacy,M0,215,38,0,0,0.0,38,0,0,0,0.0,0.07390482556668203,0.8946053966860539,0.031489777747264205
lineage,legacy,M0,216,38,0,0,0.0,38,0,0,0,0.0,0.07390482556668203,0.8946053966860539,0.031489777747264205
lineage,legacy,M0,217,38,0,0,0.0,38,0,0,1,0.0,0.07390482556668203,0.8946053966860539,0.031489777747264205
lineage,legacy,M0,218,37,0,0,0.0,37,0,0,0,0.0,0.07390482556668203,0.8946053966860539,0.031489777747264205
lineage,legacy,M0,219,37,0,0,0.0,37,0,0,2,0.0,0.07390482556668203,0.8946053966860539,0.031489777747264205
lineage,legacy,M0,220,35,0,0,0.0,35,0,0,0,0.0,0.07390482556668203,0.8946053966860539,0.031489777747264205
lineage,legacy,M0,221,35,0,0,0.0,35,0,0,0,0.0,0.07390482556668203,0.8946053966860539,0.031489777747264205
lineage,legacy,M0,222,35,0,0,0.0,35,0,0,0,0.0,0.07390482556668203,0.8946053966860539,0.031489777747264205
lineage,legacy,M0,223,35,0,0,0.0,35,0,0,0,0.0,0.07390482556668203,0.8946053966860539,0.031489777747264205
lineage,legacy,M0,224,35,0,0,0.0,35,0,0,2,0.0,0.07390482556668203,0.8946053966860539,0.031489777747264205
lineage,legacy,M0,225,33,0,0,0.0,33,0,0,0,0.0,0.07390482556668203,0.8946053966860539,0.031489777747264205
lineage,legacy,M0,226,33,0,0,0.0,33,0,0,0,0.0,0.07390482556668203,0.8946053966860539,0.031489777747264205
lineage,legacy,M0,227,33,0,0,0.0,33,0,0,1,0.0,0.07390482556668203,0.8946053966860539,0.031489777747264205
lineage,legacy,M0,228,32,0,0,0.0,32,0,0,0,0.0,0.07390482556668203,0.8946053966860539,0.031489777747264205
lineage,legacy,M0,229,32,0,0,0.0,32,0,0,1,0.0,0.07390482556668203,0.8946053966860539,0.031489777747264205
lineage,legacy,M0,230,31,0,0,0.0,31,0,0,0,0.0,0.07390482556668203,0.8946053966860539,0.031489777747264205
lineage,legacy,M0,231,31,0,0,0.0,31,0,0,1,0.0,0.07390482556668203,0.8946053966860539,0.031489777747264205
lineage,legacy,M0,232,30,0,0,0.0,30,0,0,0,0.0,0.07390482556668203,0.8946053966860539,0.031489777747264205
lineage,legacy,M0,233,30,0,0,0.0,30,0,0,0,0.0,0.07390482556668203,0.8946053966860539,0.031489777747264205
lineage,legacy,M0,234,30,0,0,0.0,30,0,0,1,0.0,0.07390482556668203,0.8946053966860539,0.031489777747264205
lineage,legacy,M0,235,29,0,0,0.0,29,0,0,0,0.0,0.07390482556668203,0.8946053966860539,0.031489777747264205
lineage,legacy,M0,236,29,0,0,0.0,29,0,0,0,0.0,0.07390482556668203,0.8946053966860539,0.031489777747264205
lineage,legacy,M0,237,29,0,0,0.0,29,0,0,0,0.0,0.07390482556668203,0.8946053966860539,0.031489777747264205
lineage,legacy,M0,238,29,0,0,0.0,29,0,0,0,0.0,0.07390482556668203,0.8946053966860539,0.031489777747264205
lineage,legacy,M0,239,29,0,0,0.0,29,0,0,0,0.0,0.07390482556668203,0.8946053966860539,0.031489777747264205
lineage,legacy,M0,240,29,0,0,0.0,29,0,0,1,0.0,0.07390482556668203,0.8946053966860539,0.031489777747264205
lineage,legacy,M0,241,28,0,0,0.0,28,0,0,0,0.0,0.07390482556668203,0.8946053966860539,0.031489777747264205
lineage,legacy,M0,242,28,0,0,0.0,28,0,0,0,0.0,0.07390482556668203,0.8946053966860539,0.031489777747264205
lineage,legacy,M0,243,28,0,0,0.0,28,0,0,0,0.0,0.07390482556668203,0.8946053966860539,0.031489777747264205
lineage,legacy,M0,244,28,0,0,0.0,28,0,0,0,0.0,0.07390482556668203,0.8946053966860539,0.031489777747264205
lineage,legacy,M0,245,28,0,0,0.0,28,0,0,0,0.0,0.07390482556668203,0.8946053966860539,0.031489777747264205
lineage,legacy,M0,246,28,0,0,0.0,28,0,0,0,0.0,0.07390482556668203,0.8946053966860539,0.031489777747264205
lineage,legacy,M0,247,28,0,0,0.0,28,0,0,0,0.0,0.07390482556668203,0.8946053966860539,0.031489777747264205
lineage,legacy,M0,248,28,0,0,0.0,28,0,0,0,0.0,0.07390482556668203,0.8946053966860539,0.031489777747264205
lineage,legacy,M0,249,28,0,0,0.0,28,0,0,0,0.0,0.07390482556668203,0.8946053966860539,0.031489777747264205
lineage,legacy,M0,250,28,0,0,0.0,28,0,0,0,0.0,0.07390482556668203,0.8946053966860539,0.031489777747264205
lineage,legacy,M0,251,28,0,0,0.0,28,0,0,0,0.0,0.07390482556668203,0.8946053966860539,0.031489777747264205
lineage,legacy,M0,252,28,0,0,0.0,28,0,0,0,0.0,0.07390482556668203,0.8946053966860539,0.031489777747264205
lineage,legacy,M0,253,28,0,0,0.0,28,0,0,0,0.0,0.07390482556668203,0.8946053966860539,0.031489777747264205
lineage,legacy,M0,254,28,0,0,0.0,28,0,0,0,0.0,0.07390482556668203,0.8946053966860539,0.031489777747264205
lineage,legacy,M0,255,28,0,0,0.0,28,0,0,0,0.0,0.07390482556668203,0.8946053966860539,0.031489777747264205
lineage,legacy,M0,256,28,0,0,0.0,28,0,0,0,0.0,0.07390482556668203,0.8946053966860539,0.031489777747264205
lineage,legacy,M0,257,28,0,0,0.0,28,0,0,0,0.0,0.07390482556668203,0.8946053966860539,0.031489777747264205
lineage,legacy,M0,258,28,0,0,0.0,28,0,0,0,0.0,0.07390482556668203,0.8946053966860539,0.031489777747264205
lineage,legacy,M0,259,28,0,0,0.0,28,0,0,0,0.0,0.07390482556668203,0.8946053966860539,0.031489777747264205
lineage,legacy,M0,260,28,0,0,0.0,28,0,0,0,0.0,0.07390482556668203,0.8946053966860539,0.031489777747264205
lineage,legacy,M0,261,28,0,0,0.0,28,0,0,0,0.0,0.07390482556668203,0.8946053966860539,0.031489777747264205
lineage,legacy,M0,262,28,0,0,0.0,28,0,0,0,0.0,0.07390482556668203,0.8946053966860539,0.031489777747264205
lineage,legacy,M0,263,28,0,0,0.0,28,0,0,0,0.0,0.07390482556668203,0.8946053966860539,0.031489777747264205
lineage,legacy,M0,264,28,0,0,0.0,28,0,0,0,0.0,0.07390482556668203,0.8946053966860539,0.031489777747264205
lineage,legacy,M0,265,28,0,0,0.0,28,0,0,0,0.0,0.07390482556668203,0.8946053966860539,0.031489777747264205
lineage,legacy,M0,266,28,0,0,0.0,28,0,0,0,0.0,0.07390482556668203,0.8946053966860539,0.031489777747264205
lineage,legacy,M0,267,28,0,0,0.0,28,0,0,0,0.0,0.07390482556668203,0.8946053966860539,0.031489777747264205
lineage,legacy,M0,268,28,0,0,0.0,28,0,0,0,0.0,0.07390482556668203,0.8946053966860539,0.031489777747264205
lineage,legacy,M0,269,28,0,0,0.0,28,0,0,0,0.0,0.07390482556668203,0.8946053966860539,0.031489777747264205
lineage,legacy,M0,270,28,0,0,0.0,28,0,0,1,0.0,0.07390482556668203,0.8946053966860539,0.031489777747264205
lineage,legacy,M0,271,27,0,0,0.0,27,0,0,0,0.0,0.07390482556668203,0.8946053966860539,0.031489777747264205
lineage,legacy,M0,272,27,0,0,0.0,27,0,0,0,0.0,0.07390482556668203,0.8946053966860539,0.031489777747264205
lineage,legacy,M0,273,27,0,0,0.0,27,0,0,0,0.0,0.07390482556668203,0.8946053966860539,0.031489777747264205
lineage,legacy,M0,274,27,0,0,0.0,27,0,0,2,0.0,0.07390482556668203,0.8946053966860539,0.031489777747264205
lineage,legacy,M0,275,25,0,0,0.0,25,0,0,0,0.0,0.07390482556668203,0.8946053966860539,0.031489777747264205
lineage,legacy,M0,276,25,0,0,0.0,25,0,0,0,0.0,0.07390482556668203,0.8946053966860539,0.031489777747264205
lineage,legacy,M0,277,25,0,0,0.0,25,0,0,0,0.0,0.07390482556668203,0.8946053966860539,0.031489777747264205
lineage,legacy,M0,278,25,0,0,0.0,25,0,0,0,0.0,0.07390482556668203,0.8946053966860539,0.031489777747264205
lineage,legacy,M0,279,25,0,0,0.0,25,0,0,0,0.0,0.07390482556668203,0.8946053966860539,0.031489777747264205
lineage,legacy,M0,280,25,0,0,0.0,25,0,0,0,0.0,0.07390482556668203,0.8946053966860539,0.031489777747264205
lineage,legacy,M0,281,25,0,0,0.0,25,0,0,0,0.0,0.07390482556668203,0.8946053966860539,0.031489777747264205
lineage,legacy,M0,282,25,0,0,0.0,25,0,0,1,0.0,0.07390482556668203,0.8946053966860539,0.031489777747264205
lineage,legacy,M0,283,24,0,0,0.0,24,0,0,0,0.0,0.07390482556668203,0.8946053966860539,0.031489777747264205
lineage,legacy,M0,284,24,0,0,0.0,24,0,0,1,0.0,0.07390482556668203,0.8946053966860539,0.031489777747264205
lineage,legacy,M0,285,23,0,0,0.0,23,0,0,0,0.0,0.07390482556668203,0.8946053966860539,0.031489777747264205
lineage,legacy,M0,286,23,0,0,0.0,23,0,0,0,0.0,0.07390482556668203,0.8946053966860539,0.031489777747264205
lineage,legacy,M0,287,23,0,0,0.0,23,0,0,0,0.0,0.07390482556668203,0.8946053966860539,0.031489777747264205
lineage,legacy,M0,288,23,0,0,0.0,23,0,0,0,0.0,0.07390482556668203,0.8946053966860539,0.031489777747264205
lineage,legacy,M0,289,23,0,0,0.0,23,0,0,0,0.0,0.07390482556668203,0.8946053966860539,0.031489777747264205
lineage,legacy,M0,290,23,0,0,0.0,23,0,0,0,0.0,0.07390482556668203,0.8946053966860539,0.031489777747264205
lineage,legacy,M0,291,23,0,0,0.0,23,0,0,0,0.0,0.07390482556668203,0.8946053966860539,0.031489777747264205
lineage,legacy,M0,292,23,0,0,0.0,23,0,0,0,0.0,0.07390482556668203,0.8946053966860539,0.031489777747264205
lineage,legacy,M0,293,23,0,0,0.0,23,0,0,0,0.0,0.07390482556668203,0.8946053966860539,0.031489777747264205
lineage,legacy,M0,294,23,0,0,0.0,23,0,0,0,0.0,0.07390482556668203,0.8946053966860539,0.031489777747264205
lineage,legacy,M0,295,23,0,0,0.0,23,0,0,0,0.0,0.07390482556668203,0.8946053966860539,0.031489777747264205
lineage,legacy,M0,296,23,0,0,0.0,23,0,0,1,0.0,0.07390482556668203,0.8946053966860539,0.031489777747264205
lineage,legacy,M0,297,22,0,0,0.0,22,0,0,0,0.0,0.07390482556668203,0.8946053966860539,0.031489777747264205
lineage,legacy,M0,298,22,0,0,0.0,22,0,0,0,0.0,0.07390482556668203,0.8946053966860539,0.031489777747264205
lineage,legacy,M0,299,22,0,0,0.0,22,0,0,0,0.0,0.07390482556668203,0.8946053966860539,0.031489777747264205
lineage,legacy,M0,300,22,0,0,0.0,22,0,0,1,0.0,0.07390482556668203,0.8946053966860539,0.031489777747264205
lineage,legacy,M0,301,21,0,0,0.0,21,0,0,0,0.0,0.07390482556668203,0.8946053966860539,0.031489777747264205
lineage,legacy,M0,302,21,0,0,0.0,21,0,0,1,0.0,0.07390482556668203,0.8946053966860539,0.031489777747264205
lineage,legacy,M0,303,20,0,0,0.0,20,0,0,0,0.0,0.07390482556668203,0.8946053966860539,0.031489777747264205
lineage,legacy,M0,304,20,0,0,0.0,20,0,0,0,0.0,0.07390482556668203,0.8946053966860539,0.031489777747264205
lineage,legacy,M0,305,20,0,0,0.0,20,0,0,1,0.0,0.07390482556668203,0.8946053966860539,0.031489777747264205
lineage,legacy,M0,306,19,0,0,0.0,19,0,0,0,0.0,0.07390482556668203,0.8946053966860539,0.031489777747264205
lineage,legacy,M0,307,19,0,0,0.0,19,0,0,0,0.0,0.07390482556668203,0.8946053966860539,0.031489777747264205
lineage,legacy,M0,308,19,0,0,0.0,19,0,0,0,0.0,0.07390482556668203,0.8946053966860539,0.031489777747264205
lineage,legacy,M0,309,19,0,0,0.0,19,0,0,0,0.0,0.07390482556668203,0.8946053966860539,0.031489777747264205
lineage,legacy,M0,310,19,0,0,0.0,19,0,0,1,0.0,0.07390482556668203,0.8946053966860539,0.031489777747264205
lineage,legacy,M0,311,18,0,0,0.0,18,0,0,0,0.0,0.07390482556668203,0.8946053966860539,0.031489777747264205
lineage,legacy,M0,312,18,0,0,0.0,18,0,0,0,0.0,0.07390482556668203,0.8946053966860539,0.031489777747264205
lineage,legacy,M0,313,18,0,0,0.0,18,0,0,0,0.0,0.07390482556668203,0.8946053966860539,0.031489777747264205
lineage,legacy,M0,314,18,0,0,0.0,18,0,0,0,0.0,0.07390482556668203,0.8946053966860539,0.031489777747264205
lineage,legacy,M0,315,18,0,0,0.0,18,0,0,0,0.0,0.07390482556668203,0.8946053966860539,0.031489777747264205
lineage,legacy,M0,316,18,0,0,0.0,18,0,0,0,0.0,0.07390482556668203,0.8946053966860539,0.031489777747264205
lineage,legacy,M0,317,18,0,0,0.0,18,0,0,0,0.0,0.07390482556668203,0.8946053966860539,0.031489777747264205
lineage,legacy,M0,318,18,0,0,0.0,18,0,0,1,0.0,0.07390482556668203,0.8946053966860539,0.031489777747264205
lineage,legacy,M0,319,17,0,0,0.0,17,0,0,0,0.0,0.07390482556668203,0.8946053966860539,0.031489777747264205
lineage,legacy,M0,320,17,0,0,0.0,17,0,0,0,0.0,0.07390482556668203,0.8946053966860539,0.031489777747264205
lineage,legacy,M0,321,17,0,0,0.0,17,0,0,0,0.0,0.07390482556668203,0.8946053966860539,0.031489777747264205
lineage,legacy,M0,322,17,0,0,0.0,17,0,0,0,0.0,0.07390482556668203,0.8946053966860539,0.031489777747264205
lineage,legacy,M0,323,17,0,0,0.0,17,0,0,0,0.0,0.07390482556668203,0.8946053966860539,0.031489777747264205
lineage,legacy,M0,324,17,0,0,0.0,17,0,0,0,0.0,0.07390482556668203,0.8946053966860539,0.031489777747264205
lineage,legacy,M0,325,17,0,0,0.0,17,0,0,1,0.0,0.07390482556668203,0.8946053966860539,0.031489777747264205
lineage,legacy,M0,326,16,0,0,0.0,16,0,0,0,0.0,0.07390482556668203,0.8946053966860539,0.031489777747264205
lineage,legacy,M0,327,16,0,0,0.0,16,0,0,0,0.0,0.07390482556668203,0.8946053966860539,0.031489777747264205
lineage,legacy,M0,328,16,0,0,0.0,16,0,0,0,0.0,0.07390482556668203,0.8946053966860539,0.031489777747264205
lineage,legacy,M0,329,16,0,0,0.0,16,0,0,0,0.0,0.07390482556668203,0.8946053966860539,0.031489777747264205
lineage,legacy,M0,330,16,0,0,0.0,16,0,0,0,0.0,0.07390482556668203,0.8946053966860539,0.031489777747264205
lineage,legacy,M0,331,16,0,0,0.0,16,0,0,1,0.0,0.07390482556668203,0.8946053966860539,0.031489777747264205
lineage,legacy,M0,332,15,0,0,0.0,15,0,0,1,0.0,0.07390482556668203,0.8946053966860539,0.031489777747264205
lineage,legacy,M0,333,14,0,0,0.0,14,0,0,1,0.0,0.07390482556668203,0.8946053966860539,0.031489777747264205
lineage,legacy,M0,334,13,0,0,0.0,13,0,0,0,0.0,0.07390482556668203,0.8946053966860539,0.031489777747264205
lineage,legacy,M0,335,13,0,0,0.0,13,0,0,0,0.0,0.07390482556668203,0.8946053966860539,0.031489777747264205
lineage,legacy,M0,336,13,0,0,0.0,13,0,0,0,0.0,0.07390482556668203,0.8946053966860539,0.031489777747264205
lineage,legacy,M0,337,13,0,0,0.0,13,0,0,0,0.0,0.07390482556668203,0.8946053966860539,0.031489777747264205
lineage,legacy,M0,338,13,0,0,0.0,13,0,0,1,0.0,0.07390482556668203,0.8946053966860539,0.031489777747264205
lineage,legacy,M0,339,12,0,0,0.0,12,0,0,0,0.0,0.07390482556668203,0.8946053966860539,0.031489777747264205
lineage,legacy,M0,340,12,0,0,0.0,12,0,0,0,0.0,0.07390482556668203,0.8946053966860539,0.031489777747264205
lineage,legacy,M0,341,12,0,0,0.0,12,0,0,0,0.0,0.07390482556668203,0.8946053966860539,0.031489777747264205
lineage,legacy,M0,342,12,0,0,0.0,12,0,0,0,0.0,0.07390482556668203,0.8946053966860539,0.031489777747264205
lineage,legacy,M0,343,12,0,0,0.0,12,0,0,0,0.0,0.07390482556668203,0.8946053966860539,0.031489777747264205
lineage,legacy,M0,344,12,0,0,0.0,12,0,0,0,0.0,0.07390482556668203,0.8946053966860539,0.031489777747264205
lineage,legacy,M0,345,12,0,0,0.0,12,0,0,0,0.0,0.07390482556668203,0.8946053966860539,0.031489777747264205
lineage,legacy,M0,346,12,0,0,0.0,12,0,0,0,0.0,0.07390482556668203,0.8946053966860539,0.031489777747264205
lineage,legacy,M0,347,12,0,0,0.0,12,0,0,0,0.0,0.07390482556668203,0.8946053966860539,0.031489777747264205
lineage,legacy,M0,348,12,0,0,0.0,12,0,0,0,0.0,0.07390482556668203,0.8946053966860539,0.031489777747264205
lineage,legacy,M0,349,12,0,0,0.0,12,0,0,0,0.0,0.07390482556668203,0.8946053966860539,0.031489777747264205
lineage,legacy,M0,350,12,0,0,0.0,12,0,0,1,0.0,0.07390482556668203,0.8946053966860539,0.031489777747264205
lineage,legacy,M0,351,11,0,0,0.0,11,0,0,0,0.0,0.07390482556668203,0.8946053966860539,0.031489777747264205
lineage,legacy,M0,352,11,0,0,0.0,11,0,0,0,0.0,0.07390482556668203,0.8946053966860539,0.031489777747264205
lineage,legacy,M0,353,11,0,0,0.0,11,0,0,0,0.0,0.07390482556668203,0.8946053966860539,0.031489777747264205
lineage,legacy,M0,354,11,0,0,0.0,11,0,0,0,0.0,0.07390482556668203,0.8946053966860539,0.031489777747264205
lineage,legacy,M0,355,11,0,0,0.0,11,0,0,0,0.0,0.07390482556668203,0.8946053966860539,0.031489777747264205
lineage,legacy,M0,356,11,0,0,0.0,11,0,0,0,0.0,0.07390482556668203,0.8946053966860539,0.031489777747264205
lineage,legacy,M0,357,11,0,0,0.0,11,0,0,0,0.0,0.07390482556668203,0.8946053966860539,0.031489777747264205
lineage,legacy,M0,358,11,0,0,0.0,11,0,0,0,0.0,0.07390482556668203,0.8946053966860539,0.031489777747264205
lineage,legacy,M0,359,11,0,0,0.0,11,0,0,0,0.0,0.07390482556668203,0.8946053966860539,0.031489777747264205
lineage,legacy,M0,360,11,0,0,0.0,11,0,0,1,0.0,0.07390482556668203,0.8946053966860539,0.031489777747264205
lineage,legacy,M0,361,10,0,0,0.0,10,0,0,0,0.0,0.07390482556668203,0.8946053966860539,0.031489777747264205
lineage,legacy,M0,362,10,0,0,0.0,10,0,0,0,0.0,0.07390482556668203,0.8946053966860539,0.031489777747264205
lineage,legacy,M0,363,10,0,0,0.0,10,0,0,0,0.0,0.07390482556668203,0.8946053966860539,0.031489777747264205
lineage,legacy,M0,364,10,0,0,0.0,10,0,0,1,0.0,0.07390482556668203,0.8946053966860539,0.031489777747264205
lineage,legacy,M0,365,9,0,0,0.0,9,0,0,0,0.0,0.07390482556668203,0.8946053966860539,0.031489777747264205
lineage,legacy,M0,366,9,0,0,0.0,9,0,0,0,0.0,0.07390482556668203,0.8946053966860539,0.031489777747264205
lineage,legacy,M0,367,9,0,0,0.0,9,0,0,0,0.0,0.07390482556668203,0.8946053966860539,0.031489777747264205
lineage,legacy,M0,368,9,0,0,0.0,9,0,0,0,0.0,0.07390482556668203,0.8946053966860539,0.031489777747264205
lineage,legacy,M0,369,9,0,0,0.0,9,0,0,0,0.0,0.07390482556668203,0.8946053966860539,0.031489777747264205
lineage,legacy,M0,370,9,0,0,0.0,9,0,0,0,0.0,0.07390482556668203,0.8946053966860539,0.031489777747264205
lineage,legacy,M0,371,9,0,0,0.0,9,0,0,0,0.0,0.07390482556668203,0.8946053966860539,0.031489777747264205
lineage,legacy,M0,372,9,0,0,0.0,9,0,0,0,0.0,0.07390482556668203,0.8946053966860539,0.031489777747264205
lineage,legacy,M0,373,9,0,0,0.0,9,0,0,0,0.0,0.07390482556668203,0.8946053966860539,0.031489777747264205
lineage,legacy,M0,374,9,0,0,0.0,9,0,0,0,0.0,0.07390482556668203,0.8946053966860539,0.031489777747264205
lineage,legacy,M0,375,9,0,0,0.0,9,0,0,0,0.0,0.07390482556668203,0.8946053966860539,0.031489777747264205
lineage,legacy,M0,376,9,0,0,0.0,9,0,0,1,0.0,0.07390482556668203,0.8946053966860539,0.031489777747264205
lineage,legacy,M0,377,8,0,0,0.0,8,0,0,0,0.0,0.07390482556668203,0.8946053966860539,0.031489777747264205
lineage,legacy,M0,378,8,0,0,0.0,8,0,0,1,0.0,0.07390482556668203,0.8946053966860539,0.031489777747264205
lineage,legacy,M0,379,7,0,0,0.0,7,0,0,0,0.0,0.07390482556668203,0.8946053966860539,0.031489777747264205
lineage,legacy,M0,380,7,0,0,0.0,7,0,0,0,0.0,0.07390482556668203,0.8946053966860539,0.031489777747264205
lineage,legacy,M0,381,7,0,0,0.0,7,0,0,0,0.0,0.07390482556668203,0.8946053966860539,0.031489777747264205
lineage,legacy,M0,382,7,0,0,0.0,7,0,0,0,0.0,0.07390482556668203,0.8946053966860539,0.031489777747264205
lineage,legacy,M0,383,7,0,0,0.0,7,0,0,0,0.0,0.07390482556668203,0.8946053966860539,0.031489777747264205
lineage,legacy,M0,384,7,0,0,0.0,7,0,0,0,0.0,0.07390482556668203,0.8946053966860539,0.031489777747264205
lineage,legacy,M0,385,7,0,0,0.0,7,0,0,0,0.0,0.07390482556668203,0.8946053966860539,0.031489777747264205
lineage,legacy,M0,386,7,0,0,0.0,7,0,0,0,0.0,0.07390482556668203,0.8946053966860539,0.031489777747264205
lineage,legacy,M0,387,7,0,0,0.0,7,0,0,0,0.0,0.07390482556668203,0.8946053966860539,0.031489777747264205
lineage,legacy,M0,388,7,0,0,0.0,7,0,0,0,0.0,0.07390482556668203,0.8946053966860539,0.031489777747264205
lineage,legacy,M0,389,7,0,0,0.0,7,0,0,1,0.0,0.07390482556668203,0.8946053966860539,0.031489777747264205
lineage,legacy,M0,390,6,0,0,0.0,6,0,0,0,0.0,0.07390482556668203,0.8946053966860539,0.031489777747264205
lineage,legacy,M0,391,6,0,0,0.0,6,0,0,0,0.0,0.07390482556668203,0.8946053966860539,0.031489777747264205
lineage,legacy,M0,392,6,0,0,0.0,6,0,0,0,0.0,0.07390482556668203,0.8946053966860539,0.031489777747264205
lineage,legacy,M0,393,6,0,0,0.0,6,0,0,0,0.0,0.07390482556668203,0.8946053966860539,0.031489777747264205
lineage,legacy,M0,394,6,0,0,0.0,6,0,0,0,0.0,0.07390482556668203,0.8946053966860539,0.031489777747264205
lineage,legacy,M0,395,6,0,0,0.0,6,0,0,0,0.0,0.07390482556668203,0.8946053966860539,0.031489777747264205
lineage,legacy,M0,396,6,0,0,0.0,6,0,0,0,0.0,0.07390482556668203,0.8946053966860539,0.031489777747264205
lineage,legacy,M0,397,6,0,0,0.0,6,0,0,0,0.0,0.07390482556668203,0.8946053966860539,0.031489777747264205
lineage,legacy,M0,398,6,0,0,0.0,6,0,0,0,0.0,0.07390482556668203,0.8946053966860539,0.031489777747264205
lineage,legacy,M0,399,6,0,0,0.0,6,0,0,0,0.0,0.07390482556668203,0.8946053966860539,0.031489777747264205
lineage,legacy,M0,400,6,0,0,0.0,6,0,0,0,0.0,0.07390482556668203,0.8946053966860539,0.031489777747264205
lineage,legacy,M0,401,6,0,0,0.0,6,0,0,0,0.0,0.07390482556668203,0.8946053966860539,0.031489777747264205
lineage,legacy,M0,402,6,0,0,0.0,6,0,0,0,0.0,0.07390482556668203,0.8946053966860539,0.031489777747264205
lineage,legacy,M0,403,6,0,0,0.0,6,0,0,0,0.0,0.07390482556668203,0.8946053966860539,0.031489777747264205
lineage,legacy,M0,404,6,0,0,0.0,6,0,0,0,0.0,0.07390482556668203,0.8946053966860539,0.031489777747264205
lineage,legacy,M0,405,6,0,0,0.0,6,0,0,0,0.0,0.07390482556668203,0.8946053966860539,0.031489777747264205
lineage,legacy,M0,406,6,0,0,0.0,6,0,0,0,0.0,0.07390482556668203,0.8946053966860539,0.031489777747264205
lineage,legacy,M0,407,6,0,0,0.0,6,0,0,0,0.0,0.07390482556668203,0.8946053966860539,0.031489777747264205
lineage,legacy,M0,408,6,0,0,0.0,6,0,0,0,0.0,0.07390482556668203,0.8946053966860539,0.031489777747264205
lineage,legacy,M0,409,6,0,0,0.0,6,0,0,0,0.0,0.07390482556668203,0.8946053966860539,0.031489777747264205
lineage,legacy,M0,410,6,0,0,0.0,6,0,0,0,0.0,0.07390482556668203,0.8946053966860539,0.031489777747264205
lineage,legacy,M0,411,6,0,0,0.0,6,0,0,1,0.0,0.07390482556668203,0.8946053966860539,0.031489777747264205
lineage,legacy,M0,412,5,0,0,0.0,5,0,0,0,0.0,0.07390482556668203,0.8946053966860539,0.031489777747264205
lineage,legacy,M0,413,5,0,0,0.0,5,0,0,0,0.0,0.07390482556668203,0.8946053966860539,0.031489777747264205
lineage,legacy,M0,414,5,0,0,0.0,5,0,0,0,0.0,0.07390482556668203,0.8946053966860539,0.031489777747264205
lineage,legacy,M0,415,5,0,0,0.0,5,0,0,0,0.0,0.07390482556668203,0.8946053966860539,0.031489777747264205
lineage,legacy,M0,416,5,0,0,0.0,5,0,0,0,0.0,0.07390482556668203,0.8946053966860539,0.031489777747264205
lineage,legacy,M0,417,5,0,0,0.0,5,0,0,0,0.0,0.07390482556668203,0.8946053966860539,0.031489777747264205
lineage,legacy,M0,418,5,0,0,0.0,5,0,0,0,0.0,0.07390482556668203,0.8946053966860539,0.031489777747264205
lineage,legacy,M0,419,5,0,0,0.0,5,0,0,0,0.0,0.07390482556668203,0.8946053966860539,0.031489777747264205
lineage,legacy,M0,420,5,0,0,0.0,5,0,0,0,0.0,0.07390482556668203,0.8946053966860539,0.031489777747264205
lineage,legacy,M0,421,5,0,0,0.0,5,0,0,0,0.0,0.07390482556668203,0.8946053966860539,0.031489777747264205
lineage,legacy,M0,422,5,0,0,0.0,5,0,0,0,0.0,0.07390482556668203,0.8946053966860539,0.031489777747264205
lineage,legacy,M0,423,5,0,0,0.0,5,0,0,0,0.0,0.07390482556668203,0.8946053966860539,0.031489777747264205
lineage,legacy,M0,424,5,0,0,0.0,5,0,0,0,0.0,0.07390482556668203,0.8946053966860539,0.031489777747264205
lineage,legacy,M0,425,5,0,0,0.0,5,0,0,1,0.0,0.07390482556668203,0.8946053966860539,0.031489777747264205
lineage,legacy,M0,426,4,0,0,0.0,4,0,0,1,0.0,0.07390482556668203,0.8946053966860539,0.031489777747264205
lineage,legacy,M0,427,3,0,0,0.0,3,0,0,0,0.0,0.07390482556668203,0.8946053966860539,0.031489777747264205
lineage,legacy,M0,428,3,0,0,0.0,3,0,0,0,0.0,0.07390482556668203,0.8946053966860539,0.031489777747264205
lineage,legacy,M0,429,3,0,0,0.0,3,0,0,0,0.0,0.07390482556668203,0.8946053966860539,0.031489777747264205
lineage,legacy,M0,430,3,0,0,0.0,3,0,0,0,0.0,0.07390482556668203,0.8946053966860539,0.031489777747264205
lineage,legacy,M0,431,3,0,0,0.0,3,0,0,0,0.0,0.07390482556668203,0.8946053966860539,0.031489777747264205
lineage,legacy,M0,432,3,0,0,0.0,3,0,0,0,0.0,0.07390482556668203,0.8946053966860539,0.031489777747264205
lineage,legacy,M0,433,3,0,0,0.0,3,0,0,0,0.0,0.07390482556668203,0.8946053966860539,0.031489777747264205
lineage,legacy,M0,434,3,0,0,0.0,3,0,0,0,0.0,0.07390482556668203,0.8946053966860539,0.031489777747264205
lineage,legacy,M0,435,3,0,0,0.0,3,0,0,0,0.0,0.07390482556668203,0.8946053966860539,0.031489777747264205
lineage,legacy,M0,436,3,0,0,0.0,3,0,0,0,0.0,0.07390482556668203,0.8946053966860539,0.031489777747264205
lineage,legacy,M0,437,3,0,0,0.0,3,0,0,0,0.0,0.07390482556668203,0.8946053966860539,0.031489777747264205
lineage,legacy,M0,438,3,0,0,0.0,3,0,0,0,0.0,0.07390482556668203,0.8946053966860539,0.031489777747264205
lineage,legacy,M0,439,3,0,0,0.0,3,0,0,0,0.0,0.07390482556668203,0.8946053966860539,0.031489777747264205
lineage,legacy,M0,440,3,0,0,0.0,3,0,0,0,0.0,0.07390482556668203,0.8946053966860539,0.031489777747264205
lineage,legacy,M0,441,3,0,0,0.0,3,0,0,0,0.0,0.07390482556668203,0.8946053966860539,0.031489777747264205
lineage,legacy,M0,442,3,0,0,0.0,3,0,0,0,0.0,0.07390482556668203,0.8946053966860539,0.031489777747264205
lineage,legacy,M0,443,3,0,0,0.0,3,0,0,0,0.0,0.07390482556668203,0.8946053966860539,0.031489777747264205
lineage,legacy,M0,444,3,0,0,0.0,3,0,0,0,0.0,0.07390482556668203,0.8946053966860539,0.031489777747264205
lineage,legacy,M0,445,3,0,0,0.0,3,0,0,0,0.0,0.07390482556668203,0.8946053966860539,0.031489777747264205
lineage,legacy,M0,446,3,0,0,0.0,3,0,0,0,0.0,0.07390482556668203,0.8946053966860539,0.031489777747264205
lineage,legacy,M0,447,3,0,0,0.0,3,0,0,0,0.0,0.07390482556668203,0.8946053966860539,0.031489777747264205
lineage,legacy,M0,448,3,0,0,0.0,3,0,0,0,0.0,0.07390482556668203,0.8946053966860539,0.031489777747264205
lineage,legacy,M0,449,3,0,0,0.0,3,0,0,0,0.0,0.07390482556668203,0.8946053966860539,0.031489777747264205
lineage,legacy,M0,450,3,0,0,0.0,3,0,0,0,0.0,0.07390482556668203,0.8946053966860539,0.031489777747264205
lineage,legacy,M0,451,3,0,0,0.0,3,0,0,0,0.0,0.07390482556668203,0.8946053966860539,0.031489777747264205
lineage,legacy,M0,452,3,0,0,0.0,3,0,0,0,0.0,0.07390482556668203,0.8946053966860539,0.031489777747264205
lineage,legacy,M0,453,3,0,0,0.0,3,0,0,0,0.0,0.07390482556668203,0.8946053966860539,0.031489777747264205
lineage,legacy,M0,454,3,0,0,0.0,3,0,0,0,0.0,0.07390482556668203,0.8946053966860539,0.031489777747264205
lineage,legacy,M0,455,3,0,0,0.0,3,0,0,0,0.0,0.07390482556668203,0.8946053966860539,0.031489777747264205
lineage,legacy,M0,456,3,0,0,0.0,3,0,0,0,0.0,0.07390482556668203,0.8946053966860539,0.031489777747264205
lineage,legacy,M0,457,3,0,0,0.0,3,0,0,0,0.0,0.07390482556668203,0.8946053966860539,0.031489777747264205
lineage,legacy,M0,458,3,0,0,0.0,3,0,0,0,0.0,0.07390482556668203,0.8946053966860539,0.031489777747264205
lineage,legacy,M0,459,3,0,0,0.0,3,0,0,0,0.0,0.07390482556668203,0.8946053966860539,0.031489777747264205
lineage,legacy,M0,460,3,0,0,0.0,3,0,0,0,0.0,0.07390482556668203,0.8946053966860539,0.031489777747264205
lineage,legacy,M0,461,3,0,0,0.0,3,0,0,0,0.0,0.07390482556668203,0.8946053966860539,0.031489777747264205
lineage,legacy,M0,462,3,0,0,0.0,3,0,0,0,0.0,0.07390482556668203,0.8946053966860539,0.031489777747264205
lineage,legacy,M0,463,3,0,0,0.0,3,0,0,0,0.0,0.07390482556668203,0.8946053966860539,0.031489777747264205
lineage,legacy,M0,464,3,0,0,0.0,3,0,0,0,0.0,0.07390482556668203,0.8946053966860539,0.031489777747264205
lineage,legacy,M0,465,3,0,0,0.0,3,0,0,0,0.0,0.07390482556668203,0.8946053966860539,0.031489777747264205
lineage,legacy,M0,466,3,0,0,0.0,3,0,0,1,0.0,0.07390482556668203,0.8946053966860539,0.031489777747264205
lineage,legacy,M0,467,2,0,0,0.0,2,0,0,0,0.0,0.07390482556668203,0.8946053966860539,0.031489777747264205
lineage,legacy,M0,468,2,0,0,0.0,2,0,0,0,0.0,0.07390482556668203,0.8946053966860539,0.031489777747264205
lineage,legacy,M0,469,2,0,0,0.0,2,0,0,0,0.0,0.07390482556668203,0.8946053966860539,0.031489777747264205
lineage,legacy,M0,470,2,0,0,0.0,2,0,0,0,0.0,0.07390482556668203,0.8946053966860539,0.031489777747264205
lineage,legacy,M0,471,2,0,0,0.0,2,0,0,0,0.0,0.07390482556668203,0.8946053966860539,0.031489777747264205
lineage,legacy,M0,472,2,0,0,0.0,2,0,0,0,0.0,0.07390482556668203,0.8946053966860539,0.031489777747264205
lineage,legacy,M0,473,2,0,0,0.0,2,0,0,0,0.0,0.07390482556668203,0.8946053966860539,0.031489777747264205
lineage,legacy,M0,474,2,0,0,0.0,2,0,0,0,0.0,0.07390482556668203,0.8946053966860539,0.031489777747264205
lineage,legacy,M0,475,2,0,0,0.0,2,0,0,0,0.0,0.07390482556668203,0.8946053966860539,0.031489777747264205
lineage,legacy,M0,476,2,0,0,0.0,2,0,0,0,0.0,0.07390482556668203,0.8946053966860539,0.031489777747264205
lineage,legacy,M0,477,2,0,0,0.0,2,0,0,0,0.0,0.07390482556668203,0.8946053966860539,0.031489777747264205
lineage,legacy,M0,478,2,0,0,0.0,2,0,0,0,0.0,0.07390482556668203,0.8946053966860539,0.031489777747264205
lineage,legacy,M0,479,2,0,0,0.0,2,0,0,0,0.0,0.07390482556668203,0.8946053966860539,0.031489777747264205
lineage,legacy,M0,480,2,0,0,0.0,2,0,0,0,0.0,0.07390482556668203,0.8946053966860539,0.031489777747264205
lineage,legacy,M0,481,2,0,0,0.0,2,0,0,0,0.0,0.07390482556668203,0.8946053966860539,0.031489777747264205
lineage,legacy,M0,482,2,0,0,0.0,2,0,0,0,0.0,0.07390482556668203,0.8946053966860539,0.031489777747264205
lineage,legacy,M0,483,2,0,0,0.0,2,0,0,0,0.0,0.07390482556668203,0.8946053966860539,0.031489777747264205
lineage,legacy,M0,484,2,0,0,0.0,2,0,0,0,0.0,0.07390482556668203,0.8946053966860539,0.031489777747264205
lineage,legacy,M0,485,2,0,0,0.0,2,0,0,0,0.0,0.07390482556668203,0.8946053966860539,0.031489777747264205
lineage,legacy,M0,486,2,0,0,0.0,2,0,0,0,0.0,0.07390482556668203,0.8946053966860539,0.031489777747264205
lineage,legacy,M0,487,2,0,0,0.0,2,0,0,0,0.0,0.07390482556668203,0.8946053966860539,0.031489777747264205
lineage,legacy,M0,488,2,0,0,0.0,2,0,0,0,0.0,0.07390482556668203,0.8946053966860539,0.031489777747264205
lineage,legacy,M0,489,2,0,0,0.0,2,0,0,0,0.0,0.07390482556668203,0.8946053966860539,0.031489777747264205
lineage,legacy,M0,490,2,0,0,0.0,2,0,0,0,0.0,0.07390482556668203,0.8946053966860539,0.031489777747264205
lineage,legacy,M0,491,2,0,0,0.0,2,0,0,0,0.0,0.07390482556668203,0.8946053966860539,0.031489777747264205
lineage,legacy,M0,492,2,0,0,0.0,2,0,0,0,0.0,0.07390482556668203,0.8946053966860539,0.031489777747264205
lineage,legacy,M0,493,2,0,0,0.0,2,0,0,0,0.0,0.07390482556668203,0.8946053966860539,0.031489777747264205
lineage,legacy,M0,494,2,0,0,0.0,2,0,0,0,0.0,0.07390482556668203,0.8946053966860539,0.031489777747264205
lineage,legacy,M0,495,2,0,0,0.0,2,0,0,0,0.0,0.07390482556668203,0.8946053966860539,0.031489777747264205
lineage,legacy,M0,496,2,0,0,0.0,2,0,0,0,0.0,0.07390482556668203,0.8946053966860539,0.031489777747264205
lineage,legacy,M0,497,2,0,0,0.0,2,0,0,0,0.0,0.07390482556668203,0.8946053966860539,0.031489777747264205
lineage,legacy,M0,498,2,0,0,0.0,2,0,0,0,0.0,0.07390482556668203,0.8946053966860539,0.031489777747264205
lineage,legacy,M0,499,2,0,0,0.0,2,0,0,1,0.0,0.07390482556668203,0.8946053966860539,0.031489777747264205
lineage,legacy,M0,500,1,0,0,0.0,1,0,0,0,0.0,0.07390482556668203,0.8946053966860539,0.031489777747264205
lineage,legacy,M0,501,1,0,0,0.0,1,0,0,0,0.0,0.07390482556668203,0.8946053966860539,0.031489777747264205
lineage,legacy,M0,502,1,0,0,0.0,1,0,0,0,0.0,0.07390482556668203,0.8946053966860539,0.031489777747264205
lineage,legacy,M0,503,1,0,0,0.0,1,0,0,0,0.0,0.07390482556668203,0.8946053966860539,0.031489777747264205
lineage,legacy,M0,504,1,0,0,0.0,1,0,0,0,0.0,0.07390482556668203,0.8946053966860539,0.031489777747264205
lineage,legacy,M0,505,1,0,0,0.0,1,0,0,0,0.0,0.07390482556668203,0.8946053966860539,0.031489777747264205
lineage,legacy,M0,506,1,0,0,0.0,1,0,0,0,0.0,0.07390482556668203,0.8946053966860539,0.031489777747264205
lineage,legacy,M0,507,1,0,0,0.0,1,0,0,0,0.0,0.07390482556668203,0.8946053966860539,0.031489777747264205
lineage,legacy,M0,508,1,0,0,0.0,1,0,0,0,0.0,0.07390482556668203,0.8946053966860539,0.031489777747264205
lineage,legacy,M0,509,1,0,0,0.0,1,0,0,0,0.0,0.07390482556668203,0.8946053966860539,0.031489777747264205
lineage,legacy,M0,510,1,0,0,0.0,1,0,0,0,0.0,0.07390482556668203,0.8946053966860539,0.031489777747264205
lineage,legacy,M0,511,1,0,0,0.0,1,0,0,0,0.0,0.07390482556668203,0.8946053966860539,0.031489777747264205
lineage,legacy,M0,512,1,0,0,0.0,1,0,0,0,0.0,0.07390482556668203,0.8946053966860539,0.031489777747264205
lineage,legacy,M0,513,1,0,0,0.0,1,0,0,0,0.0,0.07390482556668203,0.8946053966860539,0.031489777747264205
lineage,legacy,M0,514,1,0,0,0.0,1,0,0,0,0.0,0.07390482556668203,0.8946053966860539,0.031489777747264205
lineage,legacy,M0,515,1,0,0,0.0,1,0,0,0,0.0,0.07390482556668203,0.8946053966860539,0.031489777747264205
lineage,legacy,M0,516,1,0,0,0.0,1,0,0,0,0.0,0.07390482556668203,0.8946053966860539,0.031489777747264205
lineage,legacy,M0,517,1,0,0,0.0,1,0,0,0,0.0,0.07390482556668203,0.8946053966860539,0.031489777747264205
lineage,legacy,M0,518,1,0,0,0.0,1,0,0,0,0.0,0.07390482556668203,0.8946053966860539,0.031489777747264205
lineage,legacy,M0,519,1,0,0,0.0,1,0,0,0,0.0,0.07390482556668203,0.8946053966860539,0.031489777747264205
lineage,legacy,M0,520,1,0,0,0.0,1,0,0,0,0.0,0.07390482556668203,0.8946053966860539,0.031489777747264205
lineage,legacy,M0,521,1,0,0,0.0,1,0,0,1,0.0,0.07390482556668203,0.8946053966860539,0.031489777747264205
lineage,legacy,M0,522,0,0,0,0.0,0,0,0,0,0.0,0.07390482556668203,0.8946053966860539,0.031489777747264205
lineage,legacy,M0,523,0,0,0,0.0,0,0,0,0,0.0,0.07390482556668203,0.8946053966860539,0.031489777747264205
lineage,legacy,M0,524,0,0,0,0.0,0,0,0,0,0.0,0.07390482556668203,0.8946053966860539,0.031489777747264205
lineage,legacy,M0,525,0,0,0,0.0,0,0,0,0,0.0,0.07390482556668203,0.8946053966860539,0.031489777747264205
lineage,legacy,M0,526,0,0,0,0.0,0,0,0,0,0.0,0.07390482556668203,0.8946053966860539,0.031489777747264205
lineage,legacy,M0,527,0,0,0,0.0,0,0,0,0,0.0,0.07390482556668203,0.8946053966860539,0.031489777747264205
lineage,legacy,M0,528,0,0,0,0.0,0,0,0,0,0.0,0.07390482556668203,0.8946053966860539,0.031489777747264205
lineage,legacy,M0,529,0,0,0,0.0,0,0,0,0,0.0,0.07390482556668203,0.8946053966860539,0.031489777747264205
lineage,legacy,M0,530,0,0,0,0.0,0,0,0,0,0.0,0.07390482556668203,0.8946053966860539,0.031489777747264205
lineage,legacy,M0,531,0,0,0,0.0,0,0,0,0,0.0,0.07390482556668203,0.8946053966860539,0.031489777747264205
lineage,legacy,M0,532,0,0,0,0.0,0,0,0,0,0.0,0.07390482556668203,0.8946053966860539,0.031489777747264205
lineage,legacy,M0,533,0,0,0,0.0,0,0,0,0,0.0,0.07390482556668203,0.8946053966860539,0.031489777747264205
lineage,legacy,M0,534,0,0,0,0.0,0,0,0,0,0.0,0.07390482556668203,0.8946053966860539,0.031489777747264205
lineage,legacy,M0,535,0,0,0,0.0,0,0,0,0,0.0,0.07390482556668203,0.8946053966860539,0.031489777747264205
lineage,legacy,M0,536,0,0,0,0.0,0,0,0,0,0.0,0.07390482556668203,0.8946053966860539,0.031489777747264205
lineage,legacy,M0,537,0,0,0,0.0,0,0,0,0,0.0,0.07390482556668203,0.8946053966860539,0.031489777747264205
lineage,legacy,M0,538,0,0,0,0.0,0,0,0,0,0.0,0.07390482556668203,0.8946053966860539,0.031489777747264205
lineage,legacy,M0,539,0,0,0,0.0,0,0,0,0,0.0,0.07390482556668203,0.8946053966860539,0.031489777747264205
lineage,legacy,M0,540,0,0,0,0.0,0,0,0,0,0.0,0.07390482556668203,0.8946053966860539,0.031489777747264205
lineage,legacy,M0,541,0,0,0,0.0,0,0,0,0,0.0,0.07390482556668203,0.8946053966860539,0.031489777747264205
lineage,legacy,M1,1,8848,152,6,0.017179023508137433,8690,193,78,186,0.022209436133486766,0.021827899708047122,0.026000661732115026,0.9521714385598379
lineage,legacy,M1,2,8233,195,4,0.0236851694400583,8034,187,120,200,0.023276076674134928,0.04346578508061278,0.06243827762625986,0.8940959372931274
lineage,legacy,M1,3,7527,143,6,0.018998272884283247,7378,186,169,211,0.025210084033613446,0.06557779328292464,0.09951557443301007,0.8349066322840654
lineage,legacy,M1,4,6812,130,2,0.019083969465648856,6680,167,146,181,0.025,0.08605212577309686,0.13334862293991828,0.7805992512869849
lineage,legacy,M1,5,6186,133,3,0.02150016165535079,6050,157,143,165,0.025950413223140494,0.10587347285868598,0.16818547145890972,0.7259410556824044
lineage,legacy,M1,6,5585,109,3,0.019516562220232767,5473,128,147,138,0.023387538826968757,0.12252009578638971,0.20147095125889158,0.6760089529547187
lineage,legacy,M1,7,5060,67,1,0.013241106719367589,4992,114,153,139,0.02283653846153846,0.13775338794870046,0.23086673953447212,0.6313798725168275
lineage,legacy,M1,8,4586,67,2,0.014609681639773223,4517,94,139,137,0.020810272304626964,0.15070061568326898,0.25923636713703363,0.5900630171796974
lineage,legacy,M1,9,4147,69,1,0.01663853387991319,4077,93,159,99,0.022810890360559236,0.1639365260909137,0.2916832877882157,0.5443801861208707
lineage,legacy,M1,10,3726,44,1,0.011808910359634998,3681,74,120,94,0.020103232817169248,0.1747510933412001,0.31564896068922393,0.509599945969576
lineage,legacy,M1,11,3393,46,0,0.013557323902151489,3347,66,132,94,0.01971915147893636,0.18466373596837132,0.3423830574715948,0.4729532065600338
lineage,legacy,M1,12,3055,42,2,0.013747954173486088,3011,52,110,73,0.017270009963467288,0.19271935055243053,0.36592591964017224,0.44135472980739726
lineage,legacy,M1,13,2776,29,0,0.010446685878962535,2747,53,101,66,0.019293775027302514,0.2011457917195026,0.3865945489178962,0.4122596593626012
lineage,legacy,M1,14,2527,27,0,0.010684606252473288,2500,59,91,56,0.0236,0.21077116564209597,0.40584529676308295,0.3833835375948211
lineage,legacy,M1,15,2294,27,0,0.011769834350479512,2267,44,73,62,0.01940891045434495,0.21812464238759385,0.4225577439119418,0.3593176137004644
lineage,legacy,M1,16,2088,21,0,0.010057471264367816,2067,32,79,42,0.015481373971940009,0.2236314257393251,0.439766441886102,0.3366021323745729
lineage,legacy,M1,17,1914,16,0,0.008359456635318705,1898,22,78,50,0.011591148577449948,0.22750041576661903,0.45629758109363067,0.3162020031397503
lineage,legacy,M1,18,1748,12,0,0.006864988558352402,1736,29,56,38,0.016705069124423964,0.23274633000635173,0.46859834551783147,0.2986553244758168
lineage,legacy,M1,19,1613,14,0,0.008679479231246125,1599,34,73,33,0.021263289555972485,0.23904160652971054,0.4847068472099555,0.27625154626033394
lineage,legacy,M1,20,1459,9,0,0.00616860863605209,1450,33,42,36,0.022758620689655173,0.2452899280009861,0.4943633440291995,0.2603467279698144
lineage,legacy,M1,21,1339,8,0,0.00597460791635549,1331,20,31,29,0.015026296018031555,0.24917860205580034,0.5019462584360873,0.24887513950811233
lineage,legacy,M1,22,1251,7,0,0.005595523581135092,1244,17,35,23,0.013665594855305467,0.2525605983560704,0.5103017787073428,0.2371376229365866
lineage,legacy,M1,23,1169,3,0,0.0025662959794696323,1166,16,31,35,0.0137221269296741,0.2558062801071272,0.5171988524283384,0.22699486746453415
lineage,legacy,M1,24,1084,3,0,0.0027675276752767526,1081,9,31,19,0.008325624421831638,0.2576909238406888,0.5243186176440157,0.21799045851529522
lineage,legacy,M1,25,1022,6,0,0.005870841487279843,1016,9,19,22,0.008858267716535433,0.25961060498221294,0.5296510652593605,0.2107383297584263
lineage,legacy,M1,26,966,4,0,0.004140786749482402,962,11,22,24,0.011434511434511435,0.26201031681176024,0.5353231114019268,0.20266657178631264
lineage,legacy,M1,27,905,4,0,0.004419889502762431,901,12,27,21,0.013318534961154272,0.26469760837135775,0.5422652812642205,0.19303711036442153
lineage,legacy,M1,28,841,2,1,0.0023781212841854932,838,10,15,16,0.011933174224343675,0.2669956757305896,0.5461714479638635,0.1868328763055467
lineage,legacy,M1,29,797,1,0,0.0012547051442910915,796,8,24,18,0.010050251256281407,0.26887103709877574,0.5520319522394452,0.1790970106617788
lineage,legacy,M1,30,746,1,0,0.0013404825737265416,745,8,21,15,0.010738255033557046,0.2707916484731648,0.5573136335190152,0.17189471800781989
lineage,legacy,M1,31,701,0,0,0.0,701,9,13,12,0.012838801711840228,0.2729985706729799,0.5605014100298592,0.16650001929716077
lineage,legacy,M1,32,667,3,0,0.004497751124437781,664,5,11,17,0.007530120481927711,0.27424669675466773,0.5639961630585852,0.1617571401867469
lineage,legacy,M1,33,631,1,0,0.001584786053882726,630,8,13,11,0.012698412698412698,0.276297500433739,0.56758506949696,0.1561174300693009
lineage,legacy,M1,34,598,4,0,0.006688963210702341,594,7,16,7,0.011784511784511785,0.2781249619897342,0.5728063882283747,0.149068649781891
lineage,legacy,M1,35,564,1,0,0.0017730496453900709,563,7,6,11,0.012433392539964476,0.2799751048061761,0.5746565310448166,0.14536836414900717
lineage,legacy,M1,36,539,0,0,0.0,539,1,9,8,0.0018552875695732839,0.28024480492519094,0.5770838321159503,0.1426713629588586
lineage,legacy,M1,37,521,0,0,0.0,521,2,5,8,0.003838771593090211,0.2807924877004649,0.5784530390541351,0.14075447324539983
lineage,legacy,M1,38,506,0,0,0.0,506,2,7,4,0.003952569169960474,0.28134882949194867,0.5804002353243284,0.13825093518372275
lineage,legacy,M1,39,493,1,0,0.002028397565922921,492,4,4,9,0.008130081300813009,0.2824705409336016,0.5818023746263946,0.1357270844400037
lineage,legacy,M1,40,475,0,0,0.0,475,3,5,4,0.00631578947368421,0.2833277646248016,0.5832310807783947,0.13344115459680364
lineage,legacy,M1,41,463,0,0,0.0,463,2,7,8,0.004319654427645789,0.2839041842990858,0.5852485496383896,0.13084726606252453
lineage,legacy,M1,42,446,1,0,0.002242152466367713,445,3,1,4,0.006741573033707865,0.2847843228600445,0.5858353086790288,0.1293803684609267
lineage,legacy,M1,43,437,1,0,0.002288329519450801,436,1,4,4,0.0022935779816513763,0.2850803877764311,0.5873156332609616,0.12760397896260736
lineage,legacy,M1,44,427,0,0,0.0,427,2,2,6,0.00468384074941452,0.2856780644928836,0.5879133099774141,0.12640862552970236
lineage,legacy,M1,45,417,0,0,0.0,417,6,2,5,0.014388489208633094,0.2874968936371958,0.5885195863588515,0.12398352000395267
lineage,legacy,M1,46,404,0,0,0.0,404,1,5,3,0.0024752475247524753,0.2878037835381957,0.5900540358638509,0.12214218059795337
lineage,legacy,M1,47,395,0,0,0.0,395,1,3,9,0.002531645569620253,0.2881130042485703,0.5909816979949746,0.1209052977564551
lineage,legacy,M1,48,382,0,0,0.0,382,2,2,3,0.005235602094240838,0.2887460162787088,0.5916147100251131,0.11963927369617808
lineage,legacy,M1,49,375,0,0,0.0,375,1,1,1,0.0026666666666666666,0.28906505434189855,0.5919337480883029,0.11900119756979846
lineage,legacy,M1,50,372,0,0,0.0,372,0,2,4,0.0,0.28906505434189855,0.5925735394730868,0.1183614061850146
lineage,legacy,M1,51,366,1,0,0.00273224043715847,365,0,3,2,0.0,0.28906505434189855,0.5938671067537973,0.11706783890430406
lineage,legacy,M1,52,360,0,0,0.0,360,0,1,3,0.0,0.28906505434189855,0.5941922951951981,0.11674265046290322
lineage,legacy,M1,53,356,0,0,0.0,356,0,1,1,0.0,0.28906505434189855,0.5945202239886332,0.1164147216694681
lineage,legacy,M1,54,354,0,0,0.0,354,1,1,4,0.002824858757062147,0.2893939094878575,0.5948490791345922,0.1157570113775502
lineage,legacy,M1,55,348,0,0,0.0,348,0,0,4,0.0,0.2893939094878575,0.5948490791345922,0.1157570113775502
lineage,legacy,M1,56,344,0,0,0.0,344,1,2,4,0.0029069767441860465,0.2897304124279085,0.5955220850146942,0.11474750255739714
lineage,legacy,M1,57,337,0,0,0.0,337,0,0,0,0.0,0.2897304124279085,0.5955220850146942,0.11474750255739714
lineage,legacy,M1,58,337,0,0,0.0,337,1,0,4,0.002967359050445104,0.2900709094681381,0.5955220850146942,0.11440700551716748
lineage,legacy,M1,59,332,0,0,0.0,332,2,1,2,0.006024096385542169,0.2907601082965548,0.5958666844289026,0.11337320727454248
lineage,legacy,M1,60,327,0,0,0.0,327,2,2,3,0.0061162079510703364,0.2914535224083257,0.5965600985406735,0.11198637905100067
lineage,legacy,M1,61,320,0,0,0.0,320,1,1,2,0.003125,0.2918034798428601,0.5969100559752079,0.11128646418193192
lineage,legacy,M1,62,316,0,0,0.0,316,1,2,1,0.0031645569620253164,0.2921556521978662,0.5976144006852201,0.11022994711691357
lineage,legacy,M1,63,312,0,0,0.0,312,0,0,0,0.0,0.2921556521978662,0.5976144006852201,0.11022994711691357
lineage,legacy,M1,64,312,0,0,0.0,312,0,1,2,0.0,0.2921556521978662,0.5979677017977743,0.10987664600435937
lineage,legacy,M1,65,309,0,0,0.0,309,0,2,2,0.0,0.2921556521978662,0.5986788775000679,0.10916547030206578
lineage,legacy,M1,66,305,0,0,0.0,305,0,0,1,0.0,0.2921556521978662,0.5986788775000679,0.10916547030206578
lineage,legacy,M1,67,304,0,0,0.0,304,0,1,4,0.0,0.2921556521978662,0.599037974441851,0.10880637336028266
lineage,legacy,M1,68,299,0,0,0.0,299,0,2,0,0.0,0.2921556521978662,0.5997657762703479,0.1080785715317858
lineage,legacy,M1,69,297,0,0,0.0,297,0,0,2,0.0,0.2921556521978662,0.5997657762703479,0.1080785715317858
lineage,legacy,M1,70,295,0,0,0.0,295,0,1,1,0.0,0.2921556521978662,0.6001321443094387,0.107712203492695
lineage,legacy,M1,71,293,0,0,0.0,293,0,0,4,0.0,0.2921556521978662,0.6001321443094387,0.107712203492695
lineage,legacy,M1,72,289,0,0,0.0,289,0,0,3,0.0,0.2921556521978662,0.6001321443094387,0.107712203492695
lineage,legacy,M1,73,286,0,0,0.0,286,0,0,2,0.0,0.2921556521978662,0.6001321443094387,0.107712203492695
lineage,legacy,M1,74,284,0,0,0.0,284,0,1,2,0.0,0.2921556521978662,0.6005114126315961,0.10733293517053763
lineage,legacy,M1,75,281,0,0,0.0,281,0,0,1,0.0,0.2921556521978662,0.6005114126315961,0.10733293517053763
lineage,legacy,M1,76,280,0,0,0.0,280,0,0,1,0.0,0.2921556521978662,0.6005114126315961,0.10733293517053763
lineage,legacy,M1,77,279,1,0,0.0035842293906810036,278,0,0,2,0.0,0.2921556521978662,0.6008961184924224,0.10694822930971133
lineage,legacy,M1,78,276,0,0,0.0,276,0,0,2,0.0,0.2921556521978662,0.6008961184924224,0.10694822930971133
lineage,legacy,M1,79,274,0,0,0.0,274,1,1,2,0.0036496350364963502,0.29254597420264616,0.6012864404972024,0.1061675853001514
lineage,legacy,M1,80,270,0,0,0.0,270,0,0,3,0.0,0.29254597420264616,0.6012864404972024,0.1061675853001514
lineage,legacy,M1,81,267,0,0,0.0,267,0,1,2,0.0,0.29254597420264616,0.6016840719028209,0.10576995389453285
lineage,legacy,M1,82,264,0,0,0.0,264,0,0,1,0.0,0.29254597420264616,0.6016840719028209,0.10576995389453285
lineage,legacy,M1,83,263,0,0,0.0,263,0,1,1,0.0,0.29254597420264616,0.6020862390278952,0.10536778676945857
lineage,legacy,M1,84,261,0,0,0.0,261,0,0,1,0.0,0.29254597420264616,0.6020862390278952,0.10536778676945857
lineage,legacy,M1,85,260,0,0,0.0,260,0,0,0,0.0,0.29254597420264616,0.6020862390278952,0.10536778676945857
lineage,legacy,M1,86,260,0,0,0.0,260,0,0,1,0.0,0.29254597420264616,0.6020862390278952,0.10536778676945857
lineage,legacy,M1,87,259,0,0,0.0,259,0,0,2,0.0,0.29254597420264616,0.6020862390278952,0.10536778676945857
lineage,legacy,M1,88,257,0,0,0.0,257,2,0,2,0.007782101167315175,0.2933659569790622,0.6020862390278952,0.10454780399304256
lineage,legacy,M1,89,253,0,0,0.0,253,0,0,1,0.0,0.2933659569790622,0.6020862390278952,0.10454780399304256
lineage,legacy,M1,90,252,0,0,0.0,252,0,1,1,0.0,0.2933659569790622,0.6025011112659627,0.10413293175497493
lineage,legacy,M1,91,250,0,0,0.0,250,0,0,0,0.0,0.2933659569790622,0.6025011112659627,0.10413293175497493
lineage,legacy,M1,92,250,0,0,0.0,250,0,0,4,0.0,0.2933659569790622,0.6025011112659627,0.10413293175497493
lineage,legacy,M1,93,246,0,0,0.0,246,0,0,2,0.0,0.2933659569790622,0.6025011112659627,0.10413293175497493
lineage,legacy,M1,94,244,0,0,0.0,244,1,0,2,0.004098360655737705,0.2937927312895334,0.6025011112659627,0.10370615744450372
lineage,legacy,M1,95,241,0,0,0.0,241,0,0,2,0.0,0.2937927312895334,0.6025011112659627,0.10370615744450372
lineage,legacy,M1,96,239,0,0,0.0,239,0,0,1,0.0,0.2937927312895334,0.6025011112659627,0.10370615744450372
lineage,legacy,M1,97,238,0,0,0.0,238,0,0,0,0.0,0.2937927312895334,0.6025011112659627,0.10370615744450372
lineage,legacy,M1,98,238,0,0,0.0,238,0,0,0,0.0,0.2937927312895334,0.6025011112659627,0.10370615744450372
lineage,legacy,M1,99,238,0,0,0.0,238,0,0,2,0.0,0.2937927312895334,0.6025011112659627,0.10370615744450372
lineage,legacy,M1,100,236,0,0,0.0,236,0,0,2,0.0,0.2937927312895334,0.6025011112659627,0.10370615744450372
lineage,legacy,M1,101,234,0,0,0.0,234,0,0,0,0.0,0.2937927312895334,0.6025011112659627,0.10370615744450372
lineage,legacy,M1,102,234,0,0,0.0,234,0,0,1,0.0,0.2937927312895334,0.6025011112659627,0.10370615744450372
lineage,legacy,M1,103,233,0,0,0.0,233,0,0,0,0.0,0.2937927312895334,0.6025011112659627,0.10370615744450372
lineage,legacy,M1,104,233,0,0,0.0,233,0,0,0,0.0,0.2937927312895334,0.6025011112659627,0.10370615744450372
lineage,legacy,M1,105,233,0,0,0.0,233,0,0,1,0.0,0.2937927312895334,0.6025011112659627,0.10370615744450372
lineage,legacy,M1,106,232,0,0,0.0,232,0,0,0,0.0,0.2937927312895334,0.6025011112659627,0.10370615744450372
lineage,legacy,M1,107,232,0,0,0.0,232,0,0,1,0.0,0.2937927312895334,0.6025011112659627,0.10370615744450372
lineage,legacy,M1,108,231,0,0,0.0,231,0,0,3,0.0,0.2937927312895334,0.6025011112659627,0.10370615744450372
lineage,legacy,M1,109,228,0,0,0.0,228,0,0,0,0.0,0.2937927312895334,0.6025011112659627,0.10370615744450372
lineage,legacy,M1,110,228,0,0,0.0,228,0,0,1,0.0,0.2937927312895334,0.6025011112659627,0.10370615744450372
lineage,legacy,M1,111,227,0,0,0.0,227,0,0,0,0.0,0.2937927312895334,0.6025011112659627,0.10370615744450372
lineage,legacy,M1,112,227,0,0,0.0,227,0,0,1,0.0,0.2937927312895334,0.6025011112659627,0.10370615744450372
lineage,legacy,M1,113,226,0,0,0.0,226,0,0,1,0.0,0.2937927312895334,0.6025011112659627,0.10370615744450372
lineage,legacy,M1,114,225,0,0,0.0,225,0,0,0,0.0,0.2937927312895334,0.6025011112659627,0.10370615744450372
lineage,legacy,M1,115,225,0,0,0.0,225,0,0,0,0.0,0.2937927312895334,0.6025011112659627,0.10370615744450372
lineage,legacy,M1,116,225,0,0,0.0,225,0,0,2,0.0,0.2937927312895334,0.6025011112659627,0.10370615744450372
lineage,legacy,M1,117,223,0,0,0.0,223,0,0,1,0.0,0.2937927312895334,0.6025011112659627,0.10370615744450372
lineage,legacy,M1,118,222,0,0,0.0,222,0,0,0,0.0,0.2937927312895334,0.6025011112659627,0.10370615744450372
lineage,legacy,M1,119,222,0,0,0.0,222,0,0,0,0.0,0.2937927312895334,0.6025011112659627,0.10370615744450372
lineage,legacy,M1,120,222,0,0,0.0,222,0,0,1,0.0,0.2937927312895334,0.6025011112659627,0.10370615744450372
lineage,legacy,M1,121,221,0,0,0.0,221,0,0,1,0.0,0.2937927312895334,0.6025011112659627,0.10370615744450372
lineage,legacy,M1,122,220,0,0,0.0,220,0,0,1,0.0,0.2937927312895334,0.6025011112659627,0.10370615744450372
lineage,legacy,M1,123,219,0,0,0.0,219,0,0,0,0.0,0.2937927312895334,0.6025011112659627,0.10370615744450372
lineage,legacy,M1,124,219,0,0,0.0,219,0,0,1,0.0,0.2937927312895334,0.6025011112659627,0.10370615744450372
lineage,legacy,M1,125,218,0,0,0.0,218,0,0,3,0.0,0.2937927312895334,0.6025011112659627,0.10370615744450372
lineage,legacy,M1,126,215,0,0,0.0,215,0,0,4,0.0,0.2937927312895334,0.6025011112659627,0.10370615744450372
lineage,legacy,M1,127,211,0,0,0.0,211,0,0,0,0.0,0.2937927312895334,0.6025011112659627,0.10370615744450372
lineage,legacy,M1,128,211,0,0,0.0,211,0,0,4,0.0,0.2937927312895334,0.6025011112659627,0.10370615744450372
lineage,legacy,M1,129,207,0,0,0.0,207,0,0,3,0.0,0.2937927312895334,0.6025011112659627,0.10370615744450372
lineage,legacy,M1,130,204,0,0,0.0,204,0,0,2,0.0,0.2937927312895334,0.6025011112659627,0.10370615744450372
lineage,legacy,M1,131,202,0,0,0.0,202,0,0,1,0.0,0.2937927312895334,0.6025011112659627,0.10370615744450372
lineage,legacy,M1,132,201,0,0,0.0,201,0,0,4,0.0,0.2937927312895334,0.6025011112659627,0.10370615744450372
lineage,legacy,M1,133,197,0,0,0.0,197,0,0,2,0.0,0.2937927312895334,0.6025011112659627,0.10370615744450372
lineage,legacy,M1,134,195,0,0,0.0,195,0,0,1,0.0,0.2937927312895334,0.6025011112659627,0.10370615744450372
lineage,legacy,M1,135,194,0,0,0.0,194,0,1,0,0.0,0.2937927312895334,0.6030356790878416,0.10317158962262483
lineage,legacy,M1,136,193,0,0,0.0,193,0,0,0,0.0,0.2937927312895334,0.6030356790878416,0.10317158962262483
lineage,legacy,M1,137,193,0,0,0.0,193,0,0,4,0.0,0.2937927312895334,0.6030356790878416,0.10317158962262483
lineage,legacy,M1,138,189,0,0,0.0,189,0,0,1,0.0,0.2937927312895334,0.6030356790878416,0.10317158962262483
lineage,legacy,M1,139,188,0,0,0.0,188,0,0,1,0.0,0.2937927312895334,0.6030356790878416,0.10317158962262483
lineage,legacy,M1,140,187,0,0,0.0,187,0,0,1,0.0,0.2937927312895334,0.6030356790878416,0.10317158962262483
lineage,legacy,M1,141,186,0,0,0.0,186,0,0,0,0.0,0.2937927312895334,0.6030356790878416,0.10317158962262483
lineage,legacy,M1,142,186,0,0,0.0,186,0,0,0,0.0,0.2937927312895334,0.6030356790878416,0.10317158962262483
lineage,legacy,M1,143,186,0,0,0.0,186,0,0,0,0.0,0.2937927312895334,0.6030356790878416,0.10317158962262483
lineage,legacy,M1,144,186,0,0,0.0,186,0,0,1,0.0,0.2937927312895334,0.6030356790878416,0.10317158962262483
lineage,legacy,M1,145,185,0,0,0.0,185,0,0,0,0.0,0.2937927312895334,0.6030356790878416,0.10317158962262483
lineage,legacy,M1,146,185,0,0,0.0,185,0,0,1,0.0,0.2937927312895334,0.6030356790878416,0.10317158962262483
lineage,legacy,M1,147,184,0,0,0.0,184,0,0,0,0.0,0.2937927312895334,0.6030356790878416,0.10317158962262483
lineage,legacy,M1,148,184,0,0,0.0,184,0,1,0,0.0,0.2937927312895334,0.6035963942488342,0.1026108744616323
lineage,legacy,M1,149,183,0,0,0.0,183,0,0,3,0.0,0.2937927312895334,0.6035963942488342,0.1026108744616323
lineage,legacy,M1,150,180,0,0,0.0,180,0,0,1,0.0,0.2937927312895334,0.6035963942488342,0.1026108744616323
lineage,legacy,M1,151,179,0,0,0.0,179,0,0,1,0.0,0.2937927312895334,0.6035963942488342,0.1026108744616323
lineage,legacy,M1,152,178,0,0,0.0,178,0,0,1,0.0,0.2937927312895334,0.6035963942488342,0.1026108744616323
lineage,legacy,M1,153,177,0,0,0.0,177,0,0,0,0.0,0.2937927312895334,0.6035963942488342,0.1026108744616323
lineage,legacy,M1,154,177,0,0,0.0,177,0,0,1,0.0,0.2937927312895334,0.6035963942488342,0.1026108744616323
lineage,legacy,M1,155,176,0,0,0.0,176,0,0,2,0.0,0.2937927312895334,0.6035963942488342,0.1026108744616323
lineage,legacy,M1,156,174,0,0,0.0,174,0,0,1,0.0,0.2937927312895334,0.6035963942488342,0.1026108744616323
lineage,legacy,M1,157,173,0,0,0.0,173,0,0,0,0.0,0.2937927312895334,0.6035963942488342,0.1026108744616323
lineage,legacy,M1,158,173,0,0,0.0,173,0,0,2,0.0,0.2937927312895334,0.6035963942488342,0.1026108744616323
lineage,legacy,M1,159,171,0,0,0.0,171,0,0,1,0.0,0.2937927312895334,0.6035963942488342,0.1026108744616323
lineage,legacy,M1,160,170,0,0,0.0,170,0,0,0,0.0,0.2937927312895334,0.6035963942488342,0.1026108744616323
lineage,legacy,M1,161,170,0,0,0.0,170,0,0,0,0.0,0.2937927312895334,0.6035963942488342,0.1026108744616323
lineage,legacy,M1,162,170,0,0,0.0,170,0,0,1,0.0,0.2937927312895334,0.6035963942488342,0.1026108744616323
lineage,legacy,M1,163,169,0,0,0.0,169,0,0,1,0.0,0.2937927312895334,0.6035963942488342,0.1026108744616323
lineage,legacy,M1,164,168,0,0,0.0,168,0,0,0,0.0,0.2937927312895334,0.6035963942488342,0.1026108744616323
lineage,legacy,M1,165,168,0,0,0.0,168,0,0,0,0.0,0.2937927312895334,0.6035963942488342,0.1026108744616323
lineage,legacy,M1,166,168,0,0,0.0,168,0,0,1,0.0,0.2937927312895334,0.6035963942488342,0.1026108744616323
lineage,legacy,M1,167,167,0,0,0.0,167,0,0,0,0.0,0.2937927312895334,0.6035963942488342,0.1026108744616323
lineage,legacy,M1,168,167,0,0,0.0,167,0,0,1,0.0,0.2937927312895334,0.6035963942488342,0.1026108744616323
lineage,legacy,M1,169,166,0,0,0.0,166,0,0,0,0.0,0.2937927312895334,0.6035963942488342,0.1026108744616323
lineage,legacy,M1,170,166,0,0,0.0,166,0,0,1,0.0,0.2937927312895334,0.6035963942488342,0.1026108744616323
lineage,legacy,M1,171,165,0,0,0.0,165,0,0,0,0.0,0.2937927312895334,0.6035963942488342,0.1026108744616323
lineage,legacy,M1,172,165,0,0,0.0,165,0,0,0,0.0,0.2937927312895334,0.6035963942488342,0.1026108744616323
lineage,legacy,M1,173,165,0,0,0.0,165,0,0,2,0.0,0.2937927312895334,0.6035963942488342,0.1026108744616323
lineage,legacy,M1,174,163,0,0,0.0,163,0,0,2,0.0,0.2937927312895334,0.6035963942488342,0.1026108744616323
lineage,legacy,M1,175,161,0,0,0.0,161,0,0,1,0.0,0.2937927312895334,0.6035963942488342,0.1026108744616323
lineage,legacy,M1,176,160,0,0,0.0,160,0,0,1,0.0,0.2937927312895334,0.6035963942488342,0.1026108744616323
lineage,legacy,M1,177,159,0,0,0.0,159,0,0,2,0.0,0.2937927312895334,0.6035963942488342,0.1026108744616323
lineage,legacy,M1,178,157,0,0,0.0,157,0,0,2,0.0,0.2937927312895334,0.6035963942488342,0.1026108744616323
lineage,legacy,M1,179,155,0,0,0.0,155,0,0,0,0.0,0.2937927312895334,0.6035963942488342,0.1026108744616323
lineage,legacy,M1,180,155,0,0,0.0,155,0,0,1,0.0,0.2937927312895334,0.6035963942488342,0.1026108744616323
lineage,legacy,M1,181,154,0,0,0.0,154,0,0,0,0.0,0.2937927312895334,0.6035963942488342,0.1026108744616323
lineage,legacy,M1,182,154,0,0,0.0,154,0,0,1,0.0,0.2937927312895334,0.6035963942488342,0.1026108744616323
lineage,legacy,M1,183,153,0,0,0.0,153,0,0,1,0.0,0.2937927312895334,0.6035963942488342,0.1026108744616323
lineage,legacy,M1,184,152,0,0,0.0,152,0,0,0,0.0,0.2937927312895334,0.6035963942488342,0.1026108744616323
lineage,legacy,M1,185,152,0,0,0.0,152,0,0,0,0.0,0.2937927312895334,0.6035963942488342,0.1026108744616323
lineage,legacy,M1,186,152,0,0,0.0,152,0,0,0,0.0,0.2937927312895334,0.6035963942488342,0.1026108744616323
lineage,legacy,M1,187,152,0,0,0.0,152,0,0,1,0.0,0.2937927312895334,0.6035963942488342,0.1026108744616323
lineage,legacy,M1,188,151,0,0,0.0,151,0,0,2,0.0,0.2937927312895334,0.6035963942488342,0.1026108744616323
lineage,legacy,M1,189,149,0,0,0.0,149,0,0,0,0.0,0.2937927312895334,0.6035963942488342,0.1026108744616323
lineage,legacy,M1,190,149,0,0,0.0,149,0,0,1,0.0,0.2937927312895334,0.6035963942488342,0.1026108744616323
lineage,legacy,M1,191,148,0,0,0.0,148,0,0,1,0.0,0.2937927312895334,0.6035963942488342,0.1026108744616323
lineage,legacy,M1,192,147,0,0,0.0,147,0,0,1,0.0,0.2937927312895334,0.6035963942488342,0.1026108744616323
lineage,legacy,M1,193,146,0,0,0.0,146,0,0,1,0.0,0.2937927312895334,0.6035963942488342,0.1026108744616323
lineage,legacy,M1,194,145,0,0,0.0,145,0,0,1,0.0,0.2937927312895334,0.6035963942488342,0.1026108744616323
lineage,legacy,M1,195,144,0,0,0.0,144,0,0,0,0.0,0.2937927312895334,0.6035963942488342,0.1026108744616323
lineage,legacy,M1,196,144,0,0,0.0,144,0,0,0,0.0,0.2937927312895334,0.6035963942488342,0.1026108744616323
lineage,legacy,M1,197,144,0,0,0.0,144,0,0,2,0.0,0.2937927312895334,0.6035963942488342,0.1026108744616323
lineage,legacy,M1,198,142,0,0,0.0,142,0,0,1,0.0,0.2937927312895334,0.6035963942488342,0.1026108744616323
lineage,legacy,M1,199,141,0,0,0.0,141,0,0,1,0.0,0.2937927312895334,0.6035963942488342,0.1026108744616323
lineage,legacy,M1,200,140,0,0,0.0,140,0,0,1,0.0,0.2937927312895334,0.6035963942488342,0.1026108744616323
lineage,legacy,M1,201,139,0,0,0.0,139,0,0,1,0.0,0.2937927312895334,0.6035963942488342,0.1026108744616323
lineage,legacy,M1,202,138,0,0,0.0,138,0,0,0,0.0,0.2937927312895334,0.6035963942488342,0.1026108744616323
lineage,legacy,M1,203,138,0,0,0.0,138,0,0,0,0.0,0.2937927312895334,0.6035963942488342,0.1026108744616323
lineage,legacy,M1,204,138,0,0,0.0,138,0,0,4,0.0,0.2937927312895334,0.6035963942488342,0.1026108744616323
lineage,legacy,M1,205,134,0,0,0.0,134,0,0,1,0.0,0.2937927312895334,0.6035963942488342,0.1026108744616323
lineage,legacy,M1,206,133,0,0,0.0,133,0,0,1,0.0,0.2937927312895334,0.6035963942488342,0.1026108744616323
lineage,legacy,M1,207,132,0,0,0.0,132,0,0,0,0.0,0.2937927312895334,0.6035963942488342,0.1026108744616323
lineage,legacy,M1,208,132,0,0,0.0,132,0,0,0,0.0,0.2937927312895334,0.6035963942488342,0.1026108744616323
lineage,legacy,M1,209,132,0,0,0.0,132,0,0,0,0.0,0.2937927312895334,0.6035963942488342,0.1026108744616323
lineage,legacy,M1,210,132,0,0,0.0,132,0,0,3,0.0,0.2937927312895334,0.6035963942488342,0.1026108744616323
lineage,legacy,M1,211,129,0,0,0.0,129,0,0,0,0.0,0.2937927312895334,0.6035963942488342,0.1026108744616323
lineage,legacy,M1,212,129,0,0,0.0,129,0,0,0,0.0,0.2937927312895334,0.6035963942488342,0.1026108744616323
lineage,legacy,M1,213,129,0,0,0.0,129,0,0,0,0.0,0.2937927312895334,0.6035963942488342,0.1026108744616323
lineage,legacy,M1,214,129,0,0,0.0,129,0,0,0,0.0,0.2937927312895334,0.6035963942488342,0.1026108744616323
lineage,legacy,M1,215,129,0,0,0.0,129,0,0,1,0.0,0.2937927312895334,0.6035963942488342,0.1026108744616323
lineage,legacy,M1,216,128,0,0,0.0,128,0,0,1,0.0,0.2937927312895334,0.6035963942488342,0.1026108744616323
lineage,legacy,M1,217,127,0,0,0.0,127,0,0,2,0.0,0.2937927312895334,0.6035963942488342,0.1026108744616323
lineage,legacy,M1,218,125,0,0,0.0,125,0,0,0,0.0,0.2937927312895334,0.6035963942488342,0.1026108744616323
lineage,legacy,M1,219,125,0,0,0.0,125,0,0,1,0.0,0.2937927312895334,0.6035963942488342,0.1026108744616323
lineage,legacy,M1,220,124,0,0,0.0,124,0,0,1,0.0,0.2937927312895334,0.6035963942488342,0.1026108744616323
lineage,legacy,M1,221,123,0,0,0.0,123,0,0,0,0.0,0.2937927312895334,0.6035963942488342,0.1026108744616323
lineage,legacy,M1,222,123,0,0,0.0,123,0,0,0,0.0,0.2937927312895334,0.6035963942488342,0.1026108744616323
lineage,legacy,M1,223,123,0,0,0.0,123,0,0,3,0.0,0.2937927312895334,0.6035963942488342,0.1026108744616323
lineage,legacy,M1,224,120,0,0,0.0,120,0,0,0,0.0,0.2937927312895334,0.6035963942488342,0.1026108744616323
lineage,legacy,M1,225,120,0,0,0.0,120,0,0,2,0.0,0.2937927312895334,0.6035963942488342,0.1026108744616323
lineage,legacy,M1,226,118,0,0,0.0,118,0,0,0,0.0,0.2937927312895334,0.6035963942488342,0.1026108744616323
lineage,legacy,M1,227,118,0,0,0.0,118,0,0,0,0.0,0.2937927312895334,0.6035963942488342,0.1026108744616323
lineage,legacy,M1,228,118,0,0,0.0,118,0,0,0,0.0,0.2937927312895334,0.6035963942488342,0.1026108744616323
lineage,legacy,M1,229,118,0,0,0.0,118,0,0,0,0.0,0.2937927312895334,0.6035963942488342,0.1026108744616323
lineage,legacy,M1,230,118,0,0,0.0,118,0,0,1,0.0,0.2937927312895334,0.6035963942488342,0.1026108744616323
lineage,legacy,M1,231,117,0,0,0.0,117,0,0,1,0.0,0.2937927312895334,0.6035963942488342,0.1026108744616323
lineage,legacy,M1,232,116,0,0,0.0,116,0,0,1,0.0,0.2937927312895334,0.6035963942488342,0.1026108744616323
lineage,legacy,M1,233,115,0,0,0.0,115,0,0,2,0.0,0.2937927312895334,0.6035963942488342,0.1026108744616323
lineage,legacy,M1,234,113,0,0,0.0,113,0,0,1,0.0,0.2937927312895334,0.6035963942488342,0.1026108744616323
lineage,legacy,M1,235,112,0,0,0.0,112,0,0,1,0.0,0.2937927312895334,0.6035963942488342,0.1026108744616323
lineage,legacy,M1,236,111,0,0,0.0,111,0,0,0,0.0,0.2937927312895334,0.6035963942488342,0.1026108744616323
lineage,legacy,M1,237,111,0,0,0.0,111,0,0,0,0.0,0.2937927312895334,0.6035963942488342,0.1026108744616323
lineage,legacy,M1,238,111,0,0,0.0,111,0,0,1,0.0,0.2937927312895334,0.6035963942488342,0.1026108744616323
lineage,legacy,M1,239,110,0,0,0.0,110,0,0,1,0.0,0.2937927312895334,0.6035963942488342,0.1026108744616323
lineage,legacy,M1,240,109,0,0,0.0,109,0,0,2,0.0,0.2937927312895334,0.6035963942488342,0.1026108744616323
lineage,legacy,M1,241,107,0,0,0.0,107,0,0,1,0.0,0.2937927312895334,0.6035963942488342,0.1026108744616323
lineage,legacy,M1,242,106,0,0,0.0,106,0,0,1,0.0,0.2937927312895334,0.6035963942488342,0.1026108744616323
lineage,legacy,M1,243,105,0,0,0.0,105,0,0,0,0.0,0.2937927312895334,0.6035963942488342,0.1026108744616323
lineage,legacy,M1,244,105,0,0,0.0,105,0,0,2,0.0,0.2937927312895334,0.6035963942488342,0.1026108744616323
lineage,legacy,M1,245,103,0,0,0.0,103,0,0,0,0.0,0.2937927312895334,0.6035963942488342,0.1026108744616323
lineage,legacy,M1,246,103,0,0,0.0,103,0,0,2,0.0,0.2937927312895334,0.6035963942488342,0.1026108744616323
lineage,legacy,M1,247,101,0,0,0.0,101,0,0,1,0.0,0.2937927312895334,0.6035963942488342,0.1026108744616323
lineage,legacy,M1,248,100,0,0,0.0,100,0,0,1,0.0,0.2937927312895334,0.6035963942488342,0.1026108744616323
lineage,legacy,M1,249,99,0,0,0.0,99,0,0,0,0.0,0.2937927312895334,0.6035963942488342,0.1026108744616323
lineage,legacy,M1,250,99,0,0,0.0,99,0,0,1,0.0,0.2937927312895334,0.6035963942488342,0.1026108744616323
lineage,legacy,M1,251,98,0,0,0.0,98,0,0,1,0.0,0.2937927312895334,0.6035963942488342,0.1026108744616323
lineage,legacy,M1,252,97,0,0,0.0,97,0,0,1,0.0,0.2937927312895334,0.6035963942488342,0.1026108744616323
lineage,legacy,M1,253,96,0,0,0.0,96,0,0,2,0.0,0.2937927312895334,0.6035963942488342,0.1026108744616323
lineage,legacy,M1,254,94,0,0,0.0,94,0,0,0,0.0,0.2937927312895334,0.6035963942488342,0.1026108744616323
lineage,legacy,M1,255,94,0,0,0.0,94,0,0,2,0.0,0.2937927312895334,0.6035963942488342,0.1026108744616323
lineage,legacy,M1,256,92,0,0,0.0,92,0,0,1,0.0,0.2937927312895334,0.6035963942488342,0.1026108744616323
lineage,legacy,M1,257,91,0,0,0.0,91,0,0,1,0.0,0.2937927312895334,0.6035963942488342,0.1026108744616323
lineage,legacy,M1,258,90,0,0,0.0,90,0,0,2,0.0,0.2937927312895334,0.6035963942488342,0.1026108744616323
lineage,legacy,M1,259,88,0,0,0.0,88,0,0,0,0.0,0.2937927312895334,0.6035963942488342,0.1026108744616323
lineage,legacy,M1,260,88,0,0,0.0,88,0,0,1,0.0,0.2937927312895334,0.6035963942488342,0.1026108744616323
lineage,legacy,M1,261,87,0,0,0.0,87,0,0,1,0.0,0.2937927312895334,0.6035963942488342,0.1026108744616323
lineage,legacy,M1,262,86,0,0,0.0,86,0,0,2,0.0,0.2937927312895334,0.6035963942488342,0.1026108744616323
lineage,legacy,M1,263,84,0,0,0.0,84,0,0,0,0.0,0.2937927312895334,0.6035963942488342,0.1026108744616323
lineage,legacy,M1,264,84,0,0,0.0,84,0,0,2,0.0,0.2937927312895334,0.6035963942488342,0.1026108744616323
lineage,legacy,M1,265,82,0,0,0.0,82,0,0,0,0.0,0.2937927312895334,0.6035963942488342,0.1026108744616323
lineage,legacy,M1,266,82,0,0,0.0,82,0,0,0,0.0,0.2937927312895334,0.6035963942488342,0.1026108744616323
lineage,legacy,M1,267,82,0,0,0.0,82,0,0,0,0.0,0.2937927312895334,0.6035963942488342,0.1026108744616323
lineage,legacy,M1,268,82,0,0,0.0,82,0,0,0,0.0,0.2937927312895334,0.6035963942488342,0.1026108744616323
lineage,legacy,M1,269,82,0,0,0.0,82,0,0,3,0.0,0.2937927312895334,0.6035963942488342,0.1026108744616323
lineage,legacy,M1,270,79,0,0,0.0,79,0,0,0,0.0,0.2937927312895334,0.6035963942488342,0.1026108744616323
lineage,legacy,M1,271,79,0,0,0.0,79,0,0,1,0.0,0.2937927312895334,0.6035963942488342,0.1026108744616323
lineage,legacy,M1,272,78,0,0,0.0,78,0,0,0,0.0,0.2937927312895334,0.6035963942488342,0.1026108744616323
lineage,legacy,M1,273,78,0,0,0.0,78,0,0,1,0.0,0.2937927312895334,0.6035963942488342,0.1026108744616323
lineage,legacy,M1,274,77,0,0,0.0,77,0,0,4,0.0,0.2937927312895334,0.6035963942488342,0.1026108744616323
lineage,legacy,M1,275,73,0,0,0.0,73,0,0,0,0.0,0.2937927312895334,0.6035963942488342,0.1026108744616323
lineage,legacy,M1,276,73,0,0,0.0,73,0,0,1,0.0,0.2937927312895334,0.6035963942488342,0.1026108744616323
lineage,legacy,M1,277,72,0,0,0.0,72,0,0,0,0.0,0.2937927312895334,0.6035963942488342,0.1026108744616323
lineage,legacy,M1,278,72,0,0,0.0,72,0,0,0,0.0,0.2937927312895334,0.6035963942488342,0.1026108744616323
lineage,legacy,M1,279,72,0,0,0.0,72,0,0,0,0.0,0.2937927312895334,0.6035963942488342,0.1026108744616323
lineage,legacy,M1,280,72,0,0,0.0,72,0,0,0,0.0,0.2937927312895334,0.6035963942488342,0.1026108744616323
lineage,legacy,M1,281,72,0,0,0.0,72,0,0,0,0.0,0.2937927312895334,0.6035963942488342,0.1026108744616323
lineage,legacy,M1,282,72,0,0,0.0,72,0,0,2,0.0,0.2937927312895334,0.6035963942488342,0.1026108744616323
lineage,legacy,M1,283,70,0,0,0.0,70,0,0,0,0.0,0.2937927312895334,0.6035963942488342,0.1026108744616323
lineage,legacy,M1,284,70,0,0,0.0,70,0,0,0,0.0,0.2937927312895334,0.6035963942488342,0.1026108744616323
lineage,legacy,M1,285,70,0,0,0.0,70,0,0,0,0.0,0.2937927312895334,0.6035963942488342,0.1026108744616323
lineage,legacy,M1,286,70,0,0,0.0,70,0,0,1,0.0,0.2937927312895334,0.6035963942488342,0.1026108744616323
lineage,legacy,M1,287,69,0,0,0.0,69,0,0,0,0.0,0.2937927312895334,0.6035963942488342,0.1026108744616323
lineage,legacy,M1,288,69,0,0,0.0,69,0,0,1,0.0,0.2937927312895334,0.6035963942488342,0.1026108744616323
lineage,legacy,M1,289,68,0,0,0.0,68,0,0,0,0.0,0.2937927312895334,0.6035963942488342,0.1026108744616323
lineage,legacy,M1,290,68,0,0,0.0,68,0,0,1,0.0,0.2937927312895334,0.6035963942488342,0.1026108744616323
lineage,legacy,M1,291,67,0,0,0.0,67,0,0,2,0.0,0.2937927312895334,0.6035963942488342,0.1026108744616323
lineage,legacy,M1,292,65,0,0,0.0,65,0,0,1,0.0,0.2937927312895334,0.6035963942488342,0.1026108744616323
lineage,legacy,M1,293,64,0,0,0.0,64,0,0,0,0.0,0.2937927312895334,0.6035963942488342,0.1026108744616323
lineage,legacy,M1,294,64,0,0,0.0,64,0,0,2,0.0,0.2937927312895334,0.6035963942488342,0.1026108744616323
lineage,legacy,M1,295,62,0,0,0.0,62,0,0,1,0.0,0.2937927312895334,0.6035963942488342,0.1026108744616323
lineage,legacy,M1,296,61,0,0,0.0,61,0,0,0,0.0,0.2937927312895334,0.6035963942488342,0.1026108744616323
lineage,legacy,M1,297,61,0,0,0.0,61,0,0,2,0.0,0.2937927312895334,0.6035963942488342,0.1026108744616323
lineage,legacy,M1,298,59,0,0,0.0,59,0,0,0,0.0,0.2937927312895334,0.6035963942488342,0.1026108744616323
lineage,legacy,M1,299,59,0,0,0.0,59,0,0,0,0.0,0.2937927312895334,0.6035963942488342,0.1026108744616323
lineage,legacy,M1,300,59,0,0,0.0,59,0,0,0,0.0,0.2937927312895334,0.6035963942488342,0.1026108744616323
lineage,legacy,M1,301,59,0,0,0.0,59,0,0,0,0.0,0.2937927312895334,0.6035963942488342,0.1026108744616323
lineage,legacy,M1,302,59,0,0,0.0,59,0,0,1,0.0,0.2937927312895334,0.6035963942488342,0.1026108744616323
lineage,legacy,M1,303,58,0,0,0.0,58,0,0,1,0.0,0.2937927312895334,0.6035963942488342,0.1026108744616323
lineage,legacy,M1,304,57,0,0,0.0,57,0,0,1,0.0,0.2937927312895334,0.6035963942488342,0.1026108744616323
lineage,legacy,M1,305,56,0,0,0.0,56,0,0,1,0.0,0.2937927312895334,0.6035963942488342,0.1026108744616323
lineage,legacy,M1,306,55,0,0,0.0,55,0,0,0,0.0,0.2937927312895334,0.6035963942488342,0.1026108744616323
lineage,legacy,M1,307,55,0,0,0.0,55,0,0,0,0.0,0.2937927312895334,0.6035963942488342,0.1026108744616323
lineage,legacy,M1,308,55,0,0,0.0,55,0,0,0,0.0,0.2937927312895334,0.6035963942488342,0.1026108744616323
lineage,legacy,M1,309,55,0,0,0.0,55,0,0,0,0.0,0.2937927312895334,0.6035963942488342,0.1026108744616323
lineage,legacy,M1,310,55,0,0,0.0,55,0,0,0,0.0,0.2937927312895334,0.6035963942488342,0.1026108744616323
lineage,legacy,M1,311,55,0,0,0.0,55,0,0,1,0.0,0.2937927312895334,0.6035963942488342,0.1026108744616323
lineage,legacy,M1,312,54,0,0,0.0,54,0,0,0,0.0,0.2937927312895334,0.6035963942488342,0.1026108744616323
lineage,legacy,M1,313,54,0,0,0.0,54,0,0,3,0.0,0.2937927312895334,0.6035963942488342,0.1026108744616323
lineage,legacy,M1,314,51,0,0,0.0,51,0,0,0,0.0,0.2937927312895334,0.6035963942488342,0.1026108744616323
lineage,legacy,M1,315,51,0,0,0.0,51,0,0,0,0.0,0.2937927312895334,0.6035963942488342,0.1026108744616323
lineage,legacy,M1,316,51,0,0,0.0,51,0,0,0,0.0,0.2937927312895334,0.6035963942488342,0.1026108744616323
lineage,legacy,M1,317,51,0,0,0.0,51,0,0,1,0.0,0.2937927312895334,0.6035963942488342,0.1026108744616323
lineage,legacy,M1,318,50,0,0,0.0,50,0,0,0,0.0,0.2937927312895334,0.6035963942488342,0.1026108744616323
lineage,legacy,M1,319,50,0,0,0.0,50,0,0,0,0.0,0.2937927312895334,0.6035963942488342,0.1026108744616323
lineage,legacy,M1,320,50,0,0,0.0,50,0,0,2,0.0,0.2937927312895334,0.6035963942488342,0.1026108744616323
lineage,legacy,M1,321,48,0,0,0.0,48,0,0,0,0.0,0.2937927312895334,0.6035963942488342,0.1026108744616323
lineage,legacy,M1,322,48,0,0,0.0,48,0,0,0,0.0,0.2937927312895334,0.6035963942488342,0.1026108744616323
lineage,legacy,M1,323,48,0,0,0.0,48,0,0,1,0.0,0.2937927312895334,0.6035963942488342,0.1026108744616323
lineage,legacy,M1,324,47,0,0,0.0,47,0,0,0,0.0,0.2937927312895334,0.6035963942488342,0.1026108744616323
lineage,legacy,M1,325,47,0,0,0.0,47,0,0,0,0.0,0.2937927312895334,0.6035963942488342,0.1026108744616323
lineage,legacy,M1,326,47,0,0,0.0,47,0,0,1,0.0,0.2937927312895334,0.6035963942488342,0.1026108744616323
lineage,legacy,M1,327,46,0,0,0.0,46,0,0,0,0.0,0.2937927312895334,0.6035963942488342,0.1026108744616323
lineage,legacy,M1,328,46,0,0,0.0,46,0,0,2,0.0,0.2937927312895334,0.6035963942488342,0.1026108744616323
lineage,legacy,M1,329,44,0,0,0.0,44,0,0,0,0.0,0.2937927312895334,0.6035963942488342,0.1026108744616323
lineage,legacy,M1,330,44,0,0,0.0,44,0,0,0,0.0,0.2937927312895334,0.6035963942488342,0.1026108744616323
lineage,legacy,M1,331,44,0,0,0.0,44,0,0,1,0.0,0.2937927312895334,0.6035963942488342,0.1026108744616323
lineage,legacy,M1,332,43,0,0,0.0,43,0,0,0,0.0,0.2937927312895334,0.6035963942488342,0.1026108744616323
lineage,legacy,M1,333,43,0,0,0.0,43,0,0,1,0.0,0.2937927312895334,0.6035963942488342,0.1026108744616323
lineage,legacy,M1,334,42,0,0,0.0,42,0,0,1,0.0,0.2937927312895334,0.6035963942488342,0.1026108744616323
lineage,legacy,M1,335,41,0,0,0.0,41,0,0,1,0.0,0.2937927312895334,0.6035963942488342,0.1026108744616323
lineage,legacy,M1,336,40,0,0,0.0,40,0,0,2,0.0,0.2937927312895334,0.6035963942488342,0.1026108744616323
lineage,legacy,M1,337,38,0,0,0.0,38,0,0,0,0.0,0.2937927312895334,0.6035963942488342,0.1026108744616323
lineage,legacy,M1,338,38,0,0,0.0,38,0,0,1,0.0,0.2937927312895334,0.6035963942488342,0.1026108744616323
lineage,legacy,M1,339,37,0,0,0.0,37,0,0,0,0.0,0.2937927312895334,0.6035963942488342,0.1026108744616323
lineage,legacy,M1,340,37,0,0,0.0,37,0,0,0,0.0,0.2937927312895334,0.6035963942488342,0.1026108744616323
lineage,legacy,M1,341,37,0,0,0.0,37,0,0,0,0.0,0.2937927312895334,0.6035963942488342,0.1026108744616323
lineage,legacy,M1,342,37,0,0,0.0,37,0,0,0,0.0,0.2937927312895334,0.6035963942488342,0.1026108744616323
lineage,legacy,M1,343,37,0,0,0.0,37,0,0,0,0.0,0.2937927312895334,0.6035963942488342,0.1026108744616323
lineage,legacy,M1,344,37,0,0,0.0,37,0,0,1,0.0,0.2937927312895334,0.6035963942488342,0.1026108744616323
lineage,legacy,M1,345,36,0,0,0.0,36,0,0,0,0.0,0.2937927312895334,0.6035963942488342,0.1026108744616323
lineage,legacy,M1,346,36,0,0,0.0,36,0,0,0,0.0,0.2937927312895334,0.6035963942488342,0.1026108744616323
lineage,legacy,M1,347,36,0,0,0.0,36,0,0,0,0.0,0.2937927312895334,0.6035963942488342,0.1026108744616323
lineage,legacy,M1,348,36,0,0,0.0,36,0,0,1,0.0,0.2937927312895334,0.6035963942488342,0.1026108744616323
lineage,legacy,M1,349,35,0,0,0.0,35,0,0,0,0.0,0.2937927312895334,0.6035963942488342,0.1026108744616323
lineage,legacy,M1,350,35,0,0,0.0,35,0,0,0,0.0,0.2937927312895334,0.6035963942488342,0.1026108744616323
lineage,legacy,M1,351,35,0,0,0.0,35,0,0,0,0.0,0.2937927312895334,0.6035963942488342,0.1026108744616323
lineage,legacy,M1,352,35,0,0,0.0,35,0,0,2,0.0,0.2937927312895334,0.6035963942488342,0.1026108744616323
lineage,legacy,M1,353,33,0,0,0.0,33,0,0,0,0.0,0.2937927312895334,0.6035963942488342,0.1026108744616323
lineage,legacy,M1,354,33,0,0,0.0,33,0,0,0,0.0,0.2937927312895334,0.6035963942488342,0.1026108744616323
lineage,legacy,M1,355,33,0,0,0.0,33,0,0,0,0.0,0.2937927312895334,0.6035963942488342,0.1026108744616323
lineage,legacy,M1,356,33,0,0,0.0,33,0,0,0,0.0,0.2937927312895334,0.6035963942488342,0.1026108744616323
lineage,legacy,M1,357,33,0,0,0.0,33,0,0,0,0.0,0.2937927312895334,0.6035963942488342,0.1026108744616323
lineage,legacy,M1,358,33,0,0,0.0,33,0,0,0,0.0,0.2937927312895334,0.6035963942488342,0.1026108744616323
lineage,legacy,M1,359,33,0,0,0.0,33,0,0,1,0.0,0.2937927312895334,0.6035963942488342,0.1026108744616323
lineage,legacy,M1,360,32,0,0,0.0,32,0,0,1,0.0,0.2937927312895334,0.6035963942488342,0.1026108744616323
lineage,legacy,M1,361,31,0,0,0.0,31,0,0,0,0.0,0.2937927312895334,0.6035963942488342,0.1026108744616323
lineage,legacy,M1,362,31,0,0,0.0,31,0,0,0,0.0,0.2937927312895334,0.6035963942488342,0.1026108744616323
lineage,legacy,M1,363,31,0,0,0.0,31,0,0,0,0.0,0.2937927312895334,0.6035963942488342,0.1026108744616323
lineage,legacy,M1,364,31,0,0,0.0,31,0,0,0,0.0,0.2937927312895334,0.6035963942488342,0.1026108744616323
lineage,legacy,M1,365,31,0,0,0.0,31,0,0,1,0.0,0.2937927312895334,0.6035963942488342,0.1026108744616323
lineage,legacy,M1,366,30,0,0,0.0,30,0,0,0,0.0,0.2937927312895334,0.6035963942488342,0.1026108744616323
lineage,legacy,M1,367,30,0,0,0.0,30,0,0,0,0.0,0.2937927312895334,0.6035963942488342,0.1026108744616323
lineage,legacy,M1,368,30,0,0,0.0,30,0,0,0,0.0,0.2937927312895334,0.6035963942488342,0.1026108744616323
lineage,legacy,M1,369,30,0,0,0.0,30,0,0,0,0.0,0.2937927312895334,0.6035963942488342,0.1026108744616323
lineage,legacy,M1,370,30,0,0,0.0,30,0,0,0,0.0,0.2937927312895334,0.6035963942488342,0.1026108744616323
lineage,legacy,M1,371,30,0,0,0.0,30,0,0,1,0.0,0.2937927312895334,0.6035963942488342,0.1026108744616323
lineage,legacy,M1,372,29,0,0,0.0,29,0,0,0,0.0,0.2937927312895334,0.6035963942488342,0.1026108744616323
lineage,legacy,M1,373,29,0,0,0.0,29,0,0,0,0.0,0.2937927312895334,0.6035963942488342,0.1026108744616323
lineage,legacy,M1,374,29,0,0,0.0,29,0,0,0,0.0,0.2937927312895334,0.6035963942488342,0.1026108744616323
lineage,legacy,M1,375,29,0,0,0.0,29,0,0,1,0.0,0.2937927312895334,0.6035963942488342,0.1026108744616323
lineage,legacy,M1,376,28,0,0,0.0,28,0,0,1,0.0,0.2937927312895334,0.6035963942488342,0.1026108744616323
lineage,legacy,M1,377,27,0,0,0.0,27,0,0,0,0.0,0.2937927312895334,0.6035963942488342,0.1026108744616323
lineage,legacy,M1,378,27,0,0,0.0,27,0,0,0,0.0,0.2937927312895334,0.6035963942488342,0.1026108744616323
lineage,legacy,M1,379,27,0,0,0.0,27,0,0,0,0.0,0.2937927312895334,0.6035963942488342,0.1026108744616323
lineage,legacy,M1,380,27,0,0,0.0,27,0,0,0,0.0,0.2937927312895334,0.6035963942488342,0.1026108744616323
lineage,legacy,M1,381,27,0,0,0.0,27,0,0,0,0.0,0.2937927312895334,0.6035963942488342,0.1026108744616323
lineage,legacy,M1,382,27,0,0,0.0,27,0,0,0,0.0,0.2937927312895334,0.6035963942488342,0.1026108744616323
lineage,legacy,M1,383,27,0,0,0.0,27,0,0,0,0.0,0.2937927312895334,0.6035963942488342,0.1026108744616323
lineage,legacy,M1,384,27,0,0,0.0,27,0,0,0,0.0,0.2937927312895334,0.6035963942488342,0.1026108744616323
lineage,legacy,M1,385,27,0,0,0.0,27,0,0,0,0.0,0.2937927312895334,0.6035963942488342,0.1026108744616323
lineage,legacy,M1,386,27,0,0,0.0,27,0,0,0,0.0,0.2937927312895334,0.6035963942488342,0.1026108744616323
lineage,legacy,M1,387,27,0,0,0.0,27,0,0,1,0.0,0.2937927312895334,0.6035963942488342,0.1026108744616323
lineage,legacy,M1,388,26,0,0,0.0,26,0,0,0,0.0,0.2937927312895334,0.6035963942488342,0.1026108744616323
lineage,legacy,M1,389,26,0,0,0.0,26,0,0,0,0.0,0.2937927312895334,0.6035963942488342,0.1026108744616323
lineage,legacy,M1,390,26,0,0,0.0,26,0,0,0,0.0,0.2937927312895334,0.6035963942488342,0.1026108744616323
lineage,legacy,M1,391,26,0,0,0.0,26,0,0,1,0.0,0.2937927312895334,0.6035963942488342,0.1026108744616323
lineage,legacy,M1,392,25,0,0,0.0,25,0,0,0,0.0,0.2937927312895334,0.6035963942488342,0.1026108744616323
lineage,legacy,M1,393,25,0,0,0.0,25,0,0,1,0.0,0.2937927312895334,0.6035963942488342,0.1026108744616323
lineage,legacy,M1,394,24,0,0,0.0,24,0,0,0,0.0,0.2937927312895334,0.6035963942488342,0.1026108744616323
lineage,legacy,M1,395,24,0,0,0.0,24,0,0,0,0.0,0.2937927312895334,0.6035963942488342,0.1026108744616323
lineage,legacy,M1,396,24,0,0,0.0,24,0,0,1,0.0,0.2937927312895334,0.6035963942488342,0.1026108744616323
lineage,legacy,M1,397,23,0,0,0.0,23,0,0,0,0.0,0.2937927312895334,0.6035963942488342,0.1026108744616323
lineage,legacy,M1,398,23,0,0,0.0,23,0,0,1,0.0,0.2937927312895334,0.6035963942488342,0.1026108744616323
lineage,legacy,M1,399,22,0,0,0.0,22,0,0,0,0.0,0.2937927312895334,0.6035963942488342,0.1026108744616323
lineage,legacy,M1,400,22,0,0,0.0,22,0,0,0,0.0,0.2937927312895334,0.6035963942488342,0.1026108744616323
lineage,legacy,M1,401,22,0,0,0.0,22,0,0,0,0.0,0.2937927312895334,0.6035963942488342,0.1026108744616323
lineage,legacy,M1,402,22,0,0,0.0,22,0,0,1,0.0,0.2937927312895334,0.6035963942488342,0.1026108744616323
lineage,legacy,M1,403,21,0,0,0.0,21,0,0,0,0.0,0.2937927312895334,0.6035963942488342,0.1026108744616323
lineage,legacy,M1,404,21,0,0,0.0,21,0,0,1,0.0,0.2937927312895334,0.6035963942488342,0.1026108744616323
lineage,legacy,M1,405,20,0,0,0.0,20,0,0,0,0.0,0.2937927312895334,0.6035963942488342,0.1026108744616323
lineage,legacy,M1,406,20,0,0,0.0,20,0,0,0,0.0,0.2937927312895334,0.6035963942488342,0.1026108744616323
lineage,legacy,M1,407,20,0,0,0.0,20,0,0,0,0.0,0.2937927312895334,0.6035963942488342,0.1026108744616323
lineage,legacy,M1,408,20,0,0,0.0,20,0,0,0,0.0,0.2937927312895334,0.6035963942488342,0.1026108744616323
lineage,legacy,M1,409,20,0,0,0.0,20,0,0,0,0.0,0.2937927312895334,0.6035963942488342,0.1026108744616323
lineage,legacy,M1,410,20,0,0,0.0,20,0,0,1,0.0,0.2937927312895334,0.6035963942488342,0.1026108744616323
lineage,legacy,M1,411,19,0,0,0.0,19,0,0,0,0.0,0.2937927312895334,0.6035963942488342,0.1026108744616323
lineage,legacy,M1,412,19,0,0,0.0,19,0,0,0,0.0,0.2937927312895334,0.6035963942488342,0.1026108744616323
lineage,legacy,M1,413,19,0,0,0.0,19,0,0,1,0.0,0.2937927312895334,0.6035963942488342,0.1026108744616323
lineage,legacy,M1,414,18,0,0,0.0,18,0,0,0,0.0,0.2937927312895334,0.6035963942488342,0.1026108744616323
lineage,legacy,M1,415,18,0,0,0.0,18,0,0,0,0.0,0.2937927312895334,0.6035963942488342,0.1026108744616323
lineage,legacy,M1,416,18,0,0,0.0,18,0,0,0,0.0,0.2937927312895334,0.6035963942488342,0.1026108744616323
lineage,legacy,M1,417,18,0,0,0.0,18,0,0,0,0.0,0.2937927312895334,0.6035963942488342,0.1026108744616323
lineage,legacy,M1,418,18,0,0,0.0,18,0,0,0,0.0,0.2937927312895334,0.6035963942488342,0.1026108744616323
lineage,legacy,M1,419,18,0,0,0.0,18,0,0,0,0.0,0.2937927312895334,0.6035963942488342,0.1026108744616323
lineage,legacy,M1,420,18,0,0,0.0,18,0,0,1,0.0,0.2937927312895334,0.6035963942488342,0.1026108744616323
lineage,legacy,M1,421,17,0,0,0.0,17,0,0,0,0.0,0.2937927312895334,0.6035963942488342,0.1026108744616323
lineage,legacy,M1,422,17,0,0,0.0,17,0,0,3,0.0,0.2937927312895334,0.6035963942488342,0.1026108744616323
lineage,legacy,M1,423,14,0,0,0.0,14,0,0,0,0.0,0.2937927312895334,0.6035963942488342,0.1026108744616323
lineage,legacy,M1,424,14,0,0,0.0,14,0,0,0,0.0,0.2937927312895334,0.6035963942488342,0.1026108744616323
lineage,legacy,M1,425,14,0,0,0.0,14,0,0,0,0.0,0.2937927312895334,0.6035963942488342,0.1026108744616323
lineage,legacy,M1,426,14,0,0,0.0,14,0,0,0,0.0,0.2937927312895334,0.6035963942488342,0.1026108744616323
lineage,legacy,M1,427,14,0,0,0.0,14,0,0,0,0.0,0.2937927312895334,0.6035963942488342,0.1026108744616323
lineage,legacy,M1,428,14,0,0,0.0,14,0,0,1,0.0,0.2937927312895334,0.6035963942488342,0.1026108744616323
lineage,legacy,M1,429,13,0,0,0.0,13,0,0,0,0.0,0.2937927312895334,0.6035963942488342,0.1026108744616323
lineage,legacy,M1,430,13,0,0,0.0,13,0,0,1,0.0,0.2937927312895334,0.6035963942488342,0.1026108744616323
lineage,legacy,M1,431,12,0,0,0.0,12,0,0,0,0.0,0.2937927312895334,0.6035963942488342,0.1026108744616323
lineage,legacy,M1,432,12,0,0,0.0,12,0,0,0,0.0,0.2937927312895334,0.6035963942488342,0.1026108744616323
lineage,legacy,M1,433,12,0,0,0.0,12,0,0,1,0.0,0.2937927312895334,0.6035963942488342,0.1026108744616323
lineage,legacy,M1,434,11,0,0,0.0,11,0,0,0,0.0,0.2937927312895334,0.6035963942488342,0.1026108744616323
lineage,legacy,M1,435,11,0,0,0.0,11,0,0,0,0.0,0.2937927312895334,0.6035963942488342,0.1026108744616323
lineage,legacy,M1,436,11,0,0,0.0,11,0,0,0,0.0,0.2937927312895334,0.6035963942488342,0.1026108744616323
lineage,legacy,M1,437,11,0,0,0.0,11,0,0,0,0.0,0.2937927312895334,0.6035963942488342,0.1026108744616323
lineage,legacy,M1,438,11,0,0,0.0,11,0,0,0,0.0,0.2937927312895334,0.6035963942488342,0.1026108744616323
lineage,legacy,M1,439,11,0,0,0.0,11,0,0,0,0.0,0.2937927312895334,0.6035963942488342,0.1026108744616323
lineage,legacy,M1,440,11,0,0,0.0,11,0,0,0,0.0,0.2937927312895334,0.6035963942488342,0.1026108744616323
lineage,legacy,M1,441,11,0,0,0.0,11,0,0,0,0.0,0.2937927312895334,0.6035963942488342,0.1026108744616323
lineage,legacy,M1,442,11,0,0,0.0,11,0,0,0,0.0,0.2937927312895334,0.6035963942488342,0.1026108744616323
lineage,legacy,M1,443,11,0,0,0.0,11,0,0,0,0.0,0.2937927312895334,0.6035963942488342,0.1026108744616323
lineage,legacy,M1,444,11,0,0,0.0,11,0,0,0,0.0,0.2937927312895334,0.6035963942488342,0.1026108744616323
lineage,legacy,M1,445,11,0,0,0.0,11,0,0,1,0.0,0.2937927312895334,0.6035963942488342,0.1026108744616323
lineage,legacy,M1,446,10,0,0,0.0,10,0,0,0,0.0,0.2937927312895334,0.6035963942488342,0.1026108744616323
lineage,legacy,M1,447,10,0,0,0.0,10,0,0,0,0.0,0.2937927312895334,0.6035963942488342,0.1026108744616323
lineage,legacy,M1,448,10,0,0,0.0,10,0,0,0,0.0,0.2937927312895334,0.6035963942488342,0.1026108744616323
lineage,legacy,M1,449,10,0,0,0.0,10,0,0,0,0.0,0.2937927312895334,0.6035963942488342,0.1026108744616323
lineage,legacy,M1,450,10,0,0,0.0,10,0,0,0,0.0,0.2937927312895334,0.6035963942488342,0.1026108744616323
lineage,legacy,M1,451,10,0,0,0.0,10,0,0,0,0.0,0.2937927312895334,0.6035963942488342,0.1026108744616323
lineage,legacy,M1,452,10,0,0,0.0,10,0,0,0,0.0,0.2937927312895334,0.6035963942488342,0.1026108744616323
lineage,legacy,M1,453,10,0,0,0.0,10,0,0,1,0.0,0.2937927312895334,0.6035963942488342,0.1026108744616323
lineage,legacy,M1,454,9,0,0,0.0,9,0,0,0,0.0,0.2937927312895334,0.6035963942488342,0.1026108744616323
lineage,legacy,M1,455,9,0,0,0.0,9,0,0,0,0.0,0.2937927312895334,0.6035963942488342,0.1026108744616323
lineage,legacy,M1,456,9,0,0,0.0,9,0,0,1,0.0,0.2937927312895334,0.6035963942488342,0.1026108744616323
lineage,legacy,M1,457,8,0,0,0.0,8,0,0,1,0.0,0.2937927312895334,0.6035963942488342,0.1026108744616323
lineage,legacy,M1,458,7,0,0,0.0,7,0,0,0,0.0,0.2937927312895334,0.6035963942488342,0.1026108744616323
lineage,legacy,M1,459,7,0,0,0.0,7,0,0,1,0.0,0.2937927312895334,0.6035963942488342,0.1026108744616323
lineage,legacy,M1,460,6,0,0,0.0,6,0,0,1,0.0,0.2937927312895334,0.6035963942488342,0.1026108744616323
lineage,legacy,M1,461,5,0,0,0.0,5,0,0,0,0.0,0.2937927312895334,0.6035963942488342,0.1026108744616323
lineage,legacy,M1,462,5,0,0,0.0,5,0,0,0,0.0,0.2937927312895334,0.6035963942488342,0.1026108744616323
lineage,legacy,M1,463,5,0,0,0.0,5,0,0,0,0.0,0.2937927312895334,0.6035963942488342,0.1026108744616323
lineage,legacy,M1,464,5,0,0,0.0,5,0,0,0,0.0,0.2937927312895334,0.6035963942488342,0.1026108744616323
lineage,legacy,M1,465,5,0,0,0.0,5,0,0,1,0.0,0.2937927312895334,0.6035963942488342,0.1026108744616323
lineage,legacy,M1,466,4,0,0,0.0,4,0,0,0,0.0,0.2937927312895334,0.6035963942488342,0.1026108744616323
lineage,legacy,M1,467,4,0,0,0.0,4,0,0,0,0.0,0.2937927312895334,0.6035963942488342,0.1026108744616323
lineage,legacy,M1,468,4,0,0,0.0,4,0,0,0,0.0,0.2937927312895334,0.6035963942488342,0.1026108744616323
lineage,legacy,M1,469,4,0,0,0.0,4,0,0,0,0.0,0.2937927312895334,0.6035963942488342,0.1026108744616323
lineage,legacy,M1,470,4,0,0,0.0,4,0,0,0,0.0,0.2937927312895334,0.6035963942488342,0.1026108744616323
lineage,legacy,M1,471,4,0,0,0.0,4,0,0,0,0.0,0.2937927312895334,0.6035963942488342,0.1026108744616323
lineage,legacy,M1,472,4,0,0,0.0,4,0,0,0,0.0,0.2937927312895334,0.6035963942488342,0.1026108744616323
lineage,legacy,M1,473,4,0,0,0.0,4,0,0,0,0.0,0.2937927312895334,0.6035963942488342,0.1026108744616323
lineage,legacy,M1,474,4,0,0,0.0,4,0,0,0,0.0,0.2937927312895334,0.6035963942488342,0.1026108744616323
lineage,legacy,M1,475,4,0,0,0.0,4,0,0,0,0.0,0.2937927312895334,0.6035963942488342,0.1026108744616323
lineage,legacy,M1,476,4,0,0,0.0,4,0,0,0,0.0,0.2937927312895334,0.6035963942488342,0.1026108744616323
lineage,legacy,M1,477,4,0,0,0.0,4,0,0,1,0.0,0.2937927312895334,0.6035963942488342,0.1026108744616323
lineage,legacy,M1,478,3,0,0,0.0,3,0,0,0,0.0,0.2937927312895334,0.6035963942488342,0.1026108744616323
lineage,legacy,M1,479,3,0,0,0.0,3,0,0,0,0.0,0.2937927312895334,0.6035963942488342,0.1026108744616323
lineage,legacy,M1,480,3,0,0,0.0,3,0,0,0,0.0,0.2937927312895334,0.6035963942488342,0.1026108744616323
lineage,legacy,M1,481,3,0,0,0.0,3,0,0,0,0.0,0.2937927312895334,0.6035963942488342,0.1026108744616323
lineage,legacy,M1,482,3,0,0,0.0,3,0,0,0,0.0,0.2937927312895334,0.6035963942488342,0.1026108744616323
lineage,legacy,M1,483,3,0,0,0.0,3,0,0,0,0.0,0.2937927312895334,0.6035963942488342,0.1026108744616323
lineage,legacy,M1,484,3,0,0,0.0,3,0,0,0,0.0,0.2937927312895334,0.6035963942488342,0.1026108744616323
lineage,legacy,M1,485,3,0,0,0.0,3,0,0,0,0.0,0.2937927312895334,0.6035963942488342,0.1026108744616323
lineage,legacy,M1,486,3,0,0,0.0,3,0,0,0,0.0,0.2937927312895334,0.6035963942488342,0.1026108744616323
lineage,legacy,M1,487,3,0,0,0.0,3,0,0,0,0.0,0.2937927312895334,0.6035963942488342,0.1026108744616323
lineage,legacy,M1,488,3,0,0,0.0,3,0,0,0,0.0,0.2937927312895334,0.6035963942488342,0.1026108744616323
lineage,legacy,M1,489,3,0,0,0.0,3,0,0,0,0.0,0.2937927312895334,0.6035963942488342,0.1026108744616323
lineage,legacy,M1,490,3,0,0,0.0,3,0,0,0,0.0,0.2937927312895334,0.6035963942488342,0.1026108744616323
lineage,legacy,M1,491,3,0,0,0.0,3,0,0,0,0.0,0.2937927312895334,0.6035963942488342,0.1026108744616323
lineage,legacy,M1,492,3,0,0,0.0,3,0,0,0,0.0,0.2937927312895334,0.6035963942488342,0.1026108744616323
lineage,legacy,M1,493,3,0,0,0.0,3,0,0,0,0.0,0.2937927312895334,0.6035963942488342,0.1026108744616323
lineage,legacy,M1,494,3,0,0,0.0,3,0,0,0,0.0,0.2937927312895334,0.6035963942488342,0.1026108744616323
lineage,legacy,M1,495,3,0,0,0.0,3,0,0,0,0.0,0.2937927312895334,0.6035963942488342,0.1026108744616323
lineage,legacy,M1,496,3,0,0,0.0,3,0,0,0,0.0,0.2937927312895334,0.6035963942488342,0.1026108744616323
lineage,legacy,M1,497,3,0,0,0.0,3,0,0,0,0.0,0.2937927312895334,0.6035963942488342,0.1026108744616323
lineage,legacy,M1,498,3,0,0,0.0,3,0,0,0,0.0,0.2937927312895334,0.6035963942488342,0.1026108744616323
lineage,legacy,M1,499,3,0,0,0.0,3,0,0,1,0.0,0.2937927312895334,0.6035963942488342,0.1026108744616323
lineage,legacy,M1,500,2,0,0,0.0,2,0,0,0,0.0,0.2937927312895334,0.6035963942488342,0.1026108744616323
lineage,legacy,M1,501,2,0,0,0.0,2,0,0,1,0.0,0.2937927312895334,0.6035963942488342,0.1026108744616323
lineage,legacy,M1,502,1,0,0,0.0,1,0,0,0,0.0,0.2937927312895334,0.6035963942488342,0.1026108744616323
lineage,legacy,M1,503,1,0,0,0.0,1,0,0,0,0.0,0.2937927312895334,0.6035963942488342,0.1026108744616323
lineage,legacy,M1,504,1,0,0,0.0,1,0,0,0,0.0,0.2937927312895334,0.6035963942488342,0.1026108744616323
lineage,legacy,M1,505,1,0,0,0.0,1,0,0,0,0.0,0.2937927312895334,0.6035963942488342,0.1026108744616323
lineage,legacy,M1,506,1,0,0,0.0,1,0,0,0,0.0,0.2937927312895334,0.6035963942488342,0.1026108744616323
lineage,legacy,M1,507,1,0,0,0.0,1,0,0,0,0.0,0.2937927312895334,0.6035963942488342,0.1026108744616323
lineage,legacy,M1,508,1,0,0,0.0,1,0,0,0,0.0,0.2937927312895334,0.6035963942488342,0.1026108744616323
lineage,legacy,M1,509,1,0,0,0.0,1,0,0,0,0.0,0.2937927312895334,0.6035963942488342,0.1026108744616323
lineage,legacy,M1,510,1,0,0,0.0,1,0,0,0,0.0,0.2937927312895334,0.6035963942488342,0.1026108744616323
lineage,legacy,M1,511,1,0,0,0.0,1,0,0,0,0.0,0.2937927312895334,0.6035963942488342,0.1026108744616323
lineage,legacy,M1,512,1,0,0,0.0,1,0,0,0,0.0,0.2937927312895334,0.6035963942488342,0.1026108744616323
lineage,legacy,M1,513,1,0,0,0.0,1,0,0,0,0.0,0.2937927312895334,0.6035963942488342,0.1026108744616323
lineage,legacy,M1,514,1,0,0,0.0,1,0,0,0,0.0,0.2937927312895334,0.6035963942488342,0.1026108744616323
lineage,legacy,M1,515,1,0,0,0.0,1,0,0,0,0.0,0.2937927312895334,0.6035963942488342,0.1026108744616323
lineage,legacy,M1,516,1,0,0,0.0,1,0,0,0,0.0,0.2937927312895334,0.6035963942488342,0.1026108744616323
lineage,legacy,M1,517,1,0,0,0.0,1,0,0,0,0.0,0.2937927312895334,0.6035963942488342,0.1026108744616323
lineage,legacy,M1,518,1,0,0,0.0,1,0,0,0,0.0,0.2937927312895334,0.6035963942488342,0.1026108744616323
lineage,legacy,M1,519,1,0,0,0.0,1,0,0,0,0.0,0.2937927312895334,0.6035963942488342,0.1026108744616323
lineage,legacy,M1,520,1,0,0,0.0,1,0,0,0,0.0,0.2937927312895334,0.6035963942488342,0.1026108744616323
lineage,legacy,M1,521,1,0,0,0.0,1,0,0,0,0.0,0.2937927312895334,0.6035963942488342,0.1026108744616323
lineage,legacy,M1,522,1,0,0,0.0,1,0,0,0,0.0,0.2937927312895334,0.6035963942488342,0.1026108744616323
lineage,legacy,M1,523,1,0,0,0.0,1,0,0,0,0.0,0.2937927312895334,0.6035963942488342,0.1026108744616323
lineage,legacy,M1,524,1,0,0,0.0,1,0,0,0,0.0,0.2937927312895334,0.6035963942488342,0.1026108744616323
lineage,legacy,M1,525,1,0,0,0.0,1,0,0,0,0.0,0.2937927312895334,0.6035963942488342,0.1026108744616323
lineage,legacy,M1,526,1,0,0,0.0,1,0,0,0,0.0,0.2937927312895334,0.6035963942488342,0.1026108744616323
lineage,legacy,M1,527,1,0,0,0.0,1,0,0,0,0.0,0.2937927312895334,0.6035963942488342,0.1026108744616323
lineage,legacy,M1,528,1,0,0,0.0,1,0,0,0,0.0,0.2937927312895334,0.6035963942488342,0.1026108744616323
lineage,legacy,M1,529,1,0,0,0.0,1,0,0,0,0.0,0.2937927312895334,0.6035963942488342,0.1026108744616323
lineage,legacy,M1,530,1,0,0,0.0,1,0,0,0,0.0,0.2937927312895334,0.6035963942488342,0.1026108744616323
lineage,legacy,M1,531,1,0,0,0.0,1,0,0,0,0.0,0.2937927312895334,0.6035963942488342,0.1026108744616323
lineage,legacy,M1,532,1,0,0,0.0,1,0,0,0,0.0,0.2937927312895334,0.6035963942488342,0.1026108744616323
lineage,legacy,M1,533,1,0,0,0.0,1,0,0,0,0.0,0.2937927312895334,0.6035963942488342,0.1026108744616323
lineage,legacy,M1,534,1,0,0,0.0,1,0,0,0,0.0,0.2937927312895334,0.6035963942488342,0.1026108744616323
lineage,legacy,M1,535,1,0,0,0.0,1,0,0,0,0.0,0.2937927312895334,0.6035963942488342,0.1026108744616323
lineage,legacy,M1,536,1,0,0,0.0,1,0,0,0,0.0,0.2937927312895334,0.6035963942488342,0.1026108744616323
lineage,legacy,M1,537,1,0,0,0.0,1,0,0,0,0.0,0.2937927312895334,0.6035963942488342,0.1026108744616323
lineage,legacy,M1,538,1,0,0,0.0,1,0,0,0,0.0,0.2937927312895334,0.6035963942488342,0.1026108744616323
lineage,legacy,M1,539,1,0,0,0.0,1,0,0,0,0.0,0.2937927312895334,0.6035963942488342,0.1026108744616323
lineage,legacy,M1,540,1,0,0,0.0,1,0,0,0,0.0,0.2937927312895334,0.6035963942488342,0.1026108744616323
lineage,legacy,M1,541,1,0,0,0.0,1,0,0,1,0.0,0.2937927312895334,0.6035963942488342,0.1026108744616323
contiguous,primary,M0,1,8848,759,3,0.08578209764918626,8086,406,267,0,0.05021023992085085,0.04590310021697135,0.11596960444212062,0.8381272953409079
contiguous,primary,M0,2,7413,667,3,0.0899770673141778,6743,446,441,0,0.06614266646893074,0.09635110799310889,0.2412642876637038,0.6623846043431872
contiguous,primary,M0,3,5856,551,0,0.09409153005464481,5305,361,466,0,0.06804901036757775,0.13718458513926507,0.35629931884830446,0.5065160960124304
contiguous,primary,M0,4,4478,415,0,0.09267530147387226,4063,295,464,0,0.07260644843711543,0.17055266203155336,0.4557248767748177,0.3737224611936289
contiguous,primary,M0,5,3304,312,0,0.09443099273607748,2992,221,386,1,0.07386363636363637,0.19555044166950494,0.5346771400657235,0.2697724182647715
contiguous,primary,M0,6,2384,214,0,0.08976510067114093,2170,150,327,0,0.06912442396313365,0.21252437738247296,0.5958964682038281,0.19157915441369888
contiguous,primary,M0,7,1693,136,0,0.08033077377436504,1557,118,233,0,0.07578676942838793,0.22587720681000778,0.6376523500577294,0.13647044313226275
contiguous,primary,M0,8,1206,104,0,0.08623548922056384,1102,85,170,0,0.07713248638838476,0.23549577038068964,0.6686580726267509,0.09584615699255934
contiguous,primary,M0,9,847,67,0,0.07910271546635184,780,54,153,1,0.06923076923076923,0.2416063872373581,0.693553178339104,0.06484043442353779
contiguous,primary,M0,10,572,42,0,0.07342657342657342,530,34,97,0,0.06415094339622641,0.2454605389338621,0.709309857333635,0.04522960373250276
contiguous,primary,M0,11,399,25,0,0.06265664160401002,374,40,65,1,0.10695187165775401,0.24999483504739622,0.7195120235890868,0.0304931413635169
contiguous,primary,M0,12,268,17,0,0.06343283582089553,251,20,44,0,0.0796812749003984,0.2522704426118378,0.7264526266606336,0.021276930727528582
contiguous,primary,M0,13,187,7,0,0.0374331550802139,180,15,34,0,0.08333333333333333,0.25397714828516893,0.7311176221677388,0.014905229547092216
contiguous,primary,M0,14,131,4,0,0.030534351145038167,127,21,21,0,0.16535433070866143,0.25636653622783256,0.7339621316232907,0.009671332148876628
contiguous,primary,M0,15,85,4,0,0.047058823529411764,81,12,13,1,0.14814814814814814,0.2577319007664975,0.7358963980530661,0.006371701180436365
contiguous,primary,M0,16,55,1,0,0.01818181818181818,54,3,13,0,0.05555555555555555,0.2580794481036122,0.7375182856262681,0.00440226627011967
contiguous,primary,M0,17,38,5,0,0.13157894736842105,33,6,3,0,0.18181818181818182,0.2587745427778416,0.7384450785252407,0.0027803786969176863
contiguous,primary,M0,18,24,0,0,0.0,24,4,5,0,0.16666666666666666,0.2592379392273279,0.7390243240870985,0.001737736685573554
contiguous,primary,M0,19,15,0,0,0.0,15,1,0,0,0.06666666666666667,0.25935378833969946,0.7390243240870985,0.0016218875732019837
contiguous,primary,M0,20,14,1,0,0.07142857142857142,13,1,3,0,0.07692307692307693,0.259469637452071,0.7394877205365848,0.0010426420113441323
contiguous,primary,M0,21,9,1,0,0.1111111111111111,8,1,3,0,0.125,0.2595854865644426,0.7399511169860712,0.000463396449486281
contiguous,primary,M0,22,4,0,0,0.0,4,1,0,0,0.25,0.25970133567681414,0.7399511169860712,0.00034754733711471074
contiguous,primary,M0,23,3,0,0,0.0,3,1,1,0,0.3333333333333333,0.2598171847891857,0.7400669660984428,0.00011584911237157025
contiguous,primary,M0,24,1,0,0,0.0,1,0,0,0,0.0,0.2598171847891857,0.7400669660984428,0.00011584911237157025
contiguous,primary,M0,25,1,1,0,1.0,0,0,0,0,0.0,0.2598171847891857,0.7401828152108144,0.0
contiguous,primary,M0,26,0,0,0,0.0,0,0,0,0,0.0,0.2598171847891857,0.7401828152108144,0.0
contiguous,primary,M0,27,0,0,0,0.0,0,0,0,0,0.0,0.2598171847891857,0.7401828152108144,0.0
contiguous,primary,M0,28,0,0,0,0.0,0,0,0,0,0.0,0.2598171847891857,0.7401828152108144,0.0
contiguous,primary,M0,29,0,0,0,0.0,0,0,0,0,0.0,0.2598171847891857,0.7401828152108144,0.0
contiguous,primary,M0,30,0,0,0,0.0,0,0,0,0,0.0,0.2598171847891857,0.7401828152108144,0.0
contiguous,primary,M0,31,0,0,0,0.0,0,0,0,0,0.0,0.2598171847891857,0.7401828152108144,0.0
contiguous,primary,M0,32,0,0,0,0.0,0,0,0,0,0.0,0.2598171847891857,0.7401828152108144,0.0
contiguous,primary,M0,33,0,0,0,0.0,0,0,0,0,0.0,0.2598171847891857,0.7401828152108144,0.0
contiguous,primary,M0,34,0,0,0,0.0,0,0,0,0,0.0,0.2598171847891857,0.7401828152108144,0.0
contiguous,primary,M0,35,0,0,0,0.0,0,0,0,0,0.0,0.2598171847891857,0.7401828152108144,0.0
contiguous,primary,M0,36,0,0,0,0.0,0,0,0,0,0.0,0.2598171847891857,0.7401828152108144,0.0
contiguous,primary,M0,37,0,0,0,0.0,0,0,0,0,0.0,0.2598171847891857,0.7401828152108144,0.0
contiguous,primary,M0,38,0,0,0,0.0,0,0,0,0,0.0,0.2598171847891857,0.7401828152108144,0.0
contiguous,primary,M0,39,0,0,0,0.0,0,0,0,0,0.0,0.2598171847891857,0.7401828152108144,0.0
contiguous,primary,M0,40,0,0,0,0.0,0,0,0,0,0.0,0.2598171847891857,0.7401828152108144,0.0
contiguous,primary,M0,41,0,0,0,0.0,0,0,0,0,0.0,0.2598171847891857,0.7401828152108144,0.0
contiguous,primary,M0,42,0,0,0,0.0,0,0,0,0,0.0,0.2598171847891857,0.7401828152108144,0.0
contiguous,primary,M0,43,0,0,0,0.0,0,0,0,0,0.0,0.2598171847891857,0.7401828152108144,0.0
contiguous,primary,M0,44,0,0,0,0.0,0,0,0,0,0.0,0.2598171847891857,0.7401828152108144,0.0
contiguous,primary,M0,45,0,0,0,0.0,0,0,0,0,0.0,0.2598171847891857,0.7401828152108144,0.0
contiguous,primary,M0,46,0,0,0,0.0,0,0,0,0,0.0,0.2598171847891857,0.7401828152108144,0.0
contiguous,primary,M0,47,0,0,0,0.0,0,0,0,0,0.0,0.2598171847891857,0.7401828152108144,0.0
contiguous,primary,M0,48,0,0,0,0.0,0,0,0,0,0.0,0.2598171847891857,0.7401828152108144,0.0
contiguous,primary,M0,49,0,0,0,0.0,0,0,0,0,0.0,0.2598171847891857,0.7401828152108144,0.0
contiguous,primary,M0,50,0,0,0,0.0,0,0,0,0,0.0,0.2598171847891857,0.7401828152108144,0.0
contiguous,primary,M0,51,0,0,0,0.0,0,0,0,0,0.0,0.2598171847891857,0.7401828152108144,0.0
contiguous,primary,M0,52,0,0,0,0.0,0,0,0,0,0.0,0.2598171847891857,0.7401828152108144,0.0
contiguous,primary,M0,53,0,0,0,0.0,0,0,0,0,0.0,0.2598171847891857,0.7401828152108144,0.0
contiguous,primary,M0,54,0,0,0,0.0,0,0,0,0,0.0,0.2598171847891857,0.7401828152108144,0.0
contiguous,primary,M0,55,0,0,0,0.0,0,0,0,0,0.0,0.2598171847891857,0.7401828152108144,0.0
contiguous,primary,M0,56,0,0,0,0.0,0,0,0,0,0.0,0.2598171847891857,0.7401828152108144,0.0
contiguous,primary,M0,57,0,0,0,0.0,0,0,0,0,0.0,0.2598171847891857,0.7401828152108144,0.0
contiguous,primary,M0,58,0,0,0,0.0,0,0,0,0,0.0,0.2598171847891857,0.7401828152108144,0.0
contiguous,primary,M0,59,0,0,0,0.0,0,0,0,0,0.0,0.2598171847891857,0.7401828152108144,0.0
contiguous,primary,M0,60,0,0,0,0.0,0,0,0,0,0.0,0.2598171847891857,0.7401828152108144,0.0
contiguous,primary,M0,61,0,0,0,0.0,0,0,0,0,0.0,0.2598171847891857,0.7401828152108144,0.0
contiguous,primary,M0,62,0,0,0,0.0,0,0,0,0,0.0,0.2598171847891857,0.7401828152108144,0.0
contiguous,primary,M0,63,0,0,0,0.0,0,0,0,0,0.0,0.2598171847891857,0.7401828152108144,0.0
contiguous,primary,M0,64,0,0,0,0.0,0,0,0,0,0.0,0.2598171847891857,0.7401828152108144,0.0
contiguous,primary,M0,65,0,0,0,0.0,0,0,0,0,0.0,0.2598171847891857,0.7401828152108144,0.0
contiguous,primary,M0,66,0,0,0,0.0,0,0,0,0,0.0,0.2598171847891857,0.7401828152108144,0.0
contiguous,primary,M0,67,0,0,0,0.0,0,0,0,0,0.0,0.2598171847891857,0.7401828152108144,0.0
contiguous,primary,M0,68,0,0,0,0.0,0,0,0,0,0.0,0.2598171847891857,0.7401828152108144,0.0
contiguous,primary,M0,69,0,0,0,0.0,0,0,0,0,0.0,0.2598171847891857,0.7401828152108144,0.0
contiguous,primary,M0,70,0,0,0,0.0,0,0,0,0,0.0,0.2598171847891857,0.7401828152108144,0.0
contiguous,primary,M0,71,0,0,0,0.0,0,0,0,0,0.0,0.2598171847891857,0.7401828152108144,0.0
contiguous,primary,M0,72,0,0,0,0.0,0,0,0,0,0.0,0.2598171847891857,0.7401828152108144,0.0
contiguous,primary,M0,73,0,0,0,0.0,0,0,0,0,0.0,0.2598171847891857,0.7401828152108144,0.0
contiguous,primary,M0,74,0,0,0,0.0,0,0,0,0,0.0,0.2598171847891857,0.7401828152108144,0.0
contiguous,primary,M0,75,0,0,0,0.0,0,0,0,0,0.0,0.2598171847891857,0.7401828152108144,0.0
contiguous,primary,M0,76,0,0,0,0.0,0,0,0,0,0.0,0.2598171847891857,0.7401828152108144,0.0
contiguous,primary,M0,77,0,0,0,0.0,0,0,0,0,0.0,0.2598171847891857,0.7401828152108144,0.0
contiguous,primary,M0,78,0,0,0,0.0,0,0,0,0,0.0,0.2598171847891857,0.7401828152108144,0.0
contiguous,primary,M0,79,0,0,0,0.0,0,0,0,0,0.0,0.2598171847891857,0.7401828152108144,0.0
contiguous,primary,M0,80,0,0,0,0.0,0,0,0,0,0.0,0.2598171847891857,0.7401828152108144,0.0
contiguous,primary,M0,81,0,0,0,0.0,0,0,0,0,0.0,0.2598171847891857,0.7401828152108144,0.0
contiguous,primary,M0,82,0,0,0,0.0,0,0,0,0,0.0,0.2598171847891857,0.7401828152108144,0.0
contiguous,primary,M0,83,0,0,0,0.0,0,0,0,0,0.0,0.2598171847891857,0.7401828152108144,0.0
contiguous,primary,M0,84,0,0,0,0.0,0,0,0,0,0.0,0.2598171847891857,0.7401828152108144,0.0
contiguous,primary,M1,1,8848,152,6,0.017179023508137433,8690,802,110,2,0.09228998849252014,0.0907045366106414,0.029619795362464806,0.8796756680268938
contiguous,primary,M1,2,7776,244,5,0.03137860082304527,7527,1054,227,0,0.14002922811212967,0.21001961578042797,0.08291967786806656,0.7070607063515055
contiguous,primary,M1,3,6246,215,6,0.03442203009926353,6025,970,258,1,0.16099585062240665,0.31993506377916714,0.13649338565387237,0.5435715505669606
contiguous,primary,M1,4,4796,192,4,0.040033361134278564,4600,737,306,3,0.16021739130434784,0.40353818955713344,0.19296612741406596,0.40349568302880073
contiguous,primary,M1,5,3554,160,3,0.04501969611705121,3391,536,264,1,0.15806546741374225,0.4644456240829211,0.24113056461798238,0.29442381129909667
contiguous,primary,M1,6,2590,132,1,0.050965250965250966,2457,396,242,0,0.16117216117216118,0.5094800959734269,0.28365701420629563,0.20686288982027767
contiguous,primary,M1,7,1819,82,1,0.04507971412864211,1736,297,194,0,0.17108294930875576,0.5432754060283557,0.31505738515552895,0.1416672088161156
contiguous,primary,M1,8,1245,61,3,0.04899598393574297,1181,165,130,0,0.1397121083827265,0.5620982713520153,0.3368286457585155,0.10107308288946938
contiguous,primary,M1,9,886,55,0,0.062076749435665914,831,116,107,0,0.13959085439229843,0.5753313160644064,0.3553092771671995,0.06935940676839433
contiguous,primary,M1,10,608,30,1,0.049342105263157895,577,90,62,0,0.1559792027729636,0.5856161273047485,0.36581670850474707,0.048567164190504615
contiguous,primary,M1,11,425,33,0,0.07764705882352942,392,70,46,0,0.17857142857142858,0.5936154249361257,0.37484448726015857,0.03154008780371594
contiguous,primary,M1,12,276,11,1,0.03985507246376811,264,48,25,1,0.18181818181818182,0.5991214349940867,0.37896923331694393,0.02190933168896962
contiguous,primary,M1,13,190,15,0,0.07894736842105263,175,22,32,0,0.12571428571428572,0.6016583049791252,0.38438891010316273,0.01395278491771223
contiguous,primary,M1,14,121,3,0,0.024793388429752067,118,17,18,0,0.1440677966101695,0.6036186136039278,0.38681046781615414,0.009570918579918306
contiguous,primary,M1,15,83,4,0,0.04819277108433735,79,11,6,0,0.13924050632911392,0.604887048596447,0.3879635905366262,0.007149360866926926
contiguous,primary,M1,16,62,4,1,0.06451612903225806,57,10,5,0,0.17543859649122806,0.6060604015400853,0.3890115160966342,0.0049280823632807
contiguous,primary,M1,17,42,3,0,0.07142857142857142,39,4,2,0,0.10256410256410256,0.6065297427175407,0.38959819256845335,0.0038720647140062644
contiguous,primary,M1,18,33,0,0,0.0,33,5,3,0,0.15151515151515152,0.6071164191893598,0.3899501984515448,0.0029333823590956547
contiguous,primary,M1,19,25,1,0,0.04,24,3,5,0,0.125,0.6074684250724512,0.3906542102177278,0.0018773647098212188
contiguous,primary,M1,20,16,0,0,0.0,16,3,1,0,0.1875,0.6078204309555427,0.3907715455120916,0.0014080235323659142
contiguous,primary,M1,21,12,0,0,0.0,12,2,3,0,0.16666666666666666,0.6080551015442703,0.39112355139518307,0.0008213470605467833
contiguous,primary,M1,22,7,1,0,0.14285714285714285,6,1,1,0,0.16666666666666666,0.6081724368386342,0.3913582219839107,0.00046934117745530486
contiguous,primary,M1,23,4,0,0,0.0,4,0,0,0,0.0,0.6081724368386342,0.3913582219839107,0.00046934117745530486
contiguous,primary,M1,24,4,0,0,0.0,4,1,0,0,0.25,0.6082897721329981,0.3913582219839107,0.00035200588309147865
contiguous,primary,M1,25,3,0,0,0.0,3,0,0,0,0.0,0.6082897721329981,0.3913582219839107,0.00035200588309147865
contiguous,primary,M1,26,3,0,0,0.0,3,0,0,0,0.0,0.6082897721329981,0.3913582219839107,0.00035200588309147865
contiguous,primary,M1,27,3,0,0,0.0,3,0,0,1,0.0,0.6082897721329981,0.3913582219839107,0.00035200588309147865
contiguous,primary,M1,28,2,0,0,0.0,2,0,0,0,0.0,0.6082897721329981,0.3913582219839107,0.00035200588309147865
contiguous,primary,M1,29,2,0,0,0.0,2,0,1,0,0.0,0.6082897721329981,0.3915342249254564,0.00017600294154573932
contiguous,primary,M1,30,1,0,0,0.0,1,0,0,0,0.0,0.6082897721329981,0.3915342249254564,0.00017600294154573932
contiguous,primary,M1,31,1,0,0,0.0,1,0,0,0,0.0,0.6082897721329981,0.3915342249254564,0.00017600294154573932
contiguous,primary,M1,32,1,0,0,0.0,1,0,0,0,0.0,0.6082897721329981,0.3915342249254564,0.00017600294154573932
contiguous,primary,M1,33,1,0,0,0.0,1,0,0,0,0.0,0.6082897721329981,0.3915342249254564,0.00017600294154573932
contiguous,primary,M1,34,1,0,0,0.0,1,0,0,0,0.0,0.6082897721329981,0.3915342249254564,0.00017600294154573932
contiguous,primary,M1,35,1,0,0,0.0,1,0,0,0,0.0,0.6082897721329981,0.3915342249254564,0.00017600294154573932
contiguous,primary,M1,36,1,0,0,0.0,1,0,0,0,0.0,0.6082897721329981,0.3915342249254564,0.00017600294154573932
contiguous,primary,M1,37,1,0,0,0.0,1,0,0,0,0.0,0.6082897721329981,0.3915342249254564,0.00017600294154573932
contiguous,primary,M1,38,1,0,0,0.0,1,0,0,0,0.0,0.6082897721329981,0.3915342249254564,0.00017600294154573932
contiguous,primary,M1,39,1,0,0,0.0,1,0,0,0,0.0,0.6082897721329981,0.3915342249254564,0.00017600294154573932
contiguous,primary,M1,40,1,0,0,0.0,1,0,0,0,0.0,0.6082897721329981,0.3915342249254564,0.00017600294154573932
contiguous,primary,M1,41,1,0,0,0.0,1,0,0,0,0.0,0.6082897721329981,0.3915342249254564,0.00017600294154573932
contiguous,primary,M1,42,1,0,0,0.0,1,0,0,0,0.0,0.6082897721329981,0.3915342249254564,0.00017600294154573932
contiguous,primary,M1,43,1,0,0,0.0,1,0,0,0,0.0,0.6082897721329981,0.3915342249254564,0.00017600294154573932
contiguous,primary,M1,44,1,0,0,0.0,1,0,0,0,0.0,0.6082897721329981,0.3915342249254564,0.00017600294154573932
contiguous,primary,M1,45,1,0,0,0.0,1,0,0,0,0.0,0.6082897721329981,0.3915342249254564,0.00017600294154573932
contiguous,primary,M1,46,1,0,0,0.0,1,0,0,0,0.0,0.6082897721329981,0.3915342249254564,0.00017600294154573932
contiguous,primary,M1,47,1,0,0,0.0,1,0,0,0,0.0,0.6082897721329981,0.3915342249254564,0.00017600294154573932
contiguous,primary,M1,48,1,0,0,0.0,1,0,0,0,0.0,0.6082897721329981,0.3915342249254564,0.00017600294154573932
contiguous,primary,M1,49,1,0,0,0.0,1,0,0,0,0.0,0.6082897721329981,0.3915342249254564,0.00017600294154573932
contiguous,primary,M1,50,1,0,0,0.0,1,0,0,0,0.0,0.6082897721329981,0.3915342249254564,0.00017600294154573932
contiguous,primary,M1,51,1,0,0,0.0,1,0,0,0,0.0,0.6082897721329981,0.3915342249254564,0.00017600294154573932
contiguous,primary,M1,52,1,0,0,0.0,1,0,0,0,0.0,0.6082897721329981,0.3915342249254564,0.00017600294154573932
contiguous,primary,M1,53,1,0,0,0.0,1,0,0,0,0.0,0.6082897721329981,0.3915342249254564,0.00017600294154573932
contiguous,primary,M1,54,1,0,0,0.0,1,0,0,0,0.0,0.6082897721329981,0.3915342249254564,0.00017600294154573932
contiguous,primary,M1,55,1,0,0,0.0,1,0,0,0,0.0,0.6082897721329981,0.3915342249254564,0.00017600294154573932
contiguous,primary,M1,56,1,0,0,0.0,1,0,0,0,0.0,0.6082897721329981,0.3915342249254564,0.00017600294154573932
contiguous,primary,M1,57,1,0,0,0.0,1,0,0,0,0.0,0.6082897721329981,0.3915342249254564,0.00017600294154573932
contiguous,primary,M1,58,1,0,0,0.0,1,0,0,0,0.0,0.6082897721329981,0.3915342249254564,0.00017600294154573932
contiguous,primary,M1,59,1,0,0,0.0,1,0,0,0,0.0,0.6082897721329981,0.3915342249254564,0.00017600294154573932
contiguous,primary,M1,60,1,0,0,0.0,1,0,0,0,0.0,0.6082897721329981,0.3915342249254564,0.00017600294154573932
contiguous,primary,M1,61,1,0,0,0.0,1,0,0,0,0.0,0.6082897721329981,0.3915342249254564,0.00017600294154573932
contiguous,primary,M1,62,1,0,0,0.0,1,0,0,0,0.0,0.6082897721329981,0.3915342249254564,0.00017600294154573932
contiguous,primary,M1,63,1,0,0,0.0,1,0,0,0,0.0,0.6082897721329981,0.3915342249254564,0.00017600294154573932
contiguous,primary,M1,64,1,0,0,0.0,1,0,0,0,0.0,0.6082897721329981,0.3915342249254564,0.00017600294154573932
contiguous,primary,M1,65,1,0,0,0.0,1,0,0,0,0.0,0.6082897721329981,0.3915342249254564,0.00017600294154573932
contiguous,primary,M1,66,1,0,0,0.0,1,0,0,0,0.0,0.6082897721329981,0.3915342249254564,0.00017600294154573932
contiguous,primary,M1,67,1,0,0,0.0,1,0,0,0,0.0,0.6082897721329981,0.3915342249254564,0.00017600294154573932
contiguous,primary,M1,68,1,0,0,0.0,1,0,0,0,0.0,0.6082897721329981,0.3915342249254564,0.00017600294154573932
contiguous,primary,M1,69,1,0,0,0.0,1,0,0,0,0.0,0.6082897721329981,0.3915342249254564,0.00017600294154573932
contiguous,primary,M1,70,1,0,0,0.0,1,0,0,0,0.0,0.6082897721329981,0.3915342249254564,0.00017600294154573932
contiguous,primary,M1,71,1,0,0,0.0,1,0,0,0,0.0,0.6082897721329981,0.3915342249254564,0.00017600294154573932
contiguous,primary,M1,72,1,0,0,0.0,1,0,0,0,0.0,0.6082897721329981,0.3915342249254564,0.00017600294154573932
contiguous,primary,M1,73,1,0,0,0.0,1,0,0,0,0.0,0.6082897721329981,0.3915342249254564,0.00017600294154573932
contiguous,primary,M1,74,1,0,0,0.0,1,0,0,0,0.0,0.6082897721329981,0.3915342249254564,0.00017600294154573932
contiguous,primary,M1,75,1,0,0,0.0,1,0,0,0,0.0,0.6082897721329981,0.3915342249254564,0.00017600294154573932
contiguous,primary,M1,76,1,0,0,0.0,1,0,0,0,0.0,0.6082897721329981,0.3915342249254564,0.00017600294154573932
contiguous,primary,M1,77,1,0,0,0.0,1,0,0,0,0.0,0.6082897721329981,0.3915342249254564,0.00017600294154573932
contiguous,primary,M1,78,1,0,0,0.0,1,0,0,0,0.0,0.6082897721329981,0.3915342249254564,0.00017600294154573932
contiguous,primary,M1,79,1,0,0,0.0,1,0,0,0,0.0,0.6082897721329981,0.3915342249254564,0.00017600294154573932
contiguous,primary,M1,80,1,0,0,0.0,1,0,0,0,0.0,0.6082897721329981,0.3915342249254564,0.00017600294154573932
contiguous,primary,M1,81,1,0,0,0.0,1,0,0,0,0.0,0.6082897721329981,0.3915342249254564,0.00017600294154573932
contiguous,primary,M1,82,1,0,0,0.0,1,0,0,0,0.0,0.6082897721329981,0.3915342249254564,0.00017600294154573932
contiguous,primary,M1,83,1,0,0,0.0,1,0,0,0,0.0,0.6082897721329981,0.3915342249254564,0.00017600294154573932
contiguous,primary,M1,84,1,0,0,0.0,1,0,0,1,0.0,0.6082897721329981,0.3915342249254564,0.00017600294154573932
contiguous,legacy,M0,1,8848,759,3,0.08578209764918626,8086,113,389,162,0.013974771209497897,0.01277598602097971,0.12976314687185092,0.8574608671071694
contiguous,legacy,M0,2,7422,668,3,0.09000269469145783,6751,118,578,187,0.01747889201599763,0.02641453960712338,0.2737427318835553,0.6998427285093214
contiguous,legacy,M0,3,5868,551,0,0.09389911383776414,5317,98,577,154,0.01843144630430694,0.03810243793601116,0.4082728269344269,0.553624735129562
contiguous,legacy,M0,4,4488,417,0,0.0929144385026738,4071,82,562,113,0.020142471137312698,0.04821768487910922,0.5290390069014147,0.42274330821947614
contiguous,legacy,M0,5,3314,313,0,0.09444779722389861,3001,49,459,102,0.016327890703098966,0.05446826487390534,0.6275175325337127,0.318014202592382
contiguous,legacy,M0,6,2391,214,0,0.08950230029276453,2177,34,374,68,0.015617822691777675,0.0589904241746753,0.7057242874999697,0.23528528832535497
contiguous,legacy,M0,7,1701,136,0,0.07995296884185774,1565,21,269,63,0.0134185303514377,0.06189518082066734,0.7617445942441019,0.17636022493523082
contiguous,legacy,M0,8,1212,104,0,0.0858085808580858,1108,22,195,41,0.019855595667870037,0.06509643902906262,0.8052526035309286,0.1296509574400088
contiguous,legacy,M0,9,850,67,0,0.07882352941176471,783,10,171,27,0.01277139208173691,0.06662174441070978,0.8415548716141311,0.09182338397515916
contiguous,legacy,M0,10,575,43,0,0.07478260869565218,532,4,104,23,0.007518796992481203,0.0672605157774935,0.8650297193434326,0.06770976487907389
contiguous,legacy,M0,11,401,25,0,0.06234413965087282,376,4,74,30,0.010638297872340425,0.0679359249034693,0.8817460952113337,0.05031797988519706
contiguous,legacy,M0,12,268,17,0,0.06343283582089553,251,4,49,11,0.01593625498007968,0.06868693952862148,0.8941378365263449,0.03717522394503364
contiguous,legacy,M0,13,187,7,0,0.0374331550802139,180,5,36,8,0.027777777777777776,0.06968092947367585,0.9026861500538125,0.027632920472511632
contiguous,legacy,M0,14,131,4,0,0.030534351145038167,127,3,22,17,0.023622047244094488,0.07031374444632879,0.9081705464834713,0.021515709070199895
contiguous,legacy,M0,15,85,4,0,0.047058823529411764,81,2,16,8,0.024691358024691357,0.07081999642445114,0.9132330662646948,0.015946937310854038
contiguous,legacy,M0,16,55,1,0,0.01818181818181818,54,1,15,0,0.018518518518518517,0.07110994073919394,0.9178721753005796,0.011017883960226425
contiguous,legacy,M0,17,38,5,0,0.13157894736842105,33,2,4,2,0.06060606060606061,0.07168982936867954,0.9204816741332649,0.007828496498055618
contiguous,legacy,M0,18,25,1,0,0.04,24,0,8,1,0.0,0.07168982936867954,0.9232999328725648,0.005010237758755596
contiguous,legacy,M0,19,15,0,0,0.0,15,0,0,1,0.0,0.07168982936867954,0.9232999328725648,0.005010237758755596
contiguous,legacy,M0,20,14,1,0,0.07142857142857142,13,0,3,1,0.0,0.07168982936867954,0.9247314293750665,0.0035787412562539975
contiguous,legacy,M0,21,9,1,0,0.1111111111111111,8,0,3,1,0.0,0.07168982936867954,0.9263219810445127,0.0019881895868077764
contiguous,legacy,M0,22,4,0,0,0.0,4,0,1,0,0.0,0.07168982936867954,0.9268190284412147,0.0014911421901058323
contiguous,legacy,M0,23,3,0,0,0.0,3,0,1,1,0.0,0.07168982936867954,0.9273160758379166,0.0009940947934038884
contiguous,legacy,M0,24,1,0,0,0.0,1,0,0,0,0.0,0.07168982936867954,0.9273160758379166,0.0009940947934038884
contiguous,legacy,M0,25,1,1,0,1.0,0,0,0,0,0.0,0.07168982936867954,0.9283101706313205,0.0
contiguous,legacy,M0,26,0,0,0,0.0,0,0,0,0,0.0,0.07168982936867954,0.9283101706313205,0.0
contiguous,legacy,M0,27,0,0,0,0.0,0,0,0,0,0.0,0.07168982936867954,0.9283101706313205,0.0
contiguous,legacy,M0,28,0,0,0,0.0,0,0,0,0,0.0,0.07168982936867954,0.9283101706313205,0.0
contiguous,legacy,M0,29,0,0,0,0.0,0,0,0,0,0.0,0.07168982936867954,0.9283101706313205,0.0
contiguous,legacy,M0,30,0,0,0,0.0,0,0,0,0,0.0,0.07168982936867954,0.9283101706313205,0.0
contiguous,legacy,M0,31,0,0,0,0.0,0,0,0,0,0.0,0.07168982936867954,0.9283101706313205,0.0
contiguous,legacy,M0,32,0,0,0,0.0,0,0,0,0,0.0,0.07168982936867954,0.9283101706313205,0.0
contiguous,legacy,M0,33,0,0,0,0.0,0,0,0,0,0.0,0.07168982936867954,0.9283101706313205,0.0
contiguous,legacy,M0,34,0,0,0,0.0,0,0,0,0,0.0,0.07168982936867954,0.9283101706313205,0.0
contiguous,legacy,M0,35,0,0,0,0.0,0,0,0,0,0.0,0.07168982936867954,0.9283101706313205,0.0
contiguous,legacy,M0,36,0,0,0,0.0,0,0,0,0,0.0,0.07168982936867954,0.9283101706313205,0.0
contiguous,legacy,M0,37,0,0,0,0.0,0,0,0,0,0.0,0.07168982936867954,0.9283101706313205,0.0
contiguous,legacy,M0,38,0,0,0,0.0,0,0,0,0,0.0,0.07168982936867954,0.9283101706313205,0.0
contiguous,legacy,M0,39,0,0,0,0.0,0,0,0,0,0.0,0.07168982936867954,0.9283101706313205,0.0
contiguous,legacy,M0,40,0,0,0,0.0,0,0,0,0,0.0,0.07168982936867954,0.9283101706313205,0.0
contiguous,legacy,M0,41,0,0,0,0.0,0,0,0,0,0.0,0.07168982936867954,0.9283101706313205,0.0
contiguous,legacy,M0,42,0,0,0,0.0,0,0,0,0,0.0,0.07168982936867954,0.9283101706313205,0.0
contiguous,legacy,M0,43,0,0,0,0.0,0,0,0,0,0.0,0.07168982936867954,0.9283101706313205,0.0
contiguous,legacy,M0,44,0,0,0,0.0,0,0,0,0,0.0,0.07168982936867954,0.9283101706313205,0.0
contiguous,legacy,M0,45,0,0,0,0.0,0,0,0,0,0.0,0.07168982936867954,0.9283101706313205,0.0
contiguous,legacy,M0,46,0,0,0,0.0,0,0,0,0,0.0,0.07168982936867954,0.9283101706313205,0.0
contiguous,legacy,M0,47,0,0,0,0.0,0,0,0,0,0.0,0.07168982936867954,0.9283101706313205,0.0
contiguous,legacy,M0,48,0,0,0,0.0,0,0,0,0,0.0,0.07168982936867954,0.9283101706313205,0.0
contiguous,legacy,M0,49,0,0,0,0.0,0,0,0,0,0.0,0.07168982936867954,0.9283101706313205,0.0
contiguous,legacy,M0,50,0,0,0,0.0,0,0,0,0,0.0,0.07168982936867954,0.9283101706313205,0.0
contiguous,legacy,M0,51,0,0,0,0.0,0,0,0,0,0.0,0.07168982936867954,0.9283101706313205,0.0
contiguous,legacy,M0,52,0,0,0,0.0,0,0,0,0,0.0,0.07168982936867954,0.9283101706313205,0.0
contiguous,legacy,M0,53,0,0,0,0.0,0,0,0,0,0.0,0.07168982936867954,0.9283101706313205,0.0
contiguous,legacy,M0,54,0,0,0,0.0,0,0,0,0,0.0,0.07168982936867954,0.9283101706313205,0.0
contiguous,legacy,M0,55,0,0,0,0.0,0,0,0,0,0.0,0.07168982936867954,0.9283101706313205,0.0
contiguous,legacy,M0,56,0,0,0,0.0,0,0,0,0,0.0,0.07168982936867954,0.9283101706313205,0.0
contiguous,legacy,M0,57,0,0,0,0.0,0,0,0,0,0.0,0.07168982936867954,0.9283101706313205,0.0
contiguous,legacy,M0,58,0,0,0,0.0,0,0,0,0,0.0,0.07168982936867954,0.9283101706313205,0.0
contiguous,legacy,M0,59,0,0,0,0.0,0,0,0,0,0.0,0.07168982936867954,0.9283101706313205,0.0
contiguous,legacy,M0,60,0,0,0,0.0,0,0,0,0,0.0,0.07168982936867954,0.9283101706313205,0.0
contiguous,legacy,M0,61,0,0,0,0.0,0,0,0,0,0.0,0.07168982936867954,0.9283101706313205,0.0
contiguous,legacy,M0,62,0,0,0,0.0,0,0,0,0,0.0,0.07168982936867954,0.9283101706313205,0.0
contiguous,legacy,M0,63,0,0,0,0.0,0,0,0,0,0.0,0.07168982936867954,0.9283101706313205,0.0
contiguous,legacy,M0,64,0,0,0,0.0,0,0,0,0,0.0,0.07168982936867954,0.9283101706313205,0.0
contiguous,legacy,M0,65,0,0,0,0.0,0,0,0,0,0.0,0.07168982936867954,0.9283101706313205,0.0
contiguous,legacy,M0,66,0,0,0,0.0,0,0,0,0,0.0,0.07168982936867954,0.9283101706313205,0.0
contiguous,legacy,M0,67,0,0,0,0.0,0,0,0,0,0.0,0.07168982936867954,0.9283101706313205,0.0
contiguous,legacy,M0,68,0,0,0,0.0,0,0,0,0,0.0,0.07168982936867954,0.9283101706313205,0.0
contiguous,legacy,M0,69,0,0,0,0.0,0,0,0,0,0.0,0.07168982936867954,0.9283101706313205,0.0
contiguous,legacy,M0,70,0,0,0,0.0,0,0,0,0,0.0,0.07168982936867954,0.9283101706313205,0.0
contiguous,legacy,M0,71,0,0,0,0.0,0,0,0,0,0.0,0.07168982936867954,0.9283101706313205,0.0
contiguous,legacy,M0,72,0,0,0,0.0,0,0,0,0,0.0,0.07168982936867954,0.9283101706313205,0.0
contiguous,legacy,M0,73,0,0,0,0.0,0,0,0,0,0.0,0.07168982936867954,0.9283101706313205,0.0
contiguous,legacy,M0,74,0,0,0,0.0,0,0,0,0,0.0,0.07168982936867954,0.9283101706313205,0.0
contiguous,legacy,M0,75,0,0,0,0.0,0,0,0,0,0.0,0.07168982936867954,0.9283101706313205,0.0
contiguous,legacy,M0,76,0,0,0,0.0,0,0,0,0,0.0,0.07168982936867954,0.9283101706313205,0.0
contiguous,legacy,M0,77,0,0,0,0.0,0,0,0,0,0.0,0.07168982936867954,0.9283101706313205,0.0
contiguous,legacy,M0,78,0,0,0,0.0,0,0,0,0,0.0,0.07168982936867954,0.9283101706313205,0.0
contiguous,legacy,M0,79,0,0,0,0.0,0,0,0,0,0.0,0.07168982936867954,0.9283101706313205,0.0
contiguous,legacy,M0,80,0,0,0,0.0,0,0,0,0,0.0,0.07168982936867954,0.9283101706313205,0.0
contiguous,legacy,M0,81,0,0,0,0.0,0,0,0,0,0.0,0.07168982936867954,0.9283101706313205,0.0
contiguous,legacy,M0,82,0,0,0,0.0,0,0,0,0,0.0,0.07168982936867954,0.9283101706313205,0.0
contiguous,legacy,M0,83,0,0,0,0.0,0,0,0,0,0.0,0.07168982936867954,0.9283101706313205,0.0
contiguous,legacy,M0,84,0,0,0,0.0,0,0,0,0,0.0,0.07168982936867954,0.9283101706313205,0.0
contiguous,legacy,M1,1,8848,152,6,0.017179023508137433,8690,305,166,427,0.035097813578826235,0.03449486741427136,0.03595327921557692,0.9295518533701518
contiguous,legacy,M1,2,7792,245,5,0.031442505133470224,7542,375,309,596,0.049721559268098646,0.0792604011478003,0.10206751793342253,0.8186720809187772
contiguous,legacy,M1,3,6262,216,6,0.034493771957840945,6040,397,347,480,0.06572847682119205,0.13121435779713334,0.17571724317297302,0.6930683990298937
contiguous,legacy,M1,4,4816,193,4,0.04007475083056478,4619,297,373,379,0.06429963195496861,0.1739925078560593,0.2572165339530364,0.5687909581909043
contiguous,legacy,M1,5,3570,160,3,0.04481792717086835,3407,197,342,261,0.057822130906956266,0.20540720950293262,0.3372457634755816,0.45734702702148583
contiguous,legacy,M1,6,2607,133,1,0.05101649405446874,2473,142,285,218,0.05742013748483623,0.23032839813592873,0.4105958839548458,0.35907571790922554
contiguous,legacy,M1,7,1828,83,1,0.04540481400437637,1744,107,239,144,0.06135321100917431,0.25135855801808205,0.47387355866182124,0.27476788332009683
contiguous,legacy,M1,8,1254,62,3,0.049441786283891544,1189,58,154,84,0.04878048780487805,0.26409918574273117,0.5212871368955068,0.2146136773617622
contiguous,legacy,M1,9,893,55,0,0.06159014557670773,838,40,123,61,0.0477326968973747,0.27371234038379555,0.5640656750482432,0.16222198456796136
contiguous,legacy,M1,10,614,30,1,0.048859934853420196,583,27,85,41,0.04631217838765009,0.2808581163395328,0.594487791988162,0.12465409167230523
contiguous,legacy,M1,11,430,34,0,0.07906976744186046,396,22,66,28,0.05555555555555555,0.28723576754137164,0.6234771156328841,0.08928711682574421
contiguous,legacy,M1,12,280,11,1,0.039285714285714285,268,17,32,27,0.06343283582089553,0.29267699868801517,0.6372271412464009,0.07009586006558391
contiguous,legacy,M1,13,192,15,0,0.078125,177,8,35,11,0.04519774011299435,0.2955976595240812,0.6554812714718133,0.048921069004105436
contiguous,legacy,M1,14,123,3,0,0.024390243902439025,120,9,19,6,0.075,0.29917724993901573,0.6642313813749867,0.036591368685997556
contiguous,legacy,M1,15,86,4,0,0.046511627906976744,82,6,8,5,0.07317073170731707,0.3017301361264109,0.6693371537497771,0.028932710123812027
contiguous,legacy,M1,16,63,4,1,0.06349206349206349,58,4,6,5,0.06896551724137931,0.3035988059647305,0.673977155975435,0.02242403805983461
contiguous,legacy,M1,17,43,3,0,0.06976744186046512,40,1,4,1,0.025,0.30412029522193595,0.6776275807758732,0.01825212400219096
contiguous,legacy,M1,18,34,0,0,0.0,34,0,5,3,0.0,0.30412029522193595,0.6803117166585483,0.015567988119515819
contiguous,legacy,M1,19,26,1,0,0.038461538461538464,25,2,6,0,0.08,0.305317832769591,0.684503098075341,0.010179069155068035
contiguous,legacy,M1,20,17,0,0,0.0,17,2,2,1,0.11764705882352941,0.30651537031724607,0.6857006356229961,0.007783994059757909
contiguous,legacy,M1,21,12,0,0,0.0,12,0,3,2,0.0,0.30651537031724607,0.6876466341379356,0.005837995544818432
contiguous,legacy,M1,22,7,1,0,0.14285714285714285,6,0,1,1,0.0,0.30651537031724607,0.6893146328650265,0.004169996817727452
contiguous,legacy,M1,23,4,0,0,0.0,4,0,0,0,0.0,0.30651537031724607,0.6893146328650265,0.004169996817727452
contiguous,legacy,M1,24,4,0,0,0.0,4,1,0,0,0.25,0.30755786952167796,0.6893146328650265,0.003127497613295589
contiguous,legacy,M1,25,3,0,0,0.0,3,0,0,0,0.0,0.30755786952167796,0.6893146328650265,0.003127497613295589
contiguous,legacy,M1,26,3,0,0,0.0,3,0,0,0,0.0,0.30755786952167796,0.6893146328650265,0.003127497613295589
contiguous,legacy,M1,27,3,0,0,0.0,3,0,0,1,0.0,0.30755786952167796,0.6893146328650265,0.003127497613295589
contiguous,legacy,M1,28,2,0,0,0.0,2,0,0,0,0.0,0.30755786952167796,0.6893146328650265,0.003127497613295589
contiguous,legacy,M1,29,2,0,0,0.0,2,0,1,0,0.0,0.30755786952167796,0.6908783816716743,0.0015637488066477946
contiguous,legacy,M1,30,1,0,0,0.0,1,0,0,0,0.0,0.30755786952167796,0.6908783816716743,0.0015637488066477946
contiguous,legacy,M1,31,1,0,0,0.0,1,0,0,0,0.0,0.30755786952167796,0.6908783816716743,0.0015637488066477946
contiguous,legacy,M1,32,1,0,0,0.0,1,0,0,0,0.0,0.30755786952167796,0.6908783816716743,0.0015637488066477946
contiguous,legacy,M1,33,1,0,0,0.0,1,0,0,0,0.0,0.30755786952167796,0.6908783816716743,0.0015637488066477946
contiguous,legacy,M1,34,1,0,0,0.0,1,0,0,0,0.0,0.30755786952167796,0.6908783816716743,0.0015637488066477946
contiguous,legacy,M1,35,1,0,0,0.0,1,0,0,0,0.0,0.30755786952167796,0.6908783816716743,0.0015637488066477946
contiguous,legacy,M1,36,1,0,0,0.0,1,0,0,0,0.0,0.30755786952167796,0.6908783816716743,0.0015637488066477946
contiguous,legacy,M1,37,1,0,0,0.0,1,0,0,0,0.0,0.30755786952167796,0.6908783816716743,0.0015637488066477946
contiguous,legacy,M1,38,1,0,0,0.0,1,0,0,0,0.0,0.30755786952167796,0.6908783816716743,0.0015637488066477946
contiguous,legacy,M1,39,1,0,0,0.0,1,0,0,0,0.0,0.30755786952167796,0.6908783816716743,0.0015637488066477946
contiguous,legacy,M1,40,1,0,0,0.0,1,0,0,0,0.0,0.30755786952167796,0.6908783816716743,0.0015637488066477946
contiguous,legacy,M1,41,1,0,0,0.0,1,0,0,0,0.0,0.30755786952167796,0.6908783816716743,0.0015637488066477946
contiguous,legacy,M1,42,1,0,0,0.0,1,0,0,0,0.0,0.30755786952167796,0.6908783816716743,0.0015637488066477946
contiguous,legacy,M1,43,1,0,0,0.0,1,0,0,0,0.0,0.30755786952167796,0.6908783816716743,0.0015637488066477946
contiguous,legacy,M1,44,1,0,0,0.0,1,0,0,0,0.0,0.30755786952167796,0.6908783816716743,0.0015637488066477946
contiguous,legacy,M1,45,1,0,0,0.0,1,0,0,0,0.0,0.30755786952167796,0.6908783816716743,0.0015637488066477946
contiguous,legacy,M1,46,1,0,0,0.0,1,0,0,0,0.0,0.30755786952167796,0.6908783816716743,0.0015637488066477946
contiguous,legacy,M1,47,1,0,0,0.0,1,0,0,0,0.0,0.30755786952167796,0.6908783816716743,0.0015637488066477946
contiguous,legacy,M1,48,1,0,0,0.0,1,0,0,0,0.0,0.30755786952167796,0.6908783816716743,0.0015637488066477946
contiguous,legacy,M1,49,1,0,0,0.0,1,0,0,0,0.0,0.30755786952167796,0.6908783816716743,0.0015637488066477946
contiguous,legacy,M1,50,1,0,0,0.0,1,0,0,0,0.0,0.30755786952167796,0.6908783816716743,0.0015637488066477946
contiguous,legacy,M1,51,1,0,0,0.0,1,0,0,0,0.0,0.30755786952167796,0.6908783816716743,0.0015637488066477946
contiguous,legacy,M1,52,1,0,0,0.0,1,0,0,0,0.0,0.30755786952167796,0.6908783816716743,0.0015637488066477946
contiguous,legacy,M1,53,1,0,0,0.0,1,0,0,0,0.0,0.30755786952167796,0.6908783816716743,0.0015637488066477946
contiguous,legacy,M1,54,1,0,0,0.0,1,0,0,0,0.0,0.30755786952167796,0.6908783816716743,0.0015637488066477946
contiguous,legacy,M1,55,1,0,0,0.0,1,0,0,0,0.0,0.30755786952167796,0.6908783816716743,0.0015637488066477946
contiguous,legacy,M1,56,1,0,0,0.0,1,0,0,0,0.0,0.30755786952167796,0.6908783816716743,0.0015637488066477946
contiguous,legacy,M1,57,1,0,0,0.0,1,0,0,0,0.0,0.30755786952167796,0.6908783816716743,0.0015637488066477946
contiguous,legacy,M1,58,1,0,0,0.0,1,0,0,0,0.0,0.30755786952167796,0.6908783816716743,0.0015637488066477946
contiguous,legacy,M1,59,1,0,0,0.0,1,0,0,0,0.0,0.30755786952167796,0.6908783816716743,0.0015637488066477946
contiguous,legacy,M1,60,1,0,0,0.0,1,0,0,0,0.0,0.30755786952167796,0.6908783816716743,0.0015637488066477946
contiguous,legacy,M1,61,1,0,0,0.0,1,0,0,0,0.0,0.30755786952167796,0.6908783816716743,0.0015637488066477946
contiguous,legacy,M1,62,1,0,0,0.0,1,0,0,0,0.0,0.30755786952167796,0.6908783816716743,0.0015637488066477946
contiguous,legacy,M1,63,1,0,0,0.0,1,0,0,0,0.0,0.30755786952167796,0.6908783816716743,0.0015637488066477946
contiguous,legacy,M1,64,1,0,0,0.0,1,0,0,0,0.0,0.30755786952167796,0.6908783816716743,0.0015637488066477946
contiguous,legacy,M1,65,1,0,0,0.0,1,0,0,0,0.0,0.30755786952167796,0.6908783816716743,0.0015637488066477946
contiguous,legacy,M1,66,1,0,0,0.0,1,0,0,0,0.0,0.30755786952167796,0.6908783816716743,0.0015637488066477946
contiguous,legacy,M1,67,1,0,0,0.0,1,0,0,0,0.0,0.30755786952167796,0.6908783816716743,0.0015637488066477946
contiguous,legacy,M1,68,1,0,0,0.0,1,0,0,0,0.0,0.30755786952167796,0.6908783816716743,0.0015637488066477946
contiguous,legacy,M1,69,1,0,0,0.0,1,0,0,0,0.0,0.30755786952167796,0.6908783816716743,0.0015637488066477946
contiguous,legacy,M1,70,1,0,0,0.0,1,0,0,0,0.0,0.30755786952167796,0.6908783816716743,0.0015637488066477946
contiguous,legacy,M1,71,1,0,0,0.0,1,0,0,0,0.0,0.30755786952167796,0.6908783816716743,0.0015637488066477946
contiguous,legacy,M1,72,1,0,0,0.0,1,0,0,0,0.0,0.30755786952167796,0.6908783816716743,0.0015637488066477946
contiguous,legacy,M1,73,1,0,0,0.0,1,0,0,0,0.0,0.30755786952167796,0.6908783816716743,0.0015637488066477946
contiguous,legacy,M1,74,1,0,0,0.0,1,0,0,0,0.0,0.30755786952167796,0.6908783816716743,0.0015637488066477946
contiguous,legacy,M1,75,1,0,0,0.0,1,0,0,0,0.0,0.30755786952167796,0.6908783816716743,0.0015637488066477946
contiguous,legacy,M1,76,1,0,0,0.0,1,0,0,0,0.0,0.30755786952167796,0.6908783816716743,0.0015637488066477946
contiguous,legacy,M1,77,1,0,0,0.0,1,0,0,0,0.0,0.30755786952167796,0.6908783816716743,0.0015637488066477946
contiguous,legacy,M1,78,1,0,0,0.0,1,0,0,0,0.0,0.30755786952167796,0.6908783816716743,0.0015637488066477946
contiguous,legacy,M1,79,1,0,0,0.0,1,0,0,0,0.0,0.30755786952167796,0.6908783816716743,0.0015637488066477946
contiguous,legacy,M1,80,1,0,0,0.0,1,0,0,0,0.0,0.30755786952167796,0.6908783816716743,0.0015637488066477946
contiguous,legacy,M1,81,1,0,0,0.0,1,0,0,0,0.0,0.30755786952167796,0.6908783816716743,0.0015637488066477946
contiguous,legacy,M1,82,1,0,0,0.0,1,0,0,0,0.0,0.30755786952167796,0.6908783816716743,0.0015637488066477946
contiguous,legacy,M1,83,1,0,0,0.0,1,0,0,0,0.0,0.30755786952167796,0.6908783816716743,0.0015637488066477946
contiguous,legacy,M1,84,1,0,0,0.0,1,0,0,1,0.0,0.30755786952167796,0.6908783816716743,0.0015637488066477946
