episode_variant,capture_kind,model,episode_ordinal,gap_at_risk,gap_stop_events,gap_censored,gap_stop_hazard,episodes_started,capture_events,inepisode_stop_events,inepisode_censored,capture_hazard_given_episode,capture_cif_after_episode,stop_cif_after_episode,event_free_survival
lineage,primary,M0,1,8848,2427,7,0.2742992766726944,6414,79,264,0,0.012316806984720922,0.008938315737894784,0.3041690912904694,0.6868925929716359
lineage,primary,M0,2,6071,1218,1,0.2006259265359908,4852,54,251,0,0.011129431162407255,0.01504930976594581,0.4703823597609428,0.5145683304731113
lineage,primary,M0,3,4547,649,0,0.14273147129975808,3898,67,277,0,0.01718830169317599,0.022631469022972084,0.5751745906864104,0.4021939402906175
lineage,primary,M0,4,3554,444,0,0.12492965672481711,3110,46,229,0,0.014790996784565916,0.027837130602422957,0.6513356829248982,0.3208271864726788
lineage,primary,M0,5,2835,305,0,0.10758377425044091,2530,41,202,0,0.016205533596837945,0.03247695940149874,0.7087111268549328,0.25881191374356843
lineage,primary,M0,6,2287,216,0,0.0944468736335811,2071,34,190,0,0.016417189763399325,0.036324622308049385,0.7546567486213904,0.2090186290705601
lineage,primary,M0,7,1847,125,0,0.0676773145641581,1722,34,184,0,0.019744483159117306,0.040172285214600034,0.7896252144485713,0.17020250033682857
lineage,primary,M0,8,1504,126,0,0.08377659574468085,1378,21,138,0,0.015239477503628448,0.04254878289217543,0.8195011852523763,0.13795003185544816
lineage,primary,M0,9,1219,68,0,0.05578342904019688,1151,16,120,0,0.013900955690703735,0.044359447789375735,0.8407764977944798,0.11486405441614429
lineage,primary,M0,10,1015,50,0,0.04926108374384237,965,19,105,0,0.019689119170984457,0.0465096123548011,0.8583173139861078,0.09517307365909099
lineage,primary,M0,11,841,32,0,0.03804994054696789,809,11,82,0,0.013597033374536464,0.04775444447162631,0.87121830137866,0.08102725414971361
lineage,primary,M0,12,716,40,0,0.055865921787709494,676,20,71,0,0.029585798816568046,0.05001777559312669,0.8837797891029872,0.06620243530388613
lineage,primary,M0,13,585,28,0,0.04786324786324787,557,10,60,0,0.017953321364452424,0.05114944115387688,0.8937384460375888,0.05511211280853426
lineage,primary,M0,14,487,22,0,0.045174537987679675,465,2,46,0,0.004301075268817204,0.05137577426602692,0.9014337718506901,0.047190453883282926
lineage,primary,M0,15,417,12,0,0.02877697841726619,405,5,61,0,0.012345679012345678,0.051941607046402015,0.9096949304441664,0.03836346250943144
lineage,primary,M0,16,339,17,0,0.05014749262536873,322,4,46,0,0.012422360248447204,0.05239427327070209,0.9168244234768926,0.030781303252405166
lineage,primary,M0,17,272,6,0,0.022058823529411766,266,5,42,0,0.018796992481203006,0.052960106051077184,0.9222564181684936,0.02478347578042916
lineage,primary,M0,18,219,10,0,0.045662100456621,209,7,26,0,0.03349282296650718,0.05375227194360232,0.9263304141871942,0.019917313869203344
lineage,primary,M0,19,176,8,0,0.045454545454545456,168,1,17,0,0.005952380952380952,0.053865438499677336,0.9291595780890697,0.01697498341125285
lineage,primary,M0,20,150,6,0,0.04,144,6,18,0,0.041666666666666664,0.05454443783612745,0.9318755754348701,0.013579986729002281
lineage,primary,M0,21,120,4,0,0.03333333333333333,116,2,18,0,0.017241379310344827,0.054770770948277495,0.9343652396685205,0.010863989383201825
lineage,primary,M0,22,96,6,0,0.0625,90,1,19,0,0.011111111111111112,0.05488393750435251,0.937194403570396,0.007921658925251332
lineage,primary,M0,23,70,1,0,0.014285714285714285,69,2,8,0,0.028985507246376812,0.05511027061650255,0.9382129025750712,0.006676826808426123
lineage,primary,M0,24,59,4,0,0.06779661016949153,55,0,8,0,0.0,0.05511027061650255,0.9395709012479714,0.005318828135525894
lineage,primary,M0,25,47,3,0,0.06382978723404255,44,0,2,0,0.0,0.05511027061650255,0.9401367340283465,0.004752995355150799
lineage,primary,M0,26,42,3,0,0.07142857142857142,39,1,5,0,0.02564102564102564,0.05522343717257757,0.9410420664769468,0.0037344963504756276
lineage,primary,M0,27,33,1,0,0.030303030303030304,32,0,3,0,0.0,0.05522343717257757,0.941494732701247,0.0032818301261755517
lineage,primary,M0,28,29,2,0,0.06896551724137931,27,0,4,0,0.0,0.05522343717257757,0.942173732037697,0.002602830789725438
lineage,primary,M0,29,23,0,0,0.0,23,0,4,0,0.0,0.05522343717257757,0.9426263982619971,0.002150164565425362
lineage,primary,M0,30,19,2,0,0.10526315789473684,17,0,1,0,0.0,0.05522343717257757,0.9429658979302222,0.0018106648972003047
lineage,primary,M0,31,16,1,0,0.0625,15,0,1,0,0.0,0.05522343717257757,0.9431922310423724,0.0015843317850502668
lineage,primary,M0,32,14,1,0,0.07142857142857142,13,0,3,0,0.0,0.05522343717257757,0.9436448972666726,0.0011316655607501904
lineage,primary,M0,33,10,1,0,0.1,9,0,2,0,0.0,0.05522343717257757,0.9439843969348977,0.0007921658925251334
lineage,primary,M0,34,7,0,0,0.0,7,0,1,0,0.0,0.05522343717257757,0.9440975634909727,0.0006789993364501144
lineage,primary,M0,35,6,1,0,0.16666666666666666,5,0,0,0,0.0,0.05522343717257757,0.9442107300470478,0.0005658327803750953
lineage,primary,M0,36,5,0,0,0.0,5,0,1,0,0.0,0.05522343717257757,0.9443238966031229,0.0004526662243000763
lineage,primary,M0,37,4,0,0,0.0,4,0,1,0,0.0,0.05522343717257757,0.944437063159198,0.0003394996682250572
lineage,primary,M0,38,3,0,0,0.0,3,0,0,0,0.0,0.05522343717257757,0.944437063159198,0.0003394996682250572
lineage,primary,M0,39,3,1,0,0.3333333333333333,2,0,0,0,0.0,0.05522343717257757,0.944550229715273,0.00022633311215003817
lineage,primary,M0,40,2,0,0,0.0,2,0,1,0,0.0,0.05522343717257757,0.9446633962713481,0.00011316655607501909
lineage,primary,M0,41,1,0,0,0.0,1,0,1,0,0.0,0.05522343717257757,0.9447765628274232,0.0
lineage,primary,M0,42,0,0,0,0.0,0,0,0,0,0.0,0.05522343717257757,0.9447765628274232,0.0
lineage,primary,M0,43,0,0,0,0.0,0,0,0,0,0.0,0.05522343717257757,0.9447765628274232,0.0
lineage,primary,M0,44,0,0,0,0.0,0,0,0,0,0.0,0.05522343717257757,0.9447765628274232,0.0
lineage,primary,M0,45,0,0,0,0.0,0,0,0,0,0.0,0.05522343717257757,0.9447765628274232,0.0
lineage,primary,M0,46,0,0,0,0.0,0,0,0,0,0.0,0.05522343717257757,0.9447765628274232,0.0
lineage,primary,M0,47,0,0,0,0.0,0,0,0,0,0.0,0.05522343717257757,0.9447765628274232,0.0
lineage,primary,M0,48,0,0,0,0.0,0,0,0,0,0.0,0.05522343717257757,0.9447765628274232,0.0
lineage,primary,M0,49,0,0,0,0.0,0,0,0,0,0.0,0.05522343717257757,0.9447765628274232,0.0
lineage,primary,M0,50,0,0,0,0.0,0,0,0,0,0.0,0.05522343717257757,0.9447765628274232,0.0
lineage,primary,M0,51,0,0,0,0.0,0,0,0,0,0.0,0.05522343717257757,0.9447765628274232,0.0
lineage,primary,M0,52,0,0,0,0.0,0,0,0,0,0.0,0.05522343717257757,0.9447765628274232,0.0
lineage,primary,M0,53,0,0,0,0.0,0,0,0,0,0.0,0.05522343717257757,0.9447765628274232,0.0
lineage,primary,M0,54,0,0,0,0.0,0,0,0,0,0.0,0.05522343717257757,0.9447765628274232,0.0
lineage,primary,M0,55,0,0,0,0.0,0,0,0,0,0.0,0.05522343717257757,0.9447765628274232,0.0
lineage,primary,M0,56,0,0,0,0.0,0,0,0,0,0.0,0.05522343717257757,0.9447765628274232,0.0
lineage,primary,M0,57,0,0,0,0.0,0,0,0,0,0.0,0.05522343717257757,0.9447765628274232,0.0
lineage,primary,M0,58,0,0,0,0.0,0,0,0,0,0.0,0.05522343717257757,0.9447765628274232,0.0
lineage,primary,M0,59,0,0,0,0.0,0,0,0,0,0.0,0.05522343717257757,0.9447765628274232,0.0
lineage,primary,M0,60,0,0,0,0.0,0,0,0,0,0.0,0.05522343717257757,0.9447765628274232,0.0
lineage,primary,M0,61,0,0,0,0.0,0,0,0,0,0.0,0.05522343717257757,0.9447765628274232,0.0
lineage,primary,M0,62,0,0,0,0.0,0,0,0,0,0.0,0.05522343717257757,0.9447765628274232,0.0
lineage,primary,M0,63,0,0,0,0.0,0,0,0,0,0.0,0.05522343717257757,0.9447765628274232,0.0
lineage,primary,M1,1,8848,850,9,0.09606690777576854,7989,239,115,0,0.02991613468519214,0.027042184133382316,0.10907883737969727,0.8638789784869204
lineage,primary,M1,2,7635,641,4,0.0839554682383759,6990,303,170,1,0.043347639484978544,0.061345408617941494,0.20085223505904815,0.7378023563230104
lineage,primary,M1,3,6516,432,2,0.06629834254143646,6082,310,188,1,0.050970075633015456,0.0964580455338318,0.2710614236973571,0.6324805307688111
lineage,primary,M1,4,5583,336,4,0.06018269747447609,5243,283,191,0,0.0539767308792676,0.12854268589441864,0.33078010605032127,0.5406772080552601
lineage,primary,M1,5,4769,261,3,0.054728454602642064,4505,254,173,0,0.056381798002219756,0.1573586774870844,0.379997174029093,0.46264414848382274
lineage,primary,M1,6,4078,183,3,0.04487493869543894,3892,225,169,0,0.0578108941418294,0.18290433001885,0.4199459252873009,0.39714974469384917
lineage,primary,M1,7,3498,156,0,0.044596912521440824,3342,207,151,0,0.06193895870736086,0.20640633034807435,0.4548015489639766,0.33879212068794906
lineage,primary,M1,8,2984,108,1,0.036193029490616625,2875,140,148,0,0.04869565217391304,0.2223069317554407,0.4838726693812971,0.2938203988632623
lineage,primary,M1,9,2587,108,0,0.041747197526091996,2479,128,136,0,0.05163372327551432,0.23684462447074706,0.5115851461198498,0.25157022940940316
lineage,primary,M1,10,2215,76,0,0.03431151241534989,2139,124,134,0,0.057971014492753624,0.2509280142887001,0.5354360482308993,0.2136359374804006
lineage,primary,M1,11,1881,66,0,0.03508771929824561,1815,96,98,0,0.05289256198347107,0.2618312838251799,0.5540624670223856,0.18410624915243456
lineage,primary,M1,12,1621,46,0,0.0283775447254781,1575,79,114,1,0.05015873015873016,0.27080376604790807,0.5722345829165186,0.15696165103557344
lineage,primary,M1,13,1381,29,0,0.020999275887038378,1352,83,94,0,0.0613905325443787,0.2802373772252814,0.58621451273359,0.13354811004112874
lineage,primary,M1,14,1175,37,0,0.03148936170212766,1138,65,57,0,0.05711775043936731,0.28762514501479064,0.5968983615368804,0.11547649344832918
lineage,primary,M1,15,1016,22,0,0.021653543307086614,994,48,74,1,0.0482897384305835,0.29308072738242824,0.6078095262721556,0.09910974634541639
lineage,primary,M1,16,871,21,0,0.024110218140068886,850,38,63,1,0.04470588235294118,0.29740468876144754,0.6173677566889351,0.08522755454961754
lineage,primary,M1,17,748,13,0,0.017379679144385027,735,41,41,0,0.055782312925170066,0.3020762525803437,0.6235205480601641,0.07440319935949233
lineage,primary,M1,18,653,14,0,0.021439509954058193,639,24,51,0,0.03755868544600939,0.3048108265231122,0.6309266858218288,0.06426248765505922
lineage,primary,M1,19,564,10,0,0.01773049645390071,554,30,39,0,0.05415162454873646,0.3082290439515728,0.6365097742883145,0.055261181760112986
lineage,primary,M1,20,485,3,0,0.006185567010309278,482,22,30,0,0.04564315352697095,0.3107357367324439,0.6402698134596211,0.04899444980793522
lineage,primary,M1,21,430,5,0,0.011627906976744186,425,19,35,0,0.04470588235294118,0.31290060777046896,0.6448274366975686,0.04227195553196272
lineage,primary,M1,22,371,8,0,0.0215633423180593,363,13,26,0,0.03581267217630854,0.3143818353228019,0.6487014164498239,0.03691674822737445
lineage,primary,M1,23,324,7,0,0.021604938271604937,317,9,19,0,0.028391167192429023,0.3154073005513401,0.6516638715544898,0.03292882789417042
lineage,primary,M1,24,289,4,0,0.01384083044982699,285,10,22,1,0.03508771929824561,0.31654670636082693,0.6546263266591557,0.0288269669800177
lineage,primary,M1,25,252,9,0,0.03571428571428571,243,6,19,0,0.024691358024691357,0.317233062717494,0.6578293229902688,0.024937614292237537
lineage,primary,M1,26,218,1,0,0.0045871559633027525,217,7,25,0,0.03225806451612903,0.3180338118002723,0.6608035338691595,0.02116265433056855
lineage,primary,M1,27,185,2,0,0.010810810810810811,183,10,8,0,0.0546448087431694,0.3191777390613841,0.6619474611302713,0.018874799808344923
lineage,primary,M1,28,165,1,0,0.006060606060606061,164,5,20,0,0.03048780487804878,0.31974970269194,0.664349708378606,0.015900588929454205
lineage,primary,M1,29,139,0,0,0.0,139,7,12,0,0.050359712230215826,0.32055045177471825,0.6657224210919401,0.013727127133341758
lineage,primary,M1,30,120,3,0,0.025,117,3,13,1,0.02564102564102564,0.3208936299530518,0.667552704709719,0.011553665337229313
lineage,primary,M1,31,100,2,0,0.02,98,4,5,0,0.04081632653061224,0.32135577656654096,0.668361461283325,0.010282762150134088
lineage,primary,M1,32,89,2,0,0.02247191011235955,87,5,4,0,0.05747126436781609,0.32193345983340244,0.6690546812035587,0.009011858963038863
lineage,primary,M1,33,78,2,0,0.02564102564102564,76,4,5,0,0.05263157894736842,0.3223956064468916,0.6698634377771647,0.007740955775943638
lineage,primary,M1,34,67,1,0,0.014925373134328358,66,1,9,0,0.015151515151515152,0.32251114310026385,0.6710188043108877,0.006470052588848414
lineage,primary,M1,35,56,0,0,0.0,56,2,3,0,0.03571428571428571,0.32274221640700845,0.6713654142710046,0.005892369321986948
lineage,primary,M1,36,51,0,0,0.0,51,4,2,0,0.0784313725490196,0.3232043630204976,0.6715964875777491,0.005199149401753189
lineage,primary,M1,37,45,0,0,0.0,45,1,3,0,0.022222222222222223,0.32331989967386987,0.6719430975378661,0.004737002788264016
lineage,primary,M1,38,41,0,0,0.0,41,1,4,0,0.024390243902439025,0.32343543632724214,0.6724052441513553,0.004159319521402551
lineage,primary,M1,39,36,0,0,0.0,36,0,6,0,0.0,0.32343543632724214,0.673098464071589,0.003466099601168793
lineage,primary,M1,40,30,0,0,0.0,30,0,4,0,0.0,0.32343543632724214,0.6735606106850782,0.0030039529876796207
lineage,primary,M1,41,26,0,0,0.0,26,1,1,0,0.038461538461538464,0.3235509729806144,0.6736761473384505,0.0027728796809350347
lineage,primary,M1,42,24,1,0,0.041666666666666664,23,1,4,0,0.043478260869565216,0.3236665096339867,0.674253830605312,0.002079659760701276
lineage,primary,M1,43,18,0,0,0.0,18,2,2,0,0.1111111111111111,0.3238975829407313,0.6744849039120565,0.0016175131472121035
lineage,primary,M1,44,14,1,0,0.07142857142857142,13,0,1,0,0.0,0.3238975829407313,0.674715977218801,0.0013864398404675176
lineage,primary,M1,45,12,0,0,0.0,12,1,0,0,0.08333333333333333,0.32401311959410356,0.674715977218801,0.0012709031870952244
lineage,primary,M1,46,11,0,0,0.0,11,0,1,0,0.0,0.32401311959410356,0.6748315138721733,0.0011553665337229312
lineage,primary,M1,47,10,0,0,0.0,10,0,0,0,0.0,0.32401311959410356,0.6748315138721733,0.0011553665337229312
lineage,primary,M1,48,10,0,0,0.0,10,0,1,0,0.0,0.32401311959410356,0.6749470505255456,0.001039829880350638
lineage,primary,M1,49,9,0,0,0.0,9,0,0,0,0.0,0.32401311959410356,0.6749470505255456,0.001039829880350638
lineage,primary,M1,50,9,0,0,0.0,9,0,2,0,0.0,0.32401311959410356,0.6751781238322901,0.0008087565736060518
lineage,primary,M1,51,7,0,0,0.0,7,1,0,0,0.14285714285714285,0.32412865624747583,0.6751781238322901,0.0006932199202337587
lineage,primary,M1,52,6,0,0,0.0,6,0,0,0,0.0,0.32412865624747583,0.6751781238322901,0.0006932199202337587
lineage,primary,M1,53,6,0,0,0.0,6,0,0,0,0.0,0.32412865624747583,0.6751781238322901,0.0006932199202337587
lineage,primary,M1,54,6,0,0,0.0,6,0,0,0,0.0,0.32412865624747583,0.6751781238322901,0.0006932199202337587
lineage,primary,M1,55,6,0,0,0.0,6,0,0,1,0.0,0.32412865624747583,0.6751781238322901,0.0006932199202337587
lineage,primary,M1,56,5,0,0,0.0,5,0,0,0,0.0,0.32412865624747583,0.6751781238322901,0.0006932199202337587
lineage,primary,M1,57,5,0,0,0.0,5,0,1,0,0.0,0.32412865624747583,0.6753167678163369,0.000554575936187007
lineage,primary,M1,58,4,1,0,0.25,3,0,0,0,0.0,0.32412865624747583,0.6754554118003836,0.00041593195214025523
lineage,primary,M1,59,3,0,0,0.0,3,0,0,0,0.0,0.32412865624747583,0.6754554118003836,0.00041593195214025523
lineage,primary,M1,60,3,0,0,0.0,3,0,0,0,0.0,0.32412865624747583,0.6754554118003836,0.00041593195214025523
lineage,primary,M1,61,3,0,0,0.0,3,0,0,0,0.0,0.32412865624747583,0.6754554118003836,0.00041593195214025523
lineage,primary,M1,62,3,0,0,0.0,3,1,1,0,0.3333333333333333,0.32426730023152256,0.6755940557844303,0.00013864398404675175
lineage,primary,M1,63,1,0,0,0.0,1,1,0,0,1.0,0.3244059442155693,0.6755940557844303,0.0
lineage,legacy,M0,1,8848,2427,7,0.2742992766726944,6414,10,315,9,0.0015590894917368258,0.0011314323718854158,0.30993939638708495,0.6889291712410296
lineage,legacy,M0,2,6080,1218,1,0.20032894736842105,4861,9,291,3,0.0018514708907632176,0.0021514386339702212,0.48093205454727445,0.5169165068187552
lineage,legacy,M0,3,4558,652,0,0.14304519526107942,3906,13,323,5,0.0033282130056323605,0.003625750742053551,0.5915054626535242,0.40486878660442216
lineage,legacy,M0,4,3565,444,0,0.12454417952314166,3121,3,266,1,0.0009612303748798462,0.003966453788284481,0.6721385169281777,0.3238950292835377
lineage,legacy,M0,5,2851,305,0,0.10698000701508242,2546,3,234,3,0.001178318931657502,0.004307276337513037,0.7333729682729082,0.26231975538957863
lineage,legacy,M0,6,2306,218,0,0.09453599306157849,2088,5,212,5,0.0023946360153256703,0.004876052910343867,0.7822877535363596,0.21283619355329647
lineage,legacy,M0,7,1866,125,0,0.0669882100750268,1741,5,210,2,0.002871912693854107,0.0054463535361565585,0.82049789546581,0.17405575099803347
lineage,legacy,M0,8,1524,126,0,0.08267716535433071,1398,1,156,1,0.000715307582260372,0.005560563346522722,0.8527050619890681,0.14173437466440916
lineage,legacy,M0,9,1240,68,0,0.054838709677419356,1172,0,132,2,0.0,0.005560563346522722,0.8755654449994567,0.11887399165402059
lineage,legacy,M0,10,1038,50,0,0.04816955684007707,988,1,117,2,0.0010121457489878543,0.005675085496478426,0.8946906440420592,0.09963427046146234
lineage,legacy,M0,11,868,32,0,0.03686635944700461,836,0,93,2,0.0,0.005675085496478426,0.9090388972767168,0.08528601722680473
lineage,legacy,M0,12,741,40,0,0.05398110661268556,701,1,88,1,0.0014265335235378032,0.0057901813361907134,0.9237711647598895,0.0704386539039197
lineage,legacy,M0,13,611,28,0,0.04582651391162029,583,0,72,0,0.0,0.0057901813361907134,0.9352995860207601,0.058910232643049044
lineage,legacy,M0,14,511,22,0,0.043052837573385516,489,0,49,0,0.0,0.0057901813361907134,0.9434847651159783,0.050725053547830884
lineage,legacy,M0,15,440,12,0,0.02727272727272727,428,1,67,0,0.002336448598130841,0.00590546554879942,0.9525922179120662,0.04150231653913436
lineage,legacy,M0,16,360,17,0,0.04722222222222222,343,0,51,1,0.0,0.00590546554879942,0.9604315443694582,0.03366299008174231
lineage,legacy,M0,17,291,6,0,0.020618556701030927,285,0,46,0,0.0,0.00590546554879942,0.9664469240404225,0.027647610410778043
lineage,legacy,M0,18,239,10,0,0.04184100418410042,229,0,33,2,0.0,0.00590546554879942,0.9714211803067968,0.02267335414440375
lineage,legacy,M0,19,194,8,0,0.041237113402061855,186,0,18,0,0.0,0.00590546554879942,0.974459877253985,0.019634657197215615
lineage,legacy,M0,20,168,6,0,0.03571428571428571,162,0,24,0,0.0,0.00590546554879942,0.9779660660392021,0.016128468411998543
lineage,legacy,M0,21,138,4,0,0.028985507246376812,134,0,19,1,0.0,0.00590546554879942,0.9806541441078686,0.013440390343332118
lineage,legacy,M0,22,114,6,0,0.05263157894736842,108,0,21,0,0.0,0.00590546554879942,0.983837394452342,0.010257139998858723
lineage,legacy,M0,23,87,1,0,0.011494252873563218,86,0,11,0,0.0,0.00590546554879942,0.985252172383219,0.008842362067981658
lineage,legacy,M0,24,75,4,0,0.05333333333333334,71,0,8,1,0.0,0.00590546554879942,0.9866669503140961,0.0074275841371045925
lineage,legacy,M0,25,62,3,0,0.04838709677419355,59,0,3,0,0.0,0.00590546554879942,0.9873857487789772,0.0067087856722235035
lineage,legacy,M0,26,56,3,0,0.05357142857142857,53,0,7,0,0.0,0.00590546554879942,0.9885837462204458,0.005510788230755021
lineage,legacy,M0,27,46,1,0,0.021739130434782608,45,0,5,0,0.0,0.00590546554879942,0.9893025446853269,0.004791989765873931
lineage,legacy,M0,28,40,2,0,0.05,38,0,4,0,0.0,0.00590546554879942,0.990021343150208,0.004073191300992842
lineage,legacy,M0,29,34,0,0,0.0,34,0,4,0,0.0,0.00590546554879942,0.9905005421267954,0.003593992324405449
lineage,legacy,M0,30,30,2,0,0.06666666666666667,28,0,2,0,0.0,0.00590546554879942,0.9909797411033827,0.0031147933478180563
lineage,legacy,M0,31,26,1,0,0.038461538461538464,25,0,2,0,0.0,0.00590546554879942,0.9913391403358233,0.002755394115377512
lineage,legacy,M0,32,23,1,0,0.043478260869565216,22,0,4,0,0.0,0.00590546554879942,0.9919381390565576,0.00215639539464327
lineage,legacy,M0,33,18,1,0,0.05555555555555555,17,0,2,0,0.0,0.00590546554879942,0.9922975382889981,0.0017969961622027247
lineage,legacy,M0,34,15,0,0,0.0,15,0,1,0,0.0,0.00590546554879942,0.992417338033145,0.0016771964180558763
lineage,legacy,M0,35,14,1,0,0.07142857142857142,13,0,0,0,0.0,0.00590546554879942,0.9925371377772919,0.0015573966739090281
lineage,legacy,M0,36,13,0,0,0.0,13,0,2,0,0.0,0.00590546554879942,0.9927767372655856,0.0013177971856153316
lineage,legacy,M0,37,11,0,0,0.0,11,0,4,0,0.0,0.00590546554879942,0.993255936242173,0.0008385982090279383
lineage,legacy,M0,38,7,0,0,0.0,7,0,0,0,0.0,0.00590546554879942,0.993255936242173,0.0008385982090279383
lineage,legacy,M0,39,7,1,0,0.14285714285714285,6,0,0,0,0.0,0.00590546554879942,0.9933757359863199,0.00071879846488109
lineage,legacy,M0,40,6,0,0,0.0,6,0,1,0,0.0,0.00590546554879942,0.9934955357304668,0.0005989987207342417
lineage,legacy,M0,41,5,0,0,0.0,5,0,1,0,0.0,0.00590546554879942,0.9936153354746137,0.0004791989765873934
lineage,legacy,M0,42,4,0,0,0.0,4,0,0,0,0.0,0.00590546554879942,0.9936153354746137,0.0004791989765873934
lineage,legacy,M0,43,4,0,0,0.0,4,0,0,0,0.0,0.00590546554879942,0.9936153354746137,0.0004791989765873934
lineage,legacy,M0,44,4,0,0,0.0,4,0,0,0,0.0,0.00590546554879942,0.9936153354746137,0.0004791989765873934
lineage,legacy,M0,45,4,0,0,0.0,4,0,0,0,0.0,0.00590546554879942,0.9936153354746137,0.0004791989765873934
lineage,legacy,M0,46,4,0,0,0.0,4,0,0,0,0.0,0.00590546554879942,0.9936153354746137,0.0004791989765873934
lineage,legacy,M0,47,4,0,0,0.0,4,0,0,1,0.0,0.00590546554879942,0.9936153354746137,0.0004791989765873934
lineage,legacy,M0,48,3,0,0,0.0,3,0,0,0,0.0,0.00590546554879942,0.9936153354746137,0.0004791989765873934
lineage,legacy,M0,49,3,0,0,0.0,3,0,0,0,0.0,0.00590546554879942,0.9936153354746137,0.0004791989765873934
lineage,legacy,M0,50,3,0,0,0.0,3,0,0,0,0.0,0.00590546554879942,0.9936153354746137,0.0004791989765873934
lineage,legacy,M0,51,3,0,0,0.0,3,0,0,0,0.0,0.00590546554879942,0.9936153354746137,0.0004791989765873934
lineage,legacy,M0,52,3,0,0,0.0,3,0,0,0,0.0,0.00590546554879942,0.9936153354746137,0.0004791989765873934
lineage,legacy,M0,53,3,0,0,0.0,3,0,0,0,0.0,0.00590546554879942,0.9936153354746137,0.0004791989765873934
lineage,legacy,M0,54,3,0,0,0.0,3,0,0,0,0.0,0.00590546554879942,0.9936153354746137,0.0004791989765873934
lineage,legacy,M0,55,3,0,0,0.0,3,0,0,0,0.0,0.00590546554879942,0.9936153354746137,0.0004791989765873934
lineage,legacy,M0,56,3,0,0,0.0,3,0,0,0,0.0,0.00590546554879942,0.9936153354746137,0.0004791989765873934
lineage,legacy,M0,57,3,0,0,0.0,3,0,0,0,0.0,0.00590546554879942,0.9936153354746137,0.0004791989765873934
lineage,legacy,M0,58,3,0,0,0.0,3,0,0,0,0.0,0.00590546554879942,0.9936153354746137,0.0004791989765873934
lineage,legacy,M0,59,3,0,0,0.0,3,0,0,0,0.0,0.00590546554879942,0.9936153354746137,0.0004791989765873934
lineage,legacy,M0,60,3,0,0,0.0,3,0,0,0,0.0,0.00590546554879942,0.9936153354746137,0.0004791989765873934
lineage,legacy,M0,61,3,0,0,0.0,3,0,0,0,0.0,0.00590546554879942,0.9936153354746137,0.0004791989765873934
lineage,legacy,M0,62,3,0,0,0.0,3,0,0,0,0.0,0.00590546554879942,0.9936153354746137,0.0004791989765873934
lineage,legacy,M0,63,3,0,0,0.0,3,0,0,0,0.0,0.00590546554879942,0.9936153354746137,0.0004791989765873934
lineage,legacy,M0,64,3,0,0,0.0,3,0,0,0,0.0,0.00590546554879942,0.9936153354746137,0.0004791989765873934
lineage,legacy,M0,65,3,0,0,0.0,3,0,0,0,0.0,0.00590546554879942,0.9936153354746137,0.0004791989765873934
lineage,legacy,M0,66,3,0,0,0.0,3,0,0,0,0.0,0.00590546554879942,0.9936153354746137,0.0004791989765873934
lineage,legacy,M0,67,3,0,0,0.0,3,0,0,0,0.0,0.00590546554879942,0.9936153354746137,0.0004791989765873934
lineage,legacy,M0,68,3,0,0,0.0,3,0,0,0,0.0,0.00590546554879942,0.9936153354746137,0.0004791989765873934
lineage,legacy,M0,69,3,0,0,0.0,3,0,0,0,0.0,0.00590546554879942,0.9936153354746137,0.0004791989765873934
lineage,legacy,M0,70,3,0,0,0.0,3,0,0,0,0.0,0.00590546554879942,0.9936153354746137,0.0004791989765873934
lineage,legacy,M0,71,3,0,0,0.0,3,0,0,0,0.0,0.00590546554879942,0.9936153354746137,0.0004791989765873934
lineage,legacy,M0,72,3,0,0,0.0,3,0,0,0,0.0,0.00590546554879942,0.9936153354746137,0.0004791989765873934
lineage,legacy,M0,73,3,0,0,0.0,3,0,0,0,0.0,0.00590546554879942,0.9936153354746137,0.0004791989765873934
lineage,legacy,M0,74,3,0,0,0.0,3,0,0,0,0.0,0.00590546554879942,0.9936153354746137,0.0004791989765873934
lineage,legacy,M0,75,3,0,0,0.0,3,0,0,0,0.0,0.00590546554879942,0.9936153354746137,0.0004791989765873934
lineage,legacy,M0,76,3,0,0,0.0,3,0,0,0,0.0,0.00590546554879942,0.9936153354746137,0.0004791989765873934
lineage,legacy,M0,77,3,0,0,0.0,3,0,0,0,0.0,0.00590546554879942,0.9936153354746137,0.0004791989765873934
lineage,legacy,M0,78,3,0,0,0.0,3,0,0,0,0.0,0.00590546554879942,0.9936153354746137,0.0004791989765873934
lineage,legacy,M0,79,3,0,0,0.0,3,0,0,0,0.0,0.00590546554879942,0.9936153354746137,0.0004791989765873934
lineage,legacy,M0,80,3,0,0,0.0,3,0,0,0,0.0,0.00590546554879942,0.9936153354746137,0.0004791989765873934
lineage,legacy,M0,81,3,0,0,0.0,3,0,0,0,0.0,0.00590546554879942,0.9936153354746137,0.0004791989765873934
lineage,legacy,M0,82,3,0,0,0.0,3,0,0,0,0.0,0.00590546554879942,0.9936153354746137,0.0004791989765873934
lineage,legacy,M0,83,3,0,0,0.0,3,0,0,1,0.0,0.00590546554879942,0.9936153354746137,0.0004791989765873934
lineage,legacy,M0,84,2,0,0,0.0,2,0,0,0,0.0,0.00590546554879942,0.9936153354746137,0.0004791989765873934
lineage,legacy,M0,85,2,0,0,0.0,2,0,0,0,0.0,0.00590546554879942,0.9936153354746137,0.0004791989765873934
lineage,legacy,M0,86,2,0,0,0.0,2,0,0,0,0.0,0.00590546554879942,0.9936153354746137,0.0004791989765873934
lineage,legacy,M0,87,2,0,0,0.0,2,0,0,0,0.0,0.00590546554879942,0.9936153354746137,0.0004791989765873934
lineage,legacy,M0,88,2,0,0,0.0,2,0,0,0,0.0,0.00590546554879942,0.9936153354746137,0.0004791989765873934
lineage,legacy,M0,89,2,0,0,0.0,2,0,0,0,0.0,0.00590546554879942,0.9936153354746137,0.0004791989765873934
lineage,legacy,M0,90,2,0,0,0.0,2,0,0,0,0.0,0.00590546554879942,0.9936153354746137,0.0004791989765873934
lineage,legacy,M0,91,2,0,0,0.0,2,0,0,0,0.0,0.00590546554879942,0.9936153354746137,0.0004791989765873934
lineage,legacy,M0,92,2,0,0,0.0,2,0,0,0,0.0,0.00590546554879942,0.9936153354746137,0.0004791989765873934
lineage,legacy,M0,93,2,0,0,0.0,2,0,0,0,0.0,0.00590546554879942,0.9936153354746137,0.0004791989765873934
lineage,legacy,M0,94,2,0,0,0.0,2,0,0,0,0.0,0.00590546554879942,0.9936153354746137,0.0004791989765873934
lineage,legacy,M0,95,2,0,0,0.0,2,0,0,0,0.0,0.00590546554879942,0.9936153354746137,0.0004791989765873934
lineage,legacy,M0,96,2,0,0,0.0,2,0,0,0,0.0,0.00590546554879942,0.9936153354746137,0.0004791989765873934
lineage,legacy,M0,97,2,0,0,0.0,2,0,0,0,0.0,0.00590546554879942,0.9936153354746137,0.0004791989765873934
lineage,legacy,M0,98,2,0,0,0.0,2,0,0,0,0.0,0.00590546554879942,0.9936153354746137,0.0004791989765873934
lineage,legacy,M0,99,2,0,0,0.0,2,0,0,0,0.0,0.00590546554879942,0.9936153354746137,0.0004791989765873934
lineage,legacy,M0,100,2,0,0,0.0,2,0,0,0,0.0,0.00590546554879942,0.9936153354746137,0.0004791989765873934
lineage,legacy,M0,101,2,0,0,0.0,2,0,0,0,0.0,0.00590546554879942,0.9936153354746137,0.0004791989765873934
lineage,legacy,M0,102,2,0,0,0.0,2,0,0,0,0.0,0.00590546554879942,0.9936153354746137,0.0004791989765873934
lineage,legacy,M0,103,2,0,0,0.0,2,0,0,0,0.0,0.00590546554879942,0.9936153354746137,0.0004791989765873934
lineage,legacy,M0,104,2,0,0,0.0,2,0,0,0,0.0,0.00590546554879942,0.9936153354746137,0.0004791989765873934
lineage,legacy,M0,105,2,0,0,0.0,2,0,0,0,0.0,0.00590546554879942,0.9936153354746137,0.0004791989765873934
lineage,legacy,M0,106,2,0,0,0.0,2,0,0,0,0.0,0.00590546554879942,0.9936153354746137,0.0004791989765873934
lineage,legacy,M0,107,2,0,0,0.0,2,0,0,0,0.0,0.00590546554879942,0.9936153354746137,0.0004791989765873934
lineage,legacy,M0,108,2,0,0,0.0,2,0,0,0,0.0,0.00590546554879942,0.9936153354746137,0.0004791989765873934
lineage,legacy,M0,109,2,0,0,0.0,2,0,0,0,0.0,0.00590546554879942,0.9936153354746137,0.0004791989765873934
lineage,legacy,M0,110,2,0,0,0.0,2,0,0,0,0.0,0.00590546554879942,0.9936153354746137,0.0004791989765873934
lineage,legacy,M0,111,2,0,0,0.0,2,0,0,0,0.0,0.00590546554879942,0.9936153354746137,0.0004791989765873934
lineage,legacy,M0,112,2,0,0,0.0,2,0,0,0,0.0,0.00590546554879942,0.9936153354746137,0.0004791989765873934
lineage,legacy,M0,113,2,0,0,0.0,2,0,0,0,0.0,0.00590546554879942,0.9936153354746137,0.0004791989765873934
lineage,legacy,M0,114,2,0,0,0.0,2,0,0,0,0.0,0.00590546554879942,0.9936153354746137,0.0004791989765873934
lineage,legacy,M0,115,2,0,0,0.0,2,0,0,0,0.0,0.00590546554879942,0.9936153354746137,0.0004791989765873934
lineage,legacy,M0,116,2,0,0,0.0,2,0,0,0,0.0,0.00590546554879942,0.9936153354746137,0.0004791989765873934
lineage,legacy,M0,117,2,0,0,0.0,2,0,0,0,0.0,0.00590546554879942,0.9936153354746137,0.0004791989765873934
lineage,legacy,M0,118,2,0,0,0.0,2,0,0,0,0.0,0.00590546554879942,0.9936153354746137,0.0004791989765873934
lineage,legacy,M0,119,2,0,0,0.0,2,0,0,0,0.0,0.00590546554879942,0.9936153354746137,0.0004791989765873934
lineage,legacy,M0,120,2,0,0,0.0,2,0,0,0,0.0,0.00590546554879942,0.9936153354746137,0.0004791989765873934
lineage,legacy,M0,121,2,0,0,0.0,2,0,0,0,0.0,0.00590546554879942,0.9936153354746137,0.0004791989765873934
lineage,legacy,M0,122,2,0,0,0.0,2,0,0,0,0.0,0.00590546554879942,0.9936153354746137,0.0004791989765873934
lineage,legacy,M0,123,2,0,0,0.0,2,0,0,0,0.0,0.00590546554879942,0.9936153354746137,0.0004791989765873934
lineage,legacy,M0,124,2,0,0,0.0,2,0,0,0,0.0,0.00590546554879942,0.9936153354746137,0.0004791989765873934
lineage,legacy,M0,125,2,0,0,0.0,2,0,0,0,0.0,0.00590546554879942,0.9936153354746137,0.0004791989765873934
lineage,legacy,M0,126,2,0,0,0.0,2,0,0,0,0.0,0.00590546554879942,0.9936153354746137,0.0004791989765873934
lineage,legacy,M0,127,2,0,0,0.0,2,0,0,0,0.0,0.00590546554879942,0.9936153354746137,0.0004791989765873934
lineage,legacy,M0,128,2,0,0,0.0,2,0,0,0,0.0,0.00590546554879942,0.9936153354746137,0.0004791989765873934
lineage,legacy,M0,129,2,0,0,0.0,2,0,0,0,0.0,0.00590546554879942,0.9936153354746137,0.0004791989765873934
lineage,legacy,M0,130,2,0,0,0.0,2,0,0,0,0.0,0.00590546554879942,0.9936153354746137,0.0004791989765873934
lineage,legacy,M0,131,2,0,0,0.0,2,0,0,0,0.0,0.00590546554879942,0.9936153354746137,0.0004791989765873934
lineage,legacy,M0,132,2,0,0,0.0,2,0,0,0,0.0,0.00590546554879942,0.9936153354746137,0.0004791989765873934
lineage,legacy,M0,133,2,0,0,0.0,2,0,0,0,0.0,0.00590546554879942,0.9936153354746137,0.0004791989765873934
lineage,legacy,M0,134,2,0,0,0.0,2,0,0,0,0.0,0.00590546554879942,0.9936153354746137,0.0004791989765873934
lineage,legacy,M0,135,2,0,0,0.0,2,0,0,0,0.0,0.00590546554879942,0.9936153354746137,0.0004791989765873934
lineage,legacy,M0,136,2,0,0,0.0,2,0,0,0,0.0,0.00590546554879942,0.9936153354746137,0.0004791989765873934
lineage,legacy,M0,137,2,0,0,0.0,2,0,0,0,0.0,0.00590546554879942,0.9936153354746137,0.0004791989765873934
lineage,legacy,M0,138,2,0,0,0.0,2,0,0,0,0.0,0.00590546554879942,0.9936153354746137,0.0004791989765873934
lineage,legacy,M0,139,2,0,0,0.0,2,0,0,0,0.0,0.00590546554879942,0.9936153354746137,0.0004791989765873934
lineage,legacy,M0,140,2,0,0,0.0,2,0,0,0,0.0,0.00590546554879942,0.9936153354746137,0.0004791989765873934
lineage,legacy,M0,141,2,0,0,0.0,2,0,0,0,0.0,0.00590546554879942,0.9936153354746137,0.0004791989765873934
lineage,legacy,M0,142,2,0,0,0.0,2,0,0,0,0.0,0.00590546554879942,0.9936153354746137,0.0004791989765873934
lineage,legacy,M0,143,2,0,0,0.0,2,0,0,0,0.0,0.00590546554879942,0.9936153354746137,0.0004791989765873934
lineage,legacy,M0,144,2,0,0,0.0,2,0,0,0,0.0,0.00590546554879942,0.9936153354746137,0.0004791989765873934
lineage,legacy,M0,145,2,0,0,0.0,2,0,0,0,0.0,0.00590546554879942,0.9936153354746137,0.0004791989765873934
lineage,legacy,M0,146,2,0,0,0.0,2,0,0,0,0.0,0.00590546554879942,0.9936153354746137,0.0004791989765873934
lineage,legacy,M0,147,2,0,0,0.0,2,0,0,0,0.0,0.00590546554879942,0.9936153354746137,0.0004791989765873934
lineage,legacy,M0,148,2,0,0,0.0,2,0,0,0,0.0,0.00590546554879942,0.9936153354746137,0.0004791989765873934
lineage,legacy,M0,149,2,0,0,0.0,2,0,0,0,0.0,0.00590546554879942,0.9936153354746137,0.0004791989765873934
lineage,legacy,M0,150,2,0,0,0.0,2,0,0,0,0.0,0.00590546554879942,0.9936153354746137,0.0004791989765873934
lineage,legacy,M0,151,2,0,0,0.0,2,0,0,1,0.0,0.00590546554879942,0.9936153354746137,0.0004791989765873934
lineage,legacy,M0,152,1,0,0,0.0,1,0,0,0,0.0,0.00590546554879942,0.9936153354746137,0.0004791989765873934
lineage,legacy,M0,153,1,0,0,0.0,1,0,0,0,0.0,0.00590546554879942,0.9936153354746137,0.0004791989765873934
lineage,legacy,M0,154,1,0,0,0.0,1,0,0,0,0.0,0.00590546554879942,0.9936153354746137,0.0004791989765873934
lineage,legacy,M0,155,1,0,0,0.0,1,0,0,0,0.0,0.00590546554879942,0.9936153354746137,0.0004791989765873934
lineage,legacy,M0,156,1,0,0,0.0,1,0,0,0,0.0,0.00590546554879942,0.9936153354746137,0.0004791989765873934
lineage,legacy,M0,157,1,0,0,0.0,1,0,0,0,0.0,0.00590546554879942,0.9936153354746137,0.0004791989765873934
lineage,legacy,M0,158,1,0,0,0.0,1,0,0,0,0.0,0.00590546554879942,0.9936153354746137,0.0004791989765873934
lineage,legacy,M0,159,1,0,0,0.0,1,0,0,0,0.0,0.00590546554879942,0.9936153354746137,0.0004791989765873934
lineage,legacy,M0,160,1,0,0,0.0,1,0,0,0,0.0,0.00590546554879942,0.9936153354746137,0.0004791989765873934
lineage,legacy,M0,161,1,0,0,0.0,1,0,0,0,0.0,0.00590546554879942,0.9936153354746137,0.0004791989765873934
lineage,legacy,M0,162,1,0,0,0.0,1,0,0,0,0.0,0.00590546554879942,0.9936153354746137,0.0004791989765873934
lineage,legacy,M0,163,1,0,0,0.0,1,0,0,0,0.0,0.00590546554879942,0.9936153354746137,0.0004791989765873934
lineage,legacy,M0,164,1,0,0,0.0,1,0,0,0,0.0,0.00590546554879942,0.9936153354746137,0.0004791989765873934
lineage,legacy,M0,165,1,0,0,0.0,1,0,0,0,0.0,0.00590546554879942,0.9936153354746137,0.0004791989765873934
lineage,legacy,M0,166,1,0,0,0.0,1,0,0,0,0.0,0.00590546554879942,0.9936153354746137,0.0004791989765873934
lineage,legacy,M0,167,1,0,0,0.0,1,0,0,0,0.0,0.00590546554879942,0.9936153354746137,0.0004791989765873934
lineage,legacy,M0,168,1,0,0,0.0,1,0,0,0,0.0,0.00590546554879942,0.9936153354746137,0.0004791989765873934
lineage,legacy,M0,169,1,0,0,0.0,1,0,0,0,0.0,0.00590546554879942,0.9936153354746137,0.0004791989765873934
lineage,legacy,M0,170,1,0,0,0.0,1,0,0,0,0.0,0.00590546554879942,0.9936153354746137,0.0004791989765873934
lineage,legacy,M0,171,1,0,0,0.0,1,0,0,0,0.0,0.00590546554879942,0.9936153354746137,0.0004791989765873934
lineage,legacy,M0,172,1,0,0,0.0,1,0,0,0,0.0,0.00590546554879942,0.9936153354746137,0.0004791989765873934
lineage,legacy,M0,173,1,0,0,0.0,1,0,0,0,0.0,0.00590546554879942,0.9936153354746137,0.0004791989765873934
lineage,legacy,M0,174,1,0,0,0.0,1,0,0,0,0.0,0.00590546554879942,0.9936153354746137,0.0004791989765873934
lineage,legacy,M0,175,1,0,0,0.0,1,0,0,0,0.0,0.00590546554879942,0.9936153354746137,0.0004791989765873934
lineage,legacy,M0,176,1,0,0,0.0,1,0,0,0,0.0,0.00590546554879942,0.9936153354746137,0.0004791989765873934
lineage,legacy,M0,177,1,0,0,0.0,1,0,0,0,0.0,0.00590546554879942,0.9936153354746137,0.0004791989765873934
lineage,legacy,M0,178,1,0,0,0.0,1,0,0,0,0.0,0.00590546554879942,0.9936153354746137,0.0004791989765873934
lineage,legacy,M0,179,1,0,0,0.0,1,0,0,0,0.0,0.00590546554879942,0.9936153354746137,0.0004791989765873934
lineage,legacy,M0,180,1,0,0,0.0,1,0,0,0,0.0,0.00590546554879942,0.9936153354746137,0.0004791989765873934
lineage,legacy,M0,181,1,0,0,0.0,1,0,0,0,0.0,0.00590546554879942,0.9936153354746137,0.0004791989765873934
lineage,legacy,M0,182,1,0,0,0.0,1,0,0,0,0.0,0.00590546554879942,0.9936153354746137,0.0004791989765873934
lineage,legacy,M0,183,1,0,0,0.0,1,0,0,0,0.0,0.00590546554879942,0.9936153354746137,0.0004791989765873934
lineage,legacy,M0,184,1,0,0,0.0,1,0,0,0,0.0,0.00590546554879942,0.9936153354746137,0.0004791989765873934
lineage,legacy,M0,185,1,0,0,0.0,1,0,0,0,0.0,0.00590546554879942,0.9936153354746137,0.0004791989765873934
lineage,legacy,M0,186,1,0,0,0.0,1,0,0,0,0.0,0.00590546554879942,0.9936153354746137,0.0004791989765873934
lineage,legacy,M0,187,1,0,0,0.0,1,0,0,0,0.0,0.00590546554879942,0.9936153354746137,0.0004791989765873934
lineage,legacy,M0,188,1,0,0,0.0,1,0,0,0,0.0,0.00590546554879942,0.9936153354746137,0.0004791989765873934
lineage,legacy,M0,189,1,0,0,0.0,1,0,0,0,0.0,0.00590546554879942,0.9936153354746137,0.0004791989765873934
lineage,legacy,M0,190,1,0,0,0.0,1,0,0,0,0.0,0.00590546554879942,0.9936153354746137,0.0004791989765873934
lineage,legacy,M0,191,1,0,0,0.0,1,0,0,0,0.0,0.00590546554879942,0.9936153354746137,0.0004791989765873934
lineage,legacy,M0,192,1,0,0,0.0,1,0,0,0,0.0,0.00590546554879942,0.9936153354746137,0.0004791989765873934
lineage,legacy,M0,193,1,0,0,0.0,1,0,0,0,0.0,0.00590546554879942,0.9936153354746137,0.0004791989765873934
lineage,legacy,M0,194,1,0,0,0.0,1,0,0,0,0.0,0.00590546554879942,0.9936153354746137,0.0004791989765873934
lineage,legacy,M0,195,1,0,0,0.0,1,0,0,0,0.0,0.00590546554879942,0.9936153354746137,0.0004791989765873934
lineage,legacy,M0,196,1,0,0,0.0,1,0,0,0,0.0,0.00590546554879942,0.9936153354746137,0.0004791989765873934
lineage,legacy,M0,197,1,0,0,0.0,1,0,0,0,0.0,0.00590546554879942,0.9936153354746137,0.0004791989765873934
lineage,legacy,M0,198,1,0,0,0.0,1,0,0,0,0.0,0.00590546554879942,0.9936153354746137,0.0004791989765873934
lineage,legacy,M0,199,1,0,0,0.0,1,0,0,0,0.0,0.00590546554879942,0.9936153354746137,0.0004791989765873934
lineage,legacy,M0,200,1,0,0,0.0,1,0,0,0,0.0,0.00590546554879942,0.9936153354746137,0.0004791989765873934
lineage,legacy,M0,201,1,0,0,0.0,1,0,0,0,0.0,0.00590546554879942,0.9936153354746137,0.0004791989765873934
lineage,legacy,M0,202,1,0,0,0.0,1,0,0,0,0.0,0.00590546554879942,0.9936153354746137,0.0004791989765873934
lineage,legacy,M0,203,1,0,0,0.0,1,0,0,0,0.0,0.00590546554879942,0.9936153354746137,0.0004791989765873934
lineage,legacy,M0,204,1,0,0,0.0,1,0,0,0,0.0,0.00590546554879942,0.9936153354746137,0.0004791989765873934
lineage,legacy,M0,205,1,0,0,0.0,1,0,0,0,0.0,0.00590546554879942,0.9936153354746137,0.0004791989765873934
lineage,legacy,M0,206,1,0,0,0.0,1,0,0,0,0.0,0.00590546554879942,0.9936153354746137,0.0004791989765873934
lineage,legacy,M0,207,1,0,0,0.0,1,0,0,0,0.0,0.00590546554879942,0.9936153354746137,0.0004791989765873934
lineage,legacy,M0,208,1,0,0,0.0,1,0,0,0,0.0,0.00590546554879942,0.9936153354746137,0.0004791989765873934
lineage,legacy,M0,209,1,0,0,0.0,1,0,0,0,0.0,0.00590546554879942,0.9936153354746137,0.0004791989765873934
lineage,legacy,M0,210,1,0,0,0.0,1,0,0,0,0.0,0.00590546554879942,0.9936153354746137,0.0004791989765873934
lineage,legacy,M0,211,1,0,0,0.0,1,0,0,0,0.0,0.00590546554879942,0.9936153354746137,0.0004791989765873934
lineage,legacy,M0,212,1,0,0,0.0,1,0,0,0,0.0,0.00590546554879942,0.9936153354746137,0.0004791989765873934
lineage,legacy,M0,213,1,0,0,0.0,1,0,0,0,0.0,0.00590546554879942,0.9936153354746137,0.0004791989765873934
lineage,legacy,M0,214,1,0,0,0.0,1,0,0,0,0.0,0.00590546554879942,0.9936153354746137,0.0004791989765873934
lineage,legacy,M0,215,1,0,0,0.0,1,0,0,0,0.0,0.00590546554879942,0.9936153354746137,0.0004791989765873934
lineage,legacy,M0,216,1,0,0,0.0,1,0,0,0,0.0,0.00590546554879942,0.9936153354746137,0.0004791989765873934
lineage,legacy,M0,217,1,0,0,0.0,1,0,0,0,0.0,0.00590546554879942,0.9936153354746137,0.0004791989765873934
lineage,legacy,M0,218,1,0,0,0.0,1,0,0,0,0.0,0.00590546554879942,0.9936153354746137,0.0004791989765873934
lineage,legacy,M0,219,1,0,0,0.0,1,0,0,0,0.0,0.00590546554879942,0.9936153354746137,0.0004791989765873934
lineage,legacy,M0,220,1,0,0,0.0,1,0,0,0,0.0,0.00590546554879942,0.9936153354746137,0.0004791989765873934
lineage,legacy,M0,221,1,0,0,0.0,1,0,0,0,0.0,0.00590546554879942,0.9936153354746137,0.0004791989765873934
lineage,legacy,M0,222,1,0,0,0.0,1,0,0,0,0.0,0.00590546554879942,0.9936153354746137,0.0004791989765873934
lineage,legacy,M0,223,1,0,0,0.0,1,0,0,0,0.0,0.00590546554879942,0.9936153354746137,0.0004791989765873934
lineage,legacy,M0,224,1,0,0,0.0,1,0,0,0,0.0,0.00590546554879942,0.9936153354746137,0.0004791989765873934
lineage,legacy,M0,225,1,0,0,0.0,1,0,0,0,0.0,0.00590546554879942,0.9936153354746137,0.0004791989765873934
lineage,legacy,M0,226,1,0,0,0.0,1,0,0,0,0.0,0.00590546554879942,0.9936153354746137,0.0004791989765873934
lineage,legacy,M0,227,1,0,0,0.0,1,0,0,0,0.0,0.00590546554879942,0.9936153354746137,0.0004791989765873934
lineage,legacy,M0,228,1,0,0,0.0,1,0,0,0,0.0,0.00590546554879942,0.9936153354746137,0.0004791989765873934
lineage,legacy,M0,229,1,0,0,0.0,1,0,0,0,0.0,0.00590546554879942,0.9936153354746137,0.0004791989765873934
lineage,legacy,M0,230,1,0,0,0.0,1,0,0,0,0.0,0.00590546554879942,0.9936153354746137,0.0004791989765873934
lineage,legacy,M0,231,1,0,0,0.0,1,0,0,0,0.0,0.00590546554879942,0.9936153354746137,0.0004791989765873934
lineage,legacy,M0,232,1,0,0,0.0,1,0,0,0,0.0,0.00590546554879942,0.9936153354746137,0.0004791989765873934
lineage,legacy,M0,233,1,0,0,0.0,1,0,0,0,0.0,0.00590546554879942,0.9936153354746137,0.0004791989765873934
lineage,legacy,M0,234,1,0,0,0.0,1,0,0,0,0.0,0.00590546554879942,0.9936153354746137,0.0004791989765873934
lineage,legacy,M0,235,1,0,0,0.0,1,0,0,0,0.0,0.00590546554879942,0.9936153354746137,0.0004791989765873934
lineage,legacy,M0,236,1,0,0,0.0,1,0,0,0,0.0,0.00590546554879942,0.9936153354746137,0.0004791989765873934
lineage,legacy,M0,237,1,0,0,0.0,1,0,0,0,0.0,0.00590546554879942,0.9936153354746137,0.0004791989765873934
lineage,legacy,M0,238,1,0,0,0.0,1,0,0,0,0.0,0.00590546554879942,0.9936153354746137,0.0004791989765873934
lineage,legacy,M0,239,1,0,0,0.0,1,0,0,0,0.0,0.00590546554879942,0.9936153354746137,0.0004791989765873934
lineage,legacy,M0,240,1,0,0,0.0,1,0,0,0,0.0,0.00590546554879942,0.9936153354746137,0.0004791989765873934
lineage,legacy,M0,241,1,0,0,0.0,1,0,1,0,0.0,0.00590546554879942,0.9940945344512011,0.0
lineage,legacy,M0,242,0,0,0,0.0,0,0,0,0,0.0,0.00590546554879942,0.9940945344512011,0.0
lineage,legacy,M0,243,0,0,0,0.0,0,0,0,0,0.0,0.00590546554879942,0.9940945344512011,0.0
lineage,legacy,M0,244,0,0,0,0.0,0,0,0,0,0.0,0.00590546554879942,0.9940945344512011,0.0
lineage,legacy,M0,245,0,0,0,0.0,0,0,0,0,0.0,0.00590546554879942,0.9940945344512011,0.0
lineage,legacy,M0,246,0,0,0,0.0,0,0,0,0,0.0,0.00590546554879942,0.9940945344512011,0.0
lineage,legacy,M0,247,0,0,0,0.0,0,0,0,0,0.0,0.00590546554879942,0.9940945344512011,0.0
lineage,legacy,M0,248,0,0,0,0.0,0,0,0,0,0.0,0.00590546554879942,0.9940945344512011,0.0
lineage,legacy,M0,249,0,0,0,0.0,0,0,0,0,0.0,0.00590546554879942,0.9940945344512011,0.0
lineage,legacy,M0,250,0,0,0,0.0,0,0,0,0,0.0,0.00590546554879942,0.9940945344512011,0.0
lineage,legacy,M0,251,0,0,0,0.0,0,0,0,0,0.0,0.00590546554879942,0.9940945344512011,0.0
lineage,legacy,M0,252,0,0,0,0.0,0,0,0,0,0.0,0.00590546554879942,0.9940945344512011,0.0
lineage,legacy,M0,253,0,0,0,0.0,0,0,0,0,0.0,0.00590546554879942,0.9940945344512011,0.0
lineage,legacy,M0,254,0,0,0,0.0,0,0,0,0,0.0,0.00590546554879942,0.9940945344512011,0.0
lineage,legacy,M0,255,0,0,0,0.0,0,0,0,0,0.0,0.00590546554879942,0.9940945344512011,0.0
lineage,legacy,M0,256,0,0,0,0.0,0,0,0,0,0.0,0.00590546554879942,0.9940945344512011,0.0
lineage,legacy,M0,257,0,0,0,0.0,0,0,0,0,0.0,0.00590546554879942,0.9940945344512011,0.0
lineage,legacy,M0,258,0,0,0,0.0,0,0,0,0,0.0,0.00590546554879942,0.9940945344512011,0.0
lineage,legacy,M0,259,0,0,0,0.0,0,0,0,0,0.0,0.00590546554879942,0.9940945344512011,0.0
lineage,legacy,M0,260,0,0,0,0.0,0,0,0,0,0.0,0.00590546554879942,0.9940945344512011,0.0
lineage,legacy,M0,261,0,0,0,0.0,0,0,0,0,0.0,0.00590546554879942,0.9940945344512011,0.0
lineage,legacy,M0,262,0,0,0,0.0,0,0,0,0,0.0,0.00590546554879942,0.9940945344512011,0.0
lineage,legacy,M0,263,0,0,0,0.0,0,0,0,0,0.0,0.00590546554879942,0.9940945344512011,0.0
lineage,legacy,M0,264,0,0,0,0.0,0,0,0,0,0.0,0.00590546554879942,0.9940945344512011,0.0
lineage,legacy,M0,265,0,0,0,0.0,0,0,0,0,0.0,0.00590546554879942,0.9940945344512011,0.0
lineage,legacy,M0,266,0,0,0,0.0,0,0,0,0,0.0,0.00590546554879942,0.9940945344512011,0.0
lineage,legacy,M0,267,0,0,0,0.0,0,0,0,0,0.0,0.00590546554879942,0.9940945344512011,0.0
lineage,legacy,M0,268,0,0,0,0.0,0,0,0,0,0.0,0.00590546554879942,0.9940945344512011,0.0
lineage,legacy,M0,269,0,0,0,0.0,0,0,0,0,0.0,0.00590546554879942,0.9940945344512011,0.0
lineage,legacy,M0,270,0,0,0,0.0,0,0,0,0,0.0,0.00590546554879942,0.9940945344512011,0.0
lineage,legacy,M0,271,0,0,0,0.0,0,0,0,0,0.0,0.00590546554879942,0.9940945344512011,0.0
lineage,legacy,M0,272,0,0,0,0.0,0,0,0,0,0.0,0.00590546554879942,0.9940945344512011,0.0
lineage,legacy,M0,273,0,0,0,0.0,0,0,0,0,0.0,0.00590546554879942,0.9940945344512011,0.0
lineage,legacy,M0,274,0,0,0,0.0,0,0,0,0,0.0,0.00590546554879942,0.9940945344512011,0.0
lineage,legacy,M0,275,0,0,0,0.0,0,0,0,0,0.0,0.00590546554879942,0.9940945344512011,0.0
lineage,legacy,M0,276,0,0,0,0.0,0,0,0,0,0.0,0.00590546554879942,0.9940945344512011,0.0
lineage,legacy,M0,277,0,0,0,0.0,0,0,0,0,0.0,0.00590546554879942,0.9940945344512011,0.0
lineage,legacy,M0,278,0,0,0,0.0,0,0,0,0,0.0,0.00590546554879942,0.9940945344512011,0.0
lineage,legacy,M0,279,0,0,0,0.0,0,0,0,0,0.0,0.00590546554879942,0.9940945344512011,0.0
lineage,legacy,M0,280,0,0,0,0.0,0,0,0,0,0.0,0.00590546554879942,0.9940945344512011,0.0
lineage,legacy,M0,281,0,0,0,0.0,0,0,0,0,0.0,0.00590546554879942,0.9940945344512011,0.0
lineage,legacy,M0,282,0,0,0,0.0,0,0,0,0,0.0,0.00590546554879942,0.9940945344512011,0.0
lineage,legacy,M0,283,0,0,0,0.0,0,0,0,0,0.0,0.00590546554879942,0.9940945344512011,0.0
lineage,legacy,M0,284,0,0,0,0.0,0,0,0,0,0.0,0.00590546554879942,0.9940945344512011,0.0
lineage,legacy,M0,285,0,0,0,0.0,0,0,0,0,0.0,0.00590546554879942,0.9940945344512011,0.0
lineage,legacy,M0,286,0,0,0,0.0,0,0,0,0,0.0,0.00590546554879942,0.9940945344512011,0.0
lineage,legacy,M0,287,0,0,0,0.0,0,0,0,0,0.0,0.00590546554879942,0.9940945344512011,0.0
lineage,legacy,M0,288,0,0,0,0.0,0,0,0,0,0.0,0.00590546554879942,0.9940945344512011,0.0
lineage,legacy,M0,289,0,0,0,0.0,0,0,0,0,0.0,0.00590546554879942,0.9940945344512011,0.0
lineage,legacy,M0,290,0,0,0,0.0,0,0,0,0,0.0,0.00590546554879942,0.9940945344512011,0.0
lineage,legacy,M0,291,0,0,0,0.0,0,0,0,0,0.0,0.00590546554879942,0.9940945344512011,0.0
lineage,legacy,M0,292,0,0,0,0.0,0,0,0,0,0.0,0.00590546554879942,0.9940945344512011,0.0
lineage,legacy,M0,293,0,0,0,0.0,0,0,0,0,0.0,0.00590546554879942,0.9940945344512011,0.0
lineage,legacy,M0,294,0,0,0,0.0,0,0,0,0,0.0,0.00590546554879942,0.9940945344512011,0.0
lineage,legacy,M0,295,0,0,0,0.0,0,0,0,0,0.0,0.00590546554879942,0.9940945344512011,0.0
lineage,legacy,M0,296,0,0,0,0.0,0,0,0,0,0.0,0.00590546554879942,0.9940945344512011,0.0
lineage,legacy,M0,297,0,0,0,0.0,0,0,0,0,0.0,0.00590546554879942,0.9940945344512011,0.0
lineage,legacy,M0,298,0,0,0,0.0,0,0,0,0,0.0,0.00590546554879942,0.9940945344512011,0.0
lineage,legacy,M0,299,0,0,0,0.0,0,0,0,0,0.0,0.00590546554879942,0.9940945344512011,0.0
lineage,legacy,M0,300,0,0,0,0.0,0,0,0,0,0.0,0.00590546554879942,0.9940945344512011,0.0
lineage,legacy,M0,301,0,0,0,0.0,0,0,0,0,0.0,0.00590546554879942,0.9940945344512011,0.0
lineage,legacy,M0,302,0,0,0,0.0,0,0,0,0,0.0,0.00590546554879942,0.9940945344512011,0.0
lineage,legacy,M0,303,0,0,0,0.0,0,0,0,0,0.0,0.00590546554879942,0.9940945344512011,0.0
lineage,legacy,M0,304,0,0,0,0.0,0,0,0,0,0.0,0.00590546554879942,0.9940945344512011,0.0
lineage,legacy,M0,305,0,0,0,0.0,0,0,0,0,0.0,0.00590546554879942,0.9940945344512011,0.0
lineage,legacy,M0,306,0,0,0,0.0,0,0,0,0,0.0,0.00590546554879942,0.9940945344512011,0.0
lineage,legacy,M0,307,0,0,0,0.0,0,0,0,0,0.0,0.00590546554879942,0.9940945344512011,0.0
lineage,legacy,M0,308,0,0,0,0.0,0,0,0,0,0.0,0.00590546554879942,0.9940945344512011,0.0
lineage,legacy,M0,309,0,0,0,0.0,0,0,0,0,0.0,0.00590546554879942,0.9940945344512011,0.0
lineage,legacy,M0,310,0,0,0,0.0,0,0,0,0,0.0,0.00590546554879942,0.9940945344512011,0.0
lineage,legacy,M0,311,0,0,0,0.0,0,0,0,0,0.0,0.00590546554879942,0.9940945344512011,0.0
lineage,legacy,M0,312,0,0,0,0.0,0,0,0,0,0.0,0.00590546554879942,0.9940945344512011,0.0
lineage,legacy,M0,313,0,0,0,0.0,0,0,0,0,0.0,0.00590546554879942,0.9940945344512011,0.0
lineage,legacy,M0,314,0,0,0,0.0,0,0,0,0,0.0,0.00590546554879942,0.9940945344512011,0.0
lineage,legacy,M0,315,0,0,0,0.0,0,0,0,0,0.0,0.00590546554879942,0.9940945344512011,0.0
lineage,legacy,M0,316,0,0,0,0.0,0,0,0,0,0.0,0.00590546554879942,0.9940945344512011,0.0
lineage,legacy,M0,317,0,0,0,0.0,0,0,0,0,0.0,0.00590546554879942,0.9940945344512011,0.0
lineage,legacy,M0,318,0,0,0,0.0,0,0,0,0,0.0,0.00590546554879942,0.9940945344512011,0.0
lineage,legacy,M0,319,0,0,0,0.0,0,0,0,0,0.0,0.00590546554879942,0.9940945344512011,0.0
lineage,legacy,M0,320,0,0,0,0.0,0,0,0,0,0.0,0.00590546554879942,0.9940945344512011,0.0
lineage,legacy,M0,321,0,0,0,0.0,0,0,0,0,0.0,0.00590546554879942,0.9940945344512011,0.0
lineage,legacy,M0,322,0,0,0,0.0,0,0,0,0,0.0,0.00590546554879942,0.9940945344512011,0.0
lineage,legacy,M0,323,0,0,0,0.0,0,0,0,0,0.0,0.00590546554879942,0.9940945344512011,0.0
lineage,legacy,M0,324,0,0,0,0.0,0,0,0,0,0.0,0.00590546554879942,0.9940945344512011,0.0
lineage,legacy,M0,325,0,0,0,0.0,0,0,0,0,0.0,0.00590546554879942,0.9940945344512011,0.0
lineage,legacy,M0,326,0,0,0,0.0,0,0,0,0,0.0,0.00590546554879942,0.9940945344512011,0.0
lineage,legacy,M0,327,0,0,0,0.0,0,0,0,0,0.0,0.00590546554879942,0.9940945344512011,0.0
lineage,legacy,M0,328,0,0,0,0.0,0,0,0,0,0.0,0.00590546554879942,0.9940945344512011,0.0
lineage,legacy,M0,329,0,0,0,0.0,0,0,0,0,0.0,0.00590546554879942,0.9940945344512011,0.0
lineage,legacy,M0,330,0,0,0,0.0,0,0,0,0,0.0,0.00590546554879942,0.9940945344512011,0.0
lineage,legacy,M0,331,0,0,0,0.0,0,0,0,0,0.0,0.00590546554879942,0.9940945344512011,0.0
lineage,legacy,M0,332,0,0,0,0.0,0,0,0,0,0.0,0.00590546554879942,0.9940945344512011,0.0
lineage,legacy,M0,333,0,0,0,0.0,0,0,0,0,0.0,0.00590546554879942,0.9940945344512011,0.0
lineage,legacy,M0,334,0,0,0,0.0,0,0,0,0,0.0,0.00590546554879942,0.9940945344512011,0.0
lineage,legacy,M0,335,0,0,0,0.0,0,0,0,0,0.0,0.00590546554879942,0.9940945344512011,0.0
lineage,legacy,M0,336,0,0,0,0.0,0,0,0,0,0.0,0.00590546554879942,0.9940945344512011,0.0
lineage,legacy,M0,337,0,0,0,0.0,0,0,0,0,0.0,0.00590546554879942,0.9940945344512011,0.0
lineage,legacy,M0,338,0,0,0,0.0,0,0,0,0,0.0,0.00590546554879942,0.9940945344512011,0.0
lineage,legacy,M0,339,0,0,0,0.0,0,0,0,0,0.0,0.00590546554879942,0.9940945344512011,0.0
lineage,legacy,M0,340,0,0,0,0.0,0,0,0,0,0.0,0.00590546554879942,0.9940945344512011,0.0
lineage,legacy,M0,341,0,0,0,0.0,0,0,0,0,0.0,0.00590546554879942,0.9940945344512011,0.0
lineage,legacy,M0,342,0,0,0,0.0,0,0,0,0,0.0,0.00590546554879942,0.9940945344512011,0.0
lineage,legacy,M0,343,0,0,0,0.0,0,0,0,0,0.0,0.00590546554879942,0.9940945344512011,0.0
lineage,legacy,M0,344,0,0,0,0.0,0,0,0,0,0.0,0.00590546554879942,0.9940945344512011,0.0
lineage,legacy,M0,345,0,0,0,0.0,0,0,0,0,0.0,0.00590546554879942,0.9940945344512011,0.0
lineage,legacy,M0,346,0,0,0,0.0,0,0,0,0,0.0,0.00590546554879942,0.9940945344512011,0.0
lineage,legacy,M0,347,0,0,0,0.0,0,0,0,0,0.0,0.00590546554879942,0.9940945344512011,0.0
lineage,legacy,M0,348,0,0,0,0.0,0,0,0,0,0.0,0.00590546554879942,0.9940945344512011,0.0
lineage,legacy,M0,349,0,0,0,0.0,0,0,0,0,0.0,0.00590546554879942,0.9940945344512011,0.0
lineage,legacy,M0,350,0,0,0,0.0,0,0,0,0,0.0,0.00590546554879942,0.9940945344512011,0.0
lineage,legacy,M0,351,0,0,0,0.0,0,0,0,0,0.0,0.00590546554879942,0.9940945344512011,0.0
lineage,legacy,M0,352,0,0,0,0.0,0,0,0,0,0.0,0.00590546554879942,0.9940945344512011,0.0
lineage,legacy,M0,353,0,0,0,0.0,0,0,0,0,0.0,0.00590546554879942,0.9940945344512011,0.0
lineage,legacy,M0,354,0,0,0,0.0,0,0,0,0,0.0,0.00590546554879942,0.9940945344512011,0.0
lineage,legacy,M0,355,0,0,0,0.0,0,0,0,0,0.0,0.00590546554879942,0.9940945344512011,0.0
lineage,legacy,M0,356,0,0,0,0.0,0,0,0,0,0.0,0.00590546554879942,0.9940945344512011,0.0
lineage,legacy,M0,357,0,0,0,0.0,0,0,0,0,0.0,0.00590546554879942,0.9940945344512011,0.0
lineage,legacy,M0,358,0,0,0,0.0,0,0,0,0,0.0,0.00590546554879942,0.9940945344512011,0.0
lineage,legacy,M0,359,0,0,0,0.0,0,0,0,0,0.0,0.00590546554879942,0.9940945344512011,0.0
lineage,legacy,M0,360,0,0,0,0.0,0,0,0,0,0.0,0.00590546554879942,0.9940945344512011,0.0
lineage,legacy,M0,361,0,0,0,0.0,0,0,0,0,0.0,0.00590546554879942,0.9940945344512011,0.0
lineage,legacy,M0,362,0,0,0,0.0,0,0,0,0,0.0,0.00590546554879942,0.9940945344512011,0.0
lineage,legacy,M0,363,0,0,0,0.0,0,0,0,0,0.0,0.00590546554879942,0.9940945344512011,0.0
lineage,legacy,M0,364,0,0,0,0.0,0,0,0,0,0.0,0.00590546554879942,0.9940945344512011,0.0
lineage,legacy,M0,365,0,0,0,0.0,0,0,0,0,0.0,0.00590546554879942,0.9940945344512011,0.0
lineage,legacy,M0,366,0,0,0,0.0,0,0,0,0,0.0,0.00590546554879942,0.9940945344512011,0.0
lineage,legacy,M0,367,0,0,0,0.0,0,0,0,0,0.0,0.00590546554879942,0.9940945344512011,0.0
lineage,legacy,M0,368,0,0,0,0.0,0,0,0,0,0.0,0.00590546554879942,0.9940945344512011,0.0
lineage,legacy,M0,369,0,0,0,0.0,0,0,0,0,0.0,0.00590546554879942,0.9940945344512011,0.0
lineage,legacy,M0,370,0,0,0,0.0,0,0,0,0,0.0,0.00590546554879942,0.9940945344512011,0.0
lineage,legacy,M0,371,0,0,0,0.0,0,0,0,0,0.0,0.00590546554879942,0.9940945344512011,0.0
lineage,legacy,M0,372,0,0,0,0.0,0,0,0,0,0.0,0.00590546554879942,0.9940945344512011,0.0
lineage,legacy,M0,373,0,0,0,0.0,0,0,0,0,0.0,0.00590546554879942,0.9940945344512011,0.0
lineage,legacy,M0,374,0,0,0,0.0,0,0,0,0,0.0,0.00590546554879942,0.9940945344512011,0.0
lineage,legacy,M0,375,0,0,0,0.0,0,0,0,0,0.0,0.00590546554879942,0.9940945344512011,0.0
lineage,legacy,M0,376,0,0,0,0.0,0,0,0,0,0.0,0.00590546554879942,0.9940945344512011,0.0
lineage,legacy,M0,377,0,0,0,0.0,0,0,0,0,0.0,0.00590546554879942,0.9940945344512011,0.0
lineage,legacy,M0,378,0,0,0,0.0,0,0,0,0,0.0,0.00590546554879942,0.9940945344512011,0.0
lineage,legacy,M0,379,0,0,0,0.0,0,0,0,0,0.0,0.00590546554879942,0.9940945344512011,0.0
lineage,legacy,M0,380,0,0,0,0.0,0,0,0,0,0.0,0.00590546554879942,0.9940945344512011,0.0
lineage,legacy,M0,381,0,0,0,0.0,0,0,0,0,0.0,0.00590546554879942,0.9940945344512011,0.0
lineage,legacy,M0,382,0,0,0,0.0,0,0,0,0,0.0,0.00590546554879942,0.9940945344512011,0.0
lineage,legacy,M0,383,0,0,0,0.0,0,0,0,0,0.0,0.00590546554879942,0.9940945344512011,0.0
lineage,legacy,M0,384,0,0,0,0.0,0,0,0,0,0.0,0.00590546554879942,0.9940945344512011,0.0
lineage,legacy,M0,385,0,0,0,0.0,0,0,0,0,0.0,0.00590546554879942,0.9940945344512011,0.0
lineage,legacy,M0,386,0,0,0,0.0,0,0,0,0,0.0,0.00590546554879942,0.9940945344512011,0.0
lineage,legacy,M0,387,0,0,0,0.0,0,0,0,0,0.0,0.00590546554879942,0.9940945344512011,0.0
lineage,legacy,M0,388,0,0,0,0.0,0,0,0,0,0.0,0.00590546554879942,0.9940945344512011,0.0
lineage,legacy,M0,389,0,0,0,0.0,0,0,0,0,0.0,0.00590546554879942,0.9940945344512011,0.0
lineage,legacy,M0,390,0,0,0,0.0,0,0,0,0,0.0,0.00590546554879942,0.9940945344512011,0.0
lineage,legacy,M0,391,0,0,0,0.0,0,0,0,0,0.0,0.00590546554879942,0.9940945344512011,0.0
lineage,legacy,M0,392,0,0,0,0.0,0,0,0,0,0.0,0.00590546554879942,0.9940945344512011,0.0
lineage,legacy,M0,393,0,0,0,0.0,0,0,0,0,0.0,0.00590546554879942,0.9940945344512011,0.0
lineage,legacy,M0,394,0,0,0,0.0,0,0,0,0,0.0,0.00590546554879942,0.9940945344512011,0.0
lineage,legacy,M0,395,0,0,0,0.0,0,0,0,0,0.0,0.00590546554879942,0.9940945344512011,0.0
lineage,legacy,M0,396,0,0,0,0.0,0,0,0,0,0.0,0.00590546554879942,0.9940945344512011,0.0
lineage,legacy,M0,397,0,0,0,0.0,0,0,0,0,0.0,0.00590546554879942,0.9940945344512011,0.0
lineage,legacy,M0,398,0,0,0,0.0,0,0,0,0,0.0,0.00590546554879942,0.9940945344512011,0.0
lineage,legacy,M0,399,0,0,0,0.0,0,0,0,0,0.0,0.00590546554879942,0.9940945344512011,0.0
lineage,legacy,M0,400,0,0,0,0.0,0,0,0,0,0.0,0.00590546554879942,0.9940945344512011,0.0
lineage,legacy,M0,401,0,0,0,0.0,0,0,0,0,0.0,0.00590546554879942,0.9940945344512011,0.0
lineage,legacy,M0,402,0,0,0,0.0,0,0,0,0,0.0,0.00590546554879942,0.9940945344512011,0.0
lineage,legacy,M0,403,0,0,0,0.0,0,0,0,0,0.0,0.00590546554879942,0.9940945344512011,0.0
lineage,legacy,M0,404,0,0,0,0.0,0,0,0,0,0.0,0.00590546554879942,0.9940945344512011,0.0
lineage,legacy,M0,405,0,0,0,0.0,0,0,0,0,0.0,0.00590546554879942,0.9940945344512011,0.0
lineage,legacy,M0,406,0,0,0,0.0,0,0,0,0,0.0,0.00590546554879942,0.9940945344512011,0.0
lineage,legacy,M0,407,0,0,0,0.0,0,0,0,0,0.0,0.00590546554879942,0.9940945344512011,0.0
lineage,legacy,M0,408,0,0,0,0.0,0,0,0,0,0.0,0.00590546554879942,0.9940945344512011,0.0
lineage,legacy,M0,409,0,0,0,0.0,0,0,0,0,0.0,0.00590546554879942,0.9940945344512011,0.0
lineage,legacy,M0,410,0,0,0,0.0,0,0,0,0,0.0,0.00590546554879942,0.9940945344512011,0.0
lineage,legacy,M0,411,0,0,0,0.0,0,0,0,0,0.0,0.00590546554879942,0.9940945344512011,0.0
lineage,legacy,M0,412,0,0,0,0.0,0,0,0,0,0.0,0.00590546554879942,0.9940945344512011,0.0
lineage,legacy,M0,413,0,0,0,0.0,0,0,0,0,0.0,0.00590546554879942,0.9940945344512011,0.0
lineage,legacy,M0,414,0,0,0,0.0,0,0,0,0,0.0,0.00590546554879942,0.9940945344512011,0.0
lineage,legacy,M0,415,0,0,0,0.0,0,0,0,0,0.0,0.00590546554879942,0.9940945344512011,0.0
lineage,legacy,M0,416,0,0,0,0.0,0,0,0,0,0.0,0.00590546554879942,0.9940945344512011,0.0
lineage,legacy,M0,417,0,0,0,0.0,0,0,0,0,0.0,0.00590546554879942,0.9940945344512011,0.0
lineage,legacy,M0,418,0,0,0,0.0,0,0,0,0,0.0,0.00590546554879942,0.9940945344512011,0.0
lineage,legacy,M0,419,0,0,0,0.0,0,0,0,0,0.0,0.00590546554879942,0.9940945344512011,0.0
lineage,legacy,M0,420,0,0,0,0.0,0,0,0,0,0.0,0.00590546554879942,0.9940945344512011,0.0
lineage,legacy,M0,421,0,0,0,0.0,0,0,0,0,0.0,0.00590546554879942,0.9940945344512011,0.0
lineage,legacy,M0,422,0,0,0,0.0,0,0,0,0,0.0,0.00590546554879942,0.9940945344512011,0.0
lineage,legacy,M0,423,0,0,0,0.0,0,0,0,0,0.0,0.00590546554879942,0.9940945344512011,0.0
lineage,legacy,M0,424,0,0,0,0.0,0,0,0,0,0.0,0.00590546554879942,0.9940945344512011,0.0
lineage,legacy,M0,425,0,0,0,0.0,0,0,0,0,0.0,0.00590546554879942,0.9940945344512011,0.0
lineage,legacy,M0,426,0,0,0,0.0,0,0,0,0,0.0,0.00590546554879942,0.9940945344512011,0.0
lineage,legacy,M0,427,0,0,0,0.0,0,0,0,0,0.0,0.00590546554879942,0.9940945344512011,0.0
lineage,legacy,M0,428,0,0,0,0.0,0,0,0,0,0.0,0.00590546554879942,0.9940945344512011,0.0
lineage,legacy,M0,429,0,0,0,0.0,0,0,0,0,0.0,0.00590546554879942,0.9940945344512011,0.0
lineage,legacy,M0,430,0,0,0,0.0,0,0,0,0,0.0,0.00590546554879942,0.9940945344512011,0.0
lineage,legacy,M0,431,0,0,0,0.0,0,0,0,0,0.0,0.00590546554879942,0.9940945344512011,0.0
lineage,legacy,M0,432,0,0,0,0.0,0,0,0,0,0.0,0.00590546554879942,0.9940945344512011,0.0
lineage,legacy,M0,433,0,0,0,0.0,0,0,0,0,0.0,0.00590546554879942,0.9940945344512011,0.0
lineage,legacy,M0,434,0,0,0,0.0,0,0,0,0,0.0,0.00590546554879942,0.9940945344512011,0.0
lineage,legacy,M0,435,0,0,0,0.0,0,0,0,0,0.0,0.00590546554879942,0.9940945344512011,0.0
lineage,legacy,M0,436,0,0,0,0.0,0,0,0,0,0.0,0.00590546554879942,0.9940945344512011,0.0
lineage,legacy,M0,437,0,0,0,0.0,0,0,0,0,0.0,0.00590546554879942,0.9940945344512011,0.0
lineage,legacy,M0,438,0,0,0,0.0,0,0,0,0,0.0,0.00590546554879942,0.9940945344512011,0.0
lineage,legacy,M0,439,0,0,0,0.0,0,0,0,0,0.0,0.00590546554879942,0.9940945344512011,0.0
lineage,legacy,M0,440,0,0,0,0.0,0,0,0,0,0.0,0.00590546554879942,0.9940945344512011,0.0
lineage,legacy,M0,441,0,0,0,0.0,0,0,0,0,0.0,0.00590546554879942,0.9940945344512011,0.0
lineage,legacy,M0,442,0,0,0,0.0,0,0,0,0,0.0,0.00590546554879942,0.9940945344512011,0.0
lineage,legacy,M0,443,0,0,0,0.0,0,0,0,0,0.0,0.00590546554879942,0.9940945344512011,0.0
lineage,legacy,M0,444,0,0,0,0.0,0,0,0,0,0.0,0.00590546554879942,0.9940945344512011,0.0
lineage,legacy,M0,445,0,0,0,0.0,0,0,0,0,0.0,0.00590546554879942,0.9940945344512011,0.0
lineage,legacy,M0,446,0,0,0,0.0,0,0,0,0,0.0,0.00590546554879942,0.9940945344512011,0.0
lineage,legacy,M0,447,0,0,0,0.0,0,0,0,0,0.0,0.00590546554879942,0.9940945344512011,0.0
lineage,legacy,M0,448,0,0,0,0.0,0,0,0,0,0.0,0.00590546554879942,0.9940945344512011,0.0
lineage,legacy,M0,449,0,0,0,0.0,0,0,0,0,0.0,0.00590546554879942,0.9940945344512011,0.0
lineage,legacy,M0,450,0,0,0,0.0,0,0,0,0,0.0,0.00590546554879942,0.9940945344512011,0.0
lineage,legacy,M0,451,0,0,0,0.0,0,0,0,0,0.0,0.00590546554879942,0.9940945344512011,0.0
lineage,legacy,M0,452,0,0,0,0.0,0,0,0,0,0.0,0.00590546554879942,0.9940945344512011,0.0
lineage,legacy,M0,453,0,0,0,0.0,0,0,0,0,0.0,0.00590546554879942,0.9940945344512011,0.0
lineage,legacy,M0,454,0,0,0,0.0,0,0,0,0,0.0,0.00590546554879942,0.9940945344512011,0.0
lineage,legacy,M0,455,0,0,0,0.0,0,0,0,0,0.0,0.00590546554879942,0.9940945344512011,0.0
lineage,legacy,M0,456,0,0,0,0.0,0,0,0,0,0.0,0.00590546554879942,0.9940945344512011,0.0
lineage,legacy,M0,457,0,0,0,0.0,0,0,0,0,0.0,0.00590546554879942,0.9940945344512011,0.0
lineage,legacy,M0,458,0,0,0,0.0,0,0,0,0,0.0,0.00590546554879942,0.9940945344512011,0.0
lineage,legacy,M0,459,0,0,0,0.0,0,0,0,0,0.0,0.00590546554879942,0.9940945344512011,0.0
lineage,legacy,M0,460,0,0,0,0.0,0,0,0,0,0.0,0.00590546554879942,0.9940945344512011,0.0
lineage,legacy,M0,461,0,0,0,0.0,0,0,0,0,0.0,0.00590546554879942,0.9940945344512011,0.0
lineage,legacy,M0,462,0,0,0,0.0,0,0,0,0,0.0,0.00590546554879942,0.9940945344512011,0.0
lineage,legacy,M0,463,0,0,0,0.0,0,0,0,0,0.0,0.00590546554879942,0.9940945344512011,0.0
lineage,legacy,M0,464,0,0,0,0.0,0,0,0,0,0.0,0.00590546554879942,0.9940945344512011,0.0
lineage,legacy,M0,465,0,0,0,0.0,0,0,0,0,0.0,0.00590546554879942,0.9940945344512011,0.0
lineage,legacy,M0,466,0,0,0,0.0,0,0,0,0,0.0,0.00590546554879942,0.9940945344512011,0.0
lineage,legacy,M0,467,0,0,0,0.0,0,0,0,0,0.0,0.00590546554879942,0.9940945344512011,0.0
lineage,legacy,M0,468,0,0,0,0.0,0,0,0,0,0.0,0.00590546554879942,0.9940945344512011,0.0
lineage,legacy,M0,469,0,0,0,0.0,0,0,0,0,0.0,0.00590546554879942,0.9940945344512011,0.0
lineage,legacy,M0,470,0,0,0,0.0,0,0,0,0,0.0,0.00590546554879942,0.9940945344512011,0.0
lineage,legacy,M0,471,0,0,0,0.0,0,0,0,0,0.0,0.00590546554879942,0.9940945344512011,0.0
lineage,legacy,M0,472,0,0,0,0.0,0,0,0,0,0.0,0.00590546554879942,0.9940945344512011,0.0
lineage,legacy,M0,473,0,0,0,0.0,0,0,0,0,0.0,0.00590546554879942,0.9940945344512011,0.0
lineage,legacy,M0,474,0,0,0,0.0,0,0,0,0,0.0,0.00590546554879942,0.9940945344512011,0.0
lineage,legacy,M0,475,0,0,0,0.0,0,0,0,0,0.0,0.00590546554879942,0.9940945344512011,0.0
lineage,legacy,M0,476,0,0,0,0.0,0,0,0,0,0.0,0.00590546554879942,0.9940945344512011,0.0
lineage,legacy,M0,477,0,0,0,0.0,0,0,0,0,0.0,0.00590546554879942,0.9940945344512011,0.0
lineage,legacy,M0,478,0,0,0,0.0,0,0,0,0,0.0,0.00590546554879942,0.9940945344512011,0.0
lineage,legacy,M0,479,0,0,0,0.0,0,0,0,0,0.0,0.00590546554879942,0.9940945344512011,0.0
lineage,legacy,M0,480,0,0,0,0.0,0,0,0,0,0.0,0.00590546554879942,0.9940945344512011,0.0
lineage,legacy,M0,481,0,0,0,0.0,0,0,0,0,0.0,0.00590546554879942,0.9940945344512011,0.0
lineage,legacy,M0,482,0,0,0,0.0,0,0,0,0,0.0,0.00590546554879942,0.9940945344512011,0.0
lineage,legacy,M0,483,0,0,0,0.0,0,0,0,0,0.0,0.00590546554879942,0.9940945344512011,0.0
lineage,legacy,M0,484,0,0,0,0.0,0,0,0,0,0.0,0.00590546554879942,0.9940945344512011,0.0
lineage,legacy,M0,485,0,0,0,0.0,0,0,0,0,0.0,0.00590546554879942,0.9940945344512011,0.0
lineage,legacy,M0,486,0,0,0,0.0,0,0,0,0,0.0,0.00590546554879942,0.9940945344512011,0.0
lineage,legacy,M0,487,0,0,0,0.0,0,0,0,0,0.0,0.00590546554879942,0.9940945344512011,0.0
lineage,legacy,M0,488,0,0,0,0.0,0,0,0,0,0.0,0.00590546554879942,0.9940945344512011,0.0
lineage,legacy,M0,489,0,0,0,0.0,0,0,0,0,0.0,0.00590546554879942,0.9940945344512011,0.0
lineage,legacy,M0,490,0,0,0,0.0,0,0,0,0,0.0,0.00590546554879942,0.9940945344512011,0.0
lineage,legacy,M0,491,0,0,0,0.0,0,0,0,0,0.0,0.00590546554879942,0.9940945344512011,0.0
lineage,legacy,M0,492,0,0,0,0.0,0,0,0,0,0.0,0.00590546554879942,0.9940945344512011,0.0
lineage,legacy,M0,493,0,0,0,0.0,0,0,0,0,0.0,0.00590546554879942,0.9940945344512011,0.0
lineage,legacy,M0,494,0,0,0,0.0,0,0,0,0,0.0,0.00590546554879942,0.9940945344512011,0.0
lineage,legacy,M0,495,0,0,0,0.0,0,0,0,0,0.0,0.00590546554879942,0.9940945344512011,0.0
lineage,legacy,M0,496,0,0,0,0.0,0,0,0,0,0.0,0.00590546554879942,0.9940945344512011,0.0
lineage,legacy,M0,497,0,0,0,0.0,0,0,0,0,0.0,0.00590546554879942,0.9940945344512011,0.0
lineage,legacy,M0,498,0,0,0,0.0,0,0,0,0,0.0,0.00590546554879942,0.9940945344512011,0.0
lineage,legacy,M0,499,0,0,0,0.0,0,0,0,0,0.0,0.00590546554879942,0.9940945344512011,0.0
lineage,legacy,M0,500,0,0,0,0.0,0,0,0,0,0.0,0.00590546554879942,0.9940945344512011,0.0
lineage,legacy,M0,501,0,0,0,0.0,0,0,0,0,0.0,0.00590546554879942,0.9940945344512011,0.0
lineage,legacy,M0,502,0,0,0,0.0,0,0,0,0,0.0,0.00590546554879942,0.9940945344512011,0.0
lineage,legacy,M0,503,0,0,0,0.0,0,0,0,0,0.0,0.00590546554879942,0.9940945344512011,0.0
lineage,legacy,M0,504,0,0,0,0.0,0,0,0,0,0.0,0.00590546554879942,0.9940945344512011,0.0
lineage,legacy,M0,505,0,0,0,0.0,0,0,0,0,0.0,0.00590546554879942,0.9940945344512011,0.0
lineage,legacy,M0,506,0,0,0,0.0,0,0,0,0,0.0,0.00590546554879942,0.9940945344512011,0.0
lineage,legacy,M0,507,0,0,0,0.0,0,0,0,0,0.0,0.00590546554879942,0.9940945344512011,0.0
lineage,legacy,M0,508,0,0,0,0.0,0,0,0,0,0.0,0.00590546554879942,0.9940945344512011,0.0
lineage,legacy,M0,509,0,0,0,0.0,0,0,0,0,0.0,0.00590546554879942,0.9940945344512011,0.0
lineage,legacy,M0,510,0,0,0,0.0,0,0,0,0,0.0,0.00590546554879942,0.9940945344512011,0.0
lineage,legacy,M0,511,0,0,0,0.0,0,0,0,0,0.0,0.00590546554879942,0.9940945344512011,0.0
lineage,legacy,M0,512,0,0,0,0.0,0,0,0,0,0.0,0.00590546554879942,0.9940945344512011,0.0
lineage,legacy,M0,513,0,0,0,0.0,0,0,0,0,0.0,0.00590546554879942,0.9940945344512011,0.0
lineage,legacy,M0,514,0,0,0,0.0,0,0,0,0,0.0,0.00590546554879942,0.9940945344512011,0.0
lineage,legacy,M0,515,0,0,0,0.0,0,0,0,0,0.0,0.00590546554879942,0.9940945344512011,0.0
lineage,legacy,M0,516,0,0,0,0.0,0,0,0,0,0.0,0.00590546554879942,0.9940945344512011,0.0
lineage,legacy,M0,517,0,0,0,0.0,0,0,0,0,0.0,0.00590546554879942,0.9940945344512011,0.0
lineage,legacy,M1,1,8848,850,9,0.09606690777576854,7989,55,172,103,0.006884466140943798,0.006223096767096349,0.11552822857468803,0.8782486746582157
lineage,legacy,M1,2,7659,644,5,0.08408408408408409,7010,69,239,129,0.009843081312410842,0.014140890463010015,0.2168003653338974,0.7690587442030926
lineage,legacy,M1,3,6573,434,2,0.06602768903088392,6137,88,264,108,0.014339253707022975,0.024440483487012693,0.2984783160146294,0.677081200498358
lineage,legacy,M1,4,5677,338,4,0.05953848863836533,5335,78,280,84,0.014620431115276476,0.03375031799733104,0.3722106261327406,0.5940390558699284
lineage,legacy,M1,5,4893,262,3,0.05354588187206213,4628,52,252,99,0.011235955056179775,0.04006751699459987,0.43463308946327667,0.5252993935421236
lineage,legacy,M1,6,4225,185,3,0.04378698224852071,4037,51,236,83,0.012633143423334159,0.04641312116463176,0.486998336921259,0.4665885419141094
lineage,legacy,M1,7,3667,158,0,0.043086992091628036,3509,36,221,78,0.010259333143345683,0.050993755882086884,0.5352222413078004,0.41378400281011285
lineage,legacy,M1,8,3174,108,1,0.034026465028355386,3065,31,198,42,0.010114192495921697,0.05503644308377865,0.5751228825937107,0.3698406743225109
lineage,legacy,M1,9,2794,108,0,0.03865425912670007,2686,31,179,40,0.01154132539091586,0.05913990081606134,0.6131129590183924,0.3277471401655465
lineage,legacy,M1,10,2436,76,0,0.031198686371100164,2360,25,168,50,0.01059322033898305,0.0625034798407488,0.645941490299342,0.29155502985990944
lineage,legacy,M1,11,2117,66,0,0.03117619272555503,2051,14,125,45,0.006825938566552901,0.06443157167732827,0.6722461717841047,0.2633222565385672
lineage,legacy,M1,12,1867,48,0,0.025709694697375468,1819,12,145,31,0.006597031335898846,0.06612405538298591,0.6994669513834317,0.2344089932335826
lineage,legacy,M1,13,1631,31,0,0.01900674432863274,1600,17,129,29,0.010625,0.06856731282318879,0.7224623155265177,0.20897037165029375
lineage,legacy,M1,14,1425,37,0,0.025964912280701753,1388,11,91,23,0.00792507204610951,0.07018041744645422,0.7412329875063336,0.18858659504721248
lineage,legacy,M1,15,1263,22,0,0.01741884402216944,1241,12,95,16,0.009669621273166801,0.07197221407398117,0.7587030046247215,0.16932478130129766
lineage,legacy,M1,16,1118,22,0,0.01967799642218247,1096,6,79,18,0.005474452554744526,0.07288093383051765,0.7739997871930856,0.15311927897639707
lineage,legacy,M1,17,993,14,0,0.014098690835850957,979,7,58,16,0.007150153217568948,0.07396032451816596,0.7851020914088969,0.1409375840729375
lineage,legacy,M1,18,898,14,0,0.015590200445434299,884,4,64,10,0.004524886877828055,0.07458810885702091,0.7973438860165685,0.12806800512641092
lineage,legacy,M1,19,806,10,0,0.01240694789081886,796,2,59,8,0.002512562814070352,0.07490589547023781,0.8083075241725516,0.11678658035721094
lineage,legacy,M1,20,727,3,0,0.0041265474552957355,724,3,42,7,0.004143646408839779,0.07538782083622354,0.8155364046623377,0.1090757745014391
lineage,legacy,M1,21,672,5,0,0.00744047619047619,667,1,43,11,0.0014992503748125937,0.07555013597685069,0.8233275314124405,0.10112233261070917
lineage,legacy,M1,22,612,8,0,0.013071895424836602,604,5,35,6,0.008278145695364239,0.0763762988249774,0.8304325319063303,0.09319116926869277
lineage,legacy,M1,23,558,7,0,0.012544802867383513,551,2,24,4,0.003629764065335753,0.07671031735282217,0.8356098190879243,0.08767986355925395
lineage,legacy,M1,24,521,5,0,0.009596928982725527,516,2,29,6,0.003875968992248062,0.07704690032233946,0.8413317295697182,0.08162137010794274
lineage,legacy,M1,25,479,10,0,0.020876826722338204,469,1,24,2,0.0021321961620469083,0.0772172998423978,0.8471253132517017,0.07565738690590099
lineage,legacy,M1,26,442,1,0,0.0022624434389140274,441,3,31,1,0.006802721088435374,0.0777308115182297,0.852602771127242,0.06966641735452875
lineage,legacy,M1,27,406,2,0,0.0049261083743842365,404,2,18,5,0.0049504950495049506,0.0780739958401732,0.8560346143466769,0.06589138981315033
lineage,legacy,M1,28,379,1,0,0.002638522427440633,378,0,30,1,0.0,0.0780739958401732,0.8614241475503911,0.06050185660943619
lineage,legacy,M1,29,347,0,0,0.0,347,0,13,2,0.0,0.0780739958401732,0.8636907877115515,0.058235216448275756
lineage,legacy,M1,30,332,3,0,0.009036144578313253,329,0,15,2,0.0,0.0780739958401732,0.8668481187238074,0.05507788543601984
lineage,legacy,M1,31,312,2,0,0.00641025641025641,310,0,8,1,0.0,0.0780739958401732,0.8686134355647055,0.05331256859512177
lineage,legacy,M1,32,301,2,0,0.006644518272425249,299,1,8,2,0.0033444816053511705,0.0782511140082633,0.8703846172456066,0.051364268746130606
lineage,legacy,M1,33,288,2,0,0.006944444444444444,286,0,9,2,0.0,0.0782511140082633,0.8723464469546601,0.04940243903707701
lineage,legacy,M1,34,275,1,0,0.0036363636363636364,274,0,12,2,0.0,0.0782511140082633,0.8746818349818674,0.047067051009869736
lineage,legacy,M1,35,260,0,0,0.0,260,0,4,1,0.0,0.0782511140082633,0.8754059434589423,0.04634294253279482
lineage,legacy,M1,36,255,0,0,0.0,255,0,3,1,0.0,0.0782511140082633,0.8759511545475634,0.045797731444173706
lineage,legacy,M1,37,251,0,0,0.0,251,0,7,0,0.0,0.0782511140082633,0.8772283821177197,0.044520503874017466
lineage,legacy,M1,38,244,0,0,0.0,244,0,6,0,0.0,0.0782511140082633,0.878323148606425,0.043425737385312115
lineage,legacy,M1,39,238,0,0,0.0,238,0,6,0,0.0,0.0782511140082633,0.8794179150951303,0.042330970896606764
lineage,legacy,M1,40,232,0,0,0.0,232,0,4,0,0.0,0.0782511140082633,0.8801477594209339,0.0416011265708032
lineage,legacy,M1,41,228,0,0,0.0,228,0,2,3,0.0,0.0782511140082633,0.8805126815838357,0.04123620440790141
lineage,legacy,M1,42,223,1,0,0.004484304932735426,222,0,6,0,0.0,0.0782511140082633,0.8818070915876711,0.03994179440406594
lineage,legacy,M1,43,216,0,0,0.0,216,1,2,0,0.004629629629629629,0.07843602972309695,0.8821769230173384,0.03938704725956503
lineage,legacy,M1,44,213,1,0,0.004694835680751174,212,0,4,1,0.0,0.07843602972309695,0.8831015015915066,0.038462468685396836
lineage,legacy,M1,45,207,0,0,0.0,207,0,0,0,0.0,0.07843602972309695,0.8831015015915066,0.038462468685396836
lineage,legacy,M1,46,207,0,0,0.0,207,0,3,0,0.0,0.07843602972309695,0.8836589286739036,0.03790504160299978
lineage,legacy,M1,47,204,0,0,0.0,204,0,0,0,0.0,0.07843602972309695,0.8836589286739036,0.03790504160299978
lineage,legacy,M1,48,204,0,0,0.0,204,0,1,1,0.0,0.07843602972309695,0.8838447377013693,0.0377192325755341
lineage,legacy,M1,49,202,0,0,0.0,202,0,0,1,0.0,0.07843602972309695,0.8838447377013693,0.0377192325755341
lineage,legacy,M1,50,201,0,0,0.0,201,0,4,0,0.0,0.07843602972309695,0.8845953691954098,0.036968601081493614
lineage,legacy,M1,51,197,0,0,0.0,197,0,1,1,0.0,0.07843602972309695,0.88478302706892,0.036780943207983495
lineage,legacy,M1,52,195,0,0,0.0,195,0,1,0,0.0,0.07843602972309695,0.8849716472904994,0.036592322986404094
lineage,legacy,M1,53,194,0,0,0.0,194,0,1,1,0.0,0.07843602972309695,0.8851602675120788,0.03640370276482469
lineage,legacy,M1,54,192,0,0,0.0,192,0,2,0,0.0,0.07843602972309695,0.8855394727492124,0.0360244975276911
lineage,legacy,M1,55,190,0,0,0.0,190,0,0,2,0.0,0.07843602972309695,0.8855394727492124,0.0360244975276911
lineage,legacy,M1,56,188,0,0,0.0,188,0,0,3,0.0,0.07843602972309695,0.8855394727492124,0.0360244975276911
lineage,legacy,M1,57,185,0,0,0.0,185,0,1,2,0.0,0.07843602972309695,0.8857341997628756,0.03582977051402791
lineage,legacy,M1,58,182,1,0,0.005494505494505495,181,0,0,1,0.0,0.07843602972309695,0.8859310666338318,0.03563290364307171
lineage,legacy,M1,59,180,0,0,0.0,180,0,1,0,0.0,0.07843602972309695,0.8861290272096266,0.03543494306727687
lineage,legacy,M1,60,179,0,0,0.0,179,0,1,0,0.0,0.07843602972309695,0.8863269877854214,0.03523698249148202
lineage,legacy,M1,61,178,0,0,0.0,178,0,0,2,0.0,0.07843602972309695,0.8863269877854214,0.03523698249148202
lineage,legacy,M1,62,176,0,0,0.0,176,0,1,0,0.0,0.07843602972309695,0.8865271979132139,0.03503677236368951
lineage,legacy,M1,63,175,0,0,0.0,175,0,1,1,0.0,0.07843602972309695,0.8867274080410064,0.034836562235897
lineage,legacy,M1,64,173,0,0,0.0,173,0,1,1,0.0,0.07843602972309695,0.8869287754527746,0.03463519482412881
lineage,legacy,M1,65,171,0,0,0.0,171,0,0,2,0.0,0.07843602972309695,0.8869287754527746,0.03463519482412881
lineage,legacy,M1,66,169,0,0,0.0,169,0,0,1,0.0,0.07843602972309695,0.8869287754527746,0.03463519482412881
lineage,legacy,M1,67,168,0,0,0.0,168,0,0,1,0.0,0.07843602972309695,0.8869287754527746,0.03463519482412881
lineage,legacy,M1,68,167,0,0,0.0,167,0,1,0,0.0,0.07843602972309695,0.887136171828967,0.03442779844793642
lineage,legacy,M1,69,166,0,0,0.0,166,0,1,0,0.0,0.07843602972309695,0.8873435682051594,0.03422040207174403
lineage,legacy,M1,70,165,0,0,0.0,165,0,0,0,0.0,0.07843602972309695,0.8873435682051594,0.03422040207174403
lineage,legacy,M1,71,165,0,0,0.0,165,0,0,0,0.0,0.07843602972309695,0.8873435682051594,0.03422040207174403
lineage,legacy,M1,72,165,0,0,0.0,165,0,0,0,0.0,0.07843602972309695,0.8873435682051594,0.03422040207174403
lineage,legacy,M1,73,165,0,0,0.0,165,0,0,0,0.0,0.07843602972309695,0.8873435682051594,0.03422040207174403
lineage,legacy,M1,74,165,0,0,0.0,165,0,0,0,0.0,0.07843602972309695,0.8873435682051594,0.03422040207174403
lineage,legacy,M1,75,165,0,0,0.0,165,0,0,0,0.0,0.07843602972309695,0.8873435682051594,0.03422040207174403
lineage,legacy,M1,76,165,0,0,0.0,165,0,0,1,0.0,0.07843602972309695,0.8873435682051594,0.03422040207174403
lineage,legacy,M1,77,164,0,0,0.0,164,0,0,1,0.0,0.07843602972309695,0.8873435682051594,0.03422040207174403
lineage,legacy,M1,78,163,0,0,0.0,163,0,0,0,0.0,0.07843602972309695,0.8873435682051594,0.03422040207174403
lineage,legacy,M1,79,163,0,0,0.0,163,0,0,2,0.0,0.07843602972309695,0.8873435682051594,0.03422040207174403
lineage,legacy,M1,80,161,0,0,0.0,161,0,1,1,0.0,0.07843602972309695,0.8875561172863503,0.034007852990553075
lineage,legacy,M1,81,159,0,0,0.0,159,0,0,1,0.0,0.07843602972309695,0.8875561172863503,0.034007852990553075
lineage,legacy,M1,82,158,0,0,0.0,158,0,0,1,0.0,0.07843602972309695,0.8875561172863503,0.034007852990553075
lineage,legacy,M1,83,157,0,0,0.0,157,0,0,3,0.0,0.07843602972309695,0.8875561172863503,0.034007852990553075
lineage,legacy,M1,84,154,0,0,0.0,154,0,0,1,0.0,0.07843602972309695,0.8875561172863503,0.034007852990553075
lineage,legacy,M1,85,153,0,0,0.0,153,0,1,0,0.0,0.07843602972309695,0.8877783908353082,0.033785579441595215
lineage,legacy,M1,86,152,0,0,0.0,152,0,0,2,0.0,0.07843602972309695,0.8877783908353082,0.033785579441595215
lineage,legacy,M1,87,150,0,0,0.0,150,0,0,0,0.0,0.07843602972309695,0.8877783908353082,0.033785579441595215
lineage,legacy,M1,88,150,0,0,0.0,150,0,0,0,0.0,0.07843602972309695,0.8877783908353082,0.033785579441595215
lineage,legacy,M1,89,150,0,0,0.0,150,0,1,0,0.0,0.07843602972309695,0.8880036280315855,0.03356034224531791
lineage,legacy,M1,90,149,0,0,0.0,149,0,0,3,0.0,0.07843602972309695,0.8880036280315855,0.03356034224531791
lineage,legacy,M1,91,146,0,0,0.0,146,0,0,1,0.0,0.07843602972309695,0.8880036280315855,0.03356034224531791
lineage,legacy,M1,92,145,0,0,0.0,145,0,0,5,0.0,0.07843602972309695,0.8880036280315855,0.03356034224531791
lineage,legacy,M1,93,140,0,0,0.0,140,0,0,0,0.0,0.07843602972309695,0.8880036280315855,0.03356034224531791
lineage,legacy,M1,94,140,0,0,0.0,140,0,0,1,0.0,0.07843602972309695,0.8880036280315855,0.03356034224531791
lineage,legacy,M1,95,139,0,0,0.0,139,0,0,1,0.0,0.07843602972309695,0.8880036280315855,0.03356034224531791
lineage,legacy,M1,96,138,0,0,0.0,138,0,0,1,0.0,0.07843602972309695,0.8880036280315855,0.03356034224531791
lineage,legacy,M1,97,137,0,0,0.0,137,0,0,0,0.0,0.07843602972309695,0.8880036280315855,0.03356034224531791
lineage,legacy,M1,98,137,0,0,0.0,137,0,0,0,0.0,0.07843602972309695,0.8880036280315855,0.03356034224531791
lineage,legacy,M1,99,137,0,0,0.0,137,0,0,0,0.0,0.07843602972309695,0.8880036280315855,0.03356034224531791
lineage,legacy,M1,100,137,0,0,0.0,137,0,0,1,0.0,0.07843602972309695,0.8880036280315855,0.03356034224531791
lineage,legacy,M1,101,136,0,0,0.0,136,0,0,0,0.0,0.07843602972309695,0.8880036280315855,0.03356034224531791
lineage,legacy,M1,102,136,0,0,0.0,136,0,0,0,0.0,0.07843602972309695,0.8880036280315855,0.03356034224531791
lineage,legacy,M1,103,136,0,0,0.0,136,0,0,0,0.0,0.07843602972309695,0.8880036280315855,0.03356034224531791
lineage,legacy,M1,104,136,0,0,0.0,136,0,0,1,0.0,0.07843602972309695,0.8880036280315855,0.03356034224531791
lineage,legacy,M1,105,135,0,0,0.0,135,0,0,2,0.0,0.07843602972309695,0.8880036280315855,0.03356034224531791
lineage,legacy,M1,106,133,0,0,0.0,133,0,0,1,0.0,0.07843602972309695,0.8880036280315855,0.03356034224531791
lineage,legacy,M1,107,132,0,0,0.0,132,0,0,2,0.0,0.07843602972309695,0.8880036280315855,0.03356034224531791
lineage,legacy,M1,108,130,0,0,0.0,130,0,0,0,0.0,0.07843602972309695,0.8880036280315855,0.03356034224531791
lineage,legacy,M1,109,130,0,0,0.0,130,0,0,2,0.0,0.07843602972309695,0.8880036280315855,0.03356034224531791
lineage,legacy,M1,110,128,0,0,0.0,128,0,0,0,0.0,0.07843602972309695,0.8880036280315855,0.03356034224531791
lineage,legacy,M1,111,128,0,0,0.0,128,0,0,1,0.0,0.07843602972309695,0.8880036280315855,0.03356034224531791
lineage,legacy,M1,112,127,0,0,0.0,127,0,0,0,0.0,0.07843602972309695,0.8880036280315855,0.03356034224531791
lineage,legacy,M1,113,127,0,0,0.0,127,0,0,3,0.0,0.07843602972309695,0.8880036280315855,0.03356034224531791
lineage,legacy,M1,114,124,0,0,0.0,124,0,0,1,0.0,0.07843602972309695,0.8880036280315855,0.03356034224531791
lineage,legacy,M1,115,123,0,0,0.0,123,0,0,1,0.0,0.07843602972309695,0.8880036280315855,0.03356034224531791
lineage,legacy,M1,116,122,0,0,0.0,122,0,0,0,0.0,0.07843602972309695,0.8880036280315855,0.03356034224531791
lineage,legacy,M1,117,122,0,0,0.0,122,0,0,0,0.0,0.07843602972309695,0.8880036280315855,0.03356034224531791
lineage,legacy,M1,118,122,0,0,0.0,122,0,0,0,0.0,0.07843602972309695,0.8880036280315855,0.03356034224531791
lineage,legacy,M1,119,122,0,0,0.0,122,0,1,1,0.0,0.07843602972309695,0.8882787128040881,0.033285257472815306
lineage,legacy,M1,120,120,0,0,0.0,120,0,0,0,0.0,0.07843602972309695,0.8882787128040881,0.033285257472815306
lineage,legacy,M1,121,120,0,0,0.0,120,0,0,2,0.0,0.07843602972309695,0.8882787128040881,0.033285257472815306
lineage,legacy,M1,122,118,0,0,0.0,118,0,0,0,0.0,0.07843602972309695,0.8882787128040881,0.033285257472815306
lineage,legacy,M1,123,118,0,0,0.0,118,0,0,0,0.0,0.07843602972309695,0.8882787128040881,0.033285257472815306
lineage,legacy,M1,124,118,0,0,0.0,118,0,0,1,0.0,0.07843602972309695,0.8882787128040881,0.033285257472815306
lineage,legacy,M1,125,117,0,0,0.0,117,0,0,1,0.0,0.07843602972309695,0.8882787128040881,0.033285257472815306
lineage,legacy,M1,126,116,0,0,0.0,116,0,0,0,0.0,0.07843602972309695,0.8882787128040881,0.033285257472815306
lineage,legacy,M1,127,116,0,0,0.0,116,0,0,2,0.0,0.07843602972309695,0.8882787128040881,0.033285257472815306
lineage,legacy,M1,128,114,0,0,0.0,114,0,0,2,0.0,0.07843602972309695,0.8882787128040881,0.033285257472815306
lineage,legacy,M1,129,112,0,0,0.0,112,0,1,1,0.0,0.07843602972309695,0.8885759026029525,0.032988067673950884
lineage,legacy,M1,130,110,0,0,0.0,110,0,0,1,0.0,0.07843602972309695,0.8885759026029525,0.032988067673950884
lineage,legacy,M1,131,109,0,0,0.0,109,0,0,1,0.0,0.07843602972309695,0.8885759026029525,0.032988067673950884
lineage,legacy,M1,132,108,0,0,0.0,108,0,0,1,0.0,0.07843602972309695,0.8885759026029525,0.032988067673950884
lineage,legacy,M1,133,107,0,0,0.0,107,0,0,1,0.0,0.07843602972309695,0.8885759026029525,0.032988067673950884
lineage,legacy,M1,134,106,0,0,0.0,106,0,0,0,0.0,0.07843602972309695,0.8885759026029525,0.032988067673950884
lineage,legacy,M1,135,106,0,0,0.0,106,0,0,3,0.0,0.07843602972309695,0.8885759026029525,0.032988067673950884
lineage,legacy,M1,136,103,0,0,0.0,103,0,0,0,0.0,0.07843602972309695,0.8885759026029525,0.032988067673950884
lineage,legacy,M1,137,103,0,0,0.0,103,0,0,0,0.0,0.07843602972309695,0.8885759026029525,0.032988067673950884
lineage,legacy,M1,138,103,0,0,0.0,103,0,0,1,0.0,0.07843602972309695,0.8885759026029525,0.032988067673950884
lineage,legacy,M1,139,102,0,0,0.0,102,0,0,0,0.0,0.07843602972309695,0.8885759026029525,0.032988067673950884
lineage,legacy,M1,140,102,0,0,0.0,102,0,0,2,0.0,0.07843602972309695,0.8885759026029525,0.032988067673950884
lineage,legacy,M1,141,100,0,0,0.0,100,0,0,1,0.0,0.07843602972309695,0.8885759026029525,0.032988067673950884
lineage,legacy,M1,142,99,0,0,0.0,99,0,0,2,0.0,0.07843602972309695,0.8885759026029525,0.032988067673950884
lineage,legacy,M1,143,97,0,0,0.0,97,0,0,0,0.0,0.07843602972309695,0.8885759026029525,0.032988067673950884
lineage,legacy,M1,144,97,0,0,0.0,97,0,0,1,0.0,0.07843602972309695,0.8885759026029525,0.032988067673950884
lineage,legacy,M1,145,96,0,0,0.0,96,0,0,3,0.0,0.07843602972309695,0.8885759026029525,0.032988067673950884
lineage,legacy,M1,146,93,0,0,0.0,93,0,0,2,0.0,0.07843602972309695,0.8885759026029525,0.032988067673950884
lineage,legacy,M1,147,91,0,0,0.0,91,0,0,1,0.0,0.07843602972309695,0.8885759026029525,0.032988067673950884
lineage,legacy,M1,148,90,0,0,0.0,90,0,0,0,0.0,0.07843602972309695,0.8885759026029525,0.032988067673950884
lineage,legacy,M1,149,90,0,0,0.0,90,0,0,1,0.0,0.07843602972309695,0.8885759026029525,0.032988067673950884
lineage,legacy,M1,150,89,0,0,0.0,89,0,0,0,0.0,0.07843602972309695,0.8885759026029525,0.032988067673950884
lineage,legacy,M1,151,89,0,0,0.0,89,0,0,0,0.0,0.07843602972309695,0.8885759026029525,0.032988067673950884
lineage,legacy,M1,152,89,0,0,0.0,89,0,0,2,0.0,0.07843602972309695,0.8885759026029525,0.032988067673950884
lineage,legacy,M1,153,87,0,0,0.0,87,0,0,0,0.0,0.07843602972309695,0.8885759026029525,0.032988067673950884
lineage,legacy,M1,154,87,0,0,0.0,87,0,0,1,0.0,0.07843602972309695,0.8885759026029525,0.032988067673950884
lineage,legacy,M1,155,86,0,0,0.0,86,0,1,0,0.0,0.07843602972309695,0.8889594847852077,0.03260448549169564
lineage,legacy,M1,156,85,0,0,0.0,85,0,0,0,0.0,0.07843602972309695,0.8889594847852077,0.03260448549169564
lineage,legacy,M1,157,85,0,0,0.0,85,0,0,0,0.0,0.07843602972309695,0.8889594847852077,0.03260448549169564
lineage,legacy,M1,158,85,0,0,0.0,85,0,0,0,0.0,0.07843602972309695,0.8889594847852077,0.03260448549169564
lineage,legacy,M1,159,85,0,0,0.0,85,0,0,0,0.0,0.07843602972309695,0.8889594847852077,0.03260448549169564
lineage,legacy,M1,160,85,0,0,0.0,85,0,0,0,0.0,0.07843602972309695,0.8889594847852077,0.03260448549169564
lineage,legacy,M1,161,85,0,0,0.0,85,0,0,0,0.0,0.07843602972309695,0.8889594847852077,0.03260448549169564
lineage,legacy,M1,162,85,0,0,0.0,85,0,0,0,0.0,0.07843602972309695,0.8889594847852077,0.03260448549169564
lineage,legacy,M1,163,85,0,0,0.0,85,0,0,0,0.0,0.07843602972309695,0.8889594847852077,0.03260448549169564
lineage,legacy,M1,164,85,0,0,0.0,85,0,0,0,0.0,0.07843602972309695,0.8889594847852077,0.03260448549169564
lineage,legacy,M1,165,85,0,0,0.0,85,0,0,0,0.0,0.07843602972309695,0.8889594847852077,0.03260448549169564
lineage,legacy,M1,166,85,0,0,0.0,85,0,0,1,0.0,0.07843602972309695,0.8889594847852077,0.03260448549169564
lineage,legacy,M1,167,84,0,0,0.0,84,0,0,0,0.0,0.07843602972309695,0.8889594847852077,0.03260448549169564
lineage,legacy,M1,168,84,0,0,0.0,84,0,0,0,0.0,0.07843602972309695,0.8889594847852077,0.03260448549169564
lineage,legacy,M1,169,84,0,0,0.0,84,0,0,0,0.0,0.07843602972309695,0.8889594847852077,0.03260448549169564
lineage,legacy,M1,170,84,0,0,0.0,84,0,0,0,0.0,0.07843602972309695,0.8889594847852077,0.03260448549169564
lineage,legacy,M1,171,84,0,0,0.0,84,0,0,0,0.0,0.07843602972309695,0.8889594847852077,0.03260448549169564
lineage,legacy,M1,172,84,0,0,0.0,84,0,0,0,0.0,0.07843602972309695,0.8889594847852077,0.03260448549169564
lineage,legacy,M1,173,84,0,0,0.0,84,0,0,2,0.0,0.07843602972309695,0.8889594847852077,0.03260448549169564
lineage,legacy,M1,174,82,0,0,0.0,82,0,0,1,0.0,0.07843602972309695,0.8889594847852077,0.03260448549169564
lineage,legacy,M1,175,81,0,0,0.0,81,0,0,1,0.0,0.07843602972309695,0.8889594847852077,0.03260448549169564
lineage,legacy,M1,176,80,0,0,0.0,80,0,0,0,0.0,0.07843602972309695,0.8889594847852077,0.03260448549169564
lineage,legacy,M1,177,80,0,0,0.0,80,0,0,0,0.0,0.07843602972309695,0.8889594847852077,0.03260448549169564
lineage,legacy,M1,178,80,0,0,0.0,80,0,0,0,0.0,0.07843602972309695,0.8889594847852077,0.03260448549169564
lineage,legacy,M1,179,80,0,0,0.0,80,0,1,1,0.0,0.07843602972309695,0.8893670408538539,0.03219692942304944
lineage,legacy,M1,180,78,0,0,0.0,78,0,0,1,0.0,0.07843602972309695,0.8893670408538539,0.03219692942304944
lineage,legacy,M1,181,77,0,0,0.0,77,0,0,0,0.0,0.07843602972309695,0.8893670408538539,0.03219692942304944
lineage,legacy,M1,182,77,0,0,0.0,77,0,0,1,0.0,0.07843602972309695,0.8893670408538539,0.03219692942304944
lineage,legacy,M1,183,76,0,0,0.0,76,0,0,1,0.0,0.07843602972309695,0.8893670408538539,0.03219692942304944
lineage,legacy,M1,184,75,0,0,0.0,75,0,0,0,0.0,0.07843602972309695,0.8893670408538539,0.03219692942304944
lineage,legacy,M1,185,75,0,0,0.0,75,0,0,0,0.0,0.07843602972309695,0.8893670408538539,0.03219692942304944
lineage,legacy,M1,186,75,0,0,0.0,75,0,0,1,0.0,0.07843602972309695,0.8893670408538539,0.03219692942304944
lineage,legacy,M1,187,74,0,0,0.0,74,0,0,1,0.0,0.07843602972309695,0.8893670408538539,0.03219692942304944
lineage,legacy,M1,188,73,0,0,0.0,73,0,0,1,0.0,0.07843602972309695,0.8893670408538539,0.03219692942304944
lineage,legacy,M1,189,72,0,0,0.0,72,0,0,0,0.0,0.07843602972309695,0.8893670408538539,0.03219692942304944
lineage,legacy,M1,190,72,0,0,0.0,72,0,0,1,0.0,0.07843602972309695,0.8893670408538539,0.03219692942304944
lineage,legacy,M1,191,71,0,0,0.0,71,0,1,1,0.0,0.07843602972309695,0.8898205187330518,0.03174345154385156
lineage,legacy,M1,192,69,0,0,0.0,69,0,0,1,0.0,0.07843602972309695,0.8898205187330518,0.03174345154385156
lineage,legacy,M1,193,68,0,0,0.0,68,0,0,0,0.0,0.07843602972309695,0.8898205187330518,0.03174345154385156
lineage,legacy,M1,194,68,0,0,0.0,68,0,1,0,0.0,0.07843602972309695,0.890287334196932,0.031276636079971394
lineage,legacy,M1,195,67,0,0,0.0,67,0,0,0,0.0,0.07843602972309695,0.890287334196932,0.031276636079971394
lineage,legacy,M1,196,67,0,0,0.0,67,0,0,1,0.0,0.07843602972309695,0.890287334196932,0.031276636079971394
lineage,legacy,M1,197,66,0,0,0.0,66,0,0,0,0.0,0.07843602972309695,0.890287334196932,0.031276636079971394
lineage,legacy,M1,198,66,0,0,0.0,66,0,0,0,0.0,0.07843602972309695,0.890287334196932,0.031276636079971394
lineage,legacy,M1,199,66,0,0,0.0,66,0,0,1,0.0,0.07843602972309695,0.890287334196932,0.031276636079971394
lineage,legacy,M1,200,65,0,0,0.0,65,0,0,0,0.0,0.07843602972309695,0.890287334196932,0.031276636079971394
lineage,legacy,M1,201,65,0,0,0.0,65,0,0,1,0.0,0.07843602972309695,0.890287334196932,0.031276636079971394
lineage,legacy,M1,202,64,0,0,0.0,64,0,0,0,0.0,0.07843602972309695,0.890287334196932,0.031276636079971394
lineage,legacy,M1,203,64,0,0,0.0,64,0,0,2,0.0,0.07843602972309695,0.890287334196932,0.031276636079971394
lineage,legacy,M1,204,62,0,0,0.0,62,0,0,0,0.0,0.07843602972309695,0.890287334196932,0.031276636079971394
lineage,legacy,M1,205,62,0,0,0.0,62,0,0,1,0.0,0.07843602972309695,0.890287334196932,0.031276636079971394
lineage,legacy,M1,206,61,0,0,0.0,61,0,0,0,0.0,0.07843602972309695,0.890287334196932,0.031276636079971394
lineage,legacy,M1,207,61,0,0,0.0,61,0,1,0,0.0,0.07843602972309695,0.8908000659359478,0.03076390434095547
lineage,legacy,M1,208,60,0,0,0.0,60,0,0,1,0.0,0.07843602972309695,0.8908000659359478,0.03076390434095547
lineage,legacy,M1,209,59,0,0,0.0,59,0,0,1,0.0,0.07843602972309695,0.8908000659359478,0.03076390434095547
lineage,legacy,M1,210,58,0,0,0.0,58,0,0,0,0.0,0.07843602972309695,0.8908000659359478,0.03076390434095547
lineage,legacy,M1,211,58,0,0,0.0,58,0,0,0,0.0,0.07843602972309695,0.8908000659359478,0.03076390434095547
lineage,legacy,M1,212,58,0,0,0.0,58,0,0,0,0.0,0.07843602972309695,0.8908000659359478,0.03076390434095547
lineage,legacy,M1,213,58,0,0,0.0,58,0,0,0,0.0,0.07843602972309695,0.8908000659359478,0.03076390434095547
lineage,legacy,M1,214,58,0,0,0.0,58,0,0,0,0.0,0.07843602972309695,0.8908000659359478,0.03076390434095547
lineage,legacy,M1,215,58,0,0,0.0,58,0,0,0,0.0,0.07843602972309695,0.8908000659359478,0.03076390434095547
lineage,legacy,M1,216,58,0,0,0.0,58,0,0,0,0.0,0.07843602972309695,0.8908000659359478,0.03076390434095547
lineage,legacy,M1,217,58,0,0,0.0,58,0,0,1,0.0,0.07843602972309695,0.8908000659359478,0.03076390434095547
lineage,legacy,M1,218,57,0,0,0.0,57,0,0,0,0.0,0.07843602972309695,0.8908000659359478,0.03076390434095547
lineage,legacy,M1,219,57,0,0,0.0,57,0,0,2,0.0,0.07843602972309695,0.8908000659359478,0.03076390434095547
lineage,legacy,M1,220,55,0,0,0.0,55,0,0,0,0.0,0.07843602972309695,0.8908000659359478,0.03076390434095547
lineage,legacy,M1,221,55,0,0,0.0,55,0,0,0,0.0,0.07843602972309695,0.8908000659359478,0.03076390434095547
lineage,legacy,M1,222,55,0,0,0.0,55,0,0,0,0.0,0.07843602972309695,0.8908000659359478,0.03076390434095547
lineage,legacy,M1,223,55,0,0,0.0,55,0,0,1,0.0,0.07843602972309695,0.8908000659359478,0.03076390434095547
lineage,legacy,M1,224,54,0,0,0.0,54,0,0,0,0.0,0.07843602972309695,0.8908000659359478,0.03076390434095547
lineage,legacy,M1,225,54,0,0,0.0,54,0,0,1,0.0,0.07843602972309695,0.8908000659359478,0.03076390434095547
lineage,legacy,M1,226,53,0,0,0.0,53,0,0,0,0.0,0.07843602972309695,0.8908000659359478,0.03076390434095547
lineage,legacy,M1,227,53,0,0,0.0,53,0,0,0,0.0,0.07843602972309695,0.8908000659359478,0.03076390434095547
lineage,legacy,M1,228,53,0,0,0.0,53,0,0,0,0.0,0.07843602972309695,0.8908000659359478,0.03076390434095547
lineage,legacy,M1,229,53,0,0,0.0,53,0,0,2,0.0,0.07843602972309695,0.8908000659359478,0.03076390434095547
lineage,legacy,M1,230,51,0,0,0.0,51,0,0,0,0.0,0.07843602972309695,0.8908000659359478,0.03076390434095547
lineage,legacy,M1,231,51,0,0,0.0,51,0,0,0,0.0,0.07843602972309695,0.8908000659359478,0.03076390434095547
lineage,legacy,M1,232,51,0,0,0.0,51,0,0,0,0.0,0.07843602972309695,0.8908000659359478,0.03076390434095547
lineage,legacy,M1,233,51,0,0,0.0,51,0,0,0,0.0,0.07843602972309695,0.8908000659359478,0.03076390434095547
lineage,legacy,M1,234,51,0,0,0.0,51,0,0,1,0.0,0.07843602972309695,0.8908000659359478,0.03076390434095547
lineage,legacy,M1,235,50,0,0,0.0,50,0,0,2,0.0,0.07843602972309695,0.8908000659359478,0.03076390434095547
lineage,legacy,M1,236,48,0,0,0.0,48,0,1,2,0.0,0.07843602972309695,0.8914409806097178,0.030122989667185563
lineage,legacy,M1,237,45,0,0,0.0,45,0,0,0,0.0,0.07843602972309695,0.8914409806097178,0.030122989667185563
lineage,legacy,M1,238,45,0,0,0.0,45,0,0,0,0.0,0.07843602972309695,0.8914409806097178,0.030122989667185563
lineage,legacy,M1,239,45,0,0,0.0,45,0,0,0,0.0,0.07843602972309695,0.8914409806097178,0.030122989667185563
lineage,legacy,M1,240,45,0,0,0.0,45,0,0,1,0.0,0.07843602972309695,0.8914409806097178,0.030122989667185563
lineage,legacy,M1,241,44,0,0,0.0,44,0,0,0,0.0,0.07843602972309695,0.8914409806097178,0.030122989667185563
lineage,legacy,M1,242,44,0,0,0.0,44,0,0,0,0.0,0.07843602972309695,0.8914409806097178,0.030122989667185563
lineage,legacy,M1,243,44,0,0,0.0,44,0,0,1,0.0,0.07843602972309695,0.8914409806097178,0.030122989667185563
lineage,legacy,M1,244,43,0,0,0.0,43,0,0,0,0.0,0.07843602972309695,0.8914409806097178,0.030122989667185563
lineage,legacy,M1,245,43,0,0,0.0,43,0,0,0,0.0,0.07843602972309695,0.8914409806097178,0.030122989667185563
lineage,legacy,M1,246,43,0,0,0.0,43,0,0,0,0.0,0.07843602972309695,0.8914409806097178,0.030122989667185563
lineage,legacy,M1,247,43,0,0,0.0,43,0,0,0,0.0,0.07843602972309695,0.8914409806097178,0.030122989667185563
lineage,legacy,M1,248,43,0,0,0.0,43,0,0,0,0.0,0.07843602972309695,0.8914409806097178,0.030122989667185563
lineage,legacy,M1,249,43,0,0,0.0,43,0,0,1,0.0,0.07843602972309695,0.8914409806097178,0.030122989667185563
lineage,legacy,M1,250,42,0,0,0.0,42,0,0,0,0.0,0.07843602972309695,0.8914409806097178,0.030122989667185563
lineage,legacy,M1,251,42,0,0,0.0,42,0,0,0,0.0,0.07843602972309695,0.8914409806097178,0.030122989667185563
lineage,legacy,M1,252,42,0,0,0.0,42,0,0,1,0.0,0.07843602972309695,0.8914409806097178,0.030122989667185563
lineage,legacy,M1,253,41,0,0,0.0,41,0,0,1,0.0,0.07843602972309695,0.8914409806097178,0.030122989667185563
lineage,legacy,M1,254,40,0,0,0.0,40,0,0,1,0.0,0.07843602972309695,0.8914409806097178,0.030122989667185563
lineage,legacy,M1,255,39,0,0,0.0,39,0,0,0,0.0,0.07843602972309695,0.8914409806097178,0.030122989667185563
lineage,legacy,M1,256,39,0,0,0.0,39,0,0,0,0.0,0.07843602972309695,0.8914409806097178,0.030122989667185563
lineage,legacy,M1,257,39,0,0,0.0,39,0,0,0,0.0,0.07843602972309695,0.8914409806097178,0.030122989667185563
lineage,legacy,M1,258,39,0,0,0.0,39,0,0,0,0.0,0.07843602972309695,0.8914409806097178,0.030122989667185563
lineage,legacy,M1,259,39,0,0,0.0,39,0,0,0,0.0,0.07843602972309695,0.8914409806097178,0.030122989667185563
lineage,legacy,M1,260,39,0,0,0.0,39,0,0,0,0.0,0.07843602972309695,0.8914409806097178,0.030122989667185563
lineage,legacy,M1,261,39,0,0,0.0,39,0,0,1,0.0,0.07843602972309695,0.8914409806097178,0.030122989667185563
lineage,legacy,M1,262,38,0,0,0.0,38,0,0,0,0.0,0.07843602972309695,0.8914409806097178,0.030122989667185563
lineage,legacy,M1,263,38,0,0,0.0,38,0,0,0,0.0,0.07843602972309695,0.8914409806097178,0.030122989667185563
lineage,legacy,M1,264,38,0,0,0.0,38,0,0,0,0.0,0.07843602972309695,0.8914409806097178,0.030122989667185563
lineage,legacy,M1,265,38,0,0,0.0,38,0,0,0,0.0,0.07843602972309695,0.8914409806097178,0.030122989667185563
lineage,legacy,M1,266,38,0,0,0.0,38,0,0,0,0.0,0.07843602972309695,0.8914409806097178,0.030122989667185563
lineage,legacy,M1,267,38,0,0,0.0,38,0,0,1,0.0,0.07843602972309695,0.8914409806097178,0.030122989667185563
lineage,legacy,M1,268,37,0,0,0.0,37,0,0,0,0.0,0.07843602972309695,0.8914409806097178,0.030122989667185563
lineage,legacy,M1,269,37,0,0,0.0,37,0,0,0,0.0,0.07843602972309695,0.8914409806097178,0.030122989667185563
lineage,legacy,M1,270,37,0,0,0.0,37,0,0,0,0.0,0.07843602972309695,0.8914409806097178,0.030122989667185563
lineage,legacy,M1,271,37,0,0,0.0,37,0,0,1,0.0,0.07843602972309695,0.8914409806097178,0.030122989667185563
lineage,legacy,M1,272,36,0,0,0.0,36,0,0,0,0.0,0.07843602972309695,0.8914409806097178,0.030122989667185563
lineage,legacy,M1,273,36,0,0,0.0,36,0,0,0,0.0,0.07843602972309695,0.8914409806097178,0.030122989667185563
lineage,legacy,M1,274,36,0,0,0.0,36,0,0,1,0.0,0.07843602972309695,0.8914409806097178,0.030122989667185563
lineage,legacy,M1,275,35,0,0,0.0,35,0,0,0,0.0,0.07843602972309695,0.8914409806097178,0.030122989667185563
lineage,legacy,M1,276,35,0,0,0.0,35,0,0,0,0.0,0.07843602972309695,0.8914409806097178,0.030122989667185563
lineage,legacy,M1,277,35,0,0,0.0,35,0,0,0,0.0,0.07843602972309695,0.8914409806097178,0.030122989667185563
lineage,legacy,M1,278,35,0,0,0.0,35,0,0,1,0.0,0.07843602972309695,0.8914409806097178,0.030122989667185563
lineage,legacy,M1,279,34,0,0,0.0,34,0,0,0,0.0,0.07843602972309695,0.8914409806097178,0.030122989667185563
lineage,legacy,M1,280,34,0,0,0.0,34,0,0,1,0.0,0.07843602972309695,0.8914409806097178,0.030122989667185563
lineage,legacy,M1,281,33,0,0,0.0,33,0,0,0,0.0,0.07843602972309695,0.8914409806097178,0.030122989667185563
lineage,legacy,M1,282,33,0,0,0.0,33,0,0,0,0.0,0.07843602972309695,0.8914409806097178,0.030122989667185563
lineage,legacy,M1,283,33,0,0,0.0,33,0,0,2,0.0,0.07843602972309695,0.8914409806097178,0.030122989667185563
lineage,legacy,M1,284,31,0,0,0.0,31,0,0,0,0.0,0.07843602972309695,0.8914409806097178,0.030122989667185563
lineage,legacy,M1,285,31,0,0,0.0,31,0,0,1,0.0,0.07843602972309695,0.8914409806097178,0.030122989667185563
lineage,legacy,M1,286,30,0,0,0.0,30,0,0,1,0.0,0.07843602972309695,0.8914409806097178,0.030122989667185563
lineage,legacy,M1,287,29,0,0,0.0,29,0,0,0,0.0,0.07843602972309695,0.8914409806097178,0.030122989667185563
lineage,legacy,M1,288,29,0,0,0.0,29,0,0,0,0.0,0.07843602972309695,0.8914409806097178,0.030122989667185563
lineage,legacy,M1,289,29,0,0,0.0,29,0,0,1,0.0,0.07843602972309695,0.8914409806097178,0.030122989667185563
lineage,legacy,M1,290,28,0,0,0.0,28,0,0,0,0.0,0.07843602972309695,0.8914409806097178,0.030122989667185563
lineage,legacy,M1,291,28,0,0,0.0,28,0,0,0,0.0,0.07843602972309695,0.8914409806097178,0.030122989667185563
lineage,legacy,M1,292,28,0,0,0.0,28,0,0,0,0.0,0.07843602972309695,0.8914409806097178,0.030122989667185563
lineage,legacy,M1,293,28,0,0,0.0,28,0,0,0,0.0,0.07843602972309695,0.8914409806097178,0.030122989667185563
lineage,legacy,M1,294,28,0,0,0.0,28,0,0,1,0.0,0.07843602972309695,0.8914409806097178,0.030122989667185563
lineage,legacy,M1,295,27,0,0,0.0,27,0,0,0,0.0,0.07843602972309695,0.8914409806097178,0.030122989667185563
lineage,legacy,M1,296,27,0,0,0.0,27,0,0,1,0.0,0.07843602972309695,0.8914409806097178,0.030122989667185563
lineage,legacy,M1,297,26,0,0,0.0,26,0,0,1,0.0,0.07843602972309695,0.8914409806097178,0.030122989667185563
lineage,legacy,M1,298,25,0,0,0.0,25,0,0,0,0.0,0.07843602972309695,0.8914409806097178,0.030122989667185563
lineage,legacy,M1,299,25,0,0,0.0,25,0,0,0,0.0,0.07843602972309695,0.8914409806097178,0.030122989667185563
lineage,legacy,M1,300,25,0,0,0.0,25,0,0,0,0.0,0.07843602972309695,0.8914409806097178,0.030122989667185563
lineage,legacy,M1,301,25,0,0,0.0,25,0,0,0,0.0,0.07843602972309695,0.8914409806097178,0.030122989667185563
lineage,legacy,M1,302,25,0,0,0.0,25,0,0,1,0.0,0.07843602972309695,0.8914409806097178,0.030122989667185563
lineage,legacy,M1,303,24,0,0,0.0,24,0,1,1,0.0,0.07843602972309695,0.8926961051791839,0.0288678650977195
lineage,legacy,M1,304,22,0,0,0.0,22,0,0,0,0.0,0.07843602972309695,0.8926961051791839,0.0288678650977195
lineage,legacy,M1,305,22,0,0,0.0,22,0,0,0,0.0,0.07843602972309695,0.8926961051791839,0.0288678650977195
lineage,legacy,M1,306,22,0,0,0.0,22,0,0,0,0.0,0.07843602972309695,0.8926961051791839,0.0288678650977195
lineage,legacy,M1,307,22,0,0,0.0,22,0,0,0,0.0,0.07843602972309695,0.8926961051791839,0.0288678650977195
lineage,legacy,M1,308,22,0,0,0.0,22,0,0,0,0.0,0.07843602972309695,0.8926961051791839,0.0288678650977195
lineage,legacy,M1,309,22,0,0,0.0,22,0,0,0,0.0,0.07843602972309695,0.8926961051791839,0.0288678650977195
lineage,legacy,M1,310,22,0,0,0.0,22,0,0,0,0.0,0.07843602972309695,0.8926961051791839,0.0288678650977195
lineage,legacy,M1,311,22,0,0,0.0,22,0,0,0,0.0,0.07843602972309695,0.8926961051791839,0.0288678650977195
lineage,legacy,M1,312,22,0,0,0.0,22,0,0,0,0.0,0.07843602972309695,0.8926961051791839,0.0288678650977195
lineage,legacy,M1,313,22,0,0,0.0,22,0,0,0,0.0,0.07843602972309695,0.8926961051791839,0.0288678650977195
lineage,legacy,M1,314,22,0,0,0.0,22,0,0,1,0.0,0.07843602972309695,0.8926961051791839,0.0288678650977195
lineage,legacy,M1,315,21,0,0,0.0,21,0,0,1,0.0,0.07843602972309695,0.8926961051791839,0.0288678650977195
lineage,legacy,M1,316,20,0,0,0.0,20,0,0,0,0.0,0.07843602972309695,0.8926961051791839,0.0288678650977195
lineage,legacy,M1,317,20,0,0,0.0,20,0,0,0,0.0,0.07843602972309695,0.8926961051791839,0.0288678650977195
lineage,legacy,M1,318,20,0,0,0.0,20,0,0,0,0.0,0.07843602972309695,0.8926961051791839,0.0288678650977195
lineage,legacy,M1,319,20,0,0,0.0,20,0,0,1,0.0,0.07843602972309695,0.8926961051791839,0.0288678650977195
lineage,legacy,M1,320,19,0,0,0.0,19,0,0,0,0.0,0.07843602972309695,0.8926961051791839,0.0288678650977195
lineage,legacy,M1,321,19,0,0,0.0,19,0,0,0,0.0,0.07843602972309695,0.8926961051791839,0.0288678650977195
lineage,legacy,M1,322,19,0,0,0.0,19,0,0,0,0.0,0.07843602972309695,0.8926961051791839,0.0288678650977195
lineage,legacy,M1,323,19,0,0,0.0,19,0,0,1,0.0,0.07843602972309695,0.8926961051791839,0.0288678650977195
lineage,legacy,M1,324,18,0,0,0.0,18,0,0,0,0.0,0.07843602972309695,0.8926961051791839,0.0288678650977195
lineage,legacy,M1,325,18,0,0,0.0,18,0,0,0,0.0,0.07843602972309695,0.8926961051791839,0.0288678650977195
lineage,legacy,M1,326,18,0,0,0.0,18,0,0,0,0.0,0.07843602972309695,0.8926961051791839,0.0288678650977195
lineage,legacy,M1,327,18,0,0,0.0,18,0,0,0,0.0,0.07843602972309695,0.8926961051791839,0.0288678650977195
lineage,legacy,M1,328,18,0,0,0.0,18,0,1,0,0.0,0.07843602972309695,0.8942998754623905,0.02726409481451286
lineage,legacy,M1,329,17,0,0,0.0,17,0,0,1,0.0,0.07843602972309695,0.8942998754623905,0.02726409481451286
lineage,legacy,M1,330,16,0,0,0.0,16,0,0,0,0.0,0.07843602972309695,0.8942998754623905,0.02726409481451286
lineage,legacy,M1,331,16,0,0,0.0,16,0,0,0,0.0,0.07843602972309695,0.8942998754623905,0.02726409481451286
lineage,legacy,M1,332,16,0,0,0.0,16,0,0,0,0.0,0.07843602972309695,0.8942998754623905,0.02726409481451286
lineage,legacy,M1,333,16,0,0,0.0,16,0,0,0,0.0,0.07843602972309695,0.8942998754623905,0.02726409481451286
lineage,legacy,M1,334,16,0,0,0.0,16,0,0,0,0.0,0.07843602972309695,0.8942998754623905,0.02726409481451286
lineage,legacy,M1,335,16,0,0,0.0,16,0,0,0,0.0,0.07843602972309695,0.8942998754623905,0.02726409481451286
lineage,legacy,M1,336,16,0,0,0.0,16,0,0,0,0.0,0.07843602972309695,0.8942998754623905,0.02726409481451286
lineage,legacy,M1,337,16,0,0,0.0,16,0,0,0,0.0,0.07843602972309695,0.8942998754623905,0.02726409481451286
lineage,legacy,M1,338,16,0,0,0.0,16,0,0,0,0.0,0.07843602972309695,0.8942998754623905,0.02726409481451286
lineage,legacy,M1,339,16,0,0,0.0,16,0,0,0,0.0,0.07843602972309695,0.8942998754623905,0.02726409481451286
lineage,legacy,M1,340,16,0,0,0.0,16,0,0,0,0.0,0.07843602972309695,0.8942998754623905,0.02726409481451286
lineage,legacy,M1,341,16,0,0,0.0,16,0,0,0,0.0,0.07843602972309695,0.8942998754623905,0.02726409481451286
lineage,legacy,M1,342,16,0,0,0.0,16,0,0,0,0.0,0.07843602972309695,0.8942998754623905,0.02726409481451286
lineage,legacy,M1,343,16,0,0,0.0,16,0,0,0,0.0,0.07843602972309695,0.8942998754623905,0.02726409481451286
lineage,legacy,M1,344,16,0,0,0.0,16,0,0,0,0.0,0.07843602972309695,0.8942998754623905,0.02726409481451286
lineage,legacy,M1,345,16,0,0,0.0,16,0,0,0,0.0,0.07843602972309695,0.8942998754623905,0.02726409481451286
lineage,legacy,M1,346,16,0,0,0.0,16,0,0,0,0.0,0.07843602972309695,0.8942998754623905,0.02726409481451286
lineage,legacy,M1,347,16,0,0,0.0,16,0,0,0,0.0,0.07843602972309695,0.8942998754623905,0.02726409481451286
lineage,legacy,M1,348,16,0,0,0.0,16,0,0,0,0.0,0.07843602972309695,0.8942998754623905,0.02726409481451286
lineage,legacy,M1,349,16,0,0,0.0,16,0,0,0,0.0,0.07843602972309695,0.8942998754623905,0.02726409481451286
lineage,legacy,M1,350,16,0,0,0.0,16,0,1,0,0.0,0.07843602972309695,0.8960038813882976,0.025560088888605805
lineage,legacy,M1,351,15,0,0,0.0,15,0,0,0,0.0,0.07843602972309695,0.8960038813882976,0.025560088888605805
lineage,legacy,M1,352,15,0,0,0.0,15,0,0,0,0.0,0.07843602972309695,0.8960038813882976,0.025560088888605805
lineage,legacy,M1,353,15,0,0,0.0,15,0,0,0,0.0,0.07843602972309695,0.8960038813882976,0.025560088888605805
lineage,legacy,M1,354,15,0,0,0.0,15,0,0,0,0.0,0.07843602972309695,0.8960038813882976,0.025560088888605805
lineage,legacy,M1,355,15,0,0,0.0,15,0,0,0,0.0,0.07843602972309695,0.8960038813882976,0.025560088888605805
lineage,legacy,M1,356,15,0,0,0.0,15,0,0,0,0.0,0.07843602972309695,0.8960038813882976,0.025560088888605805
lineage,legacy,M1,357,15,0,0,0.0,15,0,0,0,0.0,0.07843602972309695,0.8960038813882976,0.025560088888605805
lineage,legacy,M1,358,15,0,0,0.0,15,0,0,0,0.0,0.07843602972309695,0.8960038813882976,0.025560088888605805
lineage,legacy,M1,359,15,0,0,0.0,15,0,0,0,0.0,0.07843602972309695,0.8960038813882976,0.025560088888605805
lineage,legacy,M1,360,15,0,0,0.0,15,0,0,0,0.0,0.07843602972309695,0.8960038813882976,0.025560088888605805
lineage,legacy,M1,361,15,0,0,0.0,15,0,0,0,0.0,0.07843602972309695,0.8960038813882976,0.025560088888605805
lineage,legacy,M1,362,15,0,0,0.0,15,0,0,0,0.0,0.07843602972309695,0.8960038813882976,0.025560088888605805
lineage,legacy,M1,363,15,0,0,0.0,15,0,0,1,0.0,0.07843602972309695,0.8960038813882976,0.025560088888605805
lineage,legacy,M1,364,14,0,0,0.0,14,0,0,0,0.0,0.07843602972309695,0.8960038813882976,0.025560088888605805
lineage,legacy,M1,365,14,0,0,0.0,14,0,0,0,0.0,0.07843602972309695,0.8960038813882976,0.025560088888605805
lineage,legacy,M1,366,14,0,0,0.0,14,0,0,0,0.0,0.07843602972309695,0.8960038813882976,0.025560088888605805
lineage,legacy,M1,367,14,0,0,0.0,14,0,0,0,0.0,0.07843602972309695,0.8960038813882976,0.025560088888605805
lineage,legacy,M1,368,14,0,0,0.0,14,0,0,0,0.0,0.07843602972309695,0.8960038813882976,0.025560088888605805
lineage,legacy,M1,369,14,0,0,0.0,14,0,0,0,0.0,0.07843602972309695,0.8960038813882976,0.025560088888605805
lineage,legacy,M1,370,14,0,0,0.0,14,0,0,0,0.0,0.07843602972309695,0.8960038813882976,0.025560088888605805
lineage,legacy,M1,371,14,0,0,0.0,14,0,0,0,0.0,0.07843602972309695,0.8960038813882976,0.025560088888605805
lineage,legacy,M1,372,14,0,0,0.0,14,0,0,0,0.0,0.07843602972309695,0.8960038813882976,0.025560088888605805
lineage,legacy,M1,373,14,0,0,0.0,14,0,0,0,0.0,0.07843602972309695,0.8960038813882976,0.025560088888605805
lineage,legacy,M1,374,14,0,0,0.0,14,0,0,0,0.0,0.07843602972309695,0.8960038813882976,0.025560088888605805
lineage,legacy,M1,375,14,0,0,0.0,14,0,0,0,0.0,0.07843602972309695,0.8960038813882976,0.025560088888605805
lineage,legacy,M1,376,14,0,0,0.0,14,0,0,0,0.0,0.07843602972309695,0.8960038813882976,0.025560088888605805
lineage,legacy,M1,377,14,0,0,0.0,14,0,0,0,0.0,0.07843602972309695,0.8960038813882976,0.025560088888605805
lineage,legacy,M1,378,14,0,0,0.0,14,0,0,0,0.0,0.07843602972309695,0.8960038813882976,0.025560088888605805
lineage,legacy,M1,379,14,0,0,0.0,14,0,0,0,0.0,0.07843602972309695,0.8960038813882976,0.025560088888605805
lineage,legacy,M1,380,14,0,0,0.0,14,0,0,0,0.0,0.07843602972309695,0.8960038813882976,0.025560088888605805
lineage,legacy,M1,381,14,0,0,0.0,14,0,0,0,0.0,0.07843602972309695,0.8960038813882976,0.025560088888605805
lineage,legacy,M1,382,14,0,0,0.0,14,0,0,0,0.0,0.07843602972309695,0.8960038813882976,0.025560088888605805
lineage,legacy,M1,383,14,0,0,0.0,14,0,0,0,0.0,0.07843602972309695,0.8960038813882976,0.025560088888605805
lineage,legacy,M1,384,14,0,0,0.0,14,0,0,0,0.0,0.07843602972309695,0.8960038813882976,0.025560088888605805
lineage,legacy,M1,385,14,0,0,0.0,14,0,0,0,0.0,0.07843602972309695,0.8960038813882976,0.025560088888605805
lineage,legacy,M1,386,14,0,0,0.0,14,0,0,0,0.0,0.07843602972309695,0.8960038813882976,0.025560088888605805
lineage,legacy,M1,387,14,0,0,0.0,14,0,0,0,0.0,0.07843602972309695,0.8960038813882976,0.025560088888605805
lineage,legacy,M1,388,14,0,0,0.0,14,0,0,0,0.0,0.07843602972309695,0.8960038813882976,0.025560088888605805
lineage,legacy,M1,389,14,0,0,0.0,14,0,0,0,0.0,0.07843602972309695,0.8960038813882976,0.025560088888605805
lineage,legacy,M1,390,14,0,0,0.0,14,0,0,0,0.0,0.07843602972309695,0.8960038813882976,0.025560088888605805
lineage,legacy,M1,391,14,0,0,0.0,14,0,0,0,0.0,0.07843602972309695,0.8960038813882976,0.025560088888605805
lineage,legacy,M1,392,14,0,0,0.0,14,0,0,1,0.0,0.07843602972309695,0.8960038813882976,0.025560088888605805
lineage,legacy,M1,393,13,0,0,0.0,13,0,0,0,0.0,0.07843602972309695,0.8960038813882976,0.025560088888605805
lineage,legacy,M1,394,13,0,0,0.0,13,0,0,0,0.0,0.07843602972309695,0.8960038813882976,0.025560088888605805
lineage,legacy,M1,395,13,0,0,0.0,13,0,0,0,0.0,0.07843602972309695,0.8960038813882976,0.025560088888605805
lineage,legacy,M1,396,13,0,0,0.0,13,0,0,0,0.0,0.07843602972309695,0.8960038813882976,0.025560088888605805
lineage,legacy,M1,397,13,0,0,0.0,13,0,0,1,0.0,0.07843602972309695,0.8960038813882976,0.025560088888605805
lineage,legacy,M1,398,12,0,0,0.0,12,0,0,0,0.0,0.07843602972309695,0.8960038813882976,0.025560088888605805
lineage,legacy,M1,399,12,0,0,0.0,12,0,0,0,0.0,0.07843602972309695,0.8960038813882976,0.025560088888605805
lineage,legacy,M1,400,12,0,0,0.0,12,0,0,0,0.0,0.07843602972309695,0.8960038813882976,0.025560088888605805
lineage,legacy,M1,401,12,0,0,0.0,12,0,1,0,0.0,0.07843602972309695,0.8981338887956813,0.023430081481221988
lineage,legacy,M1,402,11,0,0,0.0,11,0,0,0,0.0,0.07843602972309695,0.8981338887956813,0.023430081481221988
lineage,legacy,M1,403,11,0,0,0.0,11,0,0,1,0.0,0.07843602972309695,0.8981338887956813,0.023430081481221988
lineage,legacy,M1,404,10,0,0,0.0,10,0,0,0,0.0,0.07843602972309695,0.8981338887956813,0.023430081481221988
lineage,legacy,M1,405,10,0,0,0.0,10,0,0,2,0.0,0.07843602972309695,0.8981338887956813,0.023430081481221988
lineage,legacy,M1,406,8,0,0,0.0,8,0,0,0,0.0,0.07843602972309695,0.8981338887956813,0.023430081481221988
lineage,legacy,M1,407,8,0,0,0.0,8,0,0,1,0.0,0.07843602972309695,0.8981338887956813,0.023430081481221988
lineage,legacy,M1,408,7,0,0,0.0,7,0,0,0,0.0,0.07843602972309695,0.8981338887956813,0.023430081481221988
lineage,legacy,M1,409,7,0,0,0.0,7,0,0,0,0.0,0.07843602972309695,0.8981338887956813,0.023430081481221988
lineage,legacy,M1,410,7,0,0,0.0,7,0,0,0,0.0,0.07843602972309695,0.8981338887956813,0.023430081481221988
lineage,legacy,M1,411,7,0,0,0.0,7,0,0,1,0.0,0.07843602972309695,0.8981338887956813,0.023430081481221988
lineage,legacy,M1,412,6,0,0,0.0,6,0,0,0,0.0,0.07843602972309695,0.8981338887956813,0.023430081481221988
lineage,legacy,M1,413,6,0,0,0.0,6,0,0,0,0.0,0.07843602972309695,0.8981338887956813,0.023430081481221988
lineage,legacy,M1,414,6,0,0,0.0,6,0,0,0,0.0,0.07843602972309695,0.8981338887956813,0.023430081481221988
lineage,legacy,M1,415,6,0,0,0.0,6,0,0,0,0.0,0.07843602972309695,0.8981338887956813,0.023430081481221988
lineage,legacy,M1,416,6,0,0,0.0,6,0,0,0,0.0,0.07843602972309695,0.8981338887956813,0.023430081481221988
lineage,legacy,M1,417,6,0,0,0.0,6,0,0,0,0.0,0.07843602972309695,0.8981338887956813,0.023430081481221988
lineage,legacy,M1,418,6,0,0,0.0,6,0,0,0,0.0,0.07843602972309695,0.8981338887956813,0.023430081481221988
lineage,legacy,M1,419,6,0,0,0.0,6,0,0,0,0.0,0.07843602972309695,0.8981338887956813,0.023430081481221988
lineage,legacy,M1,420,6,0,0,0.0,6,0,0,0,0.0,0.07843602972309695,0.8981338887956813,0.023430081481221988
lineage,legacy,M1,421,6,0,0,0.0,6,0,0,1,0.0,0.07843602972309695,0.8981338887956813,0.023430081481221988
lineage,legacy,M1,422,5,0,0,0.0,5,0,0,0,0.0,0.07843602972309695,0.8981338887956813,0.023430081481221988
lineage,legacy,M1,423,5,0,0,0.0,5,0,0,0,0.0,0.07843602972309695,0.8981338887956813,0.023430081481221988
lineage,legacy,M1,424,5,0,0,0.0,5,0,0,0,0.0,0.07843602972309695,0.8981338887956813,0.023430081481221988
lineage,legacy,M1,425,5,0,0,0.0,5,0,0,0,0.0,0.07843602972309695,0.8981338887956813,0.023430081481221988
lineage,legacy,M1,426,5,0,0,0.0,5,0,0,0,0.0,0.07843602972309695,0.8981338887956813,0.023430081481221988
lineage,legacy,M1,427,5,0,0,0.0,5,0,0,0,0.0,0.07843602972309695,0.8981338887956813,0.023430081481221988
lineage,legacy,M1,428,5,0,0,0.0,5,0,0,0,0.0,0.07843602972309695,0.8981338887956813,0.023430081481221988
lineage,legacy,M1,429,5,0,0,0.0,5,0,0,0,0.0,0.07843602972309695,0.8981338887956813,0.023430081481221988
lineage,legacy,M1,430,5,0,0,0.0,5,0,0,0,0.0,0.07843602972309695,0.8981338887956813,0.023430081481221988
lineage,legacy,M1,431,5,0,0,0.0,5,0,0,0,0.0,0.07843602972309695,0.8981338887956813,0.023430081481221988
lineage,legacy,M1,432,5,0,0,0.0,5,0,0,0,0.0,0.07843602972309695,0.8981338887956813,0.023430081481221988
lineage,legacy,M1,433,5,0,0,0.0,5,0,0,0,0.0,0.07843602972309695,0.8981338887956813,0.023430081481221988
lineage,legacy,M1,434,5,0,0,0.0,5,0,0,0,0.0,0.07843602972309695,0.8981338887956813,0.023430081481221988
lineage,legacy,M1,435,5,0,0,0.0,5,0,0,0,0.0,0.07843602972309695,0.8981338887956813,0.023430081481221988
lineage,legacy,M1,436,5,0,0,0.0,5,0,0,0,0.0,0.07843602972309695,0.8981338887956813,0.023430081481221988
lineage,legacy,M1,437,5,0,0,0.0,5,0,0,0,0.0,0.07843602972309695,0.8981338887956813,0.023430081481221988
lineage,legacy,M1,438,5,0,0,0.0,5,0,0,0,0.0,0.07843602972309695,0.8981338887956813,0.023430081481221988
lineage,legacy,M1,439,5,0,0,0.0,5,0,0,0,0.0,0.07843602972309695,0.8981338887956813,0.023430081481221988
lineage,legacy,M1,440,5,0,0,0.0,5,0,0,0,0.0,0.07843602972309695,0.8981338887956813,0.023430081481221988
lineage,legacy,M1,441,5,0,0,0.0,5,0,0,1,0.0,0.07843602972309695,0.8981338887956813,0.023430081481221988
lineage,legacy,M1,442,4,0,0,0.0,4,0,0,0,0.0,0.07843602972309695,0.8981338887956813,0.023430081481221988
lineage,legacy,M1,443,4,0,0,0.0,4,0,0,0,0.0,0.07843602972309695,0.8981338887956813,0.023430081481221988
lineage,legacy,M1,444,4,0,0,0.0,4,0,0,0,0.0,0.07843602972309695,0.8981338887956813,0.023430081481221988
lineage,legacy,M1,445,4,0,0,0.0,4,0,0,1,0.0,0.07843602972309695,0.8981338887956813,0.023430081481221988
lineage,legacy,M1,446,3,0,0,0.0,3,0,0,0,0.0,0.07843602972309695,0.8981338887956813,0.023430081481221988
lineage,legacy,M1,447,3,0,0,0.0,3,0,0,0,0.0,0.07843602972309695,0.8981338887956813,0.023430081481221988
lineage,legacy,M1,448,3,0,0,0.0,3,0,0,0,0.0,0.07843602972309695,0.8981338887956813,0.023430081481221988
lineage,legacy,M1,449,3,0,0,0.0,3,0,0,0,0.0,0.07843602972309695,0.8981338887956813,0.023430081481221988
lineage,legacy,M1,450,3,0,0,0.0,3,0,0,0,0.0,0.07843602972309695,0.8981338887956813,0.023430081481221988
lineage,legacy,M1,451,3,0,0,0.0,3,0,0,0,0.0,0.07843602972309695,0.8981338887956813,0.023430081481221988
lineage,legacy,M1,452,3,0,0,0.0,3,0,0,0,0.0,0.07843602972309695,0.8981338887956813,0.023430081481221988
lineage,legacy,M1,453,3,0,0,0.0,3,0,0,0,0.0,0.07843602972309695,0.8981338887956813,0.023430081481221988
lineage,legacy,M1,454,3,0,0,0.0,3,0,0,0,0.0,0.07843602972309695,0.8981338887956813,0.023430081481221988
lineage,legacy,M1,455,3,0,0,0.0,3,0,0,0,0.0,0.07843602972309695,0.8981338887956813,0.023430081481221988
lineage,legacy,M1,456,3,0,0,0.0,3,0,0,0,0.0,0.07843602972309695,0.8981338887956813,0.023430081481221988
lineage,legacy,M1,457,3,0,0,0.0,3,0,0,0,0.0,0.07843602972309695,0.8981338887956813,0.023430081481221988
lineage,legacy,M1,458,3,0,0,0.0,3,0,0,0,0.0,0.07843602972309695,0.8981338887956813,0.023430081481221988
lineage,legacy,M1,459,3,0,0,0.0,3,0,0,0,0.0,0.07843602972309695,0.8981338887956813,0.023430081481221988
lineage,legacy,M1,460,3,0,0,0.0,3,0,0,0,0.0,0.07843602972309695,0.8981338887956813,0.023430081481221988
lineage,legacy,M1,461,3,0,0,0.0,3,0,0,0,0.0,0.07843602972309695,0.8981338887956813,0.023430081481221988
lineage,legacy,M1,462,3,0,0,0.0,3,0,0,0,0.0,0.07843602972309695,0.8981338887956813,0.023430081481221988
lineage,legacy,M1,463,3,0,0,0.0,3,0,0,0,0.0,0.07843602972309695,0.8981338887956813,0.023430081481221988
lineage,legacy,M1,464,3,0,0,0.0,3,0,0,0,0.0,0.07843602972309695,0.8981338887956813,0.023430081481221988
lineage,legacy,M1,465,3,0,0,0.0,3,0,0,0,0.0,0.07843602972309695,0.8981338887956813,0.023430081481221988
lineage,legacy,M1,466,3,0,0,0.0,3,0,0,0,0.0,0.07843602972309695,0.8981338887956813,0.023430081481221988
lineage,legacy,M1,467,3,0,0,0.0,3,0,0,1,0.0,0.07843602972309695,0.8981338887956813,0.023430081481221988
lineage,legacy,M1,468,2,0,0,0.0,2,0,0,0,0.0,0.07843602972309695,0.8981338887956813,0.023430081481221988
lineage,legacy,M1,469,2,0,0,0.0,2,0,0,0,0.0,0.07843602972309695,0.8981338887956813,0.023430081481221988
lineage,legacy,M1,470,2,0,0,0.0,2,0,0,0,0.0,0.07843602972309695,0.8981338887956813,0.023430081481221988
lineage,legacy,M1,471,2,0,0,0.0,2,0,0,0,0.0,0.07843602972309695,0.8981338887956813,0.023430081481221988
lineage,legacy,M1,472,2,0,0,0.0,2,0,0,0,0.0,0.07843602972309695,0.8981338887956813,0.023430081481221988
lineage,legacy,M1,473,2,0,0,0.0,2,0,0,0,0.0,0.07843602972309695,0.8981338887956813,0.023430081481221988
lineage,legacy,M1,474,2,0,0,0.0,2,0,0,0,0.0,0.07843602972309695,0.8981338887956813,0.023430081481221988
lineage,legacy,M1,475,2,0,0,0.0,2,0,0,0,0.0,0.07843602972309695,0.8981338887956813,0.023430081481221988
lineage,legacy,M1,476,2,0,0,0.0,2,0,0,0,0.0,0.07843602972309695,0.8981338887956813,0.023430081481221988
lineage,legacy,M1,477,2,0,0,0.0,2,0,0,0,0.0,0.07843602972309695,0.8981338887956813,0.023430081481221988
lineage,legacy,M1,478,2,0,0,0.0,2,0,0,0,0.0,0.07843602972309695,0.8981338887956813,0.023430081481221988
lineage,legacy,M1,479,2,0,0,0.0,2,0,0,0,0.0,0.07843602972309695,0.8981338887956813,0.023430081481221988
lineage,legacy,M1,480,2,0,0,0.0,2,0,0,0,0.0,0.07843602972309695,0.8981338887956813,0.023430081481221988
lineage,legacy,M1,481,2,0,0,0.0,2,0,0,0,0.0,0.07843602972309695,0.8981338887956813,0.023430081481221988
lineage,legacy,M1,482,2,0,0,0.0,2,0,0,0,0.0,0.07843602972309695,0.8981338887956813,0.023430081481221988
lineage,legacy,M1,483,2,0,0,0.0,2,0,0,0,0.0,0.07843602972309695,0.8981338887956813,0.023430081481221988
lineage,legacy,M1,484,2,0,0,0.0,2,0,0,0,0.0,0.07843602972309695,0.8981338887956813,0.023430081481221988
lineage,legacy,M1,485,2,0,0,0.0,2,0,0,0,0.0,0.07843602972309695,0.8981338887956813,0.023430081481221988
lineage,legacy,M1,486,2,0,0,0.0,2,0,0,0,0.0,0.07843602972309695,0.8981338887956813,0.023430081481221988
lineage,legacy,M1,487,2,0,0,0.0,2,0,0,0,0.0,0.07843602972309695,0.8981338887956813,0.023430081481221988
lineage,legacy,M1,488,2,0,0,0.0,2,0,0,0,0.0,0.07843602972309695,0.8981338887956813,0.023430081481221988
lineage,legacy,M1,489,2,0,0,0.0,2,0,0,0,0.0,0.07843602972309695,0.8981338887956813,0.023430081481221988
lineage,legacy,M1,490,2,0,0,0.0,2,0,0,0,0.0,0.07843602972309695,0.8981338887956813,0.023430081481221988
lineage,legacy,M1,491,2,0,0,0.0,2,0,0,0,0.0,0.07843602972309695,0.8981338887956813,0.023430081481221988
lineage,legacy,M1,492,2,0,0,0.0,2,0,0,0,0.0,0.07843602972309695,0.8981338887956813,0.023430081481221988
lineage,legacy,M1,493,2,0,0,0.0,2,0,0,0,0.0,0.07843602972309695,0.8981338887956813,0.023430081481221988
lineage,legacy,M1,494,2,0,0,0.0,2,0,0,0,0.0,0.07843602972309695,0.8981338887956813,0.023430081481221988
lineage,legacy,M1,495,2,0,0,0.0,2,0,0,0,0.0,0.07843602972309695,0.8981338887956813,0.023430081481221988
lineage,legacy,M1,496,2,0,0,0.0,2,0,0,0,0.0,0.07843602972309695,0.8981338887956813,0.023430081481221988
lineage,legacy,M1,497,2,0,0,0.0,2,0,0,0,0.0,0.07843602972309695,0.8981338887956813,0.023430081481221988
lineage,legacy,M1,498,2,0,0,0.0,2,0,0,0,0.0,0.07843602972309695,0.8981338887956813,0.023430081481221988
lineage,legacy,M1,499,2,0,0,0.0,2,0,0,1,0.0,0.07843602972309695,0.8981338887956813,0.023430081481221988
lineage,legacy,M1,500,1,0,0,0.0,1,0,0,0,0.0,0.07843602972309695,0.8981338887956813,0.023430081481221988
lineage,legacy,M1,501,1,0,0,0.0,1,0,0,0,0.0,0.07843602972309695,0.8981338887956813,0.023430081481221988
lineage,legacy,M1,502,1,0,0,0.0,1,0,0,0,0.0,0.07843602972309695,0.8981338887956813,0.023430081481221988
lineage,legacy,M1,503,1,0,0,0.0,1,0,0,0,0.0,0.07843602972309695,0.8981338887956813,0.023430081481221988
lineage,legacy,M1,504,1,0,0,0.0,1,0,0,0,0.0,0.07843602972309695,0.8981338887956813,0.023430081481221988
lineage,legacy,M1,505,1,0,0,0.0,1,0,0,0,0.0,0.07843602972309695,0.8981338887956813,0.023430081481221988
lineage,legacy,M1,506,1,0,0,0.0,1,0,0,0,0.0,0.07843602972309695,0.8981338887956813,0.023430081481221988
lineage,legacy,M1,507,1,0,0,0.0,1,0,0,0,0.0,0.07843602972309695,0.8981338887956813,0.023430081481221988
lineage,legacy,M1,508,1,0,0,0.0,1,0,0,0,0.0,0.07843602972309695,0.8981338887956813,0.023430081481221988
lineage,legacy,M1,509,1,0,0,0.0,1,0,0,0,0.0,0.07843602972309695,0.8981338887956813,0.023430081481221988
lineage,legacy,M1,510,1,0,0,0.0,1,0,0,0,0.0,0.07843602972309695,0.8981338887956813,0.023430081481221988
lineage,legacy,M1,511,1,0,0,0.0,1,0,0,0,0.0,0.07843602972309695,0.8981338887956813,0.023430081481221988
lineage,legacy,M1,512,1,0,0,0.0,1,0,0,0,0.0,0.07843602972309695,0.8981338887956813,0.023430081481221988
lineage,legacy,M1,513,1,0,0,0.0,1,0,0,0,0.0,0.07843602972309695,0.8981338887956813,0.023430081481221988
lineage,legacy,M1,514,1,0,0,0.0,1,0,0,0,0.0,0.07843602972309695,0.8981338887956813,0.023430081481221988
lineage,legacy,M1,515,1,0,0,0.0,1,0,0,0,0.0,0.07843602972309695,0.8981338887956813,0.023430081481221988
lineage,legacy,M1,516,1,0,0,0.0,1,0,0,0,0.0,0.07843602972309695,0.8981338887956813,0.023430081481221988
lineage,legacy,M1,517,1,0,0,0.0,1,0,0,1,0.0,0.07843602972309695,0.8981338887956813,0.023430081481221988
contiguous,primary,M0,1,8848,2427,7,0.2742992766726944,6414,126,405,0,0.019644527595884004,0.014256047885756238,0.3201222877340537,0.6656216643801901
contiguous,primary,M0,2,5883,1438,1,0.24443311235764065,4444,119,485,0,0.02677767776777678,0.027723122824339724,0.5377090808381764,0.43456779633748394
contiguous,primary,M0,3,3840,797,0,0.20755208333333333,3043,101,463,0,0.03319093000328623,0.039153161217591256,0.6803016390114134,0.28054519977099546
contiguous,primary,M0,4,2479,471,0,0.1899959661153691,2008,48,380,0,0.02390438247011952,0.044585258671809805,0.7766082001268297,0.17880654120136055
contiguous,primary,M0,5,1580,291,0,0.18417721518987343,1289,36,258,0,0.027928626842513578,0.048659331762473716,0.8387378147594544,0.112602853478072
contiguous,primary,M0,6,995,160,0,0.16080402010050251,835,22,189,0,0.026347305389221556,0.051149043095657216,0.8782336899995018,0.07061726690484113
contiguous,primary,M0,7,624,96,0,0.15384615384615385,528,18,125,0,0.03409090909090909,0.053186079640989176,0.9032439720282998,0.043569948330711275
contiguous,primary,M0,8,385,58,0,0.15064935064935064,327,9,76,0,0.027522935779816515,0.05420459791365515,0.9184085774213265,0.027386824665018517
contiguous,primary,M0,9,242,35,0,0.1446280991735537,207,2,42,0,0.00966183574879227,0.054430935307580926,0.9271225670874688,0.018446497604950488
contiguous,primary,M0,10,163,28,0,0.17177914110429449,135,5,44,0,0.037037037037037035,0.05499677879239536,0.9352707132687965,0.009732507938808234
contiguous,primary,M0,11,86,18,0,0.20930232558139536,68,1,17,0,0.014705882352941176,0.05510994748935825,0.9392316176624975,0.005658434848144322
contiguous,primary,M0,12,50,7,0,0.14,43,1,13,0,0.023255813953488372,0.055223116186321135,0.9414949916017553,0.003281892211923707
contiguous,primary,M0,13,29,5,0,0.1724137931034483,24,0,7,0,0.0,0.055223116186321135,0.94285301596531,0.0019238678483690693
contiguous,primary,M0,14,17,4,0,0.23529411764705882,13,0,5,0,0.0,0.055223116186321135,0.943871534237976,0.0009053495757030914
contiguous,primary,M0,15,8,3,0,0.375,5,0,2,0,0.0,0.055223116186321135,0.9444373777227903,0.00033950609088865923
contiguous,primary,M0,16,3,0,0,0.0,3,0,0,0,0.0,0.055223116186321135,0.9444373777227903,0.00033950609088865923
contiguous,primary,M0,17,3,2,0,0.6666666666666666,1,0,0,0,0.0,0.055223116186321135,0.9446637151167161,0.00011316869696288642
contiguous,primary,M0,18,1,0,0,0.0,1,0,1,0,0.0,0.055223116186321135,0.944776883813679,0.0
contiguous,primary,M0,19,0,0,0,0.0,0,0,0,0,0.0,0.055223116186321135,0.944776883813679,0.0
contiguous,primary,M0,20,0,0,0,0.0,0,0,0,0,0.0,0.055223116186321135,0.944776883813679,0.0
contiguous,primary,M0,21,0,0,0,0.0,0,0,0,0,0.0,0.055223116186321135,0.944776883813679,0.0
contiguous,primary,M0,22,0,0,0,0.0,0,0,0,0,0.0,0.055223116186321135,0.944776883813679,0.0
contiguous,primary,M0,23,0,0,0,0.0,0,0,0,0,0.0,0.055223116186321135,0.944776883813679,0.0
contiguous,primary,M0,24,0,0,0,0.0,0,0,0,0,0.0,0.055223116186321135,0.944776883813679,0.0
contiguous,primary,M0,25,0,0,0,0.0,0,0,0,0,0.0,0.055223116186321135,0.944776883813679,0.0
contiguous,primary,M1,1,8848,850,9,0.09606690777576854,7989,442,197,1,0.05532607335085743,0.0500110685646652,0.11835690892336818,0.8316320225119667
contiguous,primary,M1,2,7349,761,6,0.10355150360593278,6582,577,322,3,0.08766332421756305,0.11536541592554694,0.2409452321647636,0.6436893519096896
contiguous,primary,M1,3,5680,579,2,0.10193661971830986,5099,528,395,1,0.10354971563051579,0.1752247971767803,0.3513419147452834,0.4734332880779364
contiguous,primary,M1,4,4175,402,7,0.0962874251497006,3766,422,373,0,0.11205523101433883,0.22316736060292336,0.43930335992060504,0.3375292794764717
contiguous,primary,M1,5,2971,296,1,0.09962975429148435,2674,302,332,0,0.11293941660433807,0.25748979842244724,0.5106632706112327,0.2318469309663202
contiguous,primary,M1,6,2040,194,1,0.09509803921568627,1845,222,248,0,0.12032520325203253,0.2827338747477487,0.5609120489131096,0.15635407633914186
contiguous,primary,M1,7,1375,131,0,0.09527272727272727,1244,137,175,0,0.11012861736334405,0.2983124263539032,0.5957079379020387,0.10597963574405835
contiguous,primary,M1,8,932,92,0,0.09871244635193133,840,78,159,0,0.09285714285714286,0.30718196668441455,0.624249663837402,0.06856836947818368
contiguous,primary,M1,9,603,48,0,0.07960199004975124,555,59,83,0,0.1063063063063063,0.3138909779600577,0.6391459431104403,0.04696307892950226
contiguous,primary,M1,10,413,35,0,0.0847457627118644,378,37,65,1,0.09788359788359788,0.3180983240142746,0.6505171486623779,0.03138452732334776
contiguous,primary,M1,11,275,20,0,0.07272727272727272,255,16,41,1,0.06274509803921569,0.31992433287672395,0.6574788074504659,0.022596859672810388
contiguous,primary,M1,12,197,16,0,0.08121827411167512,181,15,30,0,0.08287292817679558,0.32164490594825773,0.6627552315365028,0.015599862515239659
contiguous,primary,M1,13,136,12,0,0.08823529411764706,124,9,23,0,0.07258064516129033,0.322677249791178,0.6667699020367484,0.010552848172073886
contiguous,primary,M1,14,92,10,0,0.10869565217391304,82,3,17,0,0.036585365853658534,0.3230213644054848,0.6698669335655092,0.007111702029006315
contiguous,primary,M1,15,62,5,0,0.08064516129032258,57,4,13,1,0.07017543859649122,0.3234801838912271,0.6719316212513498,0.0045881948574234286
contiguous,primary,M1,16,39,2,0,0.05128205128205128,37,5,10,0,0.13513513513513514,0.3240684140011532,0.6733433735151724,0.0025882124836747542
contiguous,primary,M1,17,22,1,0,0.045454545454545456,21,0,6,0,0.0,0.3240684140011532,0.6741668956690688,0.0017646903297782416
contiguous,primary,M1,18,15,0,0,0.0,15,1,3,0,0.06666666666666667,0.32418606002313843,0.6745198337350244,0.0012941062418373773
contiguous,primary,M1,19,11,1,0,0.09090909090909091,10,0,0,0,0.0,0.32418606002313843,0.6746374797570096,0.0011764602198521613
contiguous,primary,M1,20,10,3,0,0.3,7,1,1,0,0.14285714285714285,0.32430370604512365,0.6751080638449504,0.0005882301099260806
contiguous,primary,M1,21,5,2,0,0.4,3,0,1,0,0.0,0.32430370604512365,0.675461001910906,0.00023529204397043226
contiguous,primary,M1,22,2,1,0,0.5,1,0,0,0,0.0,0.32430370604512365,0.6755786479328911,0.00011764602198521613
contiguous,primary,M1,23,1,0,0,0.0,1,0,0,0,0.0,0.32430370604512365,0.6755786479328911,0.00011764602198521613
contiguous,primary,M1,24,1,0,0,0.0,1,0,0,0,0.0,0.32430370604512365,0.6755786479328911,0.00011764602198521613
contiguous,primary,M1,25,1,1,0,1.0,0,0,0,0,0.0,0.32430370604512365,0.6756962939548763,0.0
contiguous,legacy,M0,1,8848,2427,7,0.2742992766726944,6414,14,492,15,0.002182725288431556,0.0015840053206395818,0.32996574936945683,0.6684502453099036
contiguous,legacy,M0,2,5893,1440,1,0.24435771254030206,4452,16,574,13,0.0035938903863432167,0.0033993126788389415,0.5584308737357907,0.43816981358537044
contiguous,legacy,M0,3,3849,799,0,0.20758638607430502,3050,11,547,9,0.0036065573770491803,0.00465155168882571,0.7116593925941717,0.28368905571700265
contiguous,legacy,M0,4,2483,472,0,0.1900926298832058,2011,3,422,4,0.0014917951268025858,0.004994309307493052,0.8138011629570393,0.18120452773546766
contiguous,legacy,M0,5,1582,291,0,0.18394437420986093,1291,3,289,2,0.0023237800154918666,0.00533793356994969,0.8802351870319896,0.1144268793980608
contiguous,legacy,M0,6,997,160,0,0.160481444332999,837,3,209,0,0.0035842293906810036,0.005682247148880666,0.9225857572404995,0.07173199561061987
contiguous,legacy,M0,7,625,96,0,0.1536,529,0,143,1,0.0,0.005682247148880666,0.9500160723620006,0.04430168048911883
contiguous,legacy,M0,8,385,58,0,0.15064935064935064,327,0,85,0,0.0,0.005682247148880666,0.966470982257959,0.027846770593160406
contiguous,legacy,M0,9,242,35,0,0.1446280991735537,207,0,44,0,0.0,0.005682247148880666,0.9755614569557263,0.018756295895393165
contiguous,legacy,M0,10,163,28,0,0.17177914110429449,135,1,48,0,0.007407407407407408,0.0057973164488524034,0.9843067237535783,0.0098959597975694
contiguous,legacy,M0,11,86,18,0,0.20930232558139536,68,1,17,0,0.014705882352941176,0.005912385748824141,0.9883341492525891,0.0057534649985868614
contiguous,legacy,M0,12,50,7,0,0.14,43,0,14,0,0.0,0.005912385748824141,0.9907506045519956,0.0033370096991803795
contiguous,legacy,M0,13,29,5,0,0.1724137931034483,24,0,7,0,0.0,0.005912385748824141,0.9921314361516564,0.0019561780995195326
contiguous,legacy,M0,14,17,4,0,0.23529411764705882,13,0,5,0,0.0,0.005912385748824141,0.9931670598514021,0.0009205543997738977
contiguous,legacy,M0,15,8,3,0,0.375,5,0,2,0,0.0,0.005912385748824141,0.9937424063512608,0.0003452078999152116
contiguous,legacy,M0,16,3,0,0,0.0,3,0,0,0,0.0,0.005912385748824141,0.9937424063512608,0.0003452078999152116
contiguous,legacy,M0,17,3,2,0,0.6666666666666666,1,0,0,0,0.0,0.005912385748824141,0.9939725449512042,0.00011506929997173722
contiguous,legacy,M0,18,1,0,0,0.0,1,0,1,0,0.0,0.005912385748824141,0.994087614251176,0.0
contiguous,legacy,M0,19,0,0,0,0.0,0,0,0,0,0.0,0.005912385748824141,0.994087614251176,0.0
contiguous,legacy,M0,20,0,0,0,0.0,0,0,0,0,0.0,0.005912385748824141,0.994087614251176,0.0
contiguous,legacy,M0,21,0,0,0,0.0,0,0,0,0,0.0,0.005912385748824141,0.994087614251176,0.0
contiguous,legacy,M0,22,0,0,0,0.0,0,0,0,0,0.0,0.005912385748824141,0.994087614251176,0.0
contiguous,legacy,M0,23,0,0,0,0.0,0,0,0,0,0.0,0.005912385748824141,0.994087614251176,0.0
contiguous,legacy,M0,24,0,0,0,0.0,0,0,0,0,0.0,0.005912385748824141,0.994087614251176,0.0
contiguous,legacy,M0,25,0,0,0,0.0,0,0,0,0,0.0,0.005912385748824141,0.994087614251176,0.0
contiguous,legacy,M1,1,8848,850,9,0.09606690777576854,7989,94,295,224,0.011766178495431217,0.010635838111037396,0.1294453358901944,0.8599188259987682
contiguous,legacy,M1,2,7376,764,7,0.10357917570498916,6605,124,487,262,0.018773656320968963,0.02510749499381531,0.2753512843983556,0.6995412206078291
contiguous,legacy,M1,3,5732,582,2,0.10153524075366364,5148,131,547,226,0.025446775446775448,0.04110112758912912,0.41316194339520124,0.5457369290156696
contiguous,legacy,M1,4,4244,403,7,0.09495758718190386,3834,87,539,168,0.02269170579029734,0.05230890297489447,0.5344204828005626,0.4132706142245428
contiguous,legacy,M1,5,3040,299,1,0.09835526315789474,2740,68,451,135,0.024817518248175182,0.06155648788222304,0.6364010697769422,0.3020424423408347
contiguous,legacy,M1,6,2086,196,1,0.09395973154362416,1889,37,347,92,0.019587083112758072,0.06691674027773244,0.7150513717427638,0.2180318879795037
contiguous,legacy,M1,7,1413,132,0,0.09341825902335456,1281,22,235,65,0.01717408274785324,0.07031143350883583,0.7716810270070793,0.1580075394840848
contiguous,legacy,M1,8,959,93,0,0.09697601668404589,866,20,200,19,0.023094688221709007,0.07360668980673124,0.819956531771247,0.10643677842202168
contiguous,legacy,M1,9,627,49,0,0.07814992025518341,578,18,115,15,0.031141868512110725,0.07666229110114335,0.8477964546758906,0.07554125422296594
contiguous,legacy,M1,10,430,37,0,0.08604651162790698,393,5,84,16,0.01272264631043257,0.07754067777815458,0.8690534122595625,0.0534059099622829
contiguous,legacy,M1,11,288,22,0,0.0763888888888889,266,3,51,7,0.011278195488721804,0.0780969893402617,0.8825903269375023,0.03931268372223603
contiguous,legacy,M1,12,205,16,0,0.07804878048780488,189,5,38,6,0.026455026455026454,0.07905583528470649,0.8929458631375059,0.027998301577787613
contiguous,legacy,M1,13,140,13,0,0.09285714285714286,127,4,27,3,0.031496062992125984,0.07985578675835756,0.9009453778740166,0.019198835367625792
contiguous,legacy,M1,14,93,10,0,0.10752688172043011,83,1,19,0,0.012048192771084338,0.08006222584833203,0.9069321114832763,0.013005662668391666
contiguous,legacy,M1,15,63,5,0,0.07936507936507936,58,1,15,2,0.017241379310344827,0.0802686649383065,0.9110608932827657,0.008670441778927777
contiguous,legacy,M1,16,40,2,0,0.05,38,2,11,2,0.05263157894736842,0.08070218702725289,0.9138787868609173,0.005419026111829861
contiguous,legacy,M1,17,23,1,0,0.043478260869565216,22,0,6,0,0.0,0.08070218702725289,0.9155280556775612,0.0037697572951859906
contiguous,legacy,M1,18,16,0,0,0.0,16,0,4,0,0.0,0.08070218702725289,0.9164704950013577,0.002827317971389493
contiguous,legacy,M1,19,12,1,0,0.08333333333333333,11,0,0,0,0.0,0.08070218702725289,0.9167061048323069,0.0025917081404403684
contiguous,legacy,M1,20,11,3,0,0.2727272727272727,8,0,3,0,0.0,0.08070218702725289,0.9181197638180016,0.0011780491547456222
contiguous,legacy,M1,21,5,2,0,0.4,3,0,1,0,0.0,0.08070218702725289,0.918826593310849,0.0004712196618982489
contiguous,legacy,M1,22,2,1,0,0.5,1,0,0,0,0.0,0.08070218702725289,0.9190622031417982,0.00023560983094912444
contiguous,legacy,M1,23,1,0,0,0.0,1,0,0,0,0.0,0.08070218702725289,0.9190622031417982,0.00023560983094912444
contiguous,legacy,M1,24,1,0,0,0.0,1,0,0,0,0.0,0.08070218702725289,0.9190622031417982,0.00023560983094912444
contiguous,legacy,M1,25,1,1,0,1.0,0,0,0,0,0.0,0.08070218702725289,0.9192978129727474,0.0
