episode_variant,capture_kind,model,episode_ordinal,gap_at_risk,gap_stop_events,gap_censored,gap_stop_hazard,episodes_started,capture_events,inepisode_stop_events,inepisode_censored,capture_hazard_given_episode,capture_cif_after_episode,stop_cif_after_episode,event_free_survival
lineage,primary,M0,1,8848,2362,2,0.26695298372513565,6484,84,298,0,0.012954966070326958,0.00949659922379528,0.3006433000190761,0.6898601007571287
lineage,primary,M0,2,6102,1300,0,0.21304490331039003,4802,52,308,0,0.010828821324448146,0.015375446362335217,0.48243534230315716,0.5021892113345077
lineage,primary,M0,3,4442,716,0,0.16118865375956776,3726,42,280,0,0.011272141706924315,0.02012374597423286,0.5950378759567297,0.3848383780690374
lineage,primary,M0,4,3404,420,0,0.12338425381903642,2984,47,266,0,0.015750670241286863,0.025437319349451648,0.6725934362843913,0.3019692443661572
lineage,primary,M0,5,2671,289,1,0.10819917633845001,2381,34,233,0,0.014279714405711887,0.029282795329615707,0.7316190804919486,0.23909812417843593
lineage,primary,M0,6,2114,210,0,0.09933774834437085,1904,30,200,0,0.015756302521008403,0.032675862370936934,0.7779909967233387,0.18933314090572456
lineage,primary,M0,7,1674,122,0,0.07287933094384708,1552,18,156,0,0.011597938144329897,0.03471170259572967,0.8094334179729155,0.1558548794313551
lineage,primary,M0,8,1378,115,0,0.08345428156748912,1263,24,115,0,0.019002375296912115,0.03742615622878665,0.8354469319563782,0.12712691181483537
lineage,primary,M0,9,1124,81,0,0.07206405693950178,1043,12,145,0,0.011505273250239693,0.038783383045315145,0.8610080370009981,0.10020857995368695
lineage,primary,M0,10,886,59,0,0.06659142212189616,827,11,107,0,0.013301088270858524,0.040027507627132926,0.8797830079629756,0.08018948440989171
lineage,primary,M0,11,709,36,0,0.05077574047954866,673,5,75,0,0.007429420505200594,0.04059301880068646,0.8923373560158642,0.06706962518344962
lineage,primary,M0,12,593,38,0,0.06408094435075885,555,4,69,0,0.007207207207207207,0.041045427739529294,0.9044392951299098,0.054515277130561084
lineage,primary,M0,13,482,22,0,0.04564315352697095,460,5,55,0,0.010869565217391304,0.04161093891308283,0.9131481672026343,0.045240893884283054
lineage,primary,M0,14,400,15,0,0.0375,385,7,38,0,0.01818181818181818,0.04240265455605779,0.9191425856423017,0.0384547598016406
lineage,primary,M0,15,340,14,0,0.041176470588235294,326,3,46,0,0.009202453987730062,0.04274196126018991,0.9259287197249442,0.03132931901486602
lineage,primary,M0,16,277,12,0,0.04332129963898917,265,2,36,0,0.007547169811320755,0.042968165729611325,0.9313576269910582,0.02567420727933064
lineage,primary,M0,17,227,6,0,0.02643171806167401,221,4,34,0,0.01809954751131222,0.04342057466845416,0.9358817163794865,0.0206977089520595
lineage,primary,M0,18,183,11,0,0.060109289617486336,172,0,23,0,0.0,0.04342057466845416,0.9397271923596505,0.016852232971895437
lineage,primary,M0,19,149,4,0,0.026845637583892617,145,3,16,0,0.020689655172413793,0.04375988137258628,0.9419892370538646,0.014250881573549161
lineage,primary,M0,20,126,5,0,0.03968253968253968,121,0,25,0,0.0,0.04375988137258628,0.9453823040951859,0.010857814532227934
lineage,primary,M0,21,96,5,0,0.052083333333333336,91,0,8,0,0.0,0.04375988137258628,0.9468526331464251,0.009387485480988734
lineage,primary,M0,22,83,6,0,0.07228915662650602,77,0,8,0,0.0,0.04375988137258628,0.948436064432375,0.0078040541950388275
lineage,primary,M0,23,69,4,0,0.057971014492753624,65,1,4,0,0.015384615384615385,0.04387298360729699,0.9493408823100606,0.006786134082642458
lineage,primary,M0,24,60,4,0,0.06666666666666667,56,0,6,0,0.0,0.04387298360729699,0.9504719046571677,0.005655111735535383
lineage,primary,M0,25,50,1,0,0.02,49,0,9,0,0.0,0.04387298360729699,0.9516029270042747,0.004524089388428306
lineage,primary,M0,26,40,2,0,0.05,38,0,5,0,0.0,0.04387298360729699,0.9523946426472497,0.0037323737454533525
lineage,primary,M0,27,33,0,0,0.0,33,0,6,0,0.0,0.04387298360729699,0.953073256055514,0.0030537603371891065
lineage,primary,M0,28,27,0,0,0.0,27,0,6,0,0.0,0.04387298360729699,0.9537518694637782,0.0023751469289248605
lineage,primary,M0,29,21,1,0,0.047619047619047616,20,0,3,0,0.0,0.04387298360729699,0.954204278402621,0.0019227379900820297
lineage,primary,M0,30,17,0,0,0.0,17,1,6,0,0.058823529411764705,0.043986085842007694,0.9548828918108853,0.0011310223471070761
lineage,primary,M0,31,10,0,0,0.0,10,0,2,0,0.0,0.043986085842007694,0.9551090962803067,0.000904817877685661
lineage,primary,M0,32,8,0,0,0.0,8,0,2,0,0.0,0.043986085842007694,0.9553353007497282,0.0006786134082642458
lineage,primary,M0,33,6,0,0,0.0,6,0,0,0,0.0,0.043986085842007694,0.9553353007497282,0.0006786134082642458
lineage,primary,M0,34,6,0,0,0.0,6,0,0,0,0.0,0.043986085842007694,0.9553353007497282,0.0006786134082642458
lineage,primary,M0,35,6,0,0,0.0,6,0,1,0,0.0,0.043986085842007694,0.9554484029844389,0.0005655111735535382
lineage,primary,M0,36,5,0,0,0.0,5,0,1,0,0.0,0.043986085842007694,0.9555615052191496,0.0004524089388428306
lineage,primary,M0,37,4,0,0,0.0,4,0,0,0,0.0,0.043986085842007694,0.9555615052191496,0.0004524089388428306
lineage,primary,M0,38,4,0,0,0.0,4,0,0,0,0.0,0.043986085842007694,0.9555615052191496,0.0004524089388428306
lineage,primary,M0,39,4,0,0,0.0,4,0,0,0,0.0,0.043986085842007694,0.9555615052191496,0.0004524089388428306
lineage,primary,M0,40,4,0,0,0.0,4,0,0,0,0.0,0.043986085842007694,0.9555615052191496,0.0004524089388428306
lineage,primary,M0,41,4,0,0,0.0,4,0,0,0,0.0,0.043986085842007694,0.9555615052191496,0.0004524089388428306
lineage,primary,M0,42,4,0,0,0.0,4,0,0,0,0.0,0.043986085842007694,0.9555615052191496,0.0004524089388428306
lineage,primary,M0,43,4,0,0,0.0,4,0,1,0,0.0,0.043986085842007694,0.9556746074538603,0.00033930670413212294
lineage,primary,M0,44,3,0,0,0.0,3,0,1,0,0.0,0.043986085842007694,0.9557877096885711,0.00022620446942141532
lineage,primary,M0,45,2,0,0,0.0,2,0,1,0,0.0,0.043986085842007694,0.9559008119232818,0.00011310223471070766
lineage,primary,M0,46,1,0,0,0.0,1,0,0,0,0.0,0.043986085842007694,0.9559008119232818,0.00011310223471070766
lineage,primary,M0,47,1,0,0,0.0,1,0,1,0,0.0,0.043986085842007694,0.9560139141579925,0.0
lineage,primary,M0,48,0,0,0,0.0,0,0,0,0,0.0,0.043986085842007694,0.9560139141579925,0.0
lineage,primary,M0,49,0,0,0,0.0,0,0,0,0,0.0,0.043986085842007694,0.9560139141579925,0.0
lineage,primary,M0,50,0,0,0,0.0,0,0,0,0,0.0,0.043986085842007694,0.9560139141579925,0.0
lineage,primary,M0,51,0,0,0,0.0,0,0,0,0,0.0,0.043986085842007694,0.9560139141579925,0.0
lineage,primary,M0,52,0,0,0,0.0,0,0,0,0,0.0,0.043986085842007694,0.9560139141579925,0.0
lineage,primary,M0,53,0,0,0,0.0,0,0,0,0,0.0,0.043986085842007694,0.9560139141579925,0.0
lineage,primary,M0,54,0,0,0,0.0,0,0,0,0,0.0,0.043986085842007694,0.9560139141579925,0.0
lineage,primary,M0,55,0,0,0,0.0,0,0,0,0,0.0,0.043986085842007694,0.9560139141579925,0.0
lineage,primary,M0,56,0,0,0,0.0,0,0,0,0,0.0,0.043986085842007694,0.9560139141579925,0.0
lineage,primary,M0,57,0,0,0,0.0,0,0,0,0,0.0,0.043986085842007694,0.9560139141579925,0.0
lineage,primary,M0,58,0,0,0,0.0,0,0,0,0,0.0,0.043986085842007694,0.9560139141579925,0.0
lineage,primary,M0,59,0,0,0,0.0,0,0,0,0,0.0,0.043986085842007694,0.9560139141579925,0.0
lineage,primary,M0,60,0,0,0,0.0,0,0,0,0,0.0,0.043986085842007694,0.9560139141579925,0.0
lineage,primary,M0,61,0,0,0,0.0,0,0,0,0,0.0,0.043986085842007694,0.9560139141579925,0.0
lineage,primary,M1,1,8848,863,16,0.09753616636528029,7969,261,104,0,0.03275191366545363,0.029557417565398647,0.10931383466720158,0.8611287477673998
lineage,primary,M1,2,7604,585,7,0.07693319305628617,7012,310,182,1,0.04420992584141472,0.06469897528165916,0.19619471404086186,0.739106310677479
lineage,primary,M1,3,6519,493,6,0.07562509587360025,6020,309,186,1,0.05132890365448505,0.09976746356191812,0.27319888676678505,0.6270336496712968
lineage,primary,M1,4,5524,307,1,0.0555756698044895,5216,317,194,0,0.060774539877300617,0.1357572851816407,0.33007201853824997,0.5341706962801094
lineage,primary,M1,5,4705,257,1,0.054622741764080766,4447,248,156,1,0.05576793343827299,0.1639196916159238,0.3769649486509854,0.45911535973309087
lineage,primary,M1,6,4042,163,2,0.04032657100445324,3877,242,172,0,0.062419396440546816,0.1914217283459362,0.4150263989431835,0.3935518727108803
lineage,primary,M1,7,3463,147,0,0.042448743863701996,3316,207,146,0,0.06242460796139928,0.21494619778028567,0.44832431944687623,0.3367294827728381
lineage,primary,M1,8,2963,115,0,0.03881201484981438,2848,159,166,0,0.055828651685393256,0.2330157177805831,0.48025850259205594,0.286725779627361
lineage,primary,M1,9,2523,90,2,0.0356718192627824,2431,138,117,1,0.05676676264911559,0.24871159989597383,0.5037939110961261,0.2474944890079001
lineage,primary,M1,10,2175,73,1,0.033563218390804596,2101,123,107,0,0.05854355069014755,0.2627145016679897,0.5242820087755742,0.21300348955643628
lineage,primary,M1,11,1871,53,2,0.028327097808658473,1816,87,107,0,0.04790748898678414,0.2726299011955526,0.5425105811756321,0.1848595176288155
lineage,primary,M1,12,1622,44,0,0.027127003699136867,1578,90,72,0,0.057034220532319393,0.2828872110516521,0.5557311138790493,0.16138167506929887
lineage,primary,M1,13,1416,29,1,0.020480225988700564,1386,74,76,0,0.05339105339105339,0.2913270841397581,0.5677042248210664,0.1409686910391757
lineage,primary,M1,14,1236,31,0,0.025080906148867314,1205,50,58,0,0.04149377593360996,0.2970297010911811,0.5778548829945993,0.12511541591421985
lineage,primary,M1,15,1097,30,0,0.027347310847766638,1067,55,75,0,0.05154639175257732,0.3033025797377464,0.5898303785925875,0.10686704166966636
lineage,primary,M1,16,937,31,0,0.033084311632870865,906,24,67,0,0.026490066225165563,0.3060398358744294,0.6010075078173766,0.09295265630819433
lineage,primary,M1,17,815,16,0,0.0196319018404908,799,28,52,0,0.03504380475594493,0.30923330136722627,0.6087630668713118,0.08200363176146223
lineage,primary,M1,18,719,14,0,0.019471488178025034,705,28,45,0,0.03971631205673759,0.31242676686002313,0.6154921548739908,0.07208107826598627
lineage,primary,M1,19,632,16,1,0.02531645569620253,615,33,42,0,0.05365853658536585,0.3161966139295687,0.6221149794778678,0.06168840659256373
lineage,primary,M1,20,540,9,0,0.016666666666666666,531,21,34,0,0.03954802259887006,0.3185956075192795,0.6270272044472757,0.054377188033445066
lineage,primary,M1,21,476,11,0,0.023109243697478993,465,17,36,0,0.03655913978494624,0.32053764994904543,0.6323963805766284,0.0470659694743264
lineage,primary,M1,22,412,7,0,0.01699029126213592,405,21,24,0,0.05185185185185185,0.32293664353875623,0.6359377520662015,0.04112560439504248
lineage,primary,M1,23,360,3,0,0.008333333333333333,357,16,17,0,0.04481792717086835,0.3247644481785359,0.6382225078659262,0.037013043955538234
lineage,primary,M1,24,324,8,0,0.024691358024691357,316,11,15,0,0.03481012658227848,0.3260210638683844,0.6408499770356094,0.033128959096006445
lineage,primary,M1,25,290,3,0,0.010344827586206896,287,10,20,0,0.03484320557491289,0.3271634417682467,0.6434774462052927,0.029359112026460882
lineage,primary,M1,26,257,4,0,0.01556420233463035,253,10,19,0,0.039525691699604744,0.32830581966810896,0.6461049153749759,0.025589264956915322
lineage,primary,M1,27,224,3,0,0.013392857142857142,221,7,14,0,0.03167420814479638,0.32910548419801255,0.6480469578047419,0.022847557997245825
lineage,primary,M1,28,200,5,0,0.025,195,7,15,0,0.035897435897435895,0.32990514872791615,0.6503317136044664,0.01976313766761764
lineage,primary,M1,29,173,2,0,0.011560693641618497,171,7,14,0,0.04093567251461988,0.33070481325781975,0.652159518244246,0.01713566849793437
lineage,primary,M1,30,150,3,0,0.02,147,8,12,0,0.05442176870748299,0.3316187155777096,0.6538730850940395,0.014508199328251103
lineage,primary,M1,31,127,2,0,0.015748031496062992,125,2,4,0,0.016,0.3318471911576821,0.6545585118339569,0.01359429700836127
lineage,primary,M1,32,119,2,0,0.01680672268907563,117,2,10,0,0.017094017094017096,0.33207566673765454,0.6559293653137915,0.01199496794855406
lineage,primary,M1,33,105,1,0,0.009523809523809525,104,4,7,0,0.038461538461538464,0.33253261789759947,0.6568432676336814,0.010624114468719312
lineage,primary,M1,34,93,1,0,0.010752688172043012,92,2,5,1,0.021739130434782608,0.33276109347757193,0.6575286943735987,0.00971021214882948
lineage,primary,M1,35,84,4,0,0.047619047619047616,80,5,7,0,0.0625,0.33333908229595466,0.6588002697740406,0.007860647930004816
lineage,primary,M1,36,68,1,0,0.014705882352941176,67,1,7,0,0.014925373134328358,0.3334546800596312,0.6597250518834529,0.006820268056915944
lineage,primary,M1,37,59,0,0,0.0,59,2,4,0,0.03389830508474576,0.33368587558698426,0.660187442938159,0.006126681474856696
lineage,primary,M1,38,53,0,0,0.0,53,0,6,0,0.0,0.33368587558698426,0.6608810295202182,0.005433094892797447
lineage,primary,M1,39,47,0,0,0.0,47,2,1,0,0.0425531914893617,0.3339170711143373,0.6609966272838947,0.005086301601767824
lineage,primary,M1,40,44,1,0,0.022727272727272728,43,2,3,0,0.046511627906976744,0.3341482666416904,0.6614590183386009,0.004392715019708575
lineage,primary,M1,41,38,0,0,0.0,38,1,4,0,0.02631578947368421,0.33426386440536693,0.661921409393307,0.003814726201325868
lineage,primary,M1,42,33,0,0,0.0,33,2,2,0,0.06060606060606061,0.33449505993272,0.6621526049206601,0.003352335146619702
lineage,primary,M1,43,29,1,0,0.034482758620689655,28,1,1,0,0.03571428571428571,0.33461065769639653,0.6623838004480131,0.0030055418555900784
lineage,primary,M1,44,26,0,0,0.0,26,1,1,0,0.038461538461538464,0.33472625546007306,0.6624993982116897,0.0027743463282369958
lineage,primary,M1,45,24,0,0,0.0,24,2,2,0,0.08333333333333333,0.33495745098742613,0.6627305937390428,0.00231195527353083
lineage,primary,M1,46,20,0,0,0.0,20,1,0,0,0.05,0.33507304875110266,0.6627305937390428,0.0021963575098542885
lineage,primary,M1,47,19,0,0,0.0,19,1,5,0,0.05263157894736842,0.3351886465147792,0.6633085825574254,0.0015027709277950394
lineage,primary,M1,48,13,0,0,0.0,13,0,2,0,0.0,0.3351886465147792,0.6635397780847785,0.0012715754004419563
lineage,primary,M1,49,11,0,0,0.0,11,0,2,0,0.0,0.3351886465147792,0.6637709736121316,0.0010403798730888732
lineage,primary,M1,50,9,0,0,0.0,9,0,0,0,0.0,0.3351886465147792,0.6637709736121316,0.0010403798730888732
lineage,primary,M1,51,9,0,0,0.0,9,0,0,0,0.0,0.3351886465147792,0.6637709736121316,0.0010403798730888732
lineage,primary,M1,52,9,0,0,0.0,9,0,0,0,0.0,0.3351886465147792,0.6637709736121316,0.0010403798730888732
lineage,primary,M1,53,9,0,0,0.0,9,1,0,0,0.1111111111111111,0.33530424427845573,0.6637709736121316,0.0009247821094123317
lineage,primary,M1,54,8,0,0,0.0,8,1,1,0,0.125,0.33541984204213227,0.6638865713758081,0.0006935865820592488
lineage,primary,M1,55,6,0,0,0.0,6,1,0,0,0.16666666666666666,0.3355354398058088,0.6638865713758081,0.0005779888183827074
lineage,primary,M1,56,5,1,0,0.2,4,0,0,1,0.0,0.3355354398058088,0.6640021691394846,0.00046239105470616596
lineage,primary,M1,57,3,0,0,0.0,3,0,2,0,0.0,0.3355354398058088,0.6643104298426221,0.00015413035156872201
lineage,primary,M1,58,1,0,0,0.0,1,0,0,0,0.0,0.3355354398058088,0.6643104298426221,0.00015413035156872201
lineage,primary,M1,59,1,0,0,0.0,1,0,0,0,0.0,0.3355354398058088,0.6643104298426221,0.00015413035156872201
lineage,primary,M1,60,1,0,0,0.0,1,0,0,0,0.0,0.3355354398058088,0.6643104298426221,0.00015413035156872201
lineage,primary,M1,61,1,0,0,0.0,1,1,0,0,1.0,0.33568957015737755,0.6643104298426221,0.0
lineage,legacy,M0,1,8848,2362,2,0.26695298372513565,6484,14,356,5,0.00215916101172116,0.0015827665372992136,0.30720047567360137,0.6912167577890994
lineage,legacy,M0,2,6109,1300,0,0.21280078572597808,4809,10,346,2,0.002079434393844874,0.0027142393770260087,0.4934409050926319,0.5038448555303421
lineage,legacy,M0,3,4451,718,0,0.16131206470456078,3733,6,311,5,0.0016072863648540047,0.0033934281285834234,0.6099217759847285,0.3866847958866881
lineage,legacy,M0,4,3411,420,0,0.12313104661389622,2991,5,303,3,0.001671681711802073,0.003960248409859718,0.6918839886572807,0.3041557629328596
lineage,legacy,M0,5,2680,289,1,0.10783582089552239,2390,3,261,3,0.0012552301255230125,0.004300863736081757,0.7543164084145669,0.24138272784935144
lineage,legacy,M0,6,2123,210,0,0.09891662741403674,1913,1,223,3,0.0005227391531625719,0.004414562618723938,0.8035480245986316,0.19203741278264463
lineage,legacy,M0,7,1686,122,0,0.07236061684460261,1564,2,170,0,0.0012787723785166241,0.0046423650063664584,0.8368071731944396,0.15855046179919416
lineage,legacy,M0,8,1392,115,0,0.08261494252873564,1277,1,137,1,0.0007830853563038371,0.004756266200187718,0.8655102740373972,0.12973345976241532
lineage,legacy,M0,9,1138,82,0,0.07205623901581722,1056,0,156,1,0.0,0.004756266200187718,0.8926425793304156,0.10260115446939701
lineage,legacy,M0,10,899,59,0,0.06562847608453838,840,1,114,1,0.0011904761904761906,0.004870394291922309,0.9123867392004997,0.08274286650757824
lineage,legacy,M0,11,724,36,0,0.049723756906077346,688,0,77,0,0.0,0.004870394291922309,0.9253010263764062,0.06982857933167169
lineage,legacy,M0,12,611,38,0,0.062193126022913256,573,2,69,0,0.0034904013961605585,0.005098965746363133,0.9375295991889904,0.057371435064646786
lineage,legacy,M0,13,502,22,0,0.043824701195219126,480,0,58,3,0.0,0.005098965746363133,0.9466724573666233,0.04822857688701384
lineage,legacy,M0,14,419,15,0,0.03579952267303103,404,0,45,1,0.0,0.005098965746363133,0.953578697493642,0.04132233675999515
lineage,legacy,M0,15,358,14,0,0.03910614525139665,344,0,47,1,0.0,0.005098965746363133,0.9606196543158758,0.03428137993776134
lineage,legacy,M0,16,296,12,0,0.04054054054054054,284,0,37,0,0.0,0.005098965746363133,0.9662946124812485,0.028606421772388688
lineage,legacy,M0,17,247,6,0,0.024291497975708502,241,0,38,1,0.0,0.005098965746363133,0.9713904932828076,0.02351054097082957
lineage,legacy,M0,18,202,11,0,0.054455445544554455,191,0,25,0,0.0,0.005098965746363133,0.9755804906835495,0.019320543570087664
lineage,legacy,M0,19,166,4,0,0.024096385542168676,162,0,20,0,0.0,0.005098965746363133,0.978373822284044,0.016527211969593062
lineage,legacy,M0,20,142,5,0,0.035211267605633804,137,0,25,0,0.0,0.005098965746363133,0.9818654867846622,0.013035547468974812
lineage,legacy,M0,21,112,5,0,0.044642857142857144,107,0,8,0,0.0,0.005098965746363133,0.9833785414015968,0.011522492852040236
lineage,legacy,M0,22,99,6,0,0.06060606060606061,93,0,9,0,0.0,0.005098965746363133,0.9851243736519059,0.009776660601731109
lineage,legacy,M0,23,84,4,0,0.047619047619047616,80,0,5,0,0.0,0.005098965746363133,0.9861718730020913,0.008729161251545632
lineage,legacy,M0,24,75,4,0,0.05333333333333334,71,0,8,0,0.0,0.005098965746363133,0.9875685388023385,0.0073324954512983325
lineage,legacy,M0,25,63,1,0,0.015873015873015872,62,0,9,0,0.0,0.005098965746363133,0.9887324269692113,0.006168607284425582
lineage,legacy,M0,26,53,2,0,0.03773584905660377,51,0,6,0,0.0,0.005098965746363133,0.9896635375027095,0.0052374967509273805
lineage,legacy,M0,27,45,0,0,0.0,45,0,6,1,0.0,0.005098965746363133,0.9903618704028332,0.00453916385080373
lineage,legacy,M0,28,38,0,0,0.0,38,0,7,0,0.0,0.005098965746363133,0.9911980321648234,0.0037030020888135693
lineage,legacy,M0,29,31,1,0,0.03225806451612903,30,0,3,0,0.0,0.005098965746363133,0.9916758388859606,0.003225195367676335
lineage,legacy,M0,30,27,0,0,0.0,27,0,6,0,0.0,0.005098965746363133,0.9923925489676664,0.0025084852859704825
lineage,legacy,M0,31,21,0,0,0.0,21,0,2,0,0.0,0.005098965746363133,0.992631452328235,0.002269581925401865
lineage,legacy,M0,32,19,0,0,0.0,19,0,2,0,0.0,0.005098965746363133,0.9928703556888037,0.0020306785648332476
lineage,legacy,M0,33,17,0,0,0.0,17,0,0,0,0.0,0.005098965746363133,0.9928703556888037,0.0020306785648332476
lineage,legacy,M0,34,17,0,0,0.0,17,0,0,0,0.0,0.005098965746363133,0.9928703556888037,0.0020306785648332476
lineage,legacy,M0,35,17,0,0,0.0,17,0,1,0,0.0,0.005098965746363133,0.9929898073690879,0.001911226884548939
lineage,legacy,M0,36,16,0,0,0.0,16,0,1,0,0.0,0.005098965746363133,0.9931092590493722,0.0017917752042646302
lineage,legacy,M0,37,15,0,0,0.0,15,0,0,0,0.0,0.005098965746363133,0.9931092590493722,0.0017917752042646302
lineage,legacy,M0,38,15,0,0,0.0,15,0,0,0,0.0,0.005098965746363133,0.9931092590493722,0.0017917752042646302
lineage,legacy,M0,39,15,0,0,0.0,15,0,0,0,0.0,0.005098965746363133,0.9931092590493722,0.0017917752042646302
lineage,legacy,M0,40,15,0,0,0.0,15,0,0,0,0.0,0.005098965746363133,0.9931092590493722,0.0017917752042646302
lineage,legacy,M0,41,15,0,0,0.0,15,0,0,0,0.0,0.005098965746363133,0.9931092590493722,0.0017917752042646302
lineage,legacy,M0,42,15,0,0,0.0,15,0,0,0,0.0,0.005098965746363133,0.9931092590493722,0.0017917752042646302
lineage,legacy,M0,43,15,0,0,0.0,15,0,1,0,0.0,0.005098965746363133,0.9932287107296565,0.0016723235239803215
lineage,legacy,M0,44,14,0,0,0.0,14,0,1,0,0.0,0.005098965746363133,0.9933481624099407,0.0015528718436960127
lineage,legacy,M0,45,13,0,0,0.0,13,0,1,0,0.0,0.005098965746363133,0.993467614090225,0.0014334201634117042
lineage,legacy,M0,46,12,0,0,0.0,12,0,0,0,0.0,0.005098965746363133,0.993467614090225,0.0014334201634117042
lineage,legacy,M0,47,12,0,0,0.0,12,0,1,0,0.0,0.005098965746363133,0.9935870657705093,0.0013139684831273955
lineage,legacy,M0,48,11,0,0,0.0,11,0,1,0,0.0,0.005098965746363133,0.9937065174507935,0.0011945168028430868
lineage,legacy,M0,49,10,0,0,0.0,10,0,0,0,0.0,0.005098965746363133,0.9937065174507935,0.0011945168028430868
lineage,legacy,M0,50,10,0,0,0.0,10,0,0,0,0.0,0.005098965746363133,0.9937065174507935,0.0011945168028430868
lineage,legacy,M0,51,10,0,0,0.0,10,0,0,0,0.0,0.005098965746363133,0.9937065174507935,0.0011945168028430868
lineage,legacy,M0,52,10,0,0,0.0,10,0,1,0,0.0,0.005098965746363133,0.9938259691310778,0.001075065122558778
lineage,legacy,M0,53,9,0,0,0.0,9,0,0,0,0.0,0.005098965746363133,0.9938259691310778,0.001075065122558778
lineage,legacy,M0,54,9,0,0,0.0,9,0,0,0,0.0,0.005098965746363133,0.9938259691310778,0.001075065122558778
lineage,legacy,M0,55,9,0,0,0.0,9,0,0,0,0.0,0.005098965746363133,0.9938259691310778,0.001075065122558778
lineage,legacy,M0,56,9,0,0,0.0,9,0,0,0,0.0,0.005098965746363133,0.9938259691310778,0.001075065122558778
lineage,legacy,M0,57,9,0,0,0.0,9,0,0,0,0.0,0.005098965746363133,0.9938259691310778,0.001075065122558778
lineage,legacy,M0,58,9,0,0,0.0,9,0,0,0,0.0,0.005098965746363133,0.9938259691310778,0.001075065122558778
lineage,legacy,M0,59,9,0,0,0.0,9,0,0,0,0.0,0.005098965746363133,0.9938259691310778,0.001075065122558778
lineage,legacy,M0,60,9,0,0,0.0,9,0,0,0,0.0,0.005098965746363133,0.9938259691310778,0.001075065122558778
lineage,legacy,M0,61,9,0,0,0.0,9,0,0,1,0.0,0.005098965746363133,0.9938259691310778,0.001075065122558778
lineage,legacy,M0,62,8,0,0,0.0,8,0,0,0,0.0,0.005098965746363133,0.9938259691310778,0.001075065122558778
lineage,legacy,M0,63,8,0,0,0.0,8,0,0,0,0.0,0.005098965746363133,0.9938259691310778,0.001075065122558778
lineage,legacy,M0,64,8,0,0,0.0,8,0,0,0,0.0,0.005098965746363133,0.9938259691310778,0.001075065122558778
lineage,legacy,M0,65,8,0,0,0.0,8,0,0,0,0.0,0.005098965746363133,0.9938259691310778,0.001075065122558778
lineage,legacy,M0,66,8,0,0,0.0,8,0,0,0,0.0,0.005098965746363133,0.9938259691310778,0.001075065122558778
lineage,legacy,M0,67,8,0,0,0.0,8,0,0,0,0.0,0.005098965746363133,0.9938259691310778,0.001075065122558778
lineage,legacy,M0,68,8,0,0,0.0,8,0,0,0,0.0,0.005098965746363133,0.9938259691310778,0.001075065122558778
lineage,legacy,M0,69,8,0,0,0.0,8,0,0,1,0.0,0.005098965746363133,0.9938259691310778,0.001075065122558778
lineage,legacy,M0,70,7,0,0,0.0,7,0,0,0,0.0,0.005098965746363133,0.9938259691310778,0.001075065122558778
lineage,legacy,M0,71,7,0,0,0.0,7,0,0,0,0.0,0.005098965746363133,0.9938259691310778,0.001075065122558778
lineage,legacy,M0,72,7,0,0,0.0,7,0,0,0,0.0,0.005098965746363133,0.9938259691310778,0.001075065122558778
lineage,legacy,M0,73,7,0,0,0.0,7,0,0,0,0.0,0.005098965746363133,0.9938259691310778,0.001075065122558778
lineage,legacy,M0,74,7,0,0,0.0,7,0,0,0,0.0,0.005098965746363133,0.9938259691310778,0.001075065122558778
lineage,legacy,M0,75,7,0,0,0.0,7,0,0,0,0.0,0.005098965746363133,0.9938259691310778,0.001075065122558778
lineage,legacy,M0,76,7,0,0,0.0,7,0,0,0,0.0,0.005098965746363133,0.9938259691310778,0.001075065122558778
lineage,legacy,M0,77,7,0,0,0.0,7,0,0,0,0.0,0.005098965746363133,0.9938259691310778,0.001075065122558778
lineage,legacy,M0,78,7,0,0,0.0,7,0,0,1,0.0,0.005098965746363133,0.9938259691310778,0.001075065122558778
lineage,legacy,M0,79,6,0,0,0.0,6,0,0,0,0.0,0.005098965746363133,0.9938259691310778,0.001075065122558778
lineage,legacy,M0,80,6,0,0,0.0,6,0,0,0,0.0,0.005098965746363133,0.9938259691310778,0.001075065122558778
lineage,legacy,M0,81,6,0,0,0.0,6,0,0,0,0.0,0.005098965746363133,0.9938259691310778,0.001075065122558778
lineage,legacy,M0,82,6,0,0,0.0,6,0,0,0,0.0,0.005098965746363133,0.9938259691310778,0.001075065122558778
lineage,legacy,M0,83,6,0,0,0.0,6,0,0,0,0.0,0.005098965746363133,0.9938259691310778,0.001075065122558778
lineage,legacy,M0,84,6,0,0,0.0,6,0,0,0,0.0,0.005098965746363133,0.9938259691310778,0.001075065122558778
lineage,legacy,M0,85,6,0,0,0.0,6,0,0,0,0.0,0.005098965746363133,0.9938259691310778,0.001075065122558778
lineage,legacy,M0,86,6,0,0,0.0,6,0,0,0,0.0,0.005098965746363133,0.9938259691310778,0.001075065122558778
lineage,legacy,M0,87,6,0,0,0.0,6,0,0,0,0.0,0.005098965746363133,0.9938259691310778,0.001075065122558778
lineage,legacy,M0,88,6,0,0,0.0,6,0,0,0,0.0,0.005098965746363133,0.9938259691310778,0.001075065122558778
lineage,legacy,M0,89,6,0,0,0.0,6,0,0,0,0.0,0.005098965746363133,0.9938259691310778,0.001075065122558778
lineage,legacy,M0,90,6,0,0,0.0,6,0,0,0,0.0,0.005098965746363133,0.9938259691310778,0.001075065122558778
lineage,legacy,M0,91,6,0,0,0.0,6,0,0,0,0.0,0.005098965746363133,0.9938259691310778,0.001075065122558778
lineage,legacy,M0,92,6,0,0,0.0,6,0,0,0,0.0,0.005098965746363133,0.9938259691310778,0.001075065122558778
lineage,legacy,M0,93,6,0,0,0.0,6,0,0,0,0.0,0.005098965746363133,0.9938259691310778,0.001075065122558778
lineage,legacy,M0,94,6,0,0,0.0,6,0,0,0,0.0,0.005098965746363133,0.9938259691310778,0.001075065122558778
lineage,legacy,M0,95,6,0,0,0.0,6,0,0,0,0.0,0.005098965746363133,0.9938259691310778,0.001075065122558778
lineage,legacy,M0,96,6,0,0,0.0,6,0,0,0,0.0,0.005098965746363133,0.9938259691310778,0.001075065122558778
lineage,legacy,M0,97,6,0,0,0.0,6,0,0,0,0.0,0.005098965746363133,0.9938259691310778,0.001075065122558778
lineage,legacy,M0,98,6,0,0,0.0,6,0,0,0,0.0,0.005098965746363133,0.9938259691310778,0.001075065122558778
lineage,legacy,M0,99,6,0,0,0.0,6,0,0,0,0.0,0.005098965746363133,0.9938259691310778,0.001075065122558778
lineage,legacy,M0,100,6,0,0,0.0,6,0,0,0,0.0,0.005098965746363133,0.9938259691310778,0.001075065122558778
lineage,legacy,M0,101,6,0,0,0.0,6,0,0,0,0.0,0.005098965746363133,0.9938259691310778,0.001075065122558778
lineage,legacy,M0,102,6,0,0,0.0,6,0,0,0,0.0,0.005098965746363133,0.9938259691310778,0.001075065122558778
lineage,legacy,M0,103,6,0,0,0.0,6,0,0,0,0.0,0.005098965746363133,0.9938259691310778,0.001075065122558778
lineage,legacy,M0,104,6,0,0,0.0,6,0,0,0,0.0,0.005098965746363133,0.9938259691310778,0.001075065122558778
lineage,legacy,M0,105,6,0,0,0.0,6,0,1,0,0.0,0.005098965746363133,0.9940051466515043,0.0008958876021323151
lineage,legacy,M0,106,5,0,0,0.0,5,0,0,0,0.0,0.005098965746363133,0.9940051466515043,0.0008958876021323151
lineage,legacy,M0,107,5,0,0,0.0,5,0,0,0,0.0,0.005098965746363133,0.9940051466515043,0.0008958876021323151
lineage,legacy,M0,108,5,0,0,0.0,5,0,0,0,0.0,0.005098965746363133,0.9940051466515043,0.0008958876021323151
lineage,legacy,M0,109,5,0,0,0.0,5,0,0,0,0.0,0.005098965746363133,0.9940051466515043,0.0008958876021323151
lineage,legacy,M0,110,5,0,0,0.0,5,0,0,0,0.0,0.005098965746363133,0.9940051466515043,0.0008958876021323151
lineage,legacy,M0,111,5,0,0,0.0,5,0,0,0,0.0,0.005098965746363133,0.9940051466515043,0.0008958876021323151
lineage,legacy,M0,112,5,0,0,0.0,5,0,0,0,0.0,0.005098965746363133,0.9940051466515043,0.0008958876021323151
lineage,legacy,M0,113,5,0,0,0.0,5,0,0,0,0.0,0.005098965746363133,0.9940051466515043,0.0008958876021323151
lineage,legacy,M0,114,5,0,0,0.0,5,0,0,0,0.0,0.005098965746363133,0.9940051466515043,0.0008958876021323151
lineage,legacy,M0,115,5,0,0,0.0,5,0,0,0,0.0,0.005098965746363133,0.9940051466515043,0.0008958876021323151
lineage,legacy,M0,116,5,0,0,0.0,5,0,0,0,0.0,0.005098965746363133,0.9940051466515043,0.0008958876021323151
lineage,legacy,M0,117,5,0,0,0.0,5,0,0,0,0.0,0.005098965746363133,0.9940051466515043,0.0008958876021323151
lineage,legacy,M0,118,5,0,0,0.0,5,0,0,0,0.0,0.005098965746363133,0.9940051466515043,0.0008958876021323151
lineage,legacy,M0,119,5,0,0,0.0,5,0,0,0,0.0,0.005098965746363133,0.9940051466515043,0.0008958876021323151
lineage,legacy,M0,120,5,0,0,0.0,5,0,0,0,0.0,0.005098965746363133,0.9940051466515043,0.0008958876021323151
lineage,legacy,M0,121,5,0,0,0.0,5,0,0,0,0.0,0.005098965746363133,0.9940051466515043,0.0008958876021323151
lineage,legacy,M0,122,5,0,0,0.0,5,0,0,0,0.0,0.005098965746363133,0.9940051466515043,0.0008958876021323151
lineage,legacy,M0,123,5,0,0,0.0,5,0,0,0,0.0,0.005098965746363133,0.9940051466515043,0.0008958876021323151
lineage,legacy,M0,124,5,0,0,0.0,5,0,0,0,0.0,0.005098965746363133,0.9940051466515043,0.0008958876021323151
lineage,legacy,M0,125,5,0,0,0.0,5,0,0,0,0.0,0.005098965746363133,0.9940051466515043,0.0008958876021323151
lineage,legacy,M0,126,5,0,0,0.0,5,0,0,0,0.0,0.005098965746363133,0.9940051466515043,0.0008958876021323151
lineage,legacy,M0,127,5,0,0,0.0,5,0,1,0,0.0,0.005098965746363133,0.9941843241719308,0.0007167100817058521
lineage,legacy,M0,128,4,0,0,0.0,4,0,0,0,0.0,0.005098965746363133,0.9941843241719308,0.0007167100817058521
lineage,legacy,M0,129,4,0,0,0.0,4,0,0,0,0.0,0.005098965746363133,0.9941843241719308,0.0007167100817058521
lineage,legacy,M0,130,4,0,0,0.0,4,0,0,0,0.0,0.005098965746363133,0.9941843241719308,0.0007167100817058521
lineage,legacy,M0,131,4,0,0,0.0,4,0,0,0,0.0,0.005098965746363133,0.9941843241719308,0.0007167100817058521
lineage,legacy,M0,132,4,0,0,0.0,4,0,0,0,0.0,0.005098965746363133,0.9941843241719308,0.0007167100817058521
lineage,legacy,M0,133,4,0,0,0.0,4,0,0,0,0.0,0.005098965746363133,0.9941843241719308,0.0007167100817058521
lineage,legacy,M0,134,4,0,0,0.0,4,0,0,0,0.0,0.005098965746363133,0.9941843241719308,0.0007167100817058521
lineage,legacy,M0,135,4,0,0,0.0,4,0,0,0,0.0,0.005098965746363133,0.9941843241719308,0.0007167100817058521
lineage,legacy,M0,136,4,0,0,0.0,4,0,0,0,0.0,0.005098965746363133,0.9941843241719308,0.0007167100817058521
lineage,legacy,M0,137,4,0,0,0.0,4,0,0,0,0.0,0.005098965746363133,0.9941843241719308,0.0007167100817058521
lineage,legacy,M0,138,4,0,0,0.0,4,0,0,0,0.0,0.005098965746363133,0.9941843241719308,0.0007167100817058521
lineage,legacy,M0,139,4,0,0,0.0,4,0,0,0,0.0,0.005098965746363133,0.9941843241719308,0.0007167100817058521
lineage,legacy,M0,140,4,0,0,0.0,4,0,0,0,0.0,0.005098965746363133,0.9941843241719308,0.0007167100817058521
lineage,legacy,M0,141,4,0,0,0.0,4,0,0,0,0.0,0.005098965746363133,0.9941843241719308,0.0007167100817058521
lineage,legacy,M0,142,4,0,0,0.0,4,0,0,0,0.0,0.005098965746363133,0.9941843241719308,0.0007167100817058521
lineage,legacy,M0,143,4,0,0,0.0,4,0,0,0,0.0,0.005098965746363133,0.9941843241719308,0.0007167100817058521
lineage,legacy,M0,144,4,0,0,0.0,4,0,0,1,0.0,0.005098965746363133,0.9941843241719308,0.0007167100817058521
lineage,legacy,M0,145,3,0,0,0.0,3,0,0,0,0.0,0.005098965746363133,0.9941843241719308,0.0007167100817058521
lineage,legacy,M0,146,3,0,0,0.0,3,0,0,0,0.0,0.005098965746363133,0.9941843241719308,0.0007167100817058521
lineage,legacy,M0,147,3,0,0,0.0,3,0,0,0,0.0,0.005098965746363133,0.9941843241719308,0.0007167100817058521
lineage,legacy,M0,148,3,0,0,0.0,3,0,0,0,0.0,0.005098965746363133,0.9941843241719308,0.0007167100817058521
lineage,legacy,M0,149,3,0,0,0.0,3,0,0,0,0.0,0.005098965746363133,0.9941843241719308,0.0007167100817058521
lineage,legacy,M0,150,3,0,0,0.0,3,0,0,0,0.0,0.005098965746363133,0.9941843241719308,0.0007167100817058521
lineage,legacy,M0,151,3,0,0,0.0,3,0,0,0,0.0,0.005098965746363133,0.9941843241719308,0.0007167100817058521
lineage,legacy,M0,152,3,0,0,0.0,3,0,0,0,0.0,0.005098965746363133,0.9941843241719308,0.0007167100817058521
lineage,legacy,M0,153,3,0,0,0.0,3,0,0,0,0.0,0.005098965746363133,0.9941843241719308,0.0007167100817058521
lineage,legacy,M0,154,3,0,0,0.0,3,0,0,0,0.0,0.005098965746363133,0.9941843241719308,0.0007167100817058521
lineage,legacy,M0,155,3,0,0,0.0,3,0,0,0,0.0,0.005098965746363133,0.9941843241719308,0.0007167100817058521
lineage,legacy,M0,156,3,0,0,0.0,3,0,0,1,0.0,0.005098965746363133,0.9941843241719308,0.0007167100817058521
lineage,legacy,M0,157,2,0,0,0.0,2,0,0,0,0.0,0.005098965746363133,0.9941843241719308,0.0007167100817058521
lineage,legacy,M0,158,2,0,0,0.0,2,0,0,0,0.0,0.005098965746363133,0.9941843241719308,0.0007167100817058521
lineage,legacy,M0,159,2,0,0,0.0,2,0,0,0,0.0,0.005098965746363133,0.9941843241719308,0.0007167100817058521
lineage,legacy,M0,160,2,0,0,0.0,2,0,0,0,0.0,0.005098965746363133,0.9941843241719308,0.0007167100817058521
lineage,legacy,M0,161,2,0,0,0.0,2,0,0,0,0.0,0.005098965746363133,0.9941843241719308,0.0007167100817058521
lineage,legacy,M0,162,2,0,0,0.0,2,0,0,0,0.0,0.005098965746363133,0.9941843241719308,0.0007167100817058521
lineage,legacy,M0,163,2,0,0,0.0,2,0,0,0,0.0,0.005098965746363133,0.9941843241719308,0.0007167100817058521
lineage,legacy,M0,164,2,0,0,0.0,2,0,0,0,0.0,0.005098965746363133,0.9941843241719308,0.0007167100817058521
lineage,legacy,M0,165,2,0,0,0.0,2,0,0,0,0.0,0.005098965746363133,0.9941843241719308,0.0007167100817058521
lineage,legacy,M0,166,2,0,0,0.0,2,0,0,0,0.0,0.005098965746363133,0.9941843241719308,0.0007167100817058521
lineage,legacy,M0,167,2,0,0,0.0,2,0,0,0,0.0,0.005098965746363133,0.9941843241719308,0.0007167100817058521
lineage,legacy,M0,168,2,0,0,0.0,2,0,0,0,0.0,0.005098965746363133,0.9941843241719308,0.0007167100817058521
lineage,legacy,M0,169,2,0,0,0.0,2,0,0,0,0.0,0.005098965746363133,0.9941843241719308,0.0007167100817058521
lineage,legacy,M0,170,2,0,0,0.0,2,0,0,0,0.0,0.005098965746363133,0.9941843241719308,0.0007167100817058521
lineage,legacy,M0,171,2,0,0,0.0,2,0,0,0,0.0,0.005098965746363133,0.9941843241719308,0.0007167100817058521
lineage,legacy,M0,172,2,0,0,0.0,2,0,0,0,0.0,0.005098965746363133,0.9941843241719308,0.0007167100817058521
lineage,legacy,M0,173,2,0,0,0.0,2,0,0,0,0.0,0.005098965746363133,0.9941843241719308,0.0007167100817058521
lineage,legacy,M0,174,2,0,0,0.0,2,0,0,0,0.0,0.005098965746363133,0.9941843241719308,0.0007167100817058521
lineage,legacy,M0,175,2,0,0,0.0,2,0,0,0,0.0,0.005098965746363133,0.9941843241719308,0.0007167100817058521
lineage,legacy,M0,176,2,0,0,0.0,2,0,0,0,0.0,0.005098965746363133,0.9941843241719308,0.0007167100817058521
lineage,legacy,M0,177,2,0,0,0.0,2,0,0,0,0.0,0.005098965746363133,0.9941843241719308,0.0007167100817058521
lineage,legacy,M0,178,2,0,0,0.0,2,0,0,0,0.0,0.005098965746363133,0.9941843241719308,0.0007167100817058521
lineage,legacy,M0,179,2,0,0,0.0,2,0,0,0,0.0,0.005098965746363133,0.9941843241719308,0.0007167100817058521
lineage,legacy,M0,180,2,0,0,0.0,2,0,0,0,0.0,0.005098965746363133,0.9941843241719308,0.0007167100817058521
lineage,legacy,M0,181,2,0,0,0.0,2,0,0,0,0.0,0.005098965746363133,0.9941843241719308,0.0007167100817058521
lineage,legacy,M0,182,2,0,0,0.0,2,0,0,0,0.0,0.005098965746363133,0.9941843241719308,0.0007167100817058521
lineage,legacy,M0,183,2,0,0,0.0,2,0,0,0,0.0,0.005098965746363133,0.9941843241719308,0.0007167100817058521
lineage,legacy,M0,184,2,0,0,0.0,2,0,0,0,0.0,0.005098965746363133,0.9941843241719308,0.0007167100817058521
lineage,legacy,M0,185,2,0,0,0.0,2,0,0,0,0.0,0.005098965746363133,0.9941843241719308,0.0007167100817058521
lineage,legacy,M0,186,2,0,0,0.0,2,0,0,0,0.0,0.005098965746363133,0.9941843241719308,0.0007167100817058521
lineage,legacy,M0,187,2,0,0,0.0,2,0,0,0,0.0,0.005098965746363133,0.9941843241719308,0.0007167100817058521
lineage,legacy,M0,188,2,0,0,0.0,2,0,0,0,0.0,0.005098965746363133,0.9941843241719308,0.0007167100817058521
lineage,legacy,M0,189,2,0,0,0.0,2,0,0,0,0.0,0.005098965746363133,0.9941843241719308,0.0007167100817058521
lineage,legacy,M0,190,2,0,0,0.0,2,0,0,0,0.0,0.005098965746363133,0.9941843241719308,0.0007167100817058521
lineage,legacy,M0,191,2,0,0,0.0,2,0,0,0,0.0,0.005098965746363133,0.9941843241719308,0.0007167100817058521
lineage,legacy,M0,192,2,0,0,0.0,2,0,0,0,0.0,0.005098965746363133,0.9941843241719308,0.0007167100817058521
lineage,legacy,M0,193,2,0,0,0.0,2,0,0,0,0.0,0.005098965746363133,0.9941843241719308,0.0007167100817058521
lineage,legacy,M0,194,2,0,0,0.0,2,0,0,0,0.0,0.005098965746363133,0.9941843241719308,0.0007167100817058521
lineage,legacy,M0,195,2,0,0,0.0,2,0,0,0,0.0,0.005098965746363133,0.9941843241719308,0.0007167100817058521
lineage,legacy,M0,196,2,0,0,0.0,2,0,0,0,0.0,0.005098965746363133,0.9941843241719308,0.0007167100817058521
lineage,legacy,M0,197,2,0,0,0.0,2,0,0,0,0.0,0.005098965746363133,0.9941843241719308,0.0007167100817058521
lineage,legacy,M0,198,2,0,0,0.0,2,0,0,0,0.0,0.005098965746363133,0.9941843241719308,0.0007167100817058521
lineage,legacy,M0,199,2,0,0,0.0,2,0,0,0,0.0,0.005098965746363133,0.9941843241719308,0.0007167100817058521
lineage,legacy,M0,200,2,0,0,0.0,2,0,0,0,0.0,0.005098965746363133,0.9941843241719308,0.0007167100817058521
lineage,legacy,M0,201,2,0,0,0.0,2,0,0,0,0.0,0.005098965746363133,0.9941843241719308,0.0007167100817058521
lineage,legacy,M0,202,2,0,0,0.0,2,0,0,0,0.0,0.005098965746363133,0.9941843241719308,0.0007167100817058521
lineage,legacy,M0,203,2,0,0,0.0,2,0,0,0,0.0,0.005098965746363133,0.9941843241719308,0.0007167100817058521
lineage,legacy,M0,204,2,0,0,0.0,2,0,0,0,0.0,0.005098965746363133,0.9941843241719308,0.0007167100817058521
lineage,legacy,M0,205,2,0,0,0.0,2,0,0,0,0.0,0.005098965746363133,0.9941843241719308,0.0007167100817058521
lineage,legacy,M0,206,2,0,0,0.0,2,0,0,0,0.0,0.005098965746363133,0.9941843241719308,0.0007167100817058521
lineage,legacy,M0,207,2,0,0,0.0,2,0,0,0,0.0,0.005098965746363133,0.9941843241719308,0.0007167100817058521
lineage,legacy,M0,208,2,0,0,0.0,2,0,0,0,0.0,0.005098965746363133,0.9941843241719308,0.0007167100817058521
lineage,legacy,M0,209,2,0,0,0.0,2,0,0,0,0.0,0.005098965746363133,0.9941843241719308,0.0007167100817058521
lineage,legacy,M0,210,2,0,0,0.0,2,0,0,0,0.0,0.005098965746363133,0.9941843241719308,0.0007167100817058521
lineage,legacy,M0,211,2,0,0,0.0,2,0,0,0,0.0,0.005098965746363133,0.9941843241719308,0.0007167100817058521
lineage,legacy,M0,212,2,0,0,0.0,2,0,0,0,0.0,0.005098965746363133,0.9941843241719308,0.0007167100817058521
lineage,legacy,M0,213,2,0,0,0.0,2,0,0,0,0.0,0.005098965746363133,0.9941843241719308,0.0007167100817058521
lineage,legacy,M0,214,2,0,0,0.0,2,0,0,0,0.0,0.005098965746363133,0.9941843241719308,0.0007167100817058521
lineage,legacy,M0,215,2,0,0,0.0,2,0,0,0,0.0,0.005098965746363133,0.9941843241719308,0.0007167100817058521
lineage,legacy,M0,216,2,0,0,0.0,2,0,0,0,0.0,0.005098965746363133,0.9941843241719308,0.0007167100817058521
lineage,legacy,M0,217,2,0,0,0.0,2,0,0,0,0.0,0.005098965746363133,0.9941843241719308,0.0007167100817058521
lineage,legacy,M0,218,2,0,0,0.0,2,0,0,0,0.0,0.005098965746363133,0.9941843241719308,0.0007167100817058521
lineage,legacy,M0,219,2,0,0,0.0,2,0,0,0,0.0,0.005098965746363133,0.9941843241719308,0.0007167100817058521
lineage,legacy,M0,220,2,0,0,0.0,2,0,0,0,0.0,0.005098965746363133,0.9941843241719308,0.0007167100817058521
lineage,legacy,M0,221,2,0,0,0.0,2,0,0,0,0.0,0.005098965746363133,0.9941843241719308,0.0007167100817058521
lineage,legacy,M0,222,2,0,0,0.0,2,0,0,0,0.0,0.005098965746363133,0.9941843241719308,0.0007167100817058521
lineage,legacy,M0,223,2,0,0,0.0,2,0,0,0,0.0,0.005098965746363133,0.9941843241719308,0.0007167100817058521
lineage,legacy,M0,224,2,0,0,0.0,2,0,0,0,0.0,0.005098965746363133,0.9941843241719308,0.0007167100817058521
lineage,legacy,M0,225,2,0,0,0.0,2,0,0,0,0.0,0.005098965746363133,0.9941843241719308,0.0007167100817058521
lineage,legacy,M0,226,2,0,0,0.0,2,0,0,0,0.0,0.005098965746363133,0.9941843241719308,0.0007167100817058521
lineage,legacy,M0,227,2,0,0,0.0,2,0,0,0,0.0,0.005098965746363133,0.9941843241719308,0.0007167100817058521
lineage,legacy,M0,228,2,0,0,0.0,2,0,0,0,0.0,0.005098965746363133,0.9941843241719308,0.0007167100817058521
lineage,legacy,M0,229,2,0,0,0.0,2,0,0,0,0.0,0.005098965746363133,0.9941843241719308,0.0007167100817058521
lineage,legacy,M0,230,2,0,0,0.0,2,0,0,0,0.0,0.005098965746363133,0.9941843241719308,0.0007167100817058521
lineage,legacy,M0,231,2,0,0,0.0,2,0,0,0,0.0,0.005098965746363133,0.9941843241719308,0.0007167100817058521
lineage,legacy,M0,232,2,0,0,0.0,2,0,0,0,0.0,0.005098965746363133,0.9941843241719308,0.0007167100817058521
lineage,legacy,M0,233,2,0,0,0.0,2,0,0,0,0.0,0.005098965746363133,0.9941843241719308,0.0007167100817058521
lineage,legacy,M0,234,2,0,0,0.0,2,0,0,0,0.0,0.005098965746363133,0.9941843241719308,0.0007167100817058521
lineage,legacy,M0,235,2,0,0,0.0,2,0,0,0,0.0,0.005098965746363133,0.9941843241719308,0.0007167100817058521
lineage,legacy,M0,236,2,0,0,0.0,2,0,0,0,0.0,0.005098965746363133,0.9941843241719308,0.0007167100817058521
lineage,legacy,M0,237,2,0,0,0.0,2,0,0,0,0.0,0.005098965746363133,0.9941843241719308,0.0007167100817058521
lineage,legacy,M0,238,2,0,0,0.0,2,0,1,0,0.0,0.005098965746363133,0.9945426792127837,0.00035835504085292606
lineage,legacy,M0,239,1,0,0,0.0,1,0,0,0,0.0,0.005098965746363133,0.9945426792127837,0.00035835504085292606
lineage,legacy,M0,240,1,0,0,0.0,1,0,0,0,0.0,0.005098965746363133,0.9945426792127837,0.00035835504085292606
lineage,legacy,M0,241,1,0,0,0.0,1,0,0,0,0.0,0.005098965746363133,0.9945426792127837,0.00035835504085292606
lineage,legacy,M0,242,1,0,0,0.0,1,0,0,0,0.0,0.005098965746363133,0.9945426792127837,0.00035835504085292606
lineage,legacy,M0,243,1,0,0,0.0,1,0,0,0,0.0,0.005098965746363133,0.9945426792127837,0.00035835504085292606
lineage,legacy,M0,244,1,0,0,0.0,1,0,0,0,0.0,0.005098965746363133,0.9945426792127837,0.00035835504085292606
lineage,legacy,M0,245,1,0,0,0.0,1,0,0,0,0.0,0.005098965746363133,0.9945426792127837,0.00035835504085292606
lineage,legacy,M0,246,1,0,0,0.0,1,0,0,0,0.0,0.005098965746363133,0.9945426792127837,0.00035835504085292606
lineage,legacy,M0,247,1,0,0,0.0,1,0,0,0,0.0,0.005098965746363133,0.9945426792127837,0.00035835504085292606
lineage,legacy,M0,248,1,0,0,0.0,1,0,0,0,0.0,0.005098965746363133,0.9945426792127837,0.00035835504085292606
lineage,legacy,M0,249,1,0,0,0.0,1,0,0,0,0.0,0.005098965746363133,0.9945426792127837,0.00035835504085292606
lineage,legacy,M0,250,1,0,0,0.0,1,0,0,0,0.0,0.005098965746363133,0.9945426792127837,0.00035835504085292606
lineage,legacy,M0,251,1,0,0,0.0,1,0,0,0,0.0,0.005098965746363133,0.9945426792127837,0.00035835504085292606
lineage,legacy,M0,252,1,0,0,0.0,1,0,0,0,0.0,0.005098965746363133,0.9945426792127837,0.00035835504085292606
lineage,legacy,M0,253,1,0,0,0.0,1,0,0,0,0.0,0.005098965746363133,0.9945426792127837,0.00035835504085292606
lineage,legacy,M0,254,1,0,0,0.0,1,0,0,0,0.0,0.005098965746363133,0.9945426792127837,0.00035835504085292606
lineage,legacy,M0,255,1,0,0,0.0,1,0,0,0,0.0,0.005098965746363133,0.9945426792127837,0.00035835504085292606
lineage,legacy,M0,256,1,0,0,0.0,1,0,0,0,0.0,0.005098965746363133,0.9945426792127837,0.00035835504085292606
lineage,legacy,M0,257,1,0,0,0.0,1,0,0,0,0.0,0.005098965746363133,0.9945426792127837,0.00035835504085292606
lineage,legacy,M0,258,1,0,0,0.0,1,0,0,0,0.0,0.005098965746363133,0.9945426792127837,0.00035835504085292606
lineage,legacy,M0,259,1,0,0,0.0,1,0,0,0,0.0,0.005098965746363133,0.9945426792127837,0.00035835504085292606
lineage,legacy,M0,260,1,0,0,0.0,1,0,0,0,0.0,0.005098965746363133,0.9945426792127837,0.00035835504085292606
lineage,legacy,M0,261,1,0,0,0.0,1,0,0,0,0.0,0.005098965746363133,0.9945426792127837,0.00035835504085292606
lineage,legacy,M0,262,1,0,0,0.0,1,0,0,0,0.0,0.005098965746363133,0.9945426792127837,0.00035835504085292606
lineage,legacy,M0,263,1,0,0,0.0,1,0,0,0,0.0,0.005098965746363133,0.9945426792127837,0.00035835504085292606
lineage,legacy,M0,264,1,0,0,0.0,1,0,0,0,0.0,0.005098965746363133,0.9945426792127837,0.00035835504085292606
lineage,legacy,M0,265,1,0,0,0.0,1,0,0,0,0.0,0.005098965746363133,0.9945426792127837,0.00035835504085292606
lineage,legacy,M0,266,1,0,0,0.0,1,0,0,0,0.0,0.005098965746363133,0.9945426792127837,0.00035835504085292606
lineage,legacy,M0,267,1,0,0,0.0,1,0,1,0,0.0,0.005098965746363133,0.9949010342536366,0.0
lineage,legacy,M0,268,0,0,0,0.0,0,0,0,0,0.0,0.005098965746363133,0.9949010342536366,0.0
lineage,legacy,M0,269,0,0,0,0.0,0,0,0,0,0.0,0.005098965746363133,0.9949010342536366,0.0
lineage,legacy,M0,270,0,0,0,0.0,0,0,0,0,0.0,0.005098965746363133,0.9949010342536366,0.0
lineage,legacy,M0,271,0,0,0,0.0,0,0,0,0,0.0,0.005098965746363133,0.9949010342536366,0.0
lineage,legacy,M0,272,0,0,0,0.0,0,0,0,0,0.0,0.005098965746363133,0.9949010342536366,0.0
lineage,legacy,M0,273,0,0,0,0.0,0,0,0,0,0.0,0.005098965746363133,0.9949010342536366,0.0
lineage,legacy,M0,274,0,0,0,0.0,0,0,0,0,0.0,0.005098965746363133,0.9949010342536366,0.0
lineage,legacy,M0,275,0,0,0,0.0,0,0,0,0,0.0,0.005098965746363133,0.9949010342536366,0.0
lineage,legacy,M0,276,0,0,0,0.0,0,0,0,0,0.0,0.005098965746363133,0.9949010342536366,0.0
lineage,legacy,M0,277,0,0,0,0.0,0,0,0,0,0.0,0.005098965746363133,0.9949010342536366,0.0
lineage,legacy,M0,278,0,0,0,0.0,0,0,0,0,0.0,0.005098965746363133,0.9949010342536366,0.0
lineage,legacy,M0,279,0,0,0,0.0,0,0,0,0,0.0,0.005098965746363133,0.9949010342536366,0.0
lineage,legacy,M0,280,0,0,0,0.0,0,0,0,0,0.0,0.005098965746363133,0.9949010342536366,0.0
lineage,legacy,M0,281,0,0,0,0.0,0,0,0,0,0.0,0.005098965746363133,0.9949010342536366,0.0
lineage,legacy,M0,282,0,0,0,0.0,0,0,0,0,0.0,0.005098965746363133,0.9949010342536366,0.0
lineage,legacy,M0,283,0,0,0,0.0,0,0,0,0,0.0,0.005098965746363133,0.9949010342536366,0.0
lineage,legacy,M0,284,0,0,0,0.0,0,0,0,0,0.0,0.005098965746363133,0.9949010342536366,0.0
lineage,legacy,M0,285,0,0,0,0.0,0,0,0,0,0.0,0.005098965746363133,0.9949010342536366,0.0
lineage,legacy,M0,286,0,0,0,0.0,0,0,0,0,0.0,0.005098965746363133,0.9949010342536366,0.0
lineage,legacy,M0,287,0,0,0,0.0,0,0,0,0,0.0,0.005098965746363133,0.9949010342536366,0.0
lineage,legacy,M0,288,0,0,0,0.0,0,0,0,0,0.0,0.005098965746363133,0.9949010342536366,0.0
lineage,legacy,M0,289,0,0,0,0.0,0,0,0,0,0.0,0.005098965746363133,0.9949010342536366,0.0
lineage,legacy,M0,290,0,0,0,0.0,0,0,0,0,0.0,0.005098965746363133,0.9949010342536366,0.0
lineage,legacy,M0,291,0,0,0,0.0,0,0,0,0,0.0,0.005098965746363133,0.9949010342536366,0.0
lineage,legacy,M0,292,0,0,0,0.0,0,0,0,0,0.0,0.005098965746363133,0.9949010342536366,0.0
lineage,legacy,M0,293,0,0,0,0.0,0,0,0,0,0.0,0.005098965746363133,0.9949010342536366,0.0
lineage,legacy,M0,294,0,0,0,0.0,0,0,0,0,0.0,0.005098965746363133,0.9949010342536366,0.0
lineage,legacy,M0,295,0,0,0,0.0,0,0,0,0,0.0,0.005098965746363133,0.9949010342536366,0.0
lineage,legacy,M0,296,0,0,0,0.0,0,0,0,0,0.0,0.005098965746363133,0.9949010342536366,0.0
lineage,legacy,M0,297,0,0,0,0.0,0,0,0,0,0.0,0.005098965746363133,0.9949010342536366,0.0
lineage,legacy,M0,298,0,0,0,0.0,0,0,0,0,0.0,0.005098965746363133,0.9949010342536366,0.0
lineage,legacy,M0,299,0,0,0,0.0,0,0,0,0,0.0,0.005098965746363133,0.9949010342536366,0.0
lineage,legacy,M0,300,0,0,0,0.0,0,0,0,0,0.0,0.005098965746363133,0.9949010342536366,0.0
lineage,legacy,M0,301,0,0,0,0.0,0,0,0,0,0.0,0.005098965746363133,0.9949010342536366,0.0
lineage,legacy,M0,302,0,0,0,0.0,0,0,0,0,0.0,0.005098965746363133,0.9949010342536366,0.0
lineage,legacy,M0,303,0,0,0,0.0,0,0,0,0,0.0,0.005098965746363133,0.9949010342536366,0.0
lineage,legacy,M0,304,0,0,0,0.0,0,0,0,0,0.0,0.005098965746363133,0.9949010342536366,0.0
lineage,legacy,M0,305,0,0,0,0.0,0,0,0,0,0.0,0.005098965746363133,0.9949010342536366,0.0
lineage,legacy,M0,306,0,0,0,0.0,0,0,0,0,0.0,0.005098965746363133,0.9949010342536366,0.0
lineage,legacy,M0,307,0,0,0,0.0,0,0,0,0,0.0,0.005098965746363133,0.9949010342536366,0.0
lineage,legacy,M0,308,0,0,0,0.0,0,0,0,0,0.0,0.005098965746363133,0.9949010342536366,0.0
lineage,legacy,M0,309,0,0,0,0.0,0,0,0,0,0.0,0.005098965746363133,0.9949010342536366,0.0
lineage,legacy,M0,310,0,0,0,0.0,0,0,0,0,0.0,0.005098965746363133,0.9949010342536366,0.0
lineage,legacy,M0,311,0,0,0,0.0,0,0,0,0,0.0,0.005098965746363133,0.9949010342536366,0.0
lineage,legacy,M0,312,0,0,0,0.0,0,0,0,0,0.0,0.005098965746363133,0.9949010342536366,0.0
lineage,legacy,M0,313,0,0,0,0.0,0,0,0,0,0.0,0.005098965746363133,0.9949010342536366,0.0
lineage,legacy,M0,314,0,0,0,0.0,0,0,0,0,0.0,0.005098965746363133,0.9949010342536366,0.0
lineage,legacy,M0,315,0,0,0,0.0,0,0,0,0,0.0,0.005098965746363133,0.9949010342536366,0.0
lineage,legacy,M0,316,0,0,0,0.0,0,0,0,0,0.0,0.005098965746363133,0.9949010342536366,0.0
lineage,legacy,M0,317,0,0,0,0.0,0,0,0,0,0.0,0.005098965746363133,0.9949010342536366,0.0
lineage,legacy,M0,318,0,0,0,0.0,0,0,0,0,0.0,0.005098965746363133,0.9949010342536366,0.0
lineage,legacy,M0,319,0,0,0,0.0,0,0,0,0,0.0,0.005098965746363133,0.9949010342536366,0.0
lineage,legacy,M0,320,0,0,0,0.0,0,0,0,0,0.0,0.005098965746363133,0.9949010342536366,0.0
lineage,legacy,M0,321,0,0,0,0.0,0,0,0,0,0.0,0.005098965746363133,0.9949010342536366,0.0
lineage,legacy,M0,322,0,0,0,0.0,0,0,0,0,0.0,0.005098965746363133,0.9949010342536366,0.0
lineage,legacy,M0,323,0,0,0,0.0,0,0,0,0,0.0,0.005098965746363133,0.9949010342536366,0.0
lineage,legacy,M0,324,0,0,0,0.0,0,0,0,0,0.0,0.005098965746363133,0.9949010342536366,0.0
lineage,legacy,M0,325,0,0,0,0.0,0,0,0,0,0.0,0.005098965746363133,0.9949010342536366,0.0
lineage,legacy,M0,326,0,0,0,0.0,0,0,0,0,0.0,0.005098965746363133,0.9949010342536366,0.0
lineage,legacy,M0,327,0,0,0,0.0,0,0,0,0,0.0,0.005098965746363133,0.9949010342536366,0.0
lineage,legacy,M0,328,0,0,0,0.0,0,0,0,0,0.0,0.005098965746363133,0.9949010342536366,0.0
lineage,legacy,M0,329,0,0,0,0.0,0,0,0,0,0.0,0.005098965746363133,0.9949010342536366,0.0
lineage,legacy,M0,330,0,0,0,0.0,0,0,0,0,0.0,0.005098965746363133,0.9949010342536366,0.0
lineage,legacy,M0,331,0,0,0,0.0,0,0,0,0,0.0,0.005098965746363133,0.9949010342536366,0.0
lineage,legacy,M0,332,0,0,0,0.0,0,0,0,0,0.0,0.005098965746363133,0.9949010342536366,0.0
lineage,legacy,M0,333,0,0,0,0.0,0,0,0,0,0.0,0.005098965746363133,0.9949010342536366,0.0
lineage,legacy,M0,334,0,0,0,0.0,0,0,0,0,0.0,0.005098965746363133,0.9949010342536366,0.0
lineage,legacy,M0,335,0,0,0,0.0,0,0,0,0,0.0,0.005098965746363133,0.9949010342536366,0.0
lineage,legacy,M0,336,0,0,0,0.0,0,0,0,0,0.0,0.005098965746363133,0.9949010342536366,0.0
lineage,legacy,M0,337,0,0,0,0.0,0,0,0,0,0.0,0.005098965746363133,0.9949010342536366,0.0
lineage,legacy,M0,338,0,0,0,0.0,0,0,0,0,0.0,0.005098965746363133,0.9949010342536366,0.0
lineage,legacy,M0,339,0,0,0,0.0,0,0,0,0,0.0,0.005098965746363133,0.9949010342536366,0.0
lineage,legacy,M0,340,0,0,0,0.0,0,0,0,0,0.0,0.005098965746363133,0.9949010342536366,0.0
lineage,legacy,M0,341,0,0,0,0.0,0,0,0,0,0.0,0.005098965746363133,0.9949010342536366,0.0
lineage,legacy,M0,342,0,0,0,0.0,0,0,0,0,0.0,0.005098965746363133,0.9949010342536366,0.0
lineage,legacy,M0,343,0,0,0,0.0,0,0,0,0,0.0,0.005098965746363133,0.9949010342536366,0.0
lineage,legacy,M0,344,0,0,0,0.0,0,0,0,0,0.0,0.005098965746363133,0.9949010342536366,0.0
lineage,legacy,M0,345,0,0,0,0.0,0,0,0,0,0.0,0.005098965746363133,0.9949010342536366,0.0
lineage,legacy,M0,346,0,0,0,0.0,0,0,0,0,0.0,0.005098965746363133,0.9949010342536366,0.0
lineage,legacy,M0,347,0,0,0,0.0,0,0,0,0,0.0,0.005098965746363133,0.9949010342536366,0.0
lineage,legacy,M0,348,0,0,0,0.0,0,0,0,0,0.0,0.005098965746363133,0.9949010342536366,0.0
lineage,legacy,M0,349,0,0,0,0.0,0,0,0,0,0.0,0.005098965746363133,0.9949010342536366,0.0
lineage,legacy,M0,350,0,0,0,0.0,0,0,0,0,0.0,0.005098965746363133,0.9949010342536366,0.0
lineage,legacy,M0,351,0,0,0,0.0,0,0,0,0,0.0,0.005098965746363133,0.9949010342536366,0.0
lineage,legacy,M0,352,0,0,0,0.0,0,0,0,0,0.0,0.005098965746363133,0.9949010342536366,0.0
lineage,legacy,M0,353,0,0,0,0.0,0,0,0,0,0.0,0.005098965746363133,0.9949010342536366,0.0
lineage,legacy,M0,354,0,0,0,0.0,0,0,0,0,0.0,0.005098965746363133,0.9949010342536366,0.0
lineage,legacy,M0,355,0,0,0,0.0,0,0,0,0,0.0,0.005098965746363133,0.9949010342536366,0.0
lineage,legacy,M0,356,0,0,0,0.0,0,0,0,0,0.0,0.005098965746363133,0.9949010342536366,0.0
lineage,legacy,M0,357,0,0,0,0.0,0,0,0,0,0.0,0.005098965746363133,0.9949010342536366,0.0
lineage,legacy,M0,358,0,0,0,0.0,0,0,0,0,0.0,0.005098965746363133,0.9949010342536366,0.0
lineage,legacy,M0,359,0,0,0,0.0,0,0,0,0,0.0,0.005098965746363133,0.9949010342536366,0.0
lineage,legacy,M0,360,0,0,0,0.0,0,0,0,0,0.0,0.005098965746363133,0.9949010342536366,0.0
lineage,legacy,M0,361,0,0,0,0.0,0,0,0,0,0.0,0.005098965746363133,0.9949010342536366,0.0
lineage,legacy,M0,362,0,0,0,0.0,0,0,0,0,0.0,0.005098965746363133,0.9949010342536366,0.0
lineage,legacy,M0,363,0,0,0,0.0,0,0,0,0,0.0,0.005098965746363133,0.9949010342536366,0.0
lineage,legacy,M0,364,0,0,0,0.0,0,0,0,0,0.0,0.005098965746363133,0.9949010342536366,0.0
lineage,legacy,M0,365,0,0,0,0.0,0,0,0,0,0.0,0.005098965746363133,0.9949010342536366,0.0
lineage,legacy,M0,366,0,0,0,0.0,0,0,0,0,0.0,0.005098965746363133,0.9949010342536366,0.0
lineage,legacy,M0,367,0,0,0,0.0,0,0,0,0,0.0,0.005098965746363133,0.9949010342536366,0.0
lineage,legacy,M0,368,0,0,0,0.0,0,0,0,0,0.0,0.005098965746363133,0.9949010342536366,0.0
lineage,legacy,M0,369,0,0,0,0.0,0,0,0,0,0.0,0.005098965746363133,0.9949010342536366,0.0
lineage,legacy,M0,370,0,0,0,0.0,0,0,0,0,0.0,0.005098965746363133,0.9949010342536366,0.0
lineage,legacy,M0,371,0,0,0,0.0,0,0,0,0,0.0,0.005098965746363133,0.9949010342536366,0.0
lineage,legacy,M0,372,0,0,0,0.0,0,0,0,0,0.0,0.005098965746363133,0.9949010342536366,0.0
lineage,legacy,M0,373,0,0,0,0.0,0,0,0,0,0.0,0.005098965746363133,0.9949010342536366,0.0
lineage,legacy,M0,374,0,0,0,0.0,0,0,0,0,0.0,0.005098965746363133,0.9949010342536366,0.0
lineage,legacy,M0,375,0,0,0,0.0,0,0,0,0,0.0,0.005098965746363133,0.9949010342536366,0.0
lineage,legacy,M0,376,0,0,0,0.0,0,0,0,0,0.0,0.005098965746363133,0.9949010342536366,0.0
lineage,legacy,M0,377,0,0,0,0.0,0,0,0,0,0.0,0.005098965746363133,0.9949010342536366,0.0
lineage,legacy,M0,378,0,0,0,0.0,0,0,0,0,0.0,0.005098965746363133,0.9949010342536366,0.0
lineage,legacy,M0,379,0,0,0,0.0,0,0,0,0,0.0,0.005098965746363133,0.9949010342536366,0.0
lineage,legacy,M0,380,0,0,0,0.0,0,0,0,0,0.0,0.005098965746363133,0.9949010342536366,0.0
lineage,legacy,M0,381,0,0,0,0.0,0,0,0,0,0.0,0.005098965746363133,0.9949010342536366,0.0
lineage,legacy,M0,382,0,0,0,0.0,0,0,0,0,0.0,0.005098965746363133,0.9949010342536366,0.0
lineage,legacy,M0,383,0,0,0,0.0,0,0,0,0,0.0,0.005098965746363133,0.9949010342536366,0.0
lineage,legacy,M0,384,0,0,0,0.0,0,0,0,0,0.0,0.005098965746363133,0.9949010342536366,0.0
lineage,legacy,M0,385,0,0,0,0.0,0,0,0,0,0.0,0.005098965746363133,0.9949010342536366,0.0
lineage,legacy,M0,386,0,0,0,0.0,0,0,0,0,0.0,0.005098965746363133,0.9949010342536366,0.0
lineage,legacy,M0,387,0,0,0,0.0,0,0,0,0,0.0,0.005098965746363133,0.9949010342536366,0.0
lineage,legacy,M0,388,0,0,0,0.0,0,0,0,0,0.0,0.005098965746363133,0.9949010342536366,0.0
lineage,legacy,M0,389,0,0,0,0.0,0,0,0,0,0.0,0.005098965746363133,0.9949010342536366,0.0
lineage,legacy,M0,390,0,0,0,0.0,0,0,0,0,0.0,0.005098965746363133,0.9949010342536366,0.0
lineage,legacy,M0,391,0,0,0,0.0,0,0,0,0,0.0,0.005098965746363133,0.9949010342536366,0.0
lineage,legacy,M0,392,0,0,0,0.0,0,0,0,0,0.0,0.005098965746363133,0.9949010342536366,0.0
lineage,legacy,M0,393,0,0,0,0.0,0,0,0,0,0.0,0.005098965746363133,0.9949010342536366,0.0
lineage,legacy,M0,394,0,0,0,0.0,0,0,0,0,0.0,0.005098965746363133,0.9949010342536366,0.0
lineage,legacy,M0,395,0,0,0,0.0,0,0,0,0,0.0,0.005098965746363133,0.9949010342536366,0.0
lineage,legacy,M0,396,0,0,0,0.0,0,0,0,0,0.0,0.005098965746363133,0.9949010342536366,0.0
lineage,legacy,M0,397,0,0,0,0.0,0,0,0,0,0.0,0.005098965746363133,0.9949010342536366,0.0
lineage,legacy,M0,398,0,0,0,0.0,0,0,0,0,0.0,0.005098965746363133,0.9949010342536366,0.0
lineage,legacy,M0,399,0,0,0,0.0,0,0,0,0,0.0,0.005098965746363133,0.9949010342536366,0.0
lineage,legacy,M0,400,0,0,0,0.0,0,0,0,0,0.0,0.005098965746363133,0.9949010342536366,0.0
lineage,legacy,M0,401,0,0,0,0.0,0,0,0,0,0.0,0.005098965746363133,0.9949010342536366,0.0
lineage,legacy,M0,402,0,0,0,0.0,0,0,0,0,0.0,0.005098965746363133,0.9949010342536366,0.0
lineage,legacy,M0,403,0,0,0,0.0,0,0,0,0,0.0,0.005098965746363133,0.9949010342536366,0.0
lineage,legacy,M0,404,0,0,0,0.0,0,0,0,0,0.0,0.005098965746363133,0.9949010342536366,0.0
lineage,legacy,M0,405,0,0,0,0.0,0,0,0,0,0.0,0.005098965746363133,0.9949010342536366,0.0
lineage,legacy,M0,406,0,0,0,0.0,0,0,0,0,0.0,0.005098965746363133,0.9949010342536366,0.0
lineage,legacy,M0,407,0,0,0,0.0,0,0,0,0,0.0,0.005098965746363133,0.9949010342536366,0.0
lineage,legacy,M0,408,0,0,0,0.0,0,0,0,0,0.0,0.005098965746363133,0.9949010342536366,0.0
lineage,legacy,M0,409,0,0,0,0.0,0,0,0,0,0.0,0.005098965746363133,0.9949010342536366,0.0
lineage,legacy,M0,410,0,0,0,0.0,0,0,0,0,0.0,0.005098965746363133,0.9949010342536366,0.0
lineage,legacy,M0,411,0,0,0,0.0,0,0,0,0,0.0,0.005098965746363133,0.9949010342536366,0.0
lineage,legacy,M0,412,0,0,0,0.0,0,0,0,0,0.0,0.005098965746363133,0.9949010342536366,0.0
lineage,legacy,M0,413,0,0,0,0.0,0,0,0,0,0.0,0.005098965746363133,0.9949010342536366,0.0
lineage,legacy,M0,414,0,0,0,0.0,0,0,0,0,0.0,0.005098965746363133,0.9949010342536366,0.0
lineage,legacy,M0,415,0,0,0,0.0,0,0,0,0,0.0,0.005098965746363133,0.9949010342536366,0.0
lineage,legacy,M0,416,0,0,0,0.0,0,0,0,0,0.0,0.005098965746363133,0.9949010342536366,0.0
lineage,legacy,M0,417,0,0,0,0.0,0,0,0,0,0.0,0.005098965746363133,0.9949010342536366,0.0
lineage,legacy,M0,418,0,0,0,0.0,0,0,0,0,0.0,0.005098965746363133,0.9949010342536366,0.0
lineage,legacy,M0,419,0,0,0,0.0,0,0,0,0,0.0,0.005098965746363133,0.9949010342536366,0.0
lineage,legacy,M0,420,0,0,0,0.0,0,0,0,0,0.0,0.005098965746363133,0.9949010342536366,0.0
lineage,legacy,M0,421,0,0,0,0.0,0,0,0,0,0.0,0.005098965746363133,0.9949010342536366,0.0
lineage,legacy,M0,422,0,0,0,0.0,0,0,0,0,0.0,0.005098965746363133,0.9949010342536366,0.0
lineage,legacy,M0,423,0,0,0,0.0,0,0,0,0,0.0,0.005098965746363133,0.9949010342536366,0.0
lineage,legacy,M0,424,0,0,0,0.0,0,0,0,0,0.0,0.005098965746363133,0.9949010342536366,0.0
lineage,legacy,M0,425,0,0,0,0.0,0,0,0,0,0.0,0.005098965746363133,0.9949010342536366,0.0
lineage,legacy,M0,426,0,0,0,0.0,0,0,0,0,0.0,0.005098965746363133,0.9949010342536366,0.0
lineage,legacy,M0,427,0,0,0,0.0,0,0,0,0,0.0,0.005098965746363133,0.9949010342536366,0.0
lineage,legacy,M0,428,0,0,0,0.0,0,0,0,0,0.0,0.005098965746363133,0.9949010342536366,0.0
lineage,legacy,M0,429,0,0,0,0.0,0,0,0,0,0.0,0.005098965746363133,0.9949010342536366,0.0
lineage,legacy,M0,430,0,0,0,0.0,0,0,0,0,0.0,0.005098965746363133,0.9949010342536366,0.0
lineage,legacy,M0,431,0,0,0,0.0,0,0,0,0,0.0,0.005098965746363133,0.9949010342536366,0.0
lineage,legacy,M0,432,0,0,0,0.0,0,0,0,0,0.0,0.005098965746363133,0.9949010342536366,0.0
lineage,legacy,M0,433,0,0,0,0.0,0,0,0,0,0.0,0.005098965746363133,0.9949010342536366,0.0
lineage,legacy,M0,434,0,0,0,0.0,0,0,0,0,0.0,0.005098965746363133,0.9949010342536366,0.0
lineage,legacy,M0,435,0,0,0,0.0,0,0,0,0,0.0,0.005098965746363133,0.9949010342536366,0.0
lineage,legacy,M0,436,0,0,0,0.0,0,0,0,0,0.0,0.005098965746363133,0.9949010342536366,0.0
lineage,legacy,M0,437,0,0,0,0.0,0,0,0,0,0.0,0.005098965746363133,0.9949010342536366,0.0
lineage,legacy,M0,438,0,0,0,0.0,0,0,0,0,0.0,0.005098965746363133,0.9949010342536366,0.0
lineage,legacy,M0,439,0,0,0,0.0,0,0,0,0,0.0,0.005098965746363133,0.9949010342536366,0.0
lineage,legacy,M0,440,0,0,0,0.0,0,0,0,0,0.0,0.005098965746363133,0.9949010342536366,0.0
lineage,legacy,M0,441,0,0,0,0.0,0,0,0,0,0.0,0.005098965746363133,0.9949010342536366,0.0
lineage,legacy,M0,442,0,0,0,0.0,0,0,0,0,0.0,0.005098965746363133,0.9949010342536366,0.0
lineage,legacy,M0,443,0,0,0,0.0,0,0,0,0,0.0,0.005098965746363133,0.9949010342536366,0.0
lineage,legacy,M0,444,0,0,0,0.0,0,0,0,0,0.0,0.005098965746363133,0.9949010342536366,0.0
lineage,legacy,M0,445,0,0,0,0.0,0,0,0,0,0.0,0.005098965746363133,0.9949010342536366,0.0
lineage,legacy,M0,446,0,0,0,0.0,0,0,0,0,0.0,0.005098965746363133,0.9949010342536366,0.0
lineage,legacy,M0,447,0,0,0,0.0,0,0,0,0,0.0,0.005098965746363133,0.9949010342536366,0.0
lineage,legacy,M0,448,0,0,0,0.0,0,0,0,0,0.0,0.005098965746363133,0.9949010342536366,0.0
lineage,legacy,M0,449,0,0,0,0.0,0,0,0,0,0.0,0.005098965746363133,0.9949010342536366,0.0
lineage,legacy,M0,450,0,0,0,0.0,0,0,0,0,0.0,0.005098965746363133,0.9949010342536366,0.0
lineage,legacy,M0,451,0,0,0,0.0,0,0,0,0,0.0,0.005098965746363133,0.9949010342536366,0.0
lineage,legacy,M0,452,0,0,0,0.0,0,0,0,0,0.0,0.005098965746363133,0.9949010342536366,0.0
lineage,legacy,M0,453,0,0,0,0.0,0,0,0,0,0.0,0.005098965746363133,0.9949010342536366,0.0
lineage,legacy,M0,454,0,0,0,0.0,0,0,0,0,0.0,0.005098965746363133,0.9949010342536366,0.0
lineage,legacy,M0,455,0,0,0,0.0,0,0,0,0,0.0,0.005098965746363133,0.9949010342536366,0.0
lineage,legacy,M0,456,0,0,0,0.0,0,0,0,0,0.0,0.005098965746363133,0.9949010342536366,0.0
lineage,legacy,M0,457,0,0,0,0.0,0,0,0,0,0.0,0.005098965746363133,0.9949010342536366,0.0
lineage,legacy,M0,458,0,0,0,0.0,0,0,0,0,0.0,0.005098965746363133,0.9949010342536366,0.0
lineage,legacy,M0,459,0,0,0,0.0,0,0,0,0,0.0,0.005098965746363133,0.9949010342536366,0.0
lineage,legacy,M0,460,0,0,0,0.0,0,0,0,0,0.0,0.005098965746363133,0.9949010342536366,0.0
lineage,legacy,M0,461,0,0,0,0.0,0,0,0,0,0.0,0.005098965746363133,0.9949010342536366,0.0
lineage,legacy,M0,462,0,0,0,0.0,0,0,0,0,0.0,0.005098965746363133,0.9949010342536366,0.0
lineage,legacy,M0,463,0,0,0,0.0,0,0,0,0,0.0,0.005098965746363133,0.9949010342536366,0.0
lineage,legacy,M0,464,0,0,0,0.0,0,0,0,0,0.0,0.005098965746363133,0.9949010342536366,0.0
lineage,legacy,M0,465,0,0,0,0.0,0,0,0,0,0.0,0.005098965746363133,0.9949010342536366,0.0
lineage,legacy,M0,466,0,0,0,0.0,0,0,0,0,0.0,0.005098965746363133,0.9949010342536366,0.0
lineage,legacy,M0,467,0,0,0,0.0,0,0,0,0,0.0,0.005098965746363133,0.9949010342536366,0.0
lineage,legacy,M0,468,0,0,0,0.0,0,0,0,0,0.0,0.005098965746363133,0.9949010342536366,0.0
lineage,legacy,M0,469,0,0,0,0.0,0,0,0,0,0.0,0.005098965746363133,0.9949010342536366,0.0
lineage,legacy,M0,470,0,0,0,0.0,0,0,0,0,0.0,0.005098965746363133,0.9949010342536366,0.0
lineage,legacy,M0,471,0,0,0,0.0,0,0,0,0,0.0,0.005098965746363133,0.9949010342536366,0.0
lineage,legacy,M0,472,0,0,0,0.0,0,0,0,0,0.0,0.005098965746363133,0.9949010342536366,0.0
lineage,legacy,M0,473,0,0,0,0.0,0,0,0,0,0.0,0.005098965746363133,0.9949010342536366,0.0
lineage,legacy,M0,474,0,0,0,0.0,0,0,0,0,0.0,0.005098965746363133,0.9949010342536366,0.0
lineage,legacy,M0,475,0,0,0,0.0,0,0,0,0,0.0,0.005098965746363133,0.9949010342536366,0.0
lineage,legacy,M0,476,0,0,0,0.0,0,0,0,0,0.0,0.005098965746363133,0.9949010342536366,0.0
lineage,legacy,M0,477,0,0,0,0.0,0,0,0,0,0.0,0.005098965746363133,0.9949010342536366,0.0
lineage,legacy,M0,478,0,0,0,0.0,0,0,0,0,0.0,0.005098965746363133,0.9949010342536366,0.0
lineage,legacy,M0,479,0,0,0,0.0,0,0,0,0,0.0,0.005098965746363133,0.9949010342536366,0.0
lineage,legacy,M0,480,0,0,0,0.0,0,0,0,0,0.0,0.005098965746363133,0.9949010342536366,0.0
lineage,legacy,M0,481,0,0,0,0.0,0,0,0,0,0.0,0.005098965746363133,0.9949010342536366,0.0
lineage,legacy,M0,482,0,0,0,0.0,0,0,0,0,0.0,0.005098965746363133,0.9949010342536366,0.0
lineage,legacy,M0,483,0,0,0,0.0,0,0,0,0,0.0,0.005098965746363133,0.9949010342536366,0.0
lineage,legacy,M0,484,0,0,0,0.0,0,0,0,0,0.0,0.005098965746363133,0.9949010342536366,0.0
lineage,legacy,M0,485,0,0,0,0.0,0,0,0,0,0.0,0.005098965746363133,0.9949010342536366,0.0
lineage,legacy,M0,486,0,0,0,0.0,0,0,0,0,0.0,0.005098965746363133,0.9949010342536366,0.0
lineage,legacy,M0,487,0,0,0,0.0,0,0,0,0,0.0,0.005098965746363133,0.9949010342536366,0.0
lineage,legacy,M0,488,0,0,0,0.0,0,0,0,0,0.0,0.005098965746363133,0.9949010342536366,0.0
lineage,legacy,M0,489,0,0,0,0.0,0,0,0,0,0.0,0.005098965746363133,0.9949010342536366,0.0
lineage,legacy,M0,490,0,0,0,0.0,0,0,0,0,0.0,0.005098965746363133,0.9949010342536366,0.0
lineage,legacy,M0,491,0,0,0,0.0,0,0,0,0,0.0,0.005098965746363133,0.9949010342536366,0.0
lineage,legacy,M0,492,0,0,0,0.0,0,0,0,0,0.0,0.005098965746363133,0.9949010342536366,0.0
lineage,legacy,M0,493,0,0,0,0.0,0,0,0,0,0.0,0.005098965746363133,0.9949010342536366,0.0
lineage,legacy,M0,494,0,0,0,0.0,0,0,0,0,0.0,0.005098965746363133,0.9949010342536366,0.0
lineage,legacy,M0,495,0,0,0,0.0,0,0,0,0,0.0,0.005098965746363133,0.9949010342536366,0.0
lineage,legacy,M0,496,0,0,0,0.0,0,0,0,0,0.0,0.005098965746363133,0.9949010342536366,0.0
lineage,legacy,M0,497,0,0,0,0.0,0,0,0,0,0.0,0.005098965746363133,0.9949010342536366,0.0
lineage,legacy,M0,498,0,0,0,0.0,0,0,0,0,0.0,0.005098965746363133,0.9949010342536366,0.0
lineage,legacy,M0,499,0,0,0,0.0,0,0,0,0,0.0,0.005098965746363133,0.9949010342536366,0.0
lineage,legacy,M0,500,0,0,0,0.0,0,0,0,0,0.0,0.005098965746363133,0.9949010342536366,0.0
lineage,legacy,M0,501,0,0,0,0.0,0,0,0,0,0.0,0.005098965746363133,0.9949010342536366,0.0
lineage,legacy,M0,502,0,0,0,0.0,0,0,0,0,0.0,0.005098965746363133,0.9949010342536366,0.0
lineage,legacy,M0,503,0,0,0,0.0,0,0,0,0,0.0,0.005098965746363133,0.9949010342536366,0.0
lineage,legacy,M0,504,0,0,0,0.0,0,0,0,0,0.0,0.005098965746363133,0.9949010342536366,0.0
lineage,legacy,M0,505,0,0,0,0.0,0,0,0,0,0.0,0.005098965746363133,0.9949010342536366,0.0
lineage,legacy,M0,506,0,0,0,0.0,0,0,0,0,0.0,0.005098965746363133,0.9949010342536366,0.0
lineage,legacy,M0,507,0,0,0,0.0,0,0,0,0,0.0,0.005098965746363133,0.9949010342536366,0.0
lineage,legacy,M0,508,0,0,0,0.0,0,0,0,0,0.0,0.005098965746363133,0.9949010342536366,0.0
lineage,legacy,M0,509,0,0,0,0.0,0,0,0,0,0.0,0.005098965746363133,0.9949010342536366,0.0
lineage,legacy,M0,510,0,0,0,0.0,0,0,0,0,0.0,0.005098965746363133,0.9949010342536366,0.0
lineage,legacy,M0,511,0,0,0,0.0,0,0,0,0,0.0,0.005098965746363133,0.9949010342536366,0.0
lineage,legacy,M0,512,0,0,0,0.0,0,0,0,0,0.0,0.005098965746363133,0.9949010342536366,0.0
lineage,legacy,M0,513,0,0,0,0.0,0,0,0,0,0.0,0.005098965746363133,0.9949010342536366,0.0
lineage,legacy,M0,514,0,0,0,0.0,0,0,0,0,0.0,0.005098965746363133,0.9949010342536366,0.0
lineage,legacy,M0,515,0,0,0,0.0,0,0,0,0,0.0,0.005098965746363133,0.9949010342536366,0.0
lineage,legacy,M0,516,0,0,0,0.0,0,0,0,0,0.0,0.005098965746363133,0.9949010342536366,0.0
lineage,legacy,M0,517,0,0,0,0.0,0,0,0,0,0.0,0.005098965746363133,0.9949010342536366,0.0
lineage,legacy,M0,518,0,0,0,0.0,0,0,0,0,0.0,0.005098965746363133,0.9949010342536366,0.0
lineage,legacy,M0,519,0,0,0,0.0,0,0,0,0,0.0,0.005098965746363133,0.9949010342536366,0.0
lineage,legacy,M0,520,0,0,0,0.0,0,0,0,0,0.0,0.005098965746363133,0.9949010342536366,0.0
lineage,legacy,M0,521,0,0,0,0.0,0,0,0,0,0.0,0.005098965746363133,0.9949010342536366,0.0
lineage,legacy,M0,522,0,0,0,0.0,0,0,0,0,0.0,0.005098965746363133,0.9949010342536366,0.0
lineage,legacy,M0,523,0,0,0,0.0,0,0,0,0,0.0,0.005098965746363133,0.9949010342536366,0.0
lineage,legacy,M0,524,0,0,0,0.0,0,0,0,0,0.0,0.005098965746363133,0.9949010342536366,0.0
lineage,legacy,M0,525,0,0,0,0.0,0,0,0,0,0.0,0.005098965746363133,0.9949010342536366,0.0
lineage,legacy,M0,526,0,0,0,0.0,0,0,0,0,0.0,0.005098965746363133,0.9949010342536366,0.0
lineage,legacy,M0,527,0,0,0,0.0,0,0,0,0,0.0,0.005098965746363133,0.9949010342536366,0.0
lineage,legacy,M0,528,0,0,0,0.0,0,0,0,0,0.0,0.005098965746363133,0.9949010342536366,0.0
lineage,legacy,M0,529,0,0,0,0.0,0,0,0,0,0.0,0.005098965746363133,0.9949010342536366,0.0
lineage,legacy,M0,530,0,0,0,0.0,0,0,0,0,0.0,0.005098965746363133,0.9949010342536366,0.0
lineage,legacy,M0,531,0,0,0,0.0,0,0,0,0,0.0,0.005098965746363133,0.9949010342536366,0.0
lineage,legacy,M0,532,0,0,0,0.0,0,0,0,0,0.0,0.005098965746363133,0.9949010342536366,0.0
lineage,legacy,M0,533,0,0,0,0.0,0,0,0,0,0.0,0.005098965746363133,0.9949010342536366,0.0
lineage,legacy,M0,534,0,0,0,0.0,0,0,0,0,0.0,0.005098965746363133,0.9949010342536366,0.0
lineage,legacy,M0,535,0,0,0,0.0,0,0,0,0,0.0,0.005098965746363133,0.9949010342536366,0.0
lineage,legacy,M0,536,0,0,0,0.0,0,0,0,0,0.0,0.005098965746363133,0.9949010342536366,0.0
lineage,legacy,M1,1,8848,863,16,0.09753616636528029,7969,87,159,98,0.01091730455515121,0.00985247252179955,0.11554240924994844,0.874605118228252
lineage,legacy,M1,2,7625,586,7,0.07685245901639344,7032,101,262,110,0.014362912400455062,0.021448938105791703,0.21283988387793434,0.765711178016274
lineage,legacy,M1,3,6559,494,6,0.07531635920109774,6059,89,258,113,0.01468889255652748,0.03184927040321321,0.3006597399015998,0.6674909896951872
lineage,legacy,M1,4,5599,308,1,0.0550098231827112,5290,80,291,114,0.015122873345935728,0.0413883619476518,0.3720767467136803,0.586534891338668
lineage,legacy,M1,5,4805,257,1,0.05348595213319459,4547,67,229,92,0.014734990103364856,0.04956869083537499,0.43140775540774057,0.5190235537568845
lineage,legacy,M1,6,4159,164,2,0.039432555902861266,3993,59,242,74,0.014775857751064363,0.05693530004625638,0.4820897642490979,0.4609749357046458
lineage,legacy,M1,7,3618,147,0,0.0406301824212272,3471,63,211,56,0.018150388936905792,0.06496222678738206,0.5277030939843835,0.40733467922823463
lineage,legacy,M1,8,3141,116,0,0.03693091372174467,3025,39,212,57,0.012892561983471074,0.07001986845879281,0.5702391572721457,0.35974097426906176
lineage,legacy,M1,9,2717,90,3,0.03312476996687523,2624,27,170,42,0.010289634146341464,0.07359885672316627,0.6046898648459305,0.3217112784309035
lineage,legacy,M1,10,2385,73,1,0.030607966457023062,2311,29,142,38,0.012548680225010819,0.07751234273006523,0.6336993795194603,0.2887882777504748
lineage,legacy,M1,11,2102,53,2,0.02521408182683159,2047,17,133,31,0.008304836345872008,0.07985021018987908,0.6592712856179518,0.26087850419216935
lineage,legacy,M1,12,1866,45,1,0.024115755627009645,1820,25,105,26,0.013736263736263736,0.08334728741428472,0.6802502922158937,0.23640242036982181
lineage,legacy,M1,13,1664,30,1,0.018028846153846152,1633,12,110,22,0.007348438456827924,0.08505315654473844,0.7001494887789639,0.21479735467629793
lineage,legacy,M1,14,1489,31,0,0.020819341840161182,1458,10,80,13,0.006858710562414266,0.08649571769098624,0.7161619175023145,0.1973423648066995
lineage,legacy,M1,15,1355,30,0,0.02214022140221402,1325,9,99,18,0.006792452830188679,0.08780647878564328,0.7349494931923989,0.17724402802195816
lineage,legacy,M1,16,1199,31,0,0.02585487906588824,1168,6,81,9,0.005136986301369863,0.08869343805848043,0.7515060662853591,0.15980049565616078
lineage,legacy,M1,17,1072,16,0,0.014925373134328358,1056,2,66,8,0.001893939393939394,0.08899157331157027,0.763729611662043,0.14727881502638698
lineage,legacy,M1,18,980,14,0,0.014285714285714285,966,4,57,12,0.004140786749482402,0.08959271133208614,0.7743998115261995,0.13600747714171452
lineage,legacy,M1,19,893,16,1,0.01791713325867861,876,4,56,6,0.0045662100456621,0.09020262280719843,0.7853754362698963,0.1244219409229055
lineage,legacy,M1,20,810,9,0,0.011111111111111112,801,2,50,6,0.0024968789013732834,0.09050983747614387,0.7944382690037869,0.11505189352006939
lineage,legacy,M1,21,743,11,0,0.014804845222072678,732,2,48,3,0.00273224043715847,0.0908195330172477,0.8035742874663496,0.10560617951640286
lineage,legacy,M1,22,679,7,0,0.010309278350515464,672,2,37,11,0.002976190476190476,0.09113059687443886,0.8104176923245554,0.09845171080100591
lineage,legacy,M1,23,622,3,0,0.00482315112540193,619,2,29,3,0.0032310177705977385,0.09144716186093728,0.81548273210853,0.09307010603053292
lineage,legacy,M1,24,585,8,0,0.013675213675213675,577,1,28,3,0.0017331022530329288,0.09160625605928006,0.8212101232488704,0.08718362069184965
lineage,legacy,M1,25,545,3,0,0.005504587155963303,542,0,26,7,0.0,0.09160625605928006,0.8258492516893542,0.08254449225136591
lineage,legacy,M1,26,509,4,0,0.007858546168958742,505,2,28,1,0.0039603960396039604,0.09193059591095537,0.8310386893161591,0.07703071477288567
lineage,legacy,M1,27,474,3,0,0.006329113924050633,471,2,19,3,0.004246284501061571,0.09225562002392114,0.8346139545587825,0.07313042541729652
lineage,legacy,M1,28,447,5,0,0.011185682326621925,442,0,23,4,0.0,0.09225562002392114,0.8391948313187026,0.06854954865737638
lineage,legacy,M1,29,415,2,0,0.004819277108433735,413,1,19,2,0.002421307506053269,0.09242079965924012,0.8426636036604012,0.06491559668035883
lineage,legacy,M1,30,391,3,0,0.0076726342710997444,388,0,17,6,0.0,0.09242079965924012,0.8459840945391919,0.0615951058015681
lineage,legacy,M1,31,365,2,0,0.005479452054794521,363,0,11,2,0.0,0.09242079965924012,0.8481778928280148,0.05940130751274513
lineage,legacy,M1,32,350,2,0,0.005714285714285714,348,0,13,1,0.0,0.09242079965924012,0.8507236631499896,0.05685553719077034
lineage,legacy,M1,33,334,1,0,0.0029940119760479044,333,1,10,2,0.003003003003003003,0.09259102581849392,0.8525961509017814,0.054812823279724705
lineage,legacy,M1,34,320,1,0,0.003125,319,0,8,1,0.0,0.09259102581849392,0.8541377615565238,0.05327121262498244
lineage,legacy,M1,35,310,4,0,0.012903225806451613,306,0,11,2,0.0,0.09259102581849392,0.8567154008770874,0.050693573304418774
lineage,legacy,M1,36,293,1,0,0.0034129692832764505,292,0,7,0,0.0,0.09259102581849392,0.8580995257454674,0.04930944843603873
lineage,legacy,M1,37,285,0,0,0.0,285,0,6,0,0.0,0.09259102581849392,0.8591376193967525,0.04827135478475371
lineage,legacy,M1,38,279,0,0,0.0,279,0,8,2,0.0,0.09259102581849392,0.8605217442651325,0.046887229916373674
lineage,legacy,M1,39,269,0,0,0.0,269,0,5,1,0.0,0.09259102581849392,0.8613932541148792,0.04601572006662696
lineage,legacy,M1,40,263,1,0,0.0038022813688212928,262,2,5,0,0.007633587786259542,0.09294095524865838,0.8624430424053726,0.0446160023459691
lineage,legacy,M1,41,255,0,0,0.0,255,0,6,0,0.0,0.09294095524865838,0.863492830695866,0.04356621405547571
lineage,legacy,M1,42,249,0,0,0.0,249,0,3,2,0.0,0.09294095524865838,0.8640177248411127,0.04304131991022902
lineage,legacy,M1,43,244,1,0,0.004098360655737705,243,0,5,2,0.0,0.09294095524865838,0.8650761179536594,0.0419829267976824
lineage,legacy,M1,44,236,0,0,0.0,236,0,6,1,0.0,0.09294095524865838,0.8661434804993632,0.04091556425197861
lineage,legacy,M1,45,229,0,0,0.0,229,0,3,1,0.0,0.09294095524865838,0.8666794922581227,0.04037955249321907
lineage,legacy,M1,46,225,0,0,0.0,225,0,1,3,0.0,0.09294095524865838,0.8668589569358703,0.04020008781547143
lineage,legacy,M1,47,221,0,0,0.0,221,0,6,1,0.0,0.09294095524865838,0.8679503620349329,0.039108682716408855
lineage,legacy,M1,48,214,0,0,0.0,214,0,4,0,0.0,0.09294095524865838,0.8686813654501929,0.038377679301148875
lineage,legacy,M1,49,210,0,0,0.0,210,0,2,0,0.0,0.09294095524865838,0.8690468671578229,0.03801217759351889
lineage,legacy,M1,50,208,0,0,0.0,208,0,0,1,0.0,0.09294095524865838,0.8690468671578229,0.03801217759351889
lineage,legacy,M1,51,207,0,0,0.0,207,0,1,0,0.0,0.09294095524865838,0.8692305008660041,0.037828543885337636
lineage,legacy,M1,52,206,0,0,0.0,206,0,1,1,0.0,0.09294095524865838,0.8694141345741853,0.037644910177156383
lineage,legacy,M1,53,204,0,0,0.0,204,0,0,3,0.0,0.09294095524865838,0.8694141345741853,0.037644910177156383
lineage,legacy,M1,54,201,0,0,0.0,201,0,2,0,0.0,0.09294095524865838,0.8697887107948535,0.03727033395648816
lineage,legacy,M1,55,199,0,0,0.0,199,0,1,1,0.0,0.09294095524865838,0.8699759989051876,0.03708304584615405
lineage,legacy,M1,56,197,1,0,0.005076142131979695,196,0,0,1,0.0,0.09294095524865838,0.8701642377165895,0.03689480703475225
lineage,legacy,M1,57,195,0,0,0.0,195,0,2,2,0.0,0.09294095524865838,0.870542645993869,0.03651639875747274
lineage,legacy,M1,58,191,0,0,0.0,191,0,0,0,0.0,0.09294095524865838,0.870542645993869,0.03651639875747274
lineage,legacy,M1,59,191,0,0,0.0,191,0,0,1,0.0,0.09294095524865838,0.870542645993869,0.03651639875747274
lineage,legacy,M1,60,190,0,0,0.0,190,0,1,0,0.0,0.09294095524865838,0.8707348375662768,0.03632420718506499
lineage,legacy,M1,61,189,0,0,0.0,189,0,0,2,0.0,0.09294095524865838,0.8707348375662768,0.03632420718506499
lineage,legacy,M1,62,187,0,0,0.0,187,0,1,1,0.0,0.09294095524865838,0.8709290846635231,0.03612996008781865
lineage,legacy,M1,63,185,0,0,0.0,185,0,0,0,0.0,0.09294095524865838,0.8709290846635231,0.03612996008781865
lineage,legacy,M1,64,185,0,0,0.0,185,0,1,1,0.0,0.09294095524865838,0.8711243817450789,0.03593466300626288
lineage,legacy,M1,65,183,0,0,0.0,183,0,0,1,0.0,0.09294095524865838,0.8711243817450789,0.03593466300626288
lineage,legacy,M1,66,182,0,0,0.0,182,0,0,1,0.0,0.09294095524865838,0.8711243817450789,0.03593466300626288
lineage,legacy,M1,67,181,0,0,0.0,181,0,0,0,0.0,0.09294095524865838,0.8711243817450789,0.03593466300626288
lineage,legacy,M1,68,181,0,0,0.0,181,0,0,1,0.0,0.09294095524865838,0.8711243817450789,0.03593466300626288
lineage,legacy,M1,69,180,0,0,0.0,180,0,0,1,0.0,0.09294095524865838,0.8711243817450789,0.03593466300626288
lineage,legacy,M1,70,179,0,0,0.0,179,0,0,2,0.0,0.09294095524865838,0.8711243817450789,0.03593466300626288
lineage,legacy,M1,71,177,0,0,0.0,177,0,0,1,0.0,0.09294095524865838,0.8711243817450789,0.03593466300626288
lineage,legacy,M1,72,176,0,0,0.0,176,0,0,0,0.0,0.09294095524865838,0.8711243817450789,0.03593466300626288
lineage,legacy,M1,73,176,0,0,0.0,176,0,0,1,0.0,0.09294095524865838,0.8711243817450789,0.03593466300626288
lineage,legacy,M1,74,175,0,0,0.0,175,0,0,0,0.0,0.09294095524865838,0.8711243817450789,0.03593466300626288
lineage,legacy,M1,75,175,0,0,0.0,175,0,0,0,0.0,0.09294095524865838,0.8711243817450789,0.03593466300626288
lineage,legacy,M1,76,175,0,0,0.0,175,0,0,1,0.0,0.09294095524865838,0.8711243817450789,0.03593466300626288
lineage,legacy,M1,77,174,0,0,0.0,174,0,0,2,0.0,0.09294095524865838,0.8711243817450789,0.03593466300626288
lineage,legacy,M1,78,172,0,0,0.0,172,0,0,1,0.0,0.09294095524865838,0.8711243817450789,0.03593466300626288
lineage,legacy,M1,79,171,0,0,0.0,171,0,0,0,0.0,0.09294095524865838,0.8711243817450789,0.03593466300626288
lineage,legacy,M1,80,171,0,0,0.0,171,0,0,0,0.0,0.09294095524865838,0.8711243817450789,0.03593466300626288
lineage,legacy,M1,81,171,0,0,0.0,171,0,0,1,0.0,0.09294095524865838,0.8711243817450789,0.03593466300626288
lineage,legacy,M1,82,170,0,0,0.0,170,0,0,0,0.0,0.09294095524865838,0.8711243817450789,0.03593466300626288
lineage,legacy,M1,83,170,0,0,0.0,170,0,0,0,0.0,0.09294095524865838,0.8711243817450789,0.03593466300626288
lineage,legacy,M1,84,170,0,0,0.0,170,0,0,0,0.0,0.09294095524865838,0.8711243817450789,0.03593466300626288
lineage,legacy,M1,85,170,0,0,0.0,170,0,0,0,0.0,0.09294095524865838,0.8711243817450789,0.03593466300626288
lineage,legacy,M1,86,170,0,0,0.0,170,0,0,0,0.0,0.09294095524865838,0.8711243817450789,0.03593466300626288
lineage,legacy,M1,87,170,0,0,0.0,170,0,0,1,0.0,0.09294095524865838,0.8711243817450789,0.03593466300626288
lineage,legacy,M1,88,169,0,0,0.0,169,0,0,1,0.0,0.09294095524865838,0.8711243817450789,0.03593466300626288
lineage,legacy,M1,89,168,0,0,0.0,168,0,0,2,0.0,0.09294095524865838,0.8711243817450789,0.03593466300626288
lineage,legacy,M1,90,166,0,0,0.0,166,0,0,0,0.0,0.09294095524865838,0.8711243817450789,0.03593466300626288
lineage,legacy,M1,91,166,0,0,0.0,166,0,0,1,0.0,0.09294095524865838,0.8711243817450789,0.03593466300626288
lineage,legacy,M1,92,165,0,0,0.0,165,0,0,1,0.0,0.09294095524865838,0.8711243817450789,0.03593466300626288
lineage,legacy,M1,93,164,0,0,0.0,164,0,0,1,0.0,0.09294095524865838,0.8711243817450789,0.03593466300626288
lineage,legacy,M1,94,163,0,0,0.0,163,0,1,2,0.0,0.09294095524865838,0.8713448398003321,0.035714204951009736
lineage,legacy,M1,95,160,0,0,0.0,160,0,0,0,0.0,0.09294095524865838,0.8713448398003321,0.035714204951009736
lineage,legacy,M1,96,160,0,0,0.0,160,0,0,0,0.0,0.09294095524865838,0.8713448398003321,0.035714204951009736
lineage,legacy,M1,97,160,0,0,0.0,160,0,0,1,0.0,0.09294095524865838,0.8713448398003321,0.035714204951009736
lineage,legacy,M1,98,159,0,0,0.0,159,0,0,0,0.0,0.09294095524865838,0.8713448398003321,0.035714204951009736
lineage,legacy,M1,99,159,0,0,0.0,159,0,0,0,0.0,0.09294095524865838,0.8713448398003321,0.035714204951009736
lineage,legacy,M1,100,159,0,0,0.0,159,0,0,0,0.0,0.09294095524865838,0.8713448398003321,0.035714204951009736
lineage,legacy,M1,101,159,0,0,0.0,159,0,0,1,0.0,0.09294095524865838,0.8713448398003321,0.035714204951009736
lineage,legacy,M1,102,158,0,0,0.0,158,0,0,3,0.0,0.09294095524865838,0.8713448398003321,0.035714204951009736
lineage,legacy,M1,103,155,0,0,0.0,155,0,0,0,0.0,0.09294095524865838,0.8713448398003321,0.035714204951009736
lineage,legacy,M1,104,155,0,0,0.0,155,0,0,2,0.0,0.09294095524865838,0.8713448398003321,0.035714204951009736
lineage,legacy,M1,105,153,0,0,0.0,153,0,0,0,0.0,0.09294095524865838,0.8713448398003321,0.035714204951009736
lineage,legacy,M1,106,153,0,0,0.0,153,0,0,0,0.0,0.09294095524865838,0.8713448398003321,0.035714204951009736
lineage,legacy,M1,107,153,0,0,0.0,153,0,0,1,0.0,0.09294095524865838,0.8713448398003321,0.035714204951009736
lineage,legacy,M1,108,152,0,0,0.0,152,0,0,3,0.0,0.09294095524865838,0.8713448398003321,0.035714204951009736
lineage,legacy,M1,109,149,0,0,0.0,149,0,0,1,0.0,0.09294095524865838,0.8713448398003321,0.035714204951009736
lineage,legacy,M1,110,148,0,0,0.0,148,0,0,1,0.0,0.09294095524865838,0.8713448398003321,0.035714204951009736
lineage,legacy,M1,111,147,0,0,0.0,147,0,0,0,0.0,0.09294095524865838,0.8713448398003321,0.035714204951009736
lineage,legacy,M1,112,147,0,0,0.0,147,0,0,1,0.0,0.09294095524865838,0.8713448398003321,0.035714204951009736
lineage,legacy,M1,113,146,0,0,0.0,146,0,0,1,0.0,0.09294095524865838,0.8713448398003321,0.035714204951009736
lineage,legacy,M1,114,145,0,0,0.0,145,0,0,2,0.0,0.09294095524865838,0.8713448398003321,0.035714204951009736
lineage,legacy,M1,115,143,0,0,0.0,143,0,0,1,0.0,0.09294095524865838,0.8713448398003321,0.035714204951009736
lineage,legacy,M1,116,142,0,0,0.0,142,0,0,0,0.0,0.09294095524865838,0.8713448398003321,0.035714204951009736
lineage,legacy,M1,117,142,0,0,0.0,142,0,0,0,0.0,0.09294095524865838,0.8713448398003321,0.035714204951009736
lineage,legacy,M1,118,142,0,0,0.0,142,0,0,5,0.0,0.09294095524865838,0.8713448398003321,0.035714204951009736
lineage,legacy,M1,119,137,0,0,0.0,137,0,0,0,0.0,0.09294095524865838,0.8713448398003321,0.035714204951009736
lineage,legacy,M1,120,137,0,0,0.0,137,0,0,2,0.0,0.09294095524865838,0.8713448398003321,0.035714204951009736
lineage,legacy,M1,121,135,0,0,0.0,135,0,0,1,0.0,0.09294095524865838,0.8713448398003321,0.035714204951009736
lineage,legacy,M1,122,134,0,0,0.0,134,0,0,0,0.0,0.09294095524865838,0.8713448398003321,0.035714204951009736
lineage,legacy,M1,123,134,0,0,0.0,134,0,0,1,0.0,0.09294095524865838,0.8713448398003321,0.035714204951009736
lineage,legacy,M1,124,133,0,0,0.0,133,0,0,0,0.0,0.09294095524865838,0.8713448398003321,0.035714204951009736
lineage,legacy,M1,125,133,0,0,0.0,133,0,0,0,0.0,0.09294095524865838,0.8713448398003321,0.035714204951009736
lineage,legacy,M1,126,133,0,0,0.0,133,0,0,0,0.0,0.09294095524865838,0.8713448398003321,0.035714204951009736
lineage,legacy,M1,127,133,0,0,0.0,133,0,0,0,0.0,0.09294095524865838,0.8713448398003321,0.035714204951009736
lineage,legacy,M1,128,133,0,0,0.0,133,0,0,1,0.0,0.09294095524865838,0.8713448398003321,0.035714204951009736
lineage,legacy,M1,129,132,0,0,0.0,132,0,0,1,0.0,0.09294095524865838,0.8713448398003321,0.035714204951009736
lineage,legacy,M1,130,131,0,0,0.0,131,0,0,1,0.0,0.09294095524865838,0.8713448398003321,0.035714204951009736
lineage,legacy,M1,131,130,0,0,0.0,130,0,0,2,0.0,0.09294095524865838,0.8713448398003321,0.035714204951009736
lineage,legacy,M1,132,128,0,0,0.0,128,0,0,0,0.0,0.09294095524865838,0.8713448398003321,0.035714204951009736
lineage,legacy,M1,133,128,0,0,0.0,128,0,0,0,0.0,0.09294095524865838,0.8713448398003321,0.035714204951009736
lineage,legacy,M1,134,128,0,0,0.0,128,0,0,0,0.0,0.09294095524865838,0.8713448398003321,0.035714204951009736
lineage,legacy,M1,135,128,0,0,0.0,128,0,0,0,0.0,0.09294095524865838,0.8713448398003321,0.035714204951009736
lineage,legacy,M1,136,128,0,0,0.0,128,0,0,1,0.0,0.09294095524865838,0.8713448398003321,0.035714204951009736
lineage,legacy,M1,137,127,0,0,0.0,127,0,0,0,0.0,0.09294095524865838,0.8713448398003321,0.035714204951009736
lineage,legacy,M1,138,127,0,0,0.0,127,0,0,0,0.0,0.09294095524865838,0.8713448398003321,0.035714204951009736
lineage,legacy,M1,139,127,0,0,0.0,127,0,0,0,0.0,0.09294095524865838,0.8713448398003321,0.035714204951009736
lineage,legacy,M1,140,127,0,0,0.0,127,0,0,0,0.0,0.09294095524865838,0.8713448398003321,0.035714204951009736
lineage,legacy,M1,141,127,0,0,0.0,127,0,0,0,0.0,0.09294095524865838,0.8713448398003321,0.035714204951009736
lineage,legacy,M1,142,127,0,0,0.0,127,0,0,2,0.0,0.09294095524865838,0.8713448398003321,0.035714204951009736
lineage,legacy,M1,143,125,0,0,0.0,125,0,0,0,0.0,0.09294095524865838,0.8713448398003321,0.035714204951009736
lineage,legacy,M1,144,125,0,0,0.0,125,0,0,2,0.0,0.09294095524865838,0.8713448398003321,0.035714204951009736
lineage,legacy,M1,145,123,0,0,0.0,123,0,0,2,0.0,0.09294095524865838,0.8713448398003321,0.035714204951009736
lineage,legacy,M1,146,121,0,0,0.0,121,0,0,2,0.0,0.09294095524865838,0.8713448398003321,0.035714204951009736
lineage,legacy,M1,147,119,0,0,0.0,119,0,1,0,0.0,0.09294095524865838,0.8716449591696683,0.03541408558167352
lineage,legacy,M1,148,118,0,0,0.0,118,0,0,0,0.0,0.09294095524865838,0.8716449591696683,0.03541408558167352
lineage,legacy,M1,149,118,0,0,0.0,118,0,0,0,0.0,0.09294095524865838,0.8716449591696683,0.03541408558167352
lineage,legacy,M1,150,118,0,0,0.0,118,0,0,1,0.0,0.09294095524865838,0.8716449591696683,0.03541408558167352
lineage,legacy,M1,151,117,0,0,0.0,117,0,0,0,0.0,0.09294095524865838,0.8716449591696683,0.03541408558167352
lineage,legacy,M1,152,117,0,0,0.0,117,0,0,1,0.0,0.09294095524865838,0.8716449591696683,0.03541408558167352
lineage,legacy,M1,153,116,0,0,0.0,116,0,1,1,0.0,0.09294095524865838,0.8719502530108897,0.0351087917404522
lineage,legacy,M1,154,114,0,0,0.0,114,0,0,0,0.0,0.09294095524865838,0.8719502530108897,0.0351087917404522
lineage,legacy,M1,155,114,0,0,0.0,114,0,0,2,0.0,0.09294095524865838,0.8719502530108897,0.0351087917404522
lineage,legacy,M1,156,112,0,0,0.0,112,0,0,2,0.0,0.09294095524865838,0.8719502530108897,0.0351087917404522
lineage,legacy,M1,157,110,0,0,0.0,110,0,0,1,0.0,0.09294095524865838,0.8719502530108897,0.0351087917404522
lineage,legacy,M1,158,109,0,0,0.0,109,0,0,0,0.0,0.09294095524865838,0.8719502530108897,0.0351087917404522
lineage,legacy,M1,159,109,0,0,0.0,109,0,0,1,0.0,0.09294095524865838,0.8719502530108897,0.0351087917404522
lineage,legacy,M1,160,108,0,0,0.0,108,0,0,1,0.0,0.09294095524865838,0.8719502530108897,0.0351087917404522
lineage,legacy,M1,161,107,0,0,0.0,107,0,0,1,0.0,0.09294095524865838,0.8719502530108897,0.0351087917404522
lineage,legacy,M1,162,106,0,0,0.0,106,0,0,0,0.0,0.09294095524865838,0.8719502530108897,0.0351087917404522
lineage,legacy,M1,163,106,0,0,0.0,106,0,0,1,0.0,0.09294095524865838,0.8719502530108897,0.0351087917404522
lineage,legacy,M1,164,105,0,0,0.0,105,0,0,0,0.0,0.09294095524865838,0.8719502530108897,0.0351087917404522
lineage,legacy,M1,165,105,0,0,0.0,105,0,0,0,0.0,0.09294095524865838,0.8719502530108897,0.0351087917404522
lineage,legacy,M1,166,105,0,0,0.0,105,0,0,2,0.0,0.09294095524865838,0.8719502530108897,0.0351087917404522
lineage,legacy,M1,167,103,0,0,0.0,103,0,0,1,0.0,0.09294095524865838,0.8719502530108897,0.0351087917404522
lineage,legacy,M1,168,102,0,0,0.0,102,0,0,0,0.0,0.09294095524865838,0.8719502530108897,0.0351087917404522
lineage,legacy,M1,169,102,0,0,0.0,102,0,0,0,0.0,0.09294095524865838,0.8719502530108897,0.0351087917404522
lineage,legacy,M1,170,102,0,0,0.0,102,0,0,1,0.0,0.09294095524865838,0.8719502530108897,0.0351087917404522
lineage,legacy,M1,171,101,0,0,0.0,101,0,0,1,0.0,0.09294095524865838,0.8719502530108897,0.0351087917404522
lineage,legacy,M1,172,100,0,0,0.0,100,0,0,0,0.0,0.09294095524865838,0.8719502530108897,0.0351087917404522
lineage,legacy,M1,173,100,0,0,0.0,100,0,0,0,0.0,0.09294095524865838,0.8719502530108897,0.0351087917404522
lineage,legacy,M1,174,100,0,0,0.0,100,0,0,0,0.0,0.09294095524865838,0.8719502530108897,0.0351087917404522
lineage,legacy,M1,175,100,0,0,0.0,100,0,0,1,0.0,0.09294095524865838,0.8719502530108897,0.0351087917404522
lineage,legacy,M1,176,99,0,0,0.0,99,0,0,1,0.0,0.09294095524865838,0.8719502530108897,0.0351087917404522
lineage,legacy,M1,177,98,0,0,0.0,98,0,0,0,0.0,0.09294095524865838,0.8719502530108897,0.0351087917404522
lineage,legacy,M1,178,98,0,0,0.0,98,0,0,0,0.0,0.09294095524865838,0.8719502530108897,0.0351087917404522
lineage,legacy,M1,179,98,0,0,0.0,98,0,0,1,0.0,0.09294095524865838,0.8719502530108897,0.0351087917404522
lineage,legacy,M1,180,97,0,0,0.0,97,0,0,0,0.0,0.09294095524865838,0.8719502530108897,0.0351087917404522
lineage,legacy,M1,181,97,0,0,0.0,97,0,0,1,0.0,0.09294095524865838,0.8719502530108897,0.0351087917404522
lineage,legacy,M1,182,96,0,0,0.0,96,0,0,1,0.0,0.09294095524865838,0.8719502530108897,0.0351087917404522
lineage,legacy,M1,183,95,0,0,0.0,95,0,0,2,0.0,0.09294095524865838,0.8719502530108897,0.0351087917404522
lineage,legacy,M1,184,93,0,0,0.0,93,0,0,0,0.0,0.09294095524865838,0.8719502530108897,0.0351087917404522
lineage,legacy,M1,185,93,0,0,0.0,93,0,0,0,0.0,0.09294095524865838,0.8719502530108897,0.0351087917404522
lineage,legacy,M1,186,93,0,0,0.0,93,0,0,0,0.0,0.09294095524865838,0.8719502530108897,0.0351087917404522
lineage,legacy,M1,187,93,0,0,0.0,93,0,0,1,0.0,0.09294095524865838,0.8719502530108897,0.0351087917404522
lineage,legacy,M1,188,92,0,0,0.0,92,0,0,0,0.0,0.09294095524865838,0.8719502530108897,0.0351087917404522
lineage,legacy,M1,189,92,0,0,0.0,92,0,0,2,0.0,0.09294095524865838,0.8719502530108897,0.0351087917404522
lineage,legacy,M1,190,90,0,0,0.0,90,0,0,0,0.0,0.09294095524865838,0.8719502530108897,0.0351087917404522
lineage,legacy,M1,191,90,0,0,0.0,90,0,0,0,0.0,0.09294095524865838,0.8719502530108897,0.0351087917404522
lineage,legacy,M1,192,90,0,0,0.0,90,0,0,1,0.0,0.09294095524865838,0.8719502530108897,0.0351087917404522
lineage,legacy,M1,193,89,0,0,0.0,89,0,0,0,0.0,0.09294095524865838,0.8719502530108897,0.0351087917404522
lineage,legacy,M1,194,89,0,0,0.0,89,0,0,0,0.0,0.09294095524865838,0.8719502530108897,0.0351087917404522
lineage,legacy,M1,195,89,0,0,0.0,89,0,0,0,0.0,0.09294095524865838,0.8719502530108897,0.0351087917404522
lineage,legacy,M1,196,89,0,0,0.0,89,0,0,1,0.0,0.09294095524865838,0.8719502530108897,0.0351087917404522
lineage,legacy,M1,197,88,0,0,0.0,88,0,0,2,0.0,0.09294095524865838,0.8719502530108897,0.0351087917404522
lineage,legacy,M1,198,86,0,0,0.0,86,0,0,2,0.0,0.09294095524865838,0.8719502530108897,0.0351087917404522
lineage,legacy,M1,199,84,0,0,0.0,84,0,0,0,0.0,0.09294095524865838,0.8719502530108897,0.0351087917404522
lineage,legacy,M1,200,84,0,0,0.0,84,0,0,0,0.0,0.09294095524865838,0.8719502530108897,0.0351087917404522
lineage,legacy,M1,201,84,0,0,0.0,84,0,0,0,0.0,0.09294095524865838,0.8719502530108897,0.0351087917404522
lineage,legacy,M1,202,84,0,0,0.0,84,0,0,0,0.0,0.09294095524865838,0.8719502530108897,0.0351087917404522
lineage,legacy,M1,203,84,0,0,0.0,84,0,0,1,0.0,0.09294095524865838,0.8719502530108897,0.0351087917404522
lineage,legacy,M1,204,83,0,0,0.0,83,0,0,0,0.0,0.09294095524865838,0.8719502530108897,0.0351087917404522
lineage,legacy,M1,205,83,0,0,0.0,83,0,0,1,0.0,0.09294095524865838,0.8719502530108897,0.0351087917404522
lineage,legacy,M1,206,82,0,0,0.0,82,0,0,0,0.0,0.09294095524865838,0.8719502530108897,0.0351087917404522
lineage,legacy,M1,207,82,0,0,0.0,82,0,0,1,0.0,0.09294095524865838,0.8719502530108897,0.0351087917404522
lineage,legacy,M1,208,81,0,0,0.0,81,0,0,1,0.0,0.09294095524865838,0.8719502530108897,0.0351087917404522
lineage,legacy,M1,209,80,0,0,0.0,80,0,0,0,0.0,0.09294095524865838,0.8719502530108897,0.0351087917404522
lineage,legacy,M1,210,80,0,0,0.0,80,0,0,0,0.0,0.09294095524865838,0.8719502530108897,0.0351087917404522
lineage,legacy,M1,211,80,0,0,0.0,80,0,0,0,0.0,0.09294095524865838,0.8719502530108897,0.0351087917404522
lineage,legacy,M1,212,80,0,0,0.0,80,0,0,0,0.0,0.09294095524865838,0.8719502530108897,0.0351087917404522
lineage,legacy,M1,213,80,0,0,0.0,80,0,0,1,0.0,0.09294095524865838,0.8719502530108897,0.0351087917404522
lineage,legacy,M1,214,79,0,0,0.0,79,0,0,1,0.0,0.09294095524865838,0.8719502530108897,0.0351087917404522
lineage,legacy,M1,215,78,0,0,0.0,78,0,0,1,0.0,0.09294095524865838,0.8719502530108897,0.0351087917404522
lineage,legacy,M1,216,77,0,0,0.0,77,0,0,3,0.0,0.09294095524865838,0.8719502530108897,0.0351087917404522
lineage,legacy,M1,217,74,0,0,0.0,74,0,1,0,0.0,0.09294095524865838,0.8724246961425174,0.034634348608824465
lineage,legacy,M1,218,73,0,0,0.0,73,0,0,0,0.0,0.09294095524865838,0.8724246961425174,0.034634348608824465
lineage,legacy,M1,219,73,0,0,0.0,73,0,0,0,0.0,0.09294095524865838,0.8724246961425174,0.034634348608824465
lineage,legacy,M1,220,73,0,0,0.0,73,0,0,0,0.0,0.09294095524865838,0.8724246961425174,0.034634348608824465
lineage,legacy,M1,221,73,0,0,0.0,73,0,1,0,0.0,0.09294095524865838,0.8728991392741451,0.03415990547719673
lineage,legacy,M1,222,72,0,0,0.0,72,0,0,1,0.0,0.09294095524865838,0.8728991392741451,0.03415990547719673
lineage,legacy,M1,223,71,0,0,0.0,71,0,0,1,0.0,0.09294095524865838,0.8728991392741451,0.03415990547719673
lineage,legacy,M1,224,70,0,0,0.0,70,0,0,0,0.0,0.09294095524865838,0.8728991392741451,0.03415990547719673
lineage,legacy,M1,225,70,0,0,0.0,70,0,0,0,0.0,0.09294095524865838,0.8728991392741451,0.03415990547719673
lineage,legacy,M1,226,70,0,0,0.0,70,0,0,0,0.0,0.09294095524865838,0.8728991392741451,0.03415990547719673
lineage,legacy,M1,227,70,0,0,0.0,70,0,0,1,0.0,0.09294095524865838,0.8728991392741451,0.03415990547719673
lineage,legacy,M1,228,69,0,0,0.0,69,0,0,0,0.0,0.09294095524865838,0.8728991392741451,0.03415990547719673
lineage,legacy,M1,229,69,0,0,0.0,69,0,0,1,0.0,0.09294095524865838,0.8728991392741451,0.03415990547719673
lineage,legacy,M1,230,68,0,0,0.0,68,0,0,0,0.0,0.09294095524865838,0.8728991392741451,0.03415990547719673
lineage,legacy,M1,231,68,0,0,0.0,68,0,0,2,0.0,0.09294095524865838,0.8728991392741451,0.03415990547719673
lineage,legacy,M1,232,66,0,0,0.0,66,0,0,0,0.0,0.09294095524865838,0.8728991392741451,0.03415990547719673
lineage,legacy,M1,233,66,0,0,0.0,66,0,0,1,0.0,0.09294095524865838,0.8728991392741451,0.03415990547719673
lineage,legacy,M1,234,65,0,0,0.0,65,0,0,0,0.0,0.09294095524865838,0.8728991392741451,0.03415990547719673
lineage,legacy,M1,235,65,0,0,0.0,65,0,0,0,0.0,0.09294095524865838,0.8728991392741451,0.03415990547719673
lineage,legacy,M1,236,65,0,0,0.0,65,0,0,0,0.0,0.09294095524865838,0.8728991392741451,0.03415990547719673
lineage,legacy,M1,237,65,0,0,0.0,65,0,0,0,0.0,0.09294095524865838,0.8728991392741451,0.03415990547719673
lineage,legacy,M1,238,65,0,0,0.0,65,0,0,1,0.0,0.09294095524865838,0.8728991392741451,0.03415990547719673
lineage,legacy,M1,239,64,0,0,0.0,64,0,0,0,0.0,0.09294095524865838,0.8728991392741451,0.03415990547719673
lineage,legacy,M1,240,64,0,0,0.0,64,0,0,1,0.0,0.09294095524865838,0.8728991392741451,0.03415990547719673
lineage,legacy,M1,241,63,0,0,0.0,63,0,0,0,0.0,0.09294095524865838,0.8728991392741451,0.03415990547719673
lineage,legacy,M1,242,63,0,0,0.0,63,0,0,1,0.0,0.09294095524865838,0.8728991392741451,0.03415990547719673
lineage,legacy,M1,243,62,0,0,0.0,62,0,0,0,0.0,0.09294095524865838,0.8728991392741451,0.03415990547719673
lineage,legacy,M1,244,62,0,0,0.0,62,0,0,0,0.0,0.09294095524865838,0.8728991392741451,0.03415990547719673
lineage,legacy,M1,245,62,0,0,0.0,62,0,0,1,0.0,0.09294095524865838,0.8728991392741451,0.03415990547719673
lineage,legacy,M1,246,61,0,0,0.0,61,0,0,0,0.0,0.09294095524865838,0.8728991392741451,0.03415990547719673
lineage,legacy,M1,247,61,0,0,0.0,61,0,0,0,0.0,0.09294095524865838,0.8728991392741451,0.03415990547719673
lineage,legacy,M1,248,61,0,0,0.0,61,0,0,0,0.0,0.09294095524865838,0.8728991392741451,0.03415990547719673
lineage,legacy,M1,249,61,0,0,0.0,61,0,0,0,0.0,0.09294095524865838,0.8728991392741451,0.03415990547719673
lineage,legacy,M1,250,61,0,0,0.0,61,0,0,1,0.0,0.09294095524865838,0.8728991392741451,0.03415990547719673
lineage,legacy,M1,251,60,0,0,0.0,60,0,0,2,0.0,0.09294095524865838,0.8728991392741451,0.03415990547719673
lineage,legacy,M1,252,58,0,0,0.0,58,0,0,0,0.0,0.09294095524865838,0.8728991392741451,0.03415990547719673
lineage,legacy,M1,253,58,0,0,0.0,58,0,0,0,0.0,0.09294095524865838,0.8728991392741451,0.03415990547719673
lineage,legacy,M1,254,58,0,0,0.0,58,0,0,0,0.0,0.09294095524865838,0.8728991392741451,0.03415990547719673
lineage,legacy,M1,255,58,0,0,0.0,58,0,0,0,0.0,0.09294095524865838,0.8728991392741451,0.03415990547719673
lineage,legacy,M1,256,58,0,0,0.0,58,0,0,0,0.0,0.09294095524865838,0.8728991392741451,0.03415990547719673
lineage,legacy,M1,257,58,0,0,0.0,58,0,0,0,0.0,0.09294095524865838,0.8728991392741451,0.03415990547719673
lineage,legacy,M1,258,58,0,0,0.0,58,0,0,0,0.0,0.09294095524865838,0.8728991392741451,0.03415990547719673
lineage,legacy,M1,259,58,0,0,0.0,58,0,0,1,0.0,0.09294095524865838,0.8728991392741451,0.03415990547719673
lineage,legacy,M1,260,57,0,0,0.0,57,0,0,0,0.0,0.09294095524865838,0.8728991392741451,0.03415990547719673
lineage,legacy,M1,261,57,0,0,0.0,57,0,0,0,0.0,0.09294095524865838,0.8728991392741451,0.03415990547719673
lineage,legacy,M1,262,57,0,0,0.0,57,0,0,2,0.0,0.09294095524865838,0.8728991392741451,0.03415990547719673
lineage,legacy,M1,263,55,0,0,0.0,55,0,0,1,0.0,0.09294095524865838,0.8728991392741451,0.03415990547719673
lineage,legacy,M1,264,54,0,0,0.0,54,0,0,0,0.0,0.09294095524865838,0.8728991392741451,0.03415990547719673
lineage,legacy,M1,265,54,0,0,0.0,54,0,0,2,0.0,0.09294095524865838,0.8728991392741451,0.03415990547719673
lineage,legacy,M1,266,52,0,0,0.0,52,0,0,1,0.0,0.09294095524865838,0.8728991392741451,0.03415990547719673
lineage,legacy,M1,267,51,0,0,0.0,51,0,0,3,0.0,0.09294095524865838,0.8728991392741451,0.03415990547719673
lineage,legacy,M1,268,48,0,0,0.0,48,0,0,1,0.0,0.09294095524865838,0.8728991392741451,0.03415990547719673
lineage,legacy,M1,269,47,0,0,0.0,47,0,0,0,0.0,0.09294095524865838,0.8728991392741451,0.03415990547719673
lineage,legacy,M1,270,47,0,0,0.0,47,0,0,1,0.0,0.09294095524865838,0.8728991392741451,0.03415990547719673
lineage,legacy,M1,271,46,0,0,0.0,46,0,0,0,0.0,0.09294095524865838,0.8728991392741451,0.03415990547719673
lineage,legacy,M1,272,46,0,0,0.0,46,0,0,1,0.0,0.09294095524865838,0.8728991392741451,0.03415990547719673
lineage,legacy,M1,273,45,0,0,0.0,45,0,0,1,0.0,0.09294095524865838,0.8728991392741451,0.03415990547719673
lineage,legacy,M1,274,44,0,0,0.0,44,0,0,1,0.0,0.09294095524865838,0.8728991392741451,0.03415990547719673
lineage,legacy,M1,275,43,0,0,0.0,43,0,0,1,0.0,0.09294095524865838,0.8728991392741451,0.03415990547719673
lineage,legacy,M1,276,42,0,0,0.0,42,0,0,0,0.0,0.09294095524865838,0.8728991392741451,0.03415990547719673
lineage,legacy,M1,277,42,0,0,0.0,42,0,0,0,0.0,0.09294095524865838,0.8728991392741451,0.03415990547719673
lineage,legacy,M1,278,42,0,0,0.0,42,0,0,0,0.0,0.09294095524865838,0.8728991392741451,0.03415990547719673
lineage,legacy,M1,279,42,0,0,0.0,42,0,0,1,0.0,0.09294095524865838,0.8728991392741451,0.03415990547719673
lineage,legacy,M1,280,41,0,0,0.0,41,0,0,1,0.0,0.09294095524865838,0.8728991392741451,0.03415990547719673
lineage,legacy,M1,281,40,0,0,0.0,40,0,0,0,0.0,0.09294095524865838,0.8728991392741451,0.03415990547719673
lineage,legacy,M1,282,40,0,0,0.0,40,0,0,1,0.0,0.09294095524865838,0.8728991392741451,0.03415990547719673
lineage,legacy,M1,283,39,0,0,0.0,39,0,0,0,0.0,0.09294095524865838,0.8728991392741451,0.03415990547719673
lineage,legacy,M1,284,39,0,0,0.0,39,0,0,0,0.0,0.09294095524865838,0.8728991392741451,0.03415990547719673
lineage,legacy,M1,285,39,0,0,0.0,39,0,0,0,0.0,0.09294095524865838,0.8728991392741451,0.03415990547719673
lineage,legacy,M1,286,39,0,0,0.0,39,0,0,0,0.0,0.09294095524865838,0.8728991392741451,0.03415990547719673
lineage,legacy,M1,287,39,0,0,0.0,39,0,0,1,0.0,0.09294095524865838,0.8728991392741451,0.03415990547719673
lineage,legacy,M1,288,38,0,0,0.0,38,0,0,0,0.0,0.09294095524865838,0.8728991392741451,0.03415990547719673
lineage,legacy,M1,289,38,0,0,0.0,38,0,0,0,0.0,0.09294095524865838,0.8728991392741451,0.03415990547719673
lineage,legacy,M1,290,38,0,0,0.0,38,0,0,0,0.0,0.09294095524865838,0.8728991392741451,0.03415990547719673
lineage,legacy,M1,291,38,0,0,0.0,38,0,0,1,0.0,0.09294095524865838,0.8728991392741451,0.03415990547719673
lineage,legacy,M1,292,37,0,0,0.0,37,0,0,0,0.0,0.09294095524865838,0.8728991392741451,0.03415990547719673
lineage,legacy,M1,293,37,0,0,0.0,37,0,0,0,0.0,0.09294095524865838,0.8728991392741451,0.03415990547719673
lineage,legacy,M1,294,37,0,0,0.0,37,0,0,0,0.0,0.09294095524865838,0.8728991392741451,0.03415990547719673
lineage,legacy,M1,295,37,0,0,0.0,37,0,0,1,0.0,0.09294095524865838,0.8728991392741451,0.03415990547719673
lineage,legacy,M1,296,36,0,0,0.0,36,0,0,0,0.0,0.09294095524865838,0.8728991392741451,0.03415990547719673
lineage,legacy,M1,297,36,0,0,0.0,36,0,0,0,0.0,0.09294095524865838,0.8728991392741451,0.03415990547719673
lineage,legacy,M1,298,36,0,0,0.0,36,0,0,0,0.0,0.09294095524865838,0.8728991392741451,0.03415990547719673
lineage,legacy,M1,299,36,0,0,0.0,36,0,0,0,0.0,0.09294095524865838,0.8728991392741451,0.03415990547719673
lineage,legacy,M1,300,36,0,0,0.0,36,0,0,1,0.0,0.09294095524865838,0.8728991392741451,0.03415990547719673
lineage,legacy,M1,301,35,0,0,0.0,35,0,0,0,0.0,0.09294095524865838,0.8728991392741451,0.03415990547719673
lineage,legacy,M1,302,35,0,0,0.0,35,0,0,1,0.0,0.09294095524865838,0.8728991392741451,0.03415990547719673
lineage,legacy,M1,303,34,0,0,0.0,34,0,0,0,0.0,0.09294095524865838,0.8728991392741451,0.03415990547719673
lineage,legacy,M1,304,34,0,0,0.0,34,0,0,0,0.0,0.09294095524865838,0.8728991392741451,0.03415990547719673
lineage,legacy,M1,305,34,0,0,0.0,34,0,0,0,0.0,0.09294095524865838,0.8728991392741451,0.03415990547719673
lineage,legacy,M1,306,34,0,0,0.0,34,0,0,0,0.0,0.09294095524865838,0.8728991392741451,0.03415990547719673
lineage,legacy,M1,307,34,0,0,0.0,34,0,0,0,0.0,0.09294095524865838,0.8728991392741451,0.03415990547719673
lineage,legacy,M1,308,34,0,0,0.0,34,0,0,0,0.0,0.09294095524865838,0.8728991392741451,0.03415990547719673
lineage,legacy,M1,309,34,0,0,0.0,34,0,0,0,0.0,0.09294095524865838,0.8728991392741451,0.03415990547719673
lineage,legacy,M1,310,34,0,0,0.0,34,0,0,0,0.0,0.09294095524865838,0.8728991392741451,0.03415990547719673
lineage,legacy,M1,311,34,0,0,0.0,34,0,0,0,0.0,0.09294095524865838,0.8728991392741451,0.03415990547719673
lineage,legacy,M1,312,34,0,0,0.0,34,0,0,1,0.0,0.09294095524865838,0.8728991392741451,0.03415990547719673
lineage,legacy,M1,313,33,0,0,0.0,33,0,0,1,0.0,0.09294095524865838,0.8728991392741451,0.03415990547719673
lineage,legacy,M1,314,32,0,0,0.0,32,0,0,0,0.0,0.09294095524865838,0.8728991392741451,0.03415990547719673
lineage,legacy,M1,315,32,0,0,0.0,32,0,0,0,0.0,0.09294095524865838,0.8728991392741451,0.03415990547719673
lineage,legacy,M1,316,32,0,0,0.0,32,0,0,0,0.0,0.09294095524865838,0.8728991392741451,0.03415990547719673
lineage,legacy,M1,317,32,0,0,0.0,32,0,0,1,0.0,0.09294095524865838,0.8728991392741451,0.03415990547719673
lineage,legacy,M1,318,31,0,0,0.0,31,0,0,0,0.0,0.09294095524865838,0.8728991392741451,0.03415990547719673
lineage,legacy,M1,319,31,0,0,0.0,31,0,0,1,0.0,0.09294095524865838,0.8728991392741451,0.03415990547719673
lineage,legacy,M1,320,30,0,0,0.0,30,0,0,0,0.0,0.09294095524865838,0.8728991392741451,0.03415990547719673
lineage,legacy,M1,321,30,0,0,0.0,30,0,0,0,0.0,0.09294095524865838,0.8728991392741451,0.03415990547719673
lineage,legacy,M1,322,30,0,0,0.0,30,0,0,1,0.0,0.09294095524865838,0.8728991392741451,0.03415990547719673
lineage,legacy,M1,323,29,0,0,0.0,29,0,1,0,0.0,0.09294095524865838,0.8740770670492208,0.03298197770212098
lineage,legacy,M1,324,28,0,0,0.0,28,0,0,2,0.0,0.09294095524865838,0.8740770670492208,0.03298197770212098
lineage,legacy,M1,325,26,0,0,0.0,26,0,0,0,0.0,0.09294095524865838,0.8740770670492208,0.03298197770212098
lineage,legacy,M1,326,26,0,0,0.0,26,0,0,0,0.0,0.09294095524865838,0.8740770670492208,0.03298197770212098
lineage,legacy,M1,327,26,0,0,0.0,26,0,0,0,0.0,0.09294095524865838,0.8740770670492208,0.03298197770212098
lineage,legacy,M1,328,26,0,0,0.0,26,0,0,1,0.0,0.09294095524865838,0.8740770670492208,0.03298197770212098
lineage,legacy,M1,329,25,0,0,0.0,25,0,0,0,0.0,0.09294095524865838,0.8740770670492208,0.03298197770212098
lineage,legacy,M1,330,25,0,0,0.0,25,0,0,1,0.0,0.09294095524865838,0.8740770670492208,0.03298197770212098
lineage,legacy,M1,331,24,0,0,0.0,24,0,0,0,0.0,0.09294095524865838,0.8740770670492208,0.03298197770212098
lineage,legacy,M1,332,24,0,0,0.0,24,0,0,0,0.0,0.09294095524865838,0.8740770670492208,0.03298197770212098
lineage,legacy,M1,333,24,0,0,0.0,24,0,0,0,0.0,0.09294095524865838,0.8740770670492208,0.03298197770212098
lineage,legacy,M1,334,24,0,0,0.0,24,0,0,0,0.0,0.09294095524865838,0.8740770670492208,0.03298197770212098
lineage,legacy,M1,335,24,0,0,0.0,24,0,0,0,0.0,0.09294095524865838,0.8740770670492208,0.03298197770212098
lineage,legacy,M1,336,24,0,0,0.0,24,0,0,0,0.0,0.09294095524865838,0.8740770670492208,0.03298197770212098
lineage,legacy,M1,337,24,0,0,0.0,24,0,0,0,0.0,0.09294095524865838,0.8740770670492208,0.03298197770212098
lineage,legacy,M1,338,24,0,0,0.0,24,0,0,0,0.0,0.09294095524865838,0.8740770670492208,0.03298197770212098
lineage,legacy,M1,339,24,0,0,0.0,24,0,0,0,0.0,0.09294095524865838,0.8740770670492208,0.03298197770212098
lineage,legacy,M1,340,24,0,0,0.0,24,0,0,0,0.0,0.09294095524865838,0.8740770670492208,0.03298197770212098
lineage,legacy,M1,341,24,0,0,0.0,24,0,0,0,0.0,0.09294095524865838,0.8740770670492208,0.03298197770212098
lineage,legacy,M1,342,24,0,0,0.0,24,0,0,0,0.0,0.09294095524865838,0.8740770670492208,0.03298197770212098
lineage,legacy,M1,343,24,0,0,0.0,24,0,0,0,0.0,0.09294095524865838,0.8740770670492208,0.03298197770212098
lineage,legacy,M1,344,24,0,0,0.0,24,0,0,0,0.0,0.09294095524865838,0.8740770670492208,0.03298197770212098
lineage,legacy,M1,345,24,0,0,0.0,24,0,0,0,0.0,0.09294095524865838,0.8740770670492208,0.03298197770212098
lineage,legacy,M1,346,24,0,0,0.0,24,0,0,0,0.0,0.09294095524865838,0.8740770670492208,0.03298197770212098
lineage,legacy,M1,347,24,0,0,0.0,24,0,0,0,0.0,0.09294095524865838,0.8740770670492208,0.03298197770212098
lineage,legacy,M1,348,24,0,0,0.0,24,0,0,0,0.0,0.09294095524865838,0.8740770670492208,0.03298197770212098
lineage,legacy,M1,349,24,0,0,0.0,24,0,0,0,0.0,0.09294095524865838,0.8740770670492208,0.03298197770212098
lineage,legacy,M1,350,24,0,0,0.0,24,0,0,1,0.0,0.09294095524865838,0.8740770670492208,0.03298197770212098
lineage,legacy,M1,351,23,0,0,0.0,23,0,0,0,0.0,0.09294095524865838,0.8740770670492208,0.03298197770212098
lineage,legacy,M1,352,23,0,0,0.0,23,0,0,1,0.0,0.09294095524865838,0.8740770670492208,0.03298197770212098
lineage,legacy,M1,353,22,0,0,0.0,22,0,0,0,0.0,0.09294095524865838,0.8740770670492208,0.03298197770212098
lineage,legacy,M1,354,22,0,0,0.0,22,0,0,0,0.0,0.09294095524865838,0.8740770670492208,0.03298197770212098
lineage,legacy,M1,355,22,0,0,0.0,22,0,0,0,0.0,0.09294095524865838,0.8740770670492208,0.03298197770212098
lineage,legacy,M1,356,22,0,0,0.0,22,0,0,1,0.0,0.09294095524865838,0.8740770670492208,0.03298197770212098
lineage,legacy,M1,357,21,0,0,0.0,21,0,0,0,0.0,0.09294095524865838,0.8740770670492208,0.03298197770212098
lineage,legacy,M1,358,21,0,0,0.0,21,0,0,0,0.0,0.09294095524865838,0.8740770670492208,0.03298197770212098
lineage,legacy,M1,359,21,0,0,0.0,21,0,0,1,0.0,0.09294095524865838,0.8740770670492208,0.03298197770212098
lineage,legacy,M1,360,20,0,0,0.0,20,0,0,0,0.0,0.09294095524865838,0.8740770670492208,0.03298197770212098
lineage,legacy,M1,361,20,0,0,0.0,20,0,0,1,0.0,0.09294095524865838,0.8740770670492208,0.03298197770212098
lineage,legacy,M1,362,19,0,0,0.0,19,0,0,0,0.0,0.09294095524865838,0.8740770670492208,0.03298197770212098
lineage,legacy,M1,363,19,0,0,0.0,19,0,0,0,0.0,0.09294095524865838,0.8740770670492208,0.03298197770212098
lineage,legacy,M1,364,19,0,0,0.0,19,0,0,0,0.0,0.09294095524865838,0.8740770670492208,0.03298197770212098
lineage,legacy,M1,365,19,0,0,0.0,19,0,0,2,0.0,0.09294095524865838,0.8740770670492208,0.03298197770212098
lineage,legacy,M1,366,17,0,0,0.0,17,0,0,0,0.0,0.09294095524865838,0.8740770670492208,0.03298197770212098
lineage,legacy,M1,367,17,0,0,0.0,17,0,0,0,0.0,0.09294095524865838,0.8740770670492208,0.03298197770212098
lineage,legacy,M1,368,17,0,0,0.0,17,0,0,0,0.0,0.09294095524865838,0.8740770670492208,0.03298197770212098
lineage,legacy,M1,369,17,0,0,0.0,17,0,0,0,0.0,0.09294095524865838,0.8740770670492208,0.03298197770212098
lineage,legacy,M1,370,17,0,0,0.0,17,0,0,0,0.0,0.09294095524865838,0.8740770670492208,0.03298197770212098
lineage,legacy,M1,371,17,0,0,0.0,17,0,0,0,0.0,0.09294095524865838,0.8740770670492208,0.03298197770212098
lineage,legacy,M1,372,17,0,0,0.0,17,0,0,0,0.0,0.09294095524865838,0.8740770670492208,0.03298197770212098
lineage,legacy,M1,373,17,0,0,0.0,17,0,0,0,0.0,0.09294095524865838,0.8740770670492208,0.03298197770212098
lineage,legacy,M1,374,17,0,0,0.0,17,0,0,0,0.0,0.09294095524865838,0.8740770670492208,0.03298197770212098
lineage,legacy,M1,375,17,0,0,0.0,17,0,0,0,0.0,0.09294095524865838,0.8740770670492208,0.03298197770212098
lineage,legacy,M1,376,17,0,0,0.0,17,0,0,0,0.0,0.09294095524865838,0.8740770670492208,0.03298197770212098
lineage,legacy,M1,377,17,0,0,0.0,17,0,0,0,0.0,0.09294095524865838,0.8740770670492208,0.03298197770212098
lineage,legacy,M1,378,17,0,0,0.0,17,0,0,0,0.0,0.09294095524865838,0.8740770670492208,0.03298197770212098
lineage,legacy,M1,379,17,0,0,0.0,17,0,0,1,0.0,0.09294095524865838,0.8740770670492208,0.03298197770212098
lineage,legacy,M1,380,16,0,0,0.0,16,0,0,0,0.0,0.09294095524865838,0.8740770670492208,0.03298197770212098
lineage,legacy,M1,381,16,0,0,0.0,16,0,0,0,0.0,0.09294095524865838,0.8740770670492208,0.03298197770212098
lineage,legacy,M1,382,16,0,0,0.0,16,0,0,0,0.0,0.09294095524865838,0.8740770670492208,0.03298197770212098
lineage,legacy,M1,383,16,0,0,0.0,16,0,0,0,0.0,0.09294095524865838,0.8740770670492208,0.03298197770212098
lineage,legacy,M1,384,16,0,0,0.0,16,0,0,0,0.0,0.09294095524865838,0.8740770670492208,0.03298197770212098
lineage,legacy,M1,385,16,0,0,0.0,16,0,0,0,0.0,0.09294095524865838,0.8740770670492208,0.03298197770212098
lineage,legacy,M1,386,16,0,0,0.0,16,0,0,0,0.0,0.09294095524865838,0.8740770670492208,0.03298197770212098
lineage,legacy,M1,387,16,0,0,0.0,16,0,0,0,0.0,0.09294095524865838,0.8740770670492208,0.03298197770212098
lineage,legacy,M1,388,16,0,0,0.0,16,0,0,0,0.0,0.09294095524865838,0.8740770670492208,0.03298197770212098
lineage,legacy,M1,389,16,0,0,0.0,16,0,0,0,0.0,0.09294095524865838,0.8740770670492208,0.03298197770212098
lineage,legacy,M1,390,16,0,0,0.0,16,0,0,0,0.0,0.09294095524865838,0.8740770670492208,0.03298197770212098
lineage,legacy,M1,391,16,0,0,0.0,16,0,0,0,0.0,0.09294095524865838,0.8740770670492208,0.03298197770212098
lineage,legacy,M1,392,16,0,0,0.0,16,0,0,0,0.0,0.09294095524865838,0.8740770670492208,0.03298197770212098
lineage,legacy,M1,393,16,0,0,0.0,16,0,0,0,0.0,0.09294095524865838,0.8740770670492208,0.03298197770212098
lineage,legacy,M1,394,16,0,0,0.0,16,0,0,0,0.0,0.09294095524865838,0.8740770670492208,0.03298197770212098
lineage,legacy,M1,395,16,0,0,0.0,16,0,0,0,0.0,0.09294095524865838,0.8740770670492208,0.03298197770212098
lineage,legacy,M1,396,16,0,0,0.0,16,0,0,0,0.0,0.09294095524865838,0.8740770670492208,0.03298197770212098
lineage,legacy,M1,397,16,0,0,0.0,16,0,0,0,0.0,0.09294095524865838,0.8740770670492208,0.03298197770212098
lineage,legacy,M1,398,16,0,0,0.0,16,0,0,0,0.0,0.09294095524865838,0.8740770670492208,0.03298197770212098
lineage,legacy,M1,399,16,0,0,0.0,16,0,0,0,0.0,0.09294095524865838,0.8740770670492208,0.03298197770212098
lineage,legacy,M1,400,16,0,0,0.0,16,0,0,1,0.0,0.09294095524865838,0.8740770670492208,0.03298197770212098
lineage,legacy,M1,401,15,0,0,0.0,15,0,0,0,0.0,0.09294095524865838,0.8740770670492208,0.03298197770212098
lineage,legacy,M1,402,15,0,0,0.0,15,0,1,0,0.0,0.09294095524865838,0.8762758655626955,0.03078317918864625
lineage,legacy,M1,403,14,0,0,0.0,14,0,0,0,0.0,0.09294095524865838,0.8762758655626955,0.03078317918864625
lineage,legacy,M1,404,14,0,0,0.0,14,0,0,0,0.0,0.09294095524865838,0.8762758655626955,0.03078317918864625
lineage,legacy,M1,405,14,0,0,0.0,14,0,0,0,0.0,0.09294095524865838,0.8762758655626955,0.03078317918864625
lineage,legacy,M1,406,14,0,0,0.0,14,0,0,0,0.0,0.09294095524865838,0.8762758655626955,0.03078317918864625
lineage,legacy,M1,407,14,0,0,0.0,14,0,0,0,0.0,0.09294095524865838,0.8762758655626955,0.03078317918864625
lineage,legacy,M1,408,14,0,0,0.0,14,0,0,0,0.0,0.09294095524865838,0.8762758655626955,0.03078317918864625
lineage,legacy,M1,409,14,0,0,0.0,14,0,0,0,0.0,0.09294095524865838,0.8762758655626955,0.03078317918864625
lineage,legacy,M1,410,14,0,0,0.0,14,0,0,1,0.0,0.09294095524865838,0.8762758655626955,0.03078317918864625
lineage,legacy,M1,411,13,0,0,0.0,13,0,0,0,0.0,0.09294095524865838,0.8762758655626955,0.03078317918864625
lineage,legacy,M1,412,13,0,0,0.0,13,0,0,1,0.0,0.09294095524865838,0.8762758655626955,0.03078317918864625
lineage,legacy,M1,413,12,0,0,0.0,12,0,0,0,0.0,0.09294095524865838,0.8762758655626955,0.03078317918864625
lineage,legacy,M1,414,12,0,0,0.0,12,0,0,0,0.0,0.09294095524865838,0.8762758655626955,0.03078317918864625
lineage,legacy,M1,415,12,0,0,0.0,12,0,0,0,0.0,0.09294095524865838,0.8762758655626955,0.03078317918864625
lineage,legacy,M1,416,12,0,0,0.0,12,0,0,1,0.0,0.09294095524865838,0.8762758655626955,0.03078317918864625
lineage,legacy,M1,417,11,0,0,0.0,11,0,0,0,0.0,0.09294095524865838,0.8762758655626955,0.03078317918864625
lineage,legacy,M1,418,11,0,0,0.0,11,0,0,0,0.0,0.09294095524865838,0.8762758655626955,0.03078317918864625
lineage,legacy,M1,419,11,0,0,0.0,11,0,0,0,0.0,0.09294095524865838,0.8762758655626955,0.03078317918864625
lineage,legacy,M1,420,11,0,0,0.0,11,0,0,0,0.0,0.09294095524865838,0.8762758655626955,0.03078317918864625
lineage,legacy,M1,421,11,0,0,0.0,11,0,0,0,0.0,0.09294095524865838,0.8762758655626955,0.03078317918864625
lineage,legacy,M1,422,11,0,0,0.0,11,0,0,1,0.0,0.09294095524865838,0.8762758655626955,0.03078317918864625
lineage,legacy,M1,423,10,0,0,0.0,10,0,0,0,0.0,0.09294095524865838,0.8762758655626955,0.03078317918864625
lineage,legacy,M1,424,10,0,0,0.0,10,0,0,1,0.0,0.09294095524865838,0.8762758655626955,0.03078317918864625
lineage,legacy,M1,425,9,0,0,0.0,9,0,0,1,0.0,0.09294095524865838,0.8762758655626955,0.03078317918864625
lineage,legacy,M1,426,8,0,0,0.0,8,0,0,0,0.0,0.09294095524865838,0.8762758655626955,0.03078317918864625
lineage,legacy,M1,427,8,0,0,0.0,8,0,0,0,0.0,0.09294095524865838,0.8762758655626955,0.03078317918864625
lineage,legacy,M1,428,8,0,0,0.0,8,0,0,0,0.0,0.09294095524865838,0.8762758655626955,0.03078317918864625
lineage,legacy,M1,429,8,0,0,0.0,8,0,0,1,0.0,0.09294095524865838,0.8762758655626955,0.03078317918864625
lineage,legacy,M1,430,7,0,0,0.0,7,0,0,0,0.0,0.09294095524865838,0.8762758655626955,0.03078317918864625
lineage,legacy,M1,431,7,0,0,0.0,7,0,0,0,0.0,0.09294095524865838,0.8762758655626955,0.03078317918864625
lineage,legacy,M1,432,7,0,0,0.0,7,0,0,0,0.0,0.09294095524865838,0.8762758655626955,0.03078317918864625
lineage,legacy,M1,433,7,0,0,0.0,7,0,0,0,0.0,0.09294095524865838,0.8762758655626955,0.03078317918864625
lineage,legacy,M1,434,7,0,0,0.0,7,0,0,0,0.0,0.09294095524865838,0.8762758655626955,0.03078317918864625
lineage,legacy,M1,435,7,0,0,0.0,7,0,0,0,0.0,0.09294095524865838,0.8762758655626955,0.03078317918864625
lineage,legacy,M1,436,7,0,0,0.0,7,0,0,1,0.0,0.09294095524865838,0.8762758655626955,0.03078317918864625
lineage,legacy,M1,437,6,0,0,0.0,6,0,0,0,0.0,0.09294095524865838,0.8762758655626955,0.03078317918864625
lineage,legacy,M1,438,6,0,0,0.0,6,0,0,0,0.0,0.09294095524865838,0.8762758655626955,0.03078317918864625
lineage,legacy,M1,439,6,0,0,0.0,6,0,0,0,0.0,0.09294095524865838,0.8762758655626955,0.03078317918864625
lineage,legacy,M1,440,6,0,0,0.0,6,0,0,0,0.0,0.09294095524865838,0.8762758655626955,0.03078317918864625
lineage,legacy,M1,441,6,0,0,0.0,6,0,0,0,0.0,0.09294095524865838,0.8762758655626955,0.03078317918864625
lineage,legacy,M1,442,6,0,0,0.0,6,0,0,0,0.0,0.09294095524865838,0.8762758655626955,0.03078317918864625
lineage,legacy,M1,443,6,0,0,0.0,6,0,0,0,0.0,0.09294095524865838,0.8762758655626955,0.03078317918864625
lineage,legacy,M1,444,6,0,0,0.0,6,0,0,1,0.0,0.09294095524865838,0.8762758655626955,0.03078317918864625
lineage,legacy,M1,445,5,0,0,0.0,5,0,0,0,0.0,0.09294095524865838,0.8762758655626955,0.03078317918864625
lineage,legacy,M1,446,5,0,0,0.0,5,0,0,0,0.0,0.09294095524865838,0.8762758655626955,0.03078317918864625
lineage,legacy,M1,447,5,0,0,0.0,5,0,0,0,0.0,0.09294095524865838,0.8762758655626955,0.03078317918864625
lineage,legacy,M1,448,5,0,0,0.0,5,0,0,0,0.0,0.09294095524865838,0.8762758655626955,0.03078317918864625
lineage,legacy,M1,449,5,0,0,0.0,5,0,0,1,0.0,0.09294095524865838,0.8762758655626955,0.03078317918864625
lineage,legacy,M1,450,4,0,0,0.0,4,0,0,0,0.0,0.09294095524865838,0.8762758655626955,0.03078317918864625
lineage,legacy,M1,451,4,0,0,0.0,4,0,0,0,0.0,0.09294095524865838,0.8762758655626955,0.03078317918864625
lineage,legacy,M1,452,4,0,0,0.0,4,0,0,0,0.0,0.09294095524865838,0.8762758655626955,0.03078317918864625
lineage,legacy,M1,453,4,0,0,0.0,4,0,0,0,0.0,0.09294095524865838,0.8762758655626955,0.03078317918864625
lineage,legacy,M1,454,4,0,0,0.0,4,0,0,0,0.0,0.09294095524865838,0.8762758655626955,0.03078317918864625
lineage,legacy,M1,455,4,0,0,0.0,4,0,0,0,0.0,0.09294095524865838,0.8762758655626955,0.03078317918864625
lineage,legacy,M1,456,4,0,0,0.0,4,0,0,0,0.0,0.09294095524865838,0.8762758655626955,0.03078317918864625
lineage,legacy,M1,457,4,0,0,0.0,4,0,0,0,0.0,0.09294095524865838,0.8762758655626955,0.03078317918864625
lineage,legacy,M1,458,4,0,0,0.0,4,0,0,0,0.0,0.09294095524865838,0.8762758655626955,0.03078317918864625
lineage,legacy,M1,459,4,0,0,0.0,4,0,0,0,0.0,0.09294095524865838,0.8762758655626955,0.03078317918864625
lineage,legacy,M1,460,4,0,0,0.0,4,0,0,0,0.0,0.09294095524865838,0.8762758655626955,0.03078317918864625
lineage,legacy,M1,461,4,0,0,0.0,4,0,0,0,0.0,0.09294095524865838,0.8762758655626955,0.03078317918864625
lineage,legacy,M1,462,4,0,0,0.0,4,0,0,0,0.0,0.09294095524865838,0.8762758655626955,0.03078317918864625
lineage,legacy,M1,463,4,0,0,0.0,4,0,0,0,0.0,0.09294095524865838,0.8762758655626955,0.03078317918864625
lineage,legacy,M1,464,4,0,0,0.0,4,0,0,0,0.0,0.09294095524865838,0.8762758655626955,0.03078317918864625
lineage,legacy,M1,465,4,0,0,0.0,4,0,0,0,0.0,0.09294095524865838,0.8762758655626955,0.03078317918864625
lineage,legacy,M1,466,4,0,0,0.0,4,0,0,0,0.0,0.09294095524865838,0.8762758655626955,0.03078317918864625
lineage,legacy,M1,467,4,0,0,0.0,4,0,0,0,0.0,0.09294095524865838,0.8762758655626955,0.03078317918864625
lineage,legacy,M1,468,4,0,0,0.0,4,0,0,0,0.0,0.09294095524865838,0.8762758655626955,0.03078317918864625
lineage,legacy,M1,469,4,0,0,0.0,4,0,0,0,0.0,0.09294095524865838,0.8762758655626955,0.03078317918864625
lineage,legacy,M1,470,4,0,0,0.0,4,0,0,0,0.0,0.09294095524865838,0.8762758655626955,0.03078317918864625
lineage,legacy,M1,471,4,0,0,0.0,4,0,0,0,0.0,0.09294095524865838,0.8762758655626955,0.03078317918864625
lineage,legacy,M1,472,4,0,0,0.0,4,0,0,0,0.0,0.09294095524865838,0.8762758655626955,0.03078317918864625
lineage,legacy,M1,473,4,0,0,0.0,4,0,0,0,0.0,0.09294095524865838,0.8762758655626955,0.03078317918864625
lineage,legacy,M1,474,4,0,0,0.0,4,0,0,0,0.0,0.09294095524865838,0.8762758655626955,0.03078317918864625
lineage,legacy,M1,475,4,0,0,0.0,4,0,0,0,0.0,0.09294095524865838,0.8762758655626955,0.03078317918864625
lineage,legacy,M1,476,4,0,0,0.0,4,0,0,0,0.0,0.09294095524865838,0.8762758655626955,0.03078317918864625
lineage,legacy,M1,477,4,0,0,0.0,4,0,0,0,0.0,0.09294095524865838,0.8762758655626955,0.03078317918864625
lineage,legacy,M1,478,4,0,0,0.0,4,0,0,0,0.0,0.09294095524865838,0.8762758655626955,0.03078317918864625
lineage,legacy,M1,479,4,0,0,0.0,4,0,0,0,0.0,0.09294095524865838,0.8762758655626955,0.03078317918864625
lineage,legacy,M1,480,4,0,0,0.0,4,0,0,1,0.0,0.09294095524865838,0.8762758655626955,0.03078317918864625
lineage,legacy,M1,481,3,0,0,0.0,3,0,0,0,0.0,0.09294095524865838,0.8762758655626955,0.03078317918864625
lineage,legacy,M1,482,3,0,0,0.0,3,0,0,0,0.0,0.09294095524865838,0.8762758655626955,0.03078317918864625
lineage,legacy,M1,483,3,0,0,0.0,3,0,0,0,0.0,0.09294095524865838,0.8762758655626955,0.03078317918864625
lineage,legacy,M1,484,3,0,0,0.0,3,0,0,0,0.0,0.09294095524865838,0.8762758655626955,0.03078317918864625
lineage,legacy,M1,485,3,0,0,0.0,3,0,0,0,0.0,0.09294095524865838,0.8762758655626955,0.03078317918864625
lineage,legacy,M1,486,3,0,0,0.0,3,0,0,1,0.0,0.09294095524865838,0.8762758655626955,0.03078317918864625
lineage,legacy,M1,487,2,0,0,0.0,2,0,0,0,0.0,0.09294095524865838,0.8762758655626955,0.03078317918864625
lineage,legacy,M1,488,2,0,0,0.0,2,0,0,0,0.0,0.09294095524865838,0.8762758655626955,0.03078317918864625
lineage,legacy,M1,489,2,0,0,0.0,2,0,0,0,0.0,0.09294095524865838,0.8762758655626955,0.03078317918864625
lineage,legacy,M1,490,2,0,0,0.0,2,0,0,1,0.0,0.09294095524865838,0.8762758655626955,0.03078317918864625
lineage,legacy,M1,491,1,0,0,0.0,1,0,0,0,0.0,0.09294095524865838,0.8762758655626955,0.03078317918864625
lineage,legacy,M1,492,1,0,0,0.0,1,0,0,0,0.0,0.09294095524865838,0.8762758655626955,0.03078317918864625
lineage,legacy,M1,493,1,0,0,0.0,1,0,0,0,0.0,0.09294095524865838,0.8762758655626955,0.03078317918864625
lineage,legacy,M1,494,1,0,0,0.0,1,0,0,0,0.0,0.09294095524865838,0.8762758655626955,0.03078317918864625
lineage,legacy,M1,495,1,0,0,0.0,1,0,0,0,0.0,0.09294095524865838,0.8762758655626955,0.03078317918864625
lineage,legacy,M1,496,1,0,0,0.0,1,0,0,0,0.0,0.09294095524865838,0.8762758655626955,0.03078317918864625
lineage,legacy,M1,497,1,0,0,0.0,1,0,0,0,0.0,0.09294095524865838,0.8762758655626955,0.03078317918864625
lineage,legacy,M1,498,1,0,0,0.0,1,0,0,0,0.0,0.09294095524865838,0.8762758655626955,0.03078317918864625
lineage,legacy,M1,499,1,0,0,0.0,1,0,0,0,0.0,0.09294095524865838,0.8762758655626955,0.03078317918864625
lineage,legacy,M1,500,1,0,0,0.0,1,0,0,0,0.0,0.09294095524865838,0.8762758655626955,0.03078317918864625
lineage,legacy,M1,501,1,0,0,0.0,1,0,0,0,0.0,0.09294095524865838,0.8762758655626955,0.03078317918864625
lineage,legacy,M1,502,1,0,0,0.0,1,0,0,0,0.0,0.09294095524865838,0.8762758655626955,0.03078317918864625
lineage,legacy,M1,503,1,0,0,0.0,1,0,0,0,0.0,0.09294095524865838,0.8762758655626955,0.03078317918864625
lineage,legacy,M1,504,1,0,0,0.0,1,0,0,0,0.0,0.09294095524865838,0.8762758655626955,0.03078317918864625
lineage,legacy,M1,505,1,0,0,0.0,1,0,0,0,0.0,0.09294095524865838,0.8762758655626955,0.03078317918864625
lineage,legacy,M1,506,1,0,0,0.0,1,0,0,0,0.0,0.09294095524865838,0.8762758655626955,0.03078317918864625
lineage,legacy,M1,507,1,0,0,0.0,1,0,0,0,0.0,0.09294095524865838,0.8762758655626955,0.03078317918864625
lineage,legacy,M1,508,1,0,0,0.0,1,0,0,0,0.0,0.09294095524865838,0.8762758655626955,0.03078317918864625
lineage,legacy,M1,509,1,0,0,0.0,1,0,0,0,0.0,0.09294095524865838,0.8762758655626955,0.03078317918864625
lineage,legacy,M1,510,1,0,0,0.0,1,0,0,0,0.0,0.09294095524865838,0.8762758655626955,0.03078317918864625
lineage,legacy,M1,511,1,0,0,0.0,1,0,0,0,0.0,0.09294095524865838,0.8762758655626955,0.03078317918864625
lineage,legacy,M1,512,1,0,0,0.0,1,0,0,0,0.0,0.09294095524865838,0.8762758655626955,0.03078317918864625
lineage,legacy,M1,513,1,0,0,0.0,1,0,0,0,0.0,0.09294095524865838,0.8762758655626955,0.03078317918864625
lineage,legacy,M1,514,1,0,0,0.0,1,0,0,0,0.0,0.09294095524865838,0.8762758655626955,0.03078317918864625
lineage,legacy,M1,515,1,0,0,0.0,1,0,0,0,0.0,0.09294095524865838,0.8762758655626955,0.03078317918864625
lineage,legacy,M1,516,1,0,0,0.0,1,0,0,0,0.0,0.09294095524865838,0.8762758655626955,0.03078317918864625
lineage,legacy,M1,517,1,0,0,0.0,1,0,0,0,0.0,0.09294095524865838,0.8762758655626955,0.03078317918864625
lineage,legacy,M1,518,1,0,0,0.0,1,0,0,0,0.0,0.09294095524865838,0.8762758655626955,0.03078317918864625
lineage,legacy,M1,519,1,0,0,0.0,1,0,0,0,0.0,0.09294095524865838,0.8762758655626955,0.03078317918864625
lineage,legacy,M1,520,1,0,0,0.0,1,0,0,0,0.0,0.09294095524865838,0.8762758655626955,0.03078317918864625
lineage,legacy,M1,521,1,0,0,0.0,1,0,0,0,0.0,0.09294095524865838,0.8762758655626955,0.03078317918864625
lineage,legacy,M1,522,1,0,0,0.0,1,0,0,0,0.0,0.09294095524865838,0.8762758655626955,0.03078317918864625
lineage,legacy,M1,523,1,0,0,0.0,1,0,0,0,0.0,0.09294095524865838,0.8762758655626955,0.03078317918864625
lineage,legacy,M1,524,1,0,0,0.0,1,0,0,0,0.0,0.09294095524865838,0.8762758655626955,0.03078317918864625
lineage,legacy,M1,525,1,0,0,0.0,1,0,0,0,0.0,0.09294095524865838,0.8762758655626955,0.03078317918864625
lineage,legacy,M1,526,1,0,0,0.0,1,0,0,0,0.0,0.09294095524865838,0.8762758655626955,0.03078317918864625
lineage,legacy,M1,527,1,0,0,0.0,1,0,0,0,0.0,0.09294095524865838,0.8762758655626955,0.03078317918864625
lineage,legacy,M1,528,1,0,0,0.0,1,0,0,0,0.0,0.09294095524865838,0.8762758655626955,0.03078317918864625
lineage,legacy,M1,529,1,0,0,0.0,1,0,0,0,0.0,0.09294095524865838,0.8762758655626955,0.03078317918864625
lineage,legacy,M1,530,1,0,0,0.0,1,0,0,0,0.0,0.09294095524865838,0.8762758655626955,0.03078317918864625
lineage,legacy,M1,531,1,0,0,0.0,1,0,0,0,0.0,0.09294095524865838,0.8762758655626955,0.03078317918864625
lineage,legacy,M1,532,1,0,0,0.0,1,0,0,0,0.0,0.09294095524865838,0.8762758655626955,0.03078317918864625
lineage,legacy,M1,533,1,0,0,0.0,1,0,0,0,0.0,0.09294095524865838,0.8762758655626955,0.03078317918864625
lineage,legacy,M1,534,1,0,0,0.0,1,0,0,0,0.0,0.09294095524865838,0.8762758655626955,0.03078317918864625
lineage,legacy,M1,535,1,0,0,0.0,1,0,0,0,0.0,0.09294095524865838,0.8762758655626955,0.03078317918864625
lineage,legacy,M1,536,1,0,0,0.0,1,0,0,1,0.0,0.09294095524865838,0.8762758655626955,0.03078317918864625
contiguous,primary,M0,1,8848,2362,2,0.26695298372513565,6484,112,435,0,0.01727328809376928,0.012662132298393709,0.3161318011340755,0.6712060665675308
contiguous,primary,M0,2,5937,1567,0,0.26393801583291226,4370,101,550,0,0.02311212814645309,0.02408066231748089,0.5554687125242495,0.42045062515826964
contiguous,primary,M0,3,3719,786,1,0.2113471363269696,2932,83,489,0,0.028308321964529332,0.033467407178949984,0.6996323774828928,0.2669002153381573
contiguous,primary,M0,4,2360,486,0,0.2059322033898305,1874,42,382,0,0.022411953041622197,0.03821732626547651,0.7977973719377743,0.1639853017967492
contiguous,primary,M0,5,1450,266,0,0.18344827586206897,1184,24,264,0,0.02027027027027027,0.040931565743491674,0.8577368270772757,0.1013316071792326
contiguous,primary,M0,6,896,165,0,0.18415178571428573,731,6,176,0,0.008207934336525308,0.041610125612995465,0.8963016463274077,0.06208822805959677
contiguous,primary,M0,7,549,91,0,0.1657559198542805,458,9,101,0,0.019650655021834062,0.04262796541725115,0.9180155621515289,0.039356472431219806
contiguous,primary,M0,8,348,59,0,0.16954022988505746,289,4,77,0,0.01384083044982699,0.04308033866358701,0.9333962525269482,0.023523408809464713
contiguous,primary,M0,9,208,25,0,0.1201923076923077,183,3,52,0,0.01639344262295082,0.0434196185983389,0.9421044375189136,0.014475943882747516
contiguous,primary,M0,10,128,19,0,0.1484375,109,4,22,0,0.03669724770642202,0.04387199184467476,0.9467412632938561,0.009386744861469091
contiguous,primary,M0,11,83,13,0,0.1566265060240964,70,1,21,0,0.014285714285714285,0.04398508515625872,0.950586435887711,0.005428478956030318
contiguous,primary,M0,12,48,8,0,0.16666666666666666,40,0,12,0,0.0,0.04398508515625872,0.9528483021193902,0.003166612724351019
contiguous,primary,M0,13,28,6,0,0.21428571428571427,22,0,5,0,0.0,0.04398508515625872,0.9540923285468138,0.0019225862969274043
contiguous,primary,M0,14,17,3,0,0.17647058823529413,14,0,6,0,0.0,0.04398508515625872,0.9551101683510695,0.0009047464926717196
contiguous,primary,M0,15,8,3,0,0.375,5,0,2,0,0.0,0.04398508515625872,0.9556756349089894,0.0003392799347518948
contiguous,primary,M0,16,3,0,0,0.0,3,0,1,0,0.0,0.04398508515625872,0.9557887282205734,0.0002261866231679299
contiguous,primary,M0,17,2,0,0,0.0,2,0,0,0,0.0,0.04398508515625872,0.9557887282205734,0.0002261866231679299
contiguous,primary,M0,18,2,0,0,0.0,2,0,0,0,0.0,0.04398508515625872,0.9557887282205734,0.0002261866231679299
contiguous,primary,M0,19,2,0,0,0.0,2,0,0,0,0.0,0.04398508515625872,0.9557887282205734,0.0002261866231679299
contiguous,primary,M0,20,2,0,0,0.0,2,0,0,0,0.0,0.04398508515625872,0.9557887282205734,0.0002261866231679299
contiguous,primary,M0,21,2,0,0,0.0,2,0,0,0,0.0,0.04398508515625872,0.9557887282205734,0.0002261866231679299
contiguous,primary,M0,22,2,0,0,0.0,2,0,1,0,0.0,0.04398508515625872,0.9559018215321573,0.00011309331158396495
contiguous,primary,M0,23,1,0,0,0.0,1,0,0,0,0.0,0.04398508515625872,0.9559018215321573,0.00011309331158396495
contiguous,primary,M0,24,1,0,0,0.0,1,0,0,0,0.0,0.04398508515625872,0.9559018215321573,0.00011309331158396495
contiguous,primary,M0,25,1,1,0,1.0,0,0,0,0,0.0,0.04398508515625872,0.9560149148437412,0.0
contiguous,primary,M0,26,0,0,0,0.0,0,0,0,0,0.0,0.04398508515625872,0.9560149148437412,0.0
contiguous,primary,M0,27,0,0,0,0.0,0,0,0,0,0.0,0.04398508515625872,0.9560149148437412,0.0
contiguous,primary,M0,28,0,0,0,0.0,0,0,0,0,0.0,0.04398508515625872,0.9560149148437412,0.0
contiguous,primary,M0,29,0,0,0,0.0,0,0,0,0,0.0,0.04398508515625872,0.9560149148437412,0.0
contiguous,primary,M1,1,8848,863,16,0.09753616636528029,7969,454,176,0,0.056970761701593674,0.051414052010310296,0.11746760503007019,0.8311183429596195
contiguous,primary,M1,2,7339,716,8,0.0975609756097561,6615,616,343,2,0.09312169312169312,0.12125845321502113,0.23744295390536124,0.6412985928796177
contiguous,primary,M1,3,5654,585,5,0.10346657233816767,5064,562,375,1,0.11097946287519747,0.18506560992978008,0.3463718709210915,0.4685625191491285
contiguous,primary,M1,4,4126,413,2,0.10009694619486185,3711,423,344,0,0.11398544866612773,0.23312881017651493,0.43236040607316023,0.3345107837503249
contiguous,primary,M1,5,2944,259,1,0.08797554347826086,2684,295,288,0,0.10991058122205663,0.26666055184805465,0.4945252472980305,0.23881420085391497
contiguous,primary,M1,6,2101,197,2,0.09376487386958592,1902,212,233,0,0.11146161934805468,0.29078327808133925,0.5434298722870775,0.16578684963158333
contiguous,primary,M1,7,1457,103,1,0.07069320521619767,1353,140,184,0,0.10347376201034737,0.30672515422234464,0.5761020561412656,0.11717278963638979
contiguous,primary,M1,8,1029,103,2,0.1000971817298348,924,88,137,0,0.09523809523809523,0.3167674517098079,0.6034647534750008,0.07976779481519124
contiguous,primary,M1,9,699,54,0,0.07725321888412018,645,55,96,2,0.08527131782945736,0.32304388763947245,0.6205823060104496,0.05637380635007793
contiguous,primary,M1,10,492,34,1,0.06910569105691057,457,33,73,0,0.07221006564551423,0.3268333314724192,0.6328607659407836,0.04030590258679719
contiguous,primary,M1,11,351,24,1,0.06837606837606838,326,22,57,1,0.06748466257668712,0.3293673767349419,0.6421822059994626,0.028450417265595433
contiguous,primary,M1,12,246,22,0,0.08943089430894309,224,21,37,0,0.09375,0.331796070891761,0.6490056800590973,0.019198249049141632
contiguous,primary,M1,13,166,23,1,0.13855421686746988,142,9,26,0,0.06338028169014084,0.3328442698789596,0.6546938088287905,0.012461921292249965
contiguous,primary,M1,14,107,10,0,0.09345794392523364,97,8,14,0,0.08247422680412371,0.33377600231202503,0.6574890061279867,0.008734991559988293
contiguous,primary,M1,15,75,9,0,0.12,66,3,14,0,0.045454545454545456,0.3341254019744246,0.6601677368730496,0.005706861152525685
contiguous,primary,M1,16,49,4,0,0.08163265306122448,45,4,8,0,0.08888888888888889,0.3345912681909573,0.6615653355226477,0.0038433962863948495
contiguous,primary,M1,17,33,3,0,0.09090909090909091,30,2,5,0,0.06666666666666667,0.33482420129922363,0.6624970679557132,0.0026787307450630766
contiguous,primary,M1,18,23,4,0,0.17391304347826086,19,1,1,0,0.05263157894736842,0.3349406678533568,0.663079400726379,0.001979931420264013
contiguous,primary,M1,19,17,1,0,0.058823529411764705,16,2,2,0,0.125,0.33517360096162313,0.6634288003887786,0.001397598649598127
contiguous,primary,M1,20,12,0,0,0.0,12,2,3,0,0.16666666666666666,0.33540653406988946,0.6637782000511782,0.0008152658789322407
contiguous,primary,M1,21,7,0,0,0.0,7,0,3,0,0.0,0.33540653406988946,0.6641275997135777,0.000465866216532709
contiguous,primary,M1,22,4,1,0,0.25,3,1,0,0,0.3333333333333333,0.3355230006240226,0.6642440662677109,0.00023293310826635451
contiguous,primary,M1,23,2,0,0,0.0,2,0,0,0,0.0,0.3355230006240226,0.6642440662677109,0.00023293310826635451
contiguous,primary,M1,24,2,0,0,0.0,2,0,1,0,0.0,0.3355230006240226,0.6643605328218442,0.00011646655413317726
contiguous,primary,M1,25,1,0,0,0.0,1,0,0,0,0.0,0.3355230006240226,0.6643605328218442,0.00011646655413317726
contiguous,primary,M1,26,1,0,0,0.0,1,0,0,0,0.0,0.3355230006240226,0.6643605328218442,0.00011646655413317726
contiguous,primary,M1,27,1,0,0,0.0,1,0,0,0,0.0,0.3355230006240226,0.6643605328218442,0.00011646655413317726
contiguous,primary,M1,28,1,0,0,0.0,1,0,0,0,0.0,0.3355230006240226,0.6643605328218442,0.00011646655413317726
contiguous,primary,M1,29,1,1,0,1.0,0,0,0,0,0.0,0.3355230006240226,0.6644769993759774,0.0
contiguous,legacy,M0,1,8848,2362,2,0.26695298372513565,6484,17,515,8,0.002621838371375694,0.0019219307952919023,0.3251761813472139,0.6729018878574943
contiguous,legacy,M0,2,5944,1568,0,0.26379542395693134,4376,13,628,9,0.002970749542961609,0.0033936206576989387,0.5737785611815102,0.4228278181607909
contiguous,legacy,M0,3,3726,787,1,0.21121846484165324,2938,8,556,8,0.002722940776038121,0.004301772531127184,0.7262041590290411,0.26949406843983165
contiguous,legacy,M0,4,2366,486,0,0.20540997464074387,1880,4,418,5,0.002127659574468085,0.004757383804905428,0.8291723069029243,0.16607030929217015
contiguous,legacy,M0,5,1453,266,0,0.18306951135581556,1187,2,284,3,0.0016849199663016006,0.004985973356580817,0.8920344336136563,0.10297959302976276
contiguous,legacy,M0,6,898,166,0,0.18485523385300667,732,0,183,0,0.0,0.004985973356580817,0.9320565694348002,0.06295745720861887
contiguous,legacy,M0,7,549,91,0,0.1657559198542805,458,1,108,1,0.002183406113537118,0.005100649963518192,0.9548772142153378,0.04002213582114387
contiguous,legacy,M0,8,348,59,0,0.16954022988505746,289,0,81,0,0.0,0.005100649963518192,0.970978073453729,0.023921276582752653
contiguous,legacy,M0,9,208,25,0,0.1201923076923077,183,0,54,1,0.0,0.005100649963518192,0.9800635583096783,0.014835791726803329
contiguous,legacy,M0,10,128,19,0,0.1484375,109,0,25,1,0.0,0.005100649963518192,0.9851633617157669,0.009735988320714685
contiguous,legacy,M0,11,83,13,0,0.1566265060240964,70,0,22,0,0.0,0.005100649963518192,0.9892688989594418,0.005630451077039818
contiguous,legacy,M0,12,48,8,0,0.16666666666666666,40,0,12,0,0.0,0.005100649963518192,0.9916149202415417,0.003284429794939894
contiguous,legacy,M0,13,28,6,0,0.21428571428571427,22,0,5,0,0.0,0.005100649963518192,0.9929052319466967,0.0019941180897849356
contiguous,legacy,M0,14,17,3,0,0.17647058823529413,14,0,6,0,0.0,0.005100649963518192,0.9939609415236417,0.0009384085128399696
contiguous,legacy,M0,15,8,3,0,0.375,5,0,2,0,0.0,0.005100649963518192,0.9945474468441667,0.00035190319231498857
contiguous,legacy,M0,16,3,0,0,0.0,3,0,1,0,0.0,0.005100649963518192,0.9946647479082718,0.00023460212820999242
contiguous,legacy,M0,17,2,0,0,0.0,2,0,0,0,0.0,0.005100649963518192,0.9946647479082718,0.00023460212820999242
contiguous,legacy,M0,18,2,0,0,0.0,2,0,0,0,0.0,0.005100649963518192,0.9946647479082718,0.00023460212820999242
contiguous,legacy,M0,19,2,0,0,0.0,2,0,0,0,0.0,0.005100649963518192,0.9946647479082718,0.00023460212820999242
contiguous,legacy,M0,20,2,0,0,0.0,2,0,0,0,0.0,0.005100649963518192,0.9946647479082718,0.00023460212820999242
contiguous,legacy,M0,21,2,0,0,0.0,2,0,0,0,0.0,0.005100649963518192,0.9946647479082718,0.00023460212820999242
contiguous,legacy,M0,22,2,0,0,0.0,2,0,1,0,0.0,0.005100649963518192,0.9947820489723768,0.00011730106410499621
contiguous,legacy,M0,23,1,0,0,0.0,1,0,0,0,0.0,0.005100649963518192,0.9947820489723768,0.00011730106410499621
contiguous,legacy,M0,24,1,0,0,0.0,1,0,0,0,0.0,0.005100649963518192,0.9947820489723768,0.00011730106410499621
contiguous,legacy,M0,25,1,1,0,1.0,0,0,0,0,0.0,0.005100649963518192,0.9948993500364818,0.0
contiguous,legacy,M0,26,0,0,0,0.0,0,0,0,0,0.0,0.005100649963518192,0.9948993500364818,0.0
contiguous,legacy,M0,27,0,0,0,0.0,0,0,0,0,0.0,0.005100649963518192,0.9948993500364818,0.0
contiguous,legacy,M0,28,0,0,0,0.0,0,0,0,0,0.0,0.005100649963518192,0.9948993500364818,0.0
contiguous,legacy,M0,29,0,0,0,0.0,0,0,0,0,0.0,0.005100649963518192,0.9948993500364818,0.0
contiguous,legacy,M1,1,8848,863,16,0.09753616636528029,7969,126,284,196,0.015811268666081065,0.01426909813502004,0.12969826057437306,0.8560326412906069
contiguous,legacy,M1,2,7363,717,8,0.09737878582099688,6638,183,508,256,0.027568544742392287,0.035570574428590594,0.27218964678526675,0.6922397787861426
contiguous,legacy,M1,3,5691,587,5,0.1031453171674574,5099,143,554,233,0.02804471464993136,0.052981812647136604,0.41104426680713235,0.535973920545731
contiguous,legacy,M1,4,4169,413,2,0.09906452386663468,3754,94,492,178,0.02503995737879595,0.06507305516561872,0.5274263459136223,0.40750059892075896
contiguous,legacy,M1,5,2990,260,1,0.08695652173913043,2729,71,396,125,0.02601685599120557,0.07475303657290044,0.616850936057082,0.3083960273700176
contiguous,legacy,M1,6,2137,199,3,0.09312119794103883,1935,54,327,69,0.027906976744186046,0.08255799898762782,0.6928325270774401,0.22460947393493214
contiguous,legacy,M1,7,1485,103,2,0.06936026936026936,1380,30,251,51,0.021739130434782608,0.08710214029897427,0.7464308163287008,0.16646704337232507
contiguous,legacy,M1,8,1048,104,2,0.09923664122137404,942,15,182,31,0.01592356687898089,0.08948983796002527,0.7919211782077753,0.1185889838321996
contiguous,legacy,M1,9,714,54,0,0.07563025210084033,660,12,126,19,0.01818181818181818,0.09148293012527232,0.821817560686481,0.08669950918824677
contiguous,legacy,M1,10,503,34,1,0.06759443339960239,468,7,91,13,0.014957264957264958,0.09269206203749562,0.8433966797449872,0.06391125821751739
contiguous,legacy,M1,11,357,24,1,0.06722689075630252,332,6,68,8,0.018072289156626505,0.09376943618887931,0.8599034753016225,0.046327088509498404
contiguous,legacy,M1,12,250,22,0,0.088,228,3,50,6,0.013157894736842105,0.09432536125099329,0.8732456767923581,0.032428961956648884
contiguous,legacy,M1,13,169,23,1,0.13609467455621302,145,1,34,1,0.006896551724137931,0.09451857196087579,0.8842282499520491,0.021253178087075334
contiguous,legacy,M1,14,109,10,0,0.09174311926605505,99,1,18,4,0.010101010101010102,0.09471355524607832,0.8896877819377198,0.015598662816202079
contiguous,legacy,M1,15,76,9,0,0.11842105263157894,67,0,15,2,0.0,0.09471355524607832,0.8946136754586257,0.01067276929529616
contiguous,legacy,M1,16,50,4,0,0.08,46,0,10,2,0.0,0.09471355524607832,0.8976020508613086,0.007684393892613235
contiguous,legacy,M1,17,34,3,0,0.08823529411764706,31,1,6,0,0.03225806451612903,0.09493956683115518,0.8996361551270003,0.0054242780418446365
contiguous,legacy,M1,18,24,4,0,0.16666666666666666,20,0,2,1,0.0,0.09493956683115518,0.9009922246374614,0.004068208531383478
contiguous,legacy,M1,19,17,1,0,0.058823529411764705,16,0,2,2,0.0,0.09493956683115518,0.9017101437900584,0.0033502893787863935
contiguous,legacy,M1,20,12,0,0,0.0,12,0,3,2,0.0,0.09493956683115518,0.902547716134755,0.002512717034089795
contiguous,legacy,M1,21,7,0,0,0.0,7,0,3,0,0.0,0.09493956683115518,0.9036245948636507,0.0014358383051941686
contiguous,legacy,M1,22,4,1,0,0.25,3,0,1,0,0.0,0.09493956683115518,0.9043425140162477,0.0007179191525970844
contiguous,legacy,M1,23,2,0,0,0.0,2,0,0,0,0.0,0.09493956683115518,0.9043425140162477,0.0007179191525970844
contiguous,legacy,M1,24,2,0,0,0.0,2,0,1,0,0.0,0.09493956683115518,0.9047014735925462,0.0003589595762985422
contiguous,legacy,M1,25,1,0,0,0.0,1,0,0,0,0.0,0.09493956683115518,0.9047014735925462,0.0003589595762985422
contiguous,legacy,M1,26,1,0,0,0.0,1,0,0,0,0.0,0.09493956683115518,0.9047014735925462,0.0003589595762985422
contiguous,legacy,M1,27,1,0,0,0.0,1,0,0,0,0.0,0.09493956683115518,0.9047014735925462,0.0003589595762985422
contiguous,legacy,M1,28,1,0,0,0.0,1,0,0,0,0.0,0.09493956683115518,0.9047014735925462,0.0003589595762985422
contiguous,legacy,M1,29,1,1,0,1.0,0,0,0,0,0.0,0.09493956683115518,0.9050604331688447,0.0
